nohup: 忽略输入
/data2/xujr/conda-envs/transmorph/lib/python3.10/site-packages/timm/models/layers/__init__.py:49: FutureWarning: Importing from timm.models.layers is deprecated, please import via timm.layers
  warnings.warn(f"Importing from {__name__} is deprecated, please import via timm.layers", FutureWarning)
/data2/xujr/conda-envs/transmorph/lib/python3.10/site-packages/torch/functional.py:505: UserWarning: torch.meshgrid: in an upcoming release, it will be required to pass the indexing argument. (Triggered internally at /pytorch/aten/src/ATen/native/TensorShape.cpp:4317.)
  return _VF.meshgrid(tensors, **kwargs)  # type: ignore[attr-defined]
2 GPUs used
Checkpoint not found at /data2/xujr/output_model/0427/TransMorph_unsupervised_ncc_1.0_1.0/experiments/latest_checkpoint.pth, starting from scratch
Epoch 0 starts
Iter 10 of 344 Loss: -0.063657, NCC_Loss: -0.063716, Reg: 0.000058
Iter 20 of 344 Loss: -0.068181, NCC_Loss: -0.068414, Reg: 0.000234
Iter 30 of 344 Loss: -0.070949, NCC_Loss: -0.071444, Reg: 0.000495
Iter 40 of 344 Loss: -0.079390, NCC_Loss: -0.079981, Reg: 0.000591
Iter 50 of 344 Loss: -0.074237, NCC_Loss: -0.074991, Reg: 0.000754
Iter 60 of 344 Loss: -0.080278, NCC_Loss: -0.081163, Reg: 0.000886
Iter 70 of 344 Loss: -0.075341, NCC_Loss: -0.076426, Reg: 0.001085
Iter 80 of 344 Loss: -0.080221, NCC_Loss: -0.081505, Reg: 0.001284
Iter 90 of 344 Loss: -0.087278, NCC_Loss: -0.088811, Reg: 0.001533
Iter 100 of 344 Loss: -0.080780, NCC_Loss: -0.082599, Reg: 0.001818
Iter 110 of 344 Loss: -0.081703, NCC_Loss: -0.083538, Reg: 0.001835
Iter 120 of 344 Loss: -0.081304, NCC_Loss: -0.083109, Reg: 0.001805
Iter 130 of 344 Loss: -0.087839, NCC_Loss: -0.089919, Reg: 0.002081
Iter 140 of 344 Loss: -0.091930, NCC_Loss: -0.094039, Reg: 0.002109
Iter 150 of 344 Loss: -0.083638, NCC_Loss: -0.085924, Reg: 0.002285
Iter 160 of 344 Loss: -0.084036, NCC_Loss: -0.086469, Reg: 0.002433
Iter 170 of 344 Loss: -0.089085, NCC_Loss: -0.091772, Reg: 0.002687
Iter 180 of 344 Loss: -0.086578, NCC_Loss: -0.089320, Reg: 0.002742
Iter 190 of 344 Loss: -0.082727, NCC_Loss: -0.085474, Reg: 0.002747
Iter 200 of 344 Loss: -0.086003, NCC_Loss: -0.088636, Reg: 0.002633
Iter 210 of 344 Loss: -0.094392, NCC_Loss: -0.097265, Reg: 0.002873
Iter 220 of 344 Loss: -0.090359, NCC_Loss: -0.093236, Reg: 0.002877
Iter 230 of 344 Loss: -0.078851, NCC_Loss: -0.082133, Reg: 0.003282
Iter 240 of 344 Loss: -0.086563, NCC_Loss: -0.089774, Reg: 0.003211
Iter 250 of 344 Loss: -0.089434, NCC_Loss: -0.092815, Reg: 0.003381
Iter 260 of 344 Loss: -0.089359, NCC_Loss: -0.092594, Reg: 0.003235
Iter 270 of 344 Loss: -0.094305, NCC_Loss: -0.097697, Reg: 0.003391
Iter 280 of 344 Loss: -0.085129, NCC_Loss: -0.088524, Reg: 0.003396
Iter 290 of 344 Loss: -0.093871, NCC_Loss: -0.097307, Reg: 0.003436
Iter 300 of 344 Loss: -0.089194, NCC_Loss: -0.092971, Reg: 0.003776
Iter 310 of 344 Loss: -0.091924, NCC_Loss: -0.095730, Reg: 0.003806
Iter 320 of 344 Loss: -0.087761, NCC_Loss: -0.091763, Reg: 0.004002
Iter 330 of 344 Loss: -0.092827, NCC_Loss: -0.096863, Reg: 0.004036
Iter 340 of 344 Loss: -0.088111, NCC_Loss: -0.092193, Reg: 0.004083
Epoch 0 Loss: -0.084796
Epoch 0 Validation: Mean EPE: 7.2495, Mean SSIM: 0.1942, Mean ZNCC: -0.0266
--> Saved to Top 5 best models (EPE: 7.2495)
--> New absolute BEST model updated with EPE: 7.2495
Epoch 1 starts
Iter 10 of 344 Loss: -0.100611, NCC_Loss: -0.104831, Reg: 0.004220
Iter 20 of 344 Loss: -0.096163, NCC_Loss: -0.101041, Reg: 0.004878
Iter 30 of 344 Loss: -0.094861, NCC_Loss: -0.099472, Reg: 0.004611
Iter 40 of 344 Loss: -0.093311, NCC_Loss: -0.097950, Reg: 0.004640
Iter 50 of 344 Loss: -0.096573, NCC_Loss: -0.101087, Reg: 0.004513
Iter 60 of 344 Loss: -0.092524, NCC_Loss: -0.097060, Reg: 0.004536
Iter 70 of 344 Loss: -0.091869, NCC_Loss: -0.096467, Reg: 0.004598
Iter 80 of 344 Loss: -0.086408, NCC_Loss: -0.091284, Reg: 0.004876
Iter 90 of 344 Loss: -0.090918, NCC_Loss: -0.095475, Reg: 0.004557
Iter 100 of 344 Loss: -0.095352, NCC_Loss: -0.100258, Reg: 0.004906
Iter 110 of 344 Loss: -0.091969, NCC_Loss: -0.096757, Reg: 0.004788
Iter 120 of 344 Loss: -0.086709, NCC_Loss: -0.091389, Reg: 0.004680
Iter 130 of 344 Loss: -0.084164, NCC_Loss: -0.089458, Reg: 0.005293
Iter 140 of 344 Loss: -0.094036, NCC_Loss: -0.099358, Reg: 0.005322
Iter 150 of 344 Loss: -0.091238, NCC_Loss: -0.096389, Reg: 0.005151
Iter 160 of 344 Loss: -0.092859, NCC_Loss: -0.098101, Reg: 0.005242
Iter 170 of 344 Loss: -0.099151, NCC_Loss: -0.104385, Reg: 0.005234
Iter 180 of 344 Loss: -0.093766, NCC_Loss: -0.099189, Reg: 0.005424
Iter 190 of 344 Loss: -0.099038, NCC_Loss: -0.104574, Reg: 0.005536
Iter 200 of 344 Loss: -0.099636, NCC_Loss: -0.105220, Reg: 0.005584
Iter 210 of 344 Loss: -0.092714, NCC_Loss: -0.097906, Reg: 0.005192
Iter 220 of 344 Loss: -0.094304, NCC_Loss: -0.099995, Reg: 0.005690
Iter 230 of 344 Loss: -0.099334, NCC_Loss: -0.104716, Reg: 0.005382
Iter 240 of 344 Loss: -0.095231, NCC_Loss: -0.100974, Reg: 0.005743
Iter 250 of 344 Loss: -0.093723, NCC_Loss: -0.099387, Reg: 0.005664
Iter 260 of 344 Loss: -0.091561, NCC_Loss: -0.097704, Reg: 0.006143
Iter 270 of 344 Loss: -0.093708, NCC_Loss: -0.100163, Reg: 0.006455
Iter 280 of 344 Loss: -0.095879, NCC_Loss: -0.102003, Reg: 0.006124
Iter 290 of 344 Loss: -0.092602, NCC_Loss: -0.098850, Reg: 0.006248
Iter 300 of 344 Loss: -0.103124, NCC_Loss: -0.109134, Reg: 0.006010
Iter 310 of 344 Loss: -0.091307, NCC_Loss: -0.097666, Reg: 0.006359
Iter 320 of 344 Loss: -0.091342, NCC_Loss: -0.097862, Reg: 0.006520
Iter 330 of 344 Loss: -0.103565, NCC_Loss: -0.110069, Reg: 0.006504
Iter 340 of 344 Loss: -0.084161, NCC_Loss: -0.090190, Reg: 0.006029
Epoch 1 Loss: -0.093330
Epoch 1 Validation: Mean EPE: 7.2697, Mean SSIM: 0.1912, Mean ZNCC: -0.0255
--> Saved to Top 5 best models (EPE: 7.2697)
Epoch 2 starts
Iter 10 of 344 Loss: -0.088830, NCC_Loss: -0.094215, Reg: 0.005384
Iter 20 of 344 Loss: -0.090147, NCC_Loss: -0.095457, Reg: 0.005310
Iter 30 of 344 Loss: -0.090593, NCC_Loss: -0.095683, Reg: 0.005090
Iter 40 of 344 Loss: -0.094966, NCC_Loss: -0.100672, Reg: 0.005706
Iter 50 of 344 Loss: -0.088013, NCC_Loss: -0.093710, Reg: 0.005698
Iter 60 of 344 Loss: -0.083091, NCC_Loss: -0.088761, Reg: 0.005671
Iter 70 of 344 Loss: -0.105451, NCC_Loss: -0.111168, Reg: 0.005718
Iter 80 of 344 Loss: -0.088574, NCC_Loss: -0.094570, Reg: 0.005996
Iter 90 of 344 Loss: -0.093648, NCC_Loss: -0.099670, Reg: 0.006022
Iter 100 of 344 Loss: -0.097484, NCC_Loss: -0.103437, Reg: 0.005954
Iter 110 of 344 Loss: -0.093744, NCC_Loss: -0.099740, Reg: 0.005995
Iter 120 of 344 Loss: -0.092920, NCC_Loss: -0.099180, Reg: 0.006260
Iter 130 of 344 Loss: -0.102552, NCC_Loss: -0.108626, Reg: 0.006073
Iter 140 of 344 Loss: -0.091778, NCC_Loss: -0.097888, Reg: 0.006110
Iter 150 of 344 Loss: -0.094049, NCC_Loss: -0.100249, Reg: 0.006199
Iter 160 of 344 Loss: -0.082303, NCC_Loss: -0.088640, Reg: 0.006337
Iter 170 of 344 Loss: -0.086254, NCC_Loss: -0.092300, Reg: 0.006046
Iter 180 of 344 Loss: -0.099694, NCC_Loss: -0.105489, Reg: 0.005795
Iter 190 of 344 Loss: -0.093765, NCC_Loss: -0.099295, Reg: 0.005530
Iter 200 of 344 Loss: -0.093269, NCC_Loss: -0.098943, Reg: 0.005674
Iter 210 of 344 Loss: -0.096388, NCC_Loss: -0.102447, Reg: 0.006059
Iter 220 of 344 Loss: -0.089136, NCC_Loss: -0.094776, Reg: 0.005640
Iter 230 of 344 Loss: -0.094714, NCC_Loss: -0.100522, Reg: 0.005808
Iter 240 of 344 Loss: -0.088271, NCC_Loss: -0.094141, Reg: 0.005870
Iter 250 of 344 Loss: -0.095873, NCC_Loss: -0.102191, Reg: 0.006318
Iter 260 of 344 Loss: -0.091621, NCC_Loss: -0.097613, Reg: 0.005992
Iter 270 of 344 Loss: -0.091794, NCC_Loss: -0.097919, Reg: 0.006124
Iter 280 of 344 Loss: -0.096524, NCC_Loss: -0.102973, Reg: 0.006450
Iter 290 of 344 Loss: -0.088968, NCC_Loss: -0.095395, Reg: 0.006427
Iter 300 of 344 Loss: -0.102613, NCC_Loss: -0.108606, Reg: 0.005993
Iter 310 of 344 Loss: -0.099975, NCC_Loss: -0.106386, Reg: 0.006411
Iter 320 of 344 Loss: -0.085303, NCC_Loss: -0.091488, Reg: 0.006186
Iter 330 of 344 Loss: -0.104247, NCC_Loss: -0.111714, Reg: 0.007467
Iter 340 of 344 Loss: -0.093869, NCC_Loss: -0.100317, Reg: 0.006447
Epoch 2 Loss: -0.093515
Epoch 2 Validation: Mean EPE: 7.2276, Mean SSIM: 0.1970, Mean ZNCC: -0.0208
--> Saved to Top 5 best models (EPE: 7.2276)
--> New absolute BEST model updated with EPE: 7.2276
Epoch 3 starts
Iter 10 of 344 Loss: -0.097514, NCC_Loss: -0.104104, Reg: 0.006590
Iter 20 of 344 Loss: -0.096496, NCC_Loss: -0.103018, Reg: 0.006522
Iter 30 of 344 Loss: -0.097584, NCC_Loss: -0.104138, Reg: 0.006554
Iter 40 of 344 Loss: -0.103991, NCC_Loss: -0.110354, Reg: 0.006363
Iter 50 of 344 Loss: -0.107726, NCC_Loss: -0.114454, Reg: 0.006728
Iter 60 of 344 Loss: -0.091419, NCC_Loss: -0.098412, Reg: 0.006993
Iter 70 of 344 Loss: -0.096579, NCC_Loss: -0.103481, Reg: 0.006901
Iter 80 of 344 Loss: -0.094552, NCC_Loss: -0.101290, Reg: 0.006739
Iter 90 of 344 Loss: -0.099964, NCC_Loss: -0.107385, Reg: 0.007421
Iter 100 of 344 Loss: -0.096473, NCC_Loss: -0.103042, Reg: 0.006569
Iter 110 of 344 Loss: -0.093042, NCC_Loss: -0.099660, Reg: 0.006619
Iter 120 of 344 Loss: -0.103598, NCC_Loss: -0.110638, Reg: 0.007040
Iter 130 of 344 Loss: -0.092826, NCC_Loss: -0.099985, Reg: 0.007159
Iter 140 of 344 Loss: -0.096525, NCC_Loss: -0.103777, Reg: 0.007252
Iter 150 of 344 Loss: -0.095850, NCC_Loss: -0.103091, Reg: 0.007241
Iter 160 of 344 Loss: -0.102435, NCC_Loss: -0.109472, Reg: 0.007037
Iter 170 of 344 Loss: -0.098142, NCC_Loss: -0.105096, Reg: 0.006954
Iter 180 of 344 Loss: -0.100683, NCC_Loss: -0.108076, Reg: 0.007393
Iter 190 of 344 Loss: -0.099961, NCC_Loss: -0.106886, Reg: 0.006925
Iter 200 of 344 Loss: -0.092883, NCC_Loss: -0.099900, Reg: 0.007017
Iter 210 of 344 Loss: -0.098332, NCC_Loss: -0.105613, Reg: 0.007281
Iter 220 of 344 Loss: -0.098604, NCC_Loss: -0.105673, Reg: 0.007069
Iter 230 of 344 Loss: -0.092589, NCC_Loss: -0.099485, Reg: 0.006896
Iter 240 of 344 Loss: -0.098052, NCC_Loss: -0.105504, Reg: 0.007452
Iter 250 of 344 Loss: -0.095039, NCC_Loss: -0.102417, Reg: 0.007378
Iter 260 of 344 Loss: -0.094649, NCC_Loss: -0.101773, Reg: 0.007124
Iter 270 of 344 Loss: -0.095765, NCC_Loss: -0.102865, Reg: 0.007100
Iter 280 of 344 Loss: -0.094412, NCC_Loss: -0.102066, Reg: 0.007655
Iter 290 of 344 Loss: -0.100128, NCC_Loss: -0.107612, Reg: 0.007484
Iter 300 of 344 Loss: -0.095412, NCC_Loss: -0.102730, Reg: 0.007317
Iter 310 of 344 Loss: -0.098498, NCC_Loss: -0.105602, Reg: 0.007104
Iter 320 of 344 Loss: -0.092672, NCC_Loss: -0.099893, Reg: 0.007221
Iter 330 of 344 Loss: -0.094829, NCC_Loss: -0.102080, Reg: 0.007251
Iter 340 of 344 Loss: -0.093734, NCC_Loss: -0.102146, Reg: 0.008413
Epoch 3 Loss: -0.096654
Epoch 3 Validation: Mean EPE: 7.2112, Mean SSIM: 0.1994, Mean ZNCC: -0.0177
--> Saved to Top 5 best models (EPE: 7.2112)
--> New absolute BEST model updated with EPE: 7.2112
Epoch 4 starts
Iter 10 of 344 Loss: -0.102405, NCC_Loss: -0.109514, Reg: 0.007109
Iter 20 of 344 Loss: -0.091304, NCC_Loss: -0.098824, Reg: 0.007519
Iter 30 of 344 Loss: -0.112099, NCC_Loss: -0.119322, Reg: 0.007223
Iter 40 of 344 Loss: -0.099433, NCC_Loss: -0.106374, Reg: 0.006941
Iter 50 of 344 Loss: -0.083888, NCC_Loss: -0.090922, Reg: 0.007034
Iter 60 of 344 Loss: -0.101519, NCC_Loss: -0.109129, Reg: 0.007610
Iter 70 of 344 Loss: -0.106890, NCC_Loss: -0.114228, Reg: 0.007338
Iter 80 of 344 Loss: -0.100439, NCC_Loss: -0.108319, Reg: 0.007880
Iter 90 of 344 Loss: -0.100689, NCC_Loss: -0.108035, Reg: 0.007346
Iter 100 of 344 Loss: -0.092552, NCC_Loss: -0.100245, Reg: 0.007693
Iter 110 of 344 Loss: -0.102949, NCC_Loss: -0.110407, Reg: 0.007458
Iter 120 of 344 Loss: -0.095204, NCC_Loss: -0.102842, Reg: 0.007639
Iter 130 of 344 Loss: -0.104539, NCC_Loss: -0.112407, Reg: 0.007868
Iter 140 of 344 Loss: -0.101781, NCC_Loss: -0.109313, Reg: 0.007532
Iter 150 of 344 Loss: -0.097637, NCC_Loss: -0.105699, Reg: 0.008061
Iter 160 of 344 Loss: -0.093190, NCC_Loss: -0.100522, Reg: 0.007332
Iter 170 of 344 Loss: -0.099465, NCC_Loss: -0.107041, Reg: 0.007576
Iter 180 of 344 Loss: -0.094280, NCC_Loss: -0.102064, Reg: 0.007783
Iter 190 of 344 Loss: -0.094547, NCC_Loss: -0.102497, Reg: 0.007950
Iter 200 of 344 Loss: -0.102224, NCC_Loss: -0.110359, Reg: 0.008135
Iter 210 of 344 Loss: -0.095825, NCC_Loss: -0.103330, Reg: 0.007505
Iter 220 of 344 Loss: -0.099140, NCC_Loss: -0.106865, Reg: 0.007725
Iter 230 of 344 Loss: -0.085305, NCC_Loss: -0.092703, Reg: 0.007399
Iter 240 of 344 Loss: -0.102172, NCC_Loss: -0.110363, Reg: 0.008191
Iter 250 of 344 Loss: -0.104146, NCC_Loss: -0.112489, Reg: 0.008343
Iter 260 of 344 Loss: -0.100847, NCC_Loss: -0.109299, Reg: 0.008452
Iter 270 of 344 Loss: -0.102075, NCC_Loss: -0.110059, Reg: 0.007984
Iter 280 of 344 Loss: -0.094848, NCC_Loss: -0.102566, Reg: 0.007719
Iter 290 of 344 Loss: -0.093468, NCC_Loss: -0.101354, Reg: 0.007886
Iter 300 of 344 Loss: -0.102195, NCC_Loss: -0.109875, Reg: 0.007680
Iter 310 of 344 Loss: -0.099326, NCC_Loss: -0.107705, Reg: 0.008380
Iter 320 of 344 Loss: -0.098674, NCC_Loss: -0.106998, Reg: 0.008323
Iter 330 of 344 Loss: -0.097907, NCC_Loss: -0.106313, Reg: 0.008406
Iter 340 of 344 Loss: -0.095771, NCC_Loss: -0.104062, Reg: 0.008291
Epoch 4 Loss: -0.098358
Epoch 4 Validation: Mean EPE: 7.1790, Mean SSIM: 0.2012, Mean ZNCC: -0.0163
--> Saved to Top 5 best models (EPE: 7.1790)
--> New absolute BEST model updated with EPE: 7.1790
Epoch 5 starts
Iter 10 of 344 Loss: -0.098376, NCC_Loss: -0.106366, Reg: 0.007990
Iter 20 of 344 Loss: -0.105407, NCC_Loss: -0.113715, Reg: 0.008308
Iter 30 of 344 Loss: -0.102638, NCC_Loss: -0.110522, Reg: 0.007884
Iter 40 of 344 Loss: -0.100080, NCC_Loss: -0.108682, Reg: 0.008602
Iter 50 of 344 Loss: -0.096916, NCC_Loss: -0.105230, Reg: 0.008315
Iter 60 of 344 Loss: -0.100264, NCC_Loss: -0.109219, Reg: 0.008955
Iter 70 of 344 Loss: -0.104419, NCC_Loss: -0.112795, Reg: 0.008377
Iter 80 of 344 Loss: -0.098857, NCC_Loss: -0.107533, Reg: 0.008676
Iter 90 of 344 Loss: -0.094799, NCC_Loss: -0.103104, Reg: 0.008305
Iter 100 of 344 Loss: -0.099506, NCC_Loss: -0.107971, Reg: 0.008465
Iter 110 of 344 Loss: -0.106116, NCC_Loss: -0.114474, Reg: 0.008358
Iter 120 of 344 Loss: -0.104508, NCC_Loss: -0.112388, Reg: 0.007880
Iter 130 of 344 Loss: -0.093695, NCC_Loss: -0.101503, Reg: 0.007808
Iter 140 of 344 Loss: -0.093769, NCC_Loss: -0.102795, Reg: 0.009027
Iter 150 of 344 Loss: -0.102380, NCC_Loss: -0.111504, Reg: 0.009124
Iter 160 of 344 Loss: -0.099289, NCC_Loss: -0.107687, Reg: 0.008398
Iter 170 of 344 Loss: -0.104710, NCC_Loss: -0.113260, Reg: 0.008550
Iter 180 of 344 Loss: -0.098459, NCC_Loss: -0.105974, Reg: 0.007516
Iter 190 of 344 Loss: -0.098713, NCC_Loss: -0.106348, Reg: 0.007635
Iter 200 of 344 Loss: -0.102473, NCC_Loss: -0.109946, Reg: 0.007474
Iter 210 of 344 Loss: -0.079369, NCC_Loss: -0.087133, Reg: 0.007764
Iter 220 of 344 Loss: -0.097648, NCC_Loss: -0.104349, Reg: 0.006701
Iter 230 of 344 Loss: -0.096238, NCC_Loss: -0.104118, Reg: 0.007880
Iter 240 of 344 Loss: -0.094918, NCC_Loss: -0.102237, Reg: 0.007319
Iter 250 of 344 Loss: -0.100828, NCC_Loss: -0.108376, Reg: 0.007549
Iter 260 of 344 Loss: -0.104068, NCC_Loss: -0.112573, Reg: 0.008505
Iter 270 of 344 Loss: -0.104141, NCC_Loss: -0.112145, Reg: 0.008004
Iter 280 of 344 Loss: -0.096894, NCC_Loss: -0.105425, Reg: 0.008531
Iter 290 of 344 Loss: -0.093135, NCC_Loss: -0.101254, Reg: 0.008119
Iter 300 of 344 Loss: -0.092228, NCC_Loss: -0.099556, Reg: 0.007329
Iter 310 of 344 Loss: -0.104994, NCC_Loss: -0.113019, Reg: 0.008026
Iter 320 of 344 Loss: -0.095760, NCC_Loss: -0.103837, Reg: 0.008078
Iter 330 of 344 Loss: -0.095854, NCC_Loss: -0.104338, Reg: 0.008484
Iter 340 of 344 Loss: -0.099407, NCC_Loss: -0.108128, Reg: 0.008722
Epoch 5 Loss: -0.098714
Epoch 5 Validation: Mean EPE: 7.1672, Mean SSIM: 0.2013, Mean ZNCC: -0.0163
--> Saved to Top 5 best models (EPE: 7.1672)
--> New absolute BEST model updated with EPE: 7.1672
Epoch 6 starts
Iter 10 of 344 Loss: -0.098632, NCC_Loss: -0.107214, Reg: 0.008582
Iter 20 of 344 Loss: -0.094320, NCC_Loss: -0.102552, Reg: 0.008232
Iter 30 of 344 Loss: -0.107898, NCC_Loss: -0.117008, Reg: 0.009109
Iter 40 of 344 Loss: -0.089400, NCC_Loss: -0.097981, Reg: 0.008581
Iter 50 of 344 Loss: -0.096651, NCC_Loss: -0.105531, Reg: 0.008880
Iter 60 of 344 Loss: -0.100094, NCC_Loss: -0.108491, Reg: 0.008397
Iter 70 of 344 Loss: -0.102574, NCC_Loss: -0.111198, Reg: 0.008624
Iter 80 of 344 Loss: -0.103240, NCC_Loss: -0.112182, Reg: 0.008942
Iter 90 of 344 Loss: -0.104452, NCC_Loss: -0.113102, Reg: 0.008651
Iter 100 of 344 Loss: -0.095855, NCC_Loss: -0.104391, Reg: 0.008536
Iter 110 of 344 Loss: -0.103899, NCC_Loss: -0.112712, Reg: 0.008813
Iter 120 of 344 Loss: -0.107278, NCC_Loss: -0.115785, Reg: 0.008507
Iter 130 of 344 Loss: -0.105046, NCC_Loss: -0.113774, Reg: 0.008727
Iter 140 of 344 Loss: -0.104913, NCC_Loss: -0.113432, Reg: 0.008519
Iter 150 of 344 Loss: -0.094988, NCC_Loss: -0.104180, Reg: 0.009192
Iter 160 of 344 Loss: -0.098604, NCC_Loss: -0.107721, Reg: 0.009117
Iter 170 of 344 Loss: -0.099419, NCC_Loss: -0.108614, Reg: 0.009196
Iter 180 of 344 Loss: -0.097245, NCC_Loss: -0.105921, Reg: 0.008675
Iter 190 of 344 Loss: -0.100973, NCC_Loss: -0.109730, Reg: 0.008757
Iter 200 of 344 Loss: -0.104921, NCC_Loss: -0.114582, Reg: 0.009662
Iter 210 of 344 Loss: -0.102008, NCC_Loss: -0.110955, Reg: 0.008946
Iter 220 of 344 Loss: -0.100430, NCC_Loss: -0.108957, Reg: 0.008526
Iter 230 of 344 Loss: -0.097767, NCC_Loss: -0.106646, Reg: 0.008879
Iter 240 of 344 Loss: -0.101994, NCC_Loss: -0.110922, Reg: 0.008929
Iter 250 of 344 Loss: -0.098392, NCC_Loss: -0.107350, Reg: 0.008958
Iter 260 of 344 Loss: -0.101030, NCC_Loss: -0.109956, Reg: 0.008927
Iter 270 of 344 Loss: -0.101624, NCC_Loss: -0.110058, Reg: 0.008434
Iter 280 of 344 Loss: -0.101767, NCC_Loss: -0.110362, Reg: 0.008595
Iter 290 of 344 Loss: -0.100920, NCC_Loss: -0.110078, Reg: 0.009158
Iter 300 of 344 Loss: -0.093925, NCC_Loss: -0.102545, Reg: 0.008620
Iter 310 of 344 Loss: -0.098584, NCC_Loss: -0.106990, Reg: 0.008406
Iter 320 of 344 Loss: -0.092100, NCC_Loss: -0.100639, Reg: 0.008538
Iter 330 of 344 Loss: -0.089287, NCC_Loss: -0.099113, Reg: 0.009826
Iter 340 of 344 Loss: -0.086499, NCC_Loss: -0.093245, Reg: 0.006746
Epoch 6 Loss: -0.099620
Epoch 6 Validation: Mean EPE: 7.2419, Mean SSIM: 0.1896, Mean ZNCC: -0.0311
--> Saved to Top 5 best models (EPE: 7.2419)
Epoch 7 starts
Iter 10 of 344 Loss: -0.090543, NCC_Loss: -0.096011, Reg: 0.005469
Iter 20 of 344 Loss: -0.092054, NCC_Loss: -0.097703, Reg: 0.005649
Iter 30 of 344 Loss: -0.093651, NCC_Loss: -0.099707, Reg: 0.006057
Iter 40 of 344 Loss: -0.091792, NCC_Loss: -0.097660, Reg: 0.005868
Iter 50 of 344 Loss: -0.103304, NCC_Loss: -0.109882, Reg: 0.006578
Iter 60 of 344 Loss: -0.095749, NCC_Loss: -0.101856, Reg: 0.006107
Iter 70 of 344 Loss: -0.096201, NCC_Loss: -0.103058, Reg: 0.006857
Iter 80 of 344 Loss: -0.102006, NCC_Loss: -0.108710, Reg: 0.006704
Iter 90 of 344 Loss: -0.099081, NCC_Loss: -0.105857, Reg: 0.006775
Iter 100 of 344 Loss: -0.108477, NCC_Loss: -0.115799, Reg: 0.007322
Iter 110 of 344 Loss: -0.093558, NCC_Loss: -0.101002, Reg: 0.007443
Iter 120 of 344 Loss: -0.095441, NCC_Loss: -0.102566, Reg: 0.007125
Iter 130 of 344 Loss: -0.104004, NCC_Loss: -0.111665, Reg: 0.007661
Iter 140 of 344 Loss: -0.100377, NCC_Loss: -0.107316, Reg: 0.006939
Iter 150 of 344 Loss: -0.101528, NCC_Loss: -0.109117, Reg: 0.007589
Iter 160 of 344 Loss: -0.095150, NCC_Loss: -0.102516, Reg: 0.007366
Iter 170 of 344 Loss: -0.103461, NCC_Loss: -0.111473, Reg: 0.008012
Iter 180 of 344 Loss: -0.101130, NCC_Loss: -0.109649, Reg: 0.008519
Iter 190 of 344 Loss: -0.106081, NCC_Loss: -0.114251, Reg: 0.008170
Iter 200 of 344 Loss: -0.095445, NCC_Loss: -0.103742, Reg: 0.008297
Iter 210 of 344 Loss: -0.094666, NCC_Loss: -0.102727, Reg: 0.008061
Iter 220 of 344 Loss: -0.102124, NCC_Loss: -0.110541, Reg: 0.008417
Iter 230 of 344 Loss: -0.102616, NCC_Loss: -0.110977, Reg: 0.008361
Iter 240 of 344 Loss: -0.091975, NCC_Loss: -0.100394, Reg: 0.008419
Iter 250 of 344 Loss: -0.097400, NCC_Loss: -0.106246, Reg: 0.008847
Iter 260 of 344 Loss: -0.097436, NCC_Loss: -0.105237, Reg: 0.007801
Iter 270 of 344 Loss: -0.090799, NCC_Loss: -0.098633, Reg: 0.007834
Iter 280 of 344 Loss: -0.098510, NCC_Loss: -0.106887, Reg: 0.008378
Iter 290 of 344 Loss: -0.101532, NCC_Loss: -0.110043, Reg: 0.008511
Iter 300 of 344 Loss: -0.089359, NCC_Loss: -0.097555, Reg: 0.008196
Iter 310 of 344 Loss: -0.096722, NCC_Loss: -0.105303, Reg: 0.008582
Iter 320 of 344 Loss: -0.103502, NCC_Loss: -0.112298, Reg: 0.008796
Iter 330 of 344 Loss: -0.059775, NCC_Loss: -0.086505, Reg: 0.026730
Iter 340 of 344 Loss: -0.056867, NCC_Loss: -0.079466, Reg: 0.022600
Epoch 7 Loss: -0.094562
Epoch 7 Validation: Mean EPE: 7.3822, Mean SSIM: 0.1742, Mean ZNCC: -0.0398
Epoch 8 starts
Iter 10 of 344 Loss: -0.063220, NCC_Loss: -0.079933, Reg: 0.016713
Iter 20 of 344 Loss: -0.071109, NCC_Loss: -0.085248, Reg: 0.014139
Iter 30 of 344 Loss: -0.062870, NCC_Loss: -0.075037, Reg: 0.012167
Iter 40 of 344 Loss: -0.072230, NCC_Loss: -0.083418, Reg: 0.011188
Iter 50 of 344 Loss: -0.066112, NCC_Loss: -0.076166, Reg: 0.010054
Iter 60 of 344 Loss: -0.068148, NCC_Loss: -0.077484, Reg: 0.009336
Iter 70 of 344 Loss: -0.071457, NCC_Loss: -0.080479, Reg: 0.009023
Iter 80 of 344 Loss: -0.071951, NCC_Loss: -0.080124, Reg: 0.008173
Iter 90 of 344 Loss: -0.066078, NCC_Loss: -0.073911, Reg: 0.007833
Iter 100 of 344 Loss: -0.071006, NCC_Loss: -0.078192, Reg: 0.007186
Iter 110 of 344 Loss: -0.071719, NCC_Loss: -0.079152, Reg: 0.007433
Iter 120 of 344 Loss: -0.071950, NCC_Loss: -0.078844, Reg: 0.006893
Iter 130 of 344 Loss: -0.065509, NCC_Loss: -0.071816, Reg: 0.006307
Iter 140 of 344 Loss: -0.071230, NCC_Loss: -0.077360, Reg: 0.006130
Iter 150 of 344 Loss: -0.072494, NCC_Loss: -0.078680, Reg: 0.006186
Iter 160 of 344 Loss: -0.072079, NCC_Loss: -0.077932, Reg: 0.005854
Iter 170 of 344 Loss: -0.074965, NCC_Loss: -0.080704, Reg: 0.005740
Iter 180 of 344 Loss: -0.073735, NCC_Loss: -0.079303, Reg: 0.005569
Iter 190 of 344 Loss: -0.070681, NCC_Loss: -0.076195, Reg: 0.005514
Iter 200 of 344 Loss: -0.076982, NCC_Loss: -0.082186, Reg: 0.005204
Iter 210 of 344 Loss: -0.078768, NCC_Loss: -0.083685, Reg: 0.004917
Iter 220 of 344 Loss: -0.070422, NCC_Loss: -0.075364, Reg: 0.004942
Iter 230 of 344 Loss: -0.074567, NCC_Loss: -0.079241, Reg: 0.004674
Iter 240 of 344 Loss: -0.081054, NCC_Loss: -0.085589, Reg: 0.004535
Iter 250 of 344 Loss: -0.074979, NCC_Loss: -0.079336, Reg: 0.004357
Iter 260 of 344 Loss: -0.081667, NCC_Loss: -0.086132, Reg: 0.004465
Iter 270 of 344 Loss: -0.074263, NCC_Loss: -0.078495, Reg: 0.004231
Iter 280 of 344 Loss: -0.080709, NCC_Loss: -0.085218, Reg: 0.004509
Iter 290 of 344 Loss: -0.080778, NCC_Loss: -0.085082, Reg: 0.004304
Iter 300 of 344 Loss: -0.079644, NCC_Loss: -0.083783, Reg: 0.004138
Iter 310 of 344 Loss: -0.070943, NCC_Loss: -0.074987, Reg: 0.004044
Iter 320 of 344 Loss: -0.075495, NCC_Loss: -0.079421, Reg: 0.003926
Iter 330 of 344 Loss: -0.081555, NCC_Loss: -0.085600, Reg: 0.004045
Iter 340 of 344 Loss: -0.078470, NCC_Loss: -0.082195, Reg: 0.003725
Epoch 8 Loss: -0.072644
Epoch 8 Validation: Mean EPE: 7.2894, Mean SSIM: 0.1828, Mean ZNCC: -0.0386
Epoch 9 starts
Iter 10 of 344 Loss: -0.074277, NCC_Loss: -0.078039, Reg: 0.003762
Iter 20 of 344 Loss: -0.076056, NCC_Loss: -0.079709, Reg: 0.003653
Iter 30 of 344 Loss: -0.073145, NCC_Loss: -0.076898, Reg: 0.003754
Iter 40 of 344 Loss: -0.072510, NCC_Loss: -0.076060, Reg: 0.003550
Iter 50 of 344 Loss: -0.074002, NCC_Loss: -0.077595, Reg: 0.003593
Iter 60 of 344 Loss: -0.080004, NCC_Loss: -0.083908, Reg: 0.003904
Iter 70 of 344 Loss: -0.077198, NCC_Loss: -0.080842, Reg: 0.003645
Iter 80 of 344 Loss: -0.085817, NCC_Loss: -0.089333, Reg: 0.003517
Iter 90 of 344 Loss: -0.070249, NCC_Loss: -0.073781, Reg: 0.003532
Iter 100 of 344 Loss: -0.073431, NCC_Loss: -0.076834, Reg: 0.003402
Iter 110 of 344 Loss: -0.081769, NCC_Loss: -0.085166, Reg: 0.003397
Iter 120 of 344 Loss: -0.082389, NCC_Loss: -0.085788, Reg: 0.003399
Iter 130 of 344 Loss: -0.074899, NCC_Loss: -0.077951, Reg: 0.003053
Iter 140 of 344 Loss: -0.081723, NCC_Loss: -0.084976, Reg: 0.003253
Iter 150 of 344 Loss: -0.074158, NCC_Loss: -0.077073, Reg: 0.002915
Iter 160 of 344 Loss: -0.079867, NCC_Loss: -0.083025, Reg: 0.003158
Iter 170 of 344 Loss: -0.071070, NCC_Loss: -0.074989, Reg: 0.003919
Iter 180 of 344 Loss: -0.071513, NCC_Loss: -0.075443, Reg: 0.003930
Iter 190 of 344 Loss: -0.073575, NCC_Loss: -0.077571, Reg: 0.003996
Iter 200 of 344 Loss: -0.079519, NCC_Loss: -0.083529, Reg: 0.004009
Iter 210 of 344 Loss: -0.072322, NCC_Loss: -0.076067, Reg: 0.003745
Iter 220 of 344 Loss: -0.075766, NCC_Loss: -0.079426, Reg: 0.003661
Iter 230 of 344 Loss: -0.081304, NCC_Loss: -0.084783, Reg: 0.003479
Iter 240 of 344 Loss: -0.084839, NCC_Loss: -0.088211, Reg: 0.003372
Iter 250 of 344 Loss: -0.079323, NCC_Loss: -0.082589, Reg: 0.003265
Iter 260 of 344 Loss: -0.071219, NCC_Loss: -0.074375, Reg: 0.003156
Iter 270 of 344 Loss: -0.084446, NCC_Loss: -0.087633, Reg: 0.003187
Iter 280 of 344 Loss: -0.082775, NCC_Loss: -0.085941, Reg: 0.003165
Iter 290 of 344 Loss: -0.080509, NCC_Loss: -0.083563, Reg: 0.003055
Iter 300 of 344 Loss: -0.076310, NCC_Loss: -0.079380, Reg: 0.003070
Iter 310 of 344 Loss: -0.066085, NCC_Loss: -0.069015, Reg: 0.002930
Iter 320 of 344 Loss: -0.076080, NCC_Loss: -0.079119, Reg: 0.003039
Iter 330 of 344 Loss: -0.081316, NCC_Loss: -0.084153, Reg: 0.002838
Iter 340 of 344 Loss: -0.080574, NCC_Loss: -0.083376, Reg: 0.002802
Epoch 9 Loss: -0.077094
Epoch 9 Validation: Mean EPE: 7.2668, Mean SSIM: 0.1816, Mean ZNCC: -0.0399
Epoch 10 starts
Iter 10 of 344 Loss: -0.076411, NCC_Loss: -0.079218, Reg: 0.002807
Iter 20 of 344 Loss: -0.073747, NCC_Loss: -0.076717, Reg: 0.002970
Iter 30 of 344 Loss: -0.077869, NCC_Loss: -0.080600, Reg: 0.002731
Iter 40 of 344 Loss: -0.071582, NCC_Loss: -0.074220, Reg: 0.002638
Iter 50 of 344 Loss: -0.076232, NCC_Loss: -0.079019, Reg: 0.002787
Iter 60 of 344 Loss: -0.074693, NCC_Loss: -0.077240, Reg: 0.002547
Iter 70 of 344 Loss: -0.081513, NCC_Loss: -0.084040, Reg: 0.002527
Iter 80 of 344 Loss: -0.083714, NCC_Loss: -0.086347, Reg: 0.002633
Iter 90 of 344 Loss: -0.075179, NCC_Loss: -0.077789, Reg: 0.002610
Iter 100 of 344 Loss: -0.080253, NCC_Loss: -0.082760, Reg: 0.002507
Iter 110 of 344 Loss: -0.078420, NCC_Loss: -0.081001, Reg: 0.002582
Iter 120 of 344 Loss: -0.078185, NCC_Loss: -0.080869, Reg: 0.002684
Iter 130 of 344 Loss: -0.075501, NCC_Loss: -0.078143, Reg: 0.002641
Iter 140 of 344 Loss: -0.069538, NCC_Loss: -0.071999, Reg: 0.002460
Iter 150 of 344 Loss: -0.081247, NCC_Loss: -0.083805, Reg: 0.002558
Iter 160 of 344 Loss: -0.075670, NCC_Loss: -0.078178, Reg: 0.002508
Iter 170 of 344 Loss: -0.076898, NCC_Loss: -0.079335, Reg: 0.002437
Iter 180 of 344 Loss: -0.073666, NCC_Loss: -0.076169, Reg: 0.002503
Iter 190 of 344 Loss: -0.073158, NCC_Loss: -0.075698, Reg: 0.002540
Iter 200 of 344 Loss: -0.072240, NCC_Loss: -0.074728, Reg: 0.002488
Iter 210 of 344 Loss: -0.078695, NCC_Loss: -0.081326, Reg: 0.002631
Iter 220 of 344 Loss: -0.073457, NCC_Loss: -0.075904, Reg: 0.002447
Iter 230 of 344 Loss: -0.074393, NCC_Loss: -0.076824, Reg: 0.002432
Iter 240 of 344 Loss: -0.078405, NCC_Loss: -0.080847, Reg: 0.002442
Iter 250 of 344 Loss: -0.076183, NCC_Loss: -0.078677, Reg: 0.002494
Iter 260 of 344 Loss: -0.079247, NCC_Loss: -0.081659, Reg: 0.002412
Iter 270 of 344 Loss: -0.080038, NCC_Loss: -0.082454, Reg: 0.002416
Iter 280 of 344 Loss: -0.075923, NCC_Loss: -0.078369, Reg: 0.002446
Iter 290 of 344 Loss: -0.080036, NCC_Loss: -0.082537, Reg: 0.002501
Iter 300 of 344 Loss: -0.074255, NCC_Loss: -0.076672, Reg: 0.002418
Iter 310 of 344 Loss: -0.080744, NCC_Loss: -0.083059, Reg: 0.002315
Iter 320 of 344 Loss: -0.086347, NCC_Loss: -0.088803, Reg: 0.002456
Iter 330 of 344 Loss: -0.079767, NCC_Loss: -0.082105, Reg: 0.002338
Iter 340 of 344 Loss: -0.077005, NCC_Loss: -0.079339, Reg: 0.002334
Epoch 10 Loss: -0.078431
Epoch 10 Validation: Mean EPE: 7.2654, Mean SSIM: 0.1784, Mean ZNCC: -0.0385
Epoch 11 starts
Iter 10 of 344 Loss: -0.074566, NCC_Loss: -0.077059, Reg: 0.002493
Iter 20 of 344 Loss: -0.078303, NCC_Loss: -0.080973, Reg: 0.002670
Iter 30 of 344 Loss: -0.077929, NCC_Loss: -0.080763, Reg: 0.002834
Iter 40 of 344 Loss: -0.078947, NCC_Loss: -0.081703, Reg: 0.002756
Iter 50 of 344 Loss: -0.074335, NCC_Loss: -0.077033, Reg: 0.002698
Iter 60 of 344 Loss: -0.079873, NCC_Loss: -0.082594, Reg: 0.002721
Iter 70 of 344 Loss: -0.080217, NCC_Loss: -0.082864, Reg: 0.002647
Iter 80 of 344 Loss: -0.087261, NCC_Loss: -0.090116, Reg: 0.002855
Iter 90 of 344 Loss: -0.070065, NCC_Loss: -0.072576, Reg: 0.002511
Iter 100 of 344 Loss: -0.076237, NCC_Loss: -0.078745, Reg: 0.002509
Iter 110 of 344 Loss: -0.079659, NCC_Loss: -0.082156, Reg: 0.002497
Iter 120 of 344 Loss: -0.072114, NCC_Loss: -0.074544, Reg: 0.002430
Iter 130 of 344 Loss: -0.074806, NCC_Loss: -0.077449, Reg: 0.002643
Iter 140 of 344 Loss: -0.065867, NCC_Loss: -0.068299, Reg: 0.002433
Iter 150 of 344 Loss: -0.076216, NCC_Loss: -0.078660, Reg: 0.002444
Iter 160 of 344 Loss: -0.074757, NCC_Loss: -0.077180, Reg: 0.002423
Iter 170 of 344 Loss: -0.075850, NCC_Loss: -0.078548, Reg: 0.002698
Iter 180 of 344 Loss: -0.083524, NCC_Loss: -0.086219, Reg: 0.002695
Iter 190 of 344 Loss: -0.074272, NCC_Loss: -0.076971, Reg: 0.002699
Iter 200 of 344 Loss: -0.075395, NCC_Loss: -0.078057, Reg: 0.002662
Iter 210 of 344 Loss: -0.082169, NCC_Loss: -0.084983, Reg: 0.002814
Iter 220 of 344 Loss: -0.087654, NCC_Loss: -0.090343, Reg: 0.002689
Iter 230 of 344 Loss: -0.081235, NCC_Loss: -0.083938, Reg: 0.002703
Iter 240 of 344 Loss: -0.075292, NCC_Loss: -0.077940, Reg: 0.002648
Iter 250 of 344 Loss: -0.079334, NCC_Loss: -0.081743, Reg: 0.002409
Iter 260 of 344 Loss: -0.079090, NCC_Loss: -0.081659, Reg: 0.002569
Iter 270 of 344 Loss: -0.071445, NCC_Loss: -0.074017, Reg: 0.002572
Iter 280 of 344 Loss: -0.076625, NCC_Loss: -0.078944, Reg: 0.002319
Iter 290 of 344 Loss: -0.079367, NCC_Loss: -0.081804, Reg: 0.002438
Iter 300 of 344 Loss: -0.077232, NCC_Loss: -0.079548, Reg: 0.002315
Iter 310 of 344 Loss: -0.082989, NCC_Loss: -0.085466, Reg: 0.002477
Iter 320 of 344 Loss: -0.078621, NCC_Loss: -0.081043, Reg: 0.002423
Iter 330 of 344 Loss: -0.070524, NCC_Loss: -0.072783, Reg: 0.002259
Iter 340 of 344 Loss: -0.075525, NCC_Loss: -0.077853, Reg: 0.002327
Epoch 11 Loss: -0.077781
Epoch 11 Validation: Mean EPE: 7.2620, Mean SSIM: 0.1825, Mean ZNCC: -0.0377
Epoch 12 starts
Iter 10 of 344 Loss: -0.080172, NCC_Loss: -0.082567, Reg: 0.002395
Iter 20 of 344 Loss: -0.082963, NCC_Loss: -0.085338, Reg: 0.002376
Iter 30 of 344 Loss: -0.075688, NCC_Loss: -0.077950, Reg: 0.002262
Iter 40 of 344 Loss: -0.077764, NCC_Loss: -0.080171, Reg: 0.002406
Iter 50 of 344 Loss: -0.075937, NCC_Loss: -0.078189, Reg: 0.002253
Iter 60 of 344 Loss: -0.071514, NCC_Loss: -0.073840, Reg: 0.002326
Iter 70 of 344 Loss: -0.083204, NCC_Loss: -0.085416, Reg: 0.002212
Iter 80 of 344 Loss: -0.077128, NCC_Loss: -0.079358, Reg: 0.002230
Iter 90 of 344 Loss: -0.076309, NCC_Loss: -0.078531, Reg: 0.002222
Iter 100 of 344 Loss: -0.071710, NCC_Loss: -0.073942, Reg: 0.002232
Iter 110 of 344 Loss: -0.070964, NCC_Loss: -0.073191, Reg: 0.002227
Iter 120 of 344 Loss: -0.076572, NCC_Loss: -0.078876, Reg: 0.002304
Iter 130 of 344 Loss: -0.070918, NCC_Loss: -0.073047, Reg: 0.002129
Iter 140 of 344 Loss: -0.083440, NCC_Loss: -0.085752, Reg: 0.002312
Iter 150 of 344 Loss: -0.074713, NCC_Loss: -0.076939, Reg: 0.002226
Iter 160 of 344 Loss: -0.075983, NCC_Loss: -0.078146, Reg: 0.002163
Iter 170 of 344 Loss: -0.074533, NCC_Loss: -0.076647, Reg: 0.002113
Iter 180 of 344 Loss: -0.075339, NCC_Loss: -0.077516, Reg: 0.002177
Iter 190 of 344 Loss: -0.084833, NCC_Loss: -0.087003, Reg: 0.002170
Iter 200 of 344 Loss: -0.073644, NCC_Loss: -0.075821, Reg: 0.002176
Iter 210 of 344 Loss: -0.079462, NCC_Loss: -0.081693, Reg: 0.002231
Iter 220 of 344 Loss: -0.079567, NCC_Loss: -0.081830, Reg: 0.002263
Iter 230 of 344 Loss: -0.079884, NCC_Loss: -0.082123, Reg: 0.002240
Iter 240 of 344 Loss: -0.085770, NCC_Loss: -0.087999, Reg: 0.002230
Iter 250 of 344 Loss: -0.077150, NCC_Loss: -0.079257, Reg: 0.002106
Iter 260 of 344 Loss: -0.079891, NCC_Loss: -0.082061, Reg: 0.002169
Iter 270 of 344 Loss: -0.082460, NCC_Loss: -0.084610, Reg: 0.002150
Iter 280 of 344 Loss: -0.073354, NCC_Loss: -0.075535, Reg: 0.002181
Iter 290 of 344 Loss: -0.076130, NCC_Loss: -0.078199, Reg: 0.002069
Iter 300 of 344 Loss: -0.075790, NCC_Loss: -0.077865, Reg: 0.002075
Iter 310 of 344 Loss: -0.084280, NCC_Loss: -0.086340, Reg: 0.002060
Iter 320 of 344 Loss: -0.075297, NCC_Loss: -0.077378, Reg: 0.002081
Iter 330 of 344 Loss: -0.079029, NCC_Loss: -0.081084, Reg: 0.002055
Iter 340 of 344 Loss: -0.075774, NCC_Loss: -0.077836, Reg: 0.002062
Epoch 12 Loss: -0.079014
Epoch 12 Validation: Mean EPE: 7.2620, Mean SSIM: 0.1837, Mean ZNCC: -0.0375
Epoch 13 starts
Iter 10 of 344 Loss: -0.076601, NCC_Loss: -0.078664, Reg: 0.002063
Iter 20 of 344 Loss: -0.074916, NCC_Loss: -0.076883, Reg: 0.001967
Iter 30 of 344 Loss: -0.084928, NCC_Loss: -0.086982, Reg: 0.002053
Iter 40 of 344 Loss: -0.078826, NCC_Loss: -0.080876, Reg: 0.002050
Iter 50 of 344 Loss: -0.078216, NCC_Loss: -0.080168, Reg: 0.001951
Iter 60 of 344 Loss: -0.077317, NCC_Loss: -0.079289, Reg: 0.001972
Iter 70 of 344 Loss: -0.079268, NCC_Loss: -0.081194, Reg: 0.001926
Iter 80 of 344 Loss: -0.087196, NCC_Loss: -0.089202, Reg: 0.002006
Iter 90 of 344 Loss: -0.077491, NCC_Loss: -0.079440, Reg: 0.001949
Iter 100 of 344 Loss: -0.080540, NCC_Loss: -0.082509, Reg: 0.001970
Iter 110 of 344 Loss: -0.080811, NCC_Loss: -0.082779, Reg: 0.001968
Iter 120 of 344 Loss: -0.081032, NCC_Loss: -0.082899, Reg: 0.001867
Iter 130 of 344 Loss: -0.082702, NCC_Loss: -0.084594, Reg: 0.001893
Iter 140 of 344 Loss: -0.083246, NCC_Loss: -0.085265, Reg: 0.002018
Iter 150 of 344 Loss: -0.077791, NCC_Loss: -0.079761, Reg: 0.001969
Iter 160 of 344 Loss: -0.071069, NCC_Loss: -0.072993, Reg: 0.001924
Iter 170 of 344 Loss: -0.073908, NCC_Loss: -0.075895, Reg: 0.001987
Iter 180 of 344 Loss: -0.080092, NCC_Loss: -0.082087, Reg: 0.001996
Iter 190 of 344 Loss: -0.079474, NCC_Loss: -0.081364, Reg: 0.001890
Iter 200 of 344 Loss: -0.081539, NCC_Loss: -0.083485, Reg: 0.001946
Iter 210 of 344 Loss: -0.077593, NCC_Loss: -0.079501, Reg: 0.001907
Iter 220 of 344 Loss: -0.077599, NCC_Loss: -0.079461, Reg: 0.001862
Iter 230 of 344 Loss: -0.082610, NCC_Loss: -0.084520, Reg: 0.001910
Iter 240 of 344 Loss: -0.082350, NCC_Loss: -0.084394, Reg: 0.002044
Iter 250 of 344 Loss: -0.085059, NCC_Loss: -0.087273, Reg: 0.002214
Iter 260 of 344 Loss: -0.075384, NCC_Loss: -0.077556, Reg: 0.002172
Iter 270 of 344 Loss: -0.082707, NCC_Loss: -0.084914, Reg: 0.002207
Iter 280 of 344 Loss: -0.075762, NCC_Loss: -0.077861, Reg: 0.002099
Iter 290 of 344 Loss: -0.073819, NCC_Loss: -0.075768, Reg: 0.001949
Iter 300 of 344 Loss: -0.076300, NCC_Loss: -0.078336, Reg: 0.002035
Iter 310 of 344 Loss: -0.079702, NCC_Loss: -0.081767, Reg: 0.002065
Iter 320 of 344 Loss: -0.077705, NCC_Loss: -0.079735, Reg: 0.002030
Iter 330 of 344 Loss: -0.078788, NCC_Loss: -0.080704, Reg: 0.001915
Iter 340 of 344 Loss: -0.072234, NCC_Loss: -0.074242, Reg: 0.002007
Epoch 13 Loss: -0.079379
Epoch 13 Validation: Mean EPE: 7.2592, Mean SSIM: 0.1840, Mean ZNCC: -0.0366
Epoch 14 starts
Iter 10 of 344 Loss: -0.083770, NCC_Loss: -0.085772, Reg: 0.002002
Iter 20 of 344 Loss: -0.075277, NCC_Loss: -0.077176, Reg: 0.001899
Iter 30 of 344 Loss: -0.082803, NCC_Loss: -0.084813, Reg: 0.002010
Iter 40 of 344 Loss: -0.081371, NCC_Loss: -0.083245, Reg: 0.001874
Iter 50 of 344 Loss: -0.080312, NCC_Loss: -0.082283, Reg: 0.001971
Iter 60 of 344 Loss: -0.068659, NCC_Loss: -0.070512, Reg: 0.001852
Iter 70 of 344 Loss: -0.080083, NCC_Loss: -0.081964, Reg: 0.001881
Iter 80 of 344 Loss: -0.077889, NCC_Loss: -0.079812, Reg: 0.001922
Iter 90 of 344 Loss: -0.079517, NCC_Loss: -0.081397, Reg: 0.001880
Iter 100 of 344 Loss: -0.074579, NCC_Loss: -0.076528, Reg: 0.001950
Iter 110 of 344 Loss: -0.083706, NCC_Loss: -0.085586, Reg: 0.001880
Iter 120 of 344 Loss: -0.080150, NCC_Loss: -0.082021, Reg: 0.001871
Iter 130 of 344 Loss: -0.075678, NCC_Loss: -0.077573, Reg: 0.001896
Iter 140 of 344 Loss: -0.083477, NCC_Loss: -0.085413, Reg: 0.001936
Iter 150 of 344 Loss: -0.092145, NCC_Loss: -0.094082, Reg: 0.001937
Iter 160 of 344 Loss: -0.085541, NCC_Loss: -0.087413, Reg: 0.001872
Iter 170 of 344 Loss: -0.076049, NCC_Loss: -0.077922, Reg: 0.001873
Iter 180 of 344 Loss: -0.074615, NCC_Loss: -0.076497, Reg: 0.001882
Iter 190 of 344 Loss: -0.076712, NCC_Loss: -0.078477, Reg: 0.001766
Iter 200 of 344 Loss: -0.076865, NCC_Loss: -0.078688, Reg: 0.001823
Iter 210 of 344 Loss: -0.082922, NCC_Loss: -0.084807, Reg: 0.001885
Iter 220 of 344 Loss: -0.073885, NCC_Loss: -0.075680, Reg: 0.001795
Iter 230 of 344 Loss: -0.085564, NCC_Loss: -0.087434, Reg: 0.001870
Iter 240 of 344 Loss: -0.085002, NCC_Loss: -0.086890, Reg: 0.001888
Iter 250 of 344 Loss: -0.081265, NCC_Loss: -0.083166, Reg: 0.001901
Iter 260 of 344 Loss: -0.077212, NCC_Loss: -0.079054, Reg: 0.001842
Iter 270 of 344 Loss: -0.077740, NCC_Loss: -0.079608, Reg: 0.001868
Iter 280 of 344 Loss: -0.079735, NCC_Loss: -0.081594, Reg: 0.001858
Iter 290 of 344 Loss: -0.082340, NCC_Loss: -0.084251, Reg: 0.001911
Iter 300 of 344 Loss: -0.078121, NCC_Loss: -0.079960, Reg: 0.001838
Iter 310 of 344 Loss: -0.073561, NCC_Loss: -0.075427, Reg: 0.001866
Iter 320 of 344 Loss: -0.082263, NCC_Loss: -0.084146, Reg: 0.001883
Iter 330 of 344 Loss: -0.071999, NCC_Loss: -0.073775, Reg: 0.001776
Iter 340 of 344 Loss: -0.081087, NCC_Loss: -0.082845, Reg: 0.001758
Epoch 14 Loss: -0.080025
Epoch 14 Validation: Mean EPE: 7.2584, Mean SSIM: 0.1851, Mean ZNCC: -0.0367
Epoch 15 starts
Iter 10 of 344 Loss: -0.075822, NCC_Loss: -0.077709, Reg: 0.001887
Iter 20 of 344 Loss: -0.084462, NCC_Loss: -0.086221, Reg: 0.001759
Iter 30 of 344 Loss: -0.078465, NCC_Loss: -0.080294, Reg: 0.001829
Iter 40 of 344 Loss: -0.076011, NCC_Loss: -0.077769, Reg: 0.001758
Iter 50 of 344 Loss: -0.081276, NCC_Loss: -0.083093, Reg: 0.001817
Iter 60 of 344 Loss: -0.089696, NCC_Loss: -0.091364, Reg: 0.001668
Iter 70 of 344 Loss: -0.074020, NCC_Loss: -0.076056, Reg: 0.002037
Iter 80 of 344 Loss: -0.079660, NCC_Loss: -0.081830, Reg: 0.002170
Iter 90 of 344 Loss: -0.078805, NCC_Loss: -0.081150, Reg: 0.002345
Iter 100 of 344 Loss: -0.084758, NCC_Loss: -0.087063, Reg: 0.002305
Iter 110 of 344 Loss: -0.077653, NCC_Loss: -0.079865, Reg: 0.002212
Iter 120 of 344 Loss: -0.083381, NCC_Loss: -0.085641, Reg: 0.002260
Iter 130 of 344 Loss: -0.081593, NCC_Loss: -0.083775, Reg: 0.002182
Iter 140 of 344 Loss: -0.075107, NCC_Loss: -0.077204, Reg: 0.002097
Iter 150 of 344 Loss: -0.082311, NCC_Loss: -0.084466, Reg: 0.002154
Iter 160 of 344 Loss: -0.079232, NCC_Loss: -0.081465, Reg: 0.002233
Iter 170 of 344 Loss: -0.081511, NCC_Loss: -0.083585, Reg: 0.002074
Iter 180 of 344 Loss: -0.080071, NCC_Loss: -0.082274, Reg: 0.002204
Iter 190 of 344 Loss: -0.076614, NCC_Loss: -0.078729, Reg: 0.002116
Iter 200 of 344 Loss: -0.077311, NCC_Loss: -0.079414, Reg: 0.002103
Iter 210 of 344 Loss: -0.078798, NCC_Loss: -0.080931, Reg: 0.002133
Iter 220 of 344 Loss: -0.082697, NCC_Loss: -0.084738, Reg: 0.002040
Iter 230 of 344 Loss: -0.073037, NCC_Loss: -0.074997, Reg: 0.001960
Iter 240 of 344 Loss: -0.076705, NCC_Loss: -0.078729, Reg: 0.002024
Iter 250 of 344 Loss: -0.081570, NCC_Loss: -0.083514, Reg: 0.001944
Iter 260 of 344 Loss: -0.071361, NCC_Loss: -0.073381, Reg: 0.002020
Iter 270 of 344 Loss: -0.080776, NCC_Loss: -0.082740, Reg: 0.001963
Iter 280 of 344 Loss: -0.072427, NCC_Loss: -0.074443, Reg: 0.002016
Iter 290 of 344 Loss: -0.076919, NCC_Loss: -0.078945, Reg: 0.002025
Iter 300 of 344 Loss: -0.078515, NCC_Loss: -0.080527, Reg: 0.002012
Iter 310 of 344 Loss: -0.079361, NCC_Loss: -0.081304, Reg: 0.001943
Iter 320 of 344 Loss: -0.086223, NCC_Loss: -0.088364, Reg: 0.002141
Iter 330 of 344 Loss: -0.082450, NCC_Loss: -0.084649, Reg: 0.002199
Iter 340 of 344 Loss: -0.081664, NCC_Loss: -0.083790, Reg: 0.002127
Epoch 15 Loss: -0.079913
Epoch 15 Validation: Mean EPE: 7.2646, Mean SSIM: 0.1842, Mean ZNCC: -0.0383
Epoch 16 starts
Iter 10 of 344 Loss: -0.081765, NCC_Loss: -0.083968, Reg: 0.002203
Iter 20 of 344 Loss: -0.084628, NCC_Loss: -0.086776, Reg: 0.002148
Iter 30 of 344 Loss: -0.076792, NCC_Loss: -0.078839, Reg: 0.002047
Iter 40 of 344 Loss: -0.078234, NCC_Loss: -0.080347, Reg: 0.002114
Iter 50 of 344 Loss: -0.076401, NCC_Loss: -0.078403, Reg: 0.002002
Iter 60 of 344 Loss: -0.078359, NCC_Loss: -0.080378, Reg: 0.002019
Iter 70 of 344 Loss: -0.081349, NCC_Loss: -0.083415, Reg: 0.002066
Iter 80 of 344 Loss: -0.080712, NCC_Loss: -0.082708, Reg: 0.001997
Iter 90 of 344 Loss: -0.091377, NCC_Loss: -0.093410, Reg: 0.002034
Iter 100 of 344 Loss: -0.081856, NCC_Loss: -0.083812, Reg: 0.001956
Iter 110 of 344 Loss: -0.081430, NCC_Loss: -0.083422, Reg: 0.001992
Iter 120 of 344 Loss: -0.076413, NCC_Loss: -0.078361, Reg: 0.001948
Iter 130 of 344 Loss: -0.076117, NCC_Loss: -0.078099, Reg: 0.001982
Iter 140 of 344 Loss: -0.081660, NCC_Loss: -0.083571, Reg: 0.001911
Iter 150 of 344 Loss: -0.084585, NCC_Loss: -0.086479, Reg: 0.001894
Iter 160 of 344 Loss: -0.081127, NCC_Loss: -0.083083, Reg: 0.001956
Iter 170 of 344 Loss: -0.079447, NCC_Loss: -0.081295, Reg: 0.001849
Iter 180 of 344 Loss: -0.084793, NCC_Loss: -0.086768, Reg: 0.001975
Iter 190 of 344 Loss: -0.086286, NCC_Loss: -0.088247, Reg: 0.001961
Iter 200 of 344 Loss: -0.086246, NCC_Loss: -0.088176, Reg: 0.001930
Iter 210 of 344 Loss: -0.080658, NCC_Loss: -0.082607, Reg: 0.001949
Iter 220 of 344 Loss: -0.080617, NCC_Loss: -0.082507, Reg: 0.001890
Iter 230 of 344 Loss: -0.085485, NCC_Loss: -0.087372, Reg: 0.001887
Iter 240 of 344 Loss: -0.073317, NCC_Loss: -0.075177, Reg: 0.001861
Iter 250 of 344 Loss: -0.078873, NCC_Loss: -0.080723, Reg: 0.001850
Iter 260 of 344 Loss: -0.078270, NCC_Loss: -0.080092, Reg: 0.001822
Iter 270 of 344 Loss: -0.074666, NCC_Loss: -0.076470, Reg: 0.001803
Iter 280 of 344 Loss: -0.081268, NCC_Loss: -0.083164, Reg: 0.001896
Iter 290 of 344 Loss: -0.084460, NCC_Loss: -0.086302, Reg: 0.001842
Iter 300 of 344 Loss: -0.079069, NCC_Loss: -0.080885, Reg: 0.001817
Iter 310 of 344 Loss: -0.081803, NCC_Loss: -0.083614, Reg: 0.001811
Iter 320 of 344 Loss: -0.081113, NCC_Loss: -0.082982, Reg: 0.001868
Iter 330 of 344 Loss: -0.089887, NCC_Loss: -0.091728, Reg: 0.001841
Iter 340 of 344 Loss: -0.083327, NCC_Loss: -0.085167, Reg: 0.001840
Epoch 16 Loss: -0.080401
Epoch 16 Validation: Mean EPE: 7.2634, Mean SSIM: 0.1851, Mean ZNCC: -0.0375
Epoch 17 starts
Iter 10 of 344 Loss: -0.077011, NCC_Loss: -0.078775, Reg: 0.001765
Iter 20 of 344 Loss: -0.089004, NCC_Loss: -0.090884, Reg: 0.001881
Iter 30 of 344 Loss: -0.078828, NCC_Loss: -0.080634, Reg: 0.001806
Iter 40 of 344 Loss: -0.081134, NCC_Loss: -0.082855, Reg: 0.001721
Iter 50 of 344 Loss: -0.078219, NCC_Loss: -0.079965, Reg: 0.001746
Iter 60 of 344 Loss: -0.085644, NCC_Loss: -0.087377, Reg: 0.001733
Iter 70 of 344 Loss: -0.076326, NCC_Loss: -0.078038, Reg: 0.001711
Iter 80 of 344 Loss: -0.084536, NCC_Loss: -0.086255, Reg: 0.001719
Iter 90 of 344 Loss: -0.074445, NCC_Loss: -0.076156, Reg: 0.001711
Iter 100 of 344 Loss: -0.078665, NCC_Loss: -0.080391, Reg: 0.001726
Iter 110 of 344 Loss: -0.080564, NCC_Loss: -0.082291, Reg: 0.001726
Iter 120 of 344 Loss: -0.081114, NCC_Loss: -0.082806, Reg: 0.001693
Iter 130 of 344 Loss: -0.082828, NCC_Loss: -0.084566, Reg: 0.001739
Iter 140 of 344 Loss: -0.079781, NCC_Loss: -0.081535, Reg: 0.001755
Iter 150 of 344 Loss: -0.076776, NCC_Loss: -0.078452, Reg: 0.001676
Iter 160 of 344 Loss: -0.077505, NCC_Loss: -0.079249, Reg: 0.001744
Iter 170 of 344 Loss: -0.077808, NCC_Loss: -0.079549, Reg: 0.001741
Iter 180 of 344 Loss: -0.087606, NCC_Loss: -0.089329, Reg: 0.001723
Iter 190 of 344 Loss: -0.078716, NCC_Loss: -0.080429, Reg: 0.001713
Iter 200 of 344 Loss: -0.079242, NCC_Loss: -0.081029, Reg: 0.001787
Iter 210 of 344 Loss: -0.079139, NCC_Loss: -0.080833, Reg: 0.001694
Iter 220 of 344 Loss: -0.082056, NCC_Loss: -0.083773, Reg: 0.001717
Iter 230 of 344 Loss: -0.078492, NCC_Loss: -0.080239, Reg: 0.001746
Iter 240 of 344 Loss: -0.078800, NCC_Loss: -0.080548, Reg: 0.001748
Iter 250 of 344 Loss: -0.079503, NCC_Loss: -0.081191, Reg: 0.001687
Iter 260 of 344 Loss: -0.080509, NCC_Loss: -0.082264, Reg: 0.001755
Iter 270 of 344 Loss: -0.074963, NCC_Loss: -0.076635, Reg: 0.001672
Iter 280 of 344 Loss: -0.076960, NCC_Loss: -0.078682, Reg: 0.001723
Iter 290 of 344 Loss: -0.080541, NCC_Loss: -0.082212, Reg: 0.001671
Iter 300 of 344 Loss: -0.079544, NCC_Loss: -0.081245, Reg: 0.001701
Iter 310 of 344 Loss: -0.076791, NCC_Loss: -0.078456, Reg: 0.001665
Iter 320 of 344 Loss: -0.079170, NCC_Loss: -0.080890, Reg: 0.001720
Iter 330 of 344 Loss: -0.077547, NCC_Loss: -0.079321, Reg: 0.001773
Iter 340 of 344 Loss: -0.074968, NCC_Loss: -0.076672, Reg: 0.001704
Epoch 17 Loss: -0.080865
Epoch 17 Validation: Mean EPE: 7.2623, Mean SSIM: 0.1856, Mean ZNCC: -0.0371
Epoch 18 starts
Iter 10 of 344 Loss: -0.078430, NCC_Loss: -0.080099, Reg: 0.001669
Iter 20 of 344 Loss: -0.079923, NCC_Loss: -0.081650, Reg: 0.001727
Iter 30 of 344 Loss: -0.081856, NCC_Loss: -0.083595, Reg: 0.001739
Iter 40 of 344 Loss: -0.083307, NCC_Loss: -0.084970, Reg: 0.001662
Iter 50 of 344 Loss: -0.083272, NCC_Loss: -0.084977, Reg: 0.001705
Iter 60 of 344 Loss: -0.083009, NCC_Loss: -0.084717, Reg: 0.001708
Iter 70 of 344 Loss: -0.082447, NCC_Loss: -0.084184, Reg: 0.001736
Iter 80 of 344 Loss: -0.085925, NCC_Loss: -0.087634, Reg: 0.001709
Iter 90 of 344 Loss: -0.082585, NCC_Loss: -0.084308, Reg: 0.001723
Iter 100 of 344 Loss: -0.091614, NCC_Loss: -0.093365, Reg: 0.001751
Iter 110 of 344 Loss: -0.083518, NCC_Loss: -0.085263, Reg: 0.001745
Iter 120 of 344 Loss: -0.081648, NCC_Loss: -0.083375, Reg: 0.001727
Iter 130 of 344 Loss: -0.077902, NCC_Loss: -0.079612, Reg: 0.001710
Iter 140 of 344 Loss: -0.083849, NCC_Loss: -0.085586, Reg: 0.001737
Iter 150 of 344 Loss: -0.077948, NCC_Loss: -0.079678, Reg: 0.001730
Iter 160 of 344 Loss: -0.089158, NCC_Loss: -0.090916, Reg: 0.001758
Iter 170 of 344 Loss: -0.084501, NCC_Loss: -0.086237, Reg: 0.001736
Iter 180 of 344 Loss: -0.083330, NCC_Loss: -0.085052, Reg: 0.001721
Iter 190 of 344 Loss: -0.084887, NCC_Loss: -0.086601, Reg: 0.001714
Iter 200 of 344 Loss: -0.083909, NCC_Loss: -0.085657, Reg: 0.001748
Iter 210 of 344 Loss: -0.080390, NCC_Loss: -0.082149, Reg: 0.001760
Iter 220 of 344 Loss: -0.081000, NCC_Loss: -0.082725, Reg: 0.001725
Iter 230 of 344 Loss: -0.082735, NCC_Loss: -0.084476, Reg: 0.001741
Iter 240 of 344 Loss: -0.081406, NCC_Loss: -0.083197, Reg: 0.001791
Iter 250 of 344 Loss: -0.081518, NCC_Loss: -0.083343, Reg: 0.001825
Iter 260 of 344 Loss: -0.079963, NCC_Loss: -0.081706, Reg: 0.001743
Iter 270 of 344 Loss: -0.082257, NCC_Loss: -0.083953, Reg: 0.001696
Iter 280 of 344 Loss: -0.079750, NCC_Loss: -0.081497, Reg: 0.001748
Iter 290 of 344 Loss: -0.087232, NCC_Loss: -0.088996, Reg: 0.001764
Iter 300 of 344 Loss: -0.074943, NCC_Loss: -0.076677, Reg: 0.001735
Iter 310 of 344 Loss: -0.078185, NCC_Loss: -0.079915, Reg: 0.001730
Iter 320 of 344 Loss: -0.079225, NCC_Loss: -0.080949, Reg: 0.001724
Iter 330 of 344 Loss: -0.075795, NCC_Loss: -0.077499, Reg: 0.001704
Iter 340 of 344 Loss: -0.087259, NCC_Loss: -0.089048, Reg: 0.001789
Epoch 18 Loss: -0.081207
Epoch 18 Validation: Mean EPE: 7.2603, Mean SSIM: 0.1859, Mean ZNCC: -0.0370
Epoch 19 starts
Iter 10 of 344 Loss: -0.087108, NCC_Loss: -0.088811, Reg: 0.001703
Iter 20 of 344 Loss: -0.079197, NCC_Loss: -0.080926, Reg: 0.001729
Iter 30 of 344 Loss: -0.081086, NCC_Loss: -0.082908, Reg: 0.001822
Iter 40 of 344 Loss: -0.083472, NCC_Loss: -0.085186, Reg: 0.001715
Iter 50 of 344 Loss: -0.083006, NCC_Loss: -0.084762, Reg: 0.001756
Iter 60 of 344 Loss: -0.077530, NCC_Loss: -0.079275, Reg: 0.001745
Iter 70 of 344 Loss: -0.073948, NCC_Loss: -0.075683, Reg: 0.001736
Iter 80 of 344 Loss: -0.082966, NCC_Loss: -0.084779, Reg: 0.001813
Iter 90 of 344 Loss: -0.077575, NCC_Loss: -0.079281, Reg: 0.001706
Iter 100 of 344 Loss: -0.077995, NCC_Loss: -0.079797, Reg: 0.001802
Iter 110 of 344 Loss: -0.081264, NCC_Loss: -0.083044, Reg: 0.001780
Iter 120 of 344 Loss: -0.078640, NCC_Loss: -0.080413, Reg: 0.001772
Iter 130 of 344 Loss: -0.088861, NCC_Loss: -0.090648, Reg: 0.001788
Iter 140 of 344 Loss: -0.081546, NCC_Loss: -0.083292, Reg: 0.001746
Iter 150 of 344 Loss: -0.080908, NCC_Loss: -0.082673, Reg: 0.001765
Iter 160 of 344 Loss: -0.083804, NCC_Loss: -0.085564, Reg: 0.001760
Iter 170 of 344 Loss: -0.084038, NCC_Loss: -0.085794, Reg: 0.001756
Iter 180 of 344 Loss: -0.080943, NCC_Loss: -0.082705, Reg: 0.001762
Iter 190 of 344 Loss: -0.084341, NCC_Loss: -0.086093, Reg: 0.001752
Iter 200 of 344 Loss: -0.075870, NCC_Loss: -0.077572, Reg: 0.001702
Iter 210 of 344 Loss: -0.079960, NCC_Loss: -0.081674, Reg: 0.001714
Iter 220 of 344 Loss: -0.082184, NCC_Loss: -0.083961, Reg: 0.001776
Iter 230 of 344 Loss: -0.082608, NCC_Loss: -0.084311, Reg: 0.001703
Iter 240 of 344 Loss: -0.078990, NCC_Loss: -0.080780, Reg: 0.001790
Iter 250 of 344 Loss: -0.075727, NCC_Loss: -0.077450, Reg: 0.001723
Iter 260 of 344 Loss: -0.078739, NCC_Loss: -0.080513, Reg: 0.001774
Iter 270 of 344 Loss: -0.083390, NCC_Loss: -0.085146, Reg: 0.001756
Iter 280 of 344 Loss: -0.090200, NCC_Loss: -0.091956, Reg: 0.001756
Iter 290 of 344 Loss: -0.087022, NCC_Loss: -0.088791, Reg: 0.001769
Iter 300 of 344 Loss: -0.079760, NCC_Loss: -0.081503, Reg: 0.001743
Iter 310 of 344 Loss: -0.072642, NCC_Loss: -0.074369, Reg: 0.001727
Iter 320 of 344 Loss: -0.083128, NCC_Loss: -0.084869, Reg: 0.001740
Iter 330 of 344 Loss: -0.085788, NCC_Loss: -0.087592, Reg: 0.001804
Iter 340 of 344 Loss: -0.079120, NCC_Loss: -0.080886, Reg: 0.001766
Epoch 19 Loss: -0.081600
Epoch 19 Validation: Mean EPE: 7.2587, Mean SSIM: 0.1868, Mean ZNCC: -0.0371
Epoch 20 starts
Iter 10 of 344 Loss: -0.087294, NCC_Loss: -0.089062, Reg: 0.001768
Iter 20 of 344 Loss: -0.087347, NCC_Loss: -0.089150, Reg: 0.001803
Iter 30 of 344 Loss: -0.074639, NCC_Loss: -0.076446, Reg: 0.001807
Iter 40 of 344 Loss: -0.078366, NCC_Loss: -0.080163, Reg: 0.001797
Iter 50 of 344 Loss: -0.078393, NCC_Loss: -0.080134, Reg: 0.001741
Iter 60 of 344 Loss: -0.078758, NCC_Loss: -0.080523, Reg: 0.001764
Iter 70 of 344 Loss: -0.087254, NCC_Loss: -0.089057, Reg: 0.001802
Iter 80 of 344 Loss: -0.076608, NCC_Loss: -0.078383, Reg: 0.001775
Iter 90 of 344 Loss: -0.081354, NCC_Loss: -0.083100, Reg: 0.001746
Iter 100 of 344 Loss: -0.080262, NCC_Loss: -0.082009, Reg: 0.001748
Iter 110 of 344 Loss: -0.081990, NCC_Loss: -0.083718, Reg: 0.001728
Iter 120 of 344 Loss: -0.077942, NCC_Loss: -0.079722, Reg: 0.001779
Iter 130 of 344 Loss: -0.080971, NCC_Loss: -0.082747, Reg: 0.001777
Iter 140 of 344 Loss: -0.081038, NCC_Loss: -0.082813, Reg: 0.001775
Iter 150 of 344 Loss: -0.082564, NCC_Loss: -0.084370, Reg: 0.001806
Iter 160 of 344 Loss: -0.083711, NCC_Loss: -0.085520, Reg: 0.001810
Iter 170 of 344 Loss: -0.075066, NCC_Loss: -0.076871, Reg: 0.001805
Iter 180 of 344 Loss: -0.075545, NCC_Loss: -0.077327, Reg: 0.001782
Iter 190 of 344 Loss: -0.085996, NCC_Loss: -0.087860, Reg: 0.001864
Iter 200 of 344 Loss: -0.082531, NCC_Loss: -0.084286, Reg: 0.001755
Iter 210 of 344 Loss: -0.082929, NCC_Loss: -0.084632, Reg: 0.001702
Iter 220 of 344 Loss: -0.081712, NCC_Loss: -0.083497, Reg: 0.001784
Iter 230 of 344 Loss: -0.082136, NCC_Loss: -0.083903, Reg: 0.001767
Iter 240 of 344 Loss: -0.085805, NCC_Loss: -0.087542, Reg: 0.001737
Iter 250 of 344 Loss: -0.085222, NCC_Loss: -0.087010, Reg: 0.001788
Iter 260 of 344 Loss: -0.079023, NCC_Loss: -0.080777, Reg: 0.001755
Iter 270 of 344 Loss: -0.074108, NCC_Loss: -0.075871, Reg: 0.001763
Iter 280 of 344 Loss: -0.084269, NCC_Loss: -0.086050, Reg: 0.001781
Iter 290 of 344 Loss: -0.081984, NCC_Loss: -0.083756, Reg: 0.001771
Iter 300 of 344 Loss: -0.082158, NCC_Loss: -0.083986, Reg: 0.001828
Iter 310 of 344 Loss: -0.086150, NCC_Loss: -0.087921, Reg: 0.001771
Iter 320 of 344 Loss: -0.081592, NCC_Loss: -0.083376, Reg: 0.001784
Iter 330 of 344 Loss: -0.080330, NCC_Loss: -0.082068, Reg: 0.001738
Iter 340 of 344 Loss: -0.080762, NCC_Loss: -0.082586, Reg: 0.001824
Epoch 20 Loss: -0.081975
Epoch 20 Validation: Mean EPE: 7.2580, Mean SSIM: 0.1871, Mean ZNCC: -0.0370
Epoch 21 starts
Iter 10 of 344 Loss: -0.070335, NCC_Loss: -0.072081, Reg: 0.001746
Iter 20 of 344 Loss: -0.085167, NCC_Loss: -0.086967, Reg: 0.001800
Iter 30 of 344 Loss: -0.089920, NCC_Loss: -0.091706, Reg: 0.001786
Iter 40 of 344 Loss: -0.082114, NCC_Loss: -0.083860, Reg: 0.001746
Iter 50 of 344 Loss: -0.081838, NCC_Loss: -0.083608, Reg: 0.001770
Iter 60 of 344 Loss: -0.081254, NCC_Loss: -0.082997, Reg: 0.001743
Iter 70 of 344 Loss: -0.097097, NCC_Loss: -0.098888, Reg: 0.001791
Iter 80 of 344 Loss: -0.075242, NCC_Loss: -0.076961, Reg: 0.001719
Iter 90 of 344 Loss: -0.086065, NCC_Loss: -0.087919, Reg: 0.001854
Iter 100 of 344 Loss: -0.081378, NCC_Loss: -0.083143, Reg: 0.001765
Iter 110 of 344 Loss: -0.082495, NCC_Loss: -0.084361, Reg: 0.001866
Iter 120 of 344 Loss: -0.083381, NCC_Loss: -0.085214, Reg: 0.001833
Iter 130 of 344 Loss: -0.082201, NCC_Loss: -0.083988, Reg: 0.001787
Iter 140 of 344 Loss: -0.082689, NCC_Loss: -0.084501, Reg: 0.001812
Iter 150 of 344 Loss: -0.078676, NCC_Loss: -0.080489, Reg: 0.001813
Iter 160 of 344 Loss: -0.081292, NCC_Loss: -0.083107, Reg: 0.001815
Iter 170 of 344 Loss: -0.088696, NCC_Loss: -0.090476, Reg: 0.001780
Iter 180 of 344 Loss: -0.083251, NCC_Loss: -0.085002, Reg: 0.001750
Iter 190 of 344 Loss: -0.086724, NCC_Loss: -0.088545, Reg: 0.001822
Iter 200 of 344 Loss: -0.082514, NCC_Loss: -0.084340, Reg: 0.001826
Iter 210 of 344 Loss: -0.083437, NCC_Loss: -0.085240, Reg: 0.001803
Iter 220 of 344 Loss: -0.081247, NCC_Loss: -0.083064, Reg: 0.001817
Iter 230 of 344 Loss: -0.083040, NCC_Loss: -0.084818, Reg: 0.001778
Iter 240 of 344 Loss: -0.074403, NCC_Loss: -0.076218, Reg: 0.001815
Iter 250 of 344 Loss: -0.079846, NCC_Loss: -0.081561, Reg: 0.001715
Iter 260 of 344 Loss: -0.079707, NCC_Loss: -0.081437, Reg: 0.001730
Iter 270 of 344 Loss: -0.073926, NCC_Loss: -0.075634, Reg: 0.001709
Iter 280 of 344 Loss: -0.073990, NCC_Loss: -0.075750, Reg: 0.001759
Iter 290 of 344 Loss: -0.081643, NCC_Loss: -0.083281, Reg: 0.001638
Iter 300 of 344 Loss: -0.079709, NCC_Loss: -0.081430, Reg: 0.001720
Iter 310 of 344 Loss: -0.080482, NCC_Loss: -0.082140, Reg: 0.001658
Iter 320 of 344 Loss: -0.084127, NCC_Loss: -0.085767, Reg: 0.001640
Iter 330 of 344 Loss: -0.075310, NCC_Loss: -0.076959, Reg: 0.001649
Iter 340 of 344 Loss: -0.080006, NCC_Loss: -0.081758, Reg: 0.001752
Epoch 21 Loss: -0.081190
Epoch 21 Validation: Mean EPE: 7.2588, Mean SSIM: 0.1862, Mean ZNCC: -0.0365
Epoch 22 starts
Iter 10 of 344 Loss: -0.076481, NCC_Loss: -0.078106, Reg: 0.001625
Iter 20 of 344 Loss: -0.078078, NCC_Loss: -0.079758, Reg: 0.001680
Iter 30 of 344 Loss: -0.073612, NCC_Loss: -0.075208, Reg: 0.001596
Iter 40 of 344 Loss: -0.080145, NCC_Loss: -0.081824, Reg: 0.001679
Iter 50 of 344 Loss: -0.079258, NCC_Loss: -0.080895, Reg: 0.001637
Iter 60 of 344 Loss: -0.085121, NCC_Loss: -0.086723, Reg: 0.001602
Iter 70 of 344 Loss: -0.076790, NCC_Loss: -0.078332, Reg: 0.001542
Iter 80 of 344 Loss: -0.082746, NCC_Loss: -0.084306, Reg: 0.001560
Iter 90 of 344 Loss: -0.079008, NCC_Loss: -0.080682, Reg: 0.001674
Iter 100 of 344 Loss: -0.085739, NCC_Loss: -0.087290, Reg: 0.001551
Iter 110 of 344 Loss: -0.078169, NCC_Loss: -0.079742, Reg: 0.001573
Iter 120 of 344 Loss: -0.083299, NCC_Loss: -0.084891, Reg: 0.001592
Iter 130 of 344 Loss: -0.077315, NCC_Loss: -0.078851, Reg: 0.001536
Iter 140 of 344 Loss: -0.081318, NCC_Loss: -0.082898, Reg: 0.001580
Iter 150 of 344 Loss: -0.080313, NCC_Loss: -0.083215, Reg: 0.002902
Iter 160 of 344 Loss: -0.074047, NCC_Loss: -0.076780, Reg: 0.002733
Iter 170 of 344 Loss: -0.073578, NCC_Loss: -0.076284, Reg: 0.002706
Iter 180 of 344 Loss: -0.073885, NCC_Loss: -0.076354, Reg: 0.002469
Iter 190 of 344 Loss: -0.076754, NCC_Loss: -0.079199, Reg: 0.002445
Iter 200 of 344 Loss: -0.073539, NCC_Loss: -0.076089, Reg: 0.002550
Iter 210 of 344 Loss: -0.084475, NCC_Loss: -0.086904, Reg: 0.002428
Iter 220 of 344 Loss: -0.078900, NCC_Loss: -0.081297, Reg: 0.002397
Iter 230 of 344 Loss: -0.081535, NCC_Loss: -0.083903, Reg: 0.002367
Iter 240 of 344 Loss: -0.078917, NCC_Loss: -0.081303, Reg: 0.002386
Iter 250 of 344 Loss: -0.078631, NCC_Loss: -0.080909, Reg: 0.002278
Iter 260 of 344 Loss: -0.073442, NCC_Loss: -0.075690, Reg: 0.002248
Iter 270 of 344 Loss: -0.080286, NCC_Loss: -0.082558, Reg: 0.002272
Iter 280 of 344 Loss: -0.075372, NCC_Loss: -0.077566, Reg: 0.002193
Iter 290 of 344 Loss: -0.078457, NCC_Loss: -0.080670, Reg: 0.002213
Iter 300 of 344 Loss: -0.084773, NCC_Loss: -0.086935, Reg: 0.002161
Iter 310 of 344 Loss: -0.084957, NCC_Loss: -0.087104, Reg: 0.002148
Iter 320 of 344 Loss: -0.081966, NCC_Loss: -0.084106, Reg: 0.002140
Iter 330 of 344 Loss: -0.080481, NCC_Loss: -0.082600, Reg: 0.002119
Iter 340 of 344 Loss: -0.082638, NCC_Loss: -0.084690, Reg: 0.002052
Epoch 22 Loss: -0.079274
Epoch 22 Validation: Mean EPE: 7.2613, Mean SSIM: 0.1845, Mean ZNCC: -0.0348
Epoch 23 starts
Iter 10 of 344 Loss: -0.078360, NCC_Loss: -0.080461, Reg: 0.002101
Iter 20 of 344 Loss: -0.082098, NCC_Loss: -0.084158, Reg: 0.002060
Iter 30 of 344 Loss: -0.086100, NCC_Loss: -0.088141, Reg: 0.002041
Iter 40 of 344 Loss: -0.084816, NCC_Loss: -0.086849, Reg: 0.002033
Iter 50 of 344 Loss: -0.081682, NCC_Loss: -0.083656, Reg: 0.001974
Iter 60 of 344 Loss: -0.080056, NCC_Loss: -0.082040, Reg: 0.001984
Iter 70 of 344 Loss: -0.083427, NCC_Loss: -0.085459, Reg: 0.002032
Iter 80 of 344 Loss: -0.091354, NCC_Loss: -0.093330, Reg: 0.001976
Iter 90 of 344 Loss: -0.080670, NCC_Loss: -0.082640, Reg: 0.001970
Iter 100 of 344 Loss: -0.073636, NCC_Loss: -0.075489, Reg: 0.001854
Iter 110 of 344 Loss: -0.092248, NCC_Loss: -0.094127, Reg: 0.001880
Iter 120 of 344 Loss: -0.079147, NCC_Loss: -0.081017, Reg: 0.001870
Iter 130 of 344 Loss: -0.081485, NCC_Loss: -0.083369, Reg: 0.001883
Iter 140 of 344 Loss: -0.080566, NCC_Loss: -0.082504, Reg: 0.001938
Iter 150 of 344 Loss: -0.084789, NCC_Loss: -0.086686, Reg: 0.001897
Iter 160 of 344 Loss: -0.079329, NCC_Loss: -0.081247, Reg: 0.001918
Iter 170 of 344 Loss: -0.077006, NCC_Loss: -0.078936, Reg: 0.001930
Iter 180 of 344 Loss: -0.077781, NCC_Loss: -0.079612, Reg: 0.001831
Iter 190 of 344 Loss: -0.083954, NCC_Loss: -0.085841, Reg: 0.001888
Iter 200 of 344 Loss: -0.081197, NCC_Loss: -0.083029, Reg: 0.001833
Iter 210 of 344 Loss: -0.078420, NCC_Loss: -0.080252, Reg: 0.001832
Iter 220 of 344 Loss: -0.078938, NCC_Loss: -0.080716, Reg: 0.001778
Iter 230 of 344 Loss: -0.082866, NCC_Loss: -0.084667, Reg: 0.001802
Iter 240 of 344 Loss: -0.081155, NCC_Loss: -0.082895, Reg: 0.001740
Iter 250 of 344 Loss: -0.078385, NCC_Loss: -0.080198, Reg: 0.001813
Iter 260 of 344 Loss: -0.085276, NCC_Loss: -0.087145, Reg: 0.001870
Iter 270 of 344 Loss: -0.083567, NCC_Loss: -0.085313, Reg: 0.001746
Iter 280 of 344 Loss: -0.072972, NCC_Loss: -0.074723, Reg: 0.001752
Iter 290 of 344 Loss: -0.078388, NCC_Loss: -0.080165, Reg: 0.001777
Iter 300 of 344 Loss: -0.079857, NCC_Loss: -0.081617, Reg: 0.001760
Iter 310 of 344 Loss: -0.070990, NCC_Loss: -0.072666, Reg: 0.001676
Iter 320 of 344 Loss: -0.083308, NCC_Loss: -0.085030, Reg: 0.001722
Iter 330 of 344 Loss: -0.076512, NCC_Loss: -0.078267, Reg: 0.001755
Iter 340 of 344 Loss: -0.075874, NCC_Loss: -0.077681, Reg: 0.001807
Epoch 23 Loss: -0.080171
Epoch 23 Validation: Mean EPE: 7.2587, Mean SSIM: 0.1859, Mean ZNCC: -0.0351
Epoch 24 starts
Iter 10 of 344 Loss: -0.077692, NCC_Loss: -0.079493, Reg: 0.001801
Iter 20 of 344 Loss: -0.084315, NCC_Loss: -0.086058, Reg: 0.001742
Iter 30 of 344 Loss: -0.080027, NCC_Loss: -0.081725, Reg: 0.001697
Iter 40 of 344 Loss: -0.080576, NCC_Loss: -0.082322, Reg: 0.001746
Iter 50 of 344 Loss: -0.078778, NCC_Loss: -0.080612, Reg: 0.001834
Iter 60 of 344 Loss: -0.076276, NCC_Loss: -0.078119, Reg: 0.001843
Iter 70 of 344 Loss: -0.079833, NCC_Loss: -0.081577, Reg: 0.001744
Iter 80 of 344 Loss: -0.083394, NCC_Loss: -0.085128, Reg: 0.001734
Iter 90 of 344 Loss: -0.084930, NCC_Loss: -0.086686, Reg: 0.001756
Iter 100 of 344 Loss: -0.088603, NCC_Loss: -0.090364, Reg: 0.001761
Iter 110 of 344 Loss: -0.082080, NCC_Loss: -0.083825, Reg: 0.001744
Iter 120 of 344 Loss: -0.080871, NCC_Loss: -0.082691, Reg: 0.001820
Iter 130 of 344 Loss: -0.083699, NCC_Loss: -0.085453, Reg: 0.001754
Iter 140 of 344 Loss: -0.076406, NCC_Loss: -0.078123, Reg: 0.001717
Iter 150 of 344 Loss: -0.088295, NCC_Loss: -0.090018, Reg: 0.001723
Iter 160 of 344 Loss: -0.076792, NCC_Loss: -0.078574, Reg: 0.001782
Iter 170 of 344 Loss: -0.077452, NCC_Loss: -0.079215, Reg: 0.001762
Iter 180 of 344 Loss: -0.083407, NCC_Loss: -0.085079, Reg: 0.001672
Iter 190 of 344 Loss: -0.080679, NCC_Loss: -0.082403, Reg: 0.001723
Iter 200 of 344 Loss: -0.079986, NCC_Loss: -0.081719, Reg: 0.001733
Iter 210 of 344 Loss: -0.081688, NCC_Loss: -0.083437, Reg: 0.001750
Iter 220 of 344 Loss: -0.081232, NCC_Loss: -0.083072, Reg: 0.001839
Iter 230 of 344 Loss: -0.078992, NCC_Loss: -0.080736, Reg: 0.001744
Iter 240 of 344 Loss: -0.080651, NCC_Loss: -0.082375, Reg: 0.001724
Iter 250 of 344 Loss: -0.091662, NCC_Loss: -0.093383, Reg: 0.001721
Iter 260 of 344 Loss: -0.080520, NCC_Loss: -0.082234, Reg: 0.001714
Iter 270 of 344 Loss: -0.077375, NCC_Loss: -0.079117, Reg: 0.001742
Iter 280 of 344 Loss: -0.076218, NCC_Loss: -0.077914, Reg: 0.001696
Iter 290 of 344 Loss: -0.083348, NCC_Loss: -0.085108, Reg: 0.001760
Iter 300 of 344 Loss: -0.085857, NCC_Loss: -0.087592, Reg: 0.001735
Iter 310 of 344 Loss: -0.080478, NCC_Loss: -0.082231, Reg: 0.001752
Iter 320 of 344 Loss: -0.083930, NCC_Loss: -0.085738, Reg: 0.001808
Iter 330 of 344 Loss: -0.082045, NCC_Loss: -0.083844, Reg: 0.001800
Iter 340 of 344 Loss: -0.080147, NCC_Loss: -0.081953, Reg: 0.001806
Epoch 24 Loss: -0.081094
Epoch 24 Validation: Mean EPE: 7.2571, Mean SSIM: 0.1865, Mean ZNCC: -0.0351
Epoch 25 starts
Iter 10 of 344 Loss: -0.075953, NCC_Loss: -0.077678, Reg: 0.001725
Iter 20 of 344 Loss: -0.083279, NCC_Loss: -0.085040, Reg: 0.001761
Iter 30 of 344 Loss: -0.083830, NCC_Loss: -0.085530, Reg: 0.001700
Iter 40 of 344 Loss: -0.082655, NCC_Loss: -0.084398, Reg: 0.001743
Iter 50 of 344 Loss: -0.086333, NCC_Loss: -0.088085, Reg: 0.001752
Iter 60 of 344 Loss: -0.076136, NCC_Loss: -0.077835, Reg: 0.001700
Iter 70 of 344 Loss: -0.077741, NCC_Loss: -0.079393, Reg: 0.001652
Iter 80 of 344 Loss: -0.076848, NCC_Loss: -0.078646, Reg: 0.001798
Iter 90 of 344 Loss: -0.077628, NCC_Loss: -0.079347, Reg: 0.001719
Iter 100 of 344 Loss: -0.085295, NCC_Loss: -0.087045, Reg: 0.001749
Iter 110 of 344 Loss: -0.089976, NCC_Loss: -0.091696, Reg: 0.001720
Iter 120 of 344 Loss: -0.078718, NCC_Loss: -0.080414, Reg: 0.001697
Iter 130 of 344 Loss: -0.078995, NCC_Loss: -0.080725, Reg: 0.001730
Iter 140 of 344 Loss: -0.081432, NCC_Loss: -0.083184, Reg: 0.001752
Iter 150 of 344 Loss: -0.081889, NCC_Loss: -0.083621, Reg: 0.001732
Iter 160 of 344 Loss: -0.085686, NCC_Loss: -0.087488, Reg: 0.001802
Iter 170 of 344 Loss: -0.078009, NCC_Loss: -0.079823, Reg: 0.001814
Iter 180 of 344 Loss: -0.080864, NCC_Loss: -0.082623, Reg: 0.001759
Iter 190 of 344 Loss: -0.084492, NCC_Loss: -0.086184, Reg: 0.001692
Iter 200 of 344 Loss: -0.088087, NCC_Loss: -0.089811, Reg: 0.001724
Iter 210 of 344 Loss: -0.083853, NCC_Loss: -0.085602, Reg: 0.001749
Iter 220 of 344 Loss: -0.083085, NCC_Loss: -0.084825, Reg: 0.001740
Iter 230 of 344 Loss: -0.081984, NCC_Loss: -0.083739, Reg: 0.001754
Iter 240 of 344 Loss: -0.077077, NCC_Loss: -0.078798, Reg: 0.001721
Iter 250 of 344 Loss: -0.078814, NCC_Loss: -0.080538, Reg: 0.001723
Iter 260 of 344 Loss: -0.076116, NCC_Loss: -0.077829, Reg: 0.001712
Iter 270 of 344 Loss: -0.082701, NCC_Loss: -0.084394, Reg: 0.001693
Iter 280 of 344 Loss: -0.081143, NCC_Loss: -0.082946, Reg: 0.001803
Iter 290 of 344 Loss: -0.082581, NCC_Loss: -0.084302, Reg: 0.001721
Iter 300 of 344 Loss: -0.083429, NCC_Loss: -0.085178, Reg: 0.001748
Iter 310 of 344 Loss: -0.084480, NCC_Loss: -0.086254, Reg: 0.001774
Iter 320 of 344 Loss: -0.079216, NCC_Loss: -0.081021, Reg: 0.001805
Iter 330 of 344 Loss: -0.082908, NCC_Loss: -0.084638, Reg: 0.001730
Iter 340 of 344 Loss: -0.091334, NCC_Loss: -0.093139, Reg: 0.001805
Epoch 25 Loss: -0.081674
Epoch 25 Validation: Mean EPE: 7.2562, Mean SSIM: 0.1870, Mean ZNCC: -0.0350
Epoch 26 starts
Iter 10 of 344 Loss: -0.078461, NCC_Loss: -0.080253, Reg: 0.001791
Iter 20 of 344 Loss: -0.076715, NCC_Loss: -0.078470, Reg: 0.001754
Iter 30 of 344 Loss: -0.075346, NCC_Loss: -0.077054, Reg: 0.001709
Iter 40 of 344 Loss: -0.081475, NCC_Loss: -0.083211, Reg: 0.001736
Iter 50 of 344 Loss: -0.078252, NCC_Loss: -0.080020, Reg: 0.001768
Iter 60 of 344 Loss: -0.085885, NCC_Loss: -0.087630, Reg: 0.001745
Iter 70 of 344 Loss: -0.083942, NCC_Loss: -0.085710, Reg: 0.001767
Iter 80 of 344 Loss: -0.079083, NCC_Loss: -0.080807, Reg: 0.001724
Iter 90 of 344 Loss: -0.083694, NCC_Loss: -0.085530, Reg: 0.001836
Iter 100 of 344 Loss: -0.078848, NCC_Loss: -0.080671, Reg: 0.001823
Iter 110 of 344 Loss: -0.082440, NCC_Loss: -0.084175, Reg: 0.001735
Iter 120 of 344 Loss: -0.078986, NCC_Loss: -0.080794, Reg: 0.001808
Iter 130 of 344 Loss: -0.089817, NCC_Loss: -0.091622, Reg: 0.001805
Iter 140 of 344 Loss: -0.082680, NCC_Loss: -0.084436, Reg: 0.001757
Iter 150 of 344 Loss: -0.075820, NCC_Loss: -0.077602, Reg: 0.001782
Iter 160 of 344 Loss: -0.084022, NCC_Loss: -0.085888, Reg: 0.001866
Iter 170 of 344 Loss: -0.086212, NCC_Loss: -0.088005, Reg: 0.001793
Iter 180 of 344 Loss: -0.074534, NCC_Loss: -0.076275, Reg: 0.001741
Iter 190 of 344 Loss: -0.080648, NCC_Loss: -0.082427, Reg: 0.001780
Iter 200 of 344 Loss: -0.082750, NCC_Loss: -0.084569, Reg: 0.001818
Iter 210 of 344 Loss: -0.081139, NCC_Loss: -0.082954, Reg: 0.001815
Iter 220 of 344 Loss: -0.085109, NCC_Loss: -0.086978, Reg: 0.001869
Iter 230 of 344 Loss: -0.084190, NCC_Loss: -0.086029, Reg: 0.001839
Iter 240 of 344 Loss: -0.081284, NCC_Loss: -0.083086, Reg: 0.001802
Iter 250 of 344 Loss: -0.082154, NCC_Loss: -0.083969, Reg: 0.001814
Iter 260 of 344 Loss: -0.076730, NCC_Loss: -0.078585, Reg: 0.001855
Iter 270 of 344 Loss: -0.076590, NCC_Loss: -0.078453, Reg: 0.001863
Iter 280 of 344 Loss: -0.076766, NCC_Loss: -0.078528, Reg: 0.001761
Iter 290 of 344 Loss: -0.081304, NCC_Loss: -0.083127, Reg: 0.001824
Iter 300 of 344 Loss: -0.083850, NCC_Loss: -0.085669, Reg: 0.001819
Iter 310 of 344 Loss: -0.074854, NCC_Loss: -0.076713, Reg: 0.001859
Iter 320 of 344 Loss: -0.075485, NCC_Loss: -0.077379, Reg: 0.001894
Iter 330 of 344 Loss: -0.076421, NCC_Loss: -0.078252, Reg: 0.001831
Iter 340 of 344 Loss: -0.085232, NCC_Loss: -0.087102, Reg: 0.001870
Epoch 26 Loss: -0.081899
Epoch 26 Validation: Mean EPE: 7.2590, Mean SSIM: 0.1871, Mean ZNCC: -0.0345
Epoch 27 starts
Iter 10 of 344 Loss: -0.081093, NCC_Loss: -0.082985, Reg: 0.001893
Iter 20 of 344 Loss: -0.082267, NCC_Loss: -0.084123, Reg: 0.001856
Iter 30 of 344 Loss: -0.079354, NCC_Loss: -0.081191, Reg: 0.001837
Iter 40 of 344 Loss: -0.083997, NCC_Loss: -0.085853, Reg: 0.001856
Iter 50 of 344 Loss: -0.085307, NCC_Loss: -0.087257, Reg: 0.001950
Iter 60 of 344 Loss: -0.085455, NCC_Loss: -0.087402, Reg: 0.001947
Iter 70 of 344 Loss: -0.078550, NCC_Loss: -0.080498, Reg: 0.001948
Iter 80 of 344 Loss: -0.086275, NCC_Loss: -0.088199, Reg: 0.001924
Iter 90 of 344 Loss: -0.088434, NCC_Loss: -0.090362, Reg: 0.001929
Iter 100 of 344 Loss: -0.082551, NCC_Loss: -0.084454, Reg: 0.001903
Iter 110 of 344 Loss: -0.080856, NCC_Loss: -0.082737, Reg: 0.001880
Iter 120 of 344 Loss: -0.080702, NCC_Loss: -0.082666, Reg: 0.001965
Iter 130 of 344 Loss: -0.085614, NCC_Loss: -0.087552, Reg: 0.001938
Iter 140 of 344 Loss: -0.079119, NCC_Loss: -0.081113, Reg: 0.001994
Iter 150 of 344 Loss: -0.080820, NCC_Loss: -0.082729, Reg: 0.001909
Iter 160 of 344 Loss: -0.081027, NCC_Loss: -0.083036, Reg: 0.002009
Iter 170 of 344 Loss: -0.077277, NCC_Loss: -0.079212, Reg: 0.001935
Iter 180 of 344 Loss: -0.080027, NCC_Loss: -0.081927, Reg: 0.001900
Iter 190 of 344 Loss: -0.082582, NCC_Loss: -0.084514, Reg: 0.001932
Iter 200 of 344 Loss: -0.082126, NCC_Loss: -0.084055, Reg: 0.001929
Iter 210 of 344 Loss: -0.083246, NCC_Loss: -0.085077, Reg: 0.001831
Iter 220 of 344 Loss: -0.085169, NCC_Loss: -0.087194, Reg: 0.002025
Iter 230 of 344 Loss: -0.090662, NCC_Loss: -0.092592, Reg: 0.001929
Iter 240 of 344 Loss: -0.081123, NCC_Loss: -0.083037, Reg: 0.001915
Iter 250 of 344 Loss: -0.081042, NCC_Loss: -0.083014, Reg: 0.001972
Iter 260 of 344 Loss: -0.085422, NCC_Loss: -0.087307, Reg: 0.001885
Iter 270 of 344 Loss: -0.091302, NCC_Loss: -0.093329, Reg: 0.002027
Iter 280 of 344 Loss: -0.081869, NCC_Loss: -0.083773, Reg: 0.001904
Iter 290 of 344 Loss: -0.084082, NCC_Loss: -0.085974, Reg: 0.001892
Iter 300 of 344 Loss: -0.091665, NCC_Loss: -0.093563, Reg: 0.001898
Iter 310 of 344 Loss: -0.080851, NCC_Loss: -0.082834, Reg: 0.001983
Iter 320 of 344 Loss: -0.081973, NCC_Loss: -0.083852, Reg: 0.001879
Iter 330 of 344 Loss: -0.085277, NCC_Loss: -0.087183, Reg: 0.001907
Iter 340 of 344 Loss: -0.089827, NCC_Loss: -0.091767, Reg: 0.001940
Epoch 27 Loss: -0.082123
Epoch 27 Validation: Mean EPE: 7.2582, Mean SSIM: 0.1876, Mean ZNCC: -0.0345
Epoch 28 starts
Iter 10 of 344 Loss: -0.089867, NCC_Loss: -0.091723, Reg: 0.001856
Iter 20 of 344 Loss: -0.088165, NCC_Loss: -0.090077, Reg: 0.001912
Iter 30 of 344 Loss: -0.080851, NCC_Loss: -0.082759, Reg: 0.001907
Iter 40 of 344 Loss: -0.079337, NCC_Loss: -0.081266, Reg: 0.001929
Iter 50 of 344 Loss: -0.084234, NCC_Loss: -0.086150, Reg: 0.001916
Iter 60 of 344 Loss: -0.084320, NCC_Loss: -0.086195, Reg: 0.001876
Iter 70 of 344 Loss: -0.086305, NCC_Loss: -0.088228, Reg: 0.001924
Iter 80 of 344 Loss: -0.079145, NCC_Loss: -0.081137, Reg: 0.001992
Iter 90 of 344 Loss: -0.084163, NCC_Loss: -0.086011, Reg: 0.001848
Iter 100 of 344 Loss: -0.085763, NCC_Loss: -0.087723, Reg: 0.001961
Iter 110 of 344 Loss: -0.080239, NCC_Loss: -0.082175, Reg: 0.001937
Iter 120 of 344 Loss: -0.083362, NCC_Loss: -0.085253, Reg: 0.001891
Iter 130 of 344 Loss: -0.083100, NCC_Loss: -0.085065, Reg: 0.001965
Iter 140 of 344 Loss: -0.078265, NCC_Loss: -0.080175, Reg: 0.001910
Iter 150 of 344 Loss: -0.079338, NCC_Loss: -0.081259, Reg: 0.001921
Iter 160 of 344 Loss: -0.082216, NCC_Loss: -0.084235, Reg: 0.002019
Iter 170 of 344 Loss: -0.086357, NCC_Loss: -0.088249, Reg: 0.001891
Iter 180 of 344 Loss: -0.077175, NCC_Loss: -0.079069, Reg: 0.001894
Iter 190 of 344 Loss: -0.084672, NCC_Loss: -0.086599, Reg: 0.001927
Iter 200 of 344 Loss: -0.080591, NCC_Loss: -0.082501, Reg: 0.001910
Iter 210 of 344 Loss: -0.077904, NCC_Loss: -0.079938, Reg: 0.002034
Iter 220 of 344 Loss: -0.081147, NCC_Loss: -0.083067, Reg: 0.001921
Iter 230 of 344 Loss: -0.084454, NCC_Loss: -0.086482, Reg: 0.002028
Iter 240 of 344 Loss: -0.085256, NCC_Loss: -0.087184, Reg: 0.001928
Iter 250 of 344 Loss: -0.079671, NCC_Loss: -0.081608, Reg: 0.001937
Iter 260 of 344 Loss: -0.082952, NCC_Loss: -0.084842, Reg: 0.001890
Iter 270 of 344 Loss: -0.080780, NCC_Loss: -0.082639, Reg: 0.001859
Iter 280 of 344 Loss: -0.086773, NCC_Loss: -0.088665, Reg: 0.001892
Iter 290 of 344 Loss: -0.079897, NCC_Loss: -0.081541, Reg: 0.001644
Iter 300 of 344 Loss: -0.076095, NCC_Loss: -0.077720, Reg: 0.001625
Iter 310 of 344 Loss: -0.079930, NCC_Loss: -0.081488, Reg: 0.001558
Iter 320 of 344 Loss: -0.072262, NCC_Loss: -0.073832, Reg: 0.001570
Iter 330 of 344 Loss: -0.084773, NCC_Loss: -0.086342, Reg: 0.001569
Iter 340 of 344 Loss: -0.077069, NCC_Loss: -0.078624, Reg: 0.001555
Epoch 28 Loss: -0.082237
Epoch 28 Validation: Mean EPE: 7.2593, Mean SSIM: 0.1867, Mean ZNCC: -0.0359
Epoch 29 starts
Iter 10 of 344 Loss: -0.083469, NCC_Loss: -0.085072, Reg: 0.001603
Iter 20 of 344 Loss: -0.082301, NCC_Loss: -0.083790, Reg: 0.001489
Iter 30 of 344 Loss: -0.081349, NCC_Loss: -0.082875, Reg: 0.001526
Iter 40 of 344 Loss: -0.082564, NCC_Loss: -0.084075, Reg: 0.001512
Iter 50 of 344 Loss: -0.083637, NCC_Loss: -0.085169, Reg: 0.001532
Iter 60 of 344 Loss: -0.076497, NCC_Loss: -0.077996, Reg: 0.001499
Iter 70 of 344 Loss: -0.084883, NCC_Loss: -0.086423, Reg: 0.001540
Iter 80 of 344 Loss: -0.084928, NCC_Loss: -0.086469, Reg: 0.001542
Iter 90 of 344 Loss: -0.078691, NCC_Loss: -0.080208, Reg: 0.001516
Iter 100 of 344 Loss: -0.079271, NCC_Loss: -0.080791, Reg: 0.001520
Iter 110 of 344 Loss: -0.077119, NCC_Loss: -0.078562, Reg: 0.001443
Iter 120 of 344 Loss: -0.078849, NCC_Loss: -0.080368, Reg: 0.001519
Iter 130 of 344 Loss: -0.084571, NCC_Loss: -0.086088, Reg: 0.001517
Iter 140 of 344 Loss: -0.079476, NCC_Loss: -0.080917, Reg: 0.001441
Iter 150 of 344 Loss: -0.079779, NCC_Loss: -0.081220, Reg: 0.001441
Iter 160 of 344 Loss: -0.077375, NCC_Loss: -0.078813, Reg: 0.001437
Iter 170 of 344 Loss: -0.083678, NCC_Loss: -0.085121, Reg: 0.001444
Iter 180 of 344 Loss: -0.081238, NCC_Loss: -0.082707, Reg: 0.001468
Iter 190 of 344 Loss: -0.082204, NCC_Loss: -0.083595, Reg: 0.001391
Iter 200 of 344 Loss: -0.080815, NCC_Loss: -0.082228, Reg: 0.001413
Iter 210 of 344 Loss: -0.085498, NCC_Loss: -0.086913, Reg: 0.001415
Iter 220 of 344 Loss: -0.082728, NCC_Loss: -0.084146, Reg: 0.001418
Iter 230 of 344 Loss: -0.086165, NCC_Loss: -0.087631, Reg: 0.001466
Iter 240 of 344 Loss: -0.080497, NCC_Loss: -0.081928, Reg: 0.001431
Iter 250 of 344 Loss: -0.075621, NCC_Loss: -0.077068, Reg: 0.001447
Iter 260 of 344 Loss: -0.085634, NCC_Loss: -0.087109, Reg: 0.001475
Iter 270 of 344 Loss: -0.083600, NCC_Loss: -0.085106, Reg: 0.001506
Iter 280 of 344 Loss: -0.083133, NCC_Loss: -0.084591, Reg: 0.001458
Iter 290 of 344 Loss: -0.081395, NCC_Loss: -0.082856, Reg: 0.001461
Iter 300 of 344 Loss: -0.081662, NCC_Loss: -0.083155, Reg: 0.001492
Iter 310 of 344 Loss: -0.081067, NCC_Loss: -0.082549, Reg: 0.001481
Iter 320 of 344 Loss: -0.074645, NCC_Loss: -0.076086, Reg: 0.001442
Iter 330 of 344 Loss: -0.084834, NCC_Loss: -0.086323, Reg: 0.001489
Iter 340 of 344 Loss: -0.083818, NCC_Loss: -0.085327, Reg: 0.001509
Epoch 29 Loss: -0.081555
Epoch 29 Validation: Mean EPE: 7.2556, Mean SSIM: 0.1867, Mean ZNCC: -0.0358
Epoch 30 starts
Iter 10 of 344 Loss: -0.080717, NCC_Loss: -0.082202, Reg: 0.001485
Iter 20 of 344 Loss: -0.081873, NCC_Loss: -0.083381, Reg: 0.001508
Iter 30 of 344 Loss: -0.086201, NCC_Loss: -0.087671, Reg: 0.001469
Iter 40 of 344 Loss: -0.082736, NCC_Loss: -0.084254, Reg: 0.001518
Iter 50 of 344 Loss: -0.085672, NCC_Loss: -0.087231, Reg: 0.001558
Iter 60 of 344 Loss: -0.086132, NCC_Loss: -0.087609, Reg: 0.001477
Iter 70 of 344 Loss: -0.087453, NCC_Loss: -0.088926, Reg: 0.001472
Iter 80 of 344 Loss: -0.082807, NCC_Loss: -0.084319, Reg: 0.001512
Iter 90 of 344 Loss: -0.083684, NCC_Loss: -0.085208, Reg: 0.001525
Iter 100 of 344 Loss: -0.076621, NCC_Loss: -0.078200, Reg: 0.001579
Iter 110 of 344 Loss: -0.080590, NCC_Loss: -0.082105, Reg: 0.001515
Iter 120 of 344 Loss: -0.081435, NCC_Loss: -0.082944, Reg: 0.001509
Iter 130 of 344 Loss: -0.079202, NCC_Loss: -0.080759, Reg: 0.001556
Iter 140 of 344 Loss: -0.080185, NCC_Loss: -0.081746, Reg: 0.001561
Iter 150 of 344 Loss: -0.082579, NCC_Loss: -0.084140, Reg: 0.001561
Iter 160 of 344 Loss: -0.080241, NCC_Loss: -0.081814, Reg: 0.001573
Iter 170 of 344 Loss: -0.086311, NCC_Loss: -0.087921, Reg: 0.001610
Iter 180 of 344 Loss: -0.080603, NCC_Loss: -0.082157, Reg: 0.001554
Iter 190 of 344 Loss: -0.082121, NCC_Loss: -0.083750, Reg: 0.001628
Iter 200 of 344 Loss: -0.089250, NCC_Loss: -0.090855, Reg: 0.001605
Iter 210 of 344 Loss: -0.080816, NCC_Loss: -0.082349, Reg: 0.001533
Iter 220 of 344 Loss: -0.083584, NCC_Loss: -0.085177, Reg: 0.001593
Iter 230 of 344 Loss: -0.080225, NCC_Loss: -0.081837, Reg: 0.001612
Iter 240 of 344 Loss: -0.084067, NCC_Loss: -0.085622, Reg: 0.001554
Iter 250 of 344 Loss: -0.080899, NCC_Loss: -0.082466, Reg: 0.001567
Iter 260 of 344 Loss: -0.082001, NCC_Loss: -0.083631, Reg: 0.001629
Iter 270 of 344 Loss: -0.088934, NCC_Loss: -0.090485, Reg: 0.001550
Iter 280 of 344 Loss: -0.082537, NCC_Loss: -0.084099, Reg: 0.001562
Iter 290 of 344 Loss: -0.081337, NCC_Loss: -0.083031, Reg: 0.001694
Iter 300 of 344 Loss: -0.078150, NCC_Loss: -0.079697, Reg: 0.001546
Iter 310 of 344 Loss: -0.084296, NCC_Loss: -0.085900, Reg: 0.001604
Iter 320 of 344 Loss: -0.080427, NCC_Loss: -0.082044, Reg: 0.001618
Iter 330 of 344 Loss: -0.078895, NCC_Loss: -0.080490, Reg: 0.001595
Iter 340 of 344 Loss: -0.077918, NCC_Loss: -0.079554, Reg: 0.001636
Epoch 30 Loss: -0.082277
Epoch 30 Validation: Mean EPE: 7.2546, Mean SSIM: 0.1872, Mean ZNCC: -0.0353
Epoch 31 starts
Iter 10 of 344 Loss: -0.080460, NCC_Loss: -0.082156, Reg: 0.001696
Iter 20 of 344 Loss: -0.079721, NCC_Loss: -0.081435, Reg: 0.001713
Iter 30 of 344 Loss: -0.081389, NCC_Loss: -0.083060, Reg: 0.001670
Iter 40 of 344 Loss: -0.079067, NCC_Loss: -0.080715, Reg: 0.001647
Iter 50 of 344 Loss: -0.083737, NCC_Loss: -0.085332, Reg: 0.001595
Iter 60 of 344 Loss: -0.080575, NCC_Loss: -0.082240, Reg: 0.001665
Iter 70 of 344 Loss: -0.081182, NCC_Loss: -0.082823, Reg: 0.001641
Iter 80 of 344 Loss: -0.082557, NCC_Loss: -0.084181, Reg: 0.001624
Iter 90 of 344 Loss: -0.079935, NCC_Loss: -0.081587, Reg: 0.001652
Iter 100 of 344 Loss: -0.083267, NCC_Loss: -0.084943, Reg: 0.001677
Iter 110 of 344 Loss: -0.089626, NCC_Loss: -0.091271, Reg: 0.001645
Iter 120 of 344 Loss: -0.085476, NCC_Loss: -0.087171, Reg: 0.001695
Iter 130 of 344 Loss: -0.086139, NCC_Loss: -0.087725, Reg: 0.001586
Iter 140 of 344 Loss: -0.084496, NCC_Loss: -0.086143, Reg: 0.001647
Iter 150 of 344 Loss: -0.083388, NCC_Loss: -0.084980, Reg: 0.001592
Iter 160 of 344 Loss: -0.081866, NCC_Loss: -0.083517, Reg: 0.001651
Iter 170 of 344 Loss: -0.092240, NCC_Loss: -0.093910, Reg: 0.001670
Iter 180 of 344 Loss: -0.088025, NCC_Loss: -0.089760, Reg: 0.001736
Iter 190 of 344 Loss: -0.084066, NCC_Loss: -0.085728, Reg: 0.001662
Iter 200 of 344 Loss: -0.083001, NCC_Loss: -0.084618, Reg: 0.001617
Iter 210 of 344 Loss: -0.081906, NCC_Loss: -0.083584, Reg: 0.001678
Iter 220 of 344 Loss: -0.081756, NCC_Loss: -0.083522, Reg: 0.001766
Iter 230 of 344 Loss: -0.086716, NCC_Loss: -0.088438, Reg: 0.001722
Iter 240 of 344 Loss: -0.086326, NCC_Loss: -0.088005, Reg: 0.001679
Iter 250 of 344 Loss: -0.086739, NCC_Loss: -0.088421, Reg: 0.001682
Iter 260 of 344 Loss: -0.079867, NCC_Loss: -0.081528, Reg: 0.001662
Iter 270 of 344 Loss: -0.080055, NCC_Loss: -0.081721, Reg: 0.001666
Iter 280 of 344 Loss: -0.082431, NCC_Loss: -0.084175, Reg: 0.001744
Iter 290 of 344 Loss: -0.080732, NCC_Loss: -0.082445, Reg: 0.001713
Iter 300 of 344 Loss: -0.082623, NCC_Loss: -0.084303, Reg: 0.001680
Iter 310 of 344 Loss: -0.087512, NCC_Loss: -0.089152, Reg: 0.001640
Iter 320 of 344 Loss: -0.079731, NCC_Loss: -0.081395, Reg: 0.001664
Iter 330 of 344 Loss: -0.084787, NCC_Loss: -0.086486, Reg: 0.001699
Iter 340 of 344 Loss: -0.080191, NCC_Loss: -0.081796, Reg: 0.001605
Epoch 31 Loss: -0.082622
Epoch 31 Validation: Mean EPE: 7.2542, Mean SSIM: 0.1875, Mean ZNCC: -0.0352
Epoch 32 starts
Iter 10 of 344 Loss: -0.074568, NCC_Loss: -0.076181, Reg: 0.001613
Iter 20 of 344 Loss: -0.080885, NCC_Loss: -0.082758, Reg: 0.001874
Iter 30 of 344 Loss: -0.083943, NCC_Loss: -0.085983, Reg: 0.002040
Iter 40 of 344 Loss: -0.074928, NCC_Loss: -0.076993, Reg: 0.002065
Iter 50 of 344 Loss: -0.080034, NCC_Loss: -0.082028, Reg: 0.001994
Iter 60 of 344 Loss: -0.076210, NCC_Loss: -0.078117, Reg: 0.001907
Iter 70 of 344 Loss: -0.079751, NCC_Loss: -0.081663, Reg: 0.001912
Iter 80 of 344 Loss: -0.075271, NCC_Loss: -0.077138, Reg: 0.001866
Iter 90 of 344 Loss: -0.078033, NCC_Loss: -0.079949, Reg: 0.001915
Iter 100 of 344 Loss: -0.079797, NCC_Loss: -0.081660, Reg: 0.001863
Iter 110 of 344 Loss: -0.078902, NCC_Loss: -0.080826, Reg: 0.001925
Iter 120 of 344 Loss: -0.079112, NCC_Loss: -0.081014, Reg: 0.001902
Iter 130 of 344 Loss: -0.083728, NCC_Loss: -0.085591, Reg: 0.001863
Iter 140 of 344 Loss: -0.077906, NCC_Loss: -0.079825, Reg: 0.001918
Iter 150 of 344 Loss: -0.072964, NCC_Loss: -0.074846, Reg: 0.001882
Iter 160 of 344 Loss: -0.078015, NCC_Loss: -0.079899, Reg: 0.001883
Iter 170 of 344 Loss: -0.087246, NCC_Loss: -0.089168, Reg: 0.001922
Iter 180 of 344 Loss: -0.077695, NCC_Loss: -0.079476, Reg: 0.001781
Iter 190 of 344 Loss: -0.085789, NCC_Loss: -0.087583, Reg: 0.001794
Iter 200 of 344 Loss: -0.088736, NCC_Loss: -0.090582, Reg: 0.001846
Iter 210 of 344 Loss: -0.086915, NCC_Loss: -0.088739, Reg: 0.001823
Iter 220 of 344 Loss: -0.086463, NCC_Loss: -0.088314, Reg: 0.001851
Iter 230 of 344 Loss: -0.076310, NCC_Loss: -0.078231, Reg: 0.001920
Iter 240 of 344 Loss: -0.079563, NCC_Loss: -0.081321, Reg: 0.001758
Iter 250 of 344 Loss: -0.079648, NCC_Loss: -0.081490, Reg: 0.001842
Iter 260 of 344 Loss: -0.094576, NCC_Loss: -0.096339, Reg: 0.001762
Iter 270 of 344 Loss: -0.080599, NCC_Loss: -0.082394, Reg: 0.001795
Iter 280 of 344 Loss: -0.074398, NCC_Loss: -0.076160, Reg: 0.001762
Iter 290 of 344 Loss: -0.085159, NCC_Loss: -0.086953, Reg: 0.001794
Iter 300 of 344 Loss: -0.092012, NCC_Loss: -0.093844, Reg: 0.001832
Iter 310 of 344 Loss: -0.085019, NCC_Loss: -0.086722, Reg: 0.001703
Iter 320 of 344 Loss: -0.083952, NCC_Loss: -0.085658, Reg: 0.001706
Iter 330 of 344 Loss: -0.083156, NCC_Loss: -0.084934, Reg: 0.001777
Iter 340 of 344 Loss: -0.082593, NCC_Loss: -0.084350, Reg: 0.001757
Epoch 32 Loss: -0.082165
Epoch 32 Validation: Mean EPE: 7.2558, Mean SSIM: 0.1871, Mean ZNCC: -0.0353
Epoch 33 starts
Iter 10 of 344 Loss: -0.078354, NCC_Loss: -0.080092, Reg: 0.001739
Iter 20 of 344 Loss: -0.079313, NCC_Loss: -0.081142, Reg: 0.001829
Iter 30 of 344 Loss: -0.079591, NCC_Loss: -0.081312, Reg: 0.001720
Iter 40 of 344 Loss: -0.078625, NCC_Loss: -0.080418, Reg: 0.001794
Iter 50 of 344 Loss: -0.078974, NCC_Loss: -0.080797, Reg: 0.001823
Iter 60 of 344 Loss: -0.084828, NCC_Loss: -0.086566, Reg: 0.001738
Iter 70 of 344 Loss: -0.083387, NCC_Loss: -0.086948, Reg: 0.003561
Iter 80 of 344 Loss: -0.074276, NCC_Loss: -0.078388, Reg: 0.004112
Iter 90 of 344 Loss: -0.075033, NCC_Loss: -0.079484, Reg: 0.004451
Iter 100 of 344 Loss: -0.076860, NCC_Loss: -0.081264, Reg: 0.004404
Iter 110 of 344 Loss: -0.068601, NCC_Loss: -0.073304, Reg: 0.004702
Iter 120 of 344 Loss: -0.074118, NCC_Loss: -0.078644, Reg: 0.004526
Iter 130 of 344 Loss: -0.075186, NCC_Loss: -0.079310, Reg: 0.004124
Iter 140 of 344 Loss: -0.078565, NCC_Loss: -0.082536, Reg: 0.003971
Iter 150 of 344 Loss: -0.080942, NCC_Loss: -0.085017, Reg: 0.004075
Iter 160 of 344 Loss: -0.076194, NCC_Loss: -0.080370, Reg: 0.004175
Iter 170 of 344 Loss: -0.071072, NCC_Loss: -0.075306, Reg: 0.004234
Iter 180 of 344 Loss: -0.067793, NCC_Loss: -0.071675, Reg: 0.003883
Iter 190 of 344 Loss: -0.072495, NCC_Loss: -0.076493, Reg: 0.003998
Iter 200 of 344 Loss: -0.071152, NCC_Loss: -0.075082, Reg: 0.003930
Iter 210 of 344 Loss: -0.076654, NCC_Loss: -0.080742, Reg: 0.004088
Iter 220 of 344 Loss: -0.070928, NCC_Loss: -0.074722, Reg: 0.003794
Iter 230 of 344 Loss: -0.070416, NCC_Loss: -0.074292, Reg: 0.003876
Iter 240 of 344 Loss: -0.074506, NCC_Loss: -0.078259, Reg: 0.003752
Iter 250 of 344 Loss: -0.079605, NCC_Loss: -0.083293, Reg: 0.003688
Iter 260 of 344 Loss: -0.076019, NCC_Loss: -0.079737, Reg: 0.003718
Iter 270 of 344 Loss: -0.072898, NCC_Loss: -0.076815, Reg: 0.003917
Iter 280 of 344 Loss: -0.068950, NCC_Loss: -0.072818, Reg: 0.003868
Iter 290 of 344 Loss: -0.075817, NCC_Loss: -0.079443, Reg: 0.003626
Iter 300 of 344 Loss: -0.082140, NCC_Loss: -0.085591, Reg: 0.003450
Iter 310 of 344 Loss: -0.079593, NCC_Loss: -0.083397, Reg: 0.003804
Iter 320 of 344 Loss: -0.077005, NCC_Loss: -0.080732, Reg: 0.003727
Iter 330 of 344 Loss: -0.075246, NCC_Loss: -0.078990, Reg: 0.003744
Iter 340 of 344 Loss: -0.072659, NCC_Loss: -0.076498, Reg: 0.003840
Epoch 33 Loss: -0.076907
Epoch 33 Validation: Mean EPE: 7.2674, Mean SSIM: 0.1836, Mean ZNCC: -0.0354
Epoch 34 starts
Iter 10 of 344 Loss: -0.071663, NCC_Loss: -0.075602, Reg: 0.003939
Iter 20 of 344 Loss: -0.082399, NCC_Loss: -0.086167, Reg: 0.003769
Iter 30 of 344 Loss: -0.076739, NCC_Loss: -0.080164, Reg: 0.003425
Iter 40 of 344 Loss: -0.077209, NCC_Loss: -0.080620, Reg: 0.003410
Iter 50 of 344 Loss: -0.076848, NCC_Loss: -0.080295, Reg: 0.003447
Iter 60 of 344 Loss: -0.069284, NCC_Loss: -0.072648, Reg: 0.003364
Iter 70 of 344 Loss: -0.076346, NCC_Loss: -0.079909, Reg: 0.003563
Iter 80 of 344 Loss: -0.074105, NCC_Loss: -0.077484, Reg: 0.003379
Iter 90 of 344 Loss: -0.081976, NCC_Loss: -0.085257, Reg: 0.003281
Iter 100 of 344 Loss: -0.080093, NCC_Loss: -0.083283, Reg: 0.003190
Iter 110 of 344 Loss: -0.081899, NCC_Loss: -0.085170, Reg: 0.003271
Iter 120 of 344 Loss: -0.076582, NCC_Loss: -0.079978, Reg: 0.003396
Iter 130 of 344 Loss: -0.078754, NCC_Loss: -0.081987, Reg: 0.003232
Iter 140 of 344 Loss: -0.080229, NCC_Loss: -0.083285, Reg: 0.003056
Iter 150 of 344 Loss: -0.078668, NCC_Loss: -0.081867, Reg: 0.003199
Iter 160 of 344 Loss: -0.076013, NCC_Loss: -0.079411, Reg: 0.003398
Iter 170 of 344 Loss: -0.077333, NCC_Loss: -0.080370, Reg: 0.003037
Iter 180 of 344 Loss: -0.076119, NCC_Loss: -0.079214, Reg: 0.003095
Iter 190 of 344 Loss: -0.080365, NCC_Loss: -0.083777, Reg: 0.003412
Iter 200 of 344 Loss: -0.071414, NCC_Loss: -0.074531, Reg: 0.003117
Iter 210 of 344 Loss: -0.069841, NCC_Loss: -0.072930, Reg: 0.003089
Iter 220 of 344 Loss: -0.076964, NCC_Loss: -0.080076, Reg: 0.003112
Iter 230 of 344 Loss: -0.084103, NCC_Loss: -0.087017, Reg: 0.002915
Iter 240 of 344 Loss: -0.081269, NCC_Loss: -0.084249, Reg: 0.002981
Iter 250 of 344 Loss: -0.081275, NCC_Loss: -0.084118, Reg: 0.002843
Iter 260 of 344 Loss: -0.074230, NCC_Loss: -0.077206, Reg: 0.002976
Iter 270 of 344 Loss: -0.075175, NCC_Loss: -0.078284, Reg: 0.003109
Iter 280 of 344 Loss: -0.073878, NCC_Loss: -0.076769, Reg: 0.002891
Iter 290 of 344 Loss: -0.074833, NCC_Loss: -0.077657, Reg: 0.002824
Iter 300 of 344 Loss: -0.069271, NCC_Loss: -0.072186, Reg: 0.002914
Iter 310 of 344 Loss: -0.072661, NCC_Loss: -0.075517, Reg: 0.002856
Iter 320 of 344 Loss: -0.077813, NCC_Loss: -0.080922, Reg: 0.003109
Iter 330 of 344 Loss: -0.077695, NCC_Loss: -0.080719, Reg: 0.003024
Iter 340 of 344 Loss: -0.078174, NCC_Loss: -0.080963, Reg: 0.002788
Epoch 34 Loss: -0.077213
Epoch 34 Validation: Mean EPE: 7.2665, Mean SSIM: 0.1854, Mean ZNCC: -0.0357
Epoch 35 starts
Iter 10 of 344 Loss: -0.076624, NCC_Loss: -0.079422, Reg: 0.002798
Iter 20 of 344 Loss: -0.080782, NCC_Loss: -0.083568, Reg: 0.002786
Iter 30 of 344 Loss: -0.080821, NCC_Loss: -0.083829, Reg: 0.003008
Iter 40 of 344 Loss: -0.074883, NCC_Loss: -0.077861, Reg: 0.002977
Iter 50 of 344 Loss: -0.081107, NCC_Loss: -0.083849, Reg: 0.002742
Iter 60 of 344 Loss: -0.080211, NCC_Loss: -0.083175, Reg: 0.002964
Iter 70 of 344 Loss: -0.069392, NCC_Loss: -0.072339, Reg: 0.002946
Iter 80 of 344 Loss: -0.080293, NCC_Loss: -0.083143, Reg: 0.002850
Iter 90 of 344 Loss: -0.074233, NCC_Loss: -0.077297, Reg: 0.003063
Iter 100 of 344 Loss: -0.073478, NCC_Loss: -0.076377, Reg: 0.002899
Iter 110 of 344 Loss: -0.079383, NCC_Loss: -0.081976, Reg: 0.002593
Iter 120 of 344 Loss: -0.074632, NCC_Loss: -0.077613, Reg: 0.002981
Iter 130 of 344 Loss: -0.082124, NCC_Loss: -0.084848, Reg: 0.002724
Iter 140 of 344 Loss: -0.084793, NCC_Loss: -0.087552, Reg: 0.002759
Iter 150 of 344 Loss: -0.076892, NCC_Loss: -0.079764, Reg: 0.002872
Iter 160 of 344 Loss: -0.078310, NCC_Loss: -0.080887, Reg: 0.002576
Iter 170 of 344 Loss: -0.080637, NCC_Loss: -0.083393, Reg: 0.002756
Iter 180 of 344 Loss: -0.075385, NCC_Loss: -0.077940, Reg: 0.002555
Iter 190 of 344 Loss: -0.075217, NCC_Loss: -0.077644, Reg: 0.002427
Iter 200 of 344 Loss: -0.083899, NCC_Loss: -0.086567, Reg: 0.002668
Iter 210 of 344 Loss: -0.080598, NCC_Loss: -0.083050, Reg: 0.002451
Iter 220 of 344 Loss: -0.081731, NCC_Loss: -0.084236, Reg: 0.002505
Iter 230 of 344 Loss: -0.083064, NCC_Loss: -0.085761, Reg: 0.002697
Iter 240 of 344 Loss: -0.080632, NCC_Loss: -0.083240, Reg: 0.002608
Iter 250 of 344 Loss: -0.079959, NCC_Loss: -0.082447, Reg: 0.002488
Iter 260 of 344 Loss: -0.074982, NCC_Loss: -0.077545, Reg: 0.002563
Iter 270 of 344 Loss: -0.075614, NCC_Loss: -0.078379, Reg: 0.002764
Iter 280 of 344 Loss: -0.072808, NCC_Loss: -0.075462, Reg: 0.002654
Iter 290 of 344 Loss: -0.081682, NCC_Loss: -0.084441, Reg: 0.002758
Iter 300 of 344 Loss: -0.078434, NCC_Loss: -0.081146, Reg: 0.002712
Iter 310 of 344 Loss: -0.079550, NCC_Loss: -0.082143, Reg: 0.002593
Iter 320 of 344 Loss: -0.080287, NCC_Loss: -0.082937, Reg: 0.002650
Iter 330 of 344 Loss: -0.084237, NCC_Loss: -0.086759, Reg: 0.002522
Iter 340 of 344 Loss: -0.079705, NCC_Loss: -0.082436, Reg: 0.002732
Epoch 35 Loss: -0.078320
Epoch 35 Validation: Mean EPE: 7.2661, Mean SSIM: 0.1864, Mean ZNCC: -0.0359
Epoch 36 starts
Iter 10 of 344 Loss: -0.077592, NCC_Loss: -0.080218, Reg: 0.002626
Iter 20 of 344 Loss: -0.078619, NCC_Loss: -0.081201, Reg: 0.002582
Iter 30 of 344 Loss: -0.071687, NCC_Loss: -0.074152, Reg: 0.002465
Iter 40 of 344 Loss: -0.080601, NCC_Loss: -0.083006, Reg: 0.002405
Iter 50 of 344 Loss: -0.078784, NCC_Loss: -0.081355, Reg: 0.002572
Iter 60 of 344 Loss: -0.078657, NCC_Loss: -0.081192, Reg: 0.002535
Iter 70 of 344 Loss: -0.072598, NCC_Loss: -0.075202, Reg: 0.002604
Iter 80 of 344 Loss: -0.082702, NCC_Loss: -0.085266, Reg: 0.002563
Iter 90 of 344 Loss: -0.079303, NCC_Loss: -0.081872, Reg: 0.002569
Iter 100 of 344 Loss: -0.080005, NCC_Loss: -0.082424, Reg: 0.002419
Iter 110 of 344 Loss: -0.079560, NCC_Loss: -0.082012, Reg: 0.002452
Iter 120 of 344 Loss: -0.086563, NCC_Loss: -0.089031, Reg: 0.002469
Iter 130 of 344 Loss: -0.072209, NCC_Loss: -0.074781, Reg: 0.002572
Iter 140 of 344 Loss: -0.083039, NCC_Loss: -0.085592, Reg: 0.002554
Iter 150 of 344 Loss: -0.076196, NCC_Loss: -0.078612, Reg: 0.002416
Iter 160 of 344 Loss: -0.076572, NCC_Loss: -0.079153, Reg: 0.002581
Iter 170 of 344 Loss: -0.082288, NCC_Loss: -0.084643, Reg: 0.002355
Iter 180 of 344 Loss: -0.078343, NCC_Loss: -0.080888, Reg: 0.002545
Iter 190 of 344 Loss: -0.079891, NCC_Loss: -0.082512, Reg: 0.002621
Iter 200 of 344 Loss: -0.077263, NCC_Loss: -0.079716, Reg: 0.002452
Iter 210 of 344 Loss: -0.082186, NCC_Loss: -0.084523, Reg: 0.002337
Iter 220 of 344 Loss: -0.081749, NCC_Loss: -0.084159, Reg: 0.002410
Iter 230 of 344 Loss: -0.079797, NCC_Loss: -0.082201, Reg: 0.002404
Iter 240 of 344 Loss: -0.076908, NCC_Loss: -0.079475, Reg: 0.002567
Iter 250 of 344 Loss: -0.078646, NCC_Loss: -0.081195, Reg: 0.002549
Iter 260 of 344 Loss: -0.080051, NCC_Loss: -0.082491, Reg: 0.002441
Iter 270 of 344 Loss: -0.073704, NCC_Loss: -0.076189, Reg: 0.002485
Iter 280 of 344 Loss: -0.078992, NCC_Loss: -0.081472, Reg: 0.002480
Iter 290 of 344 Loss: -0.090049, NCC_Loss: -0.092457, Reg: 0.002408
Iter 300 of 344 Loss: -0.077905, NCC_Loss: -0.080252, Reg: 0.002347
Iter 310 of 344 Loss: -0.085395, NCC_Loss: -0.087824, Reg: 0.002429
Iter 320 of 344 Loss: -0.073400, NCC_Loss: -0.075862, Reg: 0.002462
Iter 330 of 344 Loss: -0.085746, NCC_Loss: -0.088038, Reg: 0.002293
Iter 340 of 344 Loss: -0.077102, NCC_Loss: -0.079581, Reg: 0.002479
Epoch 36 Loss: -0.078971
Epoch 36 Validation: Mean EPE: 7.2662, Mean SSIM: 0.1869, Mean ZNCC: -0.0360
Epoch 37 starts
Iter 10 of 344 Loss: -0.072806, NCC_Loss: -0.075098, Reg: 0.002291
Iter 20 of 344 Loss: -0.072907, NCC_Loss: -0.075427, Reg: 0.002520
Iter 30 of 344 Loss: -0.072467, NCC_Loss: -0.074803, Reg: 0.002335
Iter 40 of 344 Loss: -0.076081, NCC_Loss: -0.078324, Reg: 0.002243
Iter 50 of 344 Loss: -0.084536, NCC_Loss: -0.086940, Reg: 0.002404
Iter 60 of 344 Loss: -0.082191, NCC_Loss: -0.084429, Reg: 0.002238
Iter 70 of 344 Loss: -0.074947, NCC_Loss: -0.077261, Reg: 0.002314
Iter 80 of 344 Loss: -0.081483, NCC_Loss: -0.083745, Reg: 0.002262
Iter 90 of 344 Loss: -0.079165, NCC_Loss: -0.081583, Reg: 0.002418
Iter 100 of 344 Loss: -0.080288, NCC_Loss: -0.082617, Reg: 0.002329
Iter 110 of 344 Loss: -0.081640, NCC_Loss: -0.083995, Reg: 0.002355
Iter 120 of 344 Loss: -0.079356, NCC_Loss: -0.081695, Reg: 0.002338
Iter 130 of 344 Loss: -0.081521, NCC_Loss: -0.083824, Reg: 0.002303
Iter 140 of 344 Loss: -0.077695, NCC_Loss: -0.079901, Reg: 0.002206
Iter 150 of 344 Loss: -0.076495, NCC_Loss: -0.078797, Reg: 0.002303
Iter 160 of 344 Loss: -0.083537, NCC_Loss: -0.085824, Reg: 0.002287
Iter 170 of 344 Loss: -0.085193, NCC_Loss: -0.087788, Reg: 0.002595
Iter 180 of 344 Loss: -0.079869, NCC_Loss: -0.082050, Reg: 0.002181
Iter 190 of 344 Loss: -0.081078, NCC_Loss: -0.083402, Reg: 0.002324
Iter 200 of 344 Loss: -0.082380, NCC_Loss: -0.084737, Reg: 0.002357
Iter 210 of 344 Loss: -0.075309, NCC_Loss: -0.077786, Reg: 0.002477
Iter 220 of 344 Loss: -0.077000, NCC_Loss: -0.079319, Reg: 0.002319
Iter 230 of 344 Loss: -0.075852, NCC_Loss: -0.078084, Reg: 0.002231
Iter 240 of 344 Loss: -0.076878, NCC_Loss: -0.079229, Reg: 0.002351
Iter 250 of 344 Loss: -0.076833, NCC_Loss: -0.079044, Reg: 0.002210
Iter 260 of 344 Loss: -0.086504, NCC_Loss: -0.089031, Reg: 0.002527
Iter 270 of 344 Loss: -0.080440, NCC_Loss: -0.082685, Reg: 0.002245
Iter 280 of 344 Loss: -0.088915, NCC_Loss: -0.091230, Reg: 0.002315
Iter 290 of 344 Loss: -0.076722, NCC_Loss: -0.079103, Reg: 0.002381
Iter 300 of 344 Loss: -0.076230, NCC_Loss: -0.078605, Reg: 0.002375
Iter 310 of 344 Loss: -0.082983, NCC_Loss: -0.085143, Reg: 0.002160
Iter 320 of 344 Loss: -0.080369, NCC_Loss: -0.082644, Reg: 0.002275
Iter 330 of 344 Loss: -0.082070, NCC_Loss: -0.084238, Reg: 0.002169
Iter 340 of 344 Loss: -0.077422, NCC_Loss: -0.079635, Reg: 0.002214
Epoch 37 Loss: -0.079405
Epoch 37 Validation: Mean EPE: 7.2665, Mean SSIM: 0.1872, Mean ZNCC: -0.0361
Epoch 38 starts
Iter 10 of 344 Loss: -0.081195, NCC_Loss: -0.083477, Reg: 0.002282
Iter 20 of 344 Loss: -0.073741, NCC_Loss: -0.076015, Reg: 0.002274
Iter 30 of 344 Loss: -0.078511, NCC_Loss: -0.080830, Reg: 0.002319
Iter 40 of 344 Loss: -0.077573, NCC_Loss: -0.079927, Reg: 0.002354
Iter 50 of 344 Loss: -0.079997, NCC_Loss: -0.082004, Reg: 0.002008
Iter 60 of 344 Loss: -0.075995, NCC_Loss: -0.078161, Reg: 0.002165
Iter 70 of 344 Loss: -0.087385, NCC_Loss: -0.089564, Reg: 0.002179
Iter 80 of 344 Loss: -0.077426, NCC_Loss: -0.079623, Reg: 0.002196
Iter 90 of 344 Loss: -0.082845, NCC_Loss: -0.084848, Reg: 0.002003
Iter 100 of 344 Loss: -0.083731, NCC_Loss: -0.086038, Reg: 0.002307
Iter 110 of 344 Loss: -0.082063, NCC_Loss: -0.084462, Reg: 0.002398
Iter 120 of 344 Loss: -0.078774, NCC_Loss: -0.081083, Reg: 0.002309
Iter 130 of 344 Loss: -0.078975, NCC_Loss: -0.080954, Reg: 0.001979
Iter 140 of 344 Loss: -0.080827, NCC_Loss: -0.083046, Reg: 0.002219
Iter 150 of 344 Loss: -0.079040, NCC_Loss: -0.081228, Reg: 0.002187
Iter 160 of 344 Loss: -0.076254, NCC_Loss: -0.078469, Reg: 0.002215
Iter 170 of 344 Loss: -0.078606, NCC_Loss: -0.080702, Reg: 0.002096
Iter 180 of 344 Loss: -0.074045, NCC_Loss: -0.076100, Reg: 0.002055
Iter 190 of 344 Loss: -0.081255, NCC_Loss: -0.083353, Reg: 0.002097
Iter 200 of 344 Loss: -0.084214, NCC_Loss: -0.086268, Reg: 0.002054
Iter 210 of 344 Loss: -0.079919, NCC_Loss: -0.082096, Reg: 0.002178
Iter 220 of 344 Loss: -0.077023, NCC_Loss: -0.079119, Reg: 0.002096
Iter 230 of 344 Loss: -0.074769, NCC_Loss: -0.076895, Reg: 0.002126
Iter 240 of 344 Loss: -0.077298, NCC_Loss: -0.079551, Reg: 0.002253
Iter 250 of 344 Loss: -0.080724, NCC_Loss: -0.082644, Reg: 0.001919
Iter 260 of 344 Loss: -0.086534, NCC_Loss: -0.088620, Reg: 0.002086
Iter 270 of 344 Loss: -0.084410, NCC_Loss: -0.086583, Reg: 0.002172
Iter 280 of 344 Loss: -0.081733, NCC_Loss: -0.083605, Reg: 0.001873
Iter 290 of 344 Loss: -0.087095, NCC_Loss: -0.089129, Reg: 0.002034
Iter 300 of 344 Loss: -0.077075, NCC_Loss: -0.079163, Reg: 0.002088
Iter 310 of 344 Loss: -0.080595, NCC_Loss: -0.082789, Reg: 0.002194
Iter 320 of 344 Loss: -0.079330, NCC_Loss: -0.081520, Reg: 0.002190
Iter 330 of 344 Loss: -0.077515, NCC_Loss: -0.079585, Reg: 0.002070
Iter 340 of 344 Loss: -0.082433, NCC_Loss: -0.084580, Reg: 0.002147
Epoch 38 Loss: -0.079722
Epoch 38 Validation: Mean EPE: 7.2669, Mean SSIM: 0.1874, Mean ZNCC: -0.0362
Epoch 39 starts
Iter 10 of 344 Loss: -0.080253, NCC_Loss: -0.082347, Reg: 0.002094
Iter 20 of 344 Loss: -0.091714, NCC_Loss: -0.093925, Reg: 0.002211
Iter 30 of 344 Loss: -0.073488, NCC_Loss: -0.075606, Reg: 0.002118
Iter 40 of 344 Loss: -0.083568, NCC_Loss: -0.085619, Reg: 0.002051
Iter 50 of 344 Loss: -0.079744, NCC_Loss: -0.081989, Reg: 0.002245
Iter 60 of 344 Loss: -0.083004, NCC_Loss: -0.084933, Reg: 0.001929
Iter 70 of 344 Loss: -0.082001, NCC_Loss: -0.083990, Reg: 0.001989
Iter 80 of 344 Loss: -0.084104, NCC_Loss: -0.086163, Reg: 0.002060
Iter 90 of 344 Loss: -0.077901, NCC_Loss: -0.080078, Reg: 0.002177
Iter 100 of 344 Loss: -0.075826, NCC_Loss: -0.077727, Reg: 0.001900
Iter 110 of 344 Loss: -0.077222, NCC_Loss: -0.079288, Reg: 0.002066
Iter 120 of 344 Loss: -0.072972, NCC_Loss: -0.074977, Reg: 0.002005
Iter 130 of 344 Loss: -0.073656, NCC_Loss: -0.075850, Reg: 0.002193
Iter 140 of 344 Loss: -0.075952, NCC_Loss: -0.077949, Reg: 0.001997
Iter 150 of 344 Loss: -0.072907, NCC_Loss: -0.074958, Reg: 0.002050
Iter 160 of 344 Loss: -0.077338, NCC_Loss: -0.079411, Reg: 0.002073
Iter 170 of 344 Loss: -0.074755, NCC_Loss: -0.076708, Reg: 0.001952
Iter 180 of 344 Loss: -0.074936, NCC_Loss: -0.076988, Reg: 0.002052
Iter 190 of 344 Loss: -0.077701, NCC_Loss: -0.079774, Reg: 0.002073
Iter 200 of 344 Loss: -0.079284, NCC_Loss: -0.081352, Reg: 0.002068
Iter 210 of 344 Loss: -0.088325, NCC_Loss: -0.090349, Reg: 0.002024
Iter 220 of 344 Loss: -0.080323, NCC_Loss: -0.082361, Reg: 0.002038
Iter 230 of 344 Loss: -0.077627, NCC_Loss: -0.079629, Reg: 0.002002
Iter 240 of 344 Loss: -0.081610, NCC_Loss: -0.083662, Reg: 0.002051
Iter 250 of 344 Loss: -0.077951, NCC_Loss: -0.079920, Reg: 0.001969
Iter 260 of 344 Loss: -0.073614, NCC_Loss: -0.075729, Reg: 0.002114
Iter 270 of 344 Loss: -0.082707, NCC_Loss: -0.084717, Reg: 0.002010
Iter 280 of 344 Loss: -0.083206, NCC_Loss: -0.085306, Reg: 0.002100
Iter 290 of 344 Loss: -0.077921, NCC_Loss: -0.079888, Reg: 0.001967
Iter 300 of 344 Loss: -0.085607, NCC_Loss: -0.087803, Reg: 0.002196
Iter 310 of 344 Loss: -0.075984, NCC_Loss: -0.077974, Reg: 0.001990
Iter 320 of 344 Loss: -0.078801, NCC_Loss: -0.080905, Reg: 0.002105
Iter 330 of 344 Loss: -0.076972, NCC_Loss: -0.078946, Reg: 0.001974
Iter 340 of 344 Loss: -0.078410, NCC_Loss: -0.080478, Reg: 0.002068
Epoch 39 Loss: -0.079968
Epoch 39 Validation: Mean EPE: 7.2673, Mean SSIM: 0.1876, Mean ZNCC: -0.0362
Epoch 40 starts
Iter 10 of 344 Loss: -0.084228, NCC_Loss: -0.086214, Reg: 0.001985
Iter 20 of 344 Loss: -0.082433, NCC_Loss: -0.084487, Reg: 0.002054
Iter 30 of 344 Loss: -0.080194, NCC_Loss: -0.082312, Reg: 0.002117
Iter 40 of 344 Loss: -0.076413, NCC_Loss: -0.078378, Reg: 0.001965
Iter 50 of 344 Loss: -0.078458, NCC_Loss: -0.080423, Reg: 0.001964
Iter 60 of 344 Loss: -0.082021, NCC_Loss: -0.084070, Reg: 0.002049
Iter 70 of 344 Loss: -0.080006, NCC_Loss: -0.082002, Reg: 0.001995
Iter 80 of 344 Loss: -0.071539, NCC_Loss: -0.073600, Reg: 0.002061
Iter 90 of 344 Loss: -0.072182, NCC_Loss: -0.074115, Reg: 0.001933
Iter 100 of 344 Loss: -0.076288, NCC_Loss: -0.078365, Reg: 0.002076
Iter 110 of 344 Loss: -0.073571, NCC_Loss: -0.075487, Reg: 0.001917
Iter 120 of 344 Loss: -0.083457, NCC_Loss: -0.085390, Reg: 0.001932
Iter 130 of 344 Loss: -0.075312, NCC_Loss: -0.077310, Reg: 0.001998
Iter 140 of 344 Loss: -0.079230, NCC_Loss: -0.081146, Reg: 0.001916
Iter 150 of 344 Loss: -0.086572, NCC_Loss: -0.088497, Reg: 0.001925
Iter 160 of 344 Loss: -0.083393, NCC_Loss: -0.085385, Reg: 0.001991
Iter 170 of 344 Loss: -0.084068, NCC_Loss: -0.086102, Reg: 0.002035
Iter 180 of 344 Loss: -0.074064, NCC_Loss: -0.076181, Reg: 0.002117
Iter 190 of 344 Loss: -0.086729, NCC_Loss: -0.088690, Reg: 0.001961
Iter 200 of 344 Loss: -0.084352, NCC_Loss: -0.086293, Reg: 0.001941
Iter 210 of 344 Loss: -0.082885, NCC_Loss: -0.084815, Reg: 0.001930
Iter 220 of 344 Loss: -0.082001, NCC_Loss: -0.084041, Reg: 0.002039
Iter 230 of 344 Loss: -0.079047, NCC_Loss: -0.081066, Reg: 0.002019
Iter 240 of 344 Loss: -0.078176, NCC_Loss: -0.080101, Reg: 0.001925
Iter 250 of 344 Loss: -0.080021, NCC_Loss: -0.081855, Reg: 0.001833
Iter 260 of 344 Loss: -0.087237, NCC_Loss: -0.089166, Reg: 0.001929
Iter 270 of 344 Loss: -0.094046, NCC_Loss: -0.095888, Reg: 0.001842
Iter 280 of 344 Loss: -0.082681, NCC_Loss: -0.084600, Reg: 0.001919
Iter 290 of 344 Loss: -0.080919, NCC_Loss: -0.082837, Reg: 0.001918
Iter 300 of 344 Loss: -0.082226, NCC_Loss: -0.084079, Reg: 0.001853
Iter 310 of 344 Loss: -0.075715, NCC_Loss: -0.077570, Reg: 0.001855
Iter 320 of 344 Loss: -0.081927, NCC_Loss: -0.083803, Reg: 0.001876
Iter 330 of 344 Loss: -0.092091, NCC_Loss: -0.093958, Reg: 0.001867
Iter 340 of 344 Loss: -0.073469, NCC_Loss: -0.075332, Reg: 0.001863
Epoch 40 Loss: -0.080172
Epoch 40 Validation: Mean EPE: 7.2676, Mean SSIM: 0.1877, Mean ZNCC: -0.0363
Epoch 41 starts
Iter 10 of 344 Loss: -0.081963, NCC_Loss: -0.083811, Reg: 0.001848
Iter 20 of 344 Loss: -0.080803, NCC_Loss: -0.082564, Reg: 0.001761
Iter 30 of 344 Loss: -0.088142, NCC_Loss: -0.090066, Reg: 0.001923
Iter 40 of 344 Loss: -0.081110, NCC_Loss: -0.083090, Reg: 0.001980
Iter 50 of 344 Loss: -0.083297, NCC_Loss: -0.085258, Reg: 0.001961
Iter 60 of 344 Loss: -0.081544, NCC_Loss: -0.083421, Reg: 0.001878
Iter 70 of 344 Loss: -0.079258, NCC_Loss: -0.081097, Reg: 0.001838
Iter 80 of 344 Loss: -0.080005, NCC_Loss: -0.081878, Reg: 0.001873
Iter 90 of 344 Loss: -0.080799, NCC_Loss: -0.082493, Reg: 0.001694
Iter 100 of 344 Loss: -0.082047, NCC_Loss: -0.083954, Reg: 0.001907
Iter 110 of 344 Loss: -0.079744, NCC_Loss: -0.081652, Reg: 0.001908
Iter 120 of 344 Loss: -0.085971, NCC_Loss: -0.087812, Reg: 0.001841
Iter 130 of 344 Loss: -0.087162, NCC_Loss: -0.088929, Reg: 0.001767
Iter 140 of 344 Loss: -0.080126, NCC_Loss: -0.081954, Reg: 0.001828
Iter 150 of 344 Loss: -0.082301, NCC_Loss: -0.084219, Reg: 0.001918
Iter 160 of 344 Loss: -0.075389, NCC_Loss: -0.077204, Reg: 0.001815
Iter 170 of 344 Loss: -0.092637, NCC_Loss: -0.094634, Reg: 0.001997
Iter 180 of 344 Loss: -0.087756, NCC_Loss: -0.089550, Reg: 0.001793
Iter 190 of 344 Loss: -0.076956, NCC_Loss: -0.078774, Reg: 0.001818
Iter 200 of 344 Loss: -0.078216, NCC_Loss: -0.079993, Reg: 0.001777
Iter 210 of 344 Loss: -0.082635, NCC_Loss: -0.084622, Reg: 0.001986
Iter 220 of 344 Loss: -0.079664, NCC_Loss: -0.081410, Reg: 0.001745
Iter 230 of 344 Loss: -0.076438, NCC_Loss: -0.078314, Reg: 0.001876
Iter 240 of 344 Loss: -0.084892, NCC_Loss: -0.086673, Reg: 0.001781
Iter 250 of 344 Loss: -0.082143, NCC_Loss: -0.084045, Reg: 0.001901
Iter 260 of 344 Loss: -0.076156, NCC_Loss: -0.078142, Reg: 0.001987
Iter 270 of 344 Loss: -0.082577, NCC_Loss: -0.084384, Reg: 0.001807
Iter 280 of 344 Loss: -0.077472, NCC_Loss: -0.079433, Reg: 0.001961
Iter 290 of 344 Loss: -0.078876, NCC_Loss: -0.080661, Reg: 0.001785
Iter 300 of 344 Loss: -0.077407, NCC_Loss: -0.079188, Reg: 0.001780
Iter 310 of 344 Loss: -0.085533, NCC_Loss: -0.087351, Reg: 0.001817
Iter 320 of 344 Loss: -0.079972, NCC_Loss: -0.081734, Reg: 0.001761
Iter 330 of 344 Loss: -0.083596, NCC_Loss: -0.085464, Reg: 0.001868
Iter 340 of 344 Loss: -0.085986, NCC_Loss: -0.087883, Reg: 0.001897
Epoch 41 Loss: -0.080360
Epoch 41 Validation: Mean EPE: 7.2678, Mean SSIM: 0.1878, Mean ZNCC: -0.0364
Epoch 42 starts
Iter 10 of 344 Loss: -0.076245, NCC_Loss: -0.078170, Reg: 0.001925
Iter 20 of 344 Loss: -0.079195, NCC_Loss: -0.081017, Reg: 0.001823
Iter 30 of 344 Loss: -0.074742, NCC_Loss: -0.076577, Reg: 0.001834
Iter 40 of 344 Loss: -0.083584, NCC_Loss: -0.085258, Reg: 0.001674
Iter 50 of 344 Loss: -0.081624, NCC_Loss: -0.083391, Reg: 0.001766
Iter 60 of 344 Loss: -0.085305, NCC_Loss: -0.087132, Reg: 0.001826
Iter 70 of 344 Loss: -0.081359, NCC_Loss: -0.083063, Reg: 0.001704
Iter 80 of 344 Loss: -0.087816, NCC_Loss: -0.089607, Reg: 0.001791
Iter 90 of 344 Loss: -0.077626, NCC_Loss: -0.079352, Reg: 0.001726
Iter 100 of 344 Loss: -0.081456, NCC_Loss: -0.083228, Reg: 0.001772
Iter 110 of 344 Loss: -0.083240, NCC_Loss: -0.085146, Reg: 0.001907
Iter 120 of 344 Loss: -0.077945, NCC_Loss: -0.079858, Reg: 0.001913
Iter 130 of 344 Loss: -0.081332, NCC_Loss: -0.083141, Reg: 0.001809
Iter 140 of 344 Loss: -0.079551, NCC_Loss: -0.081390, Reg: 0.001840
Iter 150 of 344 Loss: -0.083798, NCC_Loss: -0.085497, Reg: 0.001698
Iter 160 of 344 Loss: -0.079516, NCC_Loss: -0.081276, Reg: 0.001759
Iter 170 of 344 Loss: -0.082779, NCC_Loss: -0.084506, Reg: 0.001727
Iter 180 of 344 Loss: -0.078981, NCC_Loss: -0.080758, Reg: 0.001777
Iter 190 of 344 Loss: -0.080207, NCC_Loss: -0.081990, Reg: 0.001784
Iter 200 of 344 Loss: -0.078277, NCC_Loss: -0.080031, Reg: 0.001754
Iter 210 of 344 Loss: -0.083139, NCC_Loss: -0.084829, Reg: 0.001689
Iter 220 of 344 Loss: -0.078168, NCC_Loss: -0.079903, Reg: 0.001735
Iter 230 of 344 Loss: -0.076920, NCC_Loss: -0.078580, Reg: 0.001660
Iter 240 of 344 Loss: -0.082217, NCC_Loss: -0.084002, Reg: 0.001786
Iter 250 of 344 Loss: -0.079328, NCC_Loss: -0.081098, Reg: 0.001770
Iter 260 of 344 Loss: -0.075581, NCC_Loss: -0.077368, Reg: 0.001787
Iter 270 of 344 Loss: -0.078088, NCC_Loss: -0.079663, Reg: 0.001576
Iter 280 of 344 Loss: -0.076106, NCC_Loss: -0.077771, Reg: 0.001665
Iter 290 of 344 Loss: -0.083433, NCC_Loss: -0.085237, Reg: 0.001805
Iter 300 of 344 Loss: -0.078729, NCC_Loss: -0.080465, Reg: 0.001735
Iter 310 of 344 Loss: -0.080006, NCC_Loss: -0.081754, Reg: 0.001749
Iter 320 of 344 Loss: -0.076330, NCC_Loss: -0.078093, Reg: 0.001763
Iter 330 of 344 Loss: -0.077539, NCC_Loss: -0.079121, Reg: 0.001582
Iter 340 of 344 Loss: -0.085419, NCC_Loss: -0.087150, Reg: 0.001731
Epoch 42 Loss: -0.080516
Epoch 42 Validation: Mean EPE: 7.2679, Mean SSIM: 0.1878, Mean ZNCC: -0.0364
Epoch 43 starts
Iter 10 of 344 Loss: -0.083803, NCC_Loss: -0.085516, Reg: 0.001713
Iter 20 of 344 Loss: -0.085012, NCC_Loss: -0.086788, Reg: 0.001776
Iter 30 of 344 Loss: -0.079950, NCC_Loss: -0.081758, Reg: 0.001808
Iter 40 of 344 Loss: -0.081323, NCC_Loss: -0.083013, Reg: 0.001690
Iter 50 of 344 Loss: -0.079961, NCC_Loss: -0.081705, Reg: 0.001744
Iter 60 of 344 Loss: -0.078592, NCC_Loss: -0.080273, Reg: 0.001681
Iter 70 of 344 Loss: -0.088986, NCC_Loss: -0.090692, Reg: 0.001706
Iter 80 of 344 Loss: -0.078237, NCC_Loss: -0.079949, Reg: 0.001712
Iter 90 of 344 Loss: -0.085060, NCC_Loss: -0.086852, Reg: 0.001792
Iter 100 of 344 Loss: -0.076492, NCC_Loss: -0.078314, Reg: 0.001823
Iter 110 of 344 Loss: -0.080436, NCC_Loss: -0.082085, Reg: 0.001649
Iter 120 of 344 Loss: -0.085143, NCC_Loss: -0.086921, Reg: 0.001778
Iter 130 of 344 Loss: -0.081905, NCC_Loss: -0.083839, Reg: 0.001934
Iter 140 of 344 Loss: -0.081108, NCC_Loss: -0.082851, Reg: 0.001742
Iter 150 of 344 Loss: -0.081757, NCC_Loss: -0.083552, Reg: 0.001795
Iter 160 of 344 Loss: -0.080736, NCC_Loss: -0.082458, Reg: 0.001722
Iter 170 of 344 Loss: -0.084845, NCC_Loss: -0.086579, Reg: 0.001734
Iter 180 of 344 Loss: -0.079920, NCC_Loss: -0.081766, Reg: 0.001846
Iter 190 of 344 Loss: -0.076929, NCC_Loss: -0.078663, Reg: 0.001734
Iter 200 of 344 Loss: -0.076673, NCC_Loss: -0.078253, Reg: 0.001580
Iter 210 of 344 Loss: -0.078923, NCC_Loss: -0.080622, Reg: 0.001699
Iter 220 of 344 Loss: -0.083908, NCC_Loss: -0.085539, Reg: 0.001632
Iter 230 of 344 Loss: -0.086397, NCC_Loss: -0.088050, Reg: 0.001653
Iter 240 of 344 Loss: -0.078633, NCC_Loss: -0.080266, Reg: 0.001633
Iter 250 of 344 Loss: -0.085023, NCC_Loss: -0.086725, Reg: 0.001702
Iter 260 of 344 Loss: -0.077620, NCC_Loss: -0.079332, Reg: 0.001712
Iter 270 of 344 Loss: -0.070324, NCC_Loss: -0.072071, Reg: 0.001747
Iter 280 of 344 Loss: -0.084544, NCC_Loss: -0.086257, Reg: 0.001713
Iter 290 of 344 Loss: -0.075840, NCC_Loss: -0.077769, Reg: 0.001929
Iter 300 of 344 Loss: -0.077752, NCC_Loss: -0.079397, Reg: 0.001646
Iter 310 of 344 Loss: -0.076893, NCC_Loss: -0.078555, Reg: 0.001662
Iter 320 of 344 Loss: -0.077999, NCC_Loss: -0.079649, Reg: 0.001650
Iter 330 of 344 Loss: -0.080148, NCC_Loss: -0.081942, Reg: 0.001794
Iter 340 of 344 Loss: -0.079458, NCC_Loss: -0.081154, Reg: 0.001696
Epoch 43 Loss: -0.080654
Epoch 43 Validation: Mean EPE: 7.2680, Mean SSIM: 0.1879, Mean ZNCC: -0.0365
Epoch 44 starts
Iter 10 of 344 Loss: -0.079256, NCC_Loss: -0.080866, Reg: 0.001610
Iter 20 of 344 Loss: -0.076387, NCC_Loss: -0.078057, Reg: 0.001670
Iter 30 of 344 Loss: -0.080720, NCC_Loss: -0.082470, Reg: 0.001750
Iter 40 of 344 Loss: -0.076692, NCC_Loss: -0.078516, Reg: 0.001824
Iter 50 of 344 Loss: -0.086484, NCC_Loss: -0.088167, Reg: 0.001683
Iter 60 of 344 Loss: -0.082026, NCC_Loss: -0.083758, Reg: 0.001731
Iter 70 of 344 Loss: -0.071607, NCC_Loss: -0.073364, Reg: 0.001757
Iter 80 of 344 Loss: -0.079209, NCC_Loss: -0.080859, Reg: 0.001650
Iter 90 of 344 Loss: -0.085691, NCC_Loss: -0.087342, Reg: 0.001651
Iter 100 of 344 Loss: -0.082137, NCC_Loss: -0.083798, Reg: 0.001662
Iter 110 of 344 Loss: -0.078300, NCC_Loss: -0.079984, Reg: 0.001684
Iter 120 of 344 Loss: -0.074878, NCC_Loss: -0.076399, Reg: 0.001522
Iter 130 of 344 Loss: -0.085059, NCC_Loss: -0.086763, Reg: 0.001703
Iter 140 of 344 Loss: -0.084222, NCC_Loss: -0.086005, Reg: 0.001783
Iter 150 of 344 Loss: -0.081654, NCC_Loss: -0.083306, Reg: 0.001652
Iter 160 of 344 Loss: -0.086211, NCC_Loss: -0.087768, Reg: 0.001557
Iter 170 of 344 Loss: -0.079212, NCC_Loss: -0.080792, Reg: 0.001581
Iter 180 of 344 Loss: -0.083510, NCC_Loss: -0.085165, Reg: 0.001654
Iter 190 of 344 Loss: -0.086447, NCC_Loss: -0.088080, Reg: 0.001634
Iter 200 of 344 Loss: -0.079288, NCC_Loss: -0.081015, Reg: 0.001727
Iter 210 of 344 Loss: -0.076217, NCC_Loss: -0.077953, Reg: 0.001736
Iter 220 of 344 Loss: -0.081982, NCC_Loss: -0.083701, Reg: 0.001719
Iter 230 of 344 Loss: -0.079737, NCC_Loss: -0.081400, Reg: 0.001663
Iter 240 of 344 Loss: -0.078808, NCC_Loss: -0.080485, Reg: 0.001676
Iter 250 of 344 Loss: -0.080956, NCC_Loss: -0.082590, Reg: 0.001634
Iter 260 of 344 Loss: -0.074853, NCC_Loss: -0.076501, Reg: 0.001648
Iter 270 of 344 Loss: -0.077737, NCC_Loss: -0.079365, Reg: 0.001629
Iter 280 of 344 Loss: -0.081150, NCC_Loss: -0.082873, Reg: 0.001724
Iter 290 of 344 Loss: -0.089837, NCC_Loss: -0.091555, Reg: 0.001719
Iter 300 of 344 Loss: -0.078894, NCC_Loss: -0.080499, Reg: 0.001605
Iter 310 of 344 Loss: -0.082076, NCC_Loss: -0.083745, Reg: 0.001669
Iter 320 of 344 Loss: -0.076349, NCC_Loss: -0.077982, Reg: 0.001633
Iter 330 of 344 Loss: -0.087023, NCC_Loss: -0.088659, Reg: 0.001636
Iter 340 of 344 Loss: -0.075358, NCC_Loss: -0.077033, Reg: 0.001675
Epoch 44 Loss: -0.080780
Epoch 44 Validation: Mean EPE: 7.2679, Mean SSIM: 0.1879, Mean ZNCC: -0.0365
Epoch 45 starts
Iter 10 of 344 Loss: -0.078726, NCC_Loss: -0.080239, Reg: 0.001513
Iter 20 of 344 Loss: -0.076793, NCC_Loss: -0.078467, Reg: 0.001674
Iter 30 of 344 Loss: -0.078026, NCC_Loss: -0.079577, Reg: 0.001550
Iter 40 of 344 Loss: -0.076143, NCC_Loss: -0.077728, Reg: 0.001585
Iter 50 of 344 Loss: -0.085551, NCC_Loss: -0.087207, Reg: 0.001656
Iter 60 of 344 Loss: -0.079827, NCC_Loss: -0.081471, Reg: 0.001644
Iter 70 of 344 Loss: -0.075432, NCC_Loss: -0.076959, Reg: 0.001527
Iter 80 of 344 Loss: -0.080833, NCC_Loss: -0.082501, Reg: 0.001668
Iter 90 of 344 Loss: -0.078919, NCC_Loss: -0.080533, Reg: 0.001614
Iter 100 of 344 Loss: -0.076439, NCC_Loss: -0.078150, Reg: 0.001711
Iter 110 of 344 Loss: -0.074708, NCC_Loss: -0.076324, Reg: 0.001616
Iter 120 of 344 Loss: -0.082874, NCC_Loss: -0.084439, Reg: 0.001565
Iter 130 of 344 Loss: -0.082434, NCC_Loss: -0.084099, Reg: 0.001665
Iter 140 of 344 Loss: -0.077881, NCC_Loss: -0.079446, Reg: 0.001565
Iter 150 of 344 Loss: -0.078321, NCC_Loss: -0.079833, Reg: 0.001512
Iter 160 of 344 Loss: -0.076175, NCC_Loss: -0.077725, Reg: 0.001550
Iter 170 of 344 Loss: -0.078904, NCC_Loss: -0.080430, Reg: 0.001526
Iter 180 of 344 Loss: -0.085018, NCC_Loss: -0.086578, Reg: 0.001560
Iter 190 of 344 Loss: -0.077485, NCC_Loss: -0.079125, Reg: 0.001640
Iter 200 of 344 Loss: -0.080580, NCC_Loss: -0.082163, Reg: 0.001582
Iter 210 of 344 Loss: -0.084385, NCC_Loss: -0.085896, Reg: 0.001511
Iter 220 of 344 Loss: -0.074802, NCC_Loss: -0.076398, Reg: 0.001596
Iter 230 of 344 Loss: -0.084314, NCC_Loss: -0.085808, Reg: 0.001494
Iter 240 of 344 Loss: -0.078833, NCC_Loss: -0.080416, Reg: 0.001583
Iter 250 of 344 Loss: -0.085938, NCC_Loss: -0.087466, Reg: 0.001528
Iter 260 of 344 Loss: -0.075864, NCC_Loss: -0.077505, Reg: 0.001640
Iter 270 of 344 Loss: -0.082211, NCC_Loss: -0.083863, Reg: 0.001652
Iter 280 of 344 Loss: -0.081723, NCC_Loss: -0.083360, Reg: 0.001637
Iter 290 of 344 Loss: -0.076196, NCC_Loss: -0.077764, Reg: 0.001568
Iter 300 of 344 Loss: -0.080176, NCC_Loss: -0.081613, Reg: 0.001436
Iter 310 of 344 Loss: -0.087219, NCC_Loss: -0.088813, Reg: 0.001593
Iter 320 of 344 Loss: -0.078858, NCC_Loss: -0.080403, Reg: 0.001545
Iter 330 of 344 Loss: -0.077780, NCC_Loss: -0.079383, Reg: 0.001603
Iter 340 of 344 Loss: -0.077564, NCC_Loss: -0.079044, Reg: 0.001480
Epoch 45 Loss: -0.080902
Epoch 45 Validation: Mean EPE: 7.2679, Mean SSIM: 0.1880, Mean ZNCC: -0.0366
Epoch 46 starts
Iter 10 of 344 Loss: -0.084079, NCC_Loss: -0.085650, Reg: 0.001571
Iter 20 of 344 Loss: -0.088905, NCC_Loss: -0.090462, Reg: 0.001556
Iter 30 of 344 Loss: -0.078677, NCC_Loss: -0.080288, Reg: 0.001612
Iter 40 of 344 Loss: -0.075251, NCC_Loss: -0.076899, Reg: 0.001648
Iter 50 of 344 Loss: -0.077479, NCC_Loss: -0.079007, Reg: 0.001528
Iter 60 of 344 Loss: -0.080025, NCC_Loss: -0.081490, Reg: 0.001465
Iter 70 of 344 Loss: -0.075165, NCC_Loss: -0.076678, Reg: 0.001514
Iter 80 of 344 Loss: -0.082545, NCC_Loss: -0.084082, Reg: 0.001537
Iter 90 of 344 Loss: -0.075820, NCC_Loss: -0.077351, Reg: 0.001531
Iter 100 of 344 Loss: -0.083213, NCC_Loss: -0.084760, Reg: 0.001548
Iter 110 of 344 Loss: -0.080576, NCC_Loss: -0.082047, Reg: 0.001471
Iter 120 of 344 Loss: -0.083056, NCC_Loss: -0.084613, Reg: 0.001557
Iter 130 of 344 Loss: -0.080388, NCC_Loss: -0.081908, Reg: 0.001521
Iter 140 of 344 Loss: -0.077860, NCC_Loss: -0.079335, Reg: 0.001475
Iter 150 of 344 Loss: -0.081215, NCC_Loss: -0.082740, Reg: 0.001524
Iter 160 of 344 Loss: -0.085279, NCC_Loss: -0.086830, Reg: 0.001550
Iter 170 of 344 Loss: -0.081961, NCC_Loss: -0.083437, Reg: 0.001476
Iter 180 of 344 Loss: -0.079366, NCC_Loss: -0.080840, Reg: 0.001474
Iter 190 of 344 Loss: -0.080641, NCC_Loss: -0.082262, Reg: 0.001620
Iter 200 of 344 Loss: -0.083165, NCC_Loss: -0.084681, Reg: 0.001515
Iter 210 of 344 Loss: -0.070939, NCC_Loss: -0.072539, Reg: 0.001600
Iter 220 of 344 Loss: -0.089610, NCC_Loss: -0.091143, Reg: 0.001532
Iter 230 of 344 Loss: -0.086790, NCC_Loss: -0.088223, Reg: 0.001433
Iter 240 of 344 Loss: -0.083296, NCC_Loss: -0.084851, Reg: 0.001556
Iter 250 of 344 Loss: -0.087746, NCC_Loss: -0.089272, Reg: 0.001525
Iter 260 of 344 Loss: -0.079443, NCC_Loss: -0.080935, Reg: 0.001492
Iter 270 of 344 Loss: -0.082984, NCC_Loss: -0.084487, Reg: 0.001503
Iter 280 of 344 Loss: -0.078878, NCC_Loss: -0.080385, Reg: 0.001507
Iter 290 of 344 Loss: -0.076447, NCC_Loss: -0.078010, Reg: 0.001563
Iter 300 of 344 Loss: -0.079821, NCC_Loss: -0.081306, Reg: 0.001485
Iter 310 of 344 Loss: -0.079609, NCC_Loss: -0.081155, Reg: 0.001546
Iter 320 of 344 Loss: -0.079083, NCC_Loss: -0.080646, Reg: 0.001563
Iter 330 of 344 Loss: -0.071947, NCC_Loss: -0.073513, Reg: 0.001566
Iter 340 of 344 Loss: -0.080713, NCC_Loss: -0.082276, Reg: 0.001563
Epoch 46 Loss: -0.081007
Epoch 46 Validation: Mean EPE: 7.2679, Mean SSIM: 0.1880, Mean ZNCC: -0.0365
Epoch 47 starts
Iter 10 of 344 Loss: -0.077340, NCC_Loss: -0.079000, Reg: 0.001661
Iter 20 of 344 Loss: -0.082915, NCC_Loss: -0.084439, Reg: 0.001524
Iter 30 of 344 Loss: -0.083869, NCC_Loss: -0.085312, Reg: 0.001443
Iter 40 of 344 Loss: -0.078783, NCC_Loss: -0.080325, Reg: 0.001542
Iter 50 of 344 Loss: -0.079879, NCC_Loss: -0.081448, Reg: 0.001569
Iter 60 of 344 Loss: -0.077583, NCC_Loss: -0.079118, Reg: 0.001535
Iter 70 of 344 Loss: -0.083126, NCC_Loss: -0.084563, Reg: 0.001437
Iter 80 of 344 Loss: -0.076968, NCC_Loss: -0.078471, Reg: 0.001503
Iter 90 of 344 Loss: -0.085093, NCC_Loss: -0.086525, Reg: 0.001432
Iter 100 of 344 Loss: -0.082183, NCC_Loss: -0.083651, Reg: 0.001468
Iter 110 of 344 Loss: -0.085329, NCC_Loss: -0.086826, Reg: 0.001497
Iter 120 of 344 Loss: -0.075003, NCC_Loss: -0.076548, Reg: 0.001545
Iter 130 of 344 Loss: -0.081590, NCC_Loss: -0.083032, Reg: 0.001441
Iter 140 of 344 Loss: -0.078619, NCC_Loss: -0.080054, Reg: 0.001436
Iter 150 of 344 Loss: -0.085270, NCC_Loss: -0.086841, Reg: 0.001571
Iter 160 of 344 Loss: -0.085530, NCC_Loss: -0.087041, Reg: 0.001510
Iter 170 of 344 Loss: -0.077790, NCC_Loss: -0.079207, Reg: 0.001417
Iter 180 of 344 Loss: -0.083950, NCC_Loss: -0.085383, Reg: 0.001433
Iter 190 of 344 Loss: -0.075649, NCC_Loss: -0.077170, Reg: 0.001521
Iter 200 of 344 Loss: -0.081921, NCC_Loss: -0.083347, Reg: 0.001425
Iter 210 of 344 Loss: -0.083368, NCC_Loss: -0.084733, Reg: 0.001365
Iter 220 of 344 Loss: -0.087528, NCC_Loss: -0.089010, Reg: 0.001482
Iter 230 of 344 Loss: -0.080899, NCC_Loss: -0.082327, Reg: 0.001428
Iter 240 of 344 Loss: -0.081952, NCC_Loss: -0.083471, Reg: 0.001520
Iter 250 of 344 Loss: -0.078516, NCC_Loss: -0.079907, Reg: 0.001391
Iter 260 of 344 Loss: -0.080258, NCC_Loss: -0.081792, Reg: 0.001535
Iter 270 of 344 Loss: -0.085815, NCC_Loss: -0.087276, Reg: 0.001461
Iter 280 of 344 Loss: -0.088167, NCC_Loss: -0.089679, Reg: 0.001512
Iter 290 of 344 Loss: -0.085325, NCC_Loss: -0.086858, Reg: 0.001533
Iter 300 of 344 Loss: -0.079069, NCC_Loss: -0.080593, Reg: 0.001524
Iter 310 of 344 Loss: -0.075910, NCC_Loss: -0.077427, Reg: 0.001517
Iter 320 of 344 Loss: -0.082744, NCC_Loss: -0.084254, Reg: 0.001510
Iter 330 of 344 Loss: -0.079017, NCC_Loss: -0.080586, Reg: 0.001570
Iter 340 of 344 Loss: -0.078374, NCC_Loss: -0.079788, Reg: 0.001413
Epoch 47 Loss: -0.081094
Epoch 47 Validation: Mean EPE: 7.2681, Mean SSIM: 0.1880, Mean ZNCC: -0.0366
Epoch 48 starts
Iter 10 of 344 Loss: -0.086242, NCC_Loss: -0.087781, Reg: 0.001539
Iter 20 of 344 Loss: -0.083160, NCC_Loss: -0.084690, Reg: 0.001530
Iter 30 of 344 Loss: -0.088225, NCC_Loss: -0.089697, Reg: 0.001472
Iter 40 of 344 Loss: -0.079416, NCC_Loss: -0.080977, Reg: 0.001561
Iter 50 of 344 Loss: -0.083706, NCC_Loss: -0.085162, Reg: 0.001456
Iter 60 of 344 Loss: -0.080898, NCC_Loss: -0.082368, Reg: 0.001470
Iter 70 of 344 Loss: -0.081276, NCC_Loss: -0.082667, Reg: 0.001392
Iter 80 of 344 Loss: -0.082571, NCC_Loss: -0.084030, Reg: 0.001459
Iter 90 of 344 Loss: -0.075566, NCC_Loss: -0.077043, Reg: 0.001477
Iter 100 of 344 Loss: -0.075731, NCC_Loss: -0.077172, Reg: 0.001441
Iter 110 of 344 Loss: -0.088095, NCC_Loss: -0.089568, Reg: 0.001472
Iter 120 of 344 Loss: -0.084882, NCC_Loss: -0.086463, Reg: 0.001581
Iter 130 of 344 Loss: -0.081069, NCC_Loss: -0.082434, Reg: 0.001365
Iter 140 of 344 Loss: -0.080540, NCC_Loss: -0.082019, Reg: 0.001479
Iter 150 of 344 Loss: -0.081971, NCC_Loss: -0.083497, Reg: 0.001526
Iter 160 of 344 Loss: -0.082808, NCC_Loss: -0.084269, Reg: 0.001460
Iter 170 of 344 Loss: -0.074025, NCC_Loss: -0.075475, Reg: 0.001450
Iter 180 of 344 Loss: -0.080770, NCC_Loss: -0.082179, Reg: 0.001409
Iter 190 of 344 Loss: -0.085192, NCC_Loss: -0.086670, Reg: 0.001478
Iter 200 of 344 Loss: -0.082555, NCC_Loss: -0.084016, Reg: 0.001461
Iter 210 of 344 Loss: -0.081770, NCC_Loss: -0.083253, Reg: 0.001483
Iter 220 of 344 Loss: -0.086526, NCC_Loss: -0.088025, Reg: 0.001498
Iter 230 of 344 Loss: -0.077196, NCC_Loss: -0.078635, Reg: 0.001440
Iter 240 of 344 Loss: -0.080551, NCC_Loss: -0.081992, Reg: 0.001441
Iter 250 of 344 Loss: -0.081452, NCC_Loss: -0.082846, Reg: 0.001395
Iter 260 of 344 Loss: -0.073918, NCC_Loss: -0.075410, Reg: 0.001492
Iter 270 of 344 Loss: -0.078498, NCC_Loss: -0.079923, Reg: 0.001425
Iter 280 of 344 Loss: -0.082499, NCC_Loss: -0.083978, Reg: 0.001478
Iter 290 of 344 Loss: -0.082340, NCC_Loss: -0.083762, Reg: 0.001422
Iter 300 of 344 Loss: -0.085459, NCC_Loss: -0.086855, Reg: 0.001396
Iter 310 of 344 Loss: -0.083632, NCC_Loss: -0.085030, Reg: 0.001398
Iter 320 of 344 Loss: -0.082712, NCC_Loss: -0.084117, Reg: 0.001405
Iter 330 of 344 Loss: -0.081424, NCC_Loss: -0.082930, Reg: 0.001506
Iter 340 of 344 Loss: -0.078949, NCC_Loss: -0.080296, Reg: 0.001347
Epoch 48 Loss: -0.081157
Epoch 48 Validation: Mean EPE: 7.2681, Mean SSIM: 0.1881, Mean ZNCC: -0.0366
Epoch 49 starts
Iter 10 of 344 Loss: -0.081076, NCC_Loss: -0.082502, Reg: 0.001426
Iter 20 of 344 Loss: -0.089534, NCC_Loss: -0.090973, Reg: 0.001440
Iter 30 of 344 Loss: -0.078876, NCC_Loss: -0.080312, Reg: 0.001436
Iter 40 of 344 Loss: -0.083125, NCC_Loss: -0.084614, Reg: 0.001488
Iter 50 of 344 Loss: -0.074913, NCC_Loss: -0.076405, Reg: 0.001492
Iter 60 of 344 Loss: -0.087191, NCC_Loss: -0.088649, Reg: 0.001458
Iter 70 of 344 Loss: -0.082444, NCC_Loss: -0.083972, Reg: 0.001528
Iter 80 of 344 Loss: -0.086102, NCC_Loss: -0.087580, Reg: 0.001478
Iter 90 of 344 Loss: -0.084671, NCC_Loss: -0.086139, Reg: 0.001468
Iter 100 of 344 Loss: -0.074535, NCC_Loss: -0.076033, Reg: 0.001498
Iter 110 of 344 Loss: -0.072409, NCC_Loss: -0.073856, Reg: 0.001446
Iter 120 of 344 Loss: -0.077074, NCC_Loss: -0.078527, Reg: 0.001454
Iter 130 of 344 Loss: -0.080242, NCC_Loss: -0.081663, Reg: 0.001421
Iter 140 of 344 Loss: -0.085735, NCC_Loss: -0.087209, Reg: 0.001474
Iter 150 of 344 Loss: -0.076892, NCC_Loss: -0.078329, Reg: 0.001437
Iter 160 of 344 Loss: -0.078937, NCC_Loss: -0.080264, Reg: 0.001327
Iter 170 of 344 Loss: -0.078435, NCC_Loss: -0.079912, Reg: 0.001477
Iter 180 of 344 Loss: -0.083055, NCC_Loss: -0.084430, Reg: 0.001375
Iter 190 of 344 Loss: -0.083316, NCC_Loss: -0.084659, Reg: 0.001343
Iter 200 of 344 Loss: -0.079829, NCC_Loss: -0.081310, Reg: 0.001481
Iter 210 of 344 Loss: -0.084746, NCC_Loss: -0.086168, Reg: 0.001422
Iter 220 of 344 Loss: -0.085966, NCC_Loss: -0.087333, Reg: 0.001367
Iter 230 of 344 Loss: -0.084873, NCC_Loss: -0.086255, Reg: 0.001382
Iter 240 of 344 Loss: -0.080634, NCC_Loss: -0.082067, Reg: 0.001433
Iter 250 of 344 Loss: -0.075450, NCC_Loss: -0.076869, Reg: 0.001419
Iter 260 of 344 Loss: -0.081763, NCC_Loss: -0.083326, Reg: 0.001563
Iter 270 of 344 Loss: -0.081769, NCC_Loss: -0.083137, Reg: 0.001369
Iter 280 of 344 Loss: -0.077517, NCC_Loss: -0.078981, Reg: 0.001464
Iter 290 of 344 Loss: -0.082007, NCC_Loss: -0.083536, Reg: 0.001530
Iter 300 of 344 Loss: -0.077587, NCC_Loss: -0.078925, Reg: 0.001338
Iter 310 of 344 Loss: -0.079596, NCC_Loss: -0.080989, Reg: 0.001393
Iter 320 of 344 Loss: -0.084170, NCC_Loss: -0.085578, Reg: 0.001408
Iter 330 of 344 Loss: -0.080795, NCC_Loss: -0.082201, Reg: 0.001405
Iter 340 of 344 Loss: -0.081668, NCC_Loss: -0.083060, Reg: 0.001391
Epoch 49 Loss: -0.081242
Epoch 49 Validation: Mean EPE: 7.2682, Mean SSIM: 0.1881, Mean ZNCC: -0.0366
Epoch 50 starts
Iter 10 of 344 Loss: -0.081644, NCC_Loss: -0.083037, Reg: 0.001393
Iter 20 of 344 Loss: -0.076014, NCC_Loss: -0.077428, Reg: 0.001414
Iter 30 of 344 Loss: -0.082759, NCC_Loss: -0.084137, Reg: 0.001378
Iter 40 of 344 Loss: -0.078961, NCC_Loss: -0.080388, Reg: 0.001427
Iter 50 of 344 Loss: -0.083537, NCC_Loss: -0.084866, Reg: 0.001329
Iter 60 of 344 Loss: -0.084030, NCC_Loss: -0.085398, Reg: 0.001369
Iter 70 of 344 Loss: -0.077581, NCC_Loss: -0.079000, Reg: 0.001418
Iter 80 of 344 Loss: -0.077702, NCC_Loss: -0.079065, Reg: 0.001363
Iter 90 of 344 Loss: -0.076360, NCC_Loss: -0.077690, Reg: 0.001329
Iter 100 of 344 Loss: -0.090690, NCC_Loss: -0.092073, Reg: 0.001383
Iter 110 of 344 Loss: -0.077777, NCC_Loss: -0.079176, Reg: 0.001399
Iter 120 of 344 Loss: -0.091181, NCC_Loss: -0.092594, Reg: 0.001414
Iter 130 of 344 Loss: -0.082566, NCC_Loss: -0.084139, Reg: 0.001572
Iter 140 of 344 Loss: -0.079652, NCC_Loss: -0.081041, Reg: 0.001389
Iter 150 of 344 Loss: -0.078837, NCC_Loss: -0.080243, Reg: 0.001406
Iter 160 of 344 Loss: -0.080930, NCC_Loss: -0.082310, Reg: 0.001380
Iter 170 of 344 Loss: -0.084598, NCC_Loss: -0.086004, Reg: 0.001406
Iter 180 of 344 Loss: -0.076662, NCC_Loss: -0.078044, Reg: 0.001382
Iter 190 of 344 Loss: -0.080458, NCC_Loss: -0.081753, Reg: 0.001295
Iter 200 of 344 Loss: -0.084794, NCC_Loss: -0.086243, Reg: 0.001449
Iter 210 of 344 Loss: -0.085191, NCC_Loss: -0.086500, Reg: 0.001309
Iter 220 of 344 Loss: -0.085132, NCC_Loss: -0.086483, Reg: 0.001351
Iter 230 of 344 Loss: -0.081886, NCC_Loss: -0.083353, Reg: 0.001467
Iter 240 of 344 Loss: -0.080934, NCC_Loss: -0.082276, Reg: 0.001343
Iter 250 of 344 Loss: -0.081204, NCC_Loss: -0.082595, Reg: 0.001391
Iter 260 of 344 Loss: -0.085406, NCC_Loss: -0.086821, Reg: 0.001415
Iter 270 of 344 Loss: -0.078938, NCC_Loss: -0.080271, Reg: 0.001333
Iter 280 of 344 Loss: -0.084170, NCC_Loss: -0.085446, Reg: 0.001276
Iter 290 of 344 Loss: -0.082617, NCC_Loss: -0.083987, Reg: 0.001370
Iter 300 of 344 Loss: -0.079904, NCC_Loss: -0.081304, Reg: 0.001399
Iter 310 of 344 Loss: -0.081835, NCC_Loss: -0.083217, Reg: 0.001383
Iter 320 of 344 Loss: -0.079647, NCC_Loss: -0.081014, Reg: 0.001367
Iter 330 of 344 Loss: -0.076759, NCC_Loss: -0.078195, Reg: 0.001436
Iter 340 of 344 Loss: -0.088442, NCC_Loss: -0.089834, Reg: 0.001392
Epoch 50 Loss: -0.081323
Epoch 50 Validation: Mean EPE: 7.2681, Mean SSIM: 0.1881, Mean ZNCC: -0.0366
Epoch 51 starts
Iter 10 of 344 Loss: -0.080370, NCC_Loss: -0.081756, Reg: 0.001386
Iter 20 of 344 Loss: -0.078738, NCC_Loss: -0.080123, Reg: 0.001385
Iter 30 of 344 Loss: -0.082147, NCC_Loss: -0.083595, Reg: 0.001448
Iter 40 of 344 Loss: -0.083723, NCC_Loss: -0.085120, Reg: 0.001397
Iter 50 of 344 Loss: -0.085950, NCC_Loss: -0.087300, Reg: 0.001350
Iter 60 of 344 Loss: -0.088306, NCC_Loss: -0.089675, Reg: 0.001369
Iter 70 of 344 Loss: -0.077659, NCC_Loss: -0.079035, Reg: 0.001376
Iter 80 of 344 Loss: -0.090437, NCC_Loss: -0.091806, Reg: 0.001369
Iter 90 of 344 Loss: -0.079370, NCC_Loss: -0.080789, Reg: 0.001419
Iter 100 of 344 Loss: -0.082121, NCC_Loss: -0.083500, Reg: 0.001380
Iter 110 of 344 Loss: -0.082249, NCC_Loss: -0.083593, Reg: 0.001344
Iter 120 of 344 Loss: -0.082056, NCC_Loss: -0.083468, Reg: 0.001411
Iter 130 of 344 Loss: -0.082009, NCC_Loss: -0.083254, Reg: 0.001245
Iter 140 of 344 Loss: -0.085599, NCC_Loss: -0.086940, Reg: 0.001342
Iter 150 of 344 Loss: -0.078945, NCC_Loss: -0.080281, Reg: 0.001335
Iter 160 of 344 Loss: -0.080517, NCC_Loss: -0.081906, Reg: 0.001389
Iter 170 of 344 Loss: -0.075845, NCC_Loss: -0.077181, Reg: 0.001336
Iter 180 of 344 Loss: -0.084309, NCC_Loss: -0.085768, Reg: 0.001459
Iter 190 of 344 Loss: -0.085066, NCC_Loss: -0.086572, Reg: 0.001506
Iter 200 of 344 Loss: -0.081106, NCC_Loss: -0.082395, Reg: 0.001289
Iter 210 of 344 Loss: -0.085708, NCC_Loss: -0.087037, Reg: 0.001330
Iter 220 of 344 Loss: -0.091562, NCC_Loss: -0.092994, Reg: 0.001432
Iter 230 of 344 Loss: -0.084698, NCC_Loss: -0.086066, Reg: 0.001369
Iter 240 of 344 Loss: -0.080222, NCC_Loss: -0.081499, Reg: 0.001278
Iter 250 of 344 Loss: -0.080169, NCC_Loss: -0.081552, Reg: 0.001382
Iter 260 of 344 Loss: -0.089327, NCC_Loss: -0.090633, Reg: 0.001306
Iter 270 of 344 Loss: -0.078899, NCC_Loss: -0.080220, Reg: 0.001320
Iter 280 of 344 Loss: -0.081227, NCC_Loss: -0.082541, Reg: 0.001313
Iter 290 of 344 Loss: -0.080905, NCC_Loss: -0.082264, Reg: 0.001358
Iter 300 of 344 Loss: -0.074999, NCC_Loss: -0.076314, Reg: 0.001314
Iter 310 of 344 Loss: -0.080090, NCC_Loss: -0.081439, Reg: 0.001348
Iter 320 of 344 Loss: -0.080543, NCC_Loss: -0.081885, Reg: 0.001342
Iter 330 of 344 Loss: -0.082441, NCC_Loss: -0.083762, Reg: 0.001321
Iter 340 of 344 Loss: -0.076681, NCC_Loss: -0.078003, Reg: 0.001322
Epoch 51 Loss: -0.081388
Epoch 51 Validation: Mean EPE: 7.2683, Mean SSIM: 0.1882, Mean ZNCC: -0.0367
Epoch 52 starts
Iter 10 of 344 Loss: -0.076929, NCC_Loss: -0.078321, Reg: 0.001392
Iter 20 of 344 Loss: -0.084402, NCC_Loss: -0.085883, Reg: 0.001481
Iter 30 of 344 Loss: -0.078565, NCC_Loss: -0.079909, Reg: 0.001344
Iter 40 of 344 Loss: -0.078924, NCC_Loss: -0.080345, Reg: 0.001421
Iter 50 of 344 Loss: -0.081852, NCC_Loss: -0.083230, Reg: 0.001378
Iter 60 of 344 Loss: -0.080967, NCC_Loss: -0.082300, Reg: 0.001333
Iter 70 of 344 Loss: -0.086005, NCC_Loss: -0.087367, Reg: 0.001362
Iter 80 of 344 Loss: -0.080732, NCC_Loss: -0.082067, Reg: 0.001335
Iter 90 of 344 Loss: -0.091392, NCC_Loss: -0.092662, Reg: 0.001270
Iter 100 of 344 Loss: -0.082068, NCC_Loss: -0.083321, Reg: 0.001252
Iter 110 of 344 Loss: -0.083433, NCC_Loss: -0.084832, Reg: 0.001399
Iter 120 of 344 Loss: -0.081392, NCC_Loss: -0.082760, Reg: 0.001369
Iter 130 of 344 Loss: -0.086975, NCC_Loss: -0.088263, Reg: 0.001288
Iter 140 of 344 Loss: -0.082212, NCC_Loss: -0.083542, Reg: 0.001330
Iter 150 of 344 Loss: -0.081547, NCC_Loss: -0.082924, Reg: 0.001377
Iter 160 of 344 Loss: -0.080800, NCC_Loss: -0.082159, Reg: 0.001360
Iter 170 of 344 Loss: -0.080737, NCC_Loss: -0.082203, Reg: 0.001466
Iter 180 of 344 Loss: -0.078273, NCC_Loss: -0.079517, Reg: 0.001244
Iter 190 of 344 Loss: -0.082231, NCC_Loss: -0.083578, Reg: 0.001346
Iter 200 of 344 Loss: -0.076755, NCC_Loss: -0.078066, Reg: 0.001312
Iter 210 of 344 Loss: -0.083069, NCC_Loss: -0.084411, Reg: 0.001342
Iter 220 of 344 Loss: -0.080084, NCC_Loss: -0.081401, Reg: 0.001317
Iter 230 of 344 Loss: -0.086453, NCC_Loss: -0.087774, Reg: 0.001321
Iter 240 of 344 Loss: -0.077425, NCC_Loss: -0.078827, Reg: 0.001402
Iter 250 of 344 Loss: -0.077504, NCC_Loss: -0.078839, Reg: 0.001335
Iter 260 of 344 Loss: -0.074496, NCC_Loss: -0.075826, Reg: 0.001330
Iter 270 of 344 Loss: -0.074864, NCC_Loss: -0.076119, Reg: 0.001256
Iter 280 of 344 Loss: -0.075655, NCC_Loss: -0.077028, Reg: 0.001373
Iter 290 of 344 Loss: -0.075476, NCC_Loss: -0.076859, Reg: 0.001383
Iter 300 of 344 Loss: -0.084711, NCC_Loss: -0.086032, Reg: 0.001321
Iter 310 of 344 Loss: -0.087878, NCC_Loss: -0.089146, Reg: 0.001268
Iter 320 of 344 Loss: -0.085522, NCC_Loss: -0.086850, Reg: 0.001327
Iter 330 of 344 Loss: -0.080564, NCC_Loss: -0.081853, Reg: 0.001289
Iter 340 of 344 Loss: -0.084966, NCC_Loss: -0.086223, Reg: 0.001257
Epoch 52 Loss: -0.081462
Epoch 52 Validation: Mean EPE: 7.2683, Mean SSIM: 0.1882, Mean ZNCC: -0.0367
Epoch 53 starts
Iter 10 of 344 Loss: -0.072263, NCC_Loss: -0.073547, Reg: 0.001284
Iter 20 of 344 Loss: -0.078339, NCC_Loss: -0.079676, Reg: 0.001338
Iter 30 of 344 Loss: -0.082362, NCC_Loss: -0.083701, Reg: 0.001338
Iter 40 of 344 Loss: -0.083928, NCC_Loss: -0.085252, Reg: 0.001324
Iter 50 of 344 Loss: -0.083044, NCC_Loss: -0.084330, Reg: 0.001286
Iter 60 of 344 Loss: -0.077495, NCC_Loss: -0.078857, Reg: 0.001362
Iter 70 of 344 Loss: -0.078055, NCC_Loss: -0.079340, Reg: 0.001285
Iter 80 of 344 Loss: -0.079876, NCC_Loss: -0.081159, Reg: 0.001283
Iter 90 of 344 Loss: -0.076435, NCC_Loss: -0.077636, Reg: 0.001201
Iter 100 of 344 Loss: -0.091099, NCC_Loss: -0.092478, Reg: 0.001379
Iter 110 of 344 Loss: -0.082043, NCC_Loss: -0.083333, Reg: 0.001290
Iter 120 of 344 Loss: -0.085474, NCC_Loss: -0.086730, Reg: 0.001257
Iter 130 of 344 Loss: -0.079590, NCC_Loss: -0.080953, Reg: 0.001363
Iter 140 of 344 Loss: -0.089905, NCC_Loss: -0.091228, Reg: 0.001323
Iter 150 of 344 Loss: -0.078952, NCC_Loss: -0.080411, Reg: 0.001459
Iter 160 of 344 Loss: -0.078501, NCC_Loss: -0.079869, Reg: 0.001368
Iter 170 of 344 Loss: -0.084397, NCC_Loss: -0.085714, Reg: 0.001317
Iter 180 of 344 Loss: -0.079147, NCC_Loss: -0.080458, Reg: 0.001311
Iter 190 of 344 Loss: -0.086183, NCC_Loss: -0.087585, Reg: 0.001402
Iter 200 of 344 Loss: -0.080796, NCC_Loss: -0.082177, Reg: 0.001382
Iter 210 of 344 Loss: -0.086018, NCC_Loss: -0.087370, Reg: 0.001351
Iter 220 of 344 Loss: -0.082879, NCC_Loss: -0.084167, Reg: 0.001288
Iter 230 of 344 Loss: -0.080941, NCC_Loss: -0.082200, Reg: 0.001258
Iter 240 of 344 Loss: -0.079510, NCC_Loss: -0.080823, Reg: 0.001313
Iter 250 of 344 Loss: -0.083112, NCC_Loss: -0.084496, Reg: 0.001384
Iter 260 of 344 Loss: -0.077202, NCC_Loss: -0.078448, Reg: 0.001246
Iter 270 of 344 Loss: -0.083108, NCC_Loss: -0.084384, Reg: 0.001276
Iter 280 of 344 Loss: -0.089590, NCC_Loss: -0.090860, Reg: 0.001270
Iter 290 of 344 Loss: -0.082334, NCC_Loss: -0.083631, Reg: 0.001298
Iter 300 of 344 Loss: -0.080548, NCC_Loss: -0.081889, Reg: 0.001342
Iter 310 of 344 Loss: -0.079429, NCC_Loss: -0.080802, Reg: 0.001372
Iter 320 of 344 Loss: -0.087041, NCC_Loss: -0.088344, Reg: 0.001303
Iter 330 of 344 Loss: -0.074738, NCC_Loss: -0.076054, Reg: 0.001316
Iter 340 of 344 Loss: -0.078008, NCC_Loss: -0.079227, Reg: 0.001219
Epoch 53 Loss: -0.081534
Epoch 53 Validation: Mean EPE: 7.2684, Mean SSIM: 0.1882, Mean ZNCC: -0.0367
Epoch 54 starts
Iter 10 of 344 Loss: -0.081176, NCC_Loss: -0.082482, Reg: 0.001307
Iter 20 of 344 Loss: -0.082986, NCC_Loss: -0.084325, Reg: 0.001339
Iter 30 of 344 Loss: -0.087393, NCC_Loss: -0.088645, Reg: 0.001251
Iter 40 of 344 Loss: -0.082440, NCC_Loss: -0.083684, Reg: 0.001244
Iter 50 of 344 Loss: -0.087816, NCC_Loss: -0.089086, Reg: 0.001269
Iter 60 of 344 Loss: -0.080858, NCC_Loss: -0.082188, Reg: 0.001330
Iter 70 of 344 Loss: -0.083644, NCC_Loss: -0.084927, Reg: 0.001284
Iter 80 of 344 Loss: -0.080235, NCC_Loss: -0.081511, Reg: 0.001276
Iter 90 of 344 Loss: -0.085173, NCC_Loss: -0.086453, Reg: 0.001280
Iter 100 of 344 Loss: -0.078334, NCC_Loss: -0.079601, Reg: 0.001268
Iter 110 of 344 Loss: -0.081206, NCC_Loss: -0.082427, Reg: 0.001221
Iter 120 of 344 Loss: -0.082037, NCC_Loss: -0.083363, Reg: 0.001325
Iter 130 of 344 Loss: -0.089557, NCC_Loss: -0.090813, Reg: 0.001255
Iter 140 of 344 Loss: -0.077947, NCC_Loss: -0.079299, Reg: 0.001352
Iter 150 of 344 Loss: -0.090687, NCC_Loss: -0.091968, Reg: 0.001280
Iter 160 of 344 Loss: -0.085186, NCC_Loss: -0.086398, Reg: 0.001212
Iter 170 of 344 Loss: -0.087425, NCC_Loss: -0.088771, Reg: 0.001346
Iter 180 of 344 Loss: -0.085938, NCC_Loss: -0.087207, Reg: 0.001270
Iter 190 of 344 Loss: -0.085702, NCC_Loss: -0.086977, Reg: 0.001275
Iter 200 of 344 Loss: -0.079753, NCC_Loss: -0.081024, Reg: 0.001271
Iter 210 of 344 Loss: -0.085871, NCC_Loss: -0.087057, Reg: 0.001186
Iter 220 of 344 Loss: -0.089938, NCC_Loss: -0.091325, Reg: 0.001387
Iter 230 of 344 Loss: -0.083900, NCC_Loss: -0.085183, Reg: 0.001283
Iter 240 of 344 Loss: -0.079371, NCC_Loss: -0.080658, Reg: 0.001287
Iter 250 of 344 Loss: -0.081666, NCC_Loss: -0.082882, Reg: 0.001216
Iter 260 of 344 Loss: -0.082022, NCC_Loss: -0.083270, Reg: 0.001248
Iter 270 of 344 Loss: -0.082452, NCC_Loss: -0.083682, Reg: 0.001230
Iter 280 of 344 Loss: -0.086461, NCC_Loss: -0.087760, Reg: 0.001299
Iter 290 of 344 Loss: -0.084601, NCC_Loss: -0.085931, Reg: 0.001330
Iter 300 of 344 Loss: -0.086470, NCC_Loss: -0.087762, Reg: 0.001292
Iter 310 of 344 Loss: -0.085842, NCC_Loss: -0.087135, Reg: 0.001293
Iter 320 of 344 Loss: -0.079124, NCC_Loss: -0.080349, Reg: 0.001226
Iter 330 of 344 Loss: -0.075813, NCC_Loss: -0.077090, Reg: 0.001277
Iter 340 of 344 Loss: -0.083413, NCC_Loss: -0.084709, Reg: 0.001296
Epoch 54 Loss: -0.081598
Epoch 54 Validation: Mean EPE: 7.2684, Mean SSIM: 0.1883, Mean ZNCC: -0.0367
Epoch 55 starts
Iter 10 of 344 Loss: -0.080538, NCC_Loss: -0.081774, Reg: 0.001236
Iter 20 of 344 Loss: -0.075771, NCC_Loss: -0.077020, Reg: 0.001249
Iter 30 of 344 Loss: -0.078711, NCC_Loss: -0.079930, Reg: 0.001219
Iter 40 of 344 Loss: -0.088200, NCC_Loss: -0.089447, Reg: 0.001247
Iter 50 of 344 Loss: -0.079179, NCC_Loss: -0.080530, Reg: 0.001351
Iter 60 of 344 Loss: -0.086145, NCC_Loss: -0.087313, Reg: 0.001168
Iter 70 of 344 Loss: -0.074477, NCC_Loss: -0.075792, Reg: 0.001315
Iter 80 of 344 Loss: -0.086761, NCC_Loss: -0.088037, Reg: 0.001276
Iter 90 of 344 Loss: -0.082123, NCC_Loss: -0.083520, Reg: 0.001397
Iter 100 of 344 Loss: -0.073108, NCC_Loss: -0.074457, Reg: 0.001349
Iter 110 of 344 Loss: -0.073950, NCC_Loss: -0.075244, Reg: 0.001293
Iter 120 of 344 Loss: -0.083418, NCC_Loss: -0.084752, Reg: 0.001334
Iter 130 of 344 Loss: -0.087312, NCC_Loss: -0.088493, Reg: 0.001180
Iter 140 of 344 Loss: -0.089968, NCC_Loss: -0.091254, Reg: 0.001286
Iter 150 of 344 Loss: -0.082331, NCC_Loss: -0.083630, Reg: 0.001299
Iter 160 of 344 Loss: -0.086154, NCC_Loss: -0.087377, Reg: 0.001223
Iter 170 of 344 Loss: -0.079584, NCC_Loss: -0.080876, Reg: 0.001292
Iter 180 of 344 Loss: -0.084735, NCC_Loss: -0.085906, Reg: 0.001170
Iter 190 of 344 Loss: -0.083684, NCC_Loss: -0.084943, Reg: 0.001259
Iter 200 of 344 Loss: -0.076943, NCC_Loss: -0.078170, Reg: 0.001227
Iter 210 of 344 Loss: -0.080619, NCC_Loss: -0.081971, Reg: 0.001352
Iter 220 of 344 Loss: -0.079905, NCC_Loss: -0.081145, Reg: 0.001240
Iter 230 of 344 Loss: -0.077968, NCC_Loss: -0.079213, Reg: 0.001245
Iter 240 of 344 Loss: -0.081174, NCC_Loss: -0.082415, Reg: 0.001241
Iter 250 of 344 Loss: -0.083905, NCC_Loss: -0.085216, Reg: 0.001311
Iter 260 of 344 Loss: -0.079482, NCC_Loss: -0.080841, Reg: 0.001358
Iter 270 of 344 Loss: -0.078496, NCC_Loss: -0.079788, Reg: 0.001292
Iter 280 of 344 Loss: -0.081126, NCC_Loss: -0.082446, Reg: 0.001321
Iter 290 of 344 Loss: -0.082129, NCC_Loss: -0.083398, Reg: 0.001269
Iter 300 of 344 Loss: -0.079880, NCC_Loss: -0.081128, Reg: 0.001248
Iter 310 of 344 Loss: -0.089173, NCC_Loss: -0.090456, Reg: 0.001283
Iter 320 of 344 Loss: -0.083360, NCC_Loss: -0.084669, Reg: 0.001309
Iter 330 of 344 Loss: -0.075496, NCC_Loss: -0.076858, Reg: 0.001362
Iter 340 of 344 Loss: -0.078148, NCC_Loss: -0.079483, Reg: 0.001335
Epoch 55 Loss: -0.081652
Epoch 55 Validation: Mean EPE: 7.2688, Mean SSIM: 0.1883, Mean ZNCC: -0.0367
Epoch 56 starts
Iter 10 of 344 Loss: -0.081175, NCC_Loss: -0.082446, Reg: 0.001271
Iter 20 of 344 Loss: -0.079686, NCC_Loss: -0.081028, Reg: 0.001342
Iter 30 of 344 Loss: -0.086361, NCC_Loss: -0.087629, Reg: 0.001268
Iter 40 of 344 Loss: -0.083007, NCC_Loss: -0.084279, Reg: 0.001272
Iter 50 of 344 Loss: -0.067765, NCC_Loss: -0.069066, Reg: 0.001301
Iter 60 of 344 Loss: -0.080404, NCC_Loss: -0.081704, Reg: 0.001300
Iter 70 of 344 Loss: -0.076809, NCC_Loss: -0.078094, Reg: 0.001285
Iter 80 of 344 Loss: -0.074489, NCC_Loss: -0.075860, Reg: 0.001371
Iter 90 of 344 Loss: -0.080782, NCC_Loss: -0.082135, Reg: 0.001352
Iter 100 of 344 Loss: -0.080148, NCC_Loss: -0.081519, Reg: 0.001372
Iter 110 of 344 Loss: -0.088182, NCC_Loss: -0.089481, Reg: 0.001300
Iter 120 of 344 Loss: -0.082426, NCC_Loss: -0.083628, Reg: 0.001203
Iter 130 of 344 Loss: -0.076786, NCC_Loss: -0.078016, Reg: 0.001230
Iter 140 of 344 Loss: -0.082635, NCC_Loss: -0.083937, Reg: 0.001303
Iter 150 of 344 Loss: -0.081483, NCC_Loss: -0.082870, Reg: 0.001387
Iter 160 of 344 Loss: -0.082212, NCC_Loss: -0.083477, Reg: 0.001265
Iter 170 of 344 Loss: -0.088025, NCC_Loss: -0.089285, Reg: 0.001260
Iter 180 of 344 Loss: -0.078534, NCC_Loss: -0.079769, Reg: 0.001235
Iter 190 of 344 Loss: -0.086487, NCC_Loss: -0.087734, Reg: 0.001247
Iter 200 of 344 Loss: -0.078411, NCC_Loss: -0.079645, Reg: 0.001234
Iter 210 of 344 Loss: -0.087005, NCC_Loss: -0.088260, Reg: 0.001255
Iter 220 of 344 Loss: -0.087342, NCC_Loss: -0.088544, Reg: 0.001202
Iter 230 of 344 Loss: -0.086429, NCC_Loss: -0.087713, Reg: 0.001284
Iter 240 of 344 Loss: -0.079091, NCC_Loss: -0.080351, Reg: 0.001261
Iter 250 of 344 Loss: -0.083361, NCC_Loss: -0.084668, Reg: 0.001307
Iter 260 of 344 Loss: -0.078959, NCC_Loss: -0.080264, Reg: 0.001305
Iter 270 of 344 Loss: -0.084809, NCC_Loss: -0.086134, Reg: 0.001325
Iter 280 of 344 Loss: -0.079822, NCC_Loss: -0.081163, Reg: 0.001341
Iter 290 of 344 Loss: -0.080080, NCC_Loss: -0.081348, Reg: 0.001268
Iter 300 of 344 Loss: -0.079809, NCC_Loss: -0.081092, Reg: 0.001282
Iter 310 of 344 Loss: -0.083637, NCC_Loss: -0.084886, Reg: 0.001249
Iter 320 of 344 Loss: -0.078410, NCC_Loss: -0.079735, Reg: 0.001325
Iter 330 of 344 Loss: -0.080617, NCC_Loss: -0.081887, Reg: 0.001270
Iter 340 of 344 Loss: -0.081807, NCC_Loss: -0.083162, Reg: 0.001355
Epoch 56 Loss: -0.081703
Epoch 56 Validation: Mean EPE: 7.2687, Mean SSIM: 0.1883, Mean ZNCC: -0.0366
Epoch 57 starts
Iter 10 of 344 Loss: -0.084626, NCC_Loss: -0.085981, Reg: 0.001356
Iter 20 of 344 Loss: -0.084359, NCC_Loss: -0.085589, Reg: 0.001230
Iter 30 of 344 Loss: -0.084449, NCC_Loss: -0.085719, Reg: 0.001269
Iter 40 of 344 Loss: -0.088801, NCC_Loss: -0.090090, Reg: 0.001290
Iter 50 of 344 Loss: -0.084647, NCC_Loss: -0.085932, Reg: 0.001285
Iter 60 of 344 Loss: -0.077592, NCC_Loss: -0.078899, Reg: 0.001308
Iter 70 of 344 Loss: -0.078365, NCC_Loss: -0.079637, Reg: 0.001272
Iter 80 of 344 Loss: -0.082719, NCC_Loss: -0.083941, Reg: 0.001222
Iter 90 of 344 Loss: -0.083165, NCC_Loss: -0.084417, Reg: 0.001251
Iter 100 of 344 Loss: -0.080331, NCC_Loss: -0.081543, Reg: 0.001212
Iter 110 of 344 Loss: -0.082144, NCC_Loss: -0.083375, Reg: 0.001231
Iter 120 of 344 Loss: -0.080176, NCC_Loss: -0.081443, Reg: 0.001267
Iter 130 of 344 Loss: -0.078977, NCC_Loss: -0.080200, Reg: 0.001223
Iter 140 of 344 Loss: -0.093002, NCC_Loss: -0.094277, Reg: 0.001275
Iter 150 of 344 Loss: -0.086061, NCC_Loss: -0.087390, Reg: 0.001330
Iter 160 of 344 Loss: -0.079525, NCC_Loss: -0.080747, Reg: 0.001222
Iter 170 of 344 Loss: -0.088906, NCC_Loss: -0.090159, Reg: 0.001252
Iter 180 of 344 Loss: -0.084156, NCC_Loss: -0.085333, Reg: 0.001177
Iter 190 of 344 Loss: -0.088789, NCC_Loss: -0.090132, Reg: 0.001343
Iter 200 of 344 Loss: -0.081310, NCC_Loss: -0.082495, Reg: 0.001184
Iter 210 of 344 Loss: -0.075170, NCC_Loss: -0.076425, Reg: 0.001255
Iter 220 of 344 Loss: -0.079689, NCC_Loss: -0.081006, Reg: 0.001316
Iter 230 of 344 Loss: -0.081565, NCC_Loss: -0.082894, Reg: 0.001330
Iter 240 of 344 Loss: -0.083453, NCC_Loss: -0.084656, Reg: 0.001203
Iter 250 of 344 Loss: -0.089406, NCC_Loss: -0.090674, Reg: 0.001268
Iter 260 of 344 Loss: -0.078613, NCC_Loss: -0.079923, Reg: 0.001310
Iter 270 of 344 Loss: -0.085350, NCC_Loss: -0.086672, Reg: 0.001322
Iter 280 of 344 Loss: -0.082323, NCC_Loss: -0.083555, Reg: 0.001232
Iter 290 of 344 Loss: -0.083782, NCC_Loss: -0.085068, Reg: 0.001287
Iter 300 of 344 Loss: -0.084511, NCC_Loss: -0.085721, Reg: 0.001209
Iter 310 of 344 Loss: -0.080361, NCC_Loss: -0.081676, Reg: 0.001315
Iter 320 of 344 Loss: -0.081743, NCC_Loss: -0.082948, Reg: 0.001205
Iter 330 of 344 Loss: -0.088568, NCC_Loss: -0.089852, Reg: 0.001284
Iter 340 of 344 Loss: -0.081662, NCC_Loss: -0.082945, Reg: 0.001283
Epoch 57 Loss: -0.081772
Epoch 57 Validation: Mean EPE: 7.2687, Mean SSIM: 0.1884, Mean ZNCC: -0.0366
Epoch 58 starts
Iter 10 of 344 Loss: -0.080349, NCC_Loss: -0.081660, Reg: 0.001311
Iter 20 of 344 Loss: -0.085122, NCC_Loss: -0.086314, Reg: 0.001192
Iter 30 of 344 Loss: -0.078729, NCC_Loss: -0.079920, Reg: 0.001191
Iter 40 of 344 Loss: -0.085989, NCC_Loss: -0.087211, Reg: 0.001222
Iter 50 of 344 Loss: -0.086328, NCC_Loss: -0.087537, Reg: 0.001210
Iter 60 of 344 Loss: -0.086318, NCC_Loss: -0.087559, Reg: 0.001242
Iter 70 of 344 Loss: -0.086039, NCC_Loss: -0.087351, Reg: 0.001311
Iter 80 of 344 Loss: -0.083482, NCC_Loss: -0.084711, Reg: 0.001230
Iter 90 of 344 Loss: -0.082319, NCC_Loss: -0.083687, Reg: 0.001368
Iter 100 of 344 Loss: -0.078253, NCC_Loss: -0.079484, Reg: 0.001231
Iter 110 of 344 Loss: -0.076604, NCC_Loss: -0.077859, Reg: 0.001255
Iter 120 of 344 Loss: -0.078403, NCC_Loss: -0.079640, Reg: 0.001237
Iter 130 of 344 Loss: -0.081236, NCC_Loss: -0.082573, Reg: 0.001337
Iter 140 of 344 Loss: -0.080771, NCC_Loss: -0.081974, Reg: 0.001203
Iter 150 of 344 Loss: -0.079142, NCC_Loss: -0.080408, Reg: 0.001266
Iter 160 of 344 Loss: -0.082952, NCC_Loss: -0.084153, Reg: 0.001201
Iter 170 of 344 Loss: -0.082288, NCC_Loss: -0.083558, Reg: 0.001269
Iter 180 of 344 Loss: -0.083506, NCC_Loss: -0.084741, Reg: 0.001235
Iter 190 of 344 Loss: -0.081172, NCC_Loss: -0.082437, Reg: 0.001265
Iter 200 of 344 Loss: -0.081310, NCC_Loss: -0.082495, Reg: 0.001185
Iter 210 of 344 Loss: -0.082304, NCC_Loss: -0.083512, Reg: 0.001208
Iter 220 of 344 Loss: -0.084713, NCC_Loss: -0.085947, Reg: 0.001235
Iter 230 of 344 Loss: -0.080206, NCC_Loss: -0.081433, Reg: 0.001228
Iter 240 of 344 Loss: -0.078258, NCC_Loss: -0.079440, Reg: 0.001181
Iter 250 of 344 Loss: -0.081831, NCC_Loss: -0.083047, Reg: 0.001216
Iter 260 of 344 Loss: -0.088247, NCC_Loss: -0.089449, Reg: 0.001202
Iter 270 of 344 Loss: -0.086535, NCC_Loss: -0.087779, Reg: 0.001244
Iter 280 of 344 Loss: -0.083650, NCC_Loss: -0.084866, Reg: 0.001216
Iter 290 of 344 Loss: -0.081567, NCC_Loss: -0.082862, Reg: 0.001295
Iter 300 of 344 Loss: -0.081347, NCC_Loss: -0.082505, Reg: 0.001158
Iter 310 of 344 Loss: -0.085989, NCC_Loss: -0.087206, Reg: 0.001217
Iter 320 of 344 Loss: -0.081895, NCC_Loss: -0.083115, Reg: 0.001220
Iter 330 of 344 Loss: -0.089738, NCC_Loss: -0.090945, Reg: 0.001208
Iter 340 of 344 Loss: -0.082672, NCC_Loss: -0.083889, Reg: 0.001217
Epoch 58 Loss: -0.081849
Epoch 58 Validation: Mean EPE: 7.2684, Mean SSIM: 0.1884, Mean ZNCC: -0.0366
Epoch 59 starts
Iter 10 of 344 Loss: -0.084242, NCC_Loss: -0.085466, Reg: 0.001224
Iter 20 of 344 Loss: -0.078738, NCC_Loss: -0.080053, Reg: 0.001315
Iter 30 of 344 Loss: -0.074228, NCC_Loss: -0.075475, Reg: 0.001247
Iter 40 of 344 Loss: -0.083253, NCC_Loss: -0.084472, Reg: 0.001219
Iter 50 of 344 Loss: -0.079741, NCC_Loss: -0.080932, Reg: 0.001191
Iter 60 of 344 Loss: -0.085289, NCC_Loss: -0.086525, Reg: 0.001236
Iter 70 of 344 Loss: -0.086679, NCC_Loss: -0.087818, Reg: 0.001139
Iter 80 of 344 Loss: -0.080952, NCC_Loss: -0.082124, Reg: 0.001171
Iter 90 of 344 Loss: -0.083853, NCC_Loss: -0.085078, Reg: 0.001225
Iter 100 of 344 Loss: -0.080853, NCC_Loss: -0.082027, Reg: 0.001174
Iter 110 of 344 Loss: -0.080342, NCC_Loss: -0.081529, Reg: 0.001188
Iter 120 of 344 Loss: -0.083863, NCC_Loss: -0.085069, Reg: 0.001206
Iter 130 of 344 Loss: -0.087636, NCC_Loss: -0.088821, Reg: 0.001185
Iter 140 of 344 Loss: -0.087662, NCC_Loss: -0.088866, Reg: 0.001204
Iter 150 of 344 Loss: -0.076563, NCC_Loss: -0.077732, Reg: 0.001169
Iter 160 of 344 Loss: -0.076986, NCC_Loss: -0.078138, Reg: 0.001152
Iter 170 of 344 Loss: -0.081012, NCC_Loss: -0.082159, Reg: 0.001147
Iter 180 of 344 Loss: -0.088338, NCC_Loss: -0.089533, Reg: 0.001195
Iter 190 of 344 Loss: -0.081367, NCC_Loss: -0.082497, Reg: 0.001130
Iter 200 of 344 Loss: -0.075699, NCC_Loss: -0.076910, Reg: 0.001211
Iter 210 of 344 Loss: -0.083827, NCC_Loss: -0.085059, Reg: 0.001231
Iter 220 of 344 Loss: -0.086941, NCC_Loss: -0.088117, Reg: 0.001176
Iter 230 of 344 Loss: -0.086994, NCC_Loss: -0.088128, Reg: 0.001134
Iter 240 of 344 Loss: -0.080073, NCC_Loss: -0.081256, Reg: 0.001183
Iter 250 of 344 Loss: -0.079068, NCC_Loss: -0.080248, Reg: 0.001180
Iter 260 of 344 Loss: -0.081082, NCC_Loss: -0.082266, Reg: 0.001183
Iter 270 of 344 Loss: -0.080569, NCC_Loss: -0.081762, Reg: 0.001193
Iter 280 of 344 Loss: -0.088204, NCC_Loss: -0.089439, Reg: 0.001235
Iter 290 of 344 Loss: -0.086433, NCC_Loss: -0.087630, Reg: 0.001197
Iter 300 of 344 Loss: -0.084768, NCC_Loss: -0.085970, Reg: 0.001202
Iter 310 of 344 Loss: -0.084585, NCC_Loss: -0.085786, Reg: 0.001200
Iter 320 of 344 Loss: -0.079227, NCC_Loss: -0.080512, Reg: 0.001285
Iter 330 of 344 Loss: -0.088250, NCC_Loss: -0.089446, Reg: 0.001196
Iter 340 of 344 Loss: -0.075996, NCC_Loss: -0.077199, Reg: 0.001203
Epoch 59 Loss: -0.081927
Epoch 59 Validation: Mean EPE: 7.2682, Mean SSIM: 0.1884, Mean ZNCC: -0.0365
Epoch 60 starts
Iter 10 of 344 Loss: -0.079709, NCC_Loss: -0.080916, Reg: 0.001207
Iter 20 of 344 Loss: -0.077120, NCC_Loss: -0.078328, Reg: 0.001208
Iter 30 of 344 Loss: -0.090454, NCC_Loss: -0.091637, Reg: 0.001183
Iter 40 of 344 Loss: -0.073134, NCC_Loss: -0.074320, Reg: 0.001186
Iter 50 of 344 Loss: -0.087563, NCC_Loss: -0.088757, Reg: 0.001194
Iter 60 of 344 Loss: -0.089509, NCC_Loss: -0.090713, Reg: 0.001204
Iter 70 of 344 Loss: -0.095084, NCC_Loss: -0.096348, Reg: 0.001264
Iter 80 of 344 Loss: -0.078591, NCC_Loss: -0.079749, Reg: 0.001158
Iter 90 of 344 Loss: -0.088121, NCC_Loss: -0.089286, Reg: 0.001165
Iter 100 of 344 Loss: -0.082586, NCC_Loss: -0.083802, Reg: 0.001216
Iter 110 of 344 Loss: -0.083126, NCC_Loss: -0.084324, Reg: 0.001198
Iter 120 of 344 Loss: -0.081812, NCC_Loss: -0.083008, Reg: 0.001195
Iter 130 of 344 Loss: -0.077409, NCC_Loss: -0.078618, Reg: 0.001209
Iter 140 of 344 Loss: -0.084318, NCC_Loss: -0.085587, Reg: 0.001269
Iter 150 of 344 Loss: -0.083814, NCC_Loss: -0.085022, Reg: 0.001208
Iter 160 of 344 Loss: -0.078785, NCC_Loss: -0.080110, Reg: 0.001325
Iter 170 of 344 Loss: -0.081031, NCC_Loss: -0.082216, Reg: 0.001186
Iter 180 of 344 Loss: -0.080866, NCC_Loss: -0.082068, Reg: 0.001203
Iter 190 of 344 Loss: -0.080386, NCC_Loss: -0.081555, Reg: 0.001169
Iter 200 of 344 Loss: -0.080454, NCC_Loss: -0.081592, Reg: 0.001137
Iter 210 of 344 Loss: -0.075359, NCC_Loss: -0.076514, Reg: 0.001156
Iter 220 of 344 Loss: -0.087359, NCC_Loss: -0.088616, Reg: 0.001257
Iter 230 of 344 Loss: -0.084439, NCC_Loss: -0.085642, Reg: 0.001203
Iter 240 of 344 Loss: -0.076854, NCC_Loss: -0.078030, Reg: 0.001177
Iter 250 of 344 Loss: -0.087769, NCC_Loss: -0.088970, Reg: 0.001200
Iter 260 of 344 Loss: -0.076506, NCC_Loss: -0.077759, Reg: 0.001253
Iter 270 of 344 Loss: -0.079427, NCC_Loss: -0.080634, Reg: 0.001207
Iter 280 of 344 Loss: -0.084082, NCC_Loss: -0.085232, Reg: 0.001150
Iter 290 of 344 Loss: -0.082762, NCC_Loss: -0.083942, Reg: 0.001180
Iter 300 of 344 Loss: -0.083874, NCC_Loss: -0.085014, Reg: 0.001140
Iter 310 of 344 Loss: -0.081501, NCC_Loss: -0.082726, Reg: 0.001224
Iter 320 of 344 Loss: -0.081224, NCC_Loss: -0.082433, Reg: 0.001209
Iter 330 of 344 Loss: -0.075742, NCC_Loss: -0.076908, Reg: 0.001166
Iter 340 of 344 Loss: -0.080135, NCC_Loss: -0.081292, Reg: 0.001157
Epoch 60 Loss: -0.082019
Epoch 60 Validation: Mean EPE: 7.2684, Mean SSIM: 0.1884, Mean ZNCC: -0.0365
Epoch 61 starts
Iter 10 of 344 Loss: -0.075685, NCC_Loss: -0.076940, Reg: 0.001255
Iter 20 of 344 Loss: -0.091217, NCC_Loss: -0.092525, Reg: 0.001307
Iter 30 of 344 Loss: -0.073900, NCC_Loss: -0.075068, Reg: 0.001168
Iter 40 of 344 Loss: -0.080590, NCC_Loss: -0.081741, Reg: 0.001150
Iter 50 of 344 Loss: -0.080049, NCC_Loss: -0.081171, Reg: 0.001122
Iter 60 of 344 Loss: -0.077739, NCC_Loss: -0.078888, Reg: 0.001148
Iter 70 of 344 Loss: -0.084032, NCC_Loss: -0.085259, Reg: 0.001227
Iter 80 of 344 Loss: -0.082045, NCC_Loss: -0.083257, Reg: 0.001212
Iter 90 of 344 Loss: -0.078784, NCC_Loss: -0.080014, Reg: 0.001230
Iter 100 of 344 Loss: -0.080911, NCC_Loss: -0.082119, Reg: 0.001208
Iter 110 of 344 Loss: -0.081900, NCC_Loss: -0.083080, Reg: 0.001180
Iter 120 of 344 Loss: -0.079674, NCC_Loss: -0.080819, Reg: 0.001145
Iter 130 of 344 Loss: -0.083953, NCC_Loss: -0.085101, Reg: 0.001147
Iter 140 of 344 Loss: -0.080743, NCC_Loss: -0.081828, Reg: 0.001085
Iter 150 of 344 Loss: -0.080425, NCC_Loss: -0.081632, Reg: 0.001207
Iter 160 of 344 Loss: -0.080833, NCC_Loss: -0.081972, Reg: 0.001139
Iter 170 of 344 Loss: -0.086186, NCC_Loss: -0.087414, Reg: 0.001227
Iter 180 of 344 Loss: -0.079714, NCC_Loss: -0.080885, Reg: 0.001170
Iter 190 of 344 Loss: -0.078115, NCC_Loss: -0.079282, Reg: 0.001167
Iter 200 of 344 Loss: -0.081005, NCC_Loss: -0.082216, Reg: 0.001211
Iter 210 of 344 Loss: -0.086100, NCC_Loss: -0.087262, Reg: 0.001161
Iter 220 of 344 Loss: -0.074625, NCC_Loss: -0.075855, Reg: 0.001230
Iter 230 of 344 Loss: -0.084518, NCC_Loss: -0.085695, Reg: 0.001177
Iter 240 of 344 Loss: -0.081728, NCC_Loss: -0.082970, Reg: 0.001242
Iter 250 of 344 Loss: -0.078956, NCC_Loss: -0.080191, Reg: 0.001235
Iter 260 of 344 Loss: -0.085766, NCC_Loss: -0.086933, Reg: 0.001166
Iter 270 of 344 Loss: -0.080025, NCC_Loss: -0.081285, Reg: 0.001260
Iter 280 of 344 Loss: -0.076724, NCC_Loss: -0.077943, Reg: 0.001219
Iter 290 of 344 Loss: -0.081368, NCC_Loss: -0.082510, Reg: 0.001142
Iter 300 of 344 Loss: -0.086129, NCC_Loss: -0.087298, Reg: 0.001169
Iter 310 of 344 Loss: -0.082165, NCC_Loss: -0.083338, Reg: 0.001173
Iter 320 of 344 Loss: -0.080813, NCC_Loss: -0.082000, Reg: 0.001187
Iter 330 of 344 Loss: -0.080017, NCC_Loss: -0.081204, Reg: 0.001187
Iter 340 of 344 Loss: -0.086735, NCC_Loss: -0.087966, Reg: 0.001231
Epoch 61 Loss: -0.082110
Epoch 61 Validation: Mean EPE: 7.2680, Mean SSIM: 0.1884, Mean ZNCC: -0.0364
Epoch 62 starts
Iter 10 of 344 Loss: -0.083771, NCC_Loss: -0.084975, Reg: 0.001205
Iter 20 of 344 Loss: -0.078082, NCC_Loss: -0.079312, Reg: 0.001231
Iter 30 of 344 Loss: -0.079647, NCC_Loss: -0.080846, Reg: 0.001199
Iter 40 of 344 Loss: -0.081656, NCC_Loss: -0.082826, Reg: 0.001170
Iter 50 of 344 Loss: -0.081610, NCC_Loss: -0.082778, Reg: 0.001167
Iter 60 of 344 Loss: -0.090033, NCC_Loss: -0.091176, Reg: 0.001143
Iter 70 of 344 Loss: -0.079246, NCC_Loss: -0.080510, Reg: 0.001264
Iter 80 of 344 Loss: -0.075775, NCC_Loss: -0.077004, Reg: 0.001229
Iter 90 of 344 Loss: -0.082063, NCC_Loss: -0.083314, Reg: 0.001251
Iter 100 of 344 Loss: -0.079983, NCC_Loss: -0.081156, Reg: 0.001173
Iter 110 of 344 Loss: -0.082115, NCC_Loss: -0.083339, Reg: 0.001224
Iter 120 of 344 Loss: -0.092957, NCC_Loss: -0.094149, Reg: 0.001192
Iter 130 of 344 Loss: -0.080498, NCC_Loss: -0.081725, Reg: 0.001227
Iter 140 of 344 Loss: -0.082268, NCC_Loss: -0.083420, Reg: 0.001152
Iter 150 of 344 Loss: -0.079213, NCC_Loss: -0.080464, Reg: 0.001251
Iter 160 of 344 Loss: -0.088200, NCC_Loss: -0.089375, Reg: 0.001175
Iter 170 of 344 Loss: -0.079585, NCC_Loss: -0.080814, Reg: 0.001229
Iter 180 of 344 Loss: -0.083389, NCC_Loss: -0.084654, Reg: 0.001265
Iter 190 of 344 Loss: -0.082100, NCC_Loss: -0.083353, Reg: 0.001253
Iter 200 of 344 Loss: -0.080227, NCC_Loss: -0.081423, Reg: 0.001196
Iter 210 of 344 Loss: -0.081021, NCC_Loss: -0.082234, Reg: 0.001213
Iter 220 of 344 Loss: -0.085999, NCC_Loss: -0.087182, Reg: 0.001182
Iter 230 of 344 Loss: -0.082702, NCC_Loss: -0.083889, Reg: 0.001186
Iter 240 of 344 Loss: -0.082773, NCC_Loss: -0.083967, Reg: 0.001193
Iter 250 of 344 Loss: -0.080236, NCC_Loss: -0.081521, Reg: 0.001285
Iter 260 of 344 Loss: -0.085933, NCC_Loss: -0.087115, Reg: 0.001182
Iter 270 of 344 Loss: -0.084262, NCC_Loss: -0.085448, Reg: 0.001186
Iter 280 of 344 Loss: -0.076716, NCC_Loss: -0.077920, Reg: 0.001204
Iter 290 of 344 Loss: -0.080239, NCC_Loss: -0.081503, Reg: 0.001263
Iter 300 of 344 Loss: -0.086167, NCC_Loss: -0.087408, Reg: 0.001240
Iter 310 of 344 Loss: -0.074287, NCC_Loss: -0.075549, Reg: 0.001262
Iter 320 of 344 Loss: -0.080430, NCC_Loss: -0.081725, Reg: 0.001295
Iter 330 of 344 Loss: -0.084739, NCC_Loss: -0.085947, Reg: 0.001208
Iter 340 of 344 Loss: -0.079606, NCC_Loss: -0.080837, Reg: 0.001231
Epoch 62 Loss: -0.082212
Epoch 62 Validation: Mean EPE: 7.2680, Mean SSIM: 0.1885, Mean ZNCC: -0.0364
Epoch 63 starts
Iter 10 of 344 Loss: -0.083419, NCC_Loss: -0.084633, Reg: 0.001214
Iter 20 of 344 Loss: -0.082225, NCC_Loss: -0.083497, Reg: 0.001273
Iter 30 of 344 Loss: -0.088265, NCC_Loss: -0.089552, Reg: 0.001287
Iter 40 of 344 Loss: -0.081344, NCC_Loss: -0.082581, Reg: 0.001237
Iter 50 of 344 Loss: -0.073971, NCC_Loss: -0.075090, Reg: 0.001118
Iter 60 of 344 Loss: -0.079868, NCC_Loss: -0.081033, Reg: 0.001165
Iter 70 of 344 Loss: -0.083839, NCC_Loss: -0.085108, Reg: 0.001268
Iter 80 of 344 Loss: -0.080359, NCC_Loss: -0.081639, Reg: 0.001280
Iter 90 of 344 Loss: -0.082024, NCC_Loss: -0.083242, Reg: 0.001218
Iter 100 of 344 Loss: -0.079245, NCC_Loss: -0.080502, Reg: 0.001257
Iter 110 of 344 Loss: -0.085468, NCC_Loss: -0.086705, Reg: 0.001237
Iter 120 of 344 Loss: -0.073845, NCC_Loss: -0.075030, Reg: 0.001184
Iter 130 of 344 Loss: -0.084451, NCC_Loss: -0.085663, Reg: 0.001212
Iter 140 of 344 Loss: -0.081638, NCC_Loss: -0.083000, Reg: 0.001361
Iter 150 of 344 Loss: -0.079906, NCC_Loss: -0.081243, Reg: 0.001337
Iter 160 of 344 Loss: -0.079699, NCC_Loss: -0.080919, Reg: 0.001220
Iter 170 of 344 Loss: -0.076015, NCC_Loss: -0.077329, Reg: 0.001315
Iter 180 of 344 Loss: -0.083782, NCC_Loss: -0.085026, Reg: 0.001244
Iter 190 of 344 Loss: -0.082066, NCC_Loss: -0.083346, Reg: 0.001281
Iter 200 of 344 Loss: -0.076335, NCC_Loss: -0.077582, Reg: 0.001247
Iter 210 of 344 Loss: -0.080026, NCC_Loss: -0.081295, Reg: 0.001269
Iter 220 of 344 Loss: -0.077381, NCC_Loss: -0.078664, Reg: 0.001282
Iter 230 of 344 Loss: -0.083833, NCC_Loss: -0.085082, Reg: 0.001249
Iter 240 of 344 Loss: -0.081718, NCC_Loss: -0.082919, Reg: 0.001200
Iter 250 of 344 Loss: -0.078617, NCC_Loss: -0.079840, Reg: 0.001223
Iter 260 of 344 Loss: -0.084632, NCC_Loss: -0.085874, Reg: 0.001242
Iter 270 of 344 Loss: -0.085909, NCC_Loss: -0.087198, Reg: 0.001289
Iter 280 of 344 Loss: -0.081819, NCC_Loss: -0.083140, Reg: 0.001321
Iter 290 of 344 Loss: -0.080570, NCC_Loss: -0.081793, Reg: 0.001223
Iter 300 of 344 Loss: -0.087072, NCC_Loss: -0.088354, Reg: 0.001282
Iter 310 of 344 Loss: -0.083312, NCC_Loss: -0.084552, Reg: 0.001240
Iter 320 of 344 Loss: -0.076940, NCC_Loss: -0.078155, Reg: 0.001214
Iter 330 of 344 Loss: -0.084588, NCC_Loss: -0.085876, Reg: 0.001288
Iter 340 of 344 Loss: -0.084446, NCC_Loss: -0.085686, Reg: 0.001240
Epoch 63 Loss: -0.082320
Epoch 63 Validation: Mean EPE: 7.2680, Mean SSIM: 0.1886, Mean ZNCC: -0.0363
Epoch 64 starts
Iter 10 of 344 Loss: -0.078723, NCC_Loss: -0.080011, Reg: 0.001288
Iter 20 of 344 Loss: -0.083661, NCC_Loss: -0.084901, Reg: 0.001240
Iter 30 of 344 Loss: -0.087218, NCC_Loss: -0.088511, Reg: 0.001293
Iter 40 of 344 Loss: -0.079925, NCC_Loss: -0.081261, Reg: 0.001336
Iter 50 of 344 Loss: -0.086021, NCC_Loss: -0.087225, Reg: 0.001204
Iter 60 of 344 Loss: -0.080403, NCC_Loss: -0.081638, Reg: 0.001234
Iter 70 of 344 Loss: -0.085560, NCC_Loss: -0.086848, Reg: 0.001288
Iter 80 of 344 Loss: -0.083766, NCC_Loss: -0.085019, Reg: 0.001253
Iter 90 of 344 Loss: -0.084421, NCC_Loss: -0.085614, Reg: 0.001193
Iter 100 of 344 Loss: -0.088776, NCC_Loss: -0.090001, Reg: 0.001224
Iter 110 of 344 Loss: -0.082447, NCC_Loss: -0.083736, Reg: 0.001289
Iter 120 of 344 Loss: -0.076985, NCC_Loss: -0.078227, Reg: 0.001242
Iter 130 of 344 Loss: -0.085740, NCC_Loss: -0.087015, Reg: 0.001275
Iter 140 of 344 Loss: -0.084701, NCC_Loss: -0.085966, Reg: 0.001265
Iter 150 of 344 Loss: -0.077501, NCC_Loss: -0.078779, Reg: 0.001278
Iter 160 of 344 Loss: -0.085898, NCC_Loss: -0.087179, Reg: 0.001281
Iter 170 of 344 Loss: -0.081700, NCC_Loss: -0.083013, Reg: 0.001313
Iter 180 of 344 Loss: -0.086431, NCC_Loss: -0.087728, Reg: 0.001297
Iter 190 of 344 Loss: -0.078251, NCC_Loss: -0.079537, Reg: 0.001287
Iter 200 of 344 Loss: -0.081703, NCC_Loss: -0.082988, Reg: 0.001285
Iter 210 of 344 Loss: -0.072933, NCC_Loss: -0.074211, Reg: 0.001278
Iter 220 of 344 Loss: -0.079247, NCC_Loss: -0.080511, Reg: 0.001264
Iter 230 of 344 Loss: -0.082291, NCC_Loss: -0.083643, Reg: 0.001352
Iter 240 of 344 Loss: -0.082508, NCC_Loss: -0.083752, Reg: 0.001245
Iter 250 of 344 Loss: -0.091870, NCC_Loss: -0.093174, Reg: 0.001304
Iter 260 of 344 Loss: -0.081351, NCC_Loss: -0.082629, Reg: 0.001278
Iter 270 of 344 Loss: -0.078370, NCC_Loss: -0.079746, Reg: 0.001376
Iter 280 of 344 Loss: -0.081408, NCC_Loss: -0.082678, Reg: 0.001270
Iter 290 of 344 Loss: -0.082133, NCC_Loss: -0.083449, Reg: 0.001315
Iter 300 of 344 Loss: -0.079743, NCC_Loss: -0.081068, Reg: 0.001325
Iter 310 of 344 Loss: -0.091234, NCC_Loss: -0.092508, Reg: 0.001274
Iter 320 of 344 Loss: -0.077688, NCC_Loss: -0.078938, Reg: 0.001250
Iter 330 of 344 Loss: -0.082230, NCC_Loss: -0.083552, Reg: 0.001322
Iter 340 of 344 Loss: -0.088973, NCC_Loss: -0.090204, Reg: 0.001232
Epoch 64 Loss: -0.082436
Epoch 64 Validation: Mean EPE: 7.2678, Mean SSIM: 0.1886, Mean ZNCC: -0.0363
Epoch 65 starts
Iter 10 of 344 Loss: -0.081798, NCC_Loss: -0.083091, Reg: 0.001293
Iter 20 of 344 Loss: -0.079708, NCC_Loss: -0.080971, Reg: 0.001263
Iter 30 of 344 Loss: -0.079868, NCC_Loss: -0.081122, Reg: 0.001254
Iter 40 of 344 Loss: -0.083325, NCC_Loss: -0.084541, Reg: 0.001216
Iter 50 of 344 Loss: -0.085759, NCC_Loss: -0.087063, Reg: 0.001304
Iter 60 of 344 Loss: -0.081878, NCC_Loss: -0.083193, Reg: 0.001315
Iter 70 of 344 Loss: -0.079471, NCC_Loss: -0.080872, Reg: 0.001401
Iter 80 of 344 Loss: -0.080598, NCC_Loss: -0.081892, Reg: 0.001294
Iter 90 of 344 Loss: -0.083218, NCC_Loss: -0.084430, Reg: 0.001212
Iter 100 of 344 Loss: -0.087148, NCC_Loss: -0.088404, Reg: 0.001256
Iter 110 of 344 Loss: -0.080442, NCC_Loss: -0.081704, Reg: 0.001262
Iter 120 of 344 Loss: -0.080538, NCC_Loss: -0.081898, Reg: 0.001360
Iter 130 of 344 Loss: -0.082138, NCC_Loss: -0.083459, Reg: 0.001321
Iter 140 of 344 Loss: -0.079894, NCC_Loss: -0.081288, Reg: 0.001394
Iter 150 of 344 Loss: -0.080663, NCC_Loss: -0.081984, Reg: 0.001322
Iter 160 of 344 Loss: -0.080573, NCC_Loss: -0.081940, Reg: 0.001366
Iter 170 of 344 Loss: -0.079534, NCC_Loss: -0.080848, Reg: 0.001314
Iter 180 of 344 Loss: -0.082886, NCC_Loss: -0.084208, Reg: 0.001322
Iter 190 of 344 Loss: -0.083802, NCC_Loss: -0.085123, Reg: 0.001321
Iter 200 of 344 Loss: -0.089796, NCC_Loss: -0.091143, Reg: 0.001347
Iter 210 of 344 Loss: -0.076546, NCC_Loss: -0.077825, Reg: 0.001280
Iter 220 of 344 Loss: -0.083143, NCC_Loss: -0.084485, Reg: 0.001343
Iter 230 of 344 Loss: -0.086014, NCC_Loss: -0.087351, Reg: 0.001338
Iter 240 of 344 Loss: -0.080825, NCC_Loss: -0.082125, Reg: 0.001300
Iter 250 of 344 Loss: -0.076403, NCC_Loss: -0.077786, Reg: 0.001383
Iter 260 of 344 Loss: -0.081637, NCC_Loss: -0.082982, Reg: 0.001345
Iter 270 of 344 Loss: -0.087626, NCC_Loss: -0.088994, Reg: 0.001368
Iter 280 of 344 Loss: -0.081350, NCC_Loss: -0.082619, Reg: 0.001269
Iter 290 of 344 Loss: -0.087293, NCC_Loss: -0.088597, Reg: 0.001303
Iter 300 of 344 Loss: -0.090111, NCC_Loss: -0.091436, Reg: 0.001325
Iter 310 of 344 Loss: -0.087724, NCC_Loss: -0.089060, Reg: 0.001336
Iter 320 of 344 Loss: -0.079459, NCC_Loss: -0.080748, Reg: 0.001289
Iter 330 of 344 Loss: -0.084478, NCC_Loss: -0.085787, Reg: 0.001310
Iter 340 of 344 Loss: -0.078575, NCC_Loss: -0.079903, Reg: 0.001328
Epoch 65 Loss: -0.082552
Epoch 65 Validation: Mean EPE: 7.2677, Mean SSIM: 0.1887, Mean ZNCC: -0.0363
Epoch 66 starts
Iter 10 of 344 Loss: -0.079786, NCC_Loss: -0.081119, Reg: 0.001332
Iter 20 of 344 Loss: -0.085818, NCC_Loss: -0.087097, Reg: 0.001279
Iter 30 of 344 Loss: -0.081583, NCC_Loss: -0.082913, Reg: 0.001330
Iter 40 of 344 Loss: -0.079748, NCC_Loss: -0.081111, Reg: 0.001362
Iter 50 of 344 Loss: -0.084902, NCC_Loss: -0.086255, Reg: 0.001354
Iter 60 of 344 Loss: -0.091780, NCC_Loss: -0.093138, Reg: 0.001358
Iter 70 of 344 Loss: -0.081958, NCC_Loss: -0.083356, Reg: 0.001397
Iter 80 of 344 Loss: -0.075956, NCC_Loss: -0.077323, Reg: 0.001367
Iter 90 of 344 Loss: -0.079838, NCC_Loss: -0.081215, Reg: 0.001377
Iter 100 of 344 Loss: -0.079699, NCC_Loss: -0.081106, Reg: 0.001407
Iter 110 of 344 Loss: -0.079676, NCC_Loss: -0.081047, Reg: 0.001371
Iter 120 of 344 Loss: -0.080683, NCC_Loss: -0.082000, Reg: 0.001316
Iter 130 of 344 Loss: -0.080150, NCC_Loss: -0.081502, Reg: 0.001352
Iter 140 of 344 Loss: -0.084589, NCC_Loss: -0.085913, Reg: 0.001325
Iter 150 of 344 Loss: -0.086149, NCC_Loss: -0.087474, Reg: 0.001325
Iter 160 of 344 Loss: -0.081633, NCC_Loss: -0.082962, Reg: 0.001329
Iter 170 of 344 Loss: -0.090541, NCC_Loss: -0.091903, Reg: 0.001363
Iter 180 of 344 Loss: -0.082695, NCC_Loss: -0.084076, Reg: 0.001381
Iter 190 of 344 Loss: -0.086407, NCC_Loss: -0.087771, Reg: 0.001364
Iter 200 of 344 Loss: -0.081619, NCC_Loss: -0.082997, Reg: 0.001379
Iter 210 of 344 Loss: -0.085460, NCC_Loss: -0.086880, Reg: 0.001420
Iter 220 of 344 Loss: -0.080443, NCC_Loss: -0.081911, Reg: 0.001467
Iter 230 of 344 Loss: -0.079413, NCC_Loss: -0.080794, Reg: 0.001380
Iter 240 of 344 Loss: -0.085316, NCC_Loss: -0.086724, Reg: 0.001408
Iter 250 of 344 Loss: -0.085757, NCC_Loss: -0.087123, Reg: 0.001366
Iter 260 of 344 Loss: -0.089207, NCC_Loss: -0.090593, Reg: 0.001386
Iter 270 of 344 Loss: -0.081238, NCC_Loss: -0.082600, Reg: 0.001362
Iter 280 of 344 Loss: -0.079781, NCC_Loss: -0.081076, Reg: 0.001295
Iter 290 of 344 Loss: -0.079436, NCC_Loss: -0.080835, Reg: 0.001399
Iter 300 of 344 Loss: -0.076886, NCC_Loss: -0.078225, Reg: 0.001339
Iter 310 of 344 Loss: -0.083854, NCC_Loss: -0.085277, Reg: 0.001422
Iter 320 of 344 Loss: -0.079566, NCC_Loss: -0.080920, Reg: 0.001354
Iter 330 of 344 Loss: -0.088225, NCC_Loss: -0.089655, Reg: 0.001430
Iter 340 of 344 Loss: -0.079505, NCC_Loss: -0.080899, Reg: 0.001393
Epoch 66 Loss: -0.082652
Epoch 66 Validation: Mean EPE: 7.2677, Mean SSIM: 0.1887, Mean ZNCC: -0.0363
Epoch 67 starts
Iter 10 of 344 Loss: -0.082972, NCC_Loss: -0.084347, Reg: 0.001375
Iter 20 of 344 Loss: -0.083041, NCC_Loss: -0.084435, Reg: 0.001394
Iter 30 of 344 Loss: -0.083392, NCC_Loss: -0.084784, Reg: 0.001392
Iter 40 of 344 Loss: -0.086815, NCC_Loss: -0.088208, Reg: 0.001393
Iter 50 of 344 Loss: -0.090361, NCC_Loss: -0.091768, Reg: 0.001407
Iter 60 of 344 Loss: -0.077679, NCC_Loss: -0.079159, Reg: 0.001480
Iter 70 of 344 Loss: -0.081455, NCC_Loss: -0.082911, Reg: 0.001456
Iter 80 of 344 Loss: -0.082930, NCC_Loss: -0.084342, Reg: 0.001411
Iter 90 of 344 Loss: -0.080077, NCC_Loss: -0.081410, Reg: 0.001333
Iter 100 of 344 Loss: -0.084996, NCC_Loss: -0.086505, Reg: 0.001509
Iter 110 of 344 Loss: -0.086125, NCC_Loss: -0.087604, Reg: 0.001479
Iter 120 of 344 Loss: -0.086919, NCC_Loss: -0.088342, Reg: 0.001423
Iter 130 of 344 Loss: -0.081897, NCC_Loss: -0.083310, Reg: 0.001413
Iter 140 of 344 Loss: -0.089282, NCC_Loss: -0.090688, Reg: 0.001405
Iter 150 of 344 Loss: -0.083734, NCC_Loss: -0.085136, Reg: 0.001402
Iter 160 of 344 Loss: -0.082860, NCC_Loss: -0.084269, Reg: 0.001410
Iter 170 of 344 Loss: -0.080922, NCC_Loss: -0.082293, Reg: 0.001370
Iter 180 of 344 Loss: -0.096091, NCC_Loss: -0.097571, Reg: 0.001480
Iter 190 of 344 Loss: -0.078701, NCC_Loss: -0.080132, Reg: 0.001431
Iter 200 of 344 Loss: -0.075232, NCC_Loss: -0.076682, Reg: 0.001450
Iter 210 of 344 Loss: -0.087256, NCC_Loss: -0.088632, Reg: 0.001376
Iter 220 of 344 Loss: -0.079402, NCC_Loss: -0.080956, Reg: 0.001553
Iter 230 of 344 Loss: -0.084260, NCC_Loss: -0.085669, Reg: 0.001409
Iter 240 of 344 Loss: -0.080305, NCC_Loss: -0.081648, Reg: 0.001343
Iter 250 of 344 Loss: -0.082287, NCC_Loss: -0.083672, Reg: 0.001385
Iter 260 of 344 Loss: -0.077290, NCC_Loss: -0.078680, Reg: 0.001390
Iter 270 of 344 Loss: -0.084271, NCC_Loss: -0.085682, Reg: 0.001410
Iter 280 of 344 Loss: -0.080369, NCC_Loss: -0.081847, Reg: 0.001479
Iter 290 of 344 Loss: -0.077905, NCC_Loss: -0.079462, Reg: 0.001557
Iter 300 of 344 Loss: -0.082324, NCC_Loss: -0.083656, Reg: 0.001332
Iter 310 of 344 Loss: -0.079985, NCC_Loss: -0.081425, Reg: 0.001440
Iter 320 of 344 Loss: -0.078905, NCC_Loss: -0.080361, Reg: 0.001456
Iter 330 of 344 Loss: -0.083317, NCC_Loss: -0.084724, Reg: 0.001407
Iter 340 of 344 Loss: -0.082527, NCC_Loss: -0.083942, Reg: 0.001415
Epoch 67 Loss: -0.082705
Epoch 67 Validation: Mean EPE: 7.2690, Mean SSIM: 0.1887, Mean ZNCC: -0.0364
Epoch 68 starts
Iter 10 of 344 Loss: -0.087578, NCC_Loss: -0.089030, Reg: 0.001452
Iter 20 of 344 Loss: -0.082044, NCC_Loss: -0.083595, Reg: 0.001551
Iter 30 of 344 Loss: -0.077579, NCC_Loss: -0.079051, Reg: 0.001472
Iter 40 of 344 Loss: -0.084688, NCC_Loss: -0.086049, Reg: 0.001361
Iter 50 of 344 Loss: -0.077885, NCC_Loss: -0.079339, Reg: 0.001455
Iter 60 of 344 Loss: -0.080749, NCC_Loss: -0.082196, Reg: 0.001447
Iter 70 of 344 Loss: -0.087477, NCC_Loss: -0.089011, Reg: 0.001533
Iter 80 of 344 Loss: -0.079511, NCC_Loss: -0.080933, Reg: 0.001422
Iter 90 of 344 Loss: -0.087231, NCC_Loss: -0.088655, Reg: 0.001425
Iter 100 of 344 Loss: -0.084942, NCC_Loss: -0.086377, Reg: 0.001435
Iter 110 of 344 Loss: -0.078687, NCC_Loss: -0.080227, Reg: 0.001540
Iter 120 of 344 Loss: -0.083950, NCC_Loss: -0.085361, Reg: 0.001411
Iter 130 of 344 Loss: -0.086150, NCC_Loss: -0.087599, Reg: 0.001449
Iter 140 of 344 Loss: -0.084012, NCC_Loss: -0.085479, Reg: 0.001467
Iter 150 of 344 Loss: -0.088081, NCC_Loss: -0.089556, Reg: 0.001474
Iter 160 of 344 Loss: -0.077138, NCC_Loss: -0.078683, Reg: 0.001545
Iter 170 of 344 Loss: -0.079607, NCC_Loss: -0.081066, Reg: 0.001460
Iter 180 of 344 Loss: -0.086158, NCC_Loss: -0.087631, Reg: 0.001473
Iter 190 of 344 Loss: -0.086529, NCC_Loss: -0.087964, Reg: 0.001435
Iter 200 of 344 Loss: -0.090976, NCC_Loss: -0.092380, Reg: 0.001404
Iter 210 of 344 Loss: -0.086058, NCC_Loss: -0.087493, Reg: 0.001435
Iter 220 of 344 Loss: -0.095190, NCC_Loss: -0.096648, Reg: 0.001458
Iter 230 of 344 Loss: -0.077565, NCC_Loss: -0.079042, Reg: 0.001478
Iter 240 of 344 Loss: -0.083575, NCC_Loss: -0.084981, Reg: 0.001406
Iter 250 of 344 Loss: -0.088138, NCC_Loss: -0.089569, Reg: 0.001431
Iter 260 of 344 Loss: -0.075409, NCC_Loss: -0.076836, Reg: 0.001428
Iter 270 of 344 Loss: -0.085858, NCC_Loss: -0.087341, Reg: 0.001483
Iter 280 of 344 Loss: -0.075321, NCC_Loss: -0.076722, Reg: 0.001401
Iter 290 of 344 Loss: -0.081899, NCC_Loss: -0.083353, Reg: 0.001454
Iter 300 of 344 Loss: -0.087600, NCC_Loss: -0.089072, Reg: 0.001472
Iter 310 of 344 Loss: -0.081443, NCC_Loss: -0.082921, Reg: 0.001478
Iter 320 of 344 Loss: -0.083326, NCC_Loss: -0.084711, Reg: 0.001385
Iter 330 of 344 Loss: -0.084103, NCC_Loss: -0.085675, Reg: 0.001572
Iter 340 of 344 Loss: -0.083355, NCC_Loss: -0.084837, Reg: 0.001482
Epoch 68 Loss: -0.082774
Epoch 68 Validation: Mean EPE: 7.2683, Mean SSIM: 0.1887, Mean ZNCC: -0.0364
Epoch 69 starts
Iter 10 of 344 Loss: -0.084677, NCC_Loss: -0.086110, Reg: 0.001433
Iter 20 of 344 Loss: -0.076929, NCC_Loss: -0.078419, Reg: 0.001490
Iter 30 of 344 Loss: -0.080433, NCC_Loss: -0.081897, Reg: 0.001464
Iter 40 of 344 Loss: -0.085065, NCC_Loss: -0.086590, Reg: 0.001525
Iter 50 of 344 Loss: -0.092436, NCC_Loss: -0.093853, Reg: 0.001417
Iter 60 of 344 Loss: -0.078260, NCC_Loss: -0.079640, Reg: 0.001381
Iter 70 of 344 Loss: -0.084624, NCC_Loss: -0.086073, Reg: 0.001449
Iter 80 of 344 Loss: -0.083288, NCC_Loss: -0.084746, Reg: 0.001458
Iter 90 of 344 Loss: -0.081993, NCC_Loss: -0.083489, Reg: 0.001496
Iter 100 of 344 Loss: -0.085778, NCC_Loss: -0.087225, Reg: 0.001446
Iter 110 of 344 Loss: -0.078047, NCC_Loss: -0.079559, Reg: 0.001512
Iter 120 of 344 Loss: -0.076531, NCC_Loss: -0.078005, Reg: 0.001474
Iter 130 of 344 Loss: -0.092076, NCC_Loss: -0.093627, Reg: 0.001551
Iter 140 of 344 Loss: -0.079925, NCC_Loss: -0.081377, Reg: 0.001452
Iter 150 of 344 Loss: -0.082251, NCC_Loss: -0.083729, Reg: 0.001478
Iter 160 of 344 Loss: -0.081084, NCC_Loss: -0.082594, Reg: 0.001510
Iter 170 of 344 Loss: -0.080924, NCC_Loss: -0.082338, Reg: 0.001413
Iter 180 of 344 Loss: -0.073547, NCC_Loss: -0.075054, Reg: 0.001507
Iter 190 of 344 Loss: -0.079616, NCC_Loss: -0.081074, Reg: 0.001458
Iter 200 of 344 Loss: -0.082735, NCC_Loss: -0.084247, Reg: 0.001512
Iter 210 of 344 Loss: -0.082054, NCC_Loss: -0.083515, Reg: 0.001461
Iter 220 of 344 Loss: -0.086822, NCC_Loss: -0.088214, Reg: 0.001393
Iter 230 of 344 Loss: -0.079187, NCC_Loss: -0.080649, Reg: 0.001462
Iter 240 of 344 Loss: -0.083854, NCC_Loss: -0.085310, Reg: 0.001456
Iter 250 of 344 Loss: -0.078785, NCC_Loss: -0.080200, Reg: 0.001415
Iter 260 of 344 Loss: -0.083101, NCC_Loss: -0.084607, Reg: 0.001506
Iter 270 of 344 Loss: -0.083617, NCC_Loss: -0.085110, Reg: 0.001493
Iter 280 of 344 Loss: -0.079500, NCC_Loss: -0.080969, Reg: 0.001470
Iter 290 of 344 Loss: -0.082127, NCC_Loss: -0.083742, Reg: 0.001614
Iter 300 of 344 Loss: -0.081471, NCC_Loss: -0.083021, Reg: 0.001550
Iter 310 of 344 Loss: -0.077384, NCC_Loss: -0.078792, Reg: 0.001408
Iter 320 of 344 Loss: -0.089394, NCC_Loss: -0.090903, Reg: 0.001509
Iter 330 of 344 Loss: -0.079936, NCC_Loss: -0.081350, Reg: 0.001414
Iter 340 of 344 Loss: -0.086376, NCC_Loss: -0.087865, Reg: 0.001489
Epoch 69 Loss: -0.082850
Epoch 69 Validation: Mean EPE: 7.2678, Mean SSIM: 0.1888, Mean ZNCC: -0.0363
Epoch 70 starts
Iter 10 of 344 Loss: -0.081359, NCC_Loss: -0.082831, Reg: 0.001472
Iter 20 of 344 Loss: -0.087971, NCC_Loss: -0.089413, Reg: 0.001442
Iter 30 of 344 Loss: -0.083117, NCC_Loss: -0.084596, Reg: 0.001478
Iter 40 of 344 Loss: -0.083766, NCC_Loss: -0.085291, Reg: 0.001524
Iter 50 of 344 Loss: -0.084642, NCC_Loss: -0.086151, Reg: 0.001509
Iter 60 of 344 Loss: -0.084033, NCC_Loss: -0.085466, Reg: 0.001433
Iter 70 of 344 Loss: -0.074666, NCC_Loss: -0.076155, Reg: 0.001489
Iter 80 of 344 Loss: -0.087468, NCC_Loss: -0.089038, Reg: 0.001571
Iter 90 of 344 Loss: -0.083323, NCC_Loss: -0.084701, Reg: 0.001378
Iter 100 of 344 Loss: -0.087559, NCC_Loss: -0.088956, Reg: 0.001397
Iter 110 of 344 Loss: -0.080982, NCC_Loss: -0.082530, Reg: 0.001547
Iter 120 of 344 Loss: -0.079342, NCC_Loss: -0.080874, Reg: 0.001531
Iter 130 of 344 Loss: -0.085528, NCC_Loss: -0.087034, Reg: 0.001505
Iter 140 of 344 Loss: -0.084967, NCC_Loss: -0.086523, Reg: 0.001556
Iter 150 of 344 Loss: -0.082787, NCC_Loss: -0.084253, Reg: 0.001466
Iter 160 of 344 Loss: -0.085763, NCC_Loss: -0.087271, Reg: 0.001508
Iter 170 of 344 Loss: -0.084322, NCC_Loss: -0.085787, Reg: 0.001465
Iter 180 of 344 Loss: -0.087935, NCC_Loss: -0.089470, Reg: 0.001535
Iter 190 of 344 Loss: -0.078537, NCC_Loss: -0.079974, Reg: 0.001436
Iter 200 of 344 Loss: -0.077674, NCC_Loss: -0.079146, Reg: 0.001472
Iter 210 of 344 Loss: -0.088316, NCC_Loss: -0.089874, Reg: 0.001558
Iter 220 of 344 Loss: -0.084983, NCC_Loss: -0.086523, Reg: 0.001540
Iter 230 of 344 Loss: -0.074770, NCC_Loss: -0.076342, Reg: 0.001573
Iter 240 of 344 Loss: -0.080006, NCC_Loss: -0.081608, Reg: 0.001602
Iter 250 of 344 Loss: -0.079237, NCC_Loss: -0.080778, Reg: 0.001541
Iter 260 of 344 Loss: -0.081279, NCC_Loss: -0.082861, Reg: 0.001582
Iter 270 of 344 Loss: -0.076715, NCC_Loss: -0.078404, Reg: 0.001689
Iter 280 of 344 Loss: -0.086686, NCC_Loss: -0.088179, Reg: 0.001494
Iter 290 of 344 Loss: -0.083993, NCC_Loss: -0.085695, Reg: 0.001702
Iter 300 of 344 Loss: -0.083773, NCC_Loss: -0.085374, Reg: 0.001601
Iter 310 of 344 Loss: -0.081047, NCC_Loss: -0.082590, Reg: 0.001543
Iter 320 of 344 Loss: -0.078788, NCC_Loss: -0.080293, Reg: 0.001505
Iter 330 of 344 Loss: -0.079685, NCC_Loss: -0.081274, Reg: 0.001589
Iter 340 of 344 Loss: -0.084698, NCC_Loss: -0.086195, Reg: 0.001497
Epoch 70 Loss: -0.082723
Epoch 70 Validation: Mean EPE: 7.2637, Mean SSIM: 0.1883, Mean ZNCC: -0.0357
Epoch 71 starts
Iter 10 of 344 Loss: -0.079740, NCC_Loss: -0.081275, Reg: 0.001535
Iter 20 of 344 Loss: -0.076690, NCC_Loss: -0.078188, Reg: 0.001498
Iter 30 of 344 Loss: -0.082642, NCC_Loss: -0.084117, Reg: 0.001476
Iter 40 of 344 Loss: -0.077924, NCC_Loss: -0.079374, Reg: 0.001450
Iter 50 of 344 Loss: -0.077260, NCC_Loss: -0.078880, Reg: 0.001621
Iter 60 of 344 Loss: -0.086130, NCC_Loss: -0.087709, Reg: 0.001580
Iter 70 of 344 Loss: -0.084218, NCC_Loss: -0.085768, Reg: 0.001551
Iter 80 of 344 Loss: -0.085332, NCC_Loss: -0.086956, Reg: 0.001624
Iter 90 of 344 Loss: -0.078750, NCC_Loss: -0.080369, Reg: 0.001619
Iter 100 of 344 Loss: -0.080780, NCC_Loss: -0.082409, Reg: 0.001629
Iter 110 of 344 Loss: -0.085184, NCC_Loss: -0.086875, Reg: 0.001690
Iter 120 of 344 Loss: -0.079437, NCC_Loss: -0.081113, Reg: 0.001676
Iter 130 of 344 Loss: -0.083578, NCC_Loss: -0.085103, Reg: 0.001525
Iter 140 of 344 Loss: -0.087123, NCC_Loss: -0.088739, Reg: 0.001616
Iter 150 of 344 Loss: -0.080649, NCC_Loss: -0.082235, Reg: 0.001586
Iter 160 of 344 Loss: -0.083443, NCC_Loss: -0.085124, Reg: 0.001681
Iter 170 of 344 Loss: -0.078540, NCC_Loss: -0.080098, Reg: 0.001558
Iter 180 of 344 Loss: -0.091481, NCC_Loss: -0.093044, Reg: 0.001564
Iter 190 of 344 Loss: -0.087875, NCC_Loss: -0.089606, Reg: 0.001731
Iter 200 of 344 Loss: -0.083215, NCC_Loss: -0.084884, Reg: 0.001669
Iter 210 of 344 Loss: -0.079302, NCC_Loss: -0.080897, Reg: 0.001594
Iter 220 of 344 Loss: -0.083980, NCC_Loss: -0.085629, Reg: 0.001649
Iter 230 of 344 Loss: -0.083638, NCC_Loss: -0.085179, Reg: 0.001540
Iter 240 of 344 Loss: -0.079223, NCC_Loss: -0.080783, Reg: 0.001560
Iter 250 of 344 Loss: -0.081561, NCC_Loss: -0.083225, Reg: 0.001664
Iter 260 of 344 Loss: -0.080891, NCC_Loss: -0.082511, Reg: 0.001621
Iter 270 of 344 Loss: -0.084809, NCC_Loss: -0.086432, Reg: 0.001623
Iter 280 of 344 Loss: -0.084895, NCC_Loss: -0.086525, Reg: 0.001631
Iter 290 of 344 Loss: -0.086608, NCC_Loss: -0.088321, Reg: 0.001713
Iter 300 of 344 Loss: -0.084320, NCC_Loss: -0.085923, Reg: 0.001603
Iter 310 of 344 Loss: -0.086447, NCC_Loss: -0.088036, Reg: 0.001589
Iter 320 of 344 Loss: -0.082049, NCC_Loss: -0.083728, Reg: 0.001679
Iter 330 of 344 Loss: -0.080633, NCC_Loss: -0.082297, Reg: 0.001664
Iter 340 of 344 Loss: -0.078968, NCC_Loss: -0.080567, Reg: 0.001599
Epoch 71 Loss: -0.082667
Epoch 71 Validation: Mean EPE: 7.2650, Mean SSIM: 0.1886, Mean ZNCC: -0.0356
Epoch 72 starts
Iter 10 of 344 Loss: -0.083254, NCC_Loss: -0.084950, Reg: 0.001696
Iter 20 of 344 Loss: -0.083861, NCC_Loss: -0.085526, Reg: 0.001664
Iter 30 of 344 Loss: -0.078191, NCC_Loss: -0.079859, Reg: 0.001669
Iter 40 of 344 Loss: -0.090055, NCC_Loss: -0.091649, Reg: 0.001594
Iter 50 of 344 Loss: -0.078807, NCC_Loss: -0.080320, Reg: 0.001512
Iter 60 of 344 Loss: -0.080061, NCC_Loss: -0.081667, Reg: 0.001607
Iter 70 of 344 Loss: -0.083414, NCC_Loss: -0.085090, Reg: 0.001676
Iter 80 of 344 Loss: -0.088794, NCC_Loss: -0.090480, Reg: 0.001686
Iter 90 of 344 Loss: -0.086271, NCC_Loss: -0.087920, Reg: 0.001648
Iter 100 of 344 Loss: -0.089077, NCC_Loss: -0.090764, Reg: 0.001687
Iter 110 of 344 Loss: -0.081285, NCC_Loss: -0.082903, Reg: 0.001618
Iter 120 of 344 Loss: -0.085095, NCC_Loss: -0.086626, Reg: 0.001530
Iter 130 of 344 Loss: -0.077941, NCC_Loss: -0.079498, Reg: 0.001557
Iter 140 of 344 Loss: -0.074408, NCC_Loss: -0.075960, Reg: 0.001551
Iter 150 of 344 Loss: -0.082076, NCC_Loss: -0.083527, Reg: 0.001451
Iter 160 of 344 Loss: -0.091173, NCC_Loss: -0.092807, Reg: 0.001634
Iter 170 of 344 Loss: -0.077400, NCC_Loss: -0.078952, Reg: 0.001552
Iter 180 of 344 Loss: -0.090748, NCC_Loss: -0.092335, Reg: 0.001587
Iter 190 of 344 Loss: -0.082298, NCC_Loss: -0.083860, Reg: 0.001562
Iter 200 of 344 Loss: -0.079807, NCC_Loss: -0.081485, Reg: 0.001678
Iter 210 of 344 Loss: -0.082370, NCC_Loss: -0.083944, Reg: 0.001574
Iter 220 of 344 Loss: -0.083886, NCC_Loss: -0.085495, Reg: 0.001609
Iter 230 of 344 Loss: -0.083272, NCC_Loss: -0.084937, Reg: 0.001665
Iter 240 of 344 Loss: -0.080930, NCC_Loss: -0.082528, Reg: 0.001597
Iter 250 of 344 Loss: -0.083629, NCC_Loss: -0.085266, Reg: 0.001638
Iter 260 of 344 Loss: -0.080192, NCC_Loss: -0.081761, Reg: 0.001569
Iter 270 of 344 Loss: -0.082363, NCC_Loss: -0.083956, Reg: 0.001593
Iter 280 of 344 Loss: -0.082067, NCC_Loss: -0.083671, Reg: 0.001603
Iter 290 of 344 Loss: -0.089129, NCC_Loss: -0.090701, Reg: 0.001573
Iter 300 of 344 Loss: -0.082518, NCC_Loss: -0.084112, Reg: 0.001594
Iter 310 of 344 Loss: -0.091208, NCC_Loss: -0.092745, Reg: 0.001537
Iter 320 of 344 Loss: -0.079690, NCC_Loss: -0.081331, Reg: 0.001641
Iter 330 of 344 Loss: -0.079877, NCC_Loss: -0.081416, Reg: 0.001539
Iter 340 of 344 Loss: -0.082540, NCC_Loss: -0.084062, Reg: 0.001521
Epoch 72 Loss: -0.082899
Epoch 72 Validation: Mean EPE: 7.2659, Mean SSIM: 0.1886, Mean ZNCC: -0.0358
Epoch 73 starts
Iter 10 of 344 Loss: -0.082572, NCC_Loss: -0.084089, Reg: 0.001517
Iter 20 of 344 Loss: -0.085642, NCC_Loss: -0.087270, Reg: 0.001628
Iter 30 of 344 Loss: -0.086281, NCC_Loss: -0.087773, Reg: 0.001492
Iter 40 of 344 Loss: -0.083189, NCC_Loss: -0.084744, Reg: 0.001555
Iter 50 of 344 Loss: -0.084156, NCC_Loss: -0.085625, Reg: 0.001469
Iter 60 of 344 Loss: -0.073814, NCC_Loss: -0.075317, Reg: 0.001502
Iter 70 of 344 Loss: -0.081093, NCC_Loss: -0.082651, Reg: 0.001558
Iter 80 of 344 Loss: -0.087713, NCC_Loss: -0.089220, Reg: 0.001506
Iter 90 of 344 Loss: -0.079911, NCC_Loss: -0.081482, Reg: 0.001570
Iter 100 of 344 Loss: -0.077008, NCC_Loss: -0.078565, Reg: 0.001557
Iter 110 of 344 Loss: -0.074688, NCC_Loss: -0.076205, Reg: 0.001517
Iter 120 of 344 Loss: -0.084193, NCC_Loss: -0.085672, Reg: 0.001479
Iter 130 of 344 Loss: -0.087698, NCC_Loss: -0.089277, Reg: 0.001578
Iter 140 of 344 Loss: -0.086467, NCC_Loss: -0.087935, Reg: 0.001468
Iter 150 of 344 Loss: -0.089498, NCC_Loss: -0.091066, Reg: 0.001568
Iter 160 of 344 Loss: -0.076923, NCC_Loss: -0.078403, Reg: 0.001481
Iter 170 of 344 Loss: -0.086063, NCC_Loss: -0.087598, Reg: 0.001535
Iter 180 of 344 Loss: -0.086783, NCC_Loss: -0.088301, Reg: 0.001518
Iter 190 of 344 Loss: -0.075684, NCC_Loss: -0.077274, Reg: 0.001590
Iter 200 of 344 Loss: -0.084626, NCC_Loss: -0.086167, Reg: 0.001540
Iter 210 of 344 Loss: -0.086210, NCC_Loss: -0.087767, Reg: 0.001557
Iter 220 of 344 Loss: -0.082438, NCC_Loss: -0.084006, Reg: 0.001567
Iter 230 of 344 Loss: -0.083445, NCC_Loss: -0.085113, Reg: 0.001668
Iter 240 of 344 Loss: -0.078352, NCC_Loss: -0.079821, Reg: 0.001469
Iter 250 of 344 Loss: -0.079504, NCC_Loss: -0.080987, Reg: 0.001483
Iter 260 of 344 Loss: -0.075966, NCC_Loss: -0.077520, Reg: 0.001553
Iter 270 of 344 Loss: -0.083040, NCC_Loss: -0.084500, Reg: 0.001460
Iter 280 of 344 Loss: -0.087847, NCC_Loss: -0.089396, Reg: 0.001549
Iter 290 of 344 Loss: -0.075708, NCC_Loss: -0.077288, Reg: 0.001580
Iter 300 of 344 Loss: -0.085901, NCC_Loss: -0.087488, Reg: 0.001587
Iter 310 of 344 Loss: -0.076030, NCC_Loss: -0.077492, Reg: 0.001462
Iter 320 of 344 Loss: -0.075699, NCC_Loss: -0.077247, Reg: 0.001549
Iter 330 of 344 Loss: -0.085941, NCC_Loss: -0.087484, Reg: 0.001543
Iter 340 of 344 Loss: -0.083383, NCC_Loss: -0.084898, Reg: 0.001515
Epoch 73 Loss: -0.083053
Epoch 73 Validation: Mean EPE: 7.2662, Mean SSIM: 0.1887, Mean ZNCC: -0.0359
Epoch 74 starts
Iter 10 of 344 Loss: -0.089929, NCC_Loss: -0.091459, Reg: 0.001530
Iter 20 of 344 Loss: -0.079589, NCC_Loss: -0.081131, Reg: 0.001542
Iter 30 of 344 Loss: -0.080596, NCC_Loss: -0.082149, Reg: 0.001553
Iter 40 of 344 Loss: -0.082132, NCC_Loss: -0.083618, Reg: 0.001486
Iter 50 of 344 Loss: -0.076580, NCC_Loss: -0.078163, Reg: 0.001583
Iter 60 of 344 Loss: -0.085936, NCC_Loss: -0.087473, Reg: 0.001537
Iter 70 of 344 Loss: -0.082205, NCC_Loss: -0.083737, Reg: 0.001532
Iter 80 of 344 Loss: -0.086213, NCC_Loss: -0.087704, Reg: 0.001491
Iter 90 of 344 Loss: -0.083840, NCC_Loss: -0.085415, Reg: 0.001576
Iter 100 of 344 Loss: -0.084516, NCC_Loss: -0.086016, Reg: 0.001500
Iter 110 of 344 Loss: -0.074123, NCC_Loss: -0.075621, Reg: 0.001497
Iter 120 of 344 Loss: -0.080904, NCC_Loss: -0.082386, Reg: 0.001482
Iter 130 of 344 Loss: -0.080923, NCC_Loss: -0.082500, Reg: 0.001577
Iter 140 of 344 Loss: -0.086304, NCC_Loss: -0.087823, Reg: 0.001518
Iter 150 of 344 Loss: -0.075804, NCC_Loss: -0.077346, Reg: 0.001542
Iter 160 of 344 Loss: -0.084029, NCC_Loss: -0.085520, Reg: 0.001491
Iter 170 of 344 Loss: -0.081955, NCC_Loss: -0.083416, Reg: 0.001461
Iter 180 of 344 Loss: -0.079476, NCC_Loss: -0.081081, Reg: 0.001604
Iter 190 of 344 Loss: -0.080399, NCC_Loss: -0.081850, Reg: 0.001451
Iter 200 of 344 Loss: -0.080062, NCC_Loss: -0.081746, Reg: 0.001683
Iter 210 of 344 Loss: -0.085552, NCC_Loss: -0.087014, Reg: 0.001462
Iter 220 of 344 Loss: -0.084970, NCC_Loss: -0.086509, Reg: 0.001539
Iter 230 of 344 Loss: -0.084917, NCC_Loss: -0.086422, Reg: 0.001505
Iter 240 of 344 Loss: -0.079604, NCC_Loss: -0.081074, Reg: 0.001469
Iter 250 of 344 Loss: -0.086257, NCC_Loss: -0.087794, Reg: 0.001538
Iter 260 of 344 Loss: -0.080287, NCC_Loss: -0.081837, Reg: 0.001550
Iter 270 of 344 Loss: -0.081139, NCC_Loss: -0.082639, Reg: 0.001500
Iter 280 of 344 Loss: -0.086461, NCC_Loss: -0.088050, Reg: 0.001589
Iter 290 of 344 Loss: -0.082090, NCC_Loss: -0.083628, Reg: 0.001538
Iter 300 of 344 Loss: -0.084267, NCC_Loss: -0.085767, Reg: 0.001500
Iter 310 of 344 Loss: -0.090920, NCC_Loss: -0.092470, Reg: 0.001551
Iter 320 of 344 Loss: -0.091133, NCC_Loss: -0.092703, Reg: 0.001569
Iter 330 of 344 Loss: -0.084163, NCC_Loss: -0.085653, Reg: 0.001490
Iter 340 of 344 Loss: -0.086629, NCC_Loss: -0.088102, Reg: 0.001473
Epoch 74 Loss: -0.083140
Epoch 74 Validation: Mean EPE: 7.2663, Mean SSIM: 0.1888, Mean ZNCC: -0.0360
Epoch 75 starts
Iter 10 of 344 Loss: -0.086786, NCC_Loss: -0.088388, Reg: 0.001602
Iter 20 of 344 Loss: -0.079286, NCC_Loss: -0.080853, Reg: 0.001567
Iter 30 of 344 Loss: -0.083551, NCC_Loss: -0.085032, Reg: 0.001481
Iter 40 of 344 Loss: -0.083247, NCC_Loss: -0.084661, Reg: 0.001414
Iter 50 of 344 Loss: -0.084174, NCC_Loss: -0.085690, Reg: 0.001516
Iter 60 of 344 Loss: -0.080509, NCC_Loss: -0.081905, Reg: 0.001396
Iter 70 of 344 Loss: -0.078541, NCC_Loss: -0.080059, Reg: 0.001518
Iter 80 of 344 Loss: -0.084919, NCC_Loss: -0.086457, Reg: 0.001537
Iter 90 of 344 Loss: -0.082677, NCC_Loss: -0.084183, Reg: 0.001506
Iter 100 of 344 Loss: -0.085642, NCC_Loss: -0.087175, Reg: 0.001532
Iter 110 of 344 Loss: -0.080082, NCC_Loss: -0.081745, Reg: 0.001663
Iter 120 of 344 Loss: -0.084434, NCC_Loss: -0.085904, Reg: 0.001470
Iter 130 of 344 Loss: -0.083358, NCC_Loss: -0.084798, Reg: 0.001440
Iter 140 of 344 Loss: -0.080318, NCC_Loss: -0.081835, Reg: 0.001517
Iter 150 of 344 Loss: -0.087984, NCC_Loss: -0.089370, Reg: 0.001386
Iter 160 of 344 Loss: -0.080284, NCC_Loss: -0.081811, Reg: 0.001527
Iter 170 of 344 Loss: -0.078029, NCC_Loss: -0.079530, Reg: 0.001501
Iter 180 of 344 Loss: -0.088853, NCC_Loss: -0.090400, Reg: 0.001548
Iter 190 of 344 Loss: -0.085260, NCC_Loss: -0.086734, Reg: 0.001474
Iter 200 of 344 Loss: -0.081156, NCC_Loss: -0.082625, Reg: 0.001468
Iter 210 of 344 Loss: -0.080376, NCC_Loss: -0.081861, Reg: 0.001485
Iter 220 of 344 Loss: -0.081022, NCC_Loss: -0.082435, Reg: 0.001413
Iter 230 of 344 Loss: -0.082792, NCC_Loss: -0.084298, Reg: 0.001506
Iter 240 of 344 Loss: -0.082719, NCC_Loss: -0.084314, Reg: 0.001595
Iter 250 of 344 Loss: -0.083388, NCC_Loss: -0.085049, Reg: 0.001660
Iter 260 of 344 Loss: -0.083219, NCC_Loss: -0.084650, Reg: 0.001431
Iter 270 of 344 Loss: -0.084600, NCC_Loss: -0.086171, Reg: 0.001571
Iter 280 of 344 Loss: -0.083052, NCC_Loss: -0.084603, Reg: 0.001551
Iter 290 of 344 Loss: -0.085044, NCC_Loss: -0.086523, Reg: 0.001479
Iter 300 of 344 Loss: -0.085386, NCC_Loss: -0.086818, Reg: 0.001431
Iter 310 of 344 Loss: -0.085839, NCC_Loss: -0.087312, Reg: 0.001474
Iter 320 of 344 Loss: -0.090040, NCC_Loss: -0.091583, Reg: 0.001542
Iter 330 of 344 Loss: -0.085037, NCC_Loss: -0.086488, Reg: 0.001451
Iter 340 of 344 Loss: -0.080459, NCC_Loss: -0.081969, Reg: 0.001510
Epoch 75 Loss: -0.083221
Epoch 75 Validation: Mean EPE: 7.2662, Mean SSIM: 0.1888, Mean ZNCC: -0.0360
Epoch 76 starts
Iter 10 of 344 Loss: -0.083476, NCC_Loss: -0.084918, Reg: 0.001442
Iter 20 of 344 Loss: -0.087146, NCC_Loss: -0.088763, Reg: 0.001617
Iter 30 of 344 Loss: -0.080195, NCC_Loss: -0.081706, Reg: 0.001511
Iter 40 of 344 Loss: -0.080629, NCC_Loss: -0.082176, Reg: 0.001548
Iter 50 of 344 Loss: -0.081481, NCC_Loss: -0.082973, Reg: 0.001493
Iter 60 of 344 Loss: -0.080055, NCC_Loss: -0.081555, Reg: 0.001500
Iter 70 of 344 Loss: -0.076769, NCC_Loss: -0.078277, Reg: 0.001507
Iter 80 of 344 Loss: -0.081416, NCC_Loss: -0.083001, Reg: 0.001584
Iter 90 of 344 Loss: -0.087448, NCC_Loss: -0.088854, Reg: 0.001406
Iter 100 of 344 Loss: -0.088163, NCC_Loss: -0.089605, Reg: 0.001442
Iter 110 of 344 Loss: -0.084504, NCC_Loss: -0.085926, Reg: 0.001422
Iter 120 of 344 Loss: -0.081479, NCC_Loss: -0.083023, Reg: 0.001544
Iter 130 of 344 Loss: -0.078751, NCC_Loss: -0.080295, Reg: 0.001544
Iter 140 of 344 Loss: -0.071547, NCC_Loss: -0.073156, Reg: 0.001608
Iter 150 of 344 Loss: -0.092500, NCC_Loss: -0.094034, Reg: 0.001534
Iter 160 of 344 Loss: -0.088660, NCC_Loss: -0.090136, Reg: 0.001475
Iter 170 of 344 Loss: -0.081920, NCC_Loss: -0.083486, Reg: 0.001566
Iter 180 of 344 Loss: -0.079104, NCC_Loss: -0.080548, Reg: 0.001445
Iter 190 of 344 Loss: -0.084773, NCC_Loss: -0.086297, Reg: 0.001523
Iter 200 of 344 Loss: -0.076839, NCC_Loss: -0.078296, Reg: 0.001457
Iter 210 of 344 Loss: -0.079458, NCC_Loss: -0.080934, Reg: 0.001476
Iter 220 of 344 Loss: -0.081473, NCC_Loss: -0.083038, Reg: 0.001566
Iter 230 of 344 Loss: -0.084237, NCC_Loss: -0.085803, Reg: 0.001566
Iter 240 of 344 Loss: -0.086392, NCC_Loss: -0.087954, Reg: 0.001562
Iter 250 of 344 Loss: -0.084881, NCC_Loss: -0.086420, Reg: 0.001539
Iter 260 of 344 Loss: -0.081917, NCC_Loss: -0.083384, Reg: 0.001467
Iter 270 of 344 Loss: -0.084264, NCC_Loss: -0.085758, Reg: 0.001494
Iter 280 of 344 Loss: -0.081025, NCC_Loss: -0.082559, Reg: 0.001533
Iter 290 of 344 Loss: -0.082958, NCC_Loss: -0.084479, Reg: 0.001521
Iter 300 of 344 Loss: -0.083545, NCC_Loss: -0.085055, Reg: 0.001510
Iter 310 of 344 Loss: -0.088111, NCC_Loss: -0.089683, Reg: 0.001572
Iter 320 of 344 Loss: -0.089952, NCC_Loss: -0.091429, Reg: 0.001477
Iter 330 of 344 Loss: -0.084053, NCC_Loss: -0.085543, Reg: 0.001489
Iter 340 of 344 Loss: -0.080456, NCC_Loss: -0.081978, Reg: 0.001522
Epoch 76 Loss: -0.083294
Epoch 76 Validation: Mean EPE: 7.2662, Mean SSIM: 0.1889, Mean ZNCC: -0.0361
Epoch 77 starts
Iter 10 of 344 Loss: -0.082307, NCC_Loss: -0.083880, Reg: 0.001573
Iter 20 of 344 Loss: -0.083007, NCC_Loss: -0.084537, Reg: 0.001530
Iter 30 of 344 Loss: -0.078934, NCC_Loss: -0.080517, Reg: 0.001583
Iter 40 of 344 Loss: -0.087791, NCC_Loss: -0.089329, Reg: 0.001538
Iter 50 of 344 Loss: -0.083839, NCC_Loss: -0.085407, Reg: 0.001568
Iter 60 of 344 Loss: -0.084264, NCC_Loss: -0.085691, Reg: 0.001427
Iter 70 of 344 Loss: -0.083383, NCC_Loss: -0.084952, Reg: 0.001569
Iter 80 of 344 Loss: -0.085588, NCC_Loss: -0.087115, Reg: 0.001527
Iter 90 of 344 Loss: -0.083135, NCC_Loss: -0.084668, Reg: 0.001533
Iter 100 of 344 Loss: -0.080124, NCC_Loss: -0.081619, Reg: 0.001496
Iter 110 of 344 Loss: -0.092863, NCC_Loss: -0.094332, Reg: 0.001469
Iter 120 of 344 Loss: -0.084907, NCC_Loss: -0.086315, Reg: 0.001408
Iter 130 of 344 Loss: -0.090118, NCC_Loss: -0.091710, Reg: 0.001592
Iter 140 of 344 Loss: -0.086015, NCC_Loss: -0.087384, Reg: 0.001369
Iter 150 of 344 Loss: -0.079987, NCC_Loss: -0.081453, Reg: 0.001466
Iter 160 of 344 Loss: -0.087450, NCC_Loss: -0.088965, Reg: 0.001515
Iter 170 of 344 Loss: -0.080652, NCC_Loss: -0.082120, Reg: 0.001468
Iter 180 of 344 Loss: -0.089349, NCC_Loss: -0.090896, Reg: 0.001547
Iter 190 of 344 Loss: -0.087390, NCC_Loss: -0.088917, Reg: 0.001527
Iter 200 of 344 Loss: -0.086237, NCC_Loss: -0.087695, Reg: 0.001458
Iter 210 of 344 Loss: -0.080411, NCC_Loss: -0.081844, Reg: 0.001433
Iter 220 of 344 Loss: -0.079387, NCC_Loss: -0.080956, Reg: 0.001569
Iter 230 of 344 Loss: -0.078309, NCC_Loss: -0.079797, Reg: 0.001488
Iter 240 of 344 Loss: -0.084403, NCC_Loss: -0.085873, Reg: 0.001470
Iter 250 of 344 Loss: -0.082288, NCC_Loss: -0.083649, Reg: 0.001361
Iter 260 of 344 Loss: -0.079495, NCC_Loss: -0.081036, Reg: 0.001541
Iter 270 of 344 Loss: -0.083792, NCC_Loss: -0.085332, Reg: 0.001541
Iter 280 of 344 Loss: -0.079806, NCC_Loss: -0.081262, Reg: 0.001456
Iter 290 of 344 Loss: -0.084961, NCC_Loss: -0.086333, Reg: 0.001372
Iter 300 of 344 Loss: -0.082766, NCC_Loss: -0.084210, Reg: 0.001443
Iter 310 of 344 Loss: -0.079819, NCC_Loss: -0.081395, Reg: 0.001576
Iter 320 of 344 Loss: -0.079211, NCC_Loss: -0.080625, Reg: 0.001415
Iter 330 of 344 Loss: -0.089342, NCC_Loss: -0.090861, Reg: 0.001519
Iter 340 of 344 Loss: -0.085414, NCC_Loss: -0.086882, Reg: 0.001468
Epoch 77 Loss: -0.083355
Epoch 77 Validation: Mean EPE: 7.2661, Mean SSIM: 0.1889, Mean ZNCC: -0.0361
Epoch 78 starts
Iter 10 of 344 Loss: -0.077769, NCC_Loss: -0.079363, Reg: 0.001594
Iter 20 of 344 Loss: -0.086260, NCC_Loss: -0.087771, Reg: 0.001511
Iter 30 of 344 Loss: -0.087325, NCC_Loss: -0.088826, Reg: 0.001501
Iter 40 of 344 Loss: -0.082029, NCC_Loss: -0.083644, Reg: 0.001615
Iter 50 of 344 Loss: -0.076687, NCC_Loss: -0.078222, Reg: 0.001535
Iter 60 of 344 Loss: -0.078407, NCC_Loss: -0.079904, Reg: 0.001497
Iter 70 of 344 Loss: -0.084402, NCC_Loss: -0.085883, Reg: 0.001481
Iter 80 of 344 Loss: -0.080201, NCC_Loss: -0.081690, Reg: 0.001489
Iter 90 of 344 Loss: -0.085737, NCC_Loss: -0.087253, Reg: 0.001516
Iter 100 of 344 Loss: -0.085743, NCC_Loss: -0.087272, Reg: 0.001528
Iter 110 of 344 Loss: -0.082952, NCC_Loss: -0.084477, Reg: 0.001526
Iter 120 of 344 Loss: -0.085108, NCC_Loss: -0.086608, Reg: 0.001500
Iter 130 of 344 Loss: -0.087015, NCC_Loss: -0.088513, Reg: 0.001498
Iter 140 of 344 Loss: -0.084149, NCC_Loss: -0.085692, Reg: 0.001543
Iter 150 of 344 Loss: -0.086398, NCC_Loss: -0.087932, Reg: 0.001534
Iter 160 of 344 Loss: -0.079216, NCC_Loss: -0.080718, Reg: 0.001503
Iter 170 of 344 Loss: -0.079349, NCC_Loss: -0.080911, Reg: 0.001562
Iter 180 of 344 Loss: -0.084823, NCC_Loss: -0.086309, Reg: 0.001486
Iter 190 of 344 Loss: -0.085200, NCC_Loss: -0.086664, Reg: 0.001464
Iter 200 of 344 Loss: -0.083835, NCC_Loss: -0.085308, Reg: 0.001472
Iter 210 of 344 Loss: -0.079678, NCC_Loss: -0.081145, Reg: 0.001466
Iter 220 of 344 Loss: -0.083650, NCC_Loss: -0.085170, Reg: 0.001520
Iter 230 of 344 Loss: -0.082015, NCC_Loss: -0.083525, Reg: 0.001510
Iter 240 of 344 Loss: -0.079815, NCC_Loss: -0.081349, Reg: 0.001534
Iter 250 of 344 Loss: -0.084314, NCC_Loss: -0.085912, Reg: 0.001599
Iter 260 of 344 Loss: -0.089741, NCC_Loss: -0.091298, Reg: 0.001557
Iter 270 of 344 Loss: -0.087138, NCC_Loss: -0.088572, Reg: 0.001434
Iter 280 of 344 Loss: -0.085707, NCC_Loss: -0.087229, Reg: 0.001522
Iter 290 of 344 Loss: -0.080355, NCC_Loss: -0.081910, Reg: 0.001555
Iter 300 of 344 Loss: -0.081168, NCC_Loss: -0.082615, Reg: 0.001448
Iter 310 of 344 Loss: -0.085345, NCC_Loss: -0.086778, Reg: 0.001433
Iter 320 of 344 Loss: -0.085553, NCC_Loss: -0.087013, Reg: 0.001460
Iter 330 of 344 Loss: -0.085977, NCC_Loss: -0.087485, Reg: 0.001508
Iter 340 of 344 Loss: -0.074257, NCC_Loss: -0.075787, Reg: 0.001530
Epoch 78 Loss: -0.083420
Epoch 78 Validation: Mean EPE: 7.2660, Mean SSIM: 0.1890, Mean ZNCC: -0.0361
Epoch 79 starts
Iter 10 of 344 Loss: -0.079503, NCC_Loss: -0.081003, Reg: 0.001500
Iter 20 of 344 Loss: -0.079084, NCC_Loss: -0.080637, Reg: 0.001553
Iter 30 of 344 Loss: -0.084622, NCC_Loss: -0.086124, Reg: 0.001502
Iter 40 of 344 Loss: -0.081817, NCC_Loss: -0.083333, Reg: 0.001516
Iter 50 of 344 Loss: -0.086178, NCC_Loss: -0.087621, Reg: 0.001443
Iter 60 of 344 Loss: -0.078929, NCC_Loss: -0.080406, Reg: 0.001477
Iter 70 of 344 Loss: -0.081128, NCC_Loss: -0.082673, Reg: 0.001545
Iter 80 of 344 Loss: -0.083294, NCC_Loss: -0.084809, Reg: 0.001515
Iter 90 of 344 Loss: -0.082261, NCC_Loss: -0.083730, Reg: 0.001468
Iter 100 of 344 Loss: -0.082932, NCC_Loss: -0.084326, Reg: 0.001394
Iter 110 of 344 Loss: -0.086789, NCC_Loss: -0.088265, Reg: 0.001476
Iter 120 of 344 Loss: -0.077865, NCC_Loss: -0.079380, Reg: 0.001515
Iter 130 of 344 Loss: -0.080828, NCC_Loss: -0.082297, Reg: 0.001470
Iter 140 of 344 Loss: -0.079402, NCC_Loss: -0.080876, Reg: 0.001474
Iter 150 of 344 Loss: -0.086853, NCC_Loss: -0.088332, Reg: 0.001479
Iter 160 of 344 Loss: -0.084640, NCC_Loss: -0.086177, Reg: 0.001538
Iter 170 of 344 Loss: -0.081523, NCC_Loss: -0.082973, Reg: 0.001450
Iter 180 of 344 Loss: -0.079981, NCC_Loss: -0.081446, Reg: 0.001465
Iter 190 of 344 Loss: -0.084146, NCC_Loss: -0.085626, Reg: 0.001481
Iter 200 of 344 Loss: -0.076953, NCC_Loss: -0.078404, Reg: 0.001451
Iter 210 of 344 Loss: -0.082872, NCC_Loss: -0.084323, Reg: 0.001451
Iter 220 of 344 Loss: -0.076534, NCC_Loss: -0.078093, Reg: 0.001559
Iter 230 of 344 Loss: -0.081191, NCC_Loss: -0.082685, Reg: 0.001493
Iter 240 of 344 Loss: -0.081376, NCC_Loss: -0.082808, Reg: 0.001432
Iter 250 of 344 Loss: -0.083977, NCC_Loss: -0.085541, Reg: 0.001564
Iter 260 of 344 Loss: -0.080172, NCC_Loss: -0.081601, Reg: 0.001429
Iter 270 of 344 Loss: -0.084247, NCC_Loss: -0.085613, Reg: 0.001366
Iter 280 of 344 Loss: -0.081080, NCC_Loss: -0.082611, Reg: 0.001531
Iter 290 of 344 Loss: -0.086231, NCC_Loss: -0.087794, Reg: 0.001562
Iter 300 of 344 Loss: -0.085898, NCC_Loss: -0.087422, Reg: 0.001524
Iter 310 of 344 Loss: -0.082835, NCC_Loss: -0.084417, Reg: 0.001582
Iter 320 of 344 Loss: -0.080654, NCC_Loss: -0.082164, Reg: 0.001509
Iter 330 of 344 Loss: -0.081208, NCC_Loss: -0.082625, Reg: 0.001417
Iter 340 of 344 Loss: -0.077590, NCC_Loss: -0.079194, Reg: 0.001604
Epoch 79 Loss: -0.083483
Epoch 79 Validation: Mean EPE: 7.2660, Mean SSIM: 0.1890, Mean ZNCC: -0.0361
Epoch 80 starts
Iter 10 of 344 Loss: -0.091061, NCC_Loss: -0.092591, Reg: 0.001530
Iter 20 of 344 Loss: -0.085483, NCC_Loss: -0.086891, Reg: 0.001409
Iter 30 of 344 Loss: -0.087252, NCC_Loss: -0.088653, Reg: 0.001400
Iter 40 of 344 Loss: -0.079848, NCC_Loss: -0.081421, Reg: 0.001572
Iter 50 of 344 Loss: -0.085102, NCC_Loss: -0.086656, Reg: 0.001554
Iter 60 of 344 Loss: -0.080508, NCC_Loss: -0.082124, Reg: 0.001616
Iter 70 of 344 Loss: -0.080126, NCC_Loss: -0.081571, Reg: 0.001445
Iter 80 of 344 Loss: -0.081783, NCC_Loss: -0.083337, Reg: 0.001555
Iter 90 of 344 Loss: -0.090765, NCC_Loss: -0.092227, Reg: 0.001463
Iter 100 of 344 Loss: -0.082052, NCC_Loss: -0.083580, Reg: 0.001528
Iter 110 of 344 Loss: -0.078447, NCC_Loss: -0.080032, Reg: 0.001585
Iter 120 of 344 Loss: -0.086881, NCC_Loss: -0.088364, Reg: 0.001483
Iter 130 of 344 Loss: -0.084148, NCC_Loss: -0.085688, Reg: 0.001540
Iter 140 of 344 Loss: -0.089103, NCC_Loss: -0.090709, Reg: 0.001606
Iter 150 of 344 Loss: -0.082082, NCC_Loss: -0.083527, Reg: 0.001445
Iter 160 of 344 Loss: -0.081337, NCC_Loss: -0.082860, Reg: 0.001523
Iter 170 of 344 Loss: -0.084619, NCC_Loss: -0.086094, Reg: 0.001474
Iter 180 of 344 Loss: -0.080319, NCC_Loss: -0.081686, Reg: 0.001367
Iter 190 of 344 Loss: -0.086874, NCC_Loss: -0.088403, Reg: 0.001529
Iter 200 of 344 Loss: -0.085119, NCC_Loss: -0.086597, Reg: 0.001478
Iter 210 of 344 Loss: -0.080984, NCC_Loss: -0.082376, Reg: 0.001392
Iter 220 of 344 Loss: -0.088715, NCC_Loss: -0.090209, Reg: 0.001493
Iter 230 of 344 Loss: -0.085865, NCC_Loss: -0.087321, Reg: 0.001456
Iter 240 of 344 Loss: -0.077172, NCC_Loss: -0.078601, Reg: 0.001428
Iter 250 of 344 Loss: -0.088094, NCC_Loss: -0.089537, Reg: 0.001443
Iter 260 of 344 Loss: -0.083230, NCC_Loss: -0.084639, Reg: 0.001409
Iter 270 of 344 Loss: -0.081629, NCC_Loss: -0.083089, Reg: 0.001459
Iter 280 of 344 Loss: -0.085221, NCC_Loss: -0.086690, Reg: 0.001469
Iter 290 of 344 Loss: -0.087163, NCC_Loss: -0.088620, Reg: 0.001458
Iter 300 of 344 Loss: -0.080155, NCC_Loss: -0.081621, Reg: 0.001466
Iter 310 of 344 Loss: -0.078464, NCC_Loss: -0.079961, Reg: 0.001497
Iter 320 of 344 Loss: -0.088470, NCC_Loss: -0.090031, Reg: 0.001561
Iter 330 of 344 Loss: -0.082985, NCC_Loss: -0.084478, Reg: 0.001493
Iter 340 of 344 Loss: -0.084517, NCC_Loss: -0.086059, Reg: 0.001542
Epoch 80 Loss: -0.083547
Epoch 80 Validation: Mean EPE: 7.2661, Mean SSIM: 0.1891, Mean ZNCC: -0.0361
Epoch 81 starts
Iter 10 of 344 Loss: -0.085415, NCC_Loss: -0.086901, Reg: 0.001486
Iter 20 of 344 Loss: -0.085653, NCC_Loss: -0.087122, Reg: 0.001469
Iter 30 of 344 Loss: -0.086917, NCC_Loss: -0.088422, Reg: 0.001504
Iter 40 of 344 Loss: -0.080445, NCC_Loss: -0.081951, Reg: 0.001506
Iter 50 of 344 Loss: -0.086210, NCC_Loss: -0.087701, Reg: 0.001491
Iter 60 of 344 Loss: -0.086680, NCC_Loss: -0.088175, Reg: 0.001495
Iter 70 of 344 Loss: -0.080346, NCC_Loss: -0.081794, Reg: 0.001448
Iter 80 of 344 Loss: -0.084256, NCC_Loss: -0.085728, Reg: 0.001472
Iter 90 of 344 Loss: -0.084189, NCC_Loss: -0.085685, Reg: 0.001495
Iter 100 of 344 Loss: -0.075778, NCC_Loss: -0.077224, Reg: 0.001445
Iter 110 of 344 Loss: -0.084558, NCC_Loss: -0.086084, Reg: 0.001526
Iter 120 of 344 Loss: -0.088463, NCC_Loss: -0.089874, Reg: 0.001411
Iter 130 of 344 Loss: -0.081103, NCC_Loss: -0.082651, Reg: 0.001548
Iter 140 of 344 Loss: -0.086841, NCC_Loss: -0.088311, Reg: 0.001470
Iter 150 of 344 Loss: -0.081408, NCC_Loss: -0.082888, Reg: 0.001480
Iter 160 of 344 Loss: -0.086666, NCC_Loss: -0.088140, Reg: 0.001474
Iter 170 of 344 Loss: -0.082380, NCC_Loss: -0.083837, Reg: 0.001457
Iter 180 of 344 Loss: -0.081066, NCC_Loss: -0.082639, Reg: 0.001574
Iter 190 of 344 Loss: -0.078836, NCC_Loss: -0.080335, Reg: 0.001500
Iter 200 of 344 Loss: -0.078617, NCC_Loss: -0.080128, Reg: 0.001511
Iter 210 of 344 Loss: -0.083680, NCC_Loss: -0.085161, Reg: 0.001481
Iter 220 of 344 Loss: -0.080734, NCC_Loss: -0.082257, Reg: 0.001523
Iter 230 of 344 Loss: -0.080526, NCC_Loss: -0.082052, Reg: 0.001527
Iter 240 of 344 Loss: -0.081391, NCC_Loss: -0.082887, Reg: 0.001495
Iter 250 of 344 Loss: -0.083356, NCC_Loss: -0.084871, Reg: 0.001515
Iter 260 of 344 Loss: -0.079737, NCC_Loss: -0.081140, Reg: 0.001402
Iter 270 of 344 Loss: -0.086220, NCC_Loss: -0.087741, Reg: 0.001521
Iter 280 of 344 Loss: -0.075817, NCC_Loss: -0.077353, Reg: 0.001536
Iter 290 of 344 Loss: -0.080950, NCC_Loss: -0.082560, Reg: 0.001610
Iter 300 of 344 Loss: -0.085118, NCC_Loss: -0.086526, Reg: 0.001408
Iter 310 of 344 Loss: -0.079172, NCC_Loss: -0.080641, Reg: 0.001469
Iter 320 of 344 Loss: -0.082456, NCC_Loss: -0.083888, Reg: 0.001432
Iter 330 of 344 Loss: -0.089702, NCC_Loss: -0.091231, Reg: 0.001529
Iter 340 of 344 Loss: -0.082137, NCC_Loss: -0.083641, Reg: 0.001504
Epoch 81 Loss: -0.083608
Epoch 81 Validation: Mean EPE: 7.2660, Mean SSIM: 0.1892, Mean ZNCC: -0.0361
Epoch 82 starts
Iter 10 of 344 Loss: -0.077718, NCC_Loss: -0.079141, Reg: 0.001423
Iter 20 of 344 Loss: -0.084394, NCC_Loss: -0.085939, Reg: 0.001545
Iter 30 of 344 Loss: -0.082239, NCC_Loss: -0.083763, Reg: 0.001525
Iter 40 of 344 Loss: -0.090527, NCC_Loss: -0.092041, Reg: 0.001513
Iter 50 of 344 Loss: -0.078774, NCC_Loss: -0.080205, Reg: 0.001431
Iter 60 of 344 Loss: -0.084250, NCC_Loss: -0.085851, Reg: 0.001602
Iter 70 of 344 Loss: -0.091185, NCC_Loss: -0.092670, Reg: 0.001485
Iter 80 of 344 Loss: -0.084692, NCC_Loss: -0.086203, Reg: 0.001511
Iter 90 of 344 Loss: -0.078162, NCC_Loss: -0.079625, Reg: 0.001463
Iter 100 of 344 Loss: -0.089495, NCC_Loss: -0.091013, Reg: 0.001518
Iter 110 of 344 Loss: -0.086120, NCC_Loss: -0.087604, Reg: 0.001484
Iter 120 of 344 Loss: -0.083410, NCC_Loss: -0.084982, Reg: 0.001572
Iter 130 of 344 Loss: -0.082874, NCC_Loss: -0.084339, Reg: 0.001466
Iter 140 of 344 Loss: -0.086223, NCC_Loss: -0.087708, Reg: 0.001484
Iter 150 of 344 Loss: -0.081010, NCC_Loss: -0.082438, Reg: 0.001428
Iter 160 of 344 Loss: -0.089321, NCC_Loss: -0.090726, Reg: 0.001405
Iter 170 of 344 Loss: -0.083347, NCC_Loss: -0.084712, Reg: 0.001365
Iter 180 of 344 Loss: -0.081597, NCC_Loss: -0.083048, Reg: 0.001452
Iter 190 of 344 Loss: -0.084561, NCC_Loss: -0.086033, Reg: 0.001472
Iter 200 of 344 Loss: -0.084084, NCC_Loss: -0.085620, Reg: 0.001536
Iter 210 of 344 Loss: -0.082269, NCC_Loss: -0.083737, Reg: 0.001468
Iter 220 of 344 Loss: -0.082547, NCC_Loss: -0.084136, Reg: 0.001589
Iter 230 of 344 Loss: -0.079117, NCC_Loss: -0.080732, Reg: 0.001615
Iter 240 of 344 Loss: -0.089999, NCC_Loss: -0.091645, Reg: 0.001646
Iter 250 of 344 Loss: -0.079263, NCC_Loss: -0.080751, Reg: 0.001488
Iter 260 of 344 Loss: -0.080963, NCC_Loss: -0.082621, Reg: 0.001658
Iter 270 of 344 Loss: -0.083280, NCC_Loss: -0.084911, Reg: 0.001631
Iter 280 of 344 Loss: -0.081852, NCC_Loss: -0.083574, Reg: 0.001722
Iter 290 of 344 Loss: -0.078592, NCC_Loss: -0.080128, Reg: 0.001537
Iter 300 of 344 Loss: -0.081238, NCC_Loss: -0.082796, Reg: 0.001558
Iter 310 of 344 Loss: -0.087797, NCC_Loss: -0.089317, Reg: 0.001519
Iter 320 of 344 Loss: -0.082679, NCC_Loss: -0.084295, Reg: 0.001616
Iter 330 of 344 Loss: -0.080681, NCC_Loss: -0.082249, Reg: 0.001568
Iter 340 of 344 Loss: -0.083306, NCC_Loss: -0.084871, Reg: 0.001566
Epoch 82 Loss: -0.083625
Epoch 82 Validation: Mean EPE: 7.2661, Mean SSIM: 0.1891, Mean ZNCC: -0.0362
Epoch 83 starts
Iter 10 of 344 Loss: -0.085660, NCC_Loss: -0.087242, Reg: 0.001581
Iter 20 of 344 Loss: -0.083099, NCC_Loss: -0.084693, Reg: 0.001594
Iter 30 of 344 Loss: -0.080784, NCC_Loss: -0.082420, Reg: 0.001636
Iter 40 of 344 Loss: -0.084122, NCC_Loss: -0.085675, Reg: 0.001553
Iter 50 of 344 Loss: -0.089564, NCC_Loss: -0.091125, Reg: 0.001561
Iter 60 of 344 Loss: -0.081444, NCC_Loss: -0.082957, Reg: 0.001514
Iter 70 of 344 Loss: -0.081900, NCC_Loss: -0.083544, Reg: 0.001644
Iter 80 of 344 Loss: -0.078473, NCC_Loss: -0.079996, Reg: 0.001523
Iter 90 of 344 Loss: -0.079486, NCC_Loss: -0.081032, Reg: 0.001546
Iter 100 of 344 Loss: -0.091704, NCC_Loss: -0.093274, Reg: 0.001571
Iter 110 of 344 Loss: -0.080357, NCC_Loss: -0.081873, Reg: 0.001516
Iter 120 of 344 Loss: -0.081862, NCC_Loss: -0.083457, Reg: 0.001596
Iter 130 of 344 Loss: -0.085266, NCC_Loss: -0.086787, Reg: 0.001521
Iter 140 of 344 Loss: -0.086238, NCC_Loss: -0.087809, Reg: 0.001571
Iter 150 of 344 Loss: -0.082284, NCC_Loss: -0.083889, Reg: 0.001605
Iter 160 of 344 Loss: -0.087234, NCC_Loss: -0.088761, Reg: 0.001527
Iter 170 of 344 Loss: -0.081720, NCC_Loss: -0.083277, Reg: 0.001557
Iter 180 of 344 Loss: -0.077006, NCC_Loss: -0.078406, Reg: 0.001399
Iter 190 of 344 Loss: -0.080887, NCC_Loss: -0.082437, Reg: 0.001550
Iter 200 of 344 Loss: -0.084175, NCC_Loss: -0.085656, Reg: 0.001482
Iter 210 of 344 Loss: -0.075139, NCC_Loss: -0.076676, Reg: 0.001537
Iter 220 of 344 Loss: -0.074940, NCC_Loss: -0.076551, Reg: 0.001611
Iter 230 of 344 Loss: -0.085504, NCC_Loss: -0.087029, Reg: 0.001525
Iter 240 of 344 Loss: -0.083472, NCC_Loss: -0.085129, Reg: 0.001657
Iter 250 of 344 Loss: -0.081524, NCC_Loss: -0.083094, Reg: 0.001569
Iter 260 of 344 Loss: -0.077772, NCC_Loss: -0.079329, Reg: 0.001558
Iter 270 of 344 Loss: -0.086272, NCC_Loss: -0.087787, Reg: 0.001515
Iter 280 of 344 Loss: -0.084033, NCC_Loss: -0.085564, Reg: 0.001530
Iter 290 of 344 Loss: -0.089864, NCC_Loss: -0.091457, Reg: 0.001593
Iter 300 of 344 Loss: -0.084840, NCC_Loss: -0.086350, Reg: 0.001510
Iter 310 of 344 Loss: -0.085748, NCC_Loss: -0.087229, Reg: 0.001481
Iter 320 of 344 Loss: -0.086360, NCC_Loss: -0.087998, Reg: 0.001638
Iter 330 of 344 Loss: -0.080943, NCC_Loss: -0.082465, Reg: 0.001521
Iter 340 of 344 Loss: -0.086301, NCC_Loss: -0.087882, Reg: 0.001581
Epoch 83 Loss: -0.083658
Epoch 83 Validation: Mean EPE: 7.2664, Mean SSIM: 0.1892, Mean ZNCC: -0.0361
Epoch 84 starts
Iter 10 of 344 Loss: -0.077358, NCC_Loss: -0.078828, Reg: 0.001470
Iter 20 of 344 Loss: -0.091076, NCC_Loss: -0.092581, Reg: 0.001505
Iter 30 of 344 Loss: -0.083329, NCC_Loss: -0.084917, Reg: 0.001588
Iter 40 of 344 Loss: -0.084266, NCC_Loss: -0.085803, Reg: 0.001536
Iter 50 of 344 Loss: -0.088005, NCC_Loss: -0.089511, Reg: 0.001506
Iter 60 of 344 Loss: -0.082591, NCC_Loss: -0.084177, Reg: 0.001587
Iter 70 of 344 Loss: -0.091616, NCC_Loss: -0.093190, Reg: 0.001573
Iter 80 of 344 Loss: -0.083847, NCC_Loss: -0.085412, Reg: 0.001565
Iter 90 of 344 Loss: -0.083207, NCC_Loss: -0.084745, Reg: 0.001538
Iter 100 of 344 Loss: -0.086436, NCC_Loss: -0.088055, Reg: 0.001619
Iter 110 of 344 Loss: -0.089106, NCC_Loss: -0.090563, Reg: 0.001457
Iter 120 of 344 Loss: -0.088183, NCC_Loss: -0.089658, Reg: 0.001475
Iter 130 of 344 Loss: -0.082573, NCC_Loss: -0.084157, Reg: 0.001584
Iter 140 of 344 Loss: -0.086715, NCC_Loss: -0.088227, Reg: 0.001512
Iter 150 of 344 Loss: -0.086047, NCC_Loss: -0.087496, Reg: 0.001449
Iter 160 of 344 Loss: -0.081892, NCC_Loss: -0.083405, Reg: 0.001514
Iter 170 of 344 Loss: -0.076543, NCC_Loss: -0.077996, Reg: 0.001453
Iter 180 of 344 Loss: -0.083091, NCC_Loss: -0.084528, Reg: 0.001437
Iter 190 of 344 Loss: -0.078241, NCC_Loss: -0.079665, Reg: 0.001424
Iter 200 of 344 Loss: -0.079919, NCC_Loss: -0.081370, Reg: 0.001452
Iter 210 of 344 Loss: -0.078836, NCC_Loss: -0.080279, Reg: 0.001443
Iter 220 of 344 Loss: -0.086470, NCC_Loss: -0.087895, Reg: 0.001425
Iter 230 of 344 Loss: -0.081998, NCC_Loss: -0.083393, Reg: 0.001395
Iter 240 of 344 Loss: -0.088156, NCC_Loss: -0.089593, Reg: 0.001436
Iter 250 of 344 Loss: -0.081661, NCC_Loss: -0.083128, Reg: 0.001468
Iter 260 of 344 Loss: -0.080993, NCC_Loss: -0.082436, Reg: 0.001442
Iter 270 of 344 Loss: -0.088799, NCC_Loss: -0.090233, Reg: 0.001433
Iter 280 of 344 Loss: -0.081603, NCC_Loss: -0.083009, Reg: 0.001406
Iter 290 of 344 Loss: -0.083308, NCC_Loss: -0.084796, Reg: 0.001488
Iter 300 of 344 Loss: -0.080195, NCC_Loss: -0.081675, Reg: 0.001480
Iter 310 of 344 Loss: -0.087137, NCC_Loss: -0.088656, Reg: 0.001519
Iter 320 of 344 Loss: -0.081167, NCC_Loss: -0.082644, Reg: 0.001478
Iter 330 of 344 Loss: -0.083264, NCC_Loss: -0.084666, Reg: 0.001403
Iter 340 of 344 Loss: -0.088043, NCC_Loss: -0.089452, Reg: 0.001409
Epoch 84 Loss: -0.083623
Epoch 84 Validation: Mean EPE: 7.2676, Mean SSIM: 0.1890, Mean ZNCC: -0.0362
Epoch 85 starts
Iter 10 of 344 Loss: -0.083312, NCC_Loss: -0.084831, Reg: 0.001519
Iter 20 of 344 Loss: -0.078229, NCC_Loss: -0.079648, Reg: 0.001419
Iter 30 of 344 Loss: -0.077735, NCC_Loss: -0.079247, Reg: 0.001512
Iter 40 of 344 Loss: -0.081780, NCC_Loss: -0.083341, Reg: 0.001561
Iter 50 of 344 Loss: -0.089368, NCC_Loss: -0.090817, Reg: 0.001449
Iter 60 of 344 Loss: -0.086097, NCC_Loss: -0.087564, Reg: 0.001468
Iter 70 of 344 Loss: -0.085957, NCC_Loss: -0.087492, Reg: 0.001535
Iter 80 of 344 Loss: -0.082647, NCC_Loss: -0.084171, Reg: 0.001524
Iter 90 of 344 Loss: -0.084121, NCC_Loss: -0.085661, Reg: 0.001540
Iter 100 of 344 Loss: -0.082196, NCC_Loss: -0.083660, Reg: 0.001464
Iter 110 of 344 Loss: -0.080225, NCC_Loss: -0.081659, Reg: 0.001434
Iter 120 of 344 Loss: -0.086426, NCC_Loss: -0.087967, Reg: 0.001541
Iter 130 of 344 Loss: -0.079295, NCC_Loss: -0.080865, Reg: 0.001570
Iter 140 of 344 Loss: -0.086096, NCC_Loss: -0.087596, Reg: 0.001500
Iter 150 of 344 Loss: -0.080327, NCC_Loss: -0.081847, Reg: 0.001520
Iter 160 of 344 Loss: -0.086478, NCC_Loss: -0.088015, Reg: 0.001537
Iter 170 of 344 Loss: -0.092101, NCC_Loss: -0.093678, Reg: 0.001577
Iter 180 of 344 Loss: -0.090215, NCC_Loss: -0.091712, Reg: 0.001497
Iter 190 of 344 Loss: -0.083317, NCC_Loss: -0.084753, Reg: 0.001435
Iter 200 of 344 Loss: -0.079647, NCC_Loss: -0.081112, Reg: 0.001466
Iter 210 of 344 Loss: -0.080772, NCC_Loss: -0.082341, Reg: 0.001570
Iter 220 of 344 Loss: -0.085037, NCC_Loss: -0.086526, Reg: 0.001489
Iter 230 of 344 Loss: -0.089958, NCC_Loss: -0.091458, Reg: 0.001499
Iter 240 of 344 Loss: -0.087422, NCC_Loss: -0.088915, Reg: 0.001493
Iter 250 of 344 Loss: -0.086674, NCC_Loss: -0.088163, Reg: 0.001489
Iter 260 of 344 Loss: -0.087654, NCC_Loss: -0.089174, Reg: 0.001520
Iter 270 of 344 Loss: -0.082805, NCC_Loss: -0.084320, Reg: 0.001515
Iter 280 of 344 Loss: -0.081490, NCC_Loss: -0.083053, Reg: 0.001562
Iter 290 of 344 Loss: -0.085063, NCC_Loss: -0.086572, Reg: 0.001510
Iter 300 of 344 Loss: -0.084838, NCC_Loss: -0.086381, Reg: 0.001543
Iter 310 of 344 Loss: -0.079239, NCC_Loss: -0.080628, Reg: 0.001390
Iter 320 of 344 Loss: -0.079921, NCC_Loss: -0.081502, Reg: 0.001581
Iter 330 of 344 Loss: -0.085282, NCC_Loss: -0.086691, Reg: 0.001409
Iter 340 of 344 Loss: -0.082126, NCC_Loss: -0.083507, Reg: 0.001381
Epoch 85 Loss: -0.083692
Epoch 85 Validation: Mean EPE: 7.2671, Mean SSIM: 0.1892, Mean ZNCC: -0.0361
Epoch 86 starts
Iter 10 of 344 Loss: -0.084242, NCC_Loss: -0.085648, Reg: 0.001405
Iter 20 of 344 Loss: -0.081376, NCC_Loss: -0.082959, Reg: 0.001583
Iter 30 of 344 Loss: -0.081510, NCC_Loss: -0.083060, Reg: 0.001550
Iter 40 of 344 Loss: -0.084190, NCC_Loss: -0.085707, Reg: 0.001518
Iter 50 of 344 Loss: -0.085949, NCC_Loss: -0.087420, Reg: 0.001471
Iter 60 of 344 Loss: -0.081271, NCC_Loss: -0.082800, Reg: 0.001529
Iter 70 of 344 Loss: -0.084184, NCC_Loss: -0.085725, Reg: 0.001542
Iter 80 of 344 Loss: -0.097547, NCC_Loss: -0.098919, Reg: 0.001372
Iter 90 of 344 Loss: -0.085313, NCC_Loss: -0.086756, Reg: 0.001442
Iter 100 of 344 Loss: -0.082514, NCC_Loss: -0.084002, Reg: 0.001487
Iter 110 of 344 Loss: -0.076336, NCC_Loss: -0.077756, Reg: 0.001420
Iter 120 of 344 Loss: -0.084940, NCC_Loss: -0.086444, Reg: 0.001504
Iter 130 of 344 Loss: -0.088791, NCC_Loss: -0.090290, Reg: 0.001499
Iter 140 of 344 Loss: -0.088056, NCC_Loss: -0.089600, Reg: 0.001543
Iter 150 of 344 Loss: -0.085466, NCC_Loss: -0.086991, Reg: 0.001525
Iter 160 of 344 Loss: -0.080571, NCC_Loss: -0.082062, Reg: 0.001492
Iter 170 of 344 Loss: -0.085420, NCC_Loss: -0.086915, Reg: 0.001495
Iter 180 of 344 Loss: -0.083685, NCC_Loss: -0.085127, Reg: 0.001442
Iter 190 of 344 Loss: -0.080206, NCC_Loss: -0.081679, Reg: 0.001473
Iter 200 of 344 Loss: -0.082756, NCC_Loss: -0.084223, Reg: 0.001467
Iter 210 of 344 Loss: -0.087816, NCC_Loss: -0.089380, Reg: 0.001563
Iter 220 of 344 Loss: -0.082528, NCC_Loss: -0.083998, Reg: 0.001470
Iter 230 of 344 Loss: -0.080530, NCC_Loss: -0.082102, Reg: 0.001572
Iter 240 of 344 Loss: -0.087842, NCC_Loss: -0.089272, Reg: 0.001430
Iter 250 of 344 Loss: -0.083753, NCC_Loss: -0.085302, Reg: 0.001549
Iter 260 of 344 Loss: -0.085730, NCC_Loss: -0.087216, Reg: 0.001486
Iter 270 of 344 Loss: -0.086758, NCC_Loss: -0.088286, Reg: 0.001528
Iter 280 of 344 Loss: -0.091480, NCC_Loss: -0.092994, Reg: 0.001514
Iter 290 of 344 Loss: -0.078122, NCC_Loss: -0.079664, Reg: 0.001542
Iter 300 of 344 Loss: -0.084337, NCC_Loss: -0.085686, Reg: 0.001350
Iter 310 of 344 Loss: -0.083451, NCC_Loss: -0.084871, Reg: 0.001420
Iter 320 of 344 Loss: -0.086811, NCC_Loss: -0.088280, Reg: 0.001469
Iter 330 of 344 Loss: -0.080851, NCC_Loss: -0.082345, Reg: 0.001494
Iter 340 of 344 Loss: -0.087201, NCC_Loss: -0.088652, Reg: 0.001451
Epoch 86 Loss: -0.083769
Epoch 86 Validation: Mean EPE: 7.2669, Mean SSIM: 0.1893, Mean ZNCC: -0.0360
Epoch 87 starts
Iter 10 of 344 Loss: -0.080675, NCC_Loss: -0.082220, Reg: 0.001546
Iter 20 of 344 Loss: -0.089802, NCC_Loss: -0.091345, Reg: 0.001543
Iter 30 of 344 Loss: -0.081658, NCC_Loss: -0.083096, Reg: 0.001439
Iter 40 of 344 Loss: -0.084260, NCC_Loss: -0.085804, Reg: 0.001544
Iter 50 of 344 Loss: -0.083621, NCC_Loss: -0.085114, Reg: 0.001493
Iter 60 of 344 Loss: -0.089848, NCC_Loss: -0.091346, Reg: 0.001498
Iter 70 of 344 Loss: -0.086142, NCC_Loss: -0.087737, Reg: 0.001596
Iter 80 of 344 Loss: -0.086284, NCC_Loss: -0.087815, Reg: 0.001531
Iter 90 of 344 Loss: -0.082521, NCC_Loss: -0.083988, Reg: 0.001467
Iter 100 of 344 Loss: -0.087349, NCC_Loss: -0.088924, Reg: 0.001576
Iter 110 of 344 Loss: -0.078111, NCC_Loss: -0.079618, Reg: 0.001507
Iter 120 of 344 Loss: -0.082320, NCC_Loss: -0.083931, Reg: 0.001610
Iter 130 of 344 Loss: -0.082778, NCC_Loss: -0.084318, Reg: 0.001540
Iter 140 of 344 Loss: -0.085144, NCC_Loss: -0.086599, Reg: 0.001455
Iter 150 of 344 Loss: -0.085319, NCC_Loss: -0.086924, Reg: 0.001606
Iter 160 of 344 Loss: -0.087005, NCC_Loss: -0.088505, Reg: 0.001500
Iter 170 of 344 Loss: -0.080726, NCC_Loss: -0.082186, Reg: 0.001460
Iter 180 of 344 Loss: -0.084950, NCC_Loss: -0.086527, Reg: 0.001577
Iter 190 of 344 Loss: -0.092862, NCC_Loss: -0.094327, Reg: 0.001466
Iter 200 of 344 Loss: -0.080267, NCC_Loss: -0.081793, Reg: 0.001526
Iter 210 of 344 Loss: -0.081530, NCC_Loss: -0.083064, Reg: 0.001534
Iter 220 of 344 Loss: -0.079854, NCC_Loss: -0.081372, Reg: 0.001518
Iter 230 of 344 Loss: -0.088987, NCC_Loss: -0.090550, Reg: 0.001563
Iter 240 of 344 Loss: -0.083544, NCC_Loss: -0.085082, Reg: 0.001538
Iter 250 of 344 Loss: -0.085017, NCC_Loss: -0.086573, Reg: 0.001556
Iter 260 of 344 Loss: -0.080439, NCC_Loss: -0.081914, Reg: 0.001475
Iter 270 of 344 Loss: -0.079176, NCC_Loss: -0.080624, Reg: 0.001448
Iter 280 of 344 Loss: -0.087251, NCC_Loss: -0.088714, Reg: 0.001463
Iter 290 of 344 Loss: -0.087743, NCC_Loss: -0.089275, Reg: 0.001532
Iter 300 of 344 Loss: -0.081262, NCC_Loss: -0.082695, Reg: 0.001432
Iter 310 of 344 Loss: -0.089024, NCC_Loss: -0.090519, Reg: 0.001495
Iter 320 of 344 Loss: -0.090287, NCC_Loss: -0.091676, Reg: 0.001389
Iter 330 of 344 Loss: -0.082123, NCC_Loss: -0.083534, Reg: 0.001412
Iter 340 of 344 Loss: -0.085971, NCC_Loss: -0.087448, Reg: 0.001477
Epoch 87 Loss: -0.083763
Epoch 87 Validation: Mean EPE: 7.2685, Mean SSIM: 0.1890, Mean ZNCC: -0.0362
Epoch 88 starts
Iter 10 of 344 Loss: -0.081494, NCC_Loss: -0.082961, Reg: 0.001467
Iter 20 of 344 Loss: -0.088765, NCC_Loss: -0.090296, Reg: 0.001531
Iter 30 of 344 Loss: -0.088123, NCC_Loss: -0.089575, Reg: 0.001453
Iter 40 of 344 Loss: -0.088661, NCC_Loss: -0.090152, Reg: 0.001491
Iter 50 of 344 Loss: -0.074844, NCC_Loss: -0.076235, Reg: 0.001392
Iter 60 of 344 Loss: -0.089749, NCC_Loss: -0.091191, Reg: 0.001442
Iter 70 of 344 Loss: -0.074877, NCC_Loss: -0.076313, Reg: 0.001436
Iter 80 of 344 Loss: -0.078995, NCC_Loss: -0.080511, Reg: 0.001516
Iter 90 of 344 Loss: -0.084339, NCC_Loss: -0.085931, Reg: 0.001592
Iter 100 of 344 Loss: -0.089558, NCC_Loss: -0.091087, Reg: 0.001529
Iter 110 of 344 Loss: -0.078983, NCC_Loss: -0.080433, Reg: 0.001450
Iter 120 of 344 Loss: -0.077608, NCC_Loss: -0.079207, Reg: 0.001598
Iter 130 of 344 Loss: -0.087567, NCC_Loss: -0.089209, Reg: 0.001642
Iter 140 of 344 Loss: -0.076838, NCC_Loss: -0.078596, Reg: 0.001757
Iter 150 of 344 Loss: -0.088040, NCC_Loss: -0.089927, Reg: 0.001888
Iter 160 of 344 Loss: -0.078482, NCC_Loss: -0.080351, Reg: 0.001869
Iter 170 of 344 Loss: -0.076422, NCC_Loss: -0.078231, Reg: 0.001809
Iter 180 of 344 Loss: -0.084180, NCC_Loss: -0.085917, Reg: 0.001737
Iter 190 of 344 Loss: -0.084674, NCC_Loss: -0.086561, Reg: 0.001887
Iter 200 of 344 Loss: -0.079370, NCC_Loss: -0.081264, Reg: 0.001894
Iter 210 of 344 Loss: -0.082261, NCC_Loss: -0.084037, Reg: 0.001776
Iter 220 of 344 Loss: -0.091600, NCC_Loss: -0.093573, Reg: 0.001973
Iter 230 of 344 Loss: -0.079713, NCC_Loss: -0.081487, Reg: 0.001774
Iter 240 of 344 Loss: -0.078936, NCC_Loss: -0.080697, Reg: 0.001761
Iter 250 of 344 Loss: -0.091316, NCC_Loss: -0.093194, Reg: 0.001878
Iter 260 of 344 Loss: -0.089390, NCC_Loss: -0.091267, Reg: 0.001877
Iter 270 of 344 Loss: -0.080511, NCC_Loss: -0.082336, Reg: 0.001825
Iter 280 of 344 Loss: -0.079401, NCC_Loss: -0.081295, Reg: 0.001894
Iter 290 of 344 Loss: -0.079931, NCC_Loss: -0.081717, Reg: 0.001786
Iter 300 of 344 Loss: -0.075926, NCC_Loss: -0.077665, Reg: 0.001739
Iter 310 of 344 Loss: -0.088661, NCC_Loss: -0.090642, Reg: 0.001981
Iter 320 of 344 Loss: -0.080192, NCC_Loss: -0.082033, Reg: 0.001842
Iter 330 of 344 Loss: -0.076237, NCC_Loss: -0.078029, Reg: 0.001791
Iter 340 of 344 Loss: -0.083671, NCC_Loss: -0.085394, Reg: 0.001724
Epoch 88 Loss: -0.083271
Epoch 88 Validation: Mean EPE: 7.2622, Mean SSIM: 0.1892, Mean ZNCC: -0.0353
Epoch 89 starts
Iter 10 of 344 Loss: -0.085319, NCC_Loss: -0.087247, Reg: 0.001928
Iter 20 of 344 Loss: -0.084877, NCC_Loss: -0.086592, Reg: 0.001715
Iter 30 of 344 Loss: -0.081411, NCC_Loss: -0.083192, Reg: 0.001781
Iter 40 of 344 Loss: -0.085061, NCC_Loss: -0.086925, Reg: 0.001864
Iter 50 of 344 Loss: -0.086882, NCC_Loss: -0.088886, Reg: 0.002004
Iter 60 of 344 Loss: -0.084296, NCC_Loss: -0.086210, Reg: 0.001914
Iter 70 of 344 Loss: -0.080807, NCC_Loss: -0.082518, Reg: 0.001710
Iter 80 of 344 Loss: -0.086831, NCC_Loss: -0.088571, Reg: 0.001739
Iter 90 of 344 Loss: -0.083326, NCC_Loss: -0.085272, Reg: 0.001946
Iter 100 of 344 Loss: -0.081259, NCC_Loss: -0.083137, Reg: 0.001878
Iter 110 of 344 Loss: -0.084116, NCC_Loss: -0.085986, Reg: 0.001870
Iter 120 of 344 Loss: -0.082467, NCC_Loss: -0.084197, Reg: 0.001730
Iter 130 of 344 Loss: -0.082398, NCC_Loss: -0.084221, Reg: 0.001823
Iter 140 of 344 Loss: -0.086879, NCC_Loss: -0.088658, Reg: 0.001779
Iter 150 of 344 Loss: -0.085709, NCC_Loss: -0.087396, Reg: 0.001687
Iter 160 of 344 Loss: -0.082407, NCC_Loss: -0.084276, Reg: 0.001869
Iter 170 of 344 Loss: -0.075407, NCC_Loss: -0.077232, Reg: 0.001825
Iter 180 of 344 Loss: -0.078479, NCC_Loss: -0.080309, Reg: 0.001830
Iter 190 of 344 Loss: -0.082742, NCC_Loss: -0.084601, Reg: 0.001859
Iter 200 of 344 Loss: -0.076947, NCC_Loss: -0.078681, Reg: 0.001735
Iter 210 of 344 Loss: -0.083381, NCC_Loss: -0.085144, Reg: 0.001763
Iter 220 of 344 Loss: -0.080403, NCC_Loss: -0.082177, Reg: 0.001774
Iter 230 of 344 Loss: -0.081137, NCC_Loss: -0.082860, Reg: 0.001723
Iter 240 of 344 Loss: -0.084914, NCC_Loss: -0.086681, Reg: 0.001767
Iter 250 of 344 Loss: -0.080135, NCC_Loss: -0.082006, Reg: 0.001871
Iter 260 of 344 Loss: -0.082670, NCC_Loss: -0.084395, Reg: 0.001725
Iter 270 of 344 Loss: -0.076861, NCC_Loss: -0.078677, Reg: 0.001816
Iter 280 of 344 Loss: -0.085470, NCC_Loss: -0.087313, Reg: 0.001844
Iter 290 of 344 Loss: -0.082165, NCC_Loss: -0.084119, Reg: 0.001953
Iter 300 of 344 Loss: -0.075829, NCC_Loss: -0.077590, Reg: 0.001762
Iter 310 of 344 Loss: -0.077428, NCC_Loss: -0.079187, Reg: 0.001760
Iter 320 of 344 Loss: -0.084424, NCC_Loss: -0.086333, Reg: 0.001909
Iter 330 of 344 Loss: -0.080172, NCC_Loss: -0.081890, Reg: 0.001718
Iter 340 of 344 Loss: -0.088209, NCC_Loss: -0.089936, Reg: 0.001727
Epoch 89 Loss: -0.083231
Epoch 89 Validation: Mean EPE: 7.2630, Mean SSIM: 0.1893, Mean ZNCC: -0.0353
Epoch 90 starts
Iter 10 of 344 Loss: -0.079894, NCC_Loss: -0.081646, Reg: 0.001752
Iter 20 of 344 Loss: -0.089876, NCC_Loss: -0.091586, Reg: 0.001710
Iter 30 of 344 Loss: -0.081260, NCC_Loss: -0.083019, Reg: 0.001760
Iter 40 of 344 Loss: -0.087807, NCC_Loss: -0.089621, Reg: 0.001814
Iter 50 of 344 Loss: -0.078211, NCC_Loss: -0.079951, Reg: 0.001740
Iter 60 of 344 Loss: -0.081041, NCC_Loss: -0.082868, Reg: 0.001827
Iter 70 of 344 Loss: -0.080592, NCC_Loss: -0.082473, Reg: 0.001881
Iter 80 of 344 Loss: -0.085272, NCC_Loss: -0.087080, Reg: 0.001808
Iter 90 of 344 Loss: -0.084988, NCC_Loss: -0.086552, Reg: 0.001564
Iter 100 of 344 Loss: -0.078908, NCC_Loss: -0.080524, Reg: 0.001615
Iter 110 of 344 Loss: -0.083923, NCC_Loss: -0.085656, Reg: 0.001733
Iter 120 of 344 Loss: -0.086073, NCC_Loss: -0.087811, Reg: 0.001738
Iter 130 of 344 Loss: -0.078124, NCC_Loss: -0.079905, Reg: 0.001781
Iter 140 of 344 Loss: -0.089047, NCC_Loss: -0.090707, Reg: 0.001660
Iter 150 of 344 Loss: -0.084931, NCC_Loss: -0.086716, Reg: 0.001786
Iter 160 of 344 Loss: -0.086609, NCC_Loss: -0.088321, Reg: 0.001712
Iter 170 of 344 Loss: -0.076844, NCC_Loss: -0.078567, Reg: 0.001723
Iter 180 of 344 Loss: -0.079898, NCC_Loss: -0.081526, Reg: 0.001627
Iter 190 of 344 Loss: -0.086633, NCC_Loss: -0.088440, Reg: 0.001807
Iter 200 of 344 Loss: -0.085818, NCC_Loss: -0.087557, Reg: 0.001739
Iter 210 of 344 Loss: -0.080315, NCC_Loss: -0.081997, Reg: 0.001682
Iter 220 of 344 Loss: -0.079938, NCC_Loss: -0.081889, Reg: 0.001951
Iter 230 of 344 Loss: -0.088107, NCC_Loss: -0.089954, Reg: 0.001848
Iter 240 of 344 Loss: -0.079814, NCC_Loss: -0.081567, Reg: 0.001753
Iter 250 of 344 Loss: -0.080250, NCC_Loss: -0.082087, Reg: 0.001838
Iter 260 of 344 Loss: -0.087035, NCC_Loss: -0.088846, Reg: 0.001811
Iter 270 of 344 Loss: -0.082147, NCC_Loss: -0.083762, Reg: 0.001614
Iter 280 of 344 Loss: -0.091726, NCC_Loss: -0.093504, Reg: 0.001778
Iter 290 of 344 Loss: -0.076078, NCC_Loss: -0.077689, Reg: 0.001611
Iter 300 of 344 Loss: -0.084342, NCC_Loss: -0.086010, Reg: 0.001667
Iter 310 of 344 Loss: -0.078680, NCC_Loss: -0.080413, Reg: 0.001733
Iter 320 of 344 Loss: -0.082510, NCC_Loss: -0.084218, Reg: 0.001708
Iter 330 of 344 Loss: -0.078068, NCC_Loss: -0.079744, Reg: 0.001676
Iter 340 of 344 Loss: -0.085630, NCC_Loss: -0.087298, Reg: 0.001668
Epoch 90 Loss: -0.083389
Epoch 90 Validation: Mean EPE: 7.2635, Mean SSIM: 0.1894, Mean ZNCC: -0.0354
Epoch 91 starts
Iter 10 of 344 Loss: -0.085518, NCC_Loss: -0.087185, Reg: 0.001667
Iter 20 of 344 Loss: -0.087780, NCC_Loss: -0.089505, Reg: 0.001725
Iter 30 of 344 Loss: -0.080553, NCC_Loss: -0.082228, Reg: 0.001675
Iter 40 of 344 Loss: -0.079989, NCC_Loss: -0.081697, Reg: 0.001707
Iter 50 of 344 Loss: -0.084545, NCC_Loss: -0.086330, Reg: 0.001786
Iter 60 of 344 Loss: -0.082253, NCC_Loss: -0.083986, Reg: 0.001732
Iter 70 of 344 Loss: -0.081582, NCC_Loss: -0.083261, Reg: 0.001679
Iter 80 of 344 Loss: -0.086252, NCC_Loss: -0.087952, Reg: 0.001701
Iter 90 of 344 Loss: -0.086734, NCC_Loss: -0.088300, Reg: 0.001565
Iter 100 of 344 Loss: -0.089032, NCC_Loss: -0.090735, Reg: 0.001703
Iter 110 of 344 Loss: -0.086456, NCC_Loss: -0.088206, Reg: 0.001750
Iter 120 of 344 Loss: -0.082323, NCC_Loss: -0.084102, Reg: 0.001779
Iter 130 of 344 Loss: -0.086574, NCC_Loss: -0.088319, Reg: 0.001746
Iter 140 of 344 Loss: -0.083736, NCC_Loss: -0.085421, Reg: 0.001684
Iter 150 of 344 Loss: -0.083346, NCC_Loss: -0.084942, Reg: 0.001596
Iter 160 of 344 Loss: -0.087651, NCC_Loss: -0.089396, Reg: 0.001745
Iter 170 of 344 Loss: -0.083152, NCC_Loss: -0.084930, Reg: 0.001778
Iter 180 of 344 Loss: -0.082225, NCC_Loss: -0.084011, Reg: 0.001786
Iter 190 of 344 Loss: -0.089240, NCC_Loss: -0.090939, Reg: 0.001699
Iter 200 of 344 Loss: -0.084064, NCC_Loss: -0.085777, Reg: 0.001713
Iter 210 of 344 Loss: -0.078992, NCC_Loss: -0.080793, Reg: 0.001801
Iter 220 of 344 Loss: -0.076904, NCC_Loss: -0.078615, Reg: 0.001710
Iter 230 of 344 Loss: -0.078974, NCC_Loss: -0.080680, Reg: 0.001706
Iter 240 of 344 Loss: -0.080903, NCC_Loss: -0.082619, Reg: 0.001716
Iter 250 of 344 Loss: -0.082139, NCC_Loss: -0.083924, Reg: 0.001785
Iter 260 of 344 Loss: -0.082509, NCC_Loss: -0.084113, Reg: 0.001604
Iter 270 of 344 Loss: -0.083906, NCC_Loss: -0.085640, Reg: 0.001735
Iter 280 of 344 Loss: -0.085404, NCC_Loss: -0.087071, Reg: 0.001668
Iter 290 of 344 Loss: -0.086023, NCC_Loss: -0.087765, Reg: 0.001743
Iter 300 of 344 Loss: -0.077715, NCC_Loss: -0.079425, Reg: 0.001710
Iter 310 of 344 Loss: -0.077931, NCC_Loss: -0.079623, Reg: 0.001692
Iter 320 of 344 Loss: -0.078395, NCC_Loss: -0.080134, Reg: 0.001738
Iter 330 of 344 Loss: -0.080566, NCC_Loss: -0.082378, Reg: 0.001811
Iter 340 of 344 Loss: -0.078323, NCC_Loss: -0.080056, Reg: 0.001733
Epoch 91 Loss: -0.083502
Epoch 91 Validation: Mean EPE: 7.2638, Mean SSIM: 0.1894, Mean ZNCC: -0.0354
Epoch 92 starts
Iter 10 of 344 Loss: -0.081237, NCC_Loss: -0.083038, Reg: 0.001801
Iter 20 of 344 Loss: -0.078973, NCC_Loss: -0.080682, Reg: 0.001709
Iter 30 of 344 Loss: -0.088667, NCC_Loss: -0.090257, Reg: 0.001590
Iter 40 of 344 Loss: -0.082717, NCC_Loss: -0.084381, Reg: 0.001663
Iter 50 of 344 Loss: -0.082066, NCC_Loss: -0.083788, Reg: 0.001722
Iter 60 of 344 Loss: -0.082075, NCC_Loss: -0.083707, Reg: 0.001632
Iter 70 of 344 Loss: -0.097346, NCC_Loss: -0.099086, Reg: 0.001740
Iter 80 of 344 Loss: -0.073649, NCC_Loss: -0.075356, Reg: 0.001707
Iter 90 of 344 Loss: -0.076872, NCC_Loss: -0.078498, Reg: 0.001626
Iter 100 of 344 Loss: -0.081856, NCC_Loss: -0.083472, Reg: 0.001616
Iter 110 of 344 Loss: -0.084877, NCC_Loss: -0.086568, Reg: 0.001691
Iter 120 of 344 Loss: -0.079129, NCC_Loss: -0.080856, Reg: 0.001727
Iter 130 of 344 Loss: -0.077335, NCC_Loss: -0.078967, Reg: 0.001632
Iter 140 of 344 Loss: -0.089106, NCC_Loss: -0.090762, Reg: 0.001656
Iter 150 of 344 Loss: -0.083779, NCC_Loss: -0.085478, Reg: 0.001699
Iter 160 of 344 Loss: -0.083577, NCC_Loss: -0.085295, Reg: 0.001717
Iter 170 of 344 Loss: -0.084382, NCC_Loss: -0.086107, Reg: 0.001725
Iter 180 of 344 Loss: -0.086523, NCC_Loss: -0.088179, Reg: 0.001656
Iter 190 of 344 Loss: -0.078646, NCC_Loss: -0.080351, Reg: 0.001706
Iter 200 of 344 Loss: -0.078227, NCC_Loss: -0.079962, Reg: 0.001735
Iter 210 of 344 Loss: -0.087548, NCC_Loss: -0.089200, Reg: 0.001652
Iter 220 of 344 Loss: -0.080507, NCC_Loss: -0.082353, Reg: 0.001846
Iter 230 of 344 Loss: -0.081127, NCC_Loss: -0.082737, Reg: 0.001610
Iter 240 of 344 Loss: -0.086153, NCC_Loss: -0.087904, Reg: 0.001751
Iter 250 of 344 Loss: -0.085115, NCC_Loss: -0.086931, Reg: 0.001817
Iter 260 of 344 Loss: -0.082745, NCC_Loss: -0.084548, Reg: 0.001803
Iter 270 of 344 Loss: -0.086542, NCC_Loss: -0.088187, Reg: 0.001644
Iter 280 of 344 Loss: -0.083229, NCC_Loss: -0.084919, Reg: 0.001690
Iter 290 of 344 Loss: -0.081452, NCC_Loss: -0.083051, Reg: 0.001599
Iter 300 of 344 Loss: -0.081549, NCC_Loss: -0.083212, Reg: 0.001662
Iter 310 of 344 Loss: -0.082245, NCC_Loss: -0.083876, Reg: 0.001631
Iter 320 of 344 Loss: -0.083342, NCC_Loss: -0.084995, Reg: 0.001653
Iter 330 of 344 Loss: -0.084496, NCC_Loss: -0.086113, Reg: 0.001616
Iter 340 of 344 Loss: -0.078963, NCC_Loss: -0.080682, Reg: 0.001720
Epoch 92 Loss: -0.083603
Epoch 92 Validation: Mean EPE: 7.2642, Mean SSIM: 0.1895, Mean ZNCC: -0.0354
Epoch 93 starts
Iter 10 of 344 Loss: -0.079680, NCC_Loss: -0.081408, Reg: 0.001728
Iter 20 of 344 Loss: -0.083244, NCC_Loss: -0.084942, Reg: 0.001698
Iter 30 of 344 Loss: -0.088343, NCC_Loss: -0.090016, Reg: 0.001674
Iter 40 of 344 Loss: -0.081307, NCC_Loss: -0.083054, Reg: 0.001747
Iter 50 of 344 Loss: -0.087207, NCC_Loss: -0.088821, Reg: 0.001613
Iter 60 of 344 Loss: -0.084418, NCC_Loss: -0.086046, Reg: 0.001628
Iter 70 of 344 Loss: -0.089732, NCC_Loss: -0.091345, Reg: 0.001613
Iter 80 of 344 Loss: -0.082345, NCC_Loss: -0.083947, Reg: 0.001602
Iter 90 of 344 Loss: -0.080643, NCC_Loss: -0.082355, Reg: 0.001712
Iter 100 of 344 Loss: -0.085606, NCC_Loss: -0.087210, Reg: 0.001603
Iter 110 of 344 Loss: -0.081330, NCC_Loss: -0.083064, Reg: 0.001733
Iter 120 of 344 Loss: -0.078342, NCC_Loss: -0.080066, Reg: 0.001723
Iter 130 of 344 Loss: -0.087264, NCC_Loss: -0.088916, Reg: 0.001652
Iter 140 of 344 Loss: -0.082217, NCC_Loss: -0.083910, Reg: 0.001693
Iter 150 of 344 Loss: -0.078397, NCC_Loss: -0.080052, Reg: 0.001655
Iter 160 of 344 Loss: -0.087703, NCC_Loss: -0.089375, Reg: 0.001672
Iter 170 of 344 Loss: -0.085859, NCC_Loss: -0.087519, Reg: 0.001659
Iter 180 of 344 Loss: -0.078780, NCC_Loss: -0.080542, Reg: 0.001762
Iter 190 of 344 Loss: -0.093558, NCC_Loss: -0.095197, Reg: 0.001638
Iter 200 of 344 Loss: -0.091037, NCC_Loss: -0.092770, Reg: 0.001733
Iter 210 of 344 Loss: -0.090120, NCC_Loss: -0.091728, Reg: 0.001607
Iter 220 of 344 Loss: -0.085888, NCC_Loss: -0.087413, Reg: 0.001525
Iter 230 of 344 Loss: -0.080627, NCC_Loss: -0.082367, Reg: 0.001740
Iter 240 of 344 Loss: -0.087289, NCC_Loss: -0.088956, Reg: 0.001667
Iter 250 of 344 Loss: -0.088503, NCC_Loss: -0.090226, Reg: 0.001723
Iter 260 of 344 Loss: -0.084920, NCC_Loss: -0.086642, Reg: 0.001722
Iter 270 of 344 Loss: -0.076769, NCC_Loss: -0.078336, Reg: 0.001566
Iter 280 of 344 Loss: -0.082324, NCC_Loss: -0.084097, Reg: 0.001774
Iter 290 of 344 Loss: -0.090287, NCC_Loss: -0.091936, Reg: 0.001649
Iter 300 of 344 Loss: -0.081364, NCC_Loss: -0.083181, Reg: 0.001817
Iter 310 of 344 Loss: -0.083315, NCC_Loss: -0.085024, Reg: 0.001709
Iter 320 of 344 Loss: -0.080177, NCC_Loss: -0.081753, Reg: 0.001576
Iter 330 of 344 Loss: -0.079754, NCC_Loss: -0.081409, Reg: 0.001655
Iter 340 of 344 Loss: -0.082561, NCC_Loss: -0.084271, Reg: 0.001710
Epoch 93 Loss: -0.083692
Epoch 93 Validation: Mean EPE: 7.2644, Mean SSIM: 0.1895, Mean ZNCC: -0.0355
Epoch 94 starts
Iter 10 of 344 Loss: -0.078115, NCC_Loss: -0.079775, Reg: 0.001660
Iter 20 of 344 Loss: -0.079639, NCC_Loss: -0.081323, Reg: 0.001684
Iter 30 of 344 Loss: -0.080457, NCC_Loss: -0.082207, Reg: 0.001750
Iter 40 of 344 Loss: -0.085838, NCC_Loss: -0.087665, Reg: 0.001827
Iter 50 of 344 Loss: -0.085636, NCC_Loss: -0.087204, Reg: 0.001568
Iter 60 of 344 Loss: -0.085062, NCC_Loss: -0.086779, Reg: 0.001717
Iter 70 of 344 Loss: -0.080673, NCC_Loss: -0.082348, Reg: 0.001675
Iter 80 of 344 Loss: -0.087633, NCC_Loss: -0.089377, Reg: 0.001744
Iter 90 of 344 Loss: -0.089226, NCC_Loss: -0.090836, Reg: 0.001609
Iter 100 of 344 Loss: -0.084113, NCC_Loss: -0.085841, Reg: 0.001728
Iter 110 of 344 Loss: -0.079075, NCC_Loss: -0.080685, Reg: 0.001610
Iter 120 of 344 Loss: -0.080427, NCC_Loss: -0.082080, Reg: 0.001653
Iter 130 of 344 Loss: -0.087746, NCC_Loss: -0.089365, Reg: 0.001619
Iter 140 of 344 Loss: -0.082829, NCC_Loss: -0.084550, Reg: 0.001722
Iter 150 of 344 Loss: -0.083004, NCC_Loss: -0.084650, Reg: 0.001646
Iter 160 of 344 Loss: -0.082354, NCC_Loss: -0.084004, Reg: 0.001650
Iter 170 of 344 Loss: -0.082947, NCC_Loss: -0.084719, Reg: 0.001773
Iter 180 of 344 Loss: -0.090111, NCC_Loss: -0.091739, Reg: 0.001628
Iter 190 of 344 Loss: -0.086609, NCC_Loss: -0.088226, Reg: 0.001617
Iter 200 of 344 Loss: -0.081741, NCC_Loss: -0.083346, Reg: 0.001605
Iter 210 of 344 Loss: -0.083653, NCC_Loss: -0.085395, Reg: 0.001741
Iter 220 of 344 Loss: -0.087200, NCC_Loss: -0.088884, Reg: 0.001684
Iter 230 of 344 Loss: -0.089183, NCC_Loss: -0.090890, Reg: 0.001707
Iter 240 of 344 Loss: -0.085785, NCC_Loss: -0.087307, Reg: 0.001522
Iter 250 of 344 Loss: -0.083898, NCC_Loss: -0.085648, Reg: 0.001749
Iter 260 of 344 Loss: -0.089671, NCC_Loss: -0.091269, Reg: 0.001598
Iter 270 of 344 Loss: -0.087194, NCC_Loss: -0.088905, Reg: 0.001711
Iter 280 of 344 Loss: -0.089047, NCC_Loss: -0.090673, Reg: 0.001627
Iter 290 of 344 Loss: -0.086726, NCC_Loss: -0.088352, Reg: 0.001627
Iter 300 of 344 Loss: -0.078265, NCC_Loss: -0.079870, Reg: 0.001605
Iter 310 of 344 Loss: -0.085888, NCC_Loss: -0.087502, Reg: 0.001614
Iter 320 of 344 Loss: -0.079562, NCC_Loss: -0.081245, Reg: 0.001683
Iter 330 of 344 Loss: -0.086564, NCC_Loss: -0.088083, Reg: 0.001520
Iter 340 of 344 Loss: -0.082622, NCC_Loss: -0.084250, Reg: 0.001627
Epoch 94 Loss: -0.083774
Epoch 94 Validation: Mean EPE: 7.2646, Mean SSIM: 0.1896, Mean ZNCC: -0.0355
Epoch 95 starts
Iter 10 of 344 Loss: -0.086945, NCC_Loss: -0.088668, Reg: 0.001723
Iter 20 of 344 Loss: -0.080437, NCC_Loss: -0.082084, Reg: 0.001646
Iter 30 of 344 Loss: -0.077799, NCC_Loss: -0.079504, Reg: 0.001705
Iter 40 of 344 Loss: -0.088053, NCC_Loss: -0.089733, Reg: 0.001680
Iter 50 of 344 Loss: -0.084576, NCC_Loss: -0.086222, Reg: 0.001645
Iter 60 of 344 Loss: -0.081743, NCC_Loss: -0.083434, Reg: 0.001691
Iter 70 of 344 Loss: -0.085473, NCC_Loss: -0.087038, Reg: 0.001565
Iter 80 of 344 Loss: -0.082106, NCC_Loss: -0.083704, Reg: 0.001598
Iter 90 of 344 Loss: -0.081954, NCC_Loss: -0.083670, Reg: 0.001716
Iter 100 of 344 Loss: -0.082915, NCC_Loss: -0.084571, Reg: 0.001656
Iter 110 of 344 Loss: -0.078093, NCC_Loss: -0.079777, Reg: 0.001684
Iter 120 of 344 Loss: -0.089036, NCC_Loss: -0.090668, Reg: 0.001632
Iter 130 of 344 Loss: -0.080497, NCC_Loss: -0.082028, Reg: 0.001531
Iter 140 of 344 Loss: -0.088182, NCC_Loss: -0.089790, Reg: 0.001608
Iter 150 of 344 Loss: -0.086163, NCC_Loss: -0.087720, Reg: 0.001557
Iter 160 of 344 Loss: -0.087091, NCC_Loss: -0.088785, Reg: 0.001693
Iter 170 of 344 Loss: -0.087035, NCC_Loss: -0.088719, Reg: 0.001684
Iter 180 of 344 Loss: -0.082231, NCC_Loss: -0.083875, Reg: 0.001644
Iter 190 of 344 Loss: -0.085490, NCC_Loss: -0.087175, Reg: 0.001685
Iter 200 of 344 Loss: -0.083074, NCC_Loss: -0.084754, Reg: 0.001680
Iter 210 of 344 Loss: -0.085536, NCC_Loss: -0.087123, Reg: 0.001587
Iter 220 of 344 Loss: -0.085051, NCC_Loss: -0.086694, Reg: 0.001643
Iter 230 of 344 Loss: -0.091162, NCC_Loss: -0.092722, Reg: 0.001560
Iter 240 of 344 Loss: -0.083017, NCC_Loss: -0.086144, Reg: 0.003128
Iter 250 of 344 Loss: -0.071794, NCC_Loss: -0.074877, Reg: 0.003083
Iter 260 of 344 Loss: -0.081407, NCC_Loss: -0.084392, Reg: 0.002985
Iter 270 of 344 Loss: -0.074083, NCC_Loss: -0.077447, Reg: 0.003363
Iter 280 of 344 Loss: -0.071233, NCC_Loss: -0.074521, Reg: 0.003288
Iter 290 of 344 Loss: -0.077244, NCC_Loss: -0.080135, Reg: 0.002891
Iter 300 of 344 Loss: -0.081816, NCC_Loss: -0.084804, Reg: 0.002988
Iter 310 of 344 Loss: -0.081570, NCC_Loss: -0.084618, Reg: 0.003048
Iter 320 of 344 Loss: -0.076883, NCC_Loss: -0.079421, Reg: 0.002538
Iter 330 of 344 Loss: -0.076254, NCC_Loss: -0.079117, Reg: 0.002864
Iter 340 of 344 Loss: -0.074092, NCC_Loss: -0.076530, Reg: 0.002437
Epoch 95 Loss: -0.082071
Epoch 95 Validation: Mean EPE: 7.2649, Mean SSIM: 0.1848, Mean ZNCC: -0.0358
Epoch 96 starts
Iter 10 of 344 Loss: -0.075407, NCC_Loss: -0.077954, Reg: 0.002546
Iter 20 of 344 Loss: -0.080339, NCC_Loss: -0.082838, Reg: 0.002500
Iter 30 of 344 Loss: -0.069834, NCC_Loss: -0.072405, Reg: 0.002570
Iter 40 of 344 Loss: -0.070074, NCC_Loss: -0.072182, Reg: 0.002109
Iter 50 of 344 Loss: -0.088206, NCC_Loss: -0.090433, Reg: 0.002227
Iter 60 of 344 Loss: -0.081925, NCC_Loss: -0.084192, Reg: 0.002267
Iter 70 of 344 Loss: -0.076629, NCC_Loss: -0.078844, Reg: 0.002215
Iter 80 of 344 Loss: -0.075258, NCC_Loss: -0.077314, Reg: 0.002056
Iter 90 of 344 Loss: -0.078827, NCC_Loss: -0.080899, Reg: 0.002072
Iter 100 of 344 Loss: -0.077535, NCC_Loss: -0.079507, Reg: 0.001972
Iter 110 of 344 Loss: -0.080120, NCC_Loss: -0.082129, Reg: 0.002009
Iter 120 of 344 Loss: -0.075648, NCC_Loss: -0.077639, Reg: 0.001991
Iter 130 of 344 Loss: -0.081573, NCC_Loss: -0.083439, Reg: 0.001866
Iter 140 of 344 Loss: -0.082864, NCC_Loss: -0.084739, Reg: 0.001875
Iter 150 of 344 Loss: -0.084089, NCC_Loss: -0.085937, Reg: 0.001848
Iter 160 of 344 Loss: -0.078286, NCC_Loss: -0.080127, Reg: 0.001840
Iter 170 of 344 Loss: -0.079521, NCC_Loss: -0.081361, Reg: 0.001840
Iter 180 of 344 Loss: -0.086640, NCC_Loss: -0.088482, Reg: 0.001842
Iter 190 of 344 Loss: -0.076570, NCC_Loss: -0.078454, Reg: 0.001883
Iter 200 of 344 Loss: -0.078209, NCC_Loss: -0.080019, Reg: 0.001810
Iter 210 of 344 Loss: -0.077494, NCC_Loss: -0.079245, Reg: 0.001750
Iter 220 of 344 Loss: -0.077108, NCC_Loss: -0.078772, Reg: 0.001664
Iter 230 of 344 Loss: -0.072840, NCC_Loss: -0.074655, Reg: 0.001816
Iter 240 of 344 Loss: -0.085664, NCC_Loss: -0.087450, Reg: 0.001785
Iter 250 of 344 Loss: -0.081488, NCC_Loss: -0.083129, Reg: 0.001641
Iter 260 of 344 Loss: -0.080986, NCC_Loss: -0.082824, Reg: 0.001838
Iter 270 of 344 Loss: -0.077733, NCC_Loss: -0.079547, Reg: 0.001814
Iter 280 of 344 Loss: -0.077702, NCC_Loss: -0.079280, Reg: 0.001579
Iter 290 of 344 Loss: -0.081725, NCC_Loss: -0.083373, Reg: 0.001649
Iter 300 of 344 Loss: -0.074873, NCC_Loss: -0.076492, Reg: 0.001619
Iter 310 of 344 Loss: -0.081830, NCC_Loss: -0.083370, Reg: 0.001541
Iter 320 of 344 Loss: -0.077242, NCC_Loss: -0.078886, Reg: 0.001644
Iter 330 of 344 Loss: -0.082899, NCC_Loss: -0.084417, Reg: 0.001517
Iter 340 of 344 Loss: -0.078711, NCC_Loss: -0.080238, Reg: 0.001527
Epoch 96 Loss: -0.079944
Epoch 96 Validation: Mean EPE: 7.2603, Mean SSIM: 0.1867, Mean ZNCC: -0.0360
Epoch 97 starts
Iter 10 of 344 Loss: -0.077382, NCC_Loss: -0.079026, Reg: 0.001644
Iter 20 of 344 Loss: -0.077046, NCC_Loss: -0.078510, Reg: 0.001464
Iter 30 of 344 Loss: -0.082782, NCC_Loss: -0.084274, Reg: 0.001492
Iter 40 of 344 Loss: -0.082279, NCC_Loss: -0.083763, Reg: 0.001483
Iter 50 of 344 Loss: -0.079360, NCC_Loss: -0.081003, Reg: 0.001643
Iter 60 of 344 Loss: -0.080152, NCC_Loss: -0.081669, Reg: 0.001517
Iter 70 of 344 Loss: -0.072397, NCC_Loss: -0.073917, Reg: 0.001520
Iter 80 of 344 Loss: -0.079756, NCC_Loss: -0.081337, Reg: 0.001581
Iter 90 of 344 Loss: -0.082192, NCC_Loss: -0.083721, Reg: 0.001529
Iter 100 of 344 Loss: -0.080532, NCC_Loss: -0.082095, Reg: 0.001563
Iter 110 of 344 Loss: -0.079068, NCC_Loss: -0.080587, Reg: 0.001519
Iter 120 of 344 Loss: -0.079684, NCC_Loss: -0.081205, Reg: 0.001521
Iter 130 of 344 Loss: -0.082063, NCC_Loss: -0.083523, Reg: 0.001460
Iter 140 of 344 Loss: -0.079031, NCC_Loss: -0.080418, Reg: 0.001387
Iter 150 of 344 Loss: -0.083835, NCC_Loss: -0.085244, Reg: 0.001410
Iter 160 of 344 Loss: -0.077817, NCC_Loss: -0.079255, Reg: 0.001438
Iter 170 of 344 Loss: -0.076112, NCC_Loss: -0.077535, Reg: 0.001423
Iter 180 of 344 Loss: -0.084931, NCC_Loss: -0.086426, Reg: 0.001495
Iter 190 of 344 Loss: -0.086491, NCC_Loss: -0.087978, Reg: 0.001487
Iter 200 of 344 Loss: -0.080279, NCC_Loss: -0.081686, Reg: 0.001407
Iter 210 of 344 Loss: -0.078815, NCC_Loss: -0.080194, Reg: 0.001379
Iter 220 of 344 Loss: -0.081743, NCC_Loss: -0.083122, Reg: 0.001379
Iter 230 of 344 Loss: -0.082404, NCC_Loss: -0.083751, Reg: 0.001347
Iter 240 of 344 Loss: -0.083521, NCC_Loss: -0.084878, Reg: 0.001356
Iter 250 of 344 Loss: -0.073049, NCC_Loss: -0.074466, Reg: 0.001416
Iter 260 of 344 Loss: -0.076630, NCC_Loss: -0.078002, Reg: 0.001373
Iter 270 of 344 Loss: -0.075667, NCC_Loss: -0.077014, Reg: 0.001347
Iter 280 of 344 Loss: -0.080020, NCC_Loss: -0.081315, Reg: 0.001294
Iter 290 of 344 Loss: -0.085006, NCC_Loss: -0.086345, Reg: 0.001339
Iter 300 of 344 Loss: -0.083264, NCC_Loss: -0.084673, Reg: 0.001409
Iter 310 of 344 Loss: -0.084577, NCC_Loss: -0.085963, Reg: 0.001386
Iter 320 of 344 Loss: -0.075323, NCC_Loss: -0.076785, Reg: 0.001462
Iter 330 of 344 Loss: -0.092120, NCC_Loss: -0.093497, Reg: 0.001376
Iter 340 of 344 Loss: -0.083736, NCC_Loss: -0.085103, Reg: 0.001367
Epoch 97 Loss: -0.080829
Epoch 97 Validation: Mean EPE: 7.2595, Mean SSIM: 0.1872, Mean ZNCC: -0.0361
Epoch 98 starts
Iter 10 of 344 Loss: -0.079763, NCC_Loss: -0.081064, Reg: 0.001301
Iter 20 of 344 Loss: -0.086533, NCC_Loss: -0.087887, Reg: 0.001354
Iter 30 of 344 Loss: -0.075030, NCC_Loss: -0.076327, Reg: 0.001297
Iter 40 of 344 Loss: -0.082906, NCC_Loss: -0.084289, Reg: 0.001382
Iter 50 of 344 Loss: -0.080323, NCC_Loss: -0.081698, Reg: 0.001375
Iter 60 of 344 Loss: -0.074960, NCC_Loss: -0.076239, Reg: 0.001279
Iter 70 of 344 Loss: -0.082249, NCC_Loss: -0.083601, Reg: 0.001352
Iter 80 of 344 Loss: -0.086976, NCC_Loss: -0.088380, Reg: 0.001405
Iter 90 of 344 Loss: -0.089004, NCC_Loss: -0.090248, Reg: 0.001244
Iter 100 of 344 Loss: -0.076862, NCC_Loss: -0.078209, Reg: 0.001347
Iter 110 of 344 Loss: -0.085356, NCC_Loss: -0.086697, Reg: 0.001341
Iter 120 of 344 Loss: -0.078554, NCC_Loss: -0.079849, Reg: 0.001296
Iter 130 of 344 Loss: -0.072814, NCC_Loss: -0.074151, Reg: 0.001337
Iter 140 of 344 Loss: -0.078996, NCC_Loss: -0.080248, Reg: 0.001251
Iter 150 of 344 Loss: -0.080932, NCC_Loss: -0.082330, Reg: 0.001398
Iter 160 of 344 Loss: -0.088935, NCC_Loss: -0.090251, Reg: 0.001316
Iter 170 of 344 Loss: -0.081457, NCC_Loss: -0.082776, Reg: 0.001319
Iter 180 of 344 Loss: -0.078994, NCC_Loss: -0.080282, Reg: 0.001288
Iter 190 of 344 Loss: -0.082097, NCC_Loss: -0.083429, Reg: 0.001332
Iter 200 of 344 Loss: -0.083158, NCC_Loss: -0.084485, Reg: 0.001327
Iter 210 of 344 Loss: -0.086955, NCC_Loss: -0.088305, Reg: 0.001350
Iter 220 of 344 Loss: -0.076161, NCC_Loss: -0.077446, Reg: 0.001284
Iter 230 of 344 Loss: -0.086374, NCC_Loss: -0.087660, Reg: 0.001286
Iter 240 of 344 Loss: -0.086289, NCC_Loss: -0.087559, Reg: 0.001269
Iter 250 of 344 Loss: -0.081459, NCC_Loss: -0.082836, Reg: 0.001377
Iter 260 of 344 Loss: -0.078979, NCC_Loss: -0.080310, Reg: 0.001331
Iter 270 of 344 Loss: -0.078651, NCC_Loss: -0.080053, Reg: 0.001402
Iter 280 of 344 Loss: -0.085932, NCC_Loss: -0.087324, Reg: 0.001391
Iter 290 of 344 Loss: -0.087294, NCC_Loss: -0.088581, Reg: 0.001286
Iter 300 of 344 Loss: -0.085420, NCC_Loss: -0.086635, Reg: 0.001215
Iter 310 of 344 Loss: -0.077374, NCC_Loss: -0.078543, Reg: 0.001169
Iter 320 of 344 Loss: -0.079161, NCC_Loss: -0.080487, Reg: 0.001326
Iter 330 of 344 Loss: -0.081265, NCC_Loss: -0.082563, Reg: 0.001297
Iter 340 of 344 Loss: -0.085438, NCC_Loss: -0.086706, Reg: 0.001268
Epoch 98 Loss: -0.081192
Epoch 98 Validation: Mean EPE: 7.2592, Mean SSIM: 0.1874, Mean ZNCC: -0.0361
Epoch 99 starts
Iter 10 of 344 Loss: -0.084010, NCC_Loss: -0.085347, Reg: 0.001337
Iter 20 of 344 Loss: -0.079661, NCC_Loss: -0.080949, Reg: 0.001289
Iter 30 of 344 Loss: -0.081463, NCC_Loss: -0.082827, Reg: 0.001364
Iter 40 of 344 Loss: -0.077203, NCC_Loss: -0.078550, Reg: 0.001347
Iter 50 of 344 Loss: -0.081064, NCC_Loss: -0.082348, Reg: 0.001284
Iter 60 of 344 Loss: -0.085003, NCC_Loss: -0.086317, Reg: 0.001314
Iter 70 of 344 Loss: -0.084504, NCC_Loss: -0.085778, Reg: 0.001275
Iter 80 of 344 Loss: -0.076515, NCC_Loss: -0.077776, Reg: 0.001260
Iter 90 of 344 Loss: -0.080501, NCC_Loss: -0.081736, Reg: 0.001235
Iter 100 of 344 Loss: -0.082812, NCC_Loss: -0.084152, Reg: 0.001341
Iter 110 of 344 Loss: -0.083136, NCC_Loss: -0.084334, Reg: 0.001199
Iter 120 of 344 Loss: -0.083051, NCC_Loss: -0.084304, Reg: 0.001253
Iter 130 of 344 Loss: -0.079029, NCC_Loss: -0.080355, Reg: 0.001326
Iter 140 of 344 Loss: -0.080673, NCC_Loss: -0.081934, Reg: 0.001261
Iter 150 of 344 Loss: -0.075478, NCC_Loss: -0.076799, Reg: 0.001320
Iter 160 of 344 Loss: -0.079494, NCC_Loss: -0.080834, Reg: 0.001340
Iter 170 of 344 Loss: -0.080132, NCC_Loss: -0.081370, Reg: 0.001238
Iter 180 of 344 Loss: -0.077709, NCC_Loss: -0.079070, Reg: 0.001361
Iter 190 of 344 Loss: -0.077676, NCC_Loss: -0.078887, Reg: 0.001211
Iter 200 of 344 Loss: -0.080202, NCC_Loss: -0.081468, Reg: 0.001266
Iter 210 of 344 Loss: -0.075908, NCC_Loss: -0.077194, Reg: 0.001287
Iter 220 of 344 Loss: -0.077526, NCC_Loss: -0.078778, Reg: 0.001252
Iter 230 of 344 Loss: -0.085086, NCC_Loss: -0.086428, Reg: 0.001342
Iter 240 of 344 Loss: -0.093946, NCC_Loss: -0.095344, Reg: 0.001399
Iter 250 of 344 Loss: -0.082498, NCC_Loss: -0.083796, Reg: 0.001298
Iter 260 of 344 Loss: -0.079035, NCC_Loss: -0.080309, Reg: 0.001274
Iter 270 of 344 Loss: -0.081340, NCC_Loss: -0.082701, Reg: 0.001360
Iter 280 of 344 Loss: -0.077643, NCC_Loss: -0.078862, Reg: 0.001218
Iter 290 of 344 Loss: -0.082326, NCC_Loss: -0.083567, Reg: 0.001241
Iter 300 of 344 Loss: -0.078180, NCC_Loss: -0.079510, Reg: 0.001330
Iter 310 of 344 Loss: -0.082130, NCC_Loss: -0.083397, Reg: 0.001267
Iter 320 of 344 Loss: -0.083822, NCC_Loss: -0.085080, Reg: 0.001258
Iter 330 of 344 Loss: -0.080137, NCC_Loss: -0.081459, Reg: 0.001322
Iter 340 of 344 Loss: -0.084002, NCC_Loss: -0.085266, Reg: 0.001264
Epoch 99 Loss: -0.081439
Epoch 99 Validation: Mean EPE: 7.2591, Mean SSIM: 0.1875, Mean ZNCC: -0.0361
Epoch 100 starts
Iter 10 of 344 Loss: -0.082493, NCC_Loss: -0.083771, Reg: 0.001278
Iter 20 of 344 Loss: -0.074896, NCC_Loss: -0.076258, Reg: 0.001362
Iter 30 of 344 Loss: -0.087551, NCC_Loss: -0.088937, Reg: 0.001386
Iter 40 of 344 Loss: -0.082480, NCC_Loss: -0.083762, Reg: 0.001281
Iter 50 of 344 Loss: -0.081094, NCC_Loss: -0.082366, Reg: 0.001273
Iter 60 of 344 Loss: -0.080027, NCC_Loss: -0.081282, Reg: 0.001256
Iter 70 of 344 Loss: -0.087067, NCC_Loss: -0.088307, Reg: 0.001241
Iter 80 of 344 Loss: -0.087049, NCC_Loss: -0.088278, Reg: 0.001229
Iter 90 of 344 Loss: -0.077463, NCC_Loss: -0.078693, Reg: 0.001230
Iter 100 of 344 Loss: -0.078657, NCC_Loss: -0.079978, Reg: 0.001321
Iter 110 of 344 Loss: -0.079752, NCC_Loss: -0.081036, Reg: 0.001283
Iter 120 of 344 Loss: -0.075996, NCC_Loss: -0.077282, Reg: 0.001285
Iter 130 of 344 Loss: -0.079667, NCC_Loss: -0.080985, Reg: 0.001318
Iter 140 of 344 Loss: -0.080117, NCC_Loss: -0.081359, Reg: 0.001242
Iter 150 of 344 Loss: -0.079602, NCC_Loss: -0.080839, Reg: 0.001237
Iter 160 of 344 Loss: -0.078491, NCC_Loss: -0.079850, Reg: 0.001359
Iter 170 of 344 Loss: -0.076445, NCC_Loss: -0.077760, Reg: 0.001315
Iter 180 of 344 Loss: -0.083038, NCC_Loss: -0.084215, Reg: 0.001177
Iter 190 of 344 Loss: -0.071583, NCC_Loss: -0.072866, Reg: 0.001282
Iter 200 of 344 Loss: -0.074858, NCC_Loss: -0.076180, Reg: 0.001322
Iter 210 of 344 Loss: -0.078345, NCC_Loss: -0.079606, Reg: 0.001261
Iter 220 of 344 Loss: -0.077476, NCC_Loss: -0.078822, Reg: 0.001345
Iter 230 of 344 Loss: -0.087371, NCC_Loss: -0.088548, Reg: 0.001177
Iter 240 of 344 Loss: -0.090510, NCC_Loss: -0.091840, Reg: 0.001331
Iter 250 of 344 Loss: -0.081337, NCC_Loss: -0.082714, Reg: 0.001377
Iter 260 of 344 Loss: -0.095319, NCC_Loss: -0.096548, Reg: 0.001229
Iter 270 of 344 Loss: -0.082878, NCC_Loss: -0.084153, Reg: 0.001275
Iter 280 of 344 Loss: -0.080816, NCC_Loss: -0.082056, Reg: 0.001241
Iter 290 of 344 Loss: -0.084535, NCC_Loss: -0.085770, Reg: 0.001235
Iter 300 of 344 Loss: -0.084823, NCC_Loss: -0.086017, Reg: 0.001194
Iter 310 of 344 Loss: -0.083659, NCC_Loss: -0.084850, Reg: 0.001191
Iter 320 of 344 Loss: -0.082868, NCC_Loss: -0.084168, Reg: 0.001301
Iter 330 of 344 Loss: -0.077207, NCC_Loss: -0.078418, Reg: 0.001211
Iter 340 of 344 Loss: -0.082414, NCC_Loss: -0.083680, Reg: 0.001267
Epoch 100 Loss: -0.081642
Epoch 100 Validation: Mean EPE: 7.2591, Mean SSIM: 0.1877, Mean ZNCC: -0.0362
Epoch 101 starts
Iter 10 of 344 Loss: -0.083337, NCC_Loss: -0.084652, Reg: 0.001314
Iter 20 of 344 Loss: -0.083054, NCC_Loss: -0.084348, Reg: 0.001294
Iter 30 of 344 Loss: -0.076151, NCC_Loss: -0.077422, Reg: 0.001271
Iter 40 of 344 Loss: -0.075154, NCC_Loss: -0.076436, Reg: 0.001283
Iter 50 of 344 Loss: -0.076305, NCC_Loss: -0.077555, Reg: 0.001250
Iter 60 of 344 Loss: -0.079036, NCC_Loss: -0.080333, Reg: 0.001297
Iter 70 of 344 Loss: -0.076032, NCC_Loss: -0.077307, Reg: 0.001275
Iter 80 of 344 Loss: -0.078849, NCC_Loss: -0.080248, Reg: 0.001399
Iter 90 of 344 Loss: -0.078959, NCC_Loss: -0.080278, Reg: 0.001319
Iter 100 of 344 Loss: -0.082575, NCC_Loss: -0.083968, Reg: 0.001393
Iter 110 of 344 Loss: -0.080811, NCC_Loss: -0.082145, Reg: 0.001334
Iter 120 of 344 Loss: -0.083244, NCC_Loss: -0.084532, Reg: 0.001288
Iter 130 of 344 Loss: -0.082072, NCC_Loss: -0.083355, Reg: 0.001283
Iter 140 of 344 Loss: -0.081905, NCC_Loss: -0.083208, Reg: 0.001304
Iter 150 of 344 Loss: -0.085306, NCC_Loss: -0.086649, Reg: 0.001344
Iter 160 of 344 Loss: -0.080368, NCC_Loss: -0.081657, Reg: 0.001289
Iter 170 of 344 Loss: -0.078454, NCC_Loss: -0.079815, Reg: 0.001362
Iter 180 of 344 Loss: -0.080258, NCC_Loss: -0.081471, Reg: 0.001214
Iter 190 of 344 Loss: -0.082309, NCC_Loss: -0.083705, Reg: 0.001396
Iter 200 of 344 Loss: -0.082308, NCC_Loss: -0.083573, Reg: 0.001264
Iter 210 of 344 Loss: -0.084180, NCC_Loss: -0.085457, Reg: 0.001277
Iter 220 of 344 Loss: -0.080906, NCC_Loss: -0.082187, Reg: 0.001282
Iter 230 of 344 Loss: -0.079256, NCC_Loss: -0.080475, Reg: 0.001219
Iter 240 of 344 Loss: -0.085937, NCC_Loss: -0.087173, Reg: 0.001236
Iter 250 of 344 Loss: -0.081303, NCC_Loss: -0.082449, Reg: 0.001146
Iter 260 of 344 Loss: -0.077012, NCC_Loss: -0.078183, Reg: 0.001171
Iter 270 of 344 Loss: -0.083161, NCC_Loss: -0.084451, Reg: 0.001291
Iter 280 of 344 Loss: -0.083039, NCC_Loss: -0.084230, Reg: 0.001190
Iter 290 of 344 Loss: -0.083813, NCC_Loss: -0.084953, Reg: 0.001139
Iter 300 of 344 Loss: -0.078985, NCC_Loss: -0.080134, Reg: 0.001149
Iter 310 of 344 Loss: -0.082877, NCC_Loss: -0.084049, Reg: 0.001172
Iter 320 of 344 Loss: -0.080433, NCC_Loss: -0.081574, Reg: 0.001141
Iter 330 of 344 Loss: -0.083415, NCC_Loss: -0.084536, Reg: 0.001121
Iter 340 of 344 Loss: -0.077741, NCC_Loss: -0.078888, Reg: 0.001147
Epoch 101 Loss: -0.081714
Epoch 101 Validation: Mean EPE: 7.2576, Mean SSIM: 0.1875, Mean ZNCC: -0.0352
Epoch 102 starts
Iter 10 of 344 Loss: -0.077525, NCC_Loss: -0.078827, Reg: 0.001301
Iter 20 of 344 Loss: -0.079776, NCC_Loss: -0.080883, Reg: 0.001107
Iter 30 of 344 Loss: -0.090830, NCC_Loss: -0.091974, Reg: 0.001144
Iter 40 of 344 Loss: -0.085682, NCC_Loss: -0.086833, Reg: 0.001151
Iter 50 of 344 Loss: -0.078998, NCC_Loss: -0.080071, Reg: 0.001073
Iter 60 of 344 Loss: -0.077155, NCC_Loss: -0.078337, Reg: 0.001182
Iter 70 of 344 Loss: -0.083183, NCC_Loss: -0.084312, Reg: 0.001130
Iter 80 of 344 Loss: -0.086366, NCC_Loss: -0.087491, Reg: 0.001125
Iter 90 of 344 Loss: -0.076580, NCC_Loss: -0.077678, Reg: 0.001098
Iter 100 of 344 Loss: -0.079922, NCC_Loss: -0.081232, Reg: 0.001310
Iter 110 of 344 Loss: -0.081653, NCC_Loss: -0.082733, Reg: 0.001080
Iter 120 of 344 Loss: -0.079244, NCC_Loss: -0.080444, Reg: 0.001200
Iter 130 of 344 Loss: -0.084271, NCC_Loss: -0.085425, Reg: 0.001154
Iter 140 of 344 Loss: -0.084308, NCC_Loss: -0.085421, Reg: 0.001113
Iter 150 of 344 Loss: -0.078121, NCC_Loss: -0.079283, Reg: 0.001162
Iter 160 of 344 Loss: -0.082577, NCC_Loss: -0.083702, Reg: 0.001125
Iter 170 of 344 Loss: -0.083250, NCC_Loss: -0.084438, Reg: 0.001188
Iter 180 of 344 Loss: -0.082031, NCC_Loss: -0.083162, Reg: 0.001131
Iter 190 of 344 Loss: -0.087342, NCC_Loss: -0.088498, Reg: 0.001155
Iter 200 of 344 Loss: -0.081635, NCC_Loss: -0.082814, Reg: 0.001179
Iter 210 of 344 Loss: -0.081622, NCC_Loss: -0.082857, Reg: 0.001234
Iter 220 of 344 Loss: -0.082571, NCC_Loss: -0.083629, Reg: 0.001058
Iter 230 of 344 Loss: -0.080689, NCC_Loss: -0.081913, Reg: 0.001224
Iter 240 of 344 Loss: -0.081277, NCC_Loss: -0.082426, Reg: 0.001150
Iter 250 of 344 Loss: -0.080351, NCC_Loss: -0.081520, Reg: 0.001169
Iter 260 of 344 Loss: -0.083342, NCC_Loss: -0.084496, Reg: 0.001154
Iter 270 of 344 Loss: -0.083588, NCC_Loss: -0.084661, Reg: 0.001073
Iter 280 of 344 Loss: -0.080295, NCC_Loss: -0.081516, Reg: 0.001221
Iter 290 of 344 Loss: -0.080607, NCC_Loss: -0.081815, Reg: 0.001208
Iter 300 of 344 Loss: -0.074566, NCC_Loss: -0.075795, Reg: 0.001228
Iter 310 of 344 Loss: -0.077831, NCC_Loss: -0.078976, Reg: 0.001145
Iter 320 of 344 Loss: -0.081434, NCC_Loss: -0.082598, Reg: 0.001164
Iter 330 of 344 Loss: -0.085439, NCC_Loss: -0.086582, Reg: 0.001143
Iter 340 of 344 Loss: -0.091841, NCC_Loss: -0.093102, Reg: 0.001261
Epoch 102 Loss: -0.081717
Epoch 102 Validation: Mean EPE: 7.2580, Mean SSIM: 0.1877, Mean ZNCC: -0.0352
Epoch 103 starts
Iter 10 of 344 Loss: -0.084452, NCC_Loss: -0.085651, Reg: 0.001198
Iter 20 of 344 Loss: -0.084850, NCC_Loss: -0.086012, Reg: 0.001162
Iter 30 of 344 Loss: -0.084535, NCC_Loss: -0.085717, Reg: 0.001182
Iter 40 of 344 Loss: -0.078028, NCC_Loss: -0.079187, Reg: 0.001159
Iter 50 of 344 Loss: -0.079400, NCC_Loss: -0.080536, Reg: 0.001135
Iter 60 of 344 Loss: -0.084173, NCC_Loss: -0.085364, Reg: 0.001191
Iter 70 of 344 Loss: -0.080272, NCC_Loss: -0.081508, Reg: 0.001237
Iter 80 of 344 Loss: -0.079320, NCC_Loss: -0.080605, Reg: 0.001285
Iter 90 of 344 Loss: -0.082041, NCC_Loss: -0.083261, Reg: 0.001219
Iter 100 of 344 Loss: -0.079628, NCC_Loss: -0.080810, Reg: 0.001182
Iter 110 of 344 Loss: -0.084198, NCC_Loss: -0.085312, Reg: 0.001114
Iter 120 of 344 Loss: -0.079155, NCC_Loss: -0.080358, Reg: 0.001202
Iter 130 of 344 Loss: -0.082561, NCC_Loss: -0.083798, Reg: 0.001237
Iter 140 of 344 Loss: -0.077354, NCC_Loss: -0.078493, Reg: 0.001139
Iter 150 of 344 Loss: -0.080253, NCC_Loss: -0.081442, Reg: 0.001190
Iter 160 of 344 Loss: -0.084180, NCC_Loss: -0.085365, Reg: 0.001185
Iter 170 of 344 Loss: -0.079444, NCC_Loss: -0.080634, Reg: 0.001190
Iter 180 of 344 Loss: -0.075461, NCC_Loss: -0.076629, Reg: 0.001168
Iter 190 of 344 Loss: -0.084178, NCC_Loss: -0.085297, Reg: 0.001119
Iter 200 of 344 Loss: -0.085251, NCC_Loss: -0.086487, Reg: 0.001236
Iter 210 of 344 Loss: -0.081011, NCC_Loss: -0.082285, Reg: 0.001274
Iter 220 of 344 Loss: -0.081752, NCC_Loss: -0.083037, Reg: 0.001285
Iter 230 of 344 Loss: -0.077939, NCC_Loss: -0.079123, Reg: 0.001184
Iter 240 of 344 Loss: -0.083309, NCC_Loss: -0.084529, Reg: 0.001220
Iter 250 of 344 Loss: -0.081906, NCC_Loss: -0.083053, Reg: 0.001146
Iter 260 of 344 Loss: -0.083157, NCC_Loss: -0.084324, Reg: 0.001167
Iter 270 of 344 Loss: -0.082766, NCC_Loss: -0.083979, Reg: 0.001213
Iter 280 of 344 Loss: -0.080594, NCC_Loss: -0.081865, Reg: 0.001270
Iter 290 of 344 Loss: -0.082142, NCC_Loss: -0.083393, Reg: 0.001251
Iter 300 of 344 Loss: -0.080513, NCC_Loss: -0.081728, Reg: 0.001215
Iter 310 of 344 Loss: -0.092986, NCC_Loss: -0.094137, Reg: 0.001151
Iter 320 of 344 Loss: -0.079881, NCC_Loss: -0.081071, Reg: 0.001190
Iter 330 of 344 Loss: -0.083689, NCC_Loss: -0.084890, Reg: 0.001201
Iter 340 of 344 Loss: -0.081065, NCC_Loss: -0.082314, Reg: 0.001250
Epoch 103 Loss: -0.081937
Epoch 103 Validation: Mean EPE: 7.2582, Mean SSIM: 0.1879, Mean ZNCC: -0.0353
Epoch 104 starts
Iter 10 of 344 Loss: -0.086398, NCC_Loss: -0.087566, Reg: 0.001168
Iter 20 of 344 Loss: -0.088693, NCC_Loss: -0.090012, Reg: 0.001319
Iter 30 of 344 Loss: -0.077026, NCC_Loss: -0.078244, Reg: 0.001218
Iter 40 of 344 Loss: -0.080490, NCC_Loss: -0.081668, Reg: 0.001178
Iter 50 of 344 Loss: -0.079037, NCC_Loss: -0.080268, Reg: 0.001231
Iter 60 of 344 Loss: -0.074695, NCC_Loss: -0.075869, Reg: 0.001174
Iter 70 of 344 Loss: -0.084400, NCC_Loss: -0.085656, Reg: 0.001257
Iter 80 of 344 Loss: -0.079164, NCC_Loss: -0.080433, Reg: 0.001268
Iter 90 of 344 Loss: -0.080497, NCC_Loss: -0.081718, Reg: 0.001221
Iter 100 of 344 Loss: -0.084519, NCC_Loss: -0.085710, Reg: 0.001191
Iter 110 of 344 Loss: -0.078806, NCC_Loss: -0.079924, Reg: 0.001119
Iter 120 of 344 Loss: -0.076987, NCC_Loss: -0.078169, Reg: 0.001182
Iter 130 of 344 Loss: -0.085452, NCC_Loss: -0.086602, Reg: 0.001150
Iter 140 of 344 Loss: -0.084436, NCC_Loss: -0.085780, Reg: 0.001345
Iter 150 of 344 Loss: -0.074974, NCC_Loss: -0.076192, Reg: 0.001218
Iter 160 of 344 Loss: -0.081822, NCC_Loss: -0.083089, Reg: 0.001268
Iter 170 of 344 Loss: -0.080543, NCC_Loss: -0.081802, Reg: 0.001258
Iter 180 of 344 Loss: -0.078183, NCC_Loss: -0.079424, Reg: 0.001241
Iter 190 of 344 Loss: -0.085239, NCC_Loss: -0.086421, Reg: 0.001181
Iter 200 of 344 Loss: -0.080629, NCC_Loss: -0.081893, Reg: 0.001264
Iter 210 of 344 Loss: -0.078919, NCC_Loss: -0.080212, Reg: 0.001293
Iter 220 of 344 Loss: -0.079030, NCC_Loss: -0.080227, Reg: 0.001197
Iter 230 of 344 Loss: -0.083390, NCC_Loss: -0.084649, Reg: 0.001259
Iter 240 of 344 Loss: -0.083099, NCC_Loss: -0.084456, Reg: 0.001357
Iter 250 of 344 Loss: -0.091492, NCC_Loss: -0.092678, Reg: 0.001186
Iter 260 of 344 Loss: -0.081746, NCC_Loss: -0.082995, Reg: 0.001248
Iter 270 of 344 Loss: -0.085000, NCC_Loss: -0.086353, Reg: 0.001353
Iter 280 of 344 Loss: -0.083092, NCC_Loss: -0.084389, Reg: 0.001297
Iter 290 of 344 Loss: -0.085477, NCC_Loss: -0.086790, Reg: 0.001314
Iter 300 of 344 Loss: -0.091183, NCC_Loss: -0.092511, Reg: 0.001327
Iter 310 of 344 Loss: -0.085724, NCC_Loss: -0.086989, Reg: 0.001265
Iter 320 of 344 Loss: -0.084619, NCC_Loss: -0.085891, Reg: 0.001272
Iter 330 of 344 Loss: -0.080172, NCC_Loss: -0.081422, Reg: 0.001250
Iter 340 of 344 Loss: -0.086681, NCC_Loss: -0.087893, Reg: 0.001212
Epoch 104 Loss: -0.082121
Epoch 104 Validation: Mean EPE: 7.2584, Mean SSIM: 0.1880, Mean ZNCC: -0.0353
Epoch 105 starts
Iter 10 of 344 Loss: -0.082988, NCC_Loss: -0.084258, Reg: 0.001270
Iter 20 of 344 Loss: -0.079671, NCC_Loss: -0.081017, Reg: 0.001346
Iter 30 of 344 Loss: -0.079793, NCC_Loss: -0.080943, Reg: 0.001150
Iter 40 of 344 Loss: -0.075292, NCC_Loss: -0.076583, Reg: 0.001291
Iter 50 of 344 Loss: -0.080018, NCC_Loss: -0.081295, Reg: 0.001278
Iter 60 of 344 Loss: -0.075868, NCC_Loss: -0.077294, Reg: 0.001425
Iter 70 of 344 Loss: -0.078178, NCC_Loss: -0.079370, Reg: 0.001192
Iter 80 of 344 Loss: -0.077678, NCC_Loss: -0.079046, Reg: 0.001369
Iter 90 of 344 Loss: -0.088262, NCC_Loss: -0.089510, Reg: 0.001249
Iter 100 of 344 Loss: -0.080662, NCC_Loss: -0.081924, Reg: 0.001262
Iter 110 of 344 Loss: -0.089280, NCC_Loss: -0.090627, Reg: 0.001347
Iter 120 of 344 Loss: -0.084695, NCC_Loss: -0.085849, Reg: 0.001154
Iter 130 of 344 Loss: -0.082375, NCC_Loss: -0.083682, Reg: 0.001306
Iter 140 of 344 Loss: -0.091626, NCC_Loss: -0.092796, Reg: 0.001169
Iter 150 of 344 Loss: -0.079277, NCC_Loss: -0.080493, Reg: 0.001216
Iter 160 of 344 Loss: -0.078974, NCC_Loss: -0.080243, Reg: 0.001270
Iter 170 of 344 Loss: -0.083168, NCC_Loss: -0.084507, Reg: 0.001339
Iter 180 of 344 Loss: -0.076088, NCC_Loss: -0.077275, Reg: 0.001187
Iter 190 of 344 Loss: -0.082340, NCC_Loss: -0.083556, Reg: 0.001216
Iter 200 of 344 Loss: -0.086157, NCC_Loss: -0.087359, Reg: 0.001202
Iter 210 of 344 Loss: -0.079546, NCC_Loss: -0.080786, Reg: 0.001241
Iter 220 of 344 Loss: -0.077926, NCC_Loss: -0.079196, Reg: 0.001270
Iter 230 of 344 Loss: -0.076541, NCC_Loss: -0.077627, Reg: 0.001086
Iter 240 of 344 Loss: -0.079866, NCC_Loss: -0.081067, Reg: 0.001201
Iter 250 of 344 Loss: -0.078547, NCC_Loss: -0.079729, Reg: 0.001182
Iter 260 of 344 Loss: -0.080110, NCC_Loss: -0.081344, Reg: 0.001234
Iter 270 of 344 Loss: -0.089101, NCC_Loss: -0.090285, Reg: 0.001184
Iter 280 of 344 Loss: -0.081663, NCC_Loss: -0.082851, Reg: 0.001188
Iter 290 of 344 Loss: -0.081812, NCC_Loss: -0.082996, Reg: 0.001185
Iter 300 of 344 Loss: -0.081266, NCC_Loss: -0.082492, Reg: 0.001226
Iter 310 of 344 Loss: -0.083628, NCC_Loss: -0.084844, Reg: 0.001216
Iter 320 of 344 Loss: -0.085131, NCC_Loss: -0.086366, Reg: 0.001235
Iter 330 of 344 Loss: -0.079958, NCC_Loss: -0.081177, Reg: 0.001219
Iter 340 of 344 Loss: -0.084155, NCC_Loss: -0.085337, Reg: 0.001181
Epoch 105 Loss: -0.081979
Epoch 105 Validation: Mean EPE: 7.2615, Mean SSIM: 0.1877, Mean ZNCC: -0.0356
Epoch 106 starts
Iter 10 of 344 Loss: -0.091393, NCC_Loss: -0.092532, Reg: 0.001139
Iter 20 of 344 Loss: -0.079398, NCC_Loss: -0.080567, Reg: 0.001169
Iter 30 of 344 Loss: -0.083125, NCC_Loss: -0.084206, Reg: 0.001081
Iter 40 of 344 Loss: -0.083448, NCC_Loss: -0.084528, Reg: 0.001081
Iter 50 of 344 Loss: -0.083675, NCC_Loss: -0.084729, Reg: 0.001054
Iter 60 of 344 Loss: -0.084331, NCC_Loss: -0.085369, Reg: 0.001039
Iter 70 of 344 Loss: -0.081894, NCC_Loss: -0.082926, Reg: 0.001031
Iter 80 of 344 Loss: -0.083009, NCC_Loss: -0.084081, Reg: 0.001071
Iter 90 of 344 Loss: -0.075976, NCC_Loss: -0.077020, Reg: 0.001044
Iter 100 of 344 Loss: -0.088437, NCC_Loss: -0.089506, Reg: 0.001069
Iter 110 of 344 Loss: -0.085646, NCC_Loss: -0.086709, Reg: 0.001064
Iter 120 of 344 Loss: -0.084861, NCC_Loss: -0.085949, Reg: 0.001088
Iter 130 of 344 Loss: -0.071490, NCC_Loss: -0.072584, Reg: 0.001094
Iter 140 of 344 Loss: -0.087544, NCC_Loss: -0.088604, Reg: 0.001060
Iter 150 of 344 Loss: -0.084950, NCC_Loss: -0.086019, Reg: 0.001069
Iter 160 of 344 Loss: -0.084161, NCC_Loss: -0.085233, Reg: 0.001072
Iter 170 of 344 Loss: -0.075057, NCC_Loss: -0.076124, Reg: 0.001068
Iter 180 of 344 Loss: -0.077402, NCC_Loss: -0.078465, Reg: 0.001063
Iter 190 of 344 Loss: -0.082472, NCC_Loss: -0.083543, Reg: 0.001071
Iter 200 of 344 Loss: -0.084304, NCC_Loss: -0.085369, Reg: 0.001064
Iter 210 of 344 Loss: -0.079599, NCC_Loss: -0.080662, Reg: 0.001062
Iter 220 of 344 Loss: -0.082152, NCC_Loss: -0.083266, Reg: 0.001114
Iter 230 of 344 Loss: -0.080909, NCC_Loss: -0.081963, Reg: 0.001054
Iter 240 of 344 Loss: -0.085204, NCC_Loss: -0.086293, Reg: 0.001089
Iter 250 of 344 Loss: -0.080580, NCC_Loss: -0.081682, Reg: 0.001101
Iter 260 of 344 Loss: -0.080034, NCC_Loss: -0.081178, Reg: 0.001144
Iter 270 of 344 Loss: -0.082389, NCC_Loss: -0.083483, Reg: 0.001094
Iter 280 of 344 Loss: -0.083055, NCC_Loss: -0.084110, Reg: 0.001055
Iter 290 of 344 Loss: -0.084841, NCC_Loss: -0.085993, Reg: 0.001153
Iter 300 of 344 Loss: -0.076957, NCC_Loss: -0.078044, Reg: 0.001087
Iter 310 of 344 Loss: -0.076916, NCC_Loss: -0.077991, Reg: 0.001075
Iter 320 of 344 Loss: -0.081535, NCC_Loss: -0.082673, Reg: 0.001139
Iter 330 of 344 Loss: -0.078982, NCC_Loss: -0.080094, Reg: 0.001111
Iter 340 of 344 Loss: -0.083637, NCC_Loss: -0.084732, Reg: 0.001095
Epoch 106 Loss: -0.081607
Epoch 106 Validation: Mean EPE: 7.2608, Mean SSIM: 0.1878, Mean ZNCC: -0.0355
Epoch 107 starts
Iter 10 of 344 Loss: -0.081095, NCC_Loss: -0.082167, Reg: 0.001072
Iter 20 of 344 Loss: -0.078308, NCC_Loss: -0.079391, Reg: 0.001083
Iter 30 of 344 Loss: -0.082310, NCC_Loss: -0.083439, Reg: 0.001129
Iter 40 of 344 Loss: -0.086221, NCC_Loss: -0.087301, Reg: 0.001080
Iter 50 of 344 Loss: -0.087671, NCC_Loss: -0.088782, Reg: 0.001111
Iter 60 of 344 Loss: -0.089528, NCC_Loss: -0.090607, Reg: 0.001079
Iter 70 of 344 Loss: -0.075858, NCC_Loss: -0.076995, Reg: 0.001137
Iter 80 of 344 Loss: -0.080449, NCC_Loss: -0.081607, Reg: 0.001158
Iter 90 of 344 Loss: -0.081974, NCC_Loss: -0.083071, Reg: 0.001097
Iter 100 of 344 Loss: -0.077612, NCC_Loss: -0.078740, Reg: 0.001129
Iter 110 of 344 Loss: -0.081120, NCC_Loss: -0.082252, Reg: 0.001133
Iter 120 of 344 Loss: -0.080647, NCC_Loss: -0.081779, Reg: 0.001132
Iter 130 of 344 Loss: -0.080810, NCC_Loss: -0.081871, Reg: 0.001061
Iter 140 of 344 Loss: -0.080704, NCC_Loss: -0.081789, Reg: 0.001084
Iter 150 of 344 Loss: -0.079063, NCC_Loss: -0.080155, Reg: 0.001092
Iter 160 of 344 Loss: -0.076838, NCC_Loss: -0.077888, Reg: 0.001051
Iter 170 of 344 Loss: -0.080195, NCC_Loss: -0.081297, Reg: 0.001102
Iter 180 of 344 Loss: -0.081766, NCC_Loss: -0.082875, Reg: 0.001109
Iter 190 of 344 Loss: -0.078170, NCC_Loss: -0.079345, Reg: 0.001175
Iter 200 of 344 Loss: -0.077754, NCC_Loss: -0.078929, Reg: 0.001175
Iter 210 of 344 Loss: -0.080430, NCC_Loss: -0.081583, Reg: 0.001153
Iter 220 of 344 Loss: -0.085490, NCC_Loss: -0.086629, Reg: 0.001139
Iter 230 of 344 Loss: -0.081086, NCC_Loss: -0.082270, Reg: 0.001184
Iter 240 of 344 Loss: -0.088999, NCC_Loss: -0.090143, Reg: 0.001145
Iter 250 of 344 Loss: -0.084565, NCC_Loss: -0.085632, Reg: 0.001067
Iter 260 of 344 Loss: -0.083353, NCC_Loss: -0.084490, Reg: 0.001138
Iter 270 of 344 Loss: -0.088895, NCC_Loss: -0.090049, Reg: 0.001154
Iter 280 of 344 Loss: -0.080576, NCC_Loss: -0.081764, Reg: 0.001189
Iter 290 of 344 Loss: -0.085692, NCC_Loss: -0.086860, Reg: 0.001168
Iter 300 of 344 Loss: -0.077773, NCC_Loss: -0.079000, Reg: 0.001227
Iter 310 of 344 Loss: -0.084849, NCC_Loss: -0.085904, Reg: 0.001055
Iter 320 of 344 Loss: -0.079578, NCC_Loss: -0.080778, Reg: 0.001200
Iter 330 of 344 Loss: -0.082834, NCC_Loss: -0.083885, Reg: 0.001051
Iter 340 of 344 Loss: -0.082905, NCC_Loss: -0.084080, Reg: 0.001175
Epoch 107 Loss: -0.081877
Epoch 107 Validation: Mean EPE: 7.2605, Mean SSIM: 0.1881, Mean ZNCC: -0.0354
Epoch 108 starts
Iter 10 of 344 Loss: -0.086427, NCC_Loss: -0.087555, Reg: 0.001128
Iter 20 of 344 Loss: -0.084985, NCC_Loss: -0.086143, Reg: 0.001158
Iter 30 of 344 Loss: -0.079688, NCC_Loss: -0.080910, Reg: 0.001222
Iter 40 of 344 Loss: -0.084459, NCC_Loss: -0.085563, Reg: 0.001104
Iter 50 of 344 Loss: -0.086982, NCC_Loss: -0.088169, Reg: 0.001187
Iter 60 of 344 Loss: -0.083089, NCC_Loss: -0.084230, Reg: 0.001141
Iter 70 of 344 Loss: -0.081894, NCC_Loss: -0.083055, Reg: 0.001161
Iter 80 of 344 Loss: -0.086375, NCC_Loss: -0.087573, Reg: 0.001198
Iter 90 of 344 Loss: -0.079638, NCC_Loss: -0.080817, Reg: 0.001179
Iter 100 of 344 Loss: -0.091040, NCC_Loss: -0.092225, Reg: 0.001185
Iter 110 of 344 Loss: -0.084311, NCC_Loss: -0.085452, Reg: 0.001141
Iter 120 of 344 Loss: -0.080377, NCC_Loss: -0.081557, Reg: 0.001180
Iter 130 of 344 Loss: -0.086672, NCC_Loss: -0.087857, Reg: 0.001184
Iter 140 of 344 Loss: -0.078781, NCC_Loss: -0.079965, Reg: 0.001185
Iter 150 of 344 Loss: -0.079019, NCC_Loss: -0.080238, Reg: 0.001219
Iter 160 of 344 Loss: -0.079919, NCC_Loss: -0.081093, Reg: 0.001175
Iter 170 of 344 Loss: -0.080892, NCC_Loss: -0.082069, Reg: 0.001177
Iter 180 of 344 Loss: -0.081462, NCC_Loss: -0.082655, Reg: 0.001194
Iter 190 of 344 Loss: -0.087743, NCC_Loss: -0.088914, Reg: 0.001171
Iter 200 of 344 Loss: -0.082090, NCC_Loss: -0.083236, Reg: 0.001146
Iter 210 of 344 Loss: -0.091684, NCC_Loss: -0.092826, Reg: 0.001142
Iter 220 of 344 Loss: -0.086036, NCC_Loss: -0.087260, Reg: 0.001224
Iter 230 of 344 Loss: -0.076418, NCC_Loss: -0.077513, Reg: 0.001095
Iter 240 of 344 Loss: -0.080006, NCC_Loss: -0.081163, Reg: 0.001157
Iter 250 of 344 Loss: -0.079677, NCC_Loss: -0.080870, Reg: 0.001193
Iter 260 of 344 Loss: -0.086790, NCC_Loss: -0.087937, Reg: 0.001147
Iter 270 of 344 Loss: -0.081459, NCC_Loss: -0.082649, Reg: 0.001190
Iter 280 of 344 Loss: -0.078235, NCC_Loss: -0.079371, Reg: 0.001136
Iter 290 of 344 Loss: -0.075680, NCC_Loss: -0.076883, Reg: 0.001203
Iter 300 of 344 Loss: -0.088914, NCC_Loss: -0.090087, Reg: 0.001173
Iter 310 of 344 Loss: -0.082550, NCC_Loss: -0.083682, Reg: 0.001133
Iter 320 of 344 Loss: -0.086851, NCC_Loss: -0.087975, Reg: 0.001124
Iter 330 of 344 Loss: -0.085848, NCC_Loss: -0.087029, Reg: 0.001182
Iter 340 of 344 Loss: -0.081584, NCC_Loss: -0.082857, Reg: 0.001274
Epoch 108 Loss: -0.082101
Epoch 108 Validation: Mean EPE: 7.2602, Mean SSIM: 0.1883, Mean ZNCC: -0.0353
Epoch 109 starts
Iter 10 of 344 Loss: -0.074071, NCC_Loss: -0.075292, Reg: 0.001221
Iter 20 of 344 Loss: -0.087629, NCC_Loss: -0.088803, Reg: 0.001173
Iter 30 of 344 Loss: -0.083565, NCC_Loss: -0.084785, Reg: 0.001219
Iter 40 of 344 Loss: -0.082117, NCC_Loss: -0.083289, Reg: 0.001172
Iter 50 of 344 Loss: -0.078829, NCC_Loss: -0.080003, Reg: 0.001175
Iter 60 of 344 Loss: -0.086070, NCC_Loss: -0.087369, Reg: 0.001298
Iter 70 of 344 Loss: -0.082440, NCC_Loss: -0.083693, Reg: 0.001253
Iter 80 of 344 Loss: -0.076623, NCC_Loss: -0.077891, Reg: 0.001267
Iter 90 of 344 Loss: -0.075377, NCC_Loss: -0.076550, Reg: 0.001172
Iter 100 of 344 Loss: -0.084858, NCC_Loss: -0.086122, Reg: 0.001264
Iter 110 of 344 Loss: -0.084533, NCC_Loss: -0.085795, Reg: 0.001262
Iter 120 of 344 Loss: -0.074061, NCC_Loss: -0.075325, Reg: 0.001264
Iter 130 of 344 Loss: -0.083425, NCC_Loss: -0.084678, Reg: 0.001253
Iter 140 of 344 Loss: -0.083218, NCC_Loss: -0.084465, Reg: 0.001247
Iter 150 of 344 Loss: -0.089960, NCC_Loss: -0.091193, Reg: 0.001233
Iter 160 of 344 Loss: -0.079901, NCC_Loss: -0.081129, Reg: 0.001228
Iter 170 of 344 Loss: -0.085183, NCC_Loss: -0.086340, Reg: 0.001157
Iter 180 of 344 Loss: -0.083773, NCC_Loss: -0.084981, Reg: 0.001208
Iter 190 of 344 Loss: -0.086977, NCC_Loss: -0.088144, Reg: 0.001167
Iter 200 of 344 Loss: -0.087028, NCC_Loss: -0.088218, Reg: 0.001190
Iter 210 of 344 Loss: -0.080750, NCC_Loss: -0.081914, Reg: 0.001165
Iter 220 of 344 Loss: -0.081008, NCC_Loss: -0.082317, Reg: 0.001309
Iter 230 of 344 Loss: -0.090771, NCC_Loss: -0.091918, Reg: 0.001147
Iter 240 of 344 Loss: -0.077524, NCC_Loss: -0.078721, Reg: 0.001197
Iter 250 of 344 Loss: -0.085507, NCC_Loss: -0.086751, Reg: 0.001244
Iter 260 of 344 Loss: -0.082446, NCC_Loss: -0.083788, Reg: 0.001342
Iter 270 of 344 Loss: -0.076005, NCC_Loss: -0.077282, Reg: 0.001277
Iter 280 of 344 Loss: -0.091526, NCC_Loss: -0.092703, Reg: 0.001177
Iter 290 of 344 Loss: -0.081896, NCC_Loss: -0.083088, Reg: 0.001191
Iter 300 of 344 Loss: -0.080476, NCC_Loss: -0.081784, Reg: 0.001309
Iter 310 of 344 Loss: -0.084508, NCC_Loss: -0.085775, Reg: 0.001267
Iter 320 of 344 Loss: -0.080090, NCC_Loss: -0.081333, Reg: 0.001243
Iter 330 of 344 Loss: -0.081864, NCC_Loss: -0.083069, Reg: 0.001205
Iter 340 of 344 Loss: -0.081034, NCC_Loss: -0.082280, Reg: 0.001246
Epoch 109 Loss: -0.082274
Epoch 109 Validation: Mean EPE: 7.2601, Mean SSIM: 0.1884, Mean ZNCC: -0.0353
Epoch 110 starts
Iter 10 of 344 Loss: -0.083197, NCC_Loss: -0.084425, Reg: 0.001228
Iter 20 of 344 Loss: -0.080326, NCC_Loss: -0.081675, Reg: 0.001349
Iter 30 of 344 Loss: -0.090047, NCC_Loss: -0.091310, Reg: 0.001263
Iter 40 of 344 Loss: -0.083471, NCC_Loss: -0.084690, Reg: 0.001218
Iter 50 of 344 Loss: -0.082678, NCC_Loss: -0.083972, Reg: 0.001293
Iter 60 of 344 Loss: -0.086599, NCC_Loss: -0.087870, Reg: 0.001271
Iter 70 of 344 Loss: -0.069865, NCC_Loss: -0.071178, Reg: 0.001314
Iter 80 of 344 Loss: -0.074903, NCC_Loss: -0.076030, Reg: 0.001127
Iter 90 of 344 Loss: -0.080548, NCC_Loss: -0.081738, Reg: 0.001190
Iter 100 of 344 Loss: -0.080124, NCC_Loss: -0.081315, Reg: 0.001191
Iter 110 of 344 Loss: -0.079051, NCC_Loss: -0.080384, Reg: 0.001332
Iter 120 of 344 Loss: -0.077303, NCC_Loss: -0.078484, Reg: 0.001181
Iter 130 of 344 Loss: -0.083357, NCC_Loss: -0.084669, Reg: 0.001312
Iter 140 of 344 Loss: -0.082162, NCC_Loss: -0.083323, Reg: 0.001161
Iter 150 of 344 Loss: -0.075519, NCC_Loss: -0.076802, Reg: 0.001284
Iter 160 of 344 Loss: -0.091703, NCC_Loss: -0.092985, Reg: 0.001282
Iter 170 of 344 Loss: -0.086586, NCC_Loss: -0.087887, Reg: 0.001301
Iter 180 of 344 Loss: -0.075848, NCC_Loss: -0.077027, Reg: 0.001179
Iter 190 of 344 Loss: -0.077770, NCC_Loss: -0.079041, Reg: 0.001271
Iter 200 of 344 Loss: -0.079512, NCC_Loss: -0.080722, Reg: 0.001210
Iter 210 of 344 Loss: -0.085487, NCC_Loss: -0.086737, Reg: 0.001251
Iter 220 of 344 Loss: -0.076336, NCC_Loss: -0.077694, Reg: 0.001358
Iter 230 of 344 Loss: -0.090184, NCC_Loss: -0.091453, Reg: 0.001269
Iter 240 of 344 Loss: -0.083035, NCC_Loss: -0.084355, Reg: 0.001320
Iter 250 of 344 Loss: -0.083458, NCC_Loss: -0.084677, Reg: 0.001219
Iter 260 of 344 Loss: -0.082372, NCC_Loss: -0.083622, Reg: 0.001250
Iter 270 of 344 Loss: -0.082025, NCC_Loss: -0.083276, Reg: 0.001251
Iter 280 of 344 Loss: -0.076930, NCC_Loss: -0.078248, Reg: 0.001318
Iter 290 of 344 Loss: -0.084660, NCC_Loss: -0.085895, Reg: 0.001235
Iter 300 of 344 Loss: -0.075843, NCC_Loss: -0.077235, Reg: 0.001392
Iter 310 of 344 Loss: -0.085255, NCC_Loss: -0.086527, Reg: 0.001271
Iter 320 of 344 Loss: -0.078931, NCC_Loss: -0.080235, Reg: 0.001304
Iter 330 of 344 Loss: -0.081774, NCC_Loss: -0.083105, Reg: 0.001331
Iter 340 of 344 Loss: -0.075961, NCC_Loss: -0.077251, Reg: 0.001290
Epoch 110 Loss: -0.082417
Epoch 110 Validation: Mean EPE: 7.2599, Mean SSIM: 0.1886, Mean ZNCC: -0.0352
Epoch 111 starts
Iter 10 of 344 Loss: -0.083918, NCC_Loss: -0.085237, Reg: 0.001319
Iter 20 of 344 Loss: -0.082812, NCC_Loss: -0.084127, Reg: 0.001315
Iter 30 of 344 Loss: -0.077962, NCC_Loss: -0.079250, Reg: 0.001288
Iter 40 of 344 Loss: -0.087627, NCC_Loss: -0.088948, Reg: 0.001321
Iter 50 of 344 Loss: -0.086340, NCC_Loss: -0.087572, Reg: 0.001233
Iter 60 of 344 Loss: -0.086071, NCC_Loss: -0.087313, Reg: 0.001241
Iter 70 of 344 Loss: -0.081640, NCC_Loss: -0.083011, Reg: 0.001371
Iter 80 of 344 Loss: -0.082403, NCC_Loss: -0.083738, Reg: 0.001335
Iter 90 of 344 Loss: -0.078347, NCC_Loss: -0.079613, Reg: 0.001266
Iter 100 of 344 Loss: -0.074087, NCC_Loss: -0.075370, Reg: 0.001283
Iter 110 of 344 Loss: -0.083757, NCC_Loss: -0.084970, Reg: 0.001213
Iter 120 of 344 Loss: -0.087854, NCC_Loss: -0.089117, Reg: 0.001263
Iter 130 of 344 Loss: -0.087315, NCC_Loss: -0.088661, Reg: 0.001346
Iter 140 of 344 Loss: -0.079358, NCC_Loss: -0.080638, Reg: 0.001280
Iter 150 of 344 Loss: -0.088749, NCC_Loss: -0.090069, Reg: 0.001321
Iter 160 of 344 Loss: -0.079691, NCC_Loss: -0.081006, Reg: 0.001315
Iter 170 of 344 Loss: -0.084486, NCC_Loss: -0.085809, Reg: 0.001323
Iter 180 of 344 Loss: -0.088713, NCC_Loss: -0.089960, Reg: 0.001246
Iter 190 of 344 Loss: -0.086089, NCC_Loss: -0.087453, Reg: 0.001364
Iter 200 of 344 Loss: -0.082037, NCC_Loss: -0.083206, Reg: 0.001169
Iter 210 of 344 Loss: -0.077423, NCC_Loss: -0.078708, Reg: 0.001285
Iter 220 of 344 Loss: -0.084751, NCC_Loss: -0.086035, Reg: 0.001284
Iter 230 of 344 Loss: -0.079713, NCC_Loss: -0.080966, Reg: 0.001253
Iter 240 of 344 Loss: -0.080546, NCC_Loss: -0.081938, Reg: 0.001392
Iter 250 of 344 Loss: -0.092370, NCC_Loss: -0.093722, Reg: 0.001352
Iter 260 of 344 Loss: -0.085855, NCC_Loss: -0.087265, Reg: 0.001410
Iter 270 of 344 Loss: -0.075928, NCC_Loss: -0.077156, Reg: 0.001227
Iter 280 of 344 Loss: -0.075339, NCC_Loss: -0.076714, Reg: 0.001375
Iter 290 of 344 Loss: -0.083277, NCC_Loss: -0.084615, Reg: 0.001338
Iter 300 of 344 Loss: -0.084877, NCC_Loss: -0.086220, Reg: 0.001343
Iter 310 of 344 Loss: -0.078862, NCC_Loss: -0.080191, Reg: 0.001329
Iter 320 of 344 Loss: -0.074259, NCC_Loss: -0.075580, Reg: 0.001321
Iter 330 of 344 Loss: -0.080895, NCC_Loss: -0.082346, Reg: 0.001452
Iter 340 of 344 Loss: -0.082929, NCC_Loss: -0.084234, Reg: 0.001305
Epoch 111 Loss: -0.082542
Epoch 111 Validation: Mean EPE: 7.2596, Mean SSIM: 0.1887, Mean ZNCC: -0.0352
Epoch 112 starts
Iter 10 of 344 Loss: -0.082242, NCC_Loss: -0.083582, Reg: 0.001340
Iter 20 of 344 Loss: -0.080065, NCC_Loss: -0.081390, Reg: 0.001325
Iter 30 of 344 Loss: -0.081176, NCC_Loss: -0.082539, Reg: 0.001363
Iter 40 of 344 Loss: -0.084375, NCC_Loss: -0.085846, Reg: 0.001470
Iter 50 of 344 Loss: -0.087851, NCC_Loss: -0.089199, Reg: 0.001347
Iter 60 of 344 Loss: -0.075407, NCC_Loss: -0.076838, Reg: 0.001432
Iter 70 of 344 Loss: -0.083498, NCC_Loss: -0.084785, Reg: 0.001287
Iter 80 of 344 Loss: -0.083276, NCC_Loss: -0.084709, Reg: 0.001434
Iter 90 of 344 Loss: -0.080917, NCC_Loss: -0.082284, Reg: 0.001367
Iter 100 of 344 Loss: -0.076716, NCC_Loss: -0.078009, Reg: 0.001292
Iter 110 of 344 Loss: -0.083324, NCC_Loss: -0.084715, Reg: 0.001392
Iter 120 of 344 Loss: -0.079180, NCC_Loss: -0.080477, Reg: 0.001296
Iter 130 of 344 Loss: -0.087368, NCC_Loss: -0.088715, Reg: 0.001347
Iter 140 of 344 Loss: -0.085113, NCC_Loss: -0.086531, Reg: 0.001418
Iter 150 of 344 Loss: -0.084172, NCC_Loss: -0.085454, Reg: 0.001282
Iter 160 of 344 Loss: -0.078970, NCC_Loss: -0.080258, Reg: 0.001288
Iter 170 of 344 Loss: -0.079510, NCC_Loss: -0.080905, Reg: 0.001394
Iter 180 of 344 Loss: -0.081392, NCC_Loss: -0.082782, Reg: 0.001390
Iter 190 of 344 Loss: -0.087978, NCC_Loss: -0.089313, Reg: 0.001335
Iter 200 of 344 Loss: -0.073843, NCC_Loss: -0.075174, Reg: 0.001331
Iter 210 of 344 Loss: -0.083616, NCC_Loss: -0.084891, Reg: 0.001275
Iter 220 of 344 Loss: -0.083936, NCC_Loss: -0.085312, Reg: 0.001376
Iter 230 of 344 Loss: -0.080038, NCC_Loss: -0.081378, Reg: 0.001339
Iter 240 of 344 Loss: -0.080428, NCC_Loss: -0.081798, Reg: 0.001370
Iter 250 of 344 Loss: -0.081936, NCC_Loss: -0.083141, Reg: 0.001205
Iter 260 of 344 Loss: -0.080704, NCC_Loss: -0.081993, Reg: 0.001289
Iter 270 of 344 Loss: -0.086115, NCC_Loss: -0.087298, Reg: 0.001183
Iter 280 of 344 Loss: -0.087403, NCC_Loss: -0.088714, Reg: 0.001312
Iter 290 of 344 Loss: -0.081526, NCC_Loss: -0.083000, Reg: 0.001474
Iter 300 of 344 Loss: -0.085403, NCC_Loss: -0.086937, Reg: 0.001534
Iter 310 of 344 Loss: -0.082209, NCC_Loss: -0.083712, Reg: 0.001503
Iter 320 of 344 Loss: -0.076406, NCC_Loss: -0.077760, Reg: 0.001354
Iter 330 of 344 Loss: -0.079166, NCC_Loss: -0.080595, Reg: 0.001429
Iter 340 of 344 Loss: -0.079978, NCC_Loss: -0.081492, Reg: 0.001514
Epoch 112 Loss: -0.082617
Epoch 112 Validation: Mean EPE: 7.2603, Mean SSIM: 0.1888, Mean ZNCC: -0.0350
Epoch 113 starts
Iter 10 of 344 Loss: -0.086302, NCC_Loss: -0.087788, Reg: 0.001487
Iter 20 of 344 Loss: -0.081210, NCC_Loss: -0.082667, Reg: 0.001457
Iter 30 of 344 Loss: -0.087474, NCC_Loss: -0.088878, Reg: 0.001403
Iter 40 of 344 Loss: -0.080353, NCC_Loss: -0.081782, Reg: 0.001429
Iter 50 of 344 Loss: -0.088802, NCC_Loss: -0.090265, Reg: 0.001463
Iter 60 of 344 Loss: -0.083342, NCC_Loss: -0.084849, Reg: 0.001506
Iter 70 of 344 Loss: -0.088676, NCC_Loss: -0.090188, Reg: 0.001512
Iter 80 of 344 Loss: -0.078417, NCC_Loss: -0.079867, Reg: 0.001450
Iter 90 of 344 Loss: -0.078712, NCC_Loss: -0.080516, Reg: 0.001804
Iter 100 of 344 Loss: -0.087723, NCC_Loss: -0.089976, Reg: 0.002253
Iter 110 of 344 Loss: -0.084718, NCC_Loss: -0.086927, Reg: 0.002209
Iter 120 of 344 Loss: -0.084847, NCC_Loss: -0.086935, Reg: 0.002088
Iter 130 of 344 Loss: -0.080549, NCC_Loss: -0.082796, Reg: 0.002248
Iter 140 of 344 Loss: -0.075343, NCC_Loss: -0.077624, Reg: 0.002280
Iter 150 of 344 Loss: -0.079781, NCC_Loss: -0.082051, Reg: 0.002270
Iter 160 of 344 Loss: -0.083028, NCC_Loss: -0.085153, Reg: 0.002124
Iter 170 of 344 Loss: -0.082269, NCC_Loss: -0.084427, Reg: 0.002158
Iter 180 of 344 Loss: -0.076285, NCC_Loss: -0.078429, Reg: 0.002144
Iter 190 of 344 Loss: -0.074146, NCC_Loss: -0.076369, Reg: 0.002223
Iter 200 of 344 Loss: -0.084995, NCC_Loss: -0.087149, Reg: 0.002154
Iter 210 of 344 Loss: -0.085831, NCC_Loss: -0.088025, Reg: 0.002195
Iter 220 of 344 Loss: -0.078638, NCC_Loss: -0.080968, Reg: 0.002330
Iter 230 of 344 Loss: -0.085852, NCC_Loss: -0.088054, Reg: 0.002202
Iter 240 of 344 Loss: -0.074985, NCC_Loss: -0.077227, Reg: 0.002242
Iter 250 of 344 Loss: -0.087382, NCC_Loss: -0.089680, Reg: 0.002299
Iter 260 of 344 Loss: -0.075152, NCC_Loss: -0.077315, Reg: 0.002163
Iter 270 of 344 Loss: -0.083961, NCC_Loss: -0.086150, Reg: 0.002189
Iter 280 of 344 Loss: -0.081174, NCC_Loss: -0.083243, Reg: 0.002069
Iter 290 of 344 Loss: -0.077497, NCC_Loss: -0.079528, Reg: 0.002031
Iter 300 of 344 Loss: -0.086327, NCC_Loss: -0.088519, Reg: 0.002192
Iter 310 of 344 Loss: -0.081976, NCC_Loss: -0.084029, Reg: 0.002053
Iter 320 of 344 Loss: -0.080049, NCC_Loss: -0.082155, Reg: 0.002107
Iter 330 of 344 Loss: -0.078136, NCC_Loss: -0.080290, Reg: 0.002155
Iter 340 of 344 Loss: -0.074751, NCC_Loss: -0.076740, Reg: 0.001989
Epoch 113 Loss: -0.080750
Epoch 113 Validation: Mean EPE: 7.2640, Mean SSIM: 0.1873, Mean ZNCC: -0.0336
Epoch 114 starts
Iter 10 of 344 Loss: -0.081958, NCC_Loss: -0.083949, Reg: 0.001991
Iter 20 of 344 Loss: -0.075433, NCC_Loss: -0.077433, Reg: 0.002000
Iter 30 of 344 Loss: -0.083373, NCC_Loss: -0.085455, Reg: 0.002082
Iter 40 of 344 Loss: -0.079245, NCC_Loss: -0.081233, Reg: 0.001988
Iter 50 of 344 Loss: -0.075420, NCC_Loss: -0.077372, Reg: 0.001952
Iter 60 of 344 Loss: -0.085821, NCC_Loss: -0.087871, Reg: 0.002051
Iter 70 of 344 Loss: -0.073545, NCC_Loss: -0.075599, Reg: 0.002054
Iter 80 of 344 Loss: -0.075966, NCC_Loss: -0.077952, Reg: 0.001986
Iter 90 of 344 Loss: -0.090703, NCC_Loss: -0.092731, Reg: 0.002028
Iter 100 of 344 Loss: -0.089532, NCC_Loss: -0.091512, Reg: 0.001981
Iter 110 of 344 Loss: -0.083806, NCC_Loss: -0.085757, Reg: 0.001952
Iter 120 of 344 Loss: -0.080218, NCC_Loss: -0.082212, Reg: 0.001994
Iter 130 of 344 Loss: -0.078421, NCC_Loss: -0.080327, Reg: 0.001906
Iter 140 of 344 Loss: -0.089657, NCC_Loss: -0.091598, Reg: 0.001941
Iter 150 of 344 Loss: -0.083370, NCC_Loss: -0.085292, Reg: 0.001923
Iter 160 of 344 Loss: -0.084360, NCC_Loss: -0.086233, Reg: 0.001873
Iter 170 of 344 Loss: -0.082221, NCC_Loss: -0.084151, Reg: 0.001930
Iter 180 of 344 Loss: -0.083296, NCC_Loss: -0.085247, Reg: 0.001951
Iter 190 of 344 Loss: -0.077247, NCC_Loss: -0.079242, Reg: 0.001996
Iter 200 of 344 Loss: -0.084962, NCC_Loss: -0.086796, Reg: 0.001835
Iter 210 of 344 Loss: -0.081780, NCC_Loss: -0.083634, Reg: 0.001854
Iter 220 of 344 Loss: -0.077259, NCC_Loss: -0.079125, Reg: 0.001865
Iter 230 of 344 Loss: -0.088973, NCC_Loss: -0.090918, Reg: 0.001945
Iter 240 of 344 Loss: -0.084472, NCC_Loss: -0.086473, Reg: 0.002001
Iter 250 of 344 Loss: -0.080136, NCC_Loss: -0.082040, Reg: 0.001904
Iter 260 of 344 Loss: -0.076836, NCC_Loss: -0.078770, Reg: 0.001934
Iter 270 of 344 Loss: -0.081060, NCC_Loss: -0.082855, Reg: 0.001795
Iter 280 of 344 Loss: -0.083436, NCC_Loss: -0.085343, Reg: 0.001907
Iter 290 of 344 Loss: -0.079375, NCC_Loss: -0.081257, Reg: 0.001882
Iter 300 of 344 Loss: -0.081743, NCC_Loss: -0.083587, Reg: 0.001844
Iter 310 of 344 Loss: -0.079320, NCC_Loss: -0.081179, Reg: 0.001859
Iter 320 of 344 Loss: -0.094446, NCC_Loss: -0.096336, Reg: 0.001890
Iter 330 of 344 Loss: -0.080406, NCC_Loss: -0.082291, Reg: 0.001885
Iter 340 of 344 Loss: -0.081387, NCC_Loss: -0.083252, Reg: 0.001865
Epoch 114 Loss: -0.080704
Epoch 114 Validation: Mean EPE: 7.2636, Mean SSIM: 0.1876, Mean ZNCC: -0.0335
Epoch 115 starts
Iter 10 of 344 Loss: -0.080627, NCC_Loss: -0.082423, Reg: 0.001796
Iter 20 of 344 Loss: -0.084476, NCC_Loss: -0.086280, Reg: 0.001804
Iter 30 of 344 Loss: -0.077161, NCC_Loss: -0.079004, Reg: 0.001843
Iter 40 of 344 Loss: -0.082880, NCC_Loss: -0.084785, Reg: 0.001905
Iter 50 of 344 Loss: -0.086085, NCC_Loss: -0.087947, Reg: 0.001862
Iter 60 of 344 Loss: -0.084949, NCC_Loss: -0.086751, Reg: 0.001803
Iter 70 of 344 Loss: -0.076329, NCC_Loss: -0.078203, Reg: 0.001875
Iter 80 of 344 Loss: -0.079999, NCC_Loss: -0.081820, Reg: 0.001820
Iter 90 of 344 Loss: -0.080789, NCC_Loss: -0.082566, Reg: 0.001777
Iter 100 of 344 Loss: -0.082542, NCC_Loss: -0.084314, Reg: 0.001772
Iter 110 of 344 Loss: -0.080787, NCC_Loss: -0.082509, Reg: 0.001722
Iter 120 of 344 Loss: -0.082641, NCC_Loss: -0.084340, Reg: 0.001699
Iter 130 of 344 Loss: -0.079256, NCC_Loss: -0.081015, Reg: 0.001759
Iter 140 of 344 Loss: -0.080991, NCC_Loss: -0.082730, Reg: 0.001739
Iter 150 of 344 Loss: -0.076764, NCC_Loss: -0.078432, Reg: 0.001668
Iter 160 of 344 Loss: -0.075216, NCC_Loss: -0.076934, Reg: 0.001718
Iter 170 of 344 Loss: -0.075952, NCC_Loss: -0.077711, Reg: 0.001759
Iter 180 of 344 Loss: -0.080126, NCC_Loss: -0.081874, Reg: 0.001748
Iter 190 of 344 Loss: -0.084480, NCC_Loss: -0.086229, Reg: 0.001749
Iter 200 of 344 Loss: -0.088214, NCC_Loss: -0.090061, Reg: 0.001846
Iter 210 of 344 Loss: -0.082044, NCC_Loss: -0.083820, Reg: 0.001776
Iter 220 of 344 Loss: -0.084201, NCC_Loss: -0.086008, Reg: 0.001806
Iter 230 of 344 Loss: -0.081817, NCC_Loss: -0.083481, Reg: 0.001663
Iter 240 of 344 Loss: -0.087547, NCC_Loss: -0.089302, Reg: 0.001755
Iter 250 of 344 Loss: -0.082434, NCC_Loss: -0.084130, Reg: 0.001696
Iter 260 of 344 Loss: -0.080682, NCC_Loss: -0.082412, Reg: 0.001730
Iter 270 of 344 Loss: -0.089419, NCC_Loss: -0.091191, Reg: 0.001772
Iter 280 of 344 Loss: -0.091096, NCC_Loss: -0.092824, Reg: 0.001728
Iter 290 of 344 Loss: -0.075353, NCC_Loss: -0.077441, Reg: 0.002088
Iter 300 of 344 Loss: -0.080869, NCC_Loss: -0.084551, Reg: 0.003683
Iter 310 of 344 Loss: -0.081868, NCC_Loss: -0.085924, Reg: 0.004055
Iter 320 of 344 Loss: -0.076492, NCC_Loss: -0.080916, Reg: 0.004424
Iter 330 of 344 Loss: -0.073014, NCC_Loss: -0.077390, Reg: 0.004376
Iter 340 of 344 Loss: -0.073693, NCC_Loss: -0.078189, Reg: 0.004496
Epoch 115 Loss: -0.080409
Epoch 115 Validation: Mean EPE: 7.2881, Mean SSIM: 0.1816, Mean ZNCC: -0.0429
Epoch 116 starts
Iter 10 of 344 Loss: -0.075550, NCC_Loss: -0.080155, Reg: 0.004605
Iter 20 of 344 Loss: -0.084598, NCC_Loss: -0.089107, Reg: 0.004509
Iter 30 of 344 Loss: -0.076005, NCC_Loss: -0.080408, Reg: 0.004403
Iter 40 of 344 Loss: -0.072687, NCC_Loss: -0.077079, Reg: 0.004393
Iter 50 of 344 Loss: -0.075597, NCC_Loss: -0.080048, Reg: 0.004451
Iter 60 of 344 Loss: -0.081714, NCC_Loss: -0.086133, Reg: 0.004419
Iter 70 of 344 Loss: -0.074448, NCC_Loss: -0.078840, Reg: 0.004392
Iter 80 of 344 Loss: -0.074922, NCC_Loss: -0.079264, Reg: 0.004342
Iter 90 of 344 Loss: -0.073917, NCC_Loss: -0.078371, Reg: 0.004454
Iter 100 of 344 Loss: -0.078943, NCC_Loss: -0.083453, Reg: 0.004510
Iter 110 of 344 Loss: -0.077036, NCC_Loss: -0.081793, Reg: 0.004757
Iter 120 of 344 Loss: -0.073004, NCC_Loss: -0.077469, Reg: 0.004465
Iter 130 of 344 Loss: -0.075942, NCC_Loss: -0.080349, Reg: 0.004407
Iter 140 of 344 Loss: -0.079647, NCC_Loss: -0.084082, Reg: 0.004435
Iter 150 of 344 Loss: -0.079237, NCC_Loss: -0.083326, Reg: 0.004089
Iter 160 of 344 Loss: -0.084108, NCC_Loss: -0.088479, Reg: 0.004370
Iter 170 of 344 Loss: -0.078281, NCC_Loss: -0.082680, Reg: 0.004399
Iter 180 of 344 Loss: -0.087978, NCC_Loss: -0.092354, Reg: 0.004376
Iter 190 of 344 Loss: -0.075964, NCC_Loss: -0.080506, Reg: 0.004542
Iter 200 of 344 Loss: -0.072759, NCC_Loss: -0.077016, Reg: 0.004257
Iter 210 of 344 Loss: -0.072946, NCC_Loss: -0.077197, Reg: 0.004251
Iter 220 of 344 Loss: -0.069211, NCC_Loss: -0.073402, Reg: 0.004191
Iter 230 of 344 Loss: -0.078645, NCC_Loss: -0.083080, Reg: 0.004435
Iter 240 of 344 Loss: -0.071629, NCC_Loss: -0.075941, Reg: 0.004313
Iter 250 of 344 Loss: -0.074654, NCC_Loss: -0.078982, Reg: 0.004328
Iter 260 of 344 Loss: -0.076188, NCC_Loss: -0.080410, Reg: 0.004222
Iter 270 of 344 Loss: -0.077837, NCC_Loss: -0.082187, Reg: 0.004349
Iter 280 of 344 Loss: -0.075104, NCC_Loss: -0.079298, Reg: 0.004194
Iter 290 of 344 Loss: -0.082563, NCC_Loss: -0.087053, Reg: 0.004490
Iter 300 of 344 Loss: -0.070355, NCC_Loss: -0.074295, Reg: 0.003940
Iter 310 of 344 Loss: -0.079085, NCC_Loss: -0.083244, Reg: 0.004159
Iter 320 of 344 Loss: -0.073807, NCC_Loss: -0.078260, Reg: 0.004453
Iter 330 of 344 Loss: -0.076374, NCC_Loss: -0.080617, Reg: 0.004243
Iter 340 of 344 Loss: -0.074350, NCC_Loss: -0.078504, Reg: 0.004153
Epoch 116 Loss: -0.076214
Epoch 116 Validation: Mean EPE: 7.2820, Mean SSIM: 0.1834, Mean ZNCC: -0.0424
Epoch 117 starts
Iter 10 of 344 Loss: -0.075864, NCC_Loss: -0.080096, Reg: 0.004232
Iter 20 of 344 Loss: -0.068606, NCC_Loss: -0.072800, Reg: 0.004194
Iter 30 of 344 Loss: -0.077456, NCC_Loss: -0.081532, Reg: 0.004076
Iter 40 of 344 Loss: -0.074575, NCC_Loss: -0.078695, Reg: 0.004120
Iter 50 of 344 Loss: -0.076497, NCC_Loss: -0.080706, Reg: 0.004209
Iter 60 of 344 Loss: -0.078506, NCC_Loss: -0.082760, Reg: 0.004255
Iter 70 of 344 Loss: -0.071896, NCC_Loss: -0.076194, Reg: 0.004298
Iter 80 of 344 Loss: -0.072038, NCC_Loss: -0.076304, Reg: 0.004265
Iter 90 of 344 Loss: -0.081197, NCC_Loss: -0.085233, Reg: 0.004036
Iter 100 of 344 Loss: -0.077814, NCC_Loss: -0.081851, Reg: 0.004038
Iter 110 of 344 Loss: -0.078843, NCC_Loss: -0.082942, Reg: 0.004099
Iter 120 of 344 Loss: -0.080121, NCC_Loss: -0.084178, Reg: 0.004057
Iter 130 of 344 Loss: -0.072496, NCC_Loss: -0.076717, Reg: 0.004222
Iter 140 of 344 Loss: -0.076539, NCC_Loss: -0.080671, Reg: 0.004132
Iter 150 of 344 Loss: -0.077822, NCC_Loss: -0.082093, Reg: 0.004270
Iter 160 of 344 Loss: -0.081664, NCC_Loss: -0.085642, Reg: 0.003978
Iter 170 of 344 Loss: -0.077886, NCC_Loss: -0.082101, Reg: 0.004215
Iter 180 of 344 Loss: -0.069600, NCC_Loss: -0.073463, Reg: 0.003863
Iter 190 of 344 Loss: -0.080188, NCC_Loss: -0.084298, Reg: 0.004110
Iter 200 of 344 Loss: -0.074380, NCC_Loss: -0.078558, Reg: 0.004178
Iter 210 of 344 Loss: -0.073874, NCC_Loss: -0.078035, Reg: 0.004161
Iter 220 of 344 Loss: -0.077627, NCC_Loss: -0.081533, Reg: 0.003905
Iter 230 of 344 Loss: -0.075004, NCC_Loss: -0.079011, Reg: 0.004007
Iter 240 of 344 Loss: -0.075367, NCC_Loss: -0.079449, Reg: 0.004082
Iter 250 of 344 Loss: -0.081909, NCC_Loss: -0.085881, Reg: 0.003972
Iter 260 of 344 Loss: -0.078589, NCC_Loss: -0.082529, Reg: 0.003940
Iter 270 of 344 Loss: -0.077676, NCC_Loss: -0.081559, Reg: 0.003882
Iter 280 of 344 Loss: -0.075709, NCC_Loss: -0.079698, Reg: 0.003989
Iter 290 of 344 Loss: -0.073219, NCC_Loss: -0.077024, Reg: 0.003805
Iter 300 of 344 Loss: -0.078879, NCC_Loss: -0.083064, Reg: 0.004185
Iter 310 of 344 Loss: -0.073458, NCC_Loss: -0.077232, Reg: 0.003774
Iter 320 of 344 Loss: -0.079631, NCC_Loss: -0.083604, Reg: 0.003973
Iter 330 of 344 Loss: -0.086001, NCC_Loss: -0.089988, Reg: 0.003987
Iter 340 of 344 Loss: -0.083485, NCC_Loss: -0.087391, Reg: 0.003906
Epoch 117 Loss: -0.077241
Epoch 117 Validation: Mean EPE: 7.2774, Mean SSIM: 0.1843, Mean ZNCC: -0.0418
Epoch 118 starts
Iter 10 of 344 Loss: -0.073433, NCC_Loss: -0.077227, Reg: 0.003795
Iter 20 of 344 Loss: -0.080178, NCC_Loss: -0.084194, Reg: 0.004015
Iter 30 of 344 Loss: -0.082152, NCC_Loss: -0.086022, Reg: 0.003871
Iter 40 of 344 Loss: -0.076947, NCC_Loss: -0.080691, Reg: 0.003744
Iter 50 of 344 Loss: -0.076753, NCC_Loss: -0.080316, Reg: 0.003563
Iter 60 of 344 Loss: -0.075559, NCC_Loss: -0.079060, Reg: 0.003502
Iter 70 of 344 Loss: -0.086811, NCC_Loss: -0.090059, Reg: 0.003248
Iter 80 of 344 Loss: -0.083244, NCC_Loss: -0.086628, Reg: 0.003383
Iter 90 of 344 Loss: -0.070237, NCC_Loss: -0.073699, Reg: 0.003461
Iter 100 of 344 Loss: -0.076565, NCC_Loss: -0.079859, Reg: 0.003295
Iter 110 of 344 Loss: -0.075816, NCC_Loss: -0.079135, Reg: 0.003319
Iter 120 of 344 Loss: -0.078911, NCC_Loss: -0.082286, Reg: 0.003375
Iter 130 of 344 Loss: -0.075861, NCC_Loss: -0.079184, Reg: 0.003323
Iter 140 of 344 Loss: -0.079756, NCC_Loss: -0.083164, Reg: 0.003408
Iter 150 of 344 Loss: -0.081274, NCC_Loss: -0.084673, Reg: 0.003399
Iter 160 of 344 Loss: -0.075175, NCC_Loss: -0.078546, Reg: 0.003372
Iter 170 of 344 Loss: -0.080549, NCC_Loss: -0.084081, Reg: 0.003532
Iter 180 of 344 Loss: -0.079853, NCC_Loss: -0.083251, Reg: 0.003398
Iter 190 of 344 Loss: -0.075397, NCC_Loss: -0.078862, Reg: 0.003465
Iter 200 of 344 Loss: -0.079217, NCC_Loss: -0.082599, Reg: 0.003381
Iter 210 of 344 Loss: -0.079116, NCC_Loss: -0.082345, Reg: 0.003228
Iter 220 of 344 Loss: -0.076466, NCC_Loss: -0.079863, Reg: 0.003397
Iter 230 of 344 Loss: -0.075095, NCC_Loss: -0.078500, Reg: 0.003405
Iter 240 of 344 Loss: -0.083482, NCC_Loss: -0.086778, Reg: 0.003295
Iter 250 of 344 Loss: -0.077354, NCC_Loss: -0.080835, Reg: 0.003481
Iter 260 of 344 Loss: -0.074178, NCC_Loss: -0.077419, Reg: 0.003240
Iter 270 of 344 Loss: -0.081755, NCC_Loss: -0.085243, Reg: 0.003488
Iter 280 of 344 Loss: -0.077130, NCC_Loss: -0.080477, Reg: 0.003347
Iter 290 of 344 Loss: -0.075932, NCC_Loss: -0.079400, Reg: 0.003468
Iter 300 of 344 Loss: -0.074417, NCC_Loss: -0.077680, Reg: 0.003263
Iter 310 of 344 Loss: -0.078231, NCC_Loss: -0.081423, Reg: 0.003192
Iter 320 of 344 Loss: -0.078404, NCC_Loss: -0.081650, Reg: 0.003245
Iter 330 of 344 Loss: -0.081266, NCC_Loss: -0.084577, Reg: 0.003311
Iter 340 of 344 Loss: -0.085954, NCC_Loss: -0.089286, Reg: 0.003332
Epoch 118 Loss: -0.078172
Epoch 118 Validation: Mean EPE: 7.2747, Mean SSIM: 0.1848, Mean ZNCC: -0.0380
Epoch 119 starts
Iter 10 of 344 Loss: -0.082323, NCC_Loss: -0.085495, Reg: 0.003173
Iter 20 of 344 Loss: -0.072317, NCC_Loss: -0.075641, Reg: 0.003323
Iter 30 of 344 Loss: -0.084776, NCC_Loss: -0.088128, Reg: 0.003352
Iter 40 of 344 Loss: -0.078017, NCC_Loss: -0.081195, Reg: 0.003178
Iter 50 of 344 Loss: -0.076615, NCC_Loss: -0.079866, Reg: 0.003252
Iter 60 of 344 Loss: -0.076307, NCC_Loss: -0.079763, Reg: 0.003456
Iter 70 of 344 Loss: -0.079360, NCC_Loss: -0.082547, Reg: 0.003186
Iter 80 of 344 Loss: -0.079172, NCC_Loss: -0.082508, Reg: 0.003336
Iter 90 of 344 Loss: -0.072991, NCC_Loss: -0.076027, Reg: 0.003036
Iter 100 of 344 Loss: -0.075285, NCC_Loss: -0.078460, Reg: 0.003175
Iter 110 of 344 Loss: -0.076853, NCC_Loss: -0.080012, Reg: 0.003159
Iter 120 of 344 Loss: -0.072461, NCC_Loss: -0.075704, Reg: 0.003243
Iter 130 of 344 Loss: -0.082339, NCC_Loss: -0.085658, Reg: 0.003320
Iter 140 of 344 Loss: -0.080319, NCC_Loss: -0.083657, Reg: 0.003338
Iter 150 of 344 Loss: -0.084934, NCC_Loss: -0.088299, Reg: 0.003365
Iter 160 of 344 Loss: -0.077622, NCC_Loss: -0.080827, Reg: 0.003205
Iter 170 of 344 Loss: -0.078314, NCC_Loss: -0.081592, Reg: 0.003278
Iter 180 of 344 Loss: -0.078197, NCC_Loss: -0.081510, Reg: 0.003312
Iter 190 of 344 Loss: -0.087389, NCC_Loss: -0.090461, Reg: 0.003072
Iter 200 of 344 Loss: -0.078345, NCC_Loss: -0.081676, Reg: 0.003331
Iter 210 of 344 Loss: -0.073733, NCC_Loss: -0.076974, Reg: 0.003241
Iter 220 of 344 Loss: -0.076746, NCC_Loss: -0.079970, Reg: 0.003224
Iter 230 of 344 Loss: -0.081703, NCC_Loss: -0.085047, Reg: 0.003344
Iter 240 of 344 Loss: -0.086314, NCC_Loss: -0.089623, Reg: 0.003308
Iter 250 of 344 Loss: -0.077271, NCC_Loss: -0.080367, Reg: 0.003096
Iter 260 of 344 Loss: -0.077862, NCC_Loss: -0.081129, Reg: 0.003266
Iter 270 of 344 Loss: -0.080261, NCC_Loss: -0.083548, Reg: 0.003286
Iter 280 of 344 Loss: -0.083172, NCC_Loss: -0.086397, Reg: 0.003224
Iter 290 of 344 Loss: -0.082778, NCC_Loss: -0.085773, Reg: 0.002996
Iter 300 of 344 Loss: -0.074869, NCC_Loss: -0.077994, Reg: 0.003125
Iter 310 of 344 Loss: -0.078797, NCC_Loss: -0.082094, Reg: 0.003297
Iter 320 of 344 Loss: -0.078483, NCC_Loss: -0.081517, Reg: 0.003034
Iter 330 of 344 Loss: -0.078977, NCC_Loss: -0.082198, Reg: 0.003221
Iter 340 of 344 Loss: -0.084833, NCC_Loss: -0.088104, Reg: 0.003271
Epoch 119 Loss: -0.078728
Epoch 119 Validation: Mean EPE: 7.2718, Mean SSIM: 0.1852, Mean ZNCC: -0.0380
Epoch 120 starts
Iter 10 of 344 Loss: -0.077402, NCC_Loss: -0.080670, Reg: 0.003268
Iter 20 of 344 Loss: -0.079022, NCC_Loss: -0.082008, Reg: 0.002985
Iter 30 of 344 Loss: -0.083171, NCC_Loss: -0.086271, Reg: 0.003100
Iter 40 of 344 Loss: -0.077340, NCC_Loss: -0.080449, Reg: 0.003109
Iter 50 of 344 Loss: -0.079285, NCC_Loss: -0.082494, Reg: 0.003209
Iter 60 of 344 Loss: -0.076760, NCC_Loss: -0.079694, Reg: 0.002934
Iter 70 of 344 Loss: -0.081290, NCC_Loss: -0.084335, Reg: 0.003045
Iter 80 of 344 Loss: -0.076497, NCC_Loss: -0.079507, Reg: 0.003010
Iter 90 of 344 Loss: -0.077767, NCC_Loss: -0.080967, Reg: 0.003200
Iter 100 of 344 Loss: -0.079568, NCC_Loss: -0.082723, Reg: 0.003155
Iter 110 of 344 Loss: -0.080328, NCC_Loss: -0.083442, Reg: 0.003114
Iter 120 of 344 Loss: -0.082466, NCC_Loss: -0.085651, Reg: 0.003184
Iter 130 of 344 Loss: -0.077425, NCC_Loss: -0.080540, Reg: 0.003116
Iter 140 of 344 Loss: -0.075617, NCC_Loss: -0.078726, Reg: 0.003110
Iter 150 of 344 Loss: -0.076941, NCC_Loss: -0.079953, Reg: 0.003012
Iter 160 of 344 Loss: -0.072093, NCC_Loss: -0.075129, Reg: 0.003036
Iter 170 of 344 Loss: -0.077239, NCC_Loss: -0.080318, Reg: 0.003080
Iter 180 of 344 Loss: -0.073741, NCC_Loss: -0.076839, Reg: 0.003098
Iter 190 of 344 Loss: -0.078282, NCC_Loss: -0.081456, Reg: 0.003173
Iter 200 of 344 Loss: -0.090344, NCC_Loss: -0.093544, Reg: 0.003200
Iter 210 of 344 Loss: -0.080209, NCC_Loss: -0.083246, Reg: 0.003037
Iter 220 of 344 Loss: -0.082728, NCC_Loss: -0.085838, Reg: 0.003110
Iter 230 of 344 Loss: -0.082516, NCC_Loss: -0.085622, Reg: 0.003106
Iter 240 of 344 Loss: -0.078375, NCC_Loss: -0.081507, Reg: 0.003132
Iter 250 of 344 Loss: -0.084078, NCC_Loss: -0.087074, Reg: 0.002996
Iter 260 of 344 Loss: -0.078480, NCC_Loss: -0.081420, Reg: 0.002940
Iter 270 of 344 Loss: -0.084604, NCC_Loss: -0.087835, Reg: 0.003231
Iter 280 of 344 Loss: -0.080439, NCC_Loss: -0.083365, Reg: 0.002926
Iter 290 of 344 Loss: -0.076034, NCC_Loss: -0.078983, Reg: 0.002949
Iter 300 of 344 Loss: -0.078123, NCC_Loss: -0.081084, Reg: 0.002961
Iter 310 of 344 Loss: -0.084984, NCC_Loss: -0.087945, Reg: 0.002961
Iter 320 of 344 Loss: -0.079141, NCC_Loss: -0.082261, Reg: 0.003120
Iter 330 of 344 Loss: -0.079814, NCC_Loss: -0.082927, Reg: 0.003114
Iter 340 of 344 Loss: -0.075777, NCC_Loss: -0.078791, Reg: 0.003014
Epoch 120 Loss: -0.079086
Epoch 120 Validation: Mean EPE: 7.2695, Mean SSIM: 0.1855, Mean ZNCC: -0.0379
Epoch 121 starts
Iter 10 of 344 Loss: -0.078790, NCC_Loss: -0.081757, Reg: 0.002967
Iter 20 of 344 Loss: -0.078146, NCC_Loss: -0.081250, Reg: 0.003103
Iter 30 of 344 Loss: -0.080648, NCC_Loss: -0.083581, Reg: 0.002933
Iter 40 of 344 Loss: -0.078483, NCC_Loss: -0.081665, Reg: 0.003182
Iter 50 of 344 Loss: -0.079746, NCC_Loss: -0.082582, Reg: 0.002836
Iter 60 of 344 Loss: -0.078703, NCC_Loss: -0.081789, Reg: 0.003086
Iter 70 of 344 Loss: -0.082136, NCC_Loss: -0.085137, Reg: 0.003001
Iter 80 of 344 Loss: -0.078272, NCC_Loss: -0.081398, Reg: 0.003126
Iter 90 of 344 Loss: -0.081309, NCC_Loss: -0.084344, Reg: 0.003035
Iter 100 of 344 Loss: -0.072919, NCC_Loss: -0.075838, Reg: 0.002919
Iter 110 of 344 Loss: -0.083054, NCC_Loss: -0.085940, Reg: 0.002885
Iter 120 of 344 Loss: -0.077585, NCC_Loss: -0.080598, Reg: 0.003013
Iter 130 of 344 Loss: -0.083319, NCC_Loss: -0.086353, Reg: 0.003034
Iter 140 of 344 Loss: -0.079687, NCC_Loss: -0.082592, Reg: 0.002905
Iter 150 of 344 Loss: -0.077123, NCC_Loss: -0.080032, Reg: 0.002908
Iter 160 of 344 Loss: -0.079549, NCC_Loss: -0.082447, Reg: 0.002899
Iter 170 of 344 Loss: -0.075423, NCC_Loss: -0.078423, Reg: 0.003001
Iter 180 of 344 Loss: -0.077385, NCC_Loss: -0.080497, Reg: 0.003112
Iter 190 of 344 Loss: -0.084833, NCC_Loss: -0.087749, Reg: 0.002916
Iter 200 of 344 Loss: -0.072136, NCC_Loss: -0.075070, Reg: 0.002935
Iter 210 of 344 Loss: -0.081485, NCC_Loss: -0.084545, Reg: 0.003060
Iter 220 of 344 Loss: -0.076347, NCC_Loss: -0.079375, Reg: 0.003029
Iter 230 of 344 Loss: -0.088104, NCC_Loss: -0.091109, Reg: 0.003005
Iter 240 of 344 Loss: -0.075476, NCC_Loss: -0.078419, Reg: 0.002942
Iter 250 of 344 Loss: -0.075193, NCC_Loss: -0.078153, Reg: 0.002961
Iter 260 of 344 Loss: -0.080708, NCC_Loss: -0.083723, Reg: 0.003015
Iter 270 of 344 Loss: -0.082821, NCC_Loss: -0.085906, Reg: 0.003085
Iter 280 of 344 Loss: -0.078676, NCC_Loss: -0.081689, Reg: 0.003012
Iter 290 of 344 Loss: -0.081513, NCC_Loss: -0.084356, Reg: 0.002842
Iter 300 of 344 Loss: -0.080455, NCC_Loss: -0.083381, Reg: 0.002926
Iter 310 of 344 Loss: -0.078929, NCC_Loss: -0.081943, Reg: 0.003014
Iter 320 of 344 Loss: -0.077425, NCC_Loss: -0.080322, Reg: 0.002896
Iter 330 of 344 Loss: -0.075873, NCC_Loss: -0.078861, Reg: 0.002988
Iter 340 of 344 Loss: -0.083134, NCC_Loss: -0.086053, Reg: 0.002919
Epoch 121 Loss: -0.079218
Epoch 121 Validation: Mean EPE: 7.2672, Mean SSIM: 0.1857, Mean ZNCC: -0.0377
Epoch 122 starts
Iter 10 of 344 Loss: -0.076029, NCC_Loss: -0.079107, Reg: 0.003078
Iter 20 of 344 Loss: -0.073686, NCC_Loss: -0.076538, Reg: 0.002852
Iter 30 of 344 Loss: -0.076704, NCC_Loss: -0.079518, Reg: 0.002814
Iter 40 of 344 Loss: -0.081037, NCC_Loss: -0.084045, Reg: 0.003008
Iter 50 of 344 Loss: -0.084237, NCC_Loss: -0.087146, Reg: 0.002909
Iter 60 of 344 Loss: -0.078356, NCC_Loss: -0.081235, Reg: 0.002879
Iter 70 of 344 Loss: -0.086973, NCC_Loss: -0.089990, Reg: 0.003016
Iter 80 of 344 Loss: -0.082540, NCC_Loss: -0.085544, Reg: 0.003004
Iter 90 of 344 Loss: -0.081937, NCC_Loss: -0.084899, Reg: 0.002963
Iter 100 of 344 Loss: -0.072738, NCC_Loss: -0.075757, Reg: 0.003019
Iter 110 of 344 Loss: -0.079044, NCC_Loss: -0.081938, Reg: 0.002894
Iter 120 of 344 Loss: -0.076485, NCC_Loss: -0.079295, Reg: 0.002809
Iter 130 of 344 Loss: -0.077258, NCC_Loss: -0.080154, Reg: 0.002896
Iter 140 of 344 Loss: -0.092183, NCC_Loss: -0.095212, Reg: 0.003028
Iter 150 of 344 Loss: -0.075397, NCC_Loss: -0.078312, Reg: 0.002915
Iter 160 of 344 Loss: -0.076406, NCC_Loss: -0.079354, Reg: 0.002947
Iter 170 of 344 Loss: -0.082111, NCC_Loss: -0.085047, Reg: 0.002936
Iter 180 of 344 Loss: -0.082571, NCC_Loss: -0.085340, Reg: 0.002769
Iter 190 of 344 Loss: -0.079673, NCC_Loss: -0.082521, Reg: 0.002848
Iter 200 of 344 Loss: -0.079329, NCC_Loss: -0.082171, Reg: 0.002842
Iter 210 of 344 Loss: -0.074336, NCC_Loss: -0.077245, Reg: 0.002908
Iter 220 of 344 Loss: -0.084277, NCC_Loss: -0.087338, Reg: 0.003060
Iter 230 of 344 Loss: -0.078696, NCC_Loss: -0.081618, Reg: 0.002922
Iter 240 of 344 Loss: -0.080276, NCC_Loss: -0.083066, Reg: 0.002789
Iter 250 of 344 Loss: -0.073055, NCC_Loss: -0.075981, Reg: 0.002926
Iter 260 of 344 Loss: -0.077253, NCC_Loss: -0.080051, Reg: 0.002798
Iter 270 of 344 Loss: -0.076666, NCC_Loss: -0.079500, Reg: 0.002835
Iter 280 of 344 Loss: -0.077475, NCC_Loss: -0.080398, Reg: 0.002923
Iter 290 of 344 Loss: -0.084445, NCC_Loss: -0.087244, Reg: 0.002799
Iter 300 of 344 Loss: -0.080623, NCC_Loss: -0.083499, Reg: 0.002875
Iter 310 of 344 Loss: -0.081125, NCC_Loss: -0.083868, Reg: 0.002743
Iter 320 of 344 Loss: -0.078868, NCC_Loss: -0.081752, Reg: 0.002884
Iter 330 of 344 Loss: -0.074385, NCC_Loss: -0.077214, Reg: 0.002829
Iter 340 of 344 Loss: -0.078379, NCC_Loss: -0.081294, Reg: 0.002915
Epoch 122 Loss: -0.079439
Epoch 122 Validation: Mean EPE: 7.2659, Mean SSIM: 0.1859, Mean ZNCC: -0.0376
Epoch 123 starts
Iter 10 of 344 Loss: -0.079667, NCC_Loss: -0.082444, Reg: 0.002776
Iter 20 of 344 Loss: -0.083049, NCC_Loss: -0.085813, Reg: 0.002764
Iter 30 of 344 Loss: -0.083147, NCC_Loss: -0.085962, Reg: 0.002814
Iter 40 of 344 Loss: -0.076437, NCC_Loss: -0.079296, Reg: 0.002858
Iter 50 of 344 Loss: -0.085064, NCC_Loss: -0.087754, Reg: 0.002690
Iter 60 of 344 Loss: -0.080773, NCC_Loss: -0.083514, Reg: 0.002741
Iter 70 of 344 Loss: -0.081015, NCC_Loss: -0.083855, Reg: 0.002840
Iter 80 of 344 Loss: -0.077714, NCC_Loss: -0.080598, Reg: 0.002884
Iter 90 of 344 Loss: -0.079351, NCC_Loss: -0.082166, Reg: 0.002815
Iter 100 of 344 Loss: -0.079363, NCC_Loss: -0.082282, Reg: 0.002919
Iter 110 of 344 Loss: -0.083847, NCC_Loss: -0.086800, Reg: 0.002953
Iter 120 of 344 Loss: -0.082040, NCC_Loss: -0.085017, Reg: 0.002977
Iter 130 of 344 Loss: -0.078873, NCC_Loss: -0.081737, Reg: 0.002864
Iter 140 of 344 Loss: -0.080717, NCC_Loss: -0.083633, Reg: 0.002916
Iter 150 of 344 Loss: -0.083707, NCC_Loss: -0.086407, Reg: 0.002700
Iter 160 of 344 Loss: -0.079102, NCC_Loss: -0.081799, Reg: 0.002697
Iter 170 of 344 Loss: -0.076516, NCC_Loss: -0.079413, Reg: 0.002897
Iter 180 of 344 Loss: -0.084290, NCC_Loss: -0.086922, Reg: 0.002632
Iter 190 of 344 Loss: -0.075863, NCC_Loss: -0.078642, Reg: 0.002779
Iter 200 of 344 Loss: -0.079743, NCC_Loss: -0.082644, Reg: 0.002901
Iter 210 of 344 Loss: -0.082751, NCC_Loss: -0.085515, Reg: 0.002764
Iter 220 of 344 Loss: -0.073460, NCC_Loss: -0.076236, Reg: 0.002776
Iter 230 of 344 Loss: -0.076499, NCC_Loss: -0.079260, Reg: 0.002761
Iter 240 of 344 Loss: -0.086415, NCC_Loss: -0.089319, Reg: 0.002904
Iter 250 of 344 Loss: -0.077785, NCC_Loss: -0.080530, Reg: 0.002746
Iter 260 of 344 Loss: -0.079893, NCC_Loss: -0.082640, Reg: 0.002746
Iter 270 of 344 Loss: -0.077683, NCC_Loss: -0.080524, Reg: 0.002841
Iter 280 of 344 Loss: -0.072412, NCC_Loss: -0.075308, Reg: 0.002896
Iter 290 of 344 Loss: -0.087182, NCC_Loss: -0.090045, Reg: 0.002863
Iter 300 of 344 Loss: -0.072441, NCC_Loss: -0.075282, Reg: 0.002841
Iter 310 of 344 Loss: -0.076734, NCC_Loss: -0.079402, Reg: 0.002668
Iter 320 of 344 Loss: -0.076456, NCC_Loss: -0.079051, Reg: 0.002595
Iter 330 of 344 Loss: -0.084545, NCC_Loss: -0.087201, Reg: 0.002655
Iter 340 of 344 Loss: -0.077931, NCC_Loss: -0.080576, Reg: 0.002645
Epoch 123 Loss: -0.079642
Epoch 123 Validation: Mean EPE: 7.2650, Mean SSIM: 0.1861, Mean ZNCC: -0.0376
Epoch 124 starts
Iter 10 of 344 Loss: -0.086115, NCC_Loss: -0.089097, Reg: 0.002982
Iter 20 of 344 Loss: -0.079952, NCC_Loss: -0.082869, Reg: 0.002917
Iter 30 of 344 Loss: -0.079300, NCC_Loss: -0.081949, Reg: 0.002649
Iter 40 of 344 Loss: -0.076395, NCC_Loss: -0.079053, Reg: 0.002658
Iter 50 of 344 Loss: -0.082724, NCC_Loss: -0.085461, Reg: 0.002737
Iter 60 of 344 Loss: -0.081461, NCC_Loss: -0.084135, Reg: 0.002673
Iter 70 of 344 Loss: -0.077825, NCC_Loss: -0.080502, Reg: 0.002677
Iter 80 of 344 Loss: -0.082622, NCC_Loss: -0.085175, Reg: 0.002553
Iter 90 of 344 Loss: -0.080063, NCC_Loss: -0.082783, Reg: 0.002720
Iter 100 of 344 Loss: -0.073530, NCC_Loss: -0.076054, Reg: 0.002524
Iter 110 of 344 Loss: -0.078327, NCC_Loss: -0.080882, Reg: 0.002555
Iter 120 of 344 Loss: -0.079461, NCC_Loss: -0.082169, Reg: 0.002708
Iter 130 of 344 Loss: -0.069630, NCC_Loss: -0.072258, Reg: 0.002628
Iter 140 of 344 Loss: -0.083182, NCC_Loss: -0.085967, Reg: 0.002785
Iter 150 of 344 Loss: -0.080414, NCC_Loss: -0.082978, Reg: 0.002564
Iter 160 of 344 Loss: -0.083375, NCC_Loss: -0.086139, Reg: 0.002763
Iter 170 of 344 Loss: -0.078255, NCC_Loss: -0.080916, Reg: 0.002661
Iter 180 of 344 Loss: -0.076889, NCC_Loss: -0.079595, Reg: 0.002706
Iter 190 of 344 Loss: -0.085079, NCC_Loss: -0.087862, Reg: 0.002783
Iter 200 of 344 Loss: -0.077316, NCC_Loss: -0.079988, Reg: 0.002672
Iter 210 of 344 Loss: -0.078082, NCC_Loss: -0.080734, Reg: 0.002652
Iter 220 of 344 Loss: -0.083697, NCC_Loss: -0.086396, Reg: 0.002699
Iter 230 of 344 Loss: -0.073853, NCC_Loss: -0.076503, Reg: 0.002650
Iter 240 of 344 Loss: -0.075048, NCC_Loss: -0.077795, Reg: 0.002746
Iter 250 of 344 Loss: -0.079363, NCC_Loss: -0.082214, Reg: 0.002851
Iter 260 of 344 Loss: -0.075189, NCC_Loss: -0.077764, Reg: 0.002575
Iter 270 of 344 Loss: -0.072514, NCC_Loss: -0.075107, Reg: 0.002593
Iter 280 of 344 Loss: -0.081987, NCC_Loss: -0.084714, Reg: 0.002727
Iter 290 of 344 Loss: -0.073143, NCC_Loss: -0.075669, Reg: 0.002525
Iter 300 of 344 Loss: -0.082989, NCC_Loss: -0.085700, Reg: 0.002711
Iter 310 of 344 Loss: -0.078590, NCC_Loss: -0.081117, Reg: 0.002526
Iter 320 of 344 Loss: -0.081222, NCC_Loss: -0.083962, Reg: 0.002740
Iter 330 of 344 Loss: -0.071624, NCC_Loss: -0.074108, Reg: 0.002484
Iter 340 of 344 Loss: -0.081691, NCC_Loss: -0.084214, Reg: 0.002523
Epoch 124 Loss: -0.079855
Epoch 124 Validation: Mean EPE: 7.2644, Mean SSIM: 0.1863, Mean ZNCC: -0.0375
Epoch 125 starts
Iter 10 of 344 Loss: -0.081726, NCC_Loss: -0.084336, Reg: 0.002610
Iter 20 of 344 Loss: -0.086987, NCC_Loss: -0.089780, Reg: 0.002793
Iter 30 of 344 Loss: -0.080233, NCC_Loss: -0.082904, Reg: 0.002672
Iter 40 of 344 Loss: -0.079463, NCC_Loss: -0.082092, Reg: 0.002630
Iter 50 of 344 Loss: -0.081610, NCC_Loss: -0.084362, Reg: 0.002752
Iter 60 of 344 Loss: -0.081467, NCC_Loss: -0.084122, Reg: 0.002656
Iter 70 of 344 Loss: -0.081394, NCC_Loss: -0.084123, Reg: 0.002729
Iter 80 of 344 Loss: -0.081684, NCC_Loss: -0.084351, Reg: 0.002668
Iter 90 of 344 Loss: -0.077633, NCC_Loss: -0.080193, Reg: 0.002560
Iter 100 of 344 Loss: -0.077768, NCC_Loss: -0.080369, Reg: 0.002600
Iter 110 of 344 Loss: -0.074456, NCC_Loss: -0.077008, Reg: 0.002552
Iter 120 of 344 Loss: -0.079862, NCC_Loss: -0.082454, Reg: 0.002592
Iter 130 of 344 Loss: -0.076290, NCC_Loss: -0.078922, Reg: 0.002632
Iter 140 of 344 Loss: -0.074929, NCC_Loss: -0.077487, Reg: 0.002558
Iter 150 of 344 Loss: -0.077873, NCC_Loss: -0.080364, Reg: 0.002491
Iter 160 of 344 Loss: -0.074562, NCC_Loss: -0.077129, Reg: 0.002567
Iter 170 of 344 Loss: -0.081586, NCC_Loss: -0.084219, Reg: 0.002633
Iter 180 of 344 Loss: -0.079073, NCC_Loss: -0.081699, Reg: 0.002626
Iter 190 of 344 Loss: -0.083863, NCC_Loss: -0.086423, Reg: 0.002560
Iter 200 of 344 Loss: -0.080402, NCC_Loss: -0.082916, Reg: 0.002514
Iter 210 of 344 Loss: -0.080776, NCC_Loss: -0.083380, Reg: 0.002603
Iter 220 of 344 Loss: -0.082822, NCC_Loss: -0.085337, Reg: 0.002514
Iter 230 of 344 Loss: -0.077387, NCC_Loss: -0.079880, Reg: 0.002493
Iter 240 of 344 Loss: -0.078434, NCC_Loss: -0.081088, Reg: 0.002655
Iter 250 of 344 Loss: -0.078127, NCC_Loss: -0.080664, Reg: 0.002538
Iter 260 of 344 Loss: -0.083200, NCC_Loss: -0.085808, Reg: 0.002608
Iter 270 of 344 Loss: -0.084072, NCC_Loss: -0.086819, Reg: 0.002747
Iter 280 of 344 Loss: -0.076728, NCC_Loss: -0.079240, Reg: 0.002512
Iter 290 of 344 Loss: -0.080974, NCC_Loss: -0.083450, Reg: 0.002476
Iter 300 of 344 Loss: -0.088216, NCC_Loss: -0.091075, Reg: 0.002859
Iter 310 of 344 Loss: -0.079750, NCC_Loss: -0.082338, Reg: 0.002588
Iter 320 of 344 Loss: -0.079801, NCC_Loss: -0.082485, Reg: 0.002684
Iter 330 of 344 Loss: -0.081096, NCC_Loss: -0.083628, Reg: 0.002533
Iter 340 of 344 Loss: -0.086984, NCC_Loss: -0.089622, Reg: 0.002637
Epoch 125 Loss: -0.080019
Epoch 125 Validation: Mean EPE: 7.2637, Mean SSIM: 0.1865, Mean ZNCC: -0.0374
Epoch 126 starts
Iter 10 of 344 Loss: -0.081839, NCC_Loss: -0.084484, Reg: 0.002645
Iter 20 of 344 Loss: -0.093253, NCC_Loss: -0.095842, Reg: 0.002589
Iter 30 of 344 Loss: -0.079746, NCC_Loss: -0.082277, Reg: 0.002532
Iter 40 of 344 Loss: -0.075573, NCC_Loss: -0.078125, Reg: 0.002552
Iter 50 of 344 Loss: -0.080914, NCC_Loss: -0.083490, Reg: 0.002576
Iter 60 of 344 Loss: -0.077373, NCC_Loss: -0.079956, Reg: 0.002582
Iter 70 of 344 Loss: -0.079194, NCC_Loss: -0.081771, Reg: 0.002577
Iter 80 of 344 Loss: -0.089184, NCC_Loss: -0.091871, Reg: 0.002687
Iter 90 of 344 Loss: -0.079882, NCC_Loss: -0.082527, Reg: 0.002645
Iter 100 of 344 Loss: -0.089545, NCC_Loss: -0.092321, Reg: 0.002776
Iter 110 of 344 Loss: -0.079644, NCC_Loss: -0.082360, Reg: 0.002716
Iter 120 of 344 Loss: -0.083443, NCC_Loss: -0.086107, Reg: 0.002664
Iter 130 of 344 Loss: -0.081557, NCC_Loss: -0.083999, Reg: 0.002442
Iter 140 of 344 Loss: -0.079960, NCC_Loss: -0.082580, Reg: 0.002620
Iter 150 of 344 Loss: -0.081096, NCC_Loss: -0.083738, Reg: 0.002642
Iter 160 of 344 Loss: -0.081030, NCC_Loss: -0.083746, Reg: 0.002717
Iter 170 of 344 Loss: -0.077766, NCC_Loss: -0.080374, Reg: 0.002608
Iter 180 of 344 Loss: -0.070725, NCC_Loss: -0.073240, Reg: 0.002515
Iter 190 of 344 Loss: -0.079153, NCC_Loss: -0.081613, Reg: 0.002460
Iter 200 of 344 Loss: -0.074958, NCC_Loss: -0.077651, Reg: 0.002693
Iter 210 of 344 Loss: -0.074481, NCC_Loss: -0.077484, Reg: 0.003003
Iter 220 of 344 Loss: -0.078480, NCC_Loss: -0.081200, Reg: 0.002721
Iter 230 of 344 Loss: -0.074576, NCC_Loss: -0.077331, Reg: 0.002755
Iter 240 of 344 Loss: -0.087723, NCC_Loss: -0.090693, Reg: 0.002970
Iter 250 of 344 Loss: -0.080527, NCC_Loss: -0.083398, Reg: 0.002871
Iter 260 of 344 Loss: -0.075312, NCC_Loss: -0.078285, Reg: 0.002973
Iter 270 of 344 Loss: -0.079308, NCC_Loss: -0.082162, Reg: 0.002854
Iter 280 of 344 Loss: -0.083666, NCC_Loss: -0.086405, Reg: 0.002739
Iter 290 of 344 Loss: -0.085137, NCC_Loss: -0.088038, Reg: 0.002902
Iter 300 of 344 Loss: -0.077796, NCC_Loss: -0.080558, Reg: 0.002762
Iter 310 of 344 Loss: -0.073855, NCC_Loss: -0.076610, Reg: 0.002755
Iter 320 of 344 Loss: -0.077379, NCC_Loss: -0.080451, Reg: 0.003072
Iter 330 of 344 Loss: -0.074553, NCC_Loss: -0.077286, Reg: 0.002734
Iter 340 of 344 Loss: -0.081735, NCC_Loss: -0.084696, Reg: 0.002961
Epoch 126 Loss: -0.080061
Epoch 126 Validation: Mean EPE: 7.2659, Mean SSIM: 0.1866, Mean ZNCC: -0.0375
Epoch 127 starts
Iter 10 of 344 Loss: -0.076805, NCC_Loss: -0.079640, Reg: 0.002835
Iter 20 of 344 Loss: -0.077125, NCC_Loss: -0.079918, Reg: 0.002794
Iter 30 of 344 Loss: -0.081158, NCC_Loss: -0.083938, Reg: 0.002780
Iter 40 of 344 Loss: -0.080130, NCC_Loss: -0.082860, Reg: 0.002730
Iter 50 of 344 Loss: -0.081657, NCC_Loss: -0.084599, Reg: 0.002941
Iter 60 of 344 Loss: -0.079316, NCC_Loss: -0.082125, Reg: 0.002809
Iter 70 of 344 Loss: -0.079642, NCC_Loss: -0.082410, Reg: 0.002768
Iter 80 of 344 Loss: -0.079232, NCC_Loss: -0.081905, Reg: 0.002673
Iter 90 of 344 Loss: -0.078074, NCC_Loss: -0.080829, Reg: 0.002755
Iter 100 of 344 Loss: -0.085512, NCC_Loss: -0.088390, Reg: 0.002877
Iter 110 of 344 Loss: -0.080473, NCC_Loss: -0.083205, Reg: 0.002732
Iter 120 of 344 Loss: -0.078887, NCC_Loss: -0.081686, Reg: 0.002800
Iter 130 of 344 Loss: -0.073455, NCC_Loss: -0.076225, Reg: 0.002770
Iter 140 of 344 Loss: -0.074532, NCC_Loss: -0.077353, Reg: 0.002820
Iter 150 of 344 Loss: -0.080479, NCC_Loss: -0.083405, Reg: 0.002926
Iter 160 of 344 Loss: -0.076368, NCC_Loss: -0.079155, Reg: 0.002788
Iter 170 of 344 Loss: -0.083109, NCC_Loss: -0.085941, Reg: 0.002832
Iter 180 of 344 Loss: -0.082949, NCC_Loss: -0.085529, Reg: 0.002580
Iter 190 of 344 Loss: -0.075017, NCC_Loss: -0.077804, Reg: 0.002787
Iter 200 of 344 Loss: -0.076729, NCC_Loss: -0.079584, Reg: 0.002855
Iter 210 of 344 Loss: -0.081741, NCC_Loss: -0.084530, Reg: 0.002789
Iter 220 of 344 Loss: -0.080141, NCC_Loss: -0.082845, Reg: 0.002704
Iter 230 of 344 Loss: -0.077472, NCC_Loss: -0.080083, Reg: 0.002611
Iter 240 of 344 Loss: -0.081474, NCC_Loss: -0.084072, Reg: 0.002598
Iter 250 of 344 Loss: -0.078171, NCC_Loss: -0.080858, Reg: 0.002687
Iter 260 of 344 Loss: -0.078304, NCC_Loss: -0.080952, Reg: 0.002648
Iter 270 of 344 Loss: -0.079269, NCC_Loss: -0.082056, Reg: 0.002787
Iter 280 of 344 Loss: -0.076528, NCC_Loss: -0.079313, Reg: 0.002785
Iter 290 of 344 Loss: -0.082056, NCC_Loss: -0.084780, Reg: 0.002724
Iter 300 of 344 Loss: -0.087527, NCC_Loss: -0.090284, Reg: 0.002757
Iter 310 of 344 Loss: -0.080991, NCC_Loss: -0.083643, Reg: 0.002652
Iter 320 of 344 Loss: -0.082100, NCC_Loss: -0.084918, Reg: 0.002818
Iter 330 of 344 Loss: -0.079239, NCC_Loss: -0.081969, Reg: 0.002730
Iter 340 of 344 Loss: -0.082609, NCC_Loss: -0.085283, Reg: 0.002673
Epoch 127 Loss: -0.080041
Epoch 127 Validation: Mean EPE: 7.2651, Mean SSIM: 0.1865, Mean ZNCC: -0.0376
Epoch 128 starts
Iter 10 of 344 Loss: -0.085013, NCC_Loss: -0.087693, Reg: 0.002680
Iter 20 of 344 Loss: -0.078515, NCC_Loss: -0.081153, Reg: 0.002638
Iter 30 of 344 Loss: -0.077724, NCC_Loss: -0.080345, Reg: 0.002621
Iter 40 of 344 Loss: -0.078266, NCC_Loss: -0.080876, Reg: 0.002610
Iter 50 of 344 Loss: -0.083286, NCC_Loss: -0.086080, Reg: 0.002794
Iter 60 of 344 Loss: -0.080306, NCC_Loss: -0.082979, Reg: 0.002674
Iter 70 of 344 Loss: -0.083113, NCC_Loss: -0.085640, Reg: 0.002527
Iter 80 of 344 Loss: -0.081913, NCC_Loss: -0.084584, Reg: 0.002671
Iter 90 of 344 Loss: -0.079281, NCC_Loss: -0.082130, Reg: 0.002849
Iter 100 of 344 Loss: -0.072892, NCC_Loss: -0.075633, Reg: 0.002742
Iter 110 of 344 Loss: -0.079111, NCC_Loss: -0.081869, Reg: 0.002758
Iter 120 of 344 Loss: -0.083478, NCC_Loss: -0.086337, Reg: 0.002859
Iter 130 of 344 Loss: -0.082954, NCC_Loss: -0.085675, Reg: 0.002721
Iter 140 of 344 Loss: -0.077042, NCC_Loss: -0.079665, Reg: 0.002622
Iter 150 of 344 Loss: -0.074150, NCC_Loss: -0.076853, Reg: 0.002703
Iter 160 of 344 Loss: -0.075051, NCC_Loss: -0.077696, Reg: 0.002646
Iter 170 of 344 Loss: -0.075265, NCC_Loss: -0.077806, Reg: 0.002541
Iter 180 of 344 Loss: -0.080821, NCC_Loss: -0.083375, Reg: 0.002554
Iter 190 of 344 Loss: -0.078037, NCC_Loss: -0.080798, Reg: 0.002760
Iter 200 of 344 Loss: -0.083223, NCC_Loss: -0.085999, Reg: 0.002776
Iter 210 of 344 Loss: -0.082657, NCC_Loss: -0.085425, Reg: 0.002768
Iter 220 of 344 Loss: -0.084462, NCC_Loss: -0.087267, Reg: 0.002805
Iter 230 of 344 Loss: -0.072351, NCC_Loss: -0.075219, Reg: 0.002868
Iter 240 of 344 Loss: -0.076764, NCC_Loss: -0.079278, Reg: 0.002513
Iter 250 of 344 Loss: -0.084916, NCC_Loss: -0.087597, Reg: 0.002681
Iter 260 of 344 Loss: -0.078117, NCC_Loss: -0.080657, Reg: 0.002539
Iter 270 of 344 Loss: -0.083379, NCC_Loss: -0.086158, Reg: 0.002779
Iter 280 of 344 Loss: -0.086268, NCC_Loss: -0.088993, Reg: 0.002724
Iter 290 of 344 Loss: -0.075390, NCC_Loss: -0.077975, Reg: 0.002585
Iter 300 of 344 Loss: -0.087500, NCC_Loss: -0.090273, Reg: 0.002772
Iter 310 of 344 Loss: -0.081157, NCC_Loss: -0.083821, Reg: 0.002664
Iter 320 of 344 Loss: -0.079432, NCC_Loss: -0.082235, Reg: 0.002804
Iter 330 of 344 Loss: -0.086582, NCC_Loss: -0.089282, Reg: 0.002700
Iter 340 of 344 Loss: -0.074525, NCC_Loss: -0.077197, Reg: 0.002672
Epoch 128 Loss: -0.080166
Epoch 128 Validation: Mean EPE: 7.2644, Mean SSIM: 0.1866, Mean ZNCC: -0.0375
Epoch 129 starts
Iter 10 of 344 Loss: -0.079880, NCC_Loss: -0.082498, Reg: 0.002618
Iter 20 of 344 Loss: -0.073918, NCC_Loss: -0.076648, Reg: 0.002730
Iter 30 of 344 Loss: -0.082676, NCC_Loss: -0.085382, Reg: 0.002706
Iter 40 of 344 Loss: -0.081876, NCC_Loss: -0.084436, Reg: 0.002560
Iter 50 of 344 Loss: -0.081810, NCC_Loss: -0.084575, Reg: 0.002765
Iter 60 of 344 Loss: -0.080697, NCC_Loss: -0.083219, Reg: 0.002522
Iter 70 of 344 Loss: -0.073326, NCC_Loss: -0.076096, Reg: 0.002770
Iter 80 of 344 Loss: -0.078537, NCC_Loss: -0.081237, Reg: 0.002701
Iter 90 of 344 Loss: -0.073757, NCC_Loss: -0.076568, Reg: 0.002810
Iter 100 of 344 Loss: -0.077264, NCC_Loss: -0.079860, Reg: 0.002596
Iter 110 of 344 Loss: -0.089016, NCC_Loss: -0.091730, Reg: 0.002714
Iter 120 of 344 Loss: -0.081668, NCC_Loss: -0.084477, Reg: 0.002809
Iter 130 of 344 Loss: -0.083510, NCC_Loss: -0.086136, Reg: 0.002626
Iter 140 of 344 Loss: -0.081246, NCC_Loss: -0.083803, Reg: 0.002556
Iter 150 of 344 Loss: -0.078537, NCC_Loss: -0.081182, Reg: 0.002645
Iter 160 of 344 Loss: -0.076045, NCC_Loss: -0.078701, Reg: 0.002656
Iter 170 of 344 Loss: -0.078527, NCC_Loss: -0.081219, Reg: 0.002691
Iter 180 of 344 Loss: -0.075362, NCC_Loss: -0.078065, Reg: 0.002703
Iter 190 of 344 Loss: -0.084016, NCC_Loss: -0.086718, Reg: 0.002702
Iter 200 of 344 Loss: -0.080101, NCC_Loss: -0.082586, Reg: 0.002486
Iter 210 of 344 Loss: -0.087197, NCC_Loss: -0.089942, Reg: 0.002745
Iter 220 of 344 Loss: -0.079009, NCC_Loss: -0.081646, Reg: 0.002636
Iter 230 of 344 Loss: -0.076160, NCC_Loss: -0.078728, Reg: 0.002568
Iter 240 of 344 Loss: -0.079764, NCC_Loss: -0.082398, Reg: 0.002634
Iter 250 of 344 Loss: -0.081362, NCC_Loss: -0.084062, Reg: 0.002699
Iter 260 of 344 Loss: -0.071519, NCC_Loss: -0.074120, Reg: 0.002601
Iter 270 of 344 Loss: -0.077055, NCC_Loss: -0.079831, Reg: 0.002776
Iter 280 of 344 Loss: -0.077872, NCC_Loss: -0.080575, Reg: 0.002703
Iter 290 of 344 Loss: -0.080492, NCC_Loss: -0.083003, Reg: 0.002511
Iter 300 of 344 Loss: -0.082304, NCC_Loss: -0.085149, Reg: 0.002845
Iter 310 of 344 Loss: -0.079127, NCC_Loss: -0.081619, Reg: 0.002491
Iter 320 of 344 Loss: -0.083434, NCC_Loss: -0.086130, Reg: 0.002696
Iter 330 of 344 Loss: -0.085669, NCC_Loss: -0.088262, Reg: 0.002594
Iter 340 of 344 Loss: -0.079892, NCC_Loss: -0.082803, Reg: 0.002911
Epoch 129 Loss: -0.080277
Epoch 129 Validation: Mean EPE: 7.2640, Mean SSIM: 0.1867, Mean ZNCC: -0.0375
Epoch 130 starts
Iter 10 of 344 Loss: -0.078354, NCC_Loss: -0.080849, Reg: 0.002495
Iter 20 of 344 Loss: -0.081730, NCC_Loss: -0.084386, Reg: 0.002656
Iter 30 of 344 Loss: -0.084511, NCC_Loss: -0.086992, Reg: 0.002481
Iter 40 of 344 Loss: -0.079444, NCC_Loss: -0.082239, Reg: 0.002795
Iter 50 of 344 Loss: -0.081562, NCC_Loss: -0.084364, Reg: 0.002802
Iter 60 of 344 Loss: -0.087079, NCC_Loss: -0.089609, Reg: 0.002530
Iter 70 of 344 Loss: -0.081265, NCC_Loss: -0.083754, Reg: 0.002488
Iter 80 of 344 Loss: -0.077401, NCC_Loss: -0.080117, Reg: 0.002716
Iter 90 of 344 Loss: -0.073755, NCC_Loss: -0.076324, Reg: 0.002570
Iter 100 of 344 Loss: -0.079064, NCC_Loss: -0.081600, Reg: 0.002536
Iter 110 of 344 Loss: -0.081285, NCC_Loss: -0.083947, Reg: 0.002663
Iter 120 of 344 Loss: -0.080979, NCC_Loss: -0.083455, Reg: 0.002477
Iter 130 of 344 Loss: -0.082283, NCC_Loss: -0.084965, Reg: 0.002682
Iter 140 of 344 Loss: -0.082441, NCC_Loss: -0.085080, Reg: 0.002639
Iter 150 of 344 Loss: -0.083585, NCC_Loss: -0.086263, Reg: 0.002678
Iter 160 of 344 Loss: -0.079572, NCC_Loss: -0.082270, Reg: 0.002698
Iter 170 of 344 Loss: -0.086508, NCC_Loss: -0.089180, Reg: 0.002672
Iter 180 of 344 Loss: -0.078741, NCC_Loss: -0.081456, Reg: 0.002715
Iter 190 of 344 Loss: -0.078915, NCC_Loss: -0.081471, Reg: 0.002557
Iter 200 of 344 Loss: -0.087776, NCC_Loss: -0.090432, Reg: 0.002656
Iter 210 of 344 Loss: -0.082635, NCC_Loss: -0.085254, Reg: 0.002619
Iter 220 of 344 Loss: -0.074616, NCC_Loss: -0.077186, Reg: 0.002570
Iter 230 of 344 Loss: -0.077172, NCC_Loss: -0.079642, Reg: 0.002469
Iter 240 of 344 Loss: -0.078835, NCC_Loss: -0.081494, Reg: 0.002660
Iter 250 of 344 Loss: -0.082904, NCC_Loss: -0.085612, Reg: 0.002709
Iter 260 of 344 Loss: -0.084595, NCC_Loss: -0.087262, Reg: 0.002667
Iter 270 of 344 Loss: -0.081116, NCC_Loss: -0.083731, Reg: 0.002615
Iter 280 of 344 Loss: -0.078479, NCC_Loss: -0.081119, Reg: 0.002640
Iter 290 of 344 Loss: -0.079851, NCC_Loss: -0.082496, Reg: 0.002645
Iter 300 of 344 Loss: -0.086072, NCC_Loss: -0.088752, Reg: 0.002680
Iter 310 of 344 Loss: -0.070564, NCC_Loss: -0.073095, Reg: 0.002531
Iter 320 of 344 Loss: -0.077649, NCC_Loss: -0.080329, Reg: 0.002680
Iter 330 of 344 Loss: -0.076245, NCC_Loss: -0.078894, Reg: 0.002649
Iter 340 of 344 Loss: -0.083989, NCC_Loss: -0.086707, Reg: 0.002718
Epoch 130 Loss: -0.080368
Epoch 130 Validation: Mean EPE: 7.2639, Mean SSIM: 0.1868, Mean ZNCC: -0.0374
Epoch 131 starts
Iter 10 of 344 Loss: -0.089711, NCC_Loss: -0.092471, Reg: 0.002761
Iter 20 of 344 Loss: -0.082934, NCC_Loss: -0.085445, Reg: 0.002511
Iter 30 of 344 Loss: -0.079316, NCC_Loss: -0.081931, Reg: 0.002615
Iter 40 of 344 Loss: -0.081686, NCC_Loss: -0.084236, Reg: 0.002551
Iter 50 of 344 Loss: -0.089194, NCC_Loss: -0.091795, Reg: 0.002601
Iter 60 of 344 Loss: -0.074680, NCC_Loss: -0.077213, Reg: 0.002533
Iter 70 of 344 Loss: -0.085085, NCC_Loss: -0.087830, Reg: 0.002745
Iter 80 of 344 Loss: -0.095556, NCC_Loss: -0.098127, Reg: 0.002571
Iter 90 of 344 Loss: -0.078808, NCC_Loss: -0.081293, Reg: 0.002486
Iter 100 of 344 Loss: -0.078701, NCC_Loss: -0.081188, Reg: 0.002487
Iter 110 of 344 Loss: -0.083841, NCC_Loss: -0.086685, Reg: 0.002845
Iter 120 of 344 Loss: -0.079784, NCC_Loss: -0.082302, Reg: 0.002518
Iter 130 of 344 Loss: -0.082166, NCC_Loss: -0.084780, Reg: 0.002614
Iter 140 of 344 Loss: -0.081892, NCC_Loss: -0.084533, Reg: 0.002640
Iter 150 of 344 Loss: -0.081472, NCC_Loss: -0.084019, Reg: 0.002547
Iter 160 of 344 Loss: -0.081155, NCC_Loss: -0.083808, Reg: 0.002653
Iter 170 of 344 Loss: -0.082542, NCC_Loss: -0.085101, Reg: 0.002559
Iter 180 of 344 Loss: -0.079174, NCC_Loss: -0.081803, Reg: 0.002629
Iter 190 of 344 Loss: -0.082532, NCC_Loss: -0.085108, Reg: 0.002576
Iter 200 of 344 Loss: -0.077980, NCC_Loss: -0.080540, Reg: 0.002559
Iter 210 of 344 Loss: -0.084571, NCC_Loss: -0.087148, Reg: 0.002578
Iter 220 of 344 Loss: -0.079730, NCC_Loss: -0.082366, Reg: 0.002636
Iter 230 of 344 Loss: -0.080731, NCC_Loss: -0.083381, Reg: 0.002650
Iter 240 of 344 Loss: -0.077176, NCC_Loss: -0.079725, Reg: 0.002549
Iter 250 of 344 Loss: -0.085647, NCC_Loss: -0.088159, Reg: 0.002512
Iter 260 of 344 Loss: -0.079193, NCC_Loss: -0.081936, Reg: 0.002742
Iter 270 of 344 Loss: -0.082007, NCC_Loss: -0.084583, Reg: 0.002577
Iter 280 of 344 Loss: -0.074729, NCC_Loss: -0.077471, Reg: 0.002741
Iter 290 of 344 Loss: -0.084216, NCC_Loss: -0.086620, Reg: 0.002405
Iter 300 of 344 Loss: -0.083704, NCC_Loss: -0.086239, Reg: 0.002535
Iter 310 of 344 Loss: -0.073753, NCC_Loss: -0.076283, Reg: 0.002530
Iter 320 of 344 Loss: -0.080401, NCC_Loss: -0.083001, Reg: 0.002601
Iter 330 of 344 Loss: -0.073533, NCC_Loss: -0.076028, Reg: 0.002495
Iter 340 of 344 Loss: -0.078717, NCC_Loss: -0.081255, Reg: 0.002538
Epoch 131 Loss: -0.080450
Epoch 131 Validation: Mean EPE: 7.2634, Mean SSIM: 0.1869, Mean ZNCC: -0.0373
Epoch 132 starts
Iter 10 of 344 Loss: -0.091344, NCC_Loss: -0.094168, Reg: 0.002824
Iter 20 of 344 Loss: -0.071628, NCC_Loss: -0.074115, Reg: 0.002487
Iter 30 of 344 Loss: -0.079027, NCC_Loss: -0.081598, Reg: 0.002570
Iter 40 of 344 Loss: -0.083734, NCC_Loss: -0.086329, Reg: 0.002594
Iter 50 of 344 Loss: -0.079589, NCC_Loss: -0.082321, Reg: 0.002732
Iter 60 of 344 Loss: -0.080958, NCC_Loss: -0.083446, Reg: 0.002489
Iter 70 of 344 Loss: -0.080984, NCC_Loss: -0.083526, Reg: 0.002542
Iter 80 of 344 Loss: -0.080094, NCC_Loss: -0.082694, Reg: 0.002600
Iter 90 of 344 Loss: -0.079240, NCC_Loss: -0.081842, Reg: 0.002603
Iter 100 of 344 Loss: -0.085057, NCC_Loss: -0.087578, Reg: 0.002521
Iter 110 of 344 Loss: -0.081193, NCC_Loss: -0.083669, Reg: 0.002476
Iter 120 of 344 Loss: -0.086784, NCC_Loss: -0.089450, Reg: 0.002666
Iter 130 of 344 Loss: -0.083818, NCC_Loss: -0.086220, Reg: 0.002402
Iter 140 of 344 Loss: -0.085972, NCC_Loss: -0.088504, Reg: 0.002531
Iter 150 of 344 Loss: -0.079634, NCC_Loss: -0.082163, Reg: 0.002529
Iter 160 of 344 Loss: -0.074929, NCC_Loss: -0.077281, Reg: 0.002352
Iter 170 of 344 Loss: -0.083959, NCC_Loss: -0.086574, Reg: 0.002614
Iter 180 of 344 Loss: -0.074363, NCC_Loss: -0.076729, Reg: 0.002366
Iter 190 of 344 Loss: -0.083751, NCC_Loss: -0.086400, Reg: 0.002649
Iter 200 of 344 Loss: -0.088854, NCC_Loss: -0.091460, Reg: 0.002606
Iter 210 of 344 Loss: -0.075116, NCC_Loss: -0.077681, Reg: 0.002565
Iter 220 of 344 Loss: -0.070654, NCC_Loss: -0.073238, Reg: 0.002584
Iter 230 of 344 Loss: -0.077563, NCC_Loss: -0.080170, Reg: 0.002606
Iter 240 of 344 Loss: -0.081111, NCC_Loss: -0.083535, Reg: 0.002424
Iter 250 of 344 Loss: -0.082854, NCC_Loss: -0.085365, Reg: 0.002512
Iter 260 of 344 Loss: -0.074787, NCC_Loss: -0.077320, Reg: 0.002533
Iter 270 of 344 Loss: -0.074781, NCC_Loss: -0.077231, Reg: 0.002450
Iter 280 of 344 Loss: -0.078148, NCC_Loss: -0.080475, Reg: 0.002327
Iter 290 of 344 Loss: -0.085922, NCC_Loss: -0.088353, Reg: 0.002430
Iter 300 of 344 Loss: -0.076145, NCC_Loss: -0.078763, Reg: 0.002618
Iter 310 of 344 Loss: -0.084717, NCC_Loss: -0.087207, Reg: 0.002490
Iter 320 of 344 Loss: -0.073945, NCC_Loss: -0.076415, Reg: 0.002471
Iter 330 of 344 Loss: -0.077039, NCC_Loss: -0.079549, Reg: 0.002510
Iter 340 of 344 Loss: -0.075113, NCC_Loss: -0.077424, Reg: 0.002310
Epoch 132 Loss: -0.080545
Epoch 132 Validation: Mean EPE: 7.2631, Mean SSIM: 0.1870, Mean ZNCC: -0.0373
Epoch 133 starts
Iter 10 of 344 Loss: -0.078014, NCC_Loss: -0.080481, Reg: 0.002468
Iter 20 of 344 Loss: -0.083127, NCC_Loss: -0.085702, Reg: 0.002575
Iter 30 of 344 Loss: -0.088824, NCC_Loss: -0.091309, Reg: 0.002485
Iter 40 of 344 Loss: -0.080438, NCC_Loss: -0.083008, Reg: 0.002570
Iter 50 of 344 Loss: -0.080578, NCC_Loss: -0.083131, Reg: 0.002553
Iter 60 of 344 Loss: -0.077647, NCC_Loss: -0.080143, Reg: 0.002497
Iter 70 of 344 Loss: -0.074250, NCC_Loss: -0.076905, Reg: 0.002655
Iter 80 of 344 Loss: -0.076253, NCC_Loss: -0.078816, Reg: 0.002563
Iter 90 of 344 Loss: -0.077283, NCC_Loss: -0.079768, Reg: 0.002485
Iter 100 of 344 Loss: -0.080138, NCC_Loss: -0.082597, Reg: 0.002459
Iter 110 of 344 Loss: -0.082542, NCC_Loss: -0.085100, Reg: 0.002558
Iter 120 of 344 Loss: -0.079126, NCC_Loss: -0.081472, Reg: 0.002347
Iter 130 of 344 Loss: -0.084393, NCC_Loss: -0.086966, Reg: 0.002573
Iter 140 of 344 Loss: -0.077490, NCC_Loss: -0.080106, Reg: 0.002616
Iter 150 of 344 Loss: -0.075896, NCC_Loss: -0.078380, Reg: 0.002485
Iter 160 of 344 Loss: -0.070663, NCC_Loss: -0.073180, Reg: 0.002518
Iter 170 of 344 Loss: -0.088790, NCC_Loss: -0.091286, Reg: 0.002496
Iter 180 of 344 Loss: -0.082913, NCC_Loss: -0.085466, Reg: 0.002553
Iter 190 of 344 Loss: -0.076337, NCC_Loss: -0.078982, Reg: 0.002645
Iter 200 of 344 Loss: -0.078611, NCC_Loss: -0.081116, Reg: 0.002505
Iter 210 of 344 Loss: -0.076454, NCC_Loss: -0.078968, Reg: 0.002514
Iter 220 of 344 Loss: -0.083633, NCC_Loss: -0.086073, Reg: 0.002440
Iter 230 of 344 Loss: -0.078566, NCC_Loss: -0.080897, Reg: 0.002332
Iter 240 of 344 Loss: -0.084691, NCC_Loss: -0.087228, Reg: 0.002537
Iter 250 of 344 Loss: -0.079272, NCC_Loss: -0.081737, Reg: 0.002465
Iter 260 of 344 Loss: -0.078790, NCC_Loss: -0.081247, Reg: 0.002457
Iter 270 of 344 Loss: -0.077846, NCC_Loss: -0.080318, Reg: 0.002471
Iter 280 of 344 Loss: -0.078274, NCC_Loss: -0.080859, Reg: 0.002585
Iter 290 of 344 Loss: -0.082656, NCC_Loss: -0.085112, Reg: 0.002456
Iter 300 of 344 Loss: -0.075001, NCC_Loss: -0.077329, Reg: 0.002328
Iter 310 of 344 Loss: -0.084256, NCC_Loss: -0.086777, Reg: 0.002521
Iter 320 of 344 Loss: -0.085331, NCC_Loss: -0.087804, Reg: 0.002473
Iter 330 of 344 Loss: -0.072809, NCC_Loss: -0.075150, Reg: 0.002341
Iter 340 of 344 Loss: -0.079674, NCC_Loss: -0.082093, Reg: 0.002419
Epoch 133 Loss: -0.080633
Epoch 133 Validation: Mean EPE: 7.2628, Mean SSIM: 0.1870, Mean ZNCC: -0.0372
Epoch 134 starts
Iter 10 of 344 Loss: -0.082360, NCC_Loss: -0.084824, Reg: 0.002464
Iter 20 of 344 Loss: -0.076766, NCC_Loss: -0.079246, Reg: 0.002480
Iter 30 of 344 Loss: -0.081887, NCC_Loss: -0.084302, Reg: 0.002415
Iter 40 of 344 Loss: -0.071844, NCC_Loss: -0.074101, Reg: 0.002256
Iter 50 of 344 Loss: -0.076856, NCC_Loss: -0.079283, Reg: 0.002427
Iter 60 of 344 Loss: -0.081627, NCC_Loss: -0.084035, Reg: 0.002408
Iter 70 of 344 Loss: -0.078704, NCC_Loss: -0.081248, Reg: 0.002545
Iter 80 of 344 Loss: -0.083359, NCC_Loss: -0.085823, Reg: 0.002464
Iter 90 of 344 Loss: -0.084967, NCC_Loss: -0.087463, Reg: 0.002496
Iter 100 of 344 Loss: -0.079865, NCC_Loss: -0.082409, Reg: 0.002544
Iter 110 of 344 Loss: -0.081496, NCC_Loss: -0.084017, Reg: 0.002522
Iter 120 of 344 Loss: -0.083850, NCC_Loss: -0.086358, Reg: 0.002509
Iter 130 of 344 Loss: -0.078837, NCC_Loss: -0.081214, Reg: 0.002377
Iter 140 of 344 Loss: -0.085541, NCC_Loss: -0.088149, Reg: 0.002608
Iter 150 of 344 Loss: -0.077748, NCC_Loss: -0.080150, Reg: 0.002402
Iter 160 of 344 Loss: -0.074802, NCC_Loss: -0.077278, Reg: 0.002476
Iter 170 of 344 Loss: -0.077308, NCC_Loss: -0.079682, Reg: 0.002374
Iter 180 of 344 Loss: -0.085785, NCC_Loss: -0.088234, Reg: 0.002450
Iter 190 of 344 Loss: -0.074411, NCC_Loss: -0.076803, Reg: 0.002392
Iter 200 of 344 Loss: -0.087277, NCC_Loss: -0.089851, Reg: 0.002574
Iter 210 of 344 Loss: -0.076108, NCC_Loss: -0.078531, Reg: 0.002422
Iter 220 of 344 Loss: -0.082257, NCC_Loss: -0.084776, Reg: 0.002519
Iter 230 of 344 Loss: -0.073094, NCC_Loss: -0.075625, Reg: 0.002530
Iter 240 of 344 Loss: -0.081245, NCC_Loss: -0.083610, Reg: 0.002365
Iter 250 of 344 Loss: -0.077341, NCC_Loss: -0.079707, Reg: 0.002366
Iter 260 of 344 Loss: -0.076695, NCC_Loss: -0.079153, Reg: 0.002459
Iter 270 of 344 Loss: -0.082815, NCC_Loss: -0.085312, Reg: 0.002496
Iter 280 of 344 Loss: -0.082785, NCC_Loss: -0.085377, Reg: 0.002592
Iter 290 of 344 Loss: -0.082048, NCC_Loss: -0.084494, Reg: 0.002446
Iter 300 of 344 Loss: -0.077676, NCC_Loss: -0.080117, Reg: 0.002441
Iter 310 of 344 Loss: -0.080259, NCC_Loss: -0.082766, Reg: 0.002507
Iter 320 of 344 Loss: -0.078755, NCC_Loss: -0.081165, Reg: 0.002410
Iter 330 of 344 Loss: -0.070853, NCC_Loss: -0.073295, Reg: 0.002443
Iter 340 of 344 Loss: -0.083058, NCC_Loss: -0.085306, Reg: 0.002248
Epoch 134 Loss: -0.080719
Epoch 134 Validation: Mean EPE: 7.2625, Mean SSIM: 0.1871, Mean ZNCC: -0.0371
Epoch 135 starts
Iter 10 of 344 Loss: -0.080378, NCC_Loss: -0.082924, Reg: 0.002545
Iter 20 of 344 Loss: -0.083707, NCC_Loss: -0.086191, Reg: 0.002485
Iter 30 of 344 Loss: -0.084328, NCC_Loss: -0.086759, Reg: 0.002431
Iter 40 of 344 Loss: -0.082252, NCC_Loss: -0.084711, Reg: 0.002459
Iter 50 of 344 Loss: -0.081388, NCC_Loss: -0.083902, Reg: 0.002514
Iter 60 of 344 Loss: -0.082683, NCC_Loss: -0.085168, Reg: 0.002485
Iter 70 of 344 Loss: -0.078551, NCC_Loss: -0.080813, Reg: 0.002262
Iter 80 of 344 Loss: -0.078352, NCC_Loss: -0.080687, Reg: 0.002335
Iter 90 of 344 Loss: -0.080227, NCC_Loss: -0.082658, Reg: 0.002431
Iter 100 of 344 Loss: -0.078767, NCC_Loss: -0.081261, Reg: 0.002494
Iter 110 of 344 Loss: -0.083682, NCC_Loss: -0.086256, Reg: 0.002575
Iter 120 of 344 Loss: -0.082214, NCC_Loss: -0.084854, Reg: 0.002640
Iter 130 of 344 Loss: -0.079988, NCC_Loss: -0.082477, Reg: 0.002490
Iter 140 of 344 Loss: -0.079894, NCC_Loss: -0.082571, Reg: 0.002677
Iter 150 of 344 Loss: -0.079318, NCC_Loss: -0.081743, Reg: 0.002426
Iter 160 of 344 Loss: -0.079802, NCC_Loss: -0.082208, Reg: 0.002406
Iter 170 of 344 Loss: -0.079197, NCC_Loss: -0.081710, Reg: 0.002513
Iter 180 of 344 Loss: -0.079334, NCC_Loss: -0.081595, Reg: 0.002262
Iter 190 of 344 Loss: -0.086415, NCC_Loss: -0.088683, Reg: 0.002268
Iter 200 of 344 Loss: -0.078917, NCC_Loss: -0.081319, Reg: 0.002402
Iter 210 of 344 Loss: -0.079097, NCC_Loss: -0.081729, Reg: 0.002632
Iter 220 of 344 Loss: -0.081925, NCC_Loss: -0.084534, Reg: 0.002609
Iter 230 of 344 Loss: -0.087970, NCC_Loss: -0.090687, Reg: 0.002717
Iter 240 of 344 Loss: -0.079620, NCC_Loss: -0.082200, Reg: 0.002580
Iter 250 of 344 Loss: -0.077924, NCC_Loss: -0.080619, Reg: 0.002695
Iter 260 of 344 Loss: -0.083285, NCC_Loss: -0.085915, Reg: 0.002631
Iter 270 of 344 Loss: -0.083696, NCC_Loss: -0.086413, Reg: 0.002717
Iter 280 of 344 Loss: -0.080094, NCC_Loss: -0.082685, Reg: 0.002591
Iter 290 of 344 Loss: -0.088762, NCC_Loss: -0.091409, Reg: 0.002647
Iter 300 of 344 Loss: -0.078233, NCC_Loss: -0.080841, Reg: 0.002607
Iter 310 of 344 Loss: -0.076211, NCC_Loss: -0.078825, Reg: 0.002614
Iter 320 of 344 Loss: -0.082859, NCC_Loss: -0.085318, Reg: 0.002458
Iter 330 of 344 Loss: -0.085489, NCC_Loss: -0.088107, Reg: 0.002618
Iter 340 of 344 Loss: -0.082242, NCC_Loss: -0.084854, Reg: 0.002613
Epoch 135 Loss: -0.080684
Epoch 135 Validation: Mean EPE: 7.2649, Mean SSIM: 0.1871, Mean ZNCC: -0.0370
Epoch 136 starts
Iter 10 of 344 Loss: -0.081135, NCC_Loss: -0.083571, Reg: 0.002436
Iter 20 of 344 Loss: -0.075064, NCC_Loss: -0.077669, Reg: 0.002605
Iter 30 of 344 Loss: -0.082970, NCC_Loss: -0.085595, Reg: 0.002626
Iter 40 of 344 Loss: -0.081200, NCC_Loss: -0.083807, Reg: 0.002607
Iter 50 of 344 Loss: -0.076490, NCC_Loss: -0.078947, Reg: 0.002457
Iter 60 of 344 Loss: -0.081843, NCC_Loss: -0.084413, Reg: 0.002570
Iter 70 of 344 Loss: -0.080534, NCC_Loss: -0.083065, Reg: 0.002532
Iter 80 of 344 Loss: -0.084510, NCC_Loss: -0.087049, Reg: 0.002538
Iter 90 of 344 Loss: -0.077308, NCC_Loss: -0.079907, Reg: 0.002599
Iter 100 of 344 Loss: -0.074116, NCC_Loss: -0.076609, Reg: 0.002493
Iter 110 of 344 Loss: -0.081677, NCC_Loss: -0.084331, Reg: 0.002655
Iter 120 of 344 Loss: -0.076907, NCC_Loss: -0.079275, Reg: 0.002368
Iter 130 of 344 Loss: -0.083984, NCC_Loss: -0.086533, Reg: 0.002549
Iter 140 of 344 Loss: -0.075276, NCC_Loss: -0.077755, Reg: 0.002479
Iter 150 of 344 Loss: -0.077862, NCC_Loss: -0.080542, Reg: 0.002680
Iter 160 of 344 Loss: -0.079672, NCC_Loss: -0.082229, Reg: 0.002557
Iter 170 of 344 Loss: -0.081642, NCC_Loss: -0.084174, Reg: 0.002532
Iter 180 of 344 Loss: -0.076868, NCC_Loss: -0.079302, Reg: 0.002433
Iter 190 of 344 Loss: -0.082822, NCC_Loss: -0.085440, Reg: 0.002617
Iter 200 of 344 Loss: -0.070899, NCC_Loss: -0.073361, Reg: 0.002463
Iter 210 of 344 Loss: -0.073301, NCC_Loss: -0.075940, Reg: 0.002640
Iter 220 of 344 Loss: -0.079924, NCC_Loss: -0.082561, Reg: 0.002637
Iter 230 of 344 Loss: -0.075849, NCC_Loss: -0.078382, Reg: 0.002534
Iter 240 of 344 Loss: -0.078087, NCC_Loss: -0.080580, Reg: 0.002492
Iter 250 of 344 Loss: -0.078155, NCC_Loss: -0.080654, Reg: 0.002500
Iter 260 of 344 Loss: -0.080232, NCC_Loss: -0.082775, Reg: 0.002543
Iter 270 of 344 Loss: -0.078739, NCC_Loss: -0.081287, Reg: 0.002547
Iter 280 of 344 Loss: -0.071661, NCC_Loss: -0.074344, Reg: 0.002683
Iter 290 of 344 Loss: -0.081083, NCC_Loss: -0.083621, Reg: 0.002537
Iter 300 of 344 Loss: -0.074347, NCC_Loss: -0.076735, Reg: 0.002389
Iter 310 of 344 Loss: -0.080266, NCC_Loss: -0.082726, Reg: 0.002460
Iter 320 of 344 Loss: -0.077821, NCC_Loss: -0.080167, Reg: 0.002346
Iter 330 of 344 Loss: -0.082707, NCC_Loss: -0.085070, Reg: 0.002363
Iter 340 of 344 Loss: -0.077920, NCC_Loss: -0.080339, Reg: 0.002419
Epoch 136 Loss: -0.080648
Epoch 136 Validation: Mean EPE: 7.2618, Mean SSIM: 0.1872, Mean ZNCC: -0.0372
Epoch 137 starts
Iter 10 of 344 Loss: -0.079657, NCC_Loss: -0.082062, Reg: 0.002405
Iter 20 of 344 Loss: -0.082811, NCC_Loss: -0.085292, Reg: 0.002481
Iter 30 of 344 Loss: -0.083446, NCC_Loss: -0.085794, Reg: 0.002348
Iter 40 of 344 Loss: -0.079329, NCC_Loss: -0.081663, Reg: 0.002334
Iter 50 of 344 Loss: -0.084702, NCC_Loss: -0.087075, Reg: 0.002373
Iter 60 of 344 Loss: -0.078074, NCC_Loss: -0.080339, Reg: 0.002265
Iter 70 of 344 Loss: -0.082850, NCC_Loss: -0.085120, Reg: 0.002270
Iter 80 of 344 Loss: -0.073049, NCC_Loss: -0.075405, Reg: 0.002357
Iter 90 of 344 Loss: -0.090606, NCC_Loss: -0.093039, Reg: 0.002433
Iter 100 of 344 Loss: -0.078658, NCC_Loss: -0.081009, Reg: 0.002351
Iter 110 of 344 Loss: -0.082535, NCC_Loss: -0.084889, Reg: 0.002355
Iter 120 of 344 Loss: -0.073871, NCC_Loss: -0.076269, Reg: 0.002398
Iter 130 of 344 Loss: -0.086576, NCC_Loss: -0.088922, Reg: 0.002347
Iter 140 of 344 Loss: -0.078256, NCC_Loss: -0.080675, Reg: 0.002419
Iter 150 of 344 Loss: -0.082287, NCC_Loss: -0.084588, Reg: 0.002301
Iter 160 of 344 Loss: -0.073705, NCC_Loss: -0.075994, Reg: 0.002289
Iter 170 of 344 Loss: -0.078038, NCC_Loss: -0.080389, Reg: 0.002351
Iter 180 of 344 Loss: -0.077320, NCC_Loss: -0.079744, Reg: 0.002424
Iter 190 of 344 Loss: -0.080556, NCC_Loss: -0.082953, Reg: 0.002397
Iter 200 of 344 Loss: -0.080209, NCC_Loss: -0.082585, Reg: 0.002376
Iter 210 of 344 Loss: -0.081504, NCC_Loss: -0.084123, Reg: 0.002620
Iter 220 of 344 Loss: -0.081470, NCC_Loss: -0.083719, Reg: 0.002249
Iter 230 of 344 Loss: -0.083249, NCC_Loss: -0.085620, Reg: 0.002371
Iter 240 of 344 Loss: -0.072392, NCC_Loss: -0.074629, Reg: 0.002237
Iter 250 of 344 Loss: -0.082899, NCC_Loss: -0.085244, Reg: 0.002346
Iter 260 of 344 Loss: -0.081289, NCC_Loss: -0.083708, Reg: 0.002419
Iter 270 of 344 Loss: -0.078672, NCC_Loss: -0.080970, Reg: 0.002298
Iter 280 of 344 Loss: -0.077745, NCC_Loss: -0.080092, Reg: 0.002346
Iter 290 of 344 Loss: -0.081154, NCC_Loss: -0.083394, Reg: 0.002240
Iter 300 of 344 Loss: -0.078859, NCC_Loss: -0.081146, Reg: 0.002287
Iter 310 of 344 Loss: -0.077230, NCC_Loss: -0.079548, Reg: 0.002318
Iter 320 of 344 Loss: -0.084497, NCC_Loss: -0.086832, Reg: 0.002336
Iter 330 of 344 Loss: -0.078349, NCC_Loss: -0.080656, Reg: 0.002308
Iter 340 of 344 Loss: -0.082680, NCC_Loss: -0.085003, Reg: 0.002323
Epoch 137 Loss: -0.080876
Epoch 137 Validation: Mean EPE: 7.2612, Mean SSIM: 0.1873, Mean ZNCC: -0.0372
Epoch 138 starts
Iter 10 of 344 Loss: -0.083517, NCC_Loss: -0.085777, Reg: 0.002260
Iter 20 of 344 Loss: -0.075531, NCC_Loss: -0.077935, Reg: 0.002404
Iter 30 of 344 Loss: -0.076490, NCC_Loss: -0.078762, Reg: 0.002272
Iter 40 of 344 Loss: -0.085959, NCC_Loss: -0.088359, Reg: 0.002400
Iter 50 of 344 Loss: -0.082721, NCC_Loss: -0.085165, Reg: 0.002444
Iter 60 of 344 Loss: -0.073192, NCC_Loss: -0.075380, Reg: 0.002188
Iter 70 of 344 Loss: -0.078268, NCC_Loss: -0.080469, Reg: 0.002200
Iter 80 of 344 Loss: -0.079664, NCC_Loss: -0.081918, Reg: 0.002253
Iter 90 of 344 Loss: -0.077347, NCC_Loss: -0.079634, Reg: 0.002286
Iter 100 of 344 Loss: -0.083114, NCC_Loss: -0.085406, Reg: 0.002292
Iter 110 of 344 Loss: -0.084783, NCC_Loss: -0.087217, Reg: 0.002434
Iter 120 of 344 Loss: -0.079004, NCC_Loss: -0.081311, Reg: 0.002307
Iter 130 of 344 Loss: -0.086285, NCC_Loss: -0.088564, Reg: 0.002279
Iter 140 of 344 Loss: -0.081411, NCC_Loss: -0.083693, Reg: 0.002282
Iter 150 of 344 Loss: -0.078679, NCC_Loss: -0.081131, Reg: 0.002452
Iter 160 of 344 Loss: -0.082611, NCC_Loss: -0.084992, Reg: 0.002382
Iter 170 of 344 Loss: -0.080455, NCC_Loss: -0.082902, Reg: 0.002448
Iter 180 of 344 Loss: -0.077278, NCC_Loss: -0.079551, Reg: 0.002273
Iter 190 of 344 Loss: -0.078232, NCC_Loss: -0.080415, Reg: 0.002183
Iter 200 of 344 Loss: -0.085290, NCC_Loss: -0.087559, Reg: 0.002269
Iter 210 of 344 Loss: -0.082786, NCC_Loss: -0.085109, Reg: 0.002323
Iter 220 of 344 Loss: -0.080711, NCC_Loss: -0.083035, Reg: 0.002324
Iter 230 of 344 Loss: -0.079221, NCC_Loss: -0.081487, Reg: 0.002266
Iter 240 of 344 Loss: -0.083786, NCC_Loss: -0.086196, Reg: 0.002409
Iter 250 of 344 Loss: -0.080834, NCC_Loss: -0.083113, Reg: 0.002279
Iter 260 of 344 Loss: -0.089886, NCC_Loss: -0.092364, Reg: 0.002478
Iter 270 of 344 Loss: -0.075660, NCC_Loss: -0.077983, Reg: 0.002323
Iter 280 of 344 Loss: -0.081215, NCC_Loss: -0.083397, Reg: 0.002182
Iter 290 of 344 Loss: -0.074055, NCC_Loss: -0.076358, Reg: 0.002303
Iter 300 of 344 Loss: -0.076335, NCC_Loss: -0.078640, Reg: 0.002305
Iter 310 of 344 Loss: -0.080995, NCC_Loss: -0.083296, Reg: 0.002301
Iter 320 of 344 Loss: -0.082524, NCC_Loss: -0.084864, Reg: 0.002340
Iter 330 of 344 Loss: -0.077252, NCC_Loss: -0.079571, Reg: 0.002319
Iter 340 of 344 Loss: -0.084368, NCC_Loss: -0.086696, Reg: 0.002329
Epoch 138 Loss: -0.081005
Epoch 138 Validation: Mean EPE: 7.2602, Mean SSIM: 0.1874, Mean ZNCC: -0.0370
Epoch 139 starts
Iter 10 of 344 Loss: -0.080288, NCC_Loss: -0.082648, Reg: 0.002360
Iter 20 of 344 Loss: -0.079711, NCC_Loss: -0.081841, Reg: 0.002130
Iter 30 of 344 Loss: -0.079910, NCC_Loss: -0.082284, Reg: 0.002374
Iter 40 of 344 Loss: -0.085309, NCC_Loss: -0.087560, Reg: 0.002251
Iter 50 of 344 Loss: -0.085448, NCC_Loss: -0.087791, Reg: 0.002343
Iter 60 of 344 Loss: -0.083254, NCC_Loss: -0.085617, Reg: 0.002364
Iter 70 of 344 Loss: -0.084732, NCC_Loss: -0.087005, Reg: 0.002273
Iter 80 of 344 Loss: -0.089089, NCC_Loss: -0.091479, Reg: 0.002389
Iter 90 of 344 Loss: -0.078390, NCC_Loss: -0.080598, Reg: 0.002208
Iter 100 of 344 Loss: -0.074654, NCC_Loss: -0.077022, Reg: 0.002367
Iter 110 of 344 Loss: -0.078282, NCC_Loss: -0.080533, Reg: 0.002251
Iter 120 of 344 Loss: -0.080539, NCC_Loss: -0.082837, Reg: 0.002298
Iter 130 of 344 Loss: -0.082860, NCC_Loss: -0.085276, Reg: 0.002417
Iter 140 of 344 Loss: -0.085866, NCC_Loss: -0.088317, Reg: 0.002451
Iter 150 of 344 Loss: -0.087028, NCC_Loss: -0.089460, Reg: 0.002432
Iter 160 of 344 Loss: -0.082477, NCC_Loss: -0.084768, Reg: 0.002291
Iter 170 of 344 Loss: -0.079380, NCC_Loss: -0.081616, Reg: 0.002236
Iter 180 of 344 Loss: -0.078920, NCC_Loss: -0.081116, Reg: 0.002196
Iter 190 of 344 Loss: -0.082563, NCC_Loss: -0.084835, Reg: 0.002272
Iter 200 of 344 Loss: -0.076984, NCC_Loss: -0.079350, Reg: 0.002366
Iter 210 of 344 Loss: -0.083545, NCC_Loss: -0.085911, Reg: 0.002365
Iter 220 of 344 Loss: -0.083754, NCC_Loss: -0.086073, Reg: 0.002319
Iter 230 of 344 Loss: -0.086446, NCC_Loss: -0.088603, Reg: 0.002157
Iter 240 of 344 Loss: -0.077444, NCC_Loss: -0.079631, Reg: 0.002187
Iter 250 of 344 Loss: -0.073679, NCC_Loss: -0.075884, Reg: 0.002205
Iter 260 of 344 Loss: -0.079061, NCC_Loss: -0.081296, Reg: 0.002235
Iter 270 of 344 Loss: -0.076558, NCC_Loss: -0.078788, Reg: 0.002229
Iter 280 of 344 Loss: -0.083994, NCC_Loss: -0.086239, Reg: 0.002245
Iter 290 of 344 Loss: -0.084191, NCC_Loss: -0.086478, Reg: 0.002286
Iter 300 of 344 Loss: -0.077913, NCC_Loss: -0.080216, Reg: 0.002303
Iter 310 of 344 Loss: -0.082328, NCC_Loss: -0.084619, Reg: 0.002291
Iter 320 of 344 Loss: -0.077121, NCC_Loss: -0.079393, Reg: 0.002272
Iter 330 of 344 Loss: -0.081322, NCC_Loss: -0.083561, Reg: 0.002239
Iter 340 of 344 Loss: -0.078984, NCC_Loss: -0.081093, Reg: 0.002109
Epoch 139 Loss: -0.081098
Epoch 139 Validation: Mean EPE: 7.2597, Mean SSIM: 0.1874, Mean ZNCC: -0.0370
Epoch 140 starts
Iter 10 of 344 Loss: -0.082639, NCC_Loss: -0.084887, Reg: 0.002248
Iter 20 of 344 Loss: -0.078799, NCC_Loss: -0.081053, Reg: 0.002253
Iter 30 of 344 Loss: -0.085808, NCC_Loss: -0.088043, Reg: 0.002234
Iter 40 of 344 Loss: -0.078359, NCC_Loss: -0.080566, Reg: 0.002207
Iter 50 of 344 Loss: -0.075443, NCC_Loss: -0.077804, Reg: 0.002362
Iter 60 of 344 Loss: -0.083075, NCC_Loss: -0.085353, Reg: 0.002278
Iter 70 of 344 Loss: -0.077507, NCC_Loss: -0.079826, Reg: 0.002318
Iter 80 of 344 Loss: -0.081475, NCC_Loss: -0.083832, Reg: 0.002357
Iter 90 of 344 Loss: -0.090517, NCC_Loss: -0.092791, Reg: 0.002274
Iter 100 of 344 Loss: -0.087175, NCC_Loss: -0.089481, Reg: 0.002306
Iter 110 of 344 Loss: -0.082067, NCC_Loss: -0.084405, Reg: 0.002337
Iter 120 of 344 Loss: -0.082707, NCC_Loss: -0.084974, Reg: 0.002267
Iter 130 of 344 Loss: -0.081490, NCC_Loss: -0.083850, Reg: 0.002359
Iter 140 of 344 Loss: -0.074705, NCC_Loss: -0.076950, Reg: 0.002245
Iter 150 of 344 Loss: -0.085057, NCC_Loss: -0.087283, Reg: 0.002227
Iter 160 of 344 Loss: -0.081839, NCC_Loss: -0.083980, Reg: 0.002141
Iter 170 of 344 Loss: -0.082718, NCC_Loss: -0.084966, Reg: 0.002248
Iter 180 of 344 Loss: -0.079043, NCC_Loss: -0.081320, Reg: 0.002277
Iter 190 of 344 Loss: -0.078498, NCC_Loss: -0.080767, Reg: 0.002269
Iter 200 of 344 Loss: -0.081889, NCC_Loss: -0.084216, Reg: 0.002327
Iter 210 of 344 Loss: -0.074395, NCC_Loss: -0.076545, Reg: 0.002150
Iter 220 of 344 Loss: -0.079202, NCC_Loss: -0.081404, Reg: 0.002202
Iter 230 of 344 Loss: -0.083482, NCC_Loss: -0.085750, Reg: 0.002267
Iter 240 of 344 Loss: -0.088161, NCC_Loss: -0.090568, Reg: 0.002407
Iter 250 of 344 Loss: -0.084477, NCC_Loss: -0.086795, Reg: 0.002318
Iter 260 of 344 Loss: -0.084663, NCC_Loss: -0.086887, Reg: 0.002225
Iter 270 of 344 Loss: -0.078302, NCC_Loss: -0.080621, Reg: 0.002319
Iter 280 of 344 Loss: -0.078231, NCC_Loss: -0.080368, Reg: 0.002137
Iter 290 of 344 Loss: -0.080328, NCC_Loss: -0.082516, Reg: 0.002187
Iter 300 of 344 Loss: -0.082907, NCC_Loss: -0.084990, Reg: 0.002083
Iter 310 of 344 Loss: -0.083394, NCC_Loss: -0.085532, Reg: 0.002138
Iter 320 of 344 Loss: -0.073082, NCC_Loss: -0.075262, Reg: 0.002180
Iter 330 of 344 Loss: -0.080488, NCC_Loss: -0.082646, Reg: 0.002159
Iter 340 of 344 Loss: -0.076793, NCC_Loss: -0.079007, Reg: 0.002214
Epoch 140 Loss: -0.081182
Epoch 140 Validation: Mean EPE: 7.2595, Mean SSIM: 0.1875, Mean ZNCC: -0.0369
Epoch 141 starts
Iter 10 of 344 Loss: -0.077473, NCC_Loss: -0.079670, Reg: 0.002197
Iter 20 of 344 Loss: -0.080805, NCC_Loss: -0.083202, Reg: 0.002397
Iter 30 of 344 Loss: -0.072465, NCC_Loss: -0.074652, Reg: 0.002187
Iter 40 of 344 Loss: -0.075264, NCC_Loss: -0.077312, Reg: 0.002048
Iter 50 of 344 Loss: -0.077264, NCC_Loss: -0.079662, Reg: 0.002398
Iter 60 of 344 Loss: -0.080842, NCC_Loss: -0.083147, Reg: 0.002304
Iter 70 of 344 Loss: -0.078144, NCC_Loss: -0.080225, Reg: 0.002081
Iter 80 of 344 Loss: -0.086179, NCC_Loss: -0.088398, Reg: 0.002219
Iter 90 of 344 Loss: -0.092606, NCC_Loss: -0.094815, Reg: 0.002208
Iter 100 of 344 Loss: -0.081240, NCC_Loss: -0.083511, Reg: 0.002271
Iter 110 of 344 Loss: -0.078706, NCC_Loss: -0.080961, Reg: 0.002256
Iter 120 of 344 Loss: -0.082705, NCC_Loss: -0.084887, Reg: 0.002182
Iter 130 of 344 Loss: -0.081346, NCC_Loss: -0.083517, Reg: 0.002171
Iter 140 of 344 Loss: -0.078677, NCC_Loss: -0.080800, Reg: 0.002123
Iter 150 of 344 Loss: -0.080388, NCC_Loss: -0.082541, Reg: 0.002153
Iter 160 of 344 Loss: -0.082546, NCC_Loss: -0.084744, Reg: 0.002199
Iter 170 of 344 Loss: -0.075306, NCC_Loss: -0.077571, Reg: 0.002265
Iter 180 of 344 Loss: -0.080632, NCC_Loss: -0.082943, Reg: 0.002311
Iter 190 of 344 Loss: -0.085183, NCC_Loss: -0.087539, Reg: 0.002357
Iter 200 of 344 Loss: -0.082318, NCC_Loss: -0.084463, Reg: 0.002145
Iter 210 of 344 Loss: -0.086936, NCC_Loss: -0.089255, Reg: 0.002319
Iter 220 of 344 Loss: -0.081776, NCC_Loss: -0.084044, Reg: 0.002268
Iter 230 of 344 Loss: -0.082480, NCC_Loss: -0.084668, Reg: 0.002188
Iter 240 of 344 Loss: -0.081029, NCC_Loss: -0.083296, Reg: 0.002267
Iter 250 of 344 Loss: -0.079191, NCC_Loss: -0.081221, Reg: 0.002030
Iter 260 of 344 Loss: -0.080643, NCC_Loss: -0.082845, Reg: 0.002202
Iter 270 of 344 Loss: -0.083653, NCC_Loss: -0.085749, Reg: 0.002095
Iter 280 of 344 Loss: -0.075910, NCC_Loss: -0.078028, Reg: 0.002118
Iter 290 of 344 Loss: -0.086539, NCC_Loss: -0.088685, Reg: 0.002147
Iter 300 of 344 Loss: -0.077437, NCC_Loss: -0.079613, Reg: 0.002176
Iter 310 of 344 Loss: -0.077525, NCC_Loss: -0.079610, Reg: 0.002085
Iter 320 of 344 Loss: -0.085442, NCC_Loss: -0.087663, Reg: 0.002221
Iter 330 of 344 Loss: -0.074115, NCC_Loss: -0.076329, Reg: 0.002214
Iter 340 of 344 Loss: -0.083439, NCC_Loss: -0.085630, Reg: 0.002191
Epoch 141 Loss: -0.081263
Epoch 141 Validation: Mean EPE: 7.2591, Mean SSIM: 0.1876, Mean ZNCC: -0.0369
Epoch 142 starts
Iter 10 of 344 Loss: -0.083770, NCC_Loss: -0.086010, Reg: 0.002240
Iter 20 of 344 Loss: -0.075437, NCC_Loss: -0.077502, Reg: 0.002065
Iter 30 of 344 Loss: -0.076796, NCC_Loss: -0.079057, Reg: 0.002261
Iter 40 of 344 Loss: -0.080414, NCC_Loss: -0.082745, Reg: 0.002331
Iter 50 of 344 Loss: -0.083116, NCC_Loss: -0.085364, Reg: 0.002248
Iter 60 of 344 Loss: -0.083488, NCC_Loss: -0.085619, Reg: 0.002131
Iter 70 of 344 Loss: -0.081089, NCC_Loss: -0.083272, Reg: 0.002184
Iter 80 of 344 Loss: -0.084591, NCC_Loss: -0.086806, Reg: 0.002215
Iter 90 of 344 Loss: -0.074112, NCC_Loss: -0.076388, Reg: 0.002276
Iter 100 of 344 Loss: -0.080130, NCC_Loss: -0.082272, Reg: 0.002141
Iter 110 of 344 Loss: -0.083251, NCC_Loss: -0.085414, Reg: 0.002163
Iter 120 of 344 Loss: -0.076275, NCC_Loss: -0.078381, Reg: 0.002106
Iter 130 of 344 Loss: -0.086653, NCC_Loss: -0.088892, Reg: 0.002240
Iter 140 of 344 Loss: -0.078733, NCC_Loss: -0.080838, Reg: 0.002104
Iter 150 of 344 Loss: -0.081150, NCC_Loss: -0.083319, Reg: 0.002169
Iter 160 of 344 Loss: -0.087166, NCC_Loss: -0.089271, Reg: 0.002104
Iter 170 of 344 Loss: -0.082312, NCC_Loss: -0.084435, Reg: 0.002123
Iter 180 of 344 Loss: -0.081024, NCC_Loss: -0.083206, Reg: 0.002183
Iter 190 of 344 Loss: -0.079640, NCC_Loss: -0.081780, Reg: 0.002140
Iter 200 of 344 Loss: -0.079960, NCC_Loss: -0.082067, Reg: 0.002106
Iter 210 of 344 Loss: -0.078853, NCC_Loss: -0.081087, Reg: 0.002233
Iter 220 of 344 Loss: -0.079543, NCC_Loss: -0.081803, Reg: 0.002259
Iter 230 of 344 Loss: -0.077775, NCC_Loss: -0.079944, Reg: 0.002169
Iter 240 of 344 Loss: -0.080832, NCC_Loss: -0.083013, Reg: 0.002181
Iter 250 of 344 Loss: -0.085780, NCC_Loss: -0.087861, Reg: 0.002081
Iter 260 of 344 Loss: -0.090057, NCC_Loss: -0.092220, Reg: 0.002163
Iter 270 of 344 Loss: -0.079506, NCC_Loss: -0.081666, Reg: 0.002160
Iter 280 of 344 Loss: -0.082686, NCC_Loss: -0.084754, Reg: 0.002068
Iter 290 of 344 Loss: -0.078349, NCC_Loss: -0.080484, Reg: 0.002135
Iter 300 of 344 Loss: -0.077991, NCC_Loss: -0.080011, Reg: 0.002020
Iter 310 of 344 Loss: -0.075681, NCC_Loss: -0.077906, Reg: 0.002225
Iter 320 of 344 Loss: -0.082051, NCC_Loss: -0.084140, Reg: 0.002088
Iter 330 of 344 Loss: -0.077185, NCC_Loss: -0.079211, Reg: 0.002026
Iter 340 of 344 Loss: -0.083526, NCC_Loss: -0.085646, Reg: 0.002120
Epoch 142 Loss: -0.081355
Epoch 142 Validation: Mean EPE: 7.2586, Mean SSIM: 0.1877, Mean ZNCC: -0.0368
Epoch 143 starts
Iter 10 of 344 Loss: -0.075616, NCC_Loss: -0.077691, Reg: 0.002075
Iter 20 of 344 Loss: -0.086230, NCC_Loss: -0.088350, Reg: 0.002120
Iter 30 of 344 Loss: -0.084786, NCC_Loss: -0.086884, Reg: 0.002098
Iter 40 of 344 Loss: -0.074470, NCC_Loss: -0.076612, Reg: 0.002142
Iter 50 of 344 Loss: -0.081243, NCC_Loss: -0.083346, Reg: 0.002103
Iter 60 of 344 Loss: -0.087166, NCC_Loss: -0.089213, Reg: 0.002047
Iter 70 of 344 Loss: -0.083624, NCC_Loss: -0.085702, Reg: 0.002078
Iter 80 of 344 Loss: -0.084467, NCC_Loss: -0.086663, Reg: 0.002195
Iter 90 of 344 Loss: -0.077487, NCC_Loss: -0.079436, Reg: 0.001950
Iter 100 of 344 Loss: -0.073020, NCC_Loss: -0.075186, Reg: 0.002166
Iter 110 of 344 Loss: -0.083416, NCC_Loss: -0.085626, Reg: 0.002210
Iter 120 of 344 Loss: -0.087985, NCC_Loss: -0.090261, Reg: 0.002276
Iter 130 of 344 Loss: -0.075194, NCC_Loss: -0.077309, Reg: 0.002114
Iter 140 of 344 Loss: -0.072317, NCC_Loss: -0.074361, Reg: 0.002043
Iter 150 of 344 Loss: -0.083363, NCC_Loss: -0.085609, Reg: 0.002245
Iter 160 of 344 Loss: -0.089083, NCC_Loss: -0.091208, Reg: 0.002125
Iter 170 of 344 Loss: -0.086451, NCC_Loss: -0.088647, Reg: 0.002197
Iter 180 of 344 Loss: -0.089815, NCC_Loss: -0.091952, Reg: 0.002137
Iter 190 of 344 Loss: -0.084837, NCC_Loss: -0.086896, Reg: 0.002059
Iter 200 of 344 Loss: -0.076726, NCC_Loss: -0.078735, Reg: 0.002009
Iter 210 of 344 Loss: -0.079327, NCC_Loss: -0.081429, Reg: 0.002101
Iter 220 of 344 Loss: -0.080439, NCC_Loss: -0.082595, Reg: 0.002156
Iter 230 of 344 Loss: -0.086674, NCC_Loss: -0.088825, Reg: 0.002151
Iter 240 of 344 Loss: -0.081055, NCC_Loss: -0.083038, Reg: 0.001983
Iter 250 of 344 Loss: -0.080283, NCC_Loss: -0.082373, Reg: 0.002090
Iter 260 of 344 Loss: -0.082028, NCC_Loss: -0.084206, Reg: 0.002178
Iter 270 of 344 Loss: -0.085713, NCC_Loss: -0.087835, Reg: 0.002121
Iter 280 of 344 Loss: -0.081275, NCC_Loss: -0.083445, Reg: 0.002170
Iter 290 of 344 Loss: -0.080216, NCC_Loss: -0.082274, Reg: 0.002058
Iter 300 of 344 Loss: -0.082824, NCC_Loss: -0.084913, Reg: 0.002089
Iter 310 of 344 Loss: -0.080296, NCC_Loss: -0.082349, Reg: 0.002053
Iter 320 of 344 Loss: -0.086583, NCC_Loss: -0.088764, Reg: 0.002181
Iter 330 of 344 Loss: -0.083092, NCC_Loss: -0.085175, Reg: 0.002083
Iter 340 of 344 Loss: -0.087616, NCC_Loss: -0.089709, Reg: 0.002092
Epoch 143 Loss: -0.081435
Epoch 143 Validation: Mean EPE: 7.2583, Mean SSIM: 0.1877, Mean ZNCC: -0.0368
Epoch 144 starts
Iter 10 of 344 Loss: -0.077671, NCC_Loss: -0.079832, Reg: 0.002161
Iter 20 of 344 Loss: -0.073347, NCC_Loss: -0.075436, Reg: 0.002089
Iter 30 of 344 Loss: -0.078452, NCC_Loss: -0.080616, Reg: 0.002164
Iter 40 of 344 Loss: -0.083689, NCC_Loss: -0.085886, Reg: 0.002196
Iter 50 of 344 Loss: -0.078088, NCC_Loss: -0.080221, Reg: 0.002134
Iter 60 of 344 Loss: -0.081143, NCC_Loss: -0.083258, Reg: 0.002115
Iter 70 of 344 Loss: -0.082035, NCC_Loss: -0.084144, Reg: 0.002109
Iter 80 of 344 Loss: -0.084662, NCC_Loss: -0.086685, Reg: 0.002022
Iter 90 of 344 Loss: -0.080742, NCC_Loss: -0.082881, Reg: 0.002139
Iter 100 of 344 Loss: -0.083618, NCC_Loss: -0.085751, Reg: 0.002132
Iter 110 of 344 Loss: -0.080406, NCC_Loss: -0.082449, Reg: 0.002043
Iter 120 of 344 Loss: -0.081255, NCC_Loss: -0.083444, Reg: 0.002189
Iter 130 of 344 Loss: -0.084929, NCC_Loss: -0.087077, Reg: 0.002148
Iter 140 of 344 Loss: -0.079823, NCC_Loss: -0.081988, Reg: 0.002165
Iter 150 of 344 Loss: -0.077304, NCC_Loss: -0.079358, Reg: 0.002054
Iter 160 of 344 Loss: -0.081506, NCC_Loss: -0.083647, Reg: 0.002140
Iter 170 of 344 Loss: -0.077020, NCC_Loss: -0.079096, Reg: 0.002075
Iter 180 of 344 Loss: -0.075371, NCC_Loss: -0.077472, Reg: 0.002101
Iter 190 of 344 Loss: -0.091584, NCC_Loss: -0.093755, Reg: 0.002171
Iter 200 of 344 Loss: -0.080872, NCC_Loss: -0.083086, Reg: 0.002214
Iter 210 of 344 Loss: -0.081567, NCC_Loss: -0.083663, Reg: 0.002096
Iter 220 of 344 Loss: -0.076934, NCC_Loss: -0.079069, Reg: 0.002136
Iter 230 of 344 Loss: -0.083716, NCC_Loss: -0.086047, Reg: 0.002332
Iter 240 of 344 Loss: -0.089372, NCC_Loss: -0.091528, Reg: 0.002156
Iter 250 of 344 Loss: -0.079553, NCC_Loss: -0.081644, Reg: 0.002092
Iter 260 of 344 Loss: -0.088016, NCC_Loss: -0.090294, Reg: 0.002278
Iter 270 of 344 Loss: -0.079663, NCC_Loss: -0.081632, Reg: 0.001969
Iter 280 of 344 Loss: -0.075348, NCC_Loss: -0.077417, Reg: 0.002070
Iter 290 of 344 Loss: -0.079209, NCC_Loss: -0.081461, Reg: 0.002252
Iter 300 of 344 Loss: -0.084896, NCC_Loss: -0.087123, Reg: 0.002227
Iter 310 of 344 Loss: -0.086763, NCC_Loss: -0.089009, Reg: 0.002246
Iter 320 of 344 Loss: -0.082073, NCC_Loss: -0.084163, Reg: 0.002090
Iter 330 of 344 Loss: -0.079695, NCC_Loss: -0.081745, Reg: 0.002050
Iter 340 of 344 Loss: -0.081475, NCC_Loss: -0.083610, Reg: 0.002135
Epoch 144 Loss: -0.081485
Epoch 144 Validation: Mean EPE: 7.2584, Mean SSIM: 0.1878, Mean ZNCC: -0.0367
Epoch 145 starts
Iter 10 of 344 Loss: -0.077975, NCC_Loss: -0.080068, Reg: 0.002092
Iter 20 of 344 Loss: -0.076503, NCC_Loss: -0.078711, Reg: 0.002207
Iter 30 of 344 Loss: -0.081618, NCC_Loss: -0.083943, Reg: 0.002324
Iter 40 of 344 Loss: -0.081645, NCC_Loss: -0.083719, Reg: 0.002073
Iter 50 of 344 Loss: -0.082385, NCC_Loss: -0.084577, Reg: 0.002192
Iter 60 of 344 Loss: -0.082344, NCC_Loss: -0.084546, Reg: 0.002201
Iter 70 of 344 Loss: -0.079320, NCC_Loss: -0.081377, Reg: 0.002058
Iter 80 of 344 Loss: -0.080521, NCC_Loss: -0.082673, Reg: 0.002153
Iter 90 of 344 Loss: -0.080221, NCC_Loss: -0.082401, Reg: 0.002180
Iter 100 of 344 Loss: -0.084347, NCC_Loss: -0.086432, Reg: 0.002085
Iter 110 of 344 Loss: -0.082024, NCC_Loss: -0.084068, Reg: 0.002044
Iter 120 of 344 Loss: -0.079076, NCC_Loss: -0.081237, Reg: 0.002161
Iter 130 of 344 Loss: -0.079819, NCC_Loss: -0.081805, Reg: 0.001987
Iter 140 of 344 Loss: -0.077903, NCC_Loss: -0.080045, Reg: 0.002143
Iter 150 of 344 Loss: -0.080250, NCC_Loss: -0.082340, Reg: 0.002090
Iter 160 of 344 Loss: -0.090444, NCC_Loss: -0.092568, Reg: 0.002125
Iter 170 of 344 Loss: -0.083407, NCC_Loss: -0.085532, Reg: 0.002125
Iter 180 of 344 Loss: -0.082286, NCC_Loss: -0.084374, Reg: 0.002087
Iter 190 of 344 Loss: -0.078450, NCC_Loss: -0.080523, Reg: 0.002072
Iter 200 of 344 Loss: -0.083791, NCC_Loss: -0.086010, Reg: 0.002219
Iter 210 of 344 Loss: -0.082359, NCC_Loss: -0.084511, Reg: 0.002152
Iter 220 of 344 Loss: -0.077383, NCC_Loss: -0.079522, Reg: 0.002139
Iter 230 of 344 Loss: -0.073832, NCC_Loss: -0.075973, Reg: 0.002141
Iter 240 of 344 Loss: -0.083890, NCC_Loss: -0.086012, Reg: 0.002122
Iter 250 of 344 Loss: -0.080665, NCC_Loss: -0.082653, Reg: 0.001988
Iter 260 of 344 Loss: -0.077820, NCC_Loss: -0.079934, Reg: 0.002114
Iter 270 of 344 Loss: -0.073496, NCC_Loss: -0.075653, Reg: 0.002156
Iter 280 of 344 Loss: -0.086121, NCC_Loss: -0.088223, Reg: 0.002102
Iter 290 of 344 Loss: -0.080278, NCC_Loss: -0.082430, Reg: 0.002151
Iter 300 of 344 Loss: -0.084022, NCC_Loss: -0.086101, Reg: 0.002078
Iter 310 of 344 Loss: -0.076057, NCC_Loss: -0.078247, Reg: 0.002190
Iter 320 of 344 Loss: -0.089311, NCC_Loss: -0.091350, Reg: 0.002039
Iter 330 of 344 Loss: -0.080871, NCC_Loss: -0.082909, Reg: 0.002038
Iter 340 of 344 Loss: -0.077051, NCC_Loss: -0.079148, Reg: 0.002097
Epoch 145 Loss: -0.081531
Epoch 145 Validation: Mean EPE: 7.2580, Mean SSIM: 0.1878, Mean ZNCC: -0.0367
Epoch 146 starts
Iter 10 of 344 Loss: -0.083306, NCC_Loss: -0.085481, Reg: 0.002175
Iter 20 of 344 Loss: -0.075938, NCC_Loss: -0.077869, Reg: 0.001932
Iter 30 of 344 Loss: -0.080602, NCC_Loss: -0.082753, Reg: 0.002151
Iter 40 of 344 Loss: -0.079474, NCC_Loss: -0.081393, Reg: 0.001919
Iter 50 of 344 Loss: -0.083145, NCC_Loss: -0.085281, Reg: 0.002136
Iter 60 of 344 Loss: -0.085205, NCC_Loss: -0.087265, Reg: 0.002060
Iter 70 of 344 Loss: -0.082536, NCC_Loss: -0.084606, Reg: 0.002069
Iter 80 of 344 Loss: -0.080127, NCC_Loss: -0.082341, Reg: 0.002213
Iter 90 of 344 Loss: -0.080022, NCC_Loss: -0.082083, Reg: 0.002061
Iter 100 of 344 Loss: -0.088711, NCC_Loss: -0.090724, Reg: 0.002013
Iter 110 of 344 Loss: -0.077587, NCC_Loss: -0.079759, Reg: 0.002172
Iter 120 of 344 Loss: -0.076898, NCC_Loss: -0.078793, Reg: 0.001894
Iter 130 of 344 Loss: -0.080778, NCC_Loss: -0.082867, Reg: 0.002089
Iter 140 of 344 Loss: -0.080033, NCC_Loss: -0.082107, Reg: 0.002074
Iter 150 of 344 Loss: -0.080895, NCC_Loss: -0.083045, Reg: 0.002150
Iter 160 of 344 Loss: -0.080158, NCC_Loss: -0.082090, Reg: 0.001932
Iter 170 of 344 Loss: -0.081010, NCC_Loss: -0.083038, Reg: 0.002028
Iter 180 of 344 Loss: -0.077747, NCC_Loss: -0.079806, Reg: 0.002060
Iter 190 of 344 Loss: -0.079215, NCC_Loss: -0.081176, Reg: 0.001961
Iter 200 of 344 Loss: -0.085589, NCC_Loss: -0.087583, Reg: 0.001994
Iter 210 of 344 Loss: -0.078222, NCC_Loss: -0.080241, Reg: 0.002019
Iter 220 of 344 Loss: -0.085642, NCC_Loss: -0.087737, Reg: 0.002095
Iter 230 of 344 Loss: -0.079817, NCC_Loss: -0.081937, Reg: 0.002119
Iter 240 of 344 Loss: -0.083702, NCC_Loss: -0.085870, Reg: 0.002169
Iter 250 of 344 Loss: -0.082001, NCC_Loss: -0.084082, Reg: 0.002081
Iter 260 of 344 Loss: -0.083631, NCC_Loss: -0.085733, Reg: 0.002101
Iter 270 of 344 Loss: -0.082894, NCC_Loss: -0.084918, Reg: 0.002024
Iter 280 of 344 Loss: -0.082924, NCC_Loss: -0.084927, Reg: 0.002004
Iter 290 of 344 Loss: -0.077067, NCC_Loss: -0.079159, Reg: 0.002092
Iter 300 of 344 Loss: -0.074721, NCC_Loss: -0.076679, Reg: 0.001958
Iter 310 of 344 Loss: -0.087977, NCC_Loss: -0.090007, Reg: 0.002030
Iter 320 of 344 Loss: -0.084764, NCC_Loss: -0.086952, Reg: 0.002187
Iter 330 of 344 Loss: -0.083117, NCC_Loss: -0.085073, Reg: 0.001956
Iter 340 of 344 Loss: -0.083896, NCC_Loss: -0.085859, Reg: 0.001963
Epoch 146 Loss: -0.081601
Epoch 146 Validation: Mean EPE: 7.2577, Mean SSIM: 0.1879, Mean ZNCC: -0.0367
Epoch 147 starts
Iter 10 of 344 Loss: -0.076555, NCC_Loss: -0.078651, Reg: 0.002096
Iter 20 of 344 Loss: -0.088753, NCC_Loss: -0.090828, Reg: 0.002075
Iter 30 of 344 Loss: -0.087497, NCC_Loss: -0.089522, Reg: 0.002025
Iter 40 of 344 Loss: -0.083273, NCC_Loss: -0.085420, Reg: 0.002147
Iter 50 of 344 Loss: -0.082776, NCC_Loss: -0.084868, Reg: 0.002092
Iter 60 of 344 Loss: -0.078931, NCC_Loss: -0.080921, Reg: 0.001990
Iter 70 of 344 Loss: -0.080666, NCC_Loss: -0.082841, Reg: 0.002175
Iter 80 of 344 Loss: -0.083409, NCC_Loss: -0.085476, Reg: 0.002066
Iter 90 of 344 Loss: -0.076698, NCC_Loss: -0.078735, Reg: 0.002037
Iter 100 of 344 Loss: -0.080539, NCC_Loss: -0.082609, Reg: 0.002070
Iter 110 of 344 Loss: -0.086955, NCC_Loss: -0.089059, Reg: 0.002104
Iter 120 of 344 Loss: -0.078935, NCC_Loss: -0.081119, Reg: 0.002184
Iter 130 of 344 Loss: -0.078420, NCC_Loss: -0.080609, Reg: 0.002189
Iter 140 of 344 Loss: -0.080164, NCC_Loss: -0.082219, Reg: 0.002054
Iter 150 of 344 Loss: -0.080597, NCC_Loss: -0.082578, Reg: 0.001982
Iter 160 of 344 Loss: -0.078632, NCC_Loss: -0.080862, Reg: 0.002230
Iter 170 of 344 Loss: -0.080891, NCC_Loss: -0.082842, Reg: 0.001951
Iter 180 of 344 Loss: -0.086487, NCC_Loss: -0.088529, Reg: 0.002042
Iter 190 of 344 Loss: -0.072984, NCC_Loss: -0.075132, Reg: 0.002148
Iter 200 of 344 Loss: -0.087212, NCC_Loss: -0.089371, Reg: 0.002159
Iter 210 of 344 Loss: -0.078431, NCC_Loss: -0.080334, Reg: 0.001903
Iter 220 of 344 Loss: -0.079733, NCC_Loss: -0.081937, Reg: 0.002204
Iter 230 of 344 Loss: -0.082066, NCC_Loss: -0.084071, Reg: 0.002005
Iter 240 of 344 Loss: -0.082919, NCC_Loss: -0.084910, Reg: 0.001991
Iter 250 of 344 Loss: -0.079895, NCC_Loss: -0.082089, Reg: 0.002194
Iter 260 of 344 Loss: -0.075884, NCC_Loss: -0.079275, Reg: 0.003391
Iter 270 of 344 Loss: -0.079333, NCC_Loss: -0.083074, Reg: 0.003741
Iter 280 of 344 Loss: -0.077663, NCC_Loss: -0.081230, Reg: 0.003567
Iter 290 of 344 Loss: -0.083450, NCC_Loss: -0.087312, Reg: 0.003862
Iter 300 of 344 Loss: -0.076154, NCC_Loss: -0.079987, Reg: 0.003833
Iter 310 of 344 Loss: -0.072644, NCC_Loss: -0.076479, Reg: 0.003835
Iter 320 of 344 Loss: -0.074675, NCC_Loss: -0.078336, Reg: 0.003662
Iter 330 of 344 Loss: -0.079952, NCC_Loss: -0.083758, Reg: 0.003806
Iter 340 of 344 Loss: -0.076694, NCC_Loss: -0.080474, Reg: 0.003779
Epoch 147 Loss: -0.080567
Epoch 147 Validation: Mean EPE: 7.2710, Mean SSIM: 0.1822, Mean ZNCC: -0.0341
Epoch 148 starts
Iter 10 of 344 Loss: -0.072037, NCC_Loss: -0.075890, Reg: 0.003852
Iter 20 of 344 Loss: -0.083049, NCC_Loss: -0.086829, Reg: 0.003779
Iter 30 of 344 Loss: -0.077379, NCC_Loss: -0.081063, Reg: 0.003684
Iter 40 of 344 Loss: -0.075756, NCC_Loss: -0.079318, Reg: 0.003562
Iter 50 of 344 Loss: -0.086589, NCC_Loss: -0.090496, Reg: 0.003907
Iter 60 of 344 Loss: -0.072651, NCC_Loss: -0.076406, Reg: 0.003755
Iter 70 of 344 Loss: -0.081861, NCC_Loss: -0.085576, Reg: 0.003715
Iter 80 of 344 Loss: -0.080830, NCC_Loss: -0.084570, Reg: 0.003740
Iter 90 of 344 Loss: -0.076379, NCC_Loss: -0.080182, Reg: 0.003803
Iter 100 of 344 Loss: -0.083913, NCC_Loss: -0.087605, Reg: 0.003692
Iter 110 of 344 Loss: -0.081784, NCC_Loss: -0.085309, Reg: 0.003524
Iter 120 of 344 Loss: -0.076456, NCC_Loss: -0.080172, Reg: 0.003716
Iter 130 of 344 Loss: -0.074932, NCC_Loss: -0.078576, Reg: 0.003644
Iter 140 of 344 Loss: -0.074729, NCC_Loss: -0.078477, Reg: 0.003748
Iter 150 of 344 Loss: -0.076551, NCC_Loss: -0.080182, Reg: 0.003631
Iter 160 of 344 Loss: -0.079069, NCC_Loss: -0.082452, Reg: 0.003383
Iter 170 of 344 Loss: -0.081672, NCC_Loss: -0.085277, Reg: 0.003605
Iter 180 of 344 Loss: -0.075437, NCC_Loss: -0.078912, Reg: 0.003475
Iter 190 of 344 Loss: -0.066552, NCC_Loss: -0.070065, Reg: 0.003513
Iter 200 of 344 Loss: -0.071429, NCC_Loss: -0.075030, Reg: 0.003602
Iter 210 of 344 Loss: -0.074367, NCC_Loss: -0.078047, Reg: 0.003679
Iter 220 of 344 Loss: -0.078232, NCC_Loss: -0.082159, Reg: 0.003927
Iter 230 of 344 Loss: -0.074911, NCC_Loss: -0.078540, Reg: 0.003629
Iter 240 of 344 Loss: -0.075449, NCC_Loss: -0.078980, Reg: 0.003531
Iter 250 of 344 Loss: -0.077327, NCC_Loss: -0.080802, Reg: 0.003476
Iter 260 of 344 Loss: -0.072368, NCC_Loss: -0.075832, Reg: 0.003464
Iter 270 of 344 Loss: -0.077374, NCC_Loss: -0.080849, Reg: 0.003475
Iter 280 of 344 Loss: -0.074701, NCC_Loss: -0.078196, Reg: 0.003494
Iter 290 of 344 Loss: -0.076413, NCC_Loss: -0.080064, Reg: 0.003651
Iter 300 of 344 Loss: -0.073228, NCC_Loss: -0.077058, Reg: 0.003830
Iter 310 of 344 Loss: -0.079355, NCC_Loss: -0.082849, Reg: 0.003494
Iter 320 of 344 Loss: -0.082364, NCC_Loss: -0.085696, Reg: 0.003332
Iter 330 of 344 Loss: -0.077096, NCC_Loss: -0.080757, Reg: 0.003661
Iter 340 of 344 Loss: -0.078211, NCC_Loss: -0.081969, Reg: 0.003757
Epoch 148 Loss: -0.077612
Epoch 148 Validation: Mean EPE: 7.2687, Mean SSIM: 0.1827, Mean ZNCC: -0.0338
Epoch 149 starts
Iter 10 of 344 Loss: -0.077396, NCC_Loss: -0.080860, Reg: 0.003464
Iter 20 of 344 Loss: -0.075182, NCC_Loss: -0.078595, Reg: 0.003413
Iter 30 of 344 Loss: -0.074424, NCC_Loss: -0.078033, Reg: 0.003610
Iter 40 of 344 Loss: -0.077833, NCC_Loss: -0.081325, Reg: 0.003492
Iter 50 of 344 Loss: -0.082659, NCC_Loss: -0.086291, Reg: 0.003632
Iter 60 of 344 Loss: -0.077607, NCC_Loss: -0.081157, Reg: 0.003550
Iter 70 of 344 Loss: -0.073953, NCC_Loss: -0.077361, Reg: 0.003408
Iter 80 of 344 Loss: -0.075751, NCC_Loss: -0.079152, Reg: 0.003401
Iter 90 of 344 Loss: -0.072867, NCC_Loss: -0.076485, Reg: 0.003618
Iter 100 of 344 Loss: -0.073734, NCC_Loss: -0.077228, Reg: 0.003494
Iter 110 of 344 Loss: -0.077317, NCC_Loss: -0.080702, Reg: 0.003384
Iter 120 of 344 Loss: -0.081831, NCC_Loss: -0.085413, Reg: 0.003582
Iter 130 of 344 Loss: -0.078437, NCC_Loss: -0.081972, Reg: 0.003536
Iter 140 of 344 Loss: -0.081856, NCC_Loss: -0.085256, Reg: 0.003400
Iter 150 of 344 Loss: -0.075426, NCC_Loss: -0.078803, Reg: 0.003377
Iter 160 of 344 Loss: -0.077762, NCC_Loss: -0.081179, Reg: 0.003417
Iter 170 of 344 Loss: -0.081408, NCC_Loss: -0.084644, Reg: 0.003236
Iter 180 of 344 Loss: -0.088083, NCC_Loss: -0.091515, Reg: 0.003432
Iter 190 of 344 Loss: -0.076086, NCC_Loss: -0.079429, Reg: 0.003342
Iter 200 of 344 Loss: -0.075610, NCC_Loss: -0.079289, Reg: 0.003679
Iter 210 of 344 Loss: -0.078341, NCC_Loss: -0.081543, Reg: 0.003202
Iter 220 of 344 Loss: -0.079565, NCC_Loss: -0.082895, Reg: 0.003330
Iter 230 of 344 Loss: -0.082016, NCC_Loss: -0.085482, Reg: 0.003466
Iter 240 of 344 Loss: -0.078294, NCC_Loss: -0.081823, Reg: 0.003530
Iter 250 of 344 Loss: -0.076995, NCC_Loss: -0.080163, Reg: 0.003169
Iter 260 of 344 Loss: -0.085888, NCC_Loss: -0.089236, Reg: 0.003348
Iter 270 of 344 Loss: -0.075775, NCC_Loss: -0.079128, Reg: 0.003353
Iter 280 of 344 Loss: -0.079974, NCC_Loss: -0.083341, Reg: 0.003366
Iter 290 of 344 Loss: -0.076523, NCC_Loss: -0.079771, Reg: 0.003248
Iter 300 of 344 Loss: -0.083029, NCC_Loss: -0.086277, Reg: 0.003248
Iter 310 of 344 Loss: -0.073973, NCC_Loss: -0.077338, Reg: 0.003366
Iter 320 of 344 Loss: -0.073562, NCC_Loss: -0.076989, Reg: 0.003427
Iter 330 of 344 Loss: -0.072126, NCC_Loss: -0.075284, Reg: 0.003158
Iter 340 of 344 Loss: -0.082851, NCC_Loss: -0.086389, Reg: 0.003538
Epoch 149 Loss: -0.078057
Epoch 149 Validation: Mean EPE: 7.2668, Mean SSIM: 0.1830, Mean ZNCC: -0.0338
Epoch 150 starts
Iter 10 of 344 Loss: -0.082417, NCC_Loss: -0.085880, Reg: 0.003463
Iter 20 of 344 Loss: -0.071204, NCC_Loss: -0.074678, Reg: 0.003474
Iter 30 of 344 Loss: -0.072738, NCC_Loss: -0.075896, Reg: 0.003158
Iter 40 of 344 Loss: -0.086395, NCC_Loss: -0.089653, Reg: 0.003258
Iter 50 of 344 Loss: -0.066580, NCC_Loss: -0.069800, Reg: 0.003220
Iter 60 of 344 Loss: -0.081107, NCC_Loss: -0.084348, Reg: 0.003241
Iter 70 of 344 Loss: -0.086365, NCC_Loss: -0.089640, Reg: 0.003275
Iter 80 of 344 Loss: -0.067895, NCC_Loss: -0.071043, Reg: 0.003147
Iter 90 of 344 Loss: -0.080389, NCC_Loss: -0.083528, Reg: 0.003139
Iter 100 of 344 Loss: -0.079329, NCC_Loss: -0.082601, Reg: 0.003271
Iter 110 of 344 Loss: -0.080269, NCC_Loss: -0.083535, Reg: 0.003266
Iter 120 of 344 Loss: -0.069290, NCC_Loss: -0.072647, Reg: 0.003357
Iter 130 of 344 Loss: -0.073289, NCC_Loss: -0.076763, Reg: 0.003475
Iter 140 of 344 Loss: -0.079986, NCC_Loss: -0.083075, Reg: 0.003089
Iter 150 of 344 Loss: -0.078391, NCC_Loss: -0.081741, Reg: 0.003351
Iter 160 of 344 Loss: -0.076525, NCC_Loss: -0.079583, Reg: 0.003058
Iter 170 of 344 Loss: -0.080570, NCC_Loss: -0.083979, Reg: 0.003409
Iter 180 of 344 Loss: -0.081882, NCC_Loss: -0.085114, Reg: 0.003232
Iter 190 of 344 Loss: -0.077172, NCC_Loss: -0.080730, Reg: 0.003558
Iter 200 of 344 Loss: -0.081336, NCC_Loss: -0.084508, Reg: 0.003172
Iter 210 of 344 Loss: -0.079729, NCC_Loss: -0.082988, Reg: 0.003259
Iter 220 of 344 Loss: -0.080405, NCC_Loss: -0.083809, Reg: 0.003404
Iter 230 of 344 Loss: -0.080238, NCC_Loss: -0.083556, Reg: 0.003318
Iter 240 of 344 Loss: -0.075361, NCC_Loss: -0.078723, Reg: 0.003362
Iter 250 of 344 Loss: -0.079264, NCC_Loss: -0.082644, Reg: 0.003379
Iter 260 of 344 Loss: -0.076639, NCC_Loss: -0.080380, Reg: 0.003741
Iter 270 of 344 Loss: -0.075794, NCC_Loss: -0.079357, Reg: 0.003563
Iter 280 of 344 Loss: -0.080282, NCC_Loss: -0.083766, Reg: 0.003484
Iter 290 of 344 Loss: -0.075972, NCC_Loss: -0.079364, Reg: 0.003391
Iter 300 of 344 Loss: -0.079682, NCC_Loss: -0.083206, Reg: 0.003523
Iter 310 of 344 Loss: -0.082988, NCC_Loss: -0.086574, Reg: 0.003587
Iter 320 of 344 Loss: -0.071557, NCC_Loss: -0.075138, Reg: 0.003580
Iter 330 of 344 Loss: -0.071554, NCC_Loss: -0.074960, Reg: 0.003406
Iter 340 of 344 Loss: -0.079730, NCC_Loss: -0.082968, Reg: 0.003238
Epoch 150 Loss: -0.078372
Epoch 150 Validation: Mean EPE: 7.2655, Mean SSIM: 0.1835, Mean ZNCC: -0.0341
Epoch 151 starts
Iter 10 of 344 Loss: -0.078562, NCC_Loss: -0.081841, Reg: 0.003280
Iter 20 of 344 Loss: -0.081598, NCC_Loss: -0.085097, Reg: 0.003499
Iter 30 of 344 Loss: -0.085371, NCC_Loss: -0.088880, Reg: 0.003509
Iter 40 of 344 Loss: -0.074753, NCC_Loss: -0.078237, Reg: 0.003484
Iter 50 of 344 Loss: -0.070183, NCC_Loss: -0.073730, Reg: 0.003547
Iter 60 of 344 Loss: -0.082467, NCC_Loss: -0.085668, Reg: 0.003201
Iter 70 of 344 Loss: -0.079934, NCC_Loss: -0.083458, Reg: 0.003524
Iter 80 of 344 Loss: -0.078478, NCC_Loss: -0.081665, Reg: 0.003187
Iter 90 of 344 Loss: -0.075752, NCC_Loss: -0.079050, Reg: 0.003297
Iter 100 of 344 Loss: -0.076989, NCC_Loss: -0.080576, Reg: 0.003587
Iter 110 of 344 Loss: -0.077361, NCC_Loss: -0.080746, Reg: 0.003385
Iter 120 of 344 Loss: -0.088221, NCC_Loss: -0.091626, Reg: 0.003405
Iter 130 of 344 Loss: -0.078995, NCC_Loss: -0.082478, Reg: 0.003484
Iter 140 of 344 Loss: -0.078513, NCC_Loss: -0.081777, Reg: 0.003265
Iter 150 of 344 Loss: -0.076124, NCC_Loss: -0.079358, Reg: 0.003234
Iter 160 of 344 Loss: -0.075891, NCC_Loss: -0.079055, Reg: 0.003164
Iter 170 of 344 Loss: -0.078603, NCC_Loss: -0.081837, Reg: 0.003234
Iter 180 of 344 Loss: -0.075026, NCC_Loss: -0.078388, Reg: 0.003362
Iter 190 of 344 Loss: -0.076539, NCC_Loss: -0.079785, Reg: 0.003246
Iter 200 of 344 Loss: -0.078283, NCC_Loss: -0.081568, Reg: 0.003285
Iter 210 of 344 Loss: -0.077172, NCC_Loss: -0.080483, Reg: 0.003312
Iter 220 of 344 Loss: -0.083365, NCC_Loss: -0.086604, Reg: 0.003240
Iter 230 of 344 Loss: -0.081693, NCC_Loss: -0.084945, Reg: 0.003252
Iter 240 of 344 Loss: -0.083819, NCC_Loss: -0.087163, Reg: 0.003345
Iter 250 of 344 Loss: -0.075421, NCC_Loss: -0.078612, Reg: 0.003191
Iter 260 of 344 Loss: -0.074680, NCC_Loss: -0.077995, Reg: 0.003316
Iter 270 of 344 Loss: -0.081180, NCC_Loss: -0.084397, Reg: 0.003217
Iter 280 of 344 Loss: -0.076972, NCC_Loss: -0.080362, Reg: 0.003390
Iter 290 of 344 Loss: -0.077780, NCC_Loss: -0.080899, Reg: 0.003119
Iter 300 of 344 Loss: -0.082848, NCC_Loss: -0.086273, Reg: 0.003425
Iter 310 of 344 Loss: -0.084206, NCC_Loss: -0.087314, Reg: 0.003108
Iter 320 of 344 Loss: -0.081160, NCC_Loss: -0.084454, Reg: 0.003294
Iter 330 of 344 Loss: -0.083246, NCC_Loss: -0.086518, Reg: 0.003272
Iter 340 of 344 Loss: -0.077455, NCC_Loss: -0.080853, Reg: 0.003397
Epoch 151 Loss: -0.078606
Epoch 151 Validation: Mean EPE: 7.2641, Mean SSIM: 0.1838, Mean ZNCC: -0.0341
Epoch 152 starts
Iter 10 of 344 Loss: -0.075590, NCC_Loss: -0.078610, Reg: 0.003020
Iter 20 of 344 Loss: -0.083404, NCC_Loss: -0.086849, Reg: 0.003445
Iter 30 of 344 Loss: -0.079492, NCC_Loss: -0.082866, Reg: 0.003373
Iter 40 of 344 Loss: -0.078934, NCC_Loss: -0.082292, Reg: 0.003357
Iter 50 of 344 Loss: -0.081678, NCC_Loss: -0.084833, Reg: 0.003155
Iter 60 of 344 Loss: -0.079539, NCC_Loss: -0.082920, Reg: 0.003381
Iter 70 of 344 Loss: -0.081950, NCC_Loss: -0.084991, Reg: 0.003041
Iter 80 of 344 Loss: -0.075639, NCC_Loss: -0.078869, Reg: 0.003231
Iter 90 of 344 Loss: -0.076319, NCC_Loss: -0.079458, Reg: 0.003138
Iter 100 of 344 Loss: -0.082075, NCC_Loss: -0.085199, Reg: 0.003124
Iter 110 of 344 Loss: -0.082366, NCC_Loss: -0.085529, Reg: 0.003162
Iter 120 of 344 Loss: -0.080548, NCC_Loss: -0.083654, Reg: 0.003106
Iter 130 of 344 Loss: -0.071921, NCC_Loss: -0.074985, Reg: 0.003064
Iter 140 of 344 Loss: -0.080828, NCC_Loss: -0.084078, Reg: 0.003251
Iter 150 of 344 Loss: -0.073582, NCC_Loss: -0.076671, Reg: 0.003089
Iter 160 of 344 Loss: -0.082895, NCC_Loss: -0.085992, Reg: 0.003098
Iter 170 of 344 Loss: -0.077905, NCC_Loss: -0.080859, Reg: 0.002954
Iter 180 of 344 Loss: -0.073511, NCC_Loss: -0.076756, Reg: 0.003245
Iter 190 of 344 Loss: -0.075833, NCC_Loss: -0.078947, Reg: 0.003114
Iter 200 of 344 Loss: -0.081590, NCC_Loss: -0.084637, Reg: 0.003046
Iter 210 of 344 Loss: -0.077600, NCC_Loss: -0.080653, Reg: 0.003053
Iter 220 of 344 Loss: -0.072745, NCC_Loss: -0.075779, Reg: 0.003035
Iter 230 of 344 Loss: -0.077984, NCC_Loss: -0.081236, Reg: 0.003252
Iter 240 of 344 Loss: -0.081134, NCC_Loss: -0.084351, Reg: 0.003218
Iter 250 of 344 Loss: -0.080736, NCC_Loss: -0.083838, Reg: 0.003102
Iter 260 of 344 Loss: -0.079025, NCC_Loss: -0.082114, Reg: 0.003088
Iter 270 of 344 Loss: -0.086544, NCC_Loss: -0.089525, Reg: 0.002981
Iter 280 of 344 Loss: -0.074600, NCC_Loss: -0.077691, Reg: 0.003091
Iter 290 of 344 Loss: -0.083559, NCC_Loss: -0.086627, Reg: 0.003068
Iter 300 of 344 Loss: -0.078988, NCC_Loss: -0.082037, Reg: 0.003049
Iter 310 of 344 Loss: -0.077215, NCC_Loss: -0.080240, Reg: 0.003025
Iter 320 of 344 Loss: -0.078496, NCC_Loss: -0.081692, Reg: 0.003196
Iter 330 of 344 Loss: -0.075289, NCC_Loss: -0.078534, Reg: 0.003246
Iter 340 of 344 Loss: -0.079124, NCC_Loss: -0.082348, Reg: 0.003224
Epoch 152 Loss: -0.078858
Epoch 152 Validation: Mean EPE: 7.2630, Mean SSIM: 0.1840, Mean ZNCC: -0.0342
Epoch 153 starts
Iter 10 of 344 Loss: -0.083867, NCC_Loss: -0.086928, Reg: 0.003060
Iter 20 of 344 Loss: -0.082051, NCC_Loss: -0.085237, Reg: 0.003186
Iter 30 of 344 Loss: -0.081153, NCC_Loss: -0.084422, Reg: 0.003269
Iter 40 of 344 Loss: -0.075172, NCC_Loss: -0.078256, Reg: 0.003084
Iter 50 of 344 Loss: -0.079010, NCC_Loss: -0.081994, Reg: 0.002984
Iter 60 of 344 Loss: -0.077404, NCC_Loss: -0.080740, Reg: 0.003336
Iter 70 of 344 Loss: -0.076537, NCC_Loss: -0.079615, Reg: 0.003079
Iter 80 of 344 Loss: -0.077155, NCC_Loss: -0.080145, Reg: 0.002991
Iter 90 of 344 Loss: -0.074700, NCC_Loss: -0.077626, Reg: 0.002926
Iter 100 of 344 Loss: -0.085718, NCC_Loss: -0.088706, Reg: 0.002988
Iter 110 of 344 Loss: -0.087998, NCC_Loss: -0.091115, Reg: 0.003116
Iter 120 of 344 Loss: -0.083554, NCC_Loss: -0.086665, Reg: 0.003111
Iter 130 of 344 Loss: -0.078027, NCC_Loss: -0.081162, Reg: 0.003135
Iter 140 of 344 Loss: -0.083898, NCC_Loss: -0.086915, Reg: 0.003017
Iter 150 of 344 Loss: -0.081184, NCC_Loss: -0.084309, Reg: 0.003125
Iter 160 of 344 Loss: -0.080378, NCC_Loss: -0.083379, Reg: 0.003001
Iter 170 of 344 Loss: -0.074991, NCC_Loss: -0.078072, Reg: 0.003082
Iter 180 of 344 Loss: -0.079755, NCC_Loss: -0.082801, Reg: 0.003046
Iter 190 of 344 Loss: -0.080800, NCC_Loss: -0.084098, Reg: 0.003298
Iter 200 of 344 Loss: -0.083351, NCC_Loss: -0.086397, Reg: 0.003045
Iter 210 of 344 Loss: -0.080612, NCC_Loss: -0.083772, Reg: 0.003160
Iter 220 of 344 Loss: -0.080672, NCC_Loss: -0.083636, Reg: 0.002964
Iter 230 of 344 Loss: -0.076178, NCC_Loss: -0.079167, Reg: 0.002989
Iter 240 of 344 Loss: -0.078887, NCC_Loss: -0.081848, Reg: 0.002961
Iter 250 of 344 Loss: -0.077701, NCC_Loss: -0.080610, Reg: 0.002909
Iter 260 of 344 Loss: -0.075626, NCC_Loss: -0.078768, Reg: 0.003143
Iter 270 of 344 Loss: -0.076002, NCC_Loss: -0.078988, Reg: 0.002986
Iter 280 of 344 Loss: -0.078499, NCC_Loss: -0.081525, Reg: 0.003026
Iter 290 of 344 Loss: -0.076358, NCC_Loss: -0.079362, Reg: 0.003004
Iter 300 of 344 Loss: -0.074087, NCC_Loss: -0.076920, Reg: 0.002833
Iter 310 of 344 Loss: -0.075245, NCC_Loss: -0.078246, Reg: 0.003001
Iter 320 of 344 Loss: -0.088846, NCC_Loss: -0.091884, Reg: 0.003037
Iter 330 of 344 Loss: -0.086962, NCC_Loss: -0.090194, Reg: 0.003233
Iter 340 of 344 Loss: -0.082767, NCC_Loss: -0.085781, Reg: 0.003014
Epoch 153 Loss: -0.079065
Epoch 153 Validation: Mean EPE: 7.2622, Mean SSIM: 0.1841, Mean ZNCC: -0.0342
Epoch 154 starts
Iter 10 of 344 Loss: -0.080802, NCC_Loss: -0.083821, Reg: 0.003019
Iter 20 of 344 Loss: -0.081323, NCC_Loss: -0.084107, Reg: 0.002784
Iter 30 of 344 Loss: -0.080447, NCC_Loss: -0.083545, Reg: 0.003098
Iter 40 of 344 Loss: -0.080159, NCC_Loss: -0.083174, Reg: 0.003015
Iter 50 of 344 Loss: -0.075168, NCC_Loss: -0.078015, Reg: 0.002847
Iter 60 of 344 Loss: -0.078364, NCC_Loss: -0.081377, Reg: 0.003013
Iter 70 of 344 Loss: -0.081694, NCC_Loss: -0.084571, Reg: 0.002877
Iter 80 of 344 Loss: -0.084903, NCC_Loss: -0.087784, Reg: 0.002882
Iter 90 of 344 Loss: -0.077534, NCC_Loss: -0.080821, Reg: 0.003287
Iter 100 of 344 Loss: -0.080164, NCC_Loss: -0.083195, Reg: 0.003031
Iter 110 of 344 Loss: -0.077662, NCC_Loss: -0.080598, Reg: 0.002936
Iter 120 of 344 Loss: -0.073309, NCC_Loss: -0.076056, Reg: 0.002747
Iter 130 of 344 Loss: -0.079354, NCC_Loss: -0.082202, Reg: 0.002848
Iter 140 of 344 Loss: -0.077843, NCC_Loss: -0.080812, Reg: 0.002969
Iter 150 of 344 Loss: -0.082899, NCC_Loss: -0.086140, Reg: 0.003240
Iter 160 of 344 Loss: -0.074891, NCC_Loss: -0.077710, Reg: 0.002819
Iter 170 of 344 Loss: -0.076867, NCC_Loss: -0.079902, Reg: 0.003035
Iter 180 of 344 Loss: -0.079946, NCC_Loss: -0.082874, Reg: 0.002928
Iter 190 of 344 Loss: -0.076058, NCC_Loss: -0.078913, Reg: 0.002855
Iter 200 of 344 Loss: -0.078433, NCC_Loss: -0.081251, Reg: 0.002819
Iter 210 of 344 Loss: -0.073738, NCC_Loss: -0.076769, Reg: 0.003031
Iter 220 of 344 Loss: -0.075880, NCC_Loss: -0.078575, Reg: 0.002696
Iter 230 of 344 Loss: -0.078769, NCC_Loss: -0.081525, Reg: 0.002756
Iter 240 of 344 Loss: -0.080897, NCC_Loss: -0.083728, Reg: 0.002831
Iter 250 of 344 Loss: -0.074736, NCC_Loss: -0.077571, Reg: 0.002835
Iter 260 of 344 Loss: -0.082757, NCC_Loss: -0.085735, Reg: 0.002978
Iter 270 of 344 Loss: -0.086030, NCC_Loss: -0.088950, Reg: 0.002920
Iter 280 of 344 Loss: -0.082548, NCC_Loss: -0.085450, Reg: 0.002902
Iter 290 of 344 Loss: -0.077707, NCC_Loss: -0.080734, Reg: 0.003027
Iter 300 of 344 Loss: -0.077533, NCC_Loss: -0.080688, Reg: 0.003155
Iter 310 of 344 Loss: -0.081585, NCC_Loss: -0.084646, Reg: 0.003061
Iter 320 of 344 Loss: -0.087554, NCC_Loss: -0.090600, Reg: 0.003046
Iter 330 of 344 Loss: -0.076004, NCC_Loss: -0.078930, Reg: 0.002926
Iter 340 of 344 Loss: -0.073882, NCC_Loss: -0.076696, Reg: 0.002814
Epoch 154 Loss: -0.079242
Epoch 154 Validation: Mean EPE: 7.2615, Mean SSIM: 0.1843, Mean ZNCC: -0.0342
Epoch 155 starts
Iter 10 of 344 Loss: -0.078753, NCC_Loss: -0.081668, Reg: 0.002915
Iter 20 of 344 Loss: -0.079823, NCC_Loss: -0.082807, Reg: 0.002984
Iter 30 of 344 Loss: -0.072671, NCC_Loss: -0.075444, Reg: 0.002773
Iter 40 of 344 Loss: -0.077837, NCC_Loss: -0.080708, Reg: 0.002871
Iter 50 of 344 Loss: -0.079806, NCC_Loss: -0.082862, Reg: 0.003055
Iter 60 of 344 Loss: -0.079151, NCC_Loss: -0.082029, Reg: 0.002878
Iter 70 of 344 Loss: -0.077687, NCC_Loss: -0.080554, Reg: 0.002868
Iter 80 of 344 Loss: -0.076514, NCC_Loss: -0.079402, Reg: 0.002889
Iter 90 of 344 Loss: -0.082087, NCC_Loss: -0.085091, Reg: 0.003004
Iter 100 of 344 Loss: -0.076899, NCC_Loss: -0.079635, Reg: 0.002736
Iter 110 of 344 Loss: -0.083540, NCC_Loss: -0.086300, Reg: 0.002760
Iter 120 of 344 Loss: -0.080613, NCC_Loss: -0.083475, Reg: 0.002862
Iter 130 of 344 Loss: -0.081180, NCC_Loss: -0.084034, Reg: 0.002854
Iter 140 of 344 Loss: -0.081567, NCC_Loss: -0.084462, Reg: 0.002895
Iter 150 of 344 Loss: -0.084556, NCC_Loss: -0.087158, Reg: 0.002602
Iter 160 of 344 Loss: -0.075588, NCC_Loss: -0.078221, Reg: 0.002633
Iter 170 of 344 Loss: -0.079566, NCC_Loss: -0.082182, Reg: 0.002616
Iter 180 of 344 Loss: -0.078734, NCC_Loss: -0.081304, Reg: 0.002570
Iter 190 of 344 Loss: -0.079169, NCC_Loss: -0.081797, Reg: 0.002628
Iter 200 of 344 Loss: -0.072530, NCC_Loss: -0.075041, Reg: 0.002511
Iter 210 of 344 Loss: -0.081557, NCC_Loss: -0.084328, Reg: 0.002771
Iter 220 of 344 Loss: -0.079231, NCC_Loss: -0.081900, Reg: 0.002669
Iter 230 of 344 Loss: -0.074034, NCC_Loss: -0.076714, Reg: 0.002680
Iter 240 of 344 Loss: -0.078565, NCC_Loss: -0.081110, Reg: 0.002546
Iter 250 of 344 Loss: -0.078669, NCC_Loss: -0.081372, Reg: 0.002703
Iter 260 of 344 Loss: -0.080942, NCC_Loss: -0.083518, Reg: 0.002576
Iter 270 of 344 Loss: -0.081871, NCC_Loss: -0.084579, Reg: 0.002708
Iter 280 of 344 Loss: -0.078586, NCC_Loss: -0.081173, Reg: 0.002587
Iter 290 of 344 Loss: -0.075173, NCC_Loss: -0.077745, Reg: 0.002571
Iter 300 of 344 Loss: -0.077527, NCC_Loss: -0.080265, Reg: 0.002738
Iter 310 of 344 Loss: -0.078207, NCC_Loss: -0.080974, Reg: 0.002767
Iter 320 of 344 Loss: -0.076702, NCC_Loss: -0.079333, Reg: 0.002631
Iter 330 of 344 Loss: -0.077807, NCC_Loss: -0.080564, Reg: 0.002757
Iter 340 of 344 Loss: -0.076554, NCC_Loss: -0.079245, Reg: 0.002691
Epoch 155 Loss: -0.079134
Epoch 155 Validation: Mean EPE: 7.2603, Mean SSIM: 0.1844, Mean ZNCC: -0.0342
Epoch 156 starts
Iter 10 of 344 Loss: -0.077760, NCC_Loss: -0.080331, Reg: 0.002571
Iter 20 of 344 Loss: -0.074961, NCC_Loss: -0.077585, Reg: 0.002624
Iter 30 of 344 Loss: -0.076290, NCC_Loss: -0.078808, Reg: 0.002518
Iter 40 of 344 Loss: -0.077889, NCC_Loss: -0.080425, Reg: 0.002536
Iter 50 of 344 Loss: -0.084818, NCC_Loss: -0.087576, Reg: 0.002758
Iter 60 of 344 Loss: -0.075289, NCC_Loss: -0.077915, Reg: 0.002626
Iter 70 of 344 Loss: -0.078127, NCC_Loss: -0.080861, Reg: 0.002734
Iter 80 of 344 Loss: -0.074387, NCC_Loss: -0.077184, Reg: 0.002797
Iter 90 of 344 Loss: -0.082021, NCC_Loss: -0.084589, Reg: 0.002568
Iter 100 of 344 Loss: -0.077402, NCC_Loss: -0.079956, Reg: 0.002553
Iter 110 of 344 Loss: -0.084206, NCC_Loss: -0.086879, Reg: 0.002673
Iter 120 of 344 Loss: -0.084113, NCC_Loss: -0.086791, Reg: 0.002678
Iter 130 of 344 Loss: -0.083952, NCC_Loss: -0.086522, Reg: 0.002570
Iter 140 of 344 Loss: -0.081527, NCC_Loss: -0.084222, Reg: 0.002694
Iter 150 of 344 Loss: -0.082635, NCC_Loss: -0.085436, Reg: 0.002801
Iter 160 of 344 Loss: -0.078774, NCC_Loss: -0.081450, Reg: 0.002676
Iter 170 of 344 Loss: -0.069637, NCC_Loss: -0.072227, Reg: 0.002590
Iter 180 of 344 Loss: -0.083537, NCC_Loss: -0.085988, Reg: 0.002451
Iter 190 of 344 Loss: -0.080486, NCC_Loss: -0.083059, Reg: 0.002573
Iter 200 of 344 Loss: -0.078779, NCC_Loss: -0.081304, Reg: 0.002525
Iter 210 of 344 Loss: -0.076476, NCC_Loss: -0.079203, Reg: 0.002726
Iter 220 of 344 Loss: -0.083136, NCC_Loss: -0.085701, Reg: 0.002565
Iter 230 of 344 Loss: -0.078621, NCC_Loss: -0.081339, Reg: 0.002717
Iter 240 of 344 Loss: -0.078125, NCC_Loss: -0.080764, Reg: 0.002638
Iter 250 of 344 Loss: -0.075541, NCC_Loss: -0.078219, Reg: 0.002678
Iter 260 of 344 Loss: -0.075851, NCC_Loss: -0.078482, Reg: 0.002630
Iter 270 of 344 Loss: -0.074784, NCC_Loss: -0.077448, Reg: 0.002664
Iter 280 of 344 Loss: -0.088690, NCC_Loss: -0.091294, Reg: 0.002604
Iter 290 of 344 Loss: -0.084045, NCC_Loss: -0.086658, Reg: 0.002614
Iter 300 of 344 Loss: -0.078549, NCC_Loss: -0.081318, Reg: 0.002769
Iter 310 of 344 Loss: -0.085147, NCC_Loss: -0.087892, Reg: 0.002745
Iter 320 of 344 Loss: -0.074560, NCC_Loss: -0.077258, Reg: 0.002697
Iter 330 of 344 Loss: -0.076167, NCC_Loss: -0.078897, Reg: 0.002730
Iter 340 of 344 Loss: -0.078134, NCC_Loss: -0.080873, Reg: 0.002739
Epoch 156 Loss: -0.079317
Epoch 156 Validation: Mean EPE: 7.2595, Mean SSIM: 0.1846, Mean ZNCC: -0.0341
Epoch 157 starts
Iter 10 of 344 Loss: -0.079262, NCC_Loss: -0.081660, Reg: 0.002398
Iter 20 of 344 Loss: -0.078804, NCC_Loss: -0.081459, Reg: 0.002655
Iter 30 of 344 Loss: -0.078968, NCC_Loss: -0.081517, Reg: 0.002549
Iter 40 of 344 Loss: -0.080278, NCC_Loss: -0.083180, Reg: 0.002903
Iter 50 of 344 Loss: -0.077499, NCC_Loss: -0.080167, Reg: 0.002668
Iter 60 of 344 Loss: -0.086042, NCC_Loss: -0.088761, Reg: 0.002719
Iter 70 of 344 Loss: -0.075797, NCC_Loss: -0.078604, Reg: 0.002807
Iter 80 of 344 Loss: -0.079575, NCC_Loss: -0.082198, Reg: 0.002623
Iter 90 of 344 Loss: -0.075823, NCC_Loss: -0.078402, Reg: 0.002579
Iter 100 of 344 Loss: -0.080524, NCC_Loss: -0.083326, Reg: 0.002802
Iter 110 of 344 Loss: -0.076576, NCC_Loss: -0.079159, Reg: 0.002583
Iter 120 of 344 Loss: -0.076491, NCC_Loss: -0.079179, Reg: 0.002688
Iter 130 of 344 Loss: -0.078401, NCC_Loss: -0.081295, Reg: 0.002895
Iter 140 of 344 Loss: -0.081408, NCC_Loss: -0.083969, Reg: 0.002561
Iter 150 of 344 Loss: -0.074756, NCC_Loss: -0.077197, Reg: 0.002440
Iter 160 of 344 Loss: -0.079529, NCC_Loss: -0.082109, Reg: 0.002580
Iter 170 of 344 Loss: -0.080390, NCC_Loss: -0.083137, Reg: 0.002746
Iter 180 of 344 Loss: -0.087742, NCC_Loss: -0.090466, Reg: 0.002724
Iter 190 of 344 Loss: -0.082984, NCC_Loss: -0.085650, Reg: 0.002666
Iter 200 of 344 Loss: -0.083347, NCC_Loss: -0.086238, Reg: 0.002891
Iter 210 of 344 Loss: -0.074558, NCC_Loss: -0.077298, Reg: 0.002740
Iter 220 of 344 Loss: -0.080466, NCC_Loss: -0.083192, Reg: 0.002726
Iter 230 of 344 Loss: -0.077877, NCC_Loss: -0.080582, Reg: 0.002705
Iter 240 of 344 Loss: -0.088945, NCC_Loss: -0.091566, Reg: 0.002621
Iter 250 of 344 Loss: -0.081629, NCC_Loss: -0.084285, Reg: 0.002656
Iter 260 of 344 Loss: -0.078662, NCC_Loss: -0.081465, Reg: 0.002803
Iter 270 of 344 Loss: -0.085242, NCC_Loss: -0.087875, Reg: 0.002633
Iter 280 of 344 Loss: -0.078385, NCC_Loss: -0.081109, Reg: 0.002724
Iter 290 of 344 Loss: -0.074762, NCC_Loss: -0.077346, Reg: 0.002584
Iter 300 of 344 Loss: -0.079295, NCC_Loss: -0.082034, Reg: 0.002739
Iter 310 of 344 Loss: -0.082284, NCC_Loss: -0.085126, Reg: 0.002842
Iter 320 of 344 Loss: -0.077969, NCC_Loss: -0.080595, Reg: 0.002626
Iter 330 of 344 Loss: -0.079347, NCC_Loss: -0.081929, Reg: 0.002582
Iter 340 of 344 Loss: -0.075616, NCC_Loss: -0.078210, Reg: 0.002594
Epoch 157 Loss: -0.079501
Epoch 157 Validation: Mean EPE: 7.2588, Mean SSIM: 0.1848, Mean ZNCC: -0.0341
Epoch 158 starts
Iter 10 of 344 Loss: -0.076807, NCC_Loss: -0.079452, Reg: 0.002646
Iter 20 of 344 Loss: -0.086595, NCC_Loss: -0.089296, Reg: 0.002702
Iter 30 of 344 Loss: -0.071244, NCC_Loss: -0.073810, Reg: 0.002566
Iter 40 of 344 Loss: -0.074356, NCC_Loss: -0.077091, Reg: 0.002735
Iter 50 of 344 Loss: -0.078577, NCC_Loss: -0.081119, Reg: 0.002542
Iter 60 of 344 Loss: -0.076715, NCC_Loss: -0.079443, Reg: 0.002728
Iter 70 of 344 Loss: -0.080583, NCC_Loss: -0.083220, Reg: 0.002637
Iter 80 of 344 Loss: -0.075691, NCC_Loss: -0.078379, Reg: 0.002688
Iter 90 of 344 Loss: -0.083258, NCC_Loss: -0.085974, Reg: 0.002716
Iter 100 of 344 Loss: -0.080238, NCC_Loss: -0.083026, Reg: 0.002788
Iter 110 of 344 Loss: -0.079142, NCC_Loss: -0.081842, Reg: 0.002700
Iter 120 of 344 Loss: -0.070263, NCC_Loss: -0.072865, Reg: 0.002602
Iter 130 of 344 Loss: -0.080161, NCC_Loss: -0.082813, Reg: 0.002652
Iter 140 of 344 Loss: -0.076935, NCC_Loss: -0.079672, Reg: 0.002736
Iter 150 of 344 Loss: -0.078998, NCC_Loss: -0.081598, Reg: 0.002600
Iter 160 of 344 Loss: -0.086344, NCC_Loss: -0.088909, Reg: 0.002566
Iter 170 of 344 Loss: -0.081571, NCC_Loss: -0.084102, Reg: 0.002531
Iter 180 of 344 Loss: -0.076274, NCC_Loss: -0.079083, Reg: 0.002809
Iter 190 of 344 Loss: -0.075849, NCC_Loss: -0.078533, Reg: 0.002684
Iter 200 of 344 Loss: -0.080544, NCC_Loss: -0.083373, Reg: 0.002829
Iter 210 of 344 Loss: -0.079616, NCC_Loss: -0.082127, Reg: 0.002511
Iter 220 of 344 Loss: -0.079766, NCC_Loss: -0.082527, Reg: 0.002762
Iter 230 of 344 Loss: -0.073618, NCC_Loss: -0.076276, Reg: 0.002658
Iter 240 of 344 Loss: -0.082449, NCC_Loss: -0.085037, Reg: 0.002588
Iter 250 of 344 Loss: -0.078583, NCC_Loss: -0.081186, Reg: 0.002603
Iter 260 of 344 Loss: -0.076328, NCC_Loss: -0.079017, Reg: 0.002689
Iter 270 of 344 Loss: -0.080252, NCC_Loss: -0.082814, Reg: 0.002562
Iter 280 of 344 Loss: -0.083838, NCC_Loss: -0.086354, Reg: 0.002516
Iter 290 of 344 Loss: -0.083212, NCC_Loss: -0.085891, Reg: 0.002679
Iter 300 of 344 Loss: -0.081440, NCC_Loss: -0.084071, Reg: 0.002631
Iter 310 of 344 Loss: -0.077289, NCC_Loss: -0.079918, Reg: 0.002629
Iter 320 of 344 Loss: -0.078741, NCC_Loss: -0.081608, Reg: 0.002867
Iter 330 of 344 Loss: -0.081400, NCC_Loss: -0.083919, Reg: 0.002519
Iter 340 of 344 Loss: -0.074560, NCC_Loss: -0.077170, Reg: 0.002611
Epoch 158 Loss: -0.079675
Epoch 158 Validation: Mean EPE: 7.2584, Mean SSIM: 0.1849, Mean ZNCC: -0.0341
Epoch 159 starts
Iter 10 of 344 Loss: -0.086946, NCC_Loss: -0.089590, Reg: 0.002644
Iter 20 of 344 Loss: -0.083350, NCC_Loss: -0.086005, Reg: 0.002655
Iter 30 of 344 Loss: -0.079693, NCC_Loss: -0.082304, Reg: 0.002611
Iter 40 of 344 Loss: -0.075561, NCC_Loss: -0.078154, Reg: 0.002593
Iter 50 of 344 Loss: -0.081519, NCC_Loss: -0.084224, Reg: 0.002704
Iter 60 of 344 Loss: -0.079887, NCC_Loss: -0.082561, Reg: 0.002674
Iter 70 of 344 Loss: -0.082410, NCC_Loss: -0.085186, Reg: 0.002776
Iter 80 of 344 Loss: -0.085284, NCC_Loss: -0.087824, Reg: 0.002539
Iter 90 of 344 Loss: -0.078043, NCC_Loss: -0.080803, Reg: 0.002759
Iter 100 of 344 Loss: -0.084281, NCC_Loss: -0.086976, Reg: 0.002695
Iter 110 of 344 Loss: -0.082064, NCC_Loss: -0.084627, Reg: 0.002564
Iter 120 of 344 Loss: -0.079234, NCC_Loss: -0.081924, Reg: 0.002690
Iter 130 of 344 Loss: -0.079681, NCC_Loss: -0.082272, Reg: 0.002591
Iter 140 of 344 Loss: -0.077575, NCC_Loss: -0.080273, Reg: 0.002699
Iter 150 of 344 Loss: -0.088150, NCC_Loss: -0.090732, Reg: 0.002583
Iter 160 of 344 Loss: -0.075251, NCC_Loss: -0.077860, Reg: 0.002609
Iter 170 of 344 Loss: -0.074253, NCC_Loss: -0.076775, Reg: 0.002522
Iter 180 of 344 Loss: -0.081816, NCC_Loss: -0.084442, Reg: 0.002627
Iter 190 of 344 Loss: -0.081658, NCC_Loss: -0.084167, Reg: 0.002510
Iter 200 of 344 Loss: -0.082307, NCC_Loss: -0.085100, Reg: 0.002793
Iter 210 of 344 Loss: -0.088214, NCC_Loss: -0.091014, Reg: 0.002799
Iter 220 of 344 Loss: -0.077097, NCC_Loss: -0.079614, Reg: 0.002517
Iter 230 of 344 Loss: -0.079584, NCC_Loss: -0.082215, Reg: 0.002631
Iter 240 of 344 Loss: -0.084638, NCC_Loss: -0.087384, Reg: 0.002746
Iter 250 of 344 Loss: -0.081418, NCC_Loss: -0.083977, Reg: 0.002559
Iter 260 of 344 Loss: -0.082016, NCC_Loss: -0.084972, Reg: 0.002956
Iter 270 of 344 Loss: -0.079782, NCC_Loss: -0.082482, Reg: 0.002700
Iter 280 of 344 Loss: -0.077380, NCC_Loss: -0.080198, Reg: 0.002817
Iter 290 of 344 Loss: -0.080458, NCC_Loss: -0.082973, Reg: 0.002516
Iter 300 of 344 Loss: -0.077261, NCC_Loss: -0.079879, Reg: 0.002618
Iter 310 of 344 Loss: -0.089218, NCC_Loss: -0.091830, Reg: 0.002611
Iter 320 of 344 Loss: -0.081590, NCC_Loss: -0.084249, Reg: 0.002659
Iter 330 of 344 Loss: -0.077193, NCC_Loss: -0.079748, Reg: 0.002555
Iter 340 of 344 Loss: -0.073500, NCC_Loss: -0.076159, Reg: 0.002659
Epoch 159 Loss: -0.079811
Epoch 159 Validation: Mean EPE: 7.2581, Mean SSIM: 0.1850, Mean ZNCC: -0.0340
Epoch 160 starts
Iter 10 of 344 Loss: -0.081567, NCC_Loss: -0.084172, Reg: 0.002604
Iter 20 of 344 Loss: -0.079099, NCC_Loss: -0.081562, Reg: 0.002463
Iter 30 of 344 Loss: -0.084961, NCC_Loss: -0.087655, Reg: 0.002694
Iter 40 of 344 Loss: -0.077106, NCC_Loss: -0.079593, Reg: 0.002486
Iter 50 of 344 Loss: -0.077860, NCC_Loss: -0.080543, Reg: 0.002683
Iter 60 of 344 Loss: -0.084316, NCC_Loss: -0.087180, Reg: 0.002864
Iter 70 of 344 Loss: -0.077181, NCC_Loss: -0.079803, Reg: 0.002622
Iter 80 of 344 Loss: -0.079043, NCC_Loss: -0.081854, Reg: 0.002812
Iter 90 of 344 Loss: -0.082654, NCC_Loss: -0.085244, Reg: 0.002590
Iter 100 of 344 Loss: -0.084064, NCC_Loss: -0.086760, Reg: 0.002696
Iter 110 of 344 Loss: -0.081247, NCC_Loss: -0.083811, Reg: 0.002564
Iter 120 of 344 Loss: -0.074331, NCC_Loss: -0.076825, Reg: 0.002494
Iter 130 of 344 Loss: -0.079069, NCC_Loss: -0.081763, Reg: 0.002693
Iter 140 of 344 Loss: -0.078374, NCC_Loss: -0.081108, Reg: 0.002734
Iter 150 of 344 Loss: -0.080806, NCC_Loss: -0.083562, Reg: 0.002756
Iter 160 of 344 Loss: -0.083493, NCC_Loss: -0.086152, Reg: 0.002659
Iter 170 of 344 Loss: -0.078163, NCC_Loss: -0.080895, Reg: 0.002732
Iter 180 of 344 Loss: -0.077046, NCC_Loss: -0.079772, Reg: 0.002726
Iter 190 of 344 Loss: -0.074129, NCC_Loss: -0.076739, Reg: 0.002609
Iter 200 of 344 Loss: -0.081280, NCC_Loss: -0.083869, Reg: 0.002589
Iter 210 of 344 Loss: -0.077372, NCC_Loss: -0.079857, Reg: 0.002486
Iter 220 of 344 Loss: -0.088666, NCC_Loss: -0.091390, Reg: 0.002725
Iter 230 of 344 Loss: -0.082024, NCC_Loss: -0.084835, Reg: 0.002811
Iter 240 of 344 Loss: -0.085933, NCC_Loss: -0.088469, Reg: 0.002536
Iter 250 of 344 Loss: -0.074989, NCC_Loss: -0.077608, Reg: 0.002619
Iter 260 of 344 Loss: -0.075101, NCC_Loss: -0.077608, Reg: 0.002507
Iter 270 of 344 Loss: -0.078155, NCC_Loss: -0.080722, Reg: 0.002567
Iter 280 of 344 Loss: -0.088429, NCC_Loss: -0.091062, Reg: 0.002633
Iter 290 of 344 Loss: -0.077646, NCC_Loss: -0.080350, Reg: 0.002704
Iter 300 of 344 Loss: -0.073685, NCC_Loss: -0.076237, Reg: 0.002552
Iter 310 of 344 Loss: -0.076586, NCC_Loss: -0.078969, Reg: 0.002383
Iter 320 of 344 Loss: -0.084892, NCC_Loss: -0.087396, Reg: 0.002504
Iter 330 of 344 Loss: -0.084517, NCC_Loss: -0.087116, Reg: 0.002599
Iter 340 of 344 Loss: -0.087365, NCC_Loss: -0.090061, Reg: 0.002696
Epoch 160 Loss: -0.079925
Epoch 160 Validation: Mean EPE: 7.2578, Mean SSIM: 0.1851, Mean ZNCC: -0.0340
Epoch 161 starts
Iter 10 of 344 Loss: -0.079110, NCC_Loss: -0.081840, Reg: 0.002730
Iter 20 of 344 Loss: -0.083323, NCC_Loss: -0.085924, Reg: 0.002601
Iter 30 of 344 Loss: -0.071347, NCC_Loss: -0.073920, Reg: 0.002573
Iter 40 of 344 Loss: -0.078838, NCC_Loss: -0.081444, Reg: 0.002606
Iter 50 of 344 Loss: -0.077343, NCC_Loss: -0.079881, Reg: 0.002537
Iter 60 of 344 Loss: -0.081378, NCC_Loss: -0.084147, Reg: 0.002770
Iter 70 of 344 Loss: -0.083814, NCC_Loss: -0.086298, Reg: 0.002485
Iter 80 of 344 Loss: -0.076787, NCC_Loss: -0.079224, Reg: 0.002437
Iter 90 of 344 Loss: -0.080728, NCC_Loss: -0.083333, Reg: 0.002605
Iter 100 of 344 Loss: -0.080609, NCC_Loss: -0.083246, Reg: 0.002637
Iter 110 of 344 Loss: -0.082594, NCC_Loss: -0.085286, Reg: 0.002692
Iter 120 of 344 Loss: -0.083549, NCC_Loss: -0.086153, Reg: 0.002604
Iter 130 of 344 Loss: -0.078587, NCC_Loss: -0.081212, Reg: 0.002626
Iter 140 of 344 Loss: -0.087634, NCC_Loss: -0.090333, Reg: 0.002699
Iter 150 of 344 Loss: -0.078571, NCC_Loss: -0.081115, Reg: 0.002544
Iter 160 of 344 Loss: -0.080063, NCC_Loss: -0.082584, Reg: 0.002522
Iter 170 of 344 Loss: -0.078994, NCC_Loss: -0.081602, Reg: 0.002608
Iter 180 of 344 Loss: -0.074005, NCC_Loss: -0.076722, Reg: 0.002718
Iter 190 of 344 Loss: -0.079521, NCC_Loss: -0.082196, Reg: 0.002675
Iter 200 of 344 Loss: -0.075296, NCC_Loss: -0.077926, Reg: 0.002631
Iter 210 of 344 Loss: -0.077228, NCC_Loss: -0.079968, Reg: 0.002740
Iter 220 of 344 Loss: -0.072921, NCC_Loss: -0.075408, Reg: 0.002488
Iter 230 of 344 Loss: -0.079010, NCC_Loss: -0.081830, Reg: 0.002820
Iter 240 of 344 Loss: -0.079873, NCC_Loss: -0.082554, Reg: 0.002681
Iter 250 of 344 Loss: -0.079959, NCC_Loss: -0.082899, Reg: 0.002940
Iter 260 of 344 Loss: -0.085364, NCC_Loss: -0.087905, Reg: 0.002542
Iter 270 of 344 Loss: -0.078657, NCC_Loss: -0.081185, Reg: 0.002528
Iter 280 of 344 Loss: -0.079447, NCC_Loss: -0.081996, Reg: 0.002548
Iter 290 of 344 Loss: -0.086451, NCC_Loss: -0.089076, Reg: 0.002625
Iter 300 of 344 Loss: -0.078521, NCC_Loss: -0.081018, Reg: 0.002496
Iter 310 of 344 Loss: -0.076467, NCC_Loss: -0.079005, Reg: 0.002538
Iter 320 of 344 Loss: -0.081366, NCC_Loss: -0.083776, Reg: 0.002411
Iter 330 of 344 Loss: -0.084722, NCC_Loss: -0.087318, Reg: 0.002596
Iter 340 of 344 Loss: -0.090593, NCC_Loss: -0.093178, Reg: 0.002585
Epoch 161 Loss: -0.080027
Epoch 161 Validation: Mean EPE: 7.2576, Mean SSIM: 0.1852, Mean ZNCC: -0.0341
Epoch 162 starts
Iter 10 of 344 Loss: -0.087330, NCC_Loss: -0.089869, Reg: 0.002539
Iter 20 of 344 Loss: -0.076756, NCC_Loss: -0.079337, Reg: 0.002581
Iter 30 of 344 Loss: -0.082489, NCC_Loss: -0.085055, Reg: 0.002566
Iter 40 of 344 Loss: -0.075038, NCC_Loss: -0.077524, Reg: 0.002486
Iter 50 of 344 Loss: -0.080428, NCC_Loss: -0.082826, Reg: 0.002397
Iter 60 of 344 Loss: -0.088914, NCC_Loss: -0.091537, Reg: 0.002623
Iter 70 of 344 Loss: -0.078620, NCC_Loss: -0.081150, Reg: 0.002531
Iter 80 of 344 Loss: -0.076371, NCC_Loss: -0.079138, Reg: 0.002767
Iter 90 of 344 Loss: -0.077009, NCC_Loss: -0.079573, Reg: 0.002564
Iter 100 of 344 Loss: -0.086594, NCC_Loss: -0.089125, Reg: 0.002531
Iter 110 of 344 Loss: -0.084482, NCC_Loss: -0.087031, Reg: 0.002549
Iter 120 of 344 Loss: -0.076967, NCC_Loss: -0.079521, Reg: 0.002554
Iter 130 of 344 Loss: -0.083179, NCC_Loss: -0.085965, Reg: 0.002787
Iter 140 of 344 Loss: -0.078443, NCC_Loss: -0.081035, Reg: 0.002592
Iter 150 of 344 Loss: -0.086608, NCC_Loss: -0.089283, Reg: 0.002675
Iter 160 of 344 Loss: -0.080338, NCC_Loss: -0.082741, Reg: 0.002403
Iter 170 of 344 Loss: -0.079235, NCC_Loss: -0.081624, Reg: 0.002389
Iter 180 of 344 Loss: -0.083355, NCC_Loss: -0.085880, Reg: 0.002526
Iter 190 of 344 Loss: -0.083130, NCC_Loss: -0.085732, Reg: 0.002602
Iter 200 of 344 Loss: -0.079533, NCC_Loss: -0.082104, Reg: 0.002571
Iter 210 of 344 Loss: -0.080693, NCC_Loss: -0.083231, Reg: 0.002537
Iter 220 of 344 Loss: -0.078461, NCC_Loss: -0.080889, Reg: 0.002428
Iter 230 of 344 Loss: -0.081602, NCC_Loss: -0.083988, Reg: 0.002386
Iter 240 of 344 Loss: -0.077730, NCC_Loss: -0.080474, Reg: 0.002745
Iter 250 of 344 Loss: -0.079499, NCC_Loss: -0.082007, Reg: 0.002509
Iter 260 of 344 Loss: -0.086047, NCC_Loss: -0.088781, Reg: 0.002734
Iter 270 of 344 Loss: -0.079653, NCC_Loss: -0.082180, Reg: 0.002527
Iter 280 of 344 Loss: -0.076234, NCC_Loss: -0.078906, Reg: 0.002672
Iter 290 of 344 Loss: -0.079244, NCC_Loss: -0.081967, Reg: 0.002723
Iter 300 of 344 Loss: -0.076145, NCC_Loss: -0.078792, Reg: 0.002647
Iter 310 of 344 Loss: -0.087755, NCC_Loss: -0.090321, Reg: 0.002567
Iter 320 of 344 Loss: -0.078748, NCC_Loss: -0.081197, Reg: 0.002449
Iter 330 of 344 Loss: -0.076600, NCC_Loss: -0.079193, Reg: 0.002593
Iter 340 of 344 Loss: -0.084925, NCC_Loss: -0.087516, Reg: 0.002591
Epoch 162 Loss: -0.080116
Epoch 162 Validation: Mean EPE: 7.2573, Mean SSIM: 0.1852, Mean ZNCC: -0.0341
Epoch 163 starts
Iter 10 of 344 Loss: -0.081674, NCC_Loss: -0.084443, Reg: 0.002768
Iter 20 of 344 Loss: -0.077380, NCC_Loss: -0.079698, Reg: 0.002317
Iter 30 of 344 Loss: -0.075417, NCC_Loss: -0.078117, Reg: 0.002699
Iter 40 of 344 Loss: -0.080660, NCC_Loss: -0.083456, Reg: 0.002796
Iter 50 of 344 Loss: -0.081128, NCC_Loss: -0.083961, Reg: 0.002833
Iter 60 of 344 Loss: -0.078450, NCC_Loss: -0.081371, Reg: 0.002922
Iter 70 of 344 Loss: -0.075819, NCC_Loss: -0.078549, Reg: 0.002730
Iter 80 of 344 Loss: -0.082886, NCC_Loss: -0.085729, Reg: 0.002842
Iter 90 of 344 Loss: -0.078099, NCC_Loss: -0.080547, Reg: 0.002448
Iter 100 of 344 Loss: -0.075720, NCC_Loss: -0.078663, Reg: 0.002943
Iter 110 of 344 Loss: -0.069853, NCC_Loss: -0.072892, Reg: 0.003039
Iter 120 of 344 Loss: -0.071549, NCC_Loss: -0.074619, Reg: 0.003070
Iter 130 of 344 Loss: -0.070281, NCC_Loss: -0.073577, Reg: 0.003296
Iter 140 of 344 Loss: -0.075796, NCC_Loss: -0.078844, Reg: 0.003048
Iter 150 of 344 Loss: -0.081020, NCC_Loss: -0.084184, Reg: 0.003164
Iter 160 of 344 Loss: -0.079777, NCC_Loss: -0.082856, Reg: 0.003080
Iter 170 of 344 Loss: -0.074947, NCC_Loss: -0.078166, Reg: 0.003218
Iter 180 of 344 Loss: -0.077967, NCC_Loss: -0.081164, Reg: 0.003197
Iter 190 of 344 Loss: -0.077610, NCC_Loss: -0.080754, Reg: 0.003144
Iter 200 of 344 Loss: -0.076943, NCC_Loss: -0.080141, Reg: 0.003197
Iter 210 of 344 Loss: -0.078107, NCC_Loss: -0.081060, Reg: 0.002953
Iter 220 of 344 Loss: -0.078114, NCC_Loss: -0.081261, Reg: 0.003147
Iter 230 of 344 Loss: -0.074124, NCC_Loss: -0.077309, Reg: 0.003185
Iter 240 of 344 Loss: -0.080232, NCC_Loss: -0.083530, Reg: 0.003298
Iter 250 of 344 Loss: -0.074405, NCC_Loss: -0.077498, Reg: 0.003093
Iter 260 of 344 Loss: -0.072936, NCC_Loss: -0.076012, Reg: 0.003076
Iter 270 of 344 Loss: -0.080558, NCC_Loss: -0.083676, Reg: 0.003118
Iter 280 of 344 Loss: -0.069118, NCC_Loss: -0.072224, Reg: 0.003106
Iter 290 of 344 Loss: -0.074425, NCC_Loss: -0.077521, Reg: 0.003096
Iter 300 of 344 Loss: -0.073896, NCC_Loss: -0.077161, Reg: 0.003266
Iter 310 of 344 Loss: -0.074586, NCC_Loss: -0.077674, Reg: 0.003089
Iter 320 of 344 Loss: -0.071738, NCC_Loss: -0.074885, Reg: 0.003146
Iter 330 of 344 Loss: -0.073500, NCC_Loss: -0.076618, Reg: 0.003118
Iter 340 of 344 Loss: -0.073718, NCC_Loss: -0.076601, Reg: 0.002884
Epoch 163 Loss: -0.076958
Epoch 163 Validation: Mean EPE: 7.2621, Mean SSIM: 0.1808, Mean ZNCC: -0.0346
Epoch 164 starts
Iter 10 of 344 Loss: -0.075196, NCC_Loss: -0.078104, Reg: 0.002909
Iter 20 of 344 Loss: -0.076048, NCC_Loss: -0.078900, Reg: 0.002851
Iter 30 of 344 Loss: -0.067441, NCC_Loss: -0.070294, Reg: 0.002853
Iter 40 of 344 Loss: -0.079082, NCC_Loss: -0.082013, Reg: 0.002931
Iter 50 of 344 Loss: -0.075983, NCC_Loss: -0.079010, Reg: 0.003027
Iter 60 of 344 Loss: -0.072667, NCC_Loss: -0.075618, Reg: 0.002951
Iter 70 of 344 Loss: -0.072956, NCC_Loss: -0.075773, Reg: 0.002817
Iter 80 of 344 Loss: -0.073799, NCC_Loss: -0.076820, Reg: 0.003021
Iter 90 of 344 Loss: -0.076968, NCC_Loss: -0.079969, Reg: 0.003001
Iter 100 of 344 Loss: -0.075919, NCC_Loss: -0.078773, Reg: 0.002855
Iter 110 of 344 Loss: -0.078918, NCC_Loss: -0.081737, Reg: 0.002819
Iter 120 of 344 Loss: -0.075027, NCC_Loss: -0.077971, Reg: 0.002944
Iter 130 of 344 Loss: -0.080007, NCC_Loss: -0.082914, Reg: 0.002907
Iter 140 of 344 Loss: -0.077547, NCC_Loss: -0.080501, Reg: 0.002954
Iter 150 of 344 Loss: -0.077458, NCC_Loss: -0.080368, Reg: 0.002910
Iter 160 of 344 Loss: -0.074810, NCC_Loss: -0.077642, Reg: 0.002833
Iter 170 of 344 Loss: -0.078490, NCC_Loss: -0.081152, Reg: 0.002662
Iter 180 of 344 Loss: -0.069207, NCC_Loss: -0.072001, Reg: 0.002794
Iter 190 of 344 Loss: -0.076796, NCC_Loss: -0.079646, Reg: 0.002850
Iter 200 of 344 Loss: -0.082548, NCC_Loss: -0.085437, Reg: 0.002889
Iter 210 of 344 Loss: -0.074667, NCC_Loss: -0.077563, Reg: 0.002896
Iter 220 of 344 Loss: -0.080182, NCC_Loss: -0.082962, Reg: 0.002780
Iter 230 of 344 Loss: -0.080294, NCC_Loss: -0.083067, Reg: 0.002773
Iter 240 of 344 Loss: -0.078678, NCC_Loss: -0.081581, Reg: 0.002903
Iter 250 of 344 Loss: -0.081771, NCC_Loss: -0.084535, Reg: 0.002764
Iter 260 of 344 Loss: -0.073800, NCC_Loss: -0.076558, Reg: 0.002758
Iter 270 of 344 Loss: -0.077574, NCC_Loss: -0.080262, Reg: 0.002688
Iter 280 of 344 Loss: -0.079341, NCC_Loss: -0.082137, Reg: 0.002796
Iter 290 of 344 Loss: -0.074684, NCC_Loss: -0.077517, Reg: 0.002833
Iter 300 of 344 Loss: -0.070346, NCC_Loss: -0.073296, Reg: 0.002950
Iter 310 of 344 Loss: -0.071644, NCC_Loss: -0.074315, Reg: 0.002671
Iter 320 of 344 Loss: -0.071563, NCC_Loss: -0.074299, Reg: 0.002737
Iter 330 of 344 Loss: -0.078075, NCC_Loss: -0.080839, Reg: 0.002764
Iter 340 of 344 Loss: -0.074617, NCC_Loss: -0.077452, Reg: 0.002835
Epoch 164 Loss: -0.076129
Epoch 164 Validation: Mean EPE: 7.2569, Mean SSIM: 0.1789, Mean ZNCC: -0.0353
Epoch 165 starts
Iter 10 of 344 Loss: -0.071366, NCC_Loss: -0.074095, Reg: 0.002729
Iter 20 of 344 Loss: -0.077792, NCC_Loss: -0.080457, Reg: 0.002664
Iter 30 of 344 Loss: -0.079494, NCC_Loss: -0.082194, Reg: 0.002701
Iter 40 of 344 Loss: -0.075996, NCC_Loss: -0.078732, Reg: 0.002736
Iter 50 of 344 Loss: -0.069869, NCC_Loss: -0.072549, Reg: 0.002679
Iter 60 of 344 Loss: -0.075014, NCC_Loss: -0.077576, Reg: 0.002561
Iter 70 of 344 Loss: -0.078331, NCC_Loss: -0.081191, Reg: 0.002860
Iter 80 of 344 Loss: -0.079060, NCC_Loss: -0.082250, Reg: 0.003190
Iter 90 of 344 Loss: -0.077165, NCC_Loss: -0.080347, Reg: 0.003182
Iter 100 of 344 Loss: -0.072706, NCC_Loss: -0.075589, Reg: 0.002883
Iter 110 of 344 Loss: -0.071579, NCC_Loss: -0.075113, Reg: 0.003534
Iter 120 of 344 Loss: -0.074945, NCC_Loss: -0.078214, Reg: 0.003269
Iter 130 of 344 Loss: -0.073002, NCC_Loss: -0.077120, Reg: 0.004118
Iter 140 of 344 Loss: -0.072266, NCC_Loss: -0.075093, Reg: 0.002828
Iter 150 of 344 Loss: -0.074229, NCC_Loss: -0.077561, Reg: 0.003332
Iter 160 of 344 Loss: -0.076785, NCC_Loss: -0.079991, Reg: 0.003206
Iter 170 of 344 Loss: -0.077513, NCC_Loss: -0.080786, Reg: 0.003273
Iter 180 of 344 Loss: -0.072512, NCC_Loss: -0.075765, Reg: 0.003253
Iter 190 of 344 Loss: -0.078706, NCC_Loss: -0.081998, Reg: 0.003292
Iter 200 of 344 Loss: -0.073186, NCC_Loss: -0.076527, Reg: 0.003341
Iter 210 of 344 Loss: -0.070141, NCC_Loss: -0.073318, Reg: 0.003177
Iter 220 of 344 Loss: -0.071003, NCC_Loss: -0.074244, Reg: 0.003242
Iter 230 of 344 Loss: -0.069791, NCC_Loss: -0.072761, Reg: 0.002970
Iter 240 of 344 Loss: -0.078267, NCC_Loss: -0.081199, Reg: 0.002932
Iter 250 of 344 Loss: -0.065423, NCC_Loss: -0.068713, Reg: 0.003290
Iter 260 of 344 Loss: -0.069467, NCC_Loss: -0.073037, Reg: 0.003570
Iter 270 of 344 Loss: -0.073797, NCC_Loss: -0.077378, Reg: 0.003582
Iter 280 of 344 Loss: -0.067162, NCC_Loss: -0.069628, Reg: 0.002466
Iter 290 of 344 Loss: -0.066086, NCC_Loss: -0.069342, Reg: 0.003256
Iter 300 of 344 Loss: -0.074890, NCC_Loss: -0.078075, Reg: 0.003185
Iter 310 of 344 Loss: -0.067423, NCC_Loss: -0.070280, Reg: 0.002857
Iter 320 of 344 Loss: -0.072590, NCC_Loss: -0.076004, Reg: 0.003414
Iter 330 of 344 Loss: -0.076567, NCC_Loss: -0.079442, Reg: 0.002875
Iter 340 of 344 Loss: -0.070972, NCC_Loss: -0.073771, Reg: 0.002799
Epoch 165 Loss: -0.073797
Epoch 165 Validation: Mean EPE: 7.2610, Mean SSIM: 0.1752, Mean ZNCC: -0.0375
Epoch 166 starts
Iter 10 of 344 Loss: -0.072979, NCC_Loss: -0.076772, Reg: 0.003793
Iter 20 of 344 Loss: -0.077862, NCC_Loss: -0.080785, Reg: 0.002923
Iter 30 of 344 Loss: -0.080112, NCC_Loss: -0.083630, Reg: 0.003518
Iter 40 of 344 Loss: -0.074513, NCC_Loss: -0.078037, Reg: 0.003524
Iter 50 of 344 Loss: -0.067055, NCC_Loss: -0.070336, Reg: 0.003281
Iter 60 of 344 Loss: -0.069754, NCC_Loss: -0.073050, Reg: 0.003296
Iter 70 of 344 Loss: -0.068419, NCC_Loss: -0.072046, Reg: 0.003627
Iter 80 of 344 Loss: -0.071203, NCC_Loss: -0.074477, Reg: 0.003275
Iter 90 of 344 Loss: -0.075410, NCC_Loss: -0.079478, Reg: 0.004068
Iter 100 of 344 Loss: -0.073653, NCC_Loss: -0.077241, Reg: 0.003588
Iter 110 of 344 Loss: -0.063641, NCC_Loss: -0.066769, Reg: 0.003129
Iter 120 of 344 Loss: -0.076837, NCC_Loss: -0.079923, Reg: 0.003086
Iter 130 of 344 Loss: -0.071628, NCC_Loss: -0.075130, Reg: 0.003503
Iter 140 of 344 Loss: -0.071189, NCC_Loss: -0.074313, Reg: 0.003124
Iter 150 of 344 Loss: -0.069153, NCC_Loss: -0.072214, Reg: 0.003062
Iter 160 of 344 Loss: -0.065847, NCC_Loss: -0.068922, Reg: 0.003075
Iter 170 of 344 Loss: -0.076653, NCC_Loss: -0.079917, Reg: 0.003264
Iter 180 of 344 Loss: -0.070904, NCC_Loss: -0.074310, Reg: 0.003406
Iter 190 of 344 Loss: -0.075569, NCC_Loss: -0.078607, Reg: 0.003038
Iter 200 of 344 Loss: -0.074502, NCC_Loss: -0.077533, Reg: 0.003031
Iter 210 of 344 Loss: -0.082235, NCC_Loss: -0.085707, Reg: 0.003472
Iter 220 of 344 Loss: -0.071043, NCC_Loss: -0.074138, Reg: 0.003095
Iter 230 of 344 Loss: -0.067772, NCC_Loss: -0.070610, Reg: 0.002838
Iter 240 of 344 Loss: -0.074863, NCC_Loss: -0.078172, Reg: 0.003309
Iter 250 of 344 Loss: -0.075655, NCC_Loss: -0.078976, Reg: 0.003321
Iter 260 of 344 Loss: -0.072199, NCC_Loss: -0.075255, Reg: 0.003055
Iter 270 of 344 Loss: -0.075217, NCC_Loss: -0.078107, Reg: 0.002890
Iter 280 of 344 Loss: -0.075190, NCC_Loss: -0.078498, Reg: 0.003307
Iter 290 of 344 Loss: -0.066208, NCC_Loss: -0.069060, Reg: 0.002851
Iter 300 of 344 Loss: -0.066608, NCC_Loss: -0.069876, Reg: 0.003268
Iter 310 of 344 Loss: -0.077531, NCC_Loss: -0.080620, Reg: 0.003089
Iter 320 of 344 Loss: -0.070003, NCC_Loss: -0.073272, Reg: 0.003269
Iter 330 of 344 Loss: -0.067908, NCC_Loss: -0.071182, Reg: 0.003274
Iter 340 of 344 Loss: -0.074880, NCC_Loss: -0.078488, Reg: 0.003608
Epoch 166 Loss: -0.073296
Epoch 166 Validation: Mean EPE: 7.2611, Mean SSIM: 0.1753, Mean ZNCC: -0.0374
Epoch 167 starts
Iter 10 of 344 Loss: -0.076532, NCC_Loss: -0.080044, Reg: 0.003511
Iter 20 of 344 Loss: -0.079607, NCC_Loss: -0.082837, Reg: 0.003230
Iter 30 of 344 Loss: -0.081317, NCC_Loss: -0.084691, Reg: 0.003374
Iter 40 of 344 Loss: -0.074294, NCC_Loss: -0.077250, Reg: 0.002957
Iter 50 of 344 Loss: -0.072646, NCC_Loss: -0.076108, Reg: 0.003462
Iter 60 of 344 Loss: -0.067138, NCC_Loss: -0.070250, Reg: 0.003112
Iter 70 of 344 Loss: -0.074956, NCC_Loss: -0.078506, Reg: 0.003550
Iter 80 of 344 Loss: -0.070836, NCC_Loss: -0.074326, Reg: 0.003490
Iter 90 of 344 Loss: -0.072254, NCC_Loss: -0.075214, Reg: 0.002960
Iter 100 of 344 Loss: -0.072772, NCC_Loss: -0.076103, Reg: 0.003331
Iter 110 of 344 Loss: -0.077213, NCC_Loss: -0.080336, Reg: 0.003123
Iter 120 of 344 Loss: -0.078292, NCC_Loss: -0.081727, Reg: 0.003435
Iter 130 of 344 Loss: -0.074135, NCC_Loss: -0.077245, Reg: 0.003110
Iter 140 of 344 Loss: -0.070427, NCC_Loss: -0.073919, Reg: 0.003492
Iter 150 of 344 Loss: -0.073286, NCC_Loss: -0.077014, Reg: 0.003728
Iter 160 of 344 Loss: -0.071189, NCC_Loss: -0.074461, Reg: 0.003271
Iter 170 of 344 Loss: -0.071448, NCC_Loss: -0.074694, Reg: 0.003246
Iter 180 of 344 Loss: -0.075823, NCC_Loss: -0.079273, Reg: 0.003450
Iter 190 of 344 Loss: -0.073379, NCC_Loss: -0.076433, Reg: 0.003054
Iter 200 of 344 Loss: -0.072949, NCC_Loss: -0.076734, Reg: 0.003785
Iter 210 of 344 Loss: -0.081552, NCC_Loss: -0.085005, Reg: 0.003453
Iter 220 of 344 Loss: -0.074443, NCC_Loss: -0.078004, Reg: 0.003561
Iter 230 of 344 Loss: -0.084189, NCC_Loss: -0.088014, Reg: 0.003825
Iter 240 of 344 Loss: -0.080938, NCC_Loss: -0.084776, Reg: 0.003839
Iter 250 of 344 Loss: -0.070590, NCC_Loss: -0.074582, Reg: 0.003992
Iter 260 of 344 Loss: -0.074472, NCC_Loss: -0.077760, Reg: 0.003287
Iter 270 of 344 Loss: -0.072916, NCC_Loss: -0.076396, Reg: 0.003480
Iter 280 of 344 Loss: -0.074701, NCC_Loss: -0.078390, Reg: 0.003689
Iter 290 of 344 Loss: -0.069365, NCC_Loss: -0.072546, Reg: 0.003181
Iter 300 of 344 Loss: -0.075580, NCC_Loss: -0.079246, Reg: 0.003667
Iter 310 of 344 Loss: -0.074386, NCC_Loss: -0.077868, Reg: 0.003483
Iter 320 of 344 Loss: -0.075274, NCC_Loss: -0.078383, Reg: 0.003109
Iter 330 of 344 Loss: -0.070803, NCC_Loss: -0.074029, Reg: 0.003227
Iter 340 of 344 Loss: -0.073978, NCC_Loss: -0.078138, Reg: 0.004160
Epoch 167 Loss: -0.073415
Epoch 167 Validation: Mean EPE: 7.2619, Mean SSIM: 0.1769, Mean ZNCC: -0.0375
Epoch 168 starts
Iter 10 of 344 Loss: -0.071755, NCC_Loss: -0.075211, Reg: 0.003456
Iter 20 of 344 Loss: -0.069098, NCC_Loss: -0.073039, Reg: 0.003941
Iter 30 of 344 Loss: -0.073990, NCC_Loss: -0.077500, Reg: 0.003510
Iter 40 of 344 Loss: -0.074818, NCC_Loss: -0.078341, Reg: 0.003523
Iter 50 of 344 Loss: -0.071501, NCC_Loss: -0.075418, Reg: 0.003917
Iter 60 of 344 Loss: -0.074711, NCC_Loss: -0.078249, Reg: 0.003537
Iter 70 of 344 Loss: -0.075314, NCC_Loss: -0.079527, Reg: 0.004213
Iter 80 of 344 Loss: -0.079835, NCC_Loss: -0.083388, Reg: 0.003553
Iter 90 of 344 Loss: -0.074213, NCC_Loss: -0.077626, Reg: 0.003414
Iter 100 of 344 Loss: -0.077148, NCC_Loss: -0.080729, Reg: 0.003581
Iter 110 of 344 Loss: -0.076689, NCC_Loss: -0.080164, Reg: 0.003475
Iter 120 of 344 Loss: -0.077087, NCC_Loss: -0.081394, Reg: 0.004307
Iter 130 of 344 Loss: -0.073315, NCC_Loss: -0.077416, Reg: 0.004100
Iter 140 of 344 Loss: -0.076096, NCC_Loss: -0.079603, Reg: 0.003507
Iter 150 of 344 Loss: -0.072703, NCC_Loss: -0.076722, Reg: 0.004019
Iter 160 of 344 Loss: -0.075116, NCC_Loss: -0.079097, Reg: 0.003981
Iter 170 of 344 Loss: -0.069523, NCC_Loss: -0.072662, Reg: 0.003139
Iter 180 of 344 Loss: -0.069763, NCC_Loss: -0.073348, Reg: 0.003585
Iter 190 of 344 Loss: -0.073763, NCC_Loss: -0.078063, Reg: 0.004300
Iter 200 of 344 Loss: -0.074970, NCC_Loss: -0.078688, Reg: 0.003718
Iter 210 of 344 Loss: -0.073071, NCC_Loss: -0.076427, Reg: 0.003356
Iter 220 of 344 Loss: -0.068964, NCC_Loss: -0.072509, Reg: 0.003545
Iter 230 of 344 Loss: -0.073237, NCC_Loss: -0.076847, Reg: 0.003610
Iter 240 of 344 Loss: -0.074134, NCC_Loss: -0.078197, Reg: 0.004063
Iter 250 of 344 Loss: -0.067379, NCC_Loss: -0.071240, Reg: 0.003860
Iter 260 of 344 Loss: -0.074781, NCC_Loss: -0.077994, Reg: 0.003212
Iter 270 of 344 Loss: -0.077345, NCC_Loss: -0.081334, Reg: 0.003988
Iter 280 of 344 Loss: -0.073418, NCC_Loss: -0.076798, Reg: 0.003380
Iter 290 of 344 Loss: -0.069921, NCC_Loss: -0.073761, Reg: 0.003840
Iter 300 of 344 Loss: -0.079401, NCC_Loss: -0.083069, Reg: 0.003668
Iter 310 of 344 Loss: -0.072774, NCC_Loss: -0.076581, Reg: 0.003807
Iter 320 of 344 Loss: -0.067359, NCC_Loss: -0.070915, Reg: 0.003556
Iter 330 of 344 Loss: -0.065947, NCC_Loss: -0.069331, Reg: 0.003384
Iter 340 of 344 Loss: -0.069322, NCC_Loss: -0.072723, Reg: 0.003401
Epoch 168 Loss: -0.073525
Epoch 168 Validation: Mean EPE: 7.2620, Mean SSIM: 0.1770, Mean ZNCC: -0.0375
Epoch 169 starts
Iter 10 of 344 Loss: -0.069310, NCC_Loss: -0.072773, Reg: 0.003463
Iter 20 of 344 Loss: -0.074757, NCC_Loss: -0.078365, Reg: 0.003608
Iter 30 of 344 Loss: -0.076349, NCC_Loss: -0.079734, Reg: 0.003385
Iter 40 of 344 Loss: -0.073472, NCC_Loss: -0.077558, Reg: 0.004086
Iter 50 of 344 Loss: -0.074208, NCC_Loss: -0.078110, Reg: 0.003902
Iter 60 of 344 Loss: -0.080052, NCC_Loss: -0.083301, Reg: 0.003249
Iter 70 of 344 Loss: -0.066052, NCC_Loss: -0.069363, Reg: 0.003310
Iter 80 of 344 Loss: -0.068748, NCC_Loss: -0.072391, Reg: 0.003643
Iter 90 of 344 Loss: -0.076780, NCC_Loss: -0.080573, Reg: 0.003793
Iter 100 of 344 Loss: -0.076857, NCC_Loss: -0.080370, Reg: 0.003512
Iter 110 of 344 Loss: -0.069572, NCC_Loss: -0.073133, Reg: 0.003561
Iter 120 of 344 Loss: -0.079862, NCC_Loss: -0.084018, Reg: 0.004156
Iter 130 of 344 Loss: -0.075461, NCC_Loss: -0.079046, Reg: 0.003585
Iter 140 of 344 Loss: -0.071006, NCC_Loss: -0.074069, Reg: 0.003063
Iter 150 of 344 Loss: -0.073297, NCC_Loss: -0.077403, Reg: 0.004106
Iter 160 of 344 Loss: -0.072024, NCC_Loss: -0.075693, Reg: 0.003669
Iter 170 of 344 Loss: -0.074800, NCC_Loss: -0.078329, Reg: 0.003529
Iter 180 of 344 Loss: -0.075990, NCC_Loss: -0.079582, Reg: 0.003592
Iter 190 of 344 Loss: -0.073097, NCC_Loss: -0.076340, Reg: 0.003243
Iter 200 of 344 Loss: -0.075097, NCC_Loss: -0.078320, Reg: 0.003223
Iter 210 of 344 Loss: -0.074521, NCC_Loss: -0.078468, Reg: 0.003948
Iter 220 of 344 Loss: -0.068429, NCC_Loss: -0.072181, Reg: 0.003752
Iter 230 of 344 Loss: -0.075583, NCC_Loss: -0.079161, Reg: 0.003578
Iter 240 of 344 Loss: -0.072028, NCC_Loss: -0.075000, Reg: 0.002972
Iter 250 of 344 Loss: -0.074714, NCC_Loss: -0.078633, Reg: 0.003919
Iter 260 of 344 Loss: -0.078177, NCC_Loss: -0.082052, Reg: 0.003875
Iter 270 of 344 Loss: -0.071532, NCC_Loss: -0.075475, Reg: 0.003942
Iter 280 of 344 Loss: -0.077096, NCC_Loss: -0.080982, Reg: 0.003886
Iter 290 of 344 Loss: -0.076559, NCC_Loss: -0.080575, Reg: 0.004016
Iter 300 of 344 Loss: -0.071238, NCC_Loss: -0.074726, Reg: 0.003488
Iter 310 of 344 Loss: -0.075022, NCC_Loss: -0.078667, Reg: 0.003644
Iter 320 of 344 Loss: -0.073417, NCC_Loss: -0.076779, Reg: 0.003362
Iter 330 of 344 Loss: -0.076880, NCC_Loss: -0.080124, Reg: 0.003244
Iter 340 of 344 Loss: -0.072946, NCC_Loss: -0.076530, Reg: 0.003584
Epoch 169 Loss: -0.073621
Epoch 169 Validation: Mean EPE: 7.2621, Mean SSIM: 0.1772, Mean ZNCC: -0.0374
Epoch 170 starts
Iter 10 of 344 Loss: -0.075684, NCC_Loss: -0.079298, Reg: 0.003613
Iter 20 of 344 Loss: -0.072886, NCC_Loss: -0.077192, Reg: 0.004306
Iter 30 of 344 Loss: -0.080559, NCC_Loss: -0.084406, Reg: 0.003847
Iter 40 of 344 Loss: -0.064614, NCC_Loss: -0.068230, Reg: 0.003616
Iter 50 of 344 Loss: -0.077663, NCC_Loss: -0.081223, Reg: 0.003560
Iter 60 of 344 Loss: -0.075729, NCC_Loss: -0.079358, Reg: 0.003629
Iter 70 of 344 Loss: -0.073184, NCC_Loss: -0.076533, Reg: 0.003349
Iter 80 of 344 Loss: -0.075190, NCC_Loss: -0.078632, Reg: 0.003442
Iter 90 of 344 Loss: -0.069696, NCC_Loss: -0.073914, Reg: 0.004218
Iter 100 of 344 Loss: -0.076614, NCC_Loss: -0.079975, Reg: 0.003361
Iter 110 of 344 Loss: -0.080648, NCC_Loss: -0.084479, Reg: 0.003831
Iter 120 of 344 Loss: -0.073389, NCC_Loss: -0.076702, Reg: 0.003314
Iter 130 of 344 Loss: -0.079268, NCC_Loss: -0.082720, Reg: 0.003453
Iter 140 of 344 Loss: -0.068460, NCC_Loss: -0.071843, Reg: 0.003383
Iter 150 of 344 Loss: -0.075481, NCC_Loss: -0.078898, Reg: 0.003417
Iter 160 of 344 Loss: -0.079313, NCC_Loss: -0.082804, Reg: 0.003490
Iter 170 of 344 Loss: -0.071970, NCC_Loss: -0.075402, Reg: 0.003432
Iter 180 of 344 Loss: -0.073495, NCC_Loss: -0.077820, Reg: 0.004324
Iter 190 of 344 Loss: -0.071280, NCC_Loss: -0.074529, Reg: 0.003249
Iter 200 of 344 Loss: -0.073465, NCC_Loss: -0.076971, Reg: 0.003505
Iter 210 of 344 Loss: -0.075508, NCC_Loss: -0.078995, Reg: 0.003487
Iter 220 of 344 Loss: -0.082037, NCC_Loss: -0.085834, Reg: 0.003797
Iter 230 of 344 Loss: -0.070996, NCC_Loss: -0.074766, Reg: 0.003771
Iter 240 of 344 Loss: -0.074951, NCC_Loss: -0.078830, Reg: 0.003879
Iter 250 of 344 Loss: -0.076329, NCC_Loss: -0.079960, Reg: 0.003631
Iter 260 of 344 Loss: -0.069799, NCC_Loss: -0.073635, Reg: 0.003836
Iter 270 of 344 Loss: -0.068483, NCC_Loss: -0.072401, Reg: 0.003918
Iter 280 of 344 Loss: -0.077118, NCC_Loss: -0.080476, Reg: 0.003357
Iter 290 of 344 Loss: -0.067656, NCC_Loss: -0.071542, Reg: 0.003886
Iter 300 of 344 Loss: -0.074544, NCC_Loss: -0.078541, Reg: 0.003997
Iter 310 of 344 Loss: -0.071257, NCC_Loss: -0.074783, Reg: 0.003525
Iter 320 of 344 Loss: -0.071920, NCC_Loss: -0.075432, Reg: 0.003512
Iter 330 of 344 Loss: -0.071634, NCC_Loss: -0.075212, Reg: 0.003577
Iter 340 of 344 Loss: -0.076743, NCC_Loss: -0.080070, Reg: 0.003328
Epoch 170 Loss: -0.073718
Epoch 170 Validation: Mean EPE: 7.2623, Mean SSIM: 0.1774, Mean ZNCC: -0.0374
Epoch 171 starts
Iter 10 of 344 Loss: -0.078252, NCC_Loss: -0.081982, Reg: 0.003730
Iter 20 of 344 Loss: -0.080928, NCC_Loss: -0.084626, Reg: 0.003699
Iter 30 of 344 Loss: -0.070426, NCC_Loss: -0.074307, Reg: 0.003881
Iter 40 of 344 Loss: -0.072049, NCC_Loss: -0.075500, Reg: 0.003451
Iter 50 of 344 Loss: -0.077058, NCC_Loss: -0.080274, Reg: 0.003216
Iter 60 of 344 Loss: -0.075349, NCC_Loss: -0.079116, Reg: 0.003767
Iter 70 of 344 Loss: -0.068286, NCC_Loss: -0.071669, Reg: 0.003383
Iter 80 of 344 Loss: -0.074264, NCC_Loss: -0.077692, Reg: 0.003428
Iter 90 of 344 Loss: -0.075328, NCC_Loss: -0.078782, Reg: 0.003453
Iter 100 of 344 Loss: -0.070168, NCC_Loss: -0.073931, Reg: 0.003763
Iter 110 of 344 Loss: -0.078072, NCC_Loss: -0.081388, Reg: 0.003317
Iter 120 of 344 Loss: -0.075960, NCC_Loss: -0.079534, Reg: 0.003574
Iter 130 of 344 Loss: -0.069465, NCC_Loss: -0.073299, Reg: 0.003835
Iter 140 of 344 Loss: -0.072321, NCC_Loss: -0.075663, Reg: 0.003343
Iter 150 of 344 Loss: -0.077860, NCC_Loss: -0.081542, Reg: 0.003682
Iter 160 of 344 Loss: -0.076003, NCC_Loss: -0.079344, Reg: 0.003341
Iter 170 of 344 Loss: -0.070771, NCC_Loss: -0.074249, Reg: 0.003478
Iter 180 of 344 Loss: -0.076238, NCC_Loss: -0.079974, Reg: 0.003736
Iter 190 of 344 Loss: -0.077238, NCC_Loss: -0.080561, Reg: 0.003322
Iter 200 of 344 Loss: -0.075302, NCC_Loss: -0.079674, Reg: 0.004371
Iter 210 of 344 Loss: -0.075036, NCC_Loss: -0.078901, Reg: 0.003865
Iter 220 of 344 Loss: -0.072294, NCC_Loss: -0.075386, Reg: 0.003092
Iter 230 of 344 Loss: -0.075253, NCC_Loss: -0.078799, Reg: 0.003547
Iter 240 of 344 Loss: -0.075404, NCC_Loss: -0.079166, Reg: 0.003762
Iter 250 of 344 Loss: -0.076462, NCC_Loss: -0.080374, Reg: 0.003911
Iter 260 of 344 Loss: -0.075143, NCC_Loss: -0.078993, Reg: 0.003850
Iter 270 of 344 Loss: -0.073670, NCC_Loss: -0.077440, Reg: 0.003770
Iter 280 of 344 Loss: -0.077356, NCC_Loss: -0.080683, Reg: 0.003327
Iter 290 of 344 Loss: -0.071095, NCC_Loss: -0.074540, Reg: 0.003445
Iter 300 of 344 Loss: -0.077381, NCC_Loss: -0.080998, Reg: 0.003617
Iter 310 of 344 Loss: -0.069640, NCC_Loss: -0.072882, Reg: 0.003242
Iter 320 of 344 Loss: -0.080957, NCC_Loss: -0.085062, Reg: 0.004104
Iter 330 of 344 Loss: -0.067466, NCC_Loss: -0.070886, Reg: 0.003420
Iter 340 of 344 Loss: -0.079082, NCC_Loss: -0.082645, Reg: 0.003563
Epoch 171 Loss: -0.073810
Epoch 171 Validation: Mean EPE: 7.2624, Mean SSIM: 0.1775, Mean ZNCC: -0.0374
Epoch 172 starts
Iter 10 of 344 Loss: -0.079899, NCC_Loss: -0.083595, Reg: 0.003696
Iter 20 of 344 Loss: -0.074291, NCC_Loss: -0.077897, Reg: 0.003606
Iter 30 of 344 Loss: -0.075006, NCC_Loss: -0.078590, Reg: 0.003584
Iter 40 of 344 Loss: -0.071696, NCC_Loss: -0.075152, Reg: 0.003457
Iter 50 of 344 Loss: -0.074409, NCC_Loss: -0.077707, Reg: 0.003298
Iter 60 of 344 Loss: -0.075041, NCC_Loss: -0.078841, Reg: 0.003800
Iter 70 of 344 Loss: -0.076571, NCC_Loss: -0.080710, Reg: 0.004139
Iter 80 of 344 Loss: -0.078253, NCC_Loss: -0.081963, Reg: 0.003710
Iter 90 of 344 Loss: -0.077813, NCC_Loss: -0.081732, Reg: 0.003919
Iter 100 of 344 Loss: -0.074224, NCC_Loss: -0.078285, Reg: 0.004061
Iter 110 of 344 Loss: -0.076187, NCC_Loss: -0.079702, Reg: 0.003515
Iter 120 of 344 Loss: -0.068551, NCC_Loss: -0.072472, Reg: 0.003921
Iter 130 of 344 Loss: -0.070964, NCC_Loss: -0.074845, Reg: 0.003881
Iter 140 of 344 Loss: -0.076675, NCC_Loss: -0.080043, Reg: 0.003369
Iter 150 of 344 Loss: -0.074244, NCC_Loss: -0.077249, Reg: 0.003005
Iter 160 of 344 Loss: -0.073545, NCC_Loss: -0.077177, Reg: 0.003633
Iter 170 of 344 Loss: -0.076857, NCC_Loss: -0.080290, Reg: 0.003434
Iter 180 of 344 Loss: -0.070871, NCC_Loss: -0.074000, Reg: 0.003129
Iter 190 of 344 Loss: -0.074755, NCC_Loss: -0.078156, Reg: 0.003401
Iter 200 of 344 Loss: -0.069218, NCC_Loss: -0.072911, Reg: 0.003693
Iter 210 of 344 Loss: -0.072996, NCC_Loss: -0.076598, Reg: 0.003602
Iter 220 of 344 Loss: -0.074821, NCC_Loss: -0.078053, Reg: 0.003232
Iter 230 of 344 Loss: -0.074878, NCC_Loss: -0.078674, Reg: 0.003795
Iter 240 of 344 Loss: -0.074839, NCC_Loss: -0.078682, Reg: 0.003843
Iter 250 of 344 Loss: -0.075927, NCC_Loss: -0.079726, Reg: 0.003799
Iter 260 of 344 Loss: -0.075492, NCC_Loss: -0.079427, Reg: 0.003934
Iter 270 of 344 Loss: -0.075512, NCC_Loss: -0.079016, Reg: 0.003503
Iter 280 of 344 Loss: -0.073591, NCC_Loss: -0.077208, Reg: 0.003618
Iter 290 of 344 Loss: -0.082114, NCC_Loss: -0.085669, Reg: 0.003555
Iter 300 of 344 Loss: -0.071715, NCC_Loss: -0.075564, Reg: 0.003848
Iter 310 of 344 Loss: -0.075575, NCC_Loss: -0.079518, Reg: 0.003943
Iter 320 of 344 Loss: -0.068152, NCC_Loss: -0.071382, Reg: 0.003230
Iter 330 of 344 Loss: -0.076843, NCC_Loss: -0.080402, Reg: 0.003559
Iter 340 of 344 Loss: -0.078050, NCC_Loss: -0.081489, Reg: 0.003439
Epoch 172 Loss: -0.073900
Epoch 172 Validation: Mean EPE: 7.2626, Mean SSIM: 0.1777, Mean ZNCC: -0.0374
Epoch 173 starts
Iter 10 of 344 Loss: -0.073467, NCC_Loss: -0.077258, Reg: 0.003791
Iter 20 of 344 Loss: -0.072055, NCC_Loss: -0.075803, Reg: 0.003748
Iter 30 of 344 Loss: -0.075241, NCC_Loss: -0.079182, Reg: 0.003941
Iter 40 of 344 Loss: -0.071614, NCC_Loss: -0.074863, Reg: 0.003250
Iter 50 of 344 Loss: -0.078180, NCC_Loss: -0.081869, Reg: 0.003688
Iter 60 of 344 Loss: -0.072368, NCC_Loss: -0.076475, Reg: 0.004107
Iter 70 of 344 Loss: -0.081915, NCC_Loss: -0.085810, Reg: 0.003895
Iter 80 of 344 Loss: -0.074009, NCC_Loss: -0.077737, Reg: 0.003728
Iter 90 of 344 Loss: -0.070743, NCC_Loss: -0.073834, Reg: 0.003091
Iter 100 of 344 Loss: -0.073748, NCC_Loss: -0.077520, Reg: 0.003772
Iter 110 of 344 Loss: -0.073491, NCC_Loss: -0.076729, Reg: 0.003238
Iter 120 of 344 Loss: -0.071756, NCC_Loss: -0.074879, Reg: 0.003123
Iter 130 of 344 Loss: -0.068770, NCC_Loss: -0.072740, Reg: 0.003970
Iter 140 of 344 Loss: -0.082065, NCC_Loss: -0.085320, Reg: 0.003256
Iter 150 of 344 Loss: -0.071560, NCC_Loss: -0.075220, Reg: 0.003659
Iter 160 of 344 Loss: -0.079429, NCC_Loss: -0.083396, Reg: 0.003967
Iter 170 of 344 Loss: -0.075894, NCC_Loss: -0.079766, Reg: 0.003872
Iter 180 of 344 Loss: -0.071298, NCC_Loss: -0.074800, Reg: 0.003503
Iter 190 of 344 Loss: -0.077958, NCC_Loss: -0.081371, Reg: 0.003413
Iter 200 of 344 Loss: -0.073353, NCC_Loss: -0.076991, Reg: 0.003639
Iter 210 of 344 Loss: -0.073912, NCC_Loss: -0.077359, Reg: 0.003447
Iter 220 of 344 Loss: -0.071535, NCC_Loss: -0.074929, Reg: 0.003394
Iter 230 of 344 Loss: -0.070749, NCC_Loss: -0.073992, Reg: 0.003243
Iter 240 of 344 Loss: -0.081147, NCC_Loss: -0.084745, Reg: 0.003598
Iter 250 of 344 Loss: -0.077730, NCC_Loss: -0.081578, Reg: 0.003848
Iter 260 of 344 Loss: -0.070065, NCC_Loss: -0.073743, Reg: 0.003678
Iter 270 of 344 Loss: -0.069928, NCC_Loss: -0.073916, Reg: 0.003987
Iter 280 of 344 Loss: -0.073633, NCC_Loss: -0.077723, Reg: 0.004091
Iter 290 of 344 Loss: -0.070798, NCC_Loss: -0.074459, Reg: 0.003661
Iter 300 of 344 Loss: -0.070747, NCC_Loss: -0.074655, Reg: 0.003908
Iter 310 of 344 Loss: -0.070049, NCC_Loss: -0.073667, Reg: 0.003619
Iter 320 of 344 Loss: -0.078132, NCC_Loss: -0.081414, Reg: 0.003282
Iter 330 of 344 Loss: -0.072534, NCC_Loss: -0.076228, Reg: 0.003694
Iter 340 of 344 Loss: -0.080704, NCC_Loss: -0.084348, Reg: 0.003644
Epoch 173 Loss: -0.073945
Epoch 173 Validation: Mean EPE: 7.2629, Mean SSIM: 0.1778, Mean ZNCC: -0.0373
Epoch 174 starts
Iter 10 of 344 Loss: -0.071053, NCC_Loss: -0.074858, Reg: 0.003804
Iter 20 of 344 Loss: -0.065432, NCC_Loss: -0.068785, Reg: 0.003353
Iter 30 of 344 Loss: -0.072875, NCC_Loss: -0.075907, Reg: 0.003032
Iter 40 of 344 Loss: -0.072825, NCC_Loss: -0.076207, Reg: 0.003383
Iter 50 of 344 Loss: -0.074441, NCC_Loss: -0.078032, Reg: 0.003591
Iter 60 of 344 Loss: -0.073483, NCC_Loss: -0.077043, Reg: 0.003561
Iter 70 of 344 Loss: -0.070990, NCC_Loss: -0.074751, Reg: 0.003761
Iter 80 of 344 Loss: -0.071218, NCC_Loss: -0.074753, Reg: 0.003535
Iter 90 of 344 Loss: -0.078993, NCC_Loss: -0.082813, Reg: 0.003819
Iter 100 of 344 Loss: -0.074930, NCC_Loss: -0.078475, Reg: 0.003545
Iter 110 of 344 Loss: -0.072735, NCC_Loss: -0.076900, Reg: 0.004165
Iter 120 of 344 Loss: -0.078946, NCC_Loss: -0.082818, Reg: 0.003872
Iter 130 of 344 Loss: -0.077613, NCC_Loss: -0.081261, Reg: 0.003648
Iter 140 of 344 Loss: -0.082644, NCC_Loss: -0.086137, Reg: 0.003493
Iter 150 of 344 Loss: -0.076602, NCC_Loss: -0.080114, Reg: 0.003512
Iter 160 of 344 Loss: -0.074014, NCC_Loss: -0.077781, Reg: 0.003767
Iter 170 of 344 Loss: -0.076895, NCC_Loss: -0.080483, Reg: 0.003588
Iter 180 of 344 Loss: -0.074619, NCC_Loss: -0.078160, Reg: 0.003540
Iter 190 of 344 Loss: -0.079996, NCC_Loss: -0.083901, Reg: 0.003905
Iter 200 of 344 Loss: -0.073947, NCC_Loss: -0.077235, Reg: 0.003289
Iter 210 of 344 Loss: -0.074342, NCC_Loss: -0.077599, Reg: 0.003257
Iter 220 of 344 Loss: -0.077815, NCC_Loss: -0.081641, Reg: 0.003826
Iter 230 of 344 Loss: -0.070804, NCC_Loss: -0.074426, Reg: 0.003622
Iter 240 of 344 Loss: -0.072258, NCC_Loss: -0.076081, Reg: 0.003823
Iter 250 of 344 Loss: -0.073991, NCC_Loss: -0.077771, Reg: 0.003780
Iter 260 of 344 Loss: -0.078107, NCC_Loss: -0.081915, Reg: 0.003808
Iter 270 of 344 Loss: -0.073922, NCC_Loss: -0.077088, Reg: 0.003166
Iter 280 of 344 Loss: -0.075496, NCC_Loss: -0.079408, Reg: 0.003913
Iter 290 of 344 Loss: -0.070842, NCC_Loss: -0.075124, Reg: 0.004282
Iter 300 of 344 Loss: -0.072215, NCC_Loss: -0.075906, Reg: 0.003690
Iter 310 of 344 Loss: -0.076806, NCC_Loss: -0.080168, Reg: 0.003362
Iter 320 of 344 Loss: -0.074901, NCC_Loss: -0.078677, Reg: 0.003777
Iter 330 of 344 Loss: -0.069843, NCC_Loss: -0.073404, Reg: 0.003561
Iter 340 of 344 Loss: -0.067647, NCC_Loss: -0.071561, Reg: 0.003914
Epoch 174 Loss: -0.074002
Epoch 174 Validation: Mean EPE: 7.2630, Mean SSIM: 0.1780, Mean ZNCC: -0.0373
Epoch 175 starts
Iter 10 of 344 Loss: -0.068734, NCC_Loss: -0.072446, Reg: 0.003712
Iter 20 of 344 Loss: -0.080694, NCC_Loss: -0.084799, Reg: 0.004105
Iter 30 of 344 Loss: -0.073553, NCC_Loss: -0.076820, Reg: 0.003267
Iter 40 of 344 Loss: -0.074253, NCC_Loss: -0.078004, Reg: 0.003751
Iter 50 of 344 Loss: -0.074196, NCC_Loss: -0.077816, Reg: 0.003620
Iter 60 of 344 Loss: -0.067592, NCC_Loss: -0.071103, Reg: 0.003511
Iter 70 of 344 Loss: -0.080264, NCC_Loss: -0.084872, Reg: 0.004608
Iter 80 of 344 Loss: -0.078081, NCC_Loss: -0.081727, Reg: 0.003646
Iter 90 of 344 Loss: -0.073148, NCC_Loss: -0.076215, Reg: 0.003066
Iter 100 of 344 Loss: -0.073083, NCC_Loss: -0.076616, Reg: 0.003533
Iter 110 of 344 Loss: -0.072547, NCC_Loss: -0.075708, Reg: 0.003162
Iter 120 of 344 Loss: -0.069152, NCC_Loss: -0.072679, Reg: 0.003527
Iter 130 of 344 Loss: -0.078725, NCC_Loss: -0.082628, Reg: 0.003903
Iter 140 of 344 Loss: -0.080048, NCC_Loss: -0.083776, Reg: 0.003728
Iter 150 of 344 Loss: -0.073046, NCC_Loss: -0.077074, Reg: 0.004028
Iter 160 of 344 Loss: -0.077150, NCC_Loss: -0.080630, Reg: 0.003479
Iter 170 of 344 Loss: -0.075912, NCC_Loss: -0.079483, Reg: 0.003571
Iter 180 of 344 Loss: -0.075630, NCC_Loss: -0.079312, Reg: 0.003682
Iter 190 of 344 Loss: -0.074606, NCC_Loss: -0.077830, Reg: 0.003224
Iter 200 of 344 Loss: -0.070042, NCC_Loss: -0.073547, Reg: 0.003505
Iter 210 of 344 Loss: -0.079792, NCC_Loss: -0.083432, Reg: 0.003640
Iter 220 of 344 Loss: -0.069940, NCC_Loss: -0.073249, Reg: 0.003309
Iter 230 of 344 Loss: -0.079724, NCC_Loss: -0.083505, Reg: 0.003781
Iter 240 of 344 Loss: -0.072202, NCC_Loss: -0.076282, Reg: 0.004080
Iter 250 of 344 Loss: -0.072316, NCC_Loss: -0.075954, Reg: 0.003637
Iter 260 of 344 Loss: -0.070763, NCC_Loss: -0.073849, Reg: 0.003086
Iter 270 of 344 Loss: -0.074120, NCC_Loss: -0.077765, Reg: 0.003645
Iter 280 of 344 Loss: -0.076971, NCC_Loss: -0.080633, Reg: 0.003662
Iter 290 of 344 Loss: -0.074476, NCC_Loss: -0.078258, Reg: 0.003783
Iter 300 of 344 Loss: -0.075800, NCC_Loss: -0.079113, Reg: 0.003313
Iter 310 of 344 Loss: -0.070348, NCC_Loss: -0.073796, Reg: 0.003448
Iter 320 of 344 Loss: -0.080549, NCC_Loss: -0.084175, Reg: 0.003626
Iter 330 of 344 Loss: -0.077795, NCC_Loss: -0.081434, Reg: 0.003639
Iter 340 of 344 Loss: -0.069660, NCC_Loss: -0.073311, Reg: 0.003651
Epoch 175 Loss: -0.074093
Epoch 175 Validation: Mean EPE: 7.2631, Mean SSIM: 0.1781, Mean ZNCC: -0.0373
Epoch 176 starts
Iter 10 of 344 Loss: -0.075115, NCC_Loss: -0.079114, Reg: 0.004000
Iter 20 of 344 Loss: -0.075349, NCC_Loss: -0.078943, Reg: 0.003595
Iter 30 of 344 Loss: -0.073032, NCC_Loss: -0.076512, Reg: 0.003480
Iter 40 of 344 Loss: -0.072312, NCC_Loss: -0.076111, Reg: 0.003800
Iter 50 of 344 Loss: -0.074652, NCC_Loss: -0.078285, Reg: 0.003633
Iter 60 of 344 Loss: -0.075721, NCC_Loss: -0.078985, Reg: 0.003263
Iter 70 of 344 Loss: -0.076673, NCC_Loss: -0.079883, Reg: 0.003209
Iter 80 of 344 Loss: -0.073301, NCC_Loss: -0.076792, Reg: 0.003491
Iter 90 of 344 Loss: -0.070137, NCC_Loss: -0.073748, Reg: 0.003611
Iter 100 of 344 Loss: -0.078859, NCC_Loss: -0.082646, Reg: 0.003787
Iter 110 of 344 Loss: -0.071617, NCC_Loss: -0.075086, Reg: 0.003469
Iter 120 of 344 Loss: -0.075524, NCC_Loss: -0.079744, Reg: 0.004221
Iter 130 of 344 Loss: -0.081824, NCC_Loss: -0.085929, Reg: 0.004105
Iter 140 of 344 Loss: -0.074453, NCC_Loss: -0.077726, Reg: 0.003273
Iter 150 of 344 Loss: -0.071326, NCC_Loss: -0.075379, Reg: 0.004052
Iter 160 of 344 Loss: -0.069897, NCC_Loss: -0.073490, Reg: 0.003593
Iter 170 of 344 Loss: -0.074445, NCC_Loss: -0.078356, Reg: 0.003911
Iter 180 of 344 Loss: -0.082492, NCC_Loss: -0.086128, Reg: 0.003636
Iter 190 of 344 Loss: -0.074899, NCC_Loss: -0.078375, Reg: 0.003476
Iter 200 of 344 Loss: -0.073923, NCC_Loss: -0.077210, Reg: 0.003287
Iter 210 of 344 Loss: -0.080733, NCC_Loss: -0.084385, Reg: 0.003653
Iter 220 of 344 Loss: -0.073198, NCC_Loss: -0.076593, Reg: 0.003395
Iter 230 of 344 Loss: -0.075521, NCC_Loss: -0.079340, Reg: 0.003818
Iter 240 of 344 Loss: -0.074797, NCC_Loss: -0.078761, Reg: 0.003963
Iter 250 of 344 Loss: -0.075757, NCC_Loss: -0.079506, Reg: 0.003749
Iter 260 of 344 Loss: -0.074382, NCC_Loss: -0.078213, Reg: 0.003832
Iter 270 of 344 Loss: -0.080440, NCC_Loss: -0.084071, Reg: 0.003631
Iter 280 of 344 Loss: -0.079422, NCC_Loss: -0.082662, Reg: 0.003240
Iter 290 of 344 Loss: -0.076211, NCC_Loss: -0.079870, Reg: 0.003659
Iter 300 of 344 Loss: -0.075085, NCC_Loss: -0.078868, Reg: 0.003783
Iter 310 of 344 Loss: -0.072237, NCC_Loss: -0.075634, Reg: 0.003397
Iter 320 of 344 Loss: -0.066844, NCC_Loss: -0.070686, Reg: 0.003841
Iter 330 of 344 Loss: -0.078318, NCC_Loss: -0.082150, Reg: 0.003832
Iter 340 of 344 Loss: -0.070938, NCC_Loss: -0.074393, Reg: 0.003455
Epoch 176 Loss: -0.074178
Epoch 176 Validation: Mean EPE: 7.2633, Mean SSIM: 0.1783, Mean ZNCC: -0.0373
Epoch 177 starts
Iter 10 of 344 Loss: -0.069090, NCC_Loss: -0.073342, Reg: 0.004252
Iter 20 of 344 Loss: -0.072827, NCC_Loss: -0.076251, Reg: 0.003424
Iter 30 of 344 Loss: -0.079802, NCC_Loss: -0.083112, Reg: 0.003311
Iter 40 of 344 Loss: -0.075773, NCC_Loss: -0.079303, Reg: 0.003530
Iter 50 of 344 Loss: -0.070871, NCC_Loss: -0.074171, Reg: 0.003300
Iter 60 of 344 Loss: -0.073473, NCC_Loss: -0.077304, Reg: 0.003830
Iter 70 of 344 Loss: -0.068377, NCC_Loss: -0.071944, Reg: 0.003567
Iter 80 of 344 Loss: -0.080241, NCC_Loss: -0.084146, Reg: 0.003905
Iter 90 of 344 Loss: -0.074767, NCC_Loss: -0.078033, Reg: 0.003266
Iter 100 of 344 Loss: -0.076379, NCC_Loss: -0.079763, Reg: 0.003383
Iter 110 of 344 Loss: -0.071766, NCC_Loss: -0.075230, Reg: 0.003463
Iter 120 of 344 Loss: -0.070396, NCC_Loss: -0.073923, Reg: 0.003527
Iter 130 of 344 Loss: -0.074930, NCC_Loss: -0.078627, Reg: 0.003697
Iter 140 of 344 Loss: -0.073249, NCC_Loss: -0.076511, Reg: 0.003262
Iter 150 of 344 Loss: -0.071592, NCC_Loss: -0.074973, Reg: 0.003381
Iter 160 of 344 Loss: -0.076294, NCC_Loss: -0.080296, Reg: 0.004002
Iter 170 of 344 Loss: -0.069710, NCC_Loss: -0.073671, Reg: 0.003961
Iter 180 of 344 Loss: -0.071875, NCC_Loss: -0.075362, Reg: 0.003487
Iter 190 of 344 Loss: -0.075029, NCC_Loss: -0.078940, Reg: 0.003911
Iter 200 of 344 Loss: -0.077479, NCC_Loss: -0.081257, Reg: 0.003777
Iter 210 of 344 Loss: -0.073789, NCC_Loss: -0.077712, Reg: 0.003923
Iter 220 of 344 Loss: -0.074884, NCC_Loss: -0.078648, Reg: 0.003764
Iter 230 of 344 Loss: -0.075242, NCC_Loss: -0.078908, Reg: 0.003666
Iter 240 of 344 Loss: -0.073300, NCC_Loss: -0.077526, Reg: 0.004226
Iter 250 of 344 Loss: -0.075846, NCC_Loss: -0.079354, Reg: 0.003508
Iter 260 of 344 Loss: -0.072323, NCC_Loss: -0.076045, Reg: 0.003723
Iter 270 of 344 Loss: -0.070151, NCC_Loss: -0.073456, Reg: 0.003304
Iter 280 of 344 Loss: -0.082191, NCC_Loss: -0.085646, Reg: 0.003455
Iter 290 of 344 Loss: -0.077946, NCC_Loss: -0.081793, Reg: 0.003847
Iter 300 of 344 Loss: -0.072673, NCC_Loss: -0.076311, Reg: 0.003638
Iter 310 of 344 Loss: -0.075850, NCC_Loss: -0.078800, Reg: 0.002951
Iter 320 of 344 Loss: -0.071320, NCC_Loss: -0.075153, Reg: 0.003833
Iter 330 of 344 Loss: -0.080670, NCC_Loss: -0.084509, Reg: 0.003839
Iter 340 of 344 Loss: -0.076681, NCC_Loss: -0.080766, Reg: 0.004086
Epoch 177 Loss: -0.074265
Epoch 177 Validation: Mean EPE: 7.2633, Mean SSIM: 0.1784, Mean ZNCC: -0.0373
Epoch 178 starts
Iter 10 of 344 Loss: -0.070264, NCC_Loss: -0.073931, Reg: 0.003667
Iter 20 of 344 Loss: -0.073988, NCC_Loss: -0.077821, Reg: 0.003833
Iter 30 of 344 Loss: -0.073863, NCC_Loss: -0.076820, Reg: 0.002957
Iter 40 of 344 Loss: -0.077208, NCC_Loss: -0.080453, Reg: 0.003244
Iter 50 of 344 Loss: -0.077796, NCC_Loss: -0.081289, Reg: 0.003493
Iter 60 of 344 Loss: -0.070334, NCC_Loss: -0.074350, Reg: 0.004016
Iter 70 of 344 Loss: -0.072968, NCC_Loss: -0.076516, Reg: 0.003547
Iter 80 of 344 Loss: -0.075375, NCC_Loss: -0.079101, Reg: 0.003726
Iter 90 of 344 Loss: -0.075590, NCC_Loss: -0.079431, Reg: 0.003841
Iter 100 of 344 Loss: -0.082668, NCC_Loss: -0.086211, Reg: 0.003543
Iter 110 of 344 Loss: -0.076936, NCC_Loss: -0.080794, Reg: 0.003858
Iter 120 of 344 Loss: -0.076102, NCC_Loss: -0.079772, Reg: 0.003670
Iter 130 of 344 Loss: -0.074765, NCC_Loss: -0.078313, Reg: 0.003548
Iter 140 of 344 Loss: -0.081525, NCC_Loss: -0.084998, Reg: 0.003473
Iter 150 of 344 Loss: -0.079087, NCC_Loss: -0.082894, Reg: 0.003806
Iter 160 of 344 Loss: -0.068996, NCC_Loss: -0.072574, Reg: 0.003578
Iter 170 of 344 Loss: -0.068816, NCC_Loss: -0.072255, Reg: 0.003439
Iter 180 of 344 Loss: -0.069862, NCC_Loss: -0.073319, Reg: 0.003457
Iter 190 of 344 Loss: -0.069667, NCC_Loss: -0.073450, Reg: 0.003782
Iter 200 of 344 Loss: -0.068976, NCC_Loss: -0.072254, Reg: 0.003278
Iter 210 of 344 Loss: -0.076747, NCC_Loss: -0.079951, Reg: 0.003204
Iter 220 of 344 Loss: -0.073098, NCC_Loss: -0.076899, Reg: 0.003801
Iter 230 of 344 Loss: -0.070961, NCC_Loss: -0.074528, Reg: 0.003567
Iter 240 of 344 Loss: -0.068192, NCC_Loss: -0.071363, Reg: 0.003171
Iter 250 of 344 Loss: -0.075860, NCC_Loss: -0.079375, Reg: 0.003514
Iter 260 of 344 Loss: -0.077552, NCC_Loss: -0.081231, Reg: 0.003679
Iter 270 of 344 Loss: -0.068041, NCC_Loss: -0.071570, Reg: 0.003529
Iter 280 of 344 Loss: -0.073099, NCC_Loss: -0.076876, Reg: 0.003777
Iter 290 of 344 Loss: -0.075746, NCC_Loss: -0.079775, Reg: 0.004029
Iter 300 of 344 Loss: -0.076666, NCC_Loss: -0.080372, Reg: 0.003706
Iter 310 of 344 Loss: -0.079457, NCC_Loss: -0.082906, Reg: 0.003449
Iter 320 of 344 Loss: -0.076550, NCC_Loss: -0.079592, Reg: 0.003042
Iter 330 of 344 Loss: -0.081969, NCC_Loss: -0.085391, Reg: 0.003422
Iter 340 of 344 Loss: -0.074203, NCC_Loss: -0.077187, Reg: 0.002984
Epoch 178 Loss: -0.074349
Epoch 178 Validation: Mean EPE: 7.2635, Mean SSIM: 0.1785, Mean ZNCC: -0.0373
Epoch 179 starts
Iter 10 of 344 Loss: -0.071266, NCC_Loss: -0.074864, Reg: 0.003598
Iter 20 of 344 Loss: -0.081469, NCC_Loss: -0.084988, Reg: 0.003520
Iter 30 of 344 Loss: -0.083330, NCC_Loss: -0.086673, Reg: 0.003343
Iter 40 of 344 Loss: -0.075338, NCC_Loss: -0.078546, Reg: 0.003209
Iter 50 of 344 Loss: -0.070914, NCC_Loss: -0.074559, Reg: 0.003644
Iter 60 of 344 Loss: -0.075582, NCC_Loss: -0.079032, Reg: 0.003450
Iter 70 of 344 Loss: -0.073333, NCC_Loss: -0.077659, Reg: 0.004327
Iter 80 of 344 Loss: -0.076376, NCC_Loss: -0.080281, Reg: 0.003905
Iter 90 of 344 Loss: -0.073955, NCC_Loss: -0.077699, Reg: 0.003744
Iter 100 of 344 Loss: -0.081142, NCC_Loss: -0.084721, Reg: 0.003578
Iter 110 of 344 Loss: -0.072623, NCC_Loss: -0.076204, Reg: 0.003580
Iter 120 of 344 Loss: -0.074140, NCC_Loss: -0.077515, Reg: 0.003375
Iter 130 of 344 Loss: -0.069516, NCC_Loss: -0.072670, Reg: 0.003154
Iter 140 of 344 Loss: -0.074218, NCC_Loss: -0.077559, Reg: 0.003341
Iter 150 of 344 Loss: -0.073839, NCC_Loss: -0.077082, Reg: 0.003243
Iter 160 of 344 Loss: -0.071776, NCC_Loss: -0.075575, Reg: 0.003799
Iter 170 of 344 Loss: -0.073330, NCC_Loss: -0.077326, Reg: 0.003996
Iter 180 of 344 Loss: -0.070080, NCC_Loss: -0.073225, Reg: 0.003146
Iter 190 of 344 Loss: -0.070000, NCC_Loss: -0.073269, Reg: 0.003269
Iter 200 of 344 Loss: -0.070925, NCC_Loss: -0.074702, Reg: 0.003777
Iter 210 of 344 Loss: -0.079251, NCC_Loss: -0.082705, Reg: 0.003454
Iter 220 of 344 Loss: -0.076757, NCC_Loss: -0.080481, Reg: 0.003724
Iter 230 of 344 Loss: -0.071943, NCC_Loss: -0.075553, Reg: 0.003610
Iter 240 of 344 Loss: -0.078280, NCC_Loss: -0.081936, Reg: 0.003656
Iter 250 of 344 Loss: -0.074616, NCC_Loss: -0.078358, Reg: 0.003743
Iter 260 of 344 Loss: -0.079729, NCC_Loss: -0.083122, Reg: 0.003393
Iter 270 of 344 Loss: -0.077813, NCC_Loss: -0.081860, Reg: 0.004048
Iter 280 of 344 Loss: -0.077944, NCC_Loss: -0.081419, Reg: 0.003475
Iter 290 of 344 Loss: -0.076913, NCC_Loss: -0.080483, Reg: 0.003570
Iter 300 of 344 Loss: -0.076371, NCC_Loss: -0.079692, Reg: 0.003320
Iter 310 of 344 Loss: -0.081257, NCC_Loss: -0.084898, Reg: 0.003641
Iter 320 of 344 Loss: -0.070775, NCC_Loss: -0.074198, Reg: 0.003423
Iter 330 of 344 Loss: -0.073085, NCC_Loss: -0.076913, Reg: 0.003828
Iter 340 of 344 Loss: -0.073370, NCC_Loss: -0.077152, Reg: 0.003782
Epoch 179 Loss: -0.074418
Epoch 179 Validation: Mean EPE: 7.2637, Mean SSIM: 0.1787, Mean ZNCC: -0.0373
Epoch 180 starts
Iter 10 of 344 Loss: -0.082358, NCC_Loss: -0.085703, Reg: 0.003345
Iter 20 of 344 Loss: -0.073121, NCC_Loss: -0.076755, Reg: 0.003633
Iter 30 of 344 Loss: -0.079948, NCC_Loss: -0.083769, Reg: 0.003822
Iter 40 of 344 Loss: -0.073781, NCC_Loss: -0.077261, Reg: 0.003480
Iter 50 of 344 Loss: -0.075078, NCC_Loss: -0.078618, Reg: 0.003540
Iter 60 of 344 Loss: -0.071089, NCC_Loss: -0.074605, Reg: 0.003516
Iter 70 of 344 Loss: -0.075462, NCC_Loss: -0.078539, Reg: 0.003077
Iter 80 of 344 Loss: -0.077432, NCC_Loss: -0.081204, Reg: 0.003771
Iter 90 of 344 Loss: -0.073227, NCC_Loss: -0.076729, Reg: 0.003501
Iter 100 of 344 Loss: -0.078508, NCC_Loss: -0.082275, Reg: 0.003767
Iter 110 of 344 Loss: -0.071480, NCC_Loss: -0.075384, Reg: 0.003904
Iter 120 of 344 Loss: -0.071993, NCC_Loss: -0.075550, Reg: 0.003557
Iter 130 of 344 Loss: -0.076978, NCC_Loss: -0.080237, Reg: 0.003259
Iter 140 of 344 Loss: -0.071636, NCC_Loss: -0.075714, Reg: 0.004078
Iter 150 of 344 Loss: -0.075051, NCC_Loss: -0.078839, Reg: 0.003788
Iter 160 of 344 Loss: -0.073529, NCC_Loss: -0.076646, Reg: 0.003117
Iter 170 of 344 Loss: -0.080876, NCC_Loss: -0.084294, Reg: 0.003419
Iter 180 of 344 Loss: -0.077344, NCC_Loss: -0.080823, Reg: 0.003478
Iter 190 of 344 Loss: -0.078318, NCC_Loss: -0.081950, Reg: 0.003632
Iter 200 of 344 Loss: -0.076282, NCC_Loss: -0.079412, Reg: 0.003130
Iter 210 of 344 Loss: -0.075875, NCC_Loss: -0.079637, Reg: 0.003763
Iter 220 of 344 Loss: -0.077041, NCC_Loss: -0.080553, Reg: 0.003513
Iter 230 of 344 Loss: -0.078823, NCC_Loss: -0.082376, Reg: 0.003553
Iter 240 of 344 Loss: -0.070155, NCC_Loss: -0.073371, Reg: 0.003216
Iter 250 of 344 Loss: -0.079641, NCC_Loss: -0.083254, Reg: 0.003613
Iter 260 of 344 Loss: -0.070592, NCC_Loss: -0.073913, Reg: 0.003321
Iter 270 of 344 Loss: -0.072027, NCC_Loss: -0.075130, Reg: 0.003103
Iter 280 of 344 Loss: -0.073067, NCC_Loss: -0.076433, Reg: 0.003366
Iter 290 of 344 Loss: -0.074036, NCC_Loss: -0.077518, Reg: 0.003481
Iter 300 of 344 Loss: -0.080515, NCC_Loss: -0.084222, Reg: 0.003707
Iter 310 of 344 Loss: -0.074382, NCC_Loss: -0.077959, Reg: 0.003577
Iter 320 of 344 Loss: -0.072769, NCC_Loss: -0.076413, Reg: 0.003644
Iter 330 of 344 Loss: -0.081305, NCC_Loss: -0.085093, Reg: 0.003788
Iter 340 of 344 Loss: -0.067353, NCC_Loss: -0.070608, Reg: 0.003255
Epoch 180 Loss: -0.074497
Epoch 180 Validation: Mean EPE: 7.2638, Mean SSIM: 0.1788, Mean ZNCC: -0.0373
Epoch 181 starts
Iter 10 of 344 Loss: -0.080070, NCC_Loss: -0.083310, Reg: 0.003239
Iter 20 of 344 Loss: -0.083566, NCC_Loss: -0.087600, Reg: 0.004034
Iter 30 of 344 Loss: -0.068735, NCC_Loss: -0.072211, Reg: 0.003477
Iter 40 of 344 Loss: -0.079438, NCC_Loss: -0.082741, Reg: 0.003303
Iter 50 of 344 Loss: -0.075693, NCC_Loss: -0.079393, Reg: 0.003700
Iter 60 of 344 Loss: -0.077519, NCC_Loss: -0.081211, Reg: 0.003692
Iter 70 of 344 Loss: -0.073572, NCC_Loss: -0.077090, Reg: 0.003518
Iter 80 of 344 Loss: -0.071831, NCC_Loss: -0.076026, Reg: 0.004195
Iter 90 of 344 Loss: -0.069939, NCC_Loss: -0.073765, Reg: 0.003826
Iter 100 of 344 Loss: -0.066593, NCC_Loss: -0.070420, Reg: 0.003827
Iter 110 of 344 Loss: -0.075278, NCC_Loss: -0.078855, Reg: 0.003577
Iter 120 of 344 Loss: -0.073823, NCC_Loss: -0.077676, Reg: 0.003853
Iter 130 of 344 Loss: -0.077077, NCC_Loss: -0.080906, Reg: 0.003829
Iter 140 of 344 Loss: -0.073643, NCC_Loss: -0.077416, Reg: 0.003773
Iter 150 of 344 Loss: -0.070748, NCC_Loss: -0.074442, Reg: 0.003694
Iter 160 of 344 Loss: -0.075286, NCC_Loss: -0.078447, Reg: 0.003161
Iter 170 of 344 Loss: -0.080372, NCC_Loss: -0.084267, Reg: 0.003896
Iter 180 of 344 Loss: -0.072849, NCC_Loss: -0.076312, Reg: 0.003463
Iter 190 of 344 Loss: -0.076401, NCC_Loss: -0.079708, Reg: 0.003306
Iter 200 of 344 Loss: -0.075278, NCC_Loss: -0.079054, Reg: 0.003775
Iter 210 of 344 Loss: -0.070073, NCC_Loss: -0.073287, Reg: 0.003214
Iter 220 of 344 Loss: -0.081383, NCC_Loss: -0.084671, Reg: 0.003288
Iter 230 of 344 Loss: -0.073880, NCC_Loss: -0.077573, Reg: 0.003693
Iter 240 of 344 Loss: -0.072878, NCC_Loss: -0.076544, Reg: 0.003666
Iter 250 of 344 Loss: -0.074094, NCC_Loss: -0.077514, Reg: 0.003421
Iter 260 of 344 Loss: -0.075624, NCC_Loss: -0.079050, Reg: 0.003425
Iter 270 of 344 Loss: -0.072148, NCC_Loss: -0.075960, Reg: 0.003812
Iter 280 of 344 Loss: -0.072966, NCC_Loss: -0.076661, Reg: 0.003694
Iter 290 of 344 Loss: -0.082390, NCC_Loss: -0.085730, Reg: 0.003341
Iter 300 of 344 Loss: -0.078474, NCC_Loss: -0.081604, Reg: 0.003131
Iter 310 of 344 Loss: -0.074240, NCC_Loss: -0.078107, Reg: 0.003868
Iter 320 of 344 Loss: -0.069656, NCC_Loss: -0.072969, Reg: 0.003313
Iter 330 of 344 Loss: -0.074932, NCC_Loss: -0.078580, Reg: 0.003648
Iter 340 of 344 Loss: -0.066237, NCC_Loss: -0.069598, Reg: 0.003361
Epoch 181 Loss: -0.074564
Epoch 181 Validation: Mean EPE: 7.2638, Mean SSIM: 0.1788, Mean ZNCC: -0.0374
Epoch 182 starts
Iter 10 of 344 Loss: -0.078654, NCC_Loss: -0.082175, Reg: 0.003521
Iter 20 of 344 Loss: -0.081830, NCC_Loss: -0.085475, Reg: 0.003645
Iter 30 of 344 Loss: -0.075762, NCC_Loss: -0.079398, Reg: 0.003635
Iter 40 of 344 Loss: -0.070912, NCC_Loss: -0.074376, Reg: 0.003464
Iter 50 of 344 Loss: -0.073937, NCC_Loss: -0.077399, Reg: 0.003462
Iter 60 of 344 Loss: -0.077139, NCC_Loss: -0.080459, Reg: 0.003320
Iter 70 of 344 Loss: -0.073981, NCC_Loss: -0.077824, Reg: 0.003843
Iter 80 of 344 Loss: -0.076267, NCC_Loss: -0.079934, Reg: 0.003667
Iter 90 of 344 Loss: -0.076129, NCC_Loss: -0.079567, Reg: 0.003438
Iter 100 of 344 Loss: -0.076659, NCC_Loss: -0.079886, Reg: 0.003228
Iter 110 of 344 Loss: -0.072444, NCC_Loss: -0.075886, Reg: 0.003443
Iter 120 of 344 Loss: -0.069605, NCC_Loss: -0.072843, Reg: 0.003238
Iter 130 of 344 Loss: -0.074807, NCC_Loss: -0.078525, Reg: 0.003718
Iter 140 of 344 Loss: -0.073617, NCC_Loss: -0.076864, Reg: 0.003247
Iter 150 of 344 Loss: -0.072058, NCC_Loss: -0.075777, Reg: 0.003719
Iter 160 of 344 Loss: -0.075733, NCC_Loss: -0.079412, Reg: 0.003679
Iter 170 of 344 Loss: -0.069457, NCC_Loss: -0.073101, Reg: 0.003644
Iter 180 of 344 Loss: -0.071540, NCC_Loss: -0.075048, Reg: 0.003507
Iter 190 of 344 Loss: -0.082086, NCC_Loss: -0.085646, Reg: 0.003561
Iter 200 of 344 Loss: -0.075937, NCC_Loss: -0.079402, Reg: 0.003465
Iter 210 of 344 Loss: -0.079711, NCC_Loss: -0.083627, Reg: 0.003916
Iter 220 of 344 Loss: -0.076117, NCC_Loss: -0.079404, Reg: 0.003287
Iter 230 of 344 Loss: -0.074448, NCC_Loss: -0.077820, Reg: 0.003372
Iter 240 of 344 Loss: -0.077459, NCC_Loss: -0.080564, Reg: 0.003106
Iter 250 of 344 Loss: -0.078192, NCC_Loss: -0.081587, Reg: 0.003395
Iter 260 of 344 Loss: -0.077283, NCC_Loss: -0.080953, Reg: 0.003670
Iter 270 of 344 Loss: -0.067627, NCC_Loss: -0.071135, Reg: 0.003508
Iter 280 of 344 Loss: -0.072576, NCC_Loss: -0.075748, Reg: 0.003172
Iter 290 of 344 Loss: -0.072870, NCC_Loss: -0.076263, Reg: 0.003393
Iter 300 of 344 Loss: -0.074711, NCC_Loss: -0.078057, Reg: 0.003347
Iter 310 of 344 Loss: -0.075208, NCC_Loss: -0.078919, Reg: 0.003710
Iter 320 of 344 Loss: -0.076304, NCC_Loss: -0.079455, Reg: 0.003151
Iter 330 of 344 Loss: -0.072189, NCC_Loss: -0.075629, Reg: 0.003441
Iter 340 of 344 Loss: -0.072652, NCC_Loss: -0.075826, Reg: 0.003174
Epoch 182 Loss: -0.074627
Epoch 182 Validation: Mean EPE: 7.2640, Mean SSIM: 0.1790, Mean ZNCC: -0.0374
Epoch 183 starts
Iter 10 of 344 Loss: -0.074012, NCC_Loss: -0.077737, Reg: 0.003725
Iter 20 of 344 Loss: -0.082337, NCC_Loss: -0.085745, Reg: 0.003409
Iter 30 of 344 Loss: -0.069060, NCC_Loss: -0.072428, Reg: 0.003368
Iter 40 of 344 Loss: -0.073542, NCC_Loss: -0.076873, Reg: 0.003330
Iter 50 of 344 Loss: -0.076321, NCC_Loss: -0.079804, Reg: 0.003483
Iter 60 of 344 Loss: -0.077583, NCC_Loss: -0.081146, Reg: 0.003563
Iter 70 of 344 Loss: -0.079506, NCC_Loss: -0.083279, Reg: 0.003773
Iter 80 of 344 Loss: -0.071296, NCC_Loss: -0.074786, Reg: 0.003490
Iter 90 of 344 Loss: -0.071567, NCC_Loss: -0.074959, Reg: 0.003392
Iter 100 of 344 Loss: -0.075195, NCC_Loss: -0.078530, Reg: 0.003335
Iter 110 of 344 Loss: -0.075289, NCC_Loss: -0.078753, Reg: 0.003464
Iter 120 of 344 Loss: -0.078129, NCC_Loss: -0.081671, Reg: 0.003542
Iter 130 of 344 Loss: -0.074937, NCC_Loss: -0.078655, Reg: 0.003717
Iter 140 of 344 Loss: -0.073593, NCC_Loss: -0.077046, Reg: 0.003454
Iter 150 of 344 Loss: -0.082623, NCC_Loss: -0.085787, Reg: 0.003164
Iter 160 of 344 Loss: -0.074957, NCC_Loss: -0.078442, Reg: 0.003485
Iter 170 of 344 Loss: -0.074626, NCC_Loss: -0.078373, Reg: 0.003747
Iter 180 of 344 Loss: -0.071238, NCC_Loss: -0.074900, Reg: 0.003661
Iter 190 of 344 Loss: -0.075278, NCC_Loss: -0.078944, Reg: 0.003667
Iter 200 of 344 Loss: -0.075411, NCC_Loss: -0.079026, Reg: 0.003616
Iter 210 of 344 Loss: -0.078244, NCC_Loss: -0.081425, Reg: 0.003181
Iter 220 of 344 Loss: -0.075932, NCC_Loss: -0.079544, Reg: 0.003612
Iter 230 of 344 Loss: -0.077077, NCC_Loss: -0.080723, Reg: 0.003645
Iter 240 of 344 Loss: -0.078336, NCC_Loss: -0.081810, Reg: 0.003473
Iter 250 of 344 Loss: -0.069300, NCC_Loss: -0.072415, Reg: 0.003114
Iter 260 of 344 Loss: -0.072272, NCC_Loss: -0.075534, Reg: 0.003262
Iter 270 of 344 Loss: -0.075018, NCC_Loss: -0.078781, Reg: 0.003763
Iter 280 of 344 Loss: -0.070104, NCC_Loss: -0.073534, Reg: 0.003430
Iter 290 of 344 Loss: -0.076714, NCC_Loss: -0.079996, Reg: 0.003281
Iter 300 of 344 Loss: -0.075439, NCC_Loss: -0.079524, Reg: 0.004085
Iter 310 of 344 Loss: -0.082242, NCC_Loss: -0.085675, Reg: 0.003433
Iter 320 of 344 Loss: -0.075576, NCC_Loss: -0.079282, Reg: 0.003706
Iter 330 of 344 Loss: -0.070573, NCC_Loss: -0.074169, Reg: 0.003596
Iter 340 of 344 Loss: -0.072446, NCC_Loss: -0.075775, Reg: 0.003328
Epoch 183 Loss: -0.074698
Epoch 183 Validation: Mean EPE: 7.2641, Mean SSIM: 0.1791, Mean ZNCC: -0.0374
Epoch 184 starts
Iter 10 of 344 Loss: -0.086805, NCC_Loss: -0.090105, Reg: 0.003300
Iter 20 of 344 Loss: -0.079989, NCC_Loss: -0.083140, Reg: 0.003151
Iter 30 of 344 Loss: -0.074785, NCC_Loss: -0.078026, Reg: 0.003241
Iter 40 of 344 Loss: -0.075409, NCC_Loss: -0.078752, Reg: 0.003344
Iter 50 of 344 Loss: -0.068474, NCC_Loss: -0.071692, Reg: 0.003218
Iter 60 of 344 Loss: -0.080865, NCC_Loss: -0.084073, Reg: 0.003208
Iter 70 of 344 Loss: -0.071831, NCC_Loss: -0.075517, Reg: 0.003686
Iter 80 of 344 Loss: -0.078364, NCC_Loss: -0.081969, Reg: 0.003605
Iter 90 of 344 Loss: -0.086898, NCC_Loss: -0.090356, Reg: 0.003458
Iter 100 of 344 Loss: -0.073617, NCC_Loss: -0.076880, Reg: 0.003263
Iter 110 of 344 Loss: -0.071431, NCC_Loss: -0.074947, Reg: 0.003516
Iter 120 of 344 Loss: -0.071186, NCC_Loss: -0.074695, Reg: 0.003509
Iter 130 of 344 Loss: -0.079368, NCC_Loss: -0.082915, Reg: 0.003547
Iter 140 of 344 Loss: -0.074424, NCC_Loss: -0.077997, Reg: 0.003573
Iter 150 of 344 Loss: -0.073510, NCC_Loss: -0.076635, Reg: 0.003124
Iter 160 of 344 Loss: -0.075237, NCC_Loss: -0.078310, Reg: 0.003073
Iter 170 of 344 Loss: -0.072871, NCC_Loss: -0.075947, Reg: 0.003076
Iter 180 of 344 Loss: -0.080972, NCC_Loss: -0.084272, Reg: 0.003300
Iter 190 of 344 Loss: -0.076075, NCC_Loss: -0.078983, Reg: 0.002908
Iter 200 of 344 Loss: -0.075957, NCC_Loss: -0.079667, Reg: 0.003710
Iter 210 of 344 Loss: -0.069781, NCC_Loss: -0.073107, Reg: 0.003326
Iter 220 of 344 Loss: -0.075068, NCC_Loss: -0.078589, Reg: 0.003521
Iter 230 of 344 Loss: -0.079679, NCC_Loss: -0.083156, Reg: 0.003477
Iter 240 of 344 Loss: -0.073500, NCC_Loss: -0.076889, Reg: 0.003389
Iter 250 of 344 Loss: -0.072303, NCC_Loss: -0.075656, Reg: 0.003352
Iter 260 of 344 Loss: -0.075714, NCC_Loss: -0.078734, Reg: 0.003020
Iter 270 of 344 Loss: -0.068979, NCC_Loss: -0.072248, Reg: 0.003270
Iter 280 of 344 Loss: -0.063955, NCC_Loss: -0.067734, Reg: 0.003778
Iter 290 of 344 Loss: -0.076131, NCC_Loss: -0.079759, Reg: 0.003629
Iter 300 of 344 Loss: -0.082019, NCC_Loss: -0.085783, Reg: 0.003765
Iter 310 of 344 Loss: -0.069194, NCC_Loss: -0.072974, Reg: 0.003780
Iter 320 of 344 Loss: -0.067818, NCC_Loss: -0.071223, Reg: 0.003405
Iter 330 of 344 Loss: -0.079815, NCC_Loss: -0.083538, Reg: 0.003723
Iter 340 of 344 Loss: -0.077981, NCC_Loss: -0.081375, Reg: 0.003395
Epoch 184 Loss: -0.074782
Epoch 184 Validation: Mean EPE: 7.2642, Mean SSIM: 0.1792, Mean ZNCC: -0.0374
Epoch 185 starts
Iter 10 of 344 Loss: -0.075830, NCC_Loss: -0.079143, Reg: 0.003313
Iter 20 of 344 Loss: -0.069613, NCC_Loss: -0.072908, Reg: 0.003295
Iter 30 of 344 Loss: -0.073624, NCC_Loss: -0.076997, Reg: 0.003373
Iter 40 of 344 Loss: -0.070256, NCC_Loss: -0.073786, Reg: 0.003530
Iter 50 of 344 Loss: -0.076462, NCC_Loss: -0.079740, Reg: 0.003278
Iter 60 of 344 Loss: -0.078304, NCC_Loss: -0.081759, Reg: 0.003455
Iter 70 of 344 Loss: -0.078604, NCC_Loss: -0.082606, Reg: 0.004002
Iter 80 of 344 Loss: -0.072982, NCC_Loss: -0.076006, Reg: 0.003024
Iter 90 of 344 Loss: -0.077502, NCC_Loss: -0.081306, Reg: 0.003804
Iter 100 of 344 Loss: -0.078973, NCC_Loss: -0.083149, Reg: 0.004176
Iter 110 of 344 Loss: -0.075243, NCC_Loss: -0.078651, Reg: 0.003408
Iter 120 of 344 Loss: -0.073882, NCC_Loss: -0.077455, Reg: 0.003573
Iter 130 of 344 Loss: -0.084507, NCC_Loss: -0.088392, Reg: 0.003885
Iter 140 of 344 Loss: -0.074164, NCC_Loss: -0.077807, Reg: 0.003643
Iter 150 of 344 Loss: -0.069498, NCC_Loss: -0.073140, Reg: 0.003642
Iter 160 of 344 Loss: -0.070774, NCC_Loss: -0.074242, Reg: 0.003468
Iter 170 of 344 Loss: -0.070874, NCC_Loss: -0.074098, Reg: 0.003223
Iter 180 of 344 Loss: -0.071490, NCC_Loss: -0.074696, Reg: 0.003206
Iter 190 of 344 Loss: -0.072009, NCC_Loss: -0.076520, Reg: 0.004512
Iter 200 of 344 Loss: -0.079724, NCC_Loss: -0.083394, Reg: 0.003670
Iter 210 of 344 Loss: -0.067957, NCC_Loss: -0.071830, Reg: 0.003873
Iter 220 of 344 Loss: -0.073232, NCC_Loss: -0.076479, Reg: 0.003248
Iter 230 of 344 Loss: -0.077427, NCC_Loss: -0.080539, Reg: 0.003113
Iter 240 of 344 Loss: -0.074351, NCC_Loss: -0.077567, Reg: 0.003215
Iter 250 of 344 Loss: -0.079547, NCC_Loss: -0.083355, Reg: 0.003807
Iter 260 of 344 Loss: -0.075378, NCC_Loss: -0.079376, Reg: 0.003998
Iter 270 of 344 Loss: -0.073953, NCC_Loss: -0.077354, Reg: 0.003401
Iter 280 of 344 Loss: -0.081097, NCC_Loss: -0.084581, Reg: 0.003484
Iter 290 of 344 Loss: -0.080811, NCC_Loss: -0.084570, Reg: 0.003760
Iter 300 of 344 Loss: -0.070574, NCC_Loss: -0.073700, Reg: 0.003126
Iter 310 of 344 Loss: -0.076262, NCC_Loss: -0.079625, Reg: 0.003362
Iter 320 of 344 Loss: -0.079356, NCC_Loss: -0.083112, Reg: 0.003756
Iter 330 of 344 Loss: -0.071064, NCC_Loss: -0.074596, Reg: 0.003532
Iter 340 of 344 Loss: -0.070667, NCC_Loss: -0.073670, Reg: 0.003003
Epoch 185 Loss: -0.074759
Epoch 185 Validation: Mean EPE: 7.2646, Mean SSIM: 0.1792, Mean ZNCC: -0.0375
Epoch 186 starts
Iter 10 of 344 Loss: -0.073681, NCC_Loss: -0.076833, Reg: 0.003152
Iter 20 of 344 Loss: -0.081131, NCC_Loss: -0.085324, Reg: 0.004194
Iter 30 of 344 Loss: -0.076190, NCC_Loss: -0.080429, Reg: 0.004239
Iter 40 of 344 Loss: -0.074555, NCC_Loss: -0.077741, Reg: 0.003186
Iter 50 of 344 Loss: -0.069935, NCC_Loss: -0.073561, Reg: 0.003626
Iter 60 of 344 Loss: -0.077906, NCC_Loss: -0.081049, Reg: 0.003144
Iter 70 of 344 Loss: -0.073599, NCC_Loss: -0.076995, Reg: 0.003396
Iter 80 of 344 Loss: -0.071411, NCC_Loss: -0.075334, Reg: 0.003923
Iter 90 of 344 Loss: -0.073683, NCC_Loss: -0.077485, Reg: 0.003802
Iter 100 of 344 Loss: -0.073229, NCC_Loss: -0.076233, Reg: 0.003004
Iter 110 of 344 Loss: -0.072893, NCC_Loss: -0.076395, Reg: 0.003502
Iter 120 of 344 Loss: -0.077880, NCC_Loss: -0.081407, Reg: 0.003527
Iter 130 of 344 Loss: -0.077518, NCC_Loss: -0.080650, Reg: 0.003131
Iter 140 of 344 Loss: -0.077329, NCC_Loss: -0.080629, Reg: 0.003300
Iter 150 of 344 Loss: -0.078368, NCC_Loss: -0.081761, Reg: 0.003392
Iter 160 of 344 Loss: -0.071967, NCC_Loss: -0.075475, Reg: 0.003507
Iter 170 of 344 Loss: -0.074887, NCC_Loss: -0.078303, Reg: 0.003416
Iter 180 of 344 Loss: -0.072861, NCC_Loss: -0.075938, Reg: 0.003076
Iter 190 of 344 Loss: -0.078140, NCC_Loss: -0.081838, Reg: 0.003698
Iter 200 of 344 Loss: -0.071436, NCC_Loss: -0.074794, Reg: 0.003358
Iter 210 of 344 Loss: -0.069757, NCC_Loss: -0.072935, Reg: 0.003178
Iter 220 of 344 Loss: -0.083384, NCC_Loss: -0.086981, Reg: 0.003596
Iter 230 of 344 Loss: -0.070318, NCC_Loss: -0.073450, Reg: 0.003132
Iter 240 of 344 Loss: -0.079718, NCC_Loss: -0.083393, Reg: 0.003675
Iter 250 of 344 Loss: -0.069964, NCC_Loss: -0.073707, Reg: 0.003743
Iter 260 of 344 Loss: -0.087114, NCC_Loss: -0.091330, Reg: 0.004216
Iter 270 of 344 Loss: -0.077370, NCC_Loss: -0.080273, Reg: 0.002903
Iter 280 of 344 Loss: -0.069694, NCC_Loss: -0.073669, Reg: 0.003975
Iter 290 of 344 Loss: -0.072973, NCC_Loss: -0.076348, Reg: 0.003375
Iter 300 of 344 Loss: -0.077209, NCC_Loss: -0.081277, Reg: 0.004068
Iter 310 of 344 Loss: -0.071964, NCC_Loss: -0.075810, Reg: 0.003846
Iter 320 of 344 Loss: -0.077999, NCC_Loss: -0.081396, Reg: 0.003397
Iter 330 of 344 Loss: -0.076231, NCC_Loss: -0.080051, Reg: 0.003820
Iter 340 of 344 Loss: -0.077388, NCC_Loss: -0.080756, Reg: 0.003368
Epoch 186 Loss: -0.074795
Epoch 186 Validation: Mean EPE: 7.2647, Mean SSIM: 0.1793, Mean ZNCC: -0.0375
Epoch 187 starts
Iter 10 of 344 Loss: -0.069743, NCC_Loss: -0.072982, Reg: 0.003239
Iter 20 of 344 Loss: -0.071210, NCC_Loss: -0.074798, Reg: 0.003588
Iter 30 of 344 Loss: -0.071464, NCC_Loss: -0.075256, Reg: 0.003792
Iter 40 of 344 Loss: -0.076433, NCC_Loss: -0.079923, Reg: 0.003490
Iter 50 of 344 Loss: -0.077122, NCC_Loss: -0.080970, Reg: 0.003848
Iter 60 of 344 Loss: -0.079009, NCC_Loss: -0.082483, Reg: 0.003475
Iter 70 of 344 Loss: -0.074140, NCC_Loss: -0.077944, Reg: 0.003803
Iter 80 of 344 Loss: -0.077390, NCC_Loss: -0.081239, Reg: 0.003849
Iter 90 of 344 Loss: -0.073676, NCC_Loss: -0.077177, Reg: 0.003500
Iter 100 of 344 Loss: -0.072448, NCC_Loss: -0.075874, Reg: 0.003426
Iter 110 of 344 Loss: -0.073403, NCC_Loss: -0.076577, Reg: 0.003173
Iter 120 of 344 Loss: -0.074227, NCC_Loss: -0.077822, Reg: 0.003595
Iter 130 of 344 Loss: -0.076498, NCC_Loss: -0.079935, Reg: 0.003437
Iter 140 of 344 Loss: -0.076442, NCC_Loss: -0.080064, Reg: 0.003622
Iter 150 of 344 Loss: -0.074628, NCC_Loss: -0.078085, Reg: 0.003457
Iter 160 of 344 Loss: -0.079179, NCC_Loss: -0.083103, Reg: 0.003924
Iter 170 of 344 Loss: -0.073344, NCC_Loss: -0.076814, Reg: 0.003470
Iter 180 of 344 Loss: -0.072865, NCC_Loss: -0.076774, Reg: 0.003909
Iter 190 of 344 Loss: -0.069737, NCC_Loss: -0.073083, Reg: 0.003345
Iter 200 of 344 Loss: -0.080006, NCC_Loss: -0.083311, Reg: 0.003305
Iter 210 of 344 Loss: -0.080987, NCC_Loss: -0.084877, Reg: 0.003891
Iter 220 of 344 Loss: -0.069440, NCC_Loss: -0.073271, Reg: 0.003831
Iter 230 of 344 Loss: -0.077917, NCC_Loss: -0.081705, Reg: 0.003788
Iter 240 of 344 Loss: -0.075609, NCC_Loss: -0.079191, Reg: 0.003582
Iter 250 of 344 Loss: -0.076106, NCC_Loss: -0.079836, Reg: 0.003730
Iter 260 of 344 Loss: -0.073597, NCC_Loss: -0.077537, Reg: 0.003941
Iter 270 of 344 Loss: -0.074147, NCC_Loss: -0.077136, Reg: 0.002989
Iter 280 of 344 Loss: -0.066212, NCC_Loss: -0.070053, Reg: 0.003841
Iter 290 of 344 Loss: -0.074285, NCC_Loss: -0.077888, Reg: 0.003603
Iter 300 of 344 Loss: -0.074700, NCC_Loss: -0.078380, Reg: 0.003680
Iter 310 of 344 Loss: -0.084951, NCC_Loss: -0.088544, Reg: 0.003594
Iter 320 of 344 Loss: -0.076838, NCC_Loss: -0.080752, Reg: 0.003914
Iter 330 of 344 Loss: -0.080330, NCC_Loss: -0.083708, Reg: 0.003379
Iter 340 of 344 Loss: -0.078078, NCC_Loss: -0.081653, Reg: 0.003575
Epoch 187 Loss: -0.074865
Epoch 187 Validation: Mean EPE: 7.2648, Mean SSIM: 0.1794, Mean ZNCC: -0.0375
Epoch 188 starts
Iter 10 of 344 Loss: -0.072018, NCC_Loss: -0.075647, Reg: 0.003629
Iter 20 of 344 Loss: -0.068575, NCC_Loss: -0.071890, Reg: 0.003316
Iter 30 of 344 Loss: -0.073249, NCC_Loss: -0.076864, Reg: 0.003615
Iter 40 of 344 Loss: -0.071235, NCC_Loss: -0.074546, Reg: 0.003311
Iter 50 of 344 Loss: -0.077422, NCC_Loss: -0.080614, Reg: 0.003192
Iter 60 of 344 Loss: -0.069039, NCC_Loss: -0.072685, Reg: 0.003646
Iter 70 of 344 Loss: -0.074409, NCC_Loss: -0.078137, Reg: 0.003728
Iter 80 of 344 Loss: -0.077291, NCC_Loss: -0.080532, Reg: 0.003241
Iter 90 of 344 Loss: -0.075956, NCC_Loss: -0.079367, Reg: 0.003411
Iter 100 of 344 Loss: -0.068878, NCC_Loss: -0.072185, Reg: 0.003307
Iter 110 of 344 Loss: -0.079637, NCC_Loss: -0.083414, Reg: 0.003777
Iter 120 of 344 Loss: -0.067579, NCC_Loss: -0.070794, Reg: 0.003215
Iter 130 of 344 Loss: -0.073427, NCC_Loss: -0.077127, Reg: 0.003700
Iter 140 of 344 Loss: -0.073083, NCC_Loss: -0.076659, Reg: 0.003576
Iter 150 of 344 Loss: -0.073410, NCC_Loss: -0.076909, Reg: 0.003499
Iter 160 of 344 Loss: -0.075213, NCC_Loss: -0.078789, Reg: 0.003576
Iter 170 of 344 Loss: -0.072372, NCC_Loss: -0.076000, Reg: 0.003628
Iter 180 of 344 Loss: -0.070525, NCC_Loss: -0.073656, Reg: 0.003131
Iter 190 of 344 Loss: -0.072292, NCC_Loss: -0.075880, Reg: 0.003588
Iter 200 of 344 Loss: -0.070617, NCC_Loss: -0.074308, Reg: 0.003690
Iter 210 of 344 Loss: -0.074159, NCC_Loss: -0.077461, Reg: 0.003303
Iter 220 of 344 Loss: -0.076826, NCC_Loss: -0.080667, Reg: 0.003841
Iter 230 of 344 Loss: -0.074282, NCC_Loss: -0.077715, Reg: 0.003433
Iter 240 of 344 Loss: -0.078845, NCC_Loss: -0.082081, Reg: 0.003235
Iter 250 of 344 Loss: -0.080226, NCC_Loss: -0.084468, Reg: 0.004242
Iter 260 of 344 Loss: -0.080286, NCC_Loss: -0.083594, Reg: 0.003308
Iter 270 of 344 Loss: -0.086815, NCC_Loss: -0.090185, Reg: 0.003370
Iter 280 of 344 Loss: -0.075581, NCC_Loss: -0.079206, Reg: 0.003625
Iter 290 of 344 Loss: -0.073604, NCC_Loss: -0.077316, Reg: 0.003712
Iter 300 of 344 Loss: -0.070687, NCC_Loss: -0.074391, Reg: 0.003704
Iter 310 of 344 Loss: -0.077415, NCC_Loss: -0.080781, Reg: 0.003367
Iter 320 of 344 Loss: -0.079484, NCC_Loss: -0.082990, Reg: 0.003506
Iter 330 of 344 Loss: -0.076358, NCC_Loss: -0.080044, Reg: 0.003685
Iter 340 of 344 Loss: -0.080571, NCC_Loss: -0.083877, Reg: 0.003307
Epoch 188 Loss: -0.074929
Epoch 188 Validation: Mean EPE: 7.2649, Mean SSIM: 0.1795, Mean ZNCC: -0.0375
Epoch 189 starts
Iter 10 of 344 Loss: -0.071233, NCC_Loss: -0.074450, Reg: 0.003217
Iter 20 of 344 Loss: -0.072430, NCC_Loss: -0.075725, Reg: 0.003295
Iter 30 of 344 Loss: -0.074595, NCC_Loss: -0.077750, Reg: 0.003155
Iter 40 of 344 Loss: -0.073508, NCC_Loss: -0.077523, Reg: 0.004015
Iter 50 of 344 Loss: -0.080615, NCC_Loss: -0.084076, Reg: 0.003461
Iter 60 of 344 Loss: -0.074018, NCC_Loss: -0.077659, Reg: 0.003641
Iter 70 of 344 Loss: -0.075969, NCC_Loss: -0.079158, Reg: 0.003189
Iter 80 of 344 Loss: -0.079005, NCC_Loss: -0.082392, Reg: 0.003387
Iter 90 of 344 Loss: -0.081740, NCC_Loss: -0.085723, Reg: 0.003983
Iter 100 of 344 Loss: -0.073120, NCC_Loss: -0.076449, Reg: 0.003329
Iter 110 of 344 Loss: -0.070268, NCC_Loss: -0.073980, Reg: 0.003712
Iter 120 of 344 Loss: -0.080300, NCC_Loss: -0.084040, Reg: 0.003740
Iter 130 of 344 Loss: -0.075571, NCC_Loss: -0.079552, Reg: 0.003980
Iter 140 of 344 Loss: -0.074037, NCC_Loss: -0.077424, Reg: 0.003387
Iter 150 of 344 Loss: -0.084117, NCC_Loss: -0.087565, Reg: 0.003448
Iter 160 of 344 Loss: -0.074175, NCC_Loss: -0.077659, Reg: 0.003484
Iter 170 of 344 Loss: -0.074541, NCC_Loss: -0.078193, Reg: 0.003653
Iter 180 of 344 Loss: -0.071261, NCC_Loss: -0.074227, Reg: 0.002966
Iter 190 of 344 Loss: -0.076573, NCC_Loss: -0.080413, Reg: 0.003840
Iter 200 of 344 Loss: -0.081517, NCC_Loss: -0.084944, Reg: 0.003427
Iter 210 of 344 Loss: -0.076638, NCC_Loss: -0.080538, Reg: 0.003901
Iter 220 of 344 Loss: -0.073924, NCC_Loss: -0.077453, Reg: 0.003530
Iter 230 of 344 Loss: -0.074701, NCC_Loss: -0.078060, Reg: 0.003358
Iter 240 of 344 Loss: -0.080761, NCC_Loss: -0.084422, Reg: 0.003661
Iter 250 of 344 Loss: -0.078107, NCC_Loss: -0.081863, Reg: 0.003756
Iter 260 of 344 Loss: -0.068394, NCC_Loss: -0.071852, Reg: 0.003458
Iter 270 of 344 Loss: -0.075013, NCC_Loss: -0.078079, Reg: 0.003066
Iter 280 of 344 Loss: -0.081906, NCC_Loss: -0.085367, Reg: 0.003462
Iter 290 of 344 Loss: -0.070600, NCC_Loss: -0.073536, Reg: 0.002936
Iter 300 of 344 Loss: -0.077765, NCC_Loss: -0.081321, Reg: 0.003556
Iter 310 of 344 Loss: -0.071718, NCC_Loss: -0.075213, Reg: 0.003495
Iter 320 of 344 Loss: -0.079068, NCC_Loss: -0.082157, Reg: 0.003089
Iter 330 of 344 Loss: -0.081675, NCC_Loss: -0.085137, Reg: 0.003463
Iter 340 of 344 Loss: -0.074876, NCC_Loss: -0.078854, Reg: 0.003979
Epoch 189 Loss: -0.074991
Epoch 189 Validation: Mean EPE: 7.2650, Mean SSIM: 0.1797, Mean ZNCC: -0.0375
Epoch 190 starts
Iter 10 of 344 Loss: -0.070647, NCC_Loss: -0.073977, Reg: 0.003330
Iter 20 of 344 Loss: -0.077866, NCC_Loss: -0.081429, Reg: 0.003563
Iter 30 of 344 Loss: -0.070658, NCC_Loss: -0.075091, Reg: 0.004433
Iter 40 of 344 Loss: -0.074988, NCC_Loss: -0.078398, Reg: 0.003411
Iter 50 of 344 Loss: -0.084219, NCC_Loss: -0.087766, Reg: 0.003547
Iter 60 of 344 Loss: -0.078290, NCC_Loss: -0.082187, Reg: 0.003897
Iter 70 of 344 Loss: -0.073407, NCC_Loss: -0.076793, Reg: 0.003386
Iter 80 of 344 Loss: -0.071483, NCC_Loss: -0.074821, Reg: 0.003338
Iter 90 of 344 Loss: -0.073927, NCC_Loss: -0.077532, Reg: 0.003604
Iter 100 of 344 Loss: -0.076105, NCC_Loss: -0.079553, Reg: 0.003449
Iter 110 of 344 Loss: -0.074502, NCC_Loss: -0.078025, Reg: 0.003523
Iter 120 of 344 Loss: -0.071268, NCC_Loss: -0.074196, Reg: 0.002928
Iter 130 of 344 Loss: -0.076801, NCC_Loss: -0.079883, Reg: 0.003082
Iter 140 of 344 Loss: -0.077435, NCC_Loss: -0.080834, Reg: 0.003399
Iter 150 of 344 Loss: -0.079417, NCC_Loss: -0.082835, Reg: 0.003419
Iter 160 of 344 Loss: -0.080001, NCC_Loss: -0.083768, Reg: 0.003767
Iter 170 of 344 Loss: -0.074260, NCC_Loss: -0.077909, Reg: 0.003649
Iter 180 of 344 Loss: -0.071909, NCC_Loss: -0.075029, Reg: 0.003119
Iter 190 of 344 Loss: -0.077039, NCC_Loss: -0.080770, Reg: 0.003731
Iter 200 of 344 Loss: -0.076920, NCC_Loss: -0.080396, Reg: 0.003476
Iter 210 of 344 Loss: -0.074495, NCC_Loss: -0.078148, Reg: 0.003652
Iter 220 of 344 Loss: -0.076155, NCC_Loss: -0.079630, Reg: 0.003475
Iter 230 of 344 Loss: -0.076169, NCC_Loss: -0.079384, Reg: 0.003215
Iter 240 of 344 Loss: -0.073560, NCC_Loss: -0.077182, Reg: 0.003623
Iter 250 of 344 Loss: -0.080453, NCC_Loss: -0.083988, Reg: 0.003535
Iter 260 of 344 Loss: -0.075414, NCC_Loss: -0.079055, Reg: 0.003641
Iter 270 of 344 Loss: -0.072361, NCC_Loss: -0.075905, Reg: 0.003544
Iter 280 of 344 Loss: -0.084976, NCC_Loss: -0.088784, Reg: 0.003808
Iter 290 of 344 Loss: -0.069496, NCC_Loss: -0.073041, Reg: 0.003545
Iter 300 of 344 Loss: -0.075594, NCC_Loss: -0.079088, Reg: 0.003494
Iter 310 of 344 Loss: -0.081992, NCC_Loss: -0.085520, Reg: 0.003528
Iter 320 of 344 Loss: -0.080718, NCC_Loss: -0.083776, Reg: 0.003058
Iter 330 of 344 Loss: -0.069319, NCC_Loss: -0.072729, Reg: 0.003410
Iter 340 of 344 Loss: -0.074097, NCC_Loss: -0.077785, Reg: 0.003688
Epoch 190 Loss: -0.075055
Epoch 190 Validation: Mean EPE: 7.2652, Mean SSIM: 0.1798, Mean ZNCC: -0.0375
Epoch 191 starts
Iter 10 of 344 Loss: -0.075934, NCC_Loss: -0.079604, Reg: 0.003671
Iter 20 of 344 Loss: -0.077744, NCC_Loss: -0.081130, Reg: 0.003386
Iter 30 of 344 Loss: -0.079798, NCC_Loss: -0.083740, Reg: 0.003942
Iter 40 of 344 Loss: -0.074355, NCC_Loss: -0.077542, Reg: 0.003186
Iter 50 of 344 Loss: -0.073035, NCC_Loss: -0.076940, Reg: 0.003904
Iter 60 of 344 Loss: -0.073589, NCC_Loss: -0.076848, Reg: 0.003259
Iter 70 of 344 Loss: -0.077290, NCC_Loss: -0.080903, Reg: 0.003613
Iter 80 of 344 Loss: -0.071852, NCC_Loss: -0.075457, Reg: 0.003605
Iter 90 of 344 Loss: -0.076779, NCC_Loss: -0.080325, Reg: 0.003545
Iter 100 of 344 Loss: -0.073284, NCC_Loss: -0.077172, Reg: 0.003888
Iter 110 of 344 Loss: -0.081169, NCC_Loss: -0.084493, Reg: 0.003323
Iter 120 of 344 Loss: -0.070862, NCC_Loss: -0.074267, Reg: 0.003405
Iter 130 of 344 Loss: -0.077817, NCC_Loss: -0.081651, Reg: 0.003833
Iter 140 of 344 Loss: -0.077081, NCC_Loss: -0.080495, Reg: 0.003415
Iter 150 of 344 Loss: -0.080678, NCC_Loss: -0.084114, Reg: 0.003436
Iter 160 of 344 Loss: -0.073586, NCC_Loss: -0.076890, Reg: 0.003304
Iter 170 of 344 Loss: -0.076252, NCC_Loss: -0.079864, Reg: 0.003612
Iter 180 of 344 Loss: -0.073815, NCC_Loss: -0.077340, Reg: 0.003525
Iter 190 of 344 Loss: -0.078263, NCC_Loss: -0.081679, Reg: 0.003416
Iter 200 of 344 Loss: -0.078763, NCC_Loss: -0.082412, Reg: 0.003650
Iter 210 of 344 Loss: -0.076790, NCC_Loss: -0.079907, Reg: 0.003117
Iter 220 of 344 Loss: -0.075100, NCC_Loss: -0.078533, Reg: 0.003433
Iter 230 of 344 Loss: -0.078616, NCC_Loss: -0.081830, Reg: 0.003214
Iter 240 of 344 Loss: -0.071527, NCC_Loss: -0.074951, Reg: 0.003424
Iter 250 of 344 Loss: -0.069033, NCC_Loss: -0.072126, Reg: 0.003093
Iter 260 of 344 Loss: -0.072784, NCC_Loss: -0.076255, Reg: 0.003471
Iter 270 of 344 Loss: -0.080122, NCC_Loss: -0.083106, Reg: 0.002984
Iter 280 of 344 Loss: -0.073861, NCC_Loss: -0.077436, Reg: 0.003575
Iter 290 of 344 Loss: -0.074825, NCC_Loss: -0.078726, Reg: 0.003901
Iter 300 of 344 Loss: -0.075506, NCC_Loss: -0.079205, Reg: 0.003699
Iter 310 of 344 Loss: -0.074351, NCC_Loss: -0.077462, Reg: 0.003112
Iter 320 of 344 Loss: -0.075721, NCC_Loss: -0.079344, Reg: 0.003623
Iter 330 of 344 Loss: -0.071181, NCC_Loss: -0.074467, Reg: 0.003285
Iter 340 of 344 Loss: -0.079802, NCC_Loss: -0.083768, Reg: 0.003966
Epoch 191 Loss: -0.075118
Epoch 191 Validation: Mean EPE: 7.2653, Mean SSIM: 0.1799, Mean ZNCC: -0.0375
Epoch 192 starts
Iter 10 of 344 Loss: -0.081426, NCC_Loss: -0.085438, Reg: 0.004012
Iter 20 of 344 Loss: -0.077485, NCC_Loss: -0.080991, Reg: 0.003506
Iter 30 of 344 Loss: -0.070967, NCC_Loss: -0.074474, Reg: 0.003506
Iter 40 of 344 Loss: -0.074056, NCC_Loss: -0.077191, Reg: 0.003135
Iter 50 of 344 Loss: -0.076278, NCC_Loss: -0.079454, Reg: 0.003176
Iter 60 of 344 Loss: -0.065724, NCC_Loss: -0.069060, Reg: 0.003336
Iter 70 of 344 Loss: -0.071659, NCC_Loss: -0.075660, Reg: 0.004001
Iter 80 of 344 Loss: -0.076964, NCC_Loss: -0.080349, Reg: 0.003386
Iter 90 of 344 Loss: -0.069381, NCC_Loss: -0.073082, Reg: 0.003701
Iter 100 of 344 Loss: -0.076664, NCC_Loss: -0.079735, Reg: 0.003071
Iter 110 of 344 Loss: -0.080320, NCC_Loss: -0.083704, Reg: 0.003384
Iter 120 of 344 Loss: -0.071718, NCC_Loss: -0.075514, Reg: 0.003796
Iter 130 of 344 Loss: -0.071087, NCC_Loss: -0.074833, Reg: 0.003746
Iter 140 of 344 Loss: -0.077191, NCC_Loss: -0.080871, Reg: 0.003679
Iter 150 of 344 Loss: -0.077903, NCC_Loss: -0.081894, Reg: 0.003992
Iter 160 of 344 Loss: -0.077018, NCC_Loss: -0.080376, Reg: 0.003358
Iter 170 of 344 Loss: -0.079061, NCC_Loss: -0.082665, Reg: 0.003603
Iter 180 of 344 Loss: -0.081479, NCC_Loss: -0.085038, Reg: 0.003559
Iter 190 of 344 Loss: -0.077471, NCC_Loss: -0.080796, Reg: 0.003325
Iter 200 of 344 Loss: -0.077884, NCC_Loss: -0.080843, Reg: 0.002959
Iter 210 of 344 Loss: -0.078933, NCC_Loss: -0.082314, Reg: 0.003380
Iter 220 of 344 Loss: -0.065938, NCC_Loss: -0.069265, Reg: 0.003327
Iter 230 of 344 Loss: -0.076694, NCC_Loss: -0.080152, Reg: 0.003459
Iter 240 of 344 Loss: -0.068782, NCC_Loss: -0.072361, Reg: 0.003579
Iter 250 of 344 Loss: -0.073191, NCC_Loss: -0.076812, Reg: 0.003621
Iter 260 of 344 Loss: -0.075127, NCC_Loss: -0.078426, Reg: 0.003299
Iter 270 of 344 Loss: -0.076505, NCC_Loss: -0.080156, Reg: 0.003651
Iter 280 of 344 Loss: -0.072093, NCC_Loss: -0.075836, Reg: 0.003743
Iter 290 of 344 Loss: -0.082086, NCC_Loss: -0.085552, Reg: 0.003466
Iter 300 of 344 Loss: -0.069389, NCC_Loss: -0.073036, Reg: 0.003647
Iter 310 of 344 Loss: -0.073471, NCC_Loss: -0.076607, Reg: 0.003137
Iter 320 of 344 Loss: -0.074623, NCC_Loss: -0.078167, Reg: 0.003544
Iter 330 of 344 Loss: -0.068134, NCC_Loss: -0.071227, Reg: 0.003093
Iter 340 of 344 Loss: -0.073889, NCC_Loss: -0.077202, Reg: 0.003313
Epoch 192 Loss: -0.075179
Epoch 192 Validation: Mean EPE: 7.2654, Mean SSIM: 0.1800, Mean ZNCC: -0.0374
Epoch 193 starts
Iter 10 of 344 Loss: -0.073451, NCC_Loss: -0.077216, Reg: 0.003766
Iter 20 of 344 Loss: -0.072543, NCC_Loss: -0.076074, Reg: 0.003531
Iter 30 of 344 Loss: -0.067800, NCC_Loss: -0.071394, Reg: 0.003594
Iter 40 of 344 Loss: -0.074885, NCC_Loss: -0.078146, Reg: 0.003261
Iter 50 of 344 Loss: -0.074449, NCC_Loss: -0.077918, Reg: 0.003469
Iter 60 of 344 Loss: -0.077432, NCC_Loss: -0.080830, Reg: 0.003398
Iter 70 of 344 Loss: -0.068976, NCC_Loss: -0.072797, Reg: 0.003821
Iter 80 of 344 Loss: -0.074784, NCC_Loss: -0.078234, Reg: 0.003450
Iter 90 of 344 Loss: -0.076033, NCC_Loss: -0.079406, Reg: 0.003373
Iter 100 of 344 Loss: -0.070490, NCC_Loss: -0.073633, Reg: 0.003144
Iter 110 of 344 Loss: -0.072824, NCC_Loss: -0.076389, Reg: 0.003565
Iter 120 of 344 Loss: -0.070074, NCC_Loss: -0.073862, Reg: 0.003788
Iter 130 of 344 Loss: -0.072362, NCC_Loss: -0.075765, Reg: 0.003403
Iter 140 of 344 Loss: -0.080325, NCC_Loss: -0.083735, Reg: 0.003410
Iter 150 of 344 Loss: -0.078914, NCC_Loss: -0.082504, Reg: 0.003591
Iter 160 of 344 Loss: -0.074112, NCC_Loss: -0.077316, Reg: 0.003204
Iter 170 of 344 Loss: -0.082633, NCC_Loss: -0.086179, Reg: 0.003546
Iter 180 of 344 Loss: -0.083485, NCC_Loss: -0.086788, Reg: 0.003304
Iter 190 of 344 Loss: -0.080660, NCC_Loss: -0.083953, Reg: 0.003293
Iter 200 of 344 Loss: -0.076267, NCC_Loss: -0.080081, Reg: 0.003815
Iter 210 of 344 Loss: -0.073989, NCC_Loss: -0.077343, Reg: 0.003354
Iter 220 of 344 Loss: -0.068908, NCC_Loss: -0.072520, Reg: 0.003612
Iter 230 of 344 Loss: -0.071751, NCC_Loss: -0.075173, Reg: 0.003422
Iter 240 of 344 Loss: -0.074921, NCC_Loss: -0.078705, Reg: 0.003784
Iter 250 of 344 Loss: -0.070985, NCC_Loss: -0.074465, Reg: 0.003479
Iter 260 of 344 Loss: -0.074781, NCC_Loss: -0.077939, Reg: 0.003158
Iter 270 of 344 Loss: -0.072212, NCC_Loss: -0.075507, Reg: 0.003295
Iter 280 of 344 Loss: -0.072501, NCC_Loss: -0.075673, Reg: 0.003172
Iter 290 of 344 Loss: -0.076921, NCC_Loss: -0.080323, Reg: 0.003402
Iter 300 of 344 Loss: -0.072191, NCC_Loss: -0.075825, Reg: 0.003633
Iter 310 of 344 Loss: -0.072925, NCC_Loss: -0.076058, Reg: 0.003133
Iter 320 of 344 Loss: -0.077608, NCC_Loss: -0.081023, Reg: 0.003415
Iter 330 of 344 Loss: -0.067460, NCC_Loss: -0.070648, Reg: 0.003188
Iter 340 of 344 Loss: -0.075039, NCC_Loss: -0.078437, Reg: 0.003397
Epoch 193 Loss: -0.075237
Epoch 193 Validation: Mean EPE: 7.2655, Mean SSIM: 0.1801, Mean ZNCC: -0.0374
Epoch 194 starts
Iter 10 of 344 Loss: -0.064570, NCC_Loss: -0.068125, Reg: 0.003555
Iter 20 of 344 Loss: -0.075433, NCC_Loss: -0.078696, Reg: 0.003262
Iter 30 of 344 Loss: -0.071757, NCC_Loss: -0.075146, Reg: 0.003389
Iter 40 of 344 Loss: -0.079180, NCC_Loss: -0.082919, Reg: 0.003739
Iter 50 of 344 Loss: -0.069087, NCC_Loss: -0.072824, Reg: 0.003737
Iter 60 of 344 Loss: -0.079972, NCC_Loss: -0.082742, Reg: 0.002770
Iter 70 of 344 Loss: -0.075489, NCC_Loss: -0.079026, Reg: 0.003537
Iter 80 of 344 Loss: -0.076082, NCC_Loss: -0.079093, Reg: 0.003011
Iter 90 of 344 Loss: -0.071910, NCC_Loss: -0.075458, Reg: 0.003548
Iter 100 of 344 Loss: -0.075652, NCC_Loss: -0.079108, Reg: 0.003456
Iter 110 of 344 Loss: -0.079302, NCC_Loss: -0.082087, Reg: 0.002785
Iter 120 of 344 Loss: -0.076819, NCC_Loss: -0.079893, Reg: 0.003074
Iter 130 of 344 Loss: -0.078290, NCC_Loss: -0.081404, Reg: 0.003113
Iter 140 of 344 Loss: -0.075855, NCC_Loss: -0.079851, Reg: 0.003996
Iter 150 of 344 Loss: -0.073782, NCC_Loss: -0.077307, Reg: 0.003525
Iter 160 of 344 Loss: -0.074839, NCC_Loss: -0.078721, Reg: 0.003882
Iter 170 of 344 Loss: -0.068919, NCC_Loss: -0.072778, Reg: 0.003859
Iter 180 of 344 Loss: -0.070448, NCC_Loss: -0.074318, Reg: 0.003871
Iter 190 of 344 Loss: -0.071276, NCC_Loss: -0.075201, Reg: 0.003925
Iter 200 of 344 Loss: -0.075982, NCC_Loss: -0.079489, Reg: 0.003507
Iter 210 of 344 Loss: -0.088864, NCC_Loss: -0.092891, Reg: 0.004027
Iter 220 of 344 Loss: -0.076135, NCC_Loss: -0.079435, Reg: 0.003300
Iter 230 of 344 Loss: -0.077221, NCC_Loss: -0.080421, Reg: 0.003200
Iter 240 of 344 Loss: -0.071663, NCC_Loss: -0.074849, Reg: 0.003186
Iter 250 of 344 Loss: -0.074905, NCC_Loss: -0.078883, Reg: 0.003978
Iter 260 of 344 Loss: -0.077477, NCC_Loss: -0.081107, Reg: 0.003630
Iter 270 of 344 Loss: -0.078972, NCC_Loss: -0.082190, Reg: 0.003218
Iter 280 of 344 Loss: -0.083286, NCC_Loss: -0.086772, Reg: 0.003486
Iter 290 of 344 Loss: -0.078650, NCC_Loss: -0.081838, Reg: 0.003188
Iter 300 of 344 Loss: -0.075996, NCC_Loss: -0.079619, Reg: 0.003623
Iter 310 of 344 Loss: -0.072943, NCC_Loss: -0.076429, Reg: 0.003486
Iter 320 of 344 Loss: -0.071803, NCC_Loss: -0.075184, Reg: 0.003381
Iter 330 of 344 Loss: -0.079000, NCC_Loss: -0.082643, Reg: 0.003643
Iter 340 of 344 Loss: -0.072114, NCC_Loss: -0.075302, Reg: 0.003188
Epoch 194 Loss: -0.075302
Epoch 194 Validation: Mean EPE: 7.2656, Mean SSIM: 0.1802, Mean ZNCC: -0.0374
Epoch 195 starts
Iter 10 of 344 Loss: -0.076320, NCC_Loss: -0.079754, Reg: 0.003434
Iter 20 of 344 Loss: -0.077832, NCC_Loss: -0.081162, Reg: 0.003329
Iter 30 of 344 Loss: -0.078632, NCC_Loss: -0.081730, Reg: 0.003098
Iter 40 of 344 Loss: -0.081644, NCC_Loss: -0.084880, Reg: 0.003236
Iter 50 of 344 Loss: -0.076017, NCC_Loss: -0.079714, Reg: 0.003697
Iter 60 of 344 Loss: -0.074022, NCC_Loss: -0.077214, Reg: 0.003192
Iter 70 of 344 Loss: -0.077140, NCC_Loss: -0.080205, Reg: 0.003065
Iter 80 of 344 Loss: -0.078204, NCC_Loss: -0.081824, Reg: 0.003620
Iter 90 of 344 Loss: -0.074158, NCC_Loss: -0.077366, Reg: 0.003209
Iter 100 of 344 Loss: -0.076346, NCC_Loss: -0.080068, Reg: 0.003722
Iter 110 of 344 Loss: -0.075792, NCC_Loss: -0.079423, Reg: 0.003631
Iter 120 of 344 Loss: -0.076418, NCC_Loss: -0.079825, Reg: 0.003408
Iter 130 of 344 Loss: -0.077918, NCC_Loss: -0.081229, Reg: 0.003311
Iter 140 of 344 Loss: -0.076021, NCC_Loss: -0.079096, Reg: 0.003075
Iter 150 of 344 Loss: -0.083605, NCC_Loss: -0.087538, Reg: 0.003933
Iter 160 of 344 Loss: -0.076127, NCC_Loss: -0.079937, Reg: 0.003810
Iter 170 of 344 Loss: -0.079698, NCC_Loss: -0.083154, Reg: 0.003456
Iter 180 of 344 Loss: -0.070634, NCC_Loss: -0.074653, Reg: 0.004019
Iter 190 of 344 Loss: -0.079159, NCC_Loss: -0.082249, Reg: 0.003090
Iter 200 of 344 Loss: -0.073496, NCC_Loss: -0.077082, Reg: 0.003586
Iter 210 of 344 Loss: -0.072890, NCC_Loss: -0.076270, Reg: 0.003380
Iter 220 of 344 Loss: -0.071204, NCC_Loss: -0.074407, Reg: 0.003203
Iter 230 of 344 Loss: -0.073914, NCC_Loss: -0.077124, Reg: 0.003211
Iter 240 of 344 Loss: -0.072759, NCC_Loss: -0.076152, Reg: 0.003392
Iter 250 of 344 Loss: -0.070879, NCC_Loss: -0.074576, Reg: 0.003697
Iter 260 of 344 Loss: -0.079129, NCC_Loss: -0.082731, Reg: 0.003602
Iter 270 of 344 Loss: -0.079754, NCC_Loss: -0.083545, Reg: 0.003791
Iter 280 of 344 Loss: -0.082790, NCC_Loss: -0.086121, Reg: 0.003331
Iter 290 of 344 Loss: -0.070981, NCC_Loss: -0.074100, Reg: 0.003119
Iter 300 of 344 Loss: -0.068077, NCC_Loss: -0.071875, Reg: 0.003798
Iter 310 of 344 Loss: -0.073351, NCC_Loss: -0.076707, Reg: 0.003357
Iter 320 of 344 Loss: -0.077208, NCC_Loss: -0.080998, Reg: 0.003790
Iter 330 of 344 Loss: -0.082577, NCC_Loss: -0.085686, Reg: 0.003108
Iter 340 of 344 Loss: -0.077484, NCC_Loss: -0.081057, Reg: 0.003573
Epoch 195 Loss: -0.075343
Epoch 195 Validation: Mean EPE: 7.2657, Mean SSIM: 0.1802, Mean ZNCC: -0.0374
Epoch 196 starts
Iter 10 of 344 Loss: -0.073007, NCC_Loss: -0.076931, Reg: 0.003924
Iter 20 of 344 Loss: -0.068693, NCC_Loss: -0.071857, Reg: 0.003163
Iter 30 of 344 Loss: -0.073971, NCC_Loss: -0.077757, Reg: 0.003786
Iter 40 of 344 Loss: -0.069880, NCC_Loss: -0.073168, Reg: 0.003289
Iter 50 of 344 Loss: -0.072945, NCC_Loss: -0.076833, Reg: 0.003887
Iter 60 of 344 Loss: -0.075766, NCC_Loss: -0.079018, Reg: 0.003252
Iter 70 of 344 Loss: -0.073965, NCC_Loss: -0.077213, Reg: 0.003249
Iter 80 of 344 Loss: -0.077001, NCC_Loss: -0.080136, Reg: 0.003135
Iter 90 of 344 Loss: -0.072914, NCC_Loss: -0.076527, Reg: 0.003613
Iter 100 of 344 Loss: -0.075397, NCC_Loss: -0.078471, Reg: 0.003074
Iter 110 of 344 Loss: -0.077769, NCC_Loss: -0.081172, Reg: 0.003403
Iter 120 of 344 Loss: -0.075031, NCC_Loss: -0.078392, Reg: 0.003361
Iter 130 of 344 Loss: -0.071957, NCC_Loss: -0.075453, Reg: 0.003496
Iter 140 of 344 Loss: -0.074841, NCC_Loss: -0.078025, Reg: 0.003184
Iter 150 of 344 Loss: -0.068586, NCC_Loss: -0.071909, Reg: 0.003323
Iter 160 of 344 Loss: -0.072757, NCC_Loss: -0.076343, Reg: 0.003585
Iter 170 of 344 Loss: -0.068650, NCC_Loss: -0.072445, Reg: 0.003795
Iter 180 of 344 Loss: -0.079253, NCC_Loss: -0.082537, Reg: 0.003284
Iter 190 of 344 Loss: -0.072314, NCC_Loss: -0.075562, Reg: 0.003248
Iter 200 of 344 Loss: -0.076400, NCC_Loss: -0.079952, Reg: 0.003551
Iter 210 of 344 Loss: -0.077067, NCC_Loss: -0.080150, Reg: 0.003083
Iter 220 of 344 Loss: -0.082319, NCC_Loss: -0.085851, Reg: 0.003532
Iter 230 of 344 Loss: -0.074152, NCC_Loss: -0.077147, Reg: 0.002995
Iter 240 of 344 Loss: -0.075073, NCC_Loss: -0.078424, Reg: 0.003351
Iter 250 of 344 Loss: -0.079638, NCC_Loss: -0.083320, Reg: 0.003682
Iter 260 of 344 Loss: -0.075612, NCC_Loss: -0.079215, Reg: 0.003603
Iter 270 of 344 Loss: -0.075990, NCC_Loss: -0.079715, Reg: 0.003726
Iter 280 of 344 Loss: -0.079193, NCC_Loss: -0.082414, Reg: 0.003221
Iter 290 of 344 Loss: -0.072147, NCC_Loss: -0.075462, Reg: 0.003316
Iter 300 of 344 Loss: -0.074099, NCC_Loss: -0.078034, Reg: 0.003935
Iter 310 of 344 Loss: -0.075447, NCC_Loss: -0.078879, Reg: 0.003432
Iter 320 of 344 Loss: -0.071710, NCC_Loss: -0.075137, Reg: 0.003427
Iter 330 of 344 Loss: -0.078629, NCC_Loss: -0.081965, Reg: 0.003336
Iter 340 of 344 Loss: -0.076546, NCC_Loss: -0.079787, Reg: 0.003241
Epoch 196 Loss: -0.075401
Epoch 196 Validation: Mean EPE: 7.2659, Mean SSIM: 0.1803, Mean ZNCC: -0.0374
Epoch 197 starts
Iter 10 of 344 Loss: -0.076819, NCC_Loss: -0.080075, Reg: 0.003256
Iter 20 of 344 Loss: -0.068025, NCC_Loss: -0.071424, Reg: 0.003399
Iter 30 of 344 Loss: -0.078634, NCC_Loss: -0.082543, Reg: 0.003910
Iter 40 of 344 Loss: -0.075963, NCC_Loss: -0.079271, Reg: 0.003308
Iter 50 of 344 Loss: -0.078331, NCC_Loss: -0.081767, Reg: 0.003436
Iter 60 of 344 Loss: -0.078718, NCC_Loss: -0.082209, Reg: 0.003491
Iter 70 of 344 Loss: -0.070088, NCC_Loss: -0.073661, Reg: 0.003573
Iter 80 of 344 Loss: -0.074365, NCC_Loss: -0.077750, Reg: 0.003385
Iter 90 of 344 Loss: -0.085276, NCC_Loss: -0.088600, Reg: 0.003324
Iter 100 of 344 Loss: -0.076123, NCC_Loss: -0.079589, Reg: 0.003466
Iter 110 of 344 Loss: -0.080750, NCC_Loss: -0.083739, Reg: 0.002989
Iter 120 of 344 Loss: -0.069235, NCC_Loss: -0.072921, Reg: 0.003687
Iter 130 of 344 Loss: -0.079287, NCC_Loss: -0.083007, Reg: 0.003720
Iter 140 of 344 Loss: -0.077244, NCC_Loss: -0.080344, Reg: 0.003100
Iter 150 of 344 Loss: -0.075929, NCC_Loss: -0.079190, Reg: 0.003261
Iter 160 of 344 Loss: -0.075495, NCC_Loss: -0.078584, Reg: 0.003089
Iter 170 of 344 Loss: -0.078557, NCC_Loss: -0.081797, Reg: 0.003239
Iter 180 of 344 Loss: -0.075903, NCC_Loss: -0.078906, Reg: 0.003002
Iter 190 of 344 Loss: -0.072790, NCC_Loss: -0.076018, Reg: 0.003229
Iter 200 of 344 Loss: -0.075203, NCC_Loss: -0.078682, Reg: 0.003480
Iter 210 of 344 Loss: -0.078988, NCC_Loss: -0.082252, Reg: 0.003265
Iter 220 of 344 Loss: -0.070361, NCC_Loss: -0.073578, Reg: 0.003217
Iter 230 of 344 Loss: -0.075693, NCC_Loss: -0.078749, Reg: 0.003056
Iter 240 of 344 Loss: -0.069622, NCC_Loss: -0.073098, Reg: 0.003477
Iter 250 of 344 Loss: -0.072767, NCC_Loss: -0.076349, Reg: 0.003581
Iter 260 of 344 Loss: -0.080115, NCC_Loss: -0.083190, Reg: 0.003075
Iter 270 of 344 Loss: -0.079009, NCC_Loss: -0.082284, Reg: 0.003276
Iter 280 of 344 Loss: -0.079465, NCC_Loss: -0.082885, Reg: 0.003420
Iter 290 of 344 Loss: -0.072925, NCC_Loss: -0.076503, Reg: 0.003578
Iter 300 of 344 Loss: -0.074128, NCC_Loss: -0.077106, Reg: 0.002979
Iter 310 of 344 Loss: -0.069779, NCC_Loss: -0.073061, Reg: 0.003283
Iter 320 of 344 Loss: -0.073394, NCC_Loss: -0.076953, Reg: 0.003559
Iter 330 of 344 Loss: -0.075247, NCC_Loss: -0.078493, Reg: 0.003246
Iter 340 of 344 Loss: -0.072664, NCC_Loss: -0.076336, Reg: 0.003672
Epoch 197 Loss: -0.075454
Epoch 197 Validation: Mean EPE: 7.2660, Mean SSIM: 0.1804, Mean ZNCC: -0.0374
Epoch 198 starts
Iter 10 of 344 Loss: -0.073653, NCC_Loss: -0.077010, Reg: 0.003357
Iter 20 of 344 Loss: -0.075091, NCC_Loss: -0.078341, Reg: 0.003250
Iter 30 of 344 Loss: -0.071717, NCC_Loss: -0.075365, Reg: 0.003648
Iter 40 of 344 Loss: -0.076940, NCC_Loss: -0.080437, Reg: 0.003497
Iter 50 of 344 Loss: -0.075846, NCC_Loss: -0.079302, Reg: 0.003457
Iter 60 of 344 Loss: -0.081062, NCC_Loss: -0.084826, Reg: 0.003765
Iter 70 of 344 Loss: -0.073782, NCC_Loss: -0.076818, Reg: 0.003036
Iter 80 of 344 Loss: -0.074616, NCC_Loss: -0.077924, Reg: 0.003308
Iter 90 of 344 Loss: -0.073138, NCC_Loss: -0.076638, Reg: 0.003500
Iter 100 of 344 Loss: -0.080709, NCC_Loss: -0.084129, Reg: 0.003420
Iter 110 of 344 Loss: -0.074482, NCC_Loss: -0.077899, Reg: 0.003417
Iter 120 of 344 Loss: -0.073897, NCC_Loss: -0.077257, Reg: 0.003360
Iter 130 of 344 Loss: -0.066871, NCC_Loss: -0.070425, Reg: 0.003555
Iter 140 of 344 Loss: -0.074620, NCC_Loss: -0.078350, Reg: 0.003730
Iter 150 of 344 Loss: -0.074707, NCC_Loss: -0.078342, Reg: 0.003635
Iter 160 of 344 Loss: -0.076538, NCC_Loss: -0.079799, Reg: 0.003261
Iter 170 of 344 Loss: -0.073396, NCC_Loss: -0.076693, Reg: 0.003297
Iter 180 of 344 Loss: -0.077444, NCC_Loss: -0.081050, Reg: 0.003606
Iter 190 of 344 Loss: -0.075593, NCC_Loss: -0.078969, Reg: 0.003376
Iter 200 of 344 Loss: -0.075208, NCC_Loss: -0.078603, Reg: 0.003395
Iter 210 of 344 Loss: -0.075888, NCC_Loss: -0.079023, Reg: 0.003135
Iter 220 of 344 Loss: -0.076184, NCC_Loss: -0.079681, Reg: 0.003497
Iter 230 of 344 Loss: -0.080180, NCC_Loss: -0.083495, Reg: 0.003314
Iter 240 of 344 Loss: -0.074916, NCC_Loss: -0.078394, Reg: 0.003478
Iter 250 of 344 Loss: -0.082539, NCC_Loss: -0.086088, Reg: 0.003549
Iter 260 of 344 Loss: -0.077699, NCC_Loss: -0.080806, Reg: 0.003107
Iter 270 of 344 Loss: -0.080542, NCC_Loss: -0.083674, Reg: 0.003132
Iter 280 of 344 Loss: -0.073766, NCC_Loss: -0.076990, Reg: 0.003224
Iter 290 of 344 Loss: -0.073115, NCC_Loss: -0.076377, Reg: 0.003262
Iter 300 of 344 Loss: -0.074021, NCC_Loss: -0.077502, Reg: 0.003481
Iter 310 of 344 Loss: -0.075148, NCC_Loss: -0.078436, Reg: 0.003288
Iter 320 of 344 Loss: -0.076613, NCC_Loss: -0.080120, Reg: 0.003506
Iter 330 of 344 Loss: -0.081985, NCC_Loss: -0.085692, Reg: 0.003707
Iter 340 of 344 Loss: -0.073372, NCC_Loss: -0.076251, Reg: 0.002880
Epoch 198 Loss: -0.075504
Epoch 198 Validation: Mean EPE: 7.2661, Mean SSIM: 0.1805, Mean ZNCC: -0.0373
Epoch 199 starts
Iter 10 of 344 Loss: -0.078981, NCC_Loss: -0.082393, Reg: 0.003412
Iter 20 of 344 Loss: -0.077372, NCC_Loss: -0.081028, Reg: 0.003656
Iter 30 of 344 Loss: -0.070560, NCC_Loss: -0.074488, Reg: 0.003929
Iter 40 of 344 Loss: -0.077268, NCC_Loss: -0.080807, Reg: 0.003539
Iter 50 of 344 Loss: -0.071985, NCC_Loss: -0.074917, Reg: 0.002932
Iter 60 of 344 Loss: -0.071615, NCC_Loss: -0.074944, Reg: 0.003329
Iter 70 of 344 Loss: -0.067879, NCC_Loss: -0.071060, Reg: 0.003181
Iter 80 of 344 Loss: -0.081090, NCC_Loss: -0.084775, Reg: 0.003686
Iter 90 of 344 Loss: -0.068630, NCC_Loss: -0.071648, Reg: 0.003018
Iter 100 of 344 Loss: -0.076614, NCC_Loss: -0.079814, Reg: 0.003200
Iter 110 of 344 Loss: -0.075025, NCC_Loss: -0.078002, Reg: 0.002977
Iter 120 of 344 Loss: -0.077379, NCC_Loss: -0.080842, Reg: 0.003463
Iter 130 of 344 Loss: -0.069019, NCC_Loss: -0.072336, Reg: 0.003317
Iter 140 of 344 Loss: -0.072689, NCC_Loss: -0.076424, Reg: 0.003736
Iter 150 of 344 Loss: -0.078385, NCC_Loss: -0.081968, Reg: 0.003583
Iter 160 of 344 Loss: -0.072533, NCC_Loss: -0.075766, Reg: 0.003233
Iter 170 of 344 Loss: -0.071445, NCC_Loss: -0.074641, Reg: 0.003196
Iter 180 of 344 Loss: -0.075516, NCC_Loss: -0.079140, Reg: 0.003624
Iter 190 of 344 Loss: -0.078049, NCC_Loss: -0.081637, Reg: 0.003588
Iter 200 of 344 Loss: -0.080234, NCC_Loss: -0.082916, Reg: 0.002682
Iter 210 of 344 Loss: -0.074867, NCC_Loss: -0.078174, Reg: 0.003307
Iter 220 of 344 Loss: -0.069011, NCC_Loss: -0.072353, Reg: 0.003343
Iter 230 of 344 Loss: -0.071904, NCC_Loss: -0.075434, Reg: 0.003529
Iter 240 of 344 Loss: -0.079103, NCC_Loss: -0.082405, Reg: 0.003302
Iter 250 of 344 Loss: -0.078433, NCC_Loss: -0.082196, Reg: 0.003763
Iter 260 of 344 Loss: -0.078105, NCC_Loss: -0.081639, Reg: 0.003534
Iter 270 of 344 Loss: -0.068695, NCC_Loss: -0.072154, Reg: 0.003458
Iter 280 of 344 Loss: -0.076413, NCC_Loss: -0.080131, Reg: 0.003718
Iter 290 of 344 Loss: -0.079221, NCC_Loss: -0.082507, Reg: 0.003286
Iter 300 of 344 Loss: -0.074326, NCC_Loss: -0.077742, Reg: 0.003416
Iter 310 of 344 Loss: -0.073644, NCC_Loss: -0.076934, Reg: 0.003290
Iter 320 of 344 Loss: -0.082303, NCC_Loss: -0.085558, Reg: 0.003256
Iter 330 of 344 Loss: -0.073868, NCC_Loss: -0.076733, Reg: 0.002865
Iter 340 of 344 Loss: -0.069417, NCC_Loss: -0.072544, Reg: 0.003128
Epoch 199 Loss: -0.075554
Epoch 199 Validation: Mean EPE: 7.2662, Mean SSIM: 0.1806, Mean ZNCC: -0.0373
Epoch 200 starts
Iter 10 of 344 Loss: -0.082044, NCC_Loss: -0.085224, Reg: 0.003180
Iter 20 of 344 Loss: -0.080528, NCC_Loss: -0.083792, Reg: 0.003264
Iter 30 of 344 Loss: -0.069633, NCC_Loss: -0.073118, Reg: 0.003485
Iter 40 of 344 Loss: -0.078662, NCC_Loss: -0.081974, Reg: 0.003313
Iter 50 of 344 Loss: -0.082900, NCC_Loss: -0.086382, Reg: 0.003483
Iter 60 of 344 Loss: -0.075212, NCC_Loss: -0.078596, Reg: 0.003383
Iter 70 of 344 Loss: -0.073305, NCC_Loss: -0.076621, Reg: 0.003316
Iter 80 of 344 Loss: -0.069531, NCC_Loss: -0.072624, Reg: 0.003093
Iter 90 of 344 Loss: -0.080628, NCC_Loss: -0.084270, Reg: 0.003642
Iter 100 of 344 Loss: -0.074958, NCC_Loss: -0.078102, Reg: 0.003145
Iter 110 of 344 Loss: -0.078448, NCC_Loss: -0.081692, Reg: 0.003244
Iter 120 of 344 Loss: -0.080160, NCC_Loss: -0.083486, Reg: 0.003326
Iter 130 of 344 Loss: -0.072083, NCC_Loss: -0.075017, Reg: 0.002934
Iter 140 of 344 Loss: -0.080691, NCC_Loss: -0.084671, Reg: 0.003981
Iter 150 of 344 Loss: -0.080517, NCC_Loss: -0.083721, Reg: 0.003204
Iter 160 of 344 Loss: -0.078519, NCC_Loss: -0.081775, Reg: 0.003256
Iter 170 of 344 Loss: -0.076397, NCC_Loss: -0.079798, Reg: 0.003401
Iter 180 of 344 Loss: -0.078013, NCC_Loss: -0.081090, Reg: 0.003077
Iter 190 of 344 Loss: -0.080216, NCC_Loss: -0.083944, Reg: 0.003728
Iter 200 of 344 Loss: -0.076009, NCC_Loss: -0.079761, Reg: 0.003752
Iter 210 of 344 Loss: -0.078239, NCC_Loss: -0.081708, Reg: 0.003469
Iter 220 of 344 Loss: -0.075170, NCC_Loss: -0.078565, Reg: 0.003396
Iter 230 of 344 Loss: -0.072303, NCC_Loss: -0.075798, Reg: 0.003495
Iter 240 of 344 Loss: -0.072182, NCC_Loss: -0.075499, Reg: 0.003317
Iter 250 of 344 Loss: -0.080715, NCC_Loss: -0.084518, Reg: 0.003803
Iter 260 of 344 Loss: -0.072574, NCC_Loss: -0.075820, Reg: 0.003245
Iter 270 of 344 Loss: -0.069418, NCC_Loss: -0.072386, Reg: 0.002969
Iter 280 of 344 Loss: -0.080996, NCC_Loss: -0.085004, Reg: 0.004008
Iter 290 of 344 Loss: -0.071275, NCC_Loss: -0.074695, Reg: 0.003420
Iter 300 of 344 Loss: -0.073679, NCC_Loss: -0.077066, Reg: 0.003387
Iter 310 of 344 Loss: -0.072419, NCC_Loss: -0.075292, Reg: 0.002873
Iter 320 of 344 Loss: -0.073578, NCC_Loss: -0.076728, Reg: 0.003150
Iter 330 of 344 Loss: -0.077556, NCC_Loss: -0.080547, Reg: 0.002991
Iter 340 of 344 Loss: -0.075068, NCC_Loss: -0.078332, Reg: 0.003265
Epoch 200 Loss: -0.075608
Epoch 200 Validation: Mean EPE: 7.2663, Mean SSIM: 0.1807, Mean ZNCC: -0.0373
Epoch 201 starts
Iter 10 of 344 Loss: -0.074008, NCC_Loss: -0.077289, Reg: 0.003281
Iter 20 of 344 Loss: -0.081750, NCC_Loss: -0.085230, Reg: 0.003480
Iter 30 of 344 Loss: -0.076897, NCC_Loss: -0.080420, Reg: 0.003523
Iter 40 of 344 Loss: -0.079955, NCC_Loss: -0.083192, Reg: 0.003237
Iter 50 of 344 Loss: -0.078507, NCC_Loss: -0.081910, Reg: 0.003402
Iter 60 of 344 Loss: -0.069320, NCC_Loss: -0.072814, Reg: 0.003493
Iter 70 of 344 Loss: -0.073690, NCC_Loss: -0.076993, Reg: 0.003303
Iter 80 of 344 Loss: -0.073740, NCC_Loss: -0.077115, Reg: 0.003375
Iter 90 of 344 Loss: -0.079559, NCC_Loss: -0.082675, Reg: 0.003116
Iter 100 of 344 Loss: -0.073128, NCC_Loss: -0.076688, Reg: 0.003560
Iter 110 of 344 Loss: -0.077911, NCC_Loss: -0.081428, Reg: 0.003517
Iter 120 of 344 Loss: -0.071954, NCC_Loss: -0.075313, Reg: 0.003359
Iter 130 of 344 Loss: -0.073828, NCC_Loss: -0.076941, Reg: 0.003113
Iter 140 of 344 Loss: -0.076946, NCC_Loss: -0.079975, Reg: 0.003029
Iter 150 of 344 Loss: -0.068748, NCC_Loss: -0.071776, Reg: 0.003028
Iter 160 of 344 Loss: -0.073829, NCC_Loss: -0.076900, Reg: 0.003070
Iter 170 of 344 Loss: -0.073473, NCC_Loss: -0.076799, Reg: 0.003326
Iter 180 of 344 Loss: -0.074903, NCC_Loss: -0.078323, Reg: 0.003420
Iter 190 of 344 Loss: -0.079072, NCC_Loss: -0.082344, Reg: 0.003271
Iter 200 of 344 Loss: -0.079281, NCC_Loss: -0.083153, Reg: 0.003872
Iter 210 of 344 Loss: -0.070764, NCC_Loss: -0.073720, Reg: 0.002956
Iter 220 of 344 Loss: -0.075051, NCC_Loss: -0.078050, Reg: 0.002999
Iter 230 of 344 Loss: -0.075183, NCC_Loss: -0.079014, Reg: 0.003831
Iter 240 of 344 Loss: -0.081109, NCC_Loss: -0.084513, Reg: 0.003404
Iter 250 of 344 Loss: -0.074125, NCC_Loss: -0.077926, Reg: 0.003801
Iter 260 of 344 Loss: -0.072396, NCC_Loss: -0.075276, Reg: 0.002880
Iter 270 of 344 Loss: -0.071441, NCC_Loss: -0.074933, Reg: 0.003492
Iter 280 of 344 Loss: -0.083844, NCC_Loss: -0.086750, Reg: 0.002906
Iter 290 of 344 Loss: -0.084341, NCC_Loss: -0.087633, Reg: 0.003292
Iter 300 of 344 Loss: -0.078091, NCC_Loss: -0.081441, Reg: 0.003350
Iter 310 of 344 Loss: -0.066957, NCC_Loss: -0.070049, Reg: 0.003092
Iter 320 of 344 Loss: -0.078358, NCC_Loss: -0.081560, Reg: 0.003202
Iter 330 of 344 Loss: -0.067969, NCC_Loss: -0.071304, Reg: 0.003335
Iter 340 of 344 Loss: -0.076894, NCC_Loss: -0.080208, Reg: 0.003313
Epoch 201 Loss: -0.075656
Epoch 201 Validation: Mean EPE: 7.2664, Mean SSIM: 0.1808, Mean ZNCC: -0.0373
Epoch 202 starts
Iter 10 of 344 Loss: -0.072484, NCC_Loss: -0.075564, Reg: 0.003080
Iter 20 of 344 Loss: -0.074641, NCC_Loss: -0.078450, Reg: 0.003809
Iter 30 of 344 Loss: -0.076880, NCC_Loss: -0.079801, Reg: 0.002921
Iter 40 of 344 Loss: -0.077407, NCC_Loss: -0.080568, Reg: 0.003161
Iter 50 of 344 Loss: -0.069820, NCC_Loss: -0.073117, Reg: 0.003297
Iter 60 of 344 Loss: -0.077645, NCC_Loss: -0.081058, Reg: 0.003414
Iter 70 of 344 Loss: -0.076486, NCC_Loss: -0.079691, Reg: 0.003206
Iter 80 of 344 Loss: -0.071639, NCC_Loss: -0.075759, Reg: 0.004121
Iter 90 of 344 Loss: -0.079819, NCC_Loss: -0.083054, Reg: 0.003236
Iter 100 of 344 Loss: -0.080425, NCC_Loss: -0.083516, Reg: 0.003091
Iter 110 of 344 Loss: -0.071103, NCC_Loss: -0.074720, Reg: 0.003616
Iter 120 of 344 Loss: -0.070340, NCC_Loss: -0.073999, Reg: 0.003659
Iter 130 of 344 Loss: -0.073131, NCC_Loss: -0.076840, Reg: 0.003710
Iter 140 of 344 Loss: -0.073260, NCC_Loss: -0.076552, Reg: 0.003291
Iter 150 of 344 Loss: -0.071751, NCC_Loss: -0.074994, Reg: 0.003243
Iter 160 of 344 Loss: -0.074255, NCC_Loss: -0.077495, Reg: 0.003240
Iter 170 of 344 Loss: -0.069661, NCC_Loss: -0.072587, Reg: 0.002927
Iter 180 of 344 Loss: -0.076285, NCC_Loss: -0.079494, Reg: 0.003209
Iter 190 of 344 Loss: -0.078406, NCC_Loss: -0.082014, Reg: 0.003608
Iter 200 of 344 Loss: -0.075228, NCC_Loss: -0.078473, Reg: 0.003245
Iter 210 of 344 Loss: -0.080257, NCC_Loss: -0.083723, Reg: 0.003465
Iter 220 of 344 Loss: -0.080241, NCC_Loss: -0.083838, Reg: 0.003597
Iter 230 of 344 Loss: -0.070642, NCC_Loss: -0.073881, Reg: 0.003239
Iter 240 of 344 Loss: -0.083001, NCC_Loss: -0.086107, Reg: 0.003107
Iter 250 of 344 Loss: -0.077543, NCC_Loss: -0.080984, Reg: 0.003441
Iter 260 of 344 Loss: -0.072783, NCC_Loss: -0.076126, Reg: 0.003343
Iter 270 of 344 Loss: -0.074983, NCC_Loss: -0.078561, Reg: 0.003578
Iter 280 of 344 Loss: -0.075203, NCC_Loss: -0.078605, Reg: 0.003402
Iter 290 of 344 Loss: -0.077686, NCC_Loss: -0.081167, Reg: 0.003482
Iter 300 of 344 Loss: -0.080110, NCC_Loss: -0.083349, Reg: 0.003240
Iter 310 of 344 Loss: -0.087760, NCC_Loss: -0.091007, Reg: 0.003246
Iter 320 of 344 Loss: -0.073884, NCC_Loss: -0.077215, Reg: 0.003331
Iter 330 of 344 Loss: -0.075767, NCC_Loss: -0.078766, Reg: 0.002999
Iter 340 of 344 Loss: -0.080047, NCC_Loss: -0.083149, Reg: 0.003102
Epoch 202 Loss: -0.075707
Epoch 202 Validation: Mean EPE: 7.2665, Mean SSIM: 0.1808, Mean ZNCC: -0.0373
Epoch 203 starts
Iter 10 of 344 Loss: -0.084643, NCC_Loss: -0.088335, Reg: 0.003692
Iter 20 of 344 Loss: -0.074567, NCC_Loss: -0.078035, Reg: 0.003468
Iter 30 of 344 Loss: -0.075726, NCC_Loss: -0.079316, Reg: 0.003590
Iter 40 of 344 Loss: -0.076551, NCC_Loss: -0.079845, Reg: 0.003294
Iter 50 of 344 Loss: -0.078578, NCC_Loss: -0.081901, Reg: 0.003323
Iter 60 of 344 Loss: -0.078969, NCC_Loss: -0.082604, Reg: 0.003636
Iter 70 of 344 Loss: -0.074600, NCC_Loss: -0.077585, Reg: 0.002985
Iter 80 of 344 Loss: -0.073972, NCC_Loss: -0.077179, Reg: 0.003207
Iter 90 of 344 Loss: -0.071111, NCC_Loss: -0.074176, Reg: 0.003065
Iter 100 of 344 Loss: -0.082338, NCC_Loss: -0.085708, Reg: 0.003370
Iter 110 of 344 Loss: -0.077218, NCC_Loss: -0.080623, Reg: 0.003405
Iter 120 of 344 Loss: -0.082647, NCC_Loss: -0.086372, Reg: 0.003726
Iter 130 of 344 Loss: -0.075246, NCC_Loss: -0.078561, Reg: 0.003314
Iter 140 of 344 Loss: -0.075650, NCC_Loss: -0.078552, Reg: 0.002902
Iter 150 of 344 Loss: -0.072624, NCC_Loss: -0.075999, Reg: 0.003376
Iter 160 of 344 Loss: -0.073503, NCC_Loss: -0.077034, Reg: 0.003531
Iter 170 of 344 Loss: -0.075220, NCC_Loss: -0.078898, Reg: 0.003678
Iter 180 of 344 Loss: -0.075924, NCC_Loss: -0.079386, Reg: 0.003462
Iter 190 of 344 Loss: -0.072605, NCC_Loss: -0.075868, Reg: 0.003263
Iter 200 of 344 Loss: -0.073077, NCC_Loss: -0.076425, Reg: 0.003348
Iter 210 of 344 Loss: -0.072485, NCC_Loss: -0.075635, Reg: 0.003150
Iter 220 of 344 Loss: -0.073760, NCC_Loss: -0.077212, Reg: 0.003452
Iter 230 of 344 Loss: -0.073665, NCC_Loss: -0.077046, Reg: 0.003381
Iter 240 of 344 Loss: -0.067077, NCC_Loss: -0.070336, Reg: 0.003260
Iter 250 of 344 Loss: -0.079891, NCC_Loss: -0.083278, Reg: 0.003386
Iter 260 of 344 Loss: -0.072787, NCC_Loss: -0.076153, Reg: 0.003365
Iter 270 of 344 Loss: -0.078522, NCC_Loss: -0.081800, Reg: 0.003278
Iter 280 of 344 Loss: -0.075032, NCC_Loss: -0.078858, Reg: 0.003826
Iter 290 of 344 Loss: -0.074677, NCC_Loss: -0.078214, Reg: 0.003537
Iter 300 of 344 Loss: -0.076646, NCC_Loss: -0.079863, Reg: 0.003216
Iter 310 of 344 Loss: -0.071695, NCC_Loss: -0.074751, Reg: 0.003056
Iter 320 of 344 Loss: -0.071859, NCC_Loss: -0.075229, Reg: 0.003370
Iter 330 of 344 Loss: -0.074854, NCC_Loss: -0.078214, Reg: 0.003360
Iter 340 of 344 Loss: -0.074128, NCC_Loss: -0.077423, Reg: 0.003295
Epoch 203 Loss: -0.075748
Epoch 203 Validation: Mean EPE: 7.2666, Mean SSIM: 0.1809, Mean ZNCC: -0.0373
Epoch 204 starts
Iter 10 of 344 Loss: -0.080926, NCC_Loss: -0.084460, Reg: 0.003535
Iter 20 of 344 Loss: -0.075274, NCC_Loss: -0.078465, Reg: 0.003191
Iter 30 of 344 Loss: -0.075824, NCC_Loss: -0.078767, Reg: 0.002943
Iter 40 of 344 Loss: -0.074755, NCC_Loss: -0.078058, Reg: 0.003303
Iter 50 of 344 Loss: -0.070783, NCC_Loss: -0.073898, Reg: 0.003115
Iter 60 of 344 Loss: -0.080591, NCC_Loss: -0.084627, Reg: 0.004035
Iter 70 of 344 Loss: -0.074095, NCC_Loss: -0.077491, Reg: 0.003396
Iter 80 of 344 Loss: -0.077048, NCC_Loss: -0.080671, Reg: 0.003623
Iter 90 of 344 Loss: -0.080001, NCC_Loss: -0.083060, Reg: 0.003059
Iter 100 of 344 Loss: -0.079946, NCC_Loss: -0.083122, Reg: 0.003175
Iter 110 of 344 Loss: -0.078132, NCC_Loss: -0.081411, Reg: 0.003279
Iter 120 of 344 Loss: -0.071437, NCC_Loss: -0.074620, Reg: 0.003184
Iter 130 of 344 Loss: -0.065670, NCC_Loss: -0.068686, Reg: 0.003016
Iter 140 of 344 Loss: -0.077235, NCC_Loss: -0.080728, Reg: 0.003494
Iter 150 of 344 Loss: -0.072732, NCC_Loss: -0.076055, Reg: 0.003323
Iter 160 of 344 Loss: -0.073822, NCC_Loss: -0.077709, Reg: 0.003887
Iter 170 of 344 Loss: -0.078534, NCC_Loss: -0.082091, Reg: 0.003557
Iter 180 of 344 Loss: -0.079545, NCC_Loss: -0.083147, Reg: 0.003603
Iter 190 of 344 Loss: -0.078140, NCC_Loss: -0.081551, Reg: 0.003410
Iter 200 of 344 Loss: -0.075459, NCC_Loss: -0.078734, Reg: 0.003274
Iter 210 of 344 Loss: -0.073768, NCC_Loss: -0.077215, Reg: 0.003446
Iter 220 of 344 Loss: -0.080121, NCC_Loss: -0.083661, Reg: 0.003541
Iter 230 of 344 Loss: -0.076100, NCC_Loss: -0.079557, Reg: 0.003457
Iter 240 of 344 Loss: -0.076377, NCC_Loss: -0.079587, Reg: 0.003210
Iter 250 of 344 Loss: -0.076932, NCC_Loss: -0.080406, Reg: 0.003475
Iter 260 of 344 Loss: -0.075127, NCC_Loss: -0.078235, Reg: 0.003108
Iter 270 of 344 Loss: -0.074333, NCC_Loss: -0.077116, Reg: 0.002783
Iter 280 of 344 Loss: -0.074843, NCC_Loss: -0.078180, Reg: 0.003337
Iter 290 of 344 Loss: -0.075058, NCC_Loss: -0.078274, Reg: 0.003216
Iter 300 of 344 Loss: -0.074168, NCC_Loss: -0.077304, Reg: 0.003136
Iter 310 of 344 Loss: -0.072486, NCC_Loss: -0.075724, Reg: 0.003238
Iter 320 of 344 Loss: -0.073686, NCC_Loss: -0.077382, Reg: 0.003697
Iter 330 of 344 Loss: -0.078907, NCC_Loss: -0.082822, Reg: 0.003915
Iter 340 of 344 Loss: -0.080078, NCC_Loss: -0.083483, Reg: 0.003406
Epoch 204 Loss: -0.075780
Epoch 204 Validation: Mean EPE: 7.2668, Mean SSIM: 0.1810, Mean ZNCC: -0.0374
Epoch 205 starts
Iter 10 of 344 Loss: -0.073020, NCC_Loss: -0.076710, Reg: 0.003690
Iter 20 of 344 Loss: -0.082986, NCC_Loss: -0.086615, Reg: 0.003629
Iter 30 of 344 Loss: -0.079439, NCC_Loss: -0.083267, Reg: 0.003828
Iter 40 of 344 Loss: -0.073062, NCC_Loss: -0.076900, Reg: 0.003838
Iter 50 of 344 Loss: -0.077396, NCC_Loss: -0.081303, Reg: 0.003908
Iter 60 of 344 Loss: -0.073733, NCC_Loss: -0.077127, Reg: 0.003394
Iter 70 of 344 Loss: -0.075224, NCC_Loss: -0.079187, Reg: 0.003962
Iter 80 of 344 Loss: -0.070837, NCC_Loss: -0.074152, Reg: 0.003316
Iter 90 of 344 Loss: -0.073420, NCC_Loss: -0.076621, Reg: 0.003201
Iter 100 of 344 Loss: -0.073572, NCC_Loss: -0.077111, Reg: 0.003539
Iter 110 of 344 Loss: -0.072087, NCC_Loss: -0.075325, Reg: 0.003238
Iter 120 of 344 Loss: -0.074129, NCC_Loss: -0.077280, Reg: 0.003151
Iter 130 of 344 Loss: -0.081667, NCC_Loss: -0.085373, Reg: 0.003705
Iter 140 of 344 Loss: -0.071183, NCC_Loss: -0.074705, Reg: 0.003522
Iter 150 of 344 Loss: -0.072618, NCC_Loss: -0.076208, Reg: 0.003590
Iter 160 of 344 Loss: -0.074088, NCC_Loss: -0.077693, Reg: 0.003604
Iter 170 of 344 Loss: -0.078353, NCC_Loss: -0.081480, Reg: 0.003127
Iter 180 of 344 Loss: -0.074561, NCC_Loss: -0.078038, Reg: 0.003477
Iter 190 of 344 Loss: -0.077844, NCC_Loss: -0.081023, Reg: 0.003178
Iter 200 of 344 Loss: -0.077509, NCC_Loss: -0.080672, Reg: 0.003162
Iter 210 of 344 Loss: -0.069268, NCC_Loss: -0.072768, Reg: 0.003501
Iter 220 of 344 Loss: -0.079576, NCC_Loss: -0.082771, Reg: 0.003195
Iter 230 of 344 Loss: -0.078128, NCC_Loss: -0.081674, Reg: 0.003547
Iter 240 of 344 Loss: -0.071819, NCC_Loss: -0.075029, Reg: 0.003211
Iter 250 of 344 Loss: -0.072640, NCC_Loss: -0.076215, Reg: 0.003575
Iter 260 of 344 Loss: -0.072002, NCC_Loss: -0.075389, Reg: 0.003387
Iter 270 of 344 Loss: -0.078588, NCC_Loss: -0.082277, Reg: 0.003689
Iter 280 of 344 Loss: -0.079043, NCC_Loss: -0.082571, Reg: 0.003528
Iter 290 of 344 Loss: -0.076936, NCC_Loss: -0.080668, Reg: 0.003732
Iter 300 of 344 Loss: -0.077817, NCC_Loss: -0.081031, Reg: 0.003214
Iter 310 of 344 Loss: -0.075488, NCC_Loss: -0.078948, Reg: 0.003459
Iter 320 of 344 Loss: -0.080690, NCC_Loss: -0.084112, Reg: 0.003422
Iter 330 of 344 Loss: -0.078775, NCC_Loss: -0.082540, Reg: 0.003764
Iter 340 of 344 Loss: -0.081280, NCC_Loss: -0.084741, Reg: 0.003461
Epoch 205 Loss: -0.075737
Epoch 205 Validation: Mean EPE: 7.2669, Mean SSIM: 0.1810, Mean ZNCC: -0.0374
Epoch 206 starts
Iter 10 of 344 Loss: -0.077884, NCC_Loss: -0.081410, Reg: 0.003526
Iter 20 of 344 Loss: -0.071804, NCC_Loss: -0.075590, Reg: 0.003785
Iter 30 of 344 Loss: -0.075970, NCC_Loss: -0.079159, Reg: 0.003190
Iter 40 of 344 Loss: -0.071569, NCC_Loss: -0.074713, Reg: 0.003143
Iter 50 of 344 Loss: -0.070400, NCC_Loss: -0.073440, Reg: 0.003041
Iter 60 of 344 Loss: -0.075696, NCC_Loss: -0.079002, Reg: 0.003306
Iter 70 of 344 Loss: -0.066506, NCC_Loss: -0.069689, Reg: 0.003183
Iter 80 of 344 Loss: -0.081360, NCC_Loss: -0.084682, Reg: 0.003322
Iter 90 of 344 Loss: -0.076272, NCC_Loss: -0.079479, Reg: 0.003207
Iter 100 of 344 Loss: -0.073251, NCC_Loss: -0.077035, Reg: 0.003784
Iter 110 of 344 Loss: -0.076275, NCC_Loss: -0.080317, Reg: 0.004042
Iter 120 of 344 Loss: -0.072778, NCC_Loss: -0.076518, Reg: 0.003740
Iter 130 of 344 Loss: -0.071765, NCC_Loss: -0.075363, Reg: 0.003599
Iter 140 of 344 Loss: -0.080330, NCC_Loss: -0.083578, Reg: 0.003248
Iter 150 of 344 Loss: -0.076590, NCC_Loss: -0.080372, Reg: 0.003782
Iter 160 of 344 Loss: -0.075782, NCC_Loss: -0.079283, Reg: 0.003501
Iter 170 of 344 Loss: -0.079690, NCC_Loss: -0.082676, Reg: 0.002987
Iter 180 of 344 Loss: -0.072850, NCC_Loss: -0.076369, Reg: 0.003519
Iter 190 of 344 Loss: -0.073625, NCC_Loss: -0.076650, Reg: 0.003026
Iter 200 of 344 Loss: -0.078349, NCC_Loss: -0.081592, Reg: 0.003243
Iter 210 of 344 Loss: -0.075033, NCC_Loss: -0.078684, Reg: 0.003651
Iter 220 of 344 Loss: -0.073655, NCC_Loss: -0.077268, Reg: 0.003613
Iter 230 of 344 Loss: -0.073579, NCC_Loss: -0.076964, Reg: 0.003385
Iter 240 of 344 Loss: -0.079514, NCC_Loss: -0.082866, Reg: 0.003351
Iter 250 of 344 Loss: -0.076790, NCC_Loss: -0.080288, Reg: 0.003497
Iter 260 of 344 Loss: -0.069502, NCC_Loss: -0.072897, Reg: 0.003395
Iter 270 of 344 Loss: -0.075596, NCC_Loss: -0.078944, Reg: 0.003349
Iter 280 of 344 Loss: -0.072665, NCC_Loss: -0.076087, Reg: 0.003422
Iter 290 of 344 Loss: -0.075783, NCC_Loss: -0.079539, Reg: 0.003756
Iter 300 of 344 Loss: -0.076336, NCC_Loss: -0.079966, Reg: 0.003630
Iter 310 of 344 Loss: -0.076929, NCC_Loss: -0.080102, Reg: 0.003172
Iter 320 of 344 Loss: -0.083306, NCC_Loss: -0.087318, Reg: 0.004012
Iter 330 of 344 Loss: -0.071619, NCC_Loss: -0.075452, Reg: 0.003833
Iter 340 of 344 Loss: -0.077012, NCC_Loss: -0.080583, Reg: 0.003571
Epoch 206 Loss: -0.075761
Epoch 206 Validation: Mean EPE: 7.2671, Mean SSIM: 0.1811, Mean ZNCC: -0.0375
Epoch 207 starts
Iter 10 of 344 Loss: -0.074118, NCC_Loss: -0.077523, Reg: 0.003405
Iter 20 of 344 Loss: -0.076516, NCC_Loss: -0.080197, Reg: 0.003681
Iter 30 of 344 Loss: -0.074704, NCC_Loss: -0.077971, Reg: 0.003267
Iter 40 of 344 Loss: -0.071344, NCC_Loss: -0.074872, Reg: 0.003528
Iter 50 of 344 Loss: -0.080770, NCC_Loss: -0.084113, Reg: 0.003343
Iter 60 of 344 Loss: -0.080369, NCC_Loss: -0.083651, Reg: 0.003282
Iter 70 of 344 Loss: -0.076996, NCC_Loss: -0.080453, Reg: 0.003457
Iter 80 of 344 Loss: -0.074035, NCC_Loss: -0.077631, Reg: 0.003596
Iter 90 of 344 Loss: -0.073818, NCC_Loss: -0.077166, Reg: 0.003348
Iter 100 of 344 Loss: -0.073024, NCC_Loss: -0.076958, Reg: 0.003935
Iter 110 of 344 Loss: -0.075023, NCC_Loss: -0.078375, Reg: 0.003352
Iter 120 of 344 Loss: -0.074228, NCC_Loss: -0.077429, Reg: 0.003201
Iter 130 of 344 Loss: -0.072278, NCC_Loss: -0.075228, Reg: 0.002951
Iter 140 of 344 Loss: -0.077436, NCC_Loss: -0.080528, Reg: 0.003093
Iter 150 of 344 Loss: -0.075310, NCC_Loss: -0.078523, Reg: 0.003213
Iter 160 of 344 Loss: -0.069480, NCC_Loss: -0.072954, Reg: 0.003473
Iter 170 of 344 Loss: -0.077264, NCC_Loss: -0.080554, Reg: 0.003290
Iter 180 of 344 Loss: -0.074586, NCC_Loss: -0.077710, Reg: 0.003125
Iter 190 of 344 Loss: -0.073740, NCC_Loss: -0.077276, Reg: 0.003537
Iter 200 of 344 Loss: -0.076178, NCC_Loss: -0.079588, Reg: 0.003411
Iter 210 of 344 Loss: -0.076092, NCC_Loss: -0.079829, Reg: 0.003738
Iter 220 of 344 Loss: -0.080519, NCC_Loss: -0.084009, Reg: 0.003490
Iter 230 of 344 Loss: -0.077743, NCC_Loss: -0.081038, Reg: 0.003295
Iter 240 of 344 Loss: -0.074175, NCC_Loss: -0.077634, Reg: 0.003459
Iter 250 of 344 Loss: -0.075418, NCC_Loss: -0.079230, Reg: 0.003813
Iter 260 of 344 Loss: -0.079488, NCC_Loss: -0.082885, Reg: 0.003397
Iter 270 of 344 Loss: -0.073971, NCC_Loss: -0.077211, Reg: 0.003241
Iter 280 of 344 Loss: -0.077624, NCC_Loss: -0.081037, Reg: 0.003413
Iter 290 of 344 Loss: -0.074674, NCC_Loss: -0.078321, Reg: 0.003647
Iter 300 of 344 Loss: -0.078954, NCC_Loss: -0.082614, Reg: 0.003660
Iter 310 of 344 Loss: -0.080061, NCC_Loss: -0.083647, Reg: 0.003586
Iter 320 of 344 Loss: -0.072996, NCC_Loss: -0.076407, Reg: 0.003411
Iter 330 of 344 Loss: -0.067162, NCC_Loss: -0.070652, Reg: 0.003490
Iter 340 of 344 Loss: -0.074410, NCC_Loss: -0.077780, Reg: 0.003369
Epoch 207 Loss: -0.075791
Epoch 207 Validation: Mean EPE: 7.2671, Mean SSIM: 0.1811, Mean ZNCC: -0.0375
Epoch 208 starts
Iter 10 of 344 Loss: -0.076587, NCC_Loss: -0.079871, Reg: 0.003284
Iter 20 of 344 Loss: -0.075912, NCC_Loss: -0.079144, Reg: 0.003232
Iter 30 of 344 Loss: -0.072677, NCC_Loss: -0.076132, Reg: 0.003454
Iter 40 of 344 Loss: -0.085709, NCC_Loss: -0.089453, Reg: 0.003745
Iter 50 of 344 Loss: -0.078725, NCC_Loss: -0.082812, Reg: 0.004087
Iter 60 of 344 Loss: -0.074518, NCC_Loss: -0.078072, Reg: 0.003554
Iter 70 of 344 Loss: -0.074229, NCC_Loss: -0.077929, Reg: 0.003699
Iter 80 of 344 Loss: -0.074686, NCC_Loss: -0.078016, Reg: 0.003330
Iter 90 of 344 Loss: -0.070451, NCC_Loss: -0.074163, Reg: 0.003712
Iter 100 of 344 Loss: -0.076972, NCC_Loss: -0.080434, Reg: 0.003462
Iter 110 of 344 Loss: -0.079876, NCC_Loss: -0.083255, Reg: 0.003379
Iter 120 of 344 Loss: -0.069771, NCC_Loss: -0.073558, Reg: 0.003787
Iter 130 of 344 Loss: -0.073128, NCC_Loss: -0.076413, Reg: 0.003284
Iter 140 of 344 Loss: -0.073112, NCC_Loss: -0.076643, Reg: 0.003531
Iter 150 of 344 Loss: -0.073765, NCC_Loss: -0.077162, Reg: 0.003396
Iter 160 of 344 Loss: -0.072252, NCC_Loss: -0.075504, Reg: 0.003252
Iter 170 of 344 Loss: -0.076425, NCC_Loss: -0.080178, Reg: 0.003753
Iter 180 of 344 Loss: -0.078484, NCC_Loss: -0.081565, Reg: 0.003081
Iter 190 of 344 Loss: -0.064972, NCC_Loss: -0.067909, Reg: 0.002937
Iter 200 of 344 Loss: -0.077834, NCC_Loss: -0.081275, Reg: 0.003441
Iter 210 of 344 Loss: -0.075491, NCC_Loss: -0.078631, Reg: 0.003140
Iter 220 of 344 Loss: -0.074936, NCC_Loss: -0.077881, Reg: 0.002944
Iter 230 of 344 Loss: -0.073324, NCC_Loss: -0.077038, Reg: 0.003713
Iter 240 of 344 Loss: -0.066582, NCC_Loss: -0.070242, Reg: 0.003660
Iter 250 of 344 Loss: -0.072495, NCC_Loss: -0.076220, Reg: 0.003725
Iter 260 of 344 Loss: -0.073468, NCC_Loss: -0.076578, Reg: 0.003110
Iter 270 of 344 Loss: -0.073091, NCC_Loss: -0.076532, Reg: 0.003441
Iter 280 of 344 Loss: -0.075374, NCC_Loss: -0.078685, Reg: 0.003311
Iter 290 of 344 Loss: -0.077766, NCC_Loss: -0.081123, Reg: 0.003357
Iter 300 of 344 Loss: -0.076863, NCC_Loss: -0.080503, Reg: 0.003640
Iter 310 of 344 Loss: -0.075956, NCC_Loss: -0.079555, Reg: 0.003599
Iter 320 of 344 Loss: -0.079856, NCC_Loss: -0.083290, Reg: 0.003434
Iter 330 of 344 Loss: -0.076602, NCC_Loss: -0.079706, Reg: 0.003104
Iter 340 of 344 Loss: -0.075298, NCC_Loss: -0.078786, Reg: 0.003488
Epoch 208 Loss: -0.075835
Epoch 208 Validation: Mean EPE: 7.2672, Mean SSIM: 0.1812, Mean ZNCC: -0.0375
Epoch 209 starts
Iter 10 of 344 Loss: -0.083093, NCC_Loss: -0.087047, Reg: 0.003953
Iter 20 of 344 Loss: -0.076741, NCC_Loss: -0.080075, Reg: 0.003334
Iter 30 of 344 Loss: -0.072467, NCC_Loss: -0.076200, Reg: 0.003733
Iter 40 of 344 Loss: -0.077937, NCC_Loss: -0.081626, Reg: 0.003689
Iter 50 of 344 Loss: -0.073522, NCC_Loss: -0.076862, Reg: 0.003340
Iter 60 of 344 Loss: -0.075181, NCC_Loss: -0.078602, Reg: 0.003421
Iter 70 of 344 Loss: -0.078506, NCC_Loss: -0.082053, Reg: 0.003547
Iter 80 of 344 Loss: -0.076547, NCC_Loss: -0.079801, Reg: 0.003254
Iter 90 of 344 Loss: -0.073020, NCC_Loss: -0.076306, Reg: 0.003286
Iter 100 of 344 Loss: -0.072180, NCC_Loss: -0.075412, Reg: 0.003232
Iter 110 of 344 Loss: -0.077747, NCC_Loss: -0.081401, Reg: 0.003654
Iter 120 of 344 Loss: -0.077080, NCC_Loss: -0.080435, Reg: 0.003355
Iter 130 of 344 Loss: -0.081926, NCC_Loss: -0.085429, Reg: 0.003503
Iter 140 of 344 Loss: -0.081306, NCC_Loss: -0.084857, Reg: 0.003551
Iter 150 of 344 Loss: -0.076919, NCC_Loss: -0.079780, Reg: 0.002861
Iter 160 of 344 Loss: -0.079651, NCC_Loss: -0.082921, Reg: 0.003270
Iter 170 of 344 Loss: -0.072838, NCC_Loss: -0.076374, Reg: 0.003537
Iter 180 of 344 Loss: -0.078896, NCC_Loss: -0.082126, Reg: 0.003230
Iter 190 of 344 Loss: -0.077754, NCC_Loss: -0.081458, Reg: 0.003704
Iter 200 of 344 Loss: -0.080359, NCC_Loss: -0.083843, Reg: 0.003484
Iter 210 of 344 Loss: -0.078955, NCC_Loss: -0.082358, Reg: 0.003402
Iter 220 of 344 Loss: -0.066528, NCC_Loss: -0.069993, Reg: 0.003465
Iter 230 of 344 Loss: -0.072980, NCC_Loss: -0.076685, Reg: 0.003705
Iter 240 of 344 Loss: -0.077481, NCC_Loss: -0.080454, Reg: 0.002973
Iter 250 of 344 Loss: -0.078327, NCC_Loss: -0.081621, Reg: 0.003294
Iter 260 of 344 Loss: -0.073287, NCC_Loss: -0.077054, Reg: 0.003767
Iter 270 of 344 Loss: -0.070176, NCC_Loss: -0.073721, Reg: 0.003545
Iter 280 of 344 Loss: -0.073848, NCC_Loss: -0.077560, Reg: 0.003713
Iter 290 of 344 Loss: -0.076677, NCC_Loss: -0.080345, Reg: 0.003669
Iter 300 of 344 Loss: -0.078338, NCC_Loss: -0.081833, Reg: 0.003495
Iter 310 of 344 Loss: -0.081362, NCC_Loss: -0.084906, Reg: 0.003544
Iter 320 of 344 Loss: -0.068244, NCC_Loss: -0.071349, Reg: 0.003105
Iter 330 of 344 Loss: -0.074578, NCC_Loss: -0.078177, Reg: 0.003599
Iter 340 of 344 Loss: -0.076856, NCC_Loss: -0.080114, Reg: 0.003258
Epoch 209 Loss: -0.075877
Epoch 209 Validation: Mean EPE: 7.2673, Mean SSIM: 0.1813, Mean ZNCC: -0.0375
Epoch 210 starts
Iter 10 of 344 Loss: -0.078874, NCC_Loss: -0.082152, Reg: 0.003278
Iter 20 of 344 Loss: -0.079520, NCC_Loss: -0.082906, Reg: 0.003386
Iter 30 of 344 Loss: -0.068024, NCC_Loss: -0.071668, Reg: 0.003644
Iter 40 of 344 Loss: -0.068851, NCC_Loss: -0.072267, Reg: 0.003416
Iter 50 of 344 Loss: -0.068749, NCC_Loss: -0.071884, Reg: 0.003135
Iter 60 of 344 Loss: -0.077748, NCC_Loss: -0.081103, Reg: 0.003355
Iter 70 of 344 Loss: -0.076364, NCC_Loss: -0.079832, Reg: 0.003467
Iter 80 of 344 Loss: -0.086443, NCC_Loss: -0.089907, Reg: 0.003464
Iter 90 of 344 Loss: -0.067753, NCC_Loss: -0.071061, Reg: 0.003307
Iter 100 of 344 Loss: -0.077282, NCC_Loss: -0.080563, Reg: 0.003281
Iter 110 of 344 Loss: -0.076099, NCC_Loss: -0.079785, Reg: 0.003686
Iter 120 of 344 Loss: -0.077026, NCC_Loss: -0.080566, Reg: 0.003540
Iter 130 of 344 Loss: -0.076725, NCC_Loss: -0.080117, Reg: 0.003392
Iter 140 of 344 Loss: -0.079458, NCC_Loss: -0.082961, Reg: 0.003503
Iter 150 of 344 Loss: -0.079816, NCC_Loss: -0.083404, Reg: 0.003588
Iter 160 of 344 Loss: -0.081120, NCC_Loss: -0.084674, Reg: 0.003554
Iter 170 of 344 Loss: -0.076124, NCC_Loss: -0.079449, Reg: 0.003325
Iter 180 of 344 Loss: -0.075368, NCC_Loss: -0.078906, Reg: 0.003538
Iter 190 of 344 Loss: -0.069258, NCC_Loss: -0.072729, Reg: 0.003471
Iter 200 of 344 Loss: -0.076874, NCC_Loss: -0.080287, Reg: 0.003412
Iter 210 of 344 Loss: -0.075545, NCC_Loss: -0.078890, Reg: 0.003345
Iter 220 of 344 Loss: -0.083728, NCC_Loss: -0.087555, Reg: 0.003828
Iter 230 of 344 Loss: -0.075002, NCC_Loss: -0.078269, Reg: 0.003267
Iter 240 of 344 Loss: -0.075533, NCC_Loss: -0.079072, Reg: 0.003539
Iter 250 of 344 Loss: -0.080188, NCC_Loss: -0.083593, Reg: 0.003405
Iter 260 of 344 Loss: -0.072878, NCC_Loss: -0.076410, Reg: 0.003532
Iter 270 of 344 Loss: -0.075191, NCC_Loss: -0.078555, Reg: 0.003364
Iter 280 of 344 Loss: -0.074180, NCC_Loss: -0.077415, Reg: 0.003235
Iter 290 of 344 Loss: -0.072137, NCC_Loss: -0.075411, Reg: 0.003274
Iter 300 of 344 Loss: -0.072453, NCC_Loss: -0.075984, Reg: 0.003531
Iter 310 of 344 Loss: -0.072879, NCC_Loss: -0.076493, Reg: 0.003614
Iter 320 of 344 Loss: -0.070995, NCC_Loss: -0.073850, Reg: 0.002855
Iter 330 of 344 Loss: -0.073799, NCC_Loss: -0.077592, Reg: 0.003793
Iter 340 of 344 Loss: -0.077683, NCC_Loss: -0.081246, Reg: 0.003563
Epoch 210 Loss: -0.075919
Epoch 210 Validation: Mean EPE: 7.2674, Mean SSIM: 0.1814, Mean ZNCC: -0.0375
Epoch 211 starts
Iter 10 of 344 Loss: -0.076203, NCC_Loss: -0.079771, Reg: 0.003569
Iter 20 of 344 Loss: -0.071959, NCC_Loss: -0.075408, Reg: 0.003449
Iter 30 of 344 Loss: -0.073950, NCC_Loss: -0.077285, Reg: 0.003335
Iter 40 of 344 Loss: -0.070956, NCC_Loss: -0.074283, Reg: 0.003327
Iter 50 of 344 Loss: -0.077005, NCC_Loss: -0.080527, Reg: 0.003523
Iter 60 of 344 Loss: -0.075769, NCC_Loss: -0.078923, Reg: 0.003154
Iter 70 of 344 Loss: -0.078449, NCC_Loss: -0.081990, Reg: 0.003541
Iter 80 of 344 Loss: -0.079670, NCC_Loss: -0.083098, Reg: 0.003428
Iter 90 of 344 Loss: -0.073388, NCC_Loss: -0.076704, Reg: 0.003316
Iter 100 of 344 Loss: -0.079987, NCC_Loss: -0.083445, Reg: 0.003458
Iter 110 of 344 Loss: -0.076448, NCC_Loss: -0.079834, Reg: 0.003386
Iter 120 of 344 Loss: -0.081197, NCC_Loss: -0.084807, Reg: 0.003611
Iter 130 of 344 Loss: -0.074080, NCC_Loss: -0.076947, Reg: 0.002866
Iter 140 of 344 Loss: -0.080682, NCC_Loss: -0.083942, Reg: 0.003260
Iter 150 of 344 Loss: -0.078607, NCC_Loss: -0.081997, Reg: 0.003389
Iter 160 of 344 Loss: -0.076046, NCC_Loss: -0.079295, Reg: 0.003250
Iter 170 of 344 Loss: -0.073983, NCC_Loss: -0.077999, Reg: 0.004015
Iter 180 of 344 Loss: -0.075035, NCC_Loss: -0.078353, Reg: 0.003318
Iter 190 of 344 Loss: -0.076472, NCC_Loss: -0.079724, Reg: 0.003252
Iter 200 of 344 Loss: -0.067803, NCC_Loss: -0.071280, Reg: 0.003477
Iter 210 of 344 Loss: -0.070376, NCC_Loss: -0.074028, Reg: 0.003651
Iter 220 of 344 Loss: -0.067186, NCC_Loss: -0.071004, Reg: 0.003818
Iter 230 of 344 Loss: -0.071901, NCC_Loss: -0.075408, Reg: 0.003506
Iter 240 of 344 Loss: -0.075307, NCC_Loss: -0.078551, Reg: 0.003244
Iter 250 of 344 Loss: -0.077121, NCC_Loss: -0.080632, Reg: 0.003512
Iter 260 of 344 Loss: -0.073463, NCC_Loss: -0.076426, Reg: 0.002963
Iter 270 of 344 Loss: -0.074237, NCC_Loss: -0.077709, Reg: 0.003472
Iter 280 of 344 Loss: -0.077409, NCC_Loss: -0.080818, Reg: 0.003409
Iter 290 of 344 Loss: -0.074634, NCC_Loss: -0.078418, Reg: 0.003784
Iter 300 of 344 Loss: -0.078321, NCC_Loss: -0.081750, Reg: 0.003428
Iter 310 of 344 Loss: -0.078419, NCC_Loss: -0.082326, Reg: 0.003908
Iter 320 of 344 Loss: -0.077398, NCC_Loss: -0.081099, Reg: 0.003701
Iter 330 of 344 Loss: -0.075549, NCC_Loss: -0.078738, Reg: 0.003189
Iter 340 of 344 Loss: -0.078833, NCC_Loss: -0.081801, Reg: 0.002968
Epoch 211 Loss: -0.075961
Epoch 211 Validation: Mean EPE: 7.2675, Mean SSIM: 0.1814, Mean ZNCC: -0.0374
Epoch 212 starts
Iter 10 of 344 Loss: -0.079127, NCC_Loss: -0.082383, Reg: 0.003256
Iter 20 of 344 Loss: -0.073255, NCC_Loss: -0.076262, Reg: 0.003007
Iter 30 of 344 Loss: -0.074791, NCC_Loss: -0.077787, Reg: 0.002996
Iter 40 of 344 Loss: -0.074239, NCC_Loss: -0.077555, Reg: 0.003317
Iter 50 of 344 Loss: -0.077075, NCC_Loss: -0.080326, Reg: 0.003251
Iter 60 of 344 Loss: -0.078411, NCC_Loss: -0.082081, Reg: 0.003671
Iter 70 of 344 Loss: -0.076386, NCC_Loss: -0.080156, Reg: 0.003769
Iter 80 of 344 Loss: -0.080071, NCC_Loss: -0.083348, Reg: 0.003277
Iter 90 of 344 Loss: -0.072631, NCC_Loss: -0.075791, Reg: 0.003160
Iter 100 of 344 Loss: -0.074238, NCC_Loss: -0.077611, Reg: 0.003373
Iter 110 of 344 Loss: -0.079392, NCC_Loss: -0.082335, Reg: 0.002942
Iter 120 of 344 Loss: -0.081492, NCC_Loss: -0.085070, Reg: 0.003577
Iter 130 of 344 Loss: -0.080706, NCC_Loss: -0.084609, Reg: 0.003904
Iter 140 of 344 Loss: -0.071966, NCC_Loss: -0.075825, Reg: 0.003860
Iter 150 of 344 Loss: -0.071279, NCC_Loss: -0.074715, Reg: 0.003436
Iter 160 of 344 Loss: -0.075842, NCC_Loss: -0.079053, Reg: 0.003211
Iter 170 of 344 Loss: -0.069229, NCC_Loss: -0.072294, Reg: 0.003065
Iter 180 of 344 Loss: -0.072195, NCC_Loss: -0.075675, Reg: 0.003479
Iter 190 of 344 Loss: -0.075418, NCC_Loss: -0.078857, Reg: 0.003439
Iter 200 of 344 Loss: -0.080925, NCC_Loss: -0.084806, Reg: 0.003881
Iter 210 of 344 Loss: -0.072120, NCC_Loss: -0.075193, Reg: 0.003073
Iter 220 of 344 Loss: -0.075453, NCC_Loss: -0.079249, Reg: 0.003796
Iter 230 of 344 Loss: -0.076166, NCC_Loss: -0.079699, Reg: 0.003533
Iter 240 of 344 Loss: -0.076855, NCC_Loss: -0.080112, Reg: 0.003257
Iter 250 of 344 Loss: -0.076802, NCC_Loss: -0.080111, Reg: 0.003309
Iter 260 of 344 Loss: -0.076119, NCC_Loss: -0.080010, Reg: 0.003891
Iter 270 of 344 Loss: -0.081020, NCC_Loss: -0.084840, Reg: 0.003819
Iter 280 of 344 Loss: -0.078554, NCC_Loss: -0.082246, Reg: 0.003692
Iter 290 of 344 Loss: -0.080475, NCC_Loss: -0.083557, Reg: 0.003083
Iter 300 of 344 Loss: -0.078170, NCC_Loss: -0.081537, Reg: 0.003367
Iter 310 of 344 Loss: -0.074969, NCC_Loss: -0.078458, Reg: 0.003489
Iter 320 of 344 Loss: -0.075914, NCC_Loss: -0.079074, Reg: 0.003160
Iter 330 of 344 Loss: -0.077327, NCC_Loss: -0.081202, Reg: 0.003875
Iter 340 of 344 Loss: -0.081095, NCC_Loss: -0.084598, Reg: 0.003503
Epoch 212 Loss: -0.075957
Epoch 212 Validation: Mean EPE: 7.2676, Mean SSIM: 0.1815, Mean ZNCC: -0.0375
Epoch 213 starts
Iter 10 of 344 Loss: -0.076688, NCC_Loss: -0.080456, Reg: 0.003768
Iter 20 of 344 Loss: -0.073190, NCC_Loss: -0.077156, Reg: 0.003966
Iter 30 of 344 Loss: -0.075060, NCC_Loss: -0.078259, Reg: 0.003199
Iter 40 of 344 Loss: -0.073724, NCC_Loss: -0.077171, Reg: 0.003447
Iter 50 of 344 Loss: -0.074606, NCC_Loss: -0.078009, Reg: 0.003403
Iter 60 of 344 Loss: -0.076589, NCC_Loss: -0.079780, Reg: 0.003191
Iter 70 of 344 Loss: -0.078719, NCC_Loss: -0.082220, Reg: 0.003502
Iter 80 of 344 Loss: -0.079513, NCC_Loss: -0.082949, Reg: 0.003435
Iter 90 of 344 Loss: -0.075496, NCC_Loss: -0.078688, Reg: 0.003192
Iter 100 of 344 Loss: -0.071972, NCC_Loss: -0.075125, Reg: 0.003153
Iter 110 of 344 Loss: -0.072483, NCC_Loss: -0.075696, Reg: 0.003212
Iter 120 of 344 Loss: -0.072043, NCC_Loss: -0.075507, Reg: 0.003465
Iter 130 of 344 Loss: -0.078542, NCC_Loss: -0.081844, Reg: 0.003302
Iter 140 of 344 Loss: -0.075115, NCC_Loss: -0.078671, Reg: 0.003557
Iter 150 of 344 Loss: -0.078872, NCC_Loss: -0.082153, Reg: 0.003281
Iter 160 of 344 Loss: -0.076730, NCC_Loss: -0.080374, Reg: 0.003644
Iter 170 of 344 Loss: -0.073058, NCC_Loss: -0.076163, Reg: 0.003105
Iter 180 of 344 Loss: -0.078384, NCC_Loss: -0.081302, Reg: 0.002917
Iter 190 of 344 Loss: -0.068874, NCC_Loss: -0.072383, Reg: 0.003510
Iter 200 of 344 Loss: -0.077426, NCC_Loss: -0.081415, Reg: 0.003989
Iter 210 of 344 Loss: -0.076162, NCC_Loss: -0.079489, Reg: 0.003327
Iter 220 of 344 Loss: -0.075933, NCC_Loss: -0.079439, Reg: 0.003506
Iter 230 of 344 Loss: -0.076772, NCC_Loss: -0.080377, Reg: 0.003605
Iter 240 of 344 Loss: -0.077209, NCC_Loss: -0.080326, Reg: 0.003117
Iter 250 of 344 Loss: -0.072451, NCC_Loss: -0.075333, Reg: 0.002882
Iter 260 of 344 Loss: -0.077213, NCC_Loss: -0.080388, Reg: 0.003175
Iter 270 of 344 Loss: -0.072502, NCC_Loss: -0.075595, Reg: 0.003093
Iter 280 of 344 Loss: -0.072990, NCC_Loss: -0.076449, Reg: 0.003460
Iter 290 of 344 Loss: -0.076654, NCC_Loss: -0.080049, Reg: 0.003395
Iter 300 of 344 Loss: -0.073194, NCC_Loss: -0.077586, Reg: 0.004392
Iter 310 of 344 Loss: -0.070096, NCC_Loss: -0.073457, Reg: 0.003361
Iter 320 of 344 Loss: -0.075299, NCC_Loss: -0.078892, Reg: 0.003592
Iter 330 of 344 Loss: -0.076593, NCC_Loss: -0.080641, Reg: 0.004048
Iter 340 of 344 Loss: -0.073793, NCC_Loss: -0.077438, Reg: 0.003645
Epoch 213 Loss: -0.075976
Epoch 213 Validation: Mean EPE: 7.2677, Mean SSIM: 0.1815, Mean ZNCC: -0.0376
Epoch 214 starts
Iter 10 of 344 Loss: -0.079805, NCC_Loss: -0.083360, Reg: 0.003555
Iter 20 of 344 Loss: -0.070077, NCC_Loss: -0.073399, Reg: 0.003322
Iter 30 of 344 Loss: -0.073804, NCC_Loss: -0.077122, Reg: 0.003319
Iter 40 of 344 Loss: -0.067346, NCC_Loss: -0.070678, Reg: 0.003332
Iter 50 of 344 Loss: -0.078459, NCC_Loss: -0.082122, Reg: 0.003663
Iter 60 of 344 Loss: -0.080353, NCC_Loss: -0.083857, Reg: 0.003504
Iter 70 of 344 Loss: -0.080500, NCC_Loss: -0.084041, Reg: 0.003541
Iter 80 of 344 Loss: -0.073811, NCC_Loss: -0.077071, Reg: 0.003259
Iter 90 of 344 Loss: -0.076732, NCC_Loss: -0.080278, Reg: 0.003545
Iter 100 of 344 Loss: -0.077348, NCC_Loss: -0.080855, Reg: 0.003507
Iter 110 of 344 Loss: -0.078116, NCC_Loss: -0.081331, Reg: 0.003214
Iter 120 of 344 Loss: -0.079914, NCC_Loss: -0.083792, Reg: 0.003878
Iter 130 of 344 Loss: -0.067935, NCC_Loss: -0.071189, Reg: 0.003254
Iter 140 of 344 Loss: -0.076913, NCC_Loss: -0.080123, Reg: 0.003210
Iter 150 of 344 Loss: -0.081943, NCC_Loss: -0.085181, Reg: 0.003238
Iter 160 of 344 Loss: -0.070669, NCC_Loss: -0.074643, Reg: 0.003974
Iter 170 of 344 Loss: -0.074910, NCC_Loss: -0.077797, Reg: 0.002887
Iter 180 of 344 Loss: -0.071259, NCC_Loss: -0.074758, Reg: 0.003499
Iter 190 of 344 Loss: -0.079276, NCC_Loss: -0.082450, Reg: 0.003173
Iter 200 of 344 Loss: -0.071666, NCC_Loss: -0.075328, Reg: 0.003662
Iter 210 of 344 Loss: -0.078988, NCC_Loss: -0.082671, Reg: 0.003683
Iter 220 of 344 Loss: -0.082199, NCC_Loss: -0.086131, Reg: 0.003931
Iter 230 of 344 Loss: -0.069597, NCC_Loss: -0.073215, Reg: 0.003619
Iter 240 of 344 Loss: -0.079309, NCC_Loss: -0.083048, Reg: 0.003738
Iter 250 of 344 Loss: -0.075745, NCC_Loss: -0.079291, Reg: 0.003546
Iter 260 of 344 Loss: -0.076814, NCC_Loss: -0.079950, Reg: 0.003137
Iter 270 of 344 Loss: -0.078243, NCC_Loss: -0.081576, Reg: 0.003333
Iter 280 of 344 Loss: -0.075379, NCC_Loss: -0.078680, Reg: 0.003300
Iter 290 of 344 Loss: -0.071204, NCC_Loss: -0.074757, Reg: 0.003553
Iter 300 of 344 Loss: -0.074011, NCC_Loss: -0.077758, Reg: 0.003747
Iter 310 of 344 Loss: -0.076857, NCC_Loss: -0.080499, Reg: 0.003641
Iter 320 of 344 Loss: -0.079952, NCC_Loss: -0.083387, Reg: 0.003435
Iter 330 of 344 Loss: -0.085695, NCC_Loss: -0.089122, Reg: 0.003427
Iter 340 of 344 Loss: -0.076358, NCC_Loss: -0.080059, Reg: 0.003702
Epoch 214 Loss: -0.076000
Epoch 214 Validation: Mean EPE: 7.2678, Mean SSIM: 0.1816, Mean ZNCC: -0.0376
Epoch 215 starts
Iter 10 of 344 Loss: -0.072584, NCC_Loss: -0.076090, Reg: 0.003506
Iter 20 of 344 Loss: -0.080726, NCC_Loss: -0.084020, Reg: 0.003294
Iter 30 of 344 Loss: -0.083485, NCC_Loss: -0.086559, Reg: 0.003074
Iter 40 of 344 Loss: -0.079059, NCC_Loss: -0.082137, Reg: 0.003079
Iter 50 of 344 Loss: -0.073075, NCC_Loss: -0.076862, Reg: 0.003787
Iter 60 of 344 Loss: -0.072168, NCC_Loss: -0.075038, Reg: 0.002870
Iter 70 of 344 Loss: -0.077116, NCC_Loss: -0.080441, Reg: 0.003324
Iter 80 of 344 Loss: -0.070210, NCC_Loss: -0.074174, Reg: 0.003963
Iter 90 of 344 Loss: -0.073446, NCC_Loss: -0.076815, Reg: 0.003369
Iter 100 of 344 Loss: -0.078305, NCC_Loss: -0.081555, Reg: 0.003250
Iter 110 of 344 Loss: -0.076378, NCC_Loss: -0.079740, Reg: 0.003362
Iter 120 of 344 Loss: -0.078681, NCC_Loss: -0.082157, Reg: 0.003476
Iter 130 of 344 Loss: -0.078372, NCC_Loss: -0.081491, Reg: 0.003120
Iter 140 of 344 Loss: -0.078365, NCC_Loss: -0.081699, Reg: 0.003334
Iter 150 of 344 Loss: -0.078720, NCC_Loss: -0.082139, Reg: 0.003419
Iter 160 of 344 Loss: -0.072218, NCC_Loss: -0.075102, Reg: 0.002884
Iter 170 of 344 Loss: -0.074821, NCC_Loss: -0.078465, Reg: 0.003644
Iter 180 of 344 Loss: -0.080164, NCC_Loss: -0.083436, Reg: 0.003272
Iter 190 of 344 Loss: -0.078554, NCC_Loss: -0.081823, Reg: 0.003269
Iter 200 of 344 Loss: -0.068832, NCC_Loss: -0.072067, Reg: 0.003235
Iter 210 of 344 Loss: -0.073161, NCC_Loss: -0.076481, Reg: 0.003320
Iter 220 of 344 Loss: -0.068534, NCC_Loss: -0.071775, Reg: 0.003240
Iter 230 of 344 Loss: -0.077918, NCC_Loss: -0.081546, Reg: 0.003628
Iter 240 of 344 Loss: -0.073134, NCC_Loss: -0.076822, Reg: 0.003689
Iter 250 of 344 Loss: -0.077873, NCC_Loss: -0.081690, Reg: 0.003817
Iter 260 of 344 Loss: -0.074132, NCC_Loss: -0.077637, Reg: 0.003505
Iter 270 of 344 Loss: -0.084994, NCC_Loss: -0.088389, Reg: 0.003395
Iter 280 of 344 Loss: -0.076765, NCC_Loss: -0.080575, Reg: 0.003810
Iter 290 of 344 Loss: -0.085165, NCC_Loss: -0.088774, Reg: 0.003610
Iter 300 of 344 Loss: -0.072904, NCC_Loss: -0.076325, Reg: 0.003420
Iter 310 of 344 Loss: -0.077557, NCC_Loss: -0.081284, Reg: 0.003727
Iter 320 of 344 Loss: -0.077271, NCC_Loss: -0.080606, Reg: 0.003335
Iter 330 of 344 Loss: -0.073428, NCC_Loss: -0.076971, Reg: 0.003543
Iter 340 of 344 Loss: -0.077164, NCC_Loss: -0.080880, Reg: 0.003716
Epoch 215 Loss: -0.076036
Epoch 215 Validation: Mean EPE: 7.2680, Mean SSIM: 0.1816, Mean ZNCC: -0.0376
Epoch 216 starts
Iter 10 of 344 Loss: -0.076259, NCC_Loss: -0.079723, Reg: 0.003464
Iter 20 of 344 Loss: -0.077257, NCC_Loss: -0.080837, Reg: 0.003581
Iter 30 of 344 Loss: -0.075237, NCC_Loss: -0.078913, Reg: 0.003676
Iter 40 of 344 Loss: -0.079075, NCC_Loss: -0.082509, Reg: 0.003434
Iter 50 of 344 Loss: -0.090039, NCC_Loss: -0.093463, Reg: 0.003423
Iter 60 of 344 Loss: -0.077708, NCC_Loss: -0.080648, Reg: 0.002940
Iter 70 of 344 Loss: -0.074510, NCC_Loss: -0.077675, Reg: 0.003165
Iter 80 of 344 Loss: -0.085110, NCC_Loss: -0.089001, Reg: 0.003891
Iter 90 of 344 Loss: -0.074446, NCC_Loss: -0.077702, Reg: 0.003257
Iter 100 of 344 Loss: -0.072066, NCC_Loss: -0.075646, Reg: 0.003580
Iter 110 of 344 Loss: -0.079986, NCC_Loss: -0.083422, Reg: 0.003436
Iter 120 of 344 Loss: -0.070152, NCC_Loss: -0.073245, Reg: 0.003093
Iter 130 of 344 Loss: -0.081680, NCC_Loss: -0.085120, Reg: 0.003440
Iter 140 of 344 Loss: -0.075145, NCC_Loss: -0.078926, Reg: 0.003780
Iter 150 of 344 Loss: -0.074315, NCC_Loss: -0.077992, Reg: 0.003677
Iter 160 of 344 Loss: -0.072202, NCC_Loss: -0.075464, Reg: 0.003262
Iter 170 of 344 Loss: -0.075929, NCC_Loss: -0.079296, Reg: 0.003367
Iter 180 of 344 Loss: -0.073882, NCC_Loss: -0.077576, Reg: 0.003694
Iter 190 of 344 Loss: -0.079136, NCC_Loss: -0.082559, Reg: 0.003424
Iter 200 of 344 Loss: -0.077158, NCC_Loss: -0.080324, Reg: 0.003166
Iter 210 of 344 Loss: -0.080041, NCC_Loss: -0.083768, Reg: 0.003727
Iter 220 of 344 Loss: -0.071583, NCC_Loss: -0.075022, Reg: 0.003439
Iter 230 of 344 Loss: -0.072615, NCC_Loss: -0.076329, Reg: 0.003715
Iter 240 of 344 Loss: -0.073253, NCC_Loss: -0.077036, Reg: 0.003783
Iter 250 of 344 Loss: -0.072059, NCC_Loss: -0.075268, Reg: 0.003208
Iter 260 of 344 Loss: -0.072032, NCC_Loss: -0.075487, Reg: 0.003455
Iter 270 of 344 Loss: -0.075393, NCC_Loss: -0.078709, Reg: 0.003316
Iter 280 of 344 Loss: -0.079167, NCC_Loss: -0.082766, Reg: 0.003599
Iter 290 of 344 Loss: -0.071932, NCC_Loss: -0.075361, Reg: 0.003429
Iter 300 of 344 Loss: -0.075516, NCC_Loss: -0.079118, Reg: 0.003601
Iter 310 of 344 Loss: -0.079138, NCC_Loss: -0.082875, Reg: 0.003737
Iter 320 of 344 Loss: -0.073400, NCC_Loss: -0.077002, Reg: 0.003601
Iter 330 of 344 Loss: -0.079470, NCC_Loss: -0.083357, Reg: 0.003887
Iter 340 of 344 Loss: -0.078283, NCC_Loss: -0.081775, Reg: 0.003492
Epoch 216 Loss: -0.076012
Epoch 216 Validation: Mean EPE: 7.2682, Mean SSIM: 0.1816, Mean ZNCC: -0.0377
Epoch 217 starts
Iter 10 of 344 Loss: -0.081310, NCC_Loss: -0.084575, Reg: 0.003265
Iter 20 of 344 Loss: -0.075986, NCC_Loss: -0.079956, Reg: 0.003970
Iter 30 of 344 Loss: -0.076276, NCC_Loss: -0.079692, Reg: 0.003416
Iter 40 of 344 Loss: -0.076567, NCC_Loss: -0.079785, Reg: 0.003218
Iter 50 of 344 Loss: -0.080343, NCC_Loss: -0.083655, Reg: 0.003312
Iter 60 of 344 Loss: -0.080484, NCC_Loss: -0.084132, Reg: 0.003648
Iter 70 of 344 Loss: -0.077054, NCC_Loss: -0.080544, Reg: 0.003489
Iter 80 of 344 Loss: -0.082411, NCC_Loss: -0.086153, Reg: 0.003742
Iter 90 of 344 Loss: -0.073852, NCC_Loss: -0.077489, Reg: 0.003637
Iter 100 of 344 Loss: -0.078360, NCC_Loss: -0.082160, Reg: 0.003800
Iter 110 of 344 Loss: -0.071960, NCC_Loss: -0.075407, Reg: 0.003447
Iter 120 of 344 Loss: -0.075069, NCC_Loss: -0.078707, Reg: 0.003638
Iter 130 of 344 Loss: -0.074033, NCC_Loss: -0.077528, Reg: 0.003495
Iter 140 of 344 Loss: -0.075861, NCC_Loss: -0.079288, Reg: 0.003427
Iter 150 of 344 Loss: -0.077110, NCC_Loss: -0.080176, Reg: 0.003066
Iter 160 of 344 Loss: -0.077101, NCC_Loss: -0.081031, Reg: 0.003929
Iter 170 of 344 Loss: -0.080187, NCC_Loss: -0.083455, Reg: 0.003268
Iter 180 of 344 Loss: -0.075724, NCC_Loss: -0.079480, Reg: 0.003756
Iter 190 of 344 Loss: -0.080859, NCC_Loss: -0.084513, Reg: 0.003655
Iter 200 of 344 Loss: -0.073404, NCC_Loss: -0.076975, Reg: 0.003571
Iter 210 of 344 Loss: -0.075954, NCC_Loss: -0.079326, Reg: 0.003372
Iter 220 of 344 Loss: -0.079468, NCC_Loss: -0.083062, Reg: 0.003594
Iter 230 of 344 Loss: -0.083105, NCC_Loss: -0.086751, Reg: 0.003645
Iter 240 of 344 Loss: -0.073896, NCC_Loss: -0.076961, Reg: 0.003065
Iter 250 of 344 Loss: -0.079030, NCC_Loss: -0.082473, Reg: 0.003444
Iter 260 of 344 Loss: -0.067757, NCC_Loss: -0.071084, Reg: 0.003327
Iter 270 of 344 Loss: -0.074280, NCC_Loss: -0.077529, Reg: 0.003249
Iter 280 of 344 Loss: -0.078365, NCC_Loss: -0.081735, Reg: 0.003370
Iter 290 of 344 Loss: -0.078399, NCC_Loss: -0.082334, Reg: 0.003935
Iter 300 of 344 Loss: -0.072450, NCC_Loss: -0.075537, Reg: 0.003086
Iter 310 of 344 Loss: -0.074513, NCC_Loss: -0.078580, Reg: 0.004067
Iter 320 of 344 Loss: -0.070098, NCC_Loss: -0.073683, Reg: 0.003584
Iter 330 of 344 Loss: -0.073015, NCC_Loss: -0.076353, Reg: 0.003338
Iter 340 of 344 Loss: -0.081232, NCC_Loss: -0.084805, Reg: 0.003573
Epoch 217 Loss: -0.076005
Epoch 217 Validation: Mean EPE: 7.2683, Mean SSIM: 0.1817, Mean ZNCC: -0.0377
Epoch 218 starts
Iter 10 of 344 Loss: -0.076639, NCC_Loss: -0.080232, Reg: 0.003593
Iter 20 of 344 Loss: -0.072915, NCC_Loss: -0.076543, Reg: 0.003628
Iter 30 of 344 Loss: -0.073613, NCC_Loss: -0.077043, Reg: 0.003431
Iter 40 of 344 Loss: -0.078236, NCC_Loss: -0.081382, Reg: 0.003147
Iter 50 of 344 Loss: -0.068752, NCC_Loss: -0.072193, Reg: 0.003441
Iter 60 of 344 Loss: -0.077610, NCC_Loss: -0.081300, Reg: 0.003691
Iter 70 of 344 Loss: -0.078272, NCC_Loss: -0.081601, Reg: 0.003328
Iter 80 of 344 Loss: -0.081083, NCC_Loss: -0.084911, Reg: 0.003828
Iter 90 of 344 Loss: -0.072423, NCC_Loss: -0.076279, Reg: 0.003856
Iter 100 of 344 Loss: -0.075795, NCC_Loss: -0.079131, Reg: 0.003336
Iter 110 of 344 Loss: -0.073735, NCC_Loss: -0.077210, Reg: 0.003475
Iter 120 of 344 Loss: -0.074280, NCC_Loss: -0.077870, Reg: 0.003590
Iter 130 of 344 Loss: -0.076182, NCC_Loss: -0.079983, Reg: 0.003801
Iter 140 of 344 Loss: -0.079777, NCC_Loss: -0.083126, Reg: 0.003350
Iter 150 of 344 Loss: -0.080613, NCC_Loss: -0.083809, Reg: 0.003196
Iter 160 of 344 Loss: -0.073784, NCC_Loss: -0.077351, Reg: 0.003567
Iter 170 of 344 Loss: -0.068666, NCC_Loss: -0.071815, Reg: 0.003150
Iter 180 of 344 Loss: -0.078485, NCC_Loss: -0.081894, Reg: 0.003409
Iter 190 of 344 Loss: -0.073080, NCC_Loss: -0.076017, Reg: 0.002937
Iter 200 of 344 Loss: -0.073897, NCC_Loss: -0.077504, Reg: 0.003607
Iter 210 of 344 Loss: -0.078853, NCC_Loss: -0.081980, Reg: 0.003128
Iter 220 of 344 Loss: -0.080454, NCC_Loss: -0.083705, Reg: 0.003251
Iter 230 of 344 Loss: -0.078594, NCC_Loss: -0.082652, Reg: 0.004058
Iter 240 of 344 Loss: -0.070515, NCC_Loss: -0.073829, Reg: 0.003314
Iter 250 of 344 Loss: -0.077037, NCC_Loss: -0.080176, Reg: 0.003139
Iter 260 of 344 Loss: -0.068420, NCC_Loss: -0.072031, Reg: 0.003611
Iter 270 of 344 Loss: -0.075342, NCC_Loss: -0.078796, Reg: 0.003454
Iter 280 of 344 Loss: -0.077586, NCC_Loss: -0.080911, Reg: 0.003325
Iter 290 of 344 Loss: -0.077154, NCC_Loss: -0.080650, Reg: 0.003496
Iter 300 of 344 Loss: -0.075422, NCC_Loss: -0.078687, Reg: 0.003265
Iter 310 of 344 Loss: -0.077725, NCC_Loss: -0.080733, Reg: 0.003008
Iter 320 of 344 Loss: -0.076198, NCC_Loss: -0.079674, Reg: 0.003476
Iter 330 of 344 Loss: -0.074220, NCC_Loss: -0.077587, Reg: 0.003367
Iter 340 of 344 Loss: -0.081863, NCC_Loss: -0.085446, Reg: 0.003583
Epoch 218 Loss: -0.076047
Epoch 218 Validation: Mean EPE: 7.2684, Mean SSIM: 0.1818, Mean ZNCC: -0.0376
Epoch 219 starts
Iter 10 of 344 Loss: -0.076426, NCC_Loss: -0.079822, Reg: 0.003396
Iter 20 of 344 Loss: -0.072820, NCC_Loss: -0.076452, Reg: 0.003632
Iter 30 of 344 Loss: -0.076190, NCC_Loss: -0.080261, Reg: 0.004070
Iter 40 of 344 Loss: -0.080225, NCC_Loss: -0.083720, Reg: 0.003496
Iter 50 of 344 Loss: -0.074426, NCC_Loss: -0.077465, Reg: 0.003039
Iter 60 of 344 Loss: -0.072001, NCC_Loss: -0.075512, Reg: 0.003512
Iter 70 of 344 Loss: -0.073090, NCC_Loss: -0.076684, Reg: 0.003594
Iter 80 of 344 Loss: -0.073759, NCC_Loss: -0.076961, Reg: 0.003203
Iter 90 of 344 Loss: -0.069910, NCC_Loss: -0.073386, Reg: 0.003476
Iter 100 of 344 Loss: -0.073982, NCC_Loss: -0.077287, Reg: 0.003305
Iter 110 of 344 Loss: -0.075004, NCC_Loss: -0.078242, Reg: 0.003237
Iter 120 of 344 Loss: -0.077451, NCC_Loss: -0.081428, Reg: 0.003977
Iter 130 of 344 Loss: -0.075637, NCC_Loss: -0.079257, Reg: 0.003619
Iter 140 of 344 Loss: -0.078989, NCC_Loss: -0.082842, Reg: 0.003853
Iter 150 of 344 Loss: -0.071268, NCC_Loss: -0.074606, Reg: 0.003337
Iter 160 of 344 Loss: -0.068949, NCC_Loss: -0.072345, Reg: 0.003396
Iter 170 of 344 Loss: -0.077184, NCC_Loss: -0.080710, Reg: 0.003526
Iter 180 of 344 Loss: -0.071372, NCC_Loss: -0.074811, Reg: 0.003439
Iter 190 of 344 Loss: -0.080786, NCC_Loss: -0.084527, Reg: 0.003741
Iter 200 of 344 Loss: -0.067565, NCC_Loss: -0.070876, Reg: 0.003311
Iter 210 of 344 Loss: -0.074355, NCC_Loss: -0.078272, Reg: 0.003917
Iter 220 of 344 Loss: -0.078975, NCC_Loss: -0.082408, Reg: 0.003433
Iter 230 of 344 Loss: -0.076168, NCC_Loss: -0.079820, Reg: 0.003652
Iter 240 of 344 Loss: -0.075562, NCC_Loss: -0.079166, Reg: 0.003604
Iter 250 of 344 Loss: -0.075952, NCC_Loss: -0.079345, Reg: 0.003393
Iter 260 of 344 Loss: -0.076683, NCC_Loss: -0.080222, Reg: 0.003539
Iter 270 of 344 Loss: -0.069034, NCC_Loss: -0.072300, Reg: 0.003266
Iter 280 of 344 Loss: -0.073503, NCC_Loss: -0.077250, Reg: 0.003747
Iter 290 of 344 Loss: -0.075557, NCC_Loss: -0.078774, Reg: 0.003217
Iter 300 of 344 Loss: -0.083579, NCC_Loss: -0.086777, Reg: 0.003198
Iter 310 of 344 Loss: -0.071595, NCC_Loss: -0.075117, Reg: 0.003522
Iter 320 of 344 Loss: -0.070097, NCC_Loss: -0.073236, Reg: 0.003139
Iter 330 of 344 Loss: -0.074935, NCC_Loss: -0.078418, Reg: 0.003484
Iter 340 of 344 Loss: -0.077111, NCC_Loss: -0.080931, Reg: 0.003820
Epoch 219 Loss: -0.076088
Epoch 219 Validation: Mean EPE: 7.2684, Mean SSIM: 0.1818, Mean ZNCC: -0.0376
Epoch 220 starts
Iter 10 of 344 Loss: -0.080147, NCC_Loss: -0.083726, Reg: 0.003580
Iter 20 of 344 Loss: -0.077475, NCC_Loss: -0.080512, Reg: 0.003037
Iter 30 of 344 Loss: -0.078162, NCC_Loss: -0.081546, Reg: 0.003384
Iter 40 of 344 Loss: -0.078773, NCC_Loss: -0.082060, Reg: 0.003287
Iter 50 of 344 Loss: -0.076922, NCC_Loss: -0.080281, Reg: 0.003359
Iter 60 of 344 Loss: -0.077569, NCC_Loss: -0.081163, Reg: 0.003594
Iter 70 of 344 Loss: -0.078066, NCC_Loss: -0.081285, Reg: 0.003220
Iter 80 of 344 Loss: -0.075213, NCC_Loss: -0.079074, Reg: 0.003861
Iter 90 of 344 Loss: -0.075484, NCC_Loss: -0.079184, Reg: 0.003700
Iter 100 of 344 Loss: -0.080573, NCC_Loss: -0.083871, Reg: 0.003298
Iter 110 of 344 Loss: -0.069671, NCC_Loss: -0.072575, Reg: 0.002905
Iter 120 of 344 Loss: -0.081404, NCC_Loss: -0.084808, Reg: 0.003404
Iter 130 of 344 Loss: -0.070183, NCC_Loss: -0.073726, Reg: 0.003543
Iter 140 of 344 Loss: -0.080341, NCC_Loss: -0.083420, Reg: 0.003079
Iter 150 of 344 Loss: -0.076346, NCC_Loss: -0.079570, Reg: 0.003223
Iter 160 of 344 Loss: -0.076892, NCC_Loss: -0.080419, Reg: 0.003527
Iter 170 of 344 Loss: -0.075288, NCC_Loss: -0.078449, Reg: 0.003161
Iter 180 of 344 Loss: -0.075371, NCC_Loss: -0.078884, Reg: 0.003513
Iter 190 of 344 Loss: -0.069013, NCC_Loss: -0.072687, Reg: 0.003674
Iter 200 of 344 Loss: -0.072973, NCC_Loss: -0.076446, Reg: 0.003473
Iter 210 of 344 Loss: -0.073159, NCC_Loss: -0.076241, Reg: 0.003082
Iter 220 of 344 Loss: -0.076846, NCC_Loss: -0.080125, Reg: 0.003279
Iter 230 of 344 Loss: -0.081681, NCC_Loss: -0.085477, Reg: 0.003796
Iter 240 of 344 Loss: -0.077842, NCC_Loss: -0.081416, Reg: 0.003574
Iter 250 of 344 Loss: -0.079579, NCC_Loss: -0.083282, Reg: 0.003703
Iter 260 of 344 Loss: -0.076472, NCC_Loss: -0.079549, Reg: 0.003077
Iter 270 of 344 Loss: -0.072722, NCC_Loss: -0.076086, Reg: 0.003363
Iter 280 of 344 Loss: -0.083397, NCC_Loss: -0.086935, Reg: 0.003538
Iter 290 of 344 Loss: -0.075804, NCC_Loss: -0.078672, Reg: 0.002868
Iter 300 of 344 Loss: -0.074578, NCC_Loss: -0.078151, Reg: 0.003573
Iter 310 of 344 Loss: -0.070506, NCC_Loss: -0.074150, Reg: 0.003645
Iter 320 of 344 Loss: -0.073458, NCC_Loss: -0.076494, Reg: 0.003036
Iter 330 of 344 Loss: -0.082427, NCC_Loss: -0.085784, Reg: 0.003356
Iter 340 of 344 Loss: -0.072660, NCC_Loss: -0.076409, Reg: 0.003748
Epoch 220 Loss: -0.076127
Epoch 220 Validation: Mean EPE: 7.2685, Mean SSIM: 0.1819, Mean ZNCC: -0.0376
Epoch 221 starts
Iter 10 of 344 Loss: -0.076675, NCC_Loss: -0.080082, Reg: 0.003407
Iter 20 of 344 Loss: -0.072929, NCC_Loss: -0.076534, Reg: 0.003605
Iter 30 of 344 Loss: -0.081128, NCC_Loss: -0.084700, Reg: 0.003573
Iter 40 of 344 Loss: -0.074489, NCC_Loss: -0.078039, Reg: 0.003550
Iter 50 of 344 Loss: -0.078309, NCC_Loss: -0.081662, Reg: 0.003353
Iter 60 of 344 Loss: -0.080476, NCC_Loss: -0.083879, Reg: 0.003402
Iter 70 of 344 Loss: -0.069348, NCC_Loss: -0.072743, Reg: 0.003395
Iter 80 of 344 Loss: -0.076943, NCC_Loss: -0.080195, Reg: 0.003252
Iter 90 of 344 Loss: -0.071450, NCC_Loss: -0.074815, Reg: 0.003365
Iter 100 of 344 Loss: -0.072568, NCC_Loss: -0.076035, Reg: 0.003467
Iter 110 of 344 Loss: -0.073128, NCC_Loss: -0.076790, Reg: 0.003663
Iter 120 of 344 Loss: -0.076734, NCC_Loss: -0.080754, Reg: 0.004020
Iter 130 of 344 Loss: -0.070870, NCC_Loss: -0.074691, Reg: 0.003821
Iter 140 of 344 Loss: -0.076107, NCC_Loss: -0.079346, Reg: 0.003240
Iter 150 of 344 Loss: -0.080360, NCC_Loss: -0.083775, Reg: 0.003415
Iter 160 of 344 Loss: -0.074453, NCC_Loss: -0.077653, Reg: 0.003200
Iter 170 of 344 Loss: -0.079366, NCC_Loss: -0.082930, Reg: 0.003564
Iter 180 of 344 Loss: -0.073878, NCC_Loss: -0.077725, Reg: 0.003848
Iter 190 of 344 Loss: -0.069207, NCC_Loss: -0.072554, Reg: 0.003348
Iter 200 of 344 Loss: -0.068877, NCC_Loss: -0.072400, Reg: 0.003523
Iter 210 of 344 Loss: -0.075747, NCC_Loss: -0.078500, Reg: 0.002753
Iter 220 of 344 Loss: -0.075805, NCC_Loss: -0.079472, Reg: 0.003667
Iter 230 of 344 Loss: -0.075485, NCC_Loss: -0.078557, Reg: 0.003073
Iter 240 of 344 Loss: -0.076203, NCC_Loss: -0.079612, Reg: 0.003409
Iter 250 of 344 Loss: -0.081766, NCC_Loss: -0.085360, Reg: 0.003594
Iter 260 of 344 Loss: -0.077037, NCC_Loss: -0.080466, Reg: 0.003430
Iter 270 of 344 Loss: -0.072352, NCC_Loss: -0.075302, Reg: 0.002951
Iter 280 of 344 Loss: -0.068443, NCC_Loss: -0.071927, Reg: 0.003485
Iter 290 of 344 Loss: -0.078481, NCC_Loss: -0.082001, Reg: 0.003520
Iter 300 of 344 Loss: -0.076102, NCC_Loss: -0.079797, Reg: 0.003696
Iter 310 of 344 Loss: -0.075924, NCC_Loss: -0.078943, Reg: 0.003019
Iter 320 of 344 Loss: -0.076657, NCC_Loss: -0.080114, Reg: 0.003457
Iter 330 of 344 Loss: -0.082522, NCC_Loss: -0.085587, Reg: 0.003065
Iter 340 of 344 Loss: -0.073649, NCC_Loss: -0.077696, Reg: 0.004047
Epoch 221 Loss: -0.076162
Epoch 221 Validation: Mean EPE: 7.2686, Mean SSIM: 0.1820, Mean ZNCC: -0.0376
Epoch 222 starts
Iter 10 of 344 Loss: -0.070104, NCC_Loss: -0.073106, Reg: 0.003003
Iter 20 of 344 Loss: -0.079439, NCC_Loss: -0.082612, Reg: 0.003173
Iter 30 of 344 Loss: -0.072391, NCC_Loss: -0.076315, Reg: 0.003924
Iter 40 of 344 Loss: -0.075097, NCC_Loss: -0.078297, Reg: 0.003200
Iter 50 of 344 Loss: -0.078475, NCC_Loss: -0.082169, Reg: 0.003695
Iter 60 of 344 Loss: -0.068921, NCC_Loss: -0.072362, Reg: 0.003441
Iter 70 of 344 Loss: -0.078133, NCC_Loss: -0.081721, Reg: 0.003588
Iter 80 of 344 Loss: -0.078983, NCC_Loss: -0.082548, Reg: 0.003564
Iter 90 of 344 Loss: -0.070356, NCC_Loss: -0.073562, Reg: 0.003205
Iter 100 of 344 Loss: -0.074836, NCC_Loss: -0.078840, Reg: 0.004004
Iter 110 of 344 Loss: -0.078685, NCC_Loss: -0.082426, Reg: 0.003741
Iter 120 of 344 Loss: -0.074231, NCC_Loss: -0.077391, Reg: 0.003159
Iter 130 of 344 Loss: -0.073464, NCC_Loss: -0.076886, Reg: 0.003422
Iter 140 of 344 Loss: -0.074640, NCC_Loss: -0.078057, Reg: 0.003417
Iter 150 of 344 Loss: -0.075402, NCC_Loss: -0.078899, Reg: 0.003497
Iter 160 of 344 Loss: -0.077438, NCC_Loss: -0.080801, Reg: 0.003363
Iter 170 of 344 Loss: -0.076984, NCC_Loss: -0.080271, Reg: 0.003287
Iter 180 of 344 Loss: -0.077761, NCC_Loss: -0.080902, Reg: 0.003141
Iter 190 of 344 Loss: -0.078374, NCC_Loss: -0.082180, Reg: 0.003805
Iter 200 of 344 Loss: -0.075678, NCC_Loss: -0.079096, Reg: 0.003418
Iter 210 of 344 Loss: -0.071622, NCC_Loss: -0.074961, Reg: 0.003339
Iter 220 of 344 Loss: -0.073865, NCC_Loss: -0.077590, Reg: 0.003725
Iter 230 of 344 Loss: -0.074647, NCC_Loss: -0.077890, Reg: 0.003243
Iter 240 of 344 Loss: -0.079765, NCC_Loss: -0.083267, Reg: 0.003502
Iter 250 of 344 Loss: -0.076711, NCC_Loss: -0.080032, Reg: 0.003321
Iter 260 of 344 Loss: -0.075370, NCC_Loss: -0.078673, Reg: 0.003303
Iter 270 of 344 Loss: -0.075570, NCC_Loss: -0.079221, Reg: 0.003651
Iter 280 of 344 Loss: -0.077611, NCC_Loss: -0.081024, Reg: 0.003412
Iter 290 of 344 Loss: -0.076979, NCC_Loss: -0.080618, Reg: 0.003639
Iter 300 of 344 Loss: -0.075519, NCC_Loss: -0.079200, Reg: 0.003681
Iter 310 of 344 Loss: -0.075580, NCC_Loss: -0.078623, Reg: 0.003043
Iter 320 of 344 Loss: -0.072899, NCC_Loss: -0.076223, Reg: 0.003325
Iter 330 of 344 Loss: -0.076277, NCC_Loss: -0.079935, Reg: 0.003658
Iter 340 of 344 Loss: -0.075395, NCC_Loss: -0.079128, Reg: 0.003733
Epoch 222 Loss: -0.076201
Epoch 222 Validation: Mean EPE: 7.2687, Mean SSIM: 0.1820, Mean ZNCC: -0.0376
Epoch 223 starts
Iter 10 of 344 Loss: -0.079877, NCC_Loss: -0.083561, Reg: 0.003683
Iter 20 of 344 Loss: -0.074239, NCC_Loss: -0.077555, Reg: 0.003316
Iter 30 of 344 Loss: -0.077261, NCC_Loss: -0.080243, Reg: 0.002983
Iter 40 of 344 Loss: -0.077518, NCC_Loss: -0.081183, Reg: 0.003665
Iter 50 of 344 Loss: -0.073850, NCC_Loss: -0.077627, Reg: 0.003777
Iter 60 of 344 Loss: -0.077785, NCC_Loss: -0.081372, Reg: 0.003586
Iter 70 of 344 Loss: -0.080449, NCC_Loss: -0.084257, Reg: 0.003808
Iter 80 of 344 Loss: -0.067723, NCC_Loss: -0.071215, Reg: 0.003491
Iter 90 of 344 Loss: -0.081895, NCC_Loss: -0.085111, Reg: 0.003216
Iter 100 of 344 Loss: -0.073085, NCC_Loss: -0.076645, Reg: 0.003560
Iter 110 of 344 Loss: -0.077875, NCC_Loss: -0.081187, Reg: 0.003312
Iter 120 of 344 Loss: -0.081058, NCC_Loss: -0.084480, Reg: 0.003422
Iter 130 of 344 Loss: -0.078425, NCC_Loss: -0.081845, Reg: 0.003421
Iter 140 of 344 Loss: -0.082117, NCC_Loss: -0.085890, Reg: 0.003773
Iter 150 of 344 Loss: -0.067415, NCC_Loss: -0.070609, Reg: 0.003194
Iter 160 of 344 Loss: -0.077108, NCC_Loss: -0.080186, Reg: 0.003077
Iter 170 of 344 Loss: -0.077853, NCC_Loss: -0.080904, Reg: 0.003051
Iter 180 of 344 Loss: -0.082907, NCC_Loss: -0.086389, Reg: 0.003482
Iter 190 of 344 Loss: -0.074330, NCC_Loss: -0.078172, Reg: 0.003842
Iter 200 of 344 Loss: -0.071320, NCC_Loss: -0.074741, Reg: 0.003422
Iter 210 of 344 Loss: -0.075343, NCC_Loss: -0.078742, Reg: 0.003399
Iter 220 of 344 Loss: -0.074043, NCC_Loss: -0.077390, Reg: 0.003347
Iter 230 of 344 Loss: -0.076116, NCC_Loss: -0.079332, Reg: 0.003215
Iter 240 of 344 Loss: -0.079244, NCC_Loss: -0.082651, Reg: 0.003407
Iter 250 of 344 Loss: -0.075649, NCC_Loss: -0.079252, Reg: 0.003603
Iter 260 of 344 Loss: -0.072660, NCC_Loss: -0.075856, Reg: 0.003196
Iter 270 of 344 Loss: -0.073377, NCC_Loss: -0.076694, Reg: 0.003318
Iter 280 of 344 Loss: -0.075804, NCC_Loss: -0.079511, Reg: 0.003708
Iter 290 of 344 Loss: -0.070298, NCC_Loss: -0.073637, Reg: 0.003339
Iter 300 of 344 Loss: -0.079713, NCC_Loss: -0.083638, Reg: 0.003925
Iter 310 of 344 Loss: -0.067963, NCC_Loss: -0.071807, Reg: 0.003844
Iter 320 of 344 Loss: -0.075290, NCC_Loss: -0.078779, Reg: 0.003489
Iter 330 of 344 Loss: -0.073769, NCC_Loss: -0.076790, Reg: 0.003021
Iter 340 of 344 Loss: -0.075399, NCC_Loss: -0.078861, Reg: 0.003462
Epoch 223 Loss: -0.076239
Epoch 223 Validation: Mean EPE: 7.2687, Mean SSIM: 0.1821, Mean ZNCC: -0.0376
Epoch 224 starts
Iter 10 of 344 Loss: -0.071719, NCC_Loss: -0.075177, Reg: 0.003458
Iter 20 of 344 Loss: -0.073332, NCC_Loss: -0.076621, Reg: 0.003289
Iter 30 of 344 Loss: -0.077749, NCC_Loss: -0.080795, Reg: 0.003046
Iter 40 of 344 Loss: -0.072587, NCC_Loss: -0.075575, Reg: 0.002987
Iter 50 of 344 Loss: -0.075133, NCC_Loss: -0.078274, Reg: 0.003141
Iter 60 of 344 Loss: -0.074412, NCC_Loss: -0.077935, Reg: 0.003523
Iter 70 of 344 Loss: -0.067261, NCC_Loss: -0.070727, Reg: 0.003466
Iter 80 of 344 Loss: -0.075379, NCC_Loss: -0.078968, Reg: 0.003589
Iter 90 of 344 Loss: -0.078219, NCC_Loss: -0.081297, Reg: 0.003079
Iter 100 of 344 Loss: -0.081201, NCC_Loss: -0.084407, Reg: 0.003206
Iter 110 of 344 Loss: -0.076430, NCC_Loss: -0.079858, Reg: 0.003428
Iter 120 of 344 Loss: -0.076903, NCC_Loss: -0.080353, Reg: 0.003450
Iter 130 of 344 Loss: -0.077116, NCC_Loss: -0.080547, Reg: 0.003432
Iter 140 of 344 Loss: -0.070890, NCC_Loss: -0.074609, Reg: 0.003720
Iter 150 of 344 Loss: -0.074676, NCC_Loss: -0.077749, Reg: 0.003073
Iter 160 of 344 Loss: -0.073017, NCC_Loss: -0.076344, Reg: 0.003327
Iter 170 of 344 Loss: -0.075575, NCC_Loss: -0.079034, Reg: 0.003459
Iter 180 of 344 Loss: -0.076286, NCC_Loss: -0.079631, Reg: 0.003345
Iter 190 of 344 Loss: -0.079806, NCC_Loss: -0.083481, Reg: 0.003675
Iter 200 of 344 Loss: -0.075244, NCC_Loss: -0.078517, Reg: 0.003274
Iter 210 of 344 Loss: -0.080040, NCC_Loss: -0.083420, Reg: 0.003379
Iter 220 of 344 Loss: -0.075873, NCC_Loss: -0.078940, Reg: 0.003067
Iter 230 of 344 Loss: -0.071399, NCC_Loss: -0.074503, Reg: 0.003105
Iter 240 of 344 Loss: -0.077822, NCC_Loss: -0.081312, Reg: 0.003491
Iter 250 of 344 Loss: -0.069231, NCC_Loss: -0.073196, Reg: 0.003965
Iter 260 of 344 Loss: -0.076163, NCC_Loss: -0.079301, Reg: 0.003138
Iter 270 of 344 Loss: -0.072930, NCC_Loss: -0.076227, Reg: 0.003296
Iter 280 of 344 Loss: -0.074151, NCC_Loss: -0.077743, Reg: 0.003592
Iter 290 of 344 Loss: -0.077747, NCC_Loss: -0.081304, Reg: 0.003557
Iter 300 of 344 Loss: -0.078774, NCC_Loss: -0.081960, Reg: 0.003186
Iter 310 of 344 Loss: -0.076939, NCC_Loss: -0.080382, Reg: 0.003443
Iter 320 of 344 Loss: -0.073386, NCC_Loss: -0.076662, Reg: 0.003275
Iter 330 of 344 Loss: -0.079787, NCC_Loss: -0.083160, Reg: 0.003373
Iter 340 of 344 Loss: -0.072625, NCC_Loss: -0.075746, Reg: 0.003121
Epoch 224 Loss: -0.076295
Epoch 224 Validation: Mean EPE: 7.2688, Mean SSIM: 0.1822, Mean ZNCC: -0.0376
Epoch 225 starts
Iter 10 of 344 Loss: -0.078893, NCC_Loss: -0.082133, Reg: 0.003240
Iter 20 of 344 Loss: -0.076964, NCC_Loss: -0.080379, Reg: 0.003415
Iter 30 of 344 Loss: -0.077640, NCC_Loss: -0.080736, Reg: 0.003096
Iter 40 of 344 Loss: -0.074607, NCC_Loss: -0.077838, Reg: 0.003232
Iter 50 of 344 Loss: -0.074247, NCC_Loss: -0.078298, Reg: 0.004051
Iter 60 of 344 Loss: -0.080506, NCC_Loss: -0.084205, Reg: 0.003700
Iter 70 of 344 Loss: -0.076411, NCC_Loss: -0.079689, Reg: 0.003278
Iter 80 of 344 Loss: -0.078262, NCC_Loss: -0.081465, Reg: 0.003203
Iter 90 of 344 Loss: -0.074918, NCC_Loss: -0.078291, Reg: 0.003373
Iter 100 of 344 Loss: -0.072319, NCC_Loss: -0.075846, Reg: 0.003527
Iter 110 of 344 Loss: -0.077349, NCC_Loss: -0.081005, Reg: 0.003656
Iter 120 of 344 Loss: -0.072261, NCC_Loss: -0.076022, Reg: 0.003762
Iter 130 of 344 Loss: -0.075160, NCC_Loss: -0.078958, Reg: 0.003798
Iter 140 of 344 Loss: -0.071901, NCC_Loss: -0.075178, Reg: 0.003277
Iter 150 of 344 Loss: -0.072407, NCC_Loss: -0.075487, Reg: 0.003080
Iter 160 of 344 Loss: -0.078480, NCC_Loss: -0.081860, Reg: 0.003381
Iter 170 of 344 Loss: -0.084847, NCC_Loss: -0.088360, Reg: 0.003512
Iter 180 of 344 Loss: -0.082873, NCC_Loss: -0.086067, Reg: 0.003194
Iter 190 of 344 Loss: -0.068529, NCC_Loss: -0.071711, Reg: 0.003182
Iter 200 of 344 Loss: -0.081921, NCC_Loss: -0.085099, Reg: 0.003178
Iter 210 of 344 Loss: -0.076416, NCC_Loss: -0.079500, Reg: 0.003084
Iter 220 of 344 Loss: -0.076126, NCC_Loss: -0.079413, Reg: 0.003287
Iter 230 of 344 Loss: -0.077794, NCC_Loss: -0.080785, Reg: 0.002991
Iter 240 of 344 Loss: -0.079493, NCC_Loss: -0.082977, Reg: 0.003484
Iter 250 of 344 Loss: -0.075184, NCC_Loss: -0.078596, Reg: 0.003412
Iter 260 of 344 Loss: -0.088482, NCC_Loss: -0.092020, Reg: 0.003538
Iter 270 of 344 Loss: -0.075297, NCC_Loss: -0.078277, Reg: 0.002980
Iter 280 of 344 Loss: -0.070338, NCC_Loss: -0.073895, Reg: 0.003557
Iter 290 of 344 Loss: -0.079638, NCC_Loss: -0.083087, Reg: 0.003449
Iter 300 of 344 Loss: -0.074747, NCC_Loss: -0.077874, Reg: 0.003127
Iter 310 of 344 Loss: -0.079767, NCC_Loss: -0.083052, Reg: 0.003285
Iter 320 of 344 Loss: -0.077567, NCC_Loss: -0.080955, Reg: 0.003388
Iter 330 of 344 Loss: -0.078707, NCC_Loss: -0.081679, Reg: 0.002972
Iter 340 of 344 Loss: -0.076269, NCC_Loss: -0.079822, Reg: 0.003553
Epoch 225 Loss: -0.076328
Epoch 225 Validation: Mean EPE: 7.2689, Mean SSIM: 0.1822, Mean ZNCC: -0.0375
Epoch 226 starts
Iter 10 of 344 Loss: -0.071007, NCC_Loss: -0.074475, Reg: 0.003468
Iter 20 of 344 Loss: -0.067762, NCC_Loss: -0.071400, Reg: 0.003638
Iter 30 of 344 Loss: -0.080596, NCC_Loss: -0.083889, Reg: 0.003293
Iter 40 of 344 Loss: -0.079178, NCC_Loss: -0.083180, Reg: 0.004002
Iter 50 of 344 Loss: -0.080343, NCC_Loss: -0.083844, Reg: 0.003501
Iter 60 of 344 Loss: -0.078786, NCC_Loss: -0.082225, Reg: 0.003439
Iter 70 of 344 Loss: -0.079760, NCC_Loss: -0.083016, Reg: 0.003256
Iter 80 of 344 Loss: -0.081638, NCC_Loss: -0.085018, Reg: 0.003380
Iter 90 of 344 Loss: -0.080815, NCC_Loss: -0.084008, Reg: 0.003193
Iter 100 of 344 Loss: -0.077417, NCC_Loss: -0.080905, Reg: 0.003488
Iter 110 of 344 Loss: -0.077302, NCC_Loss: -0.080794, Reg: 0.003492
Iter 120 of 344 Loss: -0.079718, NCC_Loss: -0.083627, Reg: 0.003909
Iter 130 of 344 Loss: -0.075993, NCC_Loss: -0.079381, Reg: 0.003388
Iter 140 of 344 Loss: -0.073314, NCC_Loss: -0.076723, Reg: 0.003409
Iter 150 of 344 Loss: -0.075718, NCC_Loss: -0.079000, Reg: 0.003282
Iter 160 of 344 Loss: -0.076149, NCC_Loss: -0.079591, Reg: 0.003442
Iter 170 of 344 Loss: -0.077697, NCC_Loss: -0.081513, Reg: 0.003816
Iter 180 of 344 Loss: -0.076553, NCC_Loss: -0.080084, Reg: 0.003531
Iter 190 of 344 Loss: -0.078539, NCC_Loss: -0.081742, Reg: 0.003202
Iter 200 of 344 Loss: -0.072567, NCC_Loss: -0.076076, Reg: 0.003509
Iter 210 of 344 Loss: -0.080581, NCC_Loss: -0.084219, Reg: 0.003638
Iter 220 of 344 Loss: -0.073559, NCC_Loss: -0.076966, Reg: 0.003408
Iter 230 of 344 Loss: -0.075579, NCC_Loss: -0.079004, Reg: 0.003425
Iter 240 of 344 Loss: -0.079448, NCC_Loss: -0.082335, Reg: 0.002887
Iter 250 of 344 Loss: -0.072953, NCC_Loss: -0.075929, Reg: 0.002976
Iter 260 of 344 Loss: -0.075814, NCC_Loss: -0.079024, Reg: 0.003210
Iter 270 of 344 Loss: -0.071985, NCC_Loss: -0.075375, Reg: 0.003390
Iter 280 of 344 Loss: -0.075629, NCC_Loss: -0.078657, Reg: 0.003028
Iter 290 of 344 Loss: -0.085631, NCC_Loss: -0.088761, Reg: 0.003130
Iter 300 of 344 Loss: -0.081750, NCC_Loss: -0.085256, Reg: 0.003506
Iter 310 of 344 Loss: -0.073860, NCC_Loss: -0.077057, Reg: 0.003197
Iter 320 of 344 Loss: -0.080089, NCC_Loss: -0.083384, Reg: 0.003295
Iter 330 of 344 Loss: -0.076063, NCC_Loss: -0.079732, Reg: 0.003670
Iter 340 of 344 Loss: -0.076643, NCC_Loss: -0.080332, Reg: 0.003689
Epoch 226 Loss: -0.076378
Epoch 226 Validation: Mean EPE: 7.2688, Mean SSIM: 0.1823, Mean ZNCC: -0.0375
Epoch 227 starts
Iter 10 of 344 Loss: -0.070805, NCC_Loss: -0.073719, Reg: 0.002914
Iter 20 of 344 Loss: -0.078877, NCC_Loss: -0.082406, Reg: 0.003529
Iter 30 of 344 Loss: -0.075548, NCC_Loss: -0.079117, Reg: 0.003569
Iter 40 of 344 Loss: -0.080245, NCC_Loss: -0.083719, Reg: 0.003474
Iter 50 of 344 Loss: -0.075772, NCC_Loss: -0.079034, Reg: 0.003263
Iter 60 of 344 Loss: -0.080235, NCC_Loss: -0.083489, Reg: 0.003254
Iter 70 of 344 Loss: -0.068759, NCC_Loss: -0.072161, Reg: 0.003402
Iter 80 of 344 Loss: -0.080860, NCC_Loss: -0.084112, Reg: 0.003252
Iter 90 of 344 Loss: -0.078362, NCC_Loss: -0.081562, Reg: 0.003201
Iter 100 of 344 Loss: -0.077401, NCC_Loss: -0.080881, Reg: 0.003480
Iter 110 of 344 Loss: -0.083588, NCC_Loss: -0.087119, Reg: 0.003530
Iter 120 of 344 Loss: -0.078329, NCC_Loss: -0.081846, Reg: 0.003517
Iter 130 of 344 Loss: -0.079447, NCC_Loss: -0.082798, Reg: 0.003351
Iter 140 of 344 Loss: -0.072686, NCC_Loss: -0.075765, Reg: 0.003079
Iter 150 of 344 Loss: -0.074202, NCC_Loss: -0.077515, Reg: 0.003313
Iter 160 of 344 Loss: -0.072563, NCC_Loss: -0.075725, Reg: 0.003162
Iter 170 of 344 Loss: -0.078993, NCC_Loss: -0.082602, Reg: 0.003609
Iter 180 of 344 Loss: -0.074109, NCC_Loss: -0.077642, Reg: 0.003532
Iter 190 of 344 Loss: -0.074382, NCC_Loss: -0.077399, Reg: 0.003017
Iter 200 of 344 Loss: -0.077508, NCC_Loss: -0.080931, Reg: 0.003423
Iter 210 of 344 Loss: -0.066380, NCC_Loss: -0.069526, Reg: 0.003146
Iter 220 of 344 Loss: -0.075831, NCC_Loss: -0.078819, Reg: 0.002988
Iter 230 of 344 Loss: -0.073561, NCC_Loss: -0.077325, Reg: 0.003764
Iter 240 of 344 Loss: -0.075183, NCC_Loss: -0.078717, Reg: 0.003534
Iter 250 of 344 Loss: -0.076628, NCC_Loss: -0.080163, Reg: 0.003534
Iter 260 of 344 Loss: -0.070830, NCC_Loss: -0.074077, Reg: 0.003247
Iter 270 of 344 Loss: -0.079760, NCC_Loss: -0.083736, Reg: 0.003976
Iter 280 of 344 Loss: -0.076375, NCC_Loss: -0.079564, Reg: 0.003189
Iter 290 of 344 Loss: -0.080045, NCC_Loss: -0.083527, Reg: 0.003483
Iter 300 of 344 Loss: -0.076150, NCC_Loss: -0.080096, Reg: 0.003946
Iter 310 of 344 Loss: -0.076695, NCC_Loss: -0.079459, Reg: 0.002764
Iter 320 of 344 Loss: -0.073985, NCC_Loss: -0.077141, Reg: 0.003155
Iter 330 of 344 Loss: -0.082427, NCC_Loss: -0.085623, Reg: 0.003196
Iter 340 of 344 Loss: -0.071688, NCC_Loss: -0.075018, Reg: 0.003330
Epoch 227 Loss: -0.076415
Epoch 227 Validation: Mean EPE: 7.2689, Mean SSIM: 0.1824, Mean ZNCC: -0.0375
Epoch 228 starts
Iter 10 of 344 Loss: -0.085630, NCC_Loss: -0.089494, Reg: 0.003864
Iter 20 of 344 Loss: -0.075307, NCC_Loss: -0.078558, Reg: 0.003251
Iter 30 of 344 Loss: -0.076549, NCC_Loss: -0.079653, Reg: 0.003104
Iter 40 of 344 Loss: -0.076162, NCC_Loss: -0.079700, Reg: 0.003538
Iter 50 of 344 Loss: -0.076673, NCC_Loss: -0.080338, Reg: 0.003665
Iter 60 of 344 Loss: -0.076851, NCC_Loss: -0.080125, Reg: 0.003274
Iter 70 of 344 Loss: -0.078174, NCC_Loss: -0.081841, Reg: 0.003667
Iter 80 of 344 Loss: -0.079642, NCC_Loss: -0.082957, Reg: 0.003314
Iter 90 of 344 Loss: -0.076634, NCC_Loss: -0.080122, Reg: 0.003488
Iter 100 of 344 Loss: -0.066508, NCC_Loss: -0.070052, Reg: 0.003544
Iter 110 of 344 Loss: -0.075792, NCC_Loss: -0.079005, Reg: 0.003213
Iter 120 of 344 Loss: -0.081867, NCC_Loss: -0.085308, Reg: 0.003442
Iter 130 of 344 Loss: -0.074171, NCC_Loss: -0.077398, Reg: 0.003226
Iter 140 of 344 Loss: -0.077321, NCC_Loss: -0.080019, Reg: 0.002698
Iter 150 of 344 Loss: -0.074009, NCC_Loss: -0.077155, Reg: 0.003146
Iter 160 of 344 Loss: -0.082849, NCC_Loss: -0.086388, Reg: 0.003539
Iter 170 of 344 Loss: -0.076001, NCC_Loss: -0.079148, Reg: 0.003146
Iter 180 of 344 Loss: -0.071981, NCC_Loss: -0.075328, Reg: 0.003348
Iter 190 of 344 Loss: -0.080726, NCC_Loss: -0.084233, Reg: 0.003507
Iter 200 of 344 Loss: -0.076704, NCC_Loss: -0.079714, Reg: 0.003010
Iter 210 of 344 Loss: -0.072904, NCC_Loss: -0.075976, Reg: 0.003072
Iter 220 of 344 Loss: -0.070580, NCC_Loss: -0.074257, Reg: 0.003677
Iter 230 of 344 Loss: -0.075065, NCC_Loss: -0.078729, Reg: 0.003664
Iter 240 of 344 Loss: -0.081275, NCC_Loss: -0.084721, Reg: 0.003446
Iter 250 of 344 Loss: -0.078338, NCC_Loss: -0.081861, Reg: 0.003523
Iter 260 of 344 Loss: -0.077008, NCC_Loss: -0.080276, Reg: 0.003268
Iter 270 of 344 Loss: -0.078410, NCC_Loss: -0.081495, Reg: 0.003085
Iter 280 of 344 Loss: -0.078381, NCC_Loss: -0.081441, Reg: 0.003060
Iter 290 of 344 Loss: -0.070344, NCC_Loss: -0.073510, Reg: 0.003166
Iter 300 of 344 Loss: -0.075316, NCC_Loss: -0.079091, Reg: 0.003775
Iter 310 of 344 Loss: -0.070617, NCC_Loss: -0.074007, Reg: 0.003390
Iter 320 of 344 Loss: -0.074702, NCC_Loss: -0.077954, Reg: 0.003252
Iter 330 of 344 Loss: -0.071748, NCC_Loss: -0.074917, Reg: 0.003169
Iter 340 of 344 Loss: -0.071235, NCC_Loss: -0.074677, Reg: 0.003442
Epoch 228 Loss: -0.076439
Epoch 228 Validation: Mean EPE: 7.2689, Mean SSIM: 0.1824, Mean ZNCC: -0.0375
Epoch 229 starts
Iter 10 of 344 Loss: -0.079580, NCC_Loss: -0.083168, Reg: 0.003587
Iter 20 of 344 Loss: -0.075934, NCC_Loss: -0.079453, Reg: 0.003519
Iter 30 of 344 Loss: -0.072165, NCC_Loss: -0.074987, Reg: 0.002822
Iter 40 of 344 Loss: -0.077493, NCC_Loss: -0.080947, Reg: 0.003453
Iter 50 of 344 Loss: -0.081711, NCC_Loss: -0.085375, Reg: 0.003663
Iter 60 of 344 Loss: -0.068814, NCC_Loss: -0.072219, Reg: 0.003405
Iter 70 of 344 Loss: -0.073155, NCC_Loss: -0.076507, Reg: 0.003353
Iter 80 of 344 Loss: -0.063298, NCC_Loss: -0.066577, Reg: 0.003279
Iter 90 of 344 Loss: -0.073659, NCC_Loss: -0.076655, Reg: 0.002996
Iter 100 of 344 Loss: -0.069977, NCC_Loss: -0.072944, Reg: 0.002967
Iter 110 of 344 Loss: -0.082409, NCC_Loss: -0.086035, Reg: 0.003626
Iter 120 of 344 Loss: -0.073376, NCC_Loss: -0.076764, Reg: 0.003388
Iter 130 of 344 Loss: -0.080317, NCC_Loss: -0.083116, Reg: 0.002799
Iter 140 of 344 Loss: -0.078480, NCC_Loss: -0.081732, Reg: 0.003252
Iter 150 of 344 Loss: -0.078196, NCC_Loss: -0.081593, Reg: 0.003398
Iter 160 of 344 Loss: -0.076422, NCC_Loss: -0.079965, Reg: 0.003544
Iter 170 of 344 Loss: -0.073486, NCC_Loss: -0.076430, Reg: 0.002944
Iter 180 of 344 Loss: -0.081207, NCC_Loss: -0.084738, Reg: 0.003531
Iter 190 of 344 Loss: -0.075443, NCC_Loss: -0.078912, Reg: 0.003470
Iter 200 of 344 Loss: -0.074127, NCC_Loss: -0.077254, Reg: 0.003127
Iter 210 of 344 Loss: -0.075025, NCC_Loss: -0.078203, Reg: 0.003178
Iter 220 of 344 Loss: -0.076252, NCC_Loss: -0.079419, Reg: 0.003167
Iter 230 of 344 Loss: -0.080846, NCC_Loss: -0.084305, Reg: 0.003459
Iter 240 of 344 Loss: -0.078616, NCC_Loss: -0.081768, Reg: 0.003153
Iter 250 of 344 Loss: -0.079043, NCC_Loss: -0.082741, Reg: 0.003698
Iter 260 of 344 Loss: -0.076118, NCC_Loss: -0.079616, Reg: 0.003498
Iter 270 of 344 Loss: -0.073216, NCC_Loss: -0.076529, Reg: 0.003313
Iter 280 of 344 Loss: -0.076667, NCC_Loss: -0.080004, Reg: 0.003336
Iter 290 of 344 Loss: -0.076536, NCC_Loss: -0.080184, Reg: 0.003648
Iter 300 of 344 Loss: -0.078632, NCC_Loss: -0.081837, Reg: 0.003205
Iter 310 of 344 Loss: -0.073444, NCC_Loss: -0.076721, Reg: 0.003277
Iter 320 of 344 Loss: -0.073376, NCC_Loss: -0.076932, Reg: 0.003556
Iter 330 of 344 Loss: -0.074793, NCC_Loss: -0.077801, Reg: 0.003008
Iter 340 of 344 Loss: -0.078621, NCC_Loss: -0.081904, Reg: 0.003283
Epoch 229 Loss: -0.076473
Epoch 229 Validation: Mean EPE: 7.2690, Mean SSIM: 0.1825, Mean ZNCC: -0.0375
Epoch 230 starts
Iter 10 of 344 Loss: -0.078188, NCC_Loss: -0.081793, Reg: 0.003605
Iter 20 of 344 Loss: -0.080918, NCC_Loss: -0.084270, Reg: 0.003352
Iter 30 of 344 Loss: -0.079632, NCC_Loss: -0.083033, Reg: 0.003401
Iter 40 of 344 Loss: -0.075706, NCC_Loss: -0.079000, Reg: 0.003294
Iter 50 of 344 Loss: -0.081605, NCC_Loss: -0.085050, Reg: 0.003445
Iter 60 of 344 Loss: -0.074488, NCC_Loss: -0.077857, Reg: 0.003370
Iter 70 of 344 Loss: -0.080576, NCC_Loss: -0.084336, Reg: 0.003760
Iter 80 of 344 Loss: -0.078164, NCC_Loss: -0.081941, Reg: 0.003777
Iter 90 of 344 Loss: -0.080340, NCC_Loss: -0.083695, Reg: 0.003355
Iter 100 of 344 Loss: -0.080973, NCC_Loss: -0.084254, Reg: 0.003281
Iter 110 of 344 Loss: -0.074708, NCC_Loss: -0.078025, Reg: 0.003316
Iter 120 of 344 Loss: -0.082843, NCC_Loss: -0.086025, Reg: 0.003183
Iter 130 of 344 Loss: -0.069521, NCC_Loss: -0.072864, Reg: 0.003343
Iter 140 of 344 Loss: -0.075435, NCC_Loss: -0.078854, Reg: 0.003419
Iter 150 of 344 Loss: -0.073153, NCC_Loss: -0.076233, Reg: 0.003081
Iter 160 of 344 Loss: -0.077880, NCC_Loss: -0.081546, Reg: 0.003666
Iter 170 of 344 Loss: -0.073371, NCC_Loss: -0.076622, Reg: 0.003251
Iter 180 of 344 Loss: -0.083284, NCC_Loss: -0.086931, Reg: 0.003648
Iter 190 of 344 Loss: -0.075766, NCC_Loss: -0.078913, Reg: 0.003147
Iter 200 of 344 Loss: -0.074853, NCC_Loss: -0.078135, Reg: 0.003282
Iter 210 of 344 Loss: -0.071825, NCC_Loss: -0.074983, Reg: 0.003158
Iter 220 of 344 Loss: -0.077636, NCC_Loss: -0.081198, Reg: 0.003563
Iter 230 of 344 Loss: -0.088051, NCC_Loss: -0.091466, Reg: 0.003415
Iter 240 of 344 Loss: -0.072332, NCC_Loss: -0.076036, Reg: 0.003703
Iter 250 of 344 Loss: -0.072228, NCC_Loss: -0.075112, Reg: 0.002884
Iter 260 of 344 Loss: -0.074775, NCC_Loss: -0.078372, Reg: 0.003597
Iter 270 of 344 Loss: -0.071158, NCC_Loss: -0.074741, Reg: 0.003583
Iter 280 of 344 Loss: -0.072735, NCC_Loss: -0.076193, Reg: 0.003458
Iter 290 of 344 Loss: -0.075491, NCC_Loss: -0.079183, Reg: 0.003692
Iter 300 of 344 Loss: -0.076433, NCC_Loss: -0.079700, Reg: 0.003267
Iter 310 of 344 Loss: -0.080526, NCC_Loss: -0.083594, Reg: 0.003068
Iter 320 of 344 Loss: -0.080358, NCC_Loss: -0.083501, Reg: 0.003143
Iter 330 of 344 Loss: -0.079616, NCC_Loss: -0.083286, Reg: 0.003671
Iter 340 of 344 Loss: -0.077826, NCC_Loss: -0.080976, Reg: 0.003150
Epoch 230 Loss: -0.076500
Epoch 230 Validation: Mean EPE: 7.2691, Mean SSIM: 0.1825, Mean ZNCC: -0.0375
Epoch 231 starts
Iter 10 of 344 Loss: -0.070629, NCC_Loss: -0.074118, Reg: 0.003489
Iter 20 of 344 Loss: -0.077252, NCC_Loss: -0.080410, Reg: 0.003158
Iter 30 of 344 Loss: -0.072476, NCC_Loss: -0.075761, Reg: 0.003285
Iter 40 of 344 Loss: -0.072897, NCC_Loss: -0.076057, Reg: 0.003160
Iter 50 of 344 Loss: -0.079282, NCC_Loss: -0.082921, Reg: 0.003639
Iter 60 of 344 Loss: -0.078938, NCC_Loss: -0.082362, Reg: 0.003423
Iter 70 of 344 Loss: -0.074184, NCC_Loss: -0.077320, Reg: 0.003136
Iter 80 of 344 Loss: -0.075686, NCC_Loss: -0.078940, Reg: 0.003254
Iter 90 of 344 Loss: -0.077899, NCC_Loss: -0.081339, Reg: 0.003440
Iter 100 of 344 Loss: -0.075191, NCC_Loss: -0.078932, Reg: 0.003741
Iter 110 of 344 Loss: -0.077059, NCC_Loss: -0.080188, Reg: 0.003129
Iter 120 of 344 Loss: -0.076380, NCC_Loss: -0.079722, Reg: 0.003342
Iter 130 of 344 Loss: -0.084258, NCC_Loss: -0.087924, Reg: 0.003666
Iter 140 of 344 Loss: -0.076724, NCC_Loss: -0.079955, Reg: 0.003231
Iter 150 of 344 Loss: -0.079418, NCC_Loss: -0.083164, Reg: 0.003746
Iter 160 of 344 Loss: -0.079065, NCC_Loss: -0.082256, Reg: 0.003191
Iter 170 of 344 Loss: -0.074421, NCC_Loss: -0.077553, Reg: 0.003132
Iter 180 of 344 Loss: -0.077159, NCC_Loss: -0.080582, Reg: 0.003422
Iter 190 of 344 Loss: -0.084928, NCC_Loss: -0.088223, Reg: 0.003295
Iter 200 of 344 Loss: -0.071928, NCC_Loss: -0.074892, Reg: 0.002964
Iter 210 of 344 Loss: -0.078526, NCC_Loss: -0.081621, Reg: 0.003095
Iter 220 of 344 Loss: -0.079069, NCC_Loss: -0.082445, Reg: 0.003376
Iter 230 of 344 Loss: -0.080034, NCC_Loss: -0.083494, Reg: 0.003460
Iter 240 of 344 Loss: -0.073066, NCC_Loss: -0.076261, Reg: 0.003195
Iter 250 of 344 Loss: -0.070411, NCC_Loss: -0.073826, Reg: 0.003414
Iter 260 of 344 Loss: -0.075628, NCC_Loss: -0.079226, Reg: 0.003598
Iter 270 of 344 Loss: -0.075910, NCC_Loss: -0.079376, Reg: 0.003467
Iter 280 of 344 Loss: -0.075267, NCC_Loss: -0.078658, Reg: 0.003391
Iter 290 of 344 Loss: -0.076313, NCC_Loss: -0.079488, Reg: 0.003175
Iter 300 of 344 Loss: -0.075269, NCC_Loss: -0.078537, Reg: 0.003269
Iter 310 of 344 Loss: -0.078353, NCC_Loss: -0.081498, Reg: 0.003145
Iter 320 of 344 Loss: -0.072614, NCC_Loss: -0.076243, Reg: 0.003629
Iter 330 of 344 Loss: -0.079421, NCC_Loss: -0.082685, Reg: 0.003264
Iter 340 of 344 Loss: -0.070225, NCC_Loss: -0.073744, Reg: 0.003519
Epoch 231 Loss: -0.076506
Epoch 231 Validation: Mean EPE: 7.2692, Mean SSIM: 0.1825, Mean ZNCC: -0.0375
Epoch 232 starts
Iter 10 of 344 Loss: -0.074935, NCC_Loss: -0.077957, Reg: 0.003022
Iter 20 of 344 Loss: -0.073889, NCC_Loss: -0.077207, Reg: 0.003318
Iter 30 of 344 Loss: -0.081593, NCC_Loss: -0.084880, Reg: 0.003287
Iter 40 of 344 Loss: -0.077104, NCC_Loss: -0.080295, Reg: 0.003192
Iter 50 of 344 Loss: -0.078520, NCC_Loss: -0.081861, Reg: 0.003341
Iter 60 of 344 Loss: -0.083935, NCC_Loss: -0.087392, Reg: 0.003457
Iter 70 of 344 Loss: -0.075300, NCC_Loss: -0.078342, Reg: 0.003042
Iter 80 of 344 Loss: -0.069231, NCC_Loss: -0.072099, Reg: 0.002868
Iter 90 of 344 Loss: -0.075128, NCC_Loss: -0.078458, Reg: 0.003330
Iter 100 of 344 Loss: -0.075577, NCC_Loss: -0.078972, Reg: 0.003396
Iter 110 of 344 Loss: -0.074571, NCC_Loss: -0.077978, Reg: 0.003407
Iter 120 of 344 Loss: -0.075199, NCC_Loss: -0.078565, Reg: 0.003365
Iter 130 of 344 Loss: -0.068879, NCC_Loss: -0.072408, Reg: 0.003528
Iter 140 of 344 Loss: -0.077022, NCC_Loss: -0.080164, Reg: 0.003141
Iter 150 of 344 Loss: -0.076637, NCC_Loss: -0.079883, Reg: 0.003246
Iter 160 of 344 Loss: -0.072806, NCC_Loss: -0.076055, Reg: 0.003249
Iter 170 of 344 Loss: -0.083129, NCC_Loss: -0.086653, Reg: 0.003524
Iter 180 of 344 Loss: -0.074279, NCC_Loss: -0.077819, Reg: 0.003540
Iter 190 of 344 Loss: -0.076555, NCC_Loss: -0.080172, Reg: 0.003617
Iter 200 of 344 Loss: -0.077153, NCC_Loss: -0.080565, Reg: 0.003412
Iter 210 of 344 Loss: -0.077186, NCC_Loss: -0.080338, Reg: 0.003152
Iter 220 of 344 Loss: -0.076283, NCC_Loss: -0.079919, Reg: 0.003636
Iter 230 of 344 Loss: -0.077665, NCC_Loss: -0.081337, Reg: 0.003672
Iter 240 of 344 Loss: -0.081466, NCC_Loss: -0.084346, Reg: 0.002880
Iter 250 of 344 Loss: -0.078346, NCC_Loss: -0.081943, Reg: 0.003597
Iter 260 of 344 Loss: -0.078936, NCC_Loss: -0.082286, Reg: 0.003350
Iter 270 of 344 Loss: -0.076437, NCC_Loss: -0.079684, Reg: 0.003247
Iter 280 of 344 Loss: -0.078777, NCC_Loss: -0.082044, Reg: 0.003267
Iter 290 of 344 Loss: -0.080557, NCC_Loss: -0.084134, Reg: 0.003578
Iter 300 of 344 Loss: -0.075741, NCC_Loss: -0.078797, Reg: 0.003055
Iter 310 of 344 Loss: -0.072168, NCC_Loss: -0.075345, Reg: 0.003177
Iter 320 of 344 Loss: -0.080075, NCC_Loss: -0.083903, Reg: 0.003828
Iter 330 of 344 Loss: -0.076581, NCC_Loss: -0.079970, Reg: 0.003389
Iter 340 of 344 Loss: -0.075013, NCC_Loss: -0.078676, Reg: 0.003663
Epoch 232 Loss: -0.076521
Epoch 232 Validation: Mean EPE: 7.2693, Mean SSIM: 0.1826, Mean ZNCC: -0.0375
Epoch 233 starts
Iter 10 of 344 Loss: -0.075944, NCC_Loss: -0.079616, Reg: 0.003672
Iter 20 of 344 Loss: -0.072580, NCC_Loss: -0.076017, Reg: 0.003437
Iter 30 of 344 Loss: -0.083405, NCC_Loss: -0.086687, Reg: 0.003283
Iter 40 of 344 Loss: -0.071183, NCC_Loss: -0.074819, Reg: 0.003636
Iter 50 of 344 Loss: -0.076508, NCC_Loss: -0.079834, Reg: 0.003326
Iter 60 of 344 Loss: -0.082535, NCC_Loss: -0.086111, Reg: 0.003576
Iter 70 of 344 Loss: -0.077831, NCC_Loss: -0.081046, Reg: 0.003215
Iter 80 of 344 Loss: -0.072459, NCC_Loss: -0.075806, Reg: 0.003347
Iter 90 of 344 Loss: -0.082185, NCC_Loss: -0.085248, Reg: 0.003063
Iter 100 of 344 Loss: -0.082167, NCC_Loss: -0.085342, Reg: 0.003175
Iter 110 of 344 Loss: -0.079287, NCC_Loss: -0.082808, Reg: 0.003521
Iter 120 of 344 Loss: -0.075071, NCC_Loss: -0.078449, Reg: 0.003378
Iter 130 of 344 Loss: -0.080244, NCC_Loss: -0.083422, Reg: 0.003178
Iter 140 of 344 Loss: -0.089339, NCC_Loss: -0.092518, Reg: 0.003178
Iter 150 of 344 Loss: -0.071303, NCC_Loss: -0.074462, Reg: 0.003160
Iter 160 of 344 Loss: -0.075603, NCC_Loss: -0.078991, Reg: 0.003387
Iter 170 of 344 Loss: -0.076971, NCC_Loss: -0.080276, Reg: 0.003305
Iter 180 of 344 Loss: -0.081558, NCC_Loss: -0.084589, Reg: 0.003031
Iter 190 of 344 Loss: -0.081207, NCC_Loss: -0.084228, Reg: 0.003021
Iter 200 of 344 Loss: -0.080338, NCC_Loss: -0.083787, Reg: 0.003450
Iter 210 of 344 Loss: -0.083651, NCC_Loss: -0.086996, Reg: 0.003345
Iter 220 of 344 Loss: -0.076696, NCC_Loss: -0.080349, Reg: 0.003653
Iter 230 of 344 Loss: -0.080686, NCC_Loss: -0.084018, Reg: 0.003333
Iter 240 of 344 Loss: -0.085679, NCC_Loss: -0.089846, Reg: 0.004167
Iter 250 of 344 Loss: -0.074506, NCC_Loss: -0.077702, Reg: 0.003195
Iter 260 of 344 Loss: -0.074829, NCC_Loss: -0.078595, Reg: 0.003767
Iter 270 of 344 Loss: -0.070749, NCC_Loss: -0.074127, Reg: 0.003378
Iter 280 of 344 Loss: -0.073599, NCC_Loss: -0.076747, Reg: 0.003147
Iter 290 of 344 Loss: -0.082131, NCC_Loss: -0.085846, Reg: 0.003715
Iter 300 of 344 Loss: -0.080923, NCC_Loss: -0.084238, Reg: 0.003315
Iter 310 of 344 Loss: -0.082242, NCC_Loss: -0.085392, Reg: 0.003150
Iter 320 of 344 Loss: -0.078945, NCC_Loss: -0.082514, Reg: 0.003569
Iter 330 of 344 Loss: -0.070726, NCC_Loss: -0.074189, Reg: 0.003464
Iter 340 of 344 Loss: -0.073684, NCC_Loss: -0.077272, Reg: 0.003589
Epoch 233 Loss: -0.076553
Epoch 233 Validation: Mean EPE: 7.2693, Mean SSIM: 0.1826, Mean ZNCC: -0.0375
Epoch 234 starts
Iter 10 of 344 Loss: -0.077764, NCC_Loss: -0.081384, Reg: 0.003620
Iter 20 of 344 Loss: -0.074208, NCC_Loss: -0.077712, Reg: 0.003504
Iter 30 of 344 Loss: -0.072687, NCC_Loss: -0.076235, Reg: 0.003547
Iter 40 of 344 Loss: -0.075750, NCC_Loss: -0.079061, Reg: 0.003311
Iter 50 of 344 Loss: -0.071358, NCC_Loss: -0.075023, Reg: 0.003665
Iter 60 of 344 Loss: -0.075695, NCC_Loss: -0.079157, Reg: 0.003462
Iter 70 of 344 Loss: -0.076911, NCC_Loss: -0.080135, Reg: 0.003224
Iter 80 of 344 Loss: -0.083408, NCC_Loss: -0.087092, Reg: 0.003684
Iter 90 of 344 Loss: -0.078755, NCC_Loss: -0.082238, Reg: 0.003484
Iter 100 of 344 Loss: -0.076157, NCC_Loss: -0.079444, Reg: 0.003287
Iter 110 of 344 Loss: -0.080356, NCC_Loss: -0.083645, Reg: 0.003289
Iter 120 of 344 Loss: -0.072369, NCC_Loss: -0.075410, Reg: 0.003041
Iter 130 of 344 Loss: -0.076830, NCC_Loss: -0.080478, Reg: 0.003648
Iter 140 of 344 Loss: -0.073105, NCC_Loss: -0.076442, Reg: 0.003336
Iter 150 of 344 Loss: -0.076649, NCC_Loss: -0.080222, Reg: 0.003572
Iter 160 of 344 Loss: -0.073945, NCC_Loss: -0.077114, Reg: 0.003169
Iter 170 of 344 Loss: -0.073373, NCC_Loss: -0.076851, Reg: 0.003478
Iter 180 of 344 Loss: -0.082054, NCC_Loss: -0.085320, Reg: 0.003266
Iter 190 of 344 Loss: -0.073258, NCC_Loss: -0.076830, Reg: 0.003572
Iter 200 of 344 Loss: -0.071763, NCC_Loss: -0.075247, Reg: 0.003485
Iter 210 of 344 Loss: -0.074604, NCC_Loss: -0.078111, Reg: 0.003507
Iter 220 of 344 Loss: -0.075590, NCC_Loss: -0.078915, Reg: 0.003325
Iter 230 of 344 Loss: -0.077884, NCC_Loss: -0.081193, Reg: 0.003309
Iter 240 of 344 Loss: -0.074627, NCC_Loss: -0.078338, Reg: 0.003711
Iter 250 of 344 Loss: -0.080107, NCC_Loss: -0.083600, Reg: 0.003493
Iter 260 of 344 Loss: -0.079017, NCC_Loss: -0.082694, Reg: 0.003677
Iter 270 of 344 Loss: -0.077664, NCC_Loss: -0.081314, Reg: 0.003650
Iter 280 of 344 Loss: -0.078702, NCC_Loss: -0.082135, Reg: 0.003434
Iter 290 of 344 Loss: -0.078685, NCC_Loss: -0.081687, Reg: 0.003001
Iter 300 of 344 Loss: -0.076460, NCC_Loss: -0.079868, Reg: 0.003409
Iter 310 of 344 Loss: -0.068492, NCC_Loss: -0.071687, Reg: 0.003196
Iter 320 of 344 Loss: -0.078428, NCC_Loss: -0.082118, Reg: 0.003691
Iter 330 of 344 Loss: -0.081396, NCC_Loss: -0.084703, Reg: 0.003307
Iter 340 of 344 Loss: -0.070106, NCC_Loss: -0.073228, Reg: 0.003122
Epoch 234 Loss: -0.076581
Epoch 234 Validation: Mean EPE: 7.2694, Mean SSIM: 0.1827, Mean ZNCC: -0.0375
Epoch 235 starts
Iter 10 of 344 Loss: -0.070313, NCC_Loss: -0.073769, Reg: 0.003455
Iter 20 of 344 Loss: -0.072819, NCC_Loss: -0.076742, Reg: 0.003923
Iter 30 of 344 Loss: -0.072375, NCC_Loss: -0.075579, Reg: 0.003204
Iter 40 of 344 Loss: -0.076305, NCC_Loss: -0.079488, Reg: 0.003183
Iter 50 of 344 Loss: -0.069375, NCC_Loss: -0.073061, Reg: 0.003686
Iter 60 of 344 Loss: -0.080930, NCC_Loss: -0.084322, Reg: 0.003392
Iter 70 of 344 Loss: -0.077694, NCC_Loss: -0.081121, Reg: 0.003427
Iter 80 of 344 Loss: -0.075074, NCC_Loss: -0.078107, Reg: 0.003033
Iter 90 of 344 Loss: -0.079074, NCC_Loss: -0.082269, Reg: 0.003195
Iter 100 of 344 Loss: -0.082001, NCC_Loss: -0.085246, Reg: 0.003245
Iter 110 of 344 Loss: -0.069237, NCC_Loss: -0.072294, Reg: 0.003057
Iter 120 of 344 Loss: -0.079904, NCC_Loss: -0.083147, Reg: 0.003243
Iter 130 of 344 Loss: -0.079364, NCC_Loss: -0.082788, Reg: 0.003424
Iter 140 of 344 Loss: -0.079164, NCC_Loss: -0.082301, Reg: 0.003137
Iter 150 of 344 Loss: -0.075090, NCC_Loss: -0.078530, Reg: 0.003440
Iter 160 of 344 Loss: -0.079049, NCC_Loss: -0.082244, Reg: 0.003195
Iter 170 of 344 Loss: -0.069350, NCC_Loss: -0.072516, Reg: 0.003166
Iter 180 of 344 Loss: -0.079673, NCC_Loss: -0.083013, Reg: 0.003340
Iter 190 of 344 Loss: -0.078467, NCC_Loss: -0.081721, Reg: 0.003253
Iter 200 of 344 Loss: -0.076701, NCC_Loss: -0.079903, Reg: 0.003202
Iter 210 of 344 Loss: -0.066252, NCC_Loss: -0.069586, Reg: 0.003334
Iter 220 of 344 Loss: -0.079504, NCC_Loss: -0.082942, Reg: 0.003438
Iter 230 of 344 Loss: -0.077915, NCC_Loss: -0.081545, Reg: 0.003630
Iter 240 of 344 Loss: -0.080505, NCC_Loss: -0.083801, Reg: 0.003296
Iter 250 of 344 Loss: -0.073525, NCC_Loss: -0.076759, Reg: 0.003235
Iter 260 of 344 Loss: -0.076852, NCC_Loss: -0.079915, Reg: 0.003063
Iter 270 of 344 Loss: -0.071571, NCC_Loss: -0.075348, Reg: 0.003777
Iter 280 of 344 Loss: -0.066928, NCC_Loss: -0.070347, Reg: 0.003420
Iter 290 of 344 Loss: -0.072377, NCC_Loss: -0.075719, Reg: 0.003341
Iter 300 of 344 Loss: -0.078445, NCC_Loss: -0.082004, Reg: 0.003559
Iter 310 of 344 Loss: -0.078618, NCC_Loss: -0.082013, Reg: 0.003395
Iter 320 of 344 Loss: -0.081915, NCC_Loss: -0.085436, Reg: 0.003521
Iter 330 of 344 Loss: -0.079061, NCC_Loss: -0.082389, Reg: 0.003328
Iter 340 of 344 Loss: -0.077234, NCC_Loss: -0.080827, Reg: 0.003593
Epoch 235 Loss: -0.076611
Epoch 235 Validation: Mean EPE: 7.2694, Mean SSIM: 0.1827, Mean ZNCC: -0.0375
Epoch 236 starts
Iter 10 of 344 Loss: -0.077298, NCC_Loss: -0.080533, Reg: 0.003236
Iter 20 of 344 Loss: -0.075038, NCC_Loss: -0.078429, Reg: 0.003390
Iter 30 of 344 Loss: -0.071138, NCC_Loss: -0.074484, Reg: 0.003346
Iter 40 of 344 Loss: -0.074700, NCC_Loss: -0.078170, Reg: 0.003470
Iter 50 of 344 Loss: -0.079179, NCC_Loss: -0.082761, Reg: 0.003582
Iter 60 of 344 Loss: -0.083375, NCC_Loss: -0.086579, Reg: 0.003204
Iter 70 of 344 Loss: -0.074065, NCC_Loss: -0.077496, Reg: 0.003431
Iter 80 of 344 Loss: -0.078607, NCC_Loss: -0.081916, Reg: 0.003309
Iter 90 of 344 Loss: -0.076579, NCC_Loss: -0.080108, Reg: 0.003528
Iter 100 of 344 Loss: -0.074107, NCC_Loss: -0.077351, Reg: 0.003244
Iter 110 of 344 Loss: -0.081925, NCC_Loss: -0.085566, Reg: 0.003641
Iter 120 of 344 Loss: -0.084345, NCC_Loss: -0.087642, Reg: 0.003296
Iter 130 of 344 Loss: -0.077897, NCC_Loss: -0.081224, Reg: 0.003328
Iter 140 of 344 Loss: -0.074514, NCC_Loss: -0.077928, Reg: 0.003414
Iter 150 of 344 Loss: -0.078717, NCC_Loss: -0.082632, Reg: 0.003915
Iter 160 of 344 Loss: -0.071512, NCC_Loss: -0.075041, Reg: 0.003530
Iter 170 of 344 Loss: -0.081578, NCC_Loss: -0.085089, Reg: 0.003511
Iter 180 of 344 Loss: -0.074553, NCC_Loss: -0.077697, Reg: 0.003144
Iter 190 of 344 Loss: -0.079583, NCC_Loss: -0.082549, Reg: 0.002966
Iter 200 of 344 Loss: -0.070231, NCC_Loss: -0.073323, Reg: 0.003091
Iter 210 of 344 Loss: -0.080515, NCC_Loss: -0.083511, Reg: 0.002996
Iter 220 of 344 Loss: -0.071897, NCC_Loss: -0.075795, Reg: 0.003898
Iter 230 of 344 Loss: -0.082175, NCC_Loss: -0.085000, Reg: 0.002825
Iter 240 of 344 Loss: -0.075914, NCC_Loss: -0.079390, Reg: 0.003476
Iter 250 of 344 Loss: -0.086119, NCC_Loss: -0.089346, Reg: 0.003228
Iter 260 of 344 Loss: -0.076192, NCC_Loss: -0.079339, Reg: 0.003147
Iter 270 of 344 Loss: -0.073454, NCC_Loss: -0.076449, Reg: 0.002995
Iter 280 of 344 Loss: -0.082642, NCC_Loss: -0.085847, Reg: 0.003204
Iter 290 of 344 Loss: -0.074053, NCC_Loss: -0.077448, Reg: 0.003395
Iter 300 of 344 Loss: -0.078677, NCC_Loss: -0.081745, Reg: 0.003068
Iter 310 of 344 Loss: -0.078316, NCC_Loss: -0.081499, Reg: 0.003183
Iter 320 of 344 Loss: -0.079294, NCC_Loss: -0.082516, Reg: 0.003223
Iter 330 of 344 Loss: -0.079196, NCC_Loss: -0.082372, Reg: 0.003176
Iter 340 of 344 Loss: -0.076910, NCC_Loss: -0.080484, Reg: 0.003575
Epoch 236 Loss: -0.076641
Epoch 236 Validation: Mean EPE: 7.2695, Mean SSIM: 0.1828, Mean ZNCC: -0.0375
Epoch 237 starts
Iter 10 of 344 Loss: -0.075946, NCC_Loss: -0.079135, Reg: 0.003189
Iter 20 of 344 Loss: -0.078520, NCC_Loss: -0.081433, Reg: 0.002913
Iter 30 of 344 Loss: -0.076751, NCC_Loss: -0.080255, Reg: 0.003504
Iter 40 of 344 Loss: -0.077222, NCC_Loss: -0.080158, Reg: 0.002936
Iter 50 of 344 Loss: -0.078142, NCC_Loss: -0.081594, Reg: 0.003452
Iter 60 of 344 Loss: -0.072407, NCC_Loss: -0.075347, Reg: 0.002940
Iter 70 of 344 Loss: -0.075656, NCC_Loss: -0.078984, Reg: 0.003328
Iter 80 of 344 Loss: -0.074651, NCC_Loss: -0.077708, Reg: 0.003057
Iter 90 of 344 Loss: -0.067211, NCC_Loss: -0.070471, Reg: 0.003261
Iter 100 of 344 Loss: -0.074527, NCC_Loss: -0.077939, Reg: 0.003412
Iter 110 of 344 Loss: -0.068953, NCC_Loss: -0.072512, Reg: 0.003559
Iter 120 of 344 Loss: -0.081077, NCC_Loss: -0.084540, Reg: 0.003463
Iter 130 of 344 Loss: -0.073955, NCC_Loss: -0.077331, Reg: 0.003376
Iter 140 of 344 Loss: -0.076363, NCC_Loss: -0.079768, Reg: 0.003405
Iter 150 of 344 Loss: -0.071529, NCC_Loss: -0.074821, Reg: 0.003292
Iter 160 of 344 Loss: -0.078727, NCC_Loss: -0.082163, Reg: 0.003436
Iter 170 of 344 Loss: -0.078713, NCC_Loss: -0.081912, Reg: 0.003199
Iter 180 of 344 Loss: -0.071308, NCC_Loss: -0.074923, Reg: 0.003615
Iter 190 of 344 Loss: -0.075908, NCC_Loss: -0.078843, Reg: 0.002935
Iter 200 of 344 Loss: -0.074797, NCC_Loss: -0.078380, Reg: 0.003583
Iter 210 of 344 Loss: -0.077226, NCC_Loss: -0.080652, Reg: 0.003426
Iter 220 of 344 Loss: -0.074496, NCC_Loss: -0.077970, Reg: 0.003475
Iter 230 of 344 Loss: -0.077414, NCC_Loss: -0.080864, Reg: 0.003449
Iter 240 of 344 Loss: -0.074878, NCC_Loss: -0.077683, Reg: 0.002805
Iter 250 of 344 Loss: -0.072437, NCC_Loss: -0.075381, Reg: 0.002943
Iter 260 of 344 Loss: -0.077809, NCC_Loss: -0.081075, Reg: 0.003266
Iter 270 of 344 Loss: -0.083897, NCC_Loss: -0.087134, Reg: 0.003237
Iter 280 of 344 Loss: -0.079300, NCC_Loss: -0.082744, Reg: 0.003444
Iter 290 of 344 Loss: -0.076134, NCC_Loss: -0.079694, Reg: 0.003560
Iter 300 of 344 Loss: -0.083958, NCC_Loss: -0.086996, Reg: 0.003039
Iter 310 of 344 Loss: -0.076717, NCC_Loss: -0.079820, Reg: 0.003103
Iter 320 of 344 Loss: -0.079730, NCC_Loss: -0.083160, Reg: 0.003430
Iter 330 of 344 Loss: -0.074561, NCC_Loss: -0.078076, Reg: 0.003515
Iter 340 of 344 Loss: -0.078057, NCC_Loss: -0.081377, Reg: 0.003319
Epoch 237 Loss: -0.076670
Epoch 237 Validation: Mean EPE: 7.2696, Mean SSIM: 0.1828, Mean ZNCC: -0.0375
Epoch 238 starts
Iter 10 of 344 Loss: -0.083561, NCC_Loss: -0.087216, Reg: 0.003655
Iter 20 of 344 Loss: -0.072577, NCC_Loss: -0.076174, Reg: 0.003597
Iter 30 of 344 Loss: -0.076002, NCC_Loss: -0.079450, Reg: 0.003447
Iter 40 of 344 Loss: -0.086789, NCC_Loss: -0.090072, Reg: 0.003283
Iter 50 of 344 Loss: -0.074833, NCC_Loss: -0.078203, Reg: 0.003370
Iter 60 of 344 Loss: -0.068270, NCC_Loss: -0.071080, Reg: 0.002809
Iter 70 of 344 Loss: -0.068931, NCC_Loss: -0.072156, Reg: 0.003225
Iter 80 of 344 Loss: -0.070559, NCC_Loss: -0.074201, Reg: 0.003642
Iter 90 of 344 Loss: -0.077903, NCC_Loss: -0.080821, Reg: 0.002918
Iter 100 of 344 Loss: -0.071594, NCC_Loss: -0.074710, Reg: 0.003116
Iter 110 of 344 Loss: -0.075370, NCC_Loss: -0.078607, Reg: 0.003236
Iter 120 of 344 Loss: -0.069596, NCC_Loss: -0.072779, Reg: 0.003183
Iter 130 of 344 Loss: -0.075494, NCC_Loss: -0.078504, Reg: 0.003010
Iter 140 of 344 Loss: -0.075738, NCC_Loss: -0.078918, Reg: 0.003181
Iter 150 of 344 Loss: -0.073745, NCC_Loss: -0.076876, Reg: 0.003130
Iter 160 of 344 Loss: -0.076206, NCC_Loss: -0.079439, Reg: 0.003233
Iter 170 of 344 Loss: -0.079568, NCC_Loss: -0.083133, Reg: 0.003566
Iter 180 of 344 Loss: -0.073442, NCC_Loss: -0.076711, Reg: 0.003269
Iter 190 of 344 Loss: -0.074593, NCC_Loss: -0.078034, Reg: 0.003441
Iter 200 of 344 Loss: -0.078651, NCC_Loss: -0.082314, Reg: 0.003663
Iter 210 of 344 Loss: -0.080342, NCC_Loss: -0.083900, Reg: 0.003559
Iter 220 of 344 Loss: -0.076182, NCC_Loss: -0.079424, Reg: 0.003242
Iter 230 of 344 Loss: -0.074796, NCC_Loss: -0.078026, Reg: 0.003231
Iter 240 of 344 Loss: -0.080575, NCC_Loss: -0.083790, Reg: 0.003215
Iter 250 of 344 Loss: -0.082246, NCC_Loss: -0.085714, Reg: 0.003468
Iter 260 of 344 Loss: -0.075061, NCC_Loss: -0.078321, Reg: 0.003260
Iter 270 of 344 Loss: -0.081610, NCC_Loss: -0.084696, Reg: 0.003086
Iter 280 of 344 Loss: -0.078196, NCC_Loss: -0.081249, Reg: 0.003053
Iter 290 of 344 Loss: -0.075621, NCC_Loss: -0.078411, Reg: 0.002790
Iter 300 of 344 Loss: -0.073557, NCC_Loss: -0.077116, Reg: 0.003558
Iter 310 of 344 Loss: -0.070510, NCC_Loss: -0.073424, Reg: 0.002914
Iter 320 of 344 Loss: -0.076714, NCC_Loss: -0.080051, Reg: 0.003338
Iter 330 of 344 Loss: -0.081886, NCC_Loss: -0.085360, Reg: 0.003474
Iter 340 of 344 Loss: -0.073915, NCC_Loss: -0.077582, Reg: 0.003667
Epoch 238 Loss: -0.076701
Epoch 238 Validation: Mean EPE: 7.2696, Mean SSIM: 0.1829, Mean ZNCC: -0.0375
Epoch 239 starts
Iter 10 of 344 Loss: -0.074006, NCC_Loss: -0.077184, Reg: 0.003178
Iter 20 of 344 Loss: -0.075770, NCC_Loss: -0.079061, Reg: 0.003291
Iter 30 of 344 Loss: -0.079271, NCC_Loss: -0.082429, Reg: 0.003158
Iter 40 of 344 Loss: -0.079968, NCC_Loss: -0.083351, Reg: 0.003383
Iter 50 of 344 Loss: -0.076359, NCC_Loss: -0.079758, Reg: 0.003399
Iter 60 of 344 Loss: -0.073867, NCC_Loss: -0.077146, Reg: 0.003279
Iter 70 of 344 Loss: -0.079090, NCC_Loss: -0.082286, Reg: 0.003196
Iter 80 of 344 Loss: -0.076245, NCC_Loss: -0.079317, Reg: 0.003072
Iter 90 of 344 Loss: -0.069561, NCC_Loss: -0.073234, Reg: 0.003673
Iter 100 of 344 Loss: -0.074529, NCC_Loss: -0.077691, Reg: 0.003162
Iter 110 of 344 Loss: -0.077269, NCC_Loss: -0.080754, Reg: 0.003485
Iter 120 of 344 Loss: -0.070982, NCC_Loss: -0.074753, Reg: 0.003771
Iter 130 of 344 Loss: -0.078208, NCC_Loss: -0.081451, Reg: 0.003243
Iter 140 of 344 Loss: -0.069163, NCC_Loss: -0.072163, Reg: 0.003000
Iter 150 of 344 Loss: -0.074516, NCC_Loss: -0.078121, Reg: 0.003605
Iter 160 of 344 Loss: -0.069856, NCC_Loss: -0.072658, Reg: 0.002802
Iter 170 of 344 Loss: -0.068892, NCC_Loss: -0.071795, Reg: 0.002903
Iter 180 of 344 Loss: -0.075616, NCC_Loss: -0.078681, Reg: 0.003065
Iter 190 of 344 Loss: -0.080955, NCC_Loss: -0.084567, Reg: 0.003612
Iter 200 of 344 Loss: -0.075404, NCC_Loss: -0.078654, Reg: 0.003250
Iter 210 of 344 Loss: -0.075673, NCC_Loss: -0.078819, Reg: 0.003146
Iter 220 of 344 Loss: -0.081006, NCC_Loss: -0.084323, Reg: 0.003317
Iter 230 of 344 Loss: -0.072136, NCC_Loss: -0.075433, Reg: 0.003297
Iter 240 of 344 Loss: -0.078872, NCC_Loss: -0.081969, Reg: 0.003096
Iter 250 of 344 Loss: -0.076224, NCC_Loss: -0.079602, Reg: 0.003378
Iter 260 of 344 Loss: -0.077526, NCC_Loss: -0.080776, Reg: 0.003250
Iter 270 of 344 Loss: -0.073144, NCC_Loss: -0.076245, Reg: 0.003101
Iter 280 of 344 Loss: -0.088435, NCC_Loss: -0.092019, Reg: 0.003584
Iter 290 of 344 Loss: -0.079636, NCC_Loss: -0.083019, Reg: 0.003383
Iter 300 of 344 Loss: -0.069918, NCC_Loss: -0.073496, Reg: 0.003578
Iter 310 of 344 Loss: -0.082415, NCC_Loss: -0.085534, Reg: 0.003119
Iter 320 of 344 Loss: -0.079368, NCC_Loss: -0.082706, Reg: 0.003338
Iter 330 of 344 Loss: -0.077170, NCC_Loss: -0.080141, Reg: 0.002971
Iter 340 of 344 Loss: -0.076415, NCC_Loss: -0.079374, Reg: 0.002959
Epoch 239 Loss: -0.076731
Epoch 239 Validation: Mean EPE: 7.2697, Mean SSIM: 0.1829, Mean ZNCC: -0.0375
Epoch 240 starts
Iter 10 of 344 Loss: -0.080080, NCC_Loss: -0.083067, Reg: 0.002987
Iter 20 of 344 Loss: -0.072671, NCC_Loss: -0.076080, Reg: 0.003410
Iter 30 of 344 Loss: -0.074969, NCC_Loss: -0.077896, Reg: 0.002927
Iter 40 of 344 Loss: -0.080170, NCC_Loss: -0.083429, Reg: 0.003259
Iter 50 of 344 Loss: -0.081527, NCC_Loss: -0.084859, Reg: 0.003331
Iter 60 of 344 Loss: -0.072814, NCC_Loss: -0.076156, Reg: 0.003342
Iter 70 of 344 Loss: -0.069787, NCC_Loss: -0.072870, Reg: 0.003083
Iter 80 of 344 Loss: -0.077322, NCC_Loss: -0.080547, Reg: 0.003225
Iter 90 of 344 Loss: -0.077507, NCC_Loss: -0.080969, Reg: 0.003462
Iter 100 of 344 Loss: -0.076187, NCC_Loss: -0.079881, Reg: 0.003694
Iter 110 of 344 Loss: -0.074223, NCC_Loss: -0.077777, Reg: 0.003554
Iter 120 of 344 Loss: -0.075847, NCC_Loss: -0.079313, Reg: 0.003466
Iter 130 of 344 Loss: -0.079810, NCC_Loss: -0.083101, Reg: 0.003291
Iter 140 of 344 Loss: -0.077624, NCC_Loss: -0.081114, Reg: 0.003490
Iter 150 of 344 Loss: -0.074599, NCC_Loss: -0.077838, Reg: 0.003239
Iter 160 of 344 Loss: -0.076301, NCC_Loss: -0.079325, Reg: 0.003025
Iter 170 of 344 Loss: -0.079546, NCC_Loss: -0.083141, Reg: 0.003595
Iter 180 of 344 Loss: -0.075702, NCC_Loss: -0.079337, Reg: 0.003635
Iter 190 of 344 Loss: -0.079285, NCC_Loss: -0.082237, Reg: 0.002952
Iter 200 of 344 Loss: -0.083020, NCC_Loss: -0.086547, Reg: 0.003527
Iter 210 of 344 Loss: -0.078959, NCC_Loss: -0.082937, Reg: 0.003979
Iter 220 of 344 Loss: -0.071139, NCC_Loss: -0.074611, Reg: 0.003472
Iter 230 of 344 Loss: -0.073602, NCC_Loss: -0.076655, Reg: 0.003053
Iter 240 of 344 Loss: -0.075397, NCC_Loss: -0.078729, Reg: 0.003331
Iter 250 of 344 Loss: -0.078435, NCC_Loss: -0.081468, Reg: 0.003033
Iter 260 of 344 Loss: -0.079437, NCC_Loss: -0.083166, Reg: 0.003728
Iter 270 of 344 Loss: -0.084656, NCC_Loss: -0.087722, Reg: 0.003066
Iter 280 of 344 Loss: -0.070809, NCC_Loss: -0.073868, Reg: 0.003059
Iter 290 of 344 Loss: -0.078380, NCC_Loss: -0.081856, Reg: 0.003476
Iter 300 of 344 Loss: -0.076852, NCC_Loss: -0.079905, Reg: 0.003053
Iter 310 of 344 Loss: -0.075992, NCC_Loss: -0.079529, Reg: 0.003537
Iter 320 of 344 Loss: -0.076137, NCC_Loss: -0.079476, Reg: 0.003340
Iter 330 of 344 Loss: -0.075236, NCC_Loss: -0.078814, Reg: 0.003578
Iter 340 of 344 Loss: -0.076913, NCC_Loss: -0.080314, Reg: 0.003401
Epoch 240 Loss: -0.076762
Epoch 240 Validation: Mean EPE: 7.2697, Mean SSIM: 0.1830, Mean ZNCC: -0.0375
Epoch 241 starts
Iter 10 of 344 Loss: -0.085992, NCC_Loss: -0.089329, Reg: 0.003336
Iter 20 of 344 Loss: -0.082072, NCC_Loss: -0.085460, Reg: 0.003388
Iter 30 of 344 Loss: -0.082310, NCC_Loss: -0.085882, Reg: 0.003572
Iter 40 of 344 Loss: -0.081585, NCC_Loss: -0.084675, Reg: 0.003089
Iter 50 of 344 Loss: -0.078136, NCC_Loss: -0.080892, Reg: 0.002756
Iter 60 of 344 Loss: -0.071287, NCC_Loss: -0.074639, Reg: 0.003352
Iter 70 of 344 Loss: -0.079197, NCC_Loss: -0.082604, Reg: 0.003407
Iter 80 of 344 Loss: -0.073184, NCC_Loss: -0.076407, Reg: 0.003223
Iter 90 of 344 Loss: -0.076974, NCC_Loss: -0.080638, Reg: 0.003663
Iter 100 of 344 Loss: -0.081052, NCC_Loss: -0.084038, Reg: 0.002986
Iter 110 of 344 Loss: -0.082654, NCC_Loss: -0.086295, Reg: 0.003641
Iter 120 of 344 Loss: -0.075096, NCC_Loss: -0.078044, Reg: 0.002948
Iter 130 of 344 Loss: -0.075776, NCC_Loss: -0.078763, Reg: 0.002987
Iter 140 of 344 Loss: -0.077617, NCC_Loss: -0.080824, Reg: 0.003207
Iter 150 of 344 Loss: -0.075533, NCC_Loss: -0.078922, Reg: 0.003390
Iter 160 of 344 Loss: -0.078474, NCC_Loss: -0.081916, Reg: 0.003442
Iter 170 of 344 Loss: -0.070270, NCC_Loss: -0.073454, Reg: 0.003184
Iter 180 of 344 Loss: -0.081310, NCC_Loss: -0.084636, Reg: 0.003326
Iter 190 of 344 Loss: -0.076163, NCC_Loss: -0.079320, Reg: 0.003157
Iter 200 of 344 Loss: -0.072418, NCC_Loss: -0.075601, Reg: 0.003183
Iter 210 of 344 Loss: -0.077166, NCC_Loss: -0.080151, Reg: 0.002985
Iter 220 of 344 Loss: -0.074350, NCC_Loss: -0.077719, Reg: 0.003370
Iter 230 of 344 Loss: -0.071794, NCC_Loss: -0.074965, Reg: 0.003171
Iter 240 of 344 Loss: -0.085798, NCC_Loss: -0.088643, Reg: 0.002845
Iter 250 of 344 Loss: -0.068963, NCC_Loss: -0.072263, Reg: 0.003300
Iter 260 of 344 Loss: -0.076562, NCC_Loss: -0.079750, Reg: 0.003188
Iter 270 of 344 Loss: -0.077952, NCC_Loss: -0.081300, Reg: 0.003348
Iter 280 of 344 Loss: -0.079153, NCC_Loss: -0.082473, Reg: 0.003320
Iter 290 of 344 Loss: -0.082824, NCC_Loss: -0.086292, Reg: 0.003468
Iter 300 of 344 Loss: -0.071407, NCC_Loss: -0.074848, Reg: 0.003441
Iter 310 of 344 Loss: -0.071449, NCC_Loss: -0.074850, Reg: 0.003401
Iter 320 of 344 Loss: -0.076597, NCC_Loss: -0.079821, Reg: 0.003224
Iter 330 of 344 Loss: -0.075060, NCC_Loss: -0.078674, Reg: 0.003614
Iter 340 of 344 Loss: -0.076531, NCC_Loss: -0.079916, Reg: 0.003385
Epoch 241 Loss: -0.076792
Epoch 241 Validation: Mean EPE: 7.2698, Mean SSIM: 0.1830, Mean ZNCC: -0.0375
Epoch 242 starts
Iter 10 of 344 Loss: -0.079743, NCC_Loss: -0.083320, Reg: 0.003577
Iter 20 of 344 Loss: -0.068955, NCC_Loss: -0.072137, Reg: 0.003183
Iter 30 of 344 Loss: -0.080048, NCC_Loss: -0.083635, Reg: 0.003587
Iter 40 of 344 Loss: -0.078982, NCC_Loss: -0.081988, Reg: 0.003006
Iter 50 of 344 Loss: -0.074696, NCC_Loss: -0.077774, Reg: 0.003078
Iter 60 of 344 Loss: -0.079185, NCC_Loss: -0.082566, Reg: 0.003380
Iter 70 of 344 Loss: -0.075867, NCC_Loss: -0.078948, Reg: 0.003080
Iter 80 of 344 Loss: -0.072055, NCC_Loss: -0.075141, Reg: 0.003085
Iter 90 of 344 Loss: -0.074596, NCC_Loss: -0.078182, Reg: 0.003586
Iter 100 of 344 Loss: -0.081134, NCC_Loss: -0.084564, Reg: 0.003430
Iter 110 of 344 Loss: -0.073789, NCC_Loss: -0.076989, Reg: 0.003201
Iter 120 of 344 Loss: -0.081388, NCC_Loss: -0.085157, Reg: 0.003769
Iter 130 of 344 Loss: -0.078307, NCC_Loss: -0.081169, Reg: 0.002862
Iter 140 of 344 Loss: -0.072578, NCC_Loss: -0.075676, Reg: 0.003098
Iter 150 of 344 Loss: -0.076972, NCC_Loss: -0.080359, Reg: 0.003388
Iter 160 of 344 Loss: -0.076107, NCC_Loss: -0.080009, Reg: 0.003903
Iter 170 of 344 Loss: -0.073773, NCC_Loss: -0.077024, Reg: 0.003252
Iter 180 of 344 Loss: -0.079351, NCC_Loss: -0.082366, Reg: 0.003015
Iter 190 of 344 Loss: -0.084590, NCC_Loss: -0.087805, Reg: 0.003215
Iter 200 of 344 Loss: -0.075575, NCC_Loss: -0.078985, Reg: 0.003410
Iter 210 of 344 Loss: -0.079347, NCC_Loss: -0.082341, Reg: 0.002994
Iter 220 of 344 Loss: -0.075810, NCC_Loss: -0.079210, Reg: 0.003400
Iter 230 of 344 Loss: -0.076616, NCC_Loss: -0.079527, Reg: 0.002911
Iter 240 of 344 Loss: -0.076923, NCC_Loss: -0.080231, Reg: 0.003308
Iter 250 of 344 Loss: -0.077780, NCC_Loss: -0.080954, Reg: 0.003174
Iter 260 of 344 Loss: -0.078429, NCC_Loss: -0.081668, Reg: 0.003239
Iter 270 of 344 Loss: -0.076386, NCC_Loss: -0.079600, Reg: 0.003214
Iter 280 of 344 Loss: -0.077617, NCC_Loss: -0.080732, Reg: 0.003115
Iter 290 of 344 Loss: -0.076157, NCC_Loss: -0.079809, Reg: 0.003652
Iter 300 of 344 Loss: -0.073031, NCC_Loss: -0.075919, Reg: 0.002888
Iter 310 of 344 Loss: -0.081819, NCC_Loss: -0.085041, Reg: 0.003222
Iter 320 of 344 Loss: -0.080105, NCC_Loss: -0.083365, Reg: 0.003260
Iter 330 of 344 Loss: -0.073793, NCC_Loss: -0.077236, Reg: 0.003444
Iter 340 of 344 Loss: -0.078076, NCC_Loss: -0.081383, Reg: 0.003307
Epoch 242 Loss: -0.076823
Epoch 242 Validation: Mean EPE: 7.2698, Mean SSIM: 0.1830, Mean ZNCC: -0.0374
Epoch 243 starts
Iter 10 of 344 Loss: -0.084061, NCC_Loss: -0.087185, Reg: 0.003124
Iter 20 of 344 Loss: -0.078748, NCC_Loss: -0.081915, Reg: 0.003167
Iter 30 of 344 Loss: -0.074329, NCC_Loss: -0.077552, Reg: 0.003223
Iter 40 of 344 Loss: -0.078767, NCC_Loss: -0.082033, Reg: 0.003266
Iter 50 of 344 Loss: -0.079550, NCC_Loss: -0.082657, Reg: 0.003107
Iter 60 of 344 Loss: -0.072874, NCC_Loss: -0.075853, Reg: 0.002979
Iter 70 of 344 Loss: -0.079733, NCC_Loss: -0.083148, Reg: 0.003415
Iter 80 of 344 Loss: -0.070234, NCC_Loss: -0.073424, Reg: 0.003190
Iter 90 of 344 Loss: -0.079625, NCC_Loss: -0.082903, Reg: 0.003279
Iter 100 of 344 Loss: -0.073352, NCC_Loss: -0.076959, Reg: 0.003607
Iter 110 of 344 Loss: -0.075021, NCC_Loss: -0.078549, Reg: 0.003528
Iter 120 of 344 Loss: -0.069435, NCC_Loss: -0.072734, Reg: 0.003299
Iter 130 of 344 Loss: -0.075997, NCC_Loss: -0.079325, Reg: 0.003328
Iter 140 of 344 Loss: -0.072200, NCC_Loss: -0.075132, Reg: 0.002931
Iter 150 of 344 Loss: -0.076515, NCC_Loss: -0.079765, Reg: 0.003250
Iter 160 of 344 Loss: -0.076563, NCC_Loss: -0.080187, Reg: 0.003624
Iter 170 of 344 Loss: -0.076747, NCC_Loss: -0.080010, Reg: 0.003263
Iter 180 of 344 Loss: -0.078817, NCC_Loss: -0.082022, Reg: 0.003205
Iter 190 of 344 Loss: -0.081190, NCC_Loss: -0.084110, Reg: 0.002919
Iter 200 of 344 Loss: -0.073623, NCC_Loss: -0.077522, Reg: 0.003899
Iter 210 of 344 Loss: -0.073370, NCC_Loss: -0.076566, Reg: 0.003196
Iter 220 of 344 Loss: -0.071913, NCC_Loss: -0.075377, Reg: 0.003464
Iter 230 of 344 Loss: -0.076382, NCC_Loss: -0.079623, Reg: 0.003241
Iter 240 of 344 Loss: -0.079148, NCC_Loss: -0.082754, Reg: 0.003606
Iter 250 of 344 Loss: -0.076998, NCC_Loss: -0.080733, Reg: 0.003735
Iter 260 of 344 Loss: -0.082692, NCC_Loss: -0.085413, Reg: 0.002721
Iter 270 of 344 Loss: -0.075119, NCC_Loss: -0.078374, Reg: 0.003254
Iter 280 of 344 Loss: -0.077915, NCC_Loss: -0.081006, Reg: 0.003090
Iter 290 of 344 Loss: -0.077480, NCC_Loss: -0.081172, Reg: 0.003692
Iter 300 of 344 Loss: -0.084697, NCC_Loss: -0.088298, Reg: 0.003601
Iter 310 of 344 Loss: -0.080976, NCC_Loss: -0.084501, Reg: 0.003525
Iter 320 of 344 Loss: -0.080081, NCC_Loss: -0.083431, Reg: 0.003350
Iter 330 of 344 Loss: -0.076735, NCC_Loss: -0.079986, Reg: 0.003251
Iter 340 of 344 Loss: -0.079834, NCC_Loss: -0.083018, Reg: 0.003185
Epoch 243 Loss: -0.076843
Epoch 243 Validation: Mean EPE: 7.2699, Mean SSIM: 0.1831, Mean ZNCC: -0.0375
Epoch 244 starts
Iter 10 of 344 Loss: -0.074736, NCC_Loss: -0.077891, Reg: 0.003156
Iter 20 of 344 Loss: -0.075862, NCC_Loss: -0.078887, Reg: 0.003025
Iter 30 of 344 Loss: -0.074021, NCC_Loss: -0.077294, Reg: 0.003273
Iter 40 of 344 Loss: -0.078058, NCC_Loss: -0.080987, Reg: 0.002929
Iter 50 of 344 Loss: -0.078754, NCC_Loss: -0.082470, Reg: 0.003716
Iter 60 of 344 Loss: -0.072193, NCC_Loss: -0.075576, Reg: 0.003383
Iter 70 of 344 Loss: -0.070077, NCC_Loss: -0.073436, Reg: 0.003359
Iter 80 of 344 Loss: -0.078108, NCC_Loss: -0.081302, Reg: 0.003194
Iter 90 of 344 Loss: -0.080986, NCC_Loss: -0.084026, Reg: 0.003040
Iter 100 of 344 Loss: -0.080267, NCC_Loss: -0.083883, Reg: 0.003616
Iter 110 of 344 Loss: -0.077402, NCC_Loss: -0.080709, Reg: 0.003308
Iter 120 of 344 Loss: -0.084450, NCC_Loss: -0.087798, Reg: 0.003347
Iter 130 of 344 Loss: -0.077769, NCC_Loss: -0.081032, Reg: 0.003263
Iter 140 of 344 Loss: -0.079507, NCC_Loss: -0.082811, Reg: 0.003304
Iter 150 of 344 Loss: -0.078967, NCC_Loss: -0.082131, Reg: 0.003163
Iter 160 of 344 Loss: -0.073802, NCC_Loss: -0.077321, Reg: 0.003519
Iter 170 of 344 Loss: -0.084282, NCC_Loss: -0.087520, Reg: 0.003237
Iter 180 of 344 Loss: -0.076952, NCC_Loss: -0.080533, Reg: 0.003581
Iter 190 of 344 Loss: -0.073753, NCC_Loss: -0.077172, Reg: 0.003419
Iter 200 of 344 Loss: -0.077867, NCC_Loss: -0.080903, Reg: 0.003036
Iter 210 of 344 Loss: -0.082708, NCC_Loss: -0.086174, Reg: 0.003466
Iter 220 of 344 Loss: -0.073302, NCC_Loss: -0.076470, Reg: 0.003168
Iter 230 of 344 Loss: -0.078115, NCC_Loss: -0.081219, Reg: 0.003105
Iter 240 of 344 Loss: -0.075042, NCC_Loss: -0.078236, Reg: 0.003193
Iter 250 of 344 Loss: -0.081371, NCC_Loss: -0.084444, Reg: 0.003073
Iter 260 of 344 Loss: -0.070296, NCC_Loss: -0.073644, Reg: 0.003348
Iter 270 of 344 Loss: -0.076233, NCC_Loss: -0.079994, Reg: 0.003761
Iter 280 of 344 Loss: -0.076376, NCC_Loss: -0.079630, Reg: 0.003254
Iter 290 of 344 Loss: -0.078390, NCC_Loss: -0.081700, Reg: 0.003310
Iter 300 of 344 Loss: -0.070787, NCC_Loss: -0.074253, Reg: 0.003466
Iter 310 of 344 Loss: -0.077196, NCC_Loss: -0.080989, Reg: 0.003794
Iter 320 of 344 Loss: -0.078095, NCC_Loss: -0.081734, Reg: 0.003639
Iter 330 of 344 Loss: -0.069997, NCC_Loss: -0.073076, Reg: 0.003079
Iter 340 of 344 Loss: -0.073983, NCC_Loss: -0.077353, Reg: 0.003370
Epoch 244 Loss: -0.076850
Epoch 244 Validation: Mean EPE: 7.2700, Mean SSIM: 0.1831, Mean ZNCC: -0.0375
Epoch 245 starts
Iter 10 of 344 Loss: -0.077618, NCC_Loss: -0.081547, Reg: 0.003928
Iter 20 of 344 Loss: -0.074351, NCC_Loss: -0.077662, Reg: 0.003311
Iter 30 of 344 Loss: -0.078574, NCC_Loss: -0.081815, Reg: 0.003241
Iter 40 of 344 Loss: -0.077538, NCC_Loss: -0.080794, Reg: 0.003256
Iter 50 of 344 Loss: -0.072302, NCC_Loss: -0.075683, Reg: 0.003380
Iter 60 of 344 Loss: -0.067255, NCC_Loss: -0.070284, Reg: 0.003029
Iter 70 of 344 Loss: -0.089174, NCC_Loss: -0.092417, Reg: 0.003243
Iter 80 of 344 Loss: -0.083273, NCC_Loss: -0.086923, Reg: 0.003650
Iter 90 of 344 Loss: -0.081126, NCC_Loss: -0.084368, Reg: 0.003242
Iter 100 of 344 Loss: -0.079411, NCC_Loss: -0.082664, Reg: 0.003253
Iter 110 of 344 Loss: -0.084731, NCC_Loss: -0.087940, Reg: 0.003209
Iter 120 of 344 Loss: -0.076030, NCC_Loss: -0.079838, Reg: 0.003808
Iter 130 of 344 Loss: -0.078691, NCC_Loss: -0.082012, Reg: 0.003321
Iter 140 of 344 Loss: -0.072542, NCC_Loss: -0.075609, Reg: 0.003067
Iter 150 of 344 Loss: -0.076956, NCC_Loss: -0.080277, Reg: 0.003321
Iter 160 of 344 Loss: -0.071214, NCC_Loss: -0.074231, Reg: 0.003017
Iter 170 of 344 Loss: -0.077450, NCC_Loss: -0.080845, Reg: 0.003395
Iter 180 of 344 Loss: -0.074064, NCC_Loss: -0.077740, Reg: 0.003676
Iter 190 of 344 Loss: -0.079165, NCC_Loss: -0.082029, Reg: 0.002864
Iter 200 of 344 Loss: -0.073998, NCC_Loss: -0.077259, Reg: 0.003261
Iter 210 of 344 Loss: -0.080442, NCC_Loss: -0.083845, Reg: 0.003403
Iter 220 of 344 Loss: -0.077636, NCC_Loss: -0.081008, Reg: 0.003372
Iter 230 of 344 Loss: -0.071806, NCC_Loss: -0.075057, Reg: 0.003251
Iter 240 of 344 Loss: -0.077289, NCC_Loss: -0.080777, Reg: 0.003488
Iter 250 of 344 Loss: -0.075022, NCC_Loss: -0.078197, Reg: 0.003175
Iter 260 of 344 Loss: -0.073212, NCC_Loss: -0.076238, Reg: 0.003027
Iter 270 of 344 Loss: -0.074782, NCC_Loss: -0.077899, Reg: 0.003118
Iter 280 of 344 Loss: -0.080798, NCC_Loss: -0.083712, Reg: 0.002914
Iter 290 of 344 Loss: -0.066572, NCC_Loss: -0.070084, Reg: 0.003512
Iter 300 of 344 Loss: -0.071284, NCC_Loss: -0.074266, Reg: 0.002982
Iter 310 of 344 Loss: -0.077784, NCC_Loss: -0.080840, Reg: 0.003056
Iter 320 of 344 Loss: -0.075781, NCC_Loss: -0.079006, Reg: 0.003225
Iter 330 of 344 Loss: -0.070309, NCC_Loss: -0.073241, Reg: 0.002932
Iter 340 of 344 Loss: -0.074200, NCC_Loss: -0.077018, Reg: 0.002818
Epoch 245 Loss: -0.076886
Epoch 245 Validation: Mean EPE: 7.2699, Mean SSIM: 0.1832, Mean ZNCC: -0.0374
Epoch 246 starts
Iter 10 of 344 Loss: -0.074667, NCC_Loss: -0.077717, Reg: 0.003050
Iter 20 of 344 Loss: -0.075737, NCC_Loss: -0.079388, Reg: 0.003651
Iter 30 of 344 Loss: -0.075545, NCC_Loss: -0.078367, Reg: 0.002822
Iter 40 of 344 Loss: -0.080963, NCC_Loss: -0.084401, Reg: 0.003438
Iter 50 of 344 Loss: -0.072257, NCC_Loss: -0.076103, Reg: 0.003846
Iter 60 of 344 Loss: -0.076254, NCC_Loss: -0.079539, Reg: 0.003285
Iter 70 of 344 Loss: -0.081767, NCC_Loss: -0.085343, Reg: 0.003576
Iter 80 of 344 Loss: -0.076468, NCC_Loss: -0.079606, Reg: 0.003138
Iter 90 of 344 Loss: -0.081117, NCC_Loss: -0.084219, Reg: 0.003102
Iter 100 of 344 Loss: -0.069002, NCC_Loss: -0.072057, Reg: 0.003055
Iter 110 of 344 Loss: -0.071742, NCC_Loss: -0.075275, Reg: 0.003533
Iter 120 of 344 Loss: -0.072439, NCC_Loss: -0.075694, Reg: 0.003255
Iter 130 of 344 Loss: -0.075801, NCC_Loss: -0.079018, Reg: 0.003217
Iter 140 of 344 Loss: -0.086914, NCC_Loss: -0.090043, Reg: 0.003129
Iter 150 of 344 Loss: -0.086952, NCC_Loss: -0.089925, Reg: 0.002973
Iter 160 of 344 Loss: -0.071503, NCC_Loss: -0.074755, Reg: 0.003252
Iter 170 of 344 Loss: -0.074516, NCC_Loss: -0.078145, Reg: 0.003629
Iter 180 of 344 Loss: -0.074162, NCC_Loss: -0.077645, Reg: 0.003483
Iter 190 of 344 Loss: -0.072337, NCC_Loss: -0.075752, Reg: 0.003415
Iter 200 of 344 Loss: -0.082141, NCC_Loss: -0.085194, Reg: 0.003053
Iter 210 of 344 Loss: -0.075110, NCC_Loss: -0.078231, Reg: 0.003121
Iter 220 of 344 Loss: -0.071658, NCC_Loss: -0.075065, Reg: 0.003406
Iter 230 of 344 Loss: -0.074122, NCC_Loss: -0.077124, Reg: 0.003001
Iter 240 of 344 Loss: -0.073277, NCC_Loss: -0.076360, Reg: 0.003083
Iter 250 of 344 Loss: -0.083615, NCC_Loss: -0.086715, Reg: 0.003100
Iter 260 of 344 Loss: -0.074516, NCC_Loss: -0.077369, Reg: 0.002854
Iter 270 of 344 Loss: -0.083370, NCC_Loss: -0.086583, Reg: 0.003213
Iter 280 of 344 Loss: -0.073253, NCC_Loss: -0.076465, Reg: 0.003212
Iter 290 of 344 Loss: -0.078259, NCC_Loss: -0.081379, Reg: 0.003120
Iter 300 of 344 Loss: -0.082495, NCC_Loss: -0.085696, Reg: 0.003202
Iter 310 of 344 Loss: -0.073157, NCC_Loss: -0.076761, Reg: 0.003604
Iter 320 of 344 Loss: -0.080260, NCC_Loss: -0.083300, Reg: 0.003040
Iter 330 of 344 Loss: -0.079988, NCC_Loss: -0.084056, Reg: 0.004069
Iter 340 of 344 Loss: -0.079618, NCC_Loss: -0.082925, Reg: 0.003307
Epoch 246 Loss: -0.076929
Epoch 246 Validation: Mean EPE: 7.2700, Mean SSIM: 0.1832, Mean ZNCC: -0.0374
Epoch 247 starts
Iter 10 of 344 Loss: -0.075080, NCC_Loss: -0.078451, Reg: 0.003371
Iter 20 of 344 Loss: -0.077151, NCC_Loss: -0.080728, Reg: 0.003577
Iter 30 of 344 Loss: -0.078829, NCC_Loss: -0.082297, Reg: 0.003468
Iter 40 of 344 Loss: -0.069777, NCC_Loss: -0.072967, Reg: 0.003190
Iter 50 of 344 Loss: -0.074163, NCC_Loss: -0.077289, Reg: 0.003127
Iter 60 of 344 Loss: -0.085502, NCC_Loss: -0.088685, Reg: 0.003183
Iter 70 of 344 Loss: -0.079530, NCC_Loss: -0.082414, Reg: 0.002885
Iter 80 of 344 Loss: -0.076538, NCC_Loss: -0.079536, Reg: 0.002998
Iter 90 of 344 Loss: -0.079648, NCC_Loss: -0.083136, Reg: 0.003488
Iter 100 of 344 Loss: -0.075944, NCC_Loss: -0.079435, Reg: 0.003491
Iter 110 of 344 Loss: -0.077807, NCC_Loss: -0.081169, Reg: 0.003362
Iter 120 of 344 Loss: -0.072171, NCC_Loss: -0.075516, Reg: 0.003345
Iter 130 of 344 Loss: -0.076566, NCC_Loss: -0.079996, Reg: 0.003430
Iter 140 of 344 Loss: -0.076097, NCC_Loss: -0.079616, Reg: 0.003519
Iter 150 of 344 Loss: -0.078978, NCC_Loss: -0.082450, Reg: 0.003473
Iter 160 of 344 Loss: -0.071471, NCC_Loss: -0.074538, Reg: 0.003067
Iter 170 of 344 Loss: -0.076899, NCC_Loss: -0.080092, Reg: 0.003193
Iter 180 of 344 Loss: -0.072714, NCC_Loss: -0.076094, Reg: 0.003379
Iter 190 of 344 Loss: -0.078221, NCC_Loss: -0.081227, Reg: 0.003006
Iter 200 of 344 Loss: -0.078096, NCC_Loss: -0.081214, Reg: 0.003118
Iter 210 of 344 Loss: -0.071021, NCC_Loss: -0.074244, Reg: 0.003223
Iter 220 of 344 Loss: -0.083969, NCC_Loss: -0.087092, Reg: 0.003123
Iter 230 of 344 Loss: -0.081907, NCC_Loss: -0.084981, Reg: 0.003073
Iter 240 of 344 Loss: -0.075865, NCC_Loss: -0.078809, Reg: 0.002944
Iter 250 of 344 Loss: -0.078923, NCC_Loss: -0.081973, Reg: 0.003050
Iter 260 of 344 Loss: -0.072963, NCC_Loss: -0.076132, Reg: 0.003169
Iter 270 of 344 Loss: -0.074790, NCC_Loss: -0.078205, Reg: 0.003415
Iter 280 of 344 Loss: -0.076582, NCC_Loss: -0.080106, Reg: 0.003525
Iter 290 of 344 Loss: -0.083676, NCC_Loss: -0.086814, Reg: 0.003138
Iter 300 of 344 Loss: -0.073392, NCC_Loss: -0.076399, Reg: 0.003007
Iter 310 of 344 Loss: -0.079674, NCC_Loss: -0.082991, Reg: 0.003318
Iter 320 of 344 Loss: -0.076513, NCC_Loss: -0.079504, Reg: 0.002991
Iter 330 of 344 Loss: -0.078103, NCC_Loss: -0.081128, Reg: 0.003026
Iter 340 of 344 Loss: -0.082729, NCC_Loss: -0.085613, Reg: 0.002884
Epoch 247 Loss: -0.076935
Epoch 247 Validation: Mean EPE: 7.2701, Mean SSIM: 0.1832, Mean ZNCC: -0.0374
Epoch 248 starts
Iter 10 of 344 Loss: -0.079637, NCC_Loss: -0.082970, Reg: 0.003332
Iter 20 of 344 Loss: -0.078834, NCC_Loss: -0.082284, Reg: 0.003450
Iter 30 of 344 Loss: -0.082582, NCC_Loss: -0.085616, Reg: 0.003033
Iter 40 of 344 Loss: -0.072138, NCC_Loss: -0.075723, Reg: 0.003585
Iter 50 of 344 Loss: -0.075300, NCC_Loss: -0.078888, Reg: 0.003589
Iter 60 of 344 Loss: -0.072255, NCC_Loss: -0.075533, Reg: 0.003278
Iter 70 of 344 Loss: -0.079984, NCC_Loss: -0.083446, Reg: 0.003462
Iter 80 of 344 Loss: -0.074595, NCC_Loss: -0.077621, Reg: 0.003026
Iter 90 of 344 Loss: -0.073014, NCC_Loss: -0.076246, Reg: 0.003232
Iter 100 of 344 Loss: -0.081649, NCC_Loss: -0.084862, Reg: 0.003213
Iter 110 of 344 Loss: -0.076471, NCC_Loss: -0.080140, Reg: 0.003669
Iter 120 of 344 Loss: -0.077247, NCC_Loss: -0.080388, Reg: 0.003141
Iter 130 of 344 Loss: -0.072615, NCC_Loss: -0.076110, Reg: 0.003495
Iter 140 of 344 Loss: -0.075301, NCC_Loss: -0.079228, Reg: 0.003927
Iter 150 of 344 Loss: -0.072435, NCC_Loss: -0.075492, Reg: 0.003057
Iter 160 of 344 Loss: -0.080777, NCC_Loss: -0.083761, Reg: 0.002984
Iter 170 of 344 Loss: -0.077688, NCC_Loss: -0.081060, Reg: 0.003373
Iter 180 of 344 Loss: -0.076397, NCC_Loss: -0.079653, Reg: 0.003256
Iter 190 of 344 Loss: -0.079252, NCC_Loss: -0.082376, Reg: 0.003124
Iter 200 of 344 Loss: -0.082307, NCC_Loss: -0.085934, Reg: 0.003627
Iter 210 of 344 Loss: -0.080539, NCC_Loss: -0.083517, Reg: 0.002977
Iter 220 of 344 Loss: -0.073597, NCC_Loss: -0.077104, Reg: 0.003507
Iter 230 of 344 Loss: -0.080509, NCC_Loss: -0.084011, Reg: 0.003502
Iter 240 of 344 Loss: -0.074029, NCC_Loss: -0.077335, Reg: 0.003306
Iter 250 of 344 Loss: -0.076290, NCC_Loss: -0.079983, Reg: 0.003693
Iter 260 of 344 Loss: -0.078639, NCC_Loss: -0.081864, Reg: 0.003225
Iter 270 of 344 Loss: -0.073279, NCC_Loss: -0.076453, Reg: 0.003174
Iter 280 of 344 Loss: -0.073917, NCC_Loss: -0.076990, Reg: 0.003073
Iter 290 of 344 Loss: -0.072369, NCC_Loss: -0.075743, Reg: 0.003374
Iter 300 of 344 Loss: -0.085028, NCC_Loss: -0.088328, Reg: 0.003300
Iter 310 of 344 Loss: -0.075597, NCC_Loss: -0.078665, Reg: 0.003067
Iter 320 of 344 Loss: -0.069029, NCC_Loss: -0.072806, Reg: 0.003777
Iter 330 of 344 Loss: -0.079012, NCC_Loss: -0.081694, Reg: 0.002682
Iter 340 of 344 Loss: -0.082303, NCC_Loss: -0.085257, Reg: 0.002955
Epoch 248 Loss: -0.076969
Epoch 248 Validation: Mean EPE: 7.2701, Mean SSIM: 0.1833, Mean ZNCC: -0.0374
Epoch 249 starts
Iter 10 of 344 Loss: -0.080241, NCC_Loss: -0.083412, Reg: 0.003171
Iter 20 of 344 Loss: -0.074494, NCC_Loss: -0.077579, Reg: 0.003084
Iter 30 of 344 Loss: -0.072726, NCC_Loss: -0.075563, Reg: 0.002837
Iter 40 of 344 Loss: -0.074725, NCC_Loss: -0.077742, Reg: 0.003017
Iter 50 of 344 Loss: -0.072648, NCC_Loss: -0.075955, Reg: 0.003306
Iter 60 of 344 Loss: -0.076719, NCC_Loss: -0.079720, Reg: 0.003000
Iter 70 of 344 Loss: -0.072996, NCC_Loss: -0.076019, Reg: 0.003023
Iter 80 of 344 Loss: -0.078061, NCC_Loss: -0.081094, Reg: 0.003033
Iter 90 of 344 Loss: -0.071720, NCC_Loss: -0.074954, Reg: 0.003234
Iter 100 of 344 Loss: -0.079574, NCC_Loss: -0.082806, Reg: 0.003232
Iter 110 of 344 Loss: -0.069926, NCC_Loss: -0.073181, Reg: 0.003255
Iter 120 of 344 Loss: -0.075739, NCC_Loss: -0.078944, Reg: 0.003205
Iter 130 of 344 Loss: -0.076037, NCC_Loss: -0.079262, Reg: 0.003225
Iter 140 of 344 Loss: -0.082020, NCC_Loss: -0.085596, Reg: 0.003576
Iter 150 of 344 Loss: -0.076335, NCC_Loss: -0.079627, Reg: 0.003292
Iter 160 of 344 Loss: -0.078044, NCC_Loss: -0.081042, Reg: 0.002998
Iter 170 of 344 Loss: -0.071245, NCC_Loss: -0.074309, Reg: 0.003065
Iter 180 of 344 Loss: -0.076788, NCC_Loss: -0.080024, Reg: 0.003235
Iter 190 of 344 Loss: -0.080453, NCC_Loss: -0.083285, Reg: 0.002832
Iter 200 of 344 Loss: -0.077128, NCC_Loss: -0.080109, Reg: 0.002981
Iter 210 of 344 Loss: -0.077642, NCC_Loss: -0.080787, Reg: 0.003144
Iter 220 of 344 Loss: -0.078433, NCC_Loss: -0.081519, Reg: 0.003086
Iter 230 of 344 Loss: -0.073349, NCC_Loss: -0.076782, Reg: 0.003434
Iter 240 of 344 Loss: -0.078968, NCC_Loss: -0.082247, Reg: 0.003279
Iter 250 of 344 Loss: -0.075989, NCC_Loss: -0.079230, Reg: 0.003241
Iter 260 of 344 Loss: -0.076214, NCC_Loss: -0.079673, Reg: 0.003458
Iter 270 of 344 Loss: -0.072851, NCC_Loss: -0.076052, Reg: 0.003201
Iter 280 of 344 Loss: -0.073041, NCC_Loss: -0.076198, Reg: 0.003156
Iter 290 of 344 Loss: -0.071152, NCC_Loss: -0.074778, Reg: 0.003625
Iter 300 of 344 Loss: -0.087485, NCC_Loss: -0.090487, Reg: 0.003002
Iter 310 of 344 Loss: -0.074550, NCC_Loss: -0.077811, Reg: 0.003261
Iter 320 of 344 Loss: -0.079399, NCC_Loss: -0.082539, Reg: 0.003140
Iter 330 of 344 Loss: -0.080195, NCC_Loss: -0.083012, Reg: 0.002817
Iter 340 of 344 Loss: -0.079333, NCC_Loss: -0.082345, Reg: 0.003012
Epoch 249 Loss: -0.077030
Epoch 249 Validation: Mean EPE: 7.2701, Mean SSIM: 0.1833, Mean ZNCC: -0.0373
Epoch 250 starts
Iter 10 of 344 Loss: -0.077904, NCC_Loss: -0.081306, Reg: 0.003402
Iter 20 of 344 Loss: -0.077123, NCC_Loss: -0.080075, Reg: 0.002952
Iter 30 of 344 Loss: -0.081855, NCC_Loss: -0.085264, Reg: 0.003408
Iter 40 of 344 Loss: -0.079883, NCC_Loss: -0.083486, Reg: 0.003603
Iter 50 of 344 Loss: -0.078013, NCC_Loss: -0.081278, Reg: 0.003265
Iter 60 of 344 Loss: -0.077719, NCC_Loss: -0.081071, Reg: 0.003352
Iter 70 of 344 Loss: -0.080946, NCC_Loss: -0.083951, Reg: 0.003005
Iter 80 of 344 Loss: -0.076080, NCC_Loss: -0.078934, Reg: 0.002854
Iter 90 of 344 Loss: -0.073559, NCC_Loss: -0.076644, Reg: 0.003085
Iter 100 of 344 Loss: -0.079345, NCC_Loss: -0.082361, Reg: 0.003016
Iter 110 of 344 Loss: -0.070651, NCC_Loss: -0.074018, Reg: 0.003367
Iter 120 of 344 Loss: -0.077456, NCC_Loss: -0.080472, Reg: 0.003016
Iter 130 of 344 Loss: -0.077108, NCC_Loss: -0.080292, Reg: 0.003184
Iter 140 of 344 Loss: -0.080004, NCC_Loss: -0.083327, Reg: 0.003323
Iter 150 of 344 Loss: -0.079379, NCC_Loss: -0.082431, Reg: 0.003052
Iter 160 of 344 Loss: -0.079391, NCC_Loss: -0.082941, Reg: 0.003551
Iter 170 of 344 Loss: -0.074056, NCC_Loss: -0.077628, Reg: 0.003572
Iter 180 of 344 Loss: -0.074595, NCC_Loss: -0.077910, Reg: 0.003315
Iter 190 of 344 Loss: -0.076302, NCC_Loss: -0.079420, Reg: 0.003118
Iter 200 of 344 Loss: -0.083326, NCC_Loss: -0.086297, Reg: 0.002970
Iter 210 of 344 Loss: -0.074964, NCC_Loss: -0.077742, Reg: 0.002779
Iter 220 of 344 Loss: -0.079288, NCC_Loss: -0.082704, Reg: 0.003417
Iter 230 of 344 Loss: -0.076294, NCC_Loss: -0.079674, Reg: 0.003380
Iter 240 of 344 Loss: -0.083596, NCC_Loss: -0.087385, Reg: 0.003789
Iter 250 of 344 Loss: -0.075119, NCC_Loss: -0.078370, Reg: 0.003251
Iter 260 of 344 Loss: -0.075865, NCC_Loss: -0.079137, Reg: 0.003272
Iter 270 of 344 Loss: -0.078976, NCC_Loss: -0.082365, Reg: 0.003389
Iter 280 of 344 Loss: -0.069469, NCC_Loss: -0.072696, Reg: 0.003227
Iter 290 of 344 Loss: -0.073443, NCC_Loss: -0.076628, Reg: 0.003185
Iter 300 of 344 Loss: -0.076049, NCC_Loss: -0.079224, Reg: 0.003175
Iter 310 of 344 Loss: -0.081306, NCC_Loss: -0.084461, Reg: 0.003156
Iter 320 of 344 Loss: -0.076614, NCC_Loss: -0.079766, Reg: 0.003152
Iter 330 of 344 Loss: -0.076994, NCC_Loss: -0.080193, Reg: 0.003199
Iter 340 of 344 Loss: -0.080359, NCC_Loss: -0.083492, Reg: 0.003133
Epoch 250 Loss: -0.077033
Epoch 250 Validation: Mean EPE: 7.2702, Mean SSIM: 0.1834, Mean ZNCC: -0.0373
Epoch 251 starts
Iter 10 of 344 Loss: -0.081845, NCC_Loss: -0.084883, Reg: 0.003038
Iter 20 of 344 Loss: -0.082929, NCC_Loss: -0.086325, Reg: 0.003395
Iter 30 of 344 Loss: -0.076611, NCC_Loss: -0.079757, Reg: 0.003146
Iter 40 of 344 Loss: -0.077703, NCC_Loss: -0.080870, Reg: 0.003167
Iter 50 of 344 Loss: -0.076951, NCC_Loss: -0.080388, Reg: 0.003437
Iter 60 of 344 Loss: -0.072697, NCC_Loss: -0.075834, Reg: 0.003137
Iter 70 of 344 Loss: -0.082915, NCC_Loss: -0.086226, Reg: 0.003312
Iter 80 of 344 Loss: -0.076541, NCC_Loss: -0.079975, Reg: 0.003434
Iter 90 of 344 Loss: -0.074271, NCC_Loss: -0.077384, Reg: 0.003113
Iter 100 of 344 Loss: -0.076178, NCC_Loss: -0.079213, Reg: 0.003035
Iter 110 of 344 Loss: -0.076032, NCC_Loss: -0.079020, Reg: 0.002988
Iter 120 of 344 Loss: -0.070827, NCC_Loss: -0.073691, Reg: 0.002864
Iter 130 of 344 Loss: -0.078490, NCC_Loss: -0.081757, Reg: 0.003267
Iter 140 of 344 Loss: -0.076331, NCC_Loss: -0.079818, Reg: 0.003487
Iter 150 of 344 Loss: -0.077255, NCC_Loss: -0.080635, Reg: 0.003380
Iter 160 of 344 Loss: -0.077154, NCC_Loss: -0.079888, Reg: 0.002734
Iter 170 of 344 Loss: -0.071896, NCC_Loss: -0.075326, Reg: 0.003431
Iter 180 of 344 Loss: -0.077556, NCC_Loss: -0.080843, Reg: 0.003287
Iter 190 of 344 Loss: -0.074539, NCC_Loss: -0.077537, Reg: 0.002998
Iter 200 of 344 Loss: -0.074092, NCC_Loss: -0.077327, Reg: 0.003234
Iter 210 of 344 Loss: -0.082319, NCC_Loss: -0.085995, Reg: 0.003676
Iter 220 of 344 Loss: -0.075314, NCC_Loss: -0.078324, Reg: 0.003010
Iter 230 of 344 Loss: -0.079482, NCC_Loss: -0.082620, Reg: 0.003138
Iter 240 of 344 Loss: -0.076993, NCC_Loss: -0.080323, Reg: 0.003331
Iter 250 of 344 Loss: -0.068547, NCC_Loss: -0.071780, Reg: 0.003233
Iter 260 of 344 Loss: -0.076726, NCC_Loss: -0.080055, Reg: 0.003329
Iter 270 of 344 Loss: -0.081595, NCC_Loss: -0.084300, Reg: 0.002704
Iter 280 of 344 Loss: -0.074158, NCC_Loss: -0.077719, Reg: 0.003562
Iter 290 of 344 Loss: -0.083866, NCC_Loss: -0.087265, Reg: 0.003399
Iter 300 of 344 Loss: -0.086183, NCC_Loss: -0.089232, Reg: 0.003049
Iter 310 of 344 Loss: -0.082856, NCC_Loss: -0.085968, Reg: 0.003112
Iter 320 of 344 Loss: -0.082192, NCC_Loss: -0.085089, Reg: 0.002897
Iter 330 of 344 Loss: -0.084509, NCC_Loss: -0.087916, Reg: 0.003407
Iter 340 of 344 Loss: -0.074211, NCC_Loss: -0.077361, Reg: 0.003150
Epoch 251 Loss: -0.077060
Epoch 251 Validation: Mean EPE: 7.2702, Mean SSIM: 0.1834, Mean ZNCC: -0.0373
Epoch 252 starts
Iter 10 of 344 Loss: -0.073253, NCC_Loss: -0.076438, Reg: 0.003185
Iter 20 of 344 Loss: -0.078245, NCC_Loss: -0.081314, Reg: 0.003069
Iter 30 of 344 Loss: -0.074382, NCC_Loss: -0.077201, Reg: 0.002818
Iter 40 of 344 Loss: -0.074299, NCC_Loss: -0.077420, Reg: 0.003121
Iter 50 of 344 Loss: -0.072221, NCC_Loss: -0.075775, Reg: 0.003554
Iter 60 of 344 Loss: -0.074128, NCC_Loss: -0.077505, Reg: 0.003376
Iter 70 of 344 Loss: -0.082695, NCC_Loss: -0.086183, Reg: 0.003488
Iter 80 of 344 Loss: -0.075110, NCC_Loss: -0.078613, Reg: 0.003503
Iter 90 of 344 Loss: -0.079757, NCC_Loss: -0.082612, Reg: 0.002855
Iter 100 of 344 Loss: -0.076142, NCC_Loss: -0.079223, Reg: 0.003082
Iter 110 of 344 Loss: -0.075488, NCC_Loss: -0.078424, Reg: 0.002936
Iter 120 of 344 Loss: -0.075833, NCC_Loss: -0.079003, Reg: 0.003170
Iter 130 of 344 Loss: -0.079624, NCC_Loss: -0.082626, Reg: 0.003002
Iter 140 of 344 Loss: -0.071613, NCC_Loss: -0.075164, Reg: 0.003552
Iter 150 of 344 Loss: -0.074506, NCC_Loss: -0.077842, Reg: 0.003335
Iter 160 of 344 Loss: -0.073914, NCC_Loss: -0.076852, Reg: 0.002937
Iter 170 of 344 Loss: -0.075197, NCC_Loss: -0.078571, Reg: 0.003373
Iter 180 of 344 Loss: -0.082534, NCC_Loss: -0.086180, Reg: 0.003646
Iter 190 of 344 Loss: -0.078402, NCC_Loss: -0.081658, Reg: 0.003256
Iter 200 of 344 Loss: -0.078758, NCC_Loss: -0.081509, Reg: 0.002751
Iter 210 of 344 Loss: -0.076608, NCC_Loss: -0.079928, Reg: 0.003319
Iter 220 of 344 Loss: -0.074975, NCC_Loss: -0.078330, Reg: 0.003354
Iter 230 of 344 Loss: -0.075154, NCC_Loss: -0.078544, Reg: 0.003390
Iter 240 of 344 Loss: -0.077953, NCC_Loss: -0.080726, Reg: 0.002773
Iter 250 of 344 Loss: -0.074624, NCC_Loss: -0.077988, Reg: 0.003364
Iter 260 of 344 Loss: -0.074623, NCC_Loss: -0.077778, Reg: 0.003155
Iter 270 of 344 Loss: -0.077666, NCC_Loss: -0.080804, Reg: 0.003139
Iter 280 of 344 Loss: -0.074480, NCC_Loss: -0.077762, Reg: 0.003283
Iter 290 of 344 Loss: -0.078378, NCC_Loss: -0.081643, Reg: 0.003265
Iter 300 of 344 Loss: -0.077749, NCC_Loss: -0.081028, Reg: 0.003279
Iter 310 of 344 Loss: -0.078039, NCC_Loss: -0.081219, Reg: 0.003179
Iter 320 of 344 Loss: -0.076762, NCC_Loss: -0.080175, Reg: 0.003412
Iter 330 of 344 Loss: -0.071076, NCC_Loss: -0.074342, Reg: 0.003266
Iter 340 of 344 Loss: -0.068625, NCC_Loss: -0.072029, Reg: 0.003404
Epoch 252 Loss: -0.077095
Epoch 252 Validation: Mean EPE: 7.2703, Mean SSIM: 0.1835, Mean ZNCC: -0.0373
Epoch 253 starts
Iter 10 of 344 Loss: -0.074988, NCC_Loss: -0.078267, Reg: 0.003279
Iter 20 of 344 Loss: -0.077491, NCC_Loss: -0.080623, Reg: 0.003133
Iter 30 of 344 Loss: -0.075057, NCC_Loss: -0.078405, Reg: 0.003347
Iter 40 of 344 Loss: -0.076859, NCC_Loss: -0.079918, Reg: 0.003059
Iter 50 of 344 Loss: -0.080642, NCC_Loss: -0.084132, Reg: 0.003490
Iter 60 of 344 Loss: -0.078526, NCC_Loss: -0.081895, Reg: 0.003369
Iter 70 of 344 Loss: -0.081344, NCC_Loss: -0.084760, Reg: 0.003417
Iter 80 of 344 Loss: -0.078978, NCC_Loss: -0.082167, Reg: 0.003188
Iter 90 of 344 Loss: -0.079932, NCC_Loss: -0.083091, Reg: 0.003160
Iter 100 of 344 Loss: -0.074866, NCC_Loss: -0.077844, Reg: 0.002978
Iter 110 of 344 Loss: -0.073585, NCC_Loss: -0.077061, Reg: 0.003476
Iter 120 of 344 Loss: -0.084811, NCC_Loss: -0.088495, Reg: 0.003683
Iter 130 of 344 Loss: -0.080570, NCC_Loss: -0.084122, Reg: 0.003552
Iter 140 of 344 Loss: -0.071268, NCC_Loss: -0.074358, Reg: 0.003090
Iter 150 of 344 Loss: -0.075503, NCC_Loss: -0.078495, Reg: 0.002992
Iter 160 of 344 Loss: -0.079052, NCC_Loss: -0.082507, Reg: 0.003455
Iter 170 of 344 Loss: -0.076585, NCC_Loss: -0.080306, Reg: 0.003722
Iter 180 of 344 Loss: -0.078575, NCC_Loss: -0.081491, Reg: 0.002916
Iter 190 of 344 Loss: -0.073970, NCC_Loss: -0.077235, Reg: 0.003265
Iter 200 of 344 Loss: -0.073649, NCC_Loss: -0.076840, Reg: 0.003191
Iter 210 of 344 Loss: -0.080624, NCC_Loss: -0.083838, Reg: 0.003214
Iter 220 of 344 Loss: -0.075674, NCC_Loss: -0.078831, Reg: 0.003157
Iter 230 of 344 Loss: -0.078795, NCC_Loss: -0.082089, Reg: 0.003294
Iter 240 of 344 Loss: -0.080623, NCC_Loss: -0.083706, Reg: 0.003083
Iter 250 of 344 Loss: -0.075284, NCC_Loss: -0.078084, Reg: 0.002800
Iter 260 of 344 Loss: -0.072462, NCC_Loss: -0.075484, Reg: 0.003022
Iter 270 of 344 Loss: -0.077619, NCC_Loss: -0.080588, Reg: 0.002969
Iter 280 of 344 Loss: -0.075539, NCC_Loss: -0.078314, Reg: 0.002775
Iter 290 of 344 Loss: -0.078343, NCC_Loss: -0.081375, Reg: 0.003032
Iter 300 of 344 Loss: -0.071848, NCC_Loss: -0.074515, Reg: 0.002667
Iter 310 of 344 Loss: -0.083319, NCC_Loss: -0.086209, Reg: 0.002890
Iter 320 of 344 Loss: -0.070918, NCC_Loss: -0.074288, Reg: 0.003370
Iter 330 of 344 Loss: -0.081677, NCC_Loss: -0.084403, Reg: 0.002726
Iter 340 of 344 Loss: -0.075695, NCC_Loss: -0.078993, Reg: 0.003298
Epoch 253 Loss: -0.077121
Epoch 253 Validation: Mean EPE: 7.2703, Mean SSIM: 0.1835, Mean ZNCC: -0.0373
Epoch 254 starts
Iter 10 of 344 Loss: -0.076683, NCC_Loss: -0.080128, Reg: 0.003446
Iter 20 of 344 Loss: -0.082366, NCC_Loss: -0.085440, Reg: 0.003074
Iter 30 of 344 Loss: -0.074713, NCC_Loss: -0.077926, Reg: 0.003213
Iter 40 of 344 Loss: -0.077699, NCC_Loss: -0.080676, Reg: 0.002977
Iter 50 of 344 Loss: -0.078573, NCC_Loss: -0.081329, Reg: 0.002755
Iter 60 of 344 Loss: -0.080734, NCC_Loss: -0.084125, Reg: 0.003391
Iter 70 of 344 Loss: -0.073289, NCC_Loss: -0.076174, Reg: 0.002885
Iter 80 of 344 Loss: -0.077200, NCC_Loss: -0.080204, Reg: 0.003005
Iter 90 of 344 Loss: -0.076941, NCC_Loss: -0.080245, Reg: 0.003304
Iter 100 of 344 Loss: -0.077301, NCC_Loss: -0.080385, Reg: 0.003083
Iter 110 of 344 Loss: -0.074705, NCC_Loss: -0.077867, Reg: 0.003162
Iter 120 of 344 Loss: -0.075089, NCC_Loss: -0.078099, Reg: 0.003010
Iter 130 of 344 Loss: -0.076703, NCC_Loss: -0.079907, Reg: 0.003204
Iter 140 of 344 Loss: -0.075921, NCC_Loss: -0.079141, Reg: 0.003220
Iter 150 of 344 Loss: -0.071164, NCC_Loss: -0.074123, Reg: 0.002959
Iter 160 of 344 Loss: -0.070234, NCC_Loss: -0.073132, Reg: 0.002898
Iter 170 of 344 Loss: -0.069520, NCC_Loss: -0.072644, Reg: 0.003124
Iter 180 of 344 Loss: -0.080525, NCC_Loss: -0.083681, Reg: 0.003156
Iter 190 of 344 Loss: -0.071296, NCC_Loss: -0.074396, Reg: 0.003100
Iter 200 of 344 Loss: -0.084643, NCC_Loss: -0.087669, Reg: 0.003025
Iter 210 of 344 Loss: -0.083059, NCC_Loss: -0.086403, Reg: 0.003344
Iter 220 of 344 Loss: -0.078314, NCC_Loss: -0.081904, Reg: 0.003591
Iter 230 of 344 Loss: -0.077418, NCC_Loss: -0.080842, Reg: 0.003424
Iter 240 of 344 Loss: -0.077560, NCC_Loss: -0.081013, Reg: 0.003453
Iter 250 of 344 Loss: -0.075394, NCC_Loss: -0.078490, Reg: 0.003096
Iter 260 of 344 Loss: -0.078366, NCC_Loss: -0.081562, Reg: 0.003196
Iter 270 of 344 Loss: -0.076577, NCC_Loss: -0.079903, Reg: 0.003326
Iter 280 of 344 Loss: -0.079391, NCC_Loss: -0.082859, Reg: 0.003468
Iter 290 of 344 Loss: -0.081322, NCC_Loss: -0.084476, Reg: 0.003154
Iter 300 of 344 Loss: -0.077352, NCC_Loss: -0.080339, Reg: 0.002987
Iter 310 of 344 Loss: -0.073333, NCC_Loss: -0.076072, Reg: 0.002739
Iter 320 of 344 Loss: -0.070707, NCC_Loss: -0.074082, Reg: 0.003375
Iter 330 of 344 Loss: -0.071498, NCC_Loss: -0.074707, Reg: 0.003208
Iter 340 of 344 Loss: -0.076321, NCC_Loss: -0.079423, Reg: 0.003102
Epoch 254 Loss: -0.077136
Epoch 254 Validation: Mean EPE: 7.2704, Mean SSIM: 0.1835, Mean ZNCC: -0.0373
Epoch 255 starts
Iter 10 of 344 Loss: -0.075150, NCC_Loss: -0.077931, Reg: 0.002781
Iter 20 of 344 Loss: -0.071555, NCC_Loss: -0.074434, Reg: 0.002878
Iter 30 of 344 Loss: -0.077109, NCC_Loss: -0.080243, Reg: 0.003134
Iter 40 of 344 Loss: -0.084287, NCC_Loss: -0.087730, Reg: 0.003443
Iter 50 of 344 Loss: -0.073075, NCC_Loss: -0.076279, Reg: 0.003203
Iter 60 of 344 Loss: -0.076782, NCC_Loss: -0.080104, Reg: 0.003322
Iter 70 of 344 Loss: -0.079044, NCC_Loss: -0.082119, Reg: 0.003075
Iter 80 of 344 Loss: -0.078474, NCC_Loss: -0.081808, Reg: 0.003334
Iter 90 of 344 Loss: -0.078860, NCC_Loss: -0.081724, Reg: 0.002864
Iter 100 of 344 Loss: -0.081476, NCC_Loss: -0.084546, Reg: 0.003070
Iter 110 of 344 Loss: -0.074284, NCC_Loss: -0.077547, Reg: 0.003263
Iter 120 of 344 Loss: -0.076033, NCC_Loss: -0.079334, Reg: 0.003301
Iter 130 of 344 Loss: -0.076064, NCC_Loss: -0.079092, Reg: 0.003028
Iter 140 of 344 Loss: -0.077579, NCC_Loss: -0.080547, Reg: 0.002968
Iter 150 of 344 Loss: -0.077573, NCC_Loss: -0.080158, Reg: 0.002585
Iter 160 of 344 Loss: -0.078397, NCC_Loss: -0.081703, Reg: 0.003306
Iter 170 of 344 Loss: -0.086593, NCC_Loss: -0.089925, Reg: 0.003332
Iter 180 of 344 Loss: -0.075162, NCC_Loss: -0.078072, Reg: 0.002910
Iter 190 of 344 Loss: -0.079385, NCC_Loss: -0.082189, Reg: 0.002804
Iter 200 of 344 Loss: -0.083189, NCC_Loss: -0.086117, Reg: 0.002928
Iter 210 of 344 Loss: -0.073167, NCC_Loss: -0.076379, Reg: 0.003212
Iter 220 of 344 Loss: -0.074215, NCC_Loss: -0.077694, Reg: 0.003479
Iter 230 of 344 Loss: -0.079608, NCC_Loss: -0.082964, Reg: 0.003356
Iter 240 of 344 Loss: -0.078809, NCC_Loss: -0.081698, Reg: 0.002889
Iter 250 of 344 Loss: -0.075045, NCC_Loss: -0.078177, Reg: 0.003132
Iter 260 of 344 Loss: -0.077927, NCC_Loss: -0.081246, Reg: 0.003319
Iter 270 of 344 Loss: -0.078467, NCC_Loss: -0.081462, Reg: 0.002995
Iter 280 of 344 Loss: -0.069349, NCC_Loss: -0.072715, Reg: 0.003366
Iter 290 of 344 Loss: -0.073378, NCC_Loss: -0.076754, Reg: 0.003376
Iter 300 of 344 Loss: -0.076148, NCC_Loss: -0.079627, Reg: 0.003480
Iter 310 of 344 Loss: -0.077249, NCC_Loss: -0.080595, Reg: 0.003346
Iter 320 of 344 Loss: -0.080586, NCC_Loss: -0.083733, Reg: 0.003148
Iter 330 of 344 Loss: -0.087580, NCC_Loss: -0.091242, Reg: 0.003662
Iter 340 of 344 Loss: -0.080819, NCC_Loss: -0.084053, Reg: 0.003234
Epoch 255 Loss: -0.077161
Epoch 255 Validation: Mean EPE: 7.2704, Mean SSIM: 0.1836, Mean ZNCC: -0.0373
Epoch 256 starts
Iter 10 of 344 Loss: -0.077636, NCC_Loss: -0.080830, Reg: 0.003194
Iter 20 of 344 Loss: -0.085327, NCC_Loss: -0.088288, Reg: 0.002961
Iter 30 of 344 Loss: -0.074524, NCC_Loss: -0.077681, Reg: 0.003157
Iter 40 of 344 Loss: -0.075436, NCC_Loss: -0.078448, Reg: 0.003012
Iter 50 of 344 Loss: -0.078690, NCC_Loss: -0.081580, Reg: 0.002889
Iter 60 of 344 Loss: -0.075014, NCC_Loss: -0.077984, Reg: 0.002970
Iter 70 of 344 Loss: -0.074638, NCC_Loss: -0.077662, Reg: 0.003025
Iter 80 of 344 Loss: -0.081761, NCC_Loss: -0.085265, Reg: 0.003504
Iter 90 of 344 Loss: -0.079229, NCC_Loss: -0.082690, Reg: 0.003461
Iter 100 of 344 Loss: -0.075266, NCC_Loss: -0.078296, Reg: 0.003030
Iter 110 of 344 Loss: -0.077098, NCC_Loss: -0.080095, Reg: 0.002997
Iter 120 of 344 Loss: -0.070870, NCC_Loss: -0.074158, Reg: 0.003288
Iter 130 of 344 Loss: -0.073409, NCC_Loss: -0.076555, Reg: 0.003146
Iter 140 of 344 Loss: -0.078784, NCC_Loss: -0.082505, Reg: 0.003722
Iter 150 of 344 Loss: -0.077140, NCC_Loss: -0.080579, Reg: 0.003439
Iter 160 of 344 Loss: -0.071694, NCC_Loss: -0.074924, Reg: 0.003230
Iter 170 of 344 Loss: -0.084795, NCC_Loss: -0.088081, Reg: 0.003286
Iter 180 of 344 Loss: -0.076947, NCC_Loss: -0.080198, Reg: 0.003251
Iter 190 of 344 Loss: -0.070756, NCC_Loss: -0.073897, Reg: 0.003141
Iter 200 of 344 Loss: -0.071223, NCC_Loss: -0.074040, Reg: 0.002817
Iter 210 of 344 Loss: -0.082295, NCC_Loss: -0.085486, Reg: 0.003191
Iter 220 of 344 Loss: -0.081503, NCC_Loss: -0.084394, Reg: 0.002891
Iter 230 of 344 Loss: -0.078472, NCC_Loss: -0.081830, Reg: 0.003358
Iter 240 of 344 Loss: -0.071353, NCC_Loss: -0.074404, Reg: 0.003052
Iter 250 of 344 Loss: -0.077336, NCC_Loss: -0.080345, Reg: 0.003009
Iter 260 of 344 Loss: -0.078192, NCC_Loss: -0.081533, Reg: 0.003341
Iter 270 of 344 Loss: -0.073620, NCC_Loss: -0.076709, Reg: 0.003089
Iter 280 of 344 Loss: -0.074910, NCC_Loss: -0.078047, Reg: 0.003137
Iter 290 of 344 Loss: -0.073203, NCC_Loss: -0.076633, Reg: 0.003430
Iter 300 of 344 Loss: -0.075633, NCC_Loss: -0.078921, Reg: 0.003288
Iter 310 of 344 Loss: -0.081242, NCC_Loss: -0.084284, Reg: 0.003042
Iter 320 of 344 Loss: -0.076417, NCC_Loss: -0.079547, Reg: 0.003130
Iter 330 of 344 Loss: -0.083251, NCC_Loss: -0.086812, Reg: 0.003562
Iter 340 of 344 Loss: -0.078051, NCC_Loss: -0.081215, Reg: 0.003164
Epoch 256 Loss: -0.077185
Epoch 256 Validation: Mean EPE: 7.2705, Mean SSIM: 0.1836, Mean ZNCC: -0.0373
Epoch 257 starts
Iter 10 of 344 Loss: -0.075368, NCC_Loss: -0.078800, Reg: 0.003432
Iter 20 of 344 Loss: -0.079864, NCC_Loss: -0.082754, Reg: 0.002889
Iter 30 of 344 Loss: -0.076277, NCC_Loss: -0.079326, Reg: 0.003049
Iter 40 of 344 Loss: -0.074026, NCC_Loss: -0.077167, Reg: 0.003141
Iter 50 of 344 Loss: -0.082966, NCC_Loss: -0.086145, Reg: 0.003179
Iter 60 of 344 Loss: -0.073280, NCC_Loss: -0.076520, Reg: 0.003240
Iter 70 of 344 Loss: -0.068890, NCC_Loss: -0.072153, Reg: 0.003263
Iter 80 of 344 Loss: -0.078485, NCC_Loss: -0.081663, Reg: 0.003178
Iter 90 of 344 Loss: -0.082616, NCC_Loss: -0.085647, Reg: 0.003031
Iter 100 of 344 Loss: -0.073667, NCC_Loss: -0.077045, Reg: 0.003378
Iter 110 of 344 Loss: -0.078314, NCC_Loss: -0.081063, Reg: 0.002748
Iter 120 of 344 Loss: -0.079448, NCC_Loss: -0.082595, Reg: 0.003147
Iter 130 of 344 Loss: -0.078219, NCC_Loss: -0.081393, Reg: 0.003174
Iter 140 of 344 Loss: -0.079397, NCC_Loss: -0.082590, Reg: 0.003193
Iter 150 of 344 Loss: -0.077024, NCC_Loss: -0.080172, Reg: 0.003148
Iter 160 of 344 Loss: -0.080400, NCC_Loss: -0.083215, Reg: 0.002815
Iter 170 of 344 Loss: -0.075233, NCC_Loss: -0.078182, Reg: 0.002950
Iter 180 of 344 Loss: -0.082383, NCC_Loss: -0.085416, Reg: 0.003033
Iter 190 of 344 Loss: -0.077671, NCC_Loss: -0.080561, Reg: 0.002890
Iter 200 of 344 Loss: -0.071993, NCC_Loss: -0.075361, Reg: 0.003369
Iter 210 of 344 Loss: -0.076013, NCC_Loss: -0.079263, Reg: 0.003250
Iter 220 of 344 Loss: -0.079265, NCC_Loss: -0.082476, Reg: 0.003211
Iter 230 of 344 Loss: -0.078813, NCC_Loss: -0.082009, Reg: 0.003196
Iter 240 of 344 Loss: -0.074206, NCC_Loss: -0.077386, Reg: 0.003180
Iter 250 of 344 Loss: -0.081606, NCC_Loss: -0.085444, Reg: 0.003839
Iter 260 of 344 Loss: -0.082279, NCC_Loss: -0.085548, Reg: 0.003269
Iter 270 of 344 Loss: -0.082477, NCC_Loss: -0.085728, Reg: 0.003252
Iter 280 of 344 Loss: -0.068979, NCC_Loss: -0.072173, Reg: 0.003194
Iter 290 of 344 Loss: -0.075096, NCC_Loss: -0.078414, Reg: 0.003319
Iter 300 of 344 Loss: -0.079884, NCC_Loss: -0.083106, Reg: 0.003222
Iter 310 of 344 Loss: -0.074434, NCC_Loss: -0.077537, Reg: 0.003103
Iter 320 of 344 Loss: -0.075040, NCC_Loss: -0.077844, Reg: 0.002804
Iter 330 of 344 Loss: -0.079030, NCC_Loss: -0.082245, Reg: 0.003214
Iter 340 of 344 Loss: -0.079201, NCC_Loss: -0.082582, Reg: 0.003381
Epoch 257 Loss: -0.077211
Epoch 257 Validation: Mean EPE: 7.2705, Mean SSIM: 0.1836, Mean ZNCC: -0.0373
Epoch 258 starts
Iter 10 of 344 Loss: -0.077296, NCC_Loss: -0.080603, Reg: 0.003307
Iter 20 of 344 Loss: -0.077835, NCC_Loss: -0.081389, Reg: 0.003553
Iter 30 of 344 Loss: -0.076747, NCC_Loss: -0.079646, Reg: 0.002898
Iter 40 of 344 Loss: -0.082430, NCC_Loss: -0.085606, Reg: 0.003176
Iter 50 of 344 Loss: -0.082579, NCC_Loss: -0.085805, Reg: 0.003226
Iter 60 of 344 Loss: -0.079686, NCC_Loss: -0.083081, Reg: 0.003394
Iter 70 of 344 Loss: -0.072364, NCC_Loss: -0.075516, Reg: 0.003151
Iter 80 of 344 Loss: -0.080162, NCC_Loss: -0.083571, Reg: 0.003409
Iter 90 of 344 Loss: -0.081071, NCC_Loss: -0.084132, Reg: 0.003061
Iter 100 of 344 Loss: -0.081008, NCC_Loss: -0.084092, Reg: 0.003084
Iter 110 of 344 Loss: -0.081021, NCC_Loss: -0.084263, Reg: 0.003241
Iter 120 of 344 Loss: -0.077021, NCC_Loss: -0.080331, Reg: 0.003310
Iter 130 of 344 Loss: -0.075500, NCC_Loss: -0.078677, Reg: 0.003176
Iter 140 of 344 Loss: -0.088424, NCC_Loss: -0.091950, Reg: 0.003526
Iter 150 of 344 Loss: -0.077281, NCC_Loss: -0.080624, Reg: 0.003343
Iter 160 of 344 Loss: -0.076393, NCC_Loss: -0.079277, Reg: 0.002884
Iter 170 of 344 Loss: -0.073043, NCC_Loss: -0.076234, Reg: 0.003191
Iter 180 of 344 Loss: -0.076918, NCC_Loss: -0.080059, Reg: 0.003141
Iter 190 of 344 Loss: -0.079030, NCC_Loss: -0.082330, Reg: 0.003300
Iter 200 of 344 Loss: -0.074119, NCC_Loss: -0.077205, Reg: 0.003086
Iter 210 of 344 Loss: -0.070421, NCC_Loss: -0.073698, Reg: 0.003276
Iter 220 of 344 Loss: -0.073171, NCC_Loss: -0.076449, Reg: 0.003278
Iter 230 of 344 Loss: -0.074896, NCC_Loss: -0.077956, Reg: 0.003060
Iter 240 of 344 Loss: -0.079286, NCC_Loss: -0.082584, Reg: 0.003298
Iter 250 of 344 Loss: -0.075391, NCC_Loss: -0.078613, Reg: 0.003222
Iter 260 of 344 Loss: -0.081566, NCC_Loss: -0.084765, Reg: 0.003199
Iter 270 of 344 Loss: -0.080970, NCC_Loss: -0.084526, Reg: 0.003556
Iter 280 of 344 Loss: -0.075229, NCC_Loss: -0.078603, Reg: 0.003374
Iter 290 of 344 Loss: -0.076897, NCC_Loss: -0.080390, Reg: 0.003492
Iter 300 of 344 Loss: -0.079007, NCC_Loss: -0.082565, Reg: 0.003557
Iter 310 of 344 Loss: -0.078589, NCC_Loss: -0.081934, Reg: 0.003345
Iter 320 of 344 Loss: -0.079170, NCC_Loss: -0.082127, Reg: 0.002957
Iter 330 of 344 Loss: -0.078596, NCC_Loss: -0.082005, Reg: 0.003408
Iter 340 of 344 Loss: -0.077299, NCC_Loss: -0.081101, Reg: 0.003802
Epoch 258 Loss: -0.077196
Epoch 258 Validation: Mean EPE: 7.2706, Mean SSIM: 0.1836, Mean ZNCC: -0.0373
Epoch 259 starts
Iter 10 of 344 Loss: -0.075673, NCC_Loss: -0.078627, Reg: 0.002954
Iter 20 of 344 Loss: -0.074536, NCC_Loss: -0.077732, Reg: 0.003195
Iter 30 of 344 Loss: -0.074264, NCC_Loss: -0.077738, Reg: 0.003474
Iter 40 of 344 Loss: -0.076820, NCC_Loss: -0.079746, Reg: 0.002927
Iter 50 of 344 Loss: -0.070161, NCC_Loss: -0.073293, Reg: 0.003132
Iter 60 of 344 Loss: -0.073349, NCC_Loss: -0.076495, Reg: 0.003146
Iter 70 of 344 Loss: -0.083729, NCC_Loss: -0.087144, Reg: 0.003416
Iter 80 of 344 Loss: -0.077681, NCC_Loss: -0.080574, Reg: 0.002893
Iter 90 of 344 Loss: -0.075561, NCC_Loss: -0.078552, Reg: 0.002991
Iter 100 of 344 Loss: -0.077256, NCC_Loss: -0.080738, Reg: 0.003482
Iter 110 of 344 Loss: -0.077208, NCC_Loss: -0.080433, Reg: 0.003225
Iter 120 of 344 Loss: -0.073480, NCC_Loss: -0.076533, Reg: 0.003053
Iter 130 of 344 Loss: -0.072205, NCC_Loss: -0.075213, Reg: 0.003008
Iter 140 of 344 Loss: -0.078466, NCC_Loss: -0.081869, Reg: 0.003403
Iter 150 of 344 Loss: -0.080037, NCC_Loss: -0.083164, Reg: 0.003128
Iter 160 of 344 Loss: -0.078356, NCC_Loss: -0.082054, Reg: 0.003698
Iter 170 of 344 Loss: -0.074608, NCC_Loss: -0.077678, Reg: 0.003070
Iter 180 of 344 Loss: -0.080486, NCC_Loss: -0.083893, Reg: 0.003407
Iter 190 of 344 Loss: -0.074193, NCC_Loss: -0.077304, Reg: 0.003111
Iter 200 of 344 Loss: -0.075121, NCC_Loss: -0.078345, Reg: 0.003225
Iter 210 of 344 Loss: -0.076017, NCC_Loss: -0.078858, Reg: 0.002841
Iter 220 of 344 Loss: -0.080878, NCC_Loss: -0.084253, Reg: 0.003375
Iter 230 of 344 Loss: -0.075629, NCC_Loss: -0.078596, Reg: 0.002967
Iter 240 of 344 Loss: -0.074604, NCC_Loss: -0.077940, Reg: 0.003336
Iter 250 of 344 Loss: -0.080267, NCC_Loss: -0.083220, Reg: 0.002953
Iter 260 of 344 Loss: -0.070089, NCC_Loss: -0.072911, Reg: 0.002822
Iter 270 of 344 Loss: -0.081064, NCC_Loss: -0.084051, Reg: 0.002987
Iter 280 of 344 Loss: -0.076043, NCC_Loss: -0.079519, Reg: 0.003477
Iter 290 of 344 Loss: -0.084898, NCC_Loss: -0.088295, Reg: 0.003397
Iter 300 of 344 Loss: -0.076090, NCC_Loss: -0.079278, Reg: 0.003188
Iter 310 of 344 Loss: -0.081634, NCC_Loss: -0.084817, Reg: 0.003183
Iter 320 of 344 Loss: -0.080231, NCC_Loss: -0.083591, Reg: 0.003360
Iter 330 of 344 Loss: -0.079558, NCC_Loss: -0.082546, Reg: 0.002988
Iter 340 of 344 Loss: -0.079934, NCC_Loss: -0.083325, Reg: 0.003392
Epoch 259 Loss: -0.077196
Epoch 259 Validation: Mean EPE: 7.2707, Mean SSIM: 0.1837, Mean ZNCC: -0.0373
Epoch 260 starts
Iter 10 of 344 Loss: -0.074536, NCC_Loss: -0.077814, Reg: 0.003278
Iter 20 of 344 Loss: -0.083103, NCC_Loss: -0.086196, Reg: 0.003093
Iter 30 of 344 Loss: -0.072575, NCC_Loss: -0.076001, Reg: 0.003426
Iter 40 of 344 Loss: -0.075487, NCC_Loss: -0.078822, Reg: 0.003335
Iter 50 of 344 Loss: -0.077991, NCC_Loss: -0.080836, Reg: 0.002845
Iter 60 of 344 Loss: -0.076343, NCC_Loss: -0.079255, Reg: 0.002912
Iter 70 of 344 Loss: -0.076123, NCC_Loss: -0.079045, Reg: 0.002922
Iter 80 of 344 Loss: -0.076193, NCC_Loss: -0.079319, Reg: 0.003127
Iter 90 of 344 Loss: -0.083440, NCC_Loss: -0.086588, Reg: 0.003148
Iter 100 of 344 Loss: -0.073673, NCC_Loss: -0.077286, Reg: 0.003613
Iter 110 of 344 Loss: -0.081145, NCC_Loss: -0.084658, Reg: 0.003513
Iter 120 of 344 Loss: -0.073227, NCC_Loss: -0.076551, Reg: 0.003324
Iter 130 of 344 Loss: -0.078320, NCC_Loss: -0.081577, Reg: 0.003257
Iter 140 of 344 Loss: -0.076261, NCC_Loss: -0.079463, Reg: 0.003202
Iter 150 of 344 Loss: -0.076196, NCC_Loss: -0.079429, Reg: 0.003233
Iter 160 of 344 Loss: -0.077404, NCC_Loss: -0.080711, Reg: 0.003307
Iter 170 of 344 Loss: -0.083350, NCC_Loss: -0.086576, Reg: 0.003226
Iter 180 of 344 Loss: -0.072438, NCC_Loss: -0.075714, Reg: 0.003276
Iter 190 of 344 Loss: -0.076929, NCC_Loss: -0.079958, Reg: 0.003028
Iter 200 of 344 Loss: -0.076487, NCC_Loss: -0.079457, Reg: 0.002970
Iter 210 of 344 Loss: -0.070663, NCC_Loss: -0.074279, Reg: 0.003617
Iter 220 of 344 Loss: -0.082042, NCC_Loss: -0.085275, Reg: 0.003234
Iter 230 of 344 Loss: -0.078557, NCC_Loss: -0.082061, Reg: 0.003504
Iter 240 of 344 Loss: -0.076381, NCC_Loss: -0.079476, Reg: 0.003095
Iter 250 of 344 Loss: -0.077864, NCC_Loss: -0.080912, Reg: 0.003048
Iter 260 of 344 Loss: -0.076520, NCC_Loss: -0.079294, Reg: 0.002774
Iter 270 of 344 Loss: -0.084941, NCC_Loss: -0.088094, Reg: 0.003153
Iter 280 of 344 Loss: -0.084113, NCC_Loss: -0.087385, Reg: 0.003272
Iter 290 of 344 Loss: -0.082602, NCC_Loss: -0.085835, Reg: 0.003233
Iter 300 of 344 Loss: -0.076001, NCC_Loss: -0.079323, Reg: 0.003321
Iter 310 of 344 Loss: -0.081906, NCC_Loss: -0.085165, Reg: 0.003259
Iter 320 of 344 Loss: -0.078893, NCC_Loss: -0.082083, Reg: 0.003190
Iter 330 of 344 Loss: -0.072537, NCC_Loss: -0.075517, Reg: 0.002980
Iter 340 of 344 Loss: -0.077828, NCC_Loss: -0.081392, Reg: 0.003565
Epoch 260 Loss: -0.077217
Epoch 260 Validation: Mean EPE: 7.2707, Mean SSIM: 0.1837, Mean ZNCC: -0.0373
Epoch 261 starts
Iter 10 of 344 Loss: -0.071851, NCC_Loss: -0.074994, Reg: 0.003143
Iter 20 of 344 Loss: -0.075435, NCC_Loss: -0.078400, Reg: 0.002964
Iter 30 of 344 Loss: -0.080686, NCC_Loss: -0.083648, Reg: 0.002962
Iter 40 of 344 Loss: -0.074940, NCC_Loss: -0.078043, Reg: 0.003102
Iter 50 of 344 Loss: -0.075549, NCC_Loss: -0.079084, Reg: 0.003536
Iter 60 of 344 Loss: -0.079044, NCC_Loss: -0.082117, Reg: 0.003073
Iter 70 of 344 Loss: -0.070660, NCC_Loss: -0.073620, Reg: 0.002960
Iter 80 of 344 Loss: -0.081113, NCC_Loss: -0.084425, Reg: 0.003312
Iter 90 of 344 Loss: -0.078368, NCC_Loss: -0.081608, Reg: 0.003241
Iter 100 of 344 Loss: -0.079544, NCC_Loss: -0.082569, Reg: 0.003024
Iter 110 of 344 Loss: -0.078572, NCC_Loss: -0.081738, Reg: 0.003166
Iter 120 of 344 Loss: -0.072261, NCC_Loss: -0.075749, Reg: 0.003488
Iter 130 of 344 Loss: -0.075609, NCC_Loss: -0.078591, Reg: 0.002981
Iter 140 of 344 Loss: -0.078261, NCC_Loss: -0.081177, Reg: 0.002916
Iter 150 of 344 Loss: -0.070913, NCC_Loss: -0.074349, Reg: 0.003436
Iter 160 of 344 Loss: -0.082186, NCC_Loss: -0.085423, Reg: 0.003237
Iter 170 of 344 Loss: -0.078819, NCC_Loss: -0.081909, Reg: 0.003090
Iter 180 of 344 Loss: -0.067666, NCC_Loss: -0.070835, Reg: 0.003169
Iter 190 of 344 Loss: -0.080310, NCC_Loss: -0.083599, Reg: 0.003289
Iter 200 of 344 Loss: -0.073912, NCC_Loss: -0.077191, Reg: 0.003278
Iter 210 of 344 Loss: -0.077976, NCC_Loss: -0.080807, Reg: 0.002831
Iter 220 of 344 Loss: -0.082458, NCC_Loss: -0.085505, Reg: 0.003047
Iter 230 of 344 Loss: -0.076953, NCC_Loss: -0.079964, Reg: 0.003011
Iter 240 of 344 Loss: -0.082424, NCC_Loss: -0.085520, Reg: 0.003096
Iter 250 of 344 Loss: -0.078015, NCC_Loss: -0.080745, Reg: 0.002731
Iter 260 of 344 Loss: -0.067431, NCC_Loss: -0.070643, Reg: 0.003212
Iter 270 of 344 Loss: -0.079406, NCC_Loss: -0.082703, Reg: 0.003297
Iter 280 of 344 Loss: -0.081763, NCC_Loss: -0.084965, Reg: 0.003202
Iter 290 of 344 Loss: -0.078186, NCC_Loss: -0.080816, Reg: 0.002630
Iter 300 of 344 Loss: -0.078183, NCC_Loss: -0.081793, Reg: 0.003610
Iter 310 of 344 Loss: -0.069202, NCC_Loss: -0.072365, Reg: 0.003163
Iter 320 of 344 Loss: -0.078418, NCC_Loss: -0.081170, Reg: 0.002752
Iter 330 of 344 Loss: -0.079165, NCC_Loss: -0.082153, Reg: 0.002988
Iter 340 of 344 Loss: -0.073900, NCC_Loss: -0.076779, Reg: 0.002879
Epoch 261 Loss: -0.077241
Epoch 261 Validation: Mean EPE: 7.2708, Mean SSIM: 0.1837, Mean ZNCC: -0.0373
Epoch 262 starts
Iter 10 of 344 Loss: -0.077908, NCC_Loss: -0.080838, Reg: 0.002930
Iter 20 of 344 Loss: -0.078656, NCC_Loss: -0.081911, Reg: 0.003255
Iter 30 of 344 Loss: -0.077030, NCC_Loss: -0.079977, Reg: 0.002947
Iter 40 of 344 Loss: -0.071833, NCC_Loss: -0.074616, Reg: 0.002783
Iter 50 of 344 Loss: -0.075186, NCC_Loss: -0.078289, Reg: 0.003103
Iter 60 of 344 Loss: -0.073632, NCC_Loss: -0.076706, Reg: 0.003074
Iter 70 of 344 Loss: -0.079249, NCC_Loss: -0.082658, Reg: 0.003409
Iter 80 of 344 Loss: -0.078922, NCC_Loss: -0.082153, Reg: 0.003231
Iter 90 of 344 Loss: -0.076065, NCC_Loss: -0.079382, Reg: 0.003318
Iter 100 of 344 Loss: -0.071216, NCC_Loss: -0.074726, Reg: 0.003511
Iter 110 of 344 Loss: -0.079754, NCC_Loss: -0.082939, Reg: 0.003186
Iter 120 of 344 Loss: -0.076588, NCC_Loss: -0.079694, Reg: 0.003106
Iter 130 of 344 Loss: -0.074352, NCC_Loss: -0.077744, Reg: 0.003392
Iter 140 of 344 Loss: -0.076900, NCC_Loss: -0.079748, Reg: 0.002848
Iter 150 of 344 Loss: -0.069165, NCC_Loss: -0.072138, Reg: 0.002973
Iter 160 of 344 Loss: -0.081845, NCC_Loss: -0.085299, Reg: 0.003454
Iter 170 of 344 Loss: -0.077654, NCC_Loss: -0.080521, Reg: 0.002867
Iter 180 of 344 Loss: -0.081482, NCC_Loss: -0.084405, Reg: 0.002923
Iter 190 of 344 Loss: -0.079142, NCC_Loss: -0.082102, Reg: 0.002960
Iter 200 of 344 Loss: -0.075549, NCC_Loss: -0.078966, Reg: 0.003417
Iter 210 of 344 Loss: -0.077348, NCC_Loss: -0.080471, Reg: 0.003123
Iter 220 of 344 Loss: -0.073294, NCC_Loss: -0.076503, Reg: 0.003209
Iter 230 of 344 Loss: -0.080427, NCC_Loss: -0.083444, Reg: 0.003017
Iter 240 of 344 Loss: -0.074353, NCC_Loss: -0.077284, Reg: 0.002930
Iter 250 of 344 Loss: -0.073180, NCC_Loss: -0.076273, Reg: 0.003092
Iter 260 of 344 Loss: -0.079532, NCC_Loss: -0.082705, Reg: 0.003174
Iter 270 of 344 Loss: -0.076337, NCC_Loss: -0.079267, Reg: 0.002931
Iter 280 of 344 Loss: -0.076431, NCC_Loss: -0.079834, Reg: 0.003404
Iter 290 of 344 Loss: -0.081297, NCC_Loss: -0.084473, Reg: 0.003176
Iter 300 of 344 Loss: -0.076335, NCC_Loss: -0.079323, Reg: 0.002988
Iter 310 of 344 Loss: -0.079861, NCC_Loss: -0.083124, Reg: 0.003263
Iter 320 of 344 Loss: -0.080901, NCC_Loss: -0.084221, Reg: 0.003320
Iter 330 of 344 Loss: -0.075494, NCC_Loss: -0.078972, Reg: 0.003478
Iter 340 of 344 Loss: -0.076295, NCC_Loss: -0.079620, Reg: 0.003325
Epoch 262 Loss: -0.077275
Epoch 262 Validation: Mean EPE: 7.2708, Mean SSIM: 0.1838, Mean ZNCC: -0.0373
Epoch 263 starts
Iter 10 of 344 Loss: -0.077149, NCC_Loss: -0.080774, Reg: 0.003625
Iter 20 of 344 Loss: -0.075386, NCC_Loss: -0.078455, Reg: 0.003069
Iter 30 of 344 Loss: -0.078757, NCC_Loss: -0.082371, Reg: 0.003614
Iter 40 of 344 Loss: -0.076418, NCC_Loss: -0.079421, Reg: 0.003004
Iter 50 of 344 Loss: -0.084351, NCC_Loss: -0.087607, Reg: 0.003256
Iter 60 of 344 Loss: -0.079977, NCC_Loss: -0.083074, Reg: 0.003097
Iter 70 of 344 Loss: -0.076641, NCC_Loss: -0.080070, Reg: 0.003429
Iter 80 of 344 Loss: -0.082002, NCC_Loss: -0.085092, Reg: 0.003090
Iter 90 of 344 Loss: -0.073234, NCC_Loss: -0.076580, Reg: 0.003346
Iter 100 of 344 Loss: -0.080605, NCC_Loss: -0.084090, Reg: 0.003486
Iter 110 of 344 Loss: -0.076881, NCC_Loss: -0.080772, Reg: 0.003891
Iter 120 of 344 Loss: -0.071206, NCC_Loss: -0.074658, Reg: 0.003452
Iter 130 of 344 Loss: -0.077591, NCC_Loss: -0.080828, Reg: 0.003236
Iter 140 of 344 Loss: -0.082877, NCC_Loss: -0.086025, Reg: 0.003148
Iter 150 of 344 Loss: -0.071297, NCC_Loss: -0.074744, Reg: 0.003447
Iter 160 of 344 Loss: -0.080954, NCC_Loss: -0.084217, Reg: 0.003263
Iter 170 of 344 Loss: -0.076765, NCC_Loss: -0.079780, Reg: 0.003015
Iter 180 of 344 Loss: -0.073249, NCC_Loss: -0.076172, Reg: 0.002923
Iter 190 of 344 Loss: -0.073968, NCC_Loss: -0.076958, Reg: 0.002990
Iter 200 of 344 Loss: -0.076802, NCC_Loss: -0.079968, Reg: 0.003166
Iter 210 of 344 Loss: -0.079337, NCC_Loss: -0.082078, Reg: 0.002741
Iter 220 of 344 Loss: -0.075847, NCC_Loss: -0.078861, Reg: 0.003014
Iter 230 of 344 Loss: -0.075130, NCC_Loss: -0.078495, Reg: 0.003365
Iter 240 of 344 Loss: -0.078881, NCC_Loss: -0.081666, Reg: 0.002785
Iter 250 of 344 Loss: -0.080958, NCC_Loss: -0.084015, Reg: 0.003057
Iter 260 of 344 Loss: -0.076726, NCC_Loss: -0.079809, Reg: 0.003082
Iter 270 of 344 Loss: -0.078964, NCC_Loss: -0.081990, Reg: 0.003026
Iter 280 of 344 Loss: -0.072726, NCC_Loss: -0.075845, Reg: 0.003119
Iter 290 of 344 Loss: -0.072337, NCC_Loss: -0.075005, Reg: 0.002668
Iter 300 of 344 Loss: -0.077336, NCC_Loss: -0.080307, Reg: 0.002971
Iter 310 of 344 Loss: -0.077420, NCC_Loss: -0.080495, Reg: 0.003075
Iter 320 of 344 Loss: -0.080783, NCC_Loss: -0.083821, Reg: 0.003037
Iter 330 of 344 Loss: -0.075607, NCC_Loss: -0.078720, Reg: 0.003113
Iter 340 of 344 Loss: -0.083179, NCC_Loss: -0.086438, Reg: 0.003259
Epoch 263 Loss: -0.077300
Epoch 263 Validation: Mean EPE: 7.2708, Mean SSIM: 0.1838, Mean ZNCC: -0.0373
Epoch 264 starts
Iter 10 of 344 Loss: -0.071685, NCC_Loss: -0.074646, Reg: 0.002962
Iter 20 of 344 Loss: -0.075675, NCC_Loss: -0.078654, Reg: 0.002979
Iter 30 of 344 Loss: -0.076561, NCC_Loss: -0.079810, Reg: 0.003249
Iter 40 of 344 Loss: -0.074166, NCC_Loss: -0.077501, Reg: 0.003335
Iter 50 of 344 Loss: -0.074487, NCC_Loss: -0.077584, Reg: 0.003098
Iter 60 of 344 Loss: -0.082860, NCC_Loss: -0.085989, Reg: 0.003129
Iter 70 of 344 Loss: -0.069205, NCC_Loss: -0.072511, Reg: 0.003306
Iter 80 of 344 Loss: -0.079224, NCC_Loss: -0.082292, Reg: 0.003067
Iter 90 of 344 Loss: -0.078867, NCC_Loss: -0.081949, Reg: 0.003082
Iter 100 of 344 Loss: -0.080459, NCC_Loss: -0.083643, Reg: 0.003184
Iter 110 of 344 Loss: -0.076349, NCC_Loss: -0.079742, Reg: 0.003393
Iter 120 of 344 Loss: -0.071930, NCC_Loss: -0.074901, Reg: 0.002971
Iter 130 of 344 Loss: -0.069866, NCC_Loss: -0.072881, Reg: 0.003015
Iter 140 of 344 Loss: -0.068205, NCC_Loss: -0.071496, Reg: 0.003291
Iter 150 of 344 Loss: -0.084125, NCC_Loss: -0.087001, Reg: 0.002875
Iter 160 of 344 Loss: -0.079770, NCC_Loss: -0.083180, Reg: 0.003410
Iter 170 of 344 Loss: -0.081197, NCC_Loss: -0.084573, Reg: 0.003376
Iter 180 of 344 Loss: -0.078326, NCC_Loss: -0.081138, Reg: 0.002812
Iter 190 of 344 Loss: -0.082779, NCC_Loss: -0.085892, Reg: 0.003113
Iter 200 of 344 Loss: -0.080180, NCC_Loss: -0.083153, Reg: 0.002972
Iter 210 of 344 Loss: -0.073855, NCC_Loss: -0.076986, Reg: 0.003131
Iter 220 of 344 Loss: -0.081224, NCC_Loss: -0.084622, Reg: 0.003398
Iter 230 of 344 Loss: -0.085340, NCC_Loss: -0.088361, Reg: 0.003021
Iter 240 of 344 Loss: -0.084781, NCC_Loss: -0.087709, Reg: 0.002928
Iter 250 of 344 Loss: -0.080373, NCC_Loss: -0.083155, Reg: 0.002782
Iter 260 of 344 Loss: -0.075776, NCC_Loss: -0.079218, Reg: 0.003442
Iter 270 of 344 Loss: -0.080280, NCC_Loss: -0.083207, Reg: 0.002927
Iter 280 of 344 Loss: -0.076426, NCC_Loss: -0.079947, Reg: 0.003521
Iter 290 of 344 Loss: -0.072958, NCC_Loss: -0.076658, Reg: 0.003700
Iter 300 of 344 Loss: -0.078673, NCC_Loss: -0.082170, Reg: 0.003497
Iter 310 of 344 Loss: -0.078711, NCC_Loss: -0.081693, Reg: 0.002982
Iter 320 of 344 Loss: -0.076124, NCC_Loss: -0.079361, Reg: 0.003237
Iter 330 of 344 Loss: -0.081260, NCC_Loss: -0.084338, Reg: 0.003078
Iter 340 of 344 Loss: -0.074854, NCC_Loss: -0.078179, Reg: 0.003325
Epoch 264 Loss: -0.077325
Epoch 264 Validation: Mean EPE: 7.2709, Mean SSIM: 0.1839, Mean ZNCC: -0.0373
Epoch 265 starts
Iter 10 of 344 Loss: -0.071679, NCC_Loss: -0.074555, Reg: 0.002876
Iter 20 of 344 Loss: -0.077077, NCC_Loss: -0.080173, Reg: 0.003096
Iter 30 of 344 Loss: -0.080186, NCC_Loss: -0.083053, Reg: 0.002866
Iter 40 of 344 Loss: -0.075876, NCC_Loss: -0.079147, Reg: 0.003271
Iter 50 of 344 Loss: -0.078105, NCC_Loss: -0.081323, Reg: 0.003218
Iter 60 of 344 Loss: -0.071366, NCC_Loss: -0.074346, Reg: 0.002980
Iter 70 of 344 Loss: -0.076929, NCC_Loss: -0.079936, Reg: 0.003007
Iter 80 of 344 Loss: -0.084530, NCC_Loss: -0.088007, Reg: 0.003477
Iter 90 of 344 Loss: -0.077173, NCC_Loss: -0.080687, Reg: 0.003514
Iter 100 of 344 Loss: -0.086949, NCC_Loss: -0.090107, Reg: 0.003158
Iter 110 of 344 Loss: -0.075243, NCC_Loss: -0.078269, Reg: 0.003027
Iter 120 of 344 Loss: -0.071358, NCC_Loss: -0.074485, Reg: 0.003127
Iter 130 of 344 Loss: -0.071480, NCC_Loss: -0.074443, Reg: 0.002963
Iter 140 of 344 Loss: -0.085608, NCC_Loss: -0.088751, Reg: 0.003144
Iter 150 of 344 Loss: -0.073071, NCC_Loss: -0.076136, Reg: 0.003065
Iter 160 of 344 Loss: -0.083933, NCC_Loss: -0.087516, Reg: 0.003582
Iter 170 of 344 Loss: -0.075863, NCC_Loss: -0.079382, Reg: 0.003519
Iter 180 of 344 Loss: -0.080140, NCC_Loss: -0.083162, Reg: 0.003022
Iter 190 of 344 Loss: -0.090400, NCC_Loss: -0.093324, Reg: 0.002924
Iter 200 of 344 Loss: -0.077953, NCC_Loss: -0.081127, Reg: 0.003174
Iter 210 of 344 Loss: -0.078303, NCC_Loss: -0.081600, Reg: 0.003296
Iter 220 of 344 Loss: -0.075675, NCC_Loss: -0.078782, Reg: 0.003107
Iter 230 of 344 Loss: -0.078990, NCC_Loss: -0.081972, Reg: 0.002983
Iter 240 of 344 Loss: -0.071949, NCC_Loss: -0.075044, Reg: 0.003095
Iter 250 of 344 Loss: -0.073440, NCC_Loss: -0.076620, Reg: 0.003180
Iter 260 of 344 Loss: -0.081657, NCC_Loss: -0.085282, Reg: 0.003625
Iter 270 of 344 Loss: -0.084131, NCC_Loss: -0.087352, Reg: 0.003221
Iter 280 of 344 Loss: -0.077373, NCC_Loss: -0.080515, Reg: 0.003143
Iter 290 of 344 Loss: -0.078427, NCC_Loss: -0.081542, Reg: 0.003115
Iter 300 of 344 Loss: -0.083917, NCC_Loss: -0.086911, Reg: 0.002994
Iter 310 of 344 Loss: -0.083518, NCC_Loss: -0.086352, Reg: 0.002834
Iter 320 of 344 Loss: -0.074646, NCC_Loss: -0.077882, Reg: 0.003236
Iter 330 of 344 Loss: -0.082132, NCC_Loss: -0.085363, Reg: 0.003232
Iter 340 of 344 Loss: -0.076764, NCC_Loss: -0.079764, Reg: 0.003000
Epoch 265 Loss: -0.077343
Epoch 265 Validation: Mean EPE: 7.2709, Mean SSIM: 0.1839, Mean ZNCC: -0.0373
Epoch 266 starts
Iter 10 of 344 Loss: -0.074929, NCC_Loss: -0.078255, Reg: 0.003326
Iter 20 of 344 Loss: -0.073870, NCC_Loss: -0.076891, Reg: 0.003022
Iter 30 of 344 Loss: -0.076871, NCC_Loss: -0.079641, Reg: 0.002770
Iter 40 of 344 Loss: -0.077409, NCC_Loss: -0.080294, Reg: 0.002885
Iter 50 of 344 Loss: -0.067616, NCC_Loss: -0.070180, Reg: 0.002564
Iter 60 of 344 Loss: -0.072234, NCC_Loss: -0.075396, Reg: 0.003162
Iter 70 of 344 Loss: -0.074799, NCC_Loss: -0.077687, Reg: 0.002888
Iter 80 of 344 Loss: -0.077566, NCC_Loss: -0.080642, Reg: 0.003077
Iter 90 of 344 Loss: -0.074156, NCC_Loss: -0.077264, Reg: 0.003109
Iter 100 of 344 Loss: -0.074853, NCC_Loss: -0.077884, Reg: 0.003031
Iter 110 of 344 Loss: -0.077112, NCC_Loss: -0.080300, Reg: 0.003188
Iter 120 of 344 Loss: -0.080709, NCC_Loss: -0.083929, Reg: 0.003220
Iter 130 of 344 Loss: -0.076929, NCC_Loss: -0.080188, Reg: 0.003258
Iter 140 of 344 Loss: -0.077921, NCC_Loss: -0.080940, Reg: 0.003019
Iter 150 of 344 Loss: -0.081458, NCC_Loss: -0.084389, Reg: 0.002931
Iter 160 of 344 Loss: -0.069832, NCC_Loss: -0.072709, Reg: 0.002877
Iter 170 of 344 Loss: -0.075913, NCC_Loss: -0.078770, Reg: 0.002858
Iter 180 of 344 Loss: -0.082122, NCC_Loss: -0.084987, Reg: 0.002865
Iter 190 of 344 Loss: -0.083557, NCC_Loss: -0.086823, Reg: 0.003266
Iter 200 of 344 Loss: -0.076187, NCC_Loss: -0.079670, Reg: 0.003484
Iter 210 of 344 Loss: -0.085185, NCC_Loss: -0.088194, Reg: 0.003009
Iter 220 of 344 Loss: -0.075713, NCC_Loss: -0.078525, Reg: 0.002813
Iter 230 of 344 Loss: -0.076518, NCC_Loss: -0.079674, Reg: 0.003156
Iter 240 of 344 Loss: -0.082944, NCC_Loss: -0.086110, Reg: 0.003166
Iter 250 of 344 Loss: -0.083540, NCC_Loss: -0.086415, Reg: 0.002875
Iter 260 of 344 Loss: -0.076534, NCC_Loss: -0.079592, Reg: 0.003058
Iter 270 of 344 Loss: -0.075597, NCC_Loss: -0.078569, Reg: 0.002972
Iter 280 of 344 Loss: -0.072256, NCC_Loss: -0.075683, Reg: 0.003427
Iter 290 of 344 Loss: -0.075534, NCC_Loss: -0.078694, Reg: 0.003160
Iter 300 of 344 Loss: -0.076502, NCC_Loss: -0.079744, Reg: 0.003242
Iter 310 of 344 Loss: -0.080137, NCC_Loss: -0.083353, Reg: 0.003216
Iter 320 of 344 Loss: -0.076486, NCC_Loss: -0.079833, Reg: 0.003347
Iter 330 of 344 Loss: -0.076870, NCC_Loss: -0.079908, Reg: 0.003038
Iter 340 of 344 Loss: -0.077634, NCC_Loss: -0.080820, Reg: 0.003186
Epoch 266 Loss: -0.077361
Epoch 266 Validation: Mean EPE: 7.2710, Mean SSIM: 0.1839, Mean ZNCC: -0.0373
Epoch 267 starts
Iter 10 of 344 Loss: -0.076270, NCC_Loss: -0.079728, Reg: 0.003458
Iter 20 of 344 Loss: -0.075160, NCC_Loss: -0.078160, Reg: 0.003000
Iter 30 of 344 Loss: -0.071452, NCC_Loss: -0.074550, Reg: 0.003098
Iter 40 of 344 Loss: -0.080578, NCC_Loss: -0.084039, Reg: 0.003461
Iter 50 of 344 Loss: -0.077802, NCC_Loss: -0.080708, Reg: 0.002906
Iter 60 of 344 Loss: -0.076176, NCC_Loss: -0.079352, Reg: 0.003176
Iter 70 of 344 Loss: -0.077235, NCC_Loss: -0.080237, Reg: 0.003001
Iter 80 of 344 Loss: -0.073565, NCC_Loss: -0.076802, Reg: 0.003237
Iter 90 of 344 Loss: -0.083107, NCC_Loss: -0.086414, Reg: 0.003306
Iter 100 of 344 Loss: -0.078177, NCC_Loss: -0.081602, Reg: 0.003425
Iter 110 of 344 Loss: -0.076230, NCC_Loss: -0.079685, Reg: 0.003454
Iter 120 of 344 Loss: -0.076053, NCC_Loss: -0.079207, Reg: 0.003154
Iter 130 of 344 Loss: -0.084955, NCC_Loss: -0.088174, Reg: 0.003219
Iter 140 of 344 Loss: -0.081033, NCC_Loss: -0.084284, Reg: 0.003251
Iter 150 of 344 Loss: -0.084716, NCC_Loss: -0.087974, Reg: 0.003258
Iter 160 of 344 Loss: -0.079958, NCC_Loss: -0.082789, Reg: 0.002831
Iter 170 of 344 Loss: -0.076932, NCC_Loss: -0.080168, Reg: 0.003236
Iter 180 of 344 Loss: -0.067256, NCC_Loss: -0.070401, Reg: 0.003145
Iter 190 of 344 Loss: -0.081596, NCC_Loss: -0.084269, Reg: 0.002673
Iter 200 of 344 Loss: -0.073111, NCC_Loss: -0.076286, Reg: 0.003175
Iter 210 of 344 Loss: -0.074380, NCC_Loss: -0.077520, Reg: 0.003140
Iter 220 of 344 Loss: -0.079983, NCC_Loss: -0.083409, Reg: 0.003427
Iter 230 of 344 Loss: -0.075069, NCC_Loss: -0.078432, Reg: 0.003363
Iter 240 of 344 Loss: -0.079621, NCC_Loss: -0.082612, Reg: 0.002992
Iter 250 of 344 Loss: -0.079869, NCC_Loss: -0.082856, Reg: 0.002986
Iter 260 of 344 Loss: -0.083110, NCC_Loss: -0.086533, Reg: 0.003423
Iter 270 of 344 Loss: -0.079131, NCC_Loss: -0.081966, Reg: 0.002835
Iter 280 of 344 Loss: -0.070134, NCC_Loss: -0.073234, Reg: 0.003101
Iter 290 of 344 Loss: -0.082309, NCC_Loss: -0.085291, Reg: 0.002982
Iter 300 of 344 Loss: -0.078443, NCC_Loss: -0.081544, Reg: 0.003101
Iter 310 of 344 Loss: -0.078987, NCC_Loss: -0.081947, Reg: 0.002960
Iter 320 of 344 Loss: -0.079222, NCC_Loss: -0.082196, Reg: 0.002975
Iter 330 of 344 Loss: -0.074178, NCC_Loss: -0.077274, Reg: 0.003096
Iter 340 of 344 Loss: -0.072768, NCC_Loss: -0.076012, Reg: 0.003245
Epoch 267 Loss: -0.077384
Epoch 267 Validation: Mean EPE: 7.2710, Mean SSIM: 0.1839, Mean ZNCC: -0.0372
Epoch 268 starts
Iter 10 of 344 Loss: -0.077113, NCC_Loss: -0.080327, Reg: 0.003214
Iter 20 of 344 Loss: -0.081734, NCC_Loss: -0.085185, Reg: 0.003451
Iter 30 of 344 Loss: -0.075328, NCC_Loss: -0.078759, Reg: 0.003431
Iter 40 of 344 Loss: -0.079056, NCC_Loss: -0.082171, Reg: 0.003115
Iter 50 of 344 Loss: -0.077354, NCC_Loss: -0.080763, Reg: 0.003409
Iter 60 of 344 Loss: -0.075562, NCC_Loss: -0.078669, Reg: 0.003107
Iter 70 of 344 Loss: -0.074631, NCC_Loss: -0.077788, Reg: 0.003156
Iter 80 of 344 Loss: -0.074933, NCC_Loss: -0.077991, Reg: 0.003058
Iter 90 of 344 Loss: -0.080461, NCC_Loss: -0.083160, Reg: 0.002700
Iter 100 of 344 Loss: -0.073462, NCC_Loss: -0.076604, Reg: 0.003142
Iter 110 of 344 Loss: -0.087333, NCC_Loss: -0.090207, Reg: 0.002874
Iter 120 of 344 Loss: -0.075060, NCC_Loss: -0.077906, Reg: 0.002846
Iter 130 of 344 Loss: -0.076101, NCC_Loss: -0.079141, Reg: 0.003040
Iter 140 of 344 Loss: -0.073730, NCC_Loss: -0.077007, Reg: 0.003277
Iter 150 of 344 Loss: -0.071328, NCC_Loss: -0.074345, Reg: 0.003016
Iter 160 of 344 Loss: -0.078655, NCC_Loss: -0.081855, Reg: 0.003199
Iter 170 of 344 Loss: -0.072461, NCC_Loss: -0.075855, Reg: 0.003394
Iter 180 of 344 Loss: -0.078641, NCC_Loss: -0.081402, Reg: 0.002761
Iter 190 of 344 Loss: -0.070661, NCC_Loss: -0.073738, Reg: 0.003077
Iter 200 of 344 Loss: -0.071266, NCC_Loss: -0.074759, Reg: 0.003493
Iter 210 of 344 Loss: -0.075955, NCC_Loss: -0.078924, Reg: 0.002969
Iter 220 of 344 Loss: -0.082387, NCC_Loss: -0.085536, Reg: 0.003150
Iter 230 of 344 Loss: -0.087285, NCC_Loss: -0.090164, Reg: 0.002879
Iter 240 of 344 Loss: -0.069332, NCC_Loss: -0.072711, Reg: 0.003379
Iter 250 of 344 Loss: -0.078341, NCC_Loss: -0.081477, Reg: 0.003136
Iter 260 of 344 Loss: -0.076168, NCC_Loss: -0.079243, Reg: 0.003075
Iter 270 of 344 Loss: -0.076101, NCC_Loss: -0.079487, Reg: 0.003386
Iter 280 of 344 Loss: -0.075735, NCC_Loss: -0.078582, Reg: 0.002847
Iter 290 of 344 Loss: -0.077053, NCC_Loss: -0.080210, Reg: 0.003157
Iter 300 of 344 Loss: -0.074446, NCC_Loss: -0.077638, Reg: 0.003191
Iter 310 of 344 Loss: -0.081920, NCC_Loss: -0.085010, Reg: 0.003089
Iter 320 of 344 Loss: -0.069959, NCC_Loss: -0.072839, Reg: 0.002880
Iter 330 of 344 Loss: -0.076904, NCC_Loss: -0.079543, Reg: 0.002639
Iter 340 of 344 Loss: -0.078440, NCC_Loss: -0.081713, Reg: 0.003273
Epoch 268 Loss: -0.077405
Epoch 268 Validation: Mean EPE: 7.2710, Mean SSIM: 0.1840, Mean ZNCC: -0.0372
Epoch 269 starts
Iter 10 of 344 Loss: -0.074144, NCC_Loss: -0.076936, Reg: 0.002792
Iter 20 of 344 Loss: -0.077352, NCC_Loss: -0.081148, Reg: 0.003796
Iter 30 of 344 Loss: -0.081655, NCC_Loss: -0.084539, Reg: 0.002883
Iter 40 of 344 Loss: -0.075208, NCC_Loss: -0.078359, Reg: 0.003151
Iter 50 of 344 Loss: -0.072518, NCC_Loss: -0.075471, Reg: 0.002952
Iter 60 of 344 Loss: -0.077060, NCC_Loss: -0.080016, Reg: 0.002956
Iter 70 of 344 Loss: -0.073526, NCC_Loss: -0.076697, Reg: 0.003172
Iter 80 of 344 Loss: -0.074326, NCC_Loss: -0.077551, Reg: 0.003225
Iter 90 of 344 Loss: -0.077283, NCC_Loss: -0.080475, Reg: 0.003192
Iter 100 of 344 Loss: -0.080868, NCC_Loss: -0.083937, Reg: 0.003069
Iter 110 of 344 Loss: -0.069446, NCC_Loss: -0.072636, Reg: 0.003190
Iter 120 of 344 Loss: -0.085441, NCC_Loss: -0.088254, Reg: 0.002813
Iter 130 of 344 Loss: -0.079283, NCC_Loss: -0.082305, Reg: 0.003022
Iter 140 of 344 Loss: -0.077320, NCC_Loss: -0.080100, Reg: 0.002780
Iter 150 of 344 Loss: -0.079184, NCC_Loss: -0.082440, Reg: 0.003255
Iter 160 of 344 Loss: -0.080238, NCC_Loss: -0.083406, Reg: 0.003168
Iter 170 of 344 Loss: -0.075202, NCC_Loss: -0.078066, Reg: 0.002864
Iter 180 of 344 Loss: -0.068533, NCC_Loss: -0.071708, Reg: 0.003175
Iter 190 of 344 Loss: -0.084300, NCC_Loss: -0.087720, Reg: 0.003420
Iter 200 of 344 Loss: -0.081356, NCC_Loss: -0.085058, Reg: 0.003701
Iter 210 of 344 Loss: -0.079450, NCC_Loss: -0.082670, Reg: 0.003220
Iter 220 of 344 Loss: -0.082689, NCC_Loss: -0.085738, Reg: 0.003049
Iter 230 of 344 Loss: -0.080290, NCC_Loss: -0.083486, Reg: 0.003196
Iter 240 of 344 Loss: -0.078780, NCC_Loss: -0.082039, Reg: 0.003258
Iter 250 of 344 Loss: -0.082300, NCC_Loss: -0.085287, Reg: 0.002987
Iter 260 of 344 Loss: -0.075671, NCC_Loss: -0.078664, Reg: 0.002993
Iter 270 of 344 Loss: -0.080961, NCC_Loss: -0.084279, Reg: 0.003317
Iter 280 of 344 Loss: -0.080117, NCC_Loss: -0.082787, Reg: 0.002670
Iter 290 of 344 Loss: -0.077189, NCC_Loss: -0.080301, Reg: 0.003112
Iter 300 of 344 Loss: -0.077362, NCC_Loss: -0.080611, Reg: 0.003249
Iter 310 of 344 Loss: -0.080250, NCC_Loss: -0.083168, Reg: 0.002918
Iter 320 of 344 Loss: -0.079277, NCC_Loss: -0.081993, Reg: 0.002716
Iter 330 of 344 Loss: -0.082559, NCC_Loss: -0.086128, Reg: 0.003569
Iter 340 of 344 Loss: -0.077806, NCC_Loss: -0.081092, Reg: 0.003287
Epoch 269 Loss: -0.077426
Epoch 269 Validation: Mean EPE: 7.2711, Mean SSIM: 0.1840, Mean ZNCC: -0.0372
Epoch 270 starts
Iter 10 of 344 Loss: -0.072876, NCC_Loss: -0.075977, Reg: 0.003101
Iter 20 of 344 Loss: -0.081096, NCC_Loss: -0.084587, Reg: 0.003490
Iter 30 of 344 Loss: -0.073843, NCC_Loss: -0.076988, Reg: 0.003145
Iter 40 of 344 Loss: -0.074303, NCC_Loss: -0.077383, Reg: 0.003080
Iter 50 of 344 Loss: -0.074548, NCC_Loss: -0.077994, Reg: 0.003447
Iter 60 of 344 Loss: -0.078403, NCC_Loss: -0.081575, Reg: 0.003172
Iter 70 of 344 Loss: -0.081169, NCC_Loss: -0.084428, Reg: 0.003259
Iter 80 of 344 Loss: -0.079430, NCC_Loss: -0.082495, Reg: 0.003065
Iter 90 of 344 Loss: -0.080197, NCC_Loss: -0.083176, Reg: 0.002979
Iter 100 of 344 Loss: -0.083767, NCC_Loss: -0.087089, Reg: 0.003323
Iter 110 of 344 Loss: -0.074978, NCC_Loss: -0.078199, Reg: 0.003221
Iter 120 of 344 Loss: -0.070149, NCC_Loss: -0.073277, Reg: 0.003128
Iter 130 of 344 Loss: -0.078654, NCC_Loss: -0.081584, Reg: 0.002930
Iter 140 of 344 Loss: -0.074459, NCC_Loss: -0.077858, Reg: 0.003399
Iter 150 of 344 Loss: -0.077662, NCC_Loss: -0.080656, Reg: 0.002995
Iter 160 of 344 Loss: -0.068662, NCC_Loss: -0.071714, Reg: 0.003052
Iter 170 of 344 Loss: -0.074169, NCC_Loss: -0.077185, Reg: 0.003017
Iter 180 of 344 Loss: -0.078718, NCC_Loss: -0.081973, Reg: 0.003254
Iter 190 of 344 Loss: -0.074786, NCC_Loss: -0.077660, Reg: 0.002874
Iter 200 of 344 Loss: -0.081891, NCC_Loss: -0.084982, Reg: 0.003092
Iter 210 of 344 Loss: -0.084643, NCC_Loss: -0.088028, Reg: 0.003385
Iter 220 of 344 Loss: -0.083791, NCC_Loss: -0.086904, Reg: 0.003114
Iter 230 of 344 Loss: -0.078505, NCC_Loss: -0.081665, Reg: 0.003160
Iter 240 of 344 Loss: -0.070499, NCC_Loss: -0.073504, Reg: 0.003006
Iter 250 of 344 Loss: -0.083633, NCC_Loss: -0.086777, Reg: 0.003144
Iter 260 of 344 Loss: -0.079578, NCC_Loss: -0.082944, Reg: 0.003366
Iter 270 of 344 Loss: -0.082094, NCC_Loss: -0.085201, Reg: 0.003107
Iter 280 of 344 Loss: -0.082230, NCC_Loss: -0.085421, Reg: 0.003192
Iter 290 of 344 Loss: -0.078665, NCC_Loss: -0.081671, Reg: 0.003006
Iter 300 of 344 Loss: -0.079794, NCC_Loss: -0.082694, Reg: 0.002900
Iter 310 of 344 Loss: -0.078113, NCC_Loss: -0.081265, Reg: 0.003152
Iter 320 of 344 Loss: -0.078103, NCC_Loss: -0.081163, Reg: 0.003060
Iter 330 of 344 Loss: -0.078522, NCC_Loss: -0.081397, Reg: 0.002875
Iter 340 of 344 Loss: -0.075838, NCC_Loss: -0.078590, Reg: 0.002752
Epoch 270 Loss: -0.077442
Epoch 270 Validation: Mean EPE: 7.2711, Mean SSIM: 0.1840, Mean ZNCC: -0.0372
Epoch 271 starts
Iter 10 of 344 Loss: -0.077138, NCC_Loss: -0.080170, Reg: 0.003032
Iter 20 of 344 Loss: -0.077146, NCC_Loss: -0.080561, Reg: 0.003415
Iter 30 of 344 Loss: -0.076633, NCC_Loss: -0.079725, Reg: 0.003093
Iter 40 of 344 Loss: -0.073844, NCC_Loss: -0.076845, Reg: 0.003001
Iter 50 of 344 Loss: -0.070508, NCC_Loss: -0.073726, Reg: 0.003218
Iter 60 of 344 Loss: -0.080167, NCC_Loss: -0.083405, Reg: 0.003238
Iter 70 of 344 Loss: -0.071376, NCC_Loss: -0.074379, Reg: 0.003003
Iter 80 of 344 Loss: -0.075121, NCC_Loss: -0.078399, Reg: 0.003277
Iter 90 of 344 Loss: -0.079676, NCC_Loss: -0.083090, Reg: 0.003414
Iter 100 of 344 Loss: -0.086352, NCC_Loss: -0.089421, Reg: 0.003068
Iter 110 of 344 Loss: -0.071032, NCC_Loss: -0.073926, Reg: 0.002894
Iter 120 of 344 Loss: -0.075196, NCC_Loss: -0.078256, Reg: 0.003060
Iter 130 of 344 Loss: -0.075699, NCC_Loss: -0.079014, Reg: 0.003315
Iter 140 of 344 Loss: -0.074762, NCC_Loss: -0.078112, Reg: 0.003351
Iter 150 of 344 Loss: -0.073491, NCC_Loss: -0.076608, Reg: 0.003117
Iter 160 of 344 Loss: -0.079080, NCC_Loss: -0.082126, Reg: 0.003046
Iter 170 of 344 Loss: -0.073968, NCC_Loss: -0.077304, Reg: 0.003336
Iter 180 of 344 Loss: -0.074096, NCC_Loss: -0.077026, Reg: 0.002930
Iter 190 of 344 Loss: -0.073341, NCC_Loss: -0.076272, Reg: 0.002931
Iter 200 of 344 Loss: -0.072881, NCC_Loss: -0.076025, Reg: 0.003144
Iter 210 of 344 Loss: -0.077428, NCC_Loss: -0.080416, Reg: 0.002988
Iter 220 of 344 Loss: -0.077616, NCC_Loss: -0.080628, Reg: 0.003013
Iter 230 of 344 Loss: -0.079161, NCC_Loss: -0.082237, Reg: 0.003076
Iter 240 of 344 Loss: -0.071531, NCC_Loss: -0.074296, Reg: 0.002765
Iter 250 of 344 Loss: -0.076419, NCC_Loss: -0.079852, Reg: 0.003433
Iter 260 of 344 Loss: -0.074673, NCC_Loss: -0.077872, Reg: 0.003199
Iter 270 of 344 Loss: -0.073735, NCC_Loss: -0.077134, Reg: 0.003399
Iter 280 of 344 Loss: -0.078238, NCC_Loss: -0.081324, Reg: 0.003087
Iter 290 of 344 Loss: -0.075847, NCC_Loss: -0.078899, Reg: 0.003052
Iter 300 of 344 Loss: -0.077611, NCC_Loss: -0.080664, Reg: 0.003053
Iter 310 of 344 Loss: -0.079655, NCC_Loss: -0.082591, Reg: 0.002936
Iter 320 of 344 Loss: -0.082385, NCC_Loss: -0.085703, Reg: 0.003318
Iter 330 of 344 Loss: -0.073574, NCC_Loss: -0.076724, Reg: 0.003149
Iter 340 of 344 Loss: -0.080785, NCC_Loss: -0.083991, Reg: 0.003206
Epoch 271 Loss: -0.077464
Epoch 271 Validation: Mean EPE: 7.2712, Mean SSIM: 0.1841, Mean ZNCC: -0.0372
Epoch 272 starts
Iter 10 of 344 Loss: -0.072252, NCC_Loss: -0.075308, Reg: 0.003056
Iter 20 of 344 Loss: -0.075770, NCC_Loss: -0.079440, Reg: 0.003669
Iter 30 of 344 Loss: -0.075399, NCC_Loss: -0.078302, Reg: 0.002904
Iter 40 of 344 Loss: -0.075486, NCC_Loss: -0.078373, Reg: 0.002887
Iter 50 of 344 Loss: -0.081301, NCC_Loss: -0.084284, Reg: 0.002983
Iter 60 of 344 Loss: -0.076165, NCC_Loss: -0.079099, Reg: 0.002933
Iter 70 of 344 Loss: -0.080541, NCC_Loss: -0.083456, Reg: 0.002914
Iter 80 of 344 Loss: -0.072111, NCC_Loss: -0.075115, Reg: 0.003004
Iter 90 of 344 Loss: -0.087443, NCC_Loss: -0.090617, Reg: 0.003174
Iter 100 of 344 Loss: -0.076647, NCC_Loss: -0.079373, Reg: 0.002726
Iter 110 of 344 Loss: -0.080817, NCC_Loss: -0.084050, Reg: 0.003233
Iter 120 of 344 Loss: -0.085641, NCC_Loss: -0.089303, Reg: 0.003662
Iter 130 of 344 Loss: -0.084318, NCC_Loss: -0.087183, Reg: 0.002865
Iter 140 of 344 Loss: -0.070387, NCC_Loss: -0.073909, Reg: 0.003523
Iter 150 of 344 Loss: -0.070291, NCC_Loss: -0.073279, Reg: 0.002988
Iter 160 of 344 Loss: -0.083959, NCC_Loss: -0.087005, Reg: 0.003047
Iter 170 of 344 Loss: -0.076061, NCC_Loss: -0.079408, Reg: 0.003347
Iter 180 of 344 Loss: -0.083393, NCC_Loss: -0.086689, Reg: 0.003296
Iter 190 of 344 Loss: -0.072957, NCC_Loss: -0.076124, Reg: 0.003168
Iter 200 of 344 Loss: -0.078156, NCC_Loss: -0.081886, Reg: 0.003729
Iter 210 of 344 Loss: -0.072803, NCC_Loss: -0.075979, Reg: 0.003177
Iter 220 of 344 Loss: -0.077726, NCC_Loss: -0.081067, Reg: 0.003341
Iter 230 of 344 Loss: -0.079873, NCC_Loss: -0.082817, Reg: 0.002943
Iter 240 of 344 Loss: -0.080626, NCC_Loss: -0.083379, Reg: 0.002754
Iter 250 of 344 Loss: -0.079448, NCC_Loss: -0.083134, Reg: 0.003685
Iter 260 of 344 Loss: -0.088563, NCC_Loss: -0.091818, Reg: 0.003255
Iter 270 of 344 Loss: -0.070014, NCC_Loss: -0.073338, Reg: 0.003323
Iter 280 of 344 Loss: -0.082494, NCC_Loss: -0.085788, Reg: 0.003295
Iter 290 of 344 Loss: -0.075431, NCC_Loss: -0.078412, Reg: 0.002980
Iter 300 of 344 Loss: -0.077574, NCC_Loss: -0.080739, Reg: 0.003165
Iter 310 of 344 Loss: -0.087869, NCC_Loss: -0.091151, Reg: 0.003282
Iter 320 of 344 Loss: -0.080920, NCC_Loss: -0.084295, Reg: 0.003375
Iter 330 of 344 Loss: -0.087682, NCC_Loss: -0.090603, Reg: 0.002921
Iter 340 of 344 Loss: -0.075980, NCC_Loss: -0.078912, Reg: 0.002932
Epoch 272 Loss: -0.077477
Epoch 272 Validation: Mean EPE: 7.2712, Mean SSIM: 0.1841, Mean ZNCC: -0.0372
Epoch 273 starts
Iter 10 of 344 Loss: -0.077675, NCC_Loss: -0.081056, Reg: 0.003381
Iter 20 of 344 Loss: -0.079869, NCC_Loss: -0.083018, Reg: 0.003150
Iter 30 of 344 Loss: -0.075580, NCC_Loss: -0.078554, Reg: 0.002975
Iter 40 of 344 Loss: -0.075390, NCC_Loss: -0.078646, Reg: 0.003256
Iter 50 of 344 Loss: -0.070433, NCC_Loss: -0.073656, Reg: 0.003224
Iter 60 of 344 Loss: -0.080949, NCC_Loss: -0.083847, Reg: 0.002898
Iter 70 of 344 Loss: -0.067807, NCC_Loss: -0.070922, Reg: 0.003115
Iter 80 of 344 Loss: -0.081972, NCC_Loss: -0.084770, Reg: 0.002798
Iter 90 of 344 Loss: -0.087296, NCC_Loss: -0.090083, Reg: 0.002787
Iter 100 of 344 Loss: -0.084310, NCC_Loss: -0.087491, Reg: 0.003181
Iter 110 of 344 Loss: -0.074091, NCC_Loss: -0.077211, Reg: 0.003120
Iter 120 of 344 Loss: -0.077074, NCC_Loss: -0.079701, Reg: 0.002627
Iter 130 of 344 Loss: -0.075402, NCC_Loss: -0.078576, Reg: 0.003174
Iter 140 of 344 Loss: -0.077729, NCC_Loss: -0.080926, Reg: 0.003197
Iter 150 of 344 Loss: -0.077965, NCC_Loss: -0.080873, Reg: 0.002908
Iter 160 of 344 Loss: -0.078343, NCC_Loss: -0.081367, Reg: 0.003024
Iter 170 of 344 Loss: -0.082765, NCC_Loss: -0.086240, Reg: 0.003475
Iter 180 of 344 Loss: -0.083232, NCC_Loss: -0.086419, Reg: 0.003187
Iter 190 of 344 Loss: -0.078092, NCC_Loss: -0.081375, Reg: 0.003283
Iter 200 of 344 Loss: -0.076951, NCC_Loss: -0.079969, Reg: 0.003019
Iter 210 of 344 Loss: -0.076147, NCC_Loss: -0.078985, Reg: 0.002838
Iter 220 of 344 Loss: -0.077568, NCC_Loss: -0.080457, Reg: 0.002889
Iter 230 of 344 Loss: -0.085055, NCC_Loss: -0.088166, Reg: 0.003111
Iter 240 of 344 Loss: -0.079807, NCC_Loss: -0.083095, Reg: 0.003288
Iter 250 of 344 Loss: -0.079961, NCC_Loss: -0.082984, Reg: 0.003023
Iter 260 of 344 Loss: -0.077853, NCC_Loss: -0.080877, Reg: 0.003024
Iter 270 of 344 Loss: -0.075694, NCC_Loss: -0.078674, Reg: 0.002979
Iter 280 of 344 Loss: -0.071813, NCC_Loss: -0.074652, Reg: 0.002839
Iter 290 of 344 Loss: -0.071918, NCC_Loss: -0.075369, Reg: 0.003451
Iter 300 of 344 Loss: -0.081983, NCC_Loss: -0.085034, Reg: 0.003051
Iter 310 of 344 Loss: -0.072676, NCC_Loss: -0.075498, Reg: 0.002822
Iter 320 of 344 Loss: -0.070213, NCC_Loss: -0.072705, Reg: 0.002492
Iter 330 of 344 Loss: -0.085122, NCC_Loss: -0.088217, Reg: 0.003095
Iter 340 of 344 Loss: -0.077129, NCC_Loss: -0.080246, Reg: 0.003117
Epoch 273 Loss: -0.077500
Epoch 273 Validation: Mean EPE: 7.2712, Mean SSIM: 0.1841, Mean ZNCC: -0.0372
Epoch 274 starts
Iter 10 of 344 Loss: -0.079297, NCC_Loss: -0.082401, Reg: 0.003104
Iter 20 of 344 Loss: -0.079139, NCC_Loss: -0.081736, Reg: 0.002597
Iter 30 of 344 Loss: -0.077087, NCC_Loss: -0.079966, Reg: 0.002878
Iter 40 of 344 Loss: -0.079052, NCC_Loss: -0.082090, Reg: 0.003038
Iter 50 of 344 Loss: -0.074970, NCC_Loss: -0.077955, Reg: 0.002985
Iter 60 of 344 Loss: -0.081146, NCC_Loss: -0.084320, Reg: 0.003174
Iter 70 of 344 Loss: -0.076730, NCC_Loss: -0.080076, Reg: 0.003346
Iter 80 of 344 Loss: -0.082065, NCC_Loss: -0.085065, Reg: 0.002999
Iter 90 of 344 Loss: -0.066767, NCC_Loss: -0.069377, Reg: 0.002611
Iter 100 of 344 Loss: -0.084337, NCC_Loss: -0.087576, Reg: 0.003240
Iter 110 of 344 Loss: -0.077692, NCC_Loss: -0.080648, Reg: 0.002956
Iter 120 of 344 Loss: -0.077437, NCC_Loss: -0.080962, Reg: 0.003525
Iter 130 of 344 Loss: -0.074550, NCC_Loss: -0.077954, Reg: 0.003404
Iter 140 of 344 Loss: -0.075604, NCC_Loss: -0.078564, Reg: 0.002960
Iter 150 of 344 Loss: -0.071695, NCC_Loss: -0.074767, Reg: 0.003072
Iter 160 of 344 Loss: -0.072310, NCC_Loss: -0.075448, Reg: 0.003138
Iter 170 of 344 Loss: -0.075925, NCC_Loss: -0.078971, Reg: 0.003046
Iter 180 of 344 Loss: -0.077168, NCC_Loss: -0.080277, Reg: 0.003109
Iter 190 of 344 Loss: -0.085038, NCC_Loss: -0.087754, Reg: 0.002716
Iter 200 of 344 Loss: -0.075308, NCC_Loss: -0.078316, Reg: 0.003008
Iter 210 of 344 Loss: -0.085973, NCC_Loss: -0.089346, Reg: 0.003373
Iter 220 of 344 Loss: -0.077300, NCC_Loss: -0.080173, Reg: 0.002874
Iter 230 of 344 Loss: -0.073739, NCC_Loss: -0.076997, Reg: 0.003258
Iter 240 of 344 Loss: -0.079700, NCC_Loss: -0.082994, Reg: 0.003294
Iter 250 of 344 Loss: -0.079310, NCC_Loss: -0.082203, Reg: 0.002893
Iter 260 of 344 Loss: -0.078978, NCC_Loss: -0.082338, Reg: 0.003360
Iter 270 of 344 Loss: -0.079271, NCC_Loss: -0.082272, Reg: 0.003000
Iter 280 of 344 Loss: -0.077019, NCC_Loss: -0.080236, Reg: 0.003217
Iter 290 of 344 Loss: -0.083029, NCC_Loss: -0.086114, Reg: 0.003085
Iter 300 of 344 Loss: -0.075418, NCC_Loss: -0.078730, Reg: 0.003312
Iter 310 of 344 Loss: -0.084459, NCC_Loss: -0.087257, Reg: 0.002798
Iter 320 of 344 Loss: -0.074893, NCC_Loss: -0.077768, Reg: 0.002875
Iter 330 of 344 Loss: -0.080556, NCC_Loss: -0.083406, Reg: 0.002850
Iter 340 of 344 Loss: -0.081664, NCC_Loss: -0.084720, Reg: 0.003056
Epoch 274 Loss: -0.077519
Epoch 274 Validation: Mean EPE: 7.2712, Mean SSIM: 0.1841, Mean ZNCC: -0.0372
Epoch 275 starts
Iter 10 of 344 Loss: -0.079700, NCC_Loss: -0.082603, Reg: 0.002903
Iter 20 of 344 Loss: -0.078633, NCC_Loss: -0.082014, Reg: 0.003381
Iter 30 of 344 Loss: -0.081677, NCC_Loss: -0.084789, Reg: 0.003111
Iter 40 of 344 Loss: -0.074499, NCC_Loss: -0.077666, Reg: 0.003166
Iter 50 of 344 Loss: -0.076909, NCC_Loss: -0.079828, Reg: 0.002919
Iter 60 of 344 Loss: -0.074803, NCC_Loss: -0.077665, Reg: 0.002862
Iter 70 of 344 Loss: -0.075713, NCC_Loss: -0.078682, Reg: 0.002969
Iter 80 of 344 Loss: -0.077731, NCC_Loss: -0.080545, Reg: 0.002815
Iter 90 of 344 Loss: -0.074495, NCC_Loss: -0.077941, Reg: 0.003446
Iter 100 of 344 Loss: -0.084373, NCC_Loss: -0.087266, Reg: 0.002893
Iter 110 of 344 Loss: -0.078178, NCC_Loss: -0.081551, Reg: 0.003373
Iter 120 of 344 Loss: -0.081351, NCC_Loss: -0.084762, Reg: 0.003411
Iter 130 of 344 Loss: -0.074425, NCC_Loss: -0.077520, Reg: 0.003095
Iter 140 of 344 Loss: -0.080323, NCC_Loss: -0.083362, Reg: 0.003039
Iter 150 of 344 Loss: -0.078293, NCC_Loss: -0.081315, Reg: 0.003022
Iter 160 of 344 Loss: -0.074859, NCC_Loss: -0.077867, Reg: 0.003008
Iter 170 of 344 Loss: -0.074642, NCC_Loss: -0.077592, Reg: 0.002951
Iter 180 of 344 Loss: -0.077568, NCC_Loss: -0.080751, Reg: 0.003183
Iter 190 of 344 Loss: -0.079900, NCC_Loss: -0.082989, Reg: 0.003089
Iter 200 of 344 Loss: -0.081514, NCC_Loss: -0.085075, Reg: 0.003561
Iter 210 of 344 Loss: -0.076008, NCC_Loss: -0.079105, Reg: 0.003097
Iter 220 of 344 Loss: -0.075935, NCC_Loss: -0.079068, Reg: 0.003133
Iter 230 of 344 Loss: -0.072870, NCC_Loss: -0.076075, Reg: 0.003205
Iter 240 of 344 Loss: -0.082184, NCC_Loss: -0.085415, Reg: 0.003231
Iter 250 of 344 Loss: -0.074963, NCC_Loss: -0.078078, Reg: 0.003114
Iter 260 of 344 Loss: -0.079032, NCC_Loss: -0.082187, Reg: 0.003155
Iter 270 of 344 Loss: -0.069450, NCC_Loss: -0.072279, Reg: 0.002829
Iter 280 of 344 Loss: -0.073734, NCC_Loss: -0.076743, Reg: 0.003009
Iter 290 of 344 Loss: -0.080637, NCC_Loss: -0.083753, Reg: 0.003116
Iter 300 of 344 Loss: -0.077807, NCC_Loss: -0.080750, Reg: 0.002943
Iter 310 of 344 Loss: -0.079582, NCC_Loss: -0.083123, Reg: 0.003541
Iter 320 of 344 Loss: -0.077975, NCC_Loss: -0.080973, Reg: 0.002998
Iter 330 of 344 Loss: -0.079515, NCC_Loss: -0.082193, Reg: 0.002677
Iter 340 of 344 Loss: -0.073055, NCC_Loss: -0.075923, Reg: 0.002868
Epoch 275 Loss: -0.077553
Epoch 275 Validation: Mean EPE: 7.2713, Mean SSIM: 0.1842, Mean ZNCC: -0.0372
Epoch 276 starts
Iter 10 of 344 Loss: -0.074980, NCC_Loss: -0.078162, Reg: 0.003182
Iter 20 of 344 Loss: -0.079190, NCC_Loss: -0.081955, Reg: 0.002765
Iter 30 of 344 Loss: -0.072936, NCC_Loss: -0.076031, Reg: 0.003094
Iter 40 of 344 Loss: -0.075633, NCC_Loss: -0.079226, Reg: 0.003592
Iter 50 of 344 Loss: -0.077543, NCC_Loss: -0.080169, Reg: 0.002626
Iter 60 of 344 Loss: -0.077739, NCC_Loss: -0.080832, Reg: 0.003093
Iter 70 of 344 Loss: -0.077328, NCC_Loss: -0.080220, Reg: 0.002891
Iter 80 of 344 Loss: -0.079379, NCC_Loss: -0.082621, Reg: 0.003243
Iter 90 of 344 Loss: -0.075218, NCC_Loss: -0.078339, Reg: 0.003121
Iter 100 of 344 Loss: -0.077060, NCC_Loss: -0.079788, Reg: 0.002728
Iter 110 of 344 Loss: -0.084216, NCC_Loss: -0.087022, Reg: 0.002805
Iter 120 of 344 Loss: -0.080140, NCC_Loss: -0.083397, Reg: 0.003257
Iter 130 of 344 Loss: -0.077302, NCC_Loss: -0.080093, Reg: 0.002791
Iter 140 of 344 Loss: -0.071098, NCC_Loss: -0.074270, Reg: 0.003172
Iter 150 of 344 Loss: -0.085950, NCC_Loss: -0.089400, Reg: 0.003450
Iter 160 of 344 Loss: -0.071362, NCC_Loss: -0.074380, Reg: 0.003019
Iter 170 of 344 Loss: -0.080134, NCC_Loss: -0.083063, Reg: 0.002929
Iter 180 of 344 Loss: -0.080893, NCC_Loss: -0.084113, Reg: 0.003220
Iter 190 of 344 Loss: -0.073513, NCC_Loss: -0.076828, Reg: 0.003315
Iter 200 of 344 Loss: -0.077886, NCC_Loss: -0.080972, Reg: 0.003086
Iter 210 of 344 Loss: -0.073446, NCC_Loss: -0.076343, Reg: 0.002898
Iter 220 of 344 Loss: -0.079416, NCC_Loss: -0.082318, Reg: 0.002902
Iter 230 of 344 Loss: -0.078583, NCC_Loss: -0.082002, Reg: 0.003420
Iter 240 of 344 Loss: -0.072516, NCC_Loss: -0.075518, Reg: 0.003002
Iter 250 of 344 Loss: -0.072778, NCC_Loss: -0.075638, Reg: 0.002861
Iter 260 of 344 Loss: -0.077803, NCC_Loss: -0.080883, Reg: 0.003080
Iter 270 of 344 Loss: -0.074253, NCC_Loss: -0.077356, Reg: 0.003103
Iter 280 of 344 Loss: -0.081254, NCC_Loss: -0.084268, Reg: 0.003015
Iter 290 of 344 Loss: -0.067255, NCC_Loss: -0.070083, Reg: 0.002828
Iter 300 of 344 Loss: -0.073327, NCC_Loss: -0.076413, Reg: 0.003086
Iter 310 of 344 Loss: -0.082770, NCC_Loss: -0.085985, Reg: 0.003215
Iter 320 of 344 Loss: -0.084387, NCC_Loss: -0.087900, Reg: 0.003513
Iter 330 of 344 Loss: -0.074642, NCC_Loss: -0.077736, Reg: 0.003094
Iter 340 of 344 Loss: -0.077213, NCC_Loss: -0.080329, Reg: 0.003115
Epoch 276 Loss: -0.077573
Epoch 276 Validation: Mean EPE: 7.2713, Mean SSIM: 0.1842, Mean ZNCC: -0.0372
Epoch 277 starts
Iter 10 of 344 Loss: -0.071340, NCC_Loss: -0.074153, Reg: 0.002813
Iter 20 of 344 Loss: -0.075216, NCC_Loss: -0.078242, Reg: 0.003026
Iter 30 of 344 Loss: -0.076625, NCC_Loss: -0.079621, Reg: 0.002996
Iter 40 of 344 Loss: -0.074189, NCC_Loss: -0.077044, Reg: 0.002855
Iter 50 of 344 Loss: -0.075926, NCC_Loss: -0.079106, Reg: 0.003181
Iter 60 of 344 Loss: -0.075173, NCC_Loss: -0.078263, Reg: 0.003090
Iter 70 of 344 Loss: -0.081458, NCC_Loss: -0.084408, Reg: 0.002950
Iter 80 of 344 Loss: -0.074884, NCC_Loss: -0.077850, Reg: 0.002967
Iter 90 of 344 Loss: -0.077716, NCC_Loss: -0.080720, Reg: 0.003004
Iter 100 of 344 Loss: -0.076309, NCC_Loss: -0.079456, Reg: 0.003148
Iter 110 of 344 Loss: -0.082662, NCC_Loss: -0.086408, Reg: 0.003746
Iter 120 of 344 Loss: -0.072436, NCC_Loss: -0.075631, Reg: 0.003195
Iter 130 of 344 Loss: -0.074949, NCC_Loss: -0.078325, Reg: 0.003376
Iter 140 of 344 Loss: -0.076716, NCC_Loss: -0.079860, Reg: 0.003143
Iter 150 of 344 Loss: -0.076152, NCC_Loss: -0.079113, Reg: 0.002960
Iter 160 of 344 Loss: -0.080997, NCC_Loss: -0.084238, Reg: 0.003241
Iter 170 of 344 Loss: -0.079059, NCC_Loss: -0.082271, Reg: 0.003212
Iter 180 of 344 Loss: -0.075155, NCC_Loss: -0.078390, Reg: 0.003235
Iter 190 of 344 Loss: -0.073682, NCC_Loss: -0.076654, Reg: 0.002973
Iter 200 of 344 Loss: -0.076348, NCC_Loss: -0.079633, Reg: 0.003285
Iter 210 of 344 Loss: -0.079819, NCC_Loss: -0.082708, Reg: 0.002889
Iter 220 of 344 Loss: -0.078648, NCC_Loss: -0.081429, Reg: 0.002781
Iter 230 of 344 Loss: -0.085066, NCC_Loss: -0.088281, Reg: 0.003215
Iter 240 of 344 Loss: -0.081009, NCC_Loss: -0.083864, Reg: 0.002855
Iter 250 of 344 Loss: -0.070904, NCC_Loss: -0.074021, Reg: 0.003117
Iter 260 of 344 Loss: -0.069372, NCC_Loss: -0.072220, Reg: 0.002849
Iter 270 of 344 Loss: -0.077408, NCC_Loss: -0.080465, Reg: 0.003056
Iter 280 of 344 Loss: -0.069108, NCC_Loss: -0.072139, Reg: 0.003031
Iter 290 of 344 Loss: -0.077657, NCC_Loss: -0.080613, Reg: 0.002956
Iter 300 of 344 Loss: -0.076479, NCC_Loss: -0.079721, Reg: 0.003242
Iter 310 of 344 Loss: -0.081065, NCC_Loss: -0.083758, Reg: 0.002693
Iter 320 of 344 Loss: -0.076999, NCC_Loss: -0.080208, Reg: 0.003209
Iter 330 of 344 Loss: -0.072701, NCC_Loss: -0.075682, Reg: 0.002980
Iter 340 of 344 Loss: -0.080124, NCC_Loss: -0.083096, Reg: 0.002972
Epoch 277 Loss: -0.077595
Epoch 277 Validation: Mean EPE: 7.2713, Mean SSIM: 0.1842, Mean ZNCC: -0.0372
Epoch 278 starts
Iter 10 of 344 Loss: -0.082308, NCC_Loss: -0.085441, Reg: 0.003133
Iter 20 of 344 Loss: -0.076864, NCC_Loss: -0.079984, Reg: 0.003120
Iter 30 of 344 Loss: -0.083626, NCC_Loss: -0.087031, Reg: 0.003405
Iter 40 of 344 Loss: -0.075973, NCC_Loss: -0.079008, Reg: 0.003035
Iter 50 of 344 Loss: -0.073056, NCC_Loss: -0.076535, Reg: 0.003479
Iter 60 of 344 Loss: -0.077990, NCC_Loss: -0.081079, Reg: 0.003090
Iter 70 of 344 Loss: -0.073995, NCC_Loss: -0.077142, Reg: 0.003147
Iter 80 of 344 Loss: -0.079310, NCC_Loss: -0.082217, Reg: 0.002908
Iter 90 of 344 Loss: -0.078080, NCC_Loss: -0.081584, Reg: 0.003505
Iter 100 of 344 Loss: -0.074586, NCC_Loss: -0.077468, Reg: 0.002882
Iter 110 of 344 Loss: -0.078138, NCC_Loss: -0.081397, Reg: 0.003259
Iter 120 of 344 Loss: -0.076102, NCC_Loss: -0.078974, Reg: 0.002872
Iter 130 of 344 Loss: -0.081917, NCC_Loss: -0.084808, Reg: 0.002890
Iter 140 of 344 Loss: -0.077445, NCC_Loss: -0.080649, Reg: 0.003204
Iter 150 of 344 Loss: -0.071884, NCC_Loss: -0.074850, Reg: 0.002966
Iter 160 of 344 Loss: -0.078293, NCC_Loss: -0.081165, Reg: 0.002872
Iter 170 of 344 Loss: -0.069285, NCC_Loss: -0.071746, Reg: 0.002461
Iter 180 of 344 Loss: -0.083074, NCC_Loss: -0.086174, Reg: 0.003100
Iter 190 of 344 Loss: -0.075278, NCC_Loss: -0.078214, Reg: 0.002937
Iter 200 of 344 Loss: -0.078732, NCC_Loss: -0.082076, Reg: 0.003344
Iter 210 of 344 Loss: -0.084544, NCC_Loss: -0.087614, Reg: 0.003070
Iter 220 of 344 Loss: -0.080303, NCC_Loss: -0.083157, Reg: 0.002855
Iter 230 of 344 Loss: -0.071210, NCC_Loss: -0.074216, Reg: 0.003005
Iter 240 of 344 Loss: -0.076963, NCC_Loss: -0.080262, Reg: 0.003299
Iter 250 of 344 Loss: -0.079166, NCC_Loss: -0.082408, Reg: 0.003243
Iter 260 of 344 Loss: -0.081772, NCC_Loss: -0.084625, Reg: 0.002852
Iter 270 of 344 Loss: -0.073551, NCC_Loss: -0.076788, Reg: 0.003237
Iter 280 of 344 Loss: -0.078575, NCC_Loss: -0.081530, Reg: 0.002955
Iter 290 of 344 Loss: -0.079314, NCC_Loss: -0.082626, Reg: 0.003312
Iter 300 of 344 Loss: -0.079670, NCC_Loss: -0.082900, Reg: 0.003230
Iter 310 of 344 Loss: -0.066858, NCC_Loss: -0.069812, Reg: 0.002954
Iter 320 of 344 Loss: -0.081015, NCC_Loss: -0.083598, Reg: 0.002583
Iter 330 of 344 Loss: -0.077505, NCC_Loss: -0.080933, Reg: 0.003428
Iter 340 of 344 Loss: -0.072575, NCC_Loss: -0.075458, Reg: 0.002883
Epoch 278 Loss: -0.077604
Epoch 278 Validation: Mean EPE: 7.2714, Mean SSIM: 0.1842, Mean ZNCC: -0.0372
Epoch 279 starts
Iter 10 of 344 Loss: -0.076241, NCC_Loss: -0.079023, Reg: 0.002782
Iter 20 of 344 Loss: -0.078475, NCC_Loss: -0.081520, Reg: 0.003045
Iter 30 of 344 Loss: -0.076174, NCC_Loss: -0.079247, Reg: 0.003074
Iter 40 of 344 Loss: -0.077691, NCC_Loss: -0.080793, Reg: 0.003102
Iter 50 of 344 Loss: -0.084876, NCC_Loss: -0.087995, Reg: 0.003119
Iter 60 of 344 Loss: -0.076547, NCC_Loss: -0.079802, Reg: 0.003255
Iter 70 of 344 Loss: -0.072254, NCC_Loss: -0.075198, Reg: 0.002944
Iter 80 of 344 Loss: -0.080251, NCC_Loss: -0.083435, Reg: 0.003184
Iter 90 of 344 Loss: -0.079458, NCC_Loss: -0.082282, Reg: 0.002824
Iter 100 of 344 Loss: -0.080522, NCC_Loss: -0.083097, Reg: 0.002575
Iter 110 of 344 Loss: -0.082078, NCC_Loss: -0.085701, Reg: 0.003623
Iter 120 of 344 Loss: -0.078770, NCC_Loss: -0.081611, Reg: 0.002841
Iter 130 of 344 Loss: -0.074809, NCC_Loss: -0.077649, Reg: 0.002840
Iter 140 of 344 Loss: -0.070682, NCC_Loss: -0.073303, Reg: 0.002621
Iter 150 of 344 Loss: -0.074192, NCC_Loss: -0.077130, Reg: 0.002938
Iter 160 of 344 Loss: -0.077151, NCC_Loss: -0.080366, Reg: 0.003214
Iter 170 of 344 Loss: -0.076226, NCC_Loss: -0.079215, Reg: 0.002989
Iter 180 of 344 Loss: -0.078496, NCC_Loss: -0.081382, Reg: 0.002886
Iter 190 of 344 Loss: -0.080307, NCC_Loss: -0.083585, Reg: 0.003278
Iter 200 of 344 Loss: -0.073371, NCC_Loss: -0.076474, Reg: 0.003103
Iter 210 of 344 Loss: -0.074313, NCC_Loss: -0.077528, Reg: 0.003215
Iter 220 of 344 Loss: -0.077042, NCC_Loss: -0.079870, Reg: 0.002828
Iter 230 of 344 Loss: -0.082098, NCC_Loss: -0.084925, Reg: 0.002828
Iter 240 of 344 Loss: -0.075327, NCC_Loss: -0.078390, Reg: 0.003063
Iter 250 of 344 Loss: -0.080249, NCC_Loss: -0.083032, Reg: 0.002782
Iter 260 of 344 Loss: -0.073198, NCC_Loss: -0.076046, Reg: 0.002848
Iter 270 of 344 Loss: -0.081652, NCC_Loss: -0.084762, Reg: 0.003109
Iter 280 of 344 Loss: -0.082271, NCC_Loss: -0.085256, Reg: 0.002985
Iter 290 of 344 Loss: -0.074244, NCC_Loss: -0.077446, Reg: 0.003202
Iter 300 of 344 Loss: -0.078191, NCC_Loss: -0.081511, Reg: 0.003320
Iter 310 of 344 Loss: -0.072290, NCC_Loss: -0.075331, Reg: 0.003041
Iter 320 of 344 Loss: -0.081457, NCC_Loss: -0.084125, Reg: 0.002668
Iter 330 of 344 Loss: -0.084358, NCC_Loss: -0.087583, Reg: 0.003225
Iter 340 of 344 Loss: -0.075212, NCC_Loss: -0.078296, Reg: 0.003084
Epoch 279 Loss: -0.077624
Epoch 279 Validation: Mean EPE: 7.2714, Mean SSIM: 0.1843, Mean ZNCC: -0.0372
Epoch 280 starts
Iter 10 of 344 Loss: -0.078031, NCC_Loss: -0.081173, Reg: 0.003142
Iter 20 of 344 Loss: -0.074791, NCC_Loss: -0.077597, Reg: 0.002806
Iter 30 of 344 Loss: -0.077974, NCC_Loss: -0.081417, Reg: 0.003443
Iter 40 of 344 Loss: -0.080970, NCC_Loss: -0.083716, Reg: 0.002747
Iter 50 of 344 Loss: -0.071121, NCC_Loss: -0.074077, Reg: 0.002957
Iter 60 of 344 Loss: -0.074592, NCC_Loss: -0.077460, Reg: 0.002868
Iter 70 of 344 Loss: -0.078169, NCC_Loss: -0.081197, Reg: 0.003028
Iter 80 of 344 Loss: -0.072916, NCC_Loss: -0.076087, Reg: 0.003170
Iter 90 of 344 Loss: -0.086277, NCC_Loss: -0.089336, Reg: 0.003059
Iter 100 of 344 Loss: -0.080121, NCC_Loss: -0.083438, Reg: 0.003317
Iter 110 of 344 Loss: -0.083387, NCC_Loss: -0.086180, Reg: 0.002793
Iter 120 of 344 Loss: -0.074574, NCC_Loss: -0.077380, Reg: 0.002805
Iter 130 of 344 Loss: -0.076169, NCC_Loss: -0.079271, Reg: 0.003102
Iter 140 of 344 Loss: -0.077914, NCC_Loss: -0.080959, Reg: 0.003045
Iter 150 of 344 Loss: -0.083850, NCC_Loss: -0.087314, Reg: 0.003464
Iter 160 of 344 Loss: -0.079007, NCC_Loss: -0.082008, Reg: 0.003002
Iter 170 of 344 Loss: -0.078828, NCC_Loss: -0.081720, Reg: 0.002892
Iter 180 of 344 Loss: -0.078364, NCC_Loss: -0.081352, Reg: 0.002988
Iter 190 of 344 Loss: -0.074664, NCC_Loss: -0.077832, Reg: 0.003168
Iter 200 of 344 Loss: -0.084366, NCC_Loss: -0.087630, Reg: 0.003264
Iter 210 of 344 Loss: -0.073315, NCC_Loss: -0.076460, Reg: 0.003145
Iter 220 of 344 Loss: -0.084963, NCC_Loss: -0.087803, Reg: 0.002841
Iter 230 of 344 Loss: -0.079431, NCC_Loss: -0.082209, Reg: 0.002778
Iter 240 of 344 Loss: -0.070080, NCC_Loss: -0.073181, Reg: 0.003101
Iter 250 of 344 Loss: -0.065112, NCC_Loss: -0.068022, Reg: 0.002909
Iter 260 of 344 Loss: -0.082356, NCC_Loss: -0.085208, Reg: 0.002851
Iter 270 of 344 Loss: -0.076799, NCC_Loss: -0.079736, Reg: 0.002937
Iter 280 of 344 Loss: -0.083862, NCC_Loss: -0.086812, Reg: 0.002950
Iter 290 of 344 Loss: -0.079739, NCC_Loss: -0.082420, Reg: 0.002681
Iter 300 of 344 Loss: -0.078526, NCC_Loss: -0.081464, Reg: 0.002938
Iter 310 of 344 Loss: -0.074371, NCC_Loss: -0.077887, Reg: 0.003516
Iter 320 of 344 Loss: -0.077470, NCC_Loss: -0.080477, Reg: 0.003007
Iter 330 of 344 Loss: -0.079435, NCC_Loss: -0.082810, Reg: 0.003376
Iter 340 of 344 Loss: -0.073625, NCC_Loss: -0.076567, Reg: 0.002943
Epoch 280 Loss: -0.077647
Epoch 280 Validation: Mean EPE: 7.2714, Mean SSIM: 0.1843, Mean ZNCC: -0.0372
Epoch 281 starts
Iter 10 of 344 Loss: -0.072051, NCC_Loss: -0.075220, Reg: 0.003169
Iter 20 of 344 Loss: -0.082009, NCC_Loss: -0.085392, Reg: 0.003383
Iter 30 of 344 Loss: -0.071321, NCC_Loss: -0.074615, Reg: 0.003294
Iter 40 of 344 Loss: -0.078675, NCC_Loss: -0.081358, Reg: 0.002683
Iter 50 of 344 Loss: -0.074647, NCC_Loss: -0.077797, Reg: 0.003151
Iter 60 of 344 Loss: -0.081163, NCC_Loss: -0.084563, Reg: 0.003401
Iter 70 of 344 Loss: -0.080510, NCC_Loss: -0.083360, Reg: 0.002850
Iter 80 of 344 Loss: -0.081741, NCC_Loss: -0.085172, Reg: 0.003431
Iter 90 of 344 Loss: -0.074653, NCC_Loss: -0.077756, Reg: 0.003103
Iter 100 of 344 Loss: -0.075964, NCC_Loss: -0.078865, Reg: 0.002901
Iter 110 of 344 Loss: -0.078754, NCC_Loss: -0.081472, Reg: 0.002718
Iter 120 of 344 Loss: -0.075955, NCC_Loss: -0.079225, Reg: 0.003269
Iter 130 of 344 Loss: -0.078993, NCC_Loss: -0.081779, Reg: 0.002786
Iter 140 of 344 Loss: -0.081849, NCC_Loss: -0.084874, Reg: 0.003025
Iter 150 of 344 Loss: -0.071716, NCC_Loss: -0.075200, Reg: 0.003485
Iter 160 of 344 Loss: -0.072286, NCC_Loss: -0.075637, Reg: 0.003351
Iter 170 of 344 Loss: -0.076328, NCC_Loss: -0.078970, Reg: 0.002642
Iter 180 of 344 Loss: -0.076293, NCC_Loss: -0.079242, Reg: 0.002949
Iter 190 of 344 Loss: -0.072769, NCC_Loss: -0.076029, Reg: 0.003260
Iter 200 of 344 Loss: -0.074977, NCC_Loss: -0.078194, Reg: 0.003216
Iter 210 of 344 Loss: -0.086254, NCC_Loss: -0.089222, Reg: 0.002967
Iter 220 of 344 Loss: -0.080635, NCC_Loss: -0.083575, Reg: 0.002940
Iter 230 of 344 Loss: -0.069456, NCC_Loss: -0.072529, Reg: 0.003073
Iter 240 of 344 Loss: -0.075955, NCC_Loss: -0.079179, Reg: 0.003224
Iter 250 of 344 Loss: -0.075229, NCC_Loss: -0.078262, Reg: 0.003033
Iter 260 of 344 Loss: -0.079778, NCC_Loss: -0.082908, Reg: 0.003130
Iter 270 of 344 Loss: -0.081080, NCC_Loss: -0.084228, Reg: 0.003148
Iter 280 of 344 Loss: -0.078938, NCC_Loss: -0.082114, Reg: 0.003176
Iter 290 of 344 Loss: -0.077723, NCC_Loss: -0.080841, Reg: 0.003118
Iter 300 of 344 Loss: -0.075318, NCC_Loss: -0.078317, Reg: 0.002999
Iter 310 of 344 Loss: -0.073617, NCC_Loss: -0.076800, Reg: 0.003183
Iter 320 of 344 Loss: -0.082945, NCC_Loss: -0.085982, Reg: 0.003037
Iter 330 of 344 Loss: -0.073697, NCC_Loss: -0.076762, Reg: 0.003065
Iter 340 of 344 Loss: -0.078792, NCC_Loss: -0.081661, Reg: 0.002869
Epoch 281 Loss: -0.077667
Epoch 281 Validation: Mean EPE: 7.2714, Mean SSIM: 0.1843, Mean ZNCC: -0.0372
Epoch 282 starts
Iter 10 of 344 Loss: -0.089697, NCC_Loss: -0.092845, Reg: 0.003147
Iter 20 of 344 Loss: -0.075932, NCC_Loss: -0.078954, Reg: 0.003022
Iter 30 of 344 Loss: -0.080159, NCC_Loss: -0.083420, Reg: 0.003261
Iter 40 of 344 Loss: -0.077800, NCC_Loss: -0.080547, Reg: 0.002747
Iter 50 of 344 Loss: -0.082696, NCC_Loss: -0.085952, Reg: 0.003255
Iter 60 of 344 Loss: -0.077948, NCC_Loss: -0.080561, Reg: 0.002613
Iter 70 of 344 Loss: -0.074977, NCC_Loss: -0.078037, Reg: 0.003060
Iter 80 of 344 Loss: -0.078042, NCC_Loss: -0.081138, Reg: 0.003096
Iter 90 of 344 Loss: -0.078583, NCC_Loss: -0.081421, Reg: 0.002838
Iter 100 of 344 Loss: -0.076919, NCC_Loss: -0.079839, Reg: 0.002919
Iter 110 of 344 Loss: -0.077289, NCC_Loss: -0.080613, Reg: 0.003324
Iter 120 of 344 Loss: -0.080192, NCC_Loss: -0.083038, Reg: 0.002847
Iter 130 of 344 Loss: -0.074055, NCC_Loss: -0.077375, Reg: 0.003319
Iter 140 of 344 Loss: -0.075716, NCC_Loss: -0.078671, Reg: 0.002955
Iter 150 of 344 Loss: -0.074572, NCC_Loss: -0.077554, Reg: 0.002982
Iter 160 of 344 Loss: -0.075992, NCC_Loss: -0.079110, Reg: 0.003119
Iter 170 of 344 Loss: -0.072918, NCC_Loss: -0.075724, Reg: 0.002806
Iter 180 of 344 Loss: -0.074937, NCC_Loss: -0.077715, Reg: 0.002779
Iter 190 of 344 Loss: -0.073588, NCC_Loss: -0.076247, Reg: 0.002659
Iter 200 of 344 Loss: -0.080007, NCC_Loss: -0.082800, Reg: 0.002793
Iter 210 of 344 Loss: -0.078438, NCC_Loss: -0.081490, Reg: 0.003052
Iter 220 of 344 Loss: -0.078755, NCC_Loss: -0.081666, Reg: 0.002911
Iter 230 of 344 Loss: -0.085348, NCC_Loss: -0.088261, Reg: 0.002913
Iter 240 of 344 Loss: -0.075850, NCC_Loss: -0.078666, Reg: 0.002816
Iter 250 of 344 Loss: -0.076406, NCC_Loss: -0.078986, Reg: 0.002580
Iter 260 of 344 Loss: -0.072249, NCC_Loss: -0.075274, Reg: 0.003026
Iter 270 of 344 Loss: -0.075383, NCC_Loss: -0.078367, Reg: 0.002984
Iter 280 of 344 Loss: -0.069553, NCC_Loss: -0.072888, Reg: 0.003335
Iter 290 of 344 Loss: -0.087199, NCC_Loss: -0.090122, Reg: 0.002923
Iter 300 of 344 Loss: -0.080036, NCC_Loss: -0.083192, Reg: 0.003156
Iter 310 of 344 Loss: -0.080474, NCC_Loss: -0.083663, Reg: 0.003189
Iter 320 of 344 Loss: -0.078675, NCC_Loss: -0.081931, Reg: 0.003256
Iter 330 of 344 Loss: -0.077841, NCC_Loss: -0.080718, Reg: 0.002877
Iter 340 of 344 Loss: -0.075418, NCC_Loss: -0.078799, Reg: 0.003381
Epoch 282 Loss: -0.077674
Epoch 282 Validation: Mean EPE: 7.2715, Mean SSIM: 0.1843, Mean ZNCC: -0.0372
Epoch 283 starts
Iter 10 of 344 Loss: -0.076514, NCC_Loss: -0.079342, Reg: 0.002828
Iter 20 of 344 Loss: -0.083151, NCC_Loss: -0.085961, Reg: 0.002810
Iter 30 of 344 Loss: -0.074080, NCC_Loss: -0.077305, Reg: 0.003225
Iter 40 of 344 Loss: -0.080494, NCC_Loss: -0.083528, Reg: 0.003034
Iter 50 of 344 Loss: -0.080859, NCC_Loss: -0.083656, Reg: 0.002797
Iter 60 of 344 Loss: -0.083461, NCC_Loss: -0.086610, Reg: 0.003149
Iter 70 of 344 Loss: -0.076594, NCC_Loss: -0.079698, Reg: 0.003103
Iter 80 of 344 Loss: -0.079407, NCC_Loss: -0.082509, Reg: 0.003103
Iter 90 of 344 Loss: -0.081759, NCC_Loss: -0.084877, Reg: 0.003118
Iter 100 of 344 Loss: -0.082415, NCC_Loss: -0.085222, Reg: 0.002807
Iter 110 of 344 Loss: -0.080366, NCC_Loss: -0.083207, Reg: 0.002840
Iter 120 of 344 Loss: -0.076400, NCC_Loss: -0.079636, Reg: 0.003237
Iter 130 of 344 Loss: -0.078877, NCC_Loss: -0.082213, Reg: 0.003336
Iter 140 of 344 Loss: -0.073651, NCC_Loss: -0.076895, Reg: 0.003243
Iter 150 of 344 Loss: -0.076119, NCC_Loss: -0.079032, Reg: 0.002913
Iter 160 of 344 Loss: -0.073470, NCC_Loss: -0.076946, Reg: 0.003477
Iter 170 of 344 Loss: -0.072142, NCC_Loss: -0.075273, Reg: 0.003131
Iter 180 of 344 Loss: -0.079201, NCC_Loss: -0.082149, Reg: 0.002948
Iter 190 of 344 Loss: -0.077221, NCC_Loss: -0.080229, Reg: 0.003008
Iter 200 of 344 Loss: -0.076693, NCC_Loss: -0.080038, Reg: 0.003345
Iter 210 of 344 Loss: -0.082658, NCC_Loss: -0.085853, Reg: 0.003195
Iter 220 of 344 Loss: -0.088152, NCC_Loss: -0.091380, Reg: 0.003228
Iter 230 of 344 Loss: -0.070816, NCC_Loss: -0.073751, Reg: 0.002934
Iter 240 of 344 Loss: -0.076375, NCC_Loss: -0.079175, Reg: 0.002801
Iter 250 of 344 Loss: -0.078394, NCC_Loss: -0.081124, Reg: 0.002731
Iter 260 of 344 Loss: -0.070202, NCC_Loss: -0.073068, Reg: 0.002866
Iter 270 of 344 Loss: -0.073011, NCC_Loss: -0.076403, Reg: 0.003392
Iter 280 of 344 Loss: -0.073780, NCC_Loss: -0.076710, Reg: 0.002930
Iter 290 of 344 Loss: -0.077635, NCC_Loss: -0.081086, Reg: 0.003451
Iter 300 of 344 Loss: -0.081866, NCC_Loss: -0.084859, Reg: 0.002993
Iter 310 of 344 Loss: -0.084439, NCC_Loss: -0.087240, Reg: 0.002801
Iter 320 of 344 Loss: -0.076917, NCC_Loss: -0.080035, Reg: 0.003118
Iter 330 of 344 Loss: -0.082569, NCC_Loss: -0.085600, Reg: 0.003030
Iter 340 of 344 Loss: -0.075180, NCC_Loss: -0.077880, Reg: 0.002701
Epoch 283 Loss: -0.077670
Epoch 283 Validation: Mean EPE: 7.2715, Mean SSIM: 0.1844, Mean ZNCC: -0.0372
Epoch 284 starts
Iter 10 of 344 Loss: -0.079462, NCC_Loss: -0.082505, Reg: 0.003044
Iter 20 of 344 Loss: -0.074910, NCC_Loss: -0.077789, Reg: 0.002879
Iter 30 of 344 Loss: -0.079082, NCC_Loss: -0.081975, Reg: 0.002893
Iter 40 of 344 Loss: -0.080381, NCC_Loss: -0.083648, Reg: 0.003268
Iter 50 of 344 Loss: -0.076642, NCC_Loss: -0.079673, Reg: 0.003032
Iter 60 of 344 Loss: -0.082221, NCC_Loss: -0.085396, Reg: 0.003175
Iter 70 of 344 Loss: -0.080990, NCC_Loss: -0.083911, Reg: 0.002921
Iter 80 of 344 Loss: -0.069716, NCC_Loss: -0.072532, Reg: 0.002815
Iter 90 of 344 Loss: -0.079392, NCC_Loss: -0.082305, Reg: 0.002913
Iter 100 of 344 Loss: -0.085985, NCC_Loss: -0.089314, Reg: 0.003329
Iter 110 of 344 Loss: -0.075519, NCC_Loss: -0.078531, Reg: 0.003012
Iter 120 of 344 Loss: -0.083551, NCC_Loss: -0.086367, Reg: 0.002816
Iter 130 of 344 Loss: -0.081441, NCC_Loss: -0.084569, Reg: 0.003127
Iter 140 of 344 Loss: -0.078116, NCC_Loss: -0.080791, Reg: 0.002675
Iter 150 of 344 Loss: -0.073263, NCC_Loss: -0.076580, Reg: 0.003317
Iter 160 of 344 Loss: -0.071751, NCC_Loss: -0.074591, Reg: 0.002840
Iter 170 of 344 Loss: -0.076712, NCC_Loss: -0.079859, Reg: 0.003147
Iter 180 of 344 Loss: -0.081122, NCC_Loss: -0.083925, Reg: 0.002803
Iter 190 of 344 Loss: -0.080631, NCC_Loss: -0.083977, Reg: 0.003346
Iter 200 of 344 Loss: -0.083667, NCC_Loss: -0.086803, Reg: 0.003136
Iter 210 of 344 Loss: -0.076594, NCC_Loss: -0.079471, Reg: 0.002877
Iter 220 of 344 Loss: -0.072608, NCC_Loss: -0.075411, Reg: 0.002803
Iter 230 of 344 Loss: -0.078928, NCC_Loss: -0.082105, Reg: 0.003177
Iter 240 of 344 Loss: -0.080294, NCC_Loss: -0.082947, Reg: 0.002652
Iter 250 of 344 Loss: -0.076666, NCC_Loss: -0.079405, Reg: 0.002740
Iter 260 of 344 Loss: -0.077500, NCC_Loss: -0.080705, Reg: 0.003204
Iter 270 of 344 Loss: -0.074362, NCC_Loss: -0.076984, Reg: 0.002622
Iter 280 of 344 Loss: -0.078180, NCC_Loss: -0.081214, Reg: 0.003034
Iter 290 of 344 Loss: -0.075855, NCC_Loss: -0.079139, Reg: 0.003284
Iter 300 of 344 Loss: -0.073436, NCC_Loss: -0.076521, Reg: 0.003084
Iter 310 of 344 Loss: -0.070686, NCC_Loss: -0.073781, Reg: 0.003095
Iter 320 of 344 Loss: -0.083120, NCC_Loss: -0.086319, Reg: 0.003200
Iter 330 of 344 Loss: -0.078868, NCC_Loss: -0.081734, Reg: 0.002865
Iter 340 of 344 Loss: -0.075276, NCC_Loss: -0.077886, Reg: 0.002610
Epoch 284 Loss: -0.077689
Epoch 284 Validation: Mean EPE: 7.2716, Mean SSIM: 0.1844, Mean ZNCC: -0.0372
Epoch 285 starts
Iter 10 of 344 Loss: -0.082166, NCC_Loss: -0.085294, Reg: 0.003128
Iter 20 of 344 Loss: -0.073911, NCC_Loss: -0.076896, Reg: 0.002986
Iter 30 of 344 Loss: -0.071757, NCC_Loss: -0.075046, Reg: 0.003289
Iter 40 of 344 Loss: -0.077427, NCC_Loss: -0.080289, Reg: 0.002861
Iter 50 of 344 Loss: -0.074205, NCC_Loss: -0.077061, Reg: 0.002857
Iter 60 of 344 Loss: -0.080703, NCC_Loss: -0.083316, Reg: 0.002613
Iter 70 of 344 Loss: -0.077608, NCC_Loss: -0.080628, Reg: 0.003020
Iter 80 of 344 Loss: -0.077144, NCC_Loss: -0.079821, Reg: 0.002677
Iter 90 of 344 Loss: -0.080370, NCC_Loss: -0.083397, Reg: 0.003027
Iter 100 of 344 Loss: -0.076223, NCC_Loss: -0.079008, Reg: 0.002785
Iter 110 of 344 Loss: -0.078661, NCC_Loss: -0.081389, Reg: 0.002728
Iter 120 of 344 Loss: -0.079012, NCC_Loss: -0.082036, Reg: 0.003025
Iter 130 of 344 Loss: -0.077834, NCC_Loss: -0.081161, Reg: 0.003327
Iter 140 of 344 Loss: -0.078792, NCC_Loss: -0.081613, Reg: 0.002821
Iter 150 of 344 Loss: -0.082847, NCC_Loss: -0.085583, Reg: 0.002736
Iter 160 of 344 Loss: -0.077236, NCC_Loss: -0.080027, Reg: 0.002791
Iter 170 of 344 Loss: -0.080785, NCC_Loss: -0.083702, Reg: 0.002917
Iter 180 of 344 Loss: -0.075148, NCC_Loss: -0.078115, Reg: 0.002966
Iter 190 of 344 Loss: -0.072567, NCC_Loss: -0.075357, Reg: 0.002790
Iter 200 of 344 Loss: -0.075318, NCC_Loss: -0.078222, Reg: 0.002904
Iter 210 of 344 Loss: -0.075377, NCC_Loss: -0.078183, Reg: 0.002806
Iter 220 of 344 Loss: -0.076011, NCC_Loss: -0.079100, Reg: 0.003089
Iter 230 of 344 Loss: -0.079361, NCC_Loss: -0.082458, Reg: 0.003098
Iter 240 of 344 Loss: -0.079850, NCC_Loss: -0.083051, Reg: 0.003201
Iter 250 of 344 Loss: -0.082742, NCC_Loss: -0.085980, Reg: 0.003238
Iter 260 of 344 Loss: -0.083466, NCC_Loss: -0.086318, Reg: 0.002851
Iter 270 of 344 Loss: -0.080491, NCC_Loss: -0.083531, Reg: 0.003040
Iter 280 of 344 Loss: -0.081958, NCC_Loss: -0.085090, Reg: 0.003132
Iter 290 of 344 Loss: -0.086184, NCC_Loss: -0.089580, Reg: 0.003396
Iter 300 of 344 Loss: -0.077060, NCC_Loss: -0.080118, Reg: 0.003058
Iter 310 of 344 Loss: -0.073461, NCC_Loss: -0.076288, Reg: 0.002827
Iter 320 of 344 Loss: -0.076427, NCC_Loss: -0.079251, Reg: 0.002824
Iter 330 of 344 Loss: -0.081027, NCC_Loss: -0.083954, Reg: 0.002927
Iter 340 of 344 Loss: -0.081952, NCC_Loss: -0.084786, Reg: 0.002834
Epoch 285 Loss: -0.077709
Epoch 285 Validation: Mean EPE: 7.2716, Mean SSIM: 0.1844, Mean ZNCC: -0.0372
Epoch 286 starts
Iter 10 of 344 Loss: -0.078660, NCC_Loss: -0.081682, Reg: 0.003022
Iter 20 of 344 Loss: -0.075180, NCC_Loss: -0.078290, Reg: 0.003110
Iter 30 of 344 Loss: -0.077603, NCC_Loss: -0.080426, Reg: 0.002823
Iter 40 of 344 Loss: -0.082990, NCC_Loss: -0.086104, Reg: 0.003114
Iter 50 of 344 Loss: -0.071233, NCC_Loss: -0.074373, Reg: 0.003140
Iter 60 of 344 Loss: -0.085860, NCC_Loss: -0.088787, Reg: 0.002928
Iter 70 of 344 Loss: -0.073595, NCC_Loss: -0.076741, Reg: 0.003147
Iter 80 of 344 Loss: -0.078146, NCC_Loss: -0.080978, Reg: 0.002832
Iter 90 of 344 Loss: -0.084927, NCC_Loss: -0.087801, Reg: 0.002874
Iter 100 of 344 Loss: -0.077127, NCC_Loss: -0.079933, Reg: 0.002807
Iter 110 of 344 Loss: -0.080866, NCC_Loss: -0.084309, Reg: 0.003443
Iter 120 of 344 Loss: -0.078589, NCC_Loss: -0.081688, Reg: 0.003099
Iter 130 of 344 Loss: -0.071408, NCC_Loss: -0.074223, Reg: 0.002816
Iter 140 of 344 Loss: -0.072619, NCC_Loss: -0.075598, Reg: 0.002979
Iter 150 of 344 Loss: -0.089562, NCC_Loss: -0.092697, Reg: 0.003134
Iter 160 of 344 Loss: -0.076021, NCC_Loss: -0.078898, Reg: 0.002877
Iter 170 of 344 Loss: -0.078903, NCC_Loss: -0.081777, Reg: 0.002874
Iter 180 of 344 Loss: -0.084776, NCC_Loss: -0.087751, Reg: 0.002975
Iter 190 of 344 Loss: -0.076106, NCC_Loss: -0.079645, Reg: 0.003539
Iter 200 of 344 Loss: -0.078740, NCC_Loss: -0.081677, Reg: 0.002937
Iter 210 of 344 Loss: -0.076574, NCC_Loss: -0.079833, Reg: 0.003259
Iter 220 of 344 Loss: -0.080097, NCC_Loss: -0.083103, Reg: 0.003007
Iter 230 of 344 Loss: -0.074847, NCC_Loss: -0.077566, Reg: 0.002719
Iter 240 of 344 Loss: -0.079251, NCC_Loss: -0.082290, Reg: 0.003039
Iter 250 of 344 Loss: -0.083560, NCC_Loss: -0.086788, Reg: 0.003228
Iter 260 of 344 Loss: -0.080178, NCC_Loss: -0.083135, Reg: 0.002957
Iter 270 of 344 Loss: -0.073499, NCC_Loss: -0.076660, Reg: 0.003161
Iter 280 of 344 Loss: -0.083122, NCC_Loss: -0.086413, Reg: 0.003291
Iter 290 of 344 Loss: -0.076836, NCC_Loss: -0.080187, Reg: 0.003351
Iter 300 of 344 Loss: -0.073755, NCC_Loss: -0.077102, Reg: 0.003347
Iter 310 of 344 Loss: -0.078486, NCC_Loss: -0.081833, Reg: 0.003347
Iter 320 of 344 Loss: -0.075262, NCC_Loss: -0.078029, Reg: 0.002767
Iter 330 of 344 Loss: -0.078248, NCC_Loss: -0.081203, Reg: 0.002955
Iter 340 of 344 Loss: -0.071688, NCC_Loss: -0.074681, Reg: 0.002993
Epoch 286 Loss: -0.077721
Epoch 286 Validation: Mean EPE: 7.2717, Mean SSIM: 0.1844, Mean ZNCC: -0.0372
Epoch 287 starts
Iter 10 of 344 Loss: -0.083158, NCC_Loss: -0.086089, Reg: 0.002931
Iter 20 of 344 Loss: -0.069668, NCC_Loss: -0.072672, Reg: 0.003004
Iter 30 of 344 Loss: -0.074908, NCC_Loss: -0.077799, Reg: 0.002891
Iter 40 of 344 Loss: -0.072676, NCC_Loss: -0.076172, Reg: 0.003495
Iter 50 of 344 Loss: -0.073353, NCC_Loss: -0.076190, Reg: 0.002837
Iter 60 of 344 Loss: -0.073609, NCC_Loss: -0.076887, Reg: 0.003278
Iter 70 of 344 Loss: -0.074619, NCC_Loss: -0.077519, Reg: 0.002901
Iter 80 of 344 Loss: -0.076900, NCC_Loss: -0.079772, Reg: 0.002872
Iter 90 of 344 Loss: -0.082353, NCC_Loss: -0.085386, Reg: 0.003034
Iter 100 of 344 Loss: -0.078641, NCC_Loss: -0.081634, Reg: 0.002993
Iter 110 of 344 Loss: -0.080989, NCC_Loss: -0.084034, Reg: 0.003045
Iter 120 of 344 Loss: -0.082855, NCC_Loss: -0.085940, Reg: 0.003085
Iter 130 of 344 Loss: -0.068786, NCC_Loss: -0.071923, Reg: 0.003137
Iter 140 of 344 Loss: -0.079059, NCC_Loss: -0.082195, Reg: 0.003136
Iter 150 of 344 Loss: -0.078438, NCC_Loss: -0.081484, Reg: 0.003046
Iter 160 of 344 Loss: -0.077745, NCC_Loss: -0.081111, Reg: 0.003366
Iter 170 of 344 Loss: -0.081088, NCC_Loss: -0.084364, Reg: 0.003276
Iter 180 of 344 Loss: -0.079429, NCC_Loss: -0.082321, Reg: 0.002892
Iter 190 of 344 Loss: -0.075028, NCC_Loss: -0.077797, Reg: 0.002769
Iter 200 of 344 Loss: -0.074505, NCC_Loss: -0.077914, Reg: 0.003410
Iter 210 of 344 Loss: -0.082094, NCC_Loss: -0.085569, Reg: 0.003475
Iter 220 of 344 Loss: -0.073977, NCC_Loss: -0.076874, Reg: 0.002897
Iter 230 of 344 Loss: -0.081211, NCC_Loss: -0.084023, Reg: 0.002812
Iter 240 of 344 Loss: -0.080548, NCC_Loss: -0.083668, Reg: 0.003120
Iter 250 of 344 Loss: -0.075685, NCC_Loss: -0.078390, Reg: 0.002704
Iter 260 of 344 Loss: -0.077089, NCC_Loss: -0.080020, Reg: 0.002931
Iter 270 of 344 Loss: -0.080440, NCC_Loss: -0.083748, Reg: 0.003308
Iter 280 of 344 Loss: -0.084686, NCC_Loss: -0.087582, Reg: 0.002896
Iter 290 of 344 Loss: -0.071715, NCC_Loss: -0.074756, Reg: 0.003041
Iter 300 of 344 Loss: -0.081448, NCC_Loss: -0.084775, Reg: 0.003327
Iter 310 of 344 Loss: -0.086734, NCC_Loss: -0.089718, Reg: 0.002984
Iter 320 of 344 Loss: -0.079679, NCC_Loss: -0.082367, Reg: 0.002688
Iter 330 of 344 Loss: -0.073224, NCC_Loss: -0.076344, Reg: 0.003120
Iter 340 of 344 Loss: -0.074235, NCC_Loss: -0.077161, Reg: 0.002926
Epoch 287 Loss: -0.077696
Epoch 287 Validation: Mean EPE: 7.2717, Mean SSIM: 0.1844, Mean ZNCC: -0.0372
Epoch 288 starts
Iter 10 of 344 Loss: -0.071761, NCC_Loss: -0.074830, Reg: 0.003069
Iter 20 of 344 Loss: -0.078807, NCC_Loss: -0.081731, Reg: 0.002924
Iter 30 of 344 Loss: -0.083575, NCC_Loss: -0.087230, Reg: 0.003656
Iter 40 of 344 Loss: -0.079592, NCC_Loss: -0.082440, Reg: 0.002848
Iter 50 of 344 Loss: -0.074570, NCC_Loss: -0.077457, Reg: 0.002887
Iter 60 of 344 Loss: -0.075204, NCC_Loss: -0.078283, Reg: 0.003078
Iter 70 of 344 Loss: -0.071176, NCC_Loss: -0.074075, Reg: 0.002900
Iter 80 of 344 Loss: -0.081332, NCC_Loss: -0.084263, Reg: 0.002931
Iter 90 of 344 Loss: -0.076505, NCC_Loss: -0.079477, Reg: 0.002972
Iter 100 of 344 Loss: -0.075855, NCC_Loss: -0.079039, Reg: 0.003183
Iter 110 of 344 Loss: -0.080030, NCC_Loss: -0.082766, Reg: 0.002736
Iter 120 of 344 Loss: -0.077295, NCC_Loss: -0.080583, Reg: 0.003289
Iter 130 of 344 Loss: -0.076969, NCC_Loss: -0.080190, Reg: 0.003221
Iter 140 of 344 Loss: -0.075523, NCC_Loss: -0.078348, Reg: 0.002826
Iter 150 of 344 Loss: -0.072120, NCC_Loss: -0.074959, Reg: 0.002838
Iter 160 of 344 Loss: -0.084036, NCC_Loss: -0.086883, Reg: 0.002847
Iter 170 of 344 Loss: -0.073018, NCC_Loss: -0.075923, Reg: 0.002905
Iter 180 of 344 Loss: -0.077692, NCC_Loss: -0.080936, Reg: 0.003244
Iter 190 of 344 Loss: -0.078228, NCC_Loss: -0.081006, Reg: 0.002779
Iter 200 of 344 Loss: -0.081291, NCC_Loss: -0.084555, Reg: 0.003264
Iter 210 of 344 Loss: -0.083695, NCC_Loss: -0.086745, Reg: 0.003049
Iter 220 of 344 Loss: -0.074917, NCC_Loss: -0.078279, Reg: 0.003362
Iter 230 of 344 Loss: -0.077320, NCC_Loss: -0.080717, Reg: 0.003397
Iter 240 of 344 Loss: -0.075099, NCC_Loss: -0.078226, Reg: 0.003127
Iter 250 of 344 Loss: -0.071179, NCC_Loss: -0.074157, Reg: 0.002979
Iter 260 of 344 Loss: -0.075798, NCC_Loss: -0.078642, Reg: 0.002845
Iter 270 of 344 Loss: -0.085909, NCC_Loss: -0.088776, Reg: 0.002867
Iter 280 of 344 Loss: -0.076254, NCC_Loss: -0.079507, Reg: 0.003254
Iter 290 of 344 Loss: -0.084442, NCC_Loss: -0.087526, Reg: 0.003083
Iter 300 of 344 Loss: -0.073189, NCC_Loss: -0.076283, Reg: 0.003094
Iter 310 of 344 Loss: -0.081069, NCC_Loss: -0.084133, Reg: 0.003064
Iter 320 of 344 Loss: -0.078836, NCC_Loss: -0.081814, Reg: 0.002978
Iter 330 of 344 Loss: -0.082015, NCC_Loss: -0.085025, Reg: 0.003010
Iter 340 of 344 Loss: -0.088136, NCC_Loss: -0.091420, Reg: 0.003285
Epoch 288 Loss: -0.077702
Epoch 288 Validation: Mean EPE: 7.2719, Mean SSIM: 0.1845, Mean ZNCC: -0.0373
Epoch 289 starts
Iter 10 of 344 Loss: -0.074939, NCC_Loss: -0.077934, Reg: 0.002994
Iter 20 of 344 Loss: -0.083730, NCC_Loss: -0.086983, Reg: 0.003254
Iter 30 of 344 Loss: -0.077794, NCC_Loss: -0.080796, Reg: 0.003003
Iter 40 of 344 Loss: -0.078303, NCC_Loss: -0.081591, Reg: 0.003288
Iter 50 of 344 Loss: -0.070022, NCC_Loss: -0.073148, Reg: 0.003126
Iter 60 of 344 Loss: -0.070551, NCC_Loss: -0.073441, Reg: 0.002890
Iter 70 of 344 Loss: -0.077460, NCC_Loss: -0.080274, Reg: 0.002814
Iter 80 of 344 Loss: -0.074576, NCC_Loss: -0.077418, Reg: 0.002842
Iter 90 of 344 Loss: -0.084457, NCC_Loss: -0.087344, Reg: 0.002887
Iter 100 of 344 Loss: -0.078477, NCC_Loss: -0.081521, Reg: 0.003044
Iter 110 of 344 Loss: -0.080519, NCC_Loss: -0.083394, Reg: 0.002874
Iter 120 of 344 Loss: -0.081322, NCC_Loss: -0.084399, Reg: 0.003077
Iter 130 of 344 Loss: -0.077905, NCC_Loss: -0.080771, Reg: 0.002866
Iter 140 of 344 Loss: -0.077424, NCC_Loss: -0.080374, Reg: 0.002949
Iter 150 of 344 Loss: -0.074929, NCC_Loss: -0.078124, Reg: 0.003194
Iter 160 of 344 Loss: -0.074682, NCC_Loss: -0.077567, Reg: 0.002885
Iter 170 of 344 Loss: -0.076581, NCC_Loss: -0.079855, Reg: 0.003274
Iter 180 of 344 Loss: -0.081789, NCC_Loss: -0.084920, Reg: 0.003132
Iter 190 of 344 Loss: -0.082352, NCC_Loss: -0.085273, Reg: 0.002920
Iter 200 of 344 Loss: -0.071561, NCC_Loss: -0.074315, Reg: 0.002754
Iter 210 of 344 Loss: -0.076770, NCC_Loss: -0.079845, Reg: 0.003075
Iter 220 of 344 Loss: -0.074498, NCC_Loss: -0.077650, Reg: 0.003152
Iter 230 of 344 Loss: -0.078797, NCC_Loss: -0.082126, Reg: 0.003329
Iter 240 of 344 Loss: -0.074661, NCC_Loss: -0.077287, Reg: 0.002625
Iter 250 of 344 Loss: -0.081928, NCC_Loss: -0.084917, Reg: 0.002989
Iter 260 of 344 Loss: -0.080073, NCC_Loss: -0.082985, Reg: 0.002912
Iter 270 of 344 Loss: -0.082676, NCC_Loss: -0.085674, Reg: 0.002998
Iter 280 of 344 Loss: -0.084837, NCC_Loss: -0.088024, Reg: 0.003187
Iter 290 of 344 Loss: -0.074465, NCC_Loss: -0.077248, Reg: 0.002783
Iter 300 of 344 Loss: -0.080773, NCC_Loss: -0.083808, Reg: 0.003035
Iter 310 of 344 Loss: -0.079092, NCC_Loss: -0.081868, Reg: 0.002776
Iter 320 of 344 Loss: -0.083457, NCC_Loss: -0.086439, Reg: 0.002982
Iter 330 of 344 Loss: -0.084647, NCC_Loss: -0.087695, Reg: 0.003048
Iter 340 of 344 Loss: -0.073536, NCC_Loss: -0.076423, Reg: 0.002886
Epoch 289 Loss: -0.077697
Epoch 289 Validation: Mean EPE: 7.2719, Mean SSIM: 0.1845, Mean ZNCC: -0.0372
Epoch 290 starts
Iter 10 of 344 Loss: -0.082381, NCC_Loss: -0.085862, Reg: 0.003482
Iter 20 of 344 Loss: -0.073090, NCC_Loss: -0.076355, Reg: 0.003264
Iter 30 of 344 Loss: -0.077563, NCC_Loss: -0.080820, Reg: 0.003257
Iter 40 of 344 Loss: -0.085584, NCC_Loss: -0.088877, Reg: 0.003293
Iter 50 of 344 Loss: -0.078298, NCC_Loss: -0.081588, Reg: 0.003290
Iter 60 of 344 Loss: -0.079386, NCC_Loss: -0.082646, Reg: 0.003259
Iter 70 of 344 Loss: -0.083762, NCC_Loss: -0.086974, Reg: 0.003212
Iter 80 of 344 Loss: -0.077922, NCC_Loss: -0.081122, Reg: 0.003200
Iter 90 of 344 Loss: -0.073636, NCC_Loss: -0.076909, Reg: 0.003274
Iter 100 of 344 Loss: -0.069416, NCC_Loss: -0.072509, Reg: 0.003094
Iter 110 of 344 Loss: -0.081353, NCC_Loss: -0.084911, Reg: 0.003558
Iter 120 of 344 Loss: -0.074755, NCC_Loss: -0.077944, Reg: 0.003189
Iter 130 of 344 Loss: -0.081917, NCC_Loss: -0.085135, Reg: 0.003218
Iter 140 of 344 Loss: -0.076551, NCC_Loss: -0.079411, Reg: 0.002859
Iter 150 of 344 Loss: -0.075757, NCC_Loss: -0.078936, Reg: 0.003180
Iter 160 of 344 Loss: -0.077630, NCC_Loss: -0.080991, Reg: 0.003361
Iter 170 of 344 Loss: -0.077930, NCC_Loss: -0.081141, Reg: 0.003211
Iter 180 of 344 Loss: -0.074547, NCC_Loss: -0.077460, Reg: 0.002913
Iter 190 of 344 Loss: -0.077552, NCC_Loss: -0.081065, Reg: 0.003512
Iter 200 of 344 Loss: -0.079187, NCC_Loss: -0.082149, Reg: 0.002962
Iter 210 of 344 Loss: -0.085123, NCC_Loss: -0.088156, Reg: 0.003033
Iter 220 of 344 Loss: -0.074063, NCC_Loss: -0.077358, Reg: 0.003294
Iter 230 of 344 Loss: -0.079617, NCC_Loss: -0.083107, Reg: 0.003489
Iter 240 of 344 Loss: -0.079428, NCC_Loss: -0.082387, Reg: 0.002959
Iter 250 of 344 Loss: -0.084525, NCC_Loss: -0.087950, Reg: 0.003425
Iter 260 of 344 Loss: -0.081282, NCC_Loss: -0.084276, Reg: 0.002994
Iter 270 of 344 Loss: -0.073035, NCC_Loss: -0.076707, Reg: 0.003671
Iter 280 of 344 Loss: -0.082392, NCC_Loss: -0.085160, Reg: 0.002769
Iter 290 of 344 Loss: -0.076636, NCC_Loss: -0.079583, Reg: 0.002947
Iter 300 of 344 Loss: -0.085354, NCC_Loss: -0.088422, Reg: 0.003067
Iter 310 of 344 Loss: -0.074742, NCC_Loss: -0.077669, Reg: 0.002928
Iter 320 of 344 Loss: -0.080549, NCC_Loss: -0.083487, Reg: 0.002938
Iter 330 of 344 Loss: -0.075373, NCC_Loss: -0.077967, Reg: 0.002593
Iter 340 of 344 Loss: -0.074546, NCC_Loss: -0.077585, Reg: 0.003039
Epoch 290 Loss: -0.077716
Epoch 290 Validation: Mean EPE: 7.2719, Mean SSIM: 0.1845, Mean ZNCC: -0.0372
Epoch 291 starts
Iter 10 of 344 Loss: -0.073214, NCC_Loss: -0.076547, Reg: 0.003334
Iter 20 of 344 Loss: -0.079488, NCC_Loss: -0.082810, Reg: 0.003322
Iter 30 of 344 Loss: -0.075533, NCC_Loss: -0.078221, Reg: 0.002689
Iter 40 of 344 Loss: -0.084763, NCC_Loss: -0.088221, Reg: 0.003458
Iter 50 of 344 Loss: -0.075512, NCC_Loss: -0.078570, Reg: 0.003059
Iter 60 of 344 Loss: -0.079413, NCC_Loss: -0.082524, Reg: 0.003111
Iter 70 of 344 Loss: -0.075862, NCC_Loss: -0.078856, Reg: 0.002994
Iter 80 of 344 Loss: -0.080505, NCC_Loss: -0.083290, Reg: 0.002785
Iter 90 of 344 Loss: -0.077461, NCC_Loss: -0.080566, Reg: 0.003106
Iter 100 of 344 Loss: -0.081197, NCC_Loss: -0.083758, Reg: 0.002560
Iter 110 of 344 Loss: -0.078091, NCC_Loss: -0.080930, Reg: 0.002838
Iter 120 of 344 Loss: -0.080392, NCC_Loss: -0.083269, Reg: 0.002877
Iter 130 of 344 Loss: -0.070476, NCC_Loss: -0.073200, Reg: 0.002724
Iter 140 of 344 Loss: -0.077408, NCC_Loss: -0.080451, Reg: 0.003043
Iter 150 of 344 Loss: -0.078860, NCC_Loss: -0.081816, Reg: 0.002956
Iter 160 of 344 Loss: -0.078468, NCC_Loss: -0.081463, Reg: 0.002995
Iter 170 of 344 Loss: -0.083050, NCC_Loss: -0.086438, Reg: 0.003389
Iter 180 of 344 Loss: -0.077993, NCC_Loss: -0.081078, Reg: 0.003085
Iter 190 of 344 Loss: -0.077309, NCC_Loss: -0.080099, Reg: 0.002790
Iter 200 of 344 Loss: -0.079699, NCC_Loss: -0.083144, Reg: 0.003445
Iter 210 of 344 Loss: -0.077686, NCC_Loss: -0.080828, Reg: 0.003141
Iter 220 of 344 Loss: -0.082141, NCC_Loss: -0.085398, Reg: 0.003257
Iter 230 of 344 Loss: -0.082437, NCC_Loss: -0.085485, Reg: 0.003048
Iter 240 of 344 Loss: -0.077895, NCC_Loss: -0.080958, Reg: 0.003063
Iter 250 of 344 Loss: -0.076372, NCC_Loss: -0.079443, Reg: 0.003071
Iter 260 of 344 Loss: -0.072858, NCC_Loss: -0.075896, Reg: 0.003038
Iter 270 of 344 Loss: -0.081428, NCC_Loss: -0.085029, Reg: 0.003601
Iter 280 of 344 Loss: -0.086166, NCC_Loss: -0.089544, Reg: 0.003378
Iter 290 of 344 Loss: -0.073810, NCC_Loss: -0.077038, Reg: 0.003229
Iter 300 of 344 Loss: -0.080968, NCC_Loss: -0.083780, Reg: 0.002812
Iter 310 of 344 Loss: -0.074298, NCC_Loss: -0.077184, Reg: 0.002886
Iter 320 of 344 Loss: -0.075429, NCC_Loss: -0.078412, Reg: 0.002983
Iter 330 of 344 Loss: -0.079169, NCC_Loss: -0.082256, Reg: 0.003086
Iter 340 of 344 Loss: -0.072820, NCC_Loss: -0.075785, Reg: 0.002965
Epoch 291 Loss: -0.077730
Epoch 291 Validation: Mean EPE: 7.2720, Mean SSIM: 0.1845, Mean ZNCC: -0.0372
Epoch 292 starts
Iter 10 of 344 Loss: -0.078535, NCC_Loss: -0.081398, Reg: 0.002863
Iter 20 of 344 Loss: -0.080162, NCC_Loss: -0.083219, Reg: 0.003057
Iter 30 of 344 Loss: -0.083320, NCC_Loss: -0.086113, Reg: 0.002792
Iter 40 of 344 Loss: -0.077920, NCC_Loss: -0.080905, Reg: 0.002985
Iter 50 of 344 Loss: -0.079281, NCC_Loss: -0.082594, Reg: 0.003313
Iter 60 of 344 Loss: -0.074291, NCC_Loss: -0.077265, Reg: 0.002974
Iter 70 of 344 Loss: -0.083715, NCC_Loss: -0.087019, Reg: 0.003304
Iter 80 of 344 Loss: -0.071396, NCC_Loss: -0.074514, Reg: 0.003118
Iter 90 of 344 Loss: -0.081863, NCC_Loss: -0.084821, Reg: 0.002958
Iter 100 of 344 Loss: -0.079826, NCC_Loss: -0.082753, Reg: 0.002928
Iter 110 of 344 Loss: -0.080052, NCC_Loss: -0.083187, Reg: 0.003135
Iter 120 of 344 Loss: -0.076925, NCC_Loss: -0.080152, Reg: 0.003227
Iter 130 of 344 Loss: -0.080756, NCC_Loss: -0.083676, Reg: 0.002920
Iter 140 of 344 Loss: -0.080775, NCC_Loss: -0.083812, Reg: 0.003037
Iter 150 of 344 Loss: -0.076999, NCC_Loss: -0.079764, Reg: 0.002765
Iter 160 of 344 Loss: -0.082149, NCC_Loss: -0.085397, Reg: 0.003249
Iter 170 of 344 Loss: -0.079565, NCC_Loss: -0.082461, Reg: 0.002897
Iter 180 of 344 Loss: -0.074522, NCC_Loss: -0.077409, Reg: 0.002887
Iter 190 of 344 Loss: -0.076276, NCC_Loss: -0.079497, Reg: 0.003221
Iter 200 of 344 Loss: -0.076410, NCC_Loss: -0.079257, Reg: 0.002848
Iter 210 of 344 Loss: -0.076929, NCC_Loss: -0.080069, Reg: 0.003139
Iter 220 of 344 Loss: -0.078293, NCC_Loss: -0.081317, Reg: 0.003024
Iter 230 of 344 Loss: -0.081169, NCC_Loss: -0.084620, Reg: 0.003452
Iter 240 of 344 Loss: -0.082499, NCC_Loss: -0.085716, Reg: 0.003217
Iter 250 of 344 Loss: -0.072467, NCC_Loss: -0.075572, Reg: 0.003105
Iter 260 of 344 Loss: -0.073412, NCC_Loss: -0.076595, Reg: 0.003183
Iter 270 of 344 Loss: -0.077949, NCC_Loss: -0.080742, Reg: 0.002793
Iter 280 of 344 Loss: -0.078834, NCC_Loss: -0.081887, Reg: 0.003052
Iter 290 of 344 Loss: -0.078164, NCC_Loss: -0.081247, Reg: 0.003083
Iter 300 of 344 Loss: -0.077568, NCC_Loss: -0.080490, Reg: 0.002922
Iter 310 of 344 Loss: -0.074968, NCC_Loss: -0.078158, Reg: 0.003190
Iter 320 of 344 Loss: -0.075386, NCC_Loss: -0.078535, Reg: 0.003149
Iter 330 of 344 Loss: -0.072508, NCC_Loss: -0.075433, Reg: 0.002925
Iter 340 of 344 Loss: -0.075064, NCC_Loss: -0.077849, Reg: 0.002785
Epoch 292 Loss: -0.077740
Epoch 292 Validation: Mean EPE: 7.2720, Mean SSIM: 0.1845, Mean ZNCC: -0.0372
Epoch 293 starts
Iter 10 of 344 Loss: -0.075772, NCC_Loss: -0.078859, Reg: 0.003087
Iter 20 of 344 Loss: -0.078558, NCC_Loss: -0.081517, Reg: 0.002959
Iter 30 of 344 Loss: -0.079932, NCC_Loss: -0.083163, Reg: 0.003232
Iter 40 of 344 Loss: -0.079565, NCC_Loss: -0.082687, Reg: 0.003122
Iter 50 of 344 Loss: -0.079969, NCC_Loss: -0.082868, Reg: 0.002899
Iter 60 of 344 Loss: -0.083764, NCC_Loss: -0.086797, Reg: 0.003033
Iter 70 of 344 Loss: -0.076729, NCC_Loss: -0.079791, Reg: 0.003063
Iter 80 of 344 Loss: -0.076866, NCC_Loss: -0.079935, Reg: 0.003069
Iter 90 of 344 Loss: -0.081145, NCC_Loss: -0.084265, Reg: 0.003120
Iter 100 of 344 Loss: -0.078760, NCC_Loss: -0.081809, Reg: 0.003049
Iter 110 of 344 Loss: -0.085388, NCC_Loss: -0.088449, Reg: 0.003061
Iter 120 of 344 Loss: -0.078577, NCC_Loss: -0.081736, Reg: 0.003159
Iter 130 of 344 Loss: -0.074077, NCC_Loss: -0.077058, Reg: 0.002981
Iter 140 of 344 Loss: -0.077673, NCC_Loss: -0.080748, Reg: 0.003075
Iter 150 of 344 Loss: -0.080705, NCC_Loss: -0.083595, Reg: 0.002891
Iter 160 of 344 Loss: -0.074481, NCC_Loss: -0.077272, Reg: 0.002791
Iter 170 of 344 Loss: -0.077676, NCC_Loss: -0.081073, Reg: 0.003398
Iter 180 of 344 Loss: -0.078374, NCC_Loss: -0.081325, Reg: 0.002952
Iter 190 of 344 Loss: -0.079802, NCC_Loss: -0.082815, Reg: 0.003013
Iter 200 of 344 Loss: -0.079631, NCC_Loss: -0.082722, Reg: 0.003092
Iter 210 of 344 Loss: -0.074093, NCC_Loss: -0.076727, Reg: 0.002634
Iter 220 of 344 Loss: -0.080329, NCC_Loss: -0.083242, Reg: 0.002914
Iter 230 of 344 Loss: -0.071946, NCC_Loss: -0.075055, Reg: 0.003109
Iter 240 of 344 Loss: -0.079209, NCC_Loss: -0.082264, Reg: 0.003055
Iter 250 of 344 Loss: -0.075857, NCC_Loss: -0.078615, Reg: 0.002757
Iter 260 of 344 Loss: -0.084953, NCC_Loss: -0.088123, Reg: 0.003171
Iter 270 of 344 Loss: -0.073653, NCC_Loss: -0.076777, Reg: 0.003125
Iter 280 of 344 Loss: -0.080523, NCC_Loss: -0.083886, Reg: 0.003363
Iter 290 of 344 Loss: -0.082689, NCC_Loss: -0.085839, Reg: 0.003150
Iter 300 of 344 Loss: -0.077112, NCC_Loss: -0.080578, Reg: 0.003466
Iter 310 of 344 Loss: -0.074019, NCC_Loss: -0.077027, Reg: 0.003008
Iter 320 of 344 Loss: -0.079172, NCC_Loss: -0.082042, Reg: 0.002870
Iter 330 of 344 Loss: -0.075256, NCC_Loss: -0.078193, Reg: 0.002937
Iter 340 of 344 Loss: -0.076149, NCC_Loss: -0.079634, Reg: 0.003485
Epoch 293 Loss: -0.077746
Epoch 293 Validation: Mean EPE: 7.2721, Mean SSIM: 0.1846, Mean ZNCC: -0.0373
Epoch 294 starts
Iter 10 of 344 Loss: -0.081290, NCC_Loss: -0.084249, Reg: 0.002959
Iter 20 of 344 Loss: -0.075874, NCC_Loss: -0.078791, Reg: 0.002917
Iter 30 of 344 Loss: -0.069714, NCC_Loss: -0.072474, Reg: 0.002760
Iter 40 of 344 Loss: -0.077024, NCC_Loss: -0.079809, Reg: 0.002785
Iter 50 of 344 Loss: -0.081285, NCC_Loss: -0.084467, Reg: 0.003181
Iter 60 of 344 Loss: -0.072031, NCC_Loss: -0.074939, Reg: 0.002908
Iter 70 of 344 Loss: -0.087036, NCC_Loss: -0.089852, Reg: 0.002816
Iter 80 of 344 Loss: -0.074759, NCC_Loss: -0.077802, Reg: 0.003043
Iter 90 of 344 Loss: -0.075333, NCC_Loss: -0.078268, Reg: 0.002935
Iter 100 of 344 Loss: -0.075841, NCC_Loss: -0.079019, Reg: 0.003178
Iter 110 of 344 Loss: -0.078950, NCC_Loss: -0.082224, Reg: 0.003274
Iter 120 of 344 Loss: -0.076638, NCC_Loss: -0.079566, Reg: 0.002928
Iter 130 of 344 Loss: -0.078120, NCC_Loss: -0.081345, Reg: 0.003226
Iter 140 of 344 Loss: -0.068987, NCC_Loss: -0.072029, Reg: 0.003042
Iter 150 of 344 Loss: -0.085139, NCC_Loss: -0.088223, Reg: 0.003085
Iter 160 of 344 Loss: -0.082431, NCC_Loss: -0.085555, Reg: 0.003124
Iter 170 of 344 Loss: -0.084435, NCC_Loss: -0.087601, Reg: 0.003166
Iter 180 of 344 Loss: -0.074850, NCC_Loss: -0.077725, Reg: 0.002875
Iter 190 of 344 Loss: -0.076726, NCC_Loss: -0.080044, Reg: 0.003318
Iter 200 of 344 Loss: -0.077778, NCC_Loss: -0.081415, Reg: 0.003637
Iter 210 of 344 Loss: -0.079057, NCC_Loss: -0.081909, Reg: 0.002853
Iter 220 of 344 Loss: -0.073708, NCC_Loss: -0.076690, Reg: 0.002981
Iter 230 of 344 Loss: -0.080165, NCC_Loss: -0.083264, Reg: 0.003099
Iter 240 of 344 Loss: -0.079916, NCC_Loss: -0.082492, Reg: 0.002576
Iter 250 of 344 Loss: -0.081717, NCC_Loss: -0.084776, Reg: 0.003059
Iter 260 of 344 Loss: -0.081746, NCC_Loss: -0.084840, Reg: 0.003094
Iter 270 of 344 Loss: -0.085891, NCC_Loss: -0.088886, Reg: 0.002995
Iter 280 of 344 Loss: -0.074497, NCC_Loss: -0.077819, Reg: 0.003322
Iter 290 of 344 Loss: -0.081752, NCC_Loss: -0.084922, Reg: 0.003170
Iter 300 of 344 Loss: -0.078513, NCC_Loss: -0.081674, Reg: 0.003161
Iter 310 of 344 Loss: -0.077727, NCC_Loss: -0.081085, Reg: 0.003358
Iter 320 of 344 Loss: -0.070375, NCC_Loss: -0.073771, Reg: 0.003395
Iter 330 of 344 Loss: -0.083511, NCC_Loss: -0.086754, Reg: 0.003243
Iter 340 of 344 Loss: -0.080828, NCC_Loss: -0.083809, Reg: 0.002981
Epoch 294 Loss: -0.077739
Epoch 294 Validation: Mean EPE: 7.2721, Mean SSIM: 0.1846, Mean ZNCC: -0.0373
Epoch 295 starts
Iter 10 of 344 Loss: -0.079192, NCC_Loss: -0.082301, Reg: 0.003109
Iter 20 of 344 Loss: -0.080500, NCC_Loss: -0.083141, Reg: 0.002641
Iter 30 of 344 Loss: -0.074706, NCC_Loss: -0.077491, Reg: 0.002785
Iter 40 of 344 Loss: -0.078093, NCC_Loss: -0.081006, Reg: 0.002913
Iter 50 of 344 Loss: -0.079422, NCC_Loss: -0.082524, Reg: 0.003102
Iter 60 of 344 Loss: -0.076707, NCC_Loss: -0.079455, Reg: 0.002748
Iter 70 of 344 Loss: -0.078215, NCC_Loss: -0.081301, Reg: 0.003086
Iter 80 of 344 Loss: -0.090923, NCC_Loss: -0.093878, Reg: 0.002955
Iter 90 of 344 Loss: -0.079808, NCC_Loss: -0.082782, Reg: 0.002974
Iter 100 of 344 Loss: -0.072927, NCC_Loss: -0.075940, Reg: 0.003013
Iter 110 of 344 Loss: -0.075600, NCC_Loss: -0.078524, Reg: 0.002924
Iter 120 of 344 Loss: -0.077220, NCC_Loss: -0.080278, Reg: 0.003058
Iter 130 of 344 Loss: -0.075044, NCC_Loss: -0.078059, Reg: 0.003015
Iter 140 of 344 Loss: -0.080361, NCC_Loss: -0.083494, Reg: 0.003133
Iter 150 of 344 Loss: -0.074864, NCC_Loss: -0.077956, Reg: 0.003092
Iter 160 of 344 Loss: -0.083293, NCC_Loss: -0.086319, Reg: 0.003026
Iter 170 of 344 Loss: -0.074860, NCC_Loss: -0.077774, Reg: 0.002913
Iter 180 of 344 Loss: -0.072431, NCC_Loss: -0.075424, Reg: 0.002993
Iter 190 of 344 Loss: -0.082736, NCC_Loss: -0.085552, Reg: 0.002816
Iter 200 of 344 Loss: -0.080716, NCC_Loss: -0.083788, Reg: 0.003073
Iter 210 of 344 Loss: -0.076654, NCC_Loss: -0.079837, Reg: 0.003183
Iter 220 of 344 Loss: -0.080606, NCC_Loss: -0.083102, Reg: 0.002496
Iter 230 of 344 Loss: -0.071749, NCC_Loss: -0.074756, Reg: 0.003008
Iter 240 of 344 Loss: -0.072159, NCC_Loss: -0.074777, Reg: 0.002617
Iter 250 of 344 Loss: -0.081757, NCC_Loss: -0.084724, Reg: 0.002968
Iter 260 of 344 Loss: -0.079419, NCC_Loss: -0.082558, Reg: 0.003139
Iter 270 of 344 Loss: -0.074930, NCC_Loss: -0.078311, Reg: 0.003381
Iter 280 of 344 Loss: -0.073200, NCC_Loss: -0.076153, Reg: 0.002954
Iter 290 of 344 Loss: -0.072632, NCC_Loss: -0.076024, Reg: 0.003391
Iter 300 of 344 Loss: -0.083454, NCC_Loss: -0.086268, Reg: 0.002814
Iter 310 of 344 Loss: -0.072984, NCC_Loss: -0.076171, Reg: 0.003187
Iter 320 of 344 Loss: -0.075872, NCC_Loss: -0.078944, Reg: 0.003072
Iter 330 of 344 Loss: -0.078344, NCC_Loss: -0.081520, Reg: 0.003177
Iter 340 of 344 Loss: -0.082569, NCC_Loss: -0.085355, Reg: 0.002786
Epoch 295 Loss: -0.077754
Epoch 295 Validation: Mean EPE: 7.2721, Mean SSIM: 0.1846, Mean ZNCC: -0.0373
Epoch 296 starts
Iter 10 of 344 Loss: -0.074317, NCC_Loss: -0.077218, Reg: 0.002901
Iter 20 of 344 Loss: -0.079865, NCC_Loss: -0.082833, Reg: 0.002968
Iter 30 of 344 Loss: -0.075455, NCC_Loss: -0.078787, Reg: 0.003332
Iter 40 of 344 Loss: -0.076832, NCC_Loss: -0.079874, Reg: 0.003043
Iter 50 of 344 Loss: -0.084298, NCC_Loss: -0.087303, Reg: 0.003006
Iter 60 of 344 Loss: -0.080901, NCC_Loss: -0.084159, Reg: 0.003259
Iter 70 of 344 Loss: -0.081866, NCC_Loss: -0.084689, Reg: 0.002823
Iter 80 of 344 Loss: -0.073323, NCC_Loss: -0.076613, Reg: 0.003290
Iter 90 of 344 Loss: -0.074107, NCC_Loss: -0.077014, Reg: 0.002906
Iter 100 of 344 Loss: -0.075753, NCC_Loss: -0.078599, Reg: 0.002845
Iter 110 of 344 Loss: -0.076504, NCC_Loss: -0.079328, Reg: 0.002823
Iter 120 of 344 Loss: -0.068006, NCC_Loss: -0.070799, Reg: 0.002793
Iter 130 of 344 Loss: -0.089074, NCC_Loss: -0.092003, Reg: 0.002928
Iter 140 of 344 Loss: -0.082751, NCC_Loss: -0.085878, Reg: 0.003126
Iter 150 of 344 Loss: -0.077340, NCC_Loss: -0.080445, Reg: 0.003104
Iter 160 of 344 Loss: -0.078705, NCC_Loss: -0.081928, Reg: 0.003223
Iter 170 of 344 Loss: -0.074193, NCC_Loss: -0.077173, Reg: 0.002980
Iter 180 of 344 Loss: -0.078998, NCC_Loss: -0.082102, Reg: 0.003104
Iter 190 of 344 Loss: -0.073680, NCC_Loss: -0.076530, Reg: 0.002850
Iter 200 of 344 Loss: -0.078738, NCC_Loss: -0.081709, Reg: 0.002970
Iter 210 of 344 Loss: -0.072693, NCC_Loss: -0.075922, Reg: 0.003230
Iter 220 of 344 Loss: -0.077718, NCC_Loss: -0.080814, Reg: 0.003095
Iter 230 of 344 Loss: -0.076106, NCC_Loss: -0.079243, Reg: 0.003137
Iter 240 of 344 Loss: -0.078876, NCC_Loss: -0.082441, Reg: 0.003566
Iter 250 of 344 Loss: -0.072042, NCC_Loss: -0.074952, Reg: 0.002911
Iter 260 of 344 Loss: -0.075530, NCC_Loss: -0.078611, Reg: 0.003080
Iter 270 of 344 Loss: -0.080811, NCC_Loss: -0.083933, Reg: 0.003122
Iter 280 of 344 Loss: -0.074924, NCC_Loss: -0.077758, Reg: 0.002834
Iter 290 of 344 Loss: -0.074806, NCC_Loss: -0.077778, Reg: 0.002972
Iter 300 of 344 Loss: -0.078092, NCC_Loss: -0.081113, Reg: 0.003021
Iter 310 of 344 Loss: -0.082345, NCC_Loss: -0.085268, Reg: 0.002923
Iter 320 of 344 Loss: -0.070726, NCC_Loss: -0.073586, Reg: 0.002860
Iter 330 of 344 Loss: -0.075876, NCC_Loss: -0.079069, Reg: 0.003193
Iter 340 of 344 Loss: -0.075874, NCC_Loss: -0.078696, Reg: 0.002821
Epoch 296 Loss: -0.077772
Epoch 296 Validation: Mean EPE: 7.2722, Mean SSIM: 0.1846, Mean ZNCC: -0.0373
Epoch 297 starts
Iter 10 of 344 Loss: -0.077406, NCC_Loss: -0.080463, Reg: 0.003056
Iter 20 of 344 Loss: -0.075031, NCC_Loss: -0.077916, Reg: 0.002885
Iter 30 of 344 Loss: -0.075812, NCC_Loss: -0.078890, Reg: 0.003078
Iter 40 of 344 Loss: -0.078228, NCC_Loss: -0.081327, Reg: 0.003098
Iter 50 of 344 Loss: -0.085546, NCC_Loss: -0.088659, Reg: 0.003113
Iter 60 of 344 Loss: -0.076426, NCC_Loss: -0.079225, Reg: 0.002799
Iter 70 of 344 Loss: -0.078243, NCC_Loss: -0.081760, Reg: 0.003518
Iter 80 of 344 Loss: -0.080530, NCC_Loss: -0.083553, Reg: 0.003023
Iter 90 of 344 Loss: -0.072267, NCC_Loss: -0.075141, Reg: 0.002873
Iter 100 of 344 Loss: -0.077355, NCC_Loss: -0.080383, Reg: 0.003028
Iter 110 of 344 Loss: -0.085318, NCC_Loss: -0.088220, Reg: 0.002902
Iter 120 of 344 Loss: -0.073818, NCC_Loss: -0.076923, Reg: 0.003106
Iter 130 of 344 Loss: -0.084283, NCC_Loss: -0.087548, Reg: 0.003265
Iter 140 of 344 Loss: -0.080457, NCC_Loss: -0.083262, Reg: 0.002806
Iter 150 of 344 Loss: -0.076984, NCC_Loss: -0.080136, Reg: 0.003152
Iter 160 of 344 Loss: -0.077639, NCC_Loss: -0.080945, Reg: 0.003307
Iter 170 of 344 Loss: -0.076112, NCC_Loss: -0.079360, Reg: 0.003248
Iter 180 of 344 Loss: -0.077978, NCC_Loss: -0.080962, Reg: 0.002984
Iter 190 of 344 Loss: -0.080305, NCC_Loss: -0.083417, Reg: 0.003112
Iter 200 of 344 Loss: -0.077834, NCC_Loss: -0.080897, Reg: 0.003063
Iter 210 of 344 Loss: -0.076976, NCC_Loss: -0.080066, Reg: 0.003091
Iter 220 of 344 Loss: -0.073147, NCC_Loss: -0.076218, Reg: 0.003071
Iter 230 of 344 Loss: -0.079903, NCC_Loss: -0.082970, Reg: 0.003066
Iter 240 of 344 Loss: -0.084096, NCC_Loss: -0.087377, Reg: 0.003281
Iter 250 of 344 Loss: -0.072874, NCC_Loss: -0.076160, Reg: 0.003286
Iter 260 of 344 Loss: -0.075786, NCC_Loss: -0.078814, Reg: 0.003029
Iter 270 of 344 Loss: -0.079153, NCC_Loss: -0.082162, Reg: 0.003009
Iter 280 of 344 Loss: -0.083294, NCC_Loss: -0.086224, Reg: 0.002930
Iter 290 of 344 Loss: -0.086557, NCC_Loss: -0.089492, Reg: 0.002936
Iter 300 of 344 Loss: -0.076972, NCC_Loss: -0.080248, Reg: 0.003277
Iter 310 of 344 Loss: -0.079202, NCC_Loss: -0.082213, Reg: 0.003011
Iter 320 of 344 Loss: -0.076154, NCC_Loss: -0.079182, Reg: 0.003028
Iter 330 of 344 Loss: -0.076475, NCC_Loss: -0.079542, Reg: 0.003067
Iter 340 of 344 Loss: -0.077481, NCC_Loss: -0.080239, Reg: 0.002757
Epoch 297 Loss: -0.077797
Epoch 297 Validation: Mean EPE: 7.2721, Mean SSIM: 0.1847, Mean ZNCC: -0.0372
Epoch 298 starts
Iter 10 of 344 Loss: -0.076345, NCC_Loss: -0.079231, Reg: 0.002886
Iter 20 of 344 Loss: -0.083150, NCC_Loss: -0.086274, Reg: 0.003124
Iter 30 of 344 Loss: -0.079405, NCC_Loss: -0.082327, Reg: 0.002922
Iter 40 of 344 Loss: -0.078117, NCC_Loss: -0.081005, Reg: 0.002888
Iter 50 of 344 Loss: -0.071850, NCC_Loss: -0.075242, Reg: 0.003393
Iter 60 of 344 Loss: -0.083385, NCC_Loss: -0.086222, Reg: 0.002837
Iter 70 of 344 Loss: -0.077562, NCC_Loss: -0.080452, Reg: 0.002890
Iter 80 of 344 Loss: -0.079844, NCC_Loss: -0.082601, Reg: 0.002757
Iter 90 of 344 Loss: -0.076941, NCC_Loss: -0.079818, Reg: 0.002877
Iter 100 of 344 Loss: -0.074306, NCC_Loss: -0.077012, Reg: 0.002705
Iter 110 of 344 Loss: -0.076504, NCC_Loss: -0.079650, Reg: 0.003146
Iter 120 of 344 Loss: -0.079141, NCC_Loss: -0.081772, Reg: 0.002631
Iter 130 of 344 Loss: -0.080764, NCC_Loss: -0.083823, Reg: 0.003059
Iter 140 of 344 Loss: -0.077539, NCC_Loss: -0.080541, Reg: 0.003002
Iter 150 of 344 Loss: -0.080502, NCC_Loss: -0.083332, Reg: 0.002830
Iter 160 of 344 Loss: -0.081167, NCC_Loss: -0.083809, Reg: 0.002641
Iter 170 of 344 Loss: -0.073806, NCC_Loss: -0.076791, Reg: 0.002985
Iter 180 of 344 Loss: -0.078711, NCC_Loss: -0.081676, Reg: 0.002965
Iter 190 of 344 Loss: -0.076238, NCC_Loss: -0.079306, Reg: 0.003069
Iter 200 of 344 Loss: -0.085189, NCC_Loss: -0.088267, Reg: 0.003077
Iter 210 of 344 Loss: -0.075138, NCC_Loss: -0.078243, Reg: 0.003105
Iter 220 of 344 Loss: -0.072345, NCC_Loss: -0.075153, Reg: 0.002807
Iter 230 of 344 Loss: -0.075247, NCC_Loss: -0.078050, Reg: 0.002803
Iter 240 of 344 Loss: -0.079619, NCC_Loss: -0.082502, Reg: 0.002883
Iter 250 of 344 Loss: -0.072820, NCC_Loss: -0.075513, Reg: 0.002692
Iter 260 of 344 Loss: -0.082524, NCC_Loss: -0.085260, Reg: 0.002736
Iter 270 of 344 Loss: -0.081769, NCC_Loss: -0.084769, Reg: 0.003000
Iter 280 of 344 Loss: -0.075460, NCC_Loss: -0.078061, Reg: 0.002601
Iter 290 of 344 Loss: -0.075246, NCC_Loss: -0.078305, Reg: 0.003059
Iter 300 of 344 Loss: -0.079903, NCC_Loss: -0.082924, Reg: 0.003020
Iter 310 of 344 Loss: -0.082218, NCC_Loss: -0.085204, Reg: 0.002986
Iter 320 of 344 Loss: -0.074326, NCC_Loss: -0.077192, Reg: 0.002866
Iter 330 of 344 Loss: -0.082518, NCC_Loss: -0.085354, Reg: 0.002836
Iter 340 of 344 Loss: -0.081490, NCC_Loss: -0.084549, Reg: 0.003060
Epoch 298 Loss: -0.077857
Epoch 298 Validation: Mean EPE: 7.2722, Mean SSIM: 0.1847, Mean ZNCC: -0.0372
Epoch 299 starts
Iter 10 of 344 Loss: -0.079823, NCC_Loss: -0.082826, Reg: 0.003003
Iter 20 of 344 Loss: -0.074699, NCC_Loss: -0.077711, Reg: 0.003011
Iter 30 of 344 Loss: -0.077798, NCC_Loss: -0.080760, Reg: 0.002962
Iter 40 of 344 Loss: -0.072744, NCC_Loss: -0.075909, Reg: 0.003164
Iter 50 of 344 Loss: -0.075007, NCC_Loss: -0.077919, Reg: 0.002911
Iter 60 of 344 Loss: -0.077727, NCC_Loss: -0.080943, Reg: 0.003215
Iter 70 of 344 Loss: -0.082954, NCC_Loss: -0.085871, Reg: 0.002917
Iter 80 of 344 Loss: -0.070853, NCC_Loss: -0.073983, Reg: 0.003130
Iter 90 of 344 Loss: -0.083480, NCC_Loss: -0.086512, Reg: 0.003033
Iter 100 of 344 Loss: -0.078255, NCC_Loss: -0.081201, Reg: 0.002946
Iter 110 of 344 Loss: -0.090543, NCC_Loss: -0.093492, Reg: 0.002949
Iter 120 of 344 Loss: -0.075082, NCC_Loss: -0.078206, Reg: 0.003124
Iter 130 of 344 Loss: -0.076279, NCC_Loss: -0.079154, Reg: 0.002875
Iter 140 of 344 Loss: -0.071887, NCC_Loss: -0.074674, Reg: 0.002787
Iter 150 of 344 Loss: -0.070711, NCC_Loss: -0.074183, Reg: 0.003472
Iter 160 of 344 Loss: -0.078337, NCC_Loss: -0.081334, Reg: 0.002997
Iter 170 of 344 Loss: -0.073961, NCC_Loss: -0.076695, Reg: 0.002734
Iter 180 of 344 Loss: -0.078199, NCC_Loss: -0.081356, Reg: 0.003157
Iter 190 of 344 Loss: -0.073603, NCC_Loss: -0.076680, Reg: 0.003077
Iter 200 of 344 Loss: -0.074325, NCC_Loss: -0.077418, Reg: 0.003093
Iter 210 of 344 Loss: -0.078913, NCC_Loss: -0.081910, Reg: 0.002997
Iter 220 of 344 Loss: -0.075194, NCC_Loss: -0.077875, Reg: 0.002680
Iter 230 of 344 Loss: -0.078720, NCC_Loss: -0.082089, Reg: 0.003369
Iter 240 of 344 Loss: -0.073591, NCC_Loss: -0.076870, Reg: 0.003279
Iter 250 of 344 Loss: -0.076425, NCC_Loss: -0.079317, Reg: 0.002892
Iter 260 of 344 Loss: -0.083019, NCC_Loss: -0.085878, Reg: 0.002859
Iter 270 of 344 Loss: -0.073474, NCC_Loss: -0.076539, Reg: 0.003065
Iter 280 of 344 Loss: -0.078040, NCC_Loss: -0.080765, Reg: 0.002725
Iter 290 of 344 Loss: -0.069506, NCC_Loss: -0.072096, Reg: 0.002590
Iter 300 of 344 Loss: -0.073289, NCC_Loss: -0.076187, Reg: 0.002898
Iter 310 of 344 Loss: -0.078132, NCC_Loss: -0.081153, Reg: 0.003021
Iter 320 of 344 Loss: -0.077982, NCC_Loss: -0.080906, Reg: 0.002924
Iter 330 of 344 Loss: -0.076734, NCC_Loss: -0.079997, Reg: 0.003264
Iter 340 of 344 Loss: -0.071724, NCC_Loss: -0.074383, Reg: 0.002659
Epoch 299 Loss: -0.077867
Epoch 299 Validation: Mean EPE: 7.2722, Mean SSIM: 0.1847, Mean ZNCC: -0.0372
Epoch 300 starts
Iter 10 of 344 Loss: -0.076940, NCC_Loss: -0.079788, Reg: 0.002848
Iter 20 of 344 Loss: -0.072793, NCC_Loss: -0.075639, Reg: 0.002846
Iter 30 of 344 Loss: -0.074838, NCC_Loss: -0.078070, Reg: 0.003232
Iter 40 of 344 Loss: -0.071537, NCC_Loss: -0.074617, Reg: 0.003081
Iter 50 of 344 Loss: -0.075168, NCC_Loss: -0.078160, Reg: 0.002992
Iter 60 of 344 Loss: -0.081276, NCC_Loss: -0.084421, Reg: 0.003145
Iter 70 of 344 Loss: -0.080772, NCC_Loss: -0.083601, Reg: 0.002829
Iter 80 of 344 Loss: -0.077268, NCC_Loss: -0.080300, Reg: 0.003032
Iter 90 of 344 Loss: -0.076006, NCC_Loss: -0.079012, Reg: 0.003006
Iter 100 of 344 Loss: -0.075906, NCC_Loss: -0.079243, Reg: 0.003337
Iter 110 of 344 Loss: -0.076958, NCC_Loss: -0.080047, Reg: 0.003089
Iter 120 of 344 Loss: -0.079746, NCC_Loss: -0.082756, Reg: 0.003009
Iter 130 of 344 Loss: -0.070366, NCC_Loss: -0.073358, Reg: 0.002992
Iter 140 of 344 Loss: -0.079427, NCC_Loss: -0.082316, Reg: 0.002888
Iter 150 of 344 Loss: -0.078059, NCC_Loss: -0.081133, Reg: 0.003074
Iter 160 of 344 Loss: -0.080683, NCC_Loss: -0.083634, Reg: 0.002951
Iter 170 of 344 Loss: -0.072509, NCC_Loss: -0.075419, Reg: 0.002910
Iter 180 of 344 Loss: -0.073997, NCC_Loss: -0.077243, Reg: 0.003247
Iter 190 of 344 Loss: -0.076665, NCC_Loss: -0.079628, Reg: 0.002963
Iter 200 of 344 Loss: -0.076305, NCC_Loss: -0.079369, Reg: 0.003064
Iter 210 of 344 Loss: -0.083843, NCC_Loss: -0.086747, Reg: 0.002904
Iter 220 of 344 Loss: -0.082648, NCC_Loss: -0.086125, Reg: 0.003477
Iter 230 of 344 Loss: -0.072364, NCC_Loss: -0.075102, Reg: 0.002738
Iter 240 of 344 Loss: -0.078586, NCC_Loss: -0.081566, Reg: 0.002980
Iter 250 of 344 Loss: -0.080799, NCC_Loss: -0.083649, Reg: 0.002850
Iter 260 of 344 Loss: -0.082640, NCC_Loss: -0.085729, Reg: 0.003089
Iter 270 of 344 Loss: -0.082161, NCC_Loss: -0.084883, Reg: 0.002722
Iter 280 of 344 Loss: -0.079666, NCC_Loss: -0.082838, Reg: 0.003172
Iter 290 of 344 Loss: -0.078327, NCC_Loss: -0.081431, Reg: 0.003105
Iter 300 of 344 Loss: -0.074994, NCC_Loss: -0.078028, Reg: 0.003034
Iter 310 of 344 Loss: -0.074003, NCC_Loss: -0.077170, Reg: 0.003167
Iter 320 of 344 Loss: -0.074236, NCC_Loss: -0.077090, Reg: 0.002854
Iter 330 of 344 Loss: -0.078438, NCC_Loss: -0.081657, Reg: 0.003219
Iter 340 of 344 Loss: -0.078543, NCC_Loss: -0.081823, Reg: 0.003280
Epoch 300 Loss: -0.077884
Epoch 300 Validation: Mean EPE: 7.2722, Mean SSIM: 0.1847, Mean ZNCC: -0.0372
Epoch 301 starts
Iter 10 of 344 Loss: -0.076087, NCC_Loss: -0.079334, Reg: 0.003247
Iter 20 of 344 Loss: -0.076682, NCC_Loss: -0.080069, Reg: 0.003386
Iter 30 of 344 Loss: -0.077549, NCC_Loss: -0.080373, Reg: 0.002824
Iter 40 of 344 Loss: -0.079608, NCC_Loss: -0.082655, Reg: 0.003047
Iter 50 of 344 Loss: -0.075371, NCC_Loss: -0.078614, Reg: 0.003243
Iter 60 of 344 Loss: -0.078436, NCC_Loss: -0.081296, Reg: 0.002860
Iter 70 of 344 Loss: -0.082788, NCC_Loss: -0.085662, Reg: 0.002874
Iter 80 of 344 Loss: -0.072384, NCC_Loss: -0.075133, Reg: 0.002749
Iter 90 of 344 Loss: -0.084258, NCC_Loss: -0.087169, Reg: 0.002911
Iter 100 of 344 Loss: -0.077645, NCC_Loss: -0.080782, Reg: 0.003137
Iter 110 of 344 Loss: -0.071622, NCC_Loss: -0.074748, Reg: 0.003126
Iter 120 of 344 Loss: -0.070300, NCC_Loss: -0.073381, Reg: 0.003081
Iter 130 of 344 Loss: -0.071080, NCC_Loss: -0.074286, Reg: 0.003206
Iter 140 of 344 Loss: -0.086823, NCC_Loss: -0.089776, Reg: 0.002954
Iter 150 of 344 Loss: -0.081475, NCC_Loss: -0.084652, Reg: 0.003176
Iter 160 of 344 Loss: -0.069513, NCC_Loss: -0.072405, Reg: 0.002893
Iter 170 of 344 Loss: -0.075802, NCC_Loss: -0.078842, Reg: 0.003040
Iter 180 of 344 Loss: -0.081355, NCC_Loss: -0.084406, Reg: 0.003051
Iter 190 of 344 Loss: -0.072557, NCC_Loss: -0.075455, Reg: 0.002899
Iter 200 of 344 Loss: -0.075692, NCC_Loss: -0.078511, Reg: 0.002819
Iter 210 of 344 Loss: -0.071345, NCC_Loss: -0.074039, Reg: 0.002694
Iter 220 of 344 Loss: -0.076429, NCC_Loss: -0.079544, Reg: 0.003115
Iter 230 of 344 Loss: -0.073974, NCC_Loss: -0.076925, Reg: 0.002951
Iter 240 of 344 Loss: -0.078158, NCC_Loss: -0.081060, Reg: 0.002902
Iter 250 of 344 Loss: -0.075977, NCC_Loss: -0.078719, Reg: 0.002742
Iter 260 of 344 Loss: -0.083791, NCC_Loss: -0.086855, Reg: 0.003064
Iter 270 of 344 Loss: -0.082051, NCC_Loss: -0.084955, Reg: 0.002904
Iter 280 of 344 Loss: -0.070599, NCC_Loss: -0.073564, Reg: 0.002965
Iter 290 of 344 Loss: -0.082019, NCC_Loss: -0.084971, Reg: 0.002952
Iter 300 of 344 Loss: -0.075485, NCC_Loss: -0.078730, Reg: 0.003245
Iter 310 of 344 Loss: -0.078695, NCC_Loss: -0.081458, Reg: 0.002763
Iter 320 of 344 Loss: -0.076266, NCC_Loss: -0.079084, Reg: 0.002818
Iter 330 of 344 Loss: -0.078339, NCC_Loss: -0.081665, Reg: 0.003326
Iter 340 of 344 Loss: -0.077914, NCC_Loss: -0.080752, Reg: 0.002838
Epoch 301 Loss: -0.077901
Epoch 301 Validation: Mean EPE: 7.2723, Mean SSIM: 0.1848, Mean ZNCC: -0.0372
Epoch 302 starts
Iter 10 of 344 Loss: -0.080558, NCC_Loss: -0.083266, Reg: 0.002709
Iter 20 of 344 Loss: -0.075793, NCC_Loss: -0.078825, Reg: 0.003032
Iter 30 of 344 Loss: -0.076317, NCC_Loss: -0.079014, Reg: 0.002698
Iter 40 of 344 Loss: -0.080584, NCC_Loss: -0.083826, Reg: 0.003243
Iter 50 of 344 Loss: -0.079529, NCC_Loss: -0.082537, Reg: 0.003008
Iter 60 of 344 Loss: -0.083363, NCC_Loss: -0.086234, Reg: 0.002871
Iter 70 of 344 Loss: -0.077652, NCC_Loss: -0.080296, Reg: 0.002644
Iter 80 of 344 Loss: -0.082177, NCC_Loss: -0.084834, Reg: 0.002657
Iter 90 of 344 Loss: -0.088293, NCC_Loss: -0.091539, Reg: 0.003246
Iter 100 of 344 Loss: -0.073465, NCC_Loss: -0.076379, Reg: 0.002914
Iter 110 of 344 Loss: -0.083255, NCC_Loss: -0.086016, Reg: 0.002761
Iter 120 of 344 Loss: -0.072852, NCC_Loss: -0.075823, Reg: 0.002970
Iter 130 of 344 Loss: -0.077518, NCC_Loss: -0.080409, Reg: 0.002891
Iter 140 of 344 Loss: -0.078210, NCC_Loss: -0.081087, Reg: 0.002877
Iter 150 of 344 Loss: -0.085462, NCC_Loss: -0.088574, Reg: 0.003112
Iter 160 of 344 Loss: -0.081165, NCC_Loss: -0.083995, Reg: 0.002830
Iter 170 of 344 Loss: -0.078652, NCC_Loss: -0.081563, Reg: 0.002912
Iter 180 of 344 Loss: -0.072360, NCC_Loss: -0.075288, Reg: 0.002928
Iter 190 of 344 Loss: -0.075768, NCC_Loss: -0.078515, Reg: 0.002747
Iter 200 of 344 Loss: -0.074808, NCC_Loss: -0.077703, Reg: 0.002895
Iter 210 of 344 Loss: -0.075888, NCC_Loss: -0.078735, Reg: 0.002847
Iter 220 of 344 Loss: -0.076789, NCC_Loss: -0.079827, Reg: 0.003037
Iter 230 of 344 Loss: -0.074619, NCC_Loss: -0.077589, Reg: 0.002971
Iter 240 of 344 Loss: -0.071187, NCC_Loss: -0.073949, Reg: 0.002763
Iter 250 of 344 Loss: -0.077514, NCC_Loss: -0.080734, Reg: 0.003220
Iter 260 of 344 Loss: -0.082731, NCC_Loss: -0.085493, Reg: 0.002762
Iter 270 of 344 Loss: -0.082722, NCC_Loss: -0.085858, Reg: 0.003136
Iter 280 of 344 Loss: -0.082202, NCC_Loss: -0.085142, Reg: 0.002941
Iter 290 of 344 Loss: -0.081635, NCC_Loss: -0.084879, Reg: 0.003244
Iter 300 of 344 Loss: -0.074408, NCC_Loss: -0.077119, Reg: 0.002711
Iter 310 of 344 Loss: -0.082806, NCC_Loss: -0.085521, Reg: 0.002715
Iter 320 of 344 Loss: -0.079047, NCC_Loss: -0.081765, Reg: 0.002718
Iter 330 of 344 Loss: -0.078179, NCC_Loss: -0.080773, Reg: 0.002594
Iter 340 of 344 Loss: -0.071874, NCC_Loss: -0.074873, Reg: 0.003000
Epoch 302 Loss: -0.077909
Epoch 302 Validation: Mean EPE: 7.2723, Mean SSIM: 0.1848, Mean ZNCC: -0.0372
Epoch 303 starts
Iter 10 of 344 Loss: -0.078966, NCC_Loss: -0.081611, Reg: 0.002645
Iter 20 of 344 Loss: -0.073788, NCC_Loss: -0.076791, Reg: 0.003003
Iter 30 of 344 Loss: -0.079561, NCC_Loss: -0.082742, Reg: 0.003181
Iter 40 of 344 Loss: -0.083730, NCC_Loss: -0.087325, Reg: 0.003595
Iter 50 of 344 Loss: -0.069926, NCC_Loss: -0.072666, Reg: 0.002739
Iter 60 of 344 Loss: -0.081033, NCC_Loss: -0.084302, Reg: 0.003269
Iter 70 of 344 Loss: -0.075556, NCC_Loss: -0.078711, Reg: 0.003156
Iter 80 of 344 Loss: -0.079103, NCC_Loss: -0.081709, Reg: 0.002606
Iter 90 of 344 Loss: -0.078849, NCC_Loss: -0.081736, Reg: 0.002887
Iter 100 of 344 Loss: -0.076895, NCC_Loss: -0.079902, Reg: 0.003007
Iter 110 of 344 Loss: -0.081168, NCC_Loss: -0.084175, Reg: 0.003007
Iter 120 of 344 Loss: -0.079816, NCC_Loss: -0.082827, Reg: 0.003010
Iter 130 of 344 Loss: -0.082270, NCC_Loss: -0.085271, Reg: 0.003000
Iter 140 of 344 Loss: -0.081525, NCC_Loss: -0.084203, Reg: 0.002678
Iter 150 of 344 Loss: -0.075256, NCC_Loss: -0.078337, Reg: 0.003082
Iter 160 of 344 Loss: -0.081738, NCC_Loss: -0.084365, Reg: 0.002627
Iter 170 of 344 Loss: -0.082153, NCC_Loss: -0.084894, Reg: 0.002741
Iter 180 of 344 Loss: -0.081646, NCC_Loss: -0.084680, Reg: 0.003034
Iter 190 of 344 Loss: -0.070533, NCC_Loss: -0.073597, Reg: 0.003064
Iter 200 of 344 Loss: -0.076134, NCC_Loss: -0.079308, Reg: 0.003174
Iter 210 of 344 Loss: -0.084689, NCC_Loss: -0.087613, Reg: 0.002925
Iter 220 of 344 Loss: -0.082337, NCC_Loss: -0.085358, Reg: 0.003021
Iter 230 of 344 Loss: -0.084580, NCC_Loss: -0.087488, Reg: 0.002908
Iter 240 of 344 Loss: -0.075988, NCC_Loss: -0.079090, Reg: 0.003102
Iter 250 of 344 Loss: -0.076410, NCC_Loss: -0.079554, Reg: 0.003144
Iter 260 of 344 Loss: -0.079617, NCC_Loss: -0.082204, Reg: 0.002587
Iter 270 of 344 Loss: -0.077739, NCC_Loss: -0.080758, Reg: 0.003019
Iter 280 of 344 Loss: -0.077250, NCC_Loss: -0.080168, Reg: 0.002918
Iter 290 of 344 Loss: -0.071184, NCC_Loss: -0.074329, Reg: 0.003144
Iter 300 of 344 Loss: -0.077535, NCC_Loss: -0.080085, Reg: 0.002550
Iter 310 of 344 Loss: -0.071654, NCC_Loss: -0.074426, Reg: 0.002772
Iter 320 of 344 Loss: -0.077374, NCC_Loss: -0.079980, Reg: 0.002606
Iter 330 of 344 Loss: -0.082182, NCC_Loss: -0.085080, Reg: 0.002898
Iter 340 of 344 Loss: -0.077215, NCC_Loss: -0.080196, Reg: 0.002981
Epoch 303 Loss: -0.077921
Epoch 303 Validation: Mean EPE: 7.2723, Mean SSIM: 0.1848, Mean ZNCC: -0.0372
Epoch 304 starts
Iter 10 of 344 Loss: -0.086572, NCC_Loss: -0.089643, Reg: 0.003070
Iter 20 of 344 Loss: -0.078075, NCC_Loss: -0.081060, Reg: 0.002985
Iter 30 of 344 Loss: -0.077529, NCC_Loss: -0.080076, Reg: 0.002547
Iter 40 of 344 Loss: -0.078925, NCC_Loss: -0.081828, Reg: 0.002903
Iter 50 of 344 Loss: -0.073940, NCC_Loss: -0.077076, Reg: 0.003137
Iter 60 of 344 Loss: -0.076686, NCC_Loss: -0.079730, Reg: 0.003044
Iter 70 of 344 Loss: -0.081355, NCC_Loss: -0.084487, Reg: 0.003132
Iter 80 of 344 Loss: -0.084381, NCC_Loss: -0.087237, Reg: 0.002856
Iter 90 of 344 Loss: -0.074224, NCC_Loss: -0.076983, Reg: 0.002760
Iter 100 of 344 Loss: -0.075979, NCC_Loss: -0.078698, Reg: 0.002719
Iter 110 of 344 Loss: -0.076722, NCC_Loss: -0.080076, Reg: 0.003354
Iter 120 of 344 Loss: -0.075931, NCC_Loss: -0.078848, Reg: 0.002917
Iter 130 of 344 Loss: -0.081986, NCC_Loss: -0.085117, Reg: 0.003131
Iter 140 of 344 Loss: -0.071342, NCC_Loss: -0.074153, Reg: 0.002812
Iter 150 of 344 Loss: -0.081064, NCC_Loss: -0.084218, Reg: 0.003154
Iter 160 of 344 Loss: -0.087999, NCC_Loss: -0.090765, Reg: 0.002766
Iter 170 of 344 Loss: -0.074405, NCC_Loss: -0.077280, Reg: 0.002875
Iter 180 of 344 Loss: -0.078600, NCC_Loss: -0.081614, Reg: 0.003014
Iter 190 of 344 Loss: -0.070163, NCC_Loss: -0.073348, Reg: 0.003186
Iter 200 of 344 Loss: -0.079067, NCC_Loss: -0.082173, Reg: 0.003106
Iter 210 of 344 Loss: -0.072324, NCC_Loss: -0.075208, Reg: 0.002884
Iter 220 of 344 Loss: -0.075580, NCC_Loss: -0.078525, Reg: 0.002945
Iter 230 of 344 Loss: -0.078591, NCC_Loss: -0.081460, Reg: 0.002868
Iter 240 of 344 Loss: -0.070683, NCC_Loss: -0.074002, Reg: 0.003320
Iter 250 of 344 Loss: -0.076547, NCC_Loss: -0.079597, Reg: 0.003050
Iter 260 of 344 Loss: -0.078843, NCC_Loss: -0.082092, Reg: 0.003249
Iter 270 of 344 Loss: -0.083200, NCC_Loss: -0.086081, Reg: 0.002880
Iter 280 of 344 Loss: -0.078551, NCC_Loss: -0.081618, Reg: 0.003067
Iter 290 of 344 Loss: -0.078100, NCC_Loss: -0.081008, Reg: 0.002908
Iter 300 of 344 Loss: -0.071167, NCC_Loss: -0.073984, Reg: 0.002816
Iter 310 of 344 Loss: -0.078718, NCC_Loss: -0.081618, Reg: 0.002899
Iter 320 of 344 Loss: -0.074631, NCC_Loss: -0.077356, Reg: 0.002726
Iter 330 of 344 Loss: -0.080892, NCC_Loss: -0.083646, Reg: 0.002754
Iter 340 of 344 Loss: -0.071115, NCC_Loss: -0.074184, Reg: 0.003069
Epoch 304 Loss: -0.077938
Epoch 304 Validation: Mean EPE: 7.2724, Mean SSIM: 0.1848, Mean ZNCC: -0.0372
Epoch 305 starts
Iter 10 of 344 Loss: -0.077669, NCC_Loss: -0.080723, Reg: 0.003055
Iter 20 of 344 Loss: -0.077923, NCC_Loss: -0.081001, Reg: 0.003078
Iter 30 of 344 Loss: -0.081524, NCC_Loss: -0.084462, Reg: 0.002939
Iter 40 of 344 Loss: -0.081709, NCC_Loss: -0.084759, Reg: 0.003050
Iter 50 of 344 Loss: -0.072005, NCC_Loss: -0.075196, Reg: 0.003192
Iter 60 of 344 Loss: -0.075821, NCC_Loss: -0.078897, Reg: 0.003076
Iter 70 of 344 Loss: -0.077380, NCC_Loss: -0.080605, Reg: 0.003225
Iter 80 of 344 Loss: -0.081069, NCC_Loss: -0.084178, Reg: 0.003109
Iter 90 of 344 Loss: -0.076651, NCC_Loss: -0.079925, Reg: 0.003274
Iter 100 of 344 Loss: -0.084274, NCC_Loss: -0.087500, Reg: 0.003227
Iter 110 of 344 Loss: -0.081810, NCC_Loss: -0.084737, Reg: 0.002927
Iter 120 of 344 Loss: -0.078993, NCC_Loss: -0.082013, Reg: 0.003021
Iter 130 of 344 Loss: -0.082116, NCC_Loss: -0.084977, Reg: 0.002861
Iter 140 of 344 Loss: -0.074014, NCC_Loss: -0.076989, Reg: 0.002974
Iter 150 of 344 Loss: -0.080890, NCC_Loss: -0.083921, Reg: 0.003031
Iter 160 of 344 Loss: -0.071431, NCC_Loss: -0.074323, Reg: 0.002892
Iter 170 of 344 Loss: -0.076337, NCC_Loss: -0.079302, Reg: 0.002965
Iter 180 of 344 Loss: -0.082528, NCC_Loss: -0.085500, Reg: 0.002972
Iter 190 of 344 Loss: -0.078229, NCC_Loss: -0.081060, Reg: 0.002831
Iter 200 of 344 Loss: -0.076483, NCC_Loss: -0.079399, Reg: 0.002916
Iter 210 of 344 Loss: -0.080315, NCC_Loss: -0.083244, Reg: 0.002930
Iter 220 of 344 Loss: -0.076427, NCC_Loss: -0.079515, Reg: 0.003088
Iter 230 of 344 Loss: -0.082054, NCC_Loss: -0.085193, Reg: 0.003139
Iter 240 of 344 Loss: -0.078902, NCC_Loss: -0.082011, Reg: 0.003109
Iter 250 of 344 Loss: -0.078712, NCC_Loss: -0.081455, Reg: 0.002744
Iter 260 of 344 Loss: -0.079411, NCC_Loss: -0.082335, Reg: 0.002924
Iter 270 of 344 Loss: -0.070092, NCC_Loss: -0.073018, Reg: 0.002926
Iter 280 of 344 Loss: -0.082267, NCC_Loss: -0.084985, Reg: 0.002718
Iter 290 of 344 Loss: -0.074174, NCC_Loss: -0.077272, Reg: 0.003099
Iter 300 of 344 Loss: -0.084482, NCC_Loss: -0.087281, Reg: 0.002799
Iter 310 of 344 Loss: -0.076501, NCC_Loss: -0.079256, Reg: 0.002754
Iter 320 of 344 Loss: -0.074704, NCC_Loss: -0.077578, Reg: 0.002874
Iter 330 of 344 Loss: -0.074939, NCC_Loss: -0.077988, Reg: 0.003050
Iter 340 of 344 Loss: -0.079975, NCC_Loss: -0.082897, Reg: 0.002922
Epoch 305 Loss: -0.077953
Epoch 305 Validation: Mean EPE: 7.2724, Mean SSIM: 0.1848, Mean ZNCC: -0.0372
Epoch 306 starts
Iter 10 of 344 Loss: -0.072573, NCC_Loss: -0.075810, Reg: 0.003237
Iter 20 of 344 Loss: -0.076785, NCC_Loss: -0.079549, Reg: 0.002765
Iter 30 of 344 Loss: -0.079570, NCC_Loss: -0.082404, Reg: 0.002834
Iter 40 of 344 Loss: -0.071416, NCC_Loss: -0.074489, Reg: 0.003072
Iter 50 of 344 Loss: -0.073753, NCC_Loss: -0.076403, Reg: 0.002650
Iter 60 of 344 Loss: -0.083820, NCC_Loss: -0.087132, Reg: 0.003312
Iter 70 of 344 Loss: -0.082507, NCC_Loss: -0.085426, Reg: 0.002918
Iter 80 of 344 Loss: -0.079547, NCC_Loss: -0.082532, Reg: 0.002984
Iter 90 of 344 Loss: -0.076263, NCC_Loss: -0.079369, Reg: 0.003106
Iter 100 of 344 Loss: -0.076388, NCC_Loss: -0.079317, Reg: 0.002929
Iter 110 of 344 Loss: -0.082969, NCC_Loss: -0.086036, Reg: 0.003067
Iter 120 of 344 Loss: -0.078911, NCC_Loss: -0.081840, Reg: 0.002930
Iter 130 of 344 Loss: -0.076949, NCC_Loss: -0.079666, Reg: 0.002717
Iter 140 of 344 Loss: -0.079518, NCC_Loss: -0.082294, Reg: 0.002776
Iter 150 of 344 Loss: -0.075396, NCC_Loss: -0.078358, Reg: 0.002961
Iter 160 of 344 Loss: -0.081592, NCC_Loss: -0.084391, Reg: 0.002798
Iter 170 of 344 Loss: -0.084056, NCC_Loss: -0.086929, Reg: 0.002873
Iter 180 of 344 Loss: -0.084223, NCC_Loss: -0.087077, Reg: 0.002854
Iter 190 of 344 Loss: -0.071948, NCC_Loss: -0.074837, Reg: 0.002889
Iter 200 of 344 Loss: -0.082324, NCC_Loss: -0.085221, Reg: 0.002898
Iter 210 of 344 Loss: -0.084100, NCC_Loss: -0.086906, Reg: 0.002806
Iter 220 of 344 Loss: -0.084300, NCC_Loss: -0.087309, Reg: 0.003009
Iter 230 of 344 Loss: -0.079337, NCC_Loss: -0.082068, Reg: 0.002731
Iter 240 of 344 Loss: -0.079380, NCC_Loss: -0.082308, Reg: 0.002928
Iter 250 of 344 Loss: -0.075799, NCC_Loss: -0.078564, Reg: 0.002765
Iter 260 of 344 Loss: -0.075456, NCC_Loss: -0.078480, Reg: 0.003024
Iter 270 of 344 Loss: -0.076019, NCC_Loss: -0.078971, Reg: 0.002952
Iter 280 of 344 Loss: -0.074109, NCC_Loss: -0.077056, Reg: 0.002947
Iter 290 of 344 Loss: -0.080857, NCC_Loss: -0.084039, Reg: 0.003183
Iter 300 of 344 Loss: -0.080345, NCC_Loss: -0.083189, Reg: 0.002844
Iter 310 of 344 Loss: -0.077372, NCC_Loss: -0.080398, Reg: 0.003025
Iter 320 of 344 Loss: -0.078662, NCC_Loss: -0.081718, Reg: 0.003056
Iter 330 of 344 Loss: -0.079819, NCC_Loss: -0.082728, Reg: 0.002909
Iter 340 of 344 Loss: -0.079927, NCC_Loss: -0.082672, Reg: 0.002745
Epoch 306 Loss: -0.077968
Epoch 306 Validation: Mean EPE: 7.2724, Mean SSIM: 0.1848, Mean ZNCC: -0.0372
Epoch 307 starts
Iter 10 of 344 Loss: -0.080557, NCC_Loss: -0.083824, Reg: 0.003268
Iter 20 of 344 Loss: -0.083513, NCC_Loss: -0.086356, Reg: 0.002843
Iter 30 of 344 Loss: -0.073283, NCC_Loss: -0.076567, Reg: 0.003284
Iter 40 of 344 Loss: -0.078598, NCC_Loss: -0.082083, Reg: 0.003485
Iter 50 of 344 Loss: -0.077320, NCC_Loss: -0.080405, Reg: 0.003086
Iter 60 of 344 Loss: -0.075343, NCC_Loss: -0.078028, Reg: 0.002684
Iter 70 of 344 Loss: -0.087776, NCC_Loss: -0.091229, Reg: 0.003452
Iter 80 of 344 Loss: -0.076323, NCC_Loss: -0.079339, Reg: 0.003017
Iter 90 of 344 Loss: -0.083322, NCC_Loss: -0.086429, Reg: 0.003107
Iter 100 of 344 Loss: -0.075541, NCC_Loss: -0.078702, Reg: 0.003161
Iter 110 of 344 Loss: -0.075592, NCC_Loss: -0.078157, Reg: 0.002565
Iter 120 of 344 Loss: -0.080026, NCC_Loss: -0.082690, Reg: 0.002664
Iter 130 of 344 Loss: -0.085151, NCC_Loss: -0.087902, Reg: 0.002752
Iter 140 of 344 Loss: -0.074059, NCC_Loss: -0.077175, Reg: 0.003116
Iter 150 of 344 Loss: -0.076360, NCC_Loss: -0.079074, Reg: 0.002714
Iter 160 of 344 Loss: -0.075145, NCC_Loss: -0.078197, Reg: 0.003052
Iter 170 of 344 Loss: -0.077963, NCC_Loss: -0.080723, Reg: 0.002760
Iter 180 of 344 Loss: -0.084485, NCC_Loss: -0.087726, Reg: 0.003241
Iter 190 of 344 Loss: -0.081895, NCC_Loss: -0.084696, Reg: 0.002800
Iter 200 of 344 Loss: -0.074380, NCC_Loss: -0.077564, Reg: 0.003183
Iter 210 of 344 Loss: -0.084552, NCC_Loss: -0.087592, Reg: 0.003040
Iter 220 of 344 Loss: -0.076263, NCC_Loss: -0.078938, Reg: 0.002674
Iter 230 of 344 Loss: -0.083326, NCC_Loss: -0.086107, Reg: 0.002781
Iter 240 of 344 Loss: -0.075265, NCC_Loss: -0.077940, Reg: 0.002675
Iter 250 of 344 Loss: -0.074855, NCC_Loss: -0.077787, Reg: 0.002932
Iter 260 of 344 Loss: -0.079016, NCC_Loss: -0.081685, Reg: 0.002669
Iter 270 of 344 Loss: -0.078674, NCC_Loss: -0.081530, Reg: 0.002855
Iter 280 of 344 Loss: -0.076405, NCC_Loss: -0.079132, Reg: 0.002727
Iter 290 of 344 Loss: -0.076329, NCC_Loss: -0.079024, Reg: 0.002695
Iter 300 of 344 Loss: -0.075457, NCC_Loss: -0.078130, Reg: 0.002672
Iter 310 of 344 Loss: -0.074809, NCC_Loss: -0.077732, Reg: 0.002923
Iter 320 of 344 Loss: -0.076552, NCC_Loss: -0.079144, Reg: 0.002592
Iter 330 of 344 Loss: -0.081870, NCC_Loss: -0.084985, Reg: 0.003115
Iter 340 of 344 Loss: -0.073854, NCC_Loss: -0.076395, Reg: 0.002541
Epoch 307 Loss: -0.077974
Epoch 307 Validation: Mean EPE: 7.2725, Mean SSIM: 0.1849, Mean ZNCC: -0.0372
Epoch 308 starts
Iter 10 of 344 Loss: -0.077820, NCC_Loss: -0.080699, Reg: 0.002879
Iter 20 of 344 Loss: -0.080404, NCC_Loss: -0.083319, Reg: 0.002915
Iter 30 of 344 Loss: -0.072633, NCC_Loss: -0.075891, Reg: 0.003258
Iter 40 of 344 Loss: -0.075812, NCC_Loss: -0.078977, Reg: 0.003166
Iter 50 of 344 Loss: -0.083756, NCC_Loss: -0.087062, Reg: 0.003307
Iter 60 of 344 Loss: -0.073889, NCC_Loss: -0.076556, Reg: 0.002667
Iter 70 of 344 Loss: -0.078146, NCC_Loss: -0.081437, Reg: 0.003291
Iter 80 of 344 Loss: -0.080535, NCC_Loss: -0.083528, Reg: 0.002994
Iter 90 of 344 Loss: -0.082026, NCC_Loss: -0.084981, Reg: 0.002955
Iter 100 of 344 Loss: -0.075497, NCC_Loss: -0.078515, Reg: 0.003018
Iter 110 of 344 Loss: -0.073807, NCC_Loss: -0.077043, Reg: 0.003237
Iter 120 of 344 Loss: -0.073304, NCC_Loss: -0.076192, Reg: 0.002888
Iter 130 of 344 Loss: -0.079987, NCC_Loss: -0.082829, Reg: 0.002842
Iter 140 of 344 Loss: -0.070245, NCC_Loss: -0.073132, Reg: 0.002888
Iter 150 of 344 Loss: -0.071704, NCC_Loss: -0.074773, Reg: 0.003069
Iter 160 of 344 Loss: -0.086393, NCC_Loss: -0.089433, Reg: 0.003040
Iter 170 of 344 Loss: -0.084697, NCC_Loss: -0.087814, Reg: 0.003117
Iter 180 of 344 Loss: -0.079200, NCC_Loss: -0.082291, Reg: 0.003090
Iter 190 of 344 Loss: -0.071472, NCC_Loss: -0.074546, Reg: 0.003074
Iter 200 of 344 Loss: -0.076652, NCC_Loss: -0.079561, Reg: 0.002908
Iter 210 of 344 Loss: -0.073064, NCC_Loss: -0.075704, Reg: 0.002640
Iter 220 of 344 Loss: -0.075405, NCC_Loss: -0.078867, Reg: 0.003462
Iter 230 of 344 Loss: -0.076798, NCC_Loss: -0.079826, Reg: 0.003027
Iter 240 of 344 Loss: -0.080897, NCC_Loss: -0.083982, Reg: 0.003085
Iter 250 of 344 Loss: -0.075873, NCC_Loss: -0.079420, Reg: 0.003548
Iter 260 of 344 Loss: -0.082659, NCC_Loss: -0.085965, Reg: 0.003306
Iter 270 of 344 Loss: -0.085337, NCC_Loss: -0.088124, Reg: 0.002787
Iter 280 of 344 Loss: -0.074196, NCC_Loss: -0.077209, Reg: 0.003013
Iter 290 of 344 Loss: -0.083006, NCC_Loss: -0.085773, Reg: 0.002767
Iter 300 of 344 Loss: -0.081524, NCC_Loss: -0.084710, Reg: 0.003185
Iter 310 of 344 Loss: -0.078759, NCC_Loss: -0.081968, Reg: 0.003209
Iter 320 of 344 Loss: -0.077267, NCC_Loss: -0.080236, Reg: 0.002969
Iter 330 of 344 Loss: -0.072575, NCC_Loss: -0.075230, Reg: 0.002655
Iter 340 of 344 Loss: -0.079366, NCC_Loss: -0.082298, Reg: 0.002932
Epoch 308 Loss: -0.077971
Epoch 308 Validation: Mean EPE: 7.2725, Mean SSIM: 0.1849, Mean ZNCC: -0.0372
Epoch 309 starts
Iter 10 of 344 Loss: -0.070863, NCC_Loss: -0.073453, Reg: 0.002590
Iter 20 of 344 Loss: -0.077751, NCC_Loss: -0.080995, Reg: 0.003244
Iter 30 of 344 Loss: -0.077262, NCC_Loss: -0.080412, Reg: 0.003150
Iter 40 of 344 Loss: -0.079588, NCC_Loss: -0.082870, Reg: 0.003282
Iter 50 of 344 Loss: -0.076207, NCC_Loss: -0.079376, Reg: 0.003168
Iter 60 of 344 Loss: -0.081770, NCC_Loss: -0.084571, Reg: 0.002801
Iter 70 of 344 Loss: -0.084177, NCC_Loss: -0.087105, Reg: 0.002928
Iter 80 of 344 Loss: -0.071723, NCC_Loss: -0.074485, Reg: 0.002762
Iter 90 of 344 Loss: -0.075212, NCC_Loss: -0.078443, Reg: 0.003231
Iter 100 of 344 Loss: -0.076066, NCC_Loss: -0.078763, Reg: 0.002697
Iter 110 of 344 Loss: -0.078037, NCC_Loss: -0.081287, Reg: 0.003250
Iter 120 of 344 Loss: -0.074068, NCC_Loss: -0.077114, Reg: 0.003046
Iter 130 of 344 Loss: -0.079676, NCC_Loss: -0.083085, Reg: 0.003409
Iter 140 of 344 Loss: -0.078606, NCC_Loss: -0.081718, Reg: 0.003112
Iter 150 of 344 Loss: -0.077043, NCC_Loss: -0.080004, Reg: 0.002960
Iter 160 of 344 Loss: -0.078185, NCC_Loss: -0.081342, Reg: 0.003158
Iter 170 of 344 Loss: -0.079026, NCC_Loss: -0.081837, Reg: 0.002811
Iter 180 of 344 Loss: -0.077981, NCC_Loss: -0.080882, Reg: 0.002902
Iter 190 of 344 Loss: -0.075772, NCC_Loss: -0.078463, Reg: 0.002692
Iter 200 of 344 Loss: -0.081320, NCC_Loss: -0.084350, Reg: 0.003030
Iter 210 of 344 Loss: -0.079035, NCC_Loss: -0.081807, Reg: 0.002772
Iter 220 of 344 Loss: -0.076778, NCC_Loss: -0.079676, Reg: 0.002898
Iter 230 of 344 Loss: -0.080903, NCC_Loss: -0.083680, Reg: 0.002776
Iter 240 of 344 Loss: -0.090143, NCC_Loss: -0.093349, Reg: 0.003205
Iter 250 of 344 Loss: -0.079736, NCC_Loss: -0.082598, Reg: 0.002862
Iter 260 of 344 Loss: -0.076433, NCC_Loss: -0.079367, Reg: 0.002934
Iter 270 of 344 Loss: -0.080864, NCC_Loss: -0.084122, Reg: 0.003258
Iter 280 of 344 Loss: -0.079508, NCC_Loss: -0.082533, Reg: 0.003025
Iter 290 of 344 Loss: -0.078922, NCC_Loss: -0.082227, Reg: 0.003305
Iter 300 of 344 Loss: -0.084755, NCC_Loss: -0.088141, Reg: 0.003386
Iter 310 of 344 Loss: -0.079876, NCC_Loss: -0.082774, Reg: 0.002897
Iter 320 of 344 Loss: -0.075851, NCC_Loss: -0.078630, Reg: 0.002779
Iter 330 of 344 Loss: -0.087597, NCC_Loss: -0.090543, Reg: 0.002945
Iter 340 of 344 Loss: -0.079926, NCC_Loss: -0.082882, Reg: 0.002956
Epoch 309 Loss: -0.077964
Epoch 309 Validation: Mean EPE: 7.2726, Mean SSIM: 0.1849, Mean ZNCC: -0.0372
Epoch 310 starts
Iter 10 of 344 Loss: -0.073311, NCC_Loss: -0.076279, Reg: 0.002969
Iter 20 of 344 Loss: -0.076796, NCC_Loss: -0.079901, Reg: 0.003105
Iter 30 of 344 Loss: -0.072313, NCC_Loss: -0.075223, Reg: 0.002910
Iter 40 of 344 Loss: -0.074510, NCC_Loss: -0.077411, Reg: 0.002902
Iter 50 of 344 Loss: -0.082210, NCC_Loss: -0.085044, Reg: 0.002833
Iter 60 of 344 Loss: -0.064825, NCC_Loss: -0.067944, Reg: 0.003119
Iter 70 of 344 Loss: -0.074943, NCC_Loss: -0.077416, Reg: 0.002473
Iter 80 of 344 Loss: -0.073028, NCC_Loss: -0.075976, Reg: 0.002948
Iter 90 of 344 Loss: -0.076747, NCC_Loss: -0.080422, Reg: 0.003675
Iter 100 of 344 Loss: -0.086201, NCC_Loss: -0.089337, Reg: 0.003136
Iter 110 of 344 Loss: -0.073733, NCC_Loss: -0.076964, Reg: 0.003231
Iter 120 of 344 Loss: -0.075073, NCC_Loss: -0.078094, Reg: 0.003021
Iter 130 of 344 Loss: -0.079535, NCC_Loss: -0.082825, Reg: 0.003291
Iter 140 of 344 Loss: -0.080647, NCC_Loss: -0.083332, Reg: 0.002684
Iter 150 of 344 Loss: -0.085121, NCC_Loss: -0.087929, Reg: 0.002808
Iter 160 of 344 Loss: -0.077967, NCC_Loss: -0.081262, Reg: 0.003295
Iter 170 of 344 Loss: -0.073653, NCC_Loss: -0.076616, Reg: 0.002963
Iter 180 of 344 Loss: -0.080380, NCC_Loss: -0.082775, Reg: 0.002395
Iter 190 of 344 Loss: -0.084306, NCC_Loss: -0.087385, Reg: 0.003079
Iter 200 of 344 Loss: -0.073535, NCC_Loss: -0.076707, Reg: 0.003172
Iter 210 of 344 Loss: -0.079884, NCC_Loss: -0.082803, Reg: 0.002919
Iter 220 of 344 Loss: -0.088503, NCC_Loss: -0.091493, Reg: 0.002990
Iter 230 of 344 Loss: -0.074116, NCC_Loss: -0.077070, Reg: 0.002954
Iter 240 of 344 Loss: -0.076585, NCC_Loss: -0.079639, Reg: 0.003055
Iter 250 of 344 Loss: -0.076403, NCC_Loss: -0.079415, Reg: 0.003012
Iter 260 of 344 Loss: -0.081237, NCC_Loss: -0.084096, Reg: 0.002859
Iter 270 of 344 Loss: -0.075115, NCC_Loss: -0.078317, Reg: 0.003202
Iter 280 of 344 Loss: -0.077577, NCC_Loss: -0.080516, Reg: 0.002939
Iter 290 of 344 Loss: -0.073443, NCC_Loss: -0.076268, Reg: 0.002824
Iter 300 of 344 Loss: -0.074105, NCC_Loss: -0.077289, Reg: 0.003184
Iter 310 of 344 Loss: -0.086103, NCC_Loss: -0.089290, Reg: 0.003187
Iter 320 of 344 Loss: -0.071743, NCC_Loss: -0.074689, Reg: 0.002946
Iter 330 of 344 Loss: -0.078996, NCC_Loss: -0.082277, Reg: 0.003281
Iter 340 of 344 Loss: -0.071888, NCC_Loss: -0.075211, Reg: 0.003323
Epoch 310 Loss: -0.077980
Epoch 310 Validation: Mean EPE: 7.2726, Mean SSIM: 0.1849, Mean ZNCC: -0.0372
Epoch 311 starts
Iter 10 of 344 Loss: -0.079892, NCC_Loss: -0.082850, Reg: 0.002958
Iter 20 of 344 Loss: -0.079798, NCC_Loss: -0.083060, Reg: 0.003262
Iter 30 of 344 Loss: -0.078352, NCC_Loss: -0.081237, Reg: 0.002885
Iter 40 of 344 Loss: -0.074592, NCC_Loss: -0.077500, Reg: 0.002907
Iter 50 of 344 Loss: -0.082070, NCC_Loss: -0.084879, Reg: 0.002809
Iter 60 of 344 Loss: -0.078907, NCC_Loss: -0.081632, Reg: 0.002725
Iter 70 of 344 Loss: -0.075906, NCC_Loss: -0.078695, Reg: 0.002789
Iter 80 of 344 Loss: -0.078460, NCC_Loss: -0.081667, Reg: 0.003208
Iter 90 of 344 Loss: -0.075135, NCC_Loss: -0.078164, Reg: 0.003029
Iter 100 of 344 Loss: -0.072671, NCC_Loss: -0.075359, Reg: 0.002688
Iter 110 of 344 Loss: -0.081909, NCC_Loss: -0.084927, Reg: 0.003019
Iter 120 of 344 Loss: -0.076906, NCC_Loss: -0.079835, Reg: 0.002930
Iter 130 of 344 Loss: -0.076081, NCC_Loss: -0.078750, Reg: 0.002669
Iter 140 of 344 Loss: -0.078422, NCC_Loss: -0.081227, Reg: 0.002805
Iter 150 of 344 Loss: -0.077352, NCC_Loss: -0.080567, Reg: 0.003215
Iter 160 of 344 Loss: -0.077151, NCC_Loss: -0.080182, Reg: 0.003031
Iter 170 of 344 Loss: -0.079063, NCC_Loss: -0.082041, Reg: 0.002978
Iter 180 of 344 Loss: -0.077911, NCC_Loss: -0.080858, Reg: 0.002947
Iter 190 of 344 Loss: -0.077530, NCC_Loss: -0.080433, Reg: 0.002903
Iter 200 of 344 Loss: -0.076071, NCC_Loss: -0.078841, Reg: 0.002771
Iter 210 of 344 Loss: -0.073083, NCC_Loss: -0.075899, Reg: 0.002816
Iter 220 of 344 Loss: -0.083590, NCC_Loss: -0.086495, Reg: 0.002905
Iter 230 of 344 Loss: -0.068649, NCC_Loss: -0.071495, Reg: 0.002845
Iter 240 of 344 Loss: -0.082190, NCC_Loss: -0.085009, Reg: 0.002819
Iter 250 of 344 Loss: -0.076206, NCC_Loss: -0.078873, Reg: 0.002666
Iter 260 of 344 Loss: -0.073239, NCC_Loss: -0.076285, Reg: 0.003046
Iter 270 of 344 Loss: -0.074732, NCC_Loss: -0.077790, Reg: 0.003058
Iter 280 of 344 Loss: -0.077125, NCC_Loss: -0.079971, Reg: 0.002846
Iter 290 of 344 Loss: -0.072455, NCC_Loss: -0.075336, Reg: 0.002881
Iter 300 of 344 Loss: -0.076346, NCC_Loss: -0.079159, Reg: 0.002813
Iter 310 of 344 Loss: -0.077398, NCC_Loss: -0.079854, Reg: 0.002456
Iter 320 of 344 Loss: -0.082376, NCC_Loss: -0.085637, Reg: 0.003261
Iter 330 of 344 Loss: -0.079267, NCC_Loss: -0.082276, Reg: 0.003009
Iter 340 of 344 Loss: -0.086398, NCC_Loss: -0.089185, Reg: 0.002787
Epoch 311 Loss: -0.078000
Epoch 311 Validation: Mean EPE: 7.2726, Mean SSIM: 0.1849, Mean ZNCC: -0.0372
Epoch 312 starts
Iter 10 of 344 Loss: -0.078443, NCC_Loss: -0.081226, Reg: 0.002783
Iter 20 of 344 Loss: -0.077402, NCC_Loss: -0.080436, Reg: 0.003034
Iter 30 of 344 Loss: -0.077203, NCC_Loss: -0.080382, Reg: 0.003179
Iter 40 of 344 Loss: -0.080438, NCC_Loss: -0.083428, Reg: 0.002990
Iter 50 of 344 Loss: -0.083127, NCC_Loss: -0.086024, Reg: 0.002897
Iter 60 of 344 Loss: -0.079998, NCC_Loss: -0.082958, Reg: 0.002959
Iter 70 of 344 Loss: -0.078095, NCC_Loss: -0.080958, Reg: 0.002863
Iter 80 of 344 Loss: -0.080008, NCC_Loss: -0.082711, Reg: 0.002702
Iter 90 of 344 Loss: -0.079320, NCC_Loss: -0.082054, Reg: 0.002734
Iter 100 of 344 Loss: -0.082495, NCC_Loss: -0.085404, Reg: 0.002909
Iter 110 of 344 Loss: -0.083277, NCC_Loss: -0.086595, Reg: 0.003318
Iter 120 of 344 Loss: -0.083129, NCC_Loss: -0.086020, Reg: 0.002891
Iter 130 of 344 Loss: -0.074273, NCC_Loss: -0.077394, Reg: 0.003121
Iter 140 of 344 Loss: -0.078349, NCC_Loss: -0.081535, Reg: 0.003186
Iter 150 of 344 Loss: -0.076674, NCC_Loss: -0.079393, Reg: 0.002718
Iter 160 of 344 Loss: -0.078023, NCC_Loss: -0.080741, Reg: 0.002718
Iter 170 of 344 Loss: -0.084462, NCC_Loss: -0.087494, Reg: 0.003033
Iter 180 of 344 Loss: -0.077526, NCC_Loss: -0.080569, Reg: 0.003044
Iter 190 of 344 Loss: -0.081931, NCC_Loss: -0.084732, Reg: 0.002801
Iter 200 of 344 Loss: -0.077300, NCC_Loss: -0.080103, Reg: 0.002803
Iter 210 of 344 Loss: -0.074694, NCC_Loss: -0.077873, Reg: 0.003179
Iter 220 of 344 Loss: -0.074151, NCC_Loss: -0.077098, Reg: 0.002947
Iter 230 of 344 Loss: -0.077961, NCC_Loss: -0.080910, Reg: 0.002949
Iter 240 of 344 Loss: -0.075250, NCC_Loss: -0.078014, Reg: 0.002764
Iter 250 of 344 Loss: -0.084077, NCC_Loss: -0.087069, Reg: 0.002992
Iter 260 of 344 Loss: -0.076288, NCC_Loss: -0.079317, Reg: 0.003029
Iter 270 of 344 Loss: -0.084077, NCC_Loss: -0.086956, Reg: 0.002878
Iter 280 of 344 Loss: -0.081167, NCC_Loss: -0.084200, Reg: 0.003032
Iter 290 of 344 Loss: -0.082066, NCC_Loss: -0.085067, Reg: 0.003000
Iter 300 of 344 Loss: -0.082382, NCC_Loss: -0.085700, Reg: 0.003319
Iter 310 of 344 Loss: -0.078592, NCC_Loss: -0.081475, Reg: 0.002883
Iter 320 of 344 Loss: -0.079192, NCC_Loss: -0.081917, Reg: 0.002725
Iter 330 of 344 Loss: -0.074226, NCC_Loss: -0.077146, Reg: 0.002919
Iter 340 of 344 Loss: -0.074257, NCC_Loss: -0.077030, Reg: 0.002773
Epoch 312 Loss: -0.078009
Epoch 312 Validation: Mean EPE: 7.2727, Mean SSIM: 0.1849, Mean ZNCC: -0.0372
Epoch 313 starts
Iter 10 of 344 Loss: -0.077134, NCC_Loss: -0.080227, Reg: 0.003092
Iter 20 of 344 Loss: -0.071914, NCC_Loss: -0.075269, Reg: 0.003354
Iter 30 of 344 Loss: -0.079888, NCC_Loss: -0.082803, Reg: 0.002915
Iter 40 of 344 Loss: -0.079399, NCC_Loss: -0.081851, Reg: 0.002452
Iter 50 of 344 Loss: -0.084738, NCC_Loss: -0.088148, Reg: 0.003410
Iter 60 of 344 Loss: -0.076932, NCC_Loss: -0.079985, Reg: 0.003053
Iter 70 of 344 Loss: -0.072351, NCC_Loss: -0.075418, Reg: 0.003068
Iter 80 of 344 Loss: -0.072297, NCC_Loss: -0.075203, Reg: 0.002906
Iter 90 of 344 Loss: -0.081347, NCC_Loss: -0.083937, Reg: 0.002591
Iter 100 of 344 Loss: -0.075564, NCC_Loss: -0.078500, Reg: 0.002937
Iter 110 of 344 Loss: -0.083159, NCC_Loss: -0.086077, Reg: 0.002917
Iter 120 of 344 Loss: -0.072002, NCC_Loss: -0.074880, Reg: 0.002878
Iter 130 of 344 Loss: -0.073941, NCC_Loss: -0.076599, Reg: 0.002658
Iter 140 of 344 Loss: -0.081974, NCC_Loss: -0.084879, Reg: 0.002905
Iter 150 of 344 Loss: -0.081386, NCC_Loss: -0.084188, Reg: 0.002802
Iter 160 of 344 Loss: -0.078450, NCC_Loss: -0.081487, Reg: 0.003037
Iter 170 of 344 Loss: -0.084560, NCC_Loss: -0.087523, Reg: 0.002963
Iter 180 of 344 Loss: -0.076278, NCC_Loss: -0.079662, Reg: 0.003384
Iter 190 of 344 Loss: -0.074890, NCC_Loss: -0.077646, Reg: 0.002756
Iter 200 of 344 Loss: -0.083875, NCC_Loss: -0.086581, Reg: 0.002707
Iter 210 of 344 Loss: -0.076009, NCC_Loss: -0.079043, Reg: 0.003034
Iter 220 of 344 Loss: -0.077251, NCC_Loss: -0.079870, Reg: 0.002619
Iter 230 of 344 Loss: -0.074221, NCC_Loss: -0.077146, Reg: 0.002925
Iter 240 of 344 Loss: -0.068819, NCC_Loss: -0.071643, Reg: 0.002824
Iter 250 of 344 Loss: -0.074370, NCC_Loss: -0.077735, Reg: 0.003365
Iter 260 of 344 Loss: -0.077239, NCC_Loss: -0.080168, Reg: 0.002929
Iter 270 of 344 Loss: -0.081194, NCC_Loss: -0.084081, Reg: 0.002887
Iter 280 of 344 Loss: -0.075521, NCC_Loss: -0.078395, Reg: 0.002873
Iter 290 of 344 Loss: -0.071479, NCC_Loss: -0.074536, Reg: 0.003056
Iter 300 of 344 Loss: -0.077960, NCC_Loss: -0.080787, Reg: 0.002827
Iter 310 of 344 Loss: -0.080295, NCC_Loss: -0.082949, Reg: 0.002654
Iter 320 of 344 Loss: -0.078077, NCC_Loss: -0.081040, Reg: 0.002962
Iter 330 of 344 Loss: -0.079235, NCC_Loss: -0.082051, Reg: 0.002815
Iter 340 of 344 Loss: -0.071220, NCC_Loss: -0.074225, Reg: 0.003005
Epoch 313 Loss: -0.078019
Epoch 313 Validation: Mean EPE: 7.2727, Mean SSIM: 0.1850, Mean ZNCC: -0.0372
Epoch 314 starts
Iter 10 of 344 Loss: -0.080733, NCC_Loss: -0.084017, Reg: 0.003284
Iter 20 of 344 Loss: -0.073705, NCC_Loss: -0.076705, Reg: 0.003000
Iter 30 of 344 Loss: -0.077670, NCC_Loss: -0.080656, Reg: 0.002986
Iter 40 of 344 Loss: -0.079716, NCC_Loss: -0.082542, Reg: 0.002826
Iter 50 of 344 Loss: -0.081001, NCC_Loss: -0.084295, Reg: 0.003294
Iter 60 of 344 Loss: -0.076802, NCC_Loss: -0.079618, Reg: 0.002816
Iter 70 of 344 Loss: -0.074773, NCC_Loss: -0.078034, Reg: 0.003261
Iter 80 of 344 Loss: -0.080873, NCC_Loss: -0.083444, Reg: 0.002571
Iter 90 of 344 Loss: -0.079030, NCC_Loss: -0.081787, Reg: 0.002756
Iter 100 of 344 Loss: -0.080255, NCC_Loss: -0.082918, Reg: 0.002663
Iter 110 of 344 Loss: -0.079595, NCC_Loss: -0.082539, Reg: 0.002944
Iter 120 of 344 Loss: -0.078055, NCC_Loss: -0.081104, Reg: 0.003049
Iter 130 of 344 Loss: -0.076563, NCC_Loss: -0.079681, Reg: 0.003118
Iter 140 of 344 Loss: -0.078458, NCC_Loss: -0.081395, Reg: 0.002937
Iter 150 of 344 Loss: -0.079199, NCC_Loss: -0.082409, Reg: 0.003210
Iter 160 of 344 Loss: -0.077743, NCC_Loss: -0.080601, Reg: 0.002858
Iter 170 of 344 Loss: -0.072817, NCC_Loss: -0.076161, Reg: 0.003344
Iter 180 of 344 Loss: -0.075485, NCC_Loss: -0.078588, Reg: 0.003102
Iter 190 of 344 Loss: -0.079877, NCC_Loss: -0.082948, Reg: 0.003071
Iter 200 of 344 Loss: -0.083788, NCC_Loss: -0.086590, Reg: 0.002803
Iter 210 of 344 Loss: -0.078375, NCC_Loss: -0.081953, Reg: 0.003578
Iter 220 of 344 Loss: -0.074339, NCC_Loss: -0.077243, Reg: 0.002904
Iter 230 of 344 Loss: -0.073946, NCC_Loss: -0.076982, Reg: 0.003036
Iter 240 of 344 Loss: -0.080894, NCC_Loss: -0.083802, Reg: 0.002908
Iter 250 of 344 Loss: -0.076119, NCC_Loss: -0.079364, Reg: 0.003244
Iter 260 of 344 Loss: -0.076959, NCC_Loss: -0.080127, Reg: 0.003169
Iter 270 of 344 Loss: -0.079335, NCC_Loss: -0.082231, Reg: 0.002896
Iter 280 of 344 Loss: -0.072428, NCC_Loss: -0.075431, Reg: 0.003003
Iter 290 of 344 Loss: -0.087887, NCC_Loss: -0.091083, Reg: 0.003196
Iter 300 of 344 Loss: -0.082617, NCC_Loss: -0.085609, Reg: 0.002992
Iter 310 of 344 Loss: -0.079430, NCC_Loss: -0.082642, Reg: 0.003212
Iter 320 of 344 Loss: -0.073987, NCC_Loss: -0.076864, Reg: 0.002876
Iter 330 of 344 Loss: -0.070970, NCC_Loss: -0.073692, Reg: 0.002723
Iter 340 of 344 Loss: -0.077516, NCC_Loss: -0.080860, Reg: 0.003343
Epoch 314 Loss: -0.078032
Epoch 314 Validation: Mean EPE: 7.2727, Mean SSIM: 0.1850, Mean ZNCC: -0.0372
Epoch 315 starts
Iter 10 of 344 Loss: -0.080461, NCC_Loss: -0.083612, Reg: 0.003151
Iter 20 of 344 Loss: -0.077575, NCC_Loss: -0.080482, Reg: 0.002907
Iter 30 of 344 Loss: -0.072548, NCC_Loss: -0.075452, Reg: 0.002903
Iter 40 of 344 Loss: -0.080264, NCC_Loss: -0.083144, Reg: 0.002879
Iter 50 of 344 Loss: -0.077407, NCC_Loss: -0.080485, Reg: 0.003078
Iter 60 of 344 Loss: -0.074919, NCC_Loss: -0.077885, Reg: 0.002966
Iter 70 of 344 Loss: -0.081895, NCC_Loss: -0.084719, Reg: 0.002824
Iter 80 of 344 Loss: -0.086012, NCC_Loss: -0.089377, Reg: 0.003365
Iter 90 of 344 Loss: -0.072449, NCC_Loss: -0.075272, Reg: 0.002822
Iter 100 of 344 Loss: -0.083252, NCC_Loss: -0.085935, Reg: 0.002682
Iter 110 of 344 Loss: -0.078191, NCC_Loss: -0.081373, Reg: 0.003182
Iter 120 of 344 Loss: -0.083014, NCC_Loss: -0.085838, Reg: 0.002824
Iter 130 of 344 Loss: -0.076897, NCC_Loss: -0.079908, Reg: 0.003010
Iter 140 of 344 Loss: -0.083980, NCC_Loss: -0.086511, Reg: 0.002531
Iter 150 of 344 Loss: -0.082171, NCC_Loss: -0.085078, Reg: 0.002907
Iter 160 of 344 Loss: -0.076996, NCC_Loss: -0.079460, Reg: 0.002464
Iter 170 of 344 Loss: -0.082298, NCC_Loss: -0.085507, Reg: 0.003208
Iter 180 of 344 Loss: -0.082796, NCC_Loss: -0.085597, Reg: 0.002801
Iter 190 of 344 Loss: -0.075895, NCC_Loss: -0.078850, Reg: 0.002954
Iter 200 of 344 Loss: -0.075014, NCC_Loss: -0.077958, Reg: 0.002944
Iter 210 of 344 Loss: -0.075680, NCC_Loss: -0.078547, Reg: 0.002867
Iter 220 of 344 Loss: -0.081240, NCC_Loss: -0.084003, Reg: 0.002762
Iter 230 of 344 Loss: -0.081502, NCC_Loss: -0.084276, Reg: 0.002773
Iter 240 of 344 Loss: -0.081287, NCC_Loss: -0.084473, Reg: 0.003186
Iter 250 of 344 Loss: -0.081331, NCC_Loss: -0.084251, Reg: 0.002919
Iter 260 of 344 Loss: -0.073359, NCC_Loss: -0.076065, Reg: 0.002706
Iter 270 of 344 Loss: -0.072677, NCC_Loss: -0.075514, Reg: 0.002837
Iter 280 of 344 Loss: -0.076282, NCC_Loss: -0.079107, Reg: 0.002826
Iter 290 of 344 Loss: -0.079125, NCC_Loss: -0.082043, Reg: 0.002918
Iter 300 of 344 Loss: -0.076726, NCC_Loss: -0.079667, Reg: 0.002942
Iter 310 of 344 Loss: -0.077873, NCC_Loss: -0.080835, Reg: 0.002961
Iter 320 of 344 Loss: -0.078317, NCC_Loss: -0.081301, Reg: 0.002984
Iter 330 of 344 Loss: -0.082926, NCC_Loss: -0.085643, Reg: 0.002717
Iter 340 of 344 Loss: -0.078661, NCC_Loss: -0.081780, Reg: 0.003119
Epoch 315 Loss: -0.078037
Epoch 315 Validation: Mean EPE: 7.2728, Mean SSIM: 0.1850, Mean ZNCC: -0.0372
Epoch 316 starts
Iter 10 of 344 Loss: -0.074431, NCC_Loss: -0.077489, Reg: 0.003058
Iter 20 of 344 Loss: -0.088210, NCC_Loss: -0.091117, Reg: 0.002907
Iter 30 of 344 Loss: -0.076896, NCC_Loss: -0.080055, Reg: 0.003159
Iter 40 of 344 Loss: -0.076263, NCC_Loss: -0.079458, Reg: 0.003195
Iter 50 of 344 Loss: -0.075444, NCC_Loss: -0.078625, Reg: 0.003180
Iter 60 of 344 Loss: -0.074120, NCC_Loss: -0.077179, Reg: 0.003059
Iter 70 of 344 Loss: -0.078525, NCC_Loss: -0.081622, Reg: 0.003097
Iter 80 of 344 Loss: -0.079825, NCC_Loss: -0.082793, Reg: 0.002968
Iter 90 of 344 Loss: -0.080071, NCC_Loss: -0.083290, Reg: 0.003219
Iter 100 of 344 Loss: -0.073181, NCC_Loss: -0.076058, Reg: 0.002877
Iter 110 of 344 Loss: -0.083333, NCC_Loss: -0.085835, Reg: 0.002502
Iter 120 of 344 Loss: -0.079343, NCC_Loss: -0.082510, Reg: 0.003167
Iter 130 of 344 Loss: -0.080173, NCC_Loss: -0.083099, Reg: 0.002926
Iter 140 of 344 Loss: -0.073563, NCC_Loss: -0.076317, Reg: 0.002755
Iter 150 of 344 Loss: -0.073154, NCC_Loss: -0.076029, Reg: 0.002875
Iter 160 of 344 Loss: -0.079377, NCC_Loss: -0.082420, Reg: 0.003043
Iter 170 of 344 Loss: -0.070999, NCC_Loss: -0.074328, Reg: 0.003329
Iter 180 of 344 Loss: -0.084759, NCC_Loss: -0.087684, Reg: 0.002926
Iter 190 of 344 Loss: -0.084303, NCC_Loss: -0.087312, Reg: 0.003009
Iter 200 of 344 Loss: -0.076909, NCC_Loss: -0.079845, Reg: 0.002936
Iter 210 of 344 Loss: -0.073443, NCC_Loss: -0.076448, Reg: 0.003006
Iter 220 of 344 Loss: -0.081701, NCC_Loss: -0.084520, Reg: 0.002819
Iter 230 of 344 Loss: -0.072396, NCC_Loss: -0.075122, Reg: 0.002725
Iter 240 of 344 Loss: -0.079232, NCC_Loss: -0.082346, Reg: 0.003115
Iter 250 of 344 Loss: -0.079088, NCC_Loss: -0.081752, Reg: 0.002663
Iter 260 of 344 Loss: -0.076900, NCC_Loss: -0.080167, Reg: 0.003267
Iter 270 of 344 Loss: -0.079843, NCC_Loss: -0.082659, Reg: 0.002816
Iter 280 of 344 Loss: -0.081505, NCC_Loss: -0.084620, Reg: 0.003115
Iter 290 of 344 Loss: -0.076029, NCC_Loss: -0.078847, Reg: 0.002817
Iter 300 of 344 Loss: -0.082108, NCC_Loss: -0.084956, Reg: 0.002848
Iter 310 of 344 Loss: -0.081427, NCC_Loss: -0.084553, Reg: 0.003126
Iter 320 of 344 Loss: -0.083625, NCC_Loss: -0.086690, Reg: 0.003065
Iter 330 of 344 Loss: -0.080328, NCC_Loss: -0.083248, Reg: 0.002920
Iter 340 of 344 Loss: -0.082770, NCC_Loss: -0.085585, Reg: 0.002815
Epoch 316 Loss: -0.078053
Epoch 316 Validation: Mean EPE: 7.2728, Mean SSIM: 0.1850, Mean ZNCC: -0.0372
Epoch 317 starts
Iter 10 of 344 Loss: -0.082296, NCC_Loss: -0.085145, Reg: 0.002849
Iter 20 of 344 Loss: -0.078083, NCC_Loss: -0.080928, Reg: 0.002845
Iter 30 of 344 Loss: -0.075005, NCC_Loss: -0.077682, Reg: 0.002678
Iter 40 of 344 Loss: -0.075406, NCC_Loss: -0.078315, Reg: 0.002910
Iter 50 of 344 Loss: -0.076461, NCC_Loss: -0.079540, Reg: 0.003079
Iter 60 of 344 Loss: -0.071899, NCC_Loss: -0.074842, Reg: 0.002943
Iter 70 of 344 Loss: -0.077720, NCC_Loss: -0.080610, Reg: 0.002889
Iter 80 of 344 Loss: -0.075943, NCC_Loss: -0.078871, Reg: 0.002928
Iter 90 of 344 Loss: -0.082163, NCC_Loss: -0.085270, Reg: 0.003107
Iter 100 of 344 Loss: -0.077145, NCC_Loss: -0.079887, Reg: 0.002742
Iter 110 of 344 Loss: -0.076239, NCC_Loss: -0.079069, Reg: 0.002830
Iter 120 of 344 Loss: -0.072712, NCC_Loss: -0.075620, Reg: 0.002908
Iter 130 of 344 Loss: -0.083577, NCC_Loss: -0.086484, Reg: 0.002907
Iter 140 of 344 Loss: -0.087667, NCC_Loss: -0.090592, Reg: 0.002924
Iter 150 of 344 Loss: -0.077738, NCC_Loss: -0.080712, Reg: 0.002974
Iter 160 of 344 Loss: -0.074484, NCC_Loss: -0.077642, Reg: 0.003158
Iter 170 of 344 Loss: -0.077932, NCC_Loss: -0.080802, Reg: 0.002870
Iter 180 of 344 Loss: -0.073224, NCC_Loss: -0.076052, Reg: 0.002828
Iter 190 of 344 Loss: -0.087585, NCC_Loss: -0.090512, Reg: 0.002928
Iter 200 of 344 Loss: -0.083802, NCC_Loss: -0.086808, Reg: 0.003006
Iter 210 of 344 Loss: -0.075049, NCC_Loss: -0.077926, Reg: 0.002877
Iter 220 of 344 Loss: -0.071562, NCC_Loss: -0.074388, Reg: 0.002826
Iter 230 of 344 Loss: -0.075409, NCC_Loss: -0.078013, Reg: 0.002604
Iter 240 of 344 Loss: -0.074399, NCC_Loss: -0.077472, Reg: 0.003073
Iter 250 of 344 Loss: -0.075699, NCC_Loss: -0.078335, Reg: 0.002636
Iter 260 of 344 Loss: -0.075767, NCC_Loss: -0.078594, Reg: 0.002827
Iter 270 of 344 Loss: -0.081077, NCC_Loss: -0.083959, Reg: 0.002882
Iter 280 of 344 Loss: -0.077388, NCC_Loss: -0.080465, Reg: 0.003077
Iter 290 of 344 Loss: -0.081282, NCC_Loss: -0.084441, Reg: 0.003159
Iter 300 of 344 Loss: -0.071829, NCC_Loss: -0.074636, Reg: 0.002808
Iter 310 of 344 Loss: -0.080772, NCC_Loss: -0.083801, Reg: 0.003030
Iter 320 of 344 Loss: -0.075574, NCC_Loss: -0.078310, Reg: 0.002736
Iter 330 of 344 Loss: -0.081159, NCC_Loss: -0.084311, Reg: 0.003151
Iter 340 of 344 Loss: -0.076101, NCC_Loss: -0.078991, Reg: 0.002890
Epoch 317 Loss: -0.078065
Epoch 317 Validation: Mean EPE: 7.2728, Mean SSIM: 0.1850, Mean ZNCC: -0.0372
Epoch 318 starts
Iter 10 of 344 Loss: -0.071353, NCC_Loss: -0.074472, Reg: 0.003119
Iter 20 of 344 Loss: -0.083866, NCC_Loss: -0.087005, Reg: 0.003139
Iter 30 of 344 Loss: -0.077466, NCC_Loss: -0.080531, Reg: 0.003065
Iter 40 of 344 Loss: -0.079781, NCC_Loss: -0.082766, Reg: 0.002984
Iter 50 of 344 Loss: -0.074023, NCC_Loss: -0.077073, Reg: 0.003050
Iter 60 of 344 Loss: -0.079365, NCC_Loss: -0.082623, Reg: 0.003259
Iter 70 of 344 Loss: -0.078276, NCC_Loss: -0.081227, Reg: 0.002951
Iter 80 of 344 Loss: -0.079723, NCC_Loss: -0.082722, Reg: 0.002999
Iter 90 of 344 Loss: -0.079925, NCC_Loss: -0.082765, Reg: 0.002841
Iter 100 of 344 Loss: -0.078621, NCC_Loss: -0.081611, Reg: 0.002990
Iter 110 of 344 Loss: -0.076959, NCC_Loss: -0.080105, Reg: 0.003146
Iter 120 of 344 Loss: -0.074136, NCC_Loss: -0.077347, Reg: 0.003211
Iter 130 of 344 Loss: -0.088466, NCC_Loss: -0.091538, Reg: 0.003073
Iter 140 of 344 Loss: -0.074048, NCC_Loss: -0.077057, Reg: 0.003008
Iter 150 of 344 Loss: -0.072724, NCC_Loss: -0.075488, Reg: 0.002764
Iter 160 of 344 Loss: -0.074914, NCC_Loss: -0.077924, Reg: 0.003009
Iter 170 of 344 Loss: -0.079039, NCC_Loss: -0.082077, Reg: 0.003038
Iter 180 of 344 Loss: -0.070300, NCC_Loss: -0.073049, Reg: 0.002748
Iter 190 of 344 Loss: -0.076041, NCC_Loss: -0.078926, Reg: 0.002885
Iter 200 of 344 Loss: -0.073852, NCC_Loss: -0.076561, Reg: 0.002709
Iter 210 of 344 Loss: -0.084860, NCC_Loss: -0.087676, Reg: 0.002816
Iter 220 of 344 Loss: -0.083989, NCC_Loss: -0.086839, Reg: 0.002850
Iter 230 of 344 Loss: -0.078182, NCC_Loss: -0.080736, Reg: 0.002554
Iter 240 of 344 Loss: -0.078462, NCC_Loss: -0.081504, Reg: 0.003042
Iter 250 of 344 Loss: -0.078067, NCC_Loss: -0.080917, Reg: 0.002850
Iter 260 of 344 Loss: -0.073186, NCC_Loss: -0.076170, Reg: 0.002984
Iter 270 of 344 Loss: -0.076071, NCC_Loss: -0.078870, Reg: 0.002800
Iter 280 of 344 Loss: -0.076440, NCC_Loss: -0.079126, Reg: 0.002687
Iter 290 of 344 Loss: -0.084498, NCC_Loss: -0.087396, Reg: 0.002898
Iter 300 of 344 Loss: -0.081201, NCC_Loss: -0.084132, Reg: 0.002931
Iter 310 of 344 Loss: -0.076600, NCC_Loss: -0.079746, Reg: 0.003146
Iter 320 of 344 Loss: -0.079216, NCC_Loss: -0.082293, Reg: 0.003077
Iter 330 of 344 Loss: -0.069811, NCC_Loss: -0.072791, Reg: 0.002980
Iter 340 of 344 Loss: -0.078187, NCC_Loss: -0.080905, Reg: 0.002718
Epoch 318 Loss: -0.078079
Epoch 318 Validation: Mean EPE: 7.2728, Mean SSIM: 0.1850, Mean ZNCC: -0.0372
Epoch 319 starts
Iter 10 of 344 Loss: -0.081881, NCC_Loss: -0.085108, Reg: 0.003227
Iter 20 of 344 Loss: -0.076070, NCC_Loss: -0.078970, Reg: 0.002900
Iter 30 of 344 Loss: -0.080620, NCC_Loss: -0.083681, Reg: 0.003061
Iter 40 of 344 Loss: -0.079527, NCC_Loss: -0.082394, Reg: 0.002868
Iter 50 of 344 Loss: -0.074484, NCC_Loss: -0.077522, Reg: 0.003038
Iter 60 of 344 Loss: -0.087536, NCC_Loss: -0.090582, Reg: 0.003046
Iter 70 of 344 Loss: -0.080179, NCC_Loss: -0.083029, Reg: 0.002850
Iter 80 of 344 Loss: -0.082282, NCC_Loss: -0.085169, Reg: 0.002887
Iter 90 of 344 Loss: -0.080958, NCC_Loss: -0.083980, Reg: 0.003022
Iter 100 of 344 Loss: -0.074443, NCC_Loss: -0.077279, Reg: 0.002836
Iter 110 of 344 Loss: -0.074247, NCC_Loss: -0.077282, Reg: 0.003035
Iter 120 of 344 Loss: -0.076733, NCC_Loss: -0.079560, Reg: 0.002827
Iter 130 of 344 Loss: -0.079425, NCC_Loss: -0.082741, Reg: 0.003316
Iter 140 of 344 Loss: -0.072970, NCC_Loss: -0.075841, Reg: 0.002871
Iter 150 of 344 Loss: -0.081446, NCC_Loss: -0.084104, Reg: 0.002658
Iter 160 of 344 Loss: -0.077744, NCC_Loss: -0.080695, Reg: 0.002950
Iter 170 of 344 Loss: -0.087011, NCC_Loss: -0.089972, Reg: 0.002961
Iter 180 of 344 Loss: -0.080859, NCC_Loss: -0.083767, Reg: 0.002908
Iter 190 of 344 Loss: -0.079750, NCC_Loss: -0.082648, Reg: 0.002898
Iter 200 of 344 Loss: -0.072265, NCC_Loss: -0.075419, Reg: 0.003154
Iter 210 of 344 Loss: -0.081123, NCC_Loss: -0.083570, Reg: 0.002447
Iter 220 of 344 Loss: -0.088538, NCC_Loss: -0.091350, Reg: 0.002813
Iter 230 of 344 Loss: -0.078275, NCC_Loss: -0.081302, Reg: 0.003027
Iter 240 of 344 Loss: -0.087784, NCC_Loss: -0.090841, Reg: 0.003057
Iter 250 of 344 Loss: -0.080799, NCC_Loss: -0.083954, Reg: 0.003155
Iter 260 of 344 Loss: -0.077099, NCC_Loss: -0.079809, Reg: 0.002710
Iter 270 of 344 Loss: -0.077789, NCC_Loss: -0.080573, Reg: 0.002784
Iter 280 of 344 Loss: -0.077196, NCC_Loss: -0.080136, Reg: 0.002940
Iter 290 of 344 Loss: -0.078572, NCC_Loss: -0.081563, Reg: 0.002991
Iter 300 of 344 Loss: -0.072351, NCC_Loss: -0.075612, Reg: 0.003260
Iter 310 of 344 Loss: -0.071130, NCC_Loss: -0.074073, Reg: 0.002944
Iter 320 of 344 Loss: -0.088515, NCC_Loss: -0.091350, Reg: 0.002835
Iter 330 of 344 Loss: -0.080650, NCC_Loss: -0.083264, Reg: 0.002614
Iter 340 of 344 Loss: -0.085151, NCC_Loss: -0.088126, Reg: 0.002975
Epoch 319 Loss: -0.078093
Epoch 319 Validation: Mean EPE: 7.2729, Mean SSIM: 0.1851, Mean ZNCC: -0.0372
Epoch 320 starts
Iter 10 of 344 Loss: -0.074519, NCC_Loss: -0.077482, Reg: 0.002964
Iter 20 of 344 Loss: -0.071900, NCC_Loss: -0.075040, Reg: 0.003141
Iter 30 of 344 Loss: -0.079218, NCC_Loss: -0.082278, Reg: 0.003060
Iter 40 of 344 Loss: -0.073592, NCC_Loss: -0.076186, Reg: 0.002594
Iter 50 of 344 Loss: -0.090673, NCC_Loss: -0.093381, Reg: 0.002708
Iter 60 of 344 Loss: -0.080969, NCC_Loss: -0.083562, Reg: 0.002593
Iter 70 of 344 Loss: -0.084496, NCC_Loss: -0.087506, Reg: 0.003010
Iter 80 of 344 Loss: -0.084389, NCC_Loss: -0.087300, Reg: 0.002911
Iter 90 of 344 Loss: -0.080185, NCC_Loss: -0.082904, Reg: 0.002720
Iter 100 of 344 Loss: -0.076962, NCC_Loss: -0.079780, Reg: 0.002818
Iter 110 of 344 Loss: -0.082257, NCC_Loss: -0.085285, Reg: 0.003028
Iter 120 of 344 Loss: -0.080750, NCC_Loss: -0.083637, Reg: 0.002887
Iter 130 of 344 Loss: -0.081042, NCC_Loss: -0.084063, Reg: 0.003021
Iter 140 of 344 Loss: -0.082708, NCC_Loss: -0.086082, Reg: 0.003374
Iter 150 of 344 Loss: -0.081656, NCC_Loss: -0.084455, Reg: 0.002799
Iter 160 of 344 Loss: -0.080546, NCC_Loss: -0.083576, Reg: 0.003030
Iter 170 of 344 Loss: -0.079092, NCC_Loss: -0.081844, Reg: 0.002751
Iter 180 of 344 Loss: -0.078663, NCC_Loss: -0.081687, Reg: 0.003024
Iter 190 of 344 Loss: -0.074339, NCC_Loss: -0.077112, Reg: 0.002773
Iter 200 of 344 Loss: -0.068074, NCC_Loss: -0.070771, Reg: 0.002697
Iter 210 of 344 Loss: -0.074504, NCC_Loss: -0.077482, Reg: 0.002979
Iter 220 of 344 Loss: -0.080068, NCC_Loss: -0.082523, Reg: 0.002456
Iter 230 of 344 Loss: -0.075179, NCC_Loss: -0.078126, Reg: 0.002947
Iter 240 of 344 Loss: -0.072048, NCC_Loss: -0.075061, Reg: 0.003013
Iter 250 of 344 Loss: -0.083052, NCC_Loss: -0.085898, Reg: 0.002846
Iter 260 of 344 Loss: -0.077748, NCC_Loss: -0.080569, Reg: 0.002822
Iter 270 of 344 Loss: -0.089375, NCC_Loss: -0.092293, Reg: 0.002918
Iter 280 of 344 Loss: -0.072082, NCC_Loss: -0.074957, Reg: 0.002875
Iter 290 of 344 Loss: -0.076234, NCC_Loss: -0.079211, Reg: 0.002978
Iter 300 of 344 Loss: -0.073581, NCC_Loss: -0.076744, Reg: 0.003163
Iter 310 of 344 Loss: -0.071238, NCC_Loss: -0.073968, Reg: 0.002729
Iter 320 of 344 Loss: -0.079781, NCC_Loss: -0.082754, Reg: 0.002973
Iter 330 of 344 Loss: -0.071618, NCC_Loss: -0.074383, Reg: 0.002765
Iter 340 of 344 Loss: -0.075141, NCC_Loss: -0.077912, Reg: 0.002771
Epoch 320 Loss: -0.078107
Epoch 320 Validation: Mean EPE: 7.2729, Mean SSIM: 0.1851, Mean ZNCC: -0.0372
Epoch 321 starts
Iter 10 of 344 Loss: -0.077580, NCC_Loss: -0.080478, Reg: 0.002898
Iter 20 of 344 Loss: -0.081858, NCC_Loss: -0.085136, Reg: 0.003278
Iter 30 of 344 Loss: -0.076197, NCC_Loss: -0.078963, Reg: 0.002766
Iter 40 of 344 Loss: -0.079513, NCC_Loss: -0.082271, Reg: 0.002757
Iter 50 of 344 Loss: -0.074852, NCC_Loss: -0.077500, Reg: 0.002648
Iter 60 of 344 Loss: -0.075401, NCC_Loss: -0.078804, Reg: 0.003403
Iter 70 of 344 Loss: -0.077557, NCC_Loss: -0.080449, Reg: 0.002892
Iter 80 of 344 Loss: -0.081207, NCC_Loss: -0.083837, Reg: 0.002631
Iter 90 of 344 Loss: -0.083747, NCC_Loss: -0.086813, Reg: 0.003067
Iter 100 of 344 Loss: -0.082361, NCC_Loss: -0.085607, Reg: 0.003246
Iter 110 of 344 Loss: -0.076836, NCC_Loss: -0.080061, Reg: 0.003224
Iter 120 of 344 Loss: -0.082229, NCC_Loss: -0.084890, Reg: 0.002661
Iter 130 of 344 Loss: -0.083641, NCC_Loss: -0.086629, Reg: 0.002988
Iter 140 of 344 Loss: -0.075397, NCC_Loss: -0.078651, Reg: 0.003254
Iter 150 of 344 Loss: -0.072883, NCC_Loss: -0.075611, Reg: 0.002729
Iter 160 of 344 Loss: -0.079871, NCC_Loss: -0.082793, Reg: 0.002922
Iter 170 of 344 Loss: -0.076625, NCC_Loss: -0.079677, Reg: 0.003052
Iter 180 of 344 Loss: -0.070933, NCC_Loss: -0.073971, Reg: 0.003038
Iter 190 of 344 Loss: -0.078521, NCC_Loss: -0.081657, Reg: 0.003135
Iter 200 of 344 Loss: -0.077159, NCC_Loss: -0.080188, Reg: 0.003029
Iter 210 of 344 Loss: -0.071247, NCC_Loss: -0.074095, Reg: 0.002848
Iter 220 of 344 Loss: -0.078660, NCC_Loss: -0.082284, Reg: 0.003624
Iter 230 of 344 Loss: -0.074915, NCC_Loss: -0.077875, Reg: 0.002960
Iter 240 of 344 Loss: -0.080107, NCC_Loss: -0.082775, Reg: 0.002668
Iter 250 of 344 Loss: -0.078397, NCC_Loss: -0.081635, Reg: 0.003238
Iter 260 of 344 Loss: -0.085609, NCC_Loss: -0.088534, Reg: 0.002926
Iter 270 of 344 Loss: -0.075244, NCC_Loss: -0.078328, Reg: 0.003084
Iter 280 of 344 Loss: -0.078540, NCC_Loss: -0.081483, Reg: 0.002943
Iter 290 of 344 Loss: -0.081723, NCC_Loss: -0.084736, Reg: 0.003012
Iter 300 of 344 Loss: -0.080301, NCC_Loss: -0.083502, Reg: 0.003201
Iter 310 of 344 Loss: -0.073625, NCC_Loss: -0.076720, Reg: 0.003094
Iter 320 of 344 Loss: -0.076834, NCC_Loss: -0.079873, Reg: 0.003039
Iter 330 of 344 Loss: -0.082891, NCC_Loss: -0.086029, Reg: 0.003138
Iter 340 of 344 Loss: -0.078665, NCC_Loss: -0.081712, Reg: 0.003047
Epoch 321 Loss: -0.078112
Epoch 321 Validation: Mean EPE: 7.2729, Mean SSIM: 0.1851, Mean ZNCC: -0.0372
Epoch 322 starts
Iter 10 of 344 Loss: -0.081886, NCC_Loss: -0.084488, Reg: 0.002602
Iter 20 of 344 Loss: -0.079199, NCC_Loss: -0.082119, Reg: 0.002919
Iter 30 of 344 Loss: -0.081996, NCC_Loss: -0.084745, Reg: 0.002748
Iter 40 of 344 Loss: -0.074505, NCC_Loss: -0.077355, Reg: 0.002850
Iter 50 of 344 Loss: -0.080983, NCC_Loss: -0.083970, Reg: 0.002988
Iter 60 of 344 Loss: -0.075377, NCC_Loss: -0.078284, Reg: 0.002907
Iter 70 of 344 Loss: -0.076838, NCC_Loss: -0.079928, Reg: 0.003090
Iter 80 of 344 Loss: -0.077253, NCC_Loss: -0.080196, Reg: 0.002943
Iter 90 of 344 Loss: -0.075648, NCC_Loss: -0.078441, Reg: 0.002793
Iter 100 of 344 Loss: -0.073827, NCC_Loss: -0.077019, Reg: 0.003192
Iter 110 of 344 Loss: -0.074427, NCC_Loss: -0.077420, Reg: 0.002993
Iter 120 of 344 Loss: -0.077468, NCC_Loss: -0.080488, Reg: 0.003021
Iter 130 of 344 Loss: -0.079665, NCC_Loss: -0.082706, Reg: 0.003041
Iter 140 of 344 Loss: -0.078412, NCC_Loss: -0.081384, Reg: 0.002972
Iter 150 of 344 Loss: -0.080207, NCC_Loss: -0.082997, Reg: 0.002790
Iter 160 of 344 Loss: -0.071103, NCC_Loss: -0.074200, Reg: 0.003096
Iter 170 of 344 Loss: -0.084155, NCC_Loss: -0.086907, Reg: 0.002752
Iter 180 of 344 Loss: -0.075973, NCC_Loss: -0.078789, Reg: 0.002815
Iter 190 of 344 Loss: -0.081514, NCC_Loss: -0.084517, Reg: 0.003003
Iter 200 of 344 Loss: -0.077511, NCC_Loss: -0.080270, Reg: 0.002759
Iter 210 of 344 Loss: -0.077303, NCC_Loss: -0.080417, Reg: 0.003114
Iter 220 of 344 Loss: -0.085962, NCC_Loss: -0.088947, Reg: 0.002985
Iter 230 of 344 Loss: -0.069877, NCC_Loss: -0.072478, Reg: 0.002602
Iter 240 of 344 Loss: -0.071676, NCC_Loss: -0.074792, Reg: 0.003116
Iter 250 of 344 Loss: -0.081526, NCC_Loss: -0.084602, Reg: 0.003076
Iter 260 of 344 Loss: -0.086951, NCC_Loss: -0.089862, Reg: 0.002912
Iter 270 of 344 Loss: -0.086639, NCC_Loss: -0.089266, Reg: 0.002627
Iter 280 of 344 Loss: -0.076027, NCC_Loss: -0.078606, Reg: 0.002579
Iter 290 of 344 Loss: -0.081210, NCC_Loss: -0.084279, Reg: 0.003070
Iter 300 of 344 Loss: -0.084106, NCC_Loss: -0.087140, Reg: 0.003034
Iter 310 of 344 Loss: -0.080926, NCC_Loss: -0.083947, Reg: 0.003021
Iter 320 of 344 Loss: -0.080552, NCC_Loss: -0.083345, Reg: 0.002793
Iter 330 of 344 Loss: -0.077426, NCC_Loss: -0.080253, Reg: 0.002828
Iter 340 of 344 Loss: -0.085100, NCC_Loss: -0.088023, Reg: 0.002923
Epoch 322 Loss: -0.078105
Epoch 322 Validation: Mean EPE: 7.2731, Mean SSIM: 0.1851, Mean ZNCC: -0.0373
Epoch 323 starts
Iter 10 of 344 Loss: -0.071686, NCC_Loss: -0.074988, Reg: 0.003301
Iter 20 of 344 Loss: -0.070753, NCC_Loss: -0.073735, Reg: 0.002982
Iter 30 of 344 Loss: -0.078590, NCC_Loss: -0.081602, Reg: 0.003012
Iter 40 of 344 Loss: -0.080515, NCC_Loss: -0.083620, Reg: 0.003105
Iter 50 of 344 Loss: -0.075567, NCC_Loss: -0.078249, Reg: 0.002682
Iter 60 of 344 Loss: -0.079613, NCC_Loss: -0.082576, Reg: 0.002963
Iter 70 of 344 Loss: -0.081449, NCC_Loss: -0.084849, Reg: 0.003401
Iter 80 of 344 Loss: -0.083255, NCC_Loss: -0.086115, Reg: 0.002861
Iter 90 of 344 Loss: -0.081201, NCC_Loss: -0.084284, Reg: 0.003083
Iter 100 of 344 Loss: -0.085290, NCC_Loss: -0.088380, Reg: 0.003090
Iter 110 of 344 Loss: -0.075310, NCC_Loss: -0.078768, Reg: 0.003458
Iter 120 of 344 Loss: -0.079692, NCC_Loss: -0.082907, Reg: 0.003215
Iter 130 of 344 Loss: -0.079936, NCC_Loss: -0.082710, Reg: 0.002774
Iter 140 of 344 Loss: -0.078671, NCC_Loss: -0.081686, Reg: 0.003015
Iter 150 of 344 Loss: -0.073378, NCC_Loss: -0.076673, Reg: 0.003295
Iter 160 of 344 Loss: -0.077570, NCC_Loss: -0.080245, Reg: 0.002674
Iter 170 of 344 Loss: -0.074544, NCC_Loss: -0.077285, Reg: 0.002741
Iter 180 of 344 Loss: -0.075459, NCC_Loss: -0.078244, Reg: 0.002785
Iter 190 of 344 Loss: -0.084061, NCC_Loss: -0.086585, Reg: 0.002524
Iter 200 of 344 Loss: -0.076060, NCC_Loss: -0.078912, Reg: 0.002852
Iter 210 of 344 Loss: -0.079003, NCC_Loss: -0.081961, Reg: 0.002958
Iter 220 of 344 Loss: -0.075094, NCC_Loss: -0.077936, Reg: 0.002842
Iter 230 of 344 Loss: -0.075800, NCC_Loss: -0.078922, Reg: 0.003123
Iter 240 of 344 Loss: -0.074196, NCC_Loss: -0.077429, Reg: 0.003233
Iter 250 of 344 Loss: -0.083019, NCC_Loss: -0.085988, Reg: 0.002969
Iter 260 of 344 Loss: -0.075710, NCC_Loss: -0.078742, Reg: 0.003031
Iter 270 of 344 Loss: -0.075942, NCC_Loss: -0.079107, Reg: 0.003164
Iter 280 of 344 Loss: -0.080959, NCC_Loss: -0.083714, Reg: 0.002755
Iter 290 of 344 Loss: -0.079777, NCC_Loss: -0.082762, Reg: 0.002985
Iter 300 of 344 Loss: -0.072577, NCC_Loss: -0.075360, Reg: 0.002783
Iter 310 of 344 Loss: -0.077647, NCC_Loss: -0.080488, Reg: 0.002841
Iter 320 of 344 Loss: -0.077578, NCC_Loss: -0.080712, Reg: 0.003134
Iter 330 of 344 Loss: -0.072839, NCC_Loss: -0.075783, Reg: 0.002944
Iter 340 of 344 Loss: -0.077602, NCC_Loss: -0.080182, Reg: 0.002580
Epoch 323 Loss: -0.078042
Epoch 323 Validation: Mean EPE: 7.2731, Mean SSIM: 0.1851, Mean ZNCC: -0.0373
Epoch 324 starts
Iter 10 of 344 Loss: -0.078251, NCC_Loss: -0.081082, Reg: 0.002830
Iter 20 of 344 Loss: -0.074845, NCC_Loss: -0.077768, Reg: 0.002923
Iter 30 of 344 Loss: -0.072355, NCC_Loss: -0.075278, Reg: 0.002923
Iter 40 of 344 Loss: -0.078021, NCC_Loss: -0.080854, Reg: 0.002833
Iter 50 of 344 Loss: -0.074637, NCC_Loss: -0.078037, Reg: 0.003400
Iter 60 of 344 Loss: -0.085689, NCC_Loss: -0.088289, Reg: 0.002599
Iter 70 of 344 Loss: -0.077201, NCC_Loss: -0.080293, Reg: 0.003092
Iter 80 of 344 Loss: -0.076788, NCC_Loss: -0.080081, Reg: 0.003293
Iter 90 of 344 Loss: -0.080662, NCC_Loss: -0.083748, Reg: 0.003086
Iter 100 of 344 Loss: -0.068496, NCC_Loss: -0.071122, Reg: 0.002625
Iter 110 of 344 Loss: -0.084217, NCC_Loss: -0.087898, Reg: 0.003680
Iter 120 of 344 Loss: -0.071900, NCC_Loss: -0.075334, Reg: 0.003434
Iter 130 of 344 Loss: -0.081915, NCC_Loss: -0.084668, Reg: 0.002753
Iter 140 of 344 Loss: -0.077453, NCC_Loss: -0.080145, Reg: 0.002692
Iter 150 of 344 Loss: -0.074051, NCC_Loss: -0.077218, Reg: 0.003167
Iter 160 of 344 Loss: -0.080021, NCC_Loss: -0.083145, Reg: 0.003124
Iter 170 of 344 Loss: -0.075878, NCC_Loss: -0.078751, Reg: 0.002873
Iter 180 of 344 Loss: -0.080225, NCC_Loss: -0.083296, Reg: 0.003071
Iter 190 of 344 Loss: -0.079426, NCC_Loss: -0.082707, Reg: 0.003281
Iter 200 of 344 Loss: -0.080171, NCC_Loss: -0.083353, Reg: 0.003182
Iter 210 of 344 Loss: -0.075105, NCC_Loss: -0.078197, Reg: 0.003093
Iter 220 of 344 Loss: -0.081121, NCC_Loss: -0.084035, Reg: 0.002915
Iter 230 of 344 Loss: -0.076511, NCC_Loss: -0.079570, Reg: 0.003060
Iter 240 of 344 Loss: -0.078639, NCC_Loss: -0.081848, Reg: 0.003208
Iter 250 of 344 Loss: -0.078508, NCC_Loss: -0.081113, Reg: 0.002604
Iter 260 of 344 Loss: -0.081439, NCC_Loss: -0.084422, Reg: 0.002983
Iter 270 of 344 Loss: -0.084639, NCC_Loss: -0.087723, Reg: 0.003084
Iter 280 of 344 Loss: -0.084840, NCC_Loss: -0.087927, Reg: 0.003087
Iter 290 of 344 Loss: -0.082562, NCC_Loss: -0.085404, Reg: 0.002842
Iter 300 of 344 Loss: -0.078984, NCC_Loss: -0.081760, Reg: 0.002775
Iter 310 of 344 Loss: -0.088381, NCC_Loss: -0.091508, Reg: 0.003127
Iter 320 of 344 Loss: -0.072879, NCC_Loss: -0.076116, Reg: 0.003237
Iter 330 of 344 Loss: -0.074868, NCC_Loss: -0.077753, Reg: 0.002885
Iter 340 of 344 Loss: -0.071103, NCC_Loss: -0.074066, Reg: 0.002964
Epoch 324 Loss: -0.078049
Epoch 324 Validation: Mean EPE: 7.2732, Mean SSIM: 0.1851, Mean ZNCC: -0.0373
Epoch 325 starts
Iter 10 of 344 Loss: -0.077870, NCC_Loss: -0.080624, Reg: 0.002754
Iter 20 of 344 Loss: -0.077144, NCC_Loss: -0.080148, Reg: 0.003004
Iter 30 of 344 Loss: -0.076083, NCC_Loss: -0.079030, Reg: 0.002947
Iter 40 of 344 Loss: -0.077861, NCC_Loss: -0.080740, Reg: 0.002879
Iter 50 of 344 Loss: -0.081448, NCC_Loss: -0.084164, Reg: 0.002716
Iter 60 of 344 Loss: -0.076380, NCC_Loss: -0.079244, Reg: 0.002864
Iter 70 of 344 Loss: -0.086413, NCC_Loss: -0.089312, Reg: 0.002899
Iter 80 of 344 Loss: -0.080765, NCC_Loss: -0.084018, Reg: 0.003253
Iter 90 of 344 Loss: -0.077816, NCC_Loss: -0.080966, Reg: 0.003149
Iter 100 of 344 Loss: -0.073475, NCC_Loss: -0.076135, Reg: 0.002660
Iter 110 of 344 Loss: -0.076897, NCC_Loss: -0.079755, Reg: 0.002858
Iter 120 of 344 Loss: -0.078643, NCC_Loss: -0.081903, Reg: 0.003260
Iter 130 of 344 Loss: -0.079117, NCC_Loss: -0.081858, Reg: 0.002742
Iter 140 of 344 Loss: -0.078528, NCC_Loss: -0.081322, Reg: 0.002795
Iter 150 of 344 Loss: -0.071263, NCC_Loss: -0.074227, Reg: 0.002964
Iter 160 of 344 Loss: -0.072882, NCC_Loss: -0.076013, Reg: 0.003131
Iter 170 of 344 Loss: -0.074527, NCC_Loss: -0.077737, Reg: 0.003210
Iter 180 of 344 Loss: -0.077793, NCC_Loss: -0.080946, Reg: 0.003153
Iter 190 of 344 Loss: -0.080665, NCC_Loss: -0.083594, Reg: 0.002929
Iter 200 of 344 Loss: -0.073850, NCC_Loss: -0.076974, Reg: 0.003124
Iter 210 of 344 Loss: -0.072880, NCC_Loss: -0.075945, Reg: 0.003066
Iter 220 of 344 Loss: -0.077600, NCC_Loss: -0.080585, Reg: 0.002985
Iter 230 of 344 Loss: -0.079647, NCC_Loss: -0.082494, Reg: 0.002847
Iter 240 of 344 Loss: -0.079821, NCC_Loss: -0.082880, Reg: 0.003059
Iter 250 of 344 Loss: -0.071913, NCC_Loss: -0.074643, Reg: 0.002730
Iter 260 of 344 Loss: -0.075175, NCC_Loss: -0.078283, Reg: 0.003109
Iter 270 of 344 Loss: -0.073716, NCC_Loss: -0.076779, Reg: 0.003063
Iter 280 of 344 Loss: -0.072778, NCC_Loss: -0.075786, Reg: 0.003008
Iter 290 of 344 Loss: -0.075739, NCC_Loss: -0.078330, Reg: 0.002590
Iter 300 of 344 Loss: -0.077075, NCC_Loss: -0.080016, Reg: 0.002941
Iter 310 of 344 Loss: -0.079378, NCC_Loss: -0.082462, Reg: 0.003084
Iter 320 of 344 Loss: -0.079064, NCC_Loss: -0.081837, Reg: 0.002773
Iter 330 of 344 Loss: -0.081488, NCC_Loss: -0.084308, Reg: 0.002821
Iter 340 of 344 Loss: -0.075603, NCC_Loss: -0.078455, Reg: 0.002852
Epoch 325 Loss: -0.078058
Epoch 325 Validation: Mean EPE: 7.2732, Mean SSIM: 0.1851, Mean ZNCC: -0.0373
Epoch 326 starts
Iter 10 of 344 Loss: -0.076481, NCC_Loss: -0.079462, Reg: 0.002981
Iter 20 of 344 Loss: -0.076130, NCC_Loss: -0.079357, Reg: 0.003227
Iter 30 of 344 Loss: -0.070900, NCC_Loss: -0.073485, Reg: 0.002585
Iter 40 of 344 Loss: -0.075907, NCC_Loss: -0.078968, Reg: 0.003061
Iter 50 of 344 Loss: -0.082532, NCC_Loss: -0.085855, Reg: 0.003324
Iter 60 of 344 Loss: -0.075465, NCC_Loss: -0.078811, Reg: 0.003346
Iter 70 of 344 Loss: -0.079034, NCC_Loss: -0.082329, Reg: 0.003295
Iter 80 of 344 Loss: -0.076888, NCC_Loss: -0.079656, Reg: 0.002768
Iter 90 of 344 Loss: -0.079051, NCC_Loss: -0.081945, Reg: 0.002894
Iter 100 of 344 Loss: -0.078163, NCC_Loss: -0.080949, Reg: 0.002786
Iter 110 of 344 Loss: -0.076099, NCC_Loss: -0.079370, Reg: 0.003272
Iter 120 of 344 Loss: -0.078387, NCC_Loss: -0.081366, Reg: 0.002979
Iter 130 of 344 Loss: -0.075778, NCC_Loss: -0.078764, Reg: 0.002986
Iter 140 of 344 Loss: -0.073955, NCC_Loss: -0.077233, Reg: 0.003278
Iter 150 of 344 Loss: -0.077018, NCC_Loss: -0.079607, Reg: 0.002590
Iter 160 of 344 Loss: -0.084155, NCC_Loss: -0.087197, Reg: 0.003042
Iter 170 of 344 Loss: -0.080731, NCC_Loss: -0.084145, Reg: 0.003415
Iter 180 of 344 Loss: -0.075317, NCC_Loss: -0.078381, Reg: 0.003064
Iter 190 of 344 Loss: -0.077650, NCC_Loss: -0.080729, Reg: 0.003079
Iter 200 of 344 Loss: -0.076771, NCC_Loss: -0.079650, Reg: 0.002880
Iter 210 of 344 Loss: -0.074429, NCC_Loss: -0.077430, Reg: 0.003001
Iter 220 of 344 Loss: -0.073479, NCC_Loss: -0.076527, Reg: 0.003048
Iter 230 of 344 Loss: -0.078867, NCC_Loss: -0.081804, Reg: 0.002937
Iter 240 of 344 Loss: -0.077582, NCC_Loss: -0.080752, Reg: 0.003171
Iter 250 of 344 Loss: -0.080672, NCC_Loss: -0.083757, Reg: 0.003085
Iter 260 of 344 Loss: -0.084110, NCC_Loss: -0.087226, Reg: 0.003116
Iter 270 of 344 Loss: -0.078013, NCC_Loss: -0.080863, Reg: 0.002850
Iter 280 of 344 Loss: -0.076139, NCC_Loss: -0.079075, Reg: 0.002937
Iter 290 of 344 Loss: -0.079343, NCC_Loss: -0.082174, Reg: 0.002831
Iter 300 of 344 Loss: -0.076332, NCC_Loss: -0.079253, Reg: 0.002921
Iter 310 of 344 Loss: -0.073052, NCC_Loss: -0.076427, Reg: 0.003375
Iter 320 of 344 Loss: -0.080512, NCC_Loss: -0.083370, Reg: 0.002858
Iter 330 of 344 Loss: -0.081850, NCC_Loss: -0.084640, Reg: 0.002790
Iter 340 of 344 Loss: -0.080334, NCC_Loss: -0.083675, Reg: 0.003342
Epoch 326 Loss: -0.078073
Epoch 326 Validation: Mean EPE: 7.2732, Mean SSIM: 0.1852, Mean ZNCC: -0.0373
Epoch 327 starts
Iter 10 of 344 Loss: -0.079515, NCC_Loss: -0.082324, Reg: 0.002809
Iter 20 of 344 Loss: -0.076311, NCC_Loss: -0.079131, Reg: 0.002820
Iter 30 of 344 Loss: -0.076137, NCC_Loss: -0.079045, Reg: 0.002909
Iter 40 of 344 Loss: -0.078291, NCC_Loss: -0.081254, Reg: 0.002963
Iter 50 of 344 Loss: -0.081604, NCC_Loss: -0.084464, Reg: 0.002860
Iter 60 of 344 Loss: -0.073783, NCC_Loss: -0.076947, Reg: 0.003163
Iter 70 of 344 Loss: -0.076772, NCC_Loss: -0.079544, Reg: 0.002772
Iter 80 of 344 Loss: -0.084385, NCC_Loss: -0.087333, Reg: 0.002948
Iter 90 of 344 Loss: -0.075786, NCC_Loss: -0.078783, Reg: 0.002997
Iter 100 of 344 Loss: -0.077823, NCC_Loss: -0.080686, Reg: 0.002863
Iter 110 of 344 Loss: -0.077422, NCC_Loss: -0.080201, Reg: 0.002779
Iter 120 of 344 Loss: -0.080398, NCC_Loss: -0.083413, Reg: 0.003015
Iter 130 of 344 Loss: -0.079065, NCC_Loss: -0.081992, Reg: 0.002927
Iter 140 of 344 Loss: -0.079922, NCC_Loss: -0.082835, Reg: 0.002913
Iter 150 of 344 Loss: -0.077579, NCC_Loss: -0.080701, Reg: 0.003123
Iter 160 of 344 Loss: -0.084453, NCC_Loss: -0.087487, Reg: 0.003033
Iter 170 of 344 Loss: -0.076223, NCC_Loss: -0.079379, Reg: 0.003157
Iter 180 of 344 Loss: -0.079090, NCC_Loss: -0.082202, Reg: 0.003112
Iter 190 of 344 Loss: -0.073187, NCC_Loss: -0.076434, Reg: 0.003246
Iter 200 of 344 Loss: -0.077912, NCC_Loss: -0.081227, Reg: 0.003315
Iter 210 of 344 Loss: -0.082028, NCC_Loss: -0.084718, Reg: 0.002689
Iter 220 of 344 Loss: -0.076457, NCC_Loss: -0.080067, Reg: 0.003610
Iter 230 of 344 Loss: -0.078926, NCC_Loss: -0.081781, Reg: 0.002856
Iter 240 of 344 Loss: -0.074830, NCC_Loss: -0.077835, Reg: 0.003005
Iter 250 of 344 Loss: -0.079972, NCC_Loss: -0.083047, Reg: 0.003074
Iter 260 of 344 Loss: -0.080365, NCC_Loss: -0.083551, Reg: 0.003187
Iter 270 of 344 Loss: -0.076918, NCC_Loss: -0.080221, Reg: 0.003303
Iter 280 of 344 Loss: -0.080461, NCC_Loss: -0.083581, Reg: 0.003120
Iter 290 of 344 Loss: -0.074404, NCC_Loss: -0.077366, Reg: 0.002962
Iter 300 of 344 Loss: -0.080724, NCC_Loss: -0.083838, Reg: 0.003114
Iter 310 of 344 Loss: -0.077533, NCC_Loss: -0.080557, Reg: 0.003024
Iter 320 of 344 Loss: -0.075521, NCC_Loss: -0.078434, Reg: 0.002913
Iter 330 of 344 Loss: -0.072771, NCC_Loss: -0.075560, Reg: 0.002788
Iter 340 of 344 Loss: -0.074480, NCC_Loss: -0.077448, Reg: 0.002968
Epoch 327 Loss: -0.078073
Epoch 327 Validation: Mean EPE: 7.2733, Mean SSIM: 0.1852, Mean ZNCC: -0.0374
Epoch 328 starts
Iter 10 of 344 Loss: -0.081018, NCC_Loss: -0.084134, Reg: 0.003116
Iter 20 of 344 Loss: -0.070013, NCC_Loss: -0.073054, Reg: 0.003041
Iter 30 of 344 Loss: -0.077447, NCC_Loss: -0.080489, Reg: 0.003043
Iter 40 of 344 Loss: -0.080566, NCC_Loss: -0.083750, Reg: 0.003184
Iter 50 of 344 Loss: -0.077169, NCC_Loss: -0.080194, Reg: 0.003024
Iter 60 of 344 Loss: -0.082238, NCC_Loss: -0.085147, Reg: 0.002909
Iter 70 of 344 Loss: -0.076433, NCC_Loss: -0.079105, Reg: 0.002672
Iter 80 of 344 Loss: -0.072810, NCC_Loss: -0.076128, Reg: 0.003318
Iter 90 of 344 Loss: -0.083116, NCC_Loss: -0.086071, Reg: 0.002955
Iter 100 of 344 Loss: -0.079214, NCC_Loss: -0.082542, Reg: 0.003328
Iter 110 of 344 Loss: -0.080957, NCC_Loss: -0.084061, Reg: 0.003104
Iter 120 of 344 Loss: -0.075214, NCC_Loss: -0.078323, Reg: 0.003110
Iter 130 of 344 Loss: -0.069446, NCC_Loss: -0.072846, Reg: 0.003400
Iter 140 of 344 Loss: -0.085669, NCC_Loss: -0.088673, Reg: 0.003003
Iter 150 of 344 Loss: -0.073886, NCC_Loss: -0.076426, Reg: 0.002540
Iter 160 of 344 Loss: -0.078043, NCC_Loss: -0.081008, Reg: 0.002966
Iter 170 of 344 Loss: -0.083807, NCC_Loss: -0.087205, Reg: 0.003398
Iter 180 of 344 Loss: -0.072083, NCC_Loss: -0.075024, Reg: 0.002942
Iter 190 of 344 Loss: -0.083270, NCC_Loss: -0.086232, Reg: 0.002963
Iter 200 of 344 Loss: -0.070686, NCC_Loss: -0.073267, Reg: 0.002581
Iter 210 of 344 Loss: -0.077049, NCC_Loss: -0.079939, Reg: 0.002890
Iter 220 of 344 Loss: -0.089471, NCC_Loss: -0.093256, Reg: 0.003785
Iter 230 of 344 Loss: -0.075462, NCC_Loss: -0.078410, Reg: 0.002947
Iter 240 of 344 Loss: -0.082833, NCC_Loss: -0.086067, Reg: 0.003234
Iter 250 of 344 Loss: -0.075679, NCC_Loss: -0.078382, Reg: 0.002703
Iter 260 of 344 Loss: -0.077304, NCC_Loss: -0.080505, Reg: 0.003200
Iter 270 of 344 Loss: -0.082070, NCC_Loss: -0.084836, Reg: 0.002766
Iter 280 of 344 Loss: -0.084236, NCC_Loss: -0.087786, Reg: 0.003550
Iter 290 of 344 Loss: -0.075527, NCC_Loss: -0.078354, Reg: 0.002827
Iter 300 of 344 Loss: -0.073755, NCC_Loss: -0.076566, Reg: 0.002810
Iter 310 of 344 Loss: -0.077144, NCC_Loss: -0.080251, Reg: 0.003107
Iter 320 of 344 Loss: -0.078040, NCC_Loss: -0.080825, Reg: 0.002785
Iter 330 of 344 Loss: -0.082733, NCC_Loss: -0.085628, Reg: 0.002895
Iter 340 of 344 Loss: -0.079214, NCC_Loss: -0.082350, Reg: 0.003136
Epoch 328 Loss: -0.078067
Epoch 328 Validation: Mean EPE: 7.2733, Mean SSIM: 0.1852, Mean ZNCC: -0.0374
Epoch 329 starts
Iter 10 of 344 Loss: -0.077005, NCC_Loss: -0.080196, Reg: 0.003192
Iter 20 of 344 Loss: -0.075373, NCC_Loss: -0.078546, Reg: 0.003173
Iter 30 of 344 Loss: -0.075514, NCC_Loss: -0.078519, Reg: 0.003005
Iter 40 of 344 Loss: -0.084178, NCC_Loss: -0.087097, Reg: 0.002919
Iter 50 of 344 Loss: -0.073316, NCC_Loss: -0.076270, Reg: 0.002954
Iter 60 of 344 Loss: -0.078712, NCC_Loss: -0.081949, Reg: 0.003237
Iter 70 of 344 Loss: -0.083795, NCC_Loss: -0.086997, Reg: 0.003202
Iter 80 of 344 Loss: -0.078756, NCC_Loss: -0.081960, Reg: 0.003204
Iter 90 of 344 Loss: -0.076045, NCC_Loss: -0.079211, Reg: 0.003166
Iter 100 of 344 Loss: -0.076838, NCC_Loss: -0.079975, Reg: 0.003137
Iter 110 of 344 Loss: -0.079872, NCC_Loss: -0.083027, Reg: 0.003155
Iter 120 of 344 Loss: -0.080053, NCC_Loss: -0.082895, Reg: 0.002842
Iter 130 of 344 Loss: -0.078963, NCC_Loss: -0.081918, Reg: 0.002955
Iter 140 of 344 Loss: -0.079656, NCC_Loss: -0.082818, Reg: 0.003163
Iter 150 of 344 Loss: -0.080908, NCC_Loss: -0.083930, Reg: 0.003022
Iter 160 of 344 Loss: -0.081287, NCC_Loss: -0.084136, Reg: 0.002849
Iter 170 of 344 Loss: -0.079567, NCC_Loss: -0.082600, Reg: 0.003032
Iter 180 of 344 Loss: -0.078502, NCC_Loss: -0.081341, Reg: 0.002838
Iter 190 of 344 Loss: -0.078835, NCC_Loss: -0.081696, Reg: 0.002861
Iter 200 of 344 Loss: -0.077559, NCC_Loss: -0.080841, Reg: 0.003282
Iter 210 of 344 Loss: -0.081849, NCC_Loss: -0.084706, Reg: 0.002858
Iter 220 of 344 Loss: -0.072609, NCC_Loss: -0.075564, Reg: 0.002955
Iter 230 of 344 Loss: -0.073430, NCC_Loss: -0.076070, Reg: 0.002640
Iter 240 of 344 Loss: -0.078744, NCC_Loss: -0.082186, Reg: 0.003442
Iter 250 of 344 Loss: -0.071937, NCC_Loss: -0.075146, Reg: 0.003209
Iter 260 of 344 Loss: -0.076948, NCC_Loss: -0.079863, Reg: 0.002916
Iter 270 of 344 Loss: -0.078838, NCC_Loss: -0.081670, Reg: 0.002832
Iter 280 of 344 Loss: -0.090610, NCC_Loss: -0.093056, Reg: 0.002446
Iter 290 of 344 Loss: -0.085424, NCC_Loss: -0.088211, Reg: 0.002787
Iter 300 of 344 Loss: -0.072399, NCC_Loss: -0.075478, Reg: 0.003080
Iter 310 of 344 Loss: -0.084288, NCC_Loss: -0.087455, Reg: 0.003167
Iter 320 of 344 Loss: -0.082963, NCC_Loss: -0.085731, Reg: 0.002769
Iter 330 of 344 Loss: -0.084272, NCC_Loss: -0.087564, Reg: 0.003292
Iter 340 of 344 Loss: -0.074633, NCC_Loss: -0.077302, Reg: 0.002669
Epoch 329 Loss: -0.078076
Epoch 329 Validation: Mean EPE: 7.2733, Mean SSIM: 0.1852, Mean ZNCC: -0.0373
Epoch 330 starts
Iter 10 of 344 Loss: -0.080370, NCC_Loss: -0.083221, Reg: 0.002851
Iter 20 of 344 Loss: -0.075136, NCC_Loss: -0.078479, Reg: 0.003342
Iter 30 of 344 Loss: -0.079129, NCC_Loss: -0.082376, Reg: 0.003247
Iter 40 of 344 Loss: -0.076777, NCC_Loss: -0.080183, Reg: 0.003407
Iter 50 of 344 Loss: -0.078526, NCC_Loss: -0.082056, Reg: 0.003530
Iter 60 of 344 Loss: -0.080044, NCC_Loss: -0.083070, Reg: 0.003027
Iter 70 of 344 Loss: -0.081691, NCC_Loss: -0.085097, Reg: 0.003406
Iter 80 of 344 Loss: -0.077931, NCC_Loss: -0.081217, Reg: 0.003287
Iter 90 of 344 Loss: -0.069113, NCC_Loss: -0.071804, Reg: 0.002691
Iter 100 of 344 Loss: -0.077057, NCC_Loss: -0.080010, Reg: 0.002954
Iter 110 of 344 Loss: -0.073406, NCC_Loss: -0.076533, Reg: 0.003127
Iter 120 of 344 Loss: -0.075759, NCC_Loss: -0.078753, Reg: 0.002994
Iter 130 of 344 Loss: -0.076937, NCC_Loss: -0.079969, Reg: 0.003032
Iter 140 of 344 Loss: -0.076145, NCC_Loss: -0.079063, Reg: 0.002918
Iter 150 of 344 Loss: -0.076304, NCC_Loss: -0.079479, Reg: 0.003175
Iter 160 of 344 Loss: -0.086462, NCC_Loss: -0.089513, Reg: 0.003051
Iter 170 of 344 Loss: -0.082739, NCC_Loss: -0.085611, Reg: 0.002872
Iter 180 of 344 Loss: -0.092000, NCC_Loss: -0.094932, Reg: 0.002931
Iter 190 of 344 Loss: -0.076761, NCC_Loss: -0.080033, Reg: 0.003272
Iter 200 of 344 Loss: -0.076937, NCC_Loss: -0.079763, Reg: 0.002826
Iter 210 of 344 Loss: -0.075299, NCC_Loss: -0.078425, Reg: 0.003126
Iter 220 of 344 Loss: -0.077746, NCC_Loss: -0.080617, Reg: 0.002871
Iter 230 of 344 Loss: -0.073400, NCC_Loss: -0.076450, Reg: 0.003050
Iter 240 of 344 Loss: -0.079003, NCC_Loss: -0.081971, Reg: 0.002968
Iter 250 of 344 Loss: -0.076928, NCC_Loss: -0.079651, Reg: 0.002723
Iter 260 of 344 Loss: -0.080982, NCC_Loss: -0.083828, Reg: 0.002846
Iter 270 of 344 Loss: -0.072738, NCC_Loss: -0.075364, Reg: 0.002626
Iter 280 of 344 Loss: -0.079950, NCC_Loss: -0.082992, Reg: 0.003042
Iter 290 of 344 Loss: -0.090071, NCC_Loss: -0.093333, Reg: 0.003263
Iter 300 of 344 Loss: -0.082811, NCC_Loss: -0.085897, Reg: 0.003087
Iter 310 of 344 Loss: -0.079741, NCC_Loss: -0.082956, Reg: 0.003216
Iter 320 of 344 Loss: -0.081575, NCC_Loss: -0.084618, Reg: 0.003042
Iter 330 of 344 Loss: -0.071689, NCC_Loss: -0.074485, Reg: 0.002796
Iter 340 of 344 Loss: -0.080262, NCC_Loss: -0.083173, Reg: 0.002911
Epoch 330 Loss: -0.078111
Epoch 330 Validation: Mean EPE: 7.2733, Mean SSIM: 0.1852, Mean ZNCC: -0.0373
Epoch 331 starts
Iter 10 of 344 Loss: -0.071755, NCC_Loss: -0.074602, Reg: 0.002847
Iter 20 of 344 Loss: -0.072642, NCC_Loss: -0.075632, Reg: 0.002990
Iter 30 of 344 Loss: -0.077921, NCC_Loss: -0.080567, Reg: 0.002646
Iter 40 of 344 Loss: -0.073560, NCC_Loss: -0.076572, Reg: 0.003012
Iter 50 of 344 Loss: -0.075998, NCC_Loss: -0.079105, Reg: 0.003107
Iter 60 of 344 Loss: -0.079182, NCC_Loss: -0.082457, Reg: 0.003274
Iter 70 of 344 Loss: -0.080542, NCC_Loss: -0.083576, Reg: 0.003035
Iter 80 of 344 Loss: -0.080553, NCC_Loss: -0.083656, Reg: 0.003102
Iter 90 of 344 Loss: -0.079893, NCC_Loss: -0.082787, Reg: 0.002893
Iter 100 of 344 Loss: -0.073818, NCC_Loss: -0.076916, Reg: 0.003098
Iter 110 of 344 Loss: -0.080973, NCC_Loss: -0.084003, Reg: 0.003030
Iter 120 of 344 Loss: -0.078431, NCC_Loss: -0.081474, Reg: 0.003043
Iter 130 of 344 Loss: -0.078286, NCC_Loss: -0.081206, Reg: 0.002920
Iter 140 of 344 Loss: -0.079273, NCC_Loss: -0.082488, Reg: 0.003215
Iter 150 of 344 Loss: -0.077570, NCC_Loss: -0.080271, Reg: 0.002702
Iter 160 of 344 Loss: -0.081431, NCC_Loss: -0.084357, Reg: 0.002926
Iter 170 of 344 Loss: -0.081145, NCC_Loss: -0.084127, Reg: 0.002981
Iter 180 of 344 Loss: -0.081325, NCC_Loss: -0.084222, Reg: 0.002897
Iter 190 of 344 Loss: -0.073154, NCC_Loss: -0.075845, Reg: 0.002691
Iter 200 of 344 Loss: -0.074388, NCC_Loss: -0.076976, Reg: 0.002587
Iter 210 of 344 Loss: -0.084373, NCC_Loss: -0.087479, Reg: 0.003106
Iter 220 of 344 Loss: -0.084106, NCC_Loss: -0.087533, Reg: 0.003427
Iter 230 of 344 Loss: -0.078702, NCC_Loss: -0.081789, Reg: 0.003086
Iter 240 of 344 Loss: -0.077851, NCC_Loss: -0.081011, Reg: 0.003160
Iter 250 of 344 Loss: -0.084115, NCC_Loss: -0.087124, Reg: 0.003009
Iter 260 of 344 Loss: -0.070770, NCC_Loss: -0.073709, Reg: 0.002939
Iter 270 of 344 Loss: -0.078384, NCC_Loss: -0.081385, Reg: 0.003002
Iter 280 of 344 Loss: -0.081669, NCC_Loss: -0.084431, Reg: 0.002762
Iter 290 of 344 Loss: -0.082746, NCC_Loss: -0.085865, Reg: 0.003119
Iter 300 of 344 Loss: -0.074490, NCC_Loss: -0.078006, Reg: 0.003515
Iter 310 of 344 Loss: -0.078417, NCC_Loss: -0.081540, Reg: 0.003123
Iter 320 of 344 Loss: -0.076340, NCC_Loss: -0.079396, Reg: 0.003056
Iter 330 of 344 Loss: -0.081177, NCC_Loss: -0.084136, Reg: 0.002959
Iter 340 of 344 Loss: -0.076241, NCC_Loss: -0.079032, Reg: 0.002791
Epoch 331 Loss: -0.078126
Epoch 331 Validation: Mean EPE: 7.2733, Mean SSIM: 0.1852, Mean ZNCC: -0.0373
Epoch 332 starts
Iter 10 of 344 Loss: -0.077283, NCC_Loss: -0.080145, Reg: 0.002863
Iter 20 of 344 Loss: -0.079682, NCC_Loss: -0.082956, Reg: 0.003273
Iter 30 of 344 Loss: -0.074860, NCC_Loss: -0.077907, Reg: 0.003048
Iter 40 of 344 Loss: -0.081495, NCC_Loss: -0.084666, Reg: 0.003171
Iter 50 of 344 Loss: -0.075752, NCC_Loss: -0.078571, Reg: 0.002819
Iter 60 of 344 Loss: -0.082569, NCC_Loss: -0.085559, Reg: 0.002990
Iter 70 of 344 Loss: -0.079660, NCC_Loss: -0.082637, Reg: 0.002977
Iter 80 of 344 Loss: -0.078084, NCC_Loss: -0.081396, Reg: 0.003312
Iter 90 of 344 Loss: -0.086222, NCC_Loss: -0.089283, Reg: 0.003061
Iter 100 of 344 Loss: -0.075181, NCC_Loss: -0.078276, Reg: 0.003095
Iter 110 of 344 Loss: -0.076210, NCC_Loss: -0.079495, Reg: 0.003285
Iter 120 of 344 Loss: -0.079170, NCC_Loss: -0.081862, Reg: 0.002693
Iter 130 of 344 Loss: -0.082806, NCC_Loss: -0.085657, Reg: 0.002851
Iter 140 of 344 Loss: -0.086918, NCC_Loss: -0.089836, Reg: 0.002918
Iter 150 of 344 Loss: -0.068096, NCC_Loss: -0.070865, Reg: 0.002769
Iter 160 of 344 Loss: -0.075104, NCC_Loss: -0.078282, Reg: 0.003179
Iter 170 of 344 Loss: -0.081377, NCC_Loss: -0.084443, Reg: 0.003067
Iter 180 of 344 Loss: -0.081741, NCC_Loss: -0.084765, Reg: 0.003023
Iter 190 of 344 Loss: -0.078313, NCC_Loss: -0.081294, Reg: 0.002981
Iter 200 of 344 Loss: -0.082173, NCC_Loss: -0.085145, Reg: 0.002973
Iter 210 of 344 Loss: -0.077370, NCC_Loss: -0.080321, Reg: 0.002951
Iter 220 of 344 Loss: -0.075350, NCC_Loss: -0.078135, Reg: 0.002785
Iter 230 of 344 Loss: -0.073062, NCC_Loss: -0.076277, Reg: 0.003216
Iter 240 of 344 Loss: -0.081559, NCC_Loss: -0.084699, Reg: 0.003140
Iter 250 of 344 Loss: -0.079590, NCC_Loss: -0.082504, Reg: 0.002914
Iter 260 of 344 Loss: -0.089079, NCC_Loss: -0.092233, Reg: 0.003154
Iter 270 of 344 Loss: -0.080188, NCC_Loss: -0.083324, Reg: 0.003136
Iter 280 of 344 Loss: -0.079285, NCC_Loss: -0.082194, Reg: 0.002908
Iter 290 of 344 Loss: -0.078860, NCC_Loss: -0.081848, Reg: 0.002988
Iter 300 of 344 Loss: -0.080952, NCC_Loss: -0.083824, Reg: 0.002871
Iter 310 of 344 Loss: -0.086186, NCC_Loss: -0.089814, Reg: 0.003628
Iter 320 of 344 Loss: -0.079795, NCC_Loss: -0.083002, Reg: 0.003206
Iter 330 of 344 Loss: -0.078374, NCC_Loss: -0.081151, Reg: 0.002776
Iter 340 of 344 Loss: -0.076257, NCC_Loss: -0.079119, Reg: 0.002862
Epoch 332 Loss: -0.078141
Epoch 332 Validation: Mean EPE: 7.2734, Mean SSIM: 0.1852, Mean ZNCC: -0.0373
Epoch 333 starts
Iter 10 of 344 Loss: -0.079365, NCC_Loss: -0.082061, Reg: 0.002695
Iter 20 of 344 Loss: -0.072988, NCC_Loss: -0.075823, Reg: 0.002834
Iter 30 of 344 Loss: -0.073598, NCC_Loss: -0.076430, Reg: 0.002832
Iter 40 of 344 Loss: -0.077335, NCC_Loss: -0.080099, Reg: 0.002763
Iter 50 of 344 Loss: -0.083175, NCC_Loss: -0.086279, Reg: 0.003104
Iter 60 of 344 Loss: -0.070675, NCC_Loss: -0.073540, Reg: 0.002866
Iter 70 of 344 Loss: -0.076484, NCC_Loss: -0.079370, Reg: 0.002885
Iter 80 of 344 Loss: -0.077242, NCC_Loss: -0.080438, Reg: 0.003196
Iter 90 of 344 Loss: -0.082512, NCC_Loss: -0.085422, Reg: 0.002911
Iter 100 of 344 Loss: -0.084031, NCC_Loss: -0.086588, Reg: 0.002557
Iter 110 of 344 Loss: -0.079204, NCC_Loss: -0.082161, Reg: 0.002957
Iter 120 of 344 Loss: -0.073553, NCC_Loss: -0.076667, Reg: 0.003115
Iter 130 of 344 Loss: -0.078135, NCC_Loss: -0.080867, Reg: 0.002732
Iter 140 of 344 Loss: -0.073924, NCC_Loss: -0.076724, Reg: 0.002800
Iter 150 of 344 Loss: -0.083442, NCC_Loss: -0.086626, Reg: 0.003184
Iter 160 of 344 Loss: -0.075411, NCC_Loss: -0.078204, Reg: 0.002792
Iter 170 of 344 Loss: -0.078189, NCC_Loss: -0.080876, Reg: 0.002687
Iter 180 of 344 Loss: -0.071786, NCC_Loss: -0.074523, Reg: 0.002737
Iter 190 of 344 Loss: -0.069946, NCC_Loss: -0.072887, Reg: 0.002940
Iter 200 of 344 Loss: -0.075883, NCC_Loss: -0.078957, Reg: 0.003074
Iter 210 of 344 Loss: -0.073393, NCC_Loss: -0.076526, Reg: 0.003134
Iter 220 of 344 Loss: -0.074198, NCC_Loss: -0.076843, Reg: 0.002646
Iter 230 of 344 Loss: -0.074882, NCC_Loss: -0.077786, Reg: 0.002904
Iter 240 of 344 Loss: -0.081438, NCC_Loss: -0.084593, Reg: 0.003156
Iter 250 of 344 Loss: -0.074545, NCC_Loss: -0.077629, Reg: 0.003083
Iter 260 of 344 Loss: -0.072171, NCC_Loss: -0.074872, Reg: 0.002702
Iter 270 of 344 Loss: -0.080314, NCC_Loss: -0.083259, Reg: 0.002944
Iter 280 of 344 Loss: -0.074002, NCC_Loss: -0.077210, Reg: 0.003208
Iter 290 of 344 Loss: -0.077601, NCC_Loss: -0.080309, Reg: 0.002709
Iter 300 of 344 Loss: -0.081565, NCC_Loss: -0.084162, Reg: 0.002598
Iter 310 of 344 Loss: -0.078457, NCC_Loss: -0.081112, Reg: 0.002655
Iter 320 of 344 Loss: -0.070178, NCC_Loss: -0.073177, Reg: 0.002998
Iter 330 of 344 Loss: -0.078446, NCC_Loss: -0.081766, Reg: 0.003320
Iter 340 of 344 Loss: -0.073878, NCC_Loss: -0.076998, Reg: 0.003120
Epoch 333 Loss: -0.078149
Epoch 333 Validation: Mean EPE: 7.2734, Mean SSIM: 0.1853, Mean ZNCC: -0.0373
Epoch 334 starts
Iter 10 of 344 Loss: -0.081237, NCC_Loss: -0.084090, Reg: 0.002853
Iter 20 of 344 Loss: -0.084484, NCC_Loss: -0.087538, Reg: 0.003055
Iter 30 of 344 Loss: -0.081437, NCC_Loss: -0.084502, Reg: 0.003065
Iter 40 of 344 Loss: -0.074022, NCC_Loss: -0.076782, Reg: 0.002760
Iter 50 of 344 Loss: -0.081249, NCC_Loss: -0.084284, Reg: 0.003035
Iter 60 of 344 Loss: -0.073603, NCC_Loss: -0.076616, Reg: 0.003013
Iter 70 of 344 Loss: -0.077385, NCC_Loss: -0.080132, Reg: 0.002747
Iter 80 of 344 Loss: -0.077453, NCC_Loss: -0.080549, Reg: 0.003096
Iter 90 of 344 Loss: -0.077627, NCC_Loss: -0.080952, Reg: 0.003324
Iter 100 of 344 Loss: -0.081491, NCC_Loss: -0.084931, Reg: 0.003439
Iter 110 of 344 Loss: -0.081272, NCC_Loss: -0.084125, Reg: 0.002853
Iter 120 of 344 Loss: -0.080195, NCC_Loss: -0.083289, Reg: 0.003094
Iter 130 of 344 Loss: -0.074654, NCC_Loss: -0.077467, Reg: 0.002813
Iter 140 of 344 Loss: -0.075433, NCC_Loss: -0.077970, Reg: 0.002537
Iter 150 of 344 Loss: -0.076790, NCC_Loss: -0.080402, Reg: 0.003612
Iter 160 of 344 Loss: -0.076123, NCC_Loss: -0.078707, Reg: 0.002584
Iter 170 of 344 Loss: -0.082760, NCC_Loss: -0.085499, Reg: 0.002739
Iter 180 of 344 Loss: -0.075445, NCC_Loss: -0.078126, Reg: 0.002681
Iter 190 of 344 Loss: -0.076336, NCC_Loss: -0.079319, Reg: 0.002982
Iter 200 of 344 Loss: -0.076988, NCC_Loss: -0.079540, Reg: 0.002552
Iter 210 of 344 Loss: -0.088106, NCC_Loss: -0.091100, Reg: 0.002994
Iter 220 of 344 Loss: -0.080963, NCC_Loss: -0.084929, Reg: 0.003965
Iter 230 of 344 Loss: -0.078098, NCC_Loss: -0.080938, Reg: 0.002840
Iter 240 of 344 Loss: -0.074846, NCC_Loss: -0.077632, Reg: 0.002786
Iter 250 of 344 Loss: -0.083929, NCC_Loss: -0.086624, Reg: 0.002695
Iter 260 of 344 Loss: -0.078204, NCC_Loss: -0.081163, Reg: 0.002959
Iter 270 of 344 Loss: -0.075456, NCC_Loss: -0.078401, Reg: 0.002945
Iter 280 of 344 Loss: -0.074665, NCC_Loss: -0.077589, Reg: 0.002924
Iter 290 of 344 Loss: -0.082189, NCC_Loss: -0.085240, Reg: 0.003050
Iter 300 of 344 Loss: -0.086822, NCC_Loss: -0.090008, Reg: 0.003186
Iter 310 of 344 Loss: -0.078068, NCC_Loss: -0.081353, Reg: 0.003285
Iter 320 of 344 Loss: -0.081283, NCC_Loss: -0.084724, Reg: 0.003441
Iter 330 of 344 Loss: -0.074049, NCC_Loss: -0.077070, Reg: 0.003020
Iter 340 of 344 Loss: -0.073749, NCC_Loss: -0.076534, Reg: 0.002786
Epoch 334 Loss: -0.078160
Epoch 334 Validation: Mean EPE: 7.2734, Mean SSIM: 0.1853, Mean ZNCC: -0.0373
Epoch 335 starts
Iter 10 of 344 Loss: -0.075910, NCC_Loss: -0.078607, Reg: 0.002697
Iter 20 of 344 Loss: -0.072523, NCC_Loss: -0.075258, Reg: 0.002735
Iter 30 of 344 Loss: -0.079009, NCC_Loss: -0.082038, Reg: 0.003029
Iter 40 of 344 Loss: -0.080847, NCC_Loss: -0.083836, Reg: 0.002990
Iter 50 of 344 Loss: -0.082403, NCC_Loss: -0.085367, Reg: 0.002964
Iter 60 of 344 Loss: -0.076134, NCC_Loss: -0.078888, Reg: 0.002754
Iter 70 of 344 Loss: -0.073828, NCC_Loss: -0.076687, Reg: 0.002858
Iter 80 of 344 Loss: -0.082167, NCC_Loss: -0.085100, Reg: 0.002933
Iter 90 of 344 Loss: -0.076149, NCC_Loss: -0.078863, Reg: 0.002713
Iter 100 of 344 Loss: -0.080340, NCC_Loss: -0.083435, Reg: 0.003094
Iter 110 of 344 Loss: -0.075409, NCC_Loss: -0.078486, Reg: 0.003077
Iter 120 of 344 Loss: -0.072362, NCC_Loss: -0.074953, Reg: 0.002591
Iter 130 of 344 Loss: -0.080022, NCC_Loss: -0.083224, Reg: 0.003201
Iter 140 of 344 Loss: -0.075658, NCC_Loss: -0.078345, Reg: 0.002687
Iter 150 of 344 Loss: -0.077010, NCC_Loss: -0.079736, Reg: 0.002725
Iter 160 of 344 Loss: -0.079777, NCC_Loss: -0.082597, Reg: 0.002821
Iter 170 of 344 Loss: -0.079419, NCC_Loss: -0.082175, Reg: 0.002757
Iter 180 of 344 Loss: -0.071948, NCC_Loss: -0.074853, Reg: 0.002905
Iter 190 of 344 Loss: -0.075936, NCC_Loss: -0.078536, Reg: 0.002599
Iter 200 of 344 Loss: -0.074510, NCC_Loss: -0.077537, Reg: 0.003027
Iter 210 of 344 Loss: -0.079247, NCC_Loss: -0.082116, Reg: 0.002869
Iter 220 of 344 Loss: -0.077008, NCC_Loss: -0.079962, Reg: 0.002954
Iter 230 of 344 Loss: -0.076087, NCC_Loss: -0.078871, Reg: 0.002784
Iter 240 of 344 Loss: -0.074191, NCC_Loss: -0.076934, Reg: 0.002743
Iter 250 of 344 Loss: -0.083249, NCC_Loss: -0.086579, Reg: 0.003330
Iter 260 of 344 Loss: -0.077116, NCC_Loss: -0.079972, Reg: 0.002856
Iter 270 of 344 Loss: -0.072238, NCC_Loss: -0.074906, Reg: 0.002668
Iter 280 of 344 Loss: -0.082477, NCC_Loss: -0.085270, Reg: 0.002793
Iter 290 of 344 Loss: -0.081449, NCC_Loss: -0.084384, Reg: 0.002935
Iter 300 of 344 Loss: -0.072348, NCC_Loss: -0.075549, Reg: 0.003201
Iter 310 of 344 Loss: -0.072315, NCC_Loss: -0.075099, Reg: 0.002784
Iter 320 of 344 Loss: -0.079149, NCC_Loss: -0.082051, Reg: 0.002902
Iter 330 of 344 Loss: -0.081341, NCC_Loss: -0.084433, Reg: 0.003092
Iter 340 of 344 Loss: -0.073897, NCC_Loss: -0.077252, Reg: 0.003355
Epoch 335 Loss: -0.078172
Epoch 335 Validation: Mean EPE: 7.2734, Mean SSIM: 0.1853, Mean ZNCC: -0.0373
Epoch 336 starts
Iter 10 of 344 Loss: -0.084864, NCC_Loss: -0.087885, Reg: 0.003021
Iter 20 of 344 Loss: -0.070470, NCC_Loss: -0.073376, Reg: 0.002906
Iter 30 of 344 Loss: -0.085748, NCC_Loss: -0.088620, Reg: 0.002872
Iter 40 of 344 Loss: -0.075010, NCC_Loss: -0.077732, Reg: 0.002722
Iter 50 of 344 Loss: -0.083484, NCC_Loss: -0.086323, Reg: 0.002839
Iter 60 of 344 Loss: -0.078381, NCC_Loss: -0.081485, Reg: 0.003105
Iter 70 of 344 Loss: -0.075898, NCC_Loss: -0.078945, Reg: 0.003048
Iter 80 of 344 Loss: -0.069971, NCC_Loss: -0.073294, Reg: 0.003323
Iter 90 of 344 Loss: -0.075642, NCC_Loss: -0.078360, Reg: 0.002718
Iter 100 of 344 Loss: -0.080591, NCC_Loss: -0.083524, Reg: 0.002933
Iter 110 of 344 Loss: -0.085676, NCC_Loss: -0.088388, Reg: 0.002712
Iter 120 of 344 Loss: -0.082004, NCC_Loss: -0.085342, Reg: 0.003338
Iter 130 of 344 Loss: -0.073480, NCC_Loss: -0.076220, Reg: 0.002740
Iter 140 of 344 Loss: -0.075843, NCC_Loss: -0.078577, Reg: 0.002734
Iter 150 of 344 Loss: -0.079330, NCC_Loss: -0.082012, Reg: 0.002682
Iter 160 of 344 Loss: -0.080163, NCC_Loss: -0.082968, Reg: 0.002806
Iter 170 of 344 Loss: -0.076339, NCC_Loss: -0.078896, Reg: 0.002558
Iter 180 of 344 Loss: -0.079152, NCC_Loss: -0.082402, Reg: 0.003249
Iter 190 of 344 Loss: -0.077276, NCC_Loss: -0.080005, Reg: 0.002729
Iter 200 of 344 Loss: -0.074660, NCC_Loss: -0.077314, Reg: 0.002654
Iter 210 of 344 Loss: -0.079151, NCC_Loss: -0.082035, Reg: 0.002884
Iter 220 of 344 Loss: -0.082366, NCC_Loss: -0.085270, Reg: 0.002904
Iter 230 of 344 Loss: -0.073799, NCC_Loss: -0.076917, Reg: 0.003118
Iter 240 of 344 Loss: -0.077477, NCC_Loss: -0.080390, Reg: 0.002913
Iter 250 of 344 Loss: -0.087360, NCC_Loss: -0.090335, Reg: 0.002975
Iter 260 of 344 Loss: -0.080844, NCC_Loss: -0.083767, Reg: 0.002923
Iter 270 of 344 Loss: -0.073986, NCC_Loss: -0.076766, Reg: 0.002781
Iter 280 of 344 Loss: -0.081755, NCC_Loss: -0.084728, Reg: 0.002972
Iter 290 of 344 Loss: -0.079406, NCC_Loss: -0.082237, Reg: 0.002832
Iter 300 of 344 Loss: -0.081599, NCC_Loss: -0.085033, Reg: 0.003433
Iter 310 of 344 Loss: -0.085223, NCC_Loss: -0.088136, Reg: 0.002913
Iter 320 of 344 Loss: -0.076684, NCC_Loss: -0.079703, Reg: 0.003018
Iter 330 of 344 Loss: -0.071533, NCC_Loss: -0.074203, Reg: 0.002670
Iter 340 of 344 Loss: -0.079289, NCC_Loss: -0.081791, Reg: 0.002503
Epoch 336 Loss: -0.078186
Epoch 336 Validation: Mean EPE: 7.2735, Mean SSIM: 0.1853, Mean ZNCC: -0.0373
Epoch 337 starts
Iter 10 of 344 Loss: -0.077537, NCC_Loss: -0.080224, Reg: 0.002688
Iter 20 of 344 Loss: -0.077232, NCC_Loss: -0.080064, Reg: 0.002832
Iter 30 of 344 Loss: -0.086196, NCC_Loss: -0.089374, Reg: 0.003179
Iter 40 of 344 Loss: -0.072069, NCC_Loss: -0.075262, Reg: 0.003193
Iter 50 of 344 Loss: -0.079075, NCC_Loss: -0.081953, Reg: 0.002878
Iter 60 of 344 Loss: -0.073309, NCC_Loss: -0.076359, Reg: 0.003050
Iter 70 of 344 Loss: -0.081981, NCC_Loss: -0.084916, Reg: 0.002935
Iter 80 of 344 Loss: -0.084167, NCC_Loss: -0.087203, Reg: 0.003036
Iter 90 of 344 Loss: -0.074885, NCC_Loss: -0.078152, Reg: 0.003266
Iter 100 of 344 Loss: -0.075376, NCC_Loss: -0.078370, Reg: 0.002993
Iter 110 of 344 Loss: -0.074059, NCC_Loss: -0.076804, Reg: 0.002745
Iter 120 of 344 Loss: -0.078421, NCC_Loss: -0.081541, Reg: 0.003119
Iter 130 of 344 Loss: -0.075404, NCC_Loss: -0.078222, Reg: 0.002818
Iter 140 of 344 Loss: -0.077721, NCC_Loss: -0.080630, Reg: 0.002909
Iter 150 of 344 Loss: -0.075643, NCC_Loss: -0.078518, Reg: 0.002875
Iter 160 of 344 Loss: -0.075509, NCC_Loss: -0.078832, Reg: 0.003323
Iter 170 of 344 Loss: -0.073516, NCC_Loss: -0.076356, Reg: 0.002839
Iter 180 of 344 Loss: -0.073194, NCC_Loss: -0.076495, Reg: 0.003301
Iter 190 of 344 Loss: -0.081674, NCC_Loss: -0.084448, Reg: 0.002774
Iter 200 of 344 Loss: -0.076993, NCC_Loss: -0.080145, Reg: 0.003152
Iter 210 of 344 Loss: -0.086051, NCC_Loss: -0.089146, Reg: 0.003095
Iter 220 of 344 Loss: -0.075007, NCC_Loss: -0.077831, Reg: 0.002823
Iter 230 of 344 Loss: -0.077902, NCC_Loss: -0.080597, Reg: 0.002695
Iter 240 of 344 Loss: -0.083579, NCC_Loss: -0.086670, Reg: 0.003091
Iter 250 of 344 Loss: -0.082986, NCC_Loss: -0.086009, Reg: 0.003023
Iter 260 of 344 Loss: -0.083214, NCC_Loss: -0.086222, Reg: 0.003009
Iter 270 of 344 Loss: -0.071524, NCC_Loss: -0.074636, Reg: 0.003112
Iter 280 of 344 Loss: -0.077680, NCC_Loss: -0.080596, Reg: 0.002915
Iter 290 of 344 Loss: -0.079639, NCC_Loss: -0.082528, Reg: 0.002889
Iter 300 of 344 Loss: -0.071715, NCC_Loss: -0.074715, Reg: 0.003000
Iter 310 of 344 Loss: -0.073881, NCC_Loss: -0.076856, Reg: 0.002975
Iter 320 of 344 Loss: -0.079700, NCC_Loss: -0.082432, Reg: 0.002732
Iter 330 of 344 Loss: -0.078824, NCC_Loss: -0.081822, Reg: 0.002998
Iter 340 of 344 Loss: -0.073023, NCC_Loss: -0.076208, Reg: 0.003185
Epoch 337 Loss: -0.078201
Epoch 337 Validation: Mean EPE: 7.2735, Mean SSIM: 0.1853, Mean ZNCC: -0.0373
Epoch 338 starts
Iter 10 of 344 Loss: -0.076161, NCC_Loss: -0.078756, Reg: 0.002594
Iter 20 of 344 Loss: -0.073256, NCC_Loss: -0.075893, Reg: 0.002637
Iter 30 of 344 Loss: -0.082456, NCC_Loss: -0.085591, Reg: 0.003135
Iter 40 of 344 Loss: -0.076037, NCC_Loss: -0.079161, Reg: 0.003124
Iter 50 of 344 Loss: -0.079711, NCC_Loss: -0.082760, Reg: 0.003049
Iter 60 of 344 Loss: -0.083245, NCC_Loss: -0.086369, Reg: 0.003124
Iter 70 of 344 Loss: -0.076292, NCC_Loss: -0.079213, Reg: 0.002921
Iter 80 of 344 Loss: -0.076720, NCC_Loss: -0.079291, Reg: 0.002571
Iter 90 of 344 Loss: -0.081372, NCC_Loss: -0.084227, Reg: 0.002855
Iter 100 of 344 Loss: -0.081937, NCC_Loss: -0.084909, Reg: 0.002972
Iter 110 of 344 Loss: -0.077768, NCC_Loss: -0.080780, Reg: 0.003013
Iter 120 of 344 Loss: -0.082007, NCC_Loss: -0.084831, Reg: 0.002825
Iter 130 of 344 Loss: -0.080256, NCC_Loss: -0.083261, Reg: 0.003005
Iter 140 of 344 Loss: -0.075693, NCC_Loss: -0.078706, Reg: 0.003013
Iter 150 of 344 Loss: -0.074304, NCC_Loss: -0.077517, Reg: 0.003213
Iter 160 of 344 Loss: -0.077893, NCC_Loss: -0.080718, Reg: 0.002824
Iter 170 of 344 Loss: -0.080040, NCC_Loss: -0.083237, Reg: 0.003197
Iter 180 of 344 Loss: -0.074944, NCC_Loss: -0.077910, Reg: 0.002967
Iter 190 of 344 Loss: -0.082163, NCC_Loss: -0.085234, Reg: 0.003071
Iter 200 of 344 Loss: -0.080484, NCC_Loss: -0.083474, Reg: 0.002990
Iter 210 of 344 Loss: -0.074805, NCC_Loss: -0.077767, Reg: 0.002963
Iter 220 of 344 Loss: -0.075210, NCC_Loss: -0.078119, Reg: 0.002910
Iter 230 of 344 Loss: -0.078732, NCC_Loss: -0.081413, Reg: 0.002680
Iter 240 of 344 Loss: -0.079411, NCC_Loss: -0.082088, Reg: 0.002676
Iter 250 of 344 Loss: -0.079904, NCC_Loss: -0.082914, Reg: 0.003010
Iter 260 of 344 Loss: -0.084657, NCC_Loss: -0.087627, Reg: 0.002970
Iter 270 of 344 Loss: -0.076999, NCC_Loss: -0.080052, Reg: 0.003053
Iter 280 of 344 Loss: -0.076532, NCC_Loss: -0.079281, Reg: 0.002749
Iter 290 of 344 Loss: -0.072259, NCC_Loss: -0.075221, Reg: 0.002962
Iter 300 of 344 Loss: -0.078538, NCC_Loss: -0.081150, Reg: 0.002612
Iter 310 of 344 Loss: -0.074562, NCC_Loss: -0.077281, Reg: 0.002719
Iter 320 of 344 Loss: -0.076139, NCC_Loss: -0.079192, Reg: 0.003052
Iter 330 of 344 Loss: -0.075186, NCC_Loss: -0.077842, Reg: 0.002656
Iter 340 of 344 Loss: -0.081251, NCC_Loss: -0.084083, Reg: 0.002833
Epoch 338 Loss: -0.078212
Epoch 338 Validation: Mean EPE: 7.2735, Mean SSIM: 0.1853, Mean ZNCC: -0.0373
Epoch 339 starts
Iter 10 of 344 Loss: -0.082004, NCC_Loss: -0.085026, Reg: 0.003022
Iter 20 of 344 Loss: -0.080713, NCC_Loss: -0.083813, Reg: 0.003100
Iter 30 of 344 Loss: -0.076249, NCC_Loss: -0.079260, Reg: 0.003011
Iter 40 of 344 Loss: -0.080131, NCC_Loss: -0.083482, Reg: 0.003351
Iter 50 of 344 Loss: -0.075156, NCC_Loss: -0.077921, Reg: 0.002765
Iter 60 of 344 Loss: -0.072632, NCC_Loss: -0.075738, Reg: 0.003106
Iter 70 of 344 Loss: -0.076081, NCC_Loss: -0.078948, Reg: 0.002867
Iter 80 of 344 Loss: -0.074628, NCC_Loss: -0.077816, Reg: 0.003188
Iter 90 of 344 Loss: -0.075433, NCC_Loss: -0.078439, Reg: 0.003005
Iter 100 of 344 Loss: -0.081042, NCC_Loss: -0.083773, Reg: 0.002731
Iter 110 of 344 Loss: -0.082051, NCC_Loss: -0.085129, Reg: 0.003078
Iter 120 of 344 Loss: -0.074207, NCC_Loss: -0.076981, Reg: 0.002774
Iter 130 of 344 Loss: -0.083268, NCC_Loss: -0.086380, Reg: 0.003111
Iter 140 of 344 Loss: -0.082367, NCC_Loss: -0.085108, Reg: 0.002741
Iter 150 of 344 Loss: -0.080443, NCC_Loss: -0.083254, Reg: 0.002811
Iter 160 of 344 Loss: -0.073274, NCC_Loss: -0.076218, Reg: 0.002944
Iter 170 of 344 Loss: -0.078415, NCC_Loss: -0.081472, Reg: 0.003057
Iter 180 of 344 Loss: -0.075437, NCC_Loss: -0.078248, Reg: 0.002810
Iter 190 of 344 Loss: -0.085997, NCC_Loss: -0.089096, Reg: 0.003099
Iter 200 of 344 Loss: -0.072702, NCC_Loss: -0.075867, Reg: 0.003165
Iter 210 of 344 Loss: -0.071255, NCC_Loss: -0.074269, Reg: 0.003014
Iter 220 of 344 Loss: -0.074849, NCC_Loss: -0.077963, Reg: 0.003115
Iter 230 of 344 Loss: -0.075708, NCC_Loss: -0.078940, Reg: 0.003231
Iter 240 of 344 Loss: -0.080271, NCC_Loss: -0.083136, Reg: 0.002865
Iter 250 of 344 Loss: -0.080063, NCC_Loss: -0.083052, Reg: 0.002989
Iter 260 of 344 Loss: -0.079688, NCC_Loss: -0.082492, Reg: 0.002804
Iter 270 of 344 Loss: -0.079405, NCC_Loss: -0.082605, Reg: 0.003200
Iter 280 of 344 Loss: -0.077333, NCC_Loss: -0.080234, Reg: 0.002901
Iter 290 of 344 Loss: -0.082617, NCC_Loss: -0.085819, Reg: 0.003202
Iter 300 of 344 Loss: -0.084356, NCC_Loss: -0.087729, Reg: 0.003373
Iter 310 of 344 Loss: -0.073252, NCC_Loss: -0.076289, Reg: 0.003037
Iter 320 of 344 Loss: -0.088328, NCC_Loss: -0.091332, Reg: 0.003004
Iter 330 of 344 Loss: -0.079805, NCC_Loss: -0.082625, Reg: 0.002820
Iter 340 of 344 Loss: -0.073464, NCC_Loss: -0.076535, Reg: 0.003071
Epoch 339 Loss: -0.078219
Epoch 339 Validation: Mean EPE: 7.2735, Mean SSIM: 0.1853, Mean ZNCC: -0.0373
Epoch 340 starts
Iter 10 of 344 Loss: -0.073202, NCC_Loss: -0.076348, Reg: 0.003147
Iter 20 of 344 Loss: -0.079917, NCC_Loss: -0.082948, Reg: 0.003030
Iter 30 of 344 Loss: -0.076191, NCC_Loss: -0.079390, Reg: 0.003199
Iter 40 of 344 Loss: -0.077433, NCC_Loss: -0.080491, Reg: 0.003058
Iter 50 of 344 Loss: -0.069120, NCC_Loss: -0.071862, Reg: 0.002742
Iter 60 of 344 Loss: -0.075212, NCC_Loss: -0.078588, Reg: 0.003376
Iter 70 of 344 Loss: -0.078250, NCC_Loss: -0.081025, Reg: 0.002774
Iter 80 of 344 Loss: -0.070439, NCC_Loss: -0.073337, Reg: 0.002899
Iter 90 of 344 Loss: -0.073159, NCC_Loss: -0.075614, Reg: 0.002456
Iter 100 of 344 Loss: -0.083244, NCC_Loss: -0.086405, Reg: 0.003161
Iter 110 of 344 Loss: -0.080561, NCC_Loss: -0.083731, Reg: 0.003171
Iter 120 of 344 Loss: -0.082564, NCC_Loss: -0.085381, Reg: 0.002818
Iter 130 of 344 Loss: -0.071394, NCC_Loss: -0.074459, Reg: 0.003065
Iter 140 of 344 Loss: -0.081380, NCC_Loss: -0.084287, Reg: 0.002907
Iter 150 of 344 Loss: -0.083182, NCC_Loss: -0.085809, Reg: 0.002627
Iter 160 of 344 Loss: -0.079531, NCC_Loss: -0.082793, Reg: 0.003263
Iter 170 of 344 Loss: -0.081881, NCC_Loss: -0.085557, Reg: 0.003676
Iter 180 of 344 Loss: -0.073405, NCC_Loss: -0.076593, Reg: 0.003188
Iter 190 of 344 Loss: -0.080350, NCC_Loss: -0.083094, Reg: 0.002745
Iter 200 of 344 Loss: -0.080877, NCC_Loss: -0.083731, Reg: 0.002854
Iter 210 of 344 Loss: -0.082331, NCC_Loss: -0.084867, Reg: 0.002536
Iter 220 of 344 Loss: -0.071360, NCC_Loss: -0.074411, Reg: 0.003051
Iter 230 of 344 Loss: -0.082428, NCC_Loss: -0.085503, Reg: 0.003075
Iter 240 of 344 Loss: -0.085576, NCC_Loss: -0.088406, Reg: 0.002830
Iter 250 of 344 Loss: -0.078521, NCC_Loss: -0.081251, Reg: 0.002731
Iter 260 of 344 Loss: -0.082668, NCC_Loss: -0.085579, Reg: 0.002911
Iter 270 of 344 Loss: -0.072157, NCC_Loss: -0.074750, Reg: 0.002593
Iter 280 of 344 Loss: -0.084802, NCC_Loss: -0.087711, Reg: 0.002909
Iter 290 of 344 Loss: -0.073478, NCC_Loss: -0.076285, Reg: 0.002808
Iter 300 of 344 Loss: -0.079811, NCC_Loss: -0.082679, Reg: 0.002868
Iter 310 of 344 Loss: -0.081375, NCC_Loss: -0.084135, Reg: 0.002760
Iter 320 of 344 Loss: -0.076095, NCC_Loss: -0.079531, Reg: 0.003436
Iter 330 of 344 Loss: -0.078460, NCC_Loss: -0.081569, Reg: 0.003110
Iter 340 of 344 Loss: -0.072466, NCC_Loss: -0.075348, Reg: 0.002881
Epoch 340 Loss: -0.078232
Epoch 340 Validation: Mean EPE: 7.2736, Mean SSIM: 0.1854, Mean ZNCC: -0.0373
Epoch 341 starts
Iter 10 of 344 Loss: -0.075493, NCC_Loss: -0.078562, Reg: 0.003069
Iter 20 of 344 Loss: -0.084319, NCC_Loss: -0.087283, Reg: 0.002963
Iter 30 of 344 Loss: -0.084539, NCC_Loss: -0.087683, Reg: 0.003144
Iter 40 of 344 Loss: -0.081161, NCC_Loss: -0.084471, Reg: 0.003310
Iter 50 of 344 Loss: -0.077213, NCC_Loss: -0.079696, Reg: 0.002483
Iter 60 of 344 Loss: -0.083842, NCC_Loss: -0.086887, Reg: 0.003046
Iter 70 of 344 Loss: -0.077694, NCC_Loss: -0.080511, Reg: 0.002817
Iter 80 of 344 Loss: -0.081573, NCC_Loss: -0.084794, Reg: 0.003221
Iter 90 of 344 Loss: -0.080947, NCC_Loss: -0.083993, Reg: 0.003046
Iter 100 of 344 Loss: -0.076831, NCC_Loss: -0.079800, Reg: 0.002969
Iter 110 of 344 Loss: -0.077861, NCC_Loss: -0.080957, Reg: 0.003096
Iter 120 of 344 Loss: -0.075662, NCC_Loss: -0.078342, Reg: 0.002680
Iter 130 of 344 Loss: -0.090296, NCC_Loss: -0.093362, Reg: 0.003066
Iter 140 of 344 Loss: -0.077473, NCC_Loss: -0.080208, Reg: 0.002734
Iter 150 of 344 Loss: -0.081248, NCC_Loss: -0.084206, Reg: 0.002958
Iter 160 of 344 Loss: -0.077819, NCC_Loss: -0.080880, Reg: 0.003060
Iter 170 of 344 Loss: -0.080303, NCC_Loss: -0.083217, Reg: 0.002914
Iter 180 of 344 Loss: -0.075530, NCC_Loss: -0.078531, Reg: 0.003001
Iter 190 of 344 Loss: -0.070083, NCC_Loss: -0.072985, Reg: 0.002902
Iter 200 of 344 Loss: -0.071535, NCC_Loss: -0.074615, Reg: 0.003080
Iter 210 of 344 Loss: -0.081675, NCC_Loss: -0.084320, Reg: 0.002645
Iter 220 of 344 Loss: -0.078100, NCC_Loss: -0.081030, Reg: 0.002931
Iter 230 of 344 Loss: -0.073314, NCC_Loss: -0.076590, Reg: 0.003276
Iter 240 of 344 Loss: -0.076399, NCC_Loss: -0.078968, Reg: 0.002570
Iter 250 of 344 Loss: -0.080351, NCC_Loss: -0.083393, Reg: 0.003042
Iter 260 of 344 Loss: -0.075097, NCC_Loss: -0.078170, Reg: 0.003072
Iter 270 of 344 Loss: -0.076374, NCC_Loss: -0.079343, Reg: 0.002969
Iter 280 of 344 Loss: -0.075582, NCC_Loss: -0.078975, Reg: 0.003393
Iter 290 of 344 Loss: -0.073847, NCC_Loss: -0.076795, Reg: 0.002948
Iter 300 of 344 Loss: -0.077107, NCC_Loss: -0.079825, Reg: 0.002718
Iter 310 of 344 Loss: -0.076590, NCC_Loss: -0.079693, Reg: 0.003103
Iter 320 of 344 Loss: -0.080003, NCC_Loss: -0.082887, Reg: 0.002884
Iter 330 of 344 Loss: -0.075877, NCC_Loss: -0.078791, Reg: 0.002914
Iter 340 of 344 Loss: -0.079928, NCC_Loss: -0.083207, Reg: 0.003279
Epoch 341 Loss: -0.078238
Epoch 341 Validation: Mean EPE: 7.2736, Mean SSIM: 0.1854, Mean ZNCC: -0.0373
Epoch 342 starts
Iter 10 of 344 Loss: -0.077930, NCC_Loss: -0.081360, Reg: 0.003430
Iter 20 of 344 Loss: -0.077512, NCC_Loss: -0.080602, Reg: 0.003090
Iter 30 of 344 Loss: -0.080024, NCC_Loss: -0.082891, Reg: 0.002867
Iter 40 of 344 Loss: -0.078657, NCC_Loss: -0.081575, Reg: 0.002918
Iter 50 of 344 Loss: -0.076837, NCC_Loss: -0.079628, Reg: 0.002791
Iter 60 of 344 Loss: -0.080462, NCC_Loss: -0.083451, Reg: 0.002989
Iter 70 of 344 Loss: -0.073411, NCC_Loss: -0.076255, Reg: 0.002845
Iter 80 of 344 Loss: -0.083132, NCC_Loss: -0.086006, Reg: 0.002874
Iter 90 of 344 Loss: -0.079385, NCC_Loss: -0.082549, Reg: 0.003163
Iter 100 of 344 Loss: -0.075313, NCC_Loss: -0.078462, Reg: 0.003149
Iter 110 of 344 Loss: -0.073463, NCC_Loss: -0.076120, Reg: 0.002657
Iter 120 of 344 Loss: -0.080785, NCC_Loss: -0.083658, Reg: 0.002873
Iter 130 of 344 Loss: -0.074320, NCC_Loss: -0.077509, Reg: 0.003189
Iter 140 of 344 Loss: -0.075321, NCC_Loss: -0.078446, Reg: 0.003125
Iter 150 of 344 Loss: -0.081119, NCC_Loss: -0.084424, Reg: 0.003305
Iter 160 of 344 Loss: -0.074323, NCC_Loss: -0.077243, Reg: 0.002920
Iter 170 of 344 Loss: -0.075556, NCC_Loss: -0.078578, Reg: 0.003021
Iter 180 of 344 Loss: -0.078600, NCC_Loss: -0.081423, Reg: 0.002824
Iter 190 of 344 Loss: -0.075943, NCC_Loss: -0.078710, Reg: 0.002768
Iter 200 of 344 Loss: -0.077138, NCC_Loss: -0.080352, Reg: 0.003214
Iter 210 of 344 Loss: -0.074274, NCC_Loss: -0.077319, Reg: 0.003045
Iter 220 of 344 Loss: -0.076829, NCC_Loss: -0.079613, Reg: 0.002784
Iter 230 of 344 Loss: -0.083959, NCC_Loss: -0.086707, Reg: 0.002748
Iter 240 of 344 Loss: -0.082622, NCC_Loss: -0.085614, Reg: 0.002992
Iter 250 of 344 Loss: -0.079430, NCC_Loss: -0.082104, Reg: 0.002674
Iter 260 of 344 Loss: -0.076949, NCC_Loss: -0.080053, Reg: 0.003103
Iter 270 of 344 Loss: -0.083080, NCC_Loss: -0.086032, Reg: 0.002953
Iter 280 of 344 Loss: -0.082196, NCC_Loss: -0.085313, Reg: 0.003117
Iter 290 of 344 Loss: -0.079548, NCC_Loss: -0.082385, Reg: 0.002837
Iter 300 of 344 Loss: -0.076090, NCC_Loss: -0.078962, Reg: 0.002872
Iter 310 of 344 Loss: -0.086149, NCC_Loss: -0.089076, Reg: 0.002927
Iter 320 of 344 Loss: -0.081068, NCC_Loss: -0.084392, Reg: 0.003325
Iter 330 of 344 Loss: -0.087954, NCC_Loss: -0.090712, Reg: 0.002757
Iter 340 of 344 Loss: -0.083897, NCC_Loss: -0.086982, Reg: 0.003084
Epoch 342 Loss: -0.078250
Epoch 342 Validation: Mean EPE: 7.2737, Mean SSIM: 0.1854, Mean ZNCC: -0.0373
Epoch 343 starts
Iter 10 of 344 Loss: -0.082442, NCC_Loss: -0.085518, Reg: 0.003076
Iter 20 of 344 Loss: -0.087628, NCC_Loss: -0.090807, Reg: 0.003178
Iter 30 of 344 Loss: -0.078969, NCC_Loss: -0.081660, Reg: 0.002691
Iter 40 of 344 Loss: -0.079403, NCC_Loss: -0.082089, Reg: 0.002686
Iter 50 of 344 Loss: -0.072450, NCC_Loss: -0.075546, Reg: 0.003096
Iter 60 of 344 Loss: -0.084920, NCC_Loss: -0.087985, Reg: 0.003065
Iter 70 of 344 Loss: -0.075935, NCC_Loss: -0.078596, Reg: 0.002660
Iter 80 of 344 Loss: -0.076820, NCC_Loss: -0.080005, Reg: 0.003185
Iter 90 of 344 Loss: -0.078152, NCC_Loss: -0.080982, Reg: 0.002831
Iter 100 of 344 Loss: -0.074258, NCC_Loss: -0.077585, Reg: 0.003327
Iter 110 of 344 Loss: -0.080274, NCC_Loss: -0.083057, Reg: 0.002783
Iter 120 of 344 Loss: -0.076910, NCC_Loss: -0.080211, Reg: 0.003300
Iter 130 of 344 Loss: -0.080666, NCC_Loss: -0.083646, Reg: 0.002980
Iter 140 of 344 Loss: -0.077151, NCC_Loss: -0.080045, Reg: 0.002894
Iter 150 of 344 Loss: -0.071685, NCC_Loss: -0.074356, Reg: 0.002670
Iter 160 of 344 Loss: -0.076391, NCC_Loss: -0.079487, Reg: 0.003096
Iter 170 of 344 Loss: -0.072045, NCC_Loss: -0.075425, Reg: 0.003380
Iter 180 of 344 Loss: -0.073076, NCC_Loss: -0.075909, Reg: 0.002833
Iter 190 of 344 Loss: -0.080373, NCC_Loss: -0.083239, Reg: 0.002865
Iter 200 of 344 Loss: -0.080355, NCC_Loss: -0.083177, Reg: 0.002822
Iter 210 of 344 Loss: -0.085425, NCC_Loss: -0.088452, Reg: 0.003026
Iter 220 of 344 Loss: -0.074978, NCC_Loss: -0.078070, Reg: 0.003093
Iter 230 of 344 Loss: -0.077721, NCC_Loss: -0.080460, Reg: 0.002739
Iter 240 of 344 Loss: -0.077988, NCC_Loss: -0.080771, Reg: 0.002783
Iter 250 of 344 Loss: -0.078703, NCC_Loss: -0.081531, Reg: 0.002827
Iter 260 of 344 Loss: -0.086110, NCC_Loss: -0.088936, Reg: 0.002826
Iter 270 of 344 Loss: -0.078055, NCC_Loss: -0.080982, Reg: 0.002926
Iter 280 of 344 Loss: -0.075932, NCC_Loss: -0.079020, Reg: 0.003088
Iter 290 of 344 Loss: -0.073651, NCC_Loss: -0.076744, Reg: 0.003092
Iter 300 of 344 Loss: -0.078196, NCC_Loss: -0.081220, Reg: 0.003024
Iter 310 of 344 Loss: -0.073967, NCC_Loss: -0.076976, Reg: 0.003008
Iter 320 of 344 Loss: -0.076301, NCC_Loss: -0.078958, Reg: 0.002656
Iter 330 of 344 Loss: -0.078549, NCC_Loss: -0.081336, Reg: 0.002788
Iter 340 of 344 Loss: -0.083874, NCC_Loss: -0.086815, Reg: 0.002940
Epoch 343 Loss: -0.078208
Epoch 343 Validation: Mean EPE: 7.2737, Mean SSIM: 0.1854, Mean ZNCC: -0.0373
Epoch 344 starts
Iter 10 of 344 Loss: -0.074498, NCC_Loss: -0.077969, Reg: 0.003471
Iter 20 of 344 Loss: -0.074385, NCC_Loss: -0.077012, Reg: 0.002628
Iter 30 of 344 Loss: -0.074174, NCC_Loss: -0.077074, Reg: 0.002900
Iter 40 of 344 Loss: -0.077140, NCC_Loss: -0.080206, Reg: 0.003066
Iter 50 of 344 Loss: -0.080172, NCC_Loss: -0.082897, Reg: 0.002725
Iter 60 of 344 Loss: -0.075629, NCC_Loss: -0.078358, Reg: 0.002729
Iter 70 of 344 Loss: -0.080646, NCC_Loss: -0.083369, Reg: 0.002723
Iter 80 of 344 Loss: -0.078526, NCC_Loss: -0.081797, Reg: 0.003271
Iter 90 of 344 Loss: -0.077118, NCC_Loss: -0.080034, Reg: 0.002916
Iter 100 of 344 Loss: -0.083503, NCC_Loss: -0.086670, Reg: 0.003167
Iter 110 of 344 Loss: -0.080881, NCC_Loss: -0.083700, Reg: 0.002819
Iter 120 of 344 Loss: -0.084480, NCC_Loss: -0.087512, Reg: 0.003032
Iter 130 of 344 Loss: -0.079398, NCC_Loss: -0.082317, Reg: 0.002920
Iter 140 of 344 Loss: -0.074247, NCC_Loss: -0.077529, Reg: 0.003282
Iter 150 of 344 Loss: -0.080355, NCC_Loss: -0.083481, Reg: 0.003126
Iter 160 of 344 Loss: -0.078945, NCC_Loss: -0.082198, Reg: 0.003253
Iter 170 of 344 Loss: -0.076556, NCC_Loss: -0.079795, Reg: 0.003238
Iter 180 of 344 Loss: -0.078103, NCC_Loss: -0.081080, Reg: 0.002977
Iter 190 of 344 Loss: -0.082044, NCC_Loss: -0.085093, Reg: 0.003049
Iter 200 of 344 Loss: -0.080275, NCC_Loss: -0.083077, Reg: 0.002802
Iter 210 of 344 Loss: -0.074911, NCC_Loss: -0.077782, Reg: 0.002870
Iter 220 of 344 Loss: -0.084950, NCC_Loss: -0.087705, Reg: 0.002755
Iter 230 of 344 Loss: -0.072911, NCC_Loss: -0.076184, Reg: 0.003273
Iter 240 of 344 Loss: -0.080588, NCC_Loss: -0.083605, Reg: 0.003017
Iter 250 of 344 Loss: -0.073417, NCC_Loss: -0.076295, Reg: 0.002878
Iter 260 of 344 Loss: -0.079919, NCC_Loss: -0.082650, Reg: 0.002731
Iter 270 of 344 Loss: -0.083717, NCC_Loss: -0.086590, Reg: 0.002873
Iter 280 of 344 Loss: -0.081410, NCC_Loss: -0.084461, Reg: 0.003050
Iter 290 of 344 Loss: -0.083592, NCC_Loss: -0.086441, Reg: 0.002849
Iter 300 of 344 Loss: -0.081746, NCC_Loss: -0.084870, Reg: 0.003124
Iter 310 of 344 Loss: -0.073707, NCC_Loss: -0.076346, Reg: 0.002639
Iter 320 of 344 Loss: -0.082444, NCC_Loss: -0.085506, Reg: 0.003062
Iter 330 of 344 Loss: -0.076946, NCC_Loss: -0.080034, Reg: 0.003088
Iter 340 of 344 Loss: -0.081571, NCC_Loss: -0.085047, Reg: 0.003476
Epoch 344 Loss: -0.078219
Epoch 344 Validation: Mean EPE: 7.2737, Mean SSIM: 0.1854, Mean ZNCC: -0.0373
Epoch 345 starts
Iter 10 of 344 Loss: -0.079784, NCC_Loss: -0.082916, Reg: 0.003133
Iter 20 of 344 Loss: -0.081712, NCC_Loss: -0.084467, Reg: 0.002755
Iter 30 of 344 Loss: -0.073742, NCC_Loss: -0.076801, Reg: 0.003059
Iter 40 of 344 Loss: -0.075182, NCC_Loss: -0.078143, Reg: 0.002961
Iter 50 of 344 Loss: -0.077836, NCC_Loss: -0.080900, Reg: 0.003064
Iter 60 of 344 Loss: -0.077659, NCC_Loss: -0.080989, Reg: 0.003330
Iter 70 of 344 Loss: -0.080990, NCC_Loss: -0.083926, Reg: 0.002936
Iter 80 of 344 Loss: -0.080805, NCC_Loss: -0.083757, Reg: 0.002953
Iter 90 of 344 Loss: -0.082823, NCC_Loss: -0.085721, Reg: 0.002898
Iter 100 of 344 Loss: -0.086622, NCC_Loss: -0.089783, Reg: 0.003161
Iter 110 of 344 Loss: -0.078363, NCC_Loss: -0.081457, Reg: 0.003094
Iter 120 of 344 Loss: -0.081738, NCC_Loss: -0.084557, Reg: 0.002819
Iter 130 of 344 Loss: -0.070347, NCC_Loss: -0.073016, Reg: 0.002669
Iter 140 of 344 Loss: -0.074399, NCC_Loss: -0.077538, Reg: 0.003139
Iter 150 of 344 Loss: -0.078193, NCC_Loss: -0.081477, Reg: 0.003284
Iter 160 of 344 Loss: -0.076658, NCC_Loss: -0.079440, Reg: 0.002782
Iter 170 of 344 Loss: -0.074751, NCC_Loss: -0.077793, Reg: 0.003043
Iter 180 of 344 Loss: -0.082592, NCC_Loss: -0.085551, Reg: 0.002959
Iter 190 of 344 Loss: -0.083463, NCC_Loss: -0.086734, Reg: 0.003271
Iter 200 of 344 Loss: -0.081123, NCC_Loss: -0.084018, Reg: 0.002895
Iter 210 of 344 Loss: -0.085314, NCC_Loss: -0.088258, Reg: 0.002944
Iter 220 of 344 Loss: -0.076527, NCC_Loss: -0.079125, Reg: 0.002598
Iter 230 of 344 Loss: -0.085197, NCC_Loss: -0.088223, Reg: 0.003025
Iter 240 of 344 Loss: -0.084648, NCC_Loss: -0.087425, Reg: 0.002777
Iter 250 of 344 Loss: -0.071412, NCC_Loss: -0.074371, Reg: 0.002959
Iter 260 of 344 Loss: -0.073671, NCC_Loss: -0.076672, Reg: 0.003001
Iter 270 of 344 Loss: -0.078548, NCC_Loss: -0.081554, Reg: 0.003006
Iter 280 of 344 Loss: -0.081389, NCC_Loss: -0.084392, Reg: 0.003004
Iter 290 of 344 Loss: -0.075597, NCC_Loss: -0.078947, Reg: 0.003350
Iter 300 of 344 Loss: -0.079525, NCC_Loss: -0.082982, Reg: 0.003457
Iter 310 of 344 Loss: -0.076322, NCC_Loss: -0.079391, Reg: 0.003070
Iter 320 of 344 Loss: -0.075551, NCC_Loss: -0.078269, Reg: 0.002718
Iter 330 of 344 Loss: -0.072541, NCC_Loss: -0.075619, Reg: 0.003078
Iter 340 of 344 Loss: -0.082503, NCC_Loss: -0.085185, Reg: 0.002683
Epoch 345 Loss: -0.078234
Epoch 345 Validation: Mean EPE: 7.2738, Mean SSIM: 0.1854, Mean ZNCC: -0.0373
Epoch 346 starts
Iter 10 of 344 Loss: -0.081768, NCC_Loss: -0.085408, Reg: 0.003640
Iter 20 of 344 Loss: -0.079382, NCC_Loss: -0.082195, Reg: 0.002814
Iter 30 of 344 Loss: -0.081558, NCC_Loss: -0.084795, Reg: 0.003238
Iter 40 of 344 Loss: -0.080071, NCC_Loss: -0.083168, Reg: 0.003098
Iter 50 of 344 Loss: -0.072430, NCC_Loss: -0.075385, Reg: 0.002955
Iter 60 of 344 Loss: -0.080015, NCC_Loss: -0.082917, Reg: 0.002902
Iter 70 of 344 Loss: -0.076568, NCC_Loss: -0.079406, Reg: 0.002839
Iter 80 of 344 Loss: -0.081120, NCC_Loss: -0.084139, Reg: 0.003019
Iter 90 of 344 Loss: -0.073289, NCC_Loss: -0.076492, Reg: 0.003202
Iter 100 of 344 Loss: -0.075893, NCC_Loss: -0.079028, Reg: 0.003135
Iter 110 of 344 Loss: -0.078508, NCC_Loss: -0.081290, Reg: 0.002782
Iter 120 of 344 Loss: -0.079676, NCC_Loss: -0.082589, Reg: 0.002913
Iter 130 of 344 Loss: -0.079101, NCC_Loss: -0.082077, Reg: 0.002977
Iter 140 of 344 Loss: -0.078261, NCC_Loss: -0.081278, Reg: 0.003018
Iter 150 of 344 Loss: -0.080468, NCC_Loss: -0.083003, Reg: 0.002535
Iter 160 of 344 Loss: -0.078707, NCC_Loss: -0.081444, Reg: 0.002737
Iter 170 of 344 Loss: -0.084089, NCC_Loss: -0.087241, Reg: 0.003152
Iter 180 of 344 Loss: -0.080433, NCC_Loss: -0.083443, Reg: 0.003011
Iter 190 of 344 Loss: -0.076952, NCC_Loss: -0.079917, Reg: 0.002965
Iter 200 of 344 Loss: -0.080772, NCC_Loss: -0.083737, Reg: 0.002965
Iter 210 of 344 Loss: -0.080642, NCC_Loss: -0.083246, Reg: 0.002604
Iter 220 of 344 Loss: -0.078680, NCC_Loss: -0.081456, Reg: 0.002776
Iter 230 of 344 Loss: -0.083282, NCC_Loss: -0.086178, Reg: 0.002897
Iter 240 of 344 Loss: -0.075648, NCC_Loss: -0.078703, Reg: 0.003055
Iter 250 of 344 Loss: -0.076756, NCC_Loss: -0.079567, Reg: 0.002812
Iter 260 of 344 Loss: -0.085089, NCC_Loss: -0.087907, Reg: 0.002818
Iter 270 of 344 Loss: -0.080722, NCC_Loss: -0.083738, Reg: 0.003016
Iter 280 of 344 Loss: -0.077890, NCC_Loss: -0.080866, Reg: 0.002976
Iter 290 of 344 Loss: -0.081053, NCC_Loss: -0.084034, Reg: 0.002981
Iter 300 of 344 Loss: -0.076427, NCC_Loss: -0.079362, Reg: 0.002935
Iter 310 of 344 Loss: -0.079817, NCC_Loss: -0.082481, Reg: 0.002665
Iter 320 of 344 Loss: -0.075300, NCC_Loss: -0.078283, Reg: 0.002983
Iter 330 of 344 Loss: -0.081667, NCC_Loss: -0.084589, Reg: 0.002921
Iter 340 of 344 Loss: -0.073196, NCC_Loss: -0.076441, Reg: 0.003245
Epoch 346 Loss: -0.078244
Epoch 346 Validation: Mean EPE: 7.2738, Mean SSIM: 0.1854, Mean ZNCC: -0.0373
Epoch 347 starts
Iter 10 of 344 Loss: -0.076474, NCC_Loss: -0.079703, Reg: 0.003229
Iter 20 of 344 Loss: -0.079913, NCC_Loss: -0.082817, Reg: 0.002903
Iter 30 of 344 Loss: -0.082674, NCC_Loss: -0.085796, Reg: 0.003121
Iter 40 of 344 Loss: -0.072404, NCC_Loss: -0.075741, Reg: 0.003338
Iter 50 of 344 Loss: -0.077596, NCC_Loss: -0.080446, Reg: 0.002850
Iter 60 of 344 Loss: -0.076712, NCC_Loss: -0.079699, Reg: 0.002988
Iter 70 of 344 Loss: -0.082051, NCC_Loss: -0.085032, Reg: 0.002981
Iter 80 of 344 Loss: -0.081391, NCC_Loss: -0.084159, Reg: 0.002768
Iter 90 of 344 Loss: -0.079209, NCC_Loss: -0.082521, Reg: 0.003311
Iter 100 of 344 Loss: -0.089784, NCC_Loss: -0.092814, Reg: 0.003031
Iter 110 of 344 Loss: -0.077143, NCC_Loss: -0.080094, Reg: 0.002951
Iter 120 of 344 Loss: -0.083304, NCC_Loss: -0.086413, Reg: 0.003109
Iter 130 of 344 Loss: -0.078047, NCC_Loss: -0.080857, Reg: 0.002810
Iter 140 of 344 Loss: -0.080978, NCC_Loss: -0.084105, Reg: 0.003128
Iter 150 of 344 Loss: -0.083309, NCC_Loss: -0.086366, Reg: 0.003057
Iter 160 of 344 Loss: -0.080255, NCC_Loss: -0.083183, Reg: 0.002928
Iter 170 of 344 Loss: -0.078625, NCC_Loss: -0.081550, Reg: 0.002926
Iter 180 of 344 Loss: -0.077814, NCC_Loss: -0.080930, Reg: 0.003116
Iter 190 of 344 Loss: -0.076123, NCC_Loss: -0.079051, Reg: 0.002928
Iter 200 of 344 Loss: -0.074003, NCC_Loss: -0.077248, Reg: 0.003244
Iter 210 of 344 Loss: -0.083646, NCC_Loss: -0.086417, Reg: 0.002771
Iter 220 of 344 Loss: -0.080723, NCC_Loss: -0.083646, Reg: 0.002924
Iter 230 of 344 Loss: -0.082192, NCC_Loss: -0.085591, Reg: 0.003399
Iter 240 of 344 Loss: -0.073502, NCC_Loss: -0.076352, Reg: 0.002850
Iter 250 of 344 Loss: -0.080945, NCC_Loss: -0.084010, Reg: 0.003066
Iter 260 of 344 Loss: -0.078662, NCC_Loss: -0.081357, Reg: 0.002695
Iter 270 of 344 Loss: -0.087176, NCC_Loss: -0.090491, Reg: 0.003315
Iter 280 of 344 Loss: -0.080050, NCC_Loss: -0.082962, Reg: 0.002913
Iter 290 of 344 Loss: -0.083162, NCC_Loss: -0.086189, Reg: 0.003027
Iter 300 of 344 Loss: -0.077972, NCC_Loss: -0.081277, Reg: 0.003305
Iter 310 of 344 Loss: -0.079044, NCC_Loss: -0.082101, Reg: 0.003057
Iter 320 of 344 Loss: -0.076292, NCC_Loss: -0.079349, Reg: 0.003057
Iter 330 of 344 Loss: -0.071248, NCC_Loss: -0.073969, Reg: 0.002720
Iter 340 of 344 Loss: -0.074472, NCC_Loss: -0.077225, Reg: 0.002752
Epoch 347 Loss: -0.078250
Epoch 347 Validation: Mean EPE: 7.2738, Mean SSIM: 0.1854, Mean ZNCC: -0.0373
Epoch 348 starts
Iter 10 of 344 Loss: -0.078122, NCC_Loss: -0.081007, Reg: 0.002885
Iter 20 of 344 Loss: -0.073567, NCC_Loss: -0.076488, Reg: 0.002921
Iter 30 of 344 Loss: -0.076646, NCC_Loss: -0.079468, Reg: 0.002822
Iter 40 of 344 Loss: -0.081518, NCC_Loss: -0.084769, Reg: 0.003251
Iter 50 of 344 Loss: -0.082338, NCC_Loss: -0.085232, Reg: 0.002894
Iter 60 of 344 Loss: -0.086361, NCC_Loss: -0.089219, Reg: 0.002857
Iter 70 of 344 Loss: -0.076302, NCC_Loss: -0.079195, Reg: 0.002893
Iter 80 of 344 Loss: -0.082192, NCC_Loss: -0.085126, Reg: 0.002934
Iter 90 of 344 Loss: -0.075973, NCC_Loss: -0.078849, Reg: 0.002876
Iter 100 of 344 Loss: -0.080659, NCC_Loss: -0.083574, Reg: 0.002915
Iter 110 of 344 Loss: -0.073146, NCC_Loss: -0.075829, Reg: 0.002682
Iter 120 of 344 Loss: -0.078166, NCC_Loss: -0.081134, Reg: 0.002968
Iter 130 of 344 Loss: -0.071667, NCC_Loss: -0.074614, Reg: 0.002947
Iter 140 of 344 Loss: -0.075932, NCC_Loss: -0.078742, Reg: 0.002810
Iter 150 of 344 Loss: -0.078297, NCC_Loss: -0.081229, Reg: 0.002933
Iter 160 of 344 Loss: -0.074766, NCC_Loss: -0.077663, Reg: 0.002897
Iter 170 of 344 Loss: -0.079100, NCC_Loss: -0.081821, Reg: 0.002721
Iter 180 of 344 Loss: -0.084846, NCC_Loss: -0.087635, Reg: 0.002789
Iter 190 of 344 Loss: -0.082015, NCC_Loss: -0.084733, Reg: 0.002719
Iter 200 of 344 Loss: -0.087071, NCC_Loss: -0.090141, Reg: 0.003070
Iter 210 of 344 Loss: -0.078945, NCC_Loss: -0.081639, Reg: 0.002693
Iter 220 of 344 Loss: -0.081404, NCC_Loss: -0.084191, Reg: 0.002787
Iter 230 of 344 Loss: -0.080879, NCC_Loss: -0.083735, Reg: 0.002856
Iter 240 of 344 Loss: -0.070708, NCC_Loss: -0.073368, Reg: 0.002660
Iter 250 of 344 Loss: -0.080502, NCC_Loss: -0.083740, Reg: 0.003238
Iter 260 of 344 Loss: -0.082553, NCC_Loss: -0.085341, Reg: 0.002789
Iter 270 of 344 Loss: -0.078972, NCC_Loss: -0.082366, Reg: 0.003394
Iter 280 of 344 Loss: -0.077432, NCC_Loss: -0.080399, Reg: 0.002967
Iter 290 of 344 Loss: -0.084239, NCC_Loss: -0.087430, Reg: 0.003191
Iter 300 of 344 Loss: -0.080479, NCC_Loss: -0.083500, Reg: 0.003021
Iter 310 of 344 Loss: -0.073405, NCC_Loss: -0.076185, Reg: 0.002779
Iter 320 of 344 Loss: -0.074994, NCC_Loss: -0.077857, Reg: 0.002863
Iter 330 of 344 Loss: -0.069933, NCC_Loss: -0.072985, Reg: 0.003052
Iter 340 of 344 Loss: -0.079032, NCC_Loss: -0.081990, Reg: 0.002957
Epoch 348 Loss: -0.078260
Epoch 348 Validation: Mean EPE: 7.2739, Mean SSIM: 0.1855, Mean ZNCC: -0.0373
Epoch 349 starts
Iter 10 of 344 Loss: -0.075746, NCC_Loss: -0.078440, Reg: 0.002694
Iter 20 of 344 Loss: -0.072349, NCC_Loss: -0.075433, Reg: 0.003084
Iter 30 of 344 Loss: -0.075863, NCC_Loss: -0.078763, Reg: 0.002900
Iter 40 of 344 Loss: -0.075004, NCC_Loss: -0.078074, Reg: 0.003071
Iter 50 of 344 Loss: -0.077914, NCC_Loss: -0.080893, Reg: 0.002979
Iter 60 of 344 Loss: -0.077007, NCC_Loss: -0.079976, Reg: 0.002968
Iter 70 of 344 Loss: -0.081803, NCC_Loss: -0.084728, Reg: 0.002925
Iter 80 of 344 Loss: -0.077188, NCC_Loss: -0.080299, Reg: 0.003111
Iter 90 of 344 Loss: -0.073760, NCC_Loss: -0.076843, Reg: 0.003083
Iter 100 of 344 Loss: -0.079009, NCC_Loss: -0.081936, Reg: 0.002928
Iter 110 of 344 Loss: -0.077958, NCC_Loss: -0.081112, Reg: 0.003154
Iter 120 of 344 Loss: -0.075084, NCC_Loss: -0.078052, Reg: 0.002969
Iter 130 of 344 Loss: -0.073229, NCC_Loss: -0.076295, Reg: 0.003066
Iter 140 of 344 Loss: -0.071518, NCC_Loss: -0.074634, Reg: 0.003117
Iter 150 of 344 Loss: -0.077539, NCC_Loss: -0.080772, Reg: 0.003234
Iter 160 of 344 Loss: -0.077059, NCC_Loss: -0.080018, Reg: 0.002959
Iter 170 of 344 Loss: -0.074267, NCC_Loss: -0.077344, Reg: 0.003077
Iter 180 of 344 Loss: -0.076854, NCC_Loss: -0.079843, Reg: 0.002989
Iter 190 of 344 Loss: -0.076687, NCC_Loss: -0.079792, Reg: 0.003105
Iter 200 of 344 Loss: -0.082502, NCC_Loss: -0.085753, Reg: 0.003251
Iter 210 of 344 Loss: -0.079409, NCC_Loss: -0.082600, Reg: 0.003190
Iter 220 of 344 Loss: -0.085761, NCC_Loss: -0.088838, Reg: 0.003078
Iter 230 of 344 Loss: -0.084328, NCC_Loss: -0.087239, Reg: 0.002910
Iter 240 of 344 Loss: -0.073717, NCC_Loss: -0.076988, Reg: 0.003271
Iter 250 of 344 Loss: -0.077588, NCC_Loss: -0.080259, Reg: 0.002671
Iter 260 of 344 Loss: -0.078072, NCC_Loss: -0.080540, Reg: 0.002467
Iter 270 of 344 Loss: -0.080071, NCC_Loss: -0.083025, Reg: 0.002955
Iter 280 of 344 Loss: -0.075240, NCC_Loss: -0.078157, Reg: 0.002916
Iter 290 of 344 Loss: -0.082302, NCC_Loss: -0.084908, Reg: 0.002606
Iter 300 of 344 Loss: -0.081966, NCC_Loss: -0.085122, Reg: 0.003156
Iter 310 of 344 Loss: -0.085633, NCC_Loss: -0.089002, Reg: 0.003369
Iter 320 of 344 Loss: -0.083133, NCC_Loss: -0.086269, Reg: 0.003136
Iter 330 of 344 Loss: -0.078488, NCC_Loss: -0.081692, Reg: 0.003204
Iter 340 of 344 Loss: -0.072625, NCC_Loss: -0.075284, Reg: 0.002658
Epoch 349 Loss: -0.078272
Epoch 349 Validation: Mean EPE: 7.2739, Mean SSIM: 0.1855, Mean ZNCC: -0.0373
Epoch 350 starts
Iter 10 of 344 Loss: -0.076442, NCC_Loss: -0.079013, Reg: 0.002572
Iter 20 of 344 Loss: -0.076862, NCC_Loss: -0.079659, Reg: 0.002797
Iter 30 of 344 Loss: -0.083705, NCC_Loss: -0.086701, Reg: 0.002997
Iter 40 of 344 Loss: -0.084146, NCC_Loss: -0.086890, Reg: 0.002744
Iter 50 of 344 Loss: -0.076268, NCC_Loss: -0.079537, Reg: 0.003269
Iter 60 of 344 Loss: -0.078992, NCC_Loss: -0.081595, Reg: 0.002604
Iter 70 of 344 Loss: -0.074679, NCC_Loss: -0.077784, Reg: 0.003106
Iter 80 of 344 Loss: -0.082616, NCC_Loss: -0.085862, Reg: 0.003245
Iter 90 of 344 Loss: -0.084090, NCC_Loss: -0.086942, Reg: 0.002853
Iter 100 of 344 Loss: -0.082182, NCC_Loss: -0.085079, Reg: 0.002897
Iter 110 of 344 Loss: -0.078443, NCC_Loss: -0.081249, Reg: 0.002805
Iter 120 of 344 Loss: -0.073637, NCC_Loss: -0.076497, Reg: 0.002860
Iter 130 of 344 Loss: -0.076769, NCC_Loss: -0.079454, Reg: 0.002685
Iter 140 of 344 Loss: -0.070809, NCC_Loss: -0.073475, Reg: 0.002666
Iter 150 of 344 Loss: -0.087034, NCC_Loss: -0.090104, Reg: 0.003070
Iter 160 of 344 Loss: -0.077560, NCC_Loss: -0.080735, Reg: 0.003175
Iter 170 of 344 Loss: -0.077578, NCC_Loss: -0.081017, Reg: 0.003439
Iter 180 of 344 Loss: -0.082901, NCC_Loss: -0.085613, Reg: 0.002711
Iter 190 of 344 Loss: -0.081817, NCC_Loss: -0.085033, Reg: 0.003216
Iter 200 of 344 Loss: -0.082218, NCC_Loss: -0.084674, Reg: 0.002456
Iter 210 of 344 Loss: -0.081503, NCC_Loss: -0.084265, Reg: 0.002761
Iter 220 of 344 Loss: -0.069914, NCC_Loss: -0.073026, Reg: 0.003112
Iter 230 of 344 Loss: -0.083554, NCC_Loss: -0.086453, Reg: 0.002900
Iter 240 of 344 Loss: -0.077917, NCC_Loss: -0.081146, Reg: 0.003229
Iter 250 of 344 Loss: -0.082306, NCC_Loss: -0.084952, Reg: 0.002646
Iter 260 of 344 Loss: -0.083598, NCC_Loss: -0.086412, Reg: 0.002814
Iter 270 of 344 Loss: -0.079159, NCC_Loss: -0.082033, Reg: 0.002874
Iter 280 of 344 Loss: -0.069025, NCC_Loss: -0.072439, Reg: 0.003414
Iter 290 of 344 Loss: -0.081921, NCC_Loss: -0.085085, Reg: 0.003164
Iter 300 of 344 Loss: -0.072027, NCC_Loss: -0.074866, Reg: 0.002839
Iter 310 of 344 Loss: -0.074053, NCC_Loss: -0.076754, Reg: 0.002701
Iter 320 of 344 Loss: -0.077670, NCC_Loss: -0.080898, Reg: 0.003228
Iter 330 of 344 Loss: -0.084574, NCC_Loss: -0.087480, Reg: 0.002907
Iter 340 of 344 Loss: -0.075935, NCC_Loss: -0.078970, Reg: 0.003036
Epoch 350 Loss: -0.078292
Epoch 350 Validation: Mean EPE: 7.2739, Mean SSIM: 0.1855, Mean ZNCC: -0.0373
Epoch 351 starts
Iter 10 of 344 Loss: -0.075043, NCC_Loss: -0.077817, Reg: 0.002774
Iter 20 of 344 Loss: -0.080417, NCC_Loss: -0.083356, Reg: 0.002939
Iter 30 of 344 Loss: -0.077969, NCC_Loss: -0.081006, Reg: 0.003037
Iter 40 of 344 Loss: -0.083317, NCC_Loss: -0.086532, Reg: 0.003215
Iter 50 of 344 Loss: -0.079478, NCC_Loss: -0.082393, Reg: 0.002915
Iter 60 of 344 Loss: -0.081232, NCC_Loss: -0.084398, Reg: 0.003166
Iter 70 of 344 Loss: -0.080069, NCC_Loss: -0.082884, Reg: 0.002815
Iter 80 of 344 Loss: -0.078796, NCC_Loss: -0.081639, Reg: 0.002843
Iter 90 of 344 Loss: -0.080801, NCC_Loss: -0.083568, Reg: 0.002767
Iter 100 of 344 Loss: -0.091953, NCC_Loss: -0.095362, Reg: 0.003409
Iter 110 of 344 Loss: -0.076630, NCC_Loss: -0.079492, Reg: 0.002862
Iter 120 of 344 Loss: -0.073549, NCC_Loss: -0.076706, Reg: 0.003157
Iter 130 of 344 Loss: -0.085918, NCC_Loss: -0.088949, Reg: 0.003031
Iter 140 of 344 Loss: -0.085055, NCC_Loss: -0.087929, Reg: 0.002874
Iter 150 of 344 Loss: -0.080274, NCC_Loss: -0.083200, Reg: 0.002926
Iter 160 of 344 Loss: -0.076301, NCC_Loss: -0.079230, Reg: 0.002929
Iter 170 of 344 Loss: -0.078390, NCC_Loss: -0.081368, Reg: 0.002978
Iter 180 of 344 Loss: -0.076002, NCC_Loss: -0.078742, Reg: 0.002740
Iter 190 of 344 Loss: -0.079251, NCC_Loss: -0.082234, Reg: 0.002983
Iter 200 of 344 Loss: -0.087933, NCC_Loss: -0.090907, Reg: 0.002974
Iter 210 of 344 Loss: -0.076893, NCC_Loss: -0.079884, Reg: 0.002991
Iter 220 of 344 Loss: -0.077717, NCC_Loss: -0.080334, Reg: 0.002616
Iter 230 of 344 Loss: -0.076474, NCC_Loss: -0.079689, Reg: 0.003215
Iter 240 of 344 Loss: -0.080686, NCC_Loss: -0.083736, Reg: 0.003050
Iter 250 of 344 Loss: -0.072613, NCC_Loss: -0.075860, Reg: 0.003247
Iter 260 of 344 Loss: -0.083971, NCC_Loss: -0.086893, Reg: 0.002922
Iter 270 of 344 Loss: -0.076856, NCC_Loss: -0.079606, Reg: 0.002751
Iter 280 of 344 Loss: -0.078191, NCC_Loss: -0.081219, Reg: 0.003028
Iter 290 of 344 Loss: -0.074160, NCC_Loss: -0.076872, Reg: 0.002713
Iter 300 of 344 Loss: -0.077437, NCC_Loss: -0.080352, Reg: 0.002915
Iter 310 of 344 Loss: -0.080559, NCC_Loss: -0.083953, Reg: 0.003394
Iter 320 of 344 Loss: -0.081970, NCC_Loss: -0.085261, Reg: 0.003291
Iter 330 of 344 Loss: -0.073395, NCC_Loss: -0.076345, Reg: 0.002950
Iter 340 of 344 Loss: -0.076391, NCC_Loss: -0.079370, Reg: 0.002979
Epoch 351 Loss: -0.078310
Epoch 351 Validation: Mean EPE: 7.2739, Mean SSIM: 0.1855, Mean ZNCC: -0.0373
Epoch 352 starts
Iter 10 of 344 Loss: -0.076255, NCC_Loss: -0.079315, Reg: 0.003060
Iter 20 of 344 Loss: -0.080199, NCC_Loss: -0.083440, Reg: 0.003241
Iter 30 of 344 Loss: -0.080412, NCC_Loss: -0.083802, Reg: 0.003390
Iter 40 of 344 Loss: -0.069376, NCC_Loss: -0.072328, Reg: 0.002952
Iter 50 of 344 Loss: -0.081437, NCC_Loss: -0.084463, Reg: 0.003026
Iter 60 of 344 Loss: -0.073483, NCC_Loss: -0.076164, Reg: 0.002681
Iter 70 of 344 Loss: -0.081127, NCC_Loss: -0.084036, Reg: 0.002909
Iter 80 of 344 Loss: -0.079076, NCC_Loss: -0.082111, Reg: 0.003036
Iter 90 of 344 Loss: -0.080512, NCC_Loss: -0.083367, Reg: 0.002856
Iter 100 of 344 Loss: -0.078471, NCC_Loss: -0.081567, Reg: 0.003095
Iter 110 of 344 Loss: -0.082247, NCC_Loss: -0.085303, Reg: 0.003056
Iter 120 of 344 Loss: -0.077473, NCC_Loss: -0.080444, Reg: 0.002972
Iter 130 of 344 Loss: -0.074288, NCC_Loss: -0.077221, Reg: 0.002933
Iter 140 of 344 Loss: -0.082808, NCC_Loss: -0.085757, Reg: 0.002949
Iter 150 of 344 Loss: -0.079472, NCC_Loss: -0.082517, Reg: 0.003045
Iter 160 of 344 Loss: -0.077357, NCC_Loss: -0.080120, Reg: 0.002763
Iter 170 of 344 Loss: -0.075343, NCC_Loss: -0.078233, Reg: 0.002890
Iter 180 of 344 Loss: -0.083857, NCC_Loss: -0.086695, Reg: 0.002838
Iter 190 of 344 Loss: -0.079944, NCC_Loss: -0.082844, Reg: 0.002900
Iter 200 of 344 Loss: -0.070903, NCC_Loss: -0.073698, Reg: 0.002795
Iter 210 of 344 Loss: -0.078702, NCC_Loss: -0.081796, Reg: 0.003095
Iter 220 of 344 Loss: -0.069887, NCC_Loss: -0.072787, Reg: 0.002900
Iter 230 of 344 Loss: -0.074677, NCC_Loss: -0.077721, Reg: 0.003044
Iter 240 of 344 Loss: -0.068824, NCC_Loss: -0.071929, Reg: 0.003105
Iter 250 of 344 Loss: -0.080827, NCC_Loss: -0.083737, Reg: 0.002910
Iter 260 of 344 Loss: -0.081187, NCC_Loss: -0.084142, Reg: 0.002955
Iter 270 of 344 Loss: -0.083983, NCC_Loss: -0.086798, Reg: 0.002815
Iter 280 of 344 Loss: -0.078977, NCC_Loss: -0.081715, Reg: 0.002737
Iter 290 of 344 Loss: -0.082229, NCC_Loss: -0.085475, Reg: 0.003246
Iter 300 of 344 Loss: -0.074250, NCC_Loss: -0.077306, Reg: 0.003056
Iter 310 of 344 Loss: -0.075763, NCC_Loss: -0.078680, Reg: 0.002918
Iter 320 of 344 Loss: -0.079573, NCC_Loss: -0.082360, Reg: 0.002787
Iter 330 of 344 Loss: -0.074924, NCC_Loss: -0.077851, Reg: 0.002927
Iter 340 of 344 Loss: -0.078747, NCC_Loss: -0.081698, Reg: 0.002950
Epoch 352 Loss: -0.078301
Epoch 352 Validation: Mean EPE: 7.2740, Mean SSIM: 0.1855, Mean ZNCC: -0.0373
Epoch 353 starts
Iter 10 of 344 Loss: -0.075763, NCC_Loss: -0.079240, Reg: 0.003476
Iter 20 of 344 Loss: -0.075141, NCC_Loss: -0.078259, Reg: 0.003118
Iter 30 of 344 Loss: -0.084727, NCC_Loss: -0.087670, Reg: 0.002943
Iter 40 of 344 Loss: -0.077420, NCC_Loss: -0.080134, Reg: 0.002714
Iter 50 of 344 Loss: -0.076768, NCC_Loss: -0.079951, Reg: 0.003183
Iter 60 of 344 Loss: -0.079576, NCC_Loss: -0.082375, Reg: 0.002799
Iter 70 of 344 Loss: -0.082370, NCC_Loss: -0.085483, Reg: 0.003113
Iter 80 of 344 Loss: -0.073695, NCC_Loss: -0.076609, Reg: 0.002914
Iter 90 of 344 Loss: -0.080293, NCC_Loss: -0.083224, Reg: 0.002930
Iter 100 of 344 Loss: -0.078639, NCC_Loss: -0.081618, Reg: 0.002979
Iter 110 of 344 Loss: -0.075926, NCC_Loss: -0.078634, Reg: 0.002708
Iter 120 of 344 Loss: -0.075459, NCC_Loss: -0.078047, Reg: 0.002588
Iter 130 of 344 Loss: -0.074435, NCC_Loss: -0.077189, Reg: 0.002754
Iter 140 of 344 Loss: -0.077011, NCC_Loss: -0.080113, Reg: 0.003102
Iter 150 of 344 Loss: -0.080813, NCC_Loss: -0.083615, Reg: 0.002802
Iter 160 of 344 Loss: -0.085575, NCC_Loss: -0.088486, Reg: 0.002911
Iter 170 of 344 Loss: -0.078103, NCC_Loss: -0.081330, Reg: 0.003227
Iter 180 of 344 Loss: -0.073303, NCC_Loss: -0.076152, Reg: 0.002849
Iter 190 of 344 Loss: -0.075171, NCC_Loss: -0.078307, Reg: 0.003136
Iter 200 of 344 Loss: -0.078768, NCC_Loss: -0.081897, Reg: 0.003129
Iter 210 of 344 Loss: -0.079207, NCC_Loss: -0.082372, Reg: 0.003165
Iter 220 of 344 Loss: -0.080388, NCC_Loss: -0.083158, Reg: 0.002770
Iter 230 of 344 Loss: -0.081799, NCC_Loss: -0.084637, Reg: 0.002838
Iter 240 of 344 Loss: -0.075046, NCC_Loss: -0.078050, Reg: 0.003004
Iter 250 of 344 Loss: -0.076381, NCC_Loss: -0.079152, Reg: 0.002771
Iter 260 of 344 Loss: -0.076875, NCC_Loss: -0.079685, Reg: 0.002810
Iter 270 of 344 Loss: -0.079631, NCC_Loss: -0.082693, Reg: 0.003062
Iter 280 of 344 Loss: -0.084898, NCC_Loss: -0.087925, Reg: 0.003027
Iter 290 of 344 Loss: -0.070151, NCC_Loss: -0.073181, Reg: 0.003030
Iter 300 of 344 Loss: -0.077482, NCC_Loss: -0.080197, Reg: 0.002714
Iter 310 of 344 Loss: -0.078556, NCC_Loss: -0.081750, Reg: 0.003194
Iter 320 of 344 Loss: -0.081036, NCC_Loss: -0.083926, Reg: 0.002890
Iter 330 of 344 Loss: -0.076283, NCC_Loss: -0.079124, Reg: 0.002841
Iter 340 of 344 Loss: -0.078848, NCC_Loss: -0.081628, Reg: 0.002779
Epoch 353 Loss: -0.078306
Epoch 353 Validation: Mean EPE: 7.2740, Mean SSIM: 0.1855, Mean ZNCC: -0.0373
Epoch 354 starts
Iter 10 of 344 Loss: -0.084583, NCC_Loss: -0.087620, Reg: 0.003037
Iter 20 of 344 Loss: -0.076578, NCC_Loss: -0.079682, Reg: 0.003104
Iter 30 of 344 Loss: -0.079360, NCC_Loss: -0.082544, Reg: 0.003184
Iter 40 of 344 Loss: -0.073162, NCC_Loss: -0.076078, Reg: 0.002916
Iter 50 of 344 Loss: -0.077465, NCC_Loss: -0.080450, Reg: 0.002985
Iter 60 of 344 Loss: -0.075769, NCC_Loss: -0.078757, Reg: 0.002988
Iter 70 of 344 Loss: -0.077852, NCC_Loss: -0.080698, Reg: 0.002846
Iter 80 of 344 Loss: -0.076439, NCC_Loss: -0.079159, Reg: 0.002720
Iter 90 of 344 Loss: -0.076176, NCC_Loss: -0.079115, Reg: 0.002939
Iter 100 of 344 Loss: -0.074347, NCC_Loss: -0.076864, Reg: 0.002517
Iter 110 of 344 Loss: -0.070555, NCC_Loss: -0.073752, Reg: 0.003198
Iter 120 of 344 Loss: -0.074880, NCC_Loss: -0.077785, Reg: 0.002905
Iter 130 of 344 Loss: -0.076687, NCC_Loss: -0.079645, Reg: 0.002958
Iter 140 of 344 Loss: -0.074654, NCC_Loss: -0.077549, Reg: 0.002895
Iter 150 of 344 Loss: -0.078972, NCC_Loss: -0.081856, Reg: 0.002884
Iter 160 of 344 Loss: -0.085247, NCC_Loss: -0.088002, Reg: 0.002754
Iter 170 of 344 Loss: -0.080595, NCC_Loss: -0.083630, Reg: 0.003035
Iter 180 of 344 Loss: -0.076755, NCC_Loss: -0.079931, Reg: 0.003176
Iter 190 of 344 Loss: -0.084554, NCC_Loss: -0.087173, Reg: 0.002619
Iter 200 of 344 Loss: -0.077061, NCC_Loss: -0.080096, Reg: 0.003036
Iter 210 of 344 Loss: -0.074680, NCC_Loss: -0.078080, Reg: 0.003400
Iter 220 of 344 Loss: -0.074509, NCC_Loss: -0.077133, Reg: 0.002623
Iter 230 of 344 Loss: -0.077291, NCC_Loss: -0.080264, Reg: 0.002973
Iter 240 of 344 Loss: -0.072133, NCC_Loss: -0.075009, Reg: 0.002876
Iter 250 of 344 Loss: -0.077360, NCC_Loss: -0.080772, Reg: 0.003412
Iter 260 of 344 Loss: -0.081025, NCC_Loss: -0.083903, Reg: 0.002879
Iter 270 of 344 Loss: -0.083772, NCC_Loss: -0.086841, Reg: 0.003069
Iter 280 of 344 Loss: -0.079566, NCC_Loss: -0.082458, Reg: 0.002891
Iter 290 of 344 Loss: -0.078439, NCC_Loss: -0.081612, Reg: 0.003173
Iter 300 of 344 Loss: -0.075087, NCC_Loss: -0.078347, Reg: 0.003260
Iter 310 of 344 Loss: -0.077636, NCC_Loss: -0.080431, Reg: 0.002794
Iter 320 of 344 Loss: -0.092074, NCC_Loss: -0.095180, Reg: 0.003106
Iter 330 of 344 Loss: -0.080018, NCC_Loss: -0.082998, Reg: 0.002980
Iter 340 of 344 Loss: -0.082299, NCC_Loss: -0.085426, Reg: 0.003128
Epoch 354 Loss: -0.078320
Epoch 354 Validation: Mean EPE: 7.2740, Mean SSIM: 0.1855, Mean ZNCC: -0.0373
Epoch 355 starts
Iter 10 of 344 Loss: -0.075833, NCC_Loss: -0.078711, Reg: 0.002878
Iter 20 of 344 Loss: -0.077741, NCC_Loss: -0.080603, Reg: 0.002863
Iter 30 of 344 Loss: -0.073586, NCC_Loss: -0.076666, Reg: 0.003081
Iter 40 of 344 Loss: -0.085153, NCC_Loss: -0.088327, Reg: 0.003174
Iter 50 of 344 Loss: -0.071502, NCC_Loss: -0.073978, Reg: 0.002476
Iter 60 of 344 Loss: -0.086311, NCC_Loss: -0.089290, Reg: 0.002979
Iter 70 of 344 Loss: -0.075073, NCC_Loss: -0.077833, Reg: 0.002761
Iter 80 of 344 Loss: -0.075794, NCC_Loss: -0.079026, Reg: 0.003232
Iter 90 of 344 Loss: -0.082300, NCC_Loss: -0.085127, Reg: 0.002826
Iter 100 of 344 Loss: -0.076088, NCC_Loss: -0.078894, Reg: 0.002806
Iter 110 of 344 Loss: -0.088980, NCC_Loss: -0.091688, Reg: 0.002707
Iter 120 of 344 Loss: -0.075722, NCC_Loss: -0.078739, Reg: 0.003017
Iter 130 of 344 Loss: -0.085591, NCC_Loss: -0.088531, Reg: 0.002940
Iter 140 of 344 Loss: -0.080600, NCC_Loss: -0.083272, Reg: 0.002672
Iter 150 of 344 Loss: -0.081430, NCC_Loss: -0.084646, Reg: 0.003216
Iter 160 of 344 Loss: -0.082981, NCC_Loss: -0.085743, Reg: 0.002762
Iter 170 of 344 Loss: -0.082484, NCC_Loss: -0.085532, Reg: 0.003048
Iter 180 of 344 Loss: -0.074589, NCC_Loss: -0.077653, Reg: 0.003064
Iter 190 of 344 Loss: -0.073311, NCC_Loss: -0.076425, Reg: 0.003114
Iter 200 of 344 Loss: -0.075778, NCC_Loss: -0.078607, Reg: 0.002829
Iter 210 of 344 Loss: -0.078010, NCC_Loss: -0.081033, Reg: 0.003023
Iter 220 of 344 Loss: -0.087900, NCC_Loss: -0.090824, Reg: 0.002923
Iter 230 of 344 Loss: -0.083220, NCC_Loss: -0.086265, Reg: 0.003045
Iter 240 of 344 Loss: -0.079443, NCC_Loss: -0.082425, Reg: 0.002982
Iter 250 of 344 Loss: -0.074885, NCC_Loss: -0.078439, Reg: 0.003554
Iter 260 of 344 Loss: -0.073590, NCC_Loss: -0.076573, Reg: 0.002982
Iter 270 of 344 Loss: -0.086928, NCC_Loss: -0.090151, Reg: 0.003223
Iter 280 of 344 Loss: -0.078108, NCC_Loss: -0.081351, Reg: 0.003243
Iter 290 of 344 Loss: -0.079755, NCC_Loss: -0.082553, Reg: 0.002798
Iter 300 of 344 Loss: -0.080691, NCC_Loss: -0.083538, Reg: 0.002846
Iter 310 of 344 Loss: -0.079660, NCC_Loss: -0.082689, Reg: 0.003028
Iter 320 of 344 Loss: -0.082034, NCC_Loss: -0.084936, Reg: 0.002902
Iter 330 of 344 Loss: -0.074777, NCC_Loss: -0.077640, Reg: 0.002862
Iter 340 of 344 Loss: -0.085310, NCC_Loss: -0.088462, Reg: 0.003152
Epoch 355 Loss: -0.078330
Epoch 355 Validation: Mean EPE: 7.2740, Mean SSIM: 0.1856, Mean ZNCC: -0.0373
Epoch 356 starts
Iter 10 of 344 Loss: -0.076415, NCC_Loss: -0.079331, Reg: 0.002917
Iter 20 of 344 Loss: -0.082183, NCC_Loss: -0.085098, Reg: 0.002915
Iter 30 of 344 Loss: -0.083872, NCC_Loss: -0.087050, Reg: 0.003177
Iter 40 of 344 Loss: -0.079058, NCC_Loss: -0.081937, Reg: 0.002879
Iter 50 of 344 Loss: -0.079897, NCC_Loss: -0.083047, Reg: 0.003150
Iter 60 of 344 Loss: -0.084903, NCC_Loss: -0.087581, Reg: 0.002678
Iter 70 of 344 Loss: -0.082813, NCC_Loss: -0.085731, Reg: 0.002918
Iter 80 of 344 Loss: -0.078697, NCC_Loss: -0.081943, Reg: 0.003246
Iter 90 of 344 Loss: -0.077054, NCC_Loss: -0.080211, Reg: 0.003156
Iter 100 of 344 Loss: -0.080704, NCC_Loss: -0.083604, Reg: 0.002901
Iter 110 of 344 Loss: -0.070893, NCC_Loss: -0.073806, Reg: 0.002913
Iter 120 of 344 Loss: -0.080461, NCC_Loss: -0.083591, Reg: 0.003130
Iter 130 of 344 Loss: -0.085703, NCC_Loss: -0.088537, Reg: 0.002834
Iter 140 of 344 Loss: -0.073908, NCC_Loss: -0.077233, Reg: 0.003325
Iter 150 of 344 Loss: -0.078883, NCC_Loss: -0.081771, Reg: 0.002888
Iter 160 of 344 Loss: -0.078681, NCC_Loss: -0.081778, Reg: 0.003097
Iter 170 of 344 Loss: -0.073649, NCC_Loss: -0.076715, Reg: 0.003066
Iter 180 of 344 Loss: -0.076977, NCC_Loss: -0.079906, Reg: 0.002929
Iter 190 of 344 Loss: -0.076979, NCC_Loss: -0.080056, Reg: 0.003077
Iter 200 of 344 Loss: -0.077224, NCC_Loss: -0.080208, Reg: 0.002984
Iter 210 of 344 Loss: -0.084891, NCC_Loss: -0.087663, Reg: 0.002772
Iter 220 of 344 Loss: -0.079023, NCC_Loss: -0.081962, Reg: 0.002940
Iter 230 of 344 Loss: -0.083295, NCC_Loss: -0.085875, Reg: 0.002580
Iter 240 of 344 Loss: -0.083650, NCC_Loss: -0.086559, Reg: 0.002909
Iter 250 of 344 Loss: -0.078496, NCC_Loss: -0.081459, Reg: 0.002964
Iter 260 of 344 Loss: -0.079374, NCC_Loss: -0.082388, Reg: 0.003014
Iter 270 of 344 Loss: -0.082269, NCC_Loss: -0.085341, Reg: 0.003071
Iter 280 of 344 Loss: -0.080049, NCC_Loss: -0.082763, Reg: 0.002714
Iter 290 of 344 Loss: -0.081016, NCC_Loss: -0.083882, Reg: 0.002866
Iter 300 of 344 Loss: -0.076182, NCC_Loss: -0.078827, Reg: 0.002645
Iter 310 of 344 Loss: -0.074059, NCC_Loss: -0.076566, Reg: 0.002507
Iter 320 of 344 Loss: -0.077168, NCC_Loss: -0.080039, Reg: 0.002870
Iter 330 of 344 Loss: -0.084483, NCC_Loss: -0.087537, Reg: 0.003053
Iter 340 of 344 Loss: -0.079539, NCC_Loss: -0.082357, Reg: 0.002818
Epoch 356 Loss: -0.078344
Epoch 356 Validation: Mean EPE: 7.2740, Mean SSIM: 0.1856, Mean ZNCC: -0.0373
Epoch 357 starts
Iter 10 of 344 Loss: -0.072738, NCC_Loss: -0.075410, Reg: 0.002672
Iter 20 of 344 Loss: -0.078321, NCC_Loss: -0.081197, Reg: 0.002876
Iter 30 of 344 Loss: -0.071727, NCC_Loss: -0.074964, Reg: 0.003237
Iter 40 of 344 Loss: -0.075840, NCC_Loss: -0.079214, Reg: 0.003374
Iter 50 of 344 Loss: -0.075165, NCC_Loss: -0.078202, Reg: 0.003036
Iter 60 of 344 Loss: -0.080217, NCC_Loss: -0.083171, Reg: 0.002954
Iter 70 of 344 Loss: -0.076605, NCC_Loss: -0.079827, Reg: 0.003222
Iter 80 of 344 Loss: -0.076338, NCC_Loss: -0.078893, Reg: 0.002555
Iter 90 of 344 Loss: -0.077809, NCC_Loss: -0.080618, Reg: 0.002809
Iter 100 of 344 Loss: -0.074836, NCC_Loss: -0.077604, Reg: 0.002768
Iter 110 of 344 Loss: -0.076802, NCC_Loss: -0.079383, Reg: 0.002581
Iter 120 of 344 Loss: -0.077805, NCC_Loss: -0.080772, Reg: 0.002967
Iter 130 of 344 Loss: -0.078284, NCC_Loss: -0.081175, Reg: 0.002891
Iter 140 of 344 Loss: -0.076402, NCC_Loss: -0.079678, Reg: 0.003276
Iter 150 of 344 Loss: -0.077290, NCC_Loss: -0.080606, Reg: 0.003317
Iter 160 of 344 Loss: -0.077808, NCC_Loss: -0.080486, Reg: 0.002678
Iter 170 of 344 Loss: -0.078996, NCC_Loss: -0.081728, Reg: 0.002732
Iter 180 of 344 Loss: -0.088586, NCC_Loss: -0.091400, Reg: 0.002814
Iter 190 of 344 Loss: -0.078234, NCC_Loss: -0.081203, Reg: 0.002969
Iter 200 of 344 Loss: -0.079154, NCC_Loss: -0.081910, Reg: 0.002755
Iter 210 of 344 Loss: -0.072731, NCC_Loss: -0.075596, Reg: 0.002865
Iter 220 of 344 Loss: -0.074849, NCC_Loss: -0.077407, Reg: 0.002558
Iter 230 of 344 Loss: -0.079705, NCC_Loss: -0.082863, Reg: 0.003158
Iter 240 of 344 Loss: -0.079421, NCC_Loss: -0.082285, Reg: 0.002864
Iter 250 of 344 Loss: -0.080103, NCC_Loss: -0.083039, Reg: 0.002936
Iter 260 of 344 Loss: -0.081474, NCC_Loss: -0.084170, Reg: 0.002696
Iter 270 of 344 Loss: -0.079901, NCC_Loss: -0.082573, Reg: 0.002672
Iter 280 of 344 Loss: -0.075885, NCC_Loss: -0.079163, Reg: 0.003278
Iter 290 of 344 Loss: -0.070458, NCC_Loss: -0.073273, Reg: 0.002815
Iter 300 of 344 Loss: -0.070316, NCC_Loss: -0.072978, Reg: 0.002663
Iter 310 of 344 Loss: -0.072051, NCC_Loss: -0.074660, Reg: 0.002610
Iter 320 of 344 Loss: -0.075169, NCC_Loss: -0.078037, Reg: 0.002868
Iter 330 of 344 Loss: -0.074434, NCC_Loss: -0.077265, Reg: 0.002831
Iter 340 of 344 Loss: -0.079072, NCC_Loss: -0.082001, Reg: 0.002930
Epoch 357 Loss: -0.078355
Epoch 357 Validation: Mean EPE: 7.2741, Mean SSIM: 0.1856, Mean ZNCC: -0.0373
Epoch 358 starts
Iter 10 of 344 Loss: -0.068865, NCC_Loss: -0.072007, Reg: 0.003142
Iter 20 of 344 Loss: -0.077958, NCC_Loss: -0.080722, Reg: 0.002765
Iter 30 of 344 Loss: -0.074470, NCC_Loss: -0.077571, Reg: 0.003101
Iter 40 of 344 Loss: -0.075576, NCC_Loss: -0.078610, Reg: 0.003033
Iter 50 of 344 Loss: -0.079278, NCC_Loss: -0.081899, Reg: 0.002620
Iter 60 of 344 Loss: -0.076470, NCC_Loss: -0.079688, Reg: 0.003218
Iter 70 of 344 Loss: -0.074607, NCC_Loss: -0.077397, Reg: 0.002790
Iter 80 of 344 Loss: -0.074405, NCC_Loss: -0.077427, Reg: 0.003022
Iter 90 of 344 Loss: -0.083829, NCC_Loss: -0.086769, Reg: 0.002940
Iter 100 of 344 Loss: -0.078212, NCC_Loss: -0.080886, Reg: 0.002674
Iter 110 of 344 Loss: -0.083314, NCC_Loss: -0.086232, Reg: 0.002918
Iter 120 of 344 Loss: -0.076879, NCC_Loss: -0.079846, Reg: 0.002967
Iter 130 of 344 Loss: -0.080449, NCC_Loss: -0.083067, Reg: 0.002618
Iter 140 of 344 Loss: -0.078935, NCC_Loss: -0.081965, Reg: 0.003030
Iter 150 of 344 Loss: -0.077153, NCC_Loss: -0.080090, Reg: 0.002937
Iter 160 of 344 Loss: -0.080009, NCC_Loss: -0.083064, Reg: 0.003055
Iter 170 of 344 Loss: -0.080979, NCC_Loss: -0.084039, Reg: 0.003060
Iter 180 of 344 Loss: -0.077846, NCC_Loss: -0.080984, Reg: 0.003138
Iter 190 of 344 Loss: -0.083784, NCC_Loss: -0.086801, Reg: 0.003017
Iter 200 of 344 Loss: -0.075493, NCC_Loss: -0.078301, Reg: 0.002808
Iter 210 of 344 Loss: -0.081959, NCC_Loss: -0.084766, Reg: 0.002807
Iter 220 of 344 Loss: -0.075996, NCC_Loss: -0.078716, Reg: 0.002720
Iter 230 of 344 Loss: -0.080413, NCC_Loss: -0.083277, Reg: 0.002864
Iter 240 of 344 Loss: -0.070396, NCC_Loss: -0.073319, Reg: 0.002923
Iter 250 of 344 Loss: -0.076436, NCC_Loss: -0.079588, Reg: 0.003152
Iter 260 of 344 Loss: -0.076157, NCC_Loss: -0.079144, Reg: 0.002987
Iter 270 of 344 Loss: -0.083373, NCC_Loss: -0.086415, Reg: 0.003042
Iter 280 of 344 Loss: -0.075945, NCC_Loss: -0.078930, Reg: 0.002985
Iter 290 of 344 Loss: -0.079543, NCC_Loss: -0.082513, Reg: 0.002969
Iter 300 of 344 Loss: -0.079867, NCC_Loss: -0.082967, Reg: 0.003100
Iter 310 of 344 Loss: -0.084352, NCC_Loss: -0.087380, Reg: 0.003028
Iter 320 of 344 Loss: -0.081654, NCC_Loss: -0.084684, Reg: 0.003030
Iter 330 of 344 Loss: -0.082718, NCC_Loss: -0.085482, Reg: 0.002764
Iter 340 of 344 Loss: -0.073733, NCC_Loss: -0.076920, Reg: 0.003187
Epoch 358 Loss: -0.078362
Epoch 358 Validation: Mean EPE: 7.2741, Mean SSIM: 0.1856, Mean ZNCC: -0.0373
Epoch 359 starts
Iter 10 of 344 Loss: -0.077873, NCC_Loss: -0.081105, Reg: 0.003232
Iter 20 of 344 Loss: -0.076307, NCC_Loss: -0.079232, Reg: 0.002925
Iter 30 of 344 Loss: -0.087610, NCC_Loss: -0.090560, Reg: 0.002950
Iter 40 of 344 Loss: -0.077300, NCC_Loss: -0.080571, Reg: 0.003271
Iter 50 of 344 Loss: -0.084492, NCC_Loss: -0.087322, Reg: 0.002830
Iter 60 of 344 Loss: -0.076971, NCC_Loss: -0.079786, Reg: 0.002815
Iter 70 of 344 Loss: -0.075255, NCC_Loss: -0.077699, Reg: 0.002444
Iter 80 of 344 Loss: -0.080364, NCC_Loss: -0.083144, Reg: 0.002780
Iter 90 of 344 Loss: -0.079502, NCC_Loss: -0.082375, Reg: 0.002873
Iter 100 of 344 Loss: -0.077541, NCC_Loss: -0.080809, Reg: 0.003269
Iter 110 of 344 Loss: -0.080395, NCC_Loss: -0.083151, Reg: 0.002756
Iter 120 of 344 Loss: -0.077381, NCC_Loss: -0.080238, Reg: 0.002857
Iter 130 of 344 Loss: -0.082209, NCC_Loss: -0.085605, Reg: 0.003397
Iter 140 of 344 Loss: -0.074223, NCC_Loss: -0.077360, Reg: 0.003137
Iter 150 of 344 Loss: -0.084767, NCC_Loss: -0.087939, Reg: 0.003172
Iter 160 of 344 Loss: -0.080420, NCC_Loss: -0.083194, Reg: 0.002774
Iter 170 of 344 Loss: -0.080858, NCC_Loss: -0.083851, Reg: 0.002993
Iter 180 of 344 Loss: -0.074566, NCC_Loss: -0.076935, Reg: 0.002369
Iter 190 of 344 Loss: -0.081566, NCC_Loss: -0.084648, Reg: 0.003081
Iter 200 of 344 Loss: -0.073274, NCC_Loss: -0.075974, Reg: 0.002700
Iter 210 of 344 Loss: -0.082065, NCC_Loss: -0.084857, Reg: 0.002791
Iter 220 of 344 Loss: -0.072293, NCC_Loss: -0.075283, Reg: 0.002990
Iter 230 of 344 Loss: -0.078550, NCC_Loss: -0.081387, Reg: 0.002837
Iter 240 of 344 Loss: -0.085369, NCC_Loss: -0.088365, Reg: 0.002995
Iter 250 of 344 Loss: -0.079110, NCC_Loss: -0.081688, Reg: 0.002578
Iter 260 of 344 Loss: -0.077472, NCC_Loss: -0.080398, Reg: 0.002926
Iter 270 of 344 Loss: -0.073768, NCC_Loss: -0.076404, Reg: 0.002636
Iter 280 of 344 Loss: -0.081613, NCC_Loss: -0.084326, Reg: 0.002713
Iter 290 of 344 Loss: -0.075128, NCC_Loss: -0.077978, Reg: 0.002850
Iter 300 of 344 Loss: -0.080466, NCC_Loss: -0.083436, Reg: 0.002970
Iter 310 of 344 Loss: -0.071572, NCC_Loss: -0.074379, Reg: 0.002807
Iter 320 of 344 Loss: -0.081586, NCC_Loss: -0.084551, Reg: 0.002965
Iter 330 of 344 Loss: -0.078764, NCC_Loss: -0.081444, Reg: 0.002680
Iter 340 of 344 Loss: -0.074510, NCC_Loss: -0.077484, Reg: 0.002973
Epoch 359 Loss: -0.078375
Epoch 359 Validation: Mean EPE: 7.2741, Mean SSIM: 0.1856, Mean ZNCC: -0.0373
Epoch 360 starts
Iter 10 of 344 Loss: -0.084076, NCC_Loss: -0.087082, Reg: 0.003006
Iter 20 of 344 Loss: -0.077633, NCC_Loss: -0.080427, Reg: 0.002794
Iter 30 of 344 Loss: -0.076660, NCC_Loss: -0.079629, Reg: 0.002969
Iter 40 of 344 Loss: -0.082889, NCC_Loss: -0.085397, Reg: 0.002508
Iter 50 of 344 Loss: -0.073001, NCC_Loss: -0.076146, Reg: 0.003146
Iter 60 of 344 Loss: -0.083907, NCC_Loss: -0.087090, Reg: 0.003183
Iter 70 of 344 Loss: -0.083384, NCC_Loss: -0.086227, Reg: 0.002843
Iter 80 of 344 Loss: -0.073877, NCC_Loss: -0.077212, Reg: 0.003335
Iter 90 of 344 Loss: -0.074993, NCC_Loss: -0.077860, Reg: 0.002866
Iter 100 of 344 Loss: -0.081271, NCC_Loss: -0.084117, Reg: 0.002846
Iter 110 of 344 Loss: -0.080208, NCC_Loss: -0.083165, Reg: 0.002957
Iter 120 of 344 Loss: -0.079638, NCC_Loss: -0.082764, Reg: 0.003127
Iter 130 of 344 Loss: -0.082165, NCC_Loss: -0.085144, Reg: 0.002979
Iter 140 of 344 Loss: -0.081045, NCC_Loss: -0.083994, Reg: 0.002950
Iter 150 of 344 Loss: -0.078224, NCC_Loss: -0.080956, Reg: 0.002733
Iter 160 of 344 Loss: -0.072299, NCC_Loss: -0.075796, Reg: 0.003498
Iter 170 of 344 Loss: -0.079390, NCC_Loss: -0.082697, Reg: 0.003306
Iter 180 of 344 Loss: -0.078248, NCC_Loss: -0.080768, Reg: 0.002520
Iter 190 of 344 Loss: -0.072839, NCC_Loss: -0.075611, Reg: 0.002772
Iter 200 of 344 Loss: -0.079232, NCC_Loss: -0.081910, Reg: 0.002678
Iter 210 of 344 Loss: -0.077928, NCC_Loss: -0.080806, Reg: 0.002878
Iter 220 of 344 Loss: -0.082228, NCC_Loss: -0.084892, Reg: 0.002664
Iter 230 of 344 Loss: -0.072331, NCC_Loss: -0.075340, Reg: 0.003009
Iter 240 of 344 Loss: -0.080143, NCC_Loss: -0.083178, Reg: 0.003035
Iter 250 of 344 Loss: -0.073563, NCC_Loss: -0.076244, Reg: 0.002681
Iter 260 of 344 Loss: -0.078549, NCC_Loss: -0.081740, Reg: 0.003191
Iter 270 of 344 Loss: -0.068243, NCC_Loss: -0.070796, Reg: 0.002553
Iter 280 of 344 Loss: -0.072669, NCC_Loss: -0.075246, Reg: 0.002577
Iter 290 of 344 Loss: -0.079711, NCC_Loss: -0.082632, Reg: 0.002921
Iter 300 of 344 Loss: -0.077921, NCC_Loss: -0.080893, Reg: 0.002972
Iter 310 of 344 Loss: -0.082460, NCC_Loss: -0.085408, Reg: 0.002948
Iter 320 of 344 Loss: -0.080803, NCC_Loss: -0.083891, Reg: 0.003088
Iter 330 of 344 Loss: -0.084480, NCC_Loss: -0.087330, Reg: 0.002849
Iter 340 of 344 Loss: -0.072420, NCC_Loss: -0.075051, Reg: 0.002631
Epoch 360 Loss: -0.078379
Epoch 360 Validation: Mean EPE: 7.2742, Mean SSIM: 0.1856, Mean ZNCC: -0.0373
Epoch 361 starts
Iter 10 of 344 Loss: -0.083500, NCC_Loss: -0.086595, Reg: 0.003095
Iter 20 of 344 Loss: -0.073299, NCC_Loss: -0.076006, Reg: 0.002706
Iter 30 of 344 Loss: -0.083780, NCC_Loss: -0.086587, Reg: 0.002807
Iter 40 of 344 Loss: -0.074147, NCC_Loss: -0.077698, Reg: 0.003551
Iter 50 of 344 Loss: -0.085130, NCC_Loss: -0.087738, Reg: 0.002608
Iter 60 of 344 Loss: -0.082900, NCC_Loss: -0.085693, Reg: 0.002794
Iter 70 of 344 Loss: -0.078447, NCC_Loss: -0.081443, Reg: 0.002996
Iter 80 of 344 Loss: -0.076697, NCC_Loss: -0.079793, Reg: 0.003096
Iter 90 of 344 Loss: -0.077119, NCC_Loss: -0.079836, Reg: 0.002717
Iter 100 of 344 Loss: -0.075031, NCC_Loss: -0.078191, Reg: 0.003160
Iter 110 of 344 Loss: -0.075239, NCC_Loss: -0.078043, Reg: 0.002804
Iter 120 of 344 Loss: -0.068114, NCC_Loss: -0.071013, Reg: 0.002899
Iter 130 of 344 Loss: -0.075736, NCC_Loss: -0.078972, Reg: 0.003236
Iter 140 of 344 Loss: -0.075085, NCC_Loss: -0.077887, Reg: 0.002802
Iter 150 of 344 Loss: -0.080188, NCC_Loss: -0.082759, Reg: 0.002571
Iter 160 of 344 Loss: -0.076262, NCC_Loss: -0.079232, Reg: 0.002970
Iter 170 of 344 Loss: -0.074134, NCC_Loss: -0.076983, Reg: 0.002849
Iter 180 of 344 Loss: -0.079948, NCC_Loss: -0.082661, Reg: 0.002712
Iter 190 of 344 Loss: -0.083787, NCC_Loss: -0.086884, Reg: 0.003098
Iter 200 of 344 Loss: -0.080541, NCC_Loss: -0.083482, Reg: 0.002941
Iter 210 of 344 Loss: -0.071915, NCC_Loss: -0.074764, Reg: 0.002850
Iter 220 of 344 Loss: -0.074362, NCC_Loss: -0.077349, Reg: 0.002987
Iter 230 of 344 Loss: -0.076215, NCC_Loss: -0.079466, Reg: 0.003251
Iter 240 of 344 Loss: -0.080610, NCC_Loss: -0.083403, Reg: 0.002793
Iter 250 of 344 Loss: -0.083354, NCC_Loss: -0.086234, Reg: 0.002879
Iter 260 of 344 Loss: -0.077205, NCC_Loss: -0.079908, Reg: 0.002703
Iter 270 of 344 Loss: -0.080452, NCC_Loss: -0.083218, Reg: 0.002766
Iter 280 of 344 Loss: -0.075376, NCC_Loss: -0.078045, Reg: 0.002669
Iter 290 of 344 Loss: -0.074232, NCC_Loss: -0.077011, Reg: 0.002778
Iter 300 of 344 Loss: -0.082350, NCC_Loss: -0.085370, Reg: 0.003019
Iter 310 of 344 Loss: -0.076874, NCC_Loss: -0.079731, Reg: 0.002857
Iter 320 of 344 Loss: -0.079711, NCC_Loss: -0.082919, Reg: 0.003208
Iter 330 of 344 Loss: -0.085414, NCC_Loss: -0.088072, Reg: 0.002658
Iter 340 of 344 Loss: -0.079153, NCC_Loss: -0.082054, Reg: 0.002901
Epoch 361 Loss: -0.078384
Epoch 361 Validation: Mean EPE: 7.2742, Mean SSIM: 0.1856, Mean ZNCC: -0.0373
Epoch 362 starts
Iter 10 of 344 Loss: -0.073903, NCC_Loss: -0.076869, Reg: 0.002966
Iter 20 of 344 Loss: -0.078760, NCC_Loss: -0.081978, Reg: 0.003218
Iter 30 of 344 Loss: -0.084990, NCC_Loss: -0.087960, Reg: 0.002969
Iter 40 of 344 Loss: -0.074025, NCC_Loss: -0.077278, Reg: 0.003253
Iter 50 of 344 Loss: -0.081587, NCC_Loss: -0.084456, Reg: 0.002869
Iter 60 of 344 Loss: -0.077137, NCC_Loss: -0.080297, Reg: 0.003161
Iter 70 of 344 Loss: -0.073786, NCC_Loss: -0.076928, Reg: 0.003141
Iter 80 of 344 Loss: -0.082077, NCC_Loss: -0.084750, Reg: 0.002673
Iter 90 of 344 Loss: -0.076240, NCC_Loss: -0.079591, Reg: 0.003352
Iter 100 of 344 Loss: -0.076944, NCC_Loss: -0.079796, Reg: 0.002852
Iter 110 of 344 Loss: -0.077140, NCC_Loss: -0.079905, Reg: 0.002765
Iter 120 of 344 Loss: -0.076594, NCC_Loss: -0.079574, Reg: 0.002980
Iter 130 of 344 Loss: -0.077388, NCC_Loss: -0.080707, Reg: 0.003318
Iter 140 of 344 Loss: -0.073282, NCC_Loss: -0.076298, Reg: 0.003016
Iter 150 of 344 Loss: -0.081738, NCC_Loss: -0.084632, Reg: 0.002894
Iter 160 of 344 Loss: -0.074601, NCC_Loss: -0.077546, Reg: 0.002946
Iter 170 of 344 Loss: -0.071458, NCC_Loss: -0.074362, Reg: 0.002904
Iter 180 of 344 Loss: -0.076874, NCC_Loss: -0.079767, Reg: 0.002892
Iter 190 of 344 Loss: -0.077433, NCC_Loss: -0.080393, Reg: 0.002960
Iter 200 of 344 Loss: -0.068990, NCC_Loss: -0.071748, Reg: 0.002758
Iter 210 of 344 Loss: -0.079106, NCC_Loss: -0.081987, Reg: 0.002881
Iter 220 of 344 Loss: -0.081061, NCC_Loss: -0.083933, Reg: 0.002872
Iter 230 of 344 Loss: -0.081455, NCC_Loss: -0.084681, Reg: 0.003226
Iter 240 of 344 Loss: -0.078457, NCC_Loss: -0.080931, Reg: 0.002473
Iter 250 of 344 Loss: -0.074314, NCC_Loss: -0.077282, Reg: 0.002968
Iter 260 of 344 Loss: -0.081077, NCC_Loss: -0.084094, Reg: 0.003017
Iter 270 of 344 Loss: -0.074604, NCC_Loss: -0.077385, Reg: 0.002781
Iter 280 of 344 Loss: -0.077298, NCC_Loss: -0.080371, Reg: 0.003073
Iter 290 of 344 Loss: -0.072534, NCC_Loss: -0.075550, Reg: 0.003017
Iter 300 of 344 Loss: -0.079237, NCC_Loss: -0.082233, Reg: 0.002996
Iter 310 of 344 Loss: -0.073799, NCC_Loss: -0.077062, Reg: 0.003263
Iter 320 of 344 Loss: -0.079048, NCC_Loss: -0.081883, Reg: 0.002835
Iter 330 of 344 Loss: -0.081546, NCC_Loss: -0.084629, Reg: 0.003084
Iter 340 of 344 Loss: -0.080482, NCC_Loss: -0.083718, Reg: 0.003236
Epoch 362 Loss: -0.078383
Epoch 362 Validation: Mean EPE: 7.2743, Mean SSIM: 0.1856, Mean ZNCC: -0.0374
Epoch 363 starts
Iter 10 of 344 Loss: -0.070690, NCC_Loss: -0.073557, Reg: 0.002867
Iter 20 of 344 Loss: -0.076336, NCC_Loss: -0.079070, Reg: 0.002735
Iter 30 of 344 Loss: -0.074286, NCC_Loss: -0.077176, Reg: 0.002891
Iter 40 of 344 Loss: -0.082458, NCC_Loss: -0.085717, Reg: 0.003259
Iter 50 of 344 Loss: -0.086959, NCC_Loss: -0.089985, Reg: 0.003026
Iter 60 of 344 Loss: -0.073690, NCC_Loss: -0.076932, Reg: 0.003242
Iter 70 of 344 Loss: -0.079129, NCC_Loss: -0.081877, Reg: 0.002747
Iter 80 of 344 Loss: -0.081570, NCC_Loss: -0.084404, Reg: 0.002835
Iter 90 of 344 Loss: -0.083246, NCC_Loss: -0.086032, Reg: 0.002786
Iter 100 of 344 Loss: -0.077044, NCC_Loss: -0.079971, Reg: 0.002926
Iter 110 of 344 Loss: -0.077402, NCC_Loss: -0.080358, Reg: 0.002956
Iter 120 of 344 Loss: -0.082824, NCC_Loss: -0.085707, Reg: 0.002883
Iter 130 of 344 Loss: -0.081545, NCC_Loss: -0.084391, Reg: 0.002846
Iter 140 of 344 Loss: -0.079792, NCC_Loss: -0.082905, Reg: 0.003113
Iter 150 of 344 Loss: -0.080941, NCC_Loss: -0.083517, Reg: 0.002576
Iter 160 of 344 Loss: -0.078572, NCC_Loss: -0.081340, Reg: 0.002768
Iter 170 of 344 Loss: -0.069971, NCC_Loss: -0.073030, Reg: 0.003059
Iter 180 of 344 Loss: -0.079695, NCC_Loss: -0.082604, Reg: 0.002909
Iter 190 of 344 Loss: -0.079886, NCC_Loss: -0.082533, Reg: 0.002647
Iter 200 of 344 Loss: -0.080093, NCC_Loss: -0.083023, Reg: 0.002930
Iter 210 of 344 Loss: -0.073996, NCC_Loss: -0.076569, Reg: 0.002573
Iter 220 of 344 Loss: -0.080644, NCC_Loss: -0.083350, Reg: 0.002707
Iter 230 of 344 Loss: -0.080115, NCC_Loss: -0.083054, Reg: 0.002939
Iter 240 of 344 Loss: -0.079000, NCC_Loss: -0.081928, Reg: 0.002928
Iter 250 of 344 Loss: -0.085642, NCC_Loss: -0.088448, Reg: 0.002806
Iter 260 of 344 Loss: -0.082690, NCC_Loss: -0.085697, Reg: 0.003007
Iter 270 of 344 Loss: -0.077735, NCC_Loss: -0.080487, Reg: 0.002752
Iter 280 of 344 Loss: -0.077216, NCC_Loss: -0.080348, Reg: 0.003132
Iter 290 of 344 Loss: -0.074403, NCC_Loss: -0.077200, Reg: 0.002796
Iter 300 of 344 Loss: -0.076333, NCC_Loss: -0.079245, Reg: 0.002913
Iter 310 of 344 Loss: -0.082759, NCC_Loss: -0.085620, Reg: 0.002861
Iter 320 of 344 Loss: -0.084771, NCC_Loss: -0.087839, Reg: 0.003068
Iter 330 of 344 Loss: -0.077946, NCC_Loss: -0.080422, Reg: 0.002475
Iter 340 of 344 Loss: -0.086587, NCC_Loss: -0.089713, Reg: 0.003126
Epoch 363 Loss: -0.078367
Epoch 363 Validation: Mean EPE: 7.2743, Mean SSIM: 0.1856, Mean ZNCC: -0.0374
Epoch 364 starts
Iter 10 of 344 Loss: -0.073941, NCC_Loss: -0.076951, Reg: 0.003010
Iter 20 of 344 Loss: -0.075853, NCC_Loss: -0.078580, Reg: 0.002726
Iter 30 of 344 Loss: -0.075539, NCC_Loss: -0.078624, Reg: 0.003086
Iter 40 of 344 Loss: -0.088321, NCC_Loss: -0.091143, Reg: 0.002822
Iter 50 of 344 Loss: -0.077356, NCC_Loss: -0.080380, Reg: 0.003024
Iter 60 of 344 Loss: -0.082145, NCC_Loss: -0.085005, Reg: 0.002860
Iter 70 of 344 Loss: -0.072114, NCC_Loss: -0.075110, Reg: 0.002996
Iter 80 of 344 Loss: -0.076853, NCC_Loss: -0.079883, Reg: 0.003030
Iter 90 of 344 Loss: -0.076442, NCC_Loss: -0.079356, Reg: 0.002914
Iter 100 of 344 Loss: -0.077683, NCC_Loss: -0.080352, Reg: 0.002668
Iter 110 of 344 Loss: -0.075978, NCC_Loss: -0.079081, Reg: 0.003103
Iter 120 of 344 Loss: -0.080729, NCC_Loss: -0.083598, Reg: 0.002869
Iter 130 of 344 Loss: -0.070766, NCC_Loss: -0.073917, Reg: 0.003150
Iter 140 of 344 Loss: -0.072436, NCC_Loss: -0.075440, Reg: 0.003004
Iter 150 of 344 Loss: -0.076555, NCC_Loss: -0.079214, Reg: 0.002658
Iter 160 of 344 Loss: -0.076955, NCC_Loss: -0.079990, Reg: 0.003035
Iter 170 of 344 Loss: -0.079503, NCC_Loss: -0.082686, Reg: 0.003183
Iter 180 of 344 Loss: -0.081010, NCC_Loss: -0.084104, Reg: 0.003095
Iter 190 of 344 Loss: -0.075815, NCC_Loss: -0.078684, Reg: 0.002868
Iter 200 of 344 Loss: -0.076768, NCC_Loss: -0.080082, Reg: 0.003314
Iter 210 of 344 Loss: -0.082546, NCC_Loss: -0.085497, Reg: 0.002951
Iter 220 of 344 Loss: -0.074892, NCC_Loss: -0.078292, Reg: 0.003400
Iter 230 of 344 Loss: -0.078545, NCC_Loss: -0.081501, Reg: 0.002955
Iter 240 of 344 Loss: -0.071521, NCC_Loss: -0.074530, Reg: 0.003009
Iter 250 of 344 Loss: -0.077107, NCC_Loss: -0.079913, Reg: 0.002806
Iter 260 of 344 Loss: -0.074052, NCC_Loss: -0.076839, Reg: 0.002787
Iter 270 of 344 Loss: -0.076621, NCC_Loss: -0.079329, Reg: 0.002709
Iter 280 of 344 Loss: -0.083788, NCC_Loss: -0.086929, Reg: 0.003142
Iter 290 of 344 Loss: -0.077649, NCC_Loss: -0.080562, Reg: 0.002913
Iter 300 of 344 Loss: -0.081033, NCC_Loss: -0.084195, Reg: 0.003162
Iter 310 of 344 Loss: -0.080203, NCC_Loss: -0.083066, Reg: 0.002863
Iter 320 of 344 Loss: -0.079742, NCC_Loss: -0.082542, Reg: 0.002800
Iter 330 of 344 Loss: -0.080296, NCC_Loss: -0.083477, Reg: 0.003181
Iter 340 of 344 Loss: -0.085826, NCC_Loss: -0.088759, Reg: 0.002933
Epoch 364 Loss: -0.078367
Epoch 364 Validation: Mean EPE: 7.2743, Mean SSIM: 0.1857, Mean ZNCC: -0.0374
Epoch 365 starts
Iter 10 of 344 Loss: -0.075378, NCC_Loss: -0.078282, Reg: 0.002905
Iter 20 of 344 Loss: -0.081762, NCC_Loss: -0.084883, Reg: 0.003121
Iter 30 of 344 Loss: -0.073579, NCC_Loss: -0.076803, Reg: 0.003224
Iter 40 of 344 Loss: -0.072847, NCC_Loss: -0.075396, Reg: 0.002550
Iter 50 of 344 Loss: -0.081637, NCC_Loss: -0.084714, Reg: 0.003077
Iter 60 of 344 Loss: -0.078638, NCC_Loss: -0.081738, Reg: 0.003100
Iter 70 of 344 Loss: -0.085786, NCC_Loss: -0.088853, Reg: 0.003066
Iter 80 of 344 Loss: -0.078860, NCC_Loss: -0.081588, Reg: 0.002728
Iter 90 of 344 Loss: -0.082160, NCC_Loss: -0.085286, Reg: 0.003126
Iter 100 of 344 Loss: -0.081402, NCC_Loss: -0.084422, Reg: 0.003020
Iter 110 of 344 Loss: -0.079119, NCC_Loss: -0.081934, Reg: 0.002815
Iter 120 of 344 Loss: -0.076417, NCC_Loss: -0.079212, Reg: 0.002795
Iter 130 of 344 Loss: -0.074631, NCC_Loss: -0.077600, Reg: 0.002969
Iter 140 of 344 Loss: -0.082134, NCC_Loss: -0.085092, Reg: 0.002958
Iter 150 of 344 Loss: -0.074916, NCC_Loss: -0.078440, Reg: 0.003523
Iter 160 of 344 Loss: -0.076948, NCC_Loss: -0.080081, Reg: 0.003133
Iter 170 of 344 Loss: -0.078442, NCC_Loss: -0.081380, Reg: 0.002938
Iter 180 of 344 Loss: -0.077230, NCC_Loss: -0.079993, Reg: 0.002763
Iter 190 of 344 Loss: -0.078903, NCC_Loss: -0.081833, Reg: 0.002930
Iter 200 of 344 Loss: -0.081016, NCC_Loss: -0.083933, Reg: 0.002917
Iter 210 of 344 Loss: -0.076474, NCC_Loss: -0.078785, Reg: 0.002311
Iter 220 of 344 Loss: -0.073749, NCC_Loss: -0.076657, Reg: 0.002908
Iter 230 of 344 Loss: -0.084812, NCC_Loss: -0.087993, Reg: 0.003180
Iter 240 of 344 Loss: -0.082902, NCC_Loss: -0.086023, Reg: 0.003121
Iter 250 of 344 Loss: -0.076350, NCC_Loss: -0.079230, Reg: 0.002880
Iter 260 of 344 Loss: -0.075168, NCC_Loss: -0.078233, Reg: 0.003065
Iter 270 of 344 Loss: -0.087826, NCC_Loss: -0.090773, Reg: 0.002946
Iter 280 of 344 Loss: -0.092194, NCC_Loss: -0.095120, Reg: 0.002926
Iter 290 of 344 Loss: -0.075859, NCC_Loss: -0.078923, Reg: 0.003064
Iter 300 of 344 Loss: -0.078697, NCC_Loss: -0.082044, Reg: 0.003347
Iter 310 of 344 Loss: -0.073687, NCC_Loss: -0.076413, Reg: 0.002726
Iter 320 of 344 Loss: -0.073773, NCC_Loss: -0.076623, Reg: 0.002851
Iter 330 of 344 Loss: -0.078258, NCC_Loss: -0.081524, Reg: 0.003266
Iter 340 of 344 Loss: -0.079416, NCC_Loss: -0.082653, Reg: 0.003238
Epoch 365 Loss: -0.078370
Epoch 365 Validation: Mean EPE: 7.2743, Mean SSIM: 0.1857, Mean ZNCC: -0.0374
Epoch 366 starts
Iter 10 of 344 Loss: -0.076918, NCC_Loss: -0.079543, Reg: 0.002625
Iter 20 of 344 Loss: -0.084517, NCC_Loss: -0.087245, Reg: 0.002728
Iter 30 of 344 Loss: -0.078206, NCC_Loss: -0.081431, Reg: 0.003226
Iter 40 of 344 Loss: -0.085839, NCC_Loss: -0.089223, Reg: 0.003384
Iter 50 of 344 Loss: -0.073433, NCC_Loss: -0.076315, Reg: 0.002882
Iter 60 of 344 Loss: -0.083013, NCC_Loss: -0.085820, Reg: 0.002807
Iter 70 of 344 Loss: -0.081168, NCC_Loss: -0.084095, Reg: 0.002927
Iter 80 of 344 Loss: -0.079228, NCC_Loss: -0.082256, Reg: 0.003028
Iter 90 of 344 Loss: -0.085736, NCC_Loss: -0.088903, Reg: 0.003168
Iter 100 of 344 Loss: -0.072604, NCC_Loss: -0.075490, Reg: 0.002886
Iter 110 of 344 Loss: -0.076428, NCC_Loss: -0.079139, Reg: 0.002711
Iter 120 of 344 Loss: -0.085561, NCC_Loss: -0.088138, Reg: 0.002577
Iter 130 of 344 Loss: -0.081991, NCC_Loss: -0.084483, Reg: 0.002492
Iter 140 of 344 Loss: -0.080269, NCC_Loss: -0.083155, Reg: 0.002886
Iter 150 of 344 Loss: -0.085668, NCC_Loss: -0.088733, Reg: 0.003064
Iter 160 of 344 Loss: -0.077114, NCC_Loss: -0.080193, Reg: 0.003079
Iter 170 of 344 Loss: -0.078155, NCC_Loss: -0.081248, Reg: 0.003094
Iter 180 of 344 Loss: -0.076644, NCC_Loss: -0.079660, Reg: 0.003016
Iter 190 of 344 Loss: -0.081142, NCC_Loss: -0.083844, Reg: 0.002702
Iter 200 of 344 Loss: -0.081028, NCC_Loss: -0.083889, Reg: 0.002861
Iter 210 of 344 Loss: -0.080648, NCC_Loss: -0.083733, Reg: 0.003085
Iter 220 of 344 Loss: -0.074274, NCC_Loss: -0.077396, Reg: 0.003122
Iter 230 of 344 Loss: -0.073101, NCC_Loss: -0.076155, Reg: 0.003054
Iter 240 of 344 Loss: -0.074117, NCC_Loss: -0.077117, Reg: 0.003001
Iter 250 of 344 Loss: -0.079199, NCC_Loss: -0.082129, Reg: 0.002930
Iter 260 of 344 Loss: -0.078643, NCC_Loss: -0.081703, Reg: 0.003060
Iter 270 of 344 Loss: -0.071592, NCC_Loss: -0.074429, Reg: 0.002837
Iter 280 of 344 Loss: -0.078212, NCC_Loss: -0.081504, Reg: 0.003292
Iter 290 of 344 Loss: -0.078539, NCC_Loss: -0.081264, Reg: 0.002725
Iter 300 of 344 Loss: -0.068736, NCC_Loss: -0.071570, Reg: 0.002834
Iter 310 of 344 Loss: -0.069770, NCC_Loss: -0.072723, Reg: 0.002953
Iter 320 of 344 Loss: -0.077319, NCC_Loss: -0.080137, Reg: 0.002817
Iter 330 of 344 Loss: -0.074298, NCC_Loss: -0.077344, Reg: 0.003045
Iter 340 of 344 Loss: -0.074216, NCC_Loss: -0.077138, Reg: 0.002922
Epoch 366 Loss: -0.078384
Epoch 366 Validation: Mean EPE: 7.2743, Mean SSIM: 0.1857, Mean ZNCC: -0.0374
Epoch 367 starts
Iter 10 of 344 Loss: -0.078551, NCC_Loss: -0.081284, Reg: 0.002732
Iter 20 of 344 Loss: -0.083910, NCC_Loss: -0.086656, Reg: 0.002745
Iter 30 of 344 Loss: -0.075064, NCC_Loss: -0.077934, Reg: 0.002870
Iter 40 of 344 Loss: -0.077760, NCC_Loss: -0.081093, Reg: 0.003333
Iter 50 of 344 Loss: -0.083009, NCC_Loss: -0.086019, Reg: 0.003010
Iter 60 of 344 Loss: -0.073593, NCC_Loss: -0.076504, Reg: 0.002911
Iter 70 of 344 Loss: -0.074999, NCC_Loss: -0.077953, Reg: 0.002954
Iter 80 of 344 Loss: -0.076111, NCC_Loss: -0.078729, Reg: 0.002618
Iter 90 of 344 Loss: -0.080480, NCC_Loss: -0.083264, Reg: 0.002784
Iter 100 of 344 Loss: -0.075718, NCC_Loss: -0.078604, Reg: 0.002885
Iter 110 of 344 Loss: -0.078659, NCC_Loss: -0.081647, Reg: 0.002988
Iter 120 of 344 Loss: -0.077405, NCC_Loss: -0.080374, Reg: 0.002969
Iter 130 of 344 Loss: -0.084917, NCC_Loss: -0.087641, Reg: 0.002724
Iter 140 of 344 Loss: -0.082905, NCC_Loss: -0.085818, Reg: 0.002913
Iter 150 of 344 Loss: -0.076620, NCC_Loss: -0.079860, Reg: 0.003240
Iter 160 of 344 Loss: -0.076601, NCC_Loss: -0.079494, Reg: 0.002893
Iter 170 of 344 Loss: -0.080068, NCC_Loss: -0.083171, Reg: 0.003104
Iter 180 of 344 Loss: -0.075697, NCC_Loss: -0.078811, Reg: 0.003114
Iter 190 of 344 Loss: -0.076543, NCC_Loss: -0.079449, Reg: 0.002905
Iter 200 of 344 Loss: -0.083543, NCC_Loss: -0.086293, Reg: 0.002750
Iter 210 of 344 Loss: -0.074818, NCC_Loss: -0.077363, Reg: 0.002545
Iter 220 of 344 Loss: -0.082556, NCC_Loss: -0.085567, Reg: 0.003011
Iter 230 of 344 Loss: -0.079633, NCC_Loss: -0.082906, Reg: 0.003273
Iter 240 of 344 Loss: -0.077201, NCC_Loss: -0.080201, Reg: 0.003000
Iter 250 of 344 Loss: -0.079124, NCC_Loss: -0.082199, Reg: 0.003075
Iter 260 of 344 Loss: -0.082921, NCC_Loss: -0.085726, Reg: 0.002805
Iter 270 of 344 Loss: -0.082936, NCC_Loss: -0.085670, Reg: 0.002735
Iter 280 of 344 Loss: -0.075604, NCC_Loss: -0.078407, Reg: 0.002803
Iter 290 of 344 Loss: -0.082072, NCC_Loss: -0.085056, Reg: 0.002984
Iter 300 of 344 Loss: -0.083444, NCC_Loss: -0.086586, Reg: 0.003142
Iter 310 of 344 Loss: -0.081115, NCC_Loss: -0.084123, Reg: 0.003008
Iter 320 of 344 Loss: -0.079163, NCC_Loss: -0.082168, Reg: 0.003005
Iter 330 of 344 Loss: -0.080904, NCC_Loss: -0.084052, Reg: 0.003148
Iter 340 of 344 Loss: -0.082936, NCC_Loss: -0.085759, Reg: 0.002824
Epoch 367 Loss: -0.078392
Epoch 367 Validation: Mean EPE: 7.2743, Mean SSIM: 0.1857, Mean ZNCC: -0.0374
Epoch 368 starts
Iter 10 of 344 Loss: -0.075656, NCC_Loss: -0.078363, Reg: 0.002707
Iter 20 of 344 Loss: -0.083911, NCC_Loss: -0.086775, Reg: 0.002864
Iter 30 of 344 Loss: -0.080723, NCC_Loss: -0.083997, Reg: 0.003274
Iter 40 of 344 Loss: -0.071620, NCC_Loss: -0.074546, Reg: 0.002926
Iter 50 of 344 Loss: -0.073856, NCC_Loss: -0.077049, Reg: 0.003193
Iter 60 of 344 Loss: -0.081481, NCC_Loss: -0.084069, Reg: 0.002588
Iter 70 of 344 Loss: -0.073385, NCC_Loss: -0.076398, Reg: 0.003013
Iter 80 of 344 Loss: -0.078942, NCC_Loss: -0.081983, Reg: 0.003040
Iter 90 of 344 Loss: -0.073802, NCC_Loss: -0.076458, Reg: 0.002655
Iter 100 of 344 Loss: -0.073013, NCC_Loss: -0.075807, Reg: 0.002794
Iter 110 of 344 Loss: -0.078614, NCC_Loss: -0.081174, Reg: 0.002559
Iter 120 of 344 Loss: -0.082851, NCC_Loss: -0.085996, Reg: 0.003144
Iter 130 of 344 Loss: -0.077262, NCC_Loss: -0.080342, Reg: 0.003080
Iter 140 of 344 Loss: -0.087506, NCC_Loss: -0.090536, Reg: 0.003030
Iter 150 of 344 Loss: -0.078018, NCC_Loss: -0.081117, Reg: 0.003099
Iter 160 of 344 Loss: -0.082222, NCC_Loss: -0.085172, Reg: 0.002949
Iter 170 of 344 Loss: -0.075422, NCC_Loss: -0.078858, Reg: 0.003436
Iter 180 of 344 Loss: -0.080507, NCC_Loss: -0.083470, Reg: 0.002963
Iter 190 of 344 Loss: -0.078864, NCC_Loss: -0.082014, Reg: 0.003150
Iter 200 of 344 Loss: -0.081379, NCC_Loss: -0.084149, Reg: 0.002770
Iter 210 of 344 Loss: -0.074184, NCC_Loss: -0.077013, Reg: 0.002829
Iter 220 of 344 Loss: -0.085681, NCC_Loss: -0.088690, Reg: 0.003009
Iter 230 of 344 Loss: -0.078756, NCC_Loss: -0.081771, Reg: 0.003016
Iter 240 of 344 Loss: -0.074286, NCC_Loss: -0.077151, Reg: 0.002865
Iter 250 of 344 Loss: -0.074306, NCC_Loss: -0.077053, Reg: 0.002747
Iter 260 of 344 Loss: -0.078213, NCC_Loss: -0.081530, Reg: 0.003317
Iter 270 of 344 Loss: -0.076803, NCC_Loss: -0.079664, Reg: 0.002861
Iter 280 of 344 Loss: -0.084734, NCC_Loss: -0.087835, Reg: 0.003101
Iter 290 of 344 Loss: -0.079052, NCC_Loss: -0.082025, Reg: 0.002972
Iter 300 of 344 Loss: -0.086735, NCC_Loss: -0.089838, Reg: 0.003103
Iter 310 of 344 Loss: -0.077652, NCC_Loss: -0.080552, Reg: 0.002900
Iter 320 of 344 Loss: -0.074628, NCC_Loss: -0.077303, Reg: 0.002675
Iter 330 of 344 Loss: -0.076955, NCC_Loss: -0.079898, Reg: 0.002943
Iter 340 of 344 Loss: -0.081202, NCC_Loss: -0.084261, Reg: 0.003060
Epoch 368 Loss: -0.078383
Epoch 368 Validation: Mean EPE: 7.2743, Mean SSIM: 0.1857, Mean ZNCC: -0.0374
Epoch 369 starts
Iter 10 of 344 Loss: -0.076004, NCC_Loss: -0.079128, Reg: 0.003124
Iter 20 of 344 Loss: -0.081781, NCC_Loss: -0.085132, Reg: 0.003351
Iter 30 of 344 Loss: -0.084252, NCC_Loss: -0.087200, Reg: 0.002948
Iter 40 of 344 Loss: -0.074106, NCC_Loss: -0.076688, Reg: 0.002582
Iter 50 of 344 Loss: -0.083155, NCC_Loss: -0.085973, Reg: 0.002818
Iter 60 of 344 Loss: -0.081388, NCC_Loss: -0.084386, Reg: 0.002998
Iter 70 of 344 Loss: -0.083027, NCC_Loss: -0.085994, Reg: 0.002967
Iter 80 of 344 Loss: -0.075796, NCC_Loss: -0.078722, Reg: 0.002926
Iter 90 of 344 Loss: -0.082371, NCC_Loss: -0.085386, Reg: 0.003015
Iter 100 of 344 Loss: -0.079842, NCC_Loss: -0.082568, Reg: 0.002726
Iter 110 of 344 Loss: -0.077173, NCC_Loss: -0.079722, Reg: 0.002550
Iter 120 of 344 Loss: -0.076561, NCC_Loss: -0.079447, Reg: 0.002886
Iter 130 of 344 Loss: -0.077332, NCC_Loss: -0.080033, Reg: 0.002701
Iter 140 of 344 Loss: -0.071980, NCC_Loss: -0.074789, Reg: 0.002809
Iter 150 of 344 Loss: -0.079279, NCC_Loss: -0.082061, Reg: 0.002782
Iter 160 of 344 Loss: -0.077031, NCC_Loss: -0.079950, Reg: 0.002919
Iter 170 of 344 Loss: -0.081347, NCC_Loss: -0.084188, Reg: 0.002841
Iter 180 of 344 Loss: -0.079875, NCC_Loss: -0.082664, Reg: 0.002789
Iter 190 of 344 Loss: -0.079924, NCC_Loss: -0.083206, Reg: 0.003282
Iter 200 of 344 Loss: -0.082078, NCC_Loss: -0.085042, Reg: 0.002964
Iter 210 of 344 Loss: -0.071250, NCC_Loss: -0.073970, Reg: 0.002720
Iter 220 of 344 Loss: -0.070650, NCC_Loss: -0.073342, Reg: 0.002692
Iter 230 of 344 Loss: -0.076843, NCC_Loss: -0.079726, Reg: 0.002883
Iter 240 of 344 Loss: -0.073199, NCC_Loss: -0.076473, Reg: 0.003274
Iter 250 of 344 Loss: -0.078058, NCC_Loss: -0.080827, Reg: 0.002768
Iter 260 of 344 Loss: -0.081296, NCC_Loss: -0.084236, Reg: 0.002940
Iter 270 of 344 Loss: -0.074203, NCC_Loss: -0.076710, Reg: 0.002507
Iter 280 of 344 Loss: -0.078451, NCC_Loss: -0.081672, Reg: 0.003221
Iter 290 of 344 Loss: -0.070779, NCC_Loss: -0.073574, Reg: 0.002796
Iter 300 of 344 Loss: -0.076612, NCC_Loss: -0.079383, Reg: 0.002771
Iter 310 of 344 Loss: -0.070716, NCC_Loss: -0.073566, Reg: 0.002850
Iter 320 of 344 Loss: -0.072957, NCC_Loss: -0.076140, Reg: 0.003182
Iter 330 of 344 Loss: -0.076964, NCC_Loss: -0.079741, Reg: 0.002777
Iter 340 of 344 Loss: -0.077771, NCC_Loss: -0.080747, Reg: 0.002976
Epoch 369 Loss: -0.078399
Epoch 369 Validation: Mean EPE: 7.2744, Mean SSIM: 0.1857, Mean ZNCC: -0.0374
Epoch 370 starts
Iter 10 of 344 Loss: -0.069845, NCC_Loss: -0.072777, Reg: 0.002931
Iter 20 of 344 Loss: -0.075067, NCC_Loss: -0.078207, Reg: 0.003139
Iter 30 of 344 Loss: -0.081834, NCC_Loss: -0.084724, Reg: 0.002889
Iter 40 of 344 Loss: -0.076614, NCC_Loss: -0.079471, Reg: 0.002857
Iter 50 of 344 Loss: -0.076015, NCC_Loss: -0.079186, Reg: 0.003171
Iter 60 of 344 Loss: -0.079814, NCC_Loss: -0.082740, Reg: 0.002925
Iter 70 of 344 Loss: -0.083832, NCC_Loss: -0.086893, Reg: 0.003062
Iter 80 of 344 Loss: -0.074808, NCC_Loss: -0.077732, Reg: 0.002924
Iter 90 of 344 Loss: -0.077168, NCC_Loss: -0.080195, Reg: 0.003027
Iter 100 of 344 Loss: -0.078227, NCC_Loss: -0.081312, Reg: 0.003084
Iter 110 of 344 Loss: -0.083280, NCC_Loss: -0.086241, Reg: 0.002962
Iter 120 of 344 Loss: -0.085532, NCC_Loss: -0.088271, Reg: 0.002739
Iter 130 of 344 Loss: -0.073841, NCC_Loss: -0.076571, Reg: 0.002730
Iter 140 of 344 Loss: -0.074848, NCC_Loss: -0.077770, Reg: 0.002921
Iter 150 of 344 Loss: -0.081989, NCC_Loss: -0.084969, Reg: 0.002979
Iter 160 of 344 Loss: -0.077895, NCC_Loss: -0.080572, Reg: 0.002677
Iter 170 of 344 Loss: -0.080931, NCC_Loss: -0.083836, Reg: 0.002905
Iter 180 of 344 Loss: -0.075228, NCC_Loss: -0.078555, Reg: 0.003327
Iter 190 of 344 Loss: -0.080606, NCC_Loss: -0.083672, Reg: 0.003066
Iter 200 of 344 Loss: -0.077736, NCC_Loss: -0.080553, Reg: 0.002817
Iter 210 of 344 Loss: -0.083453, NCC_Loss: -0.086212, Reg: 0.002759
Iter 220 of 344 Loss: -0.083279, NCC_Loss: -0.086188, Reg: 0.002909
Iter 230 of 344 Loss: -0.073844, NCC_Loss: -0.077352, Reg: 0.003508
Iter 240 of 344 Loss: -0.076354, NCC_Loss: -0.079205, Reg: 0.002851
Iter 250 of 344 Loss: -0.072456, NCC_Loss: -0.075531, Reg: 0.003075
Iter 260 of 344 Loss: -0.081649, NCC_Loss: -0.084572, Reg: 0.002924
Iter 270 of 344 Loss: -0.082069, NCC_Loss: -0.084970, Reg: 0.002902
Iter 280 of 344 Loss: -0.080374, NCC_Loss: -0.083419, Reg: 0.003044
Iter 290 of 344 Loss: -0.076290, NCC_Loss: -0.079362, Reg: 0.003072
Iter 300 of 344 Loss: -0.071550, NCC_Loss: -0.074419, Reg: 0.002870
Iter 310 of 344 Loss: -0.074730, NCC_Loss: -0.077861, Reg: 0.003131
Iter 320 of 344 Loss: -0.086231, NCC_Loss: -0.089244, Reg: 0.003013
Iter 330 of 344 Loss: -0.073771, NCC_Loss: -0.076485, Reg: 0.002714
Iter 340 of 344 Loss: -0.079497, NCC_Loss: -0.082600, Reg: 0.003103
Epoch 370 Loss: -0.078409
Epoch 370 Validation: Mean EPE: 7.2744, Mean SSIM: 0.1857, Mean ZNCC: -0.0374
Epoch 371 starts
Iter 10 of 344 Loss: -0.076997, NCC_Loss: -0.080092, Reg: 0.003096
Iter 20 of 344 Loss: -0.083035, NCC_Loss: -0.085674, Reg: 0.002639
Iter 30 of 344 Loss: -0.074050, NCC_Loss: -0.077227, Reg: 0.003177
Iter 40 of 344 Loss: -0.080587, NCC_Loss: -0.083574, Reg: 0.002987
Iter 50 of 344 Loss: -0.086135, NCC_Loss: -0.089221, Reg: 0.003085
Iter 60 of 344 Loss: -0.078010, NCC_Loss: -0.080929, Reg: 0.002919
Iter 70 of 344 Loss: -0.082201, NCC_Loss: -0.085223, Reg: 0.003022
Iter 80 of 344 Loss: -0.075291, NCC_Loss: -0.078025, Reg: 0.002734
Iter 90 of 344 Loss: -0.084362, NCC_Loss: -0.087440, Reg: 0.003079
Iter 100 of 344 Loss: -0.081315, NCC_Loss: -0.084116, Reg: 0.002801
Iter 110 of 344 Loss: -0.077543, NCC_Loss: -0.080470, Reg: 0.002928
Iter 120 of 344 Loss: -0.080537, NCC_Loss: -0.083282, Reg: 0.002745
Iter 130 of 344 Loss: -0.080886, NCC_Loss: -0.084106, Reg: 0.003220
Iter 140 of 344 Loss: -0.078906, NCC_Loss: -0.081838, Reg: 0.002932
Iter 150 of 344 Loss: -0.072800, NCC_Loss: -0.075599, Reg: 0.002800
Iter 160 of 344 Loss: -0.077120, NCC_Loss: -0.080075, Reg: 0.002954
Iter 170 of 344 Loss: -0.079114, NCC_Loss: -0.082175, Reg: 0.003061
Iter 180 of 344 Loss: -0.080715, NCC_Loss: -0.083837, Reg: 0.003122
Iter 190 of 344 Loss: -0.077317, NCC_Loss: -0.080313, Reg: 0.002996
Iter 200 of 344 Loss: -0.081393, NCC_Loss: -0.084316, Reg: 0.002923
Iter 210 of 344 Loss: -0.079441, NCC_Loss: -0.082348, Reg: 0.002906
Iter 220 of 344 Loss: -0.079197, NCC_Loss: -0.082225, Reg: 0.003028
Iter 230 of 344 Loss: -0.080917, NCC_Loss: -0.083930, Reg: 0.003013
Iter 240 of 344 Loss: -0.079444, NCC_Loss: -0.082451, Reg: 0.003008
Iter 250 of 344 Loss: -0.077513, NCC_Loss: -0.080370, Reg: 0.002857
Iter 260 of 344 Loss: -0.080668, NCC_Loss: -0.083421, Reg: 0.002753
Iter 270 of 344 Loss: -0.077589, NCC_Loss: -0.080302, Reg: 0.002713
Iter 280 of 344 Loss: -0.082670, NCC_Loss: -0.085724, Reg: 0.003053
Iter 290 of 344 Loss: -0.085686, NCC_Loss: -0.088499, Reg: 0.002813
Iter 300 of 344 Loss: -0.088499, NCC_Loss: -0.091601, Reg: 0.003102
Iter 310 of 344 Loss: -0.072447, NCC_Loss: -0.075273, Reg: 0.002825
Iter 320 of 344 Loss: -0.081393, NCC_Loss: -0.084344, Reg: 0.002951
Iter 330 of 344 Loss: -0.080506, NCC_Loss: -0.083288, Reg: 0.002782
Iter 340 of 344 Loss: -0.077990, NCC_Loss: -0.080473, Reg: 0.002483
Epoch 371 Loss: -0.078416
Epoch 371 Validation: Mean EPE: 7.2744, Mean SSIM: 0.1857, Mean ZNCC: -0.0374
Epoch 372 starts
Iter 10 of 344 Loss: -0.082190, NCC_Loss: -0.084981, Reg: 0.002791
Iter 20 of 344 Loss: -0.078679, NCC_Loss: -0.081657, Reg: 0.002978
Iter 30 of 344 Loss: -0.074914, NCC_Loss: -0.078040, Reg: 0.003126
Iter 40 of 344 Loss: -0.068959, NCC_Loss: -0.072004, Reg: 0.003045
Iter 50 of 344 Loss: -0.077254, NCC_Loss: -0.080089, Reg: 0.002835
Iter 60 of 344 Loss: -0.073885, NCC_Loss: -0.077143, Reg: 0.003258
Iter 70 of 344 Loss: -0.075133, NCC_Loss: -0.077901, Reg: 0.002768
Iter 80 of 344 Loss: -0.080135, NCC_Loss: -0.083150, Reg: 0.003015
Iter 90 of 344 Loss: -0.082944, NCC_Loss: -0.085573, Reg: 0.002630
Iter 100 of 344 Loss: -0.075247, NCC_Loss: -0.078453, Reg: 0.003206
Iter 110 of 344 Loss: -0.074424, NCC_Loss: -0.077165, Reg: 0.002741
Iter 120 of 344 Loss: -0.082790, NCC_Loss: -0.085702, Reg: 0.002912
Iter 130 of 344 Loss: -0.074573, NCC_Loss: -0.077468, Reg: 0.002895
Iter 140 of 344 Loss: -0.071055, NCC_Loss: -0.074091, Reg: 0.003036
Iter 150 of 344 Loss: -0.081476, NCC_Loss: -0.084215, Reg: 0.002739
Iter 160 of 344 Loss: -0.073530, NCC_Loss: -0.076450, Reg: 0.002920
Iter 170 of 344 Loss: -0.082756, NCC_Loss: -0.085517, Reg: 0.002762
Iter 180 of 344 Loss: -0.078324, NCC_Loss: -0.081277, Reg: 0.002953
Iter 190 of 344 Loss: -0.078709, NCC_Loss: -0.081717, Reg: 0.003008
Iter 200 of 344 Loss: -0.078791, NCC_Loss: -0.081735, Reg: 0.002944
Iter 210 of 344 Loss: -0.080860, NCC_Loss: -0.083760, Reg: 0.002900
Iter 220 of 344 Loss: -0.081357, NCC_Loss: -0.084157, Reg: 0.002800
Iter 230 of 344 Loss: -0.078846, NCC_Loss: -0.081628, Reg: 0.002782
Iter 240 of 344 Loss: -0.076908, NCC_Loss: -0.079980, Reg: 0.003072
Iter 250 of 344 Loss: -0.078670, NCC_Loss: -0.081113, Reg: 0.002443
Iter 260 of 344 Loss: -0.078154, NCC_Loss: -0.081153, Reg: 0.002999
Iter 270 of 344 Loss: -0.075513, NCC_Loss: -0.078129, Reg: 0.002615
Iter 280 of 344 Loss: -0.078401, NCC_Loss: -0.081264, Reg: 0.002864
Iter 290 of 344 Loss: -0.093003, NCC_Loss: -0.096163, Reg: 0.003160
Iter 300 of 344 Loss: -0.077273, NCC_Loss: -0.080243, Reg: 0.002970
Iter 310 of 344 Loss: -0.070804, NCC_Loss: -0.074245, Reg: 0.003441
Iter 320 of 344 Loss: -0.082473, NCC_Loss: -0.085260, Reg: 0.002787
Iter 330 of 344 Loss: -0.082106, NCC_Loss: -0.085411, Reg: 0.003305
Iter 340 of 344 Loss: -0.075799, NCC_Loss: -0.078600, Reg: 0.002801
Epoch 372 Loss: -0.078426
Epoch 372 Validation: Mean EPE: 7.2745, Mean SSIM: 0.1857, Mean ZNCC: -0.0374
Epoch 373 starts
Iter 10 of 344 Loss: -0.079539, NCC_Loss: -0.082393, Reg: 0.002854
Iter 20 of 344 Loss: -0.077443, NCC_Loss: -0.080300, Reg: 0.002856
Iter 30 of 344 Loss: -0.075119, NCC_Loss: -0.077816, Reg: 0.002697
Iter 40 of 344 Loss: -0.082827, NCC_Loss: -0.085823, Reg: 0.002995
Iter 50 of 344 Loss: -0.089597, NCC_Loss: -0.092589, Reg: 0.002992
Iter 60 of 344 Loss: -0.075881, NCC_Loss: -0.078717, Reg: 0.002836
Iter 70 of 344 Loss: -0.080010, NCC_Loss: -0.082457, Reg: 0.002447
Iter 80 of 344 Loss: -0.077153, NCC_Loss: -0.080154, Reg: 0.003001
Iter 90 of 344 Loss: -0.076882, NCC_Loss: -0.079618, Reg: 0.002736
Iter 100 of 344 Loss: -0.075431, NCC_Loss: -0.078585, Reg: 0.003154
Iter 110 of 344 Loss: -0.078698, NCC_Loss: -0.081566, Reg: 0.002869
Iter 120 of 344 Loss: -0.087111, NCC_Loss: -0.090029, Reg: 0.002918
Iter 130 of 344 Loss: -0.073906, NCC_Loss: -0.076636, Reg: 0.002730
Iter 140 of 344 Loss: -0.078392, NCC_Loss: -0.081079, Reg: 0.002687
Iter 150 of 344 Loss: -0.081703, NCC_Loss: -0.084683, Reg: 0.002980
Iter 160 of 344 Loss: -0.080745, NCC_Loss: -0.083804, Reg: 0.003059
Iter 170 of 344 Loss: -0.086164, NCC_Loss: -0.089187, Reg: 0.003023
Iter 180 of 344 Loss: -0.078564, NCC_Loss: -0.081277, Reg: 0.002712
Iter 190 of 344 Loss: -0.073014, NCC_Loss: -0.076104, Reg: 0.003090
Iter 200 of 344 Loss: -0.076327, NCC_Loss: -0.079344, Reg: 0.003017
Iter 210 of 344 Loss: -0.075482, NCC_Loss: -0.078119, Reg: 0.002637
Iter 220 of 344 Loss: -0.081931, NCC_Loss: -0.084866, Reg: 0.002935
Iter 230 of 344 Loss: -0.075818, NCC_Loss: -0.078626, Reg: 0.002808
Iter 240 of 344 Loss: -0.075245, NCC_Loss: -0.078245, Reg: 0.003000
Iter 250 of 344 Loss: -0.079403, NCC_Loss: -0.082442, Reg: 0.003040
Iter 260 of 344 Loss: -0.071521, NCC_Loss: -0.074448, Reg: 0.002927
Iter 270 of 344 Loss: -0.085263, NCC_Loss: -0.088333, Reg: 0.003071
Iter 280 of 344 Loss: -0.075630, NCC_Loss: -0.078786, Reg: 0.003156
Iter 290 of 344 Loss: -0.072019, NCC_Loss: -0.074876, Reg: 0.002857
Iter 300 of 344 Loss: -0.083620, NCC_Loss: -0.086514, Reg: 0.002895
Iter 310 of 344 Loss: -0.080703, NCC_Loss: -0.083676, Reg: 0.002973
Iter 320 of 344 Loss: -0.080976, NCC_Loss: -0.084055, Reg: 0.003079
Iter 330 of 344 Loss: -0.083462, NCC_Loss: -0.086782, Reg: 0.003320
Iter 340 of 344 Loss: -0.077330, NCC_Loss: -0.080497, Reg: 0.003167
Epoch 373 Loss: -0.078416
Epoch 373 Validation: Mean EPE: 7.2745, Mean SSIM: 0.1858, Mean ZNCC: -0.0374
Epoch 374 starts
Iter 10 of 344 Loss: -0.073685, NCC_Loss: -0.076370, Reg: 0.002685
Iter 20 of 344 Loss: -0.072372, NCC_Loss: -0.075239, Reg: 0.002867
Iter 30 of 344 Loss: -0.074503, NCC_Loss: -0.077045, Reg: 0.002542
Iter 40 of 344 Loss: -0.076243, NCC_Loss: -0.079260, Reg: 0.003017
Iter 50 of 344 Loss: -0.080282, NCC_Loss: -0.083126, Reg: 0.002844
Iter 60 of 344 Loss: -0.080606, NCC_Loss: -0.083412, Reg: 0.002805
Iter 70 of 344 Loss: -0.072375, NCC_Loss: -0.075318, Reg: 0.002943
Iter 80 of 344 Loss: -0.084853, NCC_Loss: -0.087717, Reg: 0.002864
Iter 90 of 344 Loss: -0.073885, NCC_Loss: -0.076663, Reg: 0.002778
Iter 100 of 344 Loss: -0.076018, NCC_Loss: -0.079126, Reg: 0.003108
Iter 110 of 344 Loss: -0.087234, NCC_Loss: -0.090525, Reg: 0.003290
Iter 120 of 344 Loss: -0.082677, NCC_Loss: -0.085743, Reg: 0.003067
Iter 130 of 344 Loss: -0.076577, NCC_Loss: -0.079574, Reg: 0.002997
Iter 140 of 344 Loss: -0.083234, NCC_Loss: -0.086423, Reg: 0.003189
Iter 150 of 344 Loss: -0.074953, NCC_Loss: -0.077449, Reg: 0.002496
Iter 160 of 344 Loss: -0.084479, NCC_Loss: -0.087589, Reg: 0.003110
Iter 170 of 344 Loss: -0.087394, NCC_Loss: -0.090451, Reg: 0.003056
Iter 180 of 344 Loss: -0.078391, NCC_Loss: -0.081114, Reg: 0.002722
Iter 190 of 344 Loss: -0.078733, NCC_Loss: -0.081608, Reg: 0.002875
Iter 200 of 344 Loss: -0.083863, NCC_Loss: -0.087015, Reg: 0.003152
Iter 210 of 344 Loss: -0.076953, NCC_Loss: -0.079899, Reg: 0.002946
Iter 220 of 344 Loss: -0.074703, NCC_Loss: -0.077550, Reg: 0.002847
Iter 230 of 344 Loss: -0.077750, NCC_Loss: -0.080433, Reg: 0.002684
Iter 240 of 344 Loss: -0.079023, NCC_Loss: -0.081867, Reg: 0.002845
Iter 250 of 344 Loss: -0.080426, NCC_Loss: -0.083088, Reg: 0.002662
Iter 260 of 344 Loss: -0.074605, NCC_Loss: -0.077348, Reg: 0.002743
Iter 270 of 344 Loss: -0.076184, NCC_Loss: -0.079200, Reg: 0.003015
Iter 280 of 344 Loss: -0.079649, NCC_Loss: -0.082871, Reg: 0.003222
Iter 290 of 344 Loss: -0.079989, NCC_Loss: -0.082957, Reg: 0.002967
Iter 300 of 344 Loss: -0.072390, NCC_Loss: -0.075619, Reg: 0.003230
Iter 310 of 344 Loss: -0.082690, NCC_Loss: -0.085767, Reg: 0.003077
Iter 320 of 344 Loss: -0.076079, NCC_Loss: -0.079053, Reg: 0.002973
Iter 330 of 344 Loss: -0.077387, NCC_Loss: -0.080129, Reg: 0.002742
Iter 340 of 344 Loss: -0.077149, NCC_Loss: -0.080108, Reg: 0.002959
Epoch 374 Loss: -0.078436
Epoch 374 Validation: Mean EPE: 7.2745, Mean SSIM: 0.1858, Mean ZNCC: -0.0373
Epoch 375 starts
Iter 10 of 344 Loss: -0.075710, NCC_Loss: -0.078929, Reg: 0.003219
Iter 20 of 344 Loss: -0.081865, NCC_Loss: -0.084675, Reg: 0.002810
Iter 30 of 344 Loss: -0.078286, NCC_Loss: -0.081428, Reg: 0.003142
Iter 40 of 344 Loss: -0.078410, NCC_Loss: -0.081471, Reg: 0.003061
Iter 50 of 344 Loss: -0.073610, NCC_Loss: -0.076404, Reg: 0.002793
Iter 60 of 344 Loss: -0.079027, NCC_Loss: -0.081996, Reg: 0.002970
Iter 70 of 344 Loss: -0.080228, NCC_Loss: -0.083004, Reg: 0.002775
Iter 80 of 344 Loss: -0.071994, NCC_Loss: -0.074976, Reg: 0.002982
Iter 90 of 344 Loss: -0.084017, NCC_Loss: -0.087184, Reg: 0.003167
Iter 100 of 344 Loss: -0.075263, NCC_Loss: -0.078269, Reg: 0.003006
Iter 110 of 344 Loss: -0.079761, NCC_Loss: -0.082656, Reg: 0.002895
Iter 120 of 344 Loss: -0.079868, NCC_Loss: -0.082598, Reg: 0.002731
Iter 130 of 344 Loss: -0.079035, NCC_Loss: -0.081952, Reg: 0.002917
Iter 140 of 344 Loss: -0.074910, NCC_Loss: -0.077683, Reg: 0.002773
Iter 150 of 344 Loss: -0.072946, NCC_Loss: -0.075673, Reg: 0.002727
Iter 160 of 344 Loss: -0.076686, NCC_Loss: -0.079695, Reg: 0.003009
Iter 170 of 344 Loss: -0.073683, NCC_Loss: -0.076819, Reg: 0.003135
Iter 180 of 344 Loss: -0.080092, NCC_Loss: -0.083250, Reg: 0.003157
Iter 190 of 344 Loss: -0.077794, NCC_Loss: -0.080414, Reg: 0.002620
Iter 200 of 344 Loss: -0.082720, NCC_Loss: -0.085392, Reg: 0.002672
Iter 210 of 344 Loss: -0.080650, NCC_Loss: -0.083769, Reg: 0.003118
Iter 220 of 344 Loss: -0.073504, NCC_Loss: -0.075942, Reg: 0.002438
Iter 230 of 344 Loss: -0.077982, NCC_Loss: -0.081144, Reg: 0.003162
Iter 240 of 344 Loss: -0.080351, NCC_Loss: -0.083244, Reg: 0.002893
Iter 250 of 344 Loss: -0.077747, NCC_Loss: -0.080520, Reg: 0.002774
Iter 260 of 344 Loss: -0.076582, NCC_Loss: -0.079500, Reg: 0.002918
Iter 270 of 344 Loss: -0.082394, NCC_Loss: -0.085307, Reg: 0.002913
Iter 280 of 344 Loss: -0.082322, NCC_Loss: -0.085041, Reg: 0.002718
Iter 290 of 344 Loss: -0.082895, NCC_Loss: -0.085927, Reg: 0.003033
Iter 300 of 344 Loss: -0.082480, NCC_Loss: -0.085442, Reg: 0.002962
Iter 310 of 344 Loss: -0.075981, NCC_Loss: -0.079076, Reg: 0.003096
Iter 320 of 344 Loss: -0.072400, NCC_Loss: -0.075008, Reg: 0.002609
Iter 330 of 344 Loss: -0.079115, NCC_Loss: -0.082167, Reg: 0.003053
Iter 340 of 344 Loss: -0.081423, NCC_Loss: -0.084323, Reg: 0.002900
Epoch 375 Loss: -0.078449
Epoch 375 Validation: Mean EPE: 7.2745, Mean SSIM: 0.1858, Mean ZNCC: -0.0373
Epoch 376 starts
Iter 10 of 344 Loss: -0.075977, NCC_Loss: -0.079020, Reg: 0.003043
Iter 20 of 344 Loss: -0.077820, NCC_Loss: -0.080690, Reg: 0.002870
Iter 30 of 344 Loss: -0.083631, NCC_Loss: -0.086492, Reg: 0.002860
Iter 40 of 344 Loss: -0.085783, NCC_Loss: -0.088588, Reg: 0.002805
Iter 50 of 344 Loss: -0.073697, NCC_Loss: -0.076553, Reg: 0.002857
Iter 60 of 344 Loss: -0.076838, NCC_Loss: -0.079704, Reg: 0.002866
Iter 70 of 344 Loss: -0.081739, NCC_Loss: -0.084754, Reg: 0.003015
Iter 80 of 344 Loss: -0.074579, NCC_Loss: -0.077817, Reg: 0.003238
Iter 90 of 344 Loss: -0.075205, NCC_Loss: -0.078291, Reg: 0.003085
Iter 100 of 344 Loss: -0.076717, NCC_Loss: -0.079722, Reg: 0.003005
Iter 110 of 344 Loss: -0.078639, NCC_Loss: -0.081497, Reg: 0.002858
Iter 120 of 344 Loss: -0.084464, NCC_Loss: -0.087664, Reg: 0.003201
Iter 130 of 344 Loss: -0.082092, NCC_Loss: -0.085117, Reg: 0.003024
Iter 140 of 344 Loss: -0.078477, NCC_Loss: -0.081550, Reg: 0.003073
Iter 150 of 344 Loss: -0.078413, NCC_Loss: -0.081409, Reg: 0.002995
Iter 160 of 344 Loss: -0.078581, NCC_Loss: -0.081646, Reg: 0.003065
Iter 170 of 344 Loss: -0.074711, NCC_Loss: -0.077813, Reg: 0.003101
Iter 180 of 344 Loss: -0.077501, NCC_Loss: -0.080415, Reg: 0.002914
Iter 190 of 344 Loss: -0.074931, NCC_Loss: -0.077657, Reg: 0.002726
Iter 200 of 344 Loss: -0.076144, NCC_Loss: -0.079229, Reg: 0.003085
Iter 210 of 344 Loss: -0.076862, NCC_Loss: -0.079836, Reg: 0.002973
Iter 220 of 344 Loss: -0.079957, NCC_Loss: -0.082769, Reg: 0.002812
Iter 230 of 344 Loss: -0.076641, NCC_Loss: -0.079372, Reg: 0.002731
Iter 240 of 344 Loss: -0.081104, NCC_Loss: -0.083858, Reg: 0.002754
Iter 250 of 344 Loss: -0.085005, NCC_Loss: -0.088031, Reg: 0.003026
Iter 260 of 344 Loss: -0.074325, NCC_Loss: -0.076754, Reg: 0.002428
Iter 270 of 344 Loss: -0.080108, NCC_Loss: -0.082723, Reg: 0.002616
Iter 280 of 344 Loss: -0.077266, NCC_Loss: -0.080026, Reg: 0.002760
Iter 290 of 344 Loss: -0.079659, NCC_Loss: -0.082713, Reg: 0.003054
Iter 300 of 344 Loss: -0.073820, NCC_Loss: -0.076462, Reg: 0.002642
Iter 310 of 344 Loss: -0.076382, NCC_Loss: -0.078978, Reg: 0.002595
Iter 320 of 344 Loss: -0.079539, NCC_Loss: -0.082579, Reg: 0.003040
Iter 330 of 344 Loss: -0.086004, NCC_Loss: -0.088975, Reg: 0.002970
Iter 340 of 344 Loss: -0.073340, NCC_Loss: -0.076034, Reg: 0.002695
Epoch 376 Loss: -0.078439
Epoch 376 Validation: Mean EPE: 7.2745, Mean SSIM: 0.1858, Mean ZNCC: -0.0374
Epoch 377 starts
Iter 10 of 344 Loss: -0.086594, NCC_Loss: -0.089754, Reg: 0.003161
Iter 20 of 344 Loss: -0.076633, NCC_Loss: -0.079334, Reg: 0.002701
Iter 30 of 344 Loss: -0.085958, NCC_Loss: -0.088737, Reg: 0.002780
Iter 40 of 344 Loss: -0.082370, NCC_Loss: -0.085505, Reg: 0.003135
Iter 50 of 344 Loss: -0.078842, NCC_Loss: -0.081661, Reg: 0.002819
Iter 60 of 344 Loss: -0.078186, NCC_Loss: -0.081178, Reg: 0.002992
Iter 70 of 344 Loss: -0.078611, NCC_Loss: -0.081918, Reg: 0.003307
Iter 80 of 344 Loss: -0.084846, NCC_Loss: -0.087749, Reg: 0.002903
Iter 90 of 344 Loss: -0.077533, NCC_Loss: -0.080757, Reg: 0.003224
Iter 100 of 344 Loss: -0.071599, NCC_Loss: -0.074832, Reg: 0.003233
Iter 110 of 344 Loss: -0.077604, NCC_Loss: -0.080252, Reg: 0.002648
Iter 120 of 344 Loss: -0.075075, NCC_Loss: -0.078010, Reg: 0.002936
Iter 130 of 344 Loss: -0.081177, NCC_Loss: -0.083931, Reg: 0.002753
Iter 140 of 344 Loss: -0.074459, NCC_Loss: -0.077310, Reg: 0.002851
Iter 150 of 344 Loss: -0.079654, NCC_Loss: -0.082326, Reg: 0.002672
Iter 160 of 344 Loss: -0.076023, NCC_Loss: -0.078909, Reg: 0.002886
Iter 170 of 344 Loss: -0.077543, NCC_Loss: -0.080242, Reg: 0.002699
Iter 180 of 344 Loss: -0.077747, NCC_Loss: -0.080707, Reg: 0.002961
Iter 190 of 344 Loss: -0.076107, NCC_Loss: -0.078835, Reg: 0.002728
Iter 200 of 344 Loss: -0.076429, NCC_Loss: -0.079384, Reg: 0.002956
Iter 210 of 344 Loss: -0.079141, NCC_Loss: -0.082014, Reg: 0.002873
Iter 220 of 344 Loss: -0.083730, NCC_Loss: -0.086773, Reg: 0.003042
Iter 230 of 344 Loss: -0.075277, NCC_Loss: -0.078271, Reg: 0.002994
Iter 240 of 344 Loss: -0.075572, NCC_Loss: -0.078653, Reg: 0.003081
Iter 250 of 344 Loss: -0.076503, NCC_Loss: -0.079317, Reg: 0.002814
Iter 260 of 344 Loss: -0.075236, NCC_Loss: -0.078234, Reg: 0.002998
Iter 270 of 344 Loss: -0.077422, NCC_Loss: -0.080316, Reg: 0.002894
Iter 280 of 344 Loss: -0.075582, NCC_Loss: -0.078402, Reg: 0.002819
Iter 290 of 344 Loss: -0.074161, NCC_Loss: -0.076894, Reg: 0.002732
Iter 300 of 344 Loss: -0.079250, NCC_Loss: -0.082083, Reg: 0.002833
Iter 310 of 344 Loss: -0.082198, NCC_Loss: -0.084829, Reg: 0.002631
Iter 320 of 344 Loss: -0.081840, NCC_Loss: -0.084984, Reg: 0.003144
Iter 330 of 344 Loss: -0.082209, NCC_Loss: -0.084892, Reg: 0.002683
Iter 340 of 344 Loss: -0.079083, NCC_Loss: -0.082035, Reg: 0.002952
Epoch 377 Loss: -0.078449
Epoch 377 Validation: Mean EPE: 7.2745, Mean SSIM: 0.1858, Mean ZNCC: -0.0374
Epoch 378 starts
Iter 10 of 344 Loss: -0.075725, NCC_Loss: -0.078919, Reg: 0.003194
Iter 20 of 344 Loss: -0.076665, NCC_Loss: -0.079360, Reg: 0.002694
Iter 30 of 344 Loss: -0.081963, NCC_Loss: -0.085084, Reg: 0.003121
Iter 40 of 344 Loss: -0.093463, NCC_Loss: -0.096284, Reg: 0.002822
Iter 50 of 344 Loss: -0.076895, NCC_Loss: -0.079826, Reg: 0.002931
Iter 60 of 344 Loss: -0.064406, NCC_Loss: -0.067256, Reg: 0.002851
Iter 70 of 344 Loss: -0.083722, NCC_Loss: -0.086611, Reg: 0.002888
Iter 80 of 344 Loss: -0.073511, NCC_Loss: -0.076288, Reg: 0.002777
Iter 90 of 344 Loss: -0.075789, NCC_Loss: -0.078782, Reg: 0.002994
Iter 100 of 344 Loss: -0.086726, NCC_Loss: -0.090042, Reg: 0.003316
Iter 110 of 344 Loss: -0.080412, NCC_Loss: -0.083086, Reg: 0.002674
Iter 120 of 344 Loss: -0.073938, NCC_Loss: -0.076601, Reg: 0.002663
Iter 130 of 344 Loss: -0.082093, NCC_Loss: -0.084837, Reg: 0.002744
Iter 140 of 344 Loss: -0.081295, NCC_Loss: -0.084074, Reg: 0.002779
Iter 150 of 344 Loss: -0.071122, NCC_Loss: -0.074115, Reg: 0.002992
Iter 160 of 344 Loss: -0.074551, NCC_Loss: -0.077289, Reg: 0.002738
Iter 170 of 344 Loss: -0.074380, NCC_Loss: -0.077056, Reg: 0.002676
Iter 180 of 344 Loss: -0.083285, NCC_Loss: -0.086291, Reg: 0.003006
Iter 190 of 344 Loss: -0.076481, NCC_Loss: -0.079500, Reg: 0.003019
Iter 200 of 344 Loss: -0.076880, NCC_Loss: -0.079681, Reg: 0.002801
Iter 210 of 344 Loss: -0.081649, NCC_Loss: -0.084753, Reg: 0.003104
Iter 220 of 344 Loss: -0.080791, NCC_Loss: -0.083747, Reg: 0.002956
Iter 230 of 344 Loss: -0.073394, NCC_Loss: -0.076230, Reg: 0.002835
Iter 240 of 344 Loss: -0.084132, NCC_Loss: -0.086776, Reg: 0.002644
Iter 250 of 344 Loss: -0.084916, NCC_Loss: -0.088123, Reg: 0.003207
Iter 260 of 344 Loss: -0.082071, NCC_Loss: -0.085328, Reg: 0.003257
Iter 270 of 344 Loss: -0.075771, NCC_Loss: -0.079104, Reg: 0.003333
Iter 280 of 344 Loss: -0.076867, NCC_Loss: -0.079930, Reg: 0.003064
Iter 290 of 344 Loss: -0.081438, NCC_Loss: -0.084639, Reg: 0.003201
Iter 300 of 344 Loss: -0.080934, NCC_Loss: -0.084243, Reg: 0.003309
Iter 310 of 344 Loss: -0.079284, NCC_Loss: -0.082219, Reg: 0.002935
Iter 320 of 344 Loss: -0.076041, NCC_Loss: -0.078858, Reg: 0.002817
Iter 330 of 344 Loss: -0.081895, NCC_Loss: -0.084834, Reg: 0.002939
Iter 340 of 344 Loss: -0.068310, NCC_Loss: -0.071492, Reg: 0.003182
Epoch 378 Loss: -0.078457
Epoch 378 Validation: Mean EPE: 7.2746, Mean SSIM: 0.1858, Mean ZNCC: -0.0374
Epoch 379 starts
Iter 10 of 344 Loss: -0.080063, NCC_Loss: -0.083034, Reg: 0.002972
Iter 20 of 344 Loss: -0.080054, NCC_Loss: -0.082731, Reg: 0.002678
Iter 30 of 344 Loss: -0.076684, NCC_Loss: -0.079900, Reg: 0.003216
Iter 40 of 344 Loss: -0.081473, NCC_Loss: -0.084573, Reg: 0.003100
Iter 50 of 344 Loss: -0.083901, NCC_Loss: -0.087005, Reg: 0.003104
Iter 60 of 344 Loss: -0.074912, NCC_Loss: -0.077595, Reg: 0.002682
Iter 70 of 344 Loss: -0.079096, NCC_Loss: -0.081908, Reg: 0.002812
Iter 80 of 344 Loss: -0.077244, NCC_Loss: -0.079826, Reg: 0.002582
Iter 90 of 344 Loss: -0.080159, NCC_Loss: -0.083229, Reg: 0.003071
Iter 100 of 344 Loss: -0.076578, NCC_Loss: -0.079456, Reg: 0.002878
Iter 110 of 344 Loss: -0.080611, NCC_Loss: -0.083848, Reg: 0.003238
Iter 120 of 344 Loss: -0.076709, NCC_Loss: -0.079659, Reg: 0.002950
Iter 130 of 344 Loss: -0.074980, NCC_Loss: -0.077755, Reg: 0.002775
Iter 140 of 344 Loss: -0.077960, NCC_Loss: -0.080639, Reg: 0.002679
Iter 150 of 344 Loss: -0.074524, NCC_Loss: -0.077571, Reg: 0.003047
Iter 160 of 344 Loss: -0.078281, NCC_Loss: -0.081310, Reg: 0.003029
Iter 170 of 344 Loss: -0.084080, NCC_Loss: -0.086889, Reg: 0.002809
Iter 180 of 344 Loss: -0.078415, NCC_Loss: -0.081154, Reg: 0.002739
Iter 190 of 344 Loss: -0.082244, NCC_Loss: -0.084973, Reg: 0.002729
Iter 200 of 344 Loss: -0.081268, NCC_Loss: -0.084080, Reg: 0.002812
Iter 210 of 344 Loss: -0.069610, NCC_Loss: -0.072220, Reg: 0.002610
Iter 220 of 344 Loss: -0.080307, NCC_Loss: -0.083449, Reg: 0.003142
Iter 230 of 344 Loss: -0.077902, NCC_Loss: -0.080960, Reg: 0.003058
Iter 240 of 344 Loss: -0.083578, NCC_Loss: -0.086754, Reg: 0.003176
Iter 250 of 344 Loss: -0.078208, NCC_Loss: -0.081007, Reg: 0.002800
Iter 260 of 344 Loss: -0.076496, NCC_Loss: -0.079287, Reg: 0.002791
Iter 270 of 344 Loss: -0.075965, NCC_Loss: -0.078660, Reg: 0.002695
Iter 280 of 344 Loss: -0.078182, NCC_Loss: -0.081415, Reg: 0.003233
Iter 290 of 344 Loss: -0.075582, NCC_Loss: -0.078444, Reg: 0.002862
Iter 300 of 344 Loss: -0.078819, NCC_Loss: -0.081864, Reg: 0.003045
Iter 310 of 344 Loss: -0.073773, NCC_Loss: -0.076366, Reg: 0.002593
Iter 320 of 344 Loss: -0.081914, NCC_Loss: -0.084863, Reg: 0.002949
Iter 330 of 344 Loss: -0.076249, NCC_Loss: -0.079150, Reg: 0.002901
Iter 340 of 344 Loss: -0.080393, NCC_Loss: -0.083288, Reg: 0.002895
Epoch 379 Loss: -0.078467
Epoch 379 Validation: Mean EPE: 7.2746, Mean SSIM: 0.1858, Mean ZNCC: -0.0374
Epoch 380 starts
Iter 10 of 344 Loss: -0.078937, NCC_Loss: -0.081229, Reg: 0.002292
Iter 20 of 344 Loss: -0.073265, NCC_Loss: -0.076249, Reg: 0.002984
Iter 30 of 344 Loss: -0.077558, NCC_Loss: -0.080342, Reg: 0.002783
Iter 40 of 344 Loss: -0.077219, NCC_Loss: -0.080094, Reg: 0.002874
Iter 50 of 344 Loss: -0.085768, NCC_Loss: -0.088636, Reg: 0.002868
Iter 60 of 344 Loss: -0.074020, NCC_Loss: -0.077199, Reg: 0.003180
Iter 70 of 344 Loss: -0.077000, NCC_Loss: -0.079600, Reg: 0.002601
Iter 80 of 344 Loss: -0.073685, NCC_Loss: -0.076696, Reg: 0.003011
Iter 90 of 344 Loss: -0.081076, NCC_Loss: -0.084071, Reg: 0.002995
Iter 100 of 344 Loss: -0.080385, NCC_Loss: -0.083372, Reg: 0.002987
Iter 110 of 344 Loss: -0.075569, NCC_Loss: -0.078977, Reg: 0.003408
Iter 120 of 344 Loss: -0.082398, NCC_Loss: -0.085612, Reg: 0.003213
Iter 130 of 344 Loss: -0.078060, NCC_Loss: -0.081464, Reg: 0.003404
Iter 140 of 344 Loss: -0.085584, NCC_Loss: -0.088475, Reg: 0.002891
Iter 150 of 344 Loss: -0.079397, NCC_Loss: -0.082417, Reg: 0.003020
Iter 160 of 344 Loss: -0.077307, NCC_Loss: -0.079875, Reg: 0.002569
Iter 170 of 344 Loss: -0.078190, NCC_Loss: -0.081292, Reg: 0.003102
Iter 180 of 344 Loss: -0.071327, NCC_Loss: -0.073936, Reg: 0.002609
Iter 190 of 344 Loss: -0.077401, NCC_Loss: -0.080593, Reg: 0.003192
Iter 200 of 344 Loss: -0.079600, NCC_Loss: -0.082454, Reg: 0.002854
Iter 210 of 344 Loss: -0.077893, NCC_Loss: -0.081316, Reg: 0.003423
Iter 220 of 344 Loss: -0.075844, NCC_Loss: -0.078757, Reg: 0.002913
Iter 230 of 344 Loss: -0.071790, NCC_Loss: -0.074676, Reg: 0.002887
Iter 240 of 344 Loss: -0.077998, NCC_Loss: -0.080878, Reg: 0.002880
Iter 250 of 344 Loss: -0.079014, NCC_Loss: -0.082070, Reg: 0.003055
Iter 260 of 344 Loss: -0.079821, NCC_Loss: -0.082651, Reg: 0.002830
Iter 270 of 344 Loss: -0.076683, NCC_Loss: -0.079674, Reg: 0.002991
Iter 280 of 344 Loss: -0.079958, NCC_Loss: -0.082973, Reg: 0.003015
Iter 290 of 344 Loss: -0.077776, NCC_Loss: -0.080369, Reg: 0.002594
Iter 300 of 344 Loss: -0.075035, NCC_Loss: -0.078218, Reg: 0.003183
Iter 310 of 344 Loss: -0.080529, NCC_Loss: -0.083563, Reg: 0.003034
Iter 320 of 344 Loss: -0.076005, NCC_Loss: -0.078906, Reg: 0.002900
Iter 330 of 344 Loss: -0.078727, NCC_Loss: -0.081596, Reg: 0.002869
Iter 340 of 344 Loss: -0.080520, NCC_Loss: -0.083596, Reg: 0.003076
Epoch 380 Loss: -0.078473
Epoch 380 Validation: Mean EPE: 7.2746, Mean SSIM: 0.1858, Mean ZNCC: -0.0374
Epoch 381 starts
Iter 10 of 344 Loss: -0.080657, NCC_Loss: -0.083226, Reg: 0.002568
Iter 20 of 344 Loss: -0.082612, NCC_Loss: -0.085606, Reg: 0.002994
Iter 30 of 344 Loss: -0.080280, NCC_Loss: -0.083204, Reg: 0.002923
Iter 40 of 344 Loss: -0.078018, NCC_Loss: -0.081000, Reg: 0.002982
Iter 50 of 344 Loss: -0.075955, NCC_Loss: -0.078690, Reg: 0.002735
Iter 60 of 344 Loss: -0.080131, NCC_Loss: -0.083279, Reg: 0.003148
Iter 70 of 344 Loss: -0.076736, NCC_Loss: -0.079553, Reg: 0.002817
Iter 80 of 344 Loss: -0.077297, NCC_Loss: -0.080150, Reg: 0.002853
Iter 90 of 344 Loss: -0.081018, NCC_Loss: -0.083794, Reg: 0.002776
Iter 100 of 344 Loss: -0.077694, NCC_Loss: -0.080521, Reg: 0.002827
Iter 110 of 344 Loss: -0.080303, NCC_Loss: -0.083318, Reg: 0.003015
Iter 120 of 344 Loss: -0.078246, NCC_Loss: -0.081373, Reg: 0.003126
Iter 130 of 344 Loss: -0.079821, NCC_Loss: -0.082559, Reg: 0.002738
Iter 140 of 344 Loss: -0.074064, NCC_Loss: -0.077189, Reg: 0.003126
Iter 150 of 344 Loss: -0.079015, NCC_Loss: -0.081626, Reg: 0.002611
Iter 160 of 344 Loss: -0.075634, NCC_Loss: -0.078434, Reg: 0.002800
Iter 170 of 344 Loss: -0.076586, NCC_Loss: -0.079399, Reg: 0.002814
Iter 180 of 344 Loss: -0.077656, NCC_Loss: -0.080563, Reg: 0.002907
Iter 190 of 344 Loss: -0.081250, NCC_Loss: -0.084235, Reg: 0.002985
Iter 200 of 344 Loss: -0.077300, NCC_Loss: -0.080086, Reg: 0.002786
Iter 210 of 344 Loss: -0.074879, NCC_Loss: -0.078111, Reg: 0.003232
Iter 220 of 344 Loss: -0.078914, NCC_Loss: -0.081738, Reg: 0.002824
Iter 230 of 344 Loss: -0.077226, NCC_Loss: -0.079963, Reg: 0.002737
Iter 240 of 344 Loss: -0.080996, NCC_Loss: -0.084241, Reg: 0.003245
Iter 250 of 344 Loss: -0.078105, NCC_Loss: -0.081060, Reg: 0.002955
Iter 260 of 344 Loss: -0.081282, NCC_Loss: -0.084248, Reg: 0.002966
Iter 270 of 344 Loss: -0.079731, NCC_Loss: -0.082573, Reg: 0.002842
Iter 280 of 344 Loss: -0.079820, NCC_Loss: -0.082494, Reg: 0.002674
Iter 290 of 344 Loss: -0.081113, NCC_Loss: -0.083755, Reg: 0.002642
Iter 300 of 344 Loss: -0.078784, NCC_Loss: -0.081507, Reg: 0.002723
Iter 310 of 344 Loss: -0.077680, NCC_Loss: -0.080646, Reg: 0.002967
Iter 320 of 344 Loss: -0.074642, NCC_Loss: -0.077617, Reg: 0.002975
Iter 330 of 344 Loss: -0.081400, NCC_Loss: -0.084196, Reg: 0.002796
Iter 340 of 344 Loss: -0.068055, NCC_Loss: -0.070706, Reg: 0.002651
Epoch 381 Loss: -0.078481
Epoch 381 Validation: Mean EPE: 7.2747, Mean SSIM: 0.1858, Mean ZNCC: -0.0374
Epoch 382 starts
Iter 10 of 344 Loss: -0.080013, NCC_Loss: -0.083305, Reg: 0.003292
Iter 20 of 344 Loss: -0.078507, NCC_Loss: -0.081187, Reg: 0.002679
Iter 30 of 344 Loss: -0.077477, NCC_Loss: -0.080082, Reg: 0.002605
Iter 40 of 344 Loss: -0.076806, NCC_Loss: -0.079678, Reg: 0.002873
Iter 50 of 344 Loss: -0.082657, NCC_Loss: -0.085217, Reg: 0.002560
Iter 60 of 344 Loss: -0.082600, NCC_Loss: -0.085389, Reg: 0.002789
Iter 70 of 344 Loss: -0.081987, NCC_Loss: -0.084962, Reg: 0.002975
Iter 80 of 344 Loss: -0.082148, NCC_Loss: -0.085014, Reg: 0.002866
Iter 90 of 344 Loss: -0.080261, NCC_Loss: -0.083310, Reg: 0.003049
Iter 100 of 344 Loss: -0.082014, NCC_Loss: -0.084759, Reg: 0.002745
Iter 110 of 344 Loss: -0.084471, NCC_Loss: -0.087686, Reg: 0.003215
Iter 120 of 344 Loss: -0.078578, NCC_Loss: -0.081566, Reg: 0.002988
Iter 130 of 344 Loss: -0.079472, NCC_Loss: -0.082510, Reg: 0.003038
Iter 140 of 344 Loss: -0.081872, NCC_Loss: -0.084725, Reg: 0.002853
Iter 150 of 344 Loss: -0.080151, NCC_Loss: -0.083513, Reg: 0.003362
Iter 160 of 344 Loss: -0.072678, NCC_Loss: -0.075836, Reg: 0.003158
Iter 170 of 344 Loss: -0.078602, NCC_Loss: -0.081787, Reg: 0.003184
Iter 180 of 344 Loss: -0.081555, NCC_Loss: -0.084891, Reg: 0.003335
Iter 190 of 344 Loss: -0.077176, NCC_Loss: -0.080381, Reg: 0.003205
Iter 200 of 344 Loss: -0.075832, NCC_Loss: -0.078100, Reg: 0.002268
Iter 210 of 344 Loss: -0.084049, NCC_Loss: -0.086801, Reg: 0.002753
Iter 220 of 344 Loss: -0.081121, NCC_Loss: -0.083749, Reg: 0.002627
Iter 230 of 344 Loss: -0.074481, NCC_Loss: -0.077634, Reg: 0.003153
Iter 240 of 344 Loss: -0.077784, NCC_Loss: -0.080254, Reg: 0.002470
Iter 250 of 344 Loss: -0.078952, NCC_Loss: -0.081715, Reg: 0.002763
Iter 260 of 344 Loss: -0.081166, NCC_Loss: -0.084072, Reg: 0.002906
Iter 270 of 344 Loss: -0.072490, NCC_Loss: -0.075318, Reg: 0.002828
Iter 280 of 344 Loss: -0.081359, NCC_Loss: -0.084006, Reg: 0.002647
Iter 290 of 344 Loss: -0.081871, NCC_Loss: -0.084864, Reg: 0.002994
Iter 300 of 344 Loss: -0.080038, NCC_Loss: -0.083065, Reg: 0.003027
Iter 310 of 344 Loss: -0.079400, NCC_Loss: -0.082707, Reg: 0.003307
Iter 320 of 344 Loss: -0.082084, NCC_Loss: -0.084879, Reg: 0.002795
Iter 330 of 344 Loss: -0.079344, NCC_Loss: -0.082074, Reg: 0.002730
Iter 340 of 344 Loss: -0.078429, NCC_Loss: -0.081727, Reg: 0.003298
Epoch 382 Loss: -0.078486
Epoch 382 Validation: Mean EPE: 7.2747, Mean SSIM: 0.1859, Mean ZNCC: -0.0374
Epoch 383 starts
Iter 10 of 344 Loss: -0.079863, NCC_Loss: -0.082974, Reg: 0.003111
Iter 20 of 344 Loss: -0.078198, NCC_Loss: -0.081234, Reg: 0.003035
Iter 30 of 344 Loss: -0.077592, NCC_Loss: -0.080157, Reg: 0.002565
Iter 40 of 344 Loss: -0.078287, NCC_Loss: -0.081074, Reg: 0.002787
Iter 50 of 344 Loss: -0.082101, NCC_Loss: -0.085079, Reg: 0.002977
Iter 60 of 344 Loss: -0.077370, NCC_Loss: -0.080451, Reg: 0.003081
Iter 70 of 344 Loss: -0.081018, NCC_Loss: -0.083996, Reg: 0.002978
Iter 80 of 344 Loss: -0.084710, NCC_Loss: -0.087817, Reg: 0.003107
Iter 90 of 344 Loss: -0.071503, NCC_Loss: -0.074092, Reg: 0.002590
Iter 100 of 344 Loss: -0.082748, NCC_Loss: -0.085488, Reg: 0.002740
Iter 110 of 344 Loss: -0.076768, NCC_Loss: -0.079612, Reg: 0.002844
Iter 120 of 344 Loss: -0.082285, NCC_Loss: -0.085266, Reg: 0.002981
Iter 130 of 344 Loss: -0.079470, NCC_Loss: -0.082282, Reg: 0.002812
Iter 140 of 344 Loss: -0.074154, NCC_Loss: -0.077175, Reg: 0.003021
Iter 150 of 344 Loss: -0.080684, NCC_Loss: -0.083240, Reg: 0.002555
Iter 160 of 344 Loss: -0.076878, NCC_Loss: -0.080014, Reg: 0.003136
Iter 170 of 344 Loss: -0.078538, NCC_Loss: -0.081533, Reg: 0.002995
Iter 180 of 344 Loss: -0.075721, NCC_Loss: -0.079019, Reg: 0.003297
Iter 190 of 344 Loss: -0.078010, NCC_Loss: -0.081229, Reg: 0.003220
Iter 200 of 344 Loss: -0.073319, NCC_Loss: -0.076494, Reg: 0.003175
Iter 210 of 344 Loss: -0.076499, NCC_Loss: -0.079515, Reg: 0.003016
Iter 220 of 344 Loss: -0.078768, NCC_Loss: -0.081403, Reg: 0.002635
Iter 230 of 344 Loss: -0.078825, NCC_Loss: -0.081553, Reg: 0.002728
Iter 240 of 344 Loss: -0.074388, NCC_Loss: -0.077455, Reg: 0.003066
Iter 250 of 344 Loss: -0.077467, NCC_Loss: -0.080092, Reg: 0.002625
Iter 260 of 344 Loss: -0.076750, NCC_Loss: -0.079842, Reg: 0.003093
Iter 270 of 344 Loss: -0.080592, NCC_Loss: -0.083660, Reg: 0.003068
Iter 280 of 344 Loss: -0.075655, NCC_Loss: -0.078600, Reg: 0.002946
Iter 290 of 344 Loss: -0.080443, NCC_Loss: -0.083746, Reg: 0.003302
Iter 300 of 344 Loss: -0.075588, NCC_Loss: -0.078531, Reg: 0.002943
Iter 310 of 344 Loss: -0.082350, NCC_Loss: -0.085355, Reg: 0.003005
Iter 320 of 344 Loss: -0.073645, NCC_Loss: -0.076665, Reg: 0.003020
Iter 330 of 344 Loss: -0.076592, NCC_Loss: -0.079912, Reg: 0.003320
Iter 340 of 344 Loss: -0.079418, NCC_Loss: -0.082553, Reg: 0.003135
Epoch 383 Loss: -0.078492
Epoch 383 Validation: Mean EPE: 7.2747, Mean SSIM: 0.1859, Mean ZNCC: -0.0374
Epoch 384 starts
Iter 10 of 344 Loss: -0.085100, NCC_Loss: -0.088009, Reg: 0.002909
Iter 20 of 344 Loss: -0.078738, NCC_Loss: -0.081716, Reg: 0.002978
Iter 30 of 344 Loss: -0.081292, NCC_Loss: -0.084454, Reg: 0.003162
Iter 40 of 344 Loss: -0.082157, NCC_Loss: -0.085333, Reg: 0.003176
Iter 50 of 344 Loss: -0.082281, NCC_Loss: -0.085240, Reg: 0.002959
Iter 60 of 344 Loss: -0.072539, NCC_Loss: -0.075532, Reg: 0.002994
Iter 70 of 344 Loss: -0.072883, NCC_Loss: -0.075599, Reg: 0.002716
Iter 80 of 344 Loss: -0.084316, NCC_Loss: -0.087099, Reg: 0.002783
Iter 90 of 344 Loss: -0.075745, NCC_Loss: -0.078657, Reg: 0.002913
Iter 100 of 344 Loss: -0.077907, NCC_Loss: -0.080574, Reg: 0.002668
Iter 110 of 344 Loss: -0.074855, NCC_Loss: -0.077522, Reg: 0.002667
Iter 120 of 344 Loss: -0.080675, NCC_Loss: -0.083410, Reg: 0.002735
Iter 130 of 344 Loss: -0.089730, NCC_Loss: -0.092741, Reg: 0.003010
Iter 140 of 344 Loss: -0.079121, NCC_Loss: -0.082056, Reg: 0.002935
Iter 150 of 344 Loss: -0.076645, NCC_Loss: -0.079509, Reg: 0.002864
Iter 160 of 344 Loss: -0.082314, NCC_Loss: -0.085500, Reg: 0.003186
Iter 170 of 344 Loss: -0.076713, NCC_Loss: -0.079916, Reg: 0.003202
Iter 180 of 344 Loss: -0.074586, NCC_Loss: -0.077745, Reg: 0.003159
Iter 190 of 344 Loss: -0.080177, NCC_Loss: -0.082886, Reg: 0.002708
Iter 200 of 344 Loss: -0.068471, NCC_Loss: -0.071224, Reg: 0.002753
Iter 210 of 344 Loss: -0.082944, NCC_Loss: -0.085538, Reg: 0.002594
Iter 220 of 344 Loss: -0.075367, NCC_Loss: -0.078176, Reg: 0.002808
Iter 230 of 344 Loss: -0.077244, NCC_Loss: -0.080032, Reg: 0.002788
Iter 240 of 344 Loss: -0.074314, NCC_Loss: -0.077084, Reg: 0.002770
Iter 250 of 344 Loss: -0.080832, NCC_Loss: -0.083897, Reg: 0.003065
Iter 260 of 344 Loss: -0.080002, NCC_Loss: -0.083029, Reg: 0.003028
Iter 270 of 344 Loss: -0.077835, NCC_Loss: -0.080919, Reg: 0.003085
Iter 280 of 344 Loss: -0.076358, NCC_Loss: -0.079354, Reg: 0.002996
Iter 290 of 344 Loss: -0.078102, NCC_Loss: -0.081043, Reg: 0.002941
Iter 300 of 344 Loss: -0.075258, NCC_Loss: -0.078122, Reg: 0.002865
Iter 310 of 344 Loss: -0.082042, NCC_Loss: -0.084951, Reg: 0.002908
Iter 320 of 344 Loss: -0.086435, NCC_Loss: -0.089505, Reg: 0.003070
Iter 330 of 344 Loss: -0.071173, NCC_Loss: -0.073864, Reg: 0.002691
Iter 340 of 344 Loss: -0.078130, NCC_Loss: -0.081236, Reg: 0.003106
Epoch 384 Loss: -0.078501
Epoch 384 Validation: Mean EPE: 7.2747, Mean SSIM: 0.1859, Mean ZNCC: -0.0374
Epoch 385 starts
Iter 10 of 344 Loss: -0.078684, NCC_Loss: -0.082204, Reg: 0.003520
Iter 20 of 344 Loss: -0.079704, NCC_Loss: -0.082861, Reg: 0.003157
Iter 30 of 344 Loss: -0.085293, NCC_Loss: -0.088309, Reg: 0.003016
Iter 40 of 344 Loss: -0.072577, NCC_Loss: -0.075598, Reg: 0.003021
Iter 50 of 344 Loss: -0.075581, NCC_Loss: -0.078723, Reg: 0.003141
Iter 60 of 344 Loss: -0.082372, NCC_Loss: -0.085206, Reg: 0.002835
Iter 70 of 344 Loss: -0.075677, NCC_Loss: -0.078486, Reg: 0.002809
Iter 80 of 344 Loss: -0.075582, NCC_Loss: -0.078235, Reg: 0.002653
Iter 90 of 344 Loss: -0.073884, NCC_Loss: -0.076856, Reg: 0.002973
Iter 100 of 344 Loss: -0.073217, NCC_Loss: -0.075883, Reg: 0.002665
Iter 110 of 344 Loss: -0.077050, NCC_Loss: -0.080031, Reg: 0.002981
Iter 120 of 344 Loss: -0.069834, NCC_Loss: -0.072724, Reg: 0.002890
Iter 130 of 344 Loss: -0.076890, NCC_Loss: -0.079769, Reg: 0.002879
Iter 140 of 344 Loss: -0.077373, NCC_Loss: -0.080383, Reg: 0.003010
Iter 150 of 344 Loss: -0.072972, NCC_Loss: -0.076185, Reg: 0.003213
Iter 160 of 344 Loss: -0.086116, NCC_Loss: -0.088956, Reg: 0.002840
Iter 170 of 344 Loss: -0.083558, NCC_Loss: -0.086397, Reg: 0.002839
Iter 180 of 344 Loss: -0.074219, NCC_Loss: -0.077210, Reg: 0.002991
Iter 190 of 344 Loss: -0.078098, NCC_Loss: -0.081288, Reg: 0.003190
Iter 200 of 344 Loss: -0.073825, NCC_Loss: -0.076592, Reg: 0.002767
Iter 210 of 344 Loss: -0.074628, NCC_Loss: -0.077679, Reg: 0.003052
Iter 220 of 344 Loss: -0.082867, NCC_Loss: -0.085574, Reg: 0.002707
Iter 230 of 344 Loss: -0.077723, NCC_Loss: -0.080652, Reg: 0.002929
Iter 240 of 344 Loss: -0.077141, NCC_Loss: -0.080216, Reg: 0.003075
Iter 250 of 344 Loss: -0.081061, NCC_Loss: -0.083983, Reg: 0.002922
Iter 260 of 344 Loss: -0.082341, NCC_Loss: -0.085409, Reg: 0.003068
Iter 270 of 344 Loss: -0.080310, NCC_Loss: -0.083250, Reg: 0.002940
Iter 280 of 344 Loss: -0.086260, NCC_Loss: -0.089237, Reg: 0.002977
Iter 290 of 344 Loss: -0.074436, NCC_Loss: -0.077497, Reg: 0.003061
Iter 300 of 344 Loss: -0.076280, NCC_Loss: -0.078984, Reg: 0.002704
Iter 310 of 344 Loss: -0.067684, NCC_Loss: -0.070502, Reg: 0.002819
Iter 320 of 344 Loss: -0.076730, NCC_Loss: -0.079389, Reg: 0.002659
Iter 330 of 344 Loss: -0.083061, NCC_Loss: -0.086109, Reg: 0.003047
Iter 340 of 344 Loss: -0.080365, NCC_Loss: -0.083396, Reg: 0.003031
Epoch 385 Loss: -0.078510
Epoch 385 Validation: Mean EPE: 7.2748, Mean SSIM: 0.1859, Mean ZNCC: -0.0374
Epoch 386 starts
Iter 10 of 344 Loss: -0.079899, NCC_Loss: -0.082929, Reg: 0.003030
Iter 20 of 344 Loss: -0.079830, NCC_Loss: -0.082763, Reg: 0.002933
Iter 30 of 344 Loss: -0.076364, NCC_Loss: -0.079386, Reg: 0.003022
Iter 40 of 344 Loss: -0.076149, NCC_Loss: -0.079349, Reg: 0.003201
Iter 50 of 344 Loss: -0.076621, NCC_Loss: -0.079328, Reg: 0.002707
Iter 60 of 344 Loss: -0.080683, NCC_Loss: -0.083694, Reg: 0.003011
Iter 70 of 344 Loss: -0.080081, NCC_Loss: -0.082964, Reg: 0.002883
Iter 80 of 344 Loss: -0.083742, NCC_Loss: -0.086547, Reg: 0.002805
Iter 90 of 344 Loss: -0.081089, NCC_Loss: -0.083700, Reg: 0.002610
Iter 100 of 344 Loss: -0.078112, NCC_Loss: -0.080857, Reg: 0.002745
Iter 110 of 344 Loss: -0.079153, NCC_Loss: -0.081996, Reg: 0.002843
Iter 120 of 344 Loss: -0.076934, NCC_Loss: -0.080251, Reg: 0.003316
Iter 130 of 344 Loss: -0.081608, NCC_Loss: -0.084319, Reg: 0.002711
Iter 140 of 344 Loss: -0.078131, NCC_Loss: -0.080877, Reg: 0.002746
Iter 150 of 344 Loss: -0.079679, NCC_Loss: -0.082898, Reg: 0.003219
Iter 160 of 344 Loss: -0.077561, NCC_Loss: -0.080617, Reg: 0.003055
Iter 170 of 344 Loss: -0.075542, NCC_Loss: -0.078148, Reg: 0.002606
Iter 180 of 344 Loss: -0.078803, NCC_Loss: -0.081779, Reg: 0.002976
Iter 190 of 344 Loss: -0.072042, NCC_Loss: -0.074858, Reg: 0.002816
Iter 200 of 344 Loss: -0.068693, NCC_Loss: -0.071763, Reg: 0.003070
Iter 210 of 344 Loss: -0.076390, NCC_Loss: -0.079170, Reg: 0.002780
Iter 220 of 344 Loss: -0.078802, NCC_Loss: -0.081373, Reg: 0.002571
Iter 230 of 344 Loss: -0.076580, NCC_Loss: -0.079606, Reg: 0.003025
Iter 240 of 344 Loss: -0.075312, NCC_Loss: -0.078154, Reg: 0.002841
Iter 250 of 344 Loss: -0.079411, NCC_Loss: -0.082452, Reg: 0.003041
Iter 260 of 344 Loss: -0.078197, NCC_Loss: -0.081370, Reg: 0.003172
Iter 270 of 344 Loss: -0.081769, NCC_Loss: -0.084799, Reg: 0.003030
Iter 280 of 344 Loss: -0.076793, NCC_Loss: -0.079550, Reg: 0.002757
Iter 290 of 344 Loss: -0.079313, NCC_Loss: -0.082100, Reg: 0.002787
Iter 300 of 344 Loss: -0.080084, NCC_Loss: -0.083163, Reg: 0.003078
Iter 310 of 344 Loss: -0.078707, NCC_Loss: -0.081253, Reg: 0.002546
Iter 320 of 344 Loss: -0.078396, NCC_Loss: -0.081187, Reg: 0.002791
Iter 330 of 344 Loss: -0.085773, NCC_Loss: -0.088705, Reg: 0.002932
Iter 340 of 344 Loss: -0.079896, NCC_Loss: -0.082448, Reg: 0.002553
Epoch 386 Loss: -0.078529
Epoch 386 Validation: Mean EPE: 7.2747, Mean SSIM: 0.1859, Mean ZNCC: -0.0373
Epoch 387 starts
Iter 10 of 344 Loss: -0.076343, NCC_Loss: -0.079218, Reg: 0.002875
Iter 20 of 344 Loss: -0.083663, NCC_Loss: -0.086806, Reg: 0.003143
Iter 30 of 344 Loss: -0.072794, NCC_Loss: -0.075836, Reg: 0.003042
Iter 40 of 344 Loss: -0.074822, NCC_Loss: -0.077542, Reg: 0.002721
Iter 50 of 344 Loss: -0.082392, NCC_Loss: -0.085267, Reg: 0.002875
Iter 60 of 344 Loss: -0.077930, NCC_Loss: -0.080920, Reg: 0.002990
Iter 70 of 344 Loss: -0.082651, NCC_Loss: -0.085717, Reg: 0.003066
Iter 80 of 344 Loss: -0.079285, NCC_Loss: -0.082133, Reg: 0.002849
Iter 90 of 344 Loss: -0.083720, NCC_Loss: -0.086450, Reg: 0.002730
Iter 100 of 344 Loss: -0.077447, NCC_Loss: -0.080310, Reg: 0.002864
Iter 110 of 344 Loss: -0.074748, NCC_Loss: -0.077635, Reg: 0.002886
Iter 120 of 344 Loss: -0.079137, NCC_Loss: -0.081724, Reg: 0.002588
Iter 130 of 344 Loss: -0.071061, NCC_Loss: -0.073770, Reg: 0.002709
Iter 140 of 344 Loss: -0.078900, NCC_Loss: -0.081892, Reg: 0.002992
Iter 150 of 344 Loss: -0.081074, NCC_Loss: -0.084111, Reg: 0.003036
Iter 160 of 344 Loss: -0.081788, NCC_Loss: -0.084891, Reg: 0.003103
Iter 170 of 344 Loss: -0.083856, NCC_Loss: -0.086616, Reg: 0.002759
Iter 180 of 344 Loss: -0.077104, NCC_Loss: -0.080012, Reg: 0.002908
Iter 190 of 344 Loss: -0.076635, NCC_Loss: -0.079343, Reg: 0.002707
Iter 200 of 344 Loss: -0.075654, NCC_Loss: -0.078622, Reg: 0.002968
Iter 210 of 344 Loss: -0.080518, NCC_Loss: -0.083480, Reg: 0.002962
Iter 220 of 344 Loss: -0.083132, NCC_Loss: -0.086273, Reg: 0.003141
Iter 230 of 344 Loss: -0.079585, NCC_Loss: -0.082497, Reg: 0.002912
Iter 240 of 344 Loss: -0.069093, NCC_Loss: -0.072186, Reg: 0.003094
Iter 250 of 344 Loss: -0.073540, NCC_Loss: -0.076736, Reg: 0.003196
Iter 260 of 344 Loss: -0.079614, NCC_Loss: -0.082623, Reg: 0.003009
Iter 270 of 344 Loss: -0.077696, NCC_Loss: -0.080660, Reg: 0.002964
Iter 280 of 344 Loss: -0.077373, NCC_Loss: -0.080368, Reg: 0.002995
Iter 290 of 344 Loss: -0.082604, NCC_Loss: -0.085355, Reg: 0.002750
Iter 300 of 344 Loss: -0.080942, NCC_Loss: -0.083985, Reg: 0.003044
Iter 310 of 344 Loss: -0.073678, NCC_Loss: -0.076408, Reg: 0.002730
Iter 320 of 344 Loss: -0.074813, NCC_Loss: -0.077895, Reg: 0.003082
Iter 330 of 344 Loss: -0.079506, NCC_Loss: -0.082294, Reg: 0.002788
Iter 340 of 344 Loss: -0.078157, NCC_Loss: -0.080775, Reg: 0.002619
Epoch 387 Loss: -0.078546
Epoch 387 Validation: Mean EPE: 7.2748, Mean SSIM: 0.1859, Mean ZNCC: -0.0373
Epoch 388 starts
Iter 10 of 344 Loss: -0.078433, NCC_Loss: -0.081781, Reg: 0.003347
Iter 20 of 344 Loss: -0.077765, NCC_Loss: -0.080518, Reg: 0.002753
Iter 30 of 344 Loss: -0.089146, NCC_Loss: -0.092040, Reg: 0.002895
Iter 40 of 344 Loss: -0.086320, NCC_Loss: -0.089368, Reg: 0.003048
Iter 50 of 344 Loss: -0.083033, NCC_Loss: -0.086158, Reg: 0.003125
Iter 60 of 344 Loss: -0.078894, NCC_Loss: -0.081556, Reg: 0.002663
Iter 70 of 344 Loss: -0.077782, NCC_Loss: -0.080730, Reg: 0.002947
Iter 80 of 344 Loss: -0.073680, NCC_Loss: -0.076865, Reg: 0.003185
Iter 90 of 344 Loss: -0.088855, NCC_Loss: -0.091690, Reg: 0.002835
Iter 100 of 344 Loss: -0.086179, NCC_Loss: -0.088857, Reg: 0.002678
Iter 110 of 344 Loss: -0.073642, NCC_Loss: -0.076525, Reg: 0.002884
Iter 120 of 344 Loss: -0.077195, NCC_Loss: -0.080199, Reg: 0.003004
Iter 130 of 344 Loss: -0.080481, NCC_Loss: -0.083519, Reg: 0.003039
Iter 140 of 344 Loss: -0.078711, NCC_Loss: -0.081407, Reg: 0.002696
Iter 150 of 344 Loss: -0.074853, NCC_Loss: -0.077760, Reg: 0.002907
Iter 160 of 344 Loss: -0.072352, NCC_Loss: -0.075216, Reg: 0.002864
Iter 170 of 344 Loss: -0.082633, NCC_Loss: -0.085088, Reg: 0.002455
Iter 180 of 344 Loss: -0.074605, NCC_Loss: -0.077649, Reg: 0.003044
Iter 190 of 344 Loss: -0.081123, NCC_Loss: -0.084263, Reg: 0.003140
Iter 200 of 344 Loss: -0.081039, NCC_Loss: -0.084323, Reg: 0.003284
Iter 210 of 344 Loss: -0.086127, NCC_Loss: -0.088778, Reg: 0.002652
Iter 220 of 344 Loss: -0.075685, NCC_Loss: -0.078942, Reg: 0.003258
Iter 230 of 344 Loss: -0.070551, NCC_Loss: -0.073138, Reg: 0.002587
Iter 240 of 344 Loss: -0.074528, NCC_Loss: -0.077466, Reg: 0.002938
Iter 250 of 344 Loss: -0.076799, NCC_Loss: -0.079590, Reg: 0.002791
Iter 260 of 344 Loss: -0.076544, NCC_Loss: -0.079266, Reg: 0.002722
Iter 270 of 344 Loss: -0.084321, NCC_Loss: -0.087017, Reg: 0.002696
Iter 280 of 344 Loss: -0.071293, NCC_Loss: -0.074270, Reg: 0.002977
Iter 290 of 344 Loss: -0.079720, NCC_Loss: -0.082770, Reg: 0.003050
Iter 300 of 344 Loss: -0.079398, NCC_Loss: -0.082011, Reg: 0.002613
Iter 310 of 344 Loss: -0.076683, NCC_Loss: -0.079695, Reg: 0.003012
Iter 320 of 344 Loss: -0.076991, NCC_Loss: -0.079951, Reg: 0.002961
Iter 330 of 344 Loss: -0.072408, NCC_Loss: -0.074972, Reg: 0.002564
Iter 340 of 344 Loss: -0.083760, NCC_Loss: -0.086728, Reg: 0.002968
Epoch 388 Loss: -0.078549
Epoch 388 Validation: Mean EPE: 7.2748, Mean SSIM: 0.1859, Mean ZNCC: -0.0373
Epoch 389 starts
Iter 10 of 344 Loss: -0.080238, NCC_Loss: -0.083426, Reg: 0.003187
Iter 20 of 344 Loss: -0.075903, NCC_Loss: -0.078391, Reg: 0.002488
Iter 30 of 344 Loss: -0.080211, NCC_Loss: -0.082969, Reg: 0.002759
Iter 40 of 344 Loss: -0.077000, NCC_Loss: -0.080126, Reg: 0.003126
Iter 50 of 344 Loss: -0.076645, NCC_Loss: -0.079355, Reg: 0.002709
Iter 60 of 344 Loss: -0.081326, NCC_Loss: -0.084067, Reg: 0.002742
Iter 70 of 344 Loss: -0.074542, NCC_Loss: -0.077287, Reg: 0.002745
Iter 80 of 344 Loss: -0.076309, NCC_Loss: -0.079626, Reg: 0.003318
Iter 90 of 344 Loss: -0.069067, NCC_Loss: -0.071847, Reg: 0.002780
Iter 100 of 344 Loss: -0.077572, NCC_Loss: -0.080611, Reg: 0.003039
Iter 110 of 344 Loss: -0.074200, NCC_Loss: -0.076895, Reg: 0.002695
Iter 120 of 344 Loss: -0.081827, NCC_Loss: -0.084565, Reg: 0.002739
Iter 130 of 344 Loss: -0.070752, NCC_Loss: -0.073757, Reg: 0.003004
Iter 140 of 344 Loss: -0.077114, NCC_Loss: -0.079707, Reg: 0.002593
Iter 150 of 344 Loss: -0.076993, NCC_Loss: -0.079606, Reg: 0.002614
Iter 160 of 344 Loss: -0.074724, NCC_Loss: -0.077568, Reg: 0.002844
Iter 170 of 344 Loss: -0.072603, NCC_Loss: -0.075709, Reg: 0.003106
Iter 180 of 344 Loss: -0.073506, NCC_Loss: -0.076176, Reg: 0.002670
Iter 190 of 344 Loss: -0.077338, NCC_Loss: -0.080328, Reg: 0.002990
Iter 200 of 344 Loss: -0.086511, NCC_Loss: -0.089077, Reg: 0.002566
Iter 210 of 344 Loss: -0.076281, NCC_Loss: -0.079049, Reg: 0.002768
Iter 220 of 344 Loss: -0.083400, NCC_Loss: -0.086566, Reg: 0.003166
Iter 230 of 344 Loss: -0.080806, NCC_Loss: -0.083845, Reg: 0.003039
Iter 240 of 344 Loss: -0.079121, NCC_Loss: -0.081991, Reg: 0.002871
Iter 250 of 344 Loss: -0.075446, NCC_Loss: -0.078400, Reg: 0.002955
Iter 260 of 344 Loss: -0.076931, NCC_Loss: -0.079798, Reg: 0.002867
Iter 270 of 344 Loss: -0.082383, NCC_Loss: -0.085583, Reg: 0.003200
Iter 280 of 344 Loss: -0.082292, NCC_Loss: -0.085137, Reg: 0.002845
Iter 290 of 344 Loss: -0.072159, NCC_Loss: -0.075065, Reg: 0.002905
Iter 300 of 344 Loss: -0.082777, NCC_Loss: -0.085785, Reg: 0.003009
Iter 310 of 344 Loss: -0.083632, NCC_Loss: -0.086678, Reg: 0.003046
Iter 320 of 344 Loss: -0.077427, NCC_Loss: -0.080292, Reg: 0.002865
Iter 330 of 344 Loss: -0.086084, NCC_Loss: -0.088768, Reg: 0.002684
Iter 340 of 344 Loss: -0.081144, NCC_Loss: -0.084381, Reg: 0.003238
Epoch 389 Loss: -0.078559
Epoch 389 Validation: Mean EPE: 7.2748, Mean SSIM: 0.1859, Mean ZNCC: -0.0373
Epoch 390 starts
Iter 10 of 344 Loss: -0.084876, NCC_Loss: -0.087764, Reg: 0.002887
Iter 20 of 344 Loss: -0.082142, NCC_Loss: -0.084762, Reg: 0.002620
Iter 30 of 344 Loss: -0.079737, NCC_Loss: -0.083089, Reg: 0.003352
Iter 40 of 344 Loss: -0.076586, NCC_Loss: -0.079709, Reg: 0.003123
Iter 50 of 344 Loss: -0.081676, NCC_Loss: -0.084331, Reg: 0.002655
Iter 60 of 344 Loss: -0.077818, NCC_Loss: -0.080972, Reg: 0.003154
Iter 70 of 344 Loss: -0.070216, NCC_Loss: -0.073135, Reg: 0.002920
Iter 80 of 344 Loss: -0.075358, NCC_Loss: -0.078075, Reg: 0.002717
Iter 90 of 344 Loss: -0.074993, NCC_Loss: -0.078025, Reg: 0.003032
Iter 100 of 344 Loss: -0.077581, NCC_Loss: -0.080416, Reg: 0.002835
Iter 110 of 344 Loss: -0.069245, NCC_Loss: -0.072060, Reg: 0.002815
Iter 120 of 344 Loss: -0.081678, NCC_Loss: -0.084921, Reg: 0.003243
Iter 130 of 344 Loss: -0.079845, NCC_Loss: -0.083033, Reg: 0.003189
Iter 140 of 344 Loss: -0.074232, NCC_Loss: -0.077181, Reg: 0.002950
Iter 150 of 344 Loss: -0.078676, NCC_Loss: -0.081757, Reg: 0.003082
Iter 160 of 344 Loss: -0.079990, NCC_Loss: -0.082527, Reg: 0.002537
Iter 170 of 344 Loss: -0.084477, NCC_Loss: -0.087407, Reg: 0.002930
Iter 180 of 344 Loss: -0.076594, NCC_Loss: -0.079591, Reg: 0.002996
Iter 190 of 344 Loss: -0.076942, NCC_Loss: -0.079861, Reg: 0.002918
Iter 200 of 344 Loss: -0.080413, NCC_Loss: -0.083237, Reg: 0.002824
Iter 210 of 344 Loss: -0.076570, NCC_Loss: -0.079435, Reg: 0.002865
Iter 220 of 344 Loss: -0.077643, NCC_Loss: -0.080309, Reg: 0.002666
Iter 230 of 344 Loss: -0.076123, NCC_Loss: -0.078725, Reg: 0.002602
Iter 240 of 344 Loss: -0.075423, NCC_Loss: -0.078486, Reg: 0.003063
Iter 250 of 344 Loss: -0.077331, NCC_Loss: -0.079697, Reg: 0.002366
Iter 260 of 344 Loss: -0.075039, NCC_Loss: -0.077959, Reg: 0.002919
Iter 270 of 344 Loss: -0.077571, NCC_Loss: -0.080390, Reg: 0.002820
Iter 280 of 344 Loss: -0.082669, NCC_Loss: -0.085913, Reg: 0.003244
Iter 290 of 344 Loss: -0.072267, NCC_Loss: -0.074866, Reg: 0.002599
Iter 300 of 344 Loss: -0.082049, NCC_Loss: -0.085138, Reg: 0.003089
Iter 310 of 344 Loss: -0.083999, NCC_Loss: -0.087263, Reg: 0.003264
Iter 320 of 344 Loss: -0.081662, NCC_Loss: -0.084604, Reg: 0.002942
Iter 330 of 344 Loss: -0.081019, NCC_Loss: -0.084023, Reg: 0.003005
Iter 340 of 344 Loss: -0.078073, NCC_Loss: -0.080409, Reg: 0.002336
Epoch 390 Loss: -0.078558
Epoch 390 Validation: Mean EPE: 7.2749, Mean SSIM: 0.1859, Mean ZNCC: -0.0373
Epoch 391 starts
Iter 10 of 344 Loss: -0.067901, NCC_Loss: -0.070693, Reg: 0.002792
Iter 20 of 344 Loss: -0.077125, NCC_Loss: -0.079974, Reg: 0.002849
Iter 30 of 344 Loss: -0.074393, NCC_Loss: -0.076937, Reg: 0.002544
Iter 40 of 344 Loss: -0.074931, NCC_Loss: -0.077801, Reg: 0.002870
Iter 50 of 344 Loss: -0.086277, NCC_Loss: -0.089044, Reg: 0.002767
Iter 60 of 344 Loss: -0.084927, NCC_Loss: -0.087841, Reg: 0.002914
Iter 70 of 344 Loss: -0.075720, NCC_Loss: -0.078788, Reg: 0.003067
Iter 80 of 344 Loss: -0.083820, NCC_Loss: -0.086789, Reg: 0.002969
Iter 90 of 344 Loss: -0.078060, NCC_Loss: -0.081178, Reg: 0.003118
Iter 100 of 344 Loss: -0.074154, NCC_Loss: -0.076830, Reg: 0.002676
Iter 110 of 344 Loss: -0.077494, NCC_Loss: -0.080288, Reg: 0.002794
Iter 120 of 344 Loss: -0.077757, NCC_Loss: -0.081036, Reg: 0.003279
Iter 130 of 344 Loss: -0.073662, NCC_Loss: -0.076648, Reg: 0.002987
Iter 140 of 344 Loss: -0.072062, NCC_Loss: -0.074789, Reg: 0.002727
Iter 150 of 344 Loss: -0.080314, NCC_Loss: -0.083213, Reg: 0.002899
Iter 160 of 344 Loss: -0.085200, NCC_Loss: -0.087984, Reg: 0.002784
Iter 170 of 344 Loss: -0.082101, NCC_Loss: -0.085145, Reg: 0.003043
Iter 180 of 344 Loss: -0.080057, NCC_Loss: -0.082924, Reg: 0.002867
Iter 190 of 344 Loss: -0.078984, NCC_Loss: -0.082123, Reg: 0.003139
Iter 200 of 344 Loss: -0.078717, NCC_Loss: -0.081262, Reg: 0.002545
Iter 210 of 344 Loss: -0.076736, NCC_Loss: -0.079905, Reg: 0.003169
Iter 220 of 344 Loss: -0.070991, NCC_Loss: -0.073980, Reg: 0.002989
Iter 230 of 344 Loss: -0.075633, NCC_Loss: -0.078542, Reg: 0.002909
Iter 240 of 344 Loss: -0.075622, NCC_Loss: -0.078479, Reg: 0.002857
Iter 250 of 344 Loss: -0.076239, NCC_Loss: -0.079297, Reg: 0.003058
Iter 260 of 344 Loss: -0.072260, NCC_Loss: -0.074906, Reg: 0.002645
Iter 270 of 344 Loss: -0.066363, NCC_Loss: -0.069518, Reg: 0.003155
Iter 280 of 344 Loss: -0.078348, NCC_Loss: -0.081347, Reg: 0.003000
Iter 290 of 344 Loss: -0.080569, NCC_Loss: -0.083408, Reg: 0.002839
Iter 300 of 344 Loss: -0.080231, NCC_Loss: -0.082947, Reg: 0.002716
Iter 310 of 344 Loss: -0.077247, NCC_Loss: -0.080436, Reg: 0.003189
Iter 320 of 344 Loss: -0.080690, NCC_Loss: -0.083675, Reg: 0.002986
Iter 330 of 344 Loss: -0.086950, NCC_Loss: -0.090163, Reg: 0.003213
Iter 340 of 344 Loss: -0.079138, NCC_Loss: -0.081919, Reg: 0.002780
Epoch 391 Loss: -0.078564
Epoch 391 Validation: Mean EPE: 7.2749, Mean SSIM: 0.1859, Mean ZNCC: -0.0373
Epoch 392 starts
Iter 10 of 344 Loss: -0.078742, NCC_Loss: -0.081337, Reg: 0.002595
Iter 20 of 344 Loss: -0.078465, NCC_Loss: -0.081532, Reg: 0.003068
Iter 30 of 344 Loss: -0.075355, NCC_Loss: -0.078415, Reg: 0.003060
Iter 40 of 344 Loss: -0.078947, NCC_Loss: -0.081832, Reg: 0.002884
Iter 50 of 344 Loss: -0.073656, NCC_Loss: -0.076691, Reg: 0.003035
Iter 60 of 344 Loss: -0.079162, NCC_Loss: -0.082504, Reg: 0.003342
Iter 70 of 344 Loss: -0.073037, NCC_Loss: -0.075698, Reg: 0.002660
Iter 80 of 344 Loss: -0.077558, NCC_Loss: -0.080311, Reg: 0.002753
Iter 90 of 344 Loss: -0.073205, NCC_Loss: -0.075953, Reg: 0.002748
Iter 100 of 344 Loss: -0.071126, NCC_Loss: -0.073977, Reg: 0.002851
Iter 110 of 344 Loss: -0.071565, NCC_Loss: -0.074529, Reg: 0.002964
Iter 120 of 344 Loss: -0.080847, NCC_Loss: -0.083681, Reg: 0.002834
Iter 130 of 344 Loss: -0.073462, NCC_Loss: -0.076498, Reg: 0.003036
Iter 140 of 344 Loss: -0.083089, NCC_Loss: -0.085973, Reg: 0.002884
Iter 150 of 344 Loss: -0.085810, NCC_Loss: -0.088964, Reg: 0.003154
Iter 160 of 344 Loss: -0.080259, NCC_Loss: -0.083113, Reg: 0.002855
Iter 170 of 344 Loss: -0.077872, NCC_Loss: -0.080786, Reg: 0.002914
Iter 180 of 344 Loss: -0.079094, NCC_Loss: -0.081766, Reg: 0.002672
Iter 190 of 344 Loss: -0.079517, NCC_Loss: -0.082342, Reg: 0.002824
Iter 200 of 344 Loss: -0.074544, NCC_Loss: -0.077615, Reg: 0.003071
Iter 210 of 344 Loss: -0.076469, NCC_Loss: -0.078984, Reg: 0.002514
Iter 220 of 344 Loss: -0.084935, NCC_Loss: -0.087869, Reg: 0.002933
Iter 230 of 344 Loss: -0.078116, NCC_Loss: -0.080769, Reg: 0.002653
Iter 240 of 344 Loss: -0.071116, NCC_Loss: -0.073833, Reg: 0.002717
Iter 250 of 344 Loss: -0.078950, NCC_Loss: -0.081918, Reg: 0.002968
Iter 260 of 344 Loss: -0.073495, NCC_Loss: -0.076423, Reg: 0.002928
Iter 270 of 344 Loss: -0.077854, NCC_Loss: -0.080507, Reg: 0.002653
Iter 280 of 344 Loss: -0.075689, NCC_Loss: -0.078584, Reg: 0.002896
Iter 290 of 344 Loss: -0.077330, NCC_Loss: -0.080310, Reg: 0.002980
Iter 300 of 344 Loss: -0.079847, NCC_Loss: -0.082896, Reg: 0.003050
Iter 310 of 344 Loss: -0.077157, NCC_Loss: -0.080104, Reg: 0.002947
Iter 320 of 344 Loss: -0.075823, NCC_Loss: -0.078820, Reg: 0.002997
Iter 330 of 344 Loss: -0.080080, NCC_Loss: -0.082945, Reg: 0.002866
Iter 340 of 344 Loss: -0.076951, NCC_Loss: -0.079761, Reg: 0.002810
Epoch 392 Loss: -0.078574
Epoch 392 Validation: Mean EPE: 7.2749, Mean SSIM: 0.1859, Mean ZNCC: -0.0373
Epoch 393 starts
Iter 10 of 344 Loss: -0.072859, NCC_Loss: -0.075411, Reg: 0.002552
Iter 20 of 344 Loss: -0.079356, NCC_Loss: -0.081838, Reg: 0.002482
Iter 30 of 344 Loss: -0.078437, NCC_Loss: -0.081259, Reg: 0.002822
Iter 40 of 344 Loss: -0.081522, NCC_Loss: -0.084261, Reg: 0.002738
Iter 50 of 344 Loss: -0.075003, NCC_Loss: -0.077646, Reg: 0.002644
Iter 60 of 344 Loss: -0.078449, NCC_Loss: -0.081305, Reg: 0.002856
Iter 70 of 344 Loss: -0.072587, NCC_Loss: -0.075341, Reg: 0.002753
Iter 80 of 344 Loss: -0.083581, NCC_Loss: -0.086468, Reg: 0.002887
Iter 90 of 344 Loss: -0.081082, NCC_Loss: -0.083845, Reg: 0.002763
Iter 100 of 344 Loss: -0.081220, NCC_Loss: -0.084176, Reg: 0.002956
Iter 110 of 344 Loss: -0.073616, NCC_Loss: -0.076659, Reg: 0.003043
Iter 120 of 344 Loss: -0.085173, NCC_Loss: -0.087849, Reg: 0.002677
Iter 130 of 344 Loss: -0.086231, NCC_Loss: -0.089395, Reg: 0.003165
Iter 140 of 344 Loss: -0.083827, NCC_Loss: -0.086584, Reg: 0.002757
Iter 150 of 344 Loss: -0.075110, NCC_Loss: -0.077487, Reg: 0.002377
Iter 160 of 344 Loss: -0.078035, NCC_Loss: -0.080768, Reg: 0.002733
Iter 170 of 344 Loss: -0.080054, NCC_Loss: -0.083059, Reg: 0.003004
Iter 180 of 344 Loss: -0.076629, NCC_Loss: -0.079253, Reg: 0.002624
Iter 190 of 344 Loss: -0.088741, NCC_Loss: -0.092244, Reg: 0.003503
Iter 200 of 344 Loss: -0.082332, NCC_Loss: -0.085214, Reg: 0.002882
Iter 210 of 344 Loss: -0.074359, NCC_Loss: -0.077120, Reg: 0.002761
Iter 220 of 344 Loss: -0.081806, NCC_Loss: -0.084828, Reg: 0.003022
Iter 230 of 344 Loss: -0.082575, NCC_Loss: -0.085017, Reg: 0.002443
Iter 240 of 344 Loss: -0.083719, NCC_Loss: -0.086691, Reg: 0.002971
Iter 250 of 344 Loss: -0.082568, NCC_Loss: -0.085451, Reg: 0.002883
Iter 260 of 344 Loss: -0.083449, NCC_Loss: -0.086135, Reg: 0.002687
Iter 270 of 344 Loss: -0.075851, NCC_Loss: -0.078744, Reg: 0.002893
Iter 280 of 344 Loss: -0.075808, NCC_Loss: -0.078611, Reg: 0.002803
Iter 290 of 344 Loss: -0.078269, NCC_Loss: -0.081169, Reg: 0.002899
Iter 300 of 344 Loss: -0.078191, NCC_Loss: -0.081026, Reg: 0.002834
Iter 310 of 344 Loss: -0.078606, NCC_Loss: -0.081485, Reg: 0.002879
Iter 320 of 344 Loss: -0.076920, NCC_Loss: -0.079763, Reg: 0.002843
Iter 330 of 344 Loss: -0.072303, NCC_Loss: -0.075101, Reg: 0.002798
Iter 340 of 344 Loss: -0.076271, NCC_Loss: -0.078870, Reg: 0.002599
Epoch 393 Loss: -0.078585
Epoch 393 Validation: Mean EPE: 7.2749, Mean SSIM: 0.1860, Mean ZNCC: -0.0373
Epoch 394 starts
Iter 10 of 344 Loss: -0.076008, NCC_Loss: -0.079022, Reg: 0.003014
Iter 20 of 344 Loss: -0.072062, NCC_Loss: -0.074823, Reg: 0.002761
Iter 30 of 344 Loss: -0.081465, NCC_Loss: -0.084158, Reg: 0.002693
Iter 40 of 344 Loss: -0.085672, NCC_Loss: -0.088582, Reg: 0.002910
Iter 50 of 344 Loss: -0.079226, NCC_Loss: -0.081852, Reg: 0.002626
Iter 60 of 344 Loss: -0.078752, NCC_Loss: -0.081715, Reg: 0.002963
Iter 70 of 344 Loss: -0.083746, NCC_Loss: -0.087090, Reg: 0.003343
Iter 80 of 344 Loss: -0.076183, NCC_Loss: -0.079193, Reg: 0.003010
Iter 90 of 344 Loss: -0.072378, NCC_Loss: -0.075259, Reg: 0.002881
Iter 100 of 344 Loss: -0.081750, NCC_Loss: -0.084551, Reg: 0.002802
Iter 110 of 344 Loss: -0.077130, NCC_Loss: -0.079842, Reg: 0.002712
Iter 120 of 344 Loss: -0.082035, NCC_Loss: -0.084703, Reg: 0.002668
Iter 130 of 344 Loss: -0.076692, NCC_Loss: -0.079611, Reg: 0.002919
Iter 140 of 344 Loss: -0.079822, NCC_Loss: -0.082449, Reg: 0.002627
Iter 150 of 344 Loss: -0.080270, NCC_Loss: -0.083422, Reg: 0.003152
Iter 160 of 344 Loss: -0.078487, NCC_Loss: -0.081185, Reg: 0.002698
Iter 170 of 344 Loss: -0.084106, NCC_Loss: -0.087107, Reg: 0.003001
Iter 180 of 344 Loss: -0.072937, NCC_Loss: -0.075486, Reg: 0.002550
Iter 190 of 344 Loss: -0.087732, NCC_Loss: -0.090786, Reg: 0.003054
Iter 200 of 344 Loss: -0.068560, NCC_Loss: -0.071358, Reg: 0.002798
Iter 210 of 344 Loss: -0.073965, NCC_Loss: -0.077054, Reg: 0.003089
Iter 220 of 344 Loss: -0.080069, NCC_Loss: -0.082780, Reg: 0.002711
Iter 230 of 344 Loss: -0.081829, NCC_Loss: -0.084599, Reg: 0.002770
Iter 240 of 344 Loss: -0.080593, NCC_Loss: -0.083552, Reg: 0.002959
Iter 250 of 344 Loss: -0.079012, NCC_Loss: -0.081986, Reg: 0.002974
Iter 260 of 344 Loss: -0.076769, NCC_Loss: -0.079737, Reg: 0.002968
Iter 270 of 344 Loss: -0.074271, NCC_Loss: -0.077178, Reg: 0.002907
Iter 280 of 344 Loss: -0.073092, NCC_Loss: -0.076034, Reg: 0.002943
Iter 290 of 344 Loss: -0.077490, NCC_Loss: -0.080340, Reg: 0.002850
Iter 300 of 344 Loss: -0.081725, NCC_Loss: -0.084554, Reg: 0.002829
Iter 310 of 344 Loss: -0.078059, NCC_Loss: -0.081078, Reg: 0.003019
Iter 320 of 344 Loss: -0.084508, NCC_Loss: -0.087452, Reg: 0.002943
Iter 330 of 344 Loss: -0.088399, NCC_Loss: -0.091408, Reg: 0.003010
Iter 340 of 344 Loss: -0.082685, NCC_Loss: -0.085269, Reg: 0.002585
Epoch 394 Loss: -0.078596
Epoch 394 Validation: Mean EPE: 7.2749, Mean SSIM: 0.1860, Mean ZNCC: -0.0373
Epoch 395 starts
Iter 10 of 344 Loss: -0.085329, NCC_Loss: -0.088046, Reg: 0.002717
Iter 20 of 344 Loss: -0.080963, NCC_Loss: -0.084015, Reg: 0.003052
Iter 30 of 344 Loss: -0.074164, NCC_Loss: -0.077218, Reg: 0.003053
Iter 40 of 344 Loss: -0.077373, NCC_Loss: -0.080423, Reg: 0.003050
Iter 50 of 344 Loss: -0.074290, NCC_Loss: -0.077244, Reg: 0.002954
Iter 60 of 344 Loss: -0.076864, NCC_Loss: -0.079686, Reg: 0.002822
Iter 70 of 344 Loss: -0.075900, NCC_Loss: -0.078619, Reg: 0.002719
Iter 80 of 344 Loss: -0.084624, NCC_Loss: -0.087471, Reg: 0.002846
Iter 90 of 344 Loss: -0.074592, NCC_Loss: -0.077225, Reg: 0.002633
Iter 100 of 344 Loss: -0.080310, NCC_Loss: -0.083019, Reg: 0.002709
Iter 110 of 344 Loss: -0.079581, NCC_Loss: -0.082454, Reg: 0.002873
Iter 120 of 344 Loss: -0.083216, NCC_Loss: -0.085906, Reg: 0.002690
Iter 130 of 344 Loss: -0.076230, NCC_Loss: -0.079350, Reg: 0.003120
Iter 140 of 344 Loss: -0.077167, NCC_Loss: -0.080120, Reg: 0.002953
Iter 150 of 344 Loss: -0.080345, NCC_Loss: -0.083508, Reg: 0.003163
Iter 160 of 344 Loss: -0.083598, NCC_Loss: -0.086178, Reg: 0.002580
Iter 170 of 344 Loss: -0.083001, NCC_Loss: -0.086192, Reg: 0.003191
Iter 180 of 344 Loss: -0.085670, NCC_Loss: -0.088457, Reg: 0.002787
Iter 190 of 344 Loss: -0.078813, NCC_Loss: -0.081544, Reg: 0.002730
Iter 200 of 344 Loss: -0.072722, NCC_Loss: -0.075723, Reg: 0.003001
Iter 210 of 344 Loss: -0.079542, NCC_Loss: -0.082494, Reg: 0.002952
Iter 220 of 344 Loss: -0.081402, NCC_Loss: -0.084301, Reg: 0.002899
Iter 230 of 344 Loss: -0.076909, NCC_Loss: -0.079492, Reg: 0.002583
Iter 240 of 344 Loss: -0.078244, NCC_Loss: -0.081292, Reg: 0.003048
Iter 250 of 344 Loss: -0.077877, NCC_Loss: -0.080681, Reg: 0.002804
Iter 260 of 344 Loss: -0.078890, NCC_Loss: -0.081710, Reg: 0.002820
Iter 270 of 344 Loss: -0.074593, NCC_Loss: -0.077771, Reg: 0.003178
Iter 280 of 344 Loss: -0.084345, NCC_Loss: -0.087364, Reg: 0.003019
Iter 290 of 344 Loss: -0.078606, NCC_Loss: -0.081342, Reg: 0.002736
Iter 300 of 344 Loss: -0.074324, NCC_Loss: -0.077048, Reg: 0.002724
Iter 310 of 344 Loss: -0.071249, NCC_Loss: -0.074109, Reg: 0.002859
Iter 320 of 344 Loss: -0.074727, NCC_Loss: -0.077618, Reg: 0.002891
Iter 330 of 344 Loss: -0.080502, NCC_Loss: -0.083246, Reg: 0.002745
Iter 340 of 344 Loss: -0.079411, NCC_Loss: -0.082397, Reg: 0.002987
Epoch 395 Loss: -0.078602
Epoch 395 Validation: Mean EPE: 7.2749, Mean SSIM: 0.1860, Mean ZNCC: -0.0373
Epoch 396 starts
Iter 10 of 344 Loss: -0.079999, NCC_Loss: -0.082935, Reg: 0.002936
Iter 20 of 344 Loss: -0.073760, NCC_Loss: -0.076711, Reg: 0.002952
Iter 30 of 344 Loss: -0.081717, NCC_Loss: -0.084437, Reg: 0.002720
Iter 40 of 344 Loss: -0.077245, NCC_Loss: -0.079854, Reg: 0.002609
Iter 50 of 344 Loss: -0.083658, NCC_Loss: -0.086681, Reg: 0.003023
Iter 60 of 344 Loss: -0.074048, NCC_Loss: -0.076393, Reg: 0.002345
Iter 70 of 344 Loss: -0.077069, NCC_Loss: -0.080089, Reg: 0.003019
Iter 80 of 344 Loss: -0.077905, NCC_Loss: -0.080841, Reg: 0.002936
Iter 90 of 344 Loss: -0.081858, NCC_Loss: -0.084766, Reg: 0.002907
Iter 100 of 344 Loss: -0.077955, NCC_Loss: -0.080668, Reg: 0.002713
Iter 110 of 344 Loss: -0.073446, NCC_Loss: -0.076238, Reg: 0.002791
Iter 120 of 344 Loss: -0.076560, NCC_Loss: -0.079534, Reg: 0.002974
Iter 130 of 344 Loss: -0.083666, NCC_Loss: -0.086796, Reg: 0.003130
Iter 140 of 344 Loss: -0.078711, NCC_Loss: -0.081335, Reg: 0.002624
Iter 150 of 344 Loss: -0.077027, NCC_Loss: -0.079713, Reg: 0.002686
Iter 160 of 344 Loss: -0.078485, NCC_Loss: -0.081171, Reg: 0.002686
Iter 170 of 344 Loss: -0.079437, NCC_Loss: -0.082175, Reg: 0.002738
Iter 180 of 344 Loss: -0.077322, NCC_Loss: -0.080370, Reg: 0.003048
Iter 190 of 344 Loss: -0.076059, NCC_Loss: -0.079176, Reg: 0.003117
Iter 200 of 344 Loss: -0.079343, NCC_Loss: -0.082299, Reg: 0.002956
Iter 210 of 344 Loss: -0.078894, NCC_Loss: -0.081772, Reg: 0.002877
Iter 220 of 344 Loss: -0.079286, NCC_Loss: -0.082108, Reg: 0.002821
Iter 230 of 344 Loss: -0.078952, NCC_Loss: -0.081870, Reg: 0.002917
Iter 240 of 344 Loss: -0.088757, NCC_Loss: -0.091393, Reg: 0.002636
Iter 250 of 344 Loss: -0.081949, NCC_Loss: -0.085082, Reg: 0.003132
Iter 260 of 344 Loss: -0.080398, NCC_Loss: -0.083051, Reg: 0.002653
Iter 270 of 344 Loss: -0.076561, NCC_Loss: -0.079270, Reg: 0.002709
Iter 280 of 344 Loss: -0.074159, NCC_Loss: -0.076736, Reg: 0.002577
Iter 290 of 344 Loss: -0.086839, NCC_Loss: -0.089489, Reg: 0.002650
Iter 300 of 344 Loss: -0.076666, NCC_Loss: -0.079537, Reg: 0.002871
Iter 310 of 344 Loss: -0.082283, NCC_Loss: -0.085088, Reg: 0.002805
Iter 320 of 344 Loss: -0.082644, NCC_Loss: -0.085389, Reg: 0.002746
Iter 330 of 344 Loss: -0.070964, NCC_Loss: -0.073758, Reg: 0.002795
Iter 340 of 344 Loss: -0.077328, NCC_Loss: -0.079852, Reg: 0.002524
Epoch 396 Loss: -0.078609
Epoch 396 Validation: Mean EPE: 7.2750, Mean SSIM: 0.1860, Mean ZNCC: -0.0373
Epoch 397 starts
Iter 10 of 344 Loss: -0.078198, NCC_Loss: -0.080735, Reg: 0.002536
Iter 20 of 344 Loss: -0.073333, NCC_Loss: -0.076294, Reg: 0.002962
Iter 30 of 344 Loss: -0.081550, NCC_Loss: -0.084478, Reg: 0.002929
Iter 40 of 344 Loss: -0.078564, NCC_Loss: -0.081406, Reg: 0.002842
Iter 50 of 344 Loss: -0.080208, NCC_Loss: -0.083431, Reg: 0.003224
Iter 60 of 344 Loss: -0.080261, NCC_Loss: -0.083210, Reg: 0.002949
Iter 70 of 344 Loss: -0.081157, NCC_Loss: -0.084403, Reg: 0.003245
Iter 80 of 344 Loss: -0.074052, NCC_Loss: -0.076879, Reg: 0.002827
Iter 90 of 344 Loss: -0.081164, NCC_Loss: -0.084059, Reg: 0.002895
Iter 100 of 344 Loss: -0.083630, NCC_Loss: -0.086598, Reg: 0.002968
Iter 110 of 344 Loss: -0.080233, NCC_Loss: -0.082882, Reg: 0.002649
Iter 120 of 344 Loss: -0.085595, NCC_Loss: -0.088489, Reg: 0.002893
Iter 130 of 344 Loss: -0.075071, NCC_Loss: -0.078112, Reg: 0.003041
Iter 140 of 344 Loss: -0.076614, NCC_Loss: -0.079448, Reg: 0.002833
Iter 150 of 344 Loss: -0.075504, NCC_Loss: -0.078539, Reg: 0.003034
Iter 160 of 344 Loss: -0.072130, NCC_Loss: -0.075131, Reg: 0.003001
Iter 170 of 344 Loss: -0.084774, NCC_Loss: -0.087395, Reg: 0.002621
Iter 180 of 344 Loss: -0.073033, NCC_Loss: -0.075920, Reg: 0.002888
Iter 190 of 344 Loss: -0.081845, NCC_Loss: -0.084628, Reg: 0.002783
Iter 200 of 344 Loss: -0.076184, NCC_Loss: -0.079125, Reg: 0.002941
Iter 210 of 344 Loss: -0.081782, NCC_Loss: -0.084911, Reg: 0.003129
Iter 220 of 344 Loss: -0.082685, NCC_Loss: -0.085819, Reg: 0.003134
Iter 230 of 344 Loss: -0.073742, NCC_Loss: -0.076584, Reg: 0.002842
Iter 240 of 344 Loss: -0.084017, NCC_Loss: -0.086763, Reg: 0.002747
Iter 250 of 344 Loss: -0.075603, NCC_Loss: -0.078345, Reg: 0.002742
Iter 260 of 344 Loss: -0.072402, NCC_Loss: -0.075357, Reg: 0.002955
Iter 270 of 344 Loss: -0.071496, NCC_Loss: -0.074225, Reg: 0.002729
Iter 280 of 344 Loss: -0.080790, NCC_Loss: -0.083854, Reg: 0.003064
Iter 290 of 344 Loss: -0.081124, NCC_Loss: -0.083900, Reg: 0.002776
Iter 300 of 344 Loss: -0.088217, NCC_Loss: -0.090945, Reg: 0.002728
Iter 310 of 344 Loss: -0.077448, NCC_Loss: -0.080218, Reg: 0.002771
Iter 320 of 344 Loss: -0.080773, NCC_Loss: -0.083674, Reg: 0.002901
Iter 330 of 344 Loss: -0.082701, NCC_Loss: -0.085674, Reg: 0.002973
Iter 340 of 344 Loss: -0.076977, NCC_Loss: -0.079808, Reg: 0.002830
Epoch 397 Loss: -0.078616
Epoch 397 Validation: Mean EPE: 7.2750, Mean SSIM: 0.1860, Mean ZNCC: -0.0373
Epoch 398 starts
Iter 10 of 344 Loss: -0.078359, NCC_Loss: -0.081284, Reg: 0.002925
Iter 20 of 344 Loss: -0.071945, NCC_Loss: -0.074881, Reg: 0.002935
Iter 30 of 344 Loss: -0.080594, NCC_Loss: -0.083706, Reg: 0.003112
Iter 40 of 344 Loss: -0.083723, NCC_Loss: -0.086498, Reg: 0.002776
Iter 50 of 344 Loss: -0.072210, NCC_Loss: -0.074854, Reg: 0.002644
Iter 60 of 344 Loss: -0.076518, NCC_Loss: -0.079421, Reg: 0.002904
Iter 70 of 344 Loss: -0.081550, NCC_Loss: -0.084420, Reg: 0.002870
Iter 80 of 344 Loss: -0.072252, NCC_Loss: -0.075028, Reg: 0.002776
Iter 90 of 344 Loss: -0.081989, NCC_Loss: -0.084767, Reg: 0.002778
Iter 100 of 344 Loss: -0.077784, NCC_Loss: -0.080256, Reg: 0.002472
Iter 110 of 344 Loss: -0.077393, NCC_Loss: -0.080283, Reg: 0.002890
Iter 120 of 344 Loss: -0.081392, NCC_Loss: -0.084429, Reg: 0.003038
Iter 130 of 344 Loss: -0.086071, NCC_Loss: -0.088896, Reg: 0.002826
Iter 140 of 344 Loss: -0.075455, NCC_Loss: -0.078499, Reg: 0.003044
Iter 150 of 344 Loss: -0.077592, NCC_Loss: -0.080213, Reg: 0.002621
Iter 160 of 344 Loss: -0.073472, NCC_Loss: -0.076039, Reg: 0.002566
Iter 170 of 344 Loss: -0.074581, NCC_Loss: -0.077412, Reg: 0.002832
Iter 180 of 344 Loss: -0.083702, NCC_Loss: -0.086266, Reg: 0.002563
Iter 190 of 344 Loss: -0.080744, NCC_Loss: -0.083575, Reg: 0.002831
Iter 200 of 344 Loss: -0.074908, NCC_Loss: -0.077593, Reg: 0.002685
Iter 210 of 344 Loss: -0.078799, NCC_Loss: -0.081713, Reg: 0.002915
Iter 220 of 344 Loss: -0.081612, NCC_Loss: -0.084318, Reg: 0.002705
Iter 230 of 344 Loss: -0.081446, NCC_Loss: -0.084174, Reg: 0.002728
Iter 240 of 344 Loss: -0.072705, NCC_Loss: -0.075597, Reg: 0.002892
Iter 250 of 344 Loss: -0.080419, NCC_Loss: -0.083257, Reg: 0.002838
Iter 260 of 344 Loss: -0.083983, NCC_Loss: -0.086710, Reg: 0.002727
Iter 270 of 344 Loss: -0.072897, NCC_Loss: -0.075642, Reg: 0.002745
Iter 280 of 344 Loss: -0.084389, NCC_Loss: -0.087371, Reg: 0.002982
Iter 290 of 344 Loss: -0.081916, NCC_Loss: -0.084780, Reg: 0.002865
Iter 300 of 344 Loss: -0.080809, NCC_Loss: -0.083727, Reg: 0.002918
Iter 310 of 344 Loss: -0.075592, NCC_Loss: -0.078249, Reg: 0.002657
Iter 320 of 344 Loss: -0.083259, NCC_Loss: -0.086090, Reg: 0.002831
Iter 330 of 344 Loss: -0.081185, NCC_Loss: -0.083945, Reg: 0.002760
Iter 340 of 344 Loss: -0.079289, NCC_Loss: -0.082498, Reg: 0.003209
Epoch 398 Loss: -0.078627
Epoch 398 Validation: Mean EPE: 7.2750, Mean SSIM: 0.1860, Mean ZNCC: -0.0373
Epoch 399 starts
Iter 10 of 344 Loss: -0.081125, NCC_Loss: -0.083991, Reg: 0.002866
Iter 20 of 344 Loss: -0.071909, NCC_Loss: -0.074413, Reg: 0.002504
Iter 30 of 344 Loss: -0.084112, NCC_Loss: -0.086829, Reg: 0.002717
Iter 40 of 344 Loss: -0.083763, NCC_Loss: -0.086996, Reg: 0.003233
Iter 50 of 344 Loss: -0.077287, NCC_Loss: -0.080010, Reg: 0.002723
Iter 60 of 344 Loss: -0.072299, NCC_Loss: -0.075004, Reg: 0.002705
Iter 70 of 344 Loss: -0.080093, NCC_Loss: -0.083237, Reg: 0.003144
Iter 80 of 344 Loss: -0.077290, NCC_Loss: -0.080340, Reg: 0.003050
Iter 90 of 344 Loss: -0.076895, NCC_Loss: -0.079828, Reg: 0.002933
Iter 100 of 344 Loss: -0.076725, NCC_Loss: -0.079680, Reg: 0.002955
Iter 110 of 344 Loss: -0.077336, NCC_Loss: -0.080154, Reg: 0.002818
Iter 120 of 344 Loss: -0.076590, NCC_Loss: -0.079666, Reg: 0.003076
Iter 130 of 344 Loss: -0.078346, NCC_Loss: -0.081101, Reg: 0.002755
Iter 140 of 344 Loss: -0.080227, NCC_Loss: -0.083039, Reg: 0.002812
Iter 150 of 344 Loss: -0.086330, NCC_Loss: -0.089320, Reg: 0.002990
Iter 160 of 344 Loss: -0.075090, NCC_Loss: -0.077875, Reg: 0.002786
Iter 170 of 344 Loss: -0.078281, NCC_Loss: -0.081285, Reg: 0.003004
Iter 180 of 344 Loss: -0.082489, NCC_Loss: -0.085331, Reg: 0.002843
Iter 190 of 344 Loss: -0.082786, NCC_Loss: -0.085613, Reg: 0.002827
Iter 200 of 344 Loss: -0.082168, NCC_Loss: -0.084660, Reg: 0.002492
Iter 210 of 344 Loss: -0.079704, NCC_Loss: -0.082670, Reg: 0.002967
Iter 220 of 344 Loss: -0.075883, NCC_Loss: -0.078831, Reg: 0.002948
Iter 230 of 344 Loss: -0.078995, NCC_Loss: -0.082056, Reg: 0.003061
Iter 240 of 344 Loss: -0.072406, NCC_Loss: -0.075200, Reg: 0.002795
Iter 250 of 344 Loss: -0.080786, NCC_Loss: -0.083663, Reg: 0.002876
Iter 260 of 344 Loss: -0.086735, NCC_Loss: -0.089779, Reg: 0.003044
Iter 270 of 344 Loss: -0.081557, NCC_Loss: -0.084720, Reg: 0.003162
Iter 280 of 344 Loss: -0.072876, NCC_Loss: -0.075464, Reg: 0.002588
Iter 290 of 344 Loss: -0.079132, NCC_Loss: -0.082262, Reg: 0.003130
Iter 300 of 344 Loss: -0.080617, NCC_Loss: -0.083423, Reg: 0.002806
Iter 310 of 344 Loss: -0.077547, NCC_Loss: -0.080501, Reg: 0.002955
Iter 320 of 344 Loss: -0.077885, NCC_Loss: -0.080799, Reg: 0.002914
Iter 330 of 344 Loss: -0.073352, NCC_Loss: -0.075852, Reg: 0.002500
Iter 340 of 344 Loss: -0.076627, NCC_Loss: -0.079498, Reg: 0.002872
Epoch 399 Loss: -0.078632
Epoch 399 Validation: Mean EPE: 7.2751, Mean SSIM: 0.1860, Mean ZNCC: -0.0373
