nohup: 忽略输入
/data2/xujr/conda-envs/transmorph/lib/python3.10/site-packages/timm/models/layers/__init__.py:49: FutureWarning: Importing from timm.models.layers is deprecated, please import via timm.layers
  warnings.warn(f"Importing from {__name__} is deprecated, please import via timm.layers", FutureWarning)
Diffeomorphic integration enabled: True
/data2/xujr/conda-envs/transmorph/lib/python3.10/site-packages/torch/functional.py:505: UserWarning: torch.meshgrid: in an upcoming release, it will be required to pass the indexing argument. (Triggered internally at /pytorch/aten/src/ATen/native/TensorShape.cpp:4317.)
  return _VF.meshgrid(tensors, **kwargs)  # type: ignore[attr-defined]
Epoch 0 starts
Iter 10 of 338 Loss: 9.456956, L1(Flow): 9.456943, Reg: 0.000013
Iter 20 of 338 Loss: 9.107361, L1(Flow): 9.107285, Reg: 0.000076
Iter 30 of 338 Loss: 8.676127, L1(Flow): 8.675925, Reg: 0.000202
Iter 40 of 338 Loss: 8.850290, L1(Flow): 8.849653, Reg: 0.000637
Iter 50 of 338 Loss: 9.727393, L1(Flow): 9.726447, Reg: 0.000946
Iter 60 of 338 Loss: 8.602421, L1(Flow): 8.600327, Reg: 0.002093
Iter 70 of 338 Loss: 9.041406, L1(Flow): 9.038190, Reg: 0.003216
Iter 80 of 338 Loss: 9.179816, L1(Flow): 9.176079, Reg: 0.003738
Iter 90 of 338 Loss: 7.783648, L1(Flow): 7.778645, Reg: 0.005003
Iter 100 of 338 Loss: 8.824007, L1(Flow): 8.817582, Reg: 0.006425
Iter 110 of 338 Loss: 8.038497, L1(Flow): 8.029349, Reg: 0.009148
Iter 120 of 338 Loss: 9.086305, L1(Flow): 9.076941, Reg: 0.009363
Iter 130 of 338 Loss: 8.940880, L1(Flow): 8.929719, Reg: 0.011161
Iter 140 of 338 Loss: 8.625650, L1(Flow): 8.613235, Reg: 0.012416
Iter 150 of 338 Loss: 7.648784, L1(Flow): 7.630442, Reg: 0.018342
Iter 160 of 338 Loss: 8.597401, L1(Flow): 8.580628, Reg: 0.016772
Iter 170 of 338 Loss: 9.178176, L1(Flow): 9.157874, Reg: 0.020302
Iter 180 of 338 Loss: 8.063577, L1(Flow): 8.044353, Reg: 0.019224
Iter 190 of 338 Loss: 8.799400, L1(Flow): 8.781158, Reg: 0.018242
Iter 200 of 338 Loss: 8.756055, L1(Flow): 8.734521, Reg: 0.021534
Iter 210 of 338 Loss: 7.965266, L1(Flow): 7.941132, Reg: 0.024134
Iter 220 of 338 Loss: 8.782405, L1(Flow): 8.758177, Reg: 0.024228
Iter 230 of 338 Loss: 8.677952, L1(Flow): 8.655184, Reg: 0.022768
Iter 240 of 338 Loss: 6.863886, L1(Flow): 6.830357, Reg: 0.033529
Iter 250 of 338 Loss: 7.903529, L1(Flow): 7.875109, Reg: 0.028420
Iter 260 of 338 Loss: 7.933528, L1(Flow): 7.906694, Reg: 0.026833
Iter 270 of 338 Loss: 7.701764, L1(Flow): 7.676776, Reg: 0.024987
Iter 280 of 338 Loss: 8.820737, L1(Flow): 8.796171, Reg: 0.024566
Iter 290 of 338 Loss: 10.237293, L1(Flow): 10.214478, Reg: 0.022815
Iter 300 of 338 Loss: 6.940247, L1(Flow): 6.910701, Reg: 0.029546
Iter 310 of 338 Loss: 7.083008, L1(Flow): 7.054423, Reg: 0.028585
Iter 320 of 338 Loss: 6.987902, L1(Flow): 6.960534, Reg: 0.027368
Iter 330 of 338 Loss: 8.595649, L1(Flow): 8.570924, Reg: 0.024725
Epoch 0 Loss: 8.726262
Epoch 0 Validation: Mean EPE: 12.8305, Mean SSIM: 0.2528, Mean ZNCC: 0.5216
--> Saved to Top 5 best models (EPE: 12.8305)
--> New absolute BEST model updated with EPE: 12.8305
Epoch 1 starts
Iter 10 of 338 Loss: 8.122497, L1(Flow): 8.098000, Reg: 0.024497
Iter 20 of 338 Loss: 8.323030, L1(Flow): 8.297864, Reg: 0.025166
Iter 30 of 338 Loss: 8.731980, L1(Flow): 8.708302, Reg: 0.023679
Iter 40 of 338 Loss: 8.061311, L1(Flow): 8.034629, Reg: 0.026682
Iter 50 of 338 Loss: 8.374745, L1(Flow): 8.348473, Reg: 0.026272
Iter 60 of 338 Loss: 7.479495, L1(Flow): 7.451228, Reg: 0.028267
Iter 70 of 338 Loss: 8.085323, L1(Flow): 8.059255, Reg: 0.026069
Iter 80 of 338 Loss: 8.072822, L1(Flow): 8.045978, Reg: 0.026844
Iter 90 of 338 Loss: 9.027815, L1(Flow): 9.002542, Reg: 0.025273
Iter 100 of 338 Loss: 7.731152, L1(Flow): 7.702587, Reg: 0.028566
Iter 110 of 338 Loss: 8.538673, L1(Flow): 8.510577, Reg: 0.028096
Iter 120 of 338 Loss: 7.879301, L1(Flow): 7.851302, Reg: 0.027999
Iter 130 of 338 Loss: 7.695532, L1(Flow): 7.666853, Reg: 0.028679
Iter 140 of 338 Loss: 8.628444, L1(Flow): 8.601211, Reg: 0.027233
Iter 150 of 338 Loss: 8.560708, L1(Flow): 8.531766, Reg: 0.028942
Iter 160 of 338 Loss: 8.391134, L1(Flow): 8.363326, Reg: 0.027808
Iter 170 of 338 Loss: 8.133730, L1(Flow): 8.101490, Reg: 0.032240
Iter 180 of 338 Loss: 8.622890, L1(Flow): 8.591856, Reg: 0.031033
Iter 190 of 338 Loss: 8.603910, L1(Flow): 8.575601, Reg: 0.028310
Iter 200 of 338 Loss: 8.071953, L1(Flow): 8.040540, Reg: 0.031413
Iter 210 of 338 Loss: 8.231061, L1(Flow): 8.201634, Reg: 0.029427
Iter 220 of 338 Loss: 8.987660, L1(Flow): 8.958082, Reg: 0.029579
Iter 230 of 338 Loss: 7.830490, L1(Flow): 7.800865, Reg: 0.029624
Iter 240 of 338 Loss: 7.218942, L1(Flow): 7.184995, Reg: 0.033947
Iter 250 of 338 Loss: 7.055271, L1(Flow): 7.020614, Reg: 0.034657
Iter 260 of 338 Loss: 8.026215, L1(Flow): 7.992695, Reg: 0.033520
Iter 270 of 338 Loss: 7.997930, L1(Flow): 7.961693, Reg: 0.036237
Iter 280 of 338 Loss: 7.537309, L1(Flow): 7.502163, Reg: 0.035146
Iter 290 of 338 Loss: 7.160425, L1(Flow): 7.124587, Reg: 0.035838
Iter 300 of 338 Loss: 7.935085, L1(Flow): 7.898247, Reg: 0.036838
Iter 310 of 338 Loss: 7.671473, L1(Flow): 7.637003, Reg: 0.034470
Iter 320 of 338 Loss: 7.311314, L1(Flow): 7.272703, Reg: 0.038611
Iter 330 of 338 Loss: 7.320341, L1(Flow): 7.285446, Reg: 0.034895
Epoch 1 Loss: 8.089964
Epoch 1 Validation: Mean EPE: 12.0451, Mean SSIM: 0.2673, Mean ZNCC: 0.5316
--> Saved to Top 5 best models (EPE: 12.0451)
--> New absolute BEST model updated with EPE: 12.0451
Epoch 2 starts
Iter 10 of 338 Loss: 7.468769, L1(Flow): 7.430909, Reg: 0.037859
Iter 20 of 338 Loss: 7.681893, L1(Flow): 7.642979, Reg: 0.038914
Iter 30 of 338 Loss: 6.938085, L1(Flow): 6.900866, Reg: 0.037219
Iter 40 of 338 Loss: 8.169348, L1(Flow): 8.131058, Reg: 0.038290
Iter 50 of 338 Loss: 6.731494, L1(Flow): 6.689435, Reg: 0.042059
Iter 60 of 338 Loss: 8.044198, L1(Flow): 8.001853, Reg: 0.042345
Iter 70 of 338 Loss: 7.852042, L1(Flow): 7.814514, Reg: 0.037527
Iter 80 of 338 Loss: 7.918297, L1(Flow): 7.879086, Reg: 0.039211
Iter 90 of 338 Loss: 7.958405, L1(Flow): 7.918968, Reg: 0.039437
Iter 100 of 338 Loss: 7.278895, L1(Flow): 7.238518, Reg: 0.040377
Iter 110 of 338 Loss: 8.092806, L1(Flow): 8.048847, Reg: 0.043958
Iter 120 of 338 Loss: 8.915511, L1(Flow): 8.879122, Reg: 0.036389
Iter 130 of 338 Loss: 7.939391, L1(Flow): 7.898214, Reg: 0.041177
Iter 140 of 338 Loss: 8.480765, L1(Flow): 8.436288, Reg: 0.044478
Iter 150 of 338 Loss: 8.023132, L1(Flow): 7.979440, Reg: 0.043692
Iter 160 of 338 Loss: 7.128607, L1(Flow): 7.083536, Reg: 0.045071
Iter 170 of 338 Loss: 7.463861, L1(Flow): 7.417231, Reg: 0.046630
Iter 180 of 338 Loss: 7.448005, L1(Flow): 7.400319, Reg: 0.047686
Iter 190 of 338 Loss: 6.920673, L1(Flow): 6.877369, Reg: 0.043304
Iter 200 of 338 Loss: 8.052075, L1(Flow): 8.006366, Reg: 0.045709
Iter 210 of 338 Loss: 7.643176, L1(Flow): 7.597079, Reg: 0.046097
Iter 220 of 338 Loss: 6.863070, L1(Flow): 6.815039, Reg: 0.048032
Iter 230 of 338 Loss: 8.179322, L1(Flow): 8.132291, Reg: 0.047031
Iter 240 of 338 Loss: 7.504267, L1(Flow): 7.454783, Reg: 0.049484
Iter 250 of 338 Loss: 6.864175, L1(Flow): 6.810186, Reg: 0.053989
Iter 260 of 338 Loss: 6.967071, L1(Flow): 6.915989, Reg: 0.051081
Iter 270 of 338 Loss: 7.243916, L1(Flow): 7.196090, Reg: 0.047825
Iter 280 of 338 Loss: 6.657218, L1(Flow): 6.606420, Reg: 0.050797
Iter 290 of 338 Loss: 7.433839, L1(Flow): 7.380614, Reg: 0.053225
Iter 300 of 338 Loss: 7.666112, L1(Flow): 7.614191, Reg: 0.051921
Iter 310 of 338 Loss: 7.228032, L1(Flow): 7.176171, Reg: 0.051861
Iter 320 of 338 Loss: 6.650674, L1(Flow): 6.594317, Reg: 0.056357
Iter 330 of 338 Loss: 8.034380, L1(Flow): 7.982127, Reg: 0.052253
Epoch 2 Loss: 7.513679
Epoch 2 Validation: Mean EPE: 11.1307, Mean SSIM: 0.2778, Mean ZNCC: 0.5407
--> Saved to Top 5 best models (EPE: 11.1307)
--> New absolute BEST model updated with EPE: 11.1307
Epoch 3 starts
Iter 10 of 338 Loss: 7.989145, L1(Flow): 7.933652, Reg: 0.055494
Iter 20 of 338 Loss: 7.480324, L1(Flow): 7.424496, Reg: 0.055829
Iter 30 of 338 Loss: 7.622496, L1(Flow): 7.561072, Reg: 0.061424
Iter 40 of 338 Loss: 6.866313, L1(Flow): 6.805991, Reg: 0.060322
Iter 50 of 338 Loss: 7.113597, L1(Flow): 7.056934, Reg: 0.056662
Iter 60 of 338 Loss: 6.423628, L1(Flow): 6.363653, Reg: 0.059975
Iter 70 of 338 Loss: 7.560813, L1(Flow): 7.503341, Reg: 0.057472
Iter 80 of 338 Loss: 6.506883, L1(Flow): 6.448297, Reg: 0.058586
Iter 90 of 338 Loss: 7.119832, L1(Flow): 7.061077, Reg: 0.058755
Iter 100 of 338 Loss: 6.864655, L1(Flow): 6.806866, Reg: 0.057789
Iter 110 of 338 Loss: 6.401131, L1(Flow): 6.345829, Reg: 0.055302
Iter 120 of 338 Loss: 7.471538, L1(Flow): 7.408066, Reg: 0.063471
Iter 130 of 338 Loss: 7.335757, L1(Flow): 7.275253, Reg: 0.060504
Iter 140 of 338 Loss: 6.707727, L1(Flow): 6.651177, Reg: 0.056550
Iter 150 of 338 Loss: 7.481768, L1(Flow): 7.420159, Reg: 0.061609
Iter 160 of 338 Loss: 7.195478, L1(Flow): 7.132522, Reg: 0.062957
Iter 170 of 338 Loss: 6.634109, L1(Flow): 6.572384, Reg: 0.061726
Iter 180 of 338 Loss: 6.860578, L1(Flow): 6.799580, Reg: 0.060998
Iter 190 of 338 Loss: 7.543095, L1(Flow): 7.482617, Reg: 0.060478
Iter 200 of 338 Loss: 6.609145, L1(Flow): 6.539908, Reg: 0.069237
Iter 210 of 338 Loss: 6.691881, L1(Flow): 6.623043, Reg: 0.068838
Iter 220 of 338 Loss: 7.286985, L1(Flow): 7.220554, Reg: 0.066432
Iter 230 of 338 Loss: 6.848323, L1(Flow): 6.785171, Reg: 0.063152
Iter 240 of 338 Loss: 5.914093, L1(Flow): 5.851988, Reg: 0.062105
Iter 250 of 338 Loss: 6.654944, L1(Flow): 6.587480, Reg: 0.067465
Iter 260 of 338 Loss: 6.548080, L1(Flow): 6.481910, Reg: 0.066171
Iter 270 of 338 Loss: 7.272711, L1(Flow): 7.206486, Reg: 0.066226
Iter 280 of 338 Loss: 7.054659, L1(Flow): 6.984244, Reg: 0.070415
Iter 290 of 338 Loss: 6.506821, L1(Flow): 6.441226, Reg: 0.065594
Iter 300 of 338 Loss: 7.502583, L1(Flow): 7.427281, Reg: 0.075301
Iter 310 of 338 Loss: 6.883952, L1(Flow): 6.810289, Reg: 0.073662
Iter 320 of 338 Loss: 6.390541, L1(Flow): 6.324995, Reg: 0.065546
Iter 330 of 338 Loss: 7.071613, L1(Flow): 6.997725, Reg: 0.073888
Epoch 3 Loss: 6.915639
Epoch 3 Validation: Mean EPE: 10.2764, Mean SSIM: 0.2862, Mean ZNCC: 0.5483
--> Saved to Top 5 best models (EPE: 10.2764)
--> New absolute BEST model updated with EPE: 10.2764
Epoch 4 starts
Iter 10 of 338 Loss: 6.234409, L1(Flow): 6.162251, Reg: 0.072159
Iter 20 of 338 Loss: 7.134946, L1(Flow): 7.066106, Reg: 0.068840
Iter 30 of 338 Loss: 6.628395, L1(Flow): 6.559340, Reg: 0.069055
Iter 40 of 338 Loss: 6.924341, L1(Flow): 6.849728, Reg: 0.074613
Iter 50 of 338 Loss: 7.327632, L1(Flow): 7.252424, Reg: 0.075209
Iter 60 of 338 Loss: 6.970821, L1(Flow): 6.892124, Reg: 0.078697
Iter 70 of 338 Loss: 6.621971, L1(Flow): 6.545510, Reg: 0.076461
Iter 80 of 338 Loss: 7.143320, L1(Flow): 7.061944, Reg: 0.081376
Iter 90 of 338 Loss: 6.158988, L1(Flow): 6.086751, Reg: 0.072237
Iter 100 of 338 Loss: 6.877030, L1(Flow): 6.790277, Reg: 0.086754
Iter 110 of 338 Loss: 6.687321, L1(Flow): 6.612746, Reg: 0.074575
Iter 120 of 338 Loss: 6.766282, L1(Flow): 6.680015, Reg: 0.086267
Iter 130 of 338 Loss: 6.379868, L1(Flow): 6.298992, Reg: 0.080876
Iter 140 of 338 Loss: 6.642352, L1(Flow): 6.563652, Reg: 0.078701
Iter 150 of 338 Loss: 6.754619, L1(Flow): 6.674539, Reg: 0.080080
Iter 160 of 338 Loss: 6.691959, L1(Flow): 6.609174, Reg: 0.082785
Iter 170 of 338 Loss: 5.768871, L1(Flow): 5.682380, Reg: 0.086492
Iter 180 of 338 Loss: 6.208748, L1(Flow): 6.134844, Reg: 0.073904
Iter 190 of 338 Loss: 6.487423, L1(Flow): 6.403215, Reg: 0.084208
Iter 200 of 338 Loss: 6.504417, L1(Flow): 6.425853, Reg: 0.078564
Iter 210 of 338 Loss: 6.122134, L1(Flow): 6.037208, Reg: 0.084926
Iter 220 of 338 Loss: 6.716667, L1(Flow): 6.637116, Reg: 0.079551
Iter 230 of 338 Loss: 6.166656, L1(Flow): 6.083260, Reg: 0.083396
Iter 240 of 338 Loss: 7.171195, L1(Flow): 7.077622, Reg: 0.093572
Iter 250 of 338 Loss: 6.292407, L1(Flow): 6.212588, Reg: 0.079819
Iter 260 of 338 Loss: 6.181764, L1(Flow): 6.105441, Reg: 0.076322
Iter 270 of 338 Loss: 6.552364, L1(Flow): 6.470792, Reg: 0.081572
Iter 280 of 338 Loss: 5.972101, L1(Flow): 5.893212, Reg: 0.078889
Iter 290 of 338 Loss: 5.696829, L1(Flow): 5.605282, Reg: 0.091546
Iter 300 of 338 Loss: 6.134106, L1(Flow): 6.054542, Reg: 0.079564
Iter 310 of 338 Loss: 6.245354, L1(Flow): 6.159338, Reg: 0.086016
Iter 320 of 338 Loss: 6.932031, L1(Flow): 6.826393, Reg: 0.105638
Iter 330 of 338 Loss: 5.976924, L1(Flow): 5.898239, Reg: 0.078686
Epoch 4 Loss: 6.415872
Epoch 4 Validation: Mean EPE: 9.5781, Mean SSIM: 0.2929, Mean ZNCC: 0.5554
--> Saved to Top 5 best models (EPE: 9.5781)
--> New absolute BEST model updated with EPE: 9.5781
Epoch 5 starts
Iter 10 of 338 Loss: 6.387698, L1(Flow): 6.296734, Reg: 0.090963
Iter 20 of 338 Loss: 5.522924, L1(Flow): 5.452327, Reg: 0.070598
Iter 30 of 338 Loss: 6.355691, L1(Flow): 6.273874, Reg: 0.081818
Iter 40 of 338 Loss: 5.878572, L1(Flow): 5.796082, Reg: 0.082490
Iter 50 of 338 Loss: 6.042856, L1(Flow): 5.956520, Reg: 0.086336
Iter 60 of 338 Loss: 6.149601, L1(Flow): 6.066578, Reg: 0.083022
Iter 70 of 338 Loss: 5.993836, L1(Flow): 5.905269, Reg: 0.088567
Iter 80 of 338 Loss: 6.975535, L1(Flow): 6.879982, Reg: 0.095554
Iter 90 of 338 Loss: 5.211758, L1(Flow): 5.119272, Reg: 0.092486
Iter 100 of 338 Loss: 5.592406, L1(Flow): 5.508907, Reg: 0.083499
Iter 110 of 338 Loss: 6.351358, L1(Flow): 6.260437, Reg: 0.090920
Iter 120 of 338 Loss: 5.994856, L1(Flow): 5.901364, Reg: 0.093493
Iter 130 of 338 Loss: 6.166669, L1(Flow): 6.076934, Reg: 0.089736
Iter 140 of 338 Loss: 5.760535, L1(Flow): 5.658241, Reg: 0.102294
Iter 150 of 338 Loss: 5.844244, L1(Flow): 5.748021, Reg: 0.096223
Iter 160 of 338 Loss: 5.798342, L1(Flow): 5.708075, Reg: 0.090267
Iter 170 of 338 Loss: 6.359397, L1(Flow): 6.269609, Reg: 0.089788
Iter 180 of 338 Loss: 6.736995, L1(Flow): 6.637787, Reg: 0.099208
Iter 190 of 338 Loss: 6.474775, L1(Flow): 6.388339, Reg: 0.086437
Iter 200 of 338 Loss: 6.190438, L1(Flow): 6.086742, Reg: 0.103696
Iter 210 of 338 Loss: 6.016236, L1(Flow): 5.928362, Reg: 0.087874
Iter 220 of 338 Loss: 5.800378, L1(Flow): 5.711773, Reg: 0.088605
Iter 230 of 338 Loss: 6.032630, L1(Flow): 5.928768, Reg: 0.103862
Iter 240 of 338 Loss: 5.700594, L1(Flow): 5.608545, Reg: 0.092050
Iter 250 of 338 Loss: 5.990736, L1(Flow): 5.900359, Reg: 0.090378
Iter 260 of 338 Loss: 6.323285, L1(Flow): 6.218983, Reg: 0.104303
Iter 270 of 338 Loss: 6.416508, L1(Flow): 6.310061, Reg: 0.106447
Iter 280 of 338 Loss: 5.567012, L1(Flow): 5.469470, Reg: 0.097542
Iter 290 of 338 Loss: 5.793767, L1(Flow): 5.703375, Reg: 0.090392
Iter 300 of 338 Loss: 6.057417, L1(Flow): 5.941158, Reg: 0.116259
Iter 310 of 338 Loss: 5.321730, L1(Flow): 5.228527, Reg: 0.093203
Iter 320 of 338 Loss: 5.769982, L1(Flow): 5.679001, Reg: 0.090981
Iter 330 of 338 Loss: 6.309582, L1(Flow): 6.200161, Reg: 0.109421
Epoch 5 Loss: 6.016043
Epoch 5 Validation: Mean EPE: 8.9914, Mean SSIM: 0.2979, Mean ZNCC: 0.5607
--> Saved to Top 5 best models (EPE: 8.9914)
--> New absolute BEST model updated with EPE: 8.9914
Epoch 6 starts
Iter 10 of 338 Loss: 5.675906, L1(Flow): 5.580662, Reg: 0.095244
Iter 20 of 338 Loss: 5.642453, L1(Flow): 5.548056, Reg: 0.094397
Iter 30 of 338 Loss: 5.751220, L1(Flow): 5.639561, Reg: 0.111659
Iter 40 of 338 Loss: 6.178353, L1(Flow): 6.064271, Reg: 0.114082
Iter 50 of 338 Loss: 6.245655, L1(Flow): 6.148607, Reg: 0.097047
Iter 60 of 338 Loss: 5.148980, L1(Flow): 5.044996, Reg: 0.103983
Iter 70 of 338 Loss: 5.797669, L1(Flow): 5.689590, Reg: 0.108079
Iter 80 of 338 Loss: 5.984463, L1(Flow): 5.878515, Reg: 0.105949
Iter 90 of 338 Loss: 5.470067, L1(Flow): 5.376357, Reg: 0.093711
Iter 100 of 338 Loss: 5.475338, L1(Flow): 5.371764, Reg: 0.103575
Iter 110 of 338 Loss: 6.016385, L1(Flow): 5.908050, Reg: 0.108335
Iter 120 of 338 Loss: 5.574214, L1(Flow): 5.463476, Reg: 0.110738
Iter 130 of 338 Loss: 5.819905, L1(Flow): 5.711887, Reg: 0.108018
Iter 140 of 338 Loss: 6.020944, L1(Flow): 5.909229, Reg: 0.111715
Iter 150 of 338 Loss: 5.102345, L1(Flow): 4.997562, Reg: 0.104783
Iter 160 of 338 Loss: 5.310087, L1(Flow): 5.203464, Reg: 0.106623
Iter 170 of 338 Loss: 6.354785, L1(Flow): 6.248555, Reg: 0.106231
Iter 180 of 338 Loss: 6.497832, L1(Flow): 6.372531, Reg: 0.125301
Iter 190 of 338 Loss: 5.634817, L1(Flow): 5.530424, Reg: 0.104394
Iter 200 of 338 Loss: 5.754711, L1(Flow): 5.651012, Reg: 0.103699
Iter 210 of 338 Loss: 5.730319, L1(Flow): 5.628578, Reg: 0.101740
Iter 220 of 338 Loss: 5.020004, L1(Flow): 4.930647, Reg: 0.089357
Iter 230 of 338 Loss: 5.478809, L1(Flow): 5.372348, Reg: 0.106462
Iter 240 of 338 Loss: 5.374859, L1(Flow): 5.269757, Reg: 0.105102
Iter 250 of 338 Loss: 6.605924, L1(Flow): 6.475980, Reg: 0.129943
Iter 260 of 338 Loss: 5.364941, L1(Flow): 5.256603, Reg: 0.108338
Iter 270 of 338 Loss: 5.854465, L1(Flow): 5.740756, Reg: 0.113710
Iter 280 of 338 Loss: 5.695913, L1(Flow): 5.576253, Reg: 0.119660
Iter 290 of 338 Loss: 5.235590, L1(Flow): 5.128826, Reg: 0.106764
Iter 300 of 338 Loss: 5.559585, L1(Flow): 5.457393, Reg: 0.102192
Iter 310 of 338 Loss: 5.611352, L1(Flow): 5.497643, Reg: 0.113710
Iter 320 of 338 Loss: 5.611401, L1(Flow): 5.497334, Reg: 0.114067
Iter 330 of 338 Loss: 5.394153, L1(Flow): 5.291209, Reg: 0.102944
Epoch 6 Loss: 5.665987
Epoch 6 Validation: Mean EPE: 8.4676, Mean SSIM: 0.3028, Mean ZNCC: 0.5665
--> Saved to Top 5 best models (EPE: 8.4676)
--> New absolute BEST model updated with EPE: 8.4676
Epoch 7 starts
Iter 10 of 338 Loss: 5.782678, L1(Flow): 5.665154, Reg: 0.117524
Iter 20 of 338 Loss: 5.348923, L1(Flow): 5.230090, Reg: 0.118833
Iter 30 of 338 Loss: 5.483916, L1(Flow): 5.374837, Reg: 0.109079
Iter 40 of 338 Loss: 5.546205, L1(Flow): 5.440096, Reg: 0.106108
Iter 50 of 338 Loss: 5.647603, L1(Flow): 5.542540, Reg: 0.105063
Iter 60 of 338 Loss: 5.380510, L1(Flow): 5.263086, Reg: 0.117425
Iter 70 of 338 Loss: 5.229555, L1(Flow): 5.118454, Reg: 0.111101
Iter 80 of 338 Loss: 5.578100, L1(Flow): 5.463747, Reg: 0.114353
Iter 90 of 338 Loss: 5.130680, L1(Flow): 5.025790, Reg: 0.104890
Iter 100 of 338 Loss: 5.430115, L1(Flow): 5.312351, Reg: 0.117763
Iter 110 of 338 Loss: 4.863022, L1(Flow): 4.755344, Reg: 0.107677
Iter 120 of 338 Loss: 5.445913, L1(Flow): 5.318784, Reg: 0.127129
Iter 130 of 338 Loss: 5.292089, L1(Flow): 5.188182, Reg: 0.103907
Iter 140 of 338 Loss: 5.710248, L1(Flow): 5.588667, Reg: 0.121581
Iter 150 of 338 Loss: 5.171843, L1(Flow): 5.057611, Reg: 0.114232
Iter 160 of 338 Loss: 5.665397, L1(Flow): 5.549223, Reg: 0.116174
Iter 170 of 338 Loss: 5.421153, L1(Flow): 5.301252, Reg: 0.119901
Iter 180 of 338 Loss: 6.280135, L1(Flow): 6.156086, Reg: 0.124048
Iter 190 of 338 Loss: 5.731905, L1(Flow): 5.613767, Reg: 0.118138
Iter 200 of 338 Loss: 5.599994, L1(Flow): 5.478776, Reg: 0.121218
Iter 210 of 338 Loss: 5.464178, L1(Flow): 5.345783, Reg: 0.118395
Iter 220 of 338 Loss: 5.285773, L1(Flow): 5.165319, Reg: 0.120454
Iter 230 of 338 Loss: 6.045716, L1(Flow): 5.921669, Reg: 0.124047
Iter 240 of 338 Loss: 5.509040, L1(Flow): 5.388471, Reg: 0.120569
Iter 250 of 338 Loss: 5.250433, L1(Flow): 5.130144, Reg: 0.120289
Iter 260 of 338 Loss: 5.347028, L1(Flow): 5.229294, Reg: 0.117735
Iter 270 of 338 Loss: 5.488605, L1(Flow): 5.367661, Reg: 0.120944
Iter 280 of 338 Loss: 5.667927, L1(Flow): 5.559367, Reg: 0.108560
Iter 290 of 338 Loss: 5.365603, L1(Flow): 5.250835, Reg: 0.114768
Iter 300 of 338 Loss: 4.735676, L1(Flow): 4.626545, Reg: 0.109130
Iter 310 of 338 Loss: 5.589134, L1(Flow): 5.477758, Reg: 0.111376
Iter 320 of 338 Loss: 4.812786, L1(Flow): 4.683008, Reg: 0.129778
Iter 330 of 338 Loss: 4.925958, L1(Flow): 4.811482, Reg: 0.114476
Epoch 7 Loss: 5.347571
Epoch 7 Validation: Mean EPE: 8.0385, Mean SSIM: 0.3071, Mean ZNCC: 0.5716
--> Saved to Top 5 best models (EPE: 8.0385)
--> New absolute BEST model updated with EPE: 8.0385
Epoch 8 starts
Iter 10 of 338 Loss: 4.877499, L1(Flow): 4.757990, Reg: 0.119509
Iter 20 of 338 Loss: 5.087082, L1(Flow): 4.968964, Reg: 0.118118
Iter 30 of 338 Loss: 5.505695, L1(Flow): 5.407011, Reg: 0.098684
Iter 40 of 338 Loss: 5.193945, L1(Flow): 5.076768, Reg: 0.117176
Iter 50 of 338 Loss: 5.444121, L1(Flow): 5.316314, Reg: 0.127807
Iter 60 of 338 Loss: 5.041030, L1(Flow): 4.923973, Reg: 0.117057
Iter 70 of 338 Loss: 4.498299, L1(Flow): 4.384105, Reg: 0.114194
Iter 80 of 338 Loss: 5.323798, L1(Flow): 5.214645, Reg: 0.109153
Iter 90 of 338 Loss: 5.495301, L1(Flow): 5.376721, Reg: 0.118580
Iter 100 of 338 Loss: 5.296077, L1(Flow): 5.191946, Reg: 0.104131
Iter 110 of 338 Loss: 4.973679, L1(Flow): 4.848656, Reg: 0.125023
Iter 120 of 338 Loss: 4.993488, L1(Flow): 4.878032, Reg: 0.115456
Iter 130 of 338 Loss: 5.789870, L1(Flow): 5.662639, Reg: 0.127231
Iter 140 of 338 Loss: 5.223938, L1(Flow): 5.091189, Reg: 0.132749
Iter 150 of 338 Loss: 5.396646, L1(Flow): 5.268631, Reg: 0.128015
Iter 160 of 338 Loss: 4.949849, L1(Flow): 4.813256, Reg: 0.136592
Iter 170 of 338 Loss: 5.224821, L1(Flow): 5.103714, Reg: 0.121106
Iter 180 of 338 Loss: 4.961457, L1(Flow): 4.852993, Reg: 0.108464
Iter 190 of 338 Loss: 5.068577, L1(Flow): 4.950747, Reg: 0.117830
Iter 200 of 338 Loss: 5.362236, L1(Flow): 5.248961, Reg: 0.113274
Iter 210 of 338 Loss: 5.510924, L1(Flow): 5.369456, Reg: 0.141468
Iter 220 of 338 Loss: 4.464096, L1(Flow): 4.350192, Reg: 0.113904
Iter 230 of 338 Loss: 4.639327, L1(Flow): 4.519623, Reg: 0.119703
Iter 240 of 338 Loss: 4.768411, L1(Flow): 4.664021, Reg: 0.104389
Iter 250 of 338 Loss: 5.105087, L1(Flow): 4.986637, Reg: 0.118450
Iter 260 of 338 Loss: 5.071558, L1(Flow): 4.950797, Reg: 0.120761
Iter 270 of 338 Loss: 4.671426, L1(Flow): 4.545174, Reg: 0.126252
Iter 280 of 338 Loss: 4.819493, L1(Flow): 4.696947, Reg: 0.122546
Iter 290 of 338 Loss: 4.720982, L1(Flow): 4.603864, Reg: 0.117118
Iter 300 of 338 Loss: 4.412209, L1(Flow): 4.301543, Reg: 0.110666
Iter 310 of 338 Loss: 5.021128, L1(Flow): 4.897658, Reg: 0.123470
Iter 320 of 338 Loss: 4.898134, L1(Flow): 4.785529, Reg: 0.112605
Iter 330 of 338 Loss: 4.650138, L1(Flow): 4.531716, Reg: 0.118423
Epoch 8 Loss: 5.044122
Epoch 8 Validation: Mean EPE: 7.5830, Mean SSIM: 0.3118, Mean ZNCC: 0.5775
--> Saved to Top 5 best models (EPE: 7.5830)
--> New absolute BEST model updated with EPE: 7.5830
Epoch 9 starts
Iter 10 of 338 Loss: 5.105304, L1(Flow): 4.970310, Reg: 0.134994
Iter 20 of 338 Loss: 4.434663, L1(Flow): 4.324888, Reg: 0.109775
Iter 30 of 338 Loss: 4.542636, L1(Flow): 4.422463, Reg: 0.120174
Iter 40 of 338 Loss: 4.637595, L1(Flow): 4.515402, Reg: 0.122193
Iter 50 of 338 Loss: 5.255283, L1(Flow): 5.128803, Reg: 0.126480
Iter 60 of 338 Loss: 5.011417, L1(Flow): 4.878265, Reg: 0.133152
Iter 70 of 338 Loss: 4.718863, L1(Flow): 4.599122, Reg: 0.119741
Iter 80 of 338 Loss: 4.599524, L1(Flow): 4.478078, Reg: 0.121445
Iter 90 of 338 Loss: 5.352386, L1(Flow): 5.229850, Reg: 0.122536
Iter 100 of 338 Loss: 4.888325, L1(Flow): 4.765821, Reg: 0.122503
Iter 110 of 338 Loss: 4.884611, L1(Flow): 4.765681, Reg: 0.118930
Iter 120 of 338 Loss: 4.802462, L1(Flow): 4.673818, Reg: 0.128644
Iter 130 of 338 Loss: 4.894331, L1(Flow): 4.771336, Reg: 0.122994
Iter 140 of 338 Loss: 4.645058, L1(Flow): 4.517421, Reg: 0.127637
Iter 150 of 338 Loss: 4.390548, L1(Flow): 4.274472, Reg: 0.116077
Iter 160 of 338 Loss: 4.343353, L1(Flow): 4.225218, Reg: 0.118135
Iter 170 of 338 Loss: 4.777297, L1(Flow): 4.659249, Reg: 0.118049
Iter 180 of 338 Loss: 4.440116, L1(Flow): 4.318737, Reg: 0.121379
Iter 190 of 338 Loss: 4.532781, L1(Flow): 4.406444, Reg: 0.126336
Iter 200 of 338 Loss: 4.560292, L1(Flow): 4.425525, Reg: 0.134768
Iter 210 of 338 Loss: 5.038500, L1(Flow): 4.885684, Reg: 0.152817
Iter 220 of 338 Loss: 4.674275, L1(Flow): 4.552612, Reg: 0.121663
Iter 230 of 338 Loss: 4.580564, L1(Flow): 4.469275, Reg: 0.111289
Iter 240 of 338 Loss: 4.330576, L1(Flow): 4.199718, Reg: 0.130858
Iter 250 of 338 Loss: 4.952583, L1(Flow): 4.825537, Reg: 0.127046
Iter 260 of 338 Loss: 4.925882, L1(Flow): 4.810499, Reg: 0.115383
Iter 270 of 338 Loss: 4.095538, L1(Flow): 3.975895, Reg: 0.119642
Iter 280 of 338 Loss: 4.152244, L1(Flow): 4.026186, Reg: 0.126058
Iter 290 of 338 Loss: 4.548932, L1(Flow): 4.410890, Reg: 0.138042
Iter 300 of 338 Loss: 4.344971, L1(Flow): 4.220678, Reg: 0.124293
Iter 310 of 338 Loss: 4.981984, L1(Flow): 4.842053, Reg: 0.139931
Iter 320 of 338 Loss: 5.168568, L1(Flow): 5.044181, Reg: 0.124387
Iter 330 of 338 Loss: 4.147805, L1(Flow): 4.028756, Reg: 0.119050
Epoch 9 Loss: 4.737191
Epoch 9 Validation: Mean EPE: 7.0349, Mean SSIM: 0.3166, Mean ZNCC: 0.5820
--> Saved to Top 5 best models (EPE: 7.0349)
--> New absolute BEST model updated with EPE: 7.0349
Epoch 10 starts
Iter 10 of 338 Loss: 4.973857, L1(Flow): 4.845419, Reg: 0.128438
Iter 20 of 338 Loss: 4.820292, L1(Flow): 4.693621, Reg: 0.126670
Iter 30 of 338 Loss: 4.430132, L1(Flow): 4.311013, Reg: 0.119119
Iter 40 of 338 Loss: 4.450833, L1(Flow): 4.327160, Reg: 0.123673
Iter 50 of 338 Loss: 4.615157, L1(Flow): 4.476285, Reg: 0.138873
Iter 60 of 338 Loss: 4.409676, L1(Flow): 4.279836, Reg: 0.129841
Iter 70 of 338 Loss: 4.192438, L1(Flow): 4.066731, Reg: 0.125706
Iter 80 of 338 Loss: 4.577512, L1(Flow): 4.448119, Reg: 0.129393
Iter 90 of 338 Loss: 4.232516, L1(Flow): 4.104278, Reg: 0.128238
Iter 100 of 338 Loss: 4.242889, L1(Flow): 4.114604, Reg: 0.128285
Iter 110 of 338 Loss: 4.994917, L1(Flow): 4.859800, Reg: 0.135117
Iter 120 of 338 Loss: 4.258349, L1(Flow): 4.134662, Reg: 0.123687
Iter 130 of 338 Loss: 4.462168, L1(Flow): 4.345747, Reg: 0.116421
Iter 140 of 338 Loss: 4.573936, L1(Flow): 4.432691, Reg: 0.141244
Iter 150 of 338 Loss: 4.164945, L1(Flow): 4.020149, Reg: 0.144796
Iter 160 of 338 Loss: 4.495868, L1(Flow): 4.364279, Reg: 0.131589
Iter 170 of 338 Loss: 4.910536, L1(Flow): 4.763976, Reg: 0.146560
Iter 180 of 338 Loss: 4.416684, L1(Flow): 4.270577, Reg: 0.146107
Iter 190 of 338 Loss: 4.196800, L1(Flow): 4.071261, Reg: 0.125539
Iter 200 of 338 Loss: 4.078686, L1(Flow): 3.942091, Reg: 0.136595
Iter 210 of 338 Loss: 4.359028, L1(Flow): 4.208853, Reg: 0.150175
Iter 220 of 338 Loss: 4.162485, L1(Flow): 4.038616, Reg: 0.123869
Iter 230 of 338 Loss: 4.497202, L1(Flow): 4.367987, Reg: 0.129215
Iter 240 of 338 Loss: 4.617620, L1(Flow): 4.470136, Reg: 0.147485
Iter 250 of 338 Loss: 3.890513, L1(Flow): 3.762008, Reg: 0.128505
Iter 260 of 338 Loss: 4.334343, L1(Flow): 4.216400, Reg: 0.117943
Iter 270 of 338 Loss: 4.706772, L1(Flow): 4.567487, Reg: 0.139285
Iter 280 of 338 Loss: 3.893698, L1(Flow): 3.764212, Reg: 0.129486
Iter 290 of 338 Loss: 4.920637, L1(Flow): 4.765698, Reg: 0.154939
Iter 300 of 338 Loss: 4.515242, L1(Flow): 4.381815, Reg: 0.133427
Iter 310 of 338 Loss: 4.321590, L1(Flow): 4.184438, Reg: 0.137153
Iter 320 of 338 Loss: 4.290873, L1(Flow): 4.163548, Reg: 0.127324
Iter 330 of 338 Loss: 4.667733, L1(Flow): 4.523841, Reg: 0.143892
Epoch 10 Loss: 4.447333
Epoch 10 Validation: Mean EPE: 6.6039, Mean SSIM: 0.3200, Mean ZNCC: 0.5866
--> Saved to Top 5 best models (EPE: 6.6039)
--> New absolute BEST model updated with EPE: 6.6039
Epoch 11 starts
Iter 10 of 338 Loss: 4.729328, L1(Flow): 4.595192, Reg: 0.134136
Iter 20 of 338 Loss: 4.240875, L1(Flow): 4.105213, Reg: 0.135662
Iter 30 of 338 Loss: 3.892033, L1(Flow): 3.735827, Reg: 0.156205
Iter 40 of 338 Loss: 4.746394, L1(Flow): 4.604391, Reg: 0.142003
Iter 50 of 338 Loss: 3.562612, L1(Flow): 3.435100, Reg: 0.127512
Iter 60 of 338 Loss: 4.235451, L1(Flow): 4.091898, Reg: 0.143552
Iter 70 of 338 Loss: 4.137546, L1(Flow): 3.991332, Reg: 0.146214
Iter 80 of 338 Loss: 3.993087, L1(Flow): 3.848684, Reg: 0.144403
Iter 90 of 338 Loss: 4.343030, L1(Flow): 4.183064, Reg: 0.159966
Iter 100 of 338 Loss: 4.248960, L1(Flow): 4.092003, Reg: 0.156956
Iter 110 of 338 Loss: 4.311001, L1(Flow): 4.164059, Reg: 0.146942
Iter 120 of 338 Loss: 4.172218, L1(Flow): 4.020723, Reg: 0.151494
Iter 130 of 338 Loss: 3.510848, L1(Flow): 3.353561, Reg: 0.157287
Iter 140 of 338 Loss: 4.574256, L1(Flow): 4.423561, Reg: 0.150696
Iter 150 of 338 Loss: 4.303676, L1(Flow): 4.160932, Reg: 0.142744
Iter 160 of 338 Loss: 4.137151, L1(Flow): 3.996393, Reg: 0.140758
Iter 170 of 338 Loss: 4.285450, L1(Flow): 4.143799, Reg: 0.141651
Iter 180 of 338 Loss: 4.001789, L1(Flow): 3.847453, Reg: 0.154336
Iter 190 of 338 Loss: 3.838130, L1(Flow): 3.698730, Reg: 0.139399
Iter 200 of 338 Loss: 4.787613, L1(Flow): 4.653929, Reg: 0.133684
Iter 210 of 338 Loss: 4.119933, L1(Flow): 3.983087, Reg: 0.136846
Iter 220 of 338 Loss: 3.912231, L1(Flow): 3.774686, Reg: 0.137545
Iter 230 of 338 Loss: 4.290093, L1(Flow): 4.133042, Reg: 0.157051
Iter 240 of 338 Loss: 4.453872, L1(Flow): 4.311727, Reg: 0.142145
Iter 250 of 338 Loss: 4.446958, L1(Flow): 4.277466, Reg: 0.169492
Iter 260 of 338 Loss: 4.053995, L1(Flow): 3.911146, Reg: 0.142848
Iter 270 of 338 Loss: 4.376164, L1(Flow): 4.230287, Reg: 0.145877
Iter 280 of 338 Loss: 4.279912, L1(Flow): 4.146688, Reg: 0.133225
Iter 290 of 338 Loss: 4.309831, L1(Flow): 4.149600, Reg: 0.160231
Iter 300 of 338 Loss: 4.286579, L1(Flow): 4.141959, Reg: 0.144620
Iter 310 of 338 Loss: 4.074197, L1(Flow): 3.907022, Reg: 0.167175
Iter 320 of 338 Loss: 3.991023, L1(Flow): 3.858159, Reg: 0.132863
Iter 330 of 338 Loss: 4.040904, L1(Flow): 3.897679, Reg: 0.143225
Epoch 11 Loss: 4.170763
Epoch 11 Validation: Mean EPE: 6.1673, Mean SSIM: 0.3238, Mean ZNCC: 0.5911
--> Saved to Top 5 best models (EPE: 6.1673)
--> New absolute BEST model updated with EPE: 6.1673
Epoch 12 starts
Iter 10 of 338 Loss: 3.953769, L1(Flow): 3.804220, Reg: 0.149549
Iter 20 of 338 Loss: 3.868187, L1(Flow): 3.728484, Reg: 0.139703
Iter 30 of 338 Loss: 4.158978, L1(Flow): 4.010823, Reg: 0.148154
Iter 40 of 338 Loss: 3.727910, L1(Flow): 3.595134, Reg: 0.132776
Iter 50 of 338 Loss: 4.511741, L1(Flow): 4.371238, Reg: 0.140503
Iter 60 of 338 Loss: 3.964389, L1(Flow): 3.808290, Reg: 0.156099
Iter 70 of 338 Loss: 3.791966, L1(Flow): 3.653551, Reg: 0.138415
Iter 80 of 338 Loss: 3.731010, L1(Flow): 3.571403, Reg: 0.159607
Iter 90 of 338 Loss: 4.120304, L1(Flow): 3.934560, Reg: 0.185744
Iter 100 of 338 Loss: 3.707812, L1(Flow): 3.573396, Reg: 0.134415
Iter 110 of 338 Loss: 3.703278, L1(Flow): 3.554613, Reg: 0.148665
Iter 120 of 338 Loss: 4.129416, L1(Flow): 3.987229, Reg: 0.142187
Iter 130 of 338 Loss: 4.572143, L1(Flow): 4.420486, Reg: 0.151656
Iter 140 of 338 Loss: 4.305048, L1(Flow): 4.162339, Reg: 0.142709
Iter 150 of 338 Loss: 3.933794, L1(Flow): 3.750817, Reg: 0.182977
Iter 160 of 338 Loss: 4.376863, L1(Flow): 4.225004, Reg: 0.151859
Iter 170 of 338 Loss: 4.149992, L1(Flow): 4.003037, Reg: 0.146955
Iter 180 of 338 Loss: 3.940588, L1(Flow): 3.784360, Reg: 0.156228
Iter 190 of 338 Loss: 4.164001, L1(Flow): 4.008105, Reg: 0.155896
Iter 200 of 338 Loss: 3.803085, L1(Flow): 3.658659, Reg: 0.144426
Iter 210 of 338 Loss: 3.823462, L1(Flow): 3.651387, Reg: 0.172075
Iter 220 of 338 Loss: 3.565454, L1(Flow): 3.427410, Reg: 0.138044
Iter 230 of 338 Loss: 3.767053, L1(Flow): 3.591811, Reg: 0.175242
Iter 240 of 338 Loss: 3.669091, L1(Flow): 3.518178, Reg: 0.150913
Iter 250 of 338 Loss: 3.734734, L1(Flow): 3.569727, Reg: 0.165006
Iter 260 of 338 Loss: 4.092985, L1(Flow): 3.928669, Reg: 0.164317
Iter 270 of 338 Loss: 3.768924, L1(Flow): 3.606897, Reg: 0.162027
Iter 280 of 338 Loss: 3.535697, L1(Flow): 3.405306, Reg: 0.130391
Iter 290 of 338 Loss: 3.775370, L1(Flow): 3.636346, Reg: 0.139024
Iter 300 of 338 Loss: 3.672003, L1(Flow): 3.505635, Reg: 0.166367
Iter 310 of 338 Loss: 3.776639, L1(Flow): 3.634593, Reg: 0.142046
Iter 320 of 338 Loss: 3.835260, L1(Flow): 3.669612, Reg: 0.165647
Iter 330 of 338 Loss: 4.155038, L1(Flow): 3.996982, Reg: 0.158056
Epoch 12 Loss: 3.946089
Epoch 12 Validation: Mean EPE: 5.8174, Mean SSIM: 0.3270, Mean ZNCC: 0.5948
--> Saved to Top 5 best models (EPE: 5.8174)
--> New absolute BEST model updated with EPE: 5.8174
Epoch 13 starts
Iter 10 of 338 Loss: 4.094686, L1(Flow): 3.948680, Reg: 0.146006
Iter 20 of 338 Loss: 3.648502, L1(Flow): 3.494369, Reg: 0.154133
Iter 30 of 338 Loss: 3.912277, L1(Flow): 3.752099, Reg: 0.160179
Iter 40 of 338 Loss: 3.923832, L1(Flow): 3.772422, Reg: 0.151410
Iter 50 of 338 Loss: 3.790223, L1(Flow): 3.619404, Reg: 0.170819
Iter 60 of 338 Loss: 3.884730, L1(Flow): 3.738851, Reg: 0.145878
Iter 70 of 338 Loss: 3.760570, L1(Flow): 3.608103, Reg: 0.152467
Iter 80 of 338 Loss: 4.053905, L1(Flow): 3.882211, Reg: 0.171693
Iter 90 of 338 Loss: 3.877440, L1(Flow): 3.717818, Reg: 0.159623
Iter 100 of 338 Loss: 3.596929, L1(Flow): 3.451409, Reg: 0.145520
Iter 110 of 338 Loss: 3.803183, L1(Flow): 3.629755, Reg: 0.173427
Iter 120 of 338 Loss: 3.664798, L1(Flow): 3.513470, Reg: 0.151328
Iter 130 of 338 Loss: 4.134442, L1(Flow): 3.956149, Reg: 0.178294
Iter 140 of 338 Loss: 3.733140, L1(Flow): 3.556977, Reg: 0.176164
Iter 150 of 338 Loss: 3.816787, L1(Flow): 3.667032, Reg: 0.149755
Iter 160 of 338 Loss: 3.760434, L1(Flow): 3.610889, Reg: 0.149545
Iter 170 of 338 Loss: 3.621209, L1(Flow): 3.466645, Reg: 0.154563
Iter 180 of 338 Loss: 4.024866, L1(Flow): 3.865716, Reg: 0.159149
Iter 190 of 338 Loss: 3.049008, L1(Flow): 2.934308, Reg: 0.114700
Iter 200 of 338 Loss: 3.713027, L1(Flow): 3.563638, Reg: 0.149388
Iter 210 of 338 Loss: 4.210799, L1(Flow): 4.023913, Reg: 0.186886
Iter 220 of 338 Loss: 3.922693, L1(Flow): 3.744862, Reg: 0.177831
Iter 230 of 338 Loss: 3.355270, L1(Flow): 3.200302, Reg: 0.154968
Iter 240 of 338 Loss: 3.728213, L1(Flow): 3.576753, Reg: 0.151461
Iter 250 of 338 Loss: 3.654625, L1(Flow): 3.497603, Reg: 0.157021
Iter 260 of 338 Loss: 3.640522, L1(Flow): 3.488289, Reg: 0.152233
Iter 270 of 338 Loss: 3.889948, L1(Flow): 3.717403, Reg: 0.172544
Iter 280 of 338 Loss: 3.971502, L1(Flow): 3.784937, Reg: 0.186566
Iter 290 of 338 Loss: 3.500633, L1(Flow): 3.345615, Reg: 0.155018
Iter 300 of 338 Loss: 3.687623, L1(Flow): 3.539485, Reg: 0.148139
Iter 310 of 338 Loss: 3.743695, L1(Flow): 3.564416, Reg: 0.179280
Iter 320 of 338 Loss: 3.250308, L1(Flow): 3.097468, Reg: 0.152840
Iter 330 of 338 Loss: 3.354982, L1(Flow): 3.213709, Reg: 0.141273
Epoch 13 Loss: 3.727465
Epoch 13 Validation: Mean EPE: 5.5039, Mean SSIM: 0.3300, Mean ZNCC: 0.5983
--> Saved to Top 5 best models (EPE: 5.5039)
--> New absolute BEST model updated with EPE: 5.5039
Epoch 14 starts
Iter 10 of 338 Loss: 3.429177, L1(Flow): 3.247149, Reg: 0.182028
Iter 20 of 338 Loss: 3.500426, L1(Flow): 3.353810, Reg: 0.146616
Iter 30 of 338 Loss: 3.434680, L1(Flow): 3.270455, Reg: 0.164224
Iter 40 of 338 Loss: 3.381062, L1(Flow): 3.228313, Reg: 0.152748
Iter 50 of 338 Loss: 3.952369, L1(Flow): 3.774124, Reg: 0.178245
Iter 60 of 338 Loss: 3.358083, L1(Flow): 3.216703, Reg: 0.141380
Iter 70 of 338 Loss: 3.274921, L1(Flow): 3.138637, Reg: 0.136284
Iter 80 of 338 Loss: 3.834960, L1(Flow): 3.666327, Reg: 0.168633
Iter 90 of 338 Loss: 3.665531, L1(Flow): 3.505465, Reg: 0.160066
Iter 100 of 338 Loss: 3.602681, L1(Flow): 3.418809, Reg: 0.183872
Iter 110 of 338 Loss: 3.944317, L1(Flow): 3.764077, Reg: 0.180240
Iter 120 of 338 Loss: 3.616995, L1(Flow): 3.465502, Reg: 0.151493
Iter 130 of 338 Loss: 3.936891, L1(Flow): 3.758587, Reg: 0.178304
Iter 140 of 338 Loss: 3.739644, L1(Flow): 3.578526, Reg: 0.161117
Iter 150 of 338 Loss: 3.466858, L1(Flow): 3.293292, Reg: 0.173566
Iter 160 of 338 Loss: 3.436302, L1(Flow): 3.247324, Reg: 0.188977
Iter 170 of 338 Loss: 3.474192, L1(Flow): 3.310409, Reg: 0.163783
Iter 180 of 338 Loss: 3.733799, L1(Flow): 3.573612, Reg: 0.160187
Iter 190 of 338 Loss: 3.264295, L1(Flow): 3.123080, Reg: 0.141216
Iter 200 of 338 Loss: 3.308510, L1(Flow): 3.159071, Reg: 0.149439
Iter 210 of 338 Loss: 3.927235, L1(Flow): 3.758998, Reg: 0.168237
Iter 220 of 338 Loss: 3.477675, L1(Flow): 3.310756, Reg: 0.166919
Iter 230 of 338 Loss: 3.645603, L1(Flow): 3.470421, Reg: 0.175182
Iter 240 of 338 Loss: 3.615438, L1(Flow): 3.452327, Reg: 0.163111
Iter 250 of 338 Loss: 3.233623, L1(Flow): 3.063647, Reg: 0.169975
Iter 260 of 338 Loss: 3.715796, L1(Flow): 3.537250, Reg: 0.178546
Iter 270 of 338 Loss: 3.268849, L1(Flow): 3.112207, Reg: 0.156642
Iter 280 of 338 Loss: 3.215175, L1(Flow): 3.072080, Reg: 0.143095
Iter 290 of 338 Loss: 3.837296, L1(Flow): 3.663864, Reg: 0.173432
Iter 300 of 338 Loss: 3.485297, L1(Flow): 3.327629, Reg: 0.157668
Iter 310 of 338 Loss: 3.637225, L1(Flow): 3.475593, Reg: 0.161631
Iter 320 of 338 Loss: 3.673452, L1(Flow): 3.501214, Reg: 0.172238
Iter 330 of 338 Loss: 3.344122, L1(Flow): 3.185964, Reg: 0.158158
Epoch 14 Loss: 3.550227
Epoch 14 Validation: Mean EPE: 5.2107, Mean SSIM: 0.3331, Mean ZNCC: 0.6022
--> Saved to Top 5 best models (EPE: 5.2107)
--> New absolute BEST model updated with EPE: 5.2107
Epoch 15 starts
Iter 10 of 338 Loss: 3.631717, L1(Flow): 3.427521, Reg: 0.204196
Iter 20 of 338 Loss: 3.254065, L1(Flow): 3.087207, Reg: 0.166858
Iter 30 of 338 Loss: 3.453011, L1(Flow): 3.302807, Reg: 0.150204
Iter 40 of 338 Loss: 3.648254, L1(Flow): 3.479865, Reg: 0.168390
Iter 50 of 338 Loss: 3.047178, L1(Flow): 2.891471, Reg: 0.155706
Iter 60 of 338 Loss: 3.789612, L1(Flow): 3.623525, Reg: 0.166086
Iter 70 of 338 Loss: 3.730694, L1(Flow): 3.555583, Reg: 0.175111
Iter 80 of 338 Loss: 3.223583, L1(Flow): 3.074514, Reg: 0.149069
Iter 90 of 338 Loss: 3.260883, L1(Flow): 3.085046, Reg: 0.175837
Iter 100 of 338 Loss: 3.465620, L1(Flow): 3.301566, Reg: 0.164054
Iter 110 of 338 Loss: 3.419388, L1(Flow): 3.248233, Reg: 0.171155
Iter 120 of 338 Loss: 3.601155, L1(Flow): 3.433681, Reg: 0.167473
Iter 130 of 338 Loss: 3.835340, L1(Flow): 3.624858, Reg: 0.210482
Iter 140 of 338 Loss: 3.298964, L1(Flow): 3.104053, Reg: 0.194911
Iter 150 of 338 Loss: 3.152184, L1(Flow): 2.989356, Reg: 0.162828
Iter 160 of 338 Loss: 3.645890, L1(Flow): 3.475562, Reg: 0.170328
Iter 170 of 338 Loss: 3.361957, L1(Flow): 3.196575, Reg: 0.165382
Iter 180 of 338 Loss: 3.725261, L1(Flow): 3.541889, Reg: 0.183373
Iter 190 of 338 Loss: 3.991282, L1(Flow): 3.801709, Reg: 0.189574
Iter 200 of 338 Loss: 3.102094, L1(Flow): 2.928262, Reg: 0.173832
Iter 210 of 338 Loss: 3.348488, L1(Flow): 3.191907, Reg: 0.156582
Iter 220 of 338 Loss: 3.531635, L1(Flow): 3.357735, Reg: 0.173901
Iter 230 of 338 Loss: 3.577337, L1(Flow): 3.411024, Reg: 0.166313
Iter 240 of 338 Loss: 3.322879, L1(Flow): 3.165470, Reg: 0.157409
Iter 250 of 338 Loss: 3.563032, L1(Flow): 3.397208, Reg: 0.165825
Iter 260 of 338 Loss: 2.904957, L1(Flow): 2.739181, Reg: 0.165776
Iter 270 of 338 Loss: 3.014665, L1(Flow): 2.866534, Reg: 0.148131
Iter 280 of 338 Loss: 3.561943, L1(Flow): 3.387743, Reg: 0.174200
Iter 290 of 338 Loss: 2.919510, L1(Flow): 2.765441, Reg: 0.154069
Iter 300 of 338 Loss: 3.254921, L1(Flow): 3.063691, Reg: 0.191231
Iter 310 of 338 Loss: 3.515878, L1(Flow): 3.317176, Reg: 0.198702
Iter 320 of 338 Loss: 3.312795, L1(Flow): 3.164936, Reg: 0.147859
Iter 330 of 338 Loss: 3.533937, L1(Flow): 3.335150, Reg: 0.198788
Epoch 15 Loss: 3.379239
Epoch 15 Validation: Mean EPE: 4.9969, Mean SSIM: 0.3349, Mean ZNCC: 0.6044
--> Saved to Top 5 best models (EPE: 4.9969)
--> New absolute BEST model updated with EPE: 4.9969
Epoch 16 starts
Iter 10 of 338 Loss: 3.266847, L1(Flow): 3.085033, Reg: 0.181814
Iter 20 of 338 Loss: 3.170507, L1(Flow): 3.006566, Reg: 0.163941
Iter 30 of 338 Loss: 3.133937, L1(Flow): 2.944499, Reg: 0.189438
Iter 40 of 338 Loss: 3.059749, L1(Flow): 2.903461, Reg: 0.156288
Iter 50 of 338 Loss: 3.047877, L1(Flow): 2.879455, Reg: 0.168422
Iter 60 of 338 Loss: 3.135211, L1(Flow): 2.956409, Reg: 0.178802
Iter 70 of 338 Loss: 3.146213, L1(Flow): 2.978003, Reg: 0.168210
Iter 80 of 338 Loss: 2.998201, L1(Flow): 2.829353, Reg: 0.168847
Iter 90 of 338 Loss: 3.220490, L1(Flow): 3.037922, Reg: 0.182568
Iter 100 of 338 Loss: 3.306022, L1(Flow): 3.140568, Reg: 0.165454
Iter 110 of 338 Loss: 3.096095, L1(Flow): 2.947764, Reg: 0.148331
Iter 120 of 338 Loss: 3.275002, L1(Flow): 3.098111, Reg: 0.176891
Iter 130 of 338 Loss: 3.206973, L1(Flow): 3.018207, Reg: 0.188766
Iter 140 of 338 Loss: 3.041252, L1(Flow): 2.861587, Reg: 0.179665
Iter 150 of 338 Loss: 3.280470, L1(Flow): 3.125243, Reg: 0.155227
Iter 160 of 338 Loss: 3.754171, L1(Flow): 3.552962, Reg: 0.201209
Iter 170 of 338 Loss: 3.156044, L1(Flow): 2.979773, Reg: 0.176271
Iter 180 of 338 Loss: 2.779388, L1(Flow): 2.620097, Reg: 0.159291
Iter 190 of 338 Loss: 3.340194, L1(Flow): 3.167302, Reg: 0.172892
Iter 200 of 338 Loss: 3.350084, L1(Flow): 3.170519, Reg: 0.179565
Iter 210 of 338 Loss: 3.227528, L1(Flow): 3.069144, Reg: 0.158383
Iter 220 of 338 Loss: 3.048930, L1(Flow): 2.887185, Reg: 0.161746
Iter 230 of 338 Loss: 3.263268, L1(Flow): 3.074550, Reg: 0.188718
Iter 240 of 338 Loss: 3.164163, L1(Flow): 2.985655, Reg: 0.178508
Iter 250 of 338 Loss: 3.594460, L1(Flow): 3.421904, Reg: 0.172557
Iter 260 of 338 Loss: 3.049062, L1(Flow): 2.873368, Reg: 0.175694
Iter 270 of 338 Loss: 3.424617, L1(Flow): 3.243397, Reg: 0.181221
Iter 280 of 338 Loss: 3.145605, L1(Flow): 2.966080, Reg: 0.179525
Iter 290 of 338 Loss: 3.007223, L1(Flow): 2.832385, Reg: 0.174838
Iter 300 of 338 Loss: 3.203429, L1(Flow): 3.011390, Reg: 0.192039
Iter 310 of 338 Loss: 3.178423, L1(Flow): 3.028594, Reg: 0.149829
Iter 320 of 338 Loss: 3.107535, L1(Flow): 2.943794, Reg: 0.163741
Iter 330 of 338 Loss: 3.344994, L1(Flow): 3.154016, Reg: 0.190978
Epoch 16 Loss: 3.229881
Epoch 16 Validation: Mean EPE: 4.8661, Mean SSIM: 0.3366, Mean ZNCC: 0.6064
--> Saved to Top 5 best models (EPE: 4.8661)
--> New absolute BEST model updated with EPE: 4.8661
Epoch 17 starts
Iter 10 of 338 Loss: 3.439746, L1(Flow): 3.251363, Reg: 0.188383
Iter 20 of 338 Loss: 3.064029, L1(Flow): 2.895860, Reg: 0.168169
Iter 30 of 338 Loss: 3.036358, L1(Flow): 2.838183, Reg: 0.198176
Iter 40 of 338 Loss: 3.162853, L1(Flow): 2.977863, Reg: 0.184990
Iter 50 of 338 Loss: 3.210918, L1(Flow): 3.012732, Reg: 0.198186
Iter 60 of 338 Loss: 3.145658, L1(Flow): 2.940340, Reg: 0.205317
Iter 70 of 338 Loss: 3.270553, L1(Flow): 3.079847, Reg: 0.190706
Iter 80 of 338 Loss: 3.355559, L1(Flow): 3.183793, Reg: 0.171766
Iter 90 of 338 Loss: 2.645127, L1(Flow): 2.488767, Reg: 0.156360
Iter 100 of 338 Loss: 3.307142, L1(Flow): 3.143410, Reg: 0.163731
Iter 110 of 338 Loss: 3.294650, L1(Flow): 3.115752, Reg: 0.178899
Iter 120 of 338 Loss: 3.498760, L1(Flow): 3.310175, Reg: 0.188585
Iter 130 of 338 Loss: 3.276717, L1(Flow): 3.098219, Reg: 0.178498
Iter 140 of 338 Loss: 3.036468, L1(Flow): 2.853763, Reg: 0.182705
Iter 150 of 338 Loss: 3.052702, L1(Flow): 2.899382, Reg: 0.153320
Iter 160 of 338 Loss: 3.040988, L1(Flow): 2.863819, Reg: 0.177169
Iter 170 of 338 Loss: 2.994713, L1(Flow): 2.826870, Reg: 0.167843
Iter 180 of 338 Loss: 3.269542, L1(Flow): 3.119307, Reg: 0.150234
Iter 190 of 338 Loss: 3.086644, L1(Flow): 2.921103, Reg: 0.165540
Iter 200 of 338 Loss: 2.999564, L1(Flow): 2.832776, Reg: 0.166789
Iter 210 of 338 Loss: 3.543554, L1(Flow): 3.368057, Reg: 0.175496
Iter 220 of 338 Loss: 2.711523, L1(Flow): 2.545610, Reg: 0.165913
Iter 230 of 338 Loss: 3.210752, L1(Flow): 3.032300, Reg: 0.178452
Iter 240 of 338 Loss: 3.386189, L1(Flow): 3.208255, Reg: 0.177934
Iter 250 of 338 Loss: 3.048198, L1(Flow): 2.865356, Reg: 0.182842
Iter 260 of 338 Loss: 2.585059, L1(Flow): 2.435264, Reg: 0.149795
Iter 270 of 338 Loss: 3.345642, L1(Flow): 3.166620, Reg: 0.179022
Iter 280 of 338 Loss: 2.863212, L1(Flow): 2.716120, Reg: 0.147092
Iter 290 of 338 Loss: 3.227377, L1(Flow): 3.044963, Reg: 0.182415
Iter 300 of 338 Loss: 2.732804, L1(Flow): 2.583372, Reg: 0.149432
Iter 310 of 338 Loss: 3.336251, L1(Flow): 3.151896, Reg: 0.184355
Iter 320 of 338 Loss: 3.144806, L1(Flow): 2.963829, Reg: 0.180976
Iter 330 of 338 Loss: 3.043170, L1(Flow): 2.866496, Reg: 0.176674
Epoch 17 Loss: 3.093309
Epoch 17 Validation: Mean EPE: 4.5881, Mean SSIM: 0.3397, Mean ZNCC: 0.6091
--> Saved to Top 5 best models (EPE: 4.5881)
--> New absolute BEST model updated with EPE: 4.5881
Epoch 18 starts
Iter 10 of 338 Loss: 3.049152, L1(Flow): 2.853923, Reg: 0.195230
Iter 20 of 338 Loss: 3.095160, L1(Flow): 2.925674, Reg: 0.169486
Iter 30 of 338 Loss: 2.697952, L1(Flow): 2.548373, Reg: 0.149579
Iter 40 of 338 Loss: 2.918783, L1(Flow): 2.744993, Reg: 0.173789
Iter 50 of 338 Loss: 3.128932, L1(Flow): 2.940779, Reg: 0.188153
Iter 60 of 338 Loss: 2.884180, L1(Flow): 2.711595, Reg: 0.172585
Iter 70 of 338 Loss: 3.133787, L1(Flow): 2.970309, Reg: 0.163477
Iter 80 of 338 Loss: 2.790142, L1(Flow): 2.619745, Reg: 0.170397
Iter 90 of 338 Loss: 2.960856, L1(Flow): 2.771372, Reg: 0.189484
Iter 100 of 338 Loss: 3.214074, L1(Flow): 3.007748, Reg: 0.206326
Iter 110 of 338 Loss: 2.838285, L1(Flow): 2.691180, Reg: 0.147105
Iter 120 of 338 Loss: 2.900531, L1(Flow): 2.711108, Reg: 0.189423
Iter 130 of 338 Loss: 2.942282, L1(Flow): 2.747539, Reg: 0.194743
Iter 140 of 338 Loss: 3.119241, L1(Flow): 2.945635, Reg: 0.173607
Iter 150 of 338 Loss: 2.734581, L1(Flow): 2.530246, Reg: 0.204334
Iter 160 of 338 Loss: 2.847389, L1(Flow): 2.684074, Reg: 0.163315
Iter 170 of 338 Loss: 3.099945, L1(Flow): 2.922595, Reg: 0.177350
Iter 180 of 338 Loss: 2.925431, L1(Flow): 2.748337, Reg: 0.177094
Iter 190 of 338 Loss: 3.013240, L1(Flow): 2.820756, Reg: 0.192484
Iter 200 of 338 Loss: 3.228689, L1(Flow): 3.033483, Reg: 0.195206
Iter 210 of 338 Loss: 3.245691, L1(Flow): 3.059881, Reg: 0.185810
Iter 220 of 338 Loss: 2.805662, L1(Flow): 2.646893, Reg: 0.158769
Iter 230 of 338 Loss: 2.910962, L1(Flow): 2.718491, Reg: 0.192471
Iter 240 of 338 Loss: 3.011723, L1(Flow): 2.829679, Reg: 0.182044
Iter 250 of 338 Loss: 2.961655, L1(Flow): 2.779804, Reg: 0.181850
Iter 260 of 338 Loss: 3.036922, L1(Flow): 2.869060, Reg: 0.167862
Iter 270 of 338 Loss: 3.237324, L1(Flow): 3.018434, Reg: 0.218890
Iter 280 of 338 Loss: 2.884741, L1(Flow): 2.704635, Reg: 0.180106
Iter 290 of 338 Loss: 2.755429, L1(Flow): 2.589579, Reg: 0.165850
Iter 300 of 338 Loss: 3.139841, L1(Flow): 2.945150, Reg: 0.194691
Iter 310 of 338 Loss: 3.026247, L1(Flow): 2.828382, Reg: 0.197864
Iter 320 of 338 Loss: 2.488601, L1(Flow): 2.328370, Reg: 0.160231
Iter 330 of 338 Loss: 3.044548, L1(Flow): 2.845973, Reg: 0.198574
Epoch 18 Loss: 2.972210
Epoch 18 Validation: Mean EPE: 4.5286, Mean SSIM: 0.3394, Mean ZNCC: 0.6116
--> Saved to Top 5 best models (EPE: 4.5286)
--> New absolute BEST model updated with EPE: 4.5286
Epoch 19 starts
Iter 10 of 338 Loss: 3.212065, L1(Flow): 3.017832, Reg: 0.194233
Iter 20 of 338 Loss: 3.098203, L1(Flow): 2.929473, Reg: 0.168729
Iter 30 of 338 Loss: 3.020641, L1(Flow): 2.832042, Reg: 0.188599
Iter 40 of 338 Loss: 2.616275, L1(Flow): 2.441205, Reg: 0.175070
Iter 50 of 338 Loss: 2.850593, L1(Flow): 2.656421, Reg: 0.194173
Iter 60 of 338 Loss: 2.816431, L1(Flow): 2.650258, Reg: 0.166173
Iter 70 of 338 Loss: 2.859823, L1(Flow): 2.679605, Reg: 0.180218
Iter 80 of 338 Loss: 2.816274, L1(Flow): 2.644374, Reg: 0.171901
Iter 90 of 338 Loss: 2.716199, L1(Flow): 2.564843, Reg: 0.151355
Iter 100 of 338 Loss: 2.861962, L1(Flow): 2.704207, Reg: 0.157755
Iter 110 of 338 Loss: 2.626006, L1(Flow): 2.454530, Reg: 0.171476
Iter 120 of 338 Loss: 3.173845, L1(Flow): 2.993492, Reg: 0.180353
Iter 130 of 338 Loss: 2.839589, L1(Flow): 2.662808, Reg: 0.176781
Iter 140 of 338 Loss: 2.696419, L1(Flow): 2.501770, Reg: 0.194649
Iter 150 of 338 Loss: 2.752373, L1(Flow): 2.594488, Reg: 0.157886
Iter 160 of 338 Loss: 2.795650, L1(Flow): 2.638568, Reg: 0.157082
Iter 170 of 338 Loss: 2.913485, L1(Flow): 2.725857, Reg: 0.187628
Iter 180 of 338 Loss: 2.867660, L1(Flow): 2.673164, Reg: 0.194496
Iter 190 of 338 Loss: 2.923009, L1(Flow): 2.743783, Reg: 0.179226
Iter 200 of 338 Loss: 3.066854, L1(Flow): 2.867465, Reg: 0.199389
Iter 210 of 338 Loss: 2.598244, L1(Flow): 2.447199, Reg: 0.151046
Iter 220 of 338 Loss: 2.906266, L1(Flow): 2.726036, Reg: 0.180230
Iter 230 of 338 Loss: 2.655328, L1(Flow): 2.502207, Reg: 0.153120
Iter 240 of 338 Loss: 3.038368, L1(Flow): 2.857912, Reg: 0.180456
Iter 250 of 338 Loss: 2.991584, L1(Flow): 2.775440, Reg: 0.216144
Iter 260 of 338 Loss: 2.836533, L1(Flow): 2.635051, Reg: 0.201482
Iter 270 of 338 Loss: 2.607332, L1(Flow): 2.448870, Reg: 0.158463
Iter 280 of 338 Loss: 2.825039, L1(Flow): 2.664370, Reg: 0.160669
Iter 290 of 338 Loss: 3.262126, L1(Flow): 3.063527, Reg: 0.198599
Iter 300 of 338 Loss: 2.953640, L1(Flow): 2.756349, Reg: 0.197291
Iter 310 of 338 Loss: 2.985643, L1(Flow): 2.811319, Reg: 0.174324
Iter 320 of 338 Loss: 2.984644, L1(Flow): 2.798845, Reg: 0.185799
Iter 330 of 338 Loss: 2.962636, L1(Flow): 2.777044, Reg: 0.185592
Epoch 19 Loss: 2.864997
Epoch 19 Validation: Mean EPE: 4.2636, Mean SSIM: 0.3450, Mean ZNCC: 0.6147
--> Saved to Top 5 best models (EPE: 4.2636)
--> New absolute BEST model updated with EPE: 4.2636
Epoch 20 starts
Iter 10 of 338 Loss: 2.898214, L1(Flow): 2.713565, Reg: 0.184649
Iter 20 of 338 Loss: 2.662994, L1(Flow): 2.470497, Reg: 0.192497
Iter 30 of 338 Loss: 2.758078, L1(Flow): 2.600065, Reg: 0.158012
Iter 40 of 338 Loss: 2.720178, L1(Flow): 2.549372, Reg: 0.170806
Iter 50 of 338 Loss: 2.767375, L1(Flow): 2.568156, Reg: 0.199220
Iter 60 of 338 Loss: 2.474051, L1(Flow): 2.306285, Reg: 0.167766
Iter 70 of 338 Loss: 2.974636, L1(Flow): 2.806286, Reg: 0.168350
Iter 80 of 338 Loss: 2.876879, L1(Flow): 2.708385, Reg: 0.168495
Iter 90 of 338 Loss: 2.465176, L1(Flow): 2.307647, Reg: 0.157528
Iter 100 of 338 Loss: 2.723721, L1(Flow): 2.555132, Reg: 0.168588
Iter 110 of 338 Loss: 2.326988, L1(Flow): 2.180773, Reg: 0.146215
Iter 120 of 338 Loss: 2.709552, L1(Flow): 2.540903, Reg: 0.168649
Iter 130 of 338 Loss: 2.768402, L1(Flow): 2.599477, Reg: 0.168925
Iter 140 of 338 Loss: 2.621248, L1(Flow): 2.449107, Reg: 0.172140
Iter 150 of 338 Loss: 2.798101, L1(Flow): 2.624855, Reg: 0.173246
Iter 160 of 338 Loss: 2.715166, L1(Flow): 2.544194, Reg: 0.170972
Iter 170 of 338 Loss: 2.948783, L1(Flow): 2.740165, Reg: 0.208618
Iter 180 of 338 Loss: 2.616309, L1(Flow): 2.450952, Reg: 0.165357
Iter 190 of 338 Loss: 2.832652, L1(Flow): 2.648266, Reg: 0.184386
Iter 200 of 338 Loss: 2.956258, L1(Flow): 2.782137, Reg: 0.174121
Iter 210 of 338 Loss: 2.662987, L1(Flow): 2.503064, Reg: 0.159923
Iter 220 of 338 Loss: 2.437783, L1(Flow): 2.270414, Reg: 0.167369
Iter 230 of 338 Loss: 2.541054, L1(Flow): 2.383066, Reg: 0.157988
Iter 240 of 338 Loss: 2.814516, L1(Flow): 2.633522, Reg: 0.180994
Iter 250 of 338 Loss: 2.673068, L1(Flow): 2.497182, Reg: 0.175886
Iter 260 of 338 Loss: 2.767505, L1(Flow): 2.594196, Reg: 0.173309
Iter 270 of 338 Loss: 2.904982, L1(Flow): 2.720253, Reg: 0.184730
Iter 280 of 338 Loss: 2.383191, L1(Flow): 2.240771, Reg: 0.142420
Iter 290 of 338 Loss: 2.602452, L1(Flow): 2.428691, Reg: 0.173761
Iter 300 of 338 Loss: 2.664140, L1(Flow): 2.486523, Reg: 0.177618
Iter 310 of 338 Loss: 2.837845, L1(Flow): 2.643693, Reg: 0.194151
Iter 320 of 338 Loss: 2.741014, L1(Flow): 2.538471, Reg: 0.202543
Iter 330 of 338 Loss: 2.610002, L1(Flow): 2.442894, Reg: 0.167108
Epoch 20 Loss: 2.759657
Epoch 20 Validation: Mean EPE: 4.1516, Mean SSIM: 0.3463, Mean ZNCC: 0.6161
--> Saved to Top 5 best models (EPE: 4.1516)
--> New absolute BEST model updated with EPE: 4.1516
Epoch 21 starts
Iter 10 of 338 Loss: 2.424578, L1(Flow): 2.275010, Reg: 0.149568
Iter 20 of 338 Loss: 2.974340, L1(Flow): 2.789949, Reg: 0.184391
Iter 30 of 338 Loss: 2.485566, L1(Flow): 2.315894, Reg: 0.169672
Iter 40 of 338 Loss: 2.800869, L1(Flow): 2.606721, Reg: 0.194148
Iter 50 of 338 Loss: 2.509990, L1(Flow): 2.346092, Reg: 0.163899
Iter 60 of 338 Loss: 2.446587, L1(Flow): 2.284316, Reg: 0.162271
Iter 70 of 338 Loss: 2.527040, L1(Flow): 2.364293, Reg: 0.162748
Iter 80 of 338 Loss: 2.533125, L1(Flow): 2.385497, Reg: 0.147628
Iter 90 of 338 Loss: 2.668611, L1(Flow): 2.506851, Reg: 0.161760
Iter 100 of 338 Loss: 2.767674, L1(Flow): 2.581206, Reg: 0.186468
Iter 110 of 338 Loss: 2.798675, L1(Flow): 2.611919, Reg: 0.186756
Iter 120 of 338 Loss: 2.883781, L1(Flow): 2.688978, Reg: 0.194803
Iter 130 of 338 Loss: 2.715955, L1(Flow): 2.538257, Reg: 0.177698
Iter 140 of 338 Loss: 2.751677, L1(Flow): 2.572256, Reg: 0.179421
Iter 150 of 338 Loss: 2.729947, L1(Flow): 2.533033, Reg: 0.196914
Iter 160 of 338 Loss: 2.769788, L1(Flow): 2.587493, Reg: 0.182295
Iter 170 of 338 Loss: 2.703603, L1(Flow): 2.544162, Reg: 0.159442
Iter 180 of 338 Loss: 2.657970, L1(Flow): 2.461965, Reg: 0.196005
Iter 190 of 338 Loss: 2.404379, L1(Flow): 2.227271, Reg: 0.177108
Iter 200 of 338 Loss: 2.479689, L1(Flow): 2.331072, Reg: 0.148616
Iter 210 of 338 Loss: 2.789110, L1(Flow): 2.625356, Reg: 0.163754
Iter 220 of 338 Loss: 2.632262, L1(Flow): 2.461488, Reg: 0.170774
Iter 230 of 338 Loss: 2.767533, L1(Flow): 2.578764, Reg: 0.188768
Iter 240 of 338 Loss: 2.457554, L1(Flow): 2.296845, Reg: 0.160709
Iter 250 of 338 Loss: 2.687228, L1(Flow): 2.506919, Reg: 0.180309
Iter 260 of 338 Loss: 2.768490, L1(Flow): 2.589878, Reg: 0.178612
Iter 270 of 338 Loss: 2.753157, L1(Flow): 2.567359, Reg: 0.185798
Iter 280 of 338 Loss: 2.768932, L1(Flow): 2.615261, Reg: 0.153671
Iter 290 of 338 Loss: 2.692323, L1(Flow): 2.516005, Reg: 0.176318
Iter 300 of 338 Loss: 2.658042, L1(Flow): 2.487547, Reg: 0.170495
Iter 310 of 338 Loss: 2.625907, L1(Flow): 2.457933, Reg: 0.167973
Iter 320 of 338 Loss: 2.677389, L1(Flow): 2.507534, Reg: 0.169856
Iter 330 of 338 Loss: 2.440640, L1(Flow): 2.261995, Reg: 0.178645
Epoch 21 Loss: 2.681020
Epoch 21 Validation: Mean EPE: 4.2618, Mean SSIM: 0.3446, Mean ZNCC: 0.6157
--> Saved to Top 5 best models (EPE: 4.2618)
Epoch 22 starts
Iter 10 of 338 Loss: 2.780520, L1(Flow): 2.592393, Reg: 0.188127
Iter 20 of 338 Loss: 2.593436, L1(Flow): 2.432600, Reg: 0.160836
Iter 30 of 338 Loss: 2.587503, L1(Flow): 2.395861, Reg: 0.191642
Iter 40 of 338 Loss: 2.477124, L1(Flow): 2.308063, Reg: 0.169061
Iter 50 of 338 Loss: 2.954059, L1(Flow): 2.732882, Reg: 0.221177
Iter 60 of 338 Loss: 2.541840, L1(Flow): 2.383687, Reg: 0.158153
Iter 70 of 338 Loss: 2.388567, L1(Flow): 2.248527, Reg: 0.140040
Iter 80 of 338 Loss: 2.609040, L1(Flow): 2.414349, Reg: 0.194691
Iter 90 of 338 Loss: 2.833662, L1(Flow): 2.655041, Reg: 0.178621
Iter 100 of 338 Loss: 2.750527, L1(Flow): 2.587509, Reg: 0.163018
Iter 110 of 338 Loss: 2.390547, L1(Flow): 2.236639, Reg: 0.153908
Iter 120 of 338 Loss: 2.317458, L1(Flow): 2.180579, Reg: 0.136879
Iter 130 of 338 Loss: 2.603695, L1(Flow): 2.452342, Reg: 0.151353
Iter 140 of 338 Loss: 2.641068, L1(Flow): 2.458591, Reg: 0.182477
Iter 150 of 338 Loss: 3.105541, L1(Flow): 2.895412, Reg: 0.210129
Iter 160 of 338 Loss: 2.581094, L1(Flow): 2.413418, Reg: 0.167676
Iter 170 of 338 Loss: 2.591447, L1(Flow): 2.415567, Reg: 0.175879
Iter 180 of 338 Loss: 2.696416, L1(Flow): 2.529655, Reg: 0.166762
Iter 190 of 338 Loss: 2.723890, L1(Flow): 2.552018, Reg: 0.171872
Iter 200 of 338 Loss: 2.736319, L1(Flow): 2.549395, Reg: 0.186924
Iter 210 of 338 Loss: 2.838369, L1(Flow): 2.651668, Reg: 0.186702
Iter 220 of 338 Loss: 2.479978, L1(Flow): 2.307022, Reg: 0.172956
Iter 230 of 338 Loss: 2.664654, L1(Flow): 2.485337, Reg: 0.179317
Iter 240 of 338 Loss: 2.414595, L1(Flow): 2.260186, Reg: 0.154410
Iter 250 of 338 Loss: 2.564141, L1(Flow): 2.395541, Reg: 0.168600
Iter 260 of 338 Loss: 2.711337, L1(Flow): 2.532305, Reg: 0.179031
Iter 270 of 338 Loss: 2.555775, L1(Flow): 2.392694, Reg: 0.163081
Iter 280 of 338 Loss: 2.605273, L1(Flow): 2.442642, Reg: 0.162630
Iter 290 of 338 Loss: 2.785425, L1(Flow): 2.619607, Reg: 0.165818
Iter 300 of 338 Loss: 2.700335, L1(Flow): 2.518355, Reg: 0.181980
Iter 310 of 338 Loss: 2.439156, L1(Flow): 2.293746, Reg: 0.145410
Iter 320 of 338 Loss: 2.722414, L1(Flow): 2.538819, Reg: 0.183594
Iter 330 of 338 Loss: 2.476568, L1(Flow): 2.300660, Reg: 0.175908
Epoch 22 Loss: 2.617484
Epoch 22 Validation: Mean EPE: 3.9667, Mean SSIM: 0.3503, Mean ZNCC: 0.6195
--> Saved to Top 5 best models (EPE: 3.9667)
--> New absolute BEST model updated with EPE: 3.9667
Epoch 23 starts
Iter 10 of 338 Loss: 2.421997, L1(Flow): 2.253095, Reg: 0.168902
Iter 20 of 338 Loss: 2.723962, L1(Flow): 2.546795, Reg: 0.177168
Iter 30 of 338 Loss: 2.486782, L1(Flow): 2.328352, Reg: 0.158429
Iter 40 of 338 Loss: 2.481076, L1(Flow): 2.324318, Reg: 0.156759
Iter 50 of 338 Loss: 2.345015, L1(Flow): 2.190416, Reg: 0.154599
Iter 60 of 338 Loss: 2.492761, L1(Flow): 2.338719, Reg: 0.154041
Iter 70 of 338 Loss: 2.786705, L1(Flow): 2.592169, Reg: 0.194537
Iter 80 of 338 Loss: 2.624671, L1(Flow): 2.460441, Reg: 0.164229
Iter 90 of 338 Loss: 2.412844, L1(Flow): 2.263591, Reg: 0.149253
Iter 100 of 338 Loss: 2.596480, L1(Flow): 2.407228, Reg: 0.189252
Iter 110 of 338 Loss: 2.351172, L1(Flow): 2.201559, Reg: 0.149612
Iter 120 of 338 Loss: 2.660455, L1(Flow): 2.486972, Reg: 0.173483
Iter 130 of 338 Loss: 2.608178, L1(Flow): 2.438045, Reg: 0.170132
Iter 140 of 338 Loss: 2.457709, L1(Flow): 2.287570, Reg: 0.170140
Iter 150 of 338 Loss: 2.559691, L1(Flow): 2.370483, Reg: 0.189208
Iter 160 of 338 Loss: 2.340251, L1(Flow): 2.182197, Reg: 0.158055
Iter 170 of 338 Loss: 2.485586, L1(Flow): 2.339124, Reg: 0.146463
Iter 180 of 338 Loss: 2.785387, L1(Flow): 2.601866, Reg: 0.183522
Iter 190 of 338 Loss: 2.462120, L1(Flow): 2.322097, Reg: 0.140023
Iter 200 of 338 Loss: 2.560678, L1(Flow): 2.392310, Reg: 0.168368
Iter 210 of 338 Loss: 2.287905, L1(Flow): 2.143850, Reg: 0.144055
Iter 220 of 338 Loss: 2.614242, L1(Flow): 2.429504, Reg: 0.184737
Iter 230 of 338 Loss: 2.757917, L1(Flow): 2.583067, Reg: 0.174850
Iter 240 of 338 Loss: 2.394862, L1(Flow): 2.236119, Reg: 0.158743
Iter 250 of 338 Loss: 2.267464, L1(Flow): 2.118885, Reg: 0.148579
Iter 260 of 338 Loss: 2.593737, L1(Flow): 2.423702, Reg: 0.170034
Iter 270 of 338 Loss: 2.535046, L1(Flow): 2.357944, Reg: 0.177102
Iter 280 of 338 Loss: 2.620622, L1(Flow): 2.443711, Reg: 0.176911
Iter 290 of 338 Loss: 2.735015, L1(Flow): 2.559489, Reg: 0.175527
Iter 300 of 338 Loss: 2.199363, L1(Flow): 2.056890, Reg: 0.142473
Iter 310 of 338 Loss: 2.597603, L1(Flow): 2.413844, Reg: 0.183759
Iter 320 of 338 Loss: 2.673384, L1(Flow): 2.501071, Reg: 0.172312
Iter 330 of 338 Loss: 2.504252, L1(Flow): 2.340751, Reg: 0.163501
Epoch 23 Loss: 2.536513
Epoch 23 Validation: Mean EPE: 3.8750, Mean SSIM: 0.3510, Mean ZNCC: 0.6201
--> Saved to Top 5 best models (EPE: 3.8750)
--> New absolute BEST model updated with EPE: 3.8750
Epoch 24 starts
Iter 10 of 338 Loss: 2.444793, L1(Flow): 2.286314, Reg: 0.158478
Iter 20 of 338 Loss: 2.522626, L1(Flow): 2.345794, Reg: 0.176832
Iter 30 of 338 Loss: 2.578059, L1(Flow): 2.424738, Reg: 0.153321
Iter 40 of 338 Loss: 2.408714, L1(Flow): 2.257626, Reg: 0.151088
Iter 50 of 338 Loss: 2.401241, L1(Flow): 2.243823, Reg: 0.157419
Iter 60 of 338 Loss: 2.411248, L1(Flow): 2.236221, Reg: 0.175027
Iter 70 of 338 Loss: 2.542226, L1(Flow): 2.364860, Reg: 0.177366
Iter 80 of 338 Loss: 2.562573, L1(Flow): 2.385200, Reg: 0.177373
Iter 90 of 338 Loss: 2.871503, L1(Flow): 2.675667, Reg: 0.195836
Iter 100 of 338 Loss: 2.470516, L1(Flow): 2.307496, Reg: 0.163020
Iter 110 of 338 Loss: 2.502912, L1(Flow): 2.340233, Reg: 0.162678
Iter 120 of 338 Loss: 2.453190, L1(Flow): 2.296426, Reg: 0.156764
Iter 130 of 338 Loss: 2.635962, L1(Flow): 2.451383, Reg: 0.184579
Iter 140 of 338 Loss: 2.352478, L1(Flow): 2.193926, Reg: 0.158552
Iter 150 of 338 Loss: 2.567718, L1(Flow): 2.382774, Reg: 0.184944
Iter 160 of 338 Loss: 2.676097, L1(Flow): 2.489514, Reg: 0.186582
Iter 170 of 338 Loss: 2.382441, L1(Flow): 2.211015, Reg: 0.171426
Iter 180 of 338 Loss: 2.365057, L1(Flow): 2.193955, Reg: 0.171102
Iter 190 of 338 Loss: 2.534016, L1(Flow): 2.349549, Reg: 0.184468
Iter 200 of 338 Loss: 2.647042, L1(Flow): 2.453493, Reg: 0.193549
Iter 210 of 338 Loss: 2.396431, L1(Flow): 2.234499, Reg: 0.161933
Iter 220 of 338 Loss: 2.217117, L1(Flow): 2.065919, Reg: 0.151198
Iter 230 of 338 Loss: 2.654212, L1(Flow): 2.468213, Reg: 0.185999
Iter 240 of 338 Loss: 2.367006, L1(Flow): 2.202924, Reg: 0.164081
Iter 250 of 338 Loss: 2.753385, L1(Flow): 2.548549, Reg: 0.204836
Iter 260 of 338 Loss: 2.564198, L1(Flow): 2.397032, Reg: 0.167166
Iter 270 of 338 Loss: 2.303962, L1(Flow): 2.142163, Reg: 0.161799
Iter 280 of 338 Loss: 2.491809, L1(Flow): 2.322402, Reg: 0.169407
Iter 290 of 338 Loss: 2.848487, L1(Flow): 2.629632, Reg: 0.218855
Iter 300 of 338 Loss: 2.521616, L1(Flow): 2.347419, Reg: 0.174196
Iter 310 of 338 Loss: 2.379270, L1(Flow): 2.216576, Reg: 0.162694
Iter 320 of 338 Loss: 2.399671, L1(Flow): 2.241137, Reg: 0.158534
Iter 330 of 338 Loss: 2.387465, L1(Flow): 2.234128, Reg: 0.153336
Epoch 24 Loss: 2.474250
Epoch 24 Validation: Mean EPE: 3.8112, Mean SSIM: 0.3541, Mean ZNCC: 0.6230
--> Saved to Top 5 best models (EPE: 3.8112)
--> New absolute BEST model updated with EPE: 3.8112
Epoch 25 starts
Iter 10 of 338 Loss: 2.324283, L1(Flow): 2.176194, Reg: 0.148089
Iter 20 of 338 Loss: 2.508875, L1(Flow): 2.347042, Reg: 0.161834
Iter 30 of 338 Loss: 2.566687, L1(Flow): 2.408673, Reg: 0.158014
Iter 40 of 338 Loss: 2.805206, L1(Flow): 2.616364, Reg: 0.188843
Iter 50 of 338 Loss: 2.328763, L1(Flow): 2.159025, Reg: 0.169737
Iter 60 of 338 Loss: 2.537969, L1(Flow): 2.351617, Reg: 0.186352
Iter 70 of 338 Loss: 2.309655, L1(Flow): 2.138735, Reg: 0.170920
Iter 80 of 338 Loss: 2.286782, L1(Flow): 2.137929, Reg: 0.148853
Iter 90 of 338 Loss: 2.327471, L1(Flow): 2.153000, Reg: 0.174471
Iter 100 of 338 Loss: 2.396039, L1(Flow): 2.205632, Reg: 0.190408
Iter 110 of 338 Loss: 2.449981, L1(Flow): 2.299126, Reg: 0.150855
Iter 120 of 338 Loss: 2.556746, L1(Flow): 2.374428, Reg: 0.182318
Iter 130 of 338 Loss: 2.623579, L1(Flow): 2.439989, Reg: 0.183590
Iter 140 of 338 Loss: 2.435136, L1(Flow): 2.278893, Reg: 0.156244
Iter 150 of 338 Loss: 2.358112, L1(Flow): 2.183455, Reg: 0.174656
Iter 160 of 338 Loss: 2.436489, L1(Flow): 2.275095, Reg: 0.161394
Iter 170 of 338 Loss: 2.659387, L1(Flow): 2.468775, Reg: 0.190612
Iter 180 of 338 Loss: 2.554842, L1(Flow): 2.388861, Reg: 0.165981
Iter 190 of 338 Loss: 2.366200, L1(Flow): 2.201109, Reg: 0.165091
Iter 200 of 338 Loss: 2.219559, L1(Flow): 2.070082, Reg: 0.149476
Iter 210 of 338 Loss: 2.327451, L1(Flow): 2.168556, Reg: 0.158895
Iter 220 of 338 Loss: 2.283105, L1(Flow): 2.131932, Reg: 0.151173
Iter 230 of 338 Loss: 2.374266, L1(Flow): 2.191562, Reg: 0.182704
Iter 240 of 338 Loss: 2.239761, L1(Flow): 2.083703, Reg: 0.156058
Iter 250 of 338 Loss: 2.560685, L1(Flow): 2.402240, Reg: 0.158445
Iter 260 of 338 Loss: 2.459476, L1(Flow): 2.295573, Reg: 0.163904
Iter 270 of 338 Loss: 2.555620, L1(Flow): 2.368814, Reg: 0.186805
Iter 280 of 338 Loss: 2.432387, L1(Flow): 2.271028, Reg: 0.161359
Iter 290 of 338 Loss: 2.394042, L1(Flow): 2.230481, Reg: 0.163561
Iter 300 of 338 Loss: 2.214933, L1(Flow): 2.067796, Reg: 0.147136
Iter 310 of 338 Loss: 2.534619, L1(Flow): 2.353899, Reg: 0.180720
Iter 320 of 338 Loss: 2.335300, L1(Flow): 2.173514, Reg: 0.161786
Iter 330 of 338 Loss: 2.301865, L1(Flow): 2.150380, Reg: 0.151485
Epoch 25 Loss: 2.415642
Epoch 25 Validation: Mean EPE: 3.7179, Mean SSIM: 0.3554, Mean ZNCC: 0.6239
--> Saved to Top 5 best models (EPE: 3.7179)
--> New absolute BEST model updated with EPE: 3.7179
Epoch 26 starts
Iter 10 of 338 Loss: 2.229598, L1(Flow): 2.073022, Reg: 0.156576
Iter 20 of 338 Loss: 2.435431, L1(Flow): 2.272434, Reg: 0.162997
Iter 30 of 338 Loss: 2.374005, L1(Flow): 2.217902, Reg: 0.156103
Iter 40 of 338 Loss: 2.338548, L1(Flow): 2.174316, Reg: 0.164232
Iter 50 of 338 Loss: 2.510570, L1(Flow): 2.330831, Reg: 0.179739
Iter 60 of 338 Loss: 2.324473, L1(Flow): 2.164752, Reg: 0.159721
Iter 70 of 338 Loss: 2.531029, L1(Flow): 2.347099, Reg: 0.183930
Iter 80 of 338 Loss: 2.333208, L1(Flow): 2.171762, Reg: 0.161446
Iter 90 of 338 Loss: 2.314343, L1(Flow): 2.134341, Reg: 0.180001
Iter 100 of 338 Loss: 2.229188, L1(Flow): 2.058408, Reg: 0.170780
Iter 110 of 338 Loss: 2.551299, L1(Flow): 2.372649, Reg: 0.178649
Iter 120 of 338 Loss: 2.327294, L1(Flow): 2.165662, Reg: 0.161632
Iter 130 of 338 Loss: 2.137679, L1(Flow): 1.983765, Reg: 0.153914
Iter 140 of 338 Loss: 2.502914, L1(Flow): 2.331845, Reg: 0.171069
Iter 150 of 338 Loss: 2.328804, L1(Flow): 2.173532, Reg: 0.155272
Iter 160 of 338 Loss: 2.316827, L1(Flow): 2.151068, Reg: 0.165759
Iter 170 of 338 Loss: 2.255489, L1(Flow): 2.100624, Reg: 0.154865
Iter 180 of 338 Loss: 2.205008, L1(Flow): 2.050764, Reg: 0.154244
Iter 190 of 338 Loss: 2.509601, L1(Flow): 2.325397, Reg: 0.184204
Iter 200 of 338 Loss: 2.204335, L1(Flow): 2.048455, Reg: 0.155880
Iter 210 of 338 Loss: 2.292222, L1(Flow): 2.139046, Reg: 0.153177
Iter 220 of 338 Loss: 2.562097, L1(Flow): 2.387706, Reg: 0.174391
Iter 230 of 338 Loss: 2.391433, L1(Flow): 2.238836, Reg: 0.152597
Iter 240 of 338 Loss: 2.227535, L1(Flow): 2.073039, Reg: 0.154496
Iter 250 of 338 Loss: 2.474384, L1(Flow): 2.293263, Reg: 0.181120
Iter 260 of 338 Loss: 2.258141, L1(Flow): 2.109372, Reg: 0.148769
Iter 270 of 338 Loss: 2.275074, L1(Flow): 2.109751, Reg: 0.165323
Iter 280 of 338 Loss: 2.524447, L1(Flow): 2.350260, Reg: 0.174187
Iter 290 of 338 Loss: 2.276170, L1(Flow): 2.115737, Reg: 0.160433
Iter 300 of 338 Loss: 2.409415, L1(Flow): 2.228227, Reg: 0.181187
Iter 310 of 338 Loss: 2.440622, L1(Flow): 2.249160, Reg: 0.191463
Iter 320 of 338 Loss: 2.312641, L1(Flow): 2.154592, Reg: 0.158049
Iter 330 of 338 Loss: 2.371766, L1(Flow): 2.212955, Reg: 0.158811
Epoch 26 Loss: 2.368274
Epoch 26 Validation: Mean EPE: 3.6872, Mean SSIM: 0.3556, Mean ZNCC: 0.6238
--> Saved to Top 5 best models (EPE: 3.6872)
--> New absolute BEST model updated with EPE: 3.6872
Epoch 27 starts
Iter 10 of 338 Loss: 2.396163, L1(Flow): 2.223494, Reg: 0.172669
Iter 20 of 338 Loss: 2.208963, L1(Flow): 2.061310, Reg: 0.147653
Iter 30 of 338 Loss: 2.253746, L1(Flow): 2.096105, Reg: 0.157642
Iter 40 of 338 Loss: 2.343839, L1(Flow): 2.169940, Reg: 0.173899
Iter 50 of 338 Loss: 2.329211, L1(Flow): 2.163230, Reg: 0.165981
Iter 60 of 338 Loss: 2.117532, L1(Flow): 1.969386, Reg: 0.148145
Iter 70 of 338 Loss: 2.271731, L1(Flow): 2.119006, Reg: 0.152725
Iter 80 of 338 Loss: 2.185182, L1(Flow): 2.020231, Reg: 0.164951
Iter 90 of 338 Loss: 2.372730, L1(Flow): 2.196699, Reg: 0.176031
Iter 100 of 338 Loss: 2.226984, L1(Flow): 2.078052, Reg: 0.148932
Iter 110 of 338 Loss: 2.379780, L1(Flow): 2.218141, Reg: 0.161640
Iter 120 of 338 Loss: 2.332709, L1(Flow): 2.173952, Reg: 0.158757
Iter 130 of 338 Loss: 2.352960, L1(Flow): 2.164198, Reg: 0.188762
Iter 140 of 338 Loss: 2.214183, L1(Flow): 2.053587, Reg: 0.160596
Iter 150 of 338 Loss: 2.113410, L1(Flow): 1.984199, Reg: 0.129211
Iter 160 of 338 Loss: 2.413278, L1(Flow): 2.232543, Reg: 0.180735
Iter 170 of 338 Loss: 2.160105, L1(Flow): 1.996102, Reg: 0.164003
Iter 180 of 338 Loss: 2.272168, L1(Flow): 2.117359, Reg: 0.154809
Iter 190 of 338 Loss: 2.221579, L1(Flow): 2.058236, Reg: 0.163343
Iter 200 of 338 Loss: 2.347140, L1(Flow): 2.183004, Reg: 0.164136
Iter 210 of 338 Loss: 2.268698, L1(Flow): 2.106354, Reg: 0.162344
Iter 220 of 338 Loss: 2.329296, L1(Flow): 2.166746, Reg: 0.162550
Iter 230 of 338 Loss: 2.477375, L1(Flow): 2.301858, Reg: 0.175517
Iter 240 of 338 Loss: 2.235188, L1(Flow): 2.077409, Reg: 0.157780
Iter 250 of 338 Loss: 2.096501, L1(Flow): 1.944854, Reg: 0.151647
Iter 260 of 338 Loss: 2.391493, L1(Flow): 2.222220, Reg: 0.169273
Iter 270 of 338 Loss: 2.267665, L1(Flow): 2.104590, Reg: 0.163075
Iter 280 of 338 Loss: 2.638975, L1(Flow): 2.452682, Reg: 0.186293
Iter 290 of 338 Loss: 2.279372, L1(Flow): 2.122145, Reg: 0.157227
Iter 300 of 338 Loss: 2.217356, L1(Flow): 2.072339, Reg: 0.145017
Iter 310 of 338 Loss: 2.293405, L1(Flow): 2.136586, Reg: 0.156818
Iter 320 of 338 Loss: 2.314010, L1(Flow): 2.123174, Reg: 0.190836
Iter 330 of 338 Loss: 2.280360, L1(Flow): 2.117629, Reg: 0.162731
Epoch 27 Loss: 2.318568
Epoch 27 Validation: Mean EPE: 3.6529, Mean SSIM: 0.3566, Mean ZNCC: 0.6247
--> Saved to Top 5 best models (EPE: 3.6529)
--> New absolute BEST model updated with EPE: 3.6529
Epoch 28 starts
Iter 10 of 338 Loss: 2.136907, L1(Flow): 1.977921, Reg: 0.158986
Iter 20 of 338 Loss: 2.095830, L1(Flow): 1.934711, Reg: 0.161119
Iter 30 of 338 Loss: 2.300324, L1(Flow): 2.128598, Reg: 0.171726
Iter 40 of 338 Loss: 2.371552, L1(Flow): 2.212050, Reg: 0.159502
Iter 50 of 338 Loss: 2.199945, L1(Flow): 2.046498, Reg: 0.153448
Iter 60 of 338 Loss: 2.327404, L1(Flow): 2.167193, Reg: 0.160211
Iter 70 of 338 Loss: 2.214550, L1(Flow): 2.054880, Reg: 0.159671
Iter 80 of 338 Loss: 2.501199, L1(Flow): 2.316721, Reg: 0.184479
Iter 90 of 338 Loss: 2.148950, L1(Flow): 1.997395, Reg: 0.151555
Iter 100 of 338 Loss: 2.270009, L1(Flow): 2.098303, Reg: 0.171706
Iter 110 of 338 Loss: 2.221837, L1(Flow): 2.062922, Reg: 0.158915
Iter 120 of 338 Loss: 2.146437, L1(Flow): 1.997017, Reg: 0.149420
Iter 130 of 338 Loss: 2.397658, L1(Flow): 2.231187, Reg: 0.166471
Iter 140 of 338 Loss: 2.198796, L1(Flow): 2.035971, Reg: 0.162825
Iter 150 of 338 Loss: 2.195711, L1(Flow): 2.037305, Reg: 0.158406
Iter 160 of 338 Loss: 2.220760, L1(Flow): 2.067796, Reg: 0.152963
Iter 170 of 338 Loss: 2.608657, L1(Flow): 2.411427, Reg: 0.197230
Iter 180 of 338 Loss: 2.347687, L1(Flow): 2.183208, Reg: 0.164479
Iter 190 of 338 Loss: 2.332655, L1(Flow): 2.177366, Reg: 0.155289
Iter 200 of 338 Loss: 2.304533, L1(Flow): 2.135809, Reg: 0.168724
Iter 210 of 338 Loss: 2.354089, L1(Flow): 2.169074, Reg: 0.185015
Iter 220 of 338 Loss: 2.287162, L1(Flow): 2.130144, Reg: 0.157018
Iter 230 of 338 Loss: 2.460081, L1(Flow): 2.269361, Reg: 0.190719
Iter 240 of 338 Loss: 2.064837, L1(Flow): 1.921306, Reg: 0.143531
Iter 250 of 338 Loss: 2.335443, L1(Flow): 2.164744, Reg: 0.170699
Iter 260 of 338 Loss: 2.465698, L1(Flow): 2.268667, Reg: 0.197030
Iter 270 of 338 Loss: 2.234669, L1(Flow): 2.084296, Reg: 0.150373
Iter 280 of 338 Loss: 2.224829, L1(Flow): 2.066263, Reg: 0.158566
Iter 290 of 338 Loss: 2.362954, L1(Flow): 2.188099, Reg: 0.174855
Iter 300 of 338 Loss: 1.992009, L1(Flow): 1.858442, Reg: 0.133567
Iter 310 of 338 Loss: 2.273165, L1(Flow): 2.115597, Reg: 0.157568
Iter 320 of 338 Loss: 2.066002, L1(Flow): 1.925857, Reg: 0.140145
Iter 330 of 338 Loss: 2.420972, L1(Flow): 2.236555, Reg: 0.184418
Epoch 28 Loss: 2.280362
Epoch 28 Validation: Mean EPE: 3.5917, Mean SSIM: 0.3577, Mean ZNCC: 0.6262
--> Saved to Top 5 best models (EPE: 3.5917)
--> New absolute BEST model updated with EPE: 3.5917
Epoch 29 starts
Iter 10 of 338 Loss: 2.148507, L1(Flow): 2.010091, Reg: 0.138416
Iter 20 of 338 Loss: 2.183086, L1(Flow): 2.022581, Reg: 0.160505
Iter 30 of 338 Loss: 2.442390, L1(Flow): 2.274260, Reg: 0.168130
Iter 40 of 338 Loss: 2.233865, L1(Flow): 2.081009, Reg: 0.152856
Iter 50 of 338 Loss: 2.125529, L1(Flow): 1.977479, Reg: 0.148050
Iter 60 of 338 Loss: 2.176924, L1(Flow): 2.017788, Reg: 0.159137
Iter 70 of 338 Loss: 2.278601, L1(Flow): 2.104168, Reg: 0.174433
Iter 80 of 338 Loss: 2.056624, L1(Flow): 1.920675, Reg: 0.135949
Iter 90 of 338 Loss: 2.261136, L1(Flow): 2.106226, Reg: 0.154910
Iter 100 of 338 Loss: 2.297057, L1(Flow): 2.137575, Reg: 0.159481
Iter 110 of 338 Loss: 2.210923, L1(Flow): 2.056141, Reg: 0.154782
Iter 120 of 338 Loss: 2.359576, L1(Flow): 2.181861, Reg: 0.177715
Iter 130 of 338 Loss: 2.247170, L1(Flow): 2.098907, Reg: 0.148263
Iter 140 of 338 Loss: 2.173492, L1(Flow): 2.028615, Reg: 0.144877
Iter 150 of 338 Loss: 2.168492, L1(Flow): 1.993738, Reg: 0.174755
Iter 160 of 338 Loss: 2.170795, L1(Flow): 2.011567, Reg: 0.159228
Iter 170 of 338 Loss: 2.183691, L1(Flow): 2.030024, Reg: 0.153667
Iter 180 of 338 Loss: 2.245266, L1(Flow): 2.078147, Reg: 0.167119
Iter 190 of 338 Loss: 2.223531, L1(Flow): 2.081933, Reg: 0.141598
Iter 200 of 338 Loss: 2.216461, L1(Flow): 2.052602, Reg: 0.163859
Iter 210 of 338 Loss: 2.122149, L1(Flow): 1.970820, Reg: 0.151328
Iter 220 of 338 Loss: 2.206860, L1(Flow): 2.049832, Reg: 0.157028
Iter 230 of 338 Loss: 2.268832, L1(Flow): 2.109899, Reg: 0.158934
Iter 240 of 338 Loss: 2.111735, L1(Flow): 1.962312, Reg: 0.149423
Iter 250 of 338 Loss: 2.252139, L1(Flow): 2.083934, Reg: 0.168205
Iter 260 of 338 Loss: 2.235788, L1(Flow): 2.091705, Reg: 0.144083
Iter 270 of 338 Loss: 2.260674, L1(Flow): 2.099760, Reg: 0.160913
Iter 280 of 338 Loss: 2.131228, L1(Flow): 1.982663, Reg: 0.148565
Iter 290 of 338 Loss: 2.165681, L1(Flow): 2.027183, Reg: 0.138498
Iter 300 of 338 Loss: 2.013229, L1(Flow): 1.863236, Reg: 0.149993
Iter 310 of 338 Loss: 2.142781, L1(Flow): 1.981066, Reg: 0.161715
Iter 320 of 338 Loss: 2.176297, L1(Flow): 2.020539, Reg: 0.155758
Iter 330 of 338 Loss: 2.259313, L1(Flow): 2.094192, Reg: 0.165121
Epoch 29 Loss: 2.234147
Epoch 29 Validation: Mean EPE: 3.5381, Mean SSIM: 0.3597, Mean ZNCC: 0.6271
--> Saved to Top 5 best models (EPE: 3.5381)
--> New absolute BEST model updated with EPE: 3.5381
Epoch 30 starts
Iter 10 of 338 Loss: 2.181663, L1(Flow): 2.020900, Reg: 0.160763
Iter 20 of 338 Loss: 2.445300, L1(Flow): 2.271535, Reg: 0.173765
Iter 30 of 338 Loss: 2.290176, L1(Flow): 2.109802, Reg: 0.180374
Iter 40 of 338 Loss: 2.153333, L1(Flow): 2.004446, Reg: 0.148888
Iter 50 of 338 Loss: 2.339638, L1(Flow): 2.152408, Reg: 0.187230
Iter 60 of 338 Loss: 2.159772, L1(Flow): 2.014059, Reg: 0.145713
Iter 70 of 338 Loss: 2.362991, L1(Flow): 2.202753, Reg: 0.160238
Iter 80 of 338 Loss: 2.119603, L1(Flow): 1.987980, Reg: 0.131623
Iter 90 of 338 Loss: 2.272177, L1(Flow): 2.126548, Reg: 0.145629
Iter 100 of 338 Loss: 2.087104, L1(Flow): 1.932628, Reg: 0.154476
Iter 110 of 338 Loss: 2.263059, L1(Flow): 2.092704, Reg: 0.170356
Iter 120 of 338 Loss: 2.233856, L1(Flow): 2.064876, Reg: 0.168980
Iter 130 of 338 Loss: 2.128629, L1(Flow): 1.979105, Reg: 0.149524
Iter 140 of 338 Loss: 2.176613, L1(Flow): 2.029488, Reg: 0.147125
Iter 150 of 338 Loss: 2.359461, L1(Flow): 2.191854, Reg: 0.167607
Iter 160 of 338 Loss: 2.213902, L1(Flow): 2.046551, Reg: 0.167351
Iter 170 of 338 Loss: 2.190499, L1(Flow): 2.027315, Reg: 0.163184
Iter 180 of 338 Loss: 2.226587, L1(Flow): 2.075890, Reg: 0.150696
Iter 190 of 338 Loss: 2.115272, L1(Flow): 1.983292, Reg: 0.131980
Iter 200 of 338 Loss: 2.292070, L1(Flow): 2.147625, Reg: 0.144445
Iter 210 of 338 Loss: 2.248303, L1(Flow): 2.080356, Reg: 0.167947
Iter 220 of 338 Loss: 2.283009, L1(Flow): 2.111027, Reg: 0.171982
Iter 230 of 338 Loss: 2.200828, L1(Flow): 2.048508, Reg: 0.152319
Iter 240 of 338 Loss: 2.186308, L1(Flow): 2.042593, Reg: 0.143715
Iter 250 of 338 Loss: 2.091035, L1(Flow): 1.942950, Reg: 0.148085
Iter 260 of 338 Loss: 2.234922, L1(Flow): 2.084077, Reg: 0.150845
Iter 270 of 338 Loss: 2.230114, L1(Flow): 2.072001, Reg: 0.158113
Iter 280 of 338 Loss: 2.071676, L1(Flow): 1.934603, Reg: 0.137072
Iter 290 of 338 Loss: 1.996951, L1(Flow): 1.870725, Reg: 0.126225
Iter 300 of 338 Loss: 2.141732, L1(Flow): 1.990265, Reg: 0.151467
Iter 310 of 338 Loss: 2.159920, L1(Flow): 2.008734, Reg: 0.151186
Iter 320 of 338 Loss: 2.160870, L1(Flow): 1.998476, Reg: 0.162393
Iter 330 of 338 Loss: 2.138156, L1(Flow): 1.976009, Reg: 0.162147
Epoch 30 Loss: 2.201377
Epoch 30 Validation: Mean EPE: 3.5369, Mean SSIM: 0.3603, Mean ZNCC: 0.6276
--> Saved to Top 5 best models (EPE: 3.5369)
--> New absolute BEST model updated with EPE: 3.5369
Epoch 31 starts
Iter 10 of 338 Loss: 2.244735, L1(Flow): 2.081320, Reg: 0.163415
Iter 20 of 338 Loss: 2.081776, L1(Flow): 1.928910, Reg: 0.152867
Iter 30 of 338 Loss: 2.253308, L1(Flow): 2.072909, Reg: 0.180399
Iter 40 of 338 Loss: 2.053900, L1(Flow): 1.895029, Reg: 0.158871
Iter 50 of 338 Loss: 2.197992, L1(Flow): 2.022821, Reg: 0.175171
Iter 60 of 338 Loss: 2.111241, L1(Flow): 1.963331, Reg: 0.147911
Iter 70 of 338 Loss: 2.143502, L1(Flow): 1.979845, Reg: 0.163656
Iter 80 of 338 Loss: 2.341927, L1(Flow): 2.159642, Reg: 0.182285
Iter 90 of 338 Loss: 2.069339, L1(Flow): 1.917025, Reg: 0.152314
Iter 100 of 338 Loss: 2.075625, L1(Flow): 1.928201, Reg: 0.147424
Iter 110 of 338 Loss: 2.102790, L1(Flow): 1.947100, Reg: 0.155690
Iter 120 of 338 Loss: 2.173895, L1(Flow): 2.025239, Reg: 0.148656
Iter 130 of 338 Loss: 2.364752, L1(Flow): 2.191615, Reg: 0.173137
Iter 140 of 338 Loss: 2.271167, L1(Flow): 2.109261, Reg: 0.161906
Iter 150 of 338 Loss: 2.183282, L1(Flow): 2.021852, Reg: 0.161429
Iter 160 of 338 Loss: 2.313079, L1(Flow): 2.159968, Reg: 0.153111
Iter 170 of 338 Loss: 2.232482, L1(Flow): 2.069294, Reg: 0.163189
Iter 180 of 338 Loss: 2.218907, L1(Flow): 2.053414, Reg: 0.165493
Iter 190 of 338 Loss: 2.261393, L1(Flow): 2.107601, Reg: 0.153791
Iter 200 of 338 Loss: 2.305224, L1(Flow): 2.121902, Reg: 0.183322
Iter 210 of 338 Loss: 2.152632, L1(Flow): 1.983498, Reg: 0.169134
Iter 220 of 338 Loss: 2.226652, L1(Flow): 2.043466, Reg: 0.183187
Iter 230 of 338 Loss: 2.273774, L1(Flow): 2.106114, Reg: 0.167661
Iter 240 of 338 Loss: 2.087362, L1(Flow): 1.951345, Reg: 0.136016
Iter 250 of 338 Loss: 2.129990, L1(Flow): 1.971953, Reg: 0.158037
Iter 260 of 338 Loss: 2.225057, L1(Flow): 2.064429, Reg: 0.160628
Iter 270 of 338 Loss: 2.117019, L1(Flow): 1.965387, Reg: 0.151632
Iter 280 of 338 Loss: 2.077376, L1(Flow): 1.934397, Reg: 0.142980
Iter 290 of 338 Loss: 1.963820, L1(Flow): 1.825126, Reg: 0.138694
Iter 300 of 338 Loss: 2.045788, L1(Flow): 1.895640, Reg: 0.150149
Iter 310 of 338 Loss: 2.389694, L1(Flow): 2.230428, Reg: 0.159266
Iter 320 of 338 Loss: 2.142394, L1(Flow): 1.997438, Reg: 0.144956
Iter 330 of 338 Loss: 2.255604, L1(Flow): 2.097827, Reg: 0.157778
Epoch 31 Loss: 2.156108
Epoch 31 Validation: Mean EPE: 3.4624, Mean SSIM: 0.3625, Mean ZNCC: 0.6294
--> Saved to Top 5 best models (EPE: 3.4624)
--> New absolute BEST model updated with EPE: 3.4624
Epoch 32 starts
Iter 10 of 338 Loss: 2.107378, L1(Flow): 1.962760, Reg: 0.144617
Iter 20 of 338 Loss: 2.084797, L1(Flow): 1.934656, Reg: 0.150141
Iter 30 of 338 Loss: 2.158427, L1(Flow): 1.996420, Reg: 0.162007
Iter 40 of 338 Loss: 2.148275, L1(Flow): 1.984068, Reg: 0.164206
Iter 50 of 338 Loss: 2.253195, L1(Flow): 2.081688, Reg: 0.171507
Iter 60 of 338 Loss: 2.134478, L1(Flow): 1.989095, Reg: 0.145383
Iter 70 of 338 Loss: 2.247913, L1(Flow): 2.067402, Reg: 0.180511
Iter 80 of 338 Loss: 2.120759, L1(Flow): 1.969369, Reg: 0.151389
Iter 90 of 338 Loss: 2.390950, L1(Flow): 2.203563, Reg: 0.187387
Iter 100 of 338 Loss: 2.350083, L1(Flow): 2.174746, Reg: 0.175337
Iter 110 of 338 Loss: 2.187652, L1(Flow): 2.024202, Reg: 0.163449
Iter 120 of 338 Loss: 2.104081, L1(Flow): 1.944171, Reg: 0.159910
Iter 130 of 338 Loss: 2.057372, L1(Flow): 1.920477, Reg: 0.136895
Iter 140 of 338 Loss: 2.074863, L1(Flow): 1.934792, Reg: 0.140071
Iter 150 of 338 Loss: 2.349524, L1(Flow): 2.178205, Reg: 0.171319
Iter 160 of 338 Loss: 1.934990, L1(Flow): 1.801362, Reg: 0.133628
Iter 170 of 338 Loss: 1.992533, L1(Flow): 1.852592, Reg: 0.139941
Iter 180 of 338 Loss: 2.149341, L1(Flow): 1.990188, Reg: 0.159153
Iter 190 of 338 Loss: 2.089413, L1(Flow): 1.944044, Reg: 0.145369
Iter 200 of 338 Loss: 2.089741, L1(Flow): 1.945618, Reg: 0.144123
Iter 210 of 338 Loss: 2.322229, L1(Flow): 2.164067, Reg: 0.158162
Iter 220 of 338 Loss: 2.137160, L1(Flow): 1.982836, Reg: 0.154324
Iter 230 of 338 Loss: 2.137361, L1(Flow): 1.976202, Reg: 0.161159
Iter 240 of 338 Loss: 2.013434, L1(Flow): 1.876466, Reg: 0.136968
Iter 250 of 338 Loss: 2.121802, L1(Flow): 1.964397, Reg: 0.157405
Iter 260 of 338 Loss: 2.017561, L1(Flow): 1.866512, Reg: 0.151049
Iter 270 of 338 Loss: 2.119302, L1(Flow): 1.964144, Reg: 0.155157
Iter 280 of 338 Loss: 2.334507, L1(Flow): 2.161933, Reg: 0.172574
Iter 290 of 338 Loss: 2.171506, L1(Flow): 2.018600, Reg: 0.152906
Iter 300 of 338 Loss: 2.120440, L1(Flow): 1.956541, Reg: 0.163899
Iter 310 of 338 Loss: 2.167237, L1(Flow): 2.005144, Reg: 0.162093
Iter 320 of 338 Loss: 1.995989, L1(Flow): 1.862853, Reg: 0.133136
Iter 330 of 338 Loss: 2.025363, L1(Flow): 1.888537, Reg: 0.136826
Epoch 32 Loss: 2.127157
Epoch 32 Validation: Mean EPE: 3.4200, Mean SSIM: 0.3625, Mean ZNCC: 0.6295
--> Saved to Top 5 best models (EPE: 3.4200)
--> New absolute BEST model updated with EPE: 3.4200
Epoch 33 starts
Iter 10 of 338 Loss: 2.102421, L1(Flow): 1.961501, Reg: 0.140920
Iter 20 of 338 Loss: 2.004821, L1(Flow): 1.871755, Reg: 0.133066
Iter 30 of 338 Loss: 2.033009, L1(Flow): 1.873959, Reg: 0.159050
Iter 40 of 338 Loss: 2.257561, L1(Flow): 2.083831, Reg: 0.173729
Iter 50 of 338 Loss: 1.907532, L1(Flow): 1.770622, Reg: 0.136910
Iter 60 of 338 Loss: 2.117114, L1(Flow): 1.952753, Reg: 0.164361
Iter 70 of 338 Loss: 2.134469, L1(Flow): 1.992674, Reg: 0.141795
Iter 80 of 338 Loss: 1.911848, L1(Flow): 1.784025, Reg: 0.127823
Iter 90 of 338 Loss: 2.131721, L1(Flow): 1.972544, Reg: 0.159177
Iter 100 of 338 Loss: 2.228534, L1(Flow): 2.084433, Reg: 0.144101
Iter 110 of 338 Loss: 1.934844, L1(Flow): 1.795883, Reg: 0.138961
Iter 120 of 338 Loss: 1.877469, L1(Flow): 1.748354, Reg: 0.129115
Iter 130 of 338 Loss: 2.108204, L1(Flow): 1.960593, Reg: 0.147611
Iter 140 of 338 Loss: 1.998469, L1(Flow): 1.861865, Reg: 0.136604
Iter 150 of 338 Loss: 2.116430, L1(Flow): 1.953862, Reg: 0.162567
Iter 160 of 338 Loss: 2.204734, L1(Flow): 2.038952, Reg: 0.165782
Iter 170 of 338 Loss: 1.962031, L1(Flow): 1.820602, Reg: 0.141428
Iter 180 of 338 Loss: 2.158076, L1(Flow): 2.002363, Reg: 0.155713
Iter 190 of 338 Loss: 1.999674, L1(Flow): 1.870844, Reg: 0.128830
Iter 200 of 338 Loss: 2.075295, L1(Flow): 1.939802, Reg: 0.135493
Iter 210 of 338 Loss: 2.062357, L1(Flow): 1.916063, Reg: 0.146295
Iter 220 of 338 Loss: 1.913533, L1(Flow): 1.780268, Reg: 0.133265
Iter 230 of 338 Loss: 2.031113, L1(Flow): 1.876571, Reg: 0.154542
Iter 240 of 338 Loss: 2.146965, L1(Flow): 1.996632, Reg: 0.150333
Iter 250 of 338 Loss: 2.134549, L1(Flow): 1.988132, Reg: 0.146417
Iter 260 of 338 Loss: 2.188377, L1(Flow): 2.028307, Reg: 0.160070
Iter 270 of 338 Loss: 2.193883, L1(Flow): 2.038414, Reg: 0.155469
Iter 280 of 338 Loss: 2.193561, L1(Flow): 2.049947, Reg: 0.143614
Iter 290 of 338 Loss: 1.937230, L1(Flow): 1.812268, Reg: 0.124961
Iter 300 of 338 Loss: 2.131478, L1(Flow): 1.970942, Reg: 0.160535
Iter 310 of 338 Loss: 2.032037, L1(Flow): 1.879453, Reg: 0.152585
Iter 320 of 338 Loss: 2.118589, L1(Flow): 1.963013, Reg: 0.155577
Iter 330 of 338 Loss: 2.111466, L1(Flow): 1.964024, Reg: 0.147443
Epoch 33 Loss: 2.090776
Epoch 33 Validation: Mean EPE: 3.3770, Mean SSIM: 0.3646, Mean ZNCC: 0.6308
--> Saved to Top 5 best models (EPE: 3.3770)
--> New absolute BEST model updated with EPE: 3.3770
Epoch 34 starts
Iter 10 of 338 Loss: 1.992569, L1(Flow): 1.850343, Reg: 0.142226
Iter 20 of 338 Loss: 2.105329, L1(Flow): 1.935865, Reg: 0.169464
Iter 30 of 338 Loss: 2.019013, L1(Flow): 1.864141, Reg: 0.154872
Iter 40 of 338 Loss: 2.154842, L1(Flow): 1.996813, Reg: 0.158029
Iter 50 of 338 Loss: 2.151999, L1(Flow): 1.996410, Reg: 0.155590
Iter 60 of 338 Loss: 2.141056, L1(Flow): 1.981236, Reg: 0.159820
Iter 70 of 338 Loss: 2.005182, L1(Flow): 1.856371, Reg: 0.148811
Iter 80 of 338 Loss: 2.069160, L1(Flow): 1.927447, Reg: 0.141712
Iter 90 of 338 Loss: 2.139399, L1(Flow): 1.973947, Reg: 0.165452
Iter 100 of 338 Loss: 1.988853, L1(Flow): 1.855984, Reg: 0.132869
Iter 110 of 338 Loss: 2.076712, L1(Flow): 1.926290, Reg: 0.150422
Iter 120 of 338 Loss: 1.921866, L1(Flow): 1.791241, Reg: 0.130625
Iter 130 of 338 Loss: 2.132791, L1(Flow): 1.991269, Reg: 0.141522
Iter 140 of 338 Loss: 1.945097, L1(Flow): 1.802481, Reg: 0.142616
Iter 150 of 338 Loss: 2.158752, L1(Flow): 2.003152, Reg: 0.155600
Iter 160 of 338 Loss: 2.047803, L1(Flow): 1.903518, Reg: 0.144284
Iter 170 of 338 Loss: 2.066528, L1(Flow): 1.913707, Reg: 0.152821
Iter 180 of 338 Loss: 1.919840, L1(Flow): 1.778612, Reg: 0.141229
Iter 190 of 338 Loss: 1.975922, L1(Flow): 1.829504, Reg: 0.146418
Iter 200 of 338 Loss: 1.899519, L1(Flow): 1.764729, Reg: 0.134790
Iter 210 of 338 Loss: 2.047893, L1(Flow): 1.906958, Reg: 0.140935
Iter 220 of 338 Loss: 2.037540, L1(Flow): 1.878667, Reg: 0.158873
Iter 230 of 338 Loss: 2.070588, L1(Flow): 1.936880, Reg: 0.133709
Iter 240 of 338 Loss: 2.148811, L1(Flow): 1.995080, Reg: 0.153732
Iter 250 of 338 Loss: 2.130224, L1(Flow): 1.976885, Reg: 0.153338
Iter 260 of 338 Loss: 2.075012, L1(Flow): 1.922272, Reg: 0.152740
Iter 270 of 338 Loss: 1.917350, L1(Flow): 1.786216, Reg: 0.131134
Iter 280 of 338 Loss: 1.989508, L1(Flow): 1.841408, Reg: 0.148100
Iter 290 of 338 Loss: 2.120939, L1(Flow): 1.969835, Reg: 0.151104
Iter 300 of 338 Loss: 2.062434, L1(Flow): 1.920159, Reg: 0.142275
Iter 310 of 338 Loss: 2.270376, L1(Flow): 2.106432, Reg: 0.163944
Iter 320 of 338 Loss: 1.839675, L1(Flow): 1.709975, Reg: 0.129700
Iter 330 of 338 Loss: 1.922995, L1(Flow): 1.791599, Reg: 0.131396
Epoch 34 Loss: 2.063227
Epoch 34 Validation: Mean EPE: 3.3890, Mean SSIM: 0.3634, Mean ZNCC: 0.6301
--> Saved to Top 5 best models (EPE: 3.3890)
Epoch 35 starts
Iter 10 of 338 Loss: 1.974229, L1(Flow): 1.839395, Reg: 0.134833
Iter 20 of 338 Loss: 2.074668, L1(Flow): 1.938268, Reg: 0.136400
Iter 30 of 338 Loss: 1.943633, L1(Flow): 1.802090, Reg: 0.141543
Iter 40 of 338 Loss: 1.995044, L1(Flow): 1.848748, Reg: 0.146296
Iter 50 of 338 Loss: 1.979385, L1(Flow): 1.829653, Reg: 0.149731
Iter 60 of 338 Loss: 2.146745, L1(Flow): 1.980320, Reg: 0.166426
Iter 70 of 338 Loss: 1.864669, L1(Flow): 1.734876, Reg: 0.129792
Iter 80 of 338 Loss: 2.014655, L1(Flow): 1.865918, Reg: 0.148737
Iter 90 of 338 Loss: 2.207636, L1(Flow): 2.045128, Reg: 0.162508
Iter 100 of 338 Loss: 2.053604, L1(Flow): 1.906640, Reg: 0.146964
Iter 110 of 338 Loss: 2.053402, L1(Flow): 1.909793, Reg: 0.143609
Iter 120 of 338 Loss: 1.926030, L1(Flow): 1.789797, Reg: 0.136233
Iter 130 of 338 Loss: 1.987501, L1(Flow): 1.844915, Reg: 0.142587
Iter 140 of 338 Loss: 2.125571, L1(Flow): 1.971753, Reg: 0.153818
Iter 150 of 338 Loss: 2.042795, L1(Flow): 1.916999, Reg: 0.125796
Iter 160 of 338 Loss: 2.032873, L1(Flow): 1.880607, Reg: 0.152267
Iter 170 of 338 Loss: 2.000804, L1(Flow): 1.838327, Reg: 0.162477
Iter 180 of 338 Loss: 1.910468, L1(Flow): 1.783944, Reg: 0.126523
Iter 190 of 338 Loss: 2.049541, L1(Flow): 1.892460, Reg: 0.157081
Iter 200 of 338 Loss: 2.089650, L1(Flow): 1.940010, Reg: 0.149640
Iter 210 of 338 Loss: 1.998523, L1(Flow): 1.849575, Reg: 0.148947
Iter 220 of 338 Loss: 2.045406, L1(Flow): 1.883345, Reg: 0.162061
Iter 230 of 338 Loss: 2.106754, L1(Flow): 1.942122, Reg: 0.164632
Iter 240 of 338 Loss: 2.062064, L1(Flow): 1.906311, Reg: 0.155752
Iter 250 of 338 Loss: 2.095707, L1(Flow): 1.939120, Reg: 0.156587
Iter 260 of 338 Loss: 1.967107, L1(Flow): 1.814710, Reg: 0.152397
Iter 270 of 338 Loss: 2.118942, L1(Flow): 1.961003, Reg: 0.157939
Iter 280 of 338 Loss: 2.099020, L1(Flow): 1.950466, Reg: 0.148555
Iter 290 of 338 Loss: 1.960258, L1(Flow): 1.804671, Reg: 0.155587
Iter 300 of 338 Loss: 2.065932, L1(Flow): 1.896839, Reg: 0.169093
Iter 310 of 338 Loss: 2.032910, L1(Flow): 1.872834, Reg: 0.160076
Iter 320 of 338 Loss: 2.049761, L1(Flow): 1.892221, Reg: 0.157540
Iter 330 of 338 Loss: 2.023772, L1(Flow): 1.881505, Reg: 0.142266
Epoch 35 Loss: 2.035766
Epoch 35 Validation: Mean EPE: 3.3523, Mean SSIM: 0.3664, Mean ZNCC: 0.6323
--> Saved to Top 5 best models (EPE: 3.3523)
--> New absolute BEST model updated with EPE: 3.3523
Epoch 36 starts
Iter 10 of 338 Loss: 2.226014, L1(Flow): 2.071406, Reg: 0.154608
Iter 20 of 338 Loss: 1.928224, L1(Flow): 1.789184, Reg: 0.139040
Iter 30 of 338 Loss: 1.991745, L1(Flow): 1.844890, Reg: 0.146855
Iter 40 of 338 Loss: 1.869439, L1(Flow): 1.739491, Reg: 0.129948
Iter 50 of 338 Loss: 1.956909, L1(Flow): 1.806388, Reg: 0.150521
Iter 60 of 338 Loss: 1.956738, L1(Flow): 1.811784, Reg: 0.144954
Iter 70 of 338 Loss: 1.935529, L1(Flow): 1.788849, Reg: 0.146681
Iter 80 of 338 Loss: 2.006953, L1(Flow): 1.856487, Reg: 0.150466
Iter 90 of 338 Loss: 1.997315, L1(Flow): 1.838595, Reg: 0.158720
Iter 100 of 338 Loss: 1.998622, L1(Flow): 1.841518, Reg: 0.157104
Iter 110 of 338 Loss: 2.041565, L1(Flow): 1.891184, Reg: 0.150381
Iter 120 of 338 Loss: 1.850708, L1(Flow): 1.718937, Reg: 0.131771
Iter 130 of 338 Loss: 2.184962, L1(Flow): 2.008787, Reg: 0.176175
Iter 140 of 338 Loss: 1.972145, L1(Flow): 1.821655, Reg: 0.150489
Iter 150 of 338 Loss: 1.941349, L1(Flow): 1.793736, Reg: 0.147613
Iter 160 of 338 Loss: 1.999451, L1(Flow): 1.856133, Reg: 0.143317
Iter 170 of 338 Loss: 2.047696, L1(Flow): 1.909770, Reg: 0.137926
Iter 180 of 338 Loss: 1.849236, L1(Flow): 1.716109, Reg: 0.133128
Iter 190 of 338 Loss: 1.969687, L1(Flow): 1.828627, Reg: 0.141060
Iter 200 of 338 Loss: 1.921101, L1(Flow): 1.785434, Reg: 0.135666
Iter 210 of 338 Loss: 1.998022, L1(Flow): 1.853821, Reg: 0.144202
Iter 220 of 338 Loss: 1.960833, L1(Flow): 1.822759, Reg: 0.138074
Iter 230 of 338 Loss: 1.990422, L1(Flow): 1.836400, Reg: 0.154021
Iter 240 of 338 Loss: 2.236855, L1(Flow): 2.065749, Reg: 0.171105
Iter 250 of 338 Loss: 1.957414, L1(Flow): 1.808543, Reg: 0.148870
Iter 260 of 338 Loss: 2.036151, L1(Flow): 1.894863, Reg: 0.141288
Iter 270 of 338 Loss: 1.843285, L1(Flow): 1.710089, Reg: 0.133195
Iter 280 of 338 Loss: 2.206793, L1(Flow): 2.033992, Reg: 0.172801
Iter 290 of 338 Loss: 1.810627, L1(Flow): 1.683648, Reg: 0.126978
Iter 300 of 338 Loss: 2.084249, L1(Flow): 1.921970, Reg: 0.162279
Iter 310 of 338 Loss: 1.978308, L1(Flow): 1.831347, Reg: 0.146961
Iter 320 of 338 Loss: 1.919336, L1(Flow): 1.786177, Reg: 0.133159
Iter 330 of 338 Loss: 2.039152, L1(Flow): 1.899847, Reg: 0.139305
Epoch 36 Loss: 1.998417
Epoch 36 Validation: Mean EPE: 3.3657, Mean SSIM: 0.3655, Mean ZNCC: 0.6318
--> Saved to Top 5 best models (EPE: 3.3657)
Epoch 37 starts
Iter 10 of 338 Loss: 1.952445, L1(Flow): 1.811865, Reg: 0.140580
Iter 20 of 338 Loss: 2.017616, L1(Flow): 1.874775, Reg: 0.142840
Iter 30 of 338 Loss: 1.981329, L1(Flow): 1.842730, Reg: 0.138599
Iter 40 of 338 Loss: 2.069565, L1(Flow): 1.909634, Reg: 0.159931
Iter 50 of 338 Loss: 1.910620, L1(Flow): 1.780831, Reg: 0.129790
Iter 60 of 338 Loss: 2.149033, L1(Flow): 1.994299, Reg: 0.154734
Iter 70 of 338 Loss: 1.927469, L1(Flow): 1.786613, Reg: 0.140855
Iter 80 of 338 Loss: 1.824391, L1(Flow): 1.685080, Reg: 0.139311
Iter 90 of 338 Loss: 1.945623, L1(Flow): 1.807506, Reg: 0.138117
Iter 100 of 338 Loss: 1.804941, L1(Flow): 1.670273, Reg: 0.134668
Iter 110 of 338 Loss: 1.985466, L1(Flow): 1.827631, Reg: 0.157834
Iter 120 of 338 Loss: 1.937794, L1(Flow): 1.798852, Reg: 0.138942
Iter 130 of 338 Loss: 1.878195, L1(Flow): 1.742973, Reg: 0.135222
Iter 140 of 338 Loss: 2.116018, L1(Flow): 1.962545, Reg: 0.153473
Iter 150 of 338 Loss: 2.046788, L1(Flow): 1.892504, Reg: 0.154284
Iter 160 of 338 Loss: 1.912493, L1(Flow): 1.782928, Reg: 0.129565
Iter 170 of 338 Loss: 1.977391, L1(Flow): 1.826342, Reg: 0.151049
Iter 180 of 338 Loss: 1.857926, L1(Flow): 1.721461, Reg: 0.136466
Iter 190 of 338 Loss: 1.960604, L1(Flow): 1.824895, Reg: 0.135709
Iter 200 of 338 Loss: 2.059892, L1(Flow): 1.927817, Reg: 0.132075
Iter 210 of 338 Loss: 2.038166, L1(Flow): 1.877774, Reg: 0.160392
Iter 220 of 338 Loss: 1.887385, L1(Flow): 1.762790, Reg: 0.124595
Iter 230 of 338 Loss: 2.129513, L1(Flow): 1.991204, Reg: 0.138309
Iter 240 of 338 Loss: 1.940634, L1(Flow): 1.809029, Reg: 0.131604
Iter 250 of 338 Loss: 2.056684, L1(Flow): 1.905261, Reg: 0.151423
Iter 260 of 338 Loss: 1.994561, L1(Flow): 1.852963, Reg: 0.141598
Iter 270 of 338 Loss: 1.969014, L1(Flow): 1.819243, Reg: 0.149770
Iter 280 of 338 Loss: 1.869635, L1(Flow): 1.743306, Reg: 0.126329
Iter 290 of 338 Loss: 1.859357, L1(Flow): 1.730799, Reg: 0.128558
Iter 300 of 338 Loss: 1.727230, L1(Flow): 1.614953, Reg: 0.112277
Iter 310 of 338 Loss: 1.969416, L1(Flow): 1.829078, Reg: 0.140338
Iter 320 of 338 Loss: 2.011982, L1(Flow): 1.882596, Reg: 0.129386
Iter 330 of 338 Loss: 1.946171, L1(Flow): 1.782727, Reg: 0.163444
Epoch 37 Loss: 1.980427
Epoch 37 Validation: Mean EPE: 3.2883, Mean SSIM: 0.3664, Mean ZNCC: 0.6320
--> Saved to Top 5 best models (EPE: 3.2883)
--> New absolute BEST model updated with EPE: 3.2883
Epoch 38 starts
Iter 10 of 338 Loss: 1.809553, L1(Flow): 1.668153, Reg: 0.141400
Iter 20 of 338 Loss: 1.848395, L1(Flow): 1.713315, Reg: 0.135079
Iter 30 of 338 Loss: 1.911442, L1(Flow): 1.758514, Reg: 0.152928
Iter 40 of 338 Loss: 1.936408, L1(Flow): 1.791567, Reg: 0.144841
Iter 50 of 338 Loss: 2.071598, L1(Flow): 1.922013, Reg: 0.149586
Iter 60 of 338 Loss: 1.980198, L1(Flow): 1.821566, Reg: 0.158632
Iter 70 of 338 Loss: 1.955387, L1(Flow): 1.811491, Reg: 0.143896
Iter 80 of 338 Loss: 1.945378, L1(Flow): 1.798892, Reg: 0.146486
Iter 90 of 338 Loss: 1.882887, L1(Flow): 1.743162, Reg: 0.139725
Iter 100 of 338 Loss: 1.936734, L1(Flow): 1.778989, Reg: 0.157745
Iter 110 of 338 Loss: 1.847734, L1(Flow): 1.712719, Reg: 0.135015
Iter 120 of 338 Loss: 1.868616, L1(Flow): 1.726678, Reg: 0.141938
Iter 130 of 338 Loss: 1.975016, L1(Flow): 1.835480, Reg: 0.139536
Iter 140 of 338 Loss: 1.938133, L1(Flow): 1.791244, Reg: 0.146889
Iter 150 of 338 Loss: 1.881439, L1(Flow): 1.738781, Reg: 0.142658
Iter 160 of 338 Loss: 1.908089, L1(Flow): 1.762203, Reg: 0.145886
Iter 170 of 338 Loss: 2.004600, L1(Flow): 1.860096, Reg: 0.144504
Iter 180 of 338 Loss: 2.103549, L1(Flow): 1.959442, Reg: 0.144108
Iter 190 of 338 Loss: 1.879345, L1(Flow): 1.755101, Reg: 0.124244
Iter 200 of 338 Loss: 2.048817, L1(Flow): 1.894892, Reg: 0.153925
Iter 210 of 338 Loss: 1.966672, L1(Flow): 1.834949, Reg: 0.131724
Iter 220 of 338 Loss: 2.028918, L1(Flow): 1.901565, Reg: 0.127354
Iter 230 of 338 Loss: 2.033602, L1(Flow): 1.890623, Reg: 0.142979
Iter 240 of 338 Loss: 1.967516, L1(Flow): 1.814173, Reg: 0.153343
Iter 250 of 338 Loss: 1.834341, L1(Flow): 1.704070, Reg: 0.130271
Iter 260 of 338 Loss: 1.976324, L1(Flow): 1.812711, Reg: 0.163613
Iter 270 of 338 Loss: 1.894893, L1(Flow): 1.750064, Reg: 0.144829
Iter 280 of 338 Loss: 1.982237, L1(Flow): 1.847585, Reg: 0.134652
Iter 290 of 338 Loss: 1.940655, L1(Flow): 1.794112, Reg: 0.146543
Iter 300 of 338 Loss: 1.890231, L1(Flow): 1.764737, Reg: 0.125494
Iter 310 of 338 Loss: 1.952520, L1(Flow): 1.811385, Reg: 0.141136
Iter 320 of 338 Loss: 1.929976, L1(Flow): 1.786939, Reg: 0.143037
Iter 330 of 338 Loss: 1.832791, L1(Flow): 1.696736, Reg: 0.136055
Epoch 38 Loss: 1.951785
Epoch 38 Validation: Mean EPE: 3.2386, Mean SSIM: 0.3692, Mean ZNCC: 0.6333
--> Saved to Top 5 best models (EPE: 3.2386)
--> New absolute BEST model updated with EPE: 3.2386
Epoch 39 starts
Iter 10 of 338 Loss: 1.921187, L1(Flow): 1.783104, Reg: 0.138083
Iter 20 of 338 Loss: 1.837492, L1(Flow): 1.719105, Reg: 0.118387
Iter 30 of 338 Loss: 2.074611, L1(Flow): 1.920349, Reg: 0.154262
Iter 40 of 338 Loss: 2.006523, L1(Flow): 1.855826, Reg: 0.150696
Iter 50 of 338 Loss: 2.066048, L1(Flow): 1.910091, Reg: 0.155957
Iter 60 of 338 Loss: 2.016493, L1(Flow): 1.867541, Reg: 0.148952
Iter 70 of 338 Loss: 1.880195, L1(Flow): 1.746548, Reg: 0.133647
Iter 80 of 338 Loss: 1.858571, L1(Flow): 1.723306, Reg: 0.135264
Iter 90 of 338 Loss: 1.891669, L1(Flow): 1.733596, Reg: 0.158073
Iter 100 of 338 Loss: 1.786668, L1(Flow): 1.648535, Reg: 0.138133
Iter 110 of 338 Loss: 1.838215, L1(Flow): 1.711696, Reg: 0.126519
Iter 120 of 338 Loss: 1.908487, L1(Flow): 1.754084, Reg: 0.154402
Iter 130 of 338 Loss: 1.765735, L1(Flow): 1.630200, Reg: 0.135535
Iter 140 of 338 Loss: 1.928090, L1(Flow): 1.778587, Reg: 0.149503
Iter 150 of 338 Loss: 1.947808, L1(Flow): 1.808862, Reg: 0.138946
Iter 160 of 338 Loss: 1.857584, L1(Flow): 1.733253, Reg: 0.124331
Iter 170 of 338 Loss: 1.913378, L1(Flow): 1.781408, Reg: 0.131970
Iter 180 of 338 Loss: 2.046959, L1(Flow): 1.893548, Reg: 0.153410
Iter 190 of 338 Loss: 1.872673, L1(Flow): 1.737613, Reg: 0.135060
Iter 200 of 338 Loss: 2.036884, L1(Flow): 1.877586, Reg: 0.159298
Iter 210 of 338 Loss: 1.840912, L1(Flow): 1.709842, Reg: 0.131070
Iter 220 of 338 Loss: 2.126439, L1(Flow): 1.959819, Reg: 0.166620
Iter 230 of 338 Loss: 1.861588, L1(Flow): 1.745087, Reg: 0.116501
Iter 240 of 338 Loss: 1.967617, L1(Flow): 1.821983, Reg: 0.145634
Iter 250 of 338 Loss: 1.979379, L1(Flow): 1.815379, Reg: 0.164000
Iter 260 of 338 Loss: 2.050718, L1(Flow): 1.888666, Reg: 0.162052
Iter 270 of 338 Loss: 1.939494, L1(Flow): 1.787242, Reg: 0.152251
Iter 280 of 338 Loss: 1.984718, L1(Flow): 1.835843, Reg: 0.148875
Iter 290 of 338 Loss: 1.871588, L1(Flow): 1.737521, Reg: 0.134067
Iter 300 of 338 Loss: 1.988027, L1(Flow): 1.852174, Reg: 0.135853
Iter 310 of 338 Loss: 1.813799, L1(Flow): 1.672529, Reg: 0.141269
Iter 320 of 338 Loss: 1.872109, L1(Flow): 1.726574, Reg: 0.145535
Iter 330 of 338 Loss: 1.852174, L1(Flow): 1.719558, Reg: 0.132615
Epoch 39 Loss: 1.919868
Epoch 39 Validation: Mean EPE: 3.2245, Mean SSIM: 0.3694, Mean ZNCC: 0.6341
--> Saved to Top 5 best models (EPE: 3.2245)
--> New absolute BEST model updated with EPE: 3.2245
Epoch 40 starts
Iter 10 of 338 Loss: 1.952581, L1(Flow): 1.803650, Reg: 0.148932
Iter 20 of 338 Loss: 1.951004, L1(Flow): 1.806764, Reg: 0.144240
Iter 30 of 338 Loss: 1.800278, L1(Flow): 1.683851, Reg: 0.116427
Iter 40 of 338 Loss: 1.941489, L1(Flow): 1.792092, Reg: 0.149397
Iter 50 of 338 Loss: 1.917482, L1(Flow): 1.781416, Reg: 0.136066
Iter 60 of 338 Loss: 1.856520, L1(Flow): 1.722578, Reg: 0.133942
Iter 70 of 338 Loss: 1.962335, L1(Flow): 1.813536, Reg: 0.148799
Iter 80 of 338 Loss: 1.867774, L1(Flow): 1.735599, Reg: 0.132175
Iter 90 of 338 Loss: 1.925224, L1(Flow): 1.779724, Reg: 0.145500
Iter 100 of 338 Loss: 1.965750, L1(Flow): 1.814703, Reg: 0.151047
Iter 110 of 338 Loss: 1.786610, L1(Flow): 1.656920, Reg: 0.129690
Iter 120 of 338 Loss: 1.797082, L1(Flow): 1.665154, Reg: 0.131928
Iter 130 of 338 Loss: 1.841404, L1(Flow): 1.695530, Reg: 0.145874
Iter 140 of 338 Loss: 1.974777, L1(Flow): 1.812456, Reg: 0.162322
Iter 150 of 338 Loss: 2.014705, L1(Flow): 1.852459, Reg: 0.162246
Iter 160 of 338 Loss: 2.090742, L1(Flow): 1.930621, Reg: 0.160121
Iter 170 of 338 Loss: 1.770066, L1(Flow): 1.634434, Reg: 0.135632
Iter 180 of 338 Loss: 1.719347, L1(Flow): 1.591033, Reg: 0.128314
Iter 190 of 338 Loss: 1.872856, L1(Flow): 1.729518, Reg: 0.143338
Iter 200 of 338 Loss: 1.914414, L1(Flow): 1.774254, Reg: 0.140160
Iter 210 of 338 Loss: 1.846860, L1(Flow): 1.705696, Reg: 0.141164
Iter 220 of 338 Loss: 1.924540, L1(Flow): 1.780406, Reg: 0.144134
Iter 230 of 338 Loss: 1.815615, L1(Flow): 1.692238, Reg: 0.123377
Iter 240 of 338 Loss: 1.940664, L1(Flow): 1.798703, Reg: 0.141961
Iter 250 of 338 Loss: 1.960696, L1(Flow): 1.818849, Reg: 0.141848
Iter 260 of 338 Loss: 1.957086, L1(Flow): 1.799128, Reg: 0.157958
Iter 270 of 338 Loss: 1.986621, L1(Flow): 1.836984, Reg: 0.149637
Iter 280 of 338 Loss: 1.761856, L1(Flow): 1.650845, Reg: 0.111012
Iter 290 of 338 Loss: 1.898383, L1(Flow): 1.748345, Reg: 0.150037
Iter 300 of 338 Loss: 1.821064, L1(Flow): 1.686115, Reg: 0.134949
Iter 310 of 338 Loss: 1.895885, L1(Flow): 1.763463, Reg: 0.132423
Iter 320 of 338 Loss: 1.816023, L1(Flow): 1.680254, Reg: 0.135768
Iter 330 of 338 Loss: 1.917764, L1(Flow): 1.765395, Reg: 0.152369
Epoch 40 Loss: 1.897618
Epoch 40 Validation: Mean EPE: 3.1880, Mean SSIM: 0.3709, Mean ZNCC: 0.6347
--> Saved to Top 5 best models (EPE: 3.1880)
--> New absolute BEST model updated with EPE: 3.1880
Epoch 41 starts
Iter 10 of 338 Loss: 1.799328, L1(Flow): 1.657045, Reg: 0.142283
Iter 20 of 338 Loss: 1.970786, L1(Flow): 1.827042, Reg: 0.143744
Iter 30 of 338 Loss: 1.767723, L1(Flow): 1.630653, Reg: 0.137069
Iter 40 of 338 Loss: 1.675409, L1(Flow): 1.550525, Reg: 0.124883
Iter 50 of 338 Loss: 2.049966, L1(Flow): 1.895273, Reg: 0.154693
Iter 60 of 338 Loss: 1.964149, L1(Flow): 1.811403, Reg: 0.152746
Iter 70 of 338 Loss: 1.840635, L1(Flow): 1.703581, Reg: 0.137054
Iter 80 of 338 Loss: 1.763084, L1(Flow): 1.642637, Reg: 0.120447
Iter 90 of 338 Loss: 2.054322, L1(Flow): 1.906947, Reg: 0.147375
Iter 100 of 338 Loss: 1.894282, L1(Flow): 1.753622, Reg: 0.140660
Iter 110 of 338 Loss: 1.850278, L1(Flow): 1.726624, Reg: 0.123654
Iter 120 of 338 Loss: 1.876715, L1(Flow): 1.731292, Reg: 0.145423
Iter 130 of 338 Loss: 1.921505, L1(Flow): 1.780177, Reg: 0.141328
Iter 140 of 338 Loss: 1.898474, L1(Flow): 1.746755, Reg: 0.151719
Iter 150 of 338 Loss: 1.901012, L1(Flow): 1.770421, Reg: 0.130591
Iter 160 of 338 Loss: 1.986922, L1(Flow): 1.848373, Reg: 0.138549
Iter 170 of 338 Loss: 1.861320, L1(Flow): 1.717544, Reg: 0.143776
Iter 180 of 338 Loss: 1.880409, L1(Flow): 1.742650, Reg: 0.137758
Iter 190 of 338 Loss: 2.071305, L1(Flow): 1.910058, Reg: 0.161247
Iter 200 of 338 Loss: 1.863104, L1(Flow): 1.721418, Reg: 0.141686
Iter 210 of 338 Loss: 1.901954, L1(Flow): 1.756708, Reg: 0.145246
Iter 220 of 338 Loss: 1.898619, L1(Flow): 1.764256, Reg: 0.134363
Iter 230 of 338 Loss: 1.900899, L1(Flow): 1.753640, Reg: 0.147259
Iter 240 of 338 Loss: 1.823484, L1(Flow): 1.684533, Reg: 0.138951
Iter 250 of 338 Loss: 1.830674, L1(Flow): 1.704748, Reg: 0.125926
Iter 260 of 338 Loss: 1.746508, L1(Flow): 1.596171, Reg: 0.150337
Iter 270 of 338 Loss: 1.766027, L1(Flow): 1.650389, Reg: 0.115638
Iter 280 of 338 Loss: 1.987430, L1(Flow): 1.850285, Reg: 0.137145
Iter 290 of 338 Loss: 1.768904, L1(Flow): 1.628155, Reg: 0.140749
Iter 300 of 338 Loss: 1.739672, L1(Flow): 1.618058, Reg: 0.121614
Iter 310 of 338 Loss: 1.848485, L1(Flow): 1.715321, Reg: 0.133164
Iter 320 of 338 Loss: 1.837831, L1(Flow): 1.697703, Reg: 0.140127
Iter 330 of 338 Loss: 1.879204, L1(Flow): 1.742910, Reg: 0.136294
Epoch 41 Loss: 1.872554
Epoch 41 Validation: Mean EPE: 3.1986, Mean SSIM: 0.3713, Mean ZNCC: 0.6348
--> Saved to Top 5 best models (EPE: 3.1986)
Epoch 42 starts
Iter 10 of 338 Loss: 1.847442, L1(Flow): 1.705202, Reg: 0.142240
Iter 20 of 338 Loss: 1.781723, L1(Flow): 1.663639, Reg: 0.118084
Iter 30 of 338 Loss: 1.874097, L1(Flow): 1.742712, Reg: 0.131384
Iter 40 of 338 Loss: 1.773778, L1(Flow): 1.640348, Reg: 0.133431
Iter 50 of 338 Loss: 1.828872, L1(Flow): 1.683937, Reg: 0.144935
Iter 60 of 338 Loss: 1.780632, L1(Flow): 1.638747, Reg: 0.141884
Iter 70 of 338 Loss: 1.859458, L1(Flow): 1.715420, Reg: 0.144038
Iter 80 of 338 Loss: 1.886253, L1(Flow): 1.748114, Reg: 0.138138
Iter 90 of 338 Loss: 1.982930, L1(Flow): 1.835189, Reg: 0.147741
Iter 100 of 338 Loss: 1.710314, L1(Flow): 1.591406, Reg: 0.118907
Iter 110 of 338 Loss: 1.943329, L1(Flow): 1.801245, Reg: 0.142084
Iter 120 of 338 Loss: 1.914338, L1(Flow): 1.752978, Reg: 0.161360
Iter 130 of 338 Loss: 1.759403, L1(Flow): 1.639997, Reg: 0.119406
Iter 140 of 338 Loss: 1.859581, L1(Flow): 1.726381, Reg: 0.133200
Iter 150 of 338 Loss: 2.012830, L1(Flow): 1.854826, Reg: 0.158004
Iter 160 of 338 Loss: 1.966532, L1(Flow): 1.812231, Reg: 0.154301
Iter 170 of 338 Loss: 1.821561, L1(Flow): 1.683861, Reg: 0.137700
Iter 180 of 338 Loss: 1.815627, L1(Flow): 1.686063, Reg: 0.129564
Iter 190 of 338 Loss: 1.743895, L1(Flow): 1.616568, Reg: 0.127328
Iter 200 of 338 Loss: 1.755104, L1(Flow): 1.629539, Reg: 0.125565
Iter 210 of 338 Loss: 1.899902, L1(Flow): 1.751661, Reg: 0.148241
Iter 220 of 338 Loss: 1.759531, L1(Flow): 1.628597, Reg: 0.130933
Iter 230 of 338 Loss: 1.741749, L1(Flow): 1.618744, Reg: 0.123005
Iter 240 of 338 Loss: 2.086999, L1(Flow): 1.924857, Reg: 0.162141
Iter 250 of 338 Loss: 1.777707, L1(Flow): 1.662365, Reg: 0.115342
Iter 260 of 338 Loss: 1.864827, L1(Flow): 1.725632, Reg: 0.139194
Iter 270 of 338 Loss: 1.721684, L1(Flow): 1.600378, Reg: 0.121306
Iter 280 of 338 Loss: 1.759604, L1(Flow): 1.622455, Reg: 0.137148
Iter 290 of 338 Loss: 1.784706, L1(Flow): 1.660635, Reg: 0.124071
Iter 300 of 338 Loss: 1.950102, L1(Flow): 1.792051, Reg: 0.158051
Iter 310 of 338 Loss: 1.936392, L1(Flow): 1.790341, Reg: 0.146051
Iter 320 of 338 Loss: 1.744915, L1(Flow): 1.605065, Reg: 0.139851
Iter 330 of 338 Loss: 1.820225, L1(Flow): 1.698857, Reg: 0.121367
Epoch 42 Loss: 1.851882
Epoch 42 Validation: Mean EPE: 3.1977, Mean SSIM: 0.3705, Mean ZNCC: 0.6348
--> Saved to Top 5 best models (EPE: 3.1977)
Epoch 43 starts
Iter 10 of 338 Loss: 1.861132, L1(Flow): 1.722607, Reg: 0.138525
Iter 20 of 338 Loss: 1.905255, L1(Flow): 1.766207, Reg: 0.139048
Iter 30 of 338 Loss: 1.707813, L1(Flow): 1.575688, Reg: 0.132125
Iter 40 of 338 Loss: 1.775324, L1(Flow): 1.653056, Reg: 0.122268
Iter 50 of 338 Loss: 1.827234, L1(Flow): 1.672457, Reg: 0.154778
Iter 60 of 338 Loss: 1.853816, L1(Flow): 1.713369, Reg: 0.140447
Iter 70 of 338 Loss: 1.860110, L1(Flow): 1.717718, Reg: 0.142392
Iter 80 of 338 Loss: 1.851270, L1(Flow): 1.707983, Reg: 0.143288
Iter 90 of 338 Loss: 1.897151, L1(Flow): 1.762372, Reg: 0.134779
Iter 100 of 338 Loss: 1.670312, L1(Flow): 1.552557, Reg: 0.117755
Iter 110 of 338 Loss: 1.858750, L1(Flow): 1.717221, Reg: 0.141529
Iter 120 of 338 Loss: 1.701919, L1(Flow): 1.575046, Reg: 0.126874
Iter 130 of 338 Loss: 1.887889, L1(Flow): 1.733819, Reg: 0.154070
Iter 140 of 338 Loss: 1.768057, L1(Flow): 1.631792, Reg: 0.136265
Iter 150 of 338 Loss: 2.000923, L1(Flow): 1.848974, Reg: 0.151949
Iter 160 of 338 Loss: 2.026021, L1(Flow): 1.883299, Reg: 0.142722
Iter 170 of 338 Loss: 1.848824, L1(Flow): 1.717649, Reg: 0.131175
Iter 180 of 338 Loss: 1.762645, L1(Flow): 1.631237, Reg: 0.131408
Iter 190 of 338 Loss: 1.822674, L1(Flow): 1.689395, Reg: 0.133279
Iter 200 of 338 Loss: 1.972539, L1(Flow): 1.808821, Reg: 0.163719
Iter 210 of 338 Loss: 1.895716, L1(Flow): 1.747590, Reg: 0.148126
Iter 220 of 338 Loss: 1.668850, L1(Flow): 1.546293, Reg: 0.122557
Iter 230 of 338 Loss: 1.936562, L1(Flow): 1.790629, Reg: 0.145934
Iter 240 of 338 Loss: 1.781835, L1(Flow): 1.652036, Reg: 0.129799
Iter 250 of 338 Loss: 1.810338, L1(Flow): 1.676978, Reg: 0.133360
Iter 260 of 338 Loss: 1.906934, L1(Flow): 1.769902, Reg: 0.137033
Iter 270 of 338 Loss: 1.827134, L1(Flow): 1.685618, Reg: 0.141516
Iter 280 of 338 Loss: 1.756297, L1(Flow): 1.621660, Reg: 0.134637
Iter 290 of 338 Loss: 1.716651, L1(Flow): 1.600188, Reg: 0.116463
Iter 300 of 338 Loss: 1.851055, L1(Flow): 1.707883, Reg: 0.143173
Iter 310 of 338 Loss: 1.897038, L1(Flow): 1.749108, Reg: 0.147930
Iter 320 of 338 Loss: 1.914250, L1(Flow): 1.775944, Reg: 0.138307
Iter 330 of 338 Loss: 1.795473, L1(Flow): 1.665829, Reg: 0.129643
Epoch 43 Loss: 1.834760
Epoch 43 Validation: Mean EPE: 3.1457, Mean SSIM: 0.3721, Mean ZNCC: 0.6357
--> Saved to Top 5 best models (EPE: 3.1457)
--> New absolute BEST model updated with EPE: 3.1457
Epoch 44 starts
Iter 10 of 338 Loss: 1.739478, L1(Flow): 1.612193, Reg: 0.127286
Iter 20 of 338 Loss: 1.799974, L1(Flow): 1.669607, Reg: 0.130367
Iter 30 of 338 Loss: 1.771253, L1(Flow): 1.636506, Reg: 0.134747
Iter 40 of 338 Loss: 1.790231, L1(Flow): 1.644382, Reg: 0.145849
Iter 50 of 338 Loss: 1.922996, L1(Flow): 1.770811, Reg: 0.152185
Iter 60 of 338 Loss: 1.747110, L1(Flow): 1.614129, Reg: 0.132981
Iter 70 of 338 Loss: 1.746485, L1(Flow): 1.626213, Reg: 0.120271
Iter 80 of 338 Loss: 1.824105, L1(Flow): 1.688493, Reg: 0.135612
Iter 90 of 338 Loss: 1.845982, L1(Flow): 1.701950, Reg: 0.144032
Iter 100 of 338 Loss: 1.839191, L1(Flow): 1.707434, Reg: 0.131757
Iter 110 of 338 Loss: 1.705841, L1(Flow): 1.570189, Reg: 0.135653
Iter 120 of 338 Loss: 1.909764, L1(Flow): 1.765826, Reg: 0.143937
Iter 130 of 338 Loss: 1.859781, L1(Flow): 1.721956, Reg: 0.137824
Iter 140 of 338 Loss: 1.917395, L1(Flow): 1.781039, Reg: 0.136355
Iter 150 of 338 Loss: 1.821782, L1(Flow): 1.681770, Reg: 0.140012
Iter 160 of 338 Loss: 1.847103, L1(Flow): 1.711688, Reg: 0.135416
Iter 170 of 338 Loss: 1.770070, L1(Flow): 1.639445, Reg: 0.130624
Iter 180 of 338 Loss: 1.821920, L1(Flow): 1.688408, Reg: 0.133512
Iter 190 of 338 Loss: 1.760872, L1(Flow): 1.633125, Reg: 0.127748
Iter 200 of 338 Loss: 1.923232, L1(Flow): 1.783868, Reg: 0.139364
Iter 210 of 338 Loss: 1.812283, L1(Flow): 1.671244, Reg: 0.141040
Iter 220 of 338 Loss: 1.769664, L1(Flow): 1.642684, Reg: 0.126981
Iter 230 of 338 Loss: 1.861407, L1(Flow): 1.725293, Reg: 0.136114
Iter 240 of 338 Loss: 1.678503, L1(Flow): 1.555047, Reg: 0.123456
Iter 250 of 338 Loss: 1.878337, L1(Flow): 1.734009, Reg: 0.144327
Iter 260 of 338 Loss: 1.822289, L1(Flow): 1.679908, Reg: 0.142382
Iter 270 of 338 Loss: 1.712037, L1(Flow): 1.590119, Reg: 0.121917
Iter 280 of 338 Loss: 1.800936, L1(Flow): 1.675454, Reg: 0.125482
Iter 290 of 338 Loss: 1.884120, L1(Flow): 1.742048, Reg: 0.142071
Iter 300 of 338 Loss: 1.941333, L1(Flow): 1.788373, Reg: 0.152960
Iter 310 of 338 Loss: 1.635165, L1(Flow): 1.521638, Reg: 0.113527
Iter 320 of 338 Loss: 1.909083, L1(Flow): 1.772149, Reg: 0.136934
Iter 330 of 338 Loss: 1.860421, L1(Flow): 1.736138, Reg: 0.124284
Epoch 44 Loss: 1.810274
Epoch 44 Validation: Mean EPE: 3.1639, Mean SSIM: 0.3715, Mean ZNCC: 0.6355
--> Saved to Top 5 best models (EPE: 3.1639)
Epoch 45 starts
Iter 10 of 338 Loss: 1.835137, L1(Flow): 1.700338, Reg: 0.134799
Iter 20 of 338 Loss: 1.833983, L1(Flow): 1.685941, Reg: 0.148042
Iter 30 of 338 Loss: 1.813178, L1(Flow): 1.686616, Reg: 0.126562
Iter 40 of 338 Loss: 1.810207, L1(Flow): 1.656789, Reg: 0.153419
Iter 50 of 338 Loss: 1.641904, L1(Flow): 1.523054, Reg: 0.118850
Iter 60 of 338 Loss: 1.780447, L1(Flow): 1.644376, Reg: 0.136071
Iter 70 of 338 Loss: 1.953976, L1(Flow): 1.800032, Reg: 0.153944
Iter 80 of 338 Loss: 1.796755, L1(Flow): 1.658380, Reg: 0.138374
Iter 90 of 338 Loss: 1.827558, L1(Flow): 1.685299, Reg: 0.142258
Iter 100 of 338 Loss: 1.754292, L1(Flow): 1.635756, Reg: 0.118536
Iter 110 of 338 Loss: 1.730742, L1(Flow): 1.603198, Reg: 0.127544
Iter 120 of 338 Loss: 1.718778, L1(Flow): 1.603437, Reg: 0.115341
Iter 130 of 338 Loss: 1.880247, L1(Flow): 1.730545, Reg: 0.149701
Iter 140 of 338 Loss: 1.760672, L1(Flow): 1.622988, Reg: 0.137684
Iter 150 of 338 Loss: 1.756634, L1(Flow): 1.623255, Reg: 0.133379
Iter 160 of 338 Loss: 1.833897, L1(Flow): 1.698817, Reg: 0.135080
Iter 170 of 338 Loss: 1.767003, L1(Flow): 1.647978, Reg: 0.119025
Iter 180 of 338 Loss: 1.817211, L1(Flow): 1.678063, Reg: 0.139148
Iter 190 of 338 Loss: 1.844749, L1(Flow): 1.704666, Reg: 0.140083
Iter 200 of 338 Loss: 1.776845, L1(Flow): 1.647540, Reg: 0.129305
Iter 210 of 338 Loss: 1.872190, L1(Flow): 1.740918, Reg: 0.131272
Iter 220 of 338 Loss: 1.798576, L1(Flow): 1.654469, Reg: 0.144108
Iter 230 of 338 Loss: 1.886642, L1(Flow): 1.741364, Reg: 0.145278
Iter 240 of 338 Loss: 1.834553, L1(Flow): 1.689137, Reg: 0.145415
Iter 250 of 338 Loss: 1.733057, L1(Flow): 1.601406, Reg: 0.131651
Iter 260 of 338 Loss: 1.739086, L1(Flow): 1.607812, Reg: 0.131274
Iter 270 of 338 Loss: 1.899938, L1(Flow): 1.758916, Reg: 0.141022
Iter 280 of 338 Loss: 1.667246, L1(Flow): 1.549494, Reg: 0.117751
Iter 290 of 338 Loss: 1.725643, L1(Flow): 1.589305, Reg: 0.136339
Iter 300 of 338 Loss: 2.007318, L1(Flow): 1.847686, Reg: 0.159633
Iter 310 of 338 Loss: 1.826289, L1(Flow): 1.695006, Reg: 0.131283
Iter 320 of 338 Loss: 1.840666, L1(Flow): 1.699313, Reg: 0.141353
Iter 330 of 338 Loss: 1.865449, L1(Flow): 1.744908, Reg: 0.120541
Epoch 45 Loss: 1.794774
Epoch 45 Validation: Mean EPE: 3.1261, Mean SSIM: 0.3725, Mean ZNCC: 0.6361
--> Saved to Top 5 best models (EPE: 3.1261)
--> New absolute BEST model updated with EPE: 3.1261
Epoch 46 starts
Iter 10 of 338 Loss: 1.815460, L1(Flow): 1.669667, Reg: 0.145792
Iter 20 of 338 Loss: 1.762922, L1(Flow): 1.624669, Reg: 0.138253
Iter 30 of 338 Loss: 1.779118, L1(Flow): 1.645740, Reg: 0.133378
Iter 40 of 338 Loss: 1.770419, L1(Flow): 1.633585, Reg: 0.136835
Iter 50 of 338 Loss: 1.962864, L1(Flow): 1.805137, Reg: 0.157727
Iter 60 of 338 Loss: 1.673403, L1(Flow): 1.549241, Reg: 0.124162
Iter 70 of 338 Loss: 1.758898, L1(Flow): 1.621939, Reg: 0.136959
Iter 80 of 338 Loss: 1.760664, L1(Flow): 1.618808, Reg: 0.141855
Iter 90 of 338 Loss: 1.769274, L1(Flow): 1.634405, Reg: 0.134870
Iter 100 of 338 Loss: 1.822753, L1(Flow): 1.668754, Reg: 0.153999
Iter 110 of 338 Loss: 1.859522, L1(Flow): 1.718222, Reg: 0.141300
Iter 120 of 338 Loss: 1.670791, L1(Flow): 1.543071, Reg: 0.127719
Iter 130 of 338 Loss: 1.748562, L1(Flow): 1.604339, Reg: 0.144223
Iter 140 of 338 Loss: 1.805238, L1(Flow): 1.669792, Reg: 0.135447
Iter 150 of 338 Loss: 1.824620, L1(Flow): 1.689850, Reg: 0.134770
Iter 160 of 338 Loss: 1.758971, L1(Flow): 1.617837, Reg: 0.141134
Iter 170 of 338 Loss: 1.870998, L1(Flow): 1.728809, Reg: 0.142188
Iter 180 of 338 Loss: 1.707332, L1(Flow): 1.588600, Reg: 0.118732
Iter 190 of 338 Loss: 1.845310, L1(Flow): 1.704083, Reg: 0.141227
Iter 200 of 338 Loss: 1.742668, L1(Flow): 1.605226, Reg: 0.137442
Iter 210 of 338 Loss: 1.867536, L1(Flow): 1.725201, Reg: 0.142335
Iter 220 of 338 Loss: 1.772185, L1(Flow): 1.628829, Reg: 0.143356
Iter 230 of 338 Loss: 1.808320, L1(Flow): 1.671347, Reg: 0.136972
Iter 240 of 338 Loss: 1.853707, L1(Flow): 1.704431, Reg: 0.149276
Iter 250 of 338 Loss: 1.749690, L1(Flow): 1.616452, Reg: 0.133237
Iter 260 of 338 Loss: 1.698950, L1(Flow): 1.558321, Reg: 0.140629
Iter 270 of 338 Loss: 1.857080, L1(Flow): 1.706707, Reg: 0.150372
Iter 280 of 338 Loss: 1.657005, L1(Flow): 1.530965, Reg: 0.126041
Iter 290 of 338 Loss: 1.779302, L1(Flow): 1.639534, Reg: 0.139767
Iter 300 of 338 Loss: 1.827221, L1(Flow): 1.685635, Reg: 0.141586
Iter 310 of 338 Loss: 1.816066, L1(Flow): 1.687607, Reg: 0.128459
Iter 320 of 338 Loss: 1.594890, L1(Flow): 1.488928, Reg: 0.105962
Iter 330 of 338 Loss: 1.837179, L1(Flow): 1.692512, Reg: 0.144667
Epoch 46 Loss: 1.769236
Epoch 46 Validation: Mean EPE: 3.1173, Mean SSIM: 0.3729, Mean ZNCC: 0.6365
--> Saved to Top 5 best models (EPE: 3.1173)
--> New absolute BEST model updated with EPE: 3.1173
Epoch 47 starts
Iter 10 of 338 Loss: 1.698595, L1(Flow): 1.574470, Reg: 0.124125
Iter 20 of 338 Loss: 1.706483, L1(Flow): 1.581229, Reg: 0.125254
Iter 30 of 338 Loss: 1.841099, L1(Flow): 1.711308, Reg: 0.129791
Iter 40 of 338 Loss: 1.794142, L1(Flow): 1.639246, Reg: 0.154896
Iter 50 of 338 Loss: 1.791534, L1(Flow): 1.634482, Reg: 0.157051
Iter 60 of 338 Loss: 1.753932, L1(Flow): 1.602763, Reg: 0.151169
Iter 70 of 338 Loss: 1.734990, L1(Flow): 1.606004, Reg: 0.128986
Iter 80 of 338 Loss: 1.744399, L1(Flow): 1.613183, Reg: 0.131216
Iter 90 of 338 Loss: 1.705219, L1(Flow): 1.576621, Reg: 0.128598
Iter 100 of 338 Loss: 1.775533, L1(Flow): 1.632464, Reg: 0.143069
Iter 110 of 338 Loss: 1.644891, L1(Flow): 1.529389, Reg: 0.115502
Iter 120 of 338 Loss: 1.751684, L1(Flow): 1.614248, Reg: 0.137436
Iter 130 of 338 Loss: 1.680820, L1(Flow): 1.553730, Reg: 0.127091
Iter 140 of 338 Loss: 1.619238, L1(Flow): 1.508682, Reg: 0.110556
Iter 150 of 338 Loss: 1.682564, L1(Flow): 1.560171, Reg: 0.122393
Iter 160 of 338 Loss: 1.704038, L1(Flow): 1.567323, Reg: 0.136714
Iter 170 of 338 Loss: 1.672286, L1(Flow): 1.536963, Reg: 0.135323
Iter 180 of 338 Loss: 1.712726, L1(Flow): 1.573502, Reg: 0.139224
Iter 190 of 338 Loss: 1.764897, L1(Flow): 1.618981, Reg: 0.145916
Iter 200 of 338 Loss: 1.652662, L1(Flow): 1.529000, Reg: 0.123662
Iter 210 of 338 Loss: 1.651184, L1(Flow): 1.534751, Reg: 0.116433
Iter 220 of 338 Loss: 1.851709, L1(Flow): 1.709391, Reg: 0.142318
Iter 230 of 338 Loss: 1.717480, L1(Flow): 1.583356, Reg: 0.134124
Iter 240 of 338 Loss: 1.679058, L1(Flow): 1.527177, Reg: 0.151881
Iter 250 of 338 Loss: 1.812165, L1(Flow): 1.674266, Reg: 0.137900
Iter 260 of 338 Loss: 1.746291, L1(Flow): 1.611220, Reg: 0.135071
Iter 270 of 338 Loss: 1.761066, L1(Flow): 1.626377, Reg: 0.134689
Iter 280 of 338 Loss: 1.748417, L1(Flow): 1.618697, Reg: 0.129720
Iter 290 of 338 Loss: 1.785113, L1(Flow): 1.650669, Reg: 0.134444
Iter 300 of 338 Loss: 1.777175, L1(Flow): 1.641836, Reg: 0.135339
Iter 310 of 338 Loss: 1.833286, L1(Flow): 1.678254, Reg: 0.155032
Iter 320 of 338 Loss: 1.756453, L1(Flow): 1.637585, Reg: 0.118867
Iter 330 of 338 Loss: 1.798582, L1(Flow): 1.661377, Reg: 0.137205
Epoch 47 Loss: 1.744648
Epoch 47 Validation: Mean EPE: 3.1026, Mean SSIM: 0.3750, Mean ZNCC: 0.6372
--> Saved to Top 5 best models (EPE: 3.1026)
--> New absolute BEST model updated with EPE: 3.1026
Epoch 48 starts
Iter 10 of 338 Loss: 1.731833, L1(Flow): 1.601479, Reg: 0.130354
Iter 20 of 338 Loss: 1.742378, L1(Flow): 1.619583, Reg: 0.122794
Iter 30 of 338 Loss: 1.729748, L1(Flow): 1.611661, Reg: 0.118087
Iter 40 of 338 Loss: 1.813141, L1(Flow): 1.674699, Reg: 0.138441
Iter 50 of 338 Loss: 1.705697, L1(Flow): 1.567556, Reg: 0.138141
Iter 60 of 338 Loss: 1.676661, L1(Flow): 1.543440, Reg: 0.133220
Iter 70 of 338 Loss: 1.768592, L1(Flow): 1.628353, Reg: 0.140239
Iter 80 of 338 Loss: 1.693911, L1(Flow): 1.558803, Reg: 0.135108
Iter 90 of 338 Loss: 1.766610, L1(Flow): 1.631555, Reg: 0.135055
Iter 100 of 338 Loss: 1.813508, L1(Flow): 1.687046, Reg: 0.126462
Iter 110 of 338 Loss: 1.707645, L1(Flow): 1.563978, Reg: 0.143667
Iter 120 of 338 Loss: 1.751737, L1(Flow): 1.617633, Reg: 0.134105
Iter 130 of 338 Loss: 1.784006, L1(Flow): 1.648448, Reg: 0.135557
Iter 140 of 338 Loss: 1.724209, L1(Flow): 1.578579, Reg: 0.145630
Iter 150 of 338 Loss: 1.841750, L1(Flow): 1.700800, Reg: 0.140951
Iter 160 of 338 Loss: 1.661058, L1(Flow): 1.546867, Reg: 0.114191
Iter 170 of 338 Loss: 1.768630, L1(Flow): 1.629089, Reg: 0.139541
Iter 180 of 338 Loss: 1.847407, L1(Flow): 1.701825, Reg: 0.145581
Iter 190 of 338 Loss: 1.684221, L1(Flow): 1.551848, Reg: 0.132373
Iter 200 of 338 Loss: 1.812440, L1(Flow): 1.659489, Reg: 0.152951
Iter 210 of 338 Loss: 1.792898, L1(Flow): 1.664187, Reg: 0.128712
Iter 220 of 338 Loss: 1.783414, L1(Flow): 1.645388, Reg: 0.138026
Iter 230 of 338 Loss: 1.667279, L1(Flow): 1.537221, Reg: 0.130059
Iter 240 of 338 Loss: 1.747827, L1(Flow): 1.616098, Reg: 0.131728
Iter 250 of 338 Loss: 1.826284, L1(Flow): 1.671469, Reg: 0.154815
Iter 260 of 338 Loss: 1.795475, L1(Flow): 1.662700, Reg: 0.132775
Iter 270 of 338 Loss: 1.692005, L1(Flow): 1.564140, Reg: 0.127866
Iter 280 of 338 Loss: 1.773019, L1(Flow): 1.636831, Reg: 0.136188
Iter 290 of 338 Loss: 1.691290, L1(Flow): 1.568457, Reg: 0.122832
Iter 300 of 338 Loss: 1.711437, L1(Flow): 1.575246, Reg: 0.136191
Iter 310 of 338 Loss: 1.767668, L1(Flow): 1.637421, Reg: 0.130247
Iter 320 of 338 Loss: 1.771604, L1(Flow): 1.637655, Reg: 0.133949
Iter 330 of 338 Loss: 1.858190, L1(Flow): 1.716841, Reg: 0.141349
Epoch 48 Loss: 1.736250
Epoch 48 Validation: Mean EPE: 3.0666, Mean SSIM: 0.3754, Mean ZNCC: 0.6379
--> Saved to Top 5 best models (EPE: 3.0666)
--> New absolute BEST model updated with EPE: 3.0666
Epoch 49 starts
Iter 10 of 338 Loss: 1.684485, L1(Flow): 1.554969, Reg: 0.129516
Iter 20 of 338 Loss: 1.644574, L1(Flow): 1.522063, Reg: 0.122511
Iter 30 of 338 Loss: 1.793010, L1(Flow): 1.658661, Reg: 0.134349
Iter 40 of 338 Loss: 1.708939, L1(Flow): 1.584557, Reg: 0.124382
Iter 50 of 338 Loss: 1.667996, L1(Flow): 1.544708, Reg: 0.123288
Iter 60 of 338 Loss: 1.674711, L1(Flow): 1.539373, Reg: 0.135339
Iter 70 of 338 Loss: 1.615709, L1(Flow): 1.495288, Reg: 0.120421
Iter 80 of 338 Loss: 1.704018, L1(Flow): 1.584311, Reg: 0.119708
Iter 90 of 338 Loss: 1.683467, L1(Flow): 1.551312, Reg: 0.132155
Iter 100 of 338 Loss: 1.691026, L1(Flow): 1.555693, Reg: 0.135333
Iter 110 of 338 Loss: 1.750442, L1(Flow): 1.618214, Reg: 0.132228
Iter 120 of 338 Loss: 1.873686, L1(Flow): 1.723199, Reg: 0.150487
Iter 130 of 338 Loss: 1.693759, L1(Flow): 1.560804, Reg: 0.132954
Iter 140 of 338 Loss: 1.688841, L1(Flow): 1.565716, Reg: 0.123125
Iter 150 of 338 Loss: 1.652960, L1(Flow): 1.526834, Reg: 0.126126
Iter 160 of 338 Loss: 1.662057, L1(Flow): 1.544683, Reg: 0.117374
Iter 170 of 338 Loss: 1.718925, L1(Flow): 1.585225, Reg: 0.133701
Iter 180 of 338 Loss: 1.758247, L1(Flow): 1.625267, Reg: 0.132981
Iter 190 of 338 Loss: 1.727302, L1(Flow): 1.597879, Reg: 0.129423
Iter 200 of 338 Loss: 1.792115, L1(Flow): 1.645985, Reg: 0.146131
Iter 210 of 338 Loss: 1.682413, L1(Flow): 1.553018, Reg: 0.129395
Iter 220 of 338 Loss: 1.705263, L1(Flow): 1.580776, Reg: 0.124487
Iter 230 of 338 Loss: 1.676548, L1(Flow): 1.547565, Reg: 0.128983
Iter 240 of 338 Loss: 1.737967, L1(Flow): 1.596328, Reg: 0.141639
Iter 250 of 338 Loss: 1.729048, L1(Flow): 1.595458, Reg: 0.133589
Iter 260 of 338 Loss: 1.755136, L1(Flow): 1.630594, Reg: 0.124542
Iter 270 of 338 Loss: 1.727892, L1(Flow): 1.600698, Reg: 0.127195
Iter 280 of 338 Loss: 1.618333, L1(Flow): 1.499890, Reg: 0.118443
Iter 290 of 338 Loss: 1.714200, L1(Flow): 1.587328, Reg: 0.126873
Iter 300 of 338 Loss: 1.698257, L1(Flow): 1.565969, Reg: 0.132288
Iter 310 of 338 Loss: 1.632172, L1(Flow): 1.518900, Reg: 0.113272
Iter 320 of 338 Loss: 1.865765, L1(Flow): 1.729044, Reg: 0.136721
Iter 330 of 338 Loss: 1.673589, L1(Flow): 1.533700, Reg: 0.139889
Epoch 49 Loss: 1.710481
Epoch 49 Validation: Mean EPE: 3.0570, Mean SSIM: 0.3756, Mean ZNCC: 0.6379
--> Saved to Top 5 best models (EPE: 3.0570)
--> New absolute BEST model updated with EPE: 3.0570
Epoch 50 starts
Iter 10 of 338 Loss: 1.705719, L1(Flow): 1.582331, Reg: 0.123387
Iter 20 of 338 Loss: 1.685583, L1(Flow): 1.556028, Reg: 0.129555
Iter 30 of 338 Loss: 1.603649, L1(Flow): 1.483262, Reg: 0.120387
Iter 40 of 338 Loss: 1.677648, L1(Flow): 1.545616, Reg: 0.132032
Iter 50 of 338 Loss: 1.790678, L1(Flow): 1.645027, Reg: 0.145651
Iter 60 of 338 Loss: 1.691144, L1(Flow): 1.548261, Reg: 0.142883
Iter 70 of 338 Loss: 1.778624, L1(Flow): 1.639638, Reg: 0.138986
Iter 80 of 338 Loss: 1.561971, L1(Flow): 1.444204, Reg: 0.117767
Iter 90 of 338 Loss: 1.565375, L1(Flow): 1.447215, Reg: 0.118160
Iter 100 of 338 Loss: 1.643431, L1(Flow): 1.515701, Reg: 0.127730
Iter 110 of 338 Loss: 1.745065, L1(Flow): 1.609987, Reg: 0.135078
Iter 120 of 338 Loss: 1.626628, L1(Flow): 1.500292, Reg: 0.126336
Iter 130 of 338 Loss: 1.704901, L1(Flow): 1.574783, Reg: 0.130118
Iter 140 of 338 Loss: 1.618112, L1(Flow): 1.502472, Reg: 0.115640
Iter 150 of 338 Loss: 1.794972, L1(Flow): 1.654975, Reg: 0.139997
Iter 160 of 338 Loss: 1.630340, L1(Flow): 1.503147, Reg: 0.127193
Iter 170 of 338 Loss: 1.730753, L1(Flow): 1.588651, Reg: 0.142102
Iter 180 of 338 Loss: 1.720650, L1(Flow): 1.592380, Reg: 0.128270
Iter 190 of 338 Loss: 1.666743, L1(Flow): 1.539921, Reg: 0.126822
Iter 200 of 338 Loss: 1.722668, L1(Flow): 1.576196, Reg: 0.146472
Iter 210 of 338 Loss: 1.828364, L1(Flow): 1.696602, Reg: 0.131762
Iter 220 of 338 Loss: 1.728061, L1(Flow): 1.601447, Reg: 0.126614
Iter 230 of 338 Loss: 1.790474, L1(Flow): 1.650751, Reg: 0.139723
Iter 240 of 338 Loss: 1.697291, L1(Flow): 1.567531, Reg: 0.129759
Iter 250 of 338 Loss: 1.689016, L1(Flow): 1.553063, Reg: 0.135953
Iter 260 of 338 Loss: 1.740405, L1(Flow): 1.608275, Reg: 0.132129
Iter 270 of 338 Loss: 1.652499, L1(Flow): 1.529188, Reg: 0.123312
Iter 280 of 338 Loss: 1.758783, L1(Flow): 1.616577, Reg: 0.142206
Iter 290 of 338 Loss: 1.679232, L1(Flow): 1.545964, Reg: 0.133269
Iter 300 of 338 Loss: 1.692003, L1(Flow): 1.567427, Reg: 0.124577
Iter 310 of 338 Loss: 1.678463, L1(Flow): 1.545598, Reg: 0.132865
Iter 320 of 338 Loss: 1.783373, L1(Flow): 1.639468, Reg: 0.143905
Iter 330 of 338 Loss: 1.739931, L1(Flow): 1.612887, Reg: 0.127044
Epoch 50 Loss: 1.698364
Epoch 50 Validation: Mean EPE: 3.0439, Mean SSIM: 0.3764, Mean ZNCC: 0.6381
--> Saved to Top 5 best models (EPE: 3.0439)
--> New absolute BEST model updated with EPE: 3.0439
Epoch 51 starts
Iter 10 of 338 Loss: 1.649038, L1(Flow): 1.527853, Reg: 0.121186
Iter 20 of 338 Loss: 1.582562, L1(Flow): 1.467407, Reg: 0.115155
Iter 30 of 338 Loss: 1.603583, L1(Flow): 1.477190, Reg: 0.126393
Iter 40 of 338 Loss: 1.777869, L1(Flow): 1.642903, Reg: 0.134966
Iter 50 of 338 Loss: 1.653632, L1(Flow): 1.528953, Reg: 0.124680
Iter 60 of 338 Loss: 1.617610, L1(Flow): 1.493772, Reg: 0.123838
Iter 70 of 338 Loss: 1.682594, L1(Flow): 1.546216, Reg: 0.136378
Iter 80 of 338 Loss: 1.643440, L1(Flow): 1.523298, Reg: 0.120142
Iter 90 of 338 Loss: 1.539957, L1(Flow): 1.430960, Reg: 0.108996
Iter 100 of 338 Loss: 1.736743, L1(Flow): 1.600052, Reg: 0.136691
Iter 110 of 338 Loss: 1.728925, L1(Flow): 1.601301, Reg: 0.127623
Iter 120 of 338 Loss: 1.624991, L1(Flow): 1.502567, Reg: 0.122424
Iter 130 of 338 Loss: 1.595237, L1(Flow): 1.477649, Reg: 0.117588
Iter 140 of 338 Loss: 1.615256, L1(Flow): 1.482734, Reg: 0.132522
Iter 150 of 338 Loss: 1.646120, L1(Flow): 1.527599, Reg: 0.118521
Iter 160 of 338 Loss: 1.634458, L1(Flow): 1.507967, Reg: 0.126491
Iter 170 of 338 Loss: 1.706512, L1(Flow): 1.577606, Reg: 0.128906
Iter 180 of 338 Loss: 1.694660, L1(Flow): 1.561817, Reg: 0.132843
Iter 190 of 338 Loss: 1.641544, L1(Flow): 1.510248, Reg: 0.131296
Iter 200 of 338 Loss: 1.602892, L1(Flow): 1.482876, Reg: 0.120016
Iter 210 of 338 Loss: 1.658924, L1(Flow): 1.531126, Reg: 0.127798
Iter 220 of 338 Loss: 1.710673, L1(Flow): 1.577341, Reg: 0.133332
Iter 230 of 338 Loss: 1.592853, L1(Flow): 1.476335, Reg: 0.116518
Iter 240 of 338 Loss: 1.664403, L1(Flow): 1.539473, Reg: 0.124930
Iter 250 of 338 Loss: 1.638567, L1(Flow): 1.507074, Reg: 0.131494
Iter 260 of 338 Loss: 1.711330, L1(Flow): 1.576246, Reg: 0.135084
Iter 270 of 338 Loss: 1.614839, L1(Flow): 1.492505, Reg: 0.122333
Iter 280 of 338 Loss: 1.535468, L1(Flow): 1.431016, Reg: 0.104452
Iter 290 of 338 Loss: 1.695578, L1(Flow): 1.568675, Reg: 0.126903
Iter 300 of 338 Loss: 1.636049, L1(Flow): 1.505189, Reg: 0.130860
Iter 310 of 338 Loss: 1.699921, L1(Flow): 1.577820, Reg: 0.122100
Iter 320 of 338 Loss: 1.655189, L1(Flow): 1.531484, Reg: 0.123705
Iter 330 of 338 Loss: 1.586705, L1(Flow): 1.468936, Reg: 0.117769
Epoch 51 Loss: 1.679313
Epoch 51 Validation: Mean EPE: 3.0585, Mean SSIM: 0.3759, Mean ZNCC: 0.6379
--> Saved to Top 5 best models (EPE: 3.0585)
Epoch 52 starts
Iter 10 of 338 Loss: 1.686399, L1(Flow): 1.551504, Reg: 0.134895
Iter 20 of 338 Loss: 1.578825, L1(Flow): 1.460334, Reg: 0.118490
Iter 30 of 338 Loss: 1.661387, L1(Flow): 1.531677, Reg: 0.129710
Iter 40 of 338 Loss: 1.665697, L1(Flow): 1.536047, Reg: 0.129650
Iter 50 of 338 Loss: 1.640746, L1(Flow): 1.511733, Reg: 0.129013
Iter 60 of 338 Loss: 1.698246, L1(Flow): 1.570185, Reg: 0.128062
Iter 70 of 338 Loss: 1.654536, L1(Flow): 1.526823, Reg: 0.127712
Iter 80 of 338 Loss: 1.666144, L1(Flow): 1.534173, Reg: 0.131971
Iter 90 of 338 Loss: 1.554886, L1(Flow): 1.432933, Reg: 0.121953
Iter 100 of 338 Loss: 1.704692, L1(Flow): 1.561982, Reg: 0.142710
Iter 110 of 338 Loss: 1.725467, L1(Flow): 1.591035, Reg: 0.134432
Iter 120 of 338 Loss: 1.671165, L1(Flow): 1.545762, Reg: 0.125403
Iter 130 of 338 Loss: 1.745332, L1(Flow): 1.612702, Reg: 0.132629
Iter 140 of 338 Loss: 1.677526, L1(Flow): 1.539956, Reg: 0.137570
Iter 150 of 338 Loss: 1.561278, L1(Flow): 1.443298, Reg: 0.117980
Iter 160 of 338 Loss: 1.635662, L1(Flow): 1.511636, Reg: 0.124027
Iter 170 of 338 Loss: 1.670014, L1(Flow): 1.544971, Reg: 0.125043
Iter 180 of 338 Loss: 1.735341, L1(Flow): 1.607959, Reg: 0.127383
Iter 190 of 338 Loss: 1.741920, L1(Flow): 1.595308, Reg: 0.146613
Iter 200 of 338 Loss: 1.652022, L1(Flow): 1.533061, Reg: 0.118961
Iter 210 of 338 Loss: 1.576420, L1(Flow): 1.463220, Reg: 0.113199
Iter 220 of 338 Loss: 1.736796, L1(Flow): 1.597158, Reg: 0.139638
Iter 230 of 338 Loss: 1.554554, L1(Flow): 1.440313, Reg: 0.114241
Iter 240 of 338 Loss: 1.618007, L1(Flow): 1.502360, Reg: 0.115646
Iter 250 of 338 Loss: 1.636772, L1(Flow): 1.515988, Reg: 0.120784
Iter 260 of 338 Loss: 1.737889, L1(Flow): 1.600463, Reg: 0.137426
Iter 270 of 338 Loss: 1.671701, L1(Flow): 1.542820, Reg: 0.128881
Iter 280 of 338 Loss: 1.622725, L1(Flow): 1.504785, Reg: 0.117940
Iter 290 of 338 Loss: 1.755097, L1(Flow): 1.635412, Reg: 0.119685
Iter 300 of 338 Loss: 1.726270, L1(Flow): 1.589451, Reg: 0.136819
Iter 310 of 338 Loss: 1.603225, L1(Flow): 1.475631, Reg: 0.127594
Iter 320 of 338 Loss: 1.662488, L1(Flow): 1.536281, Reg: 0.126207
Iter 330 of 338 Loss: 1.685559, L1(Flow): 1.565845, Reg: 0.119714
Epoch 52 Loss: 1.660208
Epoch 52 Validation: Mean EPE: 3.0337, Mean SSIM: 0.3774, Mean ZNCC: 0.6387
--> Saved to Top 5 best models (EPE: 3.0337)
--> New absolute BEST model updated with EPE: 3.0337
Epoch 53 starts
Iter 10 of 338 Loss: 1.683927, L1(Flow): 1.573708, Reg: 0.110220
Iter 20 of 338 Loss: 1.600738, L1(Flow): 1.472432, Reg: 0.128306
Iter 30 of 338 Loss: 1.630978, L1(Flow): 1.510468, Reg: 0.120509
Iter 40 of 338 Loss: 1.738716, L1(Flow): 1.603143, Reg: 0.135573
Iter 50 of 338 Loss: 1.665091, L1(Flow): 1.542393, Reg: 0.122698
Iter 60 of 338 Loss: 1.638981, L1(Flow): 1.513930, Reg: 0.125050
Iter 70 of 338 Loss: 1.521197, L1(Flow): 1.403034, Reg: 0.118163
Iter 80 of 338 Loss: 1.767592, L1(Flow): 1.630497, Reg: 0.137096
Iter 90 of 338 Loss: 1.705347, L1(Flow): 1.560901, Reg: 0.144446
Iter 100 of 338 Loss: 1.679126, L1(Flow): 1.555161, Reg: 0.123965
Iter 110 of 338 Loss: 1.688585, L1(Flow): 1.554813, Reg: 0.133772
Iter 120 of 338 Loss: 1.613120, L1(Flow): 1.493183, Reg: 0.119937
Iter 130 of 338 Loss: 1.704087, L1(Flow): 1.559996, Reg: 0.144091
Iter 140 of 338 Loss: 1.616836, L1(Flow): 1.491733, Reg: 0.125102
Iter 150 of 338 Loss: 1.500657, L1(Flow): 1.392894, Reg: 0.107763
Iter 160 of 338 Loss: 1.673413, L1(Flow): 1.542023, Reg: 0.131390
Iter 170 of 338 Loss: 1.638157, L1(Flow): 1.521596, Reg: 0.116561
Iter 180 of 338 Loss: 1.530379, L1(Flow): 1.422061, Reg: 0.108318
Iter 190 of 338 Loss: 1.629981, L1(Flow): 1.503225, Reg: 0.126756
Iter 200 of 338 Loss: 1.732870, L1(Flow): 1.604390, Reg: 0.128481
Iter 210 of 338 Loss: 1.663374, L1(Flow): 1.542177, Reg: 0.121198
Iter 220 of 338 Loss: 1.692123, L1(Flow): 1.554198, Reg: 0.137926
Iter 230 of 338 Loss: 1.517807, L1(Flow): 1.411348, Reg: 0.106459
Iter 240 of 338 Loss: 1.682211, L1(Flow): 1.536129, Reg: 0.146082
Iter 250 of 338 Loss: 1.499632, L1(Flow): 1.394730, Reg: 0.104902
Iter 260 of 338 Loss: 1.626544, L1(Flow): 1.515872, Reg: 0.110672
Iter 270 of 338 Loss: 1.682063, L1(Flow): 1.549185, Reg: 0.132878
Iter 280 of 338 Loss: 1.514112, L1(Flow): 1.395880, Reg: 0.118231
Iter 290 of 338 Loss: 1.706357, L1(Flow): 1.576273, Reg: 0.130084
Iter 300 of 338 Loss: 1.630252, L1(Flow): 1.505026, Reg: 0.125226
Iter 310 of 338 Loss: 1.730542, L1(Flow): 1.603672, Reg: 0.126871
Iter 320 of 338 Loss: 1.617110, L1(Flow): 1.490816, Reg: 0.126294
Iter 330 of 338 Loss: 1.658602, L1(Flow): 1.528244, Reg: 0.130358
Epoch 53 Loss: 1.643518
Epoch 53 Validation: Mean EPE: 3.0469, Mean SSIM: 0.3765, Mean ZNCC: 0.6381
--> Saved to Top 5 best models (EPE: 3.0469)
Epoch 54 starts
Iter 10 of 338 Loss: 1.725207, L1(Flow): 1.588607, Reg: 0.136600
Iter 20 of 338 Loss: 1.605272, L1(Flow): 1.485705, Reg: 0.119567
Iter 30 of 338 Loss: 1.636796, L1(Flow): 1.514052, Reg: 0.122745
Iter 40 of 338 Loss: 1.512174, L1(Flow): 1.401432, Reg: 0.110742
Iter 50 of 338 Loss: 1.698481, L1(Flow): 1.569737, Reg: 0.128744
Iter 60 of 338 Loss: 1.601927, L1(Flow): 1.486325, Reg: 0.115602
Iter 70 of 338 Loss: 1.704193, L1(Flow): 1.584395, Reg: 0.119798
Iter 80 of 338 Loss: 1.728802, L1(Flow): 1.601370, Reg: 0.127433
Iter 90 of 338 Loss: 1.692617, L1(Flow): 1.572656, Reg: 0.119961
Iter 100 of 338 Loss: 1.615458, L1(Flow): 1.487732, Reg: 0.127726
Iter 110 of 338 Loss: 1.608795, L1(Flow): 1.484327, Reg: 0.124467
Iter 120 of 338 Loss: 1.636163, L1(Flow): 1.507519, Reg: 0.128644
Iter 130 of 338 Loss: 1.616576, L1(Flow): 1.482248, Reg: 0.134328
Iter 140 of 338 Loss: 1.707342, L1(Flow): 1.569139, Reg: 0.138203
Iter 150 of 338 Loss: 1.588062, L1(Flow): 1.466565, Reg: 0.121496
Iter 160 of 338 Loss: 1.644843, L1(Flow): 1.522387, Reg: 0.122455
Iter 170 of 338 Loss: 1.645102, L1(Flow): 1.512484, Reg: 0.132618
Iter 180 of 338 Loss: 1.612161, L1(Flow): 1.489759, Reg: 0.122402
Iter 190 of 338 Loss: 1.649968, L1(Flow): 1.527136, Reg: 0.122832
Iter 200 of 338 Loss: 1.576159, L1(Flow): 1.470865, Reg: 0.105294
Iter 210 of 338 Loss: 1.692544, L1(Flow): 1.562744, Reg: 0.129800
Iter 220 of 338 Loss: 1.651596, L1(Flow): 1.524653, Reg: 0.126943
Iter 230 of 338 Loss: 1.571807, L1(Flow): 1.457995, Reg: 0.113812
Iter 240 of 338 Loss: 1.617020, L1(Flow): 1.496832, Reg: 0.120188
Iter 250 of 338 Loss: 1.607642, L1(Flow): 1.485646, Reg: 0.121995
Iter 260 of 338 Loss: 1.662517, L1(Flow): 1.534789, Reg: 0.127728
Iter 270 of 338 Loss: 1.570412, L1(Flow): 1.441691, Reg: 0.128722
Iter 280 of 338 Loss: 1.579576, L1(Flow): 1.465274, Reg: 0.114302
Iter 290 of 338 Loss: 1.530148, L1(Flow): 1.418430, Reg: 0.111718
Iter 300 of 338 Loss: 1.597328, L1(Flow): 1.477284, Reg: 0.120044
Iter 310 of 338 Loss: 1.563059, L1(Flow): 1.450827, Reg: 0.112232
Iter 320 of 338 Loss: 1.727086, L1(Flow): 1.589879, Reg: 0.137208
Iter 330 of 338 Loss: 1.672675, L1(Flow): 1.546984, Reg: 0.125691
Epoch 54 Loss: 1.632411
Epoch 54 Validation: Mean EPE: 3.0234, Mean SSIM: 0.3773, Mean ZNCC: 0.6385
--> Saved to Top 5 best models (EPE: 3.0234)
--> New absolute BEST model updated with EPE: 3.0234
Epoch 55 starts
Iter 10 of 338 Loss: 1.574739, L1(Flow): 1.452266, Reg: 0.122473
Iter 20 of 338 Loss: 1.571816, L1(Flow): 1.441085, Reg: 0.130732
Iter 30 of 338 Loss: 1.692545, L1(Flow): 1.563702, Reg: 0.128843
Iter 40 of 338 Loss: 1.549899, L1(Flow): 1.431603, Reg: 0.118296
Iter 50 of 338 Loss: 1.641561, L1(Flow): 1.513985, Reg: 0.127577
Iter 60 of 338 Loss: 1.575482, L1(Flow): 1.460473, Reg: 0.115010
Iter 70 of 338 Loss: 1.656423, L1(Flow): 1.528000, Reg: 0.128423
Iter 80 of 338 Loss: 1.642188, L1(Flow): 1.518765, Reg: 0.123423
Iter 90 of 338 Loss: 1.663146, L1(Flow): 1.544369, Reg: 0.118777
Iter 100 of 338 Loss: 1.670826, L1(Flow): 1.535728, Reg: 0.135098
Iter 110 of 338 Loss: 1.674447, L1(Flow): 1.548545, Reg: 0.125901
Iter 120 of 338 Loss: 1.688685, L1(Flow): 1.551332, Reg: 0.137352
Iter 130 of 338 Loss: 1.647545, L1(Flow): 1.517796, Reg: 0.129748
Iter 140 of 338 Loss: 1.635644, L1(Flow): 1.508605, Reg: 0.127039
Iter 150 of 338 Loss: 1.623558, L1(Flow): 1.489321, Reg: 0.134237
Iter 160 of 338 Loss: 1.482607, L1(Flow): 1.379881, Reg: 0.102726
Iter 170 of 338 Loss: 1.724082, L1(Flow): 1.586369, Reg: 0.137713
Iter 180 of 338 Loss: 1.594451, L1(Flow): 1.481677, Reg: 0.112775
Iter 190 of 338 Loss: 1.631549, L1(Flow): 1.521241, Reg: 0.110308
Iter 200 of 338 Loss: 1.609829, L1(Flow): 1.492341, Reg: 0.117488
Iter 210 of 338 Loss: 1.568075, L1(Flow): 1.453008, Reg: 0.115067
Iter 220 of 338 Loss: 1.591649, L1(Flow): 1.474513, Reg: 0.117136
Iter 230 of 338 Loss: 1.569033, L1(Flow): 1.457829, Reg: 0.111204
Iter 240 of 338 Loss: 1.709969, L1(Flow): 1.591070, Reg: 0.118900
Iter 250 of 338 Loss: 1.684277, L1(Flow): 1.562256, Reg: 0.122021
Iter 260 of 338 Loss: 1.510888, L1(Flow): 1.396709, Reg: 0.114179
Iter 270 of 338 Loss: 1.622334, L1(Flow): 1.493877, Reg: 0.128457
Iter 280 of 338 Loss: 1.666051, L1(Flow): 1.535098, Reg: 0.130953
Iter 290 of 338 Loss: 1.589076, L1(Flow): 1.473731, Reg: 0.115345
Iter 300 of 338 Loss: 1.586024, L1(Flow): 1.470400, Reg: 0.115624
Iter 310 of 338 Loss: 1.557889, L1(Flow): 1.441293, Reg: 0.116596
Iter 320 of 338 Loss: 1.583176, L1(Flow): 1.455778, Reg: 0.127398
Iter 330 of 338 Loss: 1.647434, L1(Flow): 1.508496, Reg: 0.138938
Epoch 55 Loss: 1.616240
Epoch 55 Validation: Mean EPE: 3.0147, Mean SSIM: 0.3776, Mean ZNCC: 0.6387
--> Saved to Top 5 best models (EPE: 3.0147)
--> New absolute BEST model updated with EPE: 3.0147
Epoch 56 starts
Iter 10 of 338 Loss: 1.660968, L1(Flow): 1.528353, Reg: 0.132616
Iter 20 of 338 Loss: 1.559796, L1(Flow): 1.438944, Reg: 0.120852
Iter 30 of 338 Loss: 1.497693, L1(Flow): 1.395730, Reg: 0.101964
Iter 40 of 338 Loss: 1.635331, L1(Flow): 1.509381, Reg: 0.125950
Iter 50 of 338 Loss: 1.691524, L1(Flow): 1.558996, Reg: 0.132528
Iter 60 of 338 Loss: 1.619245, L1(Flow): 1.493527, Reg: 0.125718
Iter 70 of 338 Loss: 1.541975, L1(Flow): 1.430300, Reg: 0.111674
Iter 80 of 338 Loss: 1.638212, L1(Flow): 1.515365, Reg: 0.122847
Iter 90 of 338 Loss: 1.583547, L1(Flow): 1.471223, Reg: 0.112324
Iter 100 of 338 Loss: 1.573724, L1(Flow): 1.455842, Reg: 0.117882
Iter 110 of 338 Loss: 1.488629, L1(Flow): 1.368276, Reg: 0.120353
Iter 120 of 338 Loss: 1.611948, L1(Flow): 1.480016, Reg: 0.131932
Iter 130 of 338 Loss: 1.540831, L1(Flow): 1.430041, Reg: 0.110790
Iter 140 of 338 Loss: 1.574818, L1(Flow): 1.452578, Reg: 0.122240
Iter 150 of 338 Loss: 1.461146, L1(Flow): 1.340223, Reg: 0.120923
Iter 160 of 338 Loss: 1.534739, L1(Flow): 1.418244, Reg: 0.116495
Iter 170 of 338 Loss: 1.631399, L1(Flow): 1.497357, Reg: 0.134042
Iter 180 of 338 Loss: 1.548591, L1(Flow): 1.430330, Reg: 0.118261
Iter 190 of 338 Loss: 1.485090, L1(Flow): 1.364318, Reg: 0.120772
Iter 200 of 338 Loss: 1.574471, L1(Flow): 1.456038, Reg: 0.118433
Iter 210 of 338 Loss: 1.527249, L1(Flow): 1.420389, Reg: 0.106860
Iter 220 of 338 Loss: 1.638960, L1(Flow): 1.524203, Reg: 0.114757
Iter 230 of 338 Loss: 1.692225, L1(Flow): 1.551690, Reg: 0.140535
Iter 240 of 338 Loss: 1.527083, L1(Flow): 1.405455, Reg: 0.121628
Iter 250 of 338 Loss: 1.499245, L1(Flow): 1.387346, Reg: 0.111900
Iter 260 of 338 Loss: 1.702495, L1(Flow): 1.566786, Reg: 0.135708
Iter 270 of 338 Loss: 1.590791, L1(Flow): 1.463518, Reg: 0.127273
Iter 280 of 338 Loss: 1.632649, L1(Flow): 1.503788, Reg: 0.128861
Iter 290 of 338 Loss: 1.606261, L1(Flow): 1.473438, Reg: 0.132823
Iter 300 of 338 Loss: 1.538607, L1(Flow): 1.419510, Reg: 0.119098
Iter 310 of 338 Loss: 1.555519, L1(Flow): 1.438977, Reg: 0.116542
Iter 320 of 338 Loss: 1.549777, L1(Flow): 1.436611, Reg: 0.113165
Iter 330 of 338 Loss: 1.665143, L1(Flow): 1.527872, Reg: 0.137270
Epoch 56 Loss: 1.594717
Epoch 56 Validation: Mean EPE: 3.0068, Mean SSIM: 0.3780, Mean ZNCC: 0.6394
--> Saved to Top 5 best models (EPE: 3.0068)
--> New absolute BEST model updated with EPE: 3.0068
Epoch 57 starts
Iter 10 of 338 Loss: 1.541289, L1(Flow): 1.419424, Reg: 0.121865
Iter 20 of 338 Loss: 1.602927, L1(Flow): 1.487078, Reg: 0.115849
Iter 30 of 338 Loss: 1.635878, L1(Flow): 1.515729, Reg: 0.120149
Iter 40 of 338 Loss: 1.749706, L1(Flow): 1.618382, Reg: 0.131324
Iter 50 of 338 Loss: 1.760241, L1(Flow): 1.627931, Reg: 0.132309
Iter 60 of 338 Loss: 1.621522, L1(Flow): 1.482036, Reg: 0.139486
Iter 70 of 338 Loss: 1.536616, L1(Flow): 1.412452, Reg: 0.124164
Iter 80 of 338 Loss: 1.570203, L1(Flow): 1.453015, Reg: 0.117187
Iter 90 of 338 Loss: 1.656090, L1(Flow): 1.525005, Reg: 0.131086
Iter 100 of 338 Loss: 1.456165, L1(Flow): 1.338602, Reg: 0.117563
Iter 110 of 338 Loss: 1.509590, L1(Flow): 1.397927, Reg: 0.111663
Iter 120 of 338 Loss: 1.641371, L1(Flow): 1.516864, Reg: 0.124507
Iter 130 of 338 Loss: 1.569235, L1(Flow): 1.446695, Reg: 0.122540
Iter 140 of 338 Loss: 1.536122, L1(Flow): 1.415784, Reg: 0.120337
Iter 150 of 338 Loss: 1.558671, L1(Flow): 1.436490, Reg: 0.122181
Iter 160 of 338 Loss: 1.667822, L1(Flow): 1.526358, Reg: 0.141465
Iter 170 of 338 Loss: 1.556109, L1(Flow): 1.438982, Reg: 0.117127
Iter 180 of 338 Loss: 1.501454, L1(Flow): 1.398287, Reg: 0.103167
Iter 190 of 338 Loss: 1.627751, L1(Flow): 1.515803, Reg: 0.111948
Iter 200 of 338 Loss: 1.589229, L1(Flow): 1.459729, Reg: 0.129500
Iter 210 of 338 Loss: 1.580618, L1(Flow): 1.460786, Reg: 0.119832
Iter 220 of 338 Loss: 1.516471, L1(Flow): 1.398828, Reg: 0.117643
Iter 230 of 338 Loss: 1.684352, L1(Flow): 1.563870, Reg: 0.120482
Iter 240 of 338 Loss: 1.570679, L1(Flow): 1.439608, Reg: 0.131071
Iter 250 of 338 Loss: 1.622342, L1(Flow): 1.491766, Reg: 0.130576
Iter 260 of 338 Loss: 1.557765, L1(Flow): 1.446679, Reg: 0.111086
Iter 270 of 338 Loss: 1.607515, L1(Flow): 1.482764, Reg: 0.124751
Iter 280 of 338 Loss: 1.573038, L1(Flow): 1.452868, Reg: 0.120171
Iter 290 of 338 Loss: 1.636329, L1(Flow): 1.498435, Reg: 0.137895
Iter 300 of 338 Loss: 1.611541, L1(Flow): 1.479602, Reg: 0.131939
Iter 310 of 338 Loss: 1.556081, L1(Flow): 1.428187, Reg: 0.127893
Iter 320 of 338 Loss: 1.590024, L1(Flow): 1.458834, Reg: 0.131190
Iter 330 of 338 Loss: 1.561696, L1(Flow): 1.445836, Reg: 0.115860
Epoch 57 Loss: 1.587760
Epoch 57 Validation: Mean EPE: 2.9771, Mean SSIM: 0.3792, Mean ZNCC: 0.6396
--> Saved to Top 5 best models (EPE: 2.9771)
--> New absolute BEST model updated with EPE: 2.9771
Epoch 58 starts
Iter 10 of 338 Loss: 1.552016, L1(Flow): 1.439751, Reg: 0.112265
Iter 20 of 338 Loss: 1.523479, L1(Flow): 1.402012, Reg: 0.121467
Iter 30 of 338 Loss: 1.491210, L1(Flow): 1.380396, Reg: 0.110814
Iter 40 of 338 Loss: 1.643240, L1(Flow): 1.513681, Reg: 0.129559
Iter 50 of 338 Loss: 1.632361, L1(Flow): 1.503927, Reg: 0.128434
Iter 60 of 338 Loss: 1.431380, L1(Flow): 1.321674, Reg: 0.109705
Iter 70 of 338 Loss: 1.601349, L1(Flow): 1.478473, Reg: 0.122875
Iter 80 of 338 Loss: 1.613873, L1(Flow): 1.487370, Reg: 0.126503
Iter 90 of 338 Loss: 1.563723, L1(Flow): 1.452718, Reg: 0.111005
Iter 100 of 338 Loss: 1.563926, L1(Flow): 1.451829, Reg: 0.112097
Iter 110 of 338 Loss: 1.474636, L1(Flow): 1.364382, Reg: 0.110254
Iter 120 of 338 Loss: 1.675633, L1(Flow): 1.535616, Reg: 0.140017
Iter 130 of 338 Loss: 1.609848, L1(Flow): 1.486128, Reg: 0.123719
Iter 140 of 338 Loss: 1.575597, L1(Flow): 1.456176, Reg: 0.119421
Iter 150 of 338 Loss: 1.574906, L1(Flow): 1.456526, Reg: 0.118380
Iter 160 of 338 Loss: 1.650042, L1(Flow): 1.523210, Reg: 0.126832
Iter 170 of 338 Loss: 1.517247, L1(Flow): 1.399945, Reg: 0.117302
Iter 180 of 338 Loss: 1.556229, L1(Flow): 1.437936, Reg: 0.118294
Iter 190 of 338 Loss: 1.541007, L1(Flow): 1.435811, Reg: 0.105196
Iter 200 of 338 Loss: 1.630469, L1(Flow): 1.508860, Reg: 0.121609
Iter 210 of 338 Loss: 1.540787, L1(Flow): 1.421271, Reg: 0.119516
Iter 220 of 338 Loss: 1.485261, L1(Flow): 1.370468, Reg: 0.114793
Iter 230 of 338 Loss: 1.588197, L1(Flow): 1.458819, Reg: 0.129378
Iter 240 of 338 Loss: 1.497560, L1(Flow): 1.386164, Reg: 0.111396
Iter 250 of 338 Loss: 1.501443, L1(Flow): 1.377948, Reg: 0.123495
Iter 260 of 338 Loss: 1.632268, L1(Flow): 1.510241, Reg: 0.122027
Iter 270 of 338 Loss: 1.635839, L1(Flow): 1.514080, Reg: 0.121759
Iter 280 of 338 Loss: 1.580713, L1(Flow): 1.451089, Reg: 0.129625
Iter 290 of 338 Loss: 1.482557, L1(Flow): 1.369371, Reg: 0.113185
Iter 300 of 338 Loss: 1.573524, L1(Flow): 1.451103, Reg: 0.122420
Iter 310 of 338 Loss: 1.599927, L1(Flow): 1.475546, Reg: 0.124380
Iter 320 of 338 Loss: 1.464636, L1(Flow): 1.362782, Reg: 0.101855
Iter 330 of 338 Loss: 1.557577, L1(Flow): 1.447554, Reg: 0.110023
Epoch 58 Loss: 1.562371
Epoch 58 Validation: Mean EPE: 2.9624, Mean SSIM: 0.3801, Mean ZNCC: 0.6402
--> Saved to Top 5 best models (EPE: 2.9624)
--> New absolute BEST model updated with EPE: 2.9624
Epoch 59 starts
Iter 10 of 338 Loss: 1.520889, L1(Flow): 1.404489, Reg: 0.116400
Iter 20 of 338 Loss: 1.619806, L1(Flow): 1.491571, Reg: 0.128235
Iter 30 of 338 Loss: 1.579673, L1(Flow): 1.446547, Reg: 0.133126
Iter 40 of 338 Loss: 1.589261, L1(Flow): 1.462622, Reg: 0.126639
Iter 50 of 338 Loss: 1.573289, L1(Flow): 1.460134, Reg: 0.113155
Iter 60 of 338 Loss: 1.515662, L1(Flow): 1.401914, Reg: 0.113748
Iter 70 of 338 Loss: 1.581806, L1(Flow): 1.458088, Reg: 0.123718
Iter 80 of 338 Loss: 1.550724, L1(Flow): 1.429290, Reg: 0.121435
Iter 90 of 338 Loss: 1.646888, L1(Flow): 1.513572, Reg: 0.133317
Iter 100 of 338 Loss: 1.484181, L1(Flow): 1.377405, Reg: 0.106776
Iter 110 of 338 Loss: 1.609330, L1(Flow): 1.487327, Reg: 0.122002
Iter 120 of 338 Loss: 1.624040, L1(Flow): 1.495310, Reg: 0.128729
Iter 130 of 338 Loss: 1.467358, L1(Flow): 1.363818, Reg: 0.103540
Iter 140 of 338 Loss: 1.527815, L1(Flow): 1.413494, Reg: 0.114321
Iter 150 of 338 Loss: 1.603018, L1(Flow): 1.478305, Reg: 0.124713
Iter 160 of 338 Loss: 1.440730, L1(Flow): 1.319402, Reg: 0.121329
Iter 170 of 338 Loss: 1.521157, L1(Flow): 1.403314, Reg: 0.117843
Iter 180 of 338 Loss: 1.516834, L1(Flow): 1.391318, Reg: 0.125516
Iter 190 of 338 Loss: 1.595857, L1(Flow): 1.484346, Reg: 0.111511
Iter 200 of 338 Loss: 1.546665, L1(Flow): 1.428956, Reg: 0.117709
Iter 210 of 338 Loss: 1.616451, L1(Flow): 1.486410, Reg: 0.130042
Iter 220 of 338 Loss: 1.596506, L1(Flow): 1.471117, Reg: 0.125389
Iter 230 of 338 Loss: 1.623710, L1(Flow): 1.492177, Reg: 0.131532
Iter 240 of 338 Loss: 1.527422, L1(Flow): 1.414093, Reg: 0.113329
Iter 250 of 338 Loss: 1.583461, L1(Flow): 1.453229, Reg: 0.130231
Iter 260 of 338 Loss: 1.427185, L1(Flow): 1.318307, Reg: 0.108877
Iter 270 of 338 Loss: 1.606605, L1(Flow): 1.482141, Reg: 0.124465
Iter 280 of 338 Loss: 1.484880, L1(Flow): 1.364921, Reg: 0.119959
Iter 290 of 338 Loss: 1.515013, L1(Flow): 1.411939, Reg: 0.103074
Iter 300 of 338 Loss: 1.667591, L1(Flow): 1.527369, Reg: 0.140223
Iter 310 of 338 Loss: 1.520279, L1(Flow): 1.406486, Reg: 0.113793
Iter 320 of 338 Loss: 1.580263, L1(Flow): 1.459236, Reg: 0.121027
Iter 330 of 338 Loss: 1.610535, L1(Flow): 1.491692, Reg: 0.118843
Epoch 59 Loss: 1.552979
Epoch 59 Validation: Mean EPE: 2.9530, Mean SSIM: 0.3808, Mean ZNCC: 0.6405
--> Saved to Top 5 best models (EPE: 2.9530)
--> New absolute BEST model updated with EPE: 2.9530
Epoch 60 starts
Iter 10 of 338 Loss: 1.526534, L1(Flow): 1.414545, Reg: 0.111989
Iter 20 of 338 Loss: 1.500141, L1(Flow): 1.383747, Reg: 0.116394
Iter 30 of 338 Loss: 1.498602, L1(Flow): 1.379322, Reg: 0.119279
Iter 40 of 338 Loss: 1.569023, L1(Flow): 1.450138, Reg: 0.118885
Iter 50 of 338 Loss: 1.533495, L1(Flow): 1.427658, Reg: 0.105837
Iter 60 of 338 Loss: 1.456506, L1(Flow): 1.341585, Reg: 0.114921
Iter 70 of 338 Loss: 1.541389, L1(Flow): 1.414041, Reg: 0.127348
Iter 80 of 338 Loss: 1.465391, L1(Flow): 1.350035, Reg: 0.115356
Iter 90 of 338 Loss: 1.483550, L1(Flow): 1.357048, Reg: 0.126502
Iter 100 of 338 Loss: 1.513781, L1(Flow): 1.392415, Reg: 0.121366
Iter 110 of 338 Loss: 1.530426, L1(Flow): 1.408248, Reg: 0.122178
Iter 120 of 338 Loss: 1.464962, L1(Flow): 1.358943, Reg: 0.106018
Iter 130 of 338 Loss: 1.503641, L1(Flow): 1.394043, Reg: 0.109599
Iter 140 of 338 Loss: 1.403233, L1(Flow): 1.296036, Reg: 0.107196
Iter 150 of 338 Loss: 1.529092, L1(Flow): 1.423660, Reg: 0.105431
Iter 160 of 338 Loss: 1.520617, L1(Flow): 1.407676, Reg: 0.112941
Iter 170 of 338 Loss: 1.506820, L1(Flow): 1.392250, Reg: 0.114570
Iter 180 of 338 Loss: 1.465124, L1(Flow): 1.359392, Reg: 0.105733
Iter 190 of 338 Loss: 1.545396, L1(Flow): 1.422286, Reg: 0.123110
Iter 200 of 338 Loss: 1.502429, L1(Flow): 1.396535, Reg: 0.105894
Iter 210 of 338 Loss: 1.493185, L1(Flow): 1.375836, Reg: 0.117349
Iter 220 of 338 Loss: 1.502788, L1(Flow): 1.385286, Reg: 0.117502
Iter 230 of 338 Loss: 1.527530, L1(Flow): 1.400532, Reg: 0.126999
Iter 240 of 338 Loss: 1.455097, L1(Flow): 1.343926, Reg: 0.111171
Iter 250 of 338 Loss: 1.524686, L1(Flow): 1.418098, Reg: 0.106588
Iter 260 of 338 Loss: 1.463966, L1(Flow): 1.361032, Reg: 0.102934
Iter 270 of 338 Loss: 1.573595, L1(Flow): 1.456401, Reg: 0.117194
Iter 280 of 338 Loss: 1.551690, L1(Flow): 1.445862, Reg: 0.105827
Iter 290 of 338 Loss: 1.584379, L1(Flow): 1.453631, Reg: 0.130748
Iter 300 of 338 Loss: 1.479961, L1(Flow): 1.367307, Reg: 0.112654
Iter 310 of 338 Loss: 1.449689, L1(Flow): 1.338735, Reg: 0.110954
Iter 320 of 338 Loss: 1.485448, L1(Flow): 1.366537, Reg: 0.118911
Iter 330 of 338 Loss: 1.647497, L1(Flow): 1.513322, Reg: 0.134175
Epoch 60 Loss: 1.532539
Epoch 60 Validation: Mean EPE: 2.9837, Mean SSIM: 0.3786, Mean ZNCC: 0.6392
--> Saved to Top 5 best models (EPE: 2.9837)
Epoch 61 starts
Iter 10 of 338 Loss: 1.590937, L1(Flow): 1.463295, Reg: 0.127642
Iter 20 of 338 Loss: 1.484354, L1(Flow): 1.377538, Reg: 0.106816
Iter 30 of 338 Loss: 1.459564, L1(Flow): 1.350889, Reg: 0.108674
Iter 40 of 338 Loss: 1.553210, L1(Flow): 1.436171, Reg: 0.117039
Iter 50 of 338 Loss: 1.584271, L1(Flow): 1.458167, Reg: 0.126104
Iter 60 of 338 Loss: 1.501243, L1(Flow): 1.379348, Reg: 0.121896
Iter 70 of 338 Loss: 1.454399, L1(Flow): 1.339719, Reg: 0.114680
Iter 80 of 338 Loss: 1.530952, L1(Flow): 1.398964, Reg: 0.131988
Iter 90 of 338 Loss: 1.426494, L1(Flow): 1.309379, Reg: 0.117115
Iter 100 of 338 Loss: 1.467277, L1(Flow): 1.347652, Reg: 0.119625
Iter 110 of 338 Loss: 1.601727, L1(Flow): 1.480717, Reg: 0.121010
Iter 120 of 338 Loss: 1.479603, L1(Flow): 1.364935, Reg: 0.114667
Iter 130 of 338 Loss: 1.582268, L1(Flow): 1.460670, Reg: 0.121598
Iter 140 of 338 Loss: 1.430441, L1(Flow): 1.324404, Reg: 0.106037
Iter 150 of 338 Loss: 1.586352, L1(Flow): 1.463216, Reg: 0.123136
Iter 160 of 338 Loss: 1.520715, L1(Flow): 1.409906, Reg: 0.110809
Iter 170 of 338 Loss: 1.526529, L1(Flow): 1.407519, Reg: 0.119009
Iter 180 of 338 Loss: 1.402226, L1(Flow): 1.282803, Reg: 0.119423
Iter 190 of 338 Loss: 1.550573, L1(Flow): 1.434163, Reg: 0.116410
Iter 200 of 338 Loss: 1.562354, L1(Flow): 1.426626, Reg: 0.135729
Iter 210 of 338 Loss: 1.545067, L1(Flow): 1.422534, Reg: 0.122533
Iter 220 of 338 Loss: 1.569455, L1(Flow): 1.439092, Reg: 0.130363
Iter 230 of 338 Loss: 1.582890, L1(Flow): 1.473900, Reg: 0.108990
Iter 240 of 338 Loss: 1.528852, L1(Flow): 1.415624, Reg: 0.113229
Iter 250 of 338 Loss: 1.508132, L1(Flow): 1.388124, Reg: 0.120009
Iter 260 of 338 Loss: 1.512930, L1(Flow): 1.391153, Reg: 0.121777
Iter 270 of 338 Loss: 1.549089, L1(Flow): 1.433017, Reg: 0.116072
Iter 280 of 338 Loss: 1.394533, L1(Flow): 1.287757, Reg: 0.106776
Iter 290 of 338 Loss: 1.521601, L1(Flow): 1.415200, Reg: 0.106401
Iter 300 of 338 Loss: 1.500433, L1(Flow): 1.374409, Reg: 0.126024
Iter 310 of 338 Loss: 1.435412, L1(Flow): 1.318758, Reg: 0.116655
Iter 320 of 338 Loss: 1.603465, L1(Flow): 1.471723, Reg: 0.131741
Iter 330 of 338 Loss: 1.471574, L1(Flow): 1.359165, Reg: 0.112409
Epoch 61 Loss: 1.527488
Epoch 61 Validation: Mean EPE: 2.9629, Mean SSIM: 0.3797, Mean ZNCC: 0.6400
--> Saved to Top 5 best models (EPE: 2.9629)
Epoch 62 starts
Iter 10 of 338 Loss: 1.564079, L1(Flow): 1.440151, Reg: 0.123928
Iter 20 of 338 Loss: 1.498056, L1(Flow): 1.380677, Reg: 0.117379
Iter 30 of 338 Loss: 1.458603, L1(Flow): 1.341799, Reg: 0.116803
Iter 40 of 338 Loss: 1.533046, L1(Flow): 1.403038, Reg: 0.130009
Iter 50 of 338 Loss: 1.471356, L1(Flow): 1.354289, Reg: 0.117067
Iter 60 of 338 Loss: 1.475662, L1(Flow): 1.361739, Reg: 0.113923
Iter 70 of 338 Loss: 1.525229, L1(Flow): 1.405538, Reg: 0.119691
Iter 80 of 338 Loss: 1.512224, L1(Flow): 1.403439, Reg: 0.108786
Iter 90 of 338 Loss: 1.456944, L1(Flow): 1.342572, Reg: 0.114372
Iter 100 of 338 Loss: 1.593332, L1(Flow): 1.468688, Reg: 0.124645
Iter 110 of 338 Loss: 1.448050, L1(Flow): 1.333744, Reg: 0.114306
Iter 120 of 338 Loss: 1.487683, L1(Flow): 1.372640, Reg: 0.115042
Iter 130 of 338 Loss: 1.423555, L1(Flow): 1.313744, Reg: 0.109811
Iter 140 of 338 Loss: 1.389602, L1(Flow): 1.279205, Reg: 0.110397
Iter 150 of 338 Loss: 1.506811, L1(Flow): 1.401052, Reg: 0.105759
Iter 160 of 338 Loss: 1.470282, L1(Flow): 1.355673, Reg: 0.114609
Iter 170 of 338 Loss: 1.496272, L1(Flow): 1.380076, Reg: 0.116196
Iter 180 of 338 Loss: 1.531257, L1(Flow): 1.409698, Reg: 0.121559
Iter 190 of 338 Loss: 1.492600, L1(Flow): 1.376503, Reg: 0.116098
Iter 200 of 338 Loss: 1.504109, L1(Flow): 1.379208, Reg: 0.124900
Iter 210 of 338 Loss: 1.477939, L1(Flow): 1.359514, Reg: 0.118425
Iter 220 of 338 Loss: 1.567269, L1(Flow): 1.449133, Reg: 0.118136
Iter 230 of 338 Loss: 1.476988, L1(Flow): 1.375983, Reg: 0.101006
Iter 240 of 338 Loss: 1.479164, L1(Flow): 1.378418, Reg: 0.100747
Iter 250 of 338 Loss: 1.445205, L1(Flow): 1.333628, Reg: 0.111577
Iter 260 of 338 Loss: 1.518845, L1(Flow): 1.403948, Reg: 0.114896
Iter 270 of 338 Loss: 1.513614, L1(Flow): 1.406107, Reg: 0.107506
Iter 280 of 338 Loss: 1.517912, L1(Flow): 1.403030, Reg: 0.114882
Iter 290 of 338 Loss: 1.537045, L1(Flow): 1.408622, Reg: 0.128422
Iter 300 of 338 Loss: 1.531785, L1(Flow): 1.411801, Reg: 0.119984
Iter 310 of 338 Loss: 1.487529, L1(Flow): 1.368147, Reg: 0.119382
Iter 320 of 338 Loss: 1.473514, L1(Flow): 1.367507, Reg: 0.106008
Iter 330 of 338 Loss: 1.627413, L1(Flow): 1.504313, Reg: 0.123100
Epoch 62 Loss: 1.510212
Epoch 62 Validation: Mean EPE: 2.9498, Mean SSIM: 0.3813, Mean ZNCC: 0.6407
--> Saved to Top 5 best models (EPE: 2.9498)
--> New absolute BEST model updated with EPE: 2.9498
Epoch 63 starts
Iter 10 of 338 Loss: 1.485405, L1(Flow): 1.373171, Reg: 0.112234
Iter 20 of 338 Loss: 1.576629, L1(Flow): 1.445099, Reg: 0.131530
Iter 30 of 338 Loss: 1.417979, L1(Flow): 1.312690, Reg: 0.105288
Iter 40 of 338 Loss: 1.572840, L1(Flow): 1.445886, Reg: 0.126955
Iter 50 of 338 Loss: 1.548999, L1(Flow): 1.420473, Reg: 0.128525
Iter 60 of 338 Loss: 1.521546, L1(Flow): 1.405105, Reg: 0.116441
Iter 70 of 338 Loss: 1.470001, L1(Flow): 1.360339, Reg: 0.109662
Iter 80 of 338 Loss: 1.482037, L1(Flow): 1.372320, Reg: 0.109718
Iter 90 of 338 Loss: 1.422903, L1(Flow): 1.318364, Reg: 0.104539
Iter 100 of 338 Loss: 1.508332, L1(Flow): 1.385407, Reg: 0.122925
Iter 110 of 338 Loss: 1.524359, L1(Flow): 1.402108, Reg: 0.122251
Iter 120 of 338 Loss: 1.508577, L1(Flow): 1.391735, Reg: 0.116842
Iter 130 of 338 Loss: 1.422429, L1(Flow): 1.306518, Reg: 0.115911
Iter 140 of 338 Loss: 1.507555, L1(Flow): 1.393329, Reg: 0.114227
Iter 150 of 338 Loss: 1.448895, L1(Flow): 1.337751, Reg: 0.111144
Iter 160 of 338 Loss: 1.514249, L1(Flow): 1.419998, Reg: 0.094251
Iter 170 of 338 Loss: 1.572550, L1(Flow): 1.466578, Reg: 0.105973
Iter 180 of 338 Loss: 1.484097, L1(Flow): 1.384691, Reg: 0.099406
Iter 190 of 338 Loss: 1.350200, L1(Flow): 1.253858, Reg: 0.096343
Iter 200 of 338 Loss: 1.469747, L1(Flow): 1.348592, Reg: 0.121156
Iter 210 of 338 Loss: 1.490252, L1(Flow): 1.372394, Reg: 0.117858
Iter 220 of 338 Loss: 1.459938, L1(Flow): 1.355040, Reg: 0.104897
Iter 230 of 338 Loss: 1.631069, L1(Flow): 1.493849, Reg: 0.137220
Iter 240 of 338 Loss: 1.501062, L1(Flow): 1.384041, Reg: 0.117021
Iter 250 of 338 Loss: 1.581736, L1(Flow): 1.470216, Reg: 0.111520
Iter 260 of 338 Loss: 1.517260, L1(Flow): 1.400038, Reg: 0.117222
Iter 270 of 338 Loss: 1.476260, L1(Flow): 1.369290, Reg: 0.106970
Iter 280 of 338 Loss: 1.535809, L1(Flow): 1.418617, Reg: 0.117192
Iter 290 of 338 Loss: 1.466637, L1(Flow): 1.362539, Reg: 0.104097
Iter 300 of 338 Loss: 1.434805, L1(Flow): 1.324130, Reg: 0.110675
Iter 310 of 338 Loss: 1.548800, L1(Flow): 1.422781, Reg: 0.126019
Iter 320 of 338 Loss: 1.471953, L1(Flow): 1.364674, Reg: 0.107278
Iter 330 of 338 Loss: 1.459212, L1(Flow): 1.353156, Reg: 0.106055
Epoch 63 Loss: 1.499115
Epoch 63 Validation: Mean EPE: 2.9398, Mean SSIM: 0.3814, Mean ZNCC: 0.6407
--> Saved to Top 5 best models (EPE: 2.9398)
--> New absolute BEST model updated with EPE: 2.9398
Epoch 64 starts
Iter 10 of 338 Loss: 1.468811, L1(Flow): 1.354704, Reg: 0.114107
Iter 20 of 338 Loss: 1.523619, L1(Flow): 1.398750, Reg: 0.124869
Iter 30 of 338 Loss: 1.309323, L1(Flow): 1.214161, Reg: 0.095162
Iter 40 of 338 Loss: 1.441787, L1(Flow): 1.319940, Reg: 0.121847
Iter 50 of 338 Loss: 1.440622, L1(Flow): 1.341188, Reg: 0.099434
Iter 60 of 338 Loss: 1.433653, L1(Flow): 1.325876, Reg: 0.107777
Iter 70 of 338 Loss: 1.440506, L1(Flow): 1.338149, Reg: 0.102357
Iter 80 of 338 Loss: 1.465307, L1(Flow): 1.354768, Reg: 0.110539
Iter 90 of 338 Loss: 1.454807, L1(Flow): 1.342655, Reg: 0.112152
Iter 100 of 338 Loss: 1.514130, L1(Flow): 1.395301, Reg: 0.118829
Iter 110 of 338 Loss: 1.499044, L1(Flow): 1.374803, Reg: 0.124242
Iter 120 of 338 Loss: 1.465001, L1(Flow): 1.350786, Reg: 0.114215
Iter 130 of 338 Loss: 1.504219, L1(Flow): 1.393185, Reg: 0.111034
Iter 140 of 338 Loss: 1.481262, L1(Flow): 1.366924, Reg: 0.114338
Iter 150 of 338 Loss: 1.531631, L1(Flow): 1.411386, Reg: 0.120245
Iter 160 of 338 Loss: 1.543079, L1(Flow): 1.426830, Reg: 0.116250
Iter 170 of 338 Loss: 1.604450, L1(Flow): 1.474397, Reg: 0.130053
Iter 180 of 338 Loss: 1.469693, L1(Flow): 1.356908, Reg: 0.112785
Iter 190 of 338 Loss: 1.501769, L1(Flow): 1.379851, Reg: 0.121918
Iter 200 of 338 Loss: 1.485693, L1(Flow): 1.373121, Reg: 0.112572
Iter 210 of 338 Loss: 1.518783, L1(Flow): 1.400815, Reg: 0.117968
Iter 220 of 338 Loss: 1.354619, L1(Flow): 1.251421, Reg: 0.103199
Iter 230 of 338 Loss: 1.459668, L1(Flow): 1.342824, Reg: 0.116844
Iter 240 of 338 Loss: 1.438968, L1(Flow): 1.326955, Reg: 0.112013
Iter 250 of 338 Loss: 1.542644, L1(Flow): 1.418631, Reg: 0.124013
Iter 260 of 338 Loss: 1.441533, L1(Flow): 1.328904, Reg: 0.112628
Iter 270 of 338 Loss: 1.527486, L1(Flow): 1.390726, Reg: 0.136760
Iter 280 of 338 Loss: 1.475075, L1(Flow): 1.355718, Reg: 0.119358
Iter 290 of 338 Loss: 1.444794, L1(Flow): 1.342665, Reg: 0.102129
Iter 300 of 338 Loss: 1.528293, L1(Flow): 1.407766, Reg: 0.120527
Iter 310 of 338 Loss: 1.472470, L1(Flow): 1.361224, Reg: 0.111246
Iter 320 of 338 Loss: 1.488530, L1(Flow): 1.370891, Reg: 0.117639
Iter 330 of 338 Loss: 1.515914, L1(Flow): 1.403139, Reg: 0.112775
Epoch 64 Loss: 1.477656
Epoch 64 Validation: Mean EPE: 2.9378, Mean SSIM: 0.3817, Mean ZNCC: 0.6410
--> Saved to Top 5 best models (EPE: 2.9378)
--> New absolute BEST model updated with EPE: 2.9378
Epoch 65 starts
Iter 10 of 338 Loss: 1.358178, L1(Flow): 1.249016, Reg: 0.109162
Iter 20 of 338 Loss: 1.484334, L1(Flow): 1.372139, Reg: 0.112195
Iter 30 of 338 Loss: 1.480710, L1(Flow): 1.373037, Reg: 0.107673
Iter 40 of 338 Loss: 1.513199, L1(Flow): 1.392236, Reg: 0.120963
Iter 50 of 338 Loss: 1.521695, L1(Flow): 1.402855, Reg: 0.118840
Iter 60 of 338 Loss: 1.505943, L1(Flow): 1.380930, Reg: 0.125013
Iter 70 of 338 Loss: 1.349880, L1(Flow): 1.247914, Reg: 0.101966
Iter 80 of 338 Loss: 1.469971, L1(Flow): 1.352634, Reg: 0.117337
Iter 90 of 338 Loss: 1.401174, L1(Flow): 1.292849, Reg: 0.108325
Iter 100 of 338 Loss: 1.524508, L1(Flow): 1.392117, Reg: 0.132390
Iter 110 of 338 Loss: 1.519781, L1(Flow): 1.403526, Reg: 0.116255
Iter 120 of 338 Loss: 1.492236, L1(Flow): 1.372946, Reg: 0.119290
Iter 130 of 338 Loss: 1.419154, L1(Flow): 1.301463, Reg: 0.117691
Iter 140 of 338 Loss: 1.454330, L1(Flow): 1.337290, Reg: 0.117040
Iter 150 of 338 Loss: 1.463508, L1(Flow): 1.363000, Reg: 0.100508
Iter 160 of 338 Loss: 1.320975, L1(Flow): 1.229100, Reg: 0.091875
Iter 170 of 338 Loss: 1.468746, L1(Flow): 1.355115, Reg: 0.113630
Iter 180 of 338 Loss: 1.473320, L1(Flow): 1.346859, Reg: 0.126461
Iter 190 of 338 Loss: 1.431966, L1(Flow): 1.314807, Reg: 0.117159
Iter 200 of 338 Loss: 1.432241, L1(Flow): 1.324299, Reg: 0.107942
Iter 210 of 338 Loss: 1.465128, L1(Flow): 1.349530, Reg: 0.115598
Iter 220 of 338 Loss: 1.443781, L1(Flow): 1.327327, Reg: 0.116454
Iter 230 of 338 Loss: 1.471864, L1(Flow): 1.357955, Reg: 0.113909
Iter 240 of 338 Loss: 1.496504, L1(Flow): 1.377155, Reg: 0.119349
Iter 250 of 338 Loss: 1.482989, L1(Flow): 1.365698, Reg: 0.117291
Iter 260 of 338 Loss: 1.534491, L1(Flow): 1.422108, Reg: 0.112382
Iter 270 of 338 Loss: 1.504502, L1(Flow): 1.393631, Reg: 0.110871
Iter 280 of 338 Loss: 1.431619, L1(Flow): 1.317744, Reg: 0.113875
Iter 290 of 338 Loss: 1.573561, L1(Flow): 1.450980, Reg: 0.122581
Iter 300 of 338 Loss: 1.397063, L1(Flow): 1.293950, Reg: 0.103113
Iter 310 of 338 Loss: 1.487974, L1(Flow): 1.366393, Reg: 0.121582
Iter 320 of 338 Loss: 1.474565, L1(Flow): 1.363481, Reg: 0.111083
Iter 330 of 338 Loss: 1.554191, L1(Flow): 1.433826, Reg: 0.120365
Epoch 65 Loss: 1.462032
Epoch 65 Validation: Mean EPE: 2.9427, Mean SSIM: 0.3815, Mean ZNCC: 0.6411
--> Saved to Top 5 best models (EPE: 2.9427)
Epoch 66 starts
Iter 10 of 338 Loss: 1.491428, L1(Flow): 1.379202, Reg: 0.112226
Iter 20 of 338 Loss: 1.485215, L1(Flow): 1.376250, Reg: 0.108965
Iter 30 of 338 Loss: 1.380547, L1(Flow): 1.281664, Reg: 0.098883
Iter 40 of 338 Loss: 1.453908, L1(Flow): 1.346360, Reg: 0.107548
Iter 50 of 338 Loss: 1.501151, L1(Flow): 1.376812, Reg: 0.124339
Iter 60 of 338 Loss: 1.443074, L1(Flow): 1.326301, Reg: 0.116773
Iter 70 of 338 Loss: 1.471439, L1(Flow): 1.354548, Reg: 0.116890
Iter 80 of 338 Loss: 1.449253, L1(Flow): 1.348595, Reg: 0.100658
Iter 90 of 338 Loss: 1.391104, L1(Flow): 1.285778, Reg: 0.105326
Iter 100 of 338 Loss: 1.486111, L1(Flow): 1.363321, Reg: 0.122790
Iter 110 of 338 Loss: 1.427994, L1(Flow): 1.316833, Reg: 0.111161
Iter 120 of 338 Loss: 1.538307, L1(Flow): 1.427156, Reg: 0.111151
Iter 130 of 338 Loss: 1.398354, L1(Flow): 1.302436, Reg: 0.095918
Iter 140 of 338 Loss: 1.465054, L1(Flow): 1.358704, Reg: 0.106350
Iter 150 of 338 Loss: 1.509678, L1(Flow): 1.391455, Reg: 0.118223
Iter 160 of 338 Loss: 1.444281, L1(Flow): 1.330794, Reg: 0.113488
Iter 170 of 338 Loss: 1.402511, L1(Flow): 1.291571, Reg: 0.110940
Iter 180 of 338 Loss: 1.327998, L1(Flow): 1.236579, Reg: 0.091418
Iter 190 of 338 Loss: 1.503950, L1(Flow): 1.386642, Reg: 0.117308
Iter 200 of 338 Loss: 1.400274, L1(Flow): 1.301754, Reg: 0.098521
Iter 210 of 338 Loss: 1.493339, L1(Flow): 1.378101, Reg: 0.115238
Iter 220 of 338 Loss: 1.390350, L1(Flow): 1.284714, Reg: 0.105635
Iter 230 of 338 Loss: 1.458149, L1(Flow): 1.358525, Reg: 0.099624
Iter 240 of 338 Loss: 1.510089, L1(Flow): 1.397230, Reg: 0.112859
Iter 250 of 338 Loss: 1.525403, L1(Flow): 1.411465, Reg: 0.113938
Iter 260 of 338 Loss: 1.440155, L1(Flow): 1.331380, Reg: 0.108775
Iter 270 of 338 Loss: 1.417276, L1(Flow): 1.308375, Reg: 0.108901
Iter 280 of 338 Loss: 1.471901, L1(Flow): 1.361442, Reg: 0.110460
Iter 290 of 338 Loss: 1.501929, L1(Flow): 1.382945, Reg: 0.118984
Iter 300 of 338 Loss: 1.540521, L1(Flow): 1.420325, Reg: 0.120196
Iter 310 of 338 Loss: 1.458862, L1(Flow): 1.340139, Reg: 0.118723
Iter 320 of 338 Loss: 1.448526, L1(Flow): 1.342572, Reg: 0.105953
Iter 330 of 338 Loss: 1.423795, L1(Flow): 1.310999, Reg: 0.112797
Epoch 66 Loss: 1.451907
Epoch 66 Validation: Mean EPE: 2.9451, Mean SSIM: 0.3807, Mean ZNCC: 0.6406
--> Saved to Top 5 best models (EPE: 2.9451)
Epoch 67 starts
Iter 10 of 338 Loss: 1.459231, L1(Flow): 1.347184, Reg: 0.112047
Iter 20 of 338 Loss: 1.481455, L1(Flow): 1.365330, Reg: 0.116125
Iter 30 of 338 Loss: 1.511216, L1(Flow): 1.394891, Reg: 0.116325
Iter 40 of 338 Loss: 1.367043, L1(Flow): 1.258525, Reg: 0.108518
Iter 50 of 338 Loss: 1.477206, L1(Flow): 1.361948, Reg: 0.115258
Iter 60 of 338 Loss: 1.425489, L1(Flow): 1.315686, Reg: 0.109803
Iter 70 of 338 Loss: 1.485754, L1(Flow): 1.372267, Reg: 0.113486
Iter 80 of 338 Loss: 1.398614, L1(Flow): 1.298963, Reg: 0.099651
Iter 90 of 338 Loss: 1.426207, L1(Flow): 1.322096, Reg: 0.104111
Iter 100 of 338 Loss: 1.448430, L1(Flow): 1.345109, Reg: 0.103320
Iter 110 of 338 Loss: 1.441906, L1(Flow): 1.323529, Reg: 0.118377
Iter 120 of 338 Loss: 1.493845, L1(Flow): 1.375658, Reg: 0.118187
Iter 130 of 338 Loss: 1.438326, L1(Flow): 1.327257, Reg: 0.111069
Iter 140 of 338 Loss: 1.383410, L1(Flow): 1.276838, Reg: 0.106572
Iter 150 of 338 Loss: 1.472126, L1(Flow): 1.364695, Reg: 0.107431
Iter 160 of 338 Loss: 1.462380, L1(Flow): 1.350495, Reg: 0.111885
Iter 170 of 338 Loss: 1.424700, L1(Flow): 1.327286, Reg: 0.097414
Iter 180 of 338 Loss: 1.437521, L1(Flow): 1.335479, Reg: 0.102042
Iter 190 of 338 Loss: 1.432768, L1(Flow): 1.330786, Reg: 0.101983
Iter 200 of 338 Loss: 1.493684, L1(Flow): 1.375097, Reg: 0.118588
Iter 210 of 338 Loss: 1.439504, L1(Flow): 1.319396, Reg: 0.120108
Iter 220 of 338 Loss: 1.450080, L1(Flow): 1.339972, Reg: 0.110108
Iter 230 of 338 Loss: 1.455937, L1(Flow): 1.334849, Reg: 0.121088
Iter 240 of 338 Loss: 1.512971, L1(Flow): 1.393750, Reg: 0.119221
Iter 250 of 338 Loss: 1.440343, L1(Flow): 1.329527, Reg: 0.110816
Iter 260 of 338 Loss: 1.486089, L1(Flow): 1.373401, Reg: 0.112688
Iter 270 of 338 Loss: 1.383021, L1(Flow): 1.270756, Reg: 0.112264
Iter 280 of 338 Loss: 1.475968, L1(Flow): 1.370024, Reg: 0.105943
Iter 290 of 338 Loss: 1.464297, L1(Flow): 1.358773, Reg: 0.105524
Iter 300 of 338 Loss: 1.428481, L1(Flow): 1.316486, Reg: 0.111994
Iter 310 of 338 Loss: 1.495410, L1(Flow): 1.390015, Reg: 0.105395
Iter 320 of 338 Loss: 1.323336, L1(Flow): 1.233534, Reg: 0.089802
Iter 330 of 338 Loss: 1.482424, L1(Flow): 1.374209, Reg: 0.108215
Epoch 67 Loss: 1.442671
Epoch 67 Validation: Mean EPE: 2.9491, Mean SSIM: 0.3813, Mean ZNCC: 0.6404
--> Saved to Top 5 best models (EPE: 2.9491)
Epoch 68 starts
Iter 10 of 338 Loss: 1.422972, L1(Flow): 1.328153, Reg: 0.094820
Iter 20 of 338 Loss: 1.431423, L1(Flow): 1.331208, Reg: 0.100215
Iter 30 of 338 Loss: 1.340054, L1(Flow): 1.246757, Reg: 0.093297
Iter 40 of 338 Loss: 1.486132, L1(Flow): 1.369663, Reg: 0.116470
Iter 50 of 338 Loss: 1.423201, L1(Flow): 1.311397, Reg: 0.111804
Iter 60 of 338 Loss: 1.504680, L1(Flow): 1.385946, Reg: 0.118734
Iter 70 of 338 Loss: 1.445237, L1(Flow): 1.339938, Reg: 0.105300
Iter 80 of 338 Loss: 1.467673, L1(Flow): 1.357620, Reg: 0.110053
Iter 90 of 338 Loss: 1.344362, L1(Flow): 1.255737, Reg: 0.088625
Iter 100 of 338 Loss: 1.389862, L1(Flow): 1.284703, Reg: 0.105159
Iter 110 of 338 Loss: 1.538027, L1(Flow): 1.419202, Reg: 0.118824
Iter 120 of 338 Loss: 1.383288, L1(Flow): 1.278481, Reg: 0.104807
Iter 130 of 338 Loss: 1.433530, L1(Flow): 1.319823, Reg: 0.113707
Iter 140 of 338 Loss: 1.447401, L1(Flow): 1.342629, Reg: 0.104772
Iter 150 of 338 Loss: 1.483112, L1(Flow): 1.365730, Reg: 0.117383
Iter 160 of 338 Loss: 1.468712, L1(Flow): 1.358803, Reg: 0.109910
Iter 170 of 338 Loss: 1.457670, L1(Flow): 1.345648, Reg: 0.112022
Iter 180 of 338 Loss: 1.429174, L1(Flow): 1.315243, Reg: 0.113931
Iter 190 of 338 Loss: 1.471699, L1(Flow): 1.357144, Reg: 0.114556
Iter 200 of 338 Loss: 1.467851, L1(Flow): 1.354313, Reg: 0.113538
Iter 210 of 338 Loss: 1.337378, L1(Flow): 1.243170, Reg: 0.094207
Iter 220 of 338 Loss: 1.376085, L1(Flow): 1.268810, Reg: 0.107275
Iter 230 of 338 Loss: 1.381802, L1(Flow): 1.285160, Reg: 0.096643
Iter 240 of 338 Loss: 1.449408, L1(Flow): 1.338459, Reg: 0.110949
Iter 250 of 338 Loss: 1.490685, L1(Flow): 1.385125, Reg: 0.105560
Iter 260 of 338 Loss: 1.497473, L1(Flow): 1.382905, Reg: 0.114568
Iter 270 of 338 Loss: 1.518823, L1(Flow): 1.394605, Reg: 0.124218
Iter 280 of 338 Loss: 1.433484, L1(Flow): 1.325705, Reg: 0.107779
Iter 290 of 338 Loss: 1.426642, L1(Flow): 1.319872, Reg: 0.106770
Iter 300 of 338 Loss: 1.408000, L1(Flow): 1.311668, Reg: 0.096332
Iter 310 of 338 Loss: 1.420830, L1(Flow): 1.326149, Reg: 0.094681
Iter 320 of 338 Loss: 1.420008, L1(Flow): 1.321275, Reg: 0.098734
Iter 330 of 338 Loss: 1.388333, L1(Flow): 1.280961, Reg: 0.107371
Epoch 68 Loss: 1.435885
Epoch 68 Validation: Mean EPE: 2.9036, Mean SSIM: 0.3834, Mean ZNCC: 0.6413
--> Saved to Top 5 best models (EPE: 2.9036)
--> New absolute BEST model updated with EPE: 2.9036
Epoch 69 starts
Iter 10 of 338 Loss: 1.475163, L1(Flow): 1.354992, Reg: 0.120170
Iter 20 of 338 Loss: 1.399513, L1(Flow): 1.293212, Reg: 0.106301
Iter 30 of 338 Loss: 1.470064, L1(Flow): 1.361314, Reg: 0.108750
Iter 40 of 338 Loss: 1.423901, L1(Flow): 1.318994, Reg: 0.104908
Iter 50 of 338 Loss: 1.478524, L1(Flow): 1.362325, Reg: 0.116199
Iter 60 of 338 Loss: 1.393807, L1(Flow): 1.279209, Reg: 0.114599
Iter 70 of 338 Loss: 1.322394, L1(Flow): 1.223041, Reg: 0.099353
Iter 80 of 338 Loss: 1.551450, L1(Flow): 1.423104, Reg: 0.128346
Iter 90 of 338 Loss: 1.434566, L1(Flow): 1.317282, Reg: 0.117284
Iter 100 of 338 Loss: 1.490419, L1(Flow): 1.375945, Reg: 0.114474
Iter 110 of 338 Loss: 1.370882, L1(Flow): 1.275924, Reg: 0.094958
Iter 120 of 338 Loss: 1.440297, L1(Flow): 1.330146, Reg: 0.110150
Iter 130 of 338 Loss: 1.321168, L1(Flow): 1.220238, Reg: 0.100930
Iter 140 of 338 Loss: 1.427041, L1(Flow): 1.326584, Reg: 0.100457
Iter 150 of 338 Loss: 1.467496, L1(Flow): 1.354530, Reg: 0.112966
Iter 160 of 338 Loss: 1.298623, L1(Flow): 1.206898, Reg: 0.091726
Iter 170 of 338 Loss: 1.507009, L1(Flow): 1.386125, Reg: 0.120884
Iter 180 of 338 Loss: 1.390575, L1(Flow): 1.290447, Reg: 0.100128
Iter 190 of 338 Loss: 1.455469, L1(Flow): 1.337223, Reg: 0.118246
Iter 200 of 338 Loss: 1.462840, L1(Flow): 1.345913, Reg: 0.116927
Iter 210 of 338 Loss: 1.498716, L1(Flow): 1.378580, Reg: 0.120136
Iter 220 of 338 Loss: 1.399202, L1(Flow): 1.294020, Reg: 0.105182
Iter 230 of 338 Loss: 1.459335, L1(Flow): 1.350105, Reg: 0.109230
Iter 240 of 338 Loss: 1.442807, L1(Flow): 1.330741, Reg: 0.112066
Iter 250 of 338 Loss: 1.472639, L1(Flow): 1.360510, Reg: 0.112130
Iter 260 of 338 Loss: 1.380163, L1(Flow): 1.278978, Reg: 0.101185
Iter 270 of 338 Loss: 1.347905, L1(Flow): 1.246699, Reg: 0.101205
Iter 280 of 338 Loss: 1.338171, L1(Flow): 1.238499, Reg: 0.099672
Iter 290 of 338 Loss: 1.470542, L1(Flow): 1.358971, Reg: 0.111570
Iter 300 of 338 Loss: 1.461128, L1(Flow): 1.354392, Reg: 0.106735
Iter 310 of 338 Loss: 1.452815, L1(Flow): 1.340841, Reg: 0.111973
Iter 320 of 338 Loss: 1.504101, L1(Flow): 1.383877, Reg: 0.120223
Iter 330 of 338 Loss: 1.423475, L1(Flow): 1.313960, Reg: 0.109516
Epoch 69 Loss: 1.414381
Epoch 69 Validation: Mean EPE: 2.9158, Mean SSIM: 0.3830, Mean ZNCC: 0.6413
--> Saved to Top 5 best models (EPE: 2.9158)
Epoch 70 starts
Iter 10 of 338 Loss: 1.384530, L1(Flow): 1.286291, Reg: 0.098239
Iter 20 of 338 Loss: 1.355702, L1(Flow): 1.252258, Reg: 0.103444
Iter 30 of 338 Loss: 1.427258, L1(Flow): 1.314547, Reg: 0.112711
Iter 40 of 338 Loss: 1.370714, L1(Flow): 1.274497, Reg: 0.096217
Iter 50 of 338 Loss: 1.327779, L1(Flow): 1.235910, Reg: 0.091869
Iter 60 of 338 Loss: 1.365958, L1(Flow): 1.257976, Reg: 0.107981
Iter 70 of 338 Loss: 1.419657, L1(Flow): 1.300264, Reg: 0.119394
Iter 80 of 338 Loss: 1.403884, L1(Flow): 1.293240, Reg: 0.110644
Iter 90 of 338 Loss: 1.469262, L1(Flow): 1.359815, Reg: 0.109447
Iter 100 of 338 Loss: 1.352843, L1(Flow): 1.256528, Reg: 0.096315
Iter 110 of 338 Loss: 1.431396, L1(Flow): 1.332976, Reg: 0.098420
Iter 120 of 338 Loss: 1.381555, L1(Flow): 1.292586, Reg: 0.088969
Iter 130 of 338 Loss: 1.454864, L1(Flow): 1.352168, Reg: 0.102696
Iter 140 of 338 Loss: 1.432528, L1(Flow): 1.319952, Reg: 0.112576
Iter 150 of 338 Loss: 1.345591, L1(Flow): 1.245255, Reg: 0.100337
Iter 160 of 338 Loss: 1.355990, L1(Flow): 1.256735, Reg: 0.099255
Iter 170 of 338 Loss: 1.359746, L1(Flow): 1.252104, Reg: 0.107642
Iter 180 of 338 Loss: 1.471119, L1(Flow): 1.356544, Reg: 0.114575
Iter 190 of 338 Loss: 1.364748, L1(Flow): 1.269454, Reg: 0.095294
Iter 200 of 338 Loss: 1.348994, L1(Flow): 1.250435, Reg: 0.098559
Iter 210 of 338 Loss: 1.363099, L1(Flow): 1.264856, Reg: 0.098243
Iter 220 of 338 Loss: 1.439324, L1(Flow): 1.329910, Reg: 0.109414
Iter 230 of 338 Loss: 1.463004, L1(Flow): 1.356189, Reg: 0.106815
Iter 240 of 338 Loss: 1.432014, L1(Flow): 1.319929, Reg: 0.112086
Iter 250 of 338 Loss: 1.434795, L1(Flow): 1.318875, Reg: 0.115921
Iter 260 of 338 Loss: 1.375223, L1(Flow): 1.269365, Reg: 0.105858
Iter 270 of 338 Loss: 1.369998, L1(Flow): 1.272758, Reg: 0.097240
Iter 280 of 338 Loss: 1.487649, L1(Flow): 1.367344, Reg: 0.120306
Iter 290 of 338 Loss: 1.439049, L1(Flow): 1.320471, Reg: 0.118578
Iter 300 of 338 Loss: 1.485462, L1(Flow): 1.370507, Reg: 0.114954
Iter 310 of 338 Loss: 1.449120, L1(Flow): 1.342970, Reg: 0.106150
Iter 320 of 338 Loss: 1.367942, L1(Flow): 1.261415, Reg: 0.106527
Iter 330 of 338 Loss: 1.423287, L1(Flow): 1.313704, Reg: 0.109583
Epoch 70 Loss: 1.400745
Epoch 70 Validation: Mean EPE: 2.9023, Mean SSIM: 0.3842, Mean ZNCC: 0.6418
--> Saved to Top 5 best models (EPE: 2.9023)
--> New absolute BEST model updated with EPE: 2.9023
Epoch 71 starts
Iter 10 of 338 Loss: 1.506419, L1(Flow): 1.391538, Reg: 0.114881
Iter 20 of 338 Loss: 1.394585, L1(Flow): 1.287002, Reg: 0.107583
Iter 30 of 338 Loss: 1.435638, L1(Flow): 1.326456, Reg: 0.109182
Iter 40 of 338 Loss: 1.433525, L1(Flow): 1.327646, Reg: 0.105879
Iter 50 of 338 Loss: 1.404795, L1(Flow): 1.297606, Reg: 0.107190
Iter 60 of 338 Loss: 1.412526, L1(Flow): 1.297158, Reg: 0.115368
Iter 70 of 338 Loss: 1.436770, L1(Flow): 1.332793, Reg: 0.103977
Iter 80 of 338 Loss: 1.407177, L1(Flow): 1.299707, Reg: 0.107470
Iter 90 of 338 Loss: 1.470227, L1(Flow): 1.349652, Reg: 0.120575
Iter 100 of 338 Loss: 1.377401, L1(Flow): 1.273516, Reg: 0.103885
Iter 110 of 338 Loss: 1.401788, L1(Flow): 1.297284, Reg: 0.104504
Iter 120 of 338 Loss: 1.436219, L1(Flow): 1.327780, Reg: 0.108440
Iter 130 of 338 Loss: 1.395599, L1(Flow): 1.288220, Reg: 0.107379
Iter 140 of 338 Loss: 1.320778, L1(Flow): 1.222587, Reg: 0.098191
Iter 150 of 338 Loss: 1.341738, L1(Flow): 1.249571, Reg: 0.092167
Iter 160 of 338 Loss: 1.354461, L1(Flow): 1.254631, Reg: 0.099829
Iter 170 of 338 Loss: 1.360019, L1(Flow): 1.258395, Reg: 0.101624
Iter 180 of 338 Loss: 1.454065, L1(Flow): 1.343412, Reg: 0.110653
Iter 190 of 338 Loss: 1.370347, L1(Flow): 1.268982, Reg: 0.101365
Iter 200 of 338 Loss: 1.407390, L1(Flow): 1.293857, Reg: 0.113533
Iter 210 of 338 Loss: 1.331267, L1(Flow): 1.224710, Reg: 0.106558
Iter 220 of 338 Loss: 1.262455, L1(Flow): 1.171549, Reg: 0.090906
Iter 230 of 338 Loss: 1.421839, L1(Flow): 1.310014, Reg: 0.111825
Iter 240 of 338 Loss: 1.415529, L1(Flow): 1.305521, Reg: 0.110008
Iter 250 of 338 Loss: 1.380772, L1(Flow): 1.273608, Reg: 0.107164
Iter 260 of 338 Loss: 1.383590, L1(Flow): 1.283867, Reg: 0.099723
Iter 270 of 338 Loss: 1.362634, L1(Flow): 1.267074, Reg: 0.095560
Iter 280 of 338 Loss: 1.298381, L1(Flow): 1.200955, Reg: 0.097425
Iter 290 of 338 Loss: 1.402662, L1(Flow): 1.300900, Reg: 0.101762
Iter 300 of 338 Loss: 1.351485, L1(Flow): 1.245320, Reg: 0.106165
Iter 310 of 338 Loss: 1.367341, L1(Flow): 1.259253, Reg: 0.108088
Iter 320 of 338 Loss: 1.353582, L1(Flow): 1.244223, Reg: 0.109360
Iter 330 of 338 Loss: 1.323295, L1(Flow): 1.229170, Reg: 0.094125
Epoch 71 Loss: 1.388098
Epoch 71 Validation: Mean EPE: 2.8849, Mean SSIM: 0.3840, Mean ZNCC: 0.6419
--> Saved to Top 5 best models (EPE: 2.8849)
--> New absolute BEST model updated with EPE: 2.8849
Epoch 72 starts
Iter 10 of 338 Loss: 1.348672, L1(Flow): 1.243592, Reg: 0.105080
Iter 20 of 338 Loss: 1.391756, L1(Flow): 1.278613, Reg: 0.113143
Iter 30 of 338 Loss: 1.322631, L1(Flow): 1.230575, Reg: 0.092056
Iter 40 of 338 Loss: 1.330019, L1(Flow): 1.231628, Reg: 0.098390
Iter 50 of 338 Loss: 1.425792, L1(Flow): 1.324349, Reg: 0.101443
Iter 60 of 338 Loss: 1.393249, L1(Flow): 1.287062, Reg: 0.106188
Iter 70 of 338 Loss: 1.456588, L1(Flow): 1.352430, Reg: 0.104158
Iter 80 of 338 Loss: 1.407543, L1(Flow): 1.286235, Reg: 0.121308
Iter 90 of 338 Loss: 1.423185, L1(Flow): 1.312361, Reg: 0.110824
Iter 100 of 338 Loss: 1.399541, L1(Flow): 1.277381, Reg: 0.122160
Iter 110 of 338 Loss: 1.419851, L1(Flow): 1.306086, Reg: 0.113765
Iter 120 of 338 Loss: 1.360198, L1(Flow): 1.258108, Reg: 0.102089
Iter 130 of 338 Loss: 1.322824, L1(Flow): 1.212604, Reg: 0.110220
Iter 140 of 338 Loss: 1.313875, L1(Flow): 1.217893, Reg: 0.095982
Iter 150 of 338 Loss: 1.362773, L1(Flow): 1.257811, Reg: 0.104962
Iter 160 of 338 Loss: 1.359356, L1(Flow): 1.247474, Reg: 0.111882
Iter 170 of 338 Loss: 1.273726, L1(Flow): 1.174954, Reg: 0.098772
Iter 180 of 338 Loss: 1.446903, L1(Flow): 1.338713, Reg: 0.108191
Iter 190 of 338 Loss: 1.355856, L1(Flow): 1.248799, Reg: 0.107057
Iter 200 of 338 Loss: 1.484061, L1(Flow): 1.370066, Reg: 0.113995
Iter 210 of 338 Loss: 1.346057, L1(Flow): 1.247527, Reg: 0.098530
Iter 220 of 338 Loss: 1.553903, L1(Flow): 1.436284, Reg: 0.117619
Iter 230 of 338 Loss: 1.394015, L1(Flow): 1.283562, Reg: 0.110453
Iter 240 of 338 Loss: 1.479392, L1(Flow): 1.370165, Reg: 0.109227
Iter 250 of 338 Loss: 1.416752, L1(Flow): 1.310178, Reg: 0.106574
Iter 260 of 338 Loss: 1.330808, L1(Flow): 1.232309, Reg: 0.098499
Iter 270 of 338 Loss: 1.401434, L1(Flow): 1.291306, Reg: 0.110128
Iter 280 of 338 Loss: 1.315882, L1(Flow): 1.225616, Reg: 0.090266
Iter 290 of 338 Loss: 1.397718, L1(Flow): 1.291850, Reg: 0.105868
Iter 300 of 338 Loss: 1.334309, L1(Flow): 1.231669, Reg: 0.102640
Iter 310 of 338 Loss: 1.428264, L1(Flow): 1.326091, Reg: 0.102174
Iter 320 of 338 Loss: 1.392462, L1(Flow): 1.291180, Reg: 0.101282
Iter 330 of 338 Loss: 1.419437, L1(Flow): 1.305549, Reg: 0.113888
Epoch 72 Loss: 1.384290
Epoch 72 Validation: Mean EPE: 2.8963, Mean SSIM: 0.3830, Mean ZNCC: 0.6415
--> Saved to Top 5 best models (EPE: 2.8963)
Epoch 73 starts
Iter 10 of 338 Loss: 1.407253, L1(Flow): 1.291592, Reg: 0.115661
Iter 20 of 338 Loss: 1.251002, L1(Flow): 1.149414, Reg: 0.101588
Iter 30 of 338 Loss: 1.426563, L1(Flow): 1.309184, Reg: 0.117379
Iter 40 of 338 Loss: 1.394318, L1(Flow): 1.286014, Reg: 0.108304
Iter 50 of 338 Loss: 1.370744, L1(Flow): 1.261228, Reg: 0.109516
Iter 60 of 338 Loss: 1.299667, L1(Flow): 1.197575, Reg: 0.102092
Iter 70 of 338 Loss: 1.268765, L1(Flow): 1.172461, Reg: 0.096304
Iter 80 of 338 Loss: 1.540234, L1(Flow): 1.406992, Reg: 0.133242
Iter 90 of 338 Loss: 1.495632, L1(Flow): 1.374448, Reg: 0.121184
Iter 100 of 338 Loss: 1.447192, L1(Flow): 1.322761, Reg: 0.124431
Iter 110 of 338 Loss: 1.372159, L1(Flow): 1.267761, Reg: 0.104398
Iter 120 of 338 Loss: 1.349950, L1(Flow): 1.258679, Reg: 0.091270
Iter 130 of 338 Loss: 1.296658, L1(Flow): 1.205873, Reg: 0.090785
Iter 140 of 338 Loss: 1.440413, L1(Flow): 1.331306, Reg: 0.109107
Iter 150 of 338 Loss: 1.415900, L1(Flow): 1.307552, Reg: 0.108349
Iter 160 of 338 Loss: 1.416440, L1(Flow): 1.296682, Reg: 0.119757
Iter 170 of 338 Loss: 1.364064, L1(Flow): 1.257786, Reg: 0.106278
Iter 180 of 338 Loss: 1.319398, L1(Flow): 1.222874, Reg: 0.096524
Iter 190 of 338 Loss: 1.362311, L1(Flow): 1.261292, Reg: 0.101018
Iter 200 of 338 Loss: 1.388584, L1(Flow): 1.276335, Reg: 0.112249
Iter 210 of 338 Loss: 1.408273, L1(Flow): 1.312304, Reg: 0.095969
Iter 220 of 338 Loss: 1.444770, L1(Flow): 1.337536, Reg: 0.107234
Iter 230 of 338 Loss: 1.386370, L1(Flow): 1.281370, Reg: 0.105000
Iter 240 of 338 Loss: 1.350406, L1(Flow): 1.253505, Reg: 0.096900
Iter 250 of 338 Loss: 1.355320, L1(Flow): 1.261870, Reg: 0.093451
Iter 260 of 338 Loss: 1.364171, L1(Flow): 1.257571, Reg: 0.106600
Iter 270 of 338 Loss: 1.362551, L1(Flow): 1.274956, Reg: 0.087595
Iter 280 of 338 Loss: 1.433376, L1(Flow): 1.328302, Reg: 0.105074
Iter 290 of 338 Loss: 1.326537, L1(Flow): 1.221035, Reg: 0.105502
Iter 300 of 338 Loss: 1.332482, L1(Flow): 1.240613, Reg: 0.091869
Iter 310 of 338 Loss: 1.310528, L1(Flow): 1.211516, Reg: 0.099011
Iter 320 of 338 Loss: 1.378108, L1(Flow): 1.271378, Reg: 0.106731
Iter 330 of 338 Loss: 1.453535, L1(Flow): 1.338825, Reg: 0.114709
Epoch 73 Loss: 1.370513
Epoch 73 Validation: Mean EPE: 2.8946, Mean SSIM: 0.3842, Mean ZNCC: 0.6421
--> Saved to Top 5 best models (EPE: 2.8946)
Epoch 74 starts
Iter 10 of 338 Loss: 1.257571, L1(Flow): 1.161540, Reg: 0.096030
Iter 20 of 338 Loss: 1.387819, L1(Flow): 1.289753, Reg: 0.098065
Iter 30 of 338 Loss: 1.373219, L1(Flow): 1.267949, Reg: 0.105270
Iter 40 of 338 Loss: 1.295466, L1(Flow): 1.201739, Reg: 0.093726
Iter 50 of 338 Loss: 1.362677, L1(Flow): 1.258057, Reg: 0.104620
Iter 60 of 338 Loss: 1.392637, L1(Flow): 1.278605, Reg: 0.114031
Iter 70 of 338 Loss: 1.327508, L1(Flow): 1.235234, Reg: 0.092274
Iter 80 of 338 Loss: 1.365731, L1(Flow): 1.267858, Reg: 0.097872
Iter 90 of 338 Loss: 1.354068, L1(Flow): 1.243599, Reg: 0.110469
Iter 100 of 338 Loss: 1.403762, L1(Flow): 1.302591, Reg: 0.101170
Iter 110 of 338 Loss: 1.361281, L1(Flow): 1.257076, Reg: 0.104205
Iter 120 of 338 Loss: 1.264072, L1(Flow): 1.166052, Reg: 0.098020
Iter 130 of 338 Loss: 1.331565, L1(Flow): 1.242902, Reg: 0.088663
Iter 140 of 338 Loss: 1.387158, L1(Flow): 1.264751, Reg: 0.122407
Iter 150 of 338 Loss: 1.282707, L1(Flow): 1.195490, Reg: 0.087217
Iter 160 of 338 Loss: 1.345319, L1(Flow): 1.240595, Reg: 0.104724
Iter 170 of 338 Loss: 1.352772, L1(Flow): 1.258657, Reg: 0.094115
Iter 180 of 338 Loss: 1.431458, L1(Flow): 1.317302, Reg: 0.114156
Iter 190 of 338 Loss: 1.327106, L1(Flow): 1.228981, Reg: 0.098125
Iter 200 of 338 Loss: 1.376563, L1(Flow): 1.273505, Reg: 0.103058
Iter 210 of 338 Loss: 1.419323, L1(Flow): 1.310858, Reg: 0.108465
Iter 220 of 338 Loss: 1.325185, L1(Flow): 1.227271, Reg: 0.097913
Iter 230 of 338 Loss: 1.344006, L1(Flow): 1.233150, Reg: 0.110856
Iter 240 of 338 Loss: 1.436834, L1(Flow): 1.321828, Reg: 0.115005
Iter 250 of 338 Loss: 1.384882, L1(Flow): 1.280283, Reg: 0.104599
Iter 260 of 338 Loss: 1.491052, L1(Flow): 1.372640, Reg: 0.118412
Iter 270 of 338 Loss: 1.430277, L1(Flow): 1.315040, Reg: 0.115237
Iter 280 of 338 Loss: 1.362495, L1(Flow): 1.261455, Reg: 0.101040
Iter 290 of 338 Loss: 1.309087, L1(Flow): 1.220615, Reg: 0.088472
Iter 300 of 338 Loss: 1.342567, L1(Flow): 1.238667, Reg: 0.103900
Iter 310 of 338 Loss: 1.382122, L1(Flow): 1.269101, Reg: 0.113021
Iter 320 of 338 Loss: 1.315247, L1(Flow): 1.210605, Reg: 0.104642
Iter 330 of 338 Loss: 1.322851, L1(Flow): 1.216946, Reg: 0.105905
Epoch 74 Loss: 1.363481
Epoch 74 Validation: Mean EPE: 2.8925, Mean SSIM: 0.3842, Mean ZNCC: 0.6419
--> Saved to Top 5 best models (EPE: 2.8925)
Epoch 75 starts
Iter 10 of 338 Loss: 1.276524, L1(Flow): 1.179903, Reg: 0.096621
Iter 20 of 338 Loss: 1.279263, L1(Flow): 1.179199, Reg: 0.100065
Iter 30 of 338 Loss: 1.364559, L1(Flow): 1.270073, Reg: 0.094486
Iter 40 of 338 Loss: 1.334074, L1(Flow): 1.249559, Reg: 0.084515
Iter 50 of 338 Loss: 1.400497, L1(Flow): 1.289938, Reg: 0.110558
Iter 60 of 338 Loss: 1.374169, L1(Flow): 1.262447, Reg: 0.111722
Iter 70 of 338 Loss: 1.321187, L1(Flow): 1.225103, Reg: 0.096083
Iter 80 of 338 Loss: 1.398162, L1(Flow): 1.283582, Reg: 0.114580
Iter 90 of 338 Loss: 1.290876, L1(Flow): 1.195967, Reg: 0.094909
Iter 100 of 338 Loss: 1.377541, L1(Flow): 1.270838, Reg: 0.106703
Iter 110 of 338 Loss: 1.370800, L1(Flow): 1.259259, Reg: 0.111542
Iter 120 of 338 Loss: 1.414384, L1(Flow): 1.302844, Reg: 0.111540
Iter 130 of 338 Loss: 1.262028, L1(Flow): 1.161527, Reg: 0.100502
Iter 140 of 338 Loss: 1.310239, L1(Flow): 1.216339, Reg: 0.093900
Iter 150 of 338 Loss: 1.355931, L1(Flow): 1.254338, Reg: 0.101594
Iter 160 of 338 Loss: 1.340253, L1(Flow): 1.244725, Reg: 0.095528
Iter 170 of 338 Loss: 1.384009, L1(Flow): 1.278560, Reg: 0.105449
Iter 180 of 338 Loss: 1.351162, L1(Flow): 1.254624, Reg: 0.096539
Iter 190 of 338 Loss: 1.360447, L1(Flow): 1.253168, Reg: 0.107279
Iter 200 of 338 Loss: 1.341889, L1(Flow): 1.238347, Reg: 0.103542
Iter 210 of 338 Loss: 1.476842, L1(Flow): 1.348752, Reg: 0.128090
Iter 220 of 338 Loss: 1.452269, L1(Flow): 1.347403, Reg: 0.104866
Iter 230 of 338 Loss: 1.340993, L1(Flow): 1.236329, Reg: 0.104664
Iter 240 of 338 Loss: 1.338215, L1(Flow): 1.231845, Reg: 0.106370
Iter 250 of 338 Loss: 1.377435, L1(Flow): 1.266804, Reg: 0.110631
Iter 260 of 338 Loss: 1.358968, L1(Flow): 1.257385, Reg: 0.101583
Iter 270 of 338 Loss: 1.334536, L1(Flow): 1.226371, Reg: 0.108165
Iter 280 of 338 Loss: 1.365784, L1(Flow): 1.262435, Reg: 0.103349
Iter 290 of 338 Loss: 1.355243, L1(Flow): 1.260447, Reg: 0.094796
Iter 300 of 338 Loss: 1.190064, L1(Flow): 1.102892, Reg: 0.087172
Iter 310 of 338 Loss: 1.467284, L1(Flow): 1.343450, Reg: 0.123833
Iter 320 of 338 Loss: 1.415591, L1(Flow): 1.293962, Reg: 0.121629
Iter 330 of 338 Loss: 1.317708, L1(Flow): 1.216345, Reg: 0.101363
Epoch 75 Loss: 1.351171
Epoch 75 Validation: Mean EPE: 2.8731, Mean SSIM: 0.3853, Mean ZNCC: 0.6423
--> Saved to Top 5 best models (EPE: 2.8731)
--> New absolute BEST model updated with EPE: 2.8731
Epoch 76 starts
Iter 10 of 338 Loss: 1.283801, L1(Flow): 1.188687, Reg: 0.095114
Iter 20 of 338 Loss: 1.297969, L1(Flow): 1.194649, Reg: 0.103320
Iter 30 of 338 Loss: 1.243777, L1(Flow): 1.156082, Reg: 0.087696
Iter 40 of 338 Loss: 1.275181, L1(Flow): 1.186214, Reg: 0.088968
Iter 50 of 338 Loss: 1.280333, L1(Flow): 1.178810, Reg: 0.101523
Iter 60 of 338 Loss: 1.334963, L1(Flow): 1.230357, Reg: 0.104606
Iter 70 of 338 Loss: 1.341477, L1(Flow): 1.241243, Reg: 0.100234
Iter 80 of 338 Loss: 1.299293, L1(Flow): 1.198407, Reg: 0.100886
Iter 90 of 338 Loss: 1.312968, L1(Flow): 1.213232, Reg: 0.099736
Iter 100 of 338 Loss: 1.286338, L1(Flow): 1.184369, Reg: 0.101969
Iter 110 of 338 Loss: 1.356670, L1(Flow): 1.252089, Reg: 0.104581
Iter 120 of 338 Loss: 1.267540, L1(Flow): 1.177141, Reg: 0.090399
Iter 130 of 338 Loss: 1.327634, L1(Flow): 1.229636, Reg: 0.097998
Iter 140 of 338 Loss: 1.294663, L1(Flow): 1.203249, Reg: 0.091414
Iter 150 of 338 Loss: 1.324767, L1(Flow): 1.221211, Reg: 0.103556
Iter 160 of 338 Loss: 1.339186, L1(Flow): 1.232899, Reg: 0.106287
Iter 170 of 338 Loss: 1.315119, L1(Flow): 1.224198, Reg: 0.090922
Iter 180 of 338 Loss: 1.257457, L1(Flow): 1.170807, Reg: 0.086650
Iter 190 of 338 Loss: 1.308219, L1(Flow): 1.205723, Reg: 0.102496
Iter 200 of 338 Loss: 1.367323, L1(Flow): 1.260813, Reg: 0.106510
Iter 210 of 338 Loss: 1.357733, L1(Flow): 1.249601, Reg: 0.108132
Iter 220 of 338 Loss: 1.297972, L1(Flow): 1.202771, Reg: 0.095201
Iter 230 of 338 Loss: 1.373415, L1(Flow): 1.269609, Reg: 0.103807
Iter 240 of 338 Loss: 1.259925, L1(Flow): 1.169577, Reg: 0.090348
Iter 250 of 338 Loss: 1.244472, L1(Flow): 1.152879, Reg: 0.091593
Iter 260 of 338 Loss: 1.377925, L1(Flow): 1.270679, Reg: 0.107246
Iter 270 of 338 Loss: 1.331279, L1(Flow): 1.229771, Reg: 0.101507
Iter 280 of 338 Loss: 1.334124, L1(Flow): 1.241734, Reg: 0.092389
Iter 290 of 338 Loss: 1.414000, L1(Flow): 1.304673, Reg: 0.109326
Iter 300 of 338 Loss: 1.349634, L1(Flow): 1.248839, Reg: 0.100795
Iter 310 of 338 Loss: 1.362310, L1(Flow): 1.250909, Reg: 0.111401
Iter 320 of 338 Loss: 1.324205, L1(Flow): 1.222150, Reg: 0.102055
Iter 330 of 338 Loss: 1.333056, L1(Flow): 1.227791, Reg: 0.105264
Epoch 76 Loss: 1.335364
Epoch 76 Validation: Mean EPE: 2.8737, Mean SSIM: 0.3852, Mean ZNCC: 0.6424
--> Saved to Top 5 best models (EPE: 2.8737)
Epoch 77 starts
Iter 10 of 338 Loss: 1.327003, L1(Flow): 1.227283, Reg: 0.099720
Iter 20 of 338 Loss: 1.293550, L1(Flow): 1.202579, Reg: 0.090971
Iter 30 of 338 Loss: 1.374090, L1(Flow): 1.268969, Reg: 0.105121
Iter 40 of 338 Loss: 1.375555, L1(Flow): 1.275132, Reg: 0.100423
Iter 50 of 338 Loss: 1.364766, L1(Flow): 1.258675, Reg: 0.106091
Iter 60 of 338 Loss: 1.323178, L1(Flow): 1.216913, Reg: 0.106265
Iter 70 of 338 Loss: 1.325803, L1(Flow): 1.227023, Reg: 0.098780
Iter 80 of 338 Loss: 1.469115, L1(Flow): 1.356067, Reg: 0.113048
Iter 90 of 338 Loss: 1.357808, L1(Flow): 1.253989, Reg: 0.103820
Iter 100 of 338 Loss: 1.307109, L1(Flow): 1.211442, Reg: 0.095668
Iter 110 of 338 Loss: 1.339487, L1(Flow): 1.243880, Reg: 0.095608
Iter 120 of 338 Loss: 1.351738, L1(Flow): 1.250444, Reg: 0.101294
Iter 130 of 338 Loss: 1.375780, L1(Flow): 1.263846, Reg: 0.111934
Iter 140 of 338 Loss: 1.379521, L1(Flow): 1.284097, Reg: 0.095424
Iter 150 of 338 Loss: 1.385746, L1(Flow): 1.276717, Reg: 0.109029
Iter 160 of 338 Loss: 1.378388, L1(Flow): 1.266098, Reg: 0.112290
Iter 170 of 338 Loss: 1.257957, L1(Flow): 1.170488, Reg: 0.087469
Iter 180 of 338 Loss: 1.269079, L1(Flow): 1.176178, Reg: 0.092901
Iter 190 of 338 Loss: 1.297409, L1(Flow): 1.205253, Reg: 0.092157
Iter 200 of 338 Loss: 1.292206, L1(Flow): 1.194860, Reg: 0.097346
Iter 210 of 338 Loss: 1.328211, L1(Flow): 1.228122, Reg: 0.100089
Iter 220 of 338 Loss: 1.368864, L1(Flow): 1.264430, Reg: 0.104434
Iter 230 of 338 Loss: 1.341422, L1(Flow): 1.241633, Reg: 0.099789
Iter 240 of 338 Loss: 1.266804, L1(Flow): 1.167312, Reg: 0.099492
Iter 250 of 338 Loss: 1.309445, L1(Flow): 1.206358, Reg: 0.103088
Iter 260 of 338 Loss: 1.306252, L1(Flow): 1.210095, Reg: 0.096156
Iter 270 of 338 Loss: 1.306860, L1(Flow): 1.208075, Reg: 0.098785
Iter 280 of 338 Loss: 1.394591, L1(Flow): 1.283673, Reg: 0.110918
Iter 290 of 338 Loss: 1.330682, L1(Flow): 1.230752, Reg: 0.099930
Iter 300 of 338 Loss: 1.296527, L1(Flow): 1.205605, Reg: 0.090922
Iter 310 of 338 Loss: 1.309621, L1(Flow): 1.211696, Reg: 0.097925
Iter 320 of 338 Loss: 1.391497, L1(Flow): 1.279159, Reg: 0.112338
Iter 330 of 338 Loss: 1.290750, L1(Flow): 1.192205, Reg: 0.098546
Epoch 77 Loss: 1.332421
Epoch 77 Validation: Mean EPE: 2.8972, Mean SSIM: 0.3847, Mean ZNCC: 0.6418
Epoch 78 starts
Iter 10 of 338 Loss: 1.319375, L1(Flow): 1.230725, Reg: 0.088650
Iter 20 of 338 Loss: 1.232866, L1(Flow): 1.143178, Reg: 0.089689
Iter 30 of 338 Loss: 1.358225, L1(Flow): 1.253005, Reg: 0.105220
Iter 40 of 338 Loss: 1.237231, L1(Flow): 1.142769, Reg: 0.094462
Iter 50 of 338 Loss: 1.303447, L1(Flow): 1.208036, Reg: 0.095411
Iter 60 of 338 Loss: 1.294061, L1(Flow): 1.193563, Reg: 0.100498
Iter 70 of 338 Loss: 1.312562, L1(Flow): 1.219492, Reg: 0.093070
Iter 80 of 338 Loss: 1.323235, L1(Flow): 1.221443, Reg: 0.101791
Iter 90 of 338 Loss: 1.274900, L1(Flow): 1.181837, Reg: 0.093063
Iter 100 of 338 Loss: 1.285101, L1(Flow): 1.191984, Reg: 0.093118
Iter 110 of 338 Loss: 1.340590, L1(Flow): 1.244924, Reg: 0.095667
Iter 120 of 338 Loss: 1.369065, L1(Flow): 1.264353, Reg: 0.104712
Iter 130 of 338 Loss: 1.298970, L1(Flow): 1.206122, Reg: 0.092847
Iter 140 of 338 Loss: 1.325999, L1(Flow): 1.233714, Reg: 0.092284
Iter 150 of 338 Loss: 1.224603, L1(Flow): 1.134774, Reg: 0.089829
Iter 160 of 338 Loss: 1.300265, L1(Flow): 1.195487, Reg: 0.104778
Iter 170 of 338 Loss: 1.265687, L1(Flow): 1.176269, Reg: 0.089418
Iter 180 of 338 Loss: 1.198466, L1(Flow): 1.112134, Reg: 0.086332
Iter 190 of 338 Loss: 1.340900, L1(Flow): 1.251809, Reg: 0.089091
Iter 200 of 338 Loss: 1.307913, L1(Flow): 1.208549, Reg: 0.099364
Iter 210 of 338 Loss: 1.391316, L1(Flow): 1.280375, Reg: 0.110941
Iter 220 of 338 Loss: 1.345626, L1(Flow): 1.245731, Reg: 0.099895
Iter 230 of 338 Loss: 1.256150, L1(Flow): 1.161754, Reg: 0.094396
Iter 240 of 338 Loss: 1.381517, L1(Flow): 1.272917, Reg: 0.108599
Iter 250 of 338 Loss: 1.325777, L1(Flow): 1.227602, Reg: 0.098176
Iter 260 of 338 Loss: 1.304558, L1(Flow): 1.203371, Reg: 0.101187
Iter 270 of 338 Loss: 1.288519, L1(Flow): 1.193941, Reg: 0.094577
Iter 280 of 338 Loss: 1.259195, L1(Flow): 1.166985, Reg: 0.092210
Iter 290 of 338 Loss: 1.329169, L1(Flow): 1.227411, Reg: 0.101758
Iter 300 of 338 Loss: 1.266564, L1(Flow): 1.166527, Reg: 0.100038
Iter 310 of 338 Loss: 1.341871, L1(Flow): 1.239069, Reg: 0.102802
Iter 320 of 338 Loss: 1.257720, L1(Flow): 1.169114, Reg: 0.088606
Iter 330 of 338 Loss: 1.343745, L1(Flow): 1.244245, Reg: 0.099499
Epoch 78 Loss: 1.316107
Epoch 78 Validation: Mean EPE: 2.8988, Mean SSIM: 0.3839, Mean ZNCC: 0.6415
Epoch 79 starts
Iter 10 of 338 Loss: 1.360633, L1(Flow): 1.260220, Reg: 0.100414
Iter 20 of 338 Loss: 1.305441, L1(Flow): 1.206836, Reg: 0.098606
Iter 30 of 338 Loss: 1.319283, L1(Flow): 1.217408, Reg: 0.101875
Iter 40 of 338 Loss: 1.256251, L1(Flow): 1.168143, Reg: 0.088108
Iter 50 of 338 Loss: 1.274449, L1(Flow): 1.176577, Reg: 0.097872
Iter 60 of 338 Loss: 1.351747, L1(Flow): 1.253730, Reg: 0.098017
Iter 70 of 338 Loss: 1.414308, L1(Flow): 1.315979, Reg: 0.098330
Iter 80 of 338 Loss: 1.306775, L1(Flow): 1.210681, Reg: 0.096094
Iter 90 of 338 Loss: 1.308916, L1(Flow): 1.216293, Reg: 0.092624
Iter 100 of 338 Loss: 1.232157, L1(Flow): 1.144609, Reg: 0.087549
Iter 110 of 338 Loss: 1.236675, L1(Flow): 1.145240, Reg: 0.091435
Iter 120 of 338 Loss: 1.353677, L1(Flow): 1.247731, Reg: 0.105946
Iter 130 of 338 Loss: 1.343534, L1(Flow): 1.238163, Reg: 0.105371
Iter 140 of 338 Loss: 1.335723, L1(Flow): 1.230171, Reg: 0.105553
Iter 150 of 338 Loss: 1.310200, L1(Flow): 1.206485, Reg: 0.103715
Iter 160 of 338 Loss: 1.330114, L1(Flow): 1.221696, Reg: 0.108418
Iter 170 of 338 Loss: 1.365505, L1(Flow): 1.251179, Reg: 0.114325
Iter 180 of 338 Loss: 1.262256, L1(Flow): 1.166943, Reg: 0.095313
Iter 190 of 338 Loss: 1.308082, L1(Flow): 1.206981, Reg: 0.101101
Iter 200 of 338 Loss: 1.331905, L1(Flow): 1.239976, Reg: 0.091929
Iter 210 of 338 Loss: 1.309600, L1(Flow): 1.219099, Reg: 0.090501
Iter 220 of 338 Loss: 1.356866, L1(Flow): 1.251612, Reg: 0.105254
Iter 230 of 338 Loss: 1.353311, L1(Flow): 1.241301, Reg: 0.112009
Iter 240 of 338 Loss: 1.405911, L1(Flow): 1.303584, Reg: 0.102326
Iter 250 of 338 Loss: 1.281438, L1(Flow): 1.172266, Reg: 0.109172
Iter 260 of 338 Loss: 1.230446, L1(Flow): 1.141580, Reg: 0.088867
Iter 270 of 338 Loss: 1.252467, L1(Flow): 1.157337, Reg: 0.095130
Iter 280 of 338 Loss: 1.359023, L1(Flow): 1.263888, Reg: 0.095135
Iter 290 of 338 Loss: 1.283172, L1(Flow): 1.182967, Reg: 0.100206
Iter 300 of 338 Loss: 1.336499, L1(Flow): 1.235883, Reg: 0.100617
Iter 310 of 338 Loss: 1.234864, L1(Flow): 1.143712, Reg: 0.091152
Iter 320 of 338 Loss: 1.373610, L1(Flow): 1.262725, Reg: 0.110885
Iter 330 of 338 Loss: 1.357667, L1(Flow): 1.253795, Reg: 0.103872
Epoch 79 Loss: 1.310680
Epoch 79 Validation: Mean EPE: 2.8852, Mean SSIM: 0.3851, Mean ZNCC: 0.6421
--> Saved to Top 5 best models (EPE: 2.8852)
Epoch 80 starts
Iter 10 of 338 Loss: 1.243704, L1(Flow): 1.149427, Reg: 0.094277
Iter 20 of 338 Loss: 1.313153, L1(Flow): 1.212960, Reg: 0.100193
Iter 30 of 338 Loss: 1.312042, L1(Flow): 1.213977, Reg: 0.098066
Iter 40 of 338 Loss: 1.287579, L1(Flow): 1.198686, Reg: 0.088893
Iter 50 of 338 Loss: 1.333560, L1(Flow): 1.226942, Reg: 0.106617
Iter 60 of 338 Loss: 1.272910, L1(Flow): 1.172700, Reg: 0.100210
Iter 70 of 338 Loss: 1.235840, L1(Flow): 1.143332, Reg: 0.092508
Iter 80 of 338 Loss: 1.361037, L1(Flow): 1.253065, Reg: 0.107972
Iter 90 of 338 Loss: 1.342836, L1(Flow): 1.237321, Reg: 0.105515
Iter 100 of 338 Loss: 1.287625, L1(Flow): 1.188103, Reg: 0.099522
Iter 110 of 338 Loss: 1.271945, L1(Flow): 1.179229, Reg: 0.092716
Iter 120 of 338 Loss: 1.242081, L1(Flow): 1.147995, Reg: 0.094087
Iter 130 of 338 Loss: 1.325750, L1(Flow): 1.223767, Reg: 0.101983
Iter 140 of 338 Loss: 1.328889, L1(Flow): 1.231655, Reg: 0.097234
Iter 150 of 338 Loss: 1.343789, L1(Flow): 1.242107, Reg: 0.101682
Iter 160 of 338 Loss: 1.323548, L1(Flow): 1.235347, Reg: 0.088201
Iter 170 of 338 Loss: 1.384121, L1(Flow): 1.280035, Reg: 0.104086
Iter 180 of 338 Loss: 1.301510, L1(Flow): 1.201307, Reg: 0.100203
Iter 190 of 338 Loss: 1.185940, L1(Flow): 1.092234, Reg: 0.093706
Iter 200 of 338 Loss: 1.458469, L1(Flow): 1.351653, Reg: 0.106816
Iter 210 of 338 Loss: 1.310767, L1(Flow): 1.210655, Reg: 0.100112
Iter 220 of 338 Loss: 1.300344, L1(Flow): 1.201793, Reg: 0.098551
Iter 230 of 338 Loss: 1.325742, L1(Flow): 1.233325, Reg: 0.092417
Iter 240 of 338 Loss: 1.262254, L1(Flow): 1.167489, Reg: 0.094764
Iter 250 of 338 Loss: 1.281050, L1(Flow): 1.191096, Reg: 0.089954
Iter 260 of 338 Loss: 1.213280, L1(Flow): 1.134345, Reg: 0.078935
Iter 270 of 338 Loss: 1.307354, L1(Flow): 1.203346, Reg: 0.104009
Iter 280 of 338 Loss: 1.143821, L1(Flow): 1.062533, Reg: 0.081289
Iter 290 of 338 Loss: 1.304559, L1(Flow): 1.206699, Reg: 0.097859
Iter 300 of 338 Loss: 1.299272, L1(Flow): 1.202900, Reg: 0.096373
Iter 310 of 338 Loss: 1.297005, L1(Flow): 1.195395, Reg: 0.101610
Iter 320 of 338 Loss: 1.298079, L1(Flow): 1.200346, Reg: 0.097733
Iter 330 of 338 Loss: 1.275548, L1(Flow): 1.169400, Reg: 0.106148
Epoch 80 Loss: 1.301336
Epoch 80 Validation: Mean EPE: 2.8902, Mean SSIM: 0.3840, Mean ZNCC: 0.6417
--> Saved to Top 5 best models (EPE: 2.8902)
Epoch 81 starts
Iter 10 of 338 Loss: 1.321034, L1(Flow): 1.216866, Reg: 0.104168
Iter 20 of 338 Loss: 1.313046, L1(Flow): 1.224143, Reg: 0.088903
Iter 30 of 338 Loss: 1.362457, L1(Flow): 1.267666, Reg: 0.094791
Iter 40 of 338 Loss: 1.391181, L1(Flow): 1.291872, Reg: 0.099309
Iter 50 of 338 Loss: 1.367161, L1(Flow): 1.263714, Reg: 0.103447
Iter 60 of 338 Loss: 1.316735, L1(Flow): 1.216589, Reg: 0.100146
Iter 70 of 338 Loss: 1.321928, L1(Flow): 1.218550, Reg: 0.103378
Iter 80 of 338 Loss: 1.264627, L1(Flow): 1.159698, Reg: 0.104929
Iter 90 of 338 Loss: 1.273253, L1(Flow): 1.177847, Reg: 0.095406
Iter 100 of 338 Loss: 1.199912, L1(Flow): 1.103895, Reg: 0.096018
Iter 110 of 338 Loss: 1.261165, L1(Flow): 1.164174, Reg: 0.096991
Iter 120 of 338 Loss: 1.267086, L1(Flow): 1.180557, Reg: 0.086529
Iter 130 of 338 Loss: 1.312737, L1(Flow): 1.206482, Reg: 0.106255
Iter 140 of 338 Loss: 1.327639, L1(Flow): 1.234345, Reg: 0.093295
Iter 150 of 338 Loss: 1.281648, L1(Flow): 1.183535, Reg: 0.098114
Iter 160 of 338 Loss: 1.265579, L1(Flow): 1.171075, Reg: 0.094504
Iter 170 of 338 Loss: 1.336345, L1(Flow): 1.229576, Reg: 0.106769
Iter 180 of 338 Loss: 1.338052, L1(Flow): 1.233434, Reg: 0.104618
Iter 190 of 338 Loss: 1.239930, L1(Flow): 1.147815, Reg: 0.092115
Iter 200 of 338 Loss: 1.217956, L1(Flow): 1.137302, Reg: 0.080654
Iter 210 of 338 Loss: 1.322588, L1(Flow): 1.217101, Reg: 0.105487
Iter 220 of 338 Loss: 1.243344, L1(Flow): 1.158951, Reg: 0.084393
Iter 230 of 338 Loss: 1.210145, L1(Flow): 1.127990, Reg: 0.082155
Iter 240 of 338 Loss: 1.271951, L1(Flow): 1.184928, Reg: 0.087023
Iter 250 of 338 Loss: 1.241251, L1(Flow): 1.148916, Reg: 0.092336
Iter 260 of 338 Loss: 1.323954, L1(Flow): 1.229489, Reg: 0.094465
Iter 270 of 338 Loss: 1.276850, L1(Flow): 1.182456, Reg: 0.094394
Iter 280 of 338 Loss: 1.280939, L1(Flow): 1.180007, Reg: 0.100933
Iter 290 of 338 Loss: 1.286695, L1(Flow): 1.194670, Reg: 0.092024
Iter 300 of 338 Loss: 1.263718, L1(Flow): 1.168036, Reg: 0.095682
Iter 310 of 338 Loss: 1.258409, L1(Flow): 1.170235, Reg: 0.088174
Iter 320 of 338 Loss: 1.315394, L1(Flow): 1.208801, Reg: 0.106593
Iter 330 of 338 Loss: 1.276122, L1(Flow): 1.176343, Reg: 0.099780
Epoch 81 Loss: 1.297870
Epoch 81 Validation: Mean EPE: 2.8769, Mean SSIM: 0.3862, Mean ZNCC: 0.6429
--> Saved to Top 5 best models (EPE: 2.8769)
Epoch 82 starts
Iter 10 of 338 Loss: 1.224249, L1(Flow): 1.134940, Reg: 0.089309
Iter 20 of 338 Loss: 1.288960, L1(Flow): 1.193274, Reg: 0.095686
Iter 30 of 338 Loss: 1.331726, L1(Flow): 1.223167, Reg: 0.108559
Iter 40 of 338 Loss: 1.231085, L1(Flow): 1.138078, Reg: 0.093007
Iter 50 of 338 Loss: 1.309348, L1(Flow): 1.207330, Reg: 0.102019
Iter 60 of 338 Loss: 1.312107, L1(Flow): 1.206069, Reg: 0.106038
Iter 70 of 338 Loss: 1.230898, L1(Flow): 1.141432, Reg: 0.089466
Iter 80 of 338 Loss: 1.275089, L1(Flow): 1.186130, Reg: 0.088959
Iter 90 of 338 Loss: 1.306234, L1(Flow): 1.203736, Reg: 0.102498
Iter 100 of 338 Loss: 1.307782, L1(Flow): 1.213223, Reg: 0.094559
Iter 110 of 338 Loss: 1.362051, L1(Flow): 1.261335, Reg: 0.100716
Iter 120 of 338 Loss: 1.350352, L1(Flow): 1.252566, Reg: 0.097787
Iter 130 of 338 Loss: 1.339951, L1(Flow): 1.228795, Reg: 0.111156
Iter 140 of 338 Loss: 1.244313, L1(Flow): 1.150959, Reg: 0.093354
Iter 150 of 338 Loss: 1.237955, L1(Flow): 1.142350, Reg: 0.095606
Iter 160 of 338 Loss: 1.216808, L1(Flow): 1.127016, Reg: 0.089791
Iter 170 of 338 Loss: 1.195254, L1(Flow): 1.108824, Reg: 0.086429
Iter 180 of 338 Loss: 1.260375, L1(Flow): 1.170025, Reg: 0.090350
Iter 190 of 338 Loss: 1.288822, L1(Flow): 1.194027, Reg: 0.094796
Iter 200 of 338 Loss: 1.392995, L1(Flow): 1.287935, Reg: 0.105059
Iter 210 of 338 Loss: 1.300428, L1(Flow): 1.204452, Reg: 0.095977
Iter 220 of 338 Loss: 1.286883, L1(Flow): 1.193255, Reg: 0.093628
Iter 230 of 338 Loss: 1.292119, L1(Flow): 1.195073, Reg: 0.097046
Iter 240 of 338 Loss: 1.269233, L1(Flow): 1.171196, Reg: 0.098036
Iter 250 of 338 Loss: 1.259873, L1(Flow): 1.169771, Reg: 0.090101
Iter 260 of 338 Loss: 1.245439, L1(Flow): 1.146619, Reg: 0.098820
Iter 270 of 338 Loss: 1.307721, L1(Flow): 1.211915, Reg: 0.095806
Iter 280 of 338 Loss: 1.277193, L1(Flow): 1.190659, Reg: 0.086534
Iter 290 of 338 Loss: 1.258419, L1(Flow): 1.173478, Reg: 0.084941
Iter 300 of 338 Loss: 1.214944, L1(Flow): 1.126627, Reg: 0.088317
Iter 310 of 338 Loss: 1.304558, L1(Flow): 1.205414, Reg: 0.099144
Iter 320 of 338 Loss: 1.299186, L1(Flow): 1.196390, Reg: 0.102796
Iter 330 of 338 Loss: 1.361946, L1(Flow): 1.254031, Reg: 0.107914
Epoch 82 Loss: 1.276865
Epoch 82 Validation: Mean EPE: 2.8788, Mean SSIM: 0.3855, Mean ZNCC: 0.6422
--> Saved to Top 5 best models (EPE: 2.8788)
Epoch 83 starts
Iter 10 of 338 Loss: 1.246651, L1(Flow): 1.156206, Reg: 0.090445
Iter 20 of 338 Loss: 1.256700, L1(Flow): 1.157164, Reg: 0.099536
Iter 30 of 338 Loss: 1.312292, L1(Flow): 1.212070, Reg: 0.100222
Iter 40 of 338 Loss: 1.250995, L1(Flow): 1.154736, Reg: 0.096259
Iter 50 of 338 Loss: 1.214803, L1(Flow): 1.123617, Reg: 0.091186
Iter 60 of 338 Loss: 1.250865, L1(Flow): 1.160280, Reg: 0.090586
Iter 70 of 338 Loss: 1.269963, L1(Flow): 1.185104, Reg: 0.084859
Iter 80 of 338 Loss: 1.273964, L1(Flow): 1.175214, Reg: 0.098751
Iter 90 of 338 Loss: 1.256483, L1(Flow): 1.162487, Reg: 0.093996
Iter 100 of 338 Loss: 1.249958, L1(Flow): 1.148529, Reg: 0.101429
Iter 110 of 338 Loss: 1.334383, L1(Flow): 1.225141, Reg: 0.109241
Iter 120 of 338 Loss: 1.254532, L1(Flow): 1.155393, Reg: 0.099139
Iter 130 of 338 Loss: 1.247610, L1(Flow): 1.153892, Reg: 0.093718
Iter 140 of 338 Loss: 1.194595, L1(Flow): 1.111628, Reg: 0.082967
Iter 150 of 338 Loss: 1.303275, L1(Flow): 1.201775, Reg: 0.101500
Iter 160 of 338 Loss: 1.287293, L1(Flow): 1.183900, Reg: 0.103393
Iter 170 of 338 Loss: 1.312154, L1(Flow): 1.214202, Reg: 0.097952
Iter 180 of 338 Loss: 1.350614, L1(Flow): 1.239984, Reg: 0.110629
Iter 190 of 338 Loss: 1.283667, L1(Flow): 1.188370, Reg: 0.095297
Iter 200 of 338 Loss: 1.257765, L1(Flow): 1.161122, Reg: 0.096644
Iter 210 of 338 Loss: 1.257499, L1(Flow): 1.166134, Reg: 0.091364
Iter 220 of 338 Loss: 1.320782, L1(Flow): 1.216182, Reg: 0.104600
Iter 230 of 338 Loss: 1.392267, L1(Flow): 1.281422, Reg: 0.110844
Iter 240 of 338 Loss: 1.263795, L1(Flow): 1.164749, Reg: 0.099046
Iter 250 of 338 Loss: 1.239606, L1(Flow): 1.147298, Reg: 0.092309
Iter 260 of 338 Loss: 1.353652, L1(Flow): 1.248143, Reg: 0.105508
Iter 270 of 338 Loss: 1.220800, L1(Flow): 1.136932, Reg: 0.083867
Iter 280 of 338 Loss: 1.233302, L1(Flow): 1.147798, Reg: 0.085505
Iter 290 of 338 Loss: 1.334825, L1(Flow): 1.236605, Reg: 0.098220
Iter 300 of 338 Loss: 1.269047, L1(Flow): 1.171727, Reg: 0.097320
Iter 310 of 338 Loss: 1.232686, L1(Flow): 1.146044, Reg: 0.086642
Iter 320 of 338 Loss: 1.297589, L1(Flow): 1.200969, Reg: 0.096620
Iter 330 of 338 Loss: 1.277166, L1(Flow): 1.178564, Reg: 0.098602
Epoch 83 Loss: 1.265650
Epoch 83 Validation: Mean EPE: 2.8927, Mean SSIM: 0.3841, Mean ZNCC: 0.6416
Epoch 84 starts
Iter 10 of 338 Loss: 1.237355, L1(Flow): 1.148559, Reg: 0.088796
Iter 20 of 338 Loss: 1.293081, L1(Flow): 1.194961, Reg: 0.098120
Iter 30 of 338 Loss: 1.254924, L1(Flow): 1.161639, Reg: 0.093285
Iter 40 of 338 Loss: 1.231660, L1(Flow): 1.141560, Reg: 0.090100
Iter 50 of 338 Loss: 1.246991, L1(Flow): 1.158965, Reg: 0.088026
Iter 60 of 338 Loss: 1.281528, L1(Flow): 1.185570, Reg: 0.095958
Iter 70 of 338 Loss: 1.223537, L1(Flow): 1.137522, Reg: 0.086015
Iter 80 of 338 Loss: 1.234882, L1(Flow): 1.143010, Reg: 0.091872
Iter 90 of 338 Loss: 1.285980, L1(Flow): 1.184256, Reg: 0.101724
Iter 100 of 338 Loss: 1.320462, L1(Flow): 1.220547, Reg: 0.099915
Iter 110 of 338 Loss: 1.332233, L1(Flow): 1.222591, Reg: 0.109642
Iter 120 of 338 Loss: 1.256902, L1(Flow): 1.158463, Reg: 0.098439
Iter 130 of 338 Loss: 1.254429, L1(Flow): 1.161115, Reg: 0.093314
Iter 140 of 338 Loss: 1.255317, L1(Flow): 1.155498, Reg: 0.099819
Iter 150 of 338 Loss: 1.245599, L1(Flow): 1.148643, Reg: 0.096956
Iter 160 of 338 Loss: 1.188925, L1(Flow): 1.108752, Reg: 0.080173
Iter 170 of 338 Loss: 1.248502, L1(Flow): 1.152078, Reg: 0.096424
Iter 180 of 338 Loss: 1.276064, L1(Flow): 1.178086, Reg: 0.097979
Iter 190 of 338 Loss: 1.273782, L1(Flow): 1.174886, Reg: 0.098896
Iter 200 of 338 Loss: 1.234391, L1(Flow): 1.149019, Reg: 0.085373
Iter 210 of 338 Loss: 1.337528, L1(Flow): 1.248792, Reg: 0.088735
Iter 220 of 338 Loss: 1.257532, L1(Flow): 1.166296, Reg: 0.091236
Iter 230 of 338 Loss: 1.179720, L1(Flow): 1.096955, Reg: 0.082765
Iter 240 of 338 Loss: 1.336655, L1(Flow): 1.231193, Reg: 0.105463
Iter 250 of 338 Loss: 1.312049, L1(Flow): 1.216880, Reg: 0.095169
Iter 260 of 338 Loss: 1.298977, L1(Flow): 1.200022, Reg: 0.098955
Iter 270 of 338 Loss: 1.278905, L1(Flow): 1.188235, Reg: 0.090670
Iter 280 of 338 Loss: 1.272771, L1(Flow): 1.174854, Reg: 0.097917
Iter 290 of 338 Loss: 1.230244, L1(Flow): 1.143265, Reg: 0.086979
Iter 300 of 338 Loss: 1.364758, L1(Flow): 1.263072, Reg: 0.101686
Iter 310 of 338 Loss: 1.288374, L1(Flow): 1.188458, Reg: 0.099917
Iter 320 of 338 Loss: 1.257395, L1(Flow): 1.158111, Reg: 0.099284
Iter 330 of 338 Loss: 1.268060, L1(Flow): 1.168079, Reg: 0.099981
Epoch 84 Loss: 1.263738
Epoch 84 Validation: Mean EPE: 2.8691, Mean SSIM: 0.3871, Mean ZNCC: 0.6426
--> Saved to Top 5 best models (EPE: 2.8691)
--> New absolute BEST model updated with EPE: 2.8691
Epoch 85 starts
Iter 10 of 338 Loss: 1.165603, L1(Flow): 1.088573, Reg: 0.077030
Iter 20 of 338 Loss: 1.264416, L1(Flow): 1.173824, Reg: 0.090591
Iter 30 of 338 Loss: 1.233397, L1(Flow): 1.143769, Reg: 0.089628
Iter 40 of 338 Loss: 1.226704, L1(Flow): 1.127177, Reg: 0.099528
Iter 50 of 338 Loss: 1.094074, L1(Flow): 1.019406, Reg: 0.074668
Iter 60 of 338 Loss: 1.115103, L1(Flow): 1.030899, Reg: 0.084204
Iter 70 of 338 Loss: 1.320112, L1(Flow): 1.215446, Reg: 0.104666
Iter 80 of 338 Loss: 1.277475, L1(Flow): 1.180777, Reg: 0.096698
Iter 90 of 338 Loss: 1.179700, L1(Flow): 1.093546, Reg: 0.086155
Iter 100 of 338 Loss: 1.181466, L1(Flow): 1.098442, Reg: 0.083024
Iter 110 of 338 Loss: 1.210357, L1(Flow): 1.119884, Reg: 0.090472
Iter 120 of 338 Loss: 1.248583, L1(Flow): 1.150310, Reg: 0.098273
Iter 130 of 338 Loss: 1.285370, L1(Flow): 1.192328, Reg: 0.093042
Iter 140 of 338 Loss: 1.183102, L1(Flow): 1.091798, Reg: 0.091304
Iter 150 of 338 Loss: 1.184762, L1(Flow): 1.099459, Reg: 0.085303
Iter 160 of 338 Loss: 1.237460, L1(Flow): 1.147245, Reg: 0.090214
Iter 170 of 338 Loss: 1.283121, L1(Flow): 1.184542, Reg: 0.098579
Iter 180 of 338 Loss: 1.243034, L1(Flow): 1.148515, Reg: 0.094519
Iter 190 of 338 Loss: 1.261358, L1(Flow): 1.160166, Reg: 0.101192
Iter 200 of 338 Loss: 1.202699, L1(Flow): 1.127413, Reg: 0.075285
Iter 210 of 338 Loss: 1.296243, L1(Flow): 1.193156, Reg: 0.103088
Iter 220 of 338 Loss: 1.241352, L1(Flow): 1.147774, Reg: 0.093578
Iter 230 of 338 Loss: 1.250823, L1(Flow): 1.156507, Reg: 0.094316
Iter 240 of 338 Loss: 1.203533, L1(Flow): 1.125866, Reg: 0.077667
Iter 250 of 338 Loss: 1.268552, L1(Flow): 1.164206, Reg: 0.104346
Iter 260 of 338 Loss: 1.209961, L1(Flow): 1.124264, Reg: 0.085697
Iter 270 of 338 Loss: 1.297313, L1(Flow): 1.198771, Reg: 0.098541
Iter 280 of 338 Loss: 1.198375, L1(Flow): 1.101793, Reg: 0.096582
Iter 290 of 338 Loss: 1.268316, L1(Flow): 1.168498, Reg: 0.099818
Iter 300 of 338 Loss: 1.225447, L1(Flow): 1.133691, Reg: 0.091756
Iter 310 of 338 Loss: 1.187351, L1(Flow): 1.106451, Reg: 0.080900
Iter 320 of 338 Loss: 1.222596, L1(Flow): 1.136564, Reg: 0.086032
Iter 330 of 338 Loss: 1.301847, L1(Flow): 1.194140, Reg: 0.107708
Epoch 85 Loss: 1.251895
Epoch 85 Validation: Mean EPE: 2.8444, Mean SSIM: 0.3876, Mean ZNCC: 0.6432
--> Saved to Top 5 best models (EPE: 2.8444)
--> New absolute BEST model updated with EPE: 2.8444
Epoch 86 starts
Iter 10 of 338 Loss: 1.164646, L1(Flow): 1.075308, Reg: 0.089338
Iter 20 of 338 Loss: 1.230417, L1(Flow): 1.140762, Reg: 0.089655
Iter 30 of 338 Loss: 1.225077, L1(Flow): 1.132778, Reg: 0.092299
Iter 40 of 338 Loss: 1.204086, L1(Flow): 1.116237, Reg: 0.087849
Iter 50 of 338 Loss: 1.134914, L1(Flow): 1.047927, Reg: 0.086987
Iter 60 of 338 Loss: 1.219689, L1(Flow): 1.127127, Reg: 0.092562
Iter 70 of 338 Loss: 1.157317, L1(Flow): 1.073932, Reg: 0.083385
Iter 80 of 338 Loss: 1.208381, L1(Flow): 1.119685, Reg: 0.088696
Iter 90 of 338 Loss: 1.220406, L1(Flow): 1.136982, Reg: 0.083424
Iter 100 of 338 Loss: 1.302580, L1(Flow): 1.207692, Reg: 0.094888
Iter 110 of 338 Loss: 1.248350, L1(Flow): 1.154454, Reg: 0.093896
Iter 120 of 338 Loss: 1.204504, L1(Flow): 1.113531, Reg: 0.090973
Iter 130 of 338 Loss: 1.273002, L1(Flow): 1.176759, Reg: 0.096242
Iter 140 of 338 Loss: 1.259243, L1(Flow): 1.163693, Reg: 0.095550
Iter 150 of 338 Loss: 1.275823, L1(Flow): 1.171785, Reg: 0.104038
Iter 160 of 338 Loss: 1.172985, L1(Flow): 1.087326, Reg: 0.085659
Iter 170 of 338 Loss: 1.252549, L1(Flow): 1.162525, Reg: 0.090024
Iter 180 of 338 Loss: 1.338995, L1(Flow): 1.235697, Reg: 0.103298
Iter 190 of 338 Loss: 1.265921, L1(Flow): 1.175275, Reg: 0.090645
Iter 200 of 338 Loss: 1.267335, L1(Flow): 1.174444, Reg: 0.092891
Iter 210 of 338 Loss: 1.200243, L1(Flow): 1.113242, Reg: 0.087001
Iter 220 of 338 Loss: 1.223043, L1(Flow): 1.137292, Reg: 0.085751
Iter 230 of 338 Loss: 1.250150, L1(Flow): 1.153240, Reg: 0.096910
Iter 240 of 338 Loss: 1.144514, L1(Flow): 1.054864, Reg: 0.089650
Iter 250 of 338 Loss: 1.164071, L1(Flow): 1.075991, Reg: 0.088081
Iter 260 of 338 Loss: 1.290261, L1(Flow): 1.188823, Reg: 0.101438
Iter 270 of 338 Loss: 1.306638, L1(Flow): 1.208914, Reg: 0.097724
Iter 280 of 338 Loss: 1.283337, L1(Flow): 1.183701, Reg: 0.099636
Iter 290 of 338 Loss: 1.316001, L1(Flow): 1.215742, Reg: 0.100259
Iter 300 of 338 Loss: 1.207298, L1(Flow): 1.119339, Reg: 0.087959
Iter 310 of 338 Loss: 1.190668, L1(Flow): 1.113552, Reg: 0.077116
Iter 320 of 338 Loss: 1.266679, L1(Flow): 1.173348, Reg: 0.093331
Iter 330 of 338 Loss: 1.199740, L1(Flow): 1.111971, Reg: 0.087769
Epoch 86 Loss: 1.240403
Epoch 86 Validation: Mean EPE: 2.8694, Mean SSIM: 0.3859, Mean ZNCC: 0.6426
--> Saved to Top 5 best models (EPE: 2.8694)
Epoch 87 starts
Iter 10 of 338 Loss: 1.277646, L1(Flow): 1.181830, Reg: 0.095816
Iter 20 of 338 Loss: 1.180847, L1(Flow): 1.093063, Reg: 0.087784
Iter 30 of 338 Loss: 1.215081, L1(Flow): 1.123212, Reg: 0.091869
Iter 40 of 338 Loss: 1.270513, L1(Flow): 1.170706, Reg: 0.099807
Iter 50 of 338 Loss: 1.211145, L1(Flow): 1.120194, Reg: 0.090951
Iter 60 of 338 Loss: 1.288081, L1(Flow): 1.189174, Reg: 0.098906
Iter 70 of 338 Loss: 1.221552, L1(Flow): 1.127461, Reg: 0.094091
Iter 80 of 338 Loss: 1.248755, L1(Flow): 1.156466, Reg: 0.092289
Iter 90 of 338 Loss: 1.242239, L1(Flow): 1.147935, Reg: 0.094304
Iter 100 of 338 Loss: 1.311496, L1(Flow): 1.211171, Reg: 0.100326
Iter 110 of 338 Loss: 1.224266, L1(Flow): 1.134303, Reg: 0.089963
Iter 120 of 338 Loss: 1.195538, L1(Flow): 1.114220, Reg: 0.081318
Iter 130 of 338 Loss: 1.203484, L1(Flow): 1.108427, Reg: 0.095057
Iter 140 of 338 Loss: 1.269443, L1(Flow): 1.182104, Reg: 0.087339
Iter 150 of 338 Loss: 1.222800, L1(Flow): 1.125240, Reg: 0.097560
Iter 160 of 338 Loss: 1.344083, L1(Flow): 1.237235, Reg: 0.106848
Iter 170 of 338 Loss: 1.205305, L1(Flow): 1.126710, Reg: 0.078595
Iter 180 of 338 Loss: 1.280761, L1(Flow): 1.187098, Reg: 0.093663
Iter 190 of 338 Loss: 1.163205, L1(Flow): 1.074672, Reg: 0.088534
Iter 200 of 338 Loss: 1.245899, L1(Flow): 1.158722, Reg: 0.087177
Iter 210 of 338 Loss: 1.229842, L1(Flow): 1.130607, Reg: 0.099235
Iter 220 of 338 Loss: 1.262997, L1(Flow): 1.158498, Reg: 0.104499
Iter 230 of 338 Loss: 1.229040, L1(Flow): 1.138076, Reg: 0.090964
Iter 240 of 338 Loss: 1.287782, L1(Flow): 1.199631, Reg: 0.088151
Iter 250 of 338 Loss: 1.295781, L1(Flow): 1.202676, Reg: 0.093105
Iter 260 of 338 Loss: 1.232532, L1(Flow): 1.138155, Reg: 0.094377
Iter 270 of 338 Loss: 1.266903, L1(Flow): 1.166602, Reg: 0.100301
Iter 280 of 338 Loss: 1.224705, L1(Flow): 1.134091, Reg: 0.090613
Iter 290 of 338 Loss: 1.207510, L1(Flow): 1.121774, Reg: 0.085736
Iter 300 of 338 Loss: 1.203500, L1(Flow): 1.104469, Reg: 0.099031
Iter 310 of 338 Loss: 1.248730, L1(Flow): 1.149643, Reg: 0.099087
Iter 320 of 338 Loss: 1.226879, L1(Flow): 1.136656, Reg: 0.090223
Iter 330 of 338 Loss: 1.327734, L1(Flow): 1.222707, Reg: 0.105027
Epoch 87 Loss: 1.232288
Epoch 87 Validation: Mean EPE: 2.8612, Mean SSIM: 0.3869, Mean ZNCC: 0.6430
--> Saved to Top 5 best models (EPE: 2.8612)
Epoch 88 starts
Iter 10 of 338 Loss: 1.242105, L1(Flow): 1.150200, Reg: 0.091904
Iter 20 of 338 Loss: 1.193391, L1(Flow): 1.108488, Reg: 0.084903
Iter 30 of 338 Loss: 1.203315, L1(Flow): 1.117799, Reg: 0.085516
Iter 40 of 338 Loss: 1.219391, L1(Flow): 1.133720, Reg: 0.085670
Iter 50 of 338 Loss: 1.274207, L1(Flow): 1.181766, Reg: 0.092441
Iter 60 of 338 Loss: 1.163990, L1(Flow): 1.077529, Reg: 0.086461
Iter 70 of 338 Loss: 1.203255, L1(Flow): 1.114388, Reg: 0.088867
Iter 80 of 338 Loss: 1.298690, L1(Flow): 1.202213, Reg: 0.096477
Iter 90 of 338 Loss: 1.273103, L1(Flow): 1.184099, Reg: 0.089004
Iter 100 of 338 Loss: 1.292038, L1(Flow): 1.196841, Reg: 0.095197
Iter 110 of 338 Loss: 1.165306, L1(Flow): 1.086213, Reg: 0.079093
Iter 120 of 338 Loss: 1.308735, L1(Flow): 1.207577, Reg: 0.101157
Iter 130 of 338 Loss: 1.265077, L1(Flow): 1.171595, Reg: 0.093482
Iter 140 of 338 Loss: 1.241468, L1(Flow): 1.147740, Reg: 0.093728
Iter 150 of 338 Loss: 1.191288, L1(Flow): 1.100276, Reg: 0.091012
Iter 160 of 338 Loss: 1.255592, L1(Flow): 1.164324, Reg: 0.091267
Iter 170 of 338 Loss: 1.188980, L1(Flow): 1.103742, Reg: 0.085238
Iter 180 of 338 Loss: 1.230629, L1(Flow): 1.139222, Reg: 0.091407
Iter 190 of 338 Loss: 1.256623, L1(Flow): 1.158647, Reg: 0.097976
Iter 200 of 338 Loss: 1.159538, L1(Flow): 1.070934, Reg: 0.088604
Iter 210 of 338 Loss: 1.243948, L1(Flow): 1.159867, Reg: 0.084081
Iter 220 of 338 Loss: 1.273019, L1(Flow): 1.175375, Reg: 0.097644
Iter 230 of 338 Loss: 1.216764, L1(Flow): 1.135465, Reg: 0.081299
Iter 240 of 338 Loss: 1.194959, L1(Flow): 1.108875, Reg: 0.086084
Iter 250 of 338 Loss: 1.318340, L1(Flow): 1.212891, Reg: 0.105449
Iter 260 of 338 Loss: 1.214152, L1(Flow): 1.126901, Reg: 0.087250
Iter 270 of 338 Loss: 1.203349, L1(Flow): 1.117000, Reg: 0.086349
Iter 280 of 338 Loss: 1.216373, L1(Flow): 1.124315, Reg: 0.092058
Iter 290 of 338 Loss: 1.186364, L1(Flow): 1.104491, Reg: 0.081873
Iter 300 of 338 Loss: 1.211428, L1(Flow): 1.122678, Reg: 0.088750
Iter 310 of 338 Loss: 1.246860, L1(Flow): 1.155868, Reg: 0.090991
Iter 320 of 338 Loss: 1.275552, L1(Flow): 1.188059, Reg: 0.087492
Iter 330 of 338 Loss: 1.233156, L1(Flow): 1.138458, Reg: 0.094698
Epoch 88 Loss: 1.227386
Epoch 88 Validation: Mean EPE: 2.9122, Mean SSIM: 0.3855, Mean ZNCC: 0.6425
Epoch 89 starts
Iter 10 of 338 Loss: 1.344790, L1(Flow): 1.245576, Reg: 0.099215
Iter 20 of 338 Loss: 1.318587, L1(Flow): 1.226408, Reg: 0.092179
Iter 30 of 338 Loss: 1.237088, L1(Flow): 1.155620, Reg: 0.081468
Iter 40 of 338 Loss: 1.284601, L1(Flow): 1.196980, Reg: 0.087621
Iter 50 of 338 Loss: 1.317242, L1(Flow): 1.221477, Reg: 0.095764
Iter 60 of 338 Loss: 1.283351, L1(Flow): 1.178567, Reg: 0.104784
Iter 70 of 338 Loss: 1.293721, L1(Flow): 1.206772, Reg: 0.086949
Iter 80 of 338 Loss: 1.217116, L1(Flow): 1.130831, Reg: 0.086285
Iter 90 of 338 Loss: 1.176989, L1(Flow): 1.091939, Reg: 0.085050
Iter 100 of 338 Loss: 1.222673, L1(Flow): 1.133366, Reg: 0.089308
Iter 110 of 338 Loss: 1.244439, L1(Flow): 1.149106, Reg: 0.095333
Iter 120 of 338 Loss: 1.185307, L1(Flow): 1.101341, Reg: 0.083966
Iter 130 of 338 Loss: 1.209510, L1(Flow): 1.117887, Reg: 0.091623
Iter 140 of 338 Loss: 1.239699, L1(Flow): 1.142782, Reg: 0.096917
Iter 150 of 338 Loss: 1.272260, L1(Flow): 1.179285, Reg: 0.092975
Iter 160 of 338 Loss: 1.274410, L1(Flow): 1.174348, Reg: 0.100062
Iter 170 of 338 Loss: 1.259320, L1(Flow): 1.169425, Reg: 0.089895
Iter 180 of 338 Loss: 1.216500, L1(Flow): 1.124364, Reg: 0.092136
Iter 190 of 338 Loss: 1.229650, L1(Flow): 1.141974, Reg: 0.087676
Iter 200 of 338 Loss: 1.248122, L1(Flow): 1.151133, Reg: 0.096990
Iter 210 of 338 Loss: 1.211448, L1(Flow): 1.127866, Reg: 0.083582
Iter 220 of 338 Loss: 1.212814, L1(Flow): 1.126972, Reg: 0.085842
Iter 230 of 338 Loss: 1.244873, L1(Flow): 1.150534, Reg: 0.094339
Iter 240 of 338 Loss: 1.168580, L1(Flow): 1.080152, Reg: 0.088428
Iter 250 of 338 Loss: 1.192969, L1(Flow): 1.102035, Reg: 0.090934
Iter 260 of 338 Loss: 1.189965, L1(Flow): 1.100138, Reg: 0.089827
Iter 270 of 338 Loss: 1.169868, L1(Flow): 1.081513, Reg: 0.088356
Iter 280 of 338 Loss: 1.202672, L1(Flow): 1.114625, Reg: 0.088047
Iter 290 of 338 Loss: 1.182718, L1(Flow): 1.098752, Reg: 0.083967
Iter 300 of 338 Loss: 1.197150, L1(Flow): 1.115764, Reg: 0.081386
Iter 310 of 338 Loss: 1.207689, L1(Flow): 1.122843, Reg: 0.084847
Iter 320 of 338 Loss: 1.182406, L1(Flow): 1.085173, Reg: 0.097233
Iter 330 of 338 Loss: 1.198017, L1(Flow): 1.108383, Reg: 0.089633
Epoch 89 Loss: 1.223979
Epoch 89 Validation: Mean EPE: 2.8489, Mean SSIM: 0.3878, Mean ZNCC: 0.6431
--> Saved to Top 5 best models (EPE: 2.8489)
Epoch 90 starts
Iter 10 of 338 Loss: 1.266501, L1(Flow): 1.167390, Reg: 0.099111
Iter 20 of 338 Loss: 1.218453, L1(Flow): 1.128186, Reg: 0.090267
Iter 30 of 338 Loss: 1.204980, L1(Flow): 1.117090, Reg: 0.087891
Iter 40 of 338 Loss: 1.209813, L1(Flow): 1.115742, Reg: 0.094071
Iter 50 of 338 Loss: 1.249208, L1(Flow): 1.152806, Reg: 0.096402
Iter 60 of 338 Loss: 1.207982, L1(Flow): 1.113406, Reg: 0.094576
Iter 70 of 338 Loss: 1.179720, L1(Flow): 1.092495, Reg: 0.087225
Iter 80 of 338 Loss: 1.129113, L1(Flow): 1.050464, Reg: 0.078649
Iter 90 of 338 Loss: 1.135734, L1(Flow): 1.049489, Reg: 0.086245
Iter 100 of 338 Loss: 1.156789, L1(Flow): 1.075209, Reg: 0.081581
Iter 110 of 338 Loss: 1.187392, L1(Flow): 1.098325, Reg: 0.089067
Iter 120 of 338 Loss: 1.182869, L1(Flow): 1.097749, Reg: 0.085120
Iter 130 of 338 Loss: 1.143147, L1(Flow): 1.057737, Reg: 0.085410
Iter 140 of 338 Loss: 1.232620, L1(Flow): 1.135059, Reg: 0.097561
Iter 150 of 338 Loss: 1.239708, L1(Flow): 1.153257, Reg: 0.086451
Iter 160 of 338 Loss: 1.243861, L1(Flow): 1.161589, Reg: 0.082271
Iter 170 of 338 Loss: 1.154533, L1(Flow): 1.065310, Reg: 0.089223
Iter 180 of 338 Loss: 1.284751, L1(Flow): 1.189012, Reg: 0.095739
Iter 190 of 338 Loss: 1.217991, L1(Flow): 1.127365, Reg: 0.090625
Iter 200 of 338 Loss: 1.263866, L1(Flow): 1.174376, Reg: 0.089490
Iter 210 of 338 Loss: 1.287404, L1(Flow): 1.194207, Reg: 0.093197
Iter 220 of 338 Loss: 1.240997, L1(Flow): 1.157741, Reg: 0.083257
Iter 230 of 338 Loss: 1.223073, L1(Flow): 1.134671, Reg: 0.088402
Iter 240 of 338 Loss: 1.227959, L1(Flow): 1.147542, Reg: 0.080417
Iter 250 of 338 Loss: 1.159029, L1(Flow): 1.070905, Reg: 0.088124
Iter 260 of 338 Loss: 1.213371, L1(Flow): 1.125258, Reg: 0.088113
Iter 270 of 338 Loss: 1.247796, L1(Flow): 1.155159, Reg: 0.092637
Iter 280 of 338 Loss: 1.285497, L1(Flow): 1.180010, Reg: 0.105487
Iter 290 of 338 Loss: 1.165951, L1(Flow): 1.086102, Reg: 0.079850
Iter 300 of 338 Loss: 1.334093, L1(Flow): 1.246648, Reg: 0.087445
Iter 310 of 338 Loss: 1.252062, L1(Flow): 1.162248, Reg: 0.089814
Iter 320 of 338 Loss: 1.307888, L1(Flow): 1.207376, Reg: 0.100512
Iter 330 of 338 Loss: 1.235686, L1(Flow): 1.145445, Reg: 0.090242
Epoch 90 Loss: 1.219799
Epoch 90 Validation: Mean EPE: 2.8581, Mean SSIM: 0.3875, Mean ZNCC: 0.6428
--> Saved to Top 5 best models (EPE: 2.8581)
Epoch 91 starts
Iter 10 of 338 Loss: 1.196866, L1(Flow): 1.110820, Reg: 0.086046
Iter 20 of 338 Loss: 1.154712, L1(Flow): 1.075414, Reg: 0.079298
Iter 30 of 338 Loss: 1.247834, L1(Flow): 1.158009, Reg: 0.089825
Iter 40 of 338 Loss: 1.159597, L1(Flow): 1.071560, Reg: 0.088037
Iter 50 of 338 Loss: 1.241202, L1(Flow): 1.154071, Reg: 0.087131
Iter 60 of 338 Loss: 1.183365, L1(Flow): 1.096072, Reg: 0.087293
Iter 70 of 338 Loss: 1.169897, L1(Flow): 1.087901, Reg: 0.081996
Iter 80 of 338 Loss: 1.189292, L1(Flow): 1.100431, Reg: 0.088861
Iter 90 of 338 Loss: 1.191989, L1(Flow): 1.111661, Reg: 0.080328
Iter 100 of 338 Loss: 1.143446, L1(Flow): 1.064295, Reg: 0.079151
Iter 110 of 338 Loss: 1.209115, L1(Flow): 1.123715, Reg: 0.085400
Iter 120 of 338 Loss: 1.270989, L1(Flow): 1.174243, Reg: 0.096746
Iter 130 of 338 Loss: 1.164755, L1(Flow): 1.074786, Reg: 0.089969
Iter 140 of 338 Loss: 1.156522, L1(Flow): 1.067775, Reg: 0.088747
Iter 150 of 338 Loss: 1.187175, L1(Flow): 1.099341, Reg: 0.087834
Iter 160 of 338 Loss: 1.228740, L1(Flow): 1.132998, Reg: 0.095742
Iter 170 of 338 Loss: 1.199105, L1(Flow): 1.109958, Reg: 0.089147
Iter 180 of 338 Loss: 1.182220, L1(Flow): 1.093771, Reg: 0.088449
Iter 190 of 338 Loss: 1.197079, L1(Flow): 1.113508, Reg: 0.083571
Iter 200 of 338 Loss: 1.101386, L1(Flow): 1.021211, Reg: 0.080175
Iter 210 of 338 Loss: 1.115178, L1(Flow): 1.035279, Reg: 0.079899
Iter 220 of 338 Loss: 1.210346, L1(Flow): 1.117166, Reg: 0.093180
Iter 230 of 338 Loss: 1.213613, L1(Flow): 1.124139, Reg: 0.089474
Iter 240 of 338 Loss: 1.168013, L1(Flow): 1.080941, Reg: 0.087072
Iter 250 of 338 Loss: 1.212347, L1(Flow): 1.117834, Reg: 0.094513
Iter 260 of 338 Loss: 1.246416, L1(Flow): 1.161030, Reg: 0.085386
Iter 270 of 338 Loss: 1.183916, L1(Flow): 1.102180, Reg: 0.081737
Iter 280 of 338 Loss: 1.223363, L1(Flow): 1.139020, Reg: 0.084342
Iter 290 of 338 Loss: 1.215358, L1(Flow): 1.131417, Reg: 0.083940
Iter 300 of 338 Loss: 1.212273, L1(Flow): 1.115508, Reg: 0.096765
Iter 310 of 338 Loss: 1.221292, L1(Flow): 1.129658, Reg: 0.091634
Iter 320 of 338 Loss: 1.215016, L1(Flow): 1.128580, Reg: 0.086437
Iter 330 of 338 Loss: 1.250975, L1(Flow): 1.157045, Reg: 0.093930
Epoch 91 Loss: 1.204128
Epoch 91 Validation: Mean EPE: 2.8439, Mean SSIM: 0.3879, Mean ZNCC: 0.6434
--> Saved to Top 5 best models (EPE: 2.8439)
--> New absolute BEST model updated with EPE: 2.8439
Epoch 92 starts
Iter 10 of 338 Loss: 1.164839, L1(Flow): 1.076215, Reg: 0.088624
Iter 20 of 338 Loss: 1.238349, L1(Flow): 1.142170, Reg: 0.096179
Iter 30 of 338 Loss: 1.179013, L1(Flow): 1.093096, Reg: 0.085917
Iter 40 of 338 Loss: 1.235609, L1(Flow): 1.138514, Reg: 0.097095
Iter 50 of 338 Loss: 1.224617, L1(Flow): 1.128245, Reg: 0.096371
Iter 60 of 338 Loss: 1.263750, L1(Flow): 1.171392, Reg: 0.092357
Iter 70 of 338 Loss: 1.242542, L1(Flow): 1.141129, Reg: 0.101412
Iter 80 of 338 Loss: 1.186000, L1(Flow): 1.083794, Reg: 0.102207
Iter 90 of 338 Loss: 1.185980, L1(Flow): 1.096667, Reg: 0.089313
Iter 100 of 338 Loss: 1.189545, L1(Flow): 1.102989, Reg: 0.086556
Iter 110 of 338 Loss: 1.231168, L1(Flow): 1.135467, Reg: 0.095701
Iter 120 of 338 Loss: 1.220641, L1(Flow): 1.123546, Reg: 0.097094
Iter 130 of 338 Loss: 1.217807, L1(Flow): 1.132844, Reg: 0.084962
Iter 140 of 338 Loss: 1.154244, L1(Flow): 1.069323, Reg: 0.084921
Iter 150 of 338 Loss: 1.183428, L1(Flow): 1.094397, Reg: 0.089031
Iter 160 of 338 Loss: 1.254347, L1(Flow): 1.163223, Reg: 0.091125
Iter 170 of 338 Loss: 1.177969, L1(Flow): 1.088668, Reg: 0.089301
Iter 180 of 338 Loss: 1.269452, L1(Flow): 1.179271, Reg: 0.090181
Iter 190 of 338 Loss: 1.154708, L1(Flow): 1.073113, Reg: 0.081595
Iter 200 of 338 Loss: 1.214204, L1(Flow): 1.122613, Reg: 0.091590
Iter 210 of 338 Loss: 1.157575, L1(Flow): 1.077091, Reg: 0.080484
Iter 220 of 338 Loss: 1.181748, L1(Flow): 1.100366, Reg: 0.081382
Iter 230 of 338 Loss: 1.198076, L1(Flow): 1.108927, Reg: 0.089149
Iter 240 of 338 Loss: 1.172851, L1(Flow): 1.088176, Reg: 0.084675
Iter 250 of 338 Loss: 1.269512, L1(Flow): 1.173011, Reg: 0.096501
Iter 260 of 338 Loss: 1.133430, L1(Flow): 1.049229, Reg: 0.084201
Iter 270 of 338 Loss: 1.182034, L1(Flow): 1.092672, Reg: 0.089362
Iter 280 of 338 Loss: 1.166259, L1(Flow): 1.079629, Reg: 0.086630
Iter 290 of 338 Loss: 1.211019, L1(Flow): 1.114367, Reg: 0.096651
Iter 300 of 338 Loss: 1.232616, L1(Flow): 1.140793, Reg: 0.091823
Iter 310 of 338 Loss: 1.158286, L1(Flow): 1.074923, Reg: 0.083363
Iter 320 of 338 Loss: 1.184782, L1(Flow): 1.099789, Reg: 0.084993
Iter 330 of 338 Loss: 1.162134, L1(Flow): 1.076840, Reg: 0.085294
Epoch 92 Loss: 1.192700
Epoch 92 Validation: Mean EPE: 2.8663, Mean SSIM: 0.3872, Mean ZNCC: 0.6429
Epoch 93 starts
Iter 10 of 338 Loss: 1.143717, L1(Flow): 1.064618, Reg: 0.079099
Iter 20 of 338 Loss: 1.212351, L1(Flow): 1.119295, Reg: 0.093056
Iter 30 of 338 Loss: 1.206824, L1(Flow): 1.114974, Reg: 0.091850
Iter 40 of 338 Loss: 1.140715, L1(Flow): 1.061678, Reg: 0.079037
Iter 50 of 338 Loss: 1.229876, L1(Flow): 1.145804, Reg: 0.084072
Iter 60 of 338 Loss: 1.195039, L1(Flow): 1.110545, Reg: 0.084493
Iter 70 of 338 Loss: 1.154490, L1(Flow): 1.069869, Reg: 0.084621
Iter 80 of 338 Loss: 1.194657, L1(Flow): 1.103187, Reg: 0.091470
Iter 90 of 338 Loss: 1.148495, L1(Flow): 1.061571, Reg: 0.086923
Iter 100 of 338 Loss: 1.192482, L1(Flow): 1.104757, Reg: 0.087724
Iter 110 of 338 Loss: 1.154671, L1(Flow): 1.066546, Reg: 0.088126
Iter 120 of 338 Loss: 1.188274, L1(Flow): 1.091212, Reg: 0.097062
Iter 130 of 338 Loss: 1.129547, L1(Flow): 1.048244, Reg: 0.081303
Iter 140 of 338 Loss: 1.231952, L1(Flow): 1.139274, Reg: 0.092678
Iter 150 of 338 Loss: 1.267629, L1(Flow): 1.162218, Reg: 0.105410
Iter 160 of 338 Loss: 1.197139, L1(Flow): 1.108050, Reg: 0.089088
Iter 170 of 338 Loss: 1.155904, L1(Flow): 1.072747, Reg: 0.083157
Iter 180 of 338 Loss: 1.119818, L1(Flow): 1.039395, Reg: 0.080423
Iter 190 of 338 Loss: 1.156048, L1(Flow): 1.071773, Reg: 0.084275
Iter 200 of 338 Loss: 1.147879, L1(Flow): 1.063180, Reg: 0.084699
Iter 210 of 338 Loss: 1.176842, L1(Flow): 1.087151, Reg: 0.089692
Iter 220 of 338 Loss: 1.270306, L1(Flow): 1.169394, Reg: 0.100912
Iter 230 of 338 Loss: 1.144403, L1(Flow): 1.059497, Reg: 0.084906
Iter 240 of 338 Loss: 1.238456, L1(Flow): 1.144584, Reg: 0.093872
Iter 250 of 338 Loss: 1.222575, L1(Flow): 1.130014, Reg: 0.092561
Iter 260 of 338 Loss: 1.180344, L1(Flow): 1.093259, Reg: 0.087085
Iter 270 of 338 Loss: 1.233258, L1(Flow): 1.138717, Reg: 0.094541
Iter 280 of 338 Loss: 1.215465, L1(Flow): 1.127899, Reg: 0.087566
Iter 290 of 338 Loss: 1.250738, L1(Flow): 1.155555, Reg: 0.095183
Iter 300 of 338 Loss: 1.163213, L1(Flow): 1.075460, Reg: 0.087753
Iter 310 of 338 Loss: 1.198969, L1(Flow): 1.106502, Reg: 0.092467
Iter 320 of 338 Loss: 1.216201, L1(Flow): 1.129582, Reg: 0.086619
Iter 330 of 338 Loss: 1.127659, L1(Flow): 1.042872, Reg: 0.084787
Epoch 93 Loss: 1.186147
Epoch 93 Validation: Mean EPE: 2.8387, Mean SSIM: 0.3883, Mean ZNCC: 0.6437
--> Saved to Top 5 best models (EPE: 2.8387)
--> New absolute BEST model updated with EPE: 2.8387
Epoch 94 starts
Iter 10 of 338 Loss: 1.144516, L1(Flow): 1.068304, Reg: 0.076213
Iter 20 of 338 Loss: 1.155566, L1(Flow): 1.074961, Reg: 0.080606
Iter 30 of 338 Loss: 1.027781, L1(Flow): 0.958363, Reg: 0.069418
Iter 40 of 338 Loss: 1.174418, L1(Flow): 1.087628, Reg: 0.086790
Iter 50 of 338 Loss: 1.142600, L1(Flow): 1.061272, Reg: 0.081328
Iter 60 of 338 Loss: 1.105071, L1(Flow): 1.024542, Reg: 0.080529
Iter 70 of 338 Loss: 1.178171, L1(Flow): 1.091325, Reg: 0.086846
Iter 80 of 338 Loss: 1.234452, L1(Flow): 1.134039, Reg: 0.100413
Iter 90 of 338 Loss: 1.185589, L1(Flow): 1.101429, Reg: 0.084160
Iter 100 of 338 Loss: 1.239548, L1(Flow): 1.151613, Reg: 0.087935
Iter 110 of 338 Loss: 1.136220, L1(Flow): 1.054860, Reg: 0.081360
Iter 120 of 338 Loss: 1.163756, L1(Flow): 1.078297, Reg: 0.085460
Iter 130 of 338 Loss: 1.166327, L1(Flow): 1.084579, Reg: 0.081748
Iter 140 of 338 Loss: 1.211186, L1(Flow): 1.118397, Reg: 0.092789
Iter 150 of 338 Loss: 1.243571, L1(Flow): 1.146388, Reg: 0.097183
Iter 160 of 338 Loss: 1.237816, L1(Flow): 1.145534, Reg: 0.092282
Iter 170 of 338 Loss: 1.252844, L1(Flow): 1.151380, Reg: 0.101464
Iter 180 of 338 Loss: 1.234019, L1(Flow): 1.155694, Reg: 0.078326
Iter 190 of 338 Loss: 1.259500, L1(Flow): 1.157171, Reg: 0.102329
Iter 200 of 338 Loss: 1.142315, L1(Flow): 1.060072, Reg: 0.082243
Iter 210 of 338 Loss: 1.181161, L1(Flow): 1.097649, Reg: 0.083512
Iter 220 of 338 Loss: 1.183591, L1(Flow): 1.097391, Reg: 0.086200
Iter 230 of 338 Loss: 1.171973, L1(Flow): 1.087213, Reg: 0.084760
Iter 240 of 338 Loss: 1.180486, L1(Flow): 1.097733, Reg: 0.082753
Iter 250 of 338 Loss: 1.213747, L1(Flow): 1.120426, Reg: 0.093321
Iter 260 of 338 Loss: 1.202341, L1(Flow): 1.111408, Reg: 0.090932
Iter 270 of 338 Loss: 1.239060, L1(Flow): 1.152983, Reg: 0.086077
Iter 280 of 338 Loss: 1.225414, L1(Flow): 1.130763, Reg: 0.094651
Iter 290 of 338 Loss: 1.177691, L1(Flow): 1.094975, Reg: 0.082716
Iter 300 of 338 Loss: 1.138210, L1(Flow): 1.050735, Reg: 0.087474
Iter 310 of 338 Loss: 1.176350, L1(Flow): 1.090719, Reg: 0.085631
Iter 320 of 338 Loss: 1.190094, L1(Flow): 1.104142, Reg: 0.085952
Iter 330 of 338 Loss: 1.141120, L1(Flow): 1.062741, Reg: 0.078379
Epoch 94 Loss: 1.177418
Epoch 94 Validation: Mean EPE: 2.8503, Mean SSIM: 0.3880, Mean ZNCC: 0.6432
--> Saved to Top 5 best models (EPE: 2.8503)
Epoch 95 starts
Iter 10 of 338 Loss: 1.214834, L1(Flow): 1.126776, Reg: 0.088058
Iter 20 of 338 Loss: 1.084743, L1(Flow): 1.006973, Reg: 0.077771
Iter 30 of 338 Loss: 1.212156, L1(Flow): 1.120722, Reg: 0.091434
Iter 40 of 338 Loss: 1.159368, L1(Flow): 1.077132, Reg: 0.082237
Iter 50 of 338 Loss: 1.164301, L1(Flow): 1.085833, Reg: 0.078468
Iter 60 of 338 Loss: 1.175609, L1(Flow): 1.083265, Reg: 0.092343
Iter 70 of 338 Loss: 1.175510, L1(Flow): 1.082357, Reg: 0.093153
Iter 80 of 338 Loss: 1.123228, L1(Flow): 1.044302, Reg: 0.078927
Iter 90 of 338 Loss: 1.185472, L1(Flow): 1.105843, Reg: 0.079629
Iter 100 of 338 Loss: 1.201174, L1(Flow): 1.113930, Reg: 0.087244
Iter 110 of 338 Loss: 1.098420, L1(Flow): 1.019450, Reg: 0.078970
Iter 120 of 338 Loss: 1.106671, L1(Flow): 1.033956, Reg: 0.072715
Iter 130 of 338 Loss: 1.142991, L1(Flow): 1.058920, Reg: 0.084071
Iter 140 of 338 Loss: 1.136495, L1(Flow): 1.057894, Reg: 0.078600
Iter 150 of 338 Loss: 1.174573, L1(Flow): 1.091738, Reg: 0.082835
Iter 160 of 338 Loss: 1.115731, L1(Flow): 1.035251, Reg: 0.080480
Iter 170 of 338 Loss: 1.152196, L1(Flow): 1.072714, Reg: 0.079482
Iter 180 of 338 Loss: 1.189000, L1(Flow): 1.107652, Reg: 0.081348
Iter 190 of 338 Loss: 1.264017, L1(Flow): 1.167496, Reg: 0.096521
Iter 200 of 338 Loss: 1.202001, L1(Flow): 1.120345, Reg: 0.081656
Iter 210 of 338 Loss: 1.253453, L1(Flow): 1.161674, Reg: 0.091779
Iter 220 of 338 Loss: 1.168557, L1(Flow): 1.080778, Reg: 0.087778
Iter 230 of 338 Loss: 1.113809, L1(Flow): 1.030218, Reg: 0.083591
Iter 240 of 338 Loss: 1.182579, L1(Flow): 1.096020, Reg: 0.086559
Iter 250 of 338 Loss: 1.235187, L1(Flow): 1.138050, Reg: 0.097137
Iter 260 of 338 Loss: 1.145661, L1(Flow): 1.058187, Reg: 0.087475
Iter 270 of 338 Loss: 1.230620, L1(Flow): 1.140018, Reg: 0.090602
Iter 280 of 338 Loss: 1.199739, L1(Flow): 1.113269, Reg: 0.086470
Iter 290 of 338 Loss: 1.118688, L1(Flow): 1.038587, Reg: 0.080102
Iter 300 of 338 Loss: 1.193361, L1(Flow): 1.105118, Reg: 0.088243
Iter 310 of 338 Loss: 1.073560, L1(Flow): 0.987867, Reg: 0.085693
Iter 320 of 338 Loss: 1.105823, L1(Flow): 1.018089, Reg: 0.087734
Iter 330 of 338 Loss: 1.178398, L1(Flow): 1.094085, Reg: 0.084313
Epoch 95 Loss: 1.171693
Epoch 95 Validation: Mean EPE: 2.8433, Mean SSIM: 0.3887, Mean ZNCC: 0.6434
--> Saved to Top 5 best models (EPE: 2.8433)
Epoch 96 starts
Iter 10 of 338 Loss: 1.191799, L1(Flow): 1.099163, Reg: 0.092636
Iter 20 of 338 Loss: 1.223271, L1(Flow): 1.127818, Reg: 0.095453
Iter 30 of 338 Loss: 1.206663, L1(Flow): 1.118957, Reg: 0.087706
Iter 40 of 338 Loss: 1.235525, L1(Flow): 1.142766, Reg: 0.092759
Iter 50 of 338 Loss: 1.105040, L1(Flow): 1.025465, Reg: 0.079576
Iter 60 of 338 Loss: 1.103028, L1(Flow): 1.020631, Reg: 0.082397
Iter 70 of 338 Loss: 1.127587, L1(Flow): 1.043633, Reg: 0.083954
Iter 80 of 338 Loss: 1.098322, L1(Flow): 1.021238, Reg: 0.077084
Iter 90 of 338 Loss: 1.137555, L1(Flow): 1.055794, Reg: 0.081761
Iter 100 of 338 Loss: 1.156729, L1(Flow): 1.067670, Reg: 0.089059
Iter 110 of 338 Loss: 1.242157, L1(Flow): 1.145618, Reg: 0.096539
Iter 120 of 338 Loss: 1.129432, L1(Flow): 1.046776, Reg: 0.082656
Iter 130 of 338 Loss: 1.191709, L1(Flow): 1.119222, Reg: 0.072486
Iter 140 of 338 Loss: 1.197788, L1(Flow): 1.102782, Reg: 0.095006
Iter 150 of 338 Loss: 1.190035, L1(Flow): 1.111235, Reg: 0.078799
Iter 160 of 338 Loss: 1.130227, L1(Flow): 1.050961, Reg: 0.079266
Iter 170 of 338 Loss: 1.104830, L1(Flow): 1.023129, Reg: 0.081702
Iter 180 of 338 Loss: 1.099714, L1(Flow): 1.017098, Reg: 0.082616
Iter 190 of 338 Loss: 1.166977, L1(Flow): 1.080986, Reg: 0.085991
Iter 200 of 338 Loss: 1.219358, L1(Flow): 1.126593, Reg: 0.092765
Iter 210 of 338 Loss: 1.194607, L1(Flow): 1.103954, Reg: 0.090653
Iter 220 of 338 Loss: 1.178427, L1(Flow): 1.091790, Reg: 0.086636
Iter 230 of 338 Loss: 1.131579, L1(Flow): 1.052716, Reg: 0.078863
Iter 240 of 338 Loss: 1.172185, L1(Flow): 1.089116, Reg: 0.083069
Iter 250 of 338 Loss: 1.183456, L1(Flow): 1.097275, Reg: 0.086181
Iter 260 of 338 Loss: 1.130803, L1(Flow): 1.048123, Reg: 0.082680
Iter 270 of 338 Loss: 1.118224, L1(Flow): 1.039463, Reg: 0.078761
Iter 280 of 338 Loss: 1.108687, L1(Flow): 1.028109, Reg: 0.080578
Iter 290 of 338 Loss: 1.163351, L1(Flow): 1.075352, Reg: 0.087999
Iter 300 of 338 Loss: 1.164722, L1(Flow): 1.081009, Reg: 0.083713
Iter 310 of 338 Loss: 1.099429, L1(Flow): 1.029086, Reg: 0.070344
Iter 320 of 338 Loss: 1.208477, L1(Flow): 1.119537, Reg: 0.088941
Iter 330 of 338 Loss: 1.205265, L1(Flow): 1.117187, Reg: 0.088078
Epoch 96 Loss: 1.162935
Epoch 96 Validation: Mean EPE: 2.8350, Mean SSIM: 0.3881, Mean ZNCC: 0.6432
--> Saved to Top 5 best models (EPE: 2.8350)
--> New absolute BEST model updated with EPE: 2.8350
Epoch 97 starts
Iter 10 of 338 Loss: 1.174180, L1(Flow): 1.091154, Reg: 0.083026
Iter 20 of 338 Loss: 1.167953, L1(Flow): 1.081162, Reg: 0.086791
Iter 30 of 338 Loss: 1.186303, L1(Flow): 1.105373, Reg: 0.080930
Iter 40 of 338 Loss: 1.122661, L1(Flow): 1.047499, Reg: 0.075162
Iter 50 of 338 Loss: 1.164225, L1(Flow): 1.082874, Reg: 0.081351
Iter 60 of 338 Loss: 1.128183, L1(Flow): 1.039420, Reg: 0.088763
Iter 70 of 338 Loss: 1.151745, L1(Flow): 1.074534, Reg: 0.077211
Iter 80 of 338 Loss: 1.100343, L1(Flow): 1.023842, Reg: 0.076501
Iter 90 of 338 Loss: 1.159724, L1(Flow): 1.074225, Reg: 0.085499
Iter 100 of 338 Loss: 1.146961, L1(Flow): 1.056921, Reg: 0.090040
Iter 110 of 338 Loss: 1.148848, L1(Flow): 1.056889, Reg: 0.091960
Iter 120 of 338 Loss: 1.165109, L1(Flow): 1.074883, Reg: 0.090226
Iter 130 of 338 Loss: 1.145761, L1(Flow): 1.065671, Reg: 0.080090
Iter 140 of 338 Loss: 1.186390, L1(Flow): 1.104429, Reg: 0.081961
Iter 150 of 338 Loss: 1.107167, L1(Flow): 1.024056, Reg: 0.083111
Iter 160 of 338 Loss: 1.160130, L1(Flow): 1.068341, Reg: 0.091789
Iter 170 of 338 Loss: 1.182693, L1(Flow): 1.092763, Reg: 0.089930
Iter 180 of 338 Loss: 1.094813, L1(Flow): 1.014466, Reg: 0.080347
Iter 190 of 338 Loss: 1.209688, L1(Flow): 1.118967, Reg: 0.090721
Iter 200 of 338 Loss: 1.134383, L1(Flow): 1.062307, Reg: 0.072077
Iter 210 of 338 Loss: 1.125955, L1(Flow): 1.045057, Reg: 0.080898
Iter 220 of 338 Loss: 1.216162, L1(Flow): 1.135733, Reg: 0.080429
Iter 230 of 338 Loss: 1.211249, L1(Flow): 1.128018, Reg: 0.083230
Iter 240 of 338 Loss: 1.183805, L1(Flow): 1.093736, Reg: 0.090068
Iter 250 of 338 Loss: 1.170225, L1(Flow): 1.080148, Reg: 0.090077
Iter 260 of 338 Loss: 1.193921, L1(Flow): 1.106167, Reg: 0.087755
Iter 270 of 338 Loss: 1.116488, L1(Flow): 1.043317, Reg: 0.073171
Iter 280 of 338 Loss: 1.147133, L1(Flow): 1.066874, Reg: 0.080259
Iter 290 of 338 Loss: 1.180116, L1(Flow): 1.095428, Reg: 0.084688
Iter 300 of 338 Loss: 1.147406, L1(Flow): 1.067307, Reg: 0.080099
Iter 310 of 338 Loss: 1.167994, L1(Flow): 1.076578, Reg: 0.091417
Iter 320 of 338 Loss: 1.162661, L1(Flow): 1.074290, Reg: 0.088370
Iter 330 of 338 Loss: 1.114942, L1(Flow): 1.040104, Reg: 0.074838
Epoch 97 Loss: 1.159773
Epoch 97 Validation: Mean EPE: 2.8526, Mean SSIM: 0.3887, Mean ZNCC: 0.6437
Epoch 98 starts
Iter 10 of 338 Loss: 1.242452, L1(Flow): 1.161007, Reg: 0.081445
Iter 20 of 338 Loss: 1.089675, L1(Flow): 1.014282, Reg: 0.075393
Iter 30 of 338 Loss: 1.241202, L1(Flow): 1.135842, Reg: 0.105360
Iter 40 of 338 Loss: 1.118701, L1(Flow): 1.044522, Reg: 0.074179
Iter 50 of 338 Loss: 1.114930, L1(Flow): 1.037459, Reg: 0.077471
Iter 60 of 338 Loss: 1.170222, L1(Flow): 1.091220, Reg: 0.079001
Iter 70 of 338 Loss: 1.142657, L1(Flow): 1.060956, Reg: 0.081700
Iter 80 of 338 Loss: 1.205516, L1(Flow): 1.115886, Reg: 0.089630
Iter 90 of 338 Loss: 1.164473, L1(Flow): 1.080546, Reg: 0.083927
Iter 100 of 338 Loss: 1.204774, L1(Flow): 1.119181, Reg: 0.085593
Iter 110 of 338 Loss: 1.174911, L1(Flow): 1.084364, Reg: 0.090548
Iter 120 of 338 Loss: 1.112490, L1(Flow): 1.030639, Reg: 0.081851
Iter 130 of 338 Loss: 1.166416, L1(Flow): 1.087691, Reg: 0.078725
Iter 140 of 338 Loss: 1.171131, L1(Flow): 1.082683, Reg: 0.088448
Iter 150 of 338 Loss: 1.130579, L1(Flow): 1.052670, Reg: 0.077909
Iter 160 of 338 Loss: 1.170385, L1(Flow): 1.081210, Reg: 0.089174
Iter 170 of 338 Loss: 1.119137, L1(Flow): 1.034910, Reg: 0.084227
Iter 180 of 338 Loss: 1.197371, L1(Flow): 1.101845, Reg: 0.095526
Iter 190 of 338 Loss: 1.142978, L1(Flow): 1.058633, Reg: 0.084344
Iter 200 of 338 Loss: 1.120460, L1(Flow): 1.041404, Reg: 0.079056
Iter 210 of 338 Loss: 1.126288, L1(Flow): 1.037012, Reg: 0.089276
Iter 220 of 338 Loss: 1.219772, L1(Flow): 1.124248, Reg: 0.095524
Iter 230 of 338 Loss: 1.200643, L1(Flow): 1.111960, Reg: 0.088683
Iter 240 of 338 Loss: 1.086661, L1(Flow): 1.007697, Reg: 0.078964
Iter 250 of 338 Loss: 1.153948, L1(Flow): 1.069611, Reg: 0.084337
Iter 260 of 338 Loss: 1.065988, L1(Flow): 0.993262, Reg: 0.072725
Iter 270 of 338 Loss: 1.215003, L1(Flow): 1.126480, Reg: 0.088522
Iter 280 of 338 Loss: 1.178488, L1(Flow): 1.092220, Reg: 0.086268
Iter 290 of 338 Loss: 1.198492, L1(Flow): 1.106221, Reg: 0.092271
Iter 300 of 338 Loss: 1.147672, L1(Flow): 1.060399, Reg: 0.087273
Iter 310 of 338 Loss: 1.206741, L1(Flow): 1.115850, Reg: 0.090891
Iter 320 of 338 Loss: 1.144951, L1(Flow): 1.066414, Reg: 0.078537
Iter 330 of 338 Loss: 1.110511, L1(Flow): 1.030506, Reg: 0.080005
Epoch 98 Loss: 1.155793
Epoch 98 Validation: Mean EPE: 2.8364, Mean SSIM: 0.3893, Mean ZNCC: 0.6436
--> Saved to Top 5 best models (EPE: 2.8364)
Epoch 99 starts
Iter 10 of 338 Loss: 1.111866, L1(Flow): 1.033352, Reg: 0.078513
Iter 20 of 338 Loss: 1.075200, L1(Flow): 0.997640, Reg: 0.077560
Iter 30 of 338 Loss: 1.161863, L1(Flow): 1.070868, Reg: 0.090995
Iter 40 of 338 Loss: 1.088631, L1(Flow): 1.009175, Reg: 0.079456
Iter 50 of 338 Loss: 1.095725, L1(Flow): 1.013486, Reg: 0.082239
Iter 60 of 338 Loss: 1.152835, L1(Flow): 1.063267, Reg: 0.089569
Iter 70 of 338 Loss: 1.220484, L1(Flow): 1.129109, Reg: 0.091375
Iter 80 of 338 Loss: 1.070690, L1(Flow): 0.994738, Reg: 0.075952
Iter 90 of 338 Loss: 1.175842, L1(Flow): 1.087526, Reg: 0.088316
Iter 100 of 338 Loss: 1.165679, L1(Flow): 1.079553, Reg: 0.086127
Iter 110 of 338 Loss: 1.096792, L1(Flow): 1.009124, Reg: 0.087668
Iter 120 of 338 Loss: 1.133886, L1(Flow): 1.054264, Reg: 0.079622
Iter 130 of 338 Loss: 1.135842, L1(Flow): 1.049758, Reg: 0.086083
Iter 140 of 338 Loss: 1.202776, L1(Flow): 1.115489, Reg: 0.087287
Iter 150 of 338 Loss: 1.116574, L1(Flow): 1.029342, Reg: 0.087232
Iter 160 of 338 Loss: 1.186114, L1(Flow): 1.107589, Reg: 0.078525
Iter 170 of 338 Loss: 1.125847, L1(Flow): 1.046930, Reg: 0.078917
Iter 180 of 338 Loss: 1.169780, L1(Flow): 1.080713, Reg: 0.089068
Iter 190 of 338 Loss: 1.121306, L1(Flow): 1.042775, Reg: 0.078532
Iter 200 of 338 Loss: 1.150001, L1(Flow): 1.068663, Reg: 0.081338
Iter 210 of 338 Loss: 1.124877, L1(Flow): 1.041099, Reg: 0.083778
Iter 220 of 338 Loss: 1.270046, L1(Flow): 1.173832, Reg: 0.096214
Iter 230 of 338 Loss: 1.213890, L1(Flow): 1.122064, Reg: 0.091826
Iter 240 of 338 Loss: 1.191519, L1(Flow): 1.109486, Reg: 0.082033
Iter 250 of 338 Loss: 1.135757, L1(Flow): 1.051924, Reg: 0.083833
Iter 260 of 338 Loss: 1.179777, L1(Flow): 1.089498, Reg: 0.090279
Iter 270 of 338 Loss: 1.149881, L1(Flow): 1.058994, Reg: 0.090887
Iter 280 of 338 Loss: 1.071191, L1(Flow): 0.997312, Reg: 0.073879
Iter 290 of 338 Loss: 1.134524, L1(Flow): 1.051889, Reg: 0.082635
Iter 300 of 338 Loss: 1.172038, L1(Flow): 1.086902, Reg: 0.085136
Iter 310 of 338 Loss: 1.094061, L1(Flow): 1.008695, Reg: 0.085366
Iter 320 of 338 Loss: 1.047207, L1(Flow): 0.974155, Reg: 0.073052
Iter 330 of 338 Loss: 1.128800, L1(Flow): 1.043399, Reg: 0.085401
Epoch 99 Loss: 1.143355
Epoch 99 Validation: Mean EPE: 2.8431, Mean SSIM: 0.3889, Mean ZNCC: 0.6436
--> Saved to Top 5 best models (EPE: 2.8431)
Epoch 100 starts
Iter 10 of 338 Loss: 1.176376, L1(Flow): 1.080131, Reg: 0.096245
Iter 20 of 338 Loss: 1.075221, L1(Flow): 0.998723, Reg: 0.076498
Iter 30 of 338 Loss: 1.135156, L1(Flow): 1.045466, Reg: 0.089690
Iter 40 of 338 Loss: 1.127285, L1(Flow): 1.045851, Reg: 0.081434
Iter 50 of 338 Loss: 1.133996, L1(Flow): 1.053496, Reg: 0.080500
Iter 60 of 338 Loss: 1.063371, L1(Flow): 0.988700, Reg: 0.074670
Iter 70 of 338 Loss: 1.142628, L1(Flow): 1.057711, Reg: 0.084917
Iter 80 of 338 Loss: 1.074489, L1(Flow): 0.992085, Reg: 0.082405
Iter 90 of 338 Loss: 1.178009, L1(Flow): 1.092585, Reg: 0.085423
Iter 100 of 338 Loss: 1.078303, L1(Flow): 1.004930, Reg: 0.073372
Iter 110 of 338 Loss: 1.130805, L1(Flow): 1.038306, Reg: 0.092499
Iter 120 of 338 Loss: 1.117650, L1(Flow): 1.031861, Reg: 0.085789
Iter 130 of 338 Loss: 1.110213, L1(Flow): 1.028880, Reg: 0.081333
Iter 140 of 338 Loss: 1.115307, L1(Flow): 1.030511, Reg: 0.084796
Iter 150 of 338 Loss: 1.167774, L1(Flow): 1.077658, Reg: 0.090116
Iter 160 of 338 Loss: 1.118014, L1(Flow): 1.036676, Reg: 0.081338
Iter 170 of 338 Loss: 1.223557, L1(Flow): 1.129674, Reg: 0.093883
Iter 180 of 338 Loss: 1.071689, L1(Flow): 0.999383, Reg: 0.072306
Iter 190 of 338 Loss: 1.161110, L1(Flow): 1.073716, Reg: 0.087394
Iter 200 of 338 Loss: 1.141675, L1(Flow): 1.061391, Reg: 0.080284
Iter 210 of 338 Loss: 1.138162, L1(Flow): 1.056459, Reg: 0.081704
Iter 220 of 338 Loss: 1.096606, L1(Flow): 1.014745, Reg: 0.081861
Iter 230 of 338 Loss: 1.124230, L1(Flow): 1.046517, Reg: 0.077713
Iter 240 of 338 Loss: 1.104643, L1(Flow): 1.032254, Reg: 0.072389
Iter 250 of 338 Loss: 1.114127, L1(Flow): 1.033202, Reg: 0.080924
Iter 260 of 338 Loss: 1.139373, L1(Flow): 1.053291, Reg: 0.086083
Iter 270 of 338 Loss: 1.083101, L1(Flow): 1.008956, Reg: 0.074146
Iter 280 of 338 Loss: 1.136862, L1(Flow): 1.062640, Reg: 0.074222
Iter 290 of 338 Loss: 1.185890, L1(Flow): 1.096809, Reg: 0.089082
Iter 300 of 338 Loss: 1.080198, L1(Flow): 1.000825, Reg: 0.079373
Iter 310 of 338 Loss: 1.152866, L1(Flow): 1.073727, Reg: 0.079138
Iter 320 of 338 Loss: 1.164727, L1(Flow): 1.075934, Reg: 0.088794
Iter 330 of 338 Loss: 1.141697, L1(Flow): 1.052505, Reg: 0.089192
Epoch 100 Loss: 1.131904
Epoch 100 Validation: Mean EPE: 2.8328, Mean SSIM: 0.3893, Mean ZNCC: 0.6438
--> Saved to Top 5 best models (EPE: 2.8328)
--> New absolute BEST model updated with EPE: 2.8328
Epoch 101 starts
Iter 10 of 338 Loss: 1.084077, L1(Flow): 1.004347, Reg: 0.079731
Iter 20 of 338 Loss: 1.143159, L1(Flow): 1.045583, Reg: 0.097576
Iter 30 of 338 Loss: 1.128041, L1(Flow): 1.048606, Reg: 0.079434
Iter 40 of 338 Loss: 1.179610, L1(Flow): 1.084924, Reg: 0.094686
Iter 50 of 338 Loss: 1.109680, L1(Flow): 1.022132, Reg: 0.087548
Iter 60 of 338 Loss: 1.105118, L1(Flow): 1.023435, Reg: 0.081682
Iter 70 of 338 Loss: 1.077220, L1(Flow): 1.000769, Reg: 0.076452
Iter 80 of 338 Loss: 1.124314, L1(Flow): 1.041622, Reg: 0.082692
Iter 90 of 338 Loss: 1.182905, L1(Flow): 1.094909, Reg: 0.087996
Iter 100 of 338 Loss: 1.233228, L1(Flow): 1.143801, Reg: 0.089427
Iter 110 of 338 Loss: 0.995568, L1(Flow): 0.925510, Reg: 0.070058
Iter 120 of 338 Loss: 1.164655, L1(Flow): 1.068222, Reg: 0.096433
Iter 130 of 338 Loss: 1.091564, L1(Flow): 1.002976, Reg: 0.088587
Iter 140 of 338 Loss: 1.144539, L1(Flow): 1.058187, Reg: 0.086351
Iter 150 of 338 Loss: 1.104697, L1(Flow): 1.029496, Reg: 0.075201
Iter 160 of 338 Loss: 1.083437, L1(Flow): 1.009052, Reg: 0.074386
Iter 170 of 338 Loss: 1.091284, L1(Flow): 1.009306, Reg: 0.081978
Iter 180 of 338 Loss: 1.064781, L1(Flow): 0.986564, Reg: 0.078217
Iter 190 of 338 Loss: 1.145469, L1(Flow): 1.069121, Reg: 0.076348
Iter 200 of 338 Loss: 1.165938, L1(Flow): 1.084299, Reg: 0.081639
Iter 210 of 338 Loss: 1.089100, L1(Flow): 1.014701, Reg: 0.074399
Iter 220 of 338 Loss: 1.167034, L1(Flow): 1.080754, Reg: 0.086280
Iter 230 of 338 Loss: 1.183650, L1(Flow): 1.094805, Reg: 0.088846
Iter 240 of 338 Loss: 1.144313, L1(Flow): 1.061170, Reg: 0.083143
Iter 250 of 338 Loss: 1.176273, L1(Flow): 1.089513, Reg: 0.086760
Iter 260 of 338 Loss: 1.126218, L1(Flow): 1.044081, Reg: 0.082138
Iter 270 of 338 Loss: 1.204122, L1(Flow): 1.113341, Reg: 0.090781
Iter 280 of 338 Loss: 1.142516, L1(Flow): 1.056112, Reg: 0.086405
Iter 290 of 338 Loss: 1.115112, L1(Flow): 1.029062, Reg: 0.086050
Iter 300 of 338 Loss: 1.167535, L1(Flow): 1.080233, Reg: 0.087302
Iter 310 of 338 Loss: 1.054307, L1(Flow): 0.973011, Reg: 0.081297
Iter 320 of 338 Loss: 1.073319, L1(Flow): 0.993662, Reg: 0.079657
Iter 330 of 338 Loss: 1.145260, L1(Flow): 1.059421, Reg: 0.085838
Epoch 101 Loss: 1.130253
Epoch 101 Validation: Mean EPE: 2.8299, Mean SSIM: 0.3899, Mean ZNCC: 0.6439
--> Saved to Top 5 best models (EPE: 2.8299)
--> New absolute BEST model updated with EPE: 2.8299
Epoch 102 starts
Iter 10 of 338 Loss: 1.159251, L1(Flow): 1.070040, Reg: 0.089210
Iter 20 of 338 Loss: 1.178560, L1(Flow): 1.086143, Reg: 0.092416
Iter 30 of 338 Loss: 1.147360, L1(Flow): 1.073666, Reg: 0.073694
Iter 40 of 338 Loss: 1.159904, L1(Flow): 1.071416, Reg: 0.088488
Iter 50 of 338 Loss: 1.180864, L1(Flow): 1.092687, Reg: 0.088177
Iter 60 of 338 Loss: 1.160042, L1(Flow): 1.069787, Reg: 0.090255
Iter 70 of 338 Loss: 1.109990, L1(Flow): 1.027357, Reg: 0.082633
Iter 80 of 338 Loss: 1.078177, L1(Flow): 1.003322, Reg: 0.074855
Iter 90 of 338 Loss: 1.094672, L1(Flow): 1.015568, Reg: 0.079104
Iter 100 of 338 Loss: 1.158233, L1(Flow): 1.065352, Reg: 0.092881
Iter 110 of 338 Loss: 1.150251, L1(Flow): 1.067490, Reg: 0.082760
Iter 120 of 338 Loss: 1.120414, L1(Flow): 1.035955, Reg: 0.084459
Iter 130 of 338 Loss: 1.053926, L1(Flow): 0.979598, Reg: 0.074328
Iter 140 of 338 Loss: 1.101389, L1(Flow): 1.021191, Reg: 0.080199
Iter 150 of 338 Loss: 1.067051, L1(Flow): 0.989412, Reg: 0.077639
Iter 160 of 338 Loss: 1.139966, L1(Flow): 1.050738, Reg: 0.089228
Iter 170 of 338 Loss: 1.125442, L1(Flow): 1.045883, Reg: 0.079559
Iter 180 of 338 Loss: 1.104524, L1(Flow): 1.025866, Reg: 0.078659
Iter 190 of 338 Loss: 1.163444, L1(Flow): 1.081878, Reg: 0.081565
Iter 200 of 338 Loss: 1.169469, L1(Flow): 1.081845, Reg: 0.087624
Iter 210 of 338 Loss: 1.136406, L1(Flow): 1.055284, Reg: 0.081121
Iter 220 of 338 Loss: 1.154196, L1(Flow): 1.067476, Reg: 0.086720
Iter 230 of 338 Loss: 1.149762, L1(Flow): 1.058791, Reg: 0.090970
Iter 240 of 338 Loss: 1.127367, L1(Flow): 1.051673, Reg: 0.075695
Iter 250 of 338 Loss: 1.129306, L1(Flow): 1.049546, Reg: 0.079759
Iter 260 of 338 Loss: 1.063109, L1(Flow): 0.988220, Reg: 0.074889
Iter 270 of 338 Loss: 1.133448, L1(Flow): 1.053083, Reg: 0.080364
Iter 280 of 338 Loss: 1.093844, L1(Flow): 1.011504, Reg: 0.082339
Iter 290 of 338 Loss: 1.148420, L1(Flow): 1.059211, Reg: 0.089209
Iter 300 of 338 Loss: 1.090546, L1(Flow): 1.015529, Reg: 0.075017
Iter 310 of 338 Loss: 1.058560, L1(Flow): 0.985763, Reg: 0.072796
Iter 320 of 338 Loss: 1.159828, L1(Flow): 1.075937, Reg: 0.083891
Iter 330 of 338 Loss: 1.110737, L1(Flow): 1.028846, Reg: 0.081891
Epoch 102 Loss: 1.125407
Epoch 102 Validation: Mean EPE: 2.8173, Mean SSIM: 0.3900, Mean ZNCC: 0.6440
--> Saved to Top 5 best models (EPE: 2.8173)
--> New absolute BEST model updated with EPE: 2.8173
Epoch 103 starts
Iter 10 of 338 Loss: 1.185037, L1(Flow): 1.090165, Reg: 0.094872
Iter 20 of 338 Loss: 1.034798, L1(Flow): 0.957658, Reg: 0.077140
Iter 30 of 338 Loss: 1.105608, L1(Flow): 1.019499, Reg: 0.086109
Iter 40 of 338 Loss: 1.084759, L1(Flow): 1.012474, Reg: 0.072284
Iter 50 of 338 Loss: 1.055503, L1(Flow): 0.983255, Reg: 0.072248
Iter 60 of 338 Loss: 1.178886, L1(Flow): 1.085193, Reg: 0.093692
Iter 70 of 338 Loss: 1.162385, L1(Flow): 1.075339, Reg: 0.087046
Iter 80 of 338 Loss: 1.126121, L1(Flow): 1.048674, Reg: 0.077447
Iter 90 of 338 Loss: 1.132129, L1(Flow): 1.051637, Reg: 0.080492
Iter 100 of 338 Loss: 1.092973, L1(Flow): 1.018612, Reg: 0.074361
Iter 110 of 338 Loss: 1.151352, L1(Flow): 1.063371, Reg: 0.087981
Iter 120 of 338 Loss: 1.139636, L1(Flow): 1.057737, Reg: 0.081899
Iter 130 of 338 Loss: 1.088261, L1(Flow): 1.006117, Reg: 0.082144
Iter 140 of 338 Loss: 1.137171, L1(Flow): 1.054257, Reg: 0.082914
Iter 150 of 338 Loss: 1.128070, L1(Flow): 1.044997, Reg: 0.083073
Iter 160 of 338 Loss: 1.110819, L1(Flow): 1.033352, Reg: 0.077466
Iter 170 of 338 Loss: 1.132771, L1(Flow): 1.053101, Reg: 0.079670
Iter 180 of 338 Loss: 1.086563, L1(Flow): 1.011152, Reg: 0.075411
Iter 190 of 338 Loss: 1.115547, L1(Flow): 1.042964, Reg: 0.072583
Iter 200 of 338 Loss: 1.112233, L1(Flow): 1.035821, Reg: 0.076412
Iter 210 of 338 Loss: 1.184071, L1(Flow): 1.099262, Reg: 0.084809
Iter 220 of 338 Loss: 1.173525, L1(Flow): 1.086561, Reg: 0.086964
Iter 230 of 338 Loss: 1.107221, L1(Flow): 1.030249, Reg: 0.076972
Iter 240 of 338 Loss: 1.105566, L1(Flow): 1.025255, Reg: 0.080311
Iter 250 of 338 Loss: 1.131835, L1(Flow): 1.041601, Reg: 0.090233
Iter 260 of 338 Loss: 1.133521, L1(Flow): 1.051788, Reg: 0.081732
Iter 270 of 338 Loss: 1.179843, L1(Flow): 1.095491, Reg: 0.084352
Iter 280 of 338 Loss: 1.156985, L1(Flow): 1.070069, Reg: 0.086916
Iter 290 of 338 Loss: 1.123551, L1(Flow): 1.038533, Reg: 0.085018
Iter 300 of 338 Loss: 1.121860, L1(Flow): 1.044705, Reg: 0.077154
Iter 310 of 338 Loss: 1.103634, L1(Flow): 1.026032, Reg: 0.077602
Iter 320 of 338 Loss: 1.101684, L1(Flow): 1.019381, Reg: 0.082304
Iter 330 of 338 Loss: 1.159716, L1(Flow): 1.073128, Reg: 0.086588
Epoch 103 Loss: 1.118876
Epoch 103 Validation: Mean EPE: 2.8295, Mean SSIM: 0.3893, Mean ZNCC: 0.6437
--> Saved to Top 5 best models (EPE: 2.8295)
Epoch 104 starts
Iter 10 of 338 Loss: 1.133390, L1(Flow): 1.049907, Reg: 0.083483
Iter 20 of 338 Loss: 1.168311, L1(Flow): 1.079632, Reg: 0.088679
Iter 30 of 338 Loss: 1.186662, L1(Flow): 1.098635, Reg: 0.088027
Iter 40 of 338 Loss: 1.162824, L1(Flow): 1.077419, Reg: 0.085405
Iter 50 of 338 Loss: 1.113784, L1(Flow): 1.035941, Reg: 0.077843
Iter 60 of 338 Loss: 1.118515, L1(Flow): 1.034336, Reg: 0.084179
Iter 70 of 338 Loss: 1.162672, L1(Flow): 1.074078, Reg: 0.088594
Iter 80 of 338 Loss: 1.070585, L1(Flow): 0.995642, Reg: 0.074944
Iter 90 of 338 Loss: 1.127113, L1(Flow): 1.045845, Reg: 0.081268
Iter 100 of 338 Loss: 1.068460, L1(Flow): 0.990470, Reg: 0.077990
Iter 110 of 338 Loss: 1.082672, L1(Flow): 1.010493, Reg: 0.072179
Iter 120 of 338 Loss: 1.186359, L1(Flow): 1.094526, Reg: 0.091833
Iter 130 of 338 Loss: 1.094876, L1(Flow): 1.011949, Reg: 0.082927
Iter 140 of 338 Loss: 1.130512, L1(Flow): 1.048847, Reg: 0.081666
Iter 150 of 338 Loss: 1.063541, L1(Flow): 0.991500, Reg: 0.072041
Iter 160 of 338 Loss: 1.151546, L1(Flow): 1.065703, Reg: 0.085844
Iter 170 of 338 Loss: 1.169922, L1(Flow): 1.084168, Reg: 0.085755
Iter 180 of 338 Loss: 1.106736, L1(Flow): 1.030491, Reg: 0.076245
Iter 190 of 338 Loss: 1.155364, L1(Flow): 1.066128, Reg: 0.089236
Iter 200 of 338 Loss: 1.042304, L1(Flow): 0.968806, Reg: 0.073497
Iter 210 of 338 Loss: 1.133411, L1(Flow): 1.044719, Reg: 0.088692
Iter 220 of 338 Loss: 1.138558, L1(Flow): 1.053074, Reg: 0.085484
Iter 230 of 338 Loss: 1.148618, L1(Flow): 1.066767, Reg: 0.081850
Iter 240 of 338 Loss: 1.140824, L1(Flow): 1.058603, Reg: 0.082221
Iter 250 of 338 Loss: 1.061877, L1(Flow): 0.982464, Reg: 0.079413
Iter 260 of 338 Loss: 1.198086, L1(Flow): 1.104241, Reg: 0.093844
Iter 270 of 338 Loss: 1.139063, L1(Flow): 1.054991, Reg: 0.084071
Iter 280 of 338 Loss: 1.210056, L1(Flow): 1.111522, Reg: 0.098534
Iter 290 of 338 Loss: 1.112406, L1(Flow): 1.026755, Reg: 0.085651
Iter 300 of 338 Loss: 1.108471, L1(Flow): 1.023921, Reg: 0.084550
Iter 310 of 338 Loss: 1.069256, L1(Flow): 0.988025, Reg: 0.081231
Iter 320 of 338 Loss: 1.129331, L1(Flow): 1.051544, Reg: 0.077787
Iter 330 of 338 Loss: 1.152450, L1(Flow): 1.071672, Reg: 0.080778
Epoch 104 Loss: 1.114578
Epoch 104 Validation: Mean EPE: 2.8232, Mean SSIM: 0.3905, Mean ZNCC: 0.6440
--> Saved to Top 5 best models (EPE: 2.8232)
Epoch 105 starts
Iter 10 of 338 Loss: 1.077367, L1(Flow): 0.997454, Reg: 0.079913
Iter 20 of 338 Loss: 1.062733, L1(Flow): 0.984035, Reg: 0.078698
Iter 30 of 338 Loss: 1.098013, L1(Flow): 1.022509, Reg: 0.075504
Iter 40 of 338 Loss: 1.088321, L1(Flow): 1.008934, Reg: 0.079388
Iter 50 of 338 Loss: 1.100029, L1(Flow): 1.010089, Reg: 0.089940
Iter 60 of 338 Loss: 1.120718, L1(Flow): 1.035499, Reg: 0.085219
Iter 70 of 338 Loss: 1.119217, L1(Flow): 1.038552, Reg: 0.080665
Iter 80 of 338 Loss: 1.172176, L1(Flow): 1.087085, Reg: 0.085090
Iter 90 of 338 Loss: 1.117071, L1(Flow): 1.033984, Reg: 0.083087
Iter 100 of 338 Loss: 1.161270, L1(Flow): 1.068458, Reg: 0.092811
Iter 110 of 338 Loss: 1.173324, L1(Flow): 1.089252, Reg: 0.084072
Iter 120 of 338 Loss: 1.117422, L1(Flow): 1.042529, Reg: 0.074893
Iter 130 of 338 Loss: 1.140108, L1(Flow): 1.058467, Reg: 0.081642
Iter 140 of 338 Loss: 1.106309, L1(Flow): 1.024165, Reg: 0.082144
Iter 150 of 338 Loss: 1.187035, L1(Flow): 1.100851, Reg: 0.086184
Iter 160 of 338 Loss: 1.104548, L1(Flow): 1.018897, Reg: 0.085651
Iter 170 of 338 Loss: 1.035415, L1(Flow): 0.963885, Reg: 0.071530
Iter 180 of 338 Loss: 1.080041, L1(Flow): 1.004798, Reg: 0.075243
Iter 190 of 338 Loss: 1.065509, L1(Flow): 0.991436, Reg: 0.074073
Iter 200 of 338 Loss: 1.127651, L1(Flow): 1.044531, Reg: 0.083120
Iter 210 of 338 Loss: 1.161284, L1(Flow): 1.081866, Reg: 0.079418
Iter 220 of 338 Loss: 1.165840, L1(Flow): 1.079736, Reg: 0.086104
Iter 230 of 338 Loss: 1.152386, L1(Flow): 1.066966, Reg: 0.085420
Iter 240 of 338 Loss: 1.093757, L1(Flow): 1.015195, Reg: 0.078562
Iter 250 of 338 Loss: 1.148725, L1(Flow): 1.063343, Reg: 0.085382
Iter 260 of 338 Loss: 1.085366, L1(Flow): 1.009408, Reg: 0.075958
Iter 270 of 338 Loss: 1.069958, L1(Flow): 0.984490, Reg: 0.085468
Iter 280 of 338 Loss: 1.094636, L1(Flow): 1.019016, Reg: 0.075621
Iter 290 of 338 Loss: 1.084693, L1(Flow): 1.004698, Reg: 0.079995
Iter 300 of 338 Loss: 1.145459, L1(Flow): 1.064164, Reg: 0.081295
Iter 310 of 338 Loss: 1.098841, L1(Flow): 1.016988, Reg: 0.081854
Iter 320 of 338 Loss: 1.113841, L1(Flow): 1.029771, Reg: 0.084070
Iter 330 of 338 Loss: 1.121796, L1(Flow): 1.042448, Reg: 0.079348
Epoch 105 Loss: 1.116880
Epoch 105 Validation: Mean EPE: 2.8446, Mean SSIM: 0.3902, Mean ZNCC: 0.6438
Epoch 106 starts
Iter 10 of 338 Loss: 1.067187, L1(Flow): 0.990849, Reg: 0.076338
Iter 20 of 338 Loss: 1.087011, L1(Flow): 1.009308, Reg: 0.077703
Iter 30 of 338 Loss: 1.096478, L1(Flow): 1.008770, Reg: 0.087708
Iter 40 of 338 Loss: 1.138511, L1(Flow): 1.050376, Reg: 0.088135
Iter 50 of 338 Loss: 1.100292, L1(Flow): 1.012821, Reg: 0.087471
Iter 60 of 338 Loss: 1.134641, L1(Flow): 1.049877, Reg: 0.084764
Iter 70 of 338 Loss: 1.042062, L1(Flow): 0.966587, Reg: 0.075474
Iter 80 of 338 Loss: 1.045476, L1(Flow): 0.978113, Reg: 0.067363
Iter 90 of 338 Loss: 1.089199, L1(Flow): 1.010539, Reg: 0.078660
Iter 100 of 338 Loss: 1.069871, L1(Flow): 0.998321, Reg: 0.071550
Iter 110 of 338 Loss: 1.067756, L1(Flow): 0.991278, Reg: 0.076479
Iter 120 of 338 Loss: 1.154609, L1(Flow): 1.065327, Reg: 0.089282
Iter 130 of 338 Loss: 1.102923, L1(Flow): 1.016114, Reg: 0.086809
Iter 140 of 338 Loss: 1.033325, L1(Flow): 0.962215, Reg: 0.071110
Iter 150 of 338 Loss: 1.081836, L1(Flow): 1.005139, Reg: 0.076697
Iter 160 of 338 Loss: 1.077685, L1(Flow): 1.002121, Reg: 0.075564
Iter 170 of 338 Loss: 1.105464, L1(Flow): 1.029786, Reg: 0.075679
Iter 180 of 338 Loss: 1.181276, L1(Flow): 1.094749, Reg: 0.086528
Iter 190 of 338 Loss: 1.100354, L1(Flow): 1.021128, Reg: 0.079226
Iter 200 of 338 Loss: 1.165546, L1(Flow): 1.078441, Reg: 0.087106
Iter 210 of 338 Loss: 1.070951, L1(Flow): 0.987839, Reg: 0.083112
Iter 220 of 338 Loss: 1.086110, L1(Flow): 1.008118, Reg: 0.077992
Iter 230 of 338 Loss: 1.104833, L1(Flow): 1.024251, Reg: 0.080581
Iter 240 of 338 Loss: 1.165000, L1(Flow): 1.082444, Reg: 0.082556
Iter 250 of 338 Loss: 1.121702, L1(Flow): 1.036313, Reg: 0.085388
Iter 260 of 338 Loss: 1.089706, L1(Flow): 1.010663, Reg: 0.079044
Iter 270 of 338 Loss: 1.135404, L1(Flow): 1.050077, Reg: 0.085327
Iter 280 of 338 Loss: 1.191129, L1(Flow): 1.096925, Reg: 0.094204
Iter 290 of 338 Loss: 1.070534, L1(Flow): 1.003114, Reg: 0.067419
Iter 300 of 338 Loss: 1.114562, L1(Flow): 1.023018, Reg: 0.091545
Iter 310 of 338 Loss: 1.105941, L1(Flow): 1.021763, Reg: 0.084178
Iter 320 of 338 Loss: 1.095425, L1(Flow): 1.014364, Reg: 0.081060
Iter 330 of 338 Loss: 1.072484, L1(Flow): 0.988556, Reg: 0.083928
Epoch 106 Loss: 1.106124
Epoch 106 Validation: Mean EPE: 2.8427, Mean SSIM: 0.3906, Mean ZNCC: 0.6439
Epoch 107 starts
Iter 10 of 338 Loss: 1.025218, L1(Flow): 0.950593, Reg: 0.074625
Iter 20 of 338 Loss: 1.116143, L1(Flow): 1.031936, Reg: 0.084208
Iter 30 of 338 Loss: 1.111121, L1(Flow): 1.031667, Reg: 0.079454
Iter 40 of 338 Loss: 1.058609, L1(Flow): 0.975243, Reg: 0.083366
Iter 50 of 338 Loss: 1.127816, L1(Flow): 1.038291, Reg: 0.089525
Iter 60 of 338 Loss: 1.044970, L1(Flow): 0.969432, Reg: 0.075538
Iter 70 of 338 Loss: 1.167730, L1(Flow): 1.084877, Reg: 0.082852
Iter 80 of 338 Loss: 1.038486, L1(Flow): 0.964710, Reg: 0.073776
Iter 90 of 338 Loss: 1.097676, L1(Flow): 1.019681, Reg: 0.077995
Iter 100 of 338 Loss: 1.071893, L1(Flow): 0.993051, Reg: 0.078842
Iter 110 of 338 Loss: 1.057613, L1(Flow): 0.984070, Reg: 0.073543
Iter 120 of 338 Loss: 1.118540, L1(Flow): 1.038599, Reg: 0.079941
Iter 130 of 338 Loss: 1.139880, L1(Flow): 1.051151, Reg: 0.088729
Iter 140 of 338 Loss: 1.079781, L1(Flow): 0.997654, Reg: 0.082127
Iter 150 of 338 Loss: 1.099470, L1(Flow): 1.015901, Reg: 0.083569
Iter 160 of 338 Loss: 1.098532, L1(Flow): 1.019615, Reg: 0.078917
Iter 170 of 338 Loss: 1.094479, L1(Flow): 1.022047, Reg: 0.072432
Iter 180 of 338 Loss: 1.084646, L1(Flow): 1.008074, Reg: 0.076572
Iter 190 of 338 Loss: 1.165641, L1(Flow): 1.077720, Reg: 0.087920
Iter 200 of 338 Loss: 1.053834, L1(Flow): 0.978810, Reg: 0.075024
Iter 210 of 338 Loss: 1.084780, L1(Flow): 1.004986, Reg: 0.079794
Iter 220 of 338 Loss: 1.061062, L1(Flow): 0.983162, Reg: 0.077900
Iter 230 of 338 Loss: 1.021979, L1(Flow): 0.952475, Reg: 0.069504
Iter 240 of 338 Loss: 1.184213, L1(Flow): 1.096653, Reg: 0.087561
Iter 250 of 338 Loss: 1.182371, L1(Flow): 1.095389, Reg: 0.086982
Iter 260 of 338 Loss: 1.023470, L1(Flow): 0.956430, Reg: 0.067040
Iter 270 of 338 Loss: 1.123228, L1(Flow): 1.036014, Reg: 0.087214
Iter 280 of 338 Loss: 1.083408, L1(Flow): 1.002713, Reg: 0.080695
Iter 290 of 338 Loss: 1.084835, L1(Flow): 1.002941, Reg: 0.081895
Iter 300 of 338 Loss: 1.122153, L1(Flow): 1.034263, Reg: 0.087891
Iter 310 of 338 Loss: 1.034832, L1(Flow): 0.959986, Reg: 0.074846
Iter 320 of 338 Loss: 1.064241, L1(Flow): 0.989761, Reg: 0.074480
Iter 330 of 338 Loss: 1.102136, L1(Flow): 1.018172, Reg: 0.083964
Epoch 107 Loss: 1.095532
Epoch 107 Validation: Mean EPE: 2.8210, Mean SSIM: 0.3902, Mean ZNCC: 0.6438
--> Saved to Top 5 best models (EPE: 2.8210)
Epoch 108 starts
Iter 10 of 338 Loss: 1.086186, L1(Flow): 1.006264, Reg: 0.079922
Iter 20 of 338 Loss: 1.099997, L1(Flow): 1.028100, Reg: 0.071898
Iter 30 of 338 Loss: 1.084349, L1(Flow): 1.006889, Reg: 0.077460
Iter 40 of 338 Loss: 1.113872, L1(Flow): 1.035739, Reg: 0.078133
Iter 50 of 338 Loss: 1.049113, L1(Flow): 0.975462, Reg: 0.073650
Iter 60 of 338 Loss: 1.111770, L1(Flow): 1.029520, Reg: 0.082249
Iter 70 of 338 Loss: 1.110159, L1(Flow): 1.021942, Reg: 0.088217
Iter 80 of 338 Loss: 1.121782, L1(Flow): 1.033939, Reg: 0.087843
Iter 90 of 338 Loss: 1.138282, L1(Flow): 1.051027, Reg: 0.087256
Iter 100 of 338 Loss: 1.155311, L1(Flow): 1.070112, Reg: 0.085199
Iter 110 of 338 Loss: 1.089044, L1(Flow): 1.006189, Reg: 0.082855
Iter 120 of 338 Loss: 1.071093, L1(Flow): 0.997723, Reg: 0.073371
Iter 130 of 338 Loss: 1.111655, L1(Flow): 1.033346, Reg: 0.078310
Iter 140 of 338 Loss: 1.119115, L1(Flow): 1.039013, Reg: 0.080102
Iter 150 of 338 Loss: 1.217152, L1(Flow): 1.121433, Reg: 0.095720
Iter 160 of 338 Loss: 1.084825, L1(Flow): 1.000500, Reg: 0.084325
Iter 170 of 338 Loss: 1.128434, L1(Flow): 1.033210, Reg: 0.095224
Iter 180 of 338 Loss: 1.094707, L1(Flow): 1.021904, Reg: 0.072803
Iter 190 of 338 Loss: 1.117397, L1(Flow): 1.042780, Reg: 0.074617
Iter 200 of 338 Loss: 1.096421, L1(Flow): 1.015010, Reg: 0.081412
Iter 210 of 338 Loss: 1.048948, L1(Flow): 0.972469, Reg: 0.076479
Iter 220 of 338 Loss: 1.067919, L1(Flow): 0.995090, Reg: 0.072829
Iter 230 of 338 Loss: 1.102301, L1(Flow): 1.025008, Reg: 0.077293
Iter 240 of 338 Loss: 1.024627, L1(Flow): 0.954230, Reg: 0.070397
Iter 250 of 338 Loss: 1.062106, L1(Flow): 0.979338, Reg: 0.082768
Iter 260 of 338 Loss: 1.051256, L1(Flow): 0.972992, Reg: 0.078264
Iter 270 of 338 Loss: 1.098270, L1(Flow): 1.013727, Reg: 0.084544
Iter 280 of 338 Loss: 1.162632, L1(Flow): 1.076089, Reg: 0.086543
Iter 290 of 338 Loss: 1.107992, L1(Flow): 1.022300, Reg: 0.085692
Iter 300 of 338 Loss: 1.116121, L1(Flow): 1.030798, Reg: 0.085323
Iter 310 of 338 Loss: 1.068078, L1(Flow): 0.983682, Reg: 0.084396
Iter 320 of 338 Loss: 1.079585, L1(Flow): 1.003728, Reg: 0.075856
Iter 330 of 338 Loss: 1.071215, L1(Flow): 0.996972, Reg: 0.074243
Epoch 108 Loss: 1.092074
Epoch 108 Validation: Mean EPE: 2.8234, Mean SSIM: 0.3915, Mean ZNCC: 0.6443
--> Saved to Top 5 best models (EPE: 2.8234)
Epoch 109 starts
Iter 10 of 338 Loss: 1.029816, L1(Flow): 0.951555, Reg: 0.078261
Iter 20 of 338 Loss: 1.067527, L1(Flow): 0.990061, Reg: 0.077466
Iter 30 of 338 Loss: 1.096975, L1(Flow): 1.024452, Reg: 0.072522
Iter 40 of 338 Loss: 1.130801, L1(Flow): 1.046149, Reg: 0.084652
Iter 50 of 338 Loss: 1.103042, L1(Flow): 1.020649, Reg: 0.082393
Iter 60 of 338 Loss: 1.034634, L1(Flow): 0.965864, Reg: 0.068770
Iter 70 of 338 Loss: 1.083021, L1(Flow): 1.002714, Reg: 0.080307
Iter 80 of 338 Loss: 1.115047, L1(Flow): 1.030697, Reg: 0.084350
Iter 90 of 338 Loss: 1.121296, L1(Flow): 1.028056, Reg: 0.093239
Iter 100 of 338 Loss: 1.118580, L1(Flow): 1.034420, Reg: 0.084159
Iter 110 of 338 Loss: 1.074305, L1(Flow): 1.000274, Reg: 0.074031
Iter 120 of 338 Loss: 1.011862, L1(Flow): 0.938567, Reg: 0.073295
Iter 130 of 338 Loss: 1.101918, L1(Flow): 1.016665, Reg: 0.085253
Iter 140 of 338 Loss: 1.096441, L1(Flow): 1.014745, Reg: 0.081696
Iter 150 of 338 Loss: 1.093688, L1(Flow): 1.006149, Reg: 0.087539
Iter 160 of 338 Loss: 1.145664, L1(Flow): 1.061712, Reg: 0.083952
Iter 170 of 338 Loss: 1.042401, L1(Flow): 0.961010, Reg: 0.081391
Iter 180 of 338 Loss: 1.020656, L1(Flow): 0.944160, Reg: 0.076496
Iter 190 of 338 Loss: 1.038987, L1(Flow): 0.964721, Reg: 0.074266
Iter 200 of 338 Loss: 1.075037, L1(Flow): 0.996359, Reg: 0.078678
Iter 210 of 338 Loss: 1.127144, L1(Flow): 1.051316, Reg: 0.075827
Iter 220 of 338 Loss: 1.012863, L1(Flow): 0.946027, Reg: 0.066836
Iter 230 of 338 Loss: 1.082374, L1(Flow): 1.006848, Reg: 0.075526
Iter 240 of 338 Loss: 1.115407, L1(Flow): 1.031529, Reg: 0.083878
Iter 250 of 338 Loss: 1.234725, L1(Flow): 1.139843, Reg: 0.094882
Iter 260 of 338 Loss: 1.076514, L1(Flow): 0.995562, Reg: 0.080951
Iter 270 of 338 Loss: 1.086301, L1(Flow): 1.006603, Reg: 0.079698
Iter 280 of 338 Loss: 1.093007, L1(Flow): 1.012359, Reg: 0.080649
Iter 290 of 338 Loss: 1.039232, L1(Flow): 0.963557, Reg: 0.075675
Iter 300 of 338 Loss: 1.076542, L1(Flow): 0.990606, Reg: 0.085936
Iter 310 of 338 Loss: 1.113400, L1(Flow): 1.034771, Reg: 0.078629
Iter 320 of 338 Loss: 1.060485, L1(Flow): 0.988574, Reg: 0.071911
Iter 330 of 338 Loss: 1.108457, L1(Flow): 1.027507, Reg: 0.080950
Epoch 109 Loss: 1.087873
Epoch 109 Validation: Mean EPE: 2.8121, Mean SSIM: 0.3911, Mean ZNCC: 0.6443
--> Saved to Top 5 best models (EPE: 2.8121)
--> New absolute BEST model updated with EPE: 2.8121
Epoch 110 starts
Iter 10 of 338 Loss: 1.087022, L1(Flow): 1.002993, Reg: 0.084029
Iter 20 of 338 Loss: 1.076804, L1(Flow): 0.995198, Reg: 0.081606
Iter 30 of 338 Loss: 1.077849, L1(Flow): 0.993365, Reg: 0.084484
Iter 40 of 338 Loss: 1.063159, L1(Flow): 0.981711, Reg: 0.081449
Iter 50 of 338 Loss: 1.099320, L1(Flow): 1.014878, Reg: 0.084442
Iter 60 of 338 Loss: 1.092695, L1(Flow): 1.018444, Reg: 0.074252
Iter 70 of 338 Loss: 1.053232, L1(Flow): 0.972829, Reg: 0.080403
Iter 80 of 338 Loss: 1.025595, L1(Flow): 0.950110, Reg: 0.075486
Iter 90 of 338 Loss: 1.077760, L1(Flow): 1.001444, Reg: 0.076316
Iter 100 of 338 Loss: 1.164964, L1(Flow): 1.077523, Reg: 0.087441
Iter 110 of 338 Loss: 1.102473, L1(Flow): 1.020380, Reg: 0.082093
Iter 120 of 338 Loss: 1.086702, L1(Flow): 1.008732, Reg: 0.077969
Iter 130 of 338 Loss: 1.041530, L1(Flow): 0.971030, Reg: 0.070499
Iter 140 of 338 Loss: 1.055468, L1(Flow): 0.979857, Reg: 0.075611
Iter 150 of 338 Loss: 1.132987, L1(Flow): 1.046706, Reg: 0.086281
Iter 160 of 338 Loss: 1.112482, L1(Flow): 1.029927, Reg: 0.082555
Iter 170 of 338 Loss: 1.041463, L1(Flow): 0.967529, Reg: 0.073935
Iter 180 of 338 Loss: 1.096597, L1(Flow): 1.016762, Reg: 0.079835
Iter 190 of 338 Loss: 1.070714, L1(Flow): 0.987070, Reg: 0.083644
Iter 200 of 338 Loss: 1.042969, L1(Flow): 0.964939, Reg: 0.078029
Iter 210 of 338 Loss: 1.086995, L1(Flow): 1.007844, Reg: 0.079151
Iter 220 of 338 Loss: 1.118882, L1(Flow): 1.037819, Reg: 0.081063
Iter 230 of 338 Loss: 1.065157, L1(Flow): 0.986622, Reg: 0.078535
Iter 240 of 338 Loss: 1.056888, L1(Flow): 0.980094, Reg: 0.076794
Iter 250 of 338 Loss: 1.078750, L1(Flow): 1.000619, Reg: 0.078131
Iter 260 of 338 Loss: 1.076175, L1(Flow): 0.998333, Reg: 0.077842
Iter 270 of 338 Loss: 1.114568, L1(Flow): 1.030368, Reg: 0.084200
Iter 280 of 338 Loss: 1.037044, L1(Flow): 0.962267, Reg: 0.074776
Iter 290 of 338 Loss: 1.069863, L1(Flow): 0.987265, Reg: 0.082598
Iter 300 of 338 Loss: 1.108086, L1(Flow): 1.032167, Reg: 0.075919
Iter 310 of 338 Loss: 1.151698, L1(Flow): 1.069459, Reg: 0.082239
Iter 320 of 338 Loss: 1.035670, L1(Flow): 0.957808, Reg: 0.077862
Iter 330 of 338 Loss: 1.086119, L1(Flow): 1.004470, Reg: 0.081649
Epoch 110 Loss: 1.073993
Epoch 110 Validation: Mean EPE: 2.8157, Mean SSIM: 0.3913, Mean ZNCC: 0.6442
--> Saved to Top 5 best models (EPE: 2.8157)
Epoch 111 starts
Iter 10 of 338 Loss: 1.015916, L1(Flow): 0.943419, Reg: 0.072496
Iter 20 of 338 Loss: 1.074591, L1(Flow): 0.998342, Reg: 0.076249
Iter 30 of 338 Loss: 1.073961, L1(Flow): 0.990995, Reg: 0.082966
Iter 40 of 338 Loss: 1.038792, L1(Flow): 0.962909, Reg: 0.075883
Iter 50 of 338 Loss: 1.116638, L1(Flow): 1.029118, Reg: 0.087520
Iter 60 of 338 Loss: 1.060288, L1(Flow): 0.979764, Reg: 0.080524
Iter 70 of 338 Loss: 1.046354, L1(Flow): 0.970620, Reg: 0.075734
Iter 80 of 338 Loss: 1.109869, L1(Flow): 1.026647, Reg: 0.083222
Iter 90 of 338 Loss: 1.057423, L1(Flow): 0.977305, Reg: 0.080118
Iter 100 of 338 Loss: 1.092782, L1(Flow): 1.004628, Reg: 0.088154
Iter 110 of 338 Loss: 1.063105, L1(Flow): 0.986834, Reg: 0.076271
Iter 120 of 338 Loss: 1.076663, L1(Flow): 0.996018, Reg: 0.080645
Iter 130 of 338 Loss: 1.076868, L1(Flow): 0.995046, Reg: 0.081822
Iter 140 of 338 Loss: 1.092887, L1(Flow): 1.012507, Reg: 0.080380
Iter 150 of 338 Loss: 1.073926, L1(Flow): 0.996051, Reg: 0.077875
Iter 160 of 338 Loss: 1.082904, L1(Flow): 1.004804, Reg: 0.078101
Iter 170 of 338 Loss: 1.081141, L1(Flow): 1.003075, Reg: 0.078066
Iter 180 of 338 Loss: 1.065351, L1(Flow): 0.986909, Reg: 0.078442
Iter 190 of 338 Loss: 0.983305, L1(Flow): 0.912460, Reg: 0.070845
Iter 200 of 338 Loss: 1.095990, L1(Flow): 1.007637, Reg: 0.088352
Iter 210 of 338 Loss: 1.105219, L1(Flow): 1.017701, Reg: 0.087518
Iter 220 of 338 Loss: 1.030393, L1(Flow): 0.955321, Reg: 0.075072
Iter 230 of 338 Loss: 1.050602, L1(Flow): 0.969629, Reg: 0.080973
Iter 240 of 338 Loss: 1.077236, L1(Flow): 0.994307, Reg: 0.082929
Iter 250 of 338 Loss: 1.139501, L1(Flow): 1.059864, Reg: 0.079637
Iter 260 of 338 Loss: 1.062140, L1(Flow): 0.989312, Reg: 0.072828
Iter 270 of 338 Loss: 1.020309, L1(Flow): 0.957923, Reg: 0.062386
Iter 280 of 338 Loss: 1.070110, L1(Flow): 0.993360, Reg: 0.076751
Iter 290 of 338 Loss: 1.077281, L1(Flow): 0.999548, Reg: 0.077733
Iter 300 of 338 Loss: 1.053138, L1(Flow): 0.974568, Reg: 0.078571
Iter 310 of 338 Loss: 1.038280, L1(Flow): 0.961205, Reg: 0.077075
Iter 320 of 338 Loss: 1.032732, L1(Flow): 0.962855, Reg: 0.069878
Iter 330 of 338 Loss: 1.134053, L1(Flow): 1.049136, Reg: 0.084917
Epoch 111 Loss: 1.072497
Epoch 111 Validation: Mean EPE: 2.8047, Mean SSIM: 0.3912, Mean ZNCC: 0.6443
--> Saved to Top 5 best models (EPE: 2.8047)
--> New absolute BEST model updated with EPE: 2.8047
Epoch 112 starts
Iter 10 of 338 Loss: 0.957600, L1(Flow): 0.888773, Reg: 0.068827
Iter 20 of 338 Loss: 1.044926, L1(Flow): 0.967670, Reg: 0.077255
Iter 30 of 338 Loss: 1.041511, L1(Flow): 0.961498, Reg: 0.080012
Iter 40 of 338 Loss: 1.065786, L1(Flow): 0.982331, Reg: 0.083455
Iter 50 of 338 Loss: 1.117714, L1(Flow): 1.034154, Reg: 0.083560
Iter 60 of 338 Loss: 1.035528, L1(Flow): 0.958314, Reg: 0.077214
Iter 70 of 338 Loss: 1.063966, L1(Flow): 0.984936, Reg: 0.079030
Iter 80 of 338 Loss: 1.039359, L1(Flow): 0.967376, Reg: 0.071983
Iter 90 of 338 Loss: 1.105634, L1(Flow): 1.020946, Reg: 0.084688
Iter 100 of 338 Loss: 1.061133, L1(Flow): 0.985073, Reg: 0.076060
Iter 110 of 338 Loss: 1.069685, L1(Flow): 0.989857, Reg: 0.079828
Iter 120 of 338 Loss: 1.113732, L1(Flow): 1.042845, Reg: 0.070887
Iter 130 of 338 Loss: 1.078074, L1(Flow): 0.992240, Reg: 0.085833
Iter 140 of 338 Loss: 1.112091, L1(Flow): 1.029289, Reg: 0.082803
Iter 150 of 338 Loss: 1.016263, L1(Flow): 0.946500, Reg: 0.069764
Iter 160 of 338 Loss: 1.084755, L1(Flow): 1.008446, Reg: 0.076309
Iter 170 of 338 Loss: 1.063074, L1(Flow): 0.986960, Reg: 0.076114
Iter 180 of 338 Loss: 1.142499, L1(Flow): 1.054584, Reg: 0.087915
Iter 190 of 338 Loss: 1.108045, L1(Flow): 1.026958, Reg: 0.081087
Iter 200 of 338 Loss: 1.177979, L1(Flow): 1.091219, Reg: 0.086760
Iter 210 of 338 Loss: 1.097609, L1(Flow): 1.014314, Reg: 0.083296
Iter 220 of 338 Loss: 1.088457, L1(Flow): 0.999124, Reg: 0.089333
Iter 230 of 338 Loss: 1.114858, L1(Flow): 1.029354, Reg: 0.085504
Iter 240 of 338 Loss: 1.027512, L1(Flow): 0.952189, Reg: 0.075323
Iter 250 of 338 Loss: 1.096406, L1(Flow): 1.021179, Reg: 0.075228
Iter 260 of 338 Loss: 1.096809, L1(Flow): 1.021466, Reg: 0.075344
Iter 270 of 338 Loss: 1.051349, L1(Flow): 0.976050, Reg: 0.075300
Iter 280 of 338 Loss: 1.130077, L1(Flow): 1.044394, Reg: 0.085683
Iter 290 of 338 Loss: 1.164263, L1(Flow): 1.081146, Reg: 0.083117
Iter 300 of 338 Loss: 1.077381, L1(Flow): 1.006052, Reg: 0.071329
Iter 310 of 338 Loss: 1.032141, L1(Flow): 0.959863, Reg: 0.072278
Iter 320 of 338 Loss: 1.104984, L1(Flow): 1.022023, Reg: 0.082962
Iter 330 of 338 Loss: 1.038975, L1(Flow): 0.965873, Reg: 0.073102
Epoch 112 Loss: 1.071839
Epoch 112 Validation: Mean EPE: 2.8250, Mean SSIM: 0.3912, Mean ZNCC: 0.6443
Epoch 113 starts
Iter 10 of 338 Loss: 1.100328, L1(Flow): 1.015447, Reg: 0.084881
Iter 20 of 338 Loss: 1.081281, L1(Flow): 1.002696, Reg: 0.078585
Iter 30 of 338 Loss: 1.104360, L1(Flow): 1.027239, Reg: 0.077122
Iter 40 of 338 Loss: 1.059830, L1(Flow): 0.980126, Reg: 0.079704
Iter 50 of 338 Loss: 1.076386, L1(Flow): 0.997093, Reg: 0.079293
Iter 60 of 338 Loss: 1.154679, L1(Flow): 1.061027, Reg: 0.093651
Iter 70 of 338 Loss: 1.074477, L1(Flow): 0.997388, Reg: 0.077088
Iter 80 of 338 Loss: 1.079373, L1(Flow): 1.000259, Reg: 0.079114
Iter 90 of 338 Loss: 1.026254, L1(Flow): 0.955254, Reg: 0.071000
Iter 100 of 338 Loss: 1.038966, L1(Flow): 0.958972, Reg: 0.079993
Iter 110 of 338 Loss: 1.069722, L1(Flow): 0.986208, Reg: 0.083513
Iter 120 of 338 Loss: 0.984042, L1(Flow): 0.913933, Reg: 0.070108
Iter 130 of 338 Loss: 1.121730, L1(Flow): 1.038104, Reg: 0.083625
Iter 140 of 338 Loss: 1.053546, L1(Flow): 0.972613, Reg: 0.080933
Iter 150 of 338 Loss: 1.104691, L1(Flow): 1.017842, Reg: 0.086850
Iter 160 of 338 Loss: 1.037108, L1(Flow): 0.955487, Reg: 0.081621
Iter 170 of 338 Loss: 1.032758, L1(Flow): 0.960760, Reg: 0.071998
Iter 180 of 338 Loss: 1.051751, L1(Flow): 0.975928, Reg: 0.075822
Iter 190 of 338 Loss: 1.097397, L1(Flow): 1.022143, Reg: 0.075254
Iter 200 of 338 Loss: 1.090474, L1(Flow): 1.001737, Reg: 0.088737
Iter 210 of 338 Loss: 1.045338, L1(Flow): 0.972931, Reg: 0.072407
Iter 220 of 338 Loss: 0.979350, L1(Flow): 0.901546, Reg: 0.077804
Iter 230 of 338 Loss: 1.031670, L1(Flow): 0.953363, Reg: 0.078307
Iter 240 of 338 Loss: 1.036727, L1(Flow): 0.962101, Reg: 0.074626
Iter 250 of 338 Loss: 1.080535, L1(Flow): 1.004674, Reg: 0.075861
Iter 260 of 338 Loss: 1.049577, L1(Flow): 0.973920, Reg: 0.075657
Iter 270 of 338 Loss: 1.029803, L1(Flow): 0.951684, Reg: 0.078119
Iter 280 of 338 Loss: 1.033731, L1(Flow): 0.956800, Reg: 0.076931
Iter 290 of 338 Loss: 1.105893, L1(Flow): 1.025549, Reg: 0.080344
Iter 300 of 338 Loss: 1.111621, L1(Flow): 1.028378, Reg: 0.083243
Iter 310 of 338 Loss: 1.116308, L1(Flow): 1.034045, Reg: 0.082263
Iter 320 of 338 Loss: 1.107239, L1(Flow): 1.028035, Reg: 0.079204
Iter 330 of 338 Loss: 1.110572, L1(Flow): 1.023749, Reg: 0.086823
Epoch 113 Loss: 1.064397
Epoch 113 Validation: Mean EPE: 2.8218, Mean SSIM: 0.3918, Mean ZNCC: 0.6444
Epoch 114 starts
Iter 10 of 338 Loss: 1.074357, L1(Flow): 0.990462, Reg: 0.083894
Iter 20 of 338 Loss: 0.991507, L1(Flow): 0.919490, Reg: 0.072017
Iter 30 of 338 Loss: 1.066494, L1(Flow): 0.987248, Reg: 0.079246
Iter 40 of 338 Loss: 1.035117, L1(Flow): 0.963694, Reg: 0.071422
Iter 50 of 338 Loss: 1.008171, L1(Flow): 0.926521, Reg: 0.081649
Iter 60 of 338 Loss: 1.035989, L1(Flow): 0.957920, Reg: 0.078069
Iter 70 of 338 Loss: 1.011081, L1(Flow): 0.938575, Reg: 0.072506
Iter 80 of 338 Loss: 1.033161, L1(Flow): 0.954195, Reg: 0.078966
Iter 90 of 338 Loss: 1.021930, L1(Flow): 0.946812, Reg: 0.075119
Iter 100 of 338 Loss: 1.019044, L1(Flow): 0.948997, Reg: 0.070047
Iter 110 of 338 Loss: 1.085581, L1(Flow): 1.005663, Reg: 0.079918
Iter 120 of 338 Loss: 1.067503, L1(Flow): 0.992132, Reg: 0.075371
Iter 130 of 338 Loss: 1.102191, L1(Flow): 1.015431, Reg: 0.086761
Iter 140 of 338 Loss: 1.029526, L1(Flow): 0.948804, Reg: 0.080722
Iter 150 of 338 Loss: 1.085139, L1(Flow): 1.006520, Reg: 0.078619
Iter 160 of 338 Loss: 1.066563, L1(Flow): 0.989315, Reg: 0.077248
Iter 170 of 338 Loss: 1.051597, L1(Flow): 0.979430, Reg: 0.072167
Iter 180 of 338 Loss: 1.033869, L1(Flow): 0.958275, Reg: 0.075594
Iter 190 of 338 Loss: 1.002160, L1(Flow): 0.932081, Reg: 0.070078
Iter 200 of 338 Loss: 0.998286, L1(Flow): 0.928080, Reg: 0.070206
Iter 210 of 338 Loss: 0.986566, L1(Flow): 0.914620, Reg: 0.071946
Iter 220 of 338 Loss: 1.050516, L1(Flow): 0.975171, Reg: 0.075345
Iter 230 of 338 Loss: 1.028746, L1(Flow): 0.950848, Reg: 0.077898
Iter 240 of 338 Loss: 1.018692, L1(Flow): 0.949404, Reg: 0.069288
Iter 250 of 338 Loss: 1.017384, L1(Flow): 0.941251, Reg: 0.076133
Iter 260 of 338 Loss: 1.065874, L1(Flow): 0.993426, Reg: 0.072448
Iter 270 of 338 Loss: 1.058999, L1(Flow): 0.981078, Reg: 0.077921
Iter 280 of 338 Loss: 1.089091, L1(Flow): 1.010832, Reg: 0.078259
Iter 290 of 338 Loss: 1.055217, L1(Flow): 0.977857, Reg: 0.077359
Iter 300 of 338 Loss: 1.054780, L1(Flow): 0.980244, Reg: 0.074536
Iter 310 of 338 Loss: 1.087715, L1(Flow): 1.006876, Reg: 0.080839
Iter 320 of 338 Loss: 1.033176, L1(Flow): 0.959866, Reg: 0.073310
Iter 330 of 338 Loss: 1.167397, L1(Flow): 1.078285, Reg: 0.089112
Epoch 114 Loss: 1.063278
Epoch 114 Validation: Mean EPE: 2.8574, Mean SSIM: 0.3893, Mean ZNCC: 0.6433
Epoch 115 starts
Iter 10 of 338 Loss: 1.111736, L1(Flow): 1.027970, Reg: 0.083767
Iter 20 of 338 Loss: 1.091262, L1(Flow): 1.006954, Reg: 0.084307
Iter 30 of 338 Loss: 1.051154, L1(Flow): 0.975155, Reg: 0.075998
Iter 40 of 338 Loss: 1.056732, L1(Flow): 0.979389, Reg: 0.077343
Iter 50 of 338 Loss: 1.031101, L1(Flow): 0.956343, Reg: 0.074758
Iter 60 of 338 Loss: 1.099129, L1(Flow): 1.013945, Reg: 0.085185
Iter 70 of 338 Loss: 1.010989, L1(Flow): 0.939341, Reg: 0.071648
Iter 80 of 338 Loss: 0.980655, L1(Flow): 0.913216, Reg: 0.067439
Iter 90 of 338 Loss: 1.060861, L1(Flow): 0.974198, Reg: 0.086663
Iter 100 of 338 Loss: 1.044714, L1(Flow): 0.962076, Reg: 0.082638
Iter 110 of 338 Loss: 1.052585, L1(Flow): 0.974551, Reg: 0.078034
Iter 120 of 338 Loss: 1.042012, L1(Flow): 0.967279, Reg: 0.074733
Iter 130 of 338 Loss: 1.083023, L1(Flow): 1.009107, Reg: 0.073916
Iter 140 of 338 Loss: 1.100314, L1(Flow): 1.017937, Reg: 0.082377
Iter 150 of 338 Loss: 1.086975, L1(Flow): 1.007892, Reg: 0.079083
Iter 160 of 338 Loss: 1.025824, L1(Flow): 0.948505, Reg: 0.077319
Iter 170 of 338 Loss: 1.051721, L1(Flow): 0.971433, Reg: 0.080288
Iter 180 of 338 Loss: 1.009348, L1(Flow): 0.945139, Reg: 0.064208
Iter 190 of 338 Loss: 1.026753, L1(Flow): 0.960390, Reg: 0.066363
Iter 200 of 338 Loss: 1.034270, L1(Flow): 0.952926, Reg: 0.081344
Iter 210 of 338 Loss: 1.034398, L1(Flow): 0.955678, Reg: 0.078720
Iter 220 of 338 Loss: 1.055794, L1(Flow): 0.978837, Reg: 0.076956
Iter 230 of 338 Loss: 1.069665, L1(Flow): 0.996907, Reg: 0.072757
Iter 240 of 338 Loss: 1.115225, L1(Flow): 1.028007, Reg: 0.087218
Iter 250 of 338 Loss: 1.140284, L1(Flow): 1.053377, Reg: 0.086907
Iter 260 of 338 Loss: 1.096292, L1(Flow): 1.014783, Reg: 0.081509
Iter 270 of 338 Loss: 1.000999, L1(Flow): 0.929967, Reg: 0.071032
Iter 280 of 338 Loss: 1.047685, L1(Flow): 0.969904, Reg: 0.077781
Iter 290 of 338 Loss: 1.079975, L1(Flow): 0.996840, Reg: 0.083135
Iter 300 of 338 Loss: 0.993101, L1(Flow): 0.917731, Reg: 0.075370
Iter 310 of 338 Loss: 1.025194, L1(Flow): 0.949088, Reg: 0.076106
Iter 320 of 338 Loss: 1.081533, L1(Flow): 1.003318, Reg: 0.078215
Iter 330 of 338 Loss: 1.078164, L1(Flow): 0.997789, Reg: 0.080375
Epoch 115 Loss: 1.055842
Epoch 115 Validation: Mean EPE: 2.8193, Mean SSIM: 0.3918, Mean ZNCC: 0.6444
--> Saved to Top 5 best models (EPE: 2.8193)
Epoch 116 starts
Iter 10 of 338 Loss: 1.007805, L1(Flow): 0.933011, Reg: 0.074794
Iter 20 of 338 Loss: 1.004715, L1(Flow): 0.933300, Reg: 0.071416
Iter 30 of 338 Loss: 1.071362, L1(Flow): 0.991640, Reg: 0.079722
Iter 40 of 338 Loss: 1.083934, L1(Flow): 1.000224, Reg: 0.083710
Iter 50 of 338 Loss: 1.048747, L1(Flow): 0.966833, Reg: 0.081915
Iter 60 of 338 Loss: 1.022598, L1(Flow): 0.952418, Reg: 0.070180
Iter 70 of 338 Loss: 1.158705, L1(Flow): 1.067436, Reg: 0.091269
Iter 80 of 338 Loss: 1.065329, L1(Flow): 0.982556, Reg: 0.082772
Iter 90 of 338 Loss: 1.060115, L1(Flow): 0.981130, Reg: 0.078985
Iter 100 of 338 Loss: 1.038613, L1(Flow): 0.961871, Reg: 0.076743
Iter 110 of 338 Loss: 1.064407, L1(Flow): 0.985141, Reg: 0.079266
Iter 120 of 338 Loss: 1.095880, L1(Flow): 1.007981, Reg: 0.087899
Iter 130 of 338 Loss: 1.078479, L1(Flow): 0.994949, Reg: 0.083529
Iter 140 of 338 Loss: 1.069361, L1(Flow): 0.991717, Reg: 0.077644
Iter 150 of 338 Loss: 1.029354, L1(Flow): 0.958704, Reg: 0.070651
Iter 160 of 338 Loss: 1.092897, L1(Flow): 0.999543, Reg: 0.093354
Iter 170 of 338 Loss: 1.042473, L1(Flow): 0.964170, Reg: 0.078303
Iter 180 of 338 Loss: 1.042837, L1(Flow): 0.967613, Reg: 0.075225
Iter 190 of 338 Loss: 1.071489, L1(Flow): 0.987530, Reg: 0.083958
Iter 200 of 338 Loss: 1.057466, L1(Flow): 0.975848, Reg: 0.081618
Iter 210 of 338 Loss: 1.096091, L1(Flow): 1.013621, Reg: 0.082470
Iter 220 of 338 Loss: 1.051752, L1(Flow): 0.969383, Reg: 0.082370
Iter 230 of 338 Loss: 1.071988, L1(Flow): 0.993742, Reg: 0.078247
Iter 240 of 338 Loss: 1.056715, L1(Flow): 0.976292, Reg: 0.080423
Iter 250 of 338 Loss: 1.058569, L1(Flow): 0.984486, Reg: 0.074083
Iter 260 of 338 Loss: 1.000767, L1(Flow): 0.930583, Reg: 0.070184
Iter 270 of 338 Loss: 1.072092, L1(Flow): 0.994764, Reg: 0.077328
Iter 280 of 338 Loss: 1.030758, L1(Flow): 0.955158, Reg: 0.075599
Iter 290 of 338 Loss: 1.058267, L1(Flow): 0.982666, Reg: 0.075601
Iter 300 of 338 Loss: 1.035095, L1(Flow): 0.961240, Reg: 0.073856
Iter 310 of 338 Loss: 1.062155, L1(Flow): 0.986659, Reg: 0.075496
Iter 320 of 338 Loss: 1.046028, L1(Flow): 0.975134, Reg: 0.070895
Iter 330 of 338 Loss: 1.087820, L1(Flow): 1.004295, Reg: 0.083525
Epoch 116 Loss: 1.049684
Epoch 116 Validation: Mean EPE: 2.8113, Mean SSIM: 0.3918, Mean ZNCC: 0.6446
--> Saved to Top 5 best models (EPE: 2.8113)
Epoch 117 starts
Iter 10 of 338 Loss: 1.027392, L1(Flow): 0.952513, Reg: 0.074880
Iter 20 of 338 Loss: 1.010449, L1(Flow): 0.938256, Reg: 0.072193
Iter 30 of 338 Loss: 1.031380, L1(Flow): 0.948448, Reg: 0.082933
Iter 40 of 338 Loss: 1.048857, L1(Flow): 0.974670, Reg: 0.074187
Iter 50 of 338 Loss: 1.033310, L1(Flow): 0.951371, Reg: 0.081938
Iter 60 of 338 Loss: 0.979417, L1(Flow): 0.908826, Reg: 0.070592
Iter 70 of 338 Loss: 1.040468, L1(Flow): 0.957302, Reg: 0.083166
Iter 80 of 338 Loss: 1.046651, L1(Flow): 0.966650, Reg: 0.080000
Iter 90 of 338 Loss: 1.038079, L1(Flow): 0.962349, Reg: 0.075729
Iter 100 of 338 Loss: 1.006309, L1(Flow): 0.935540, Reg: 0.070769
Iter 110 of 338 Loss: 1.111831, L1(Flow): 1.032903, Reg: 0.078928
Iter 120 of 338 Loss: 1.099157, L1(Flow): 1.005843, Reg: 0.093314
Iter 130 of 338 Loss: 1.048249, L1(Flow): 0.969004, Reg: 0.079245
Iter 140 of 338 Loss: 1.058001, L1(Flow): 0.980443, Reg: 0.077558
Iter 150 of 338 Loss: 1.015928, L1(Flow): 0.948087, Reg: 0.067841
Iter 160 of 338 Loss: 1.093063, L1(Flow): 1.001159, Reg: 0.091904
Iter 170 of 338 Loss: 1.075857, L1(Flow): 0.996103, Reg: 0.079753
Iter 180 of 338 Loss: 1.052160, L1(Flow): 0.968316, Reg: 0.083845
Iter 190 of 338 Loss: 1.059846, L1(Flow): 0.983616, Reg: 0.076230
Iter 200 of 338 Loss: 1.074556, L1(Flow): 0.994258, Reg: 0.080298
Iter 210 of 338 Loss: 1.008076, L1(Flow): 0.935095, Reg: 0.072981
Iter 220 of 338 Loss: 1.031971, L1(Flow): 0.949286, Reg: 0.082685
Iter 230 of 338 Loss: 1.040559, L1(Flow): 0.963867, Reg: 0.076692
Iter 240 of 338 Loss: 1.040111, L1(Flow): 0.962663, Reg: 0.077448
Iter 250 of 338 Loss: 1.027841, L1(Flow): 0.957388, Reg: 0.070453
Iter 260 of 338 Loss: 1.129920, L1(Flow): 1.042635, Reg: 0.087286
Iter 270 of 338 Loss: 1.056830, L1(Flow): 0.987050, Reg: 0.069780
Iter 280 of 338 Loss: 1.059930, L1(Flow): 0.981770, Reg: 0.078160
Iter 290 of 338 Loss: 0.981457, L1(Flow): 0.911974, Reg: 0.069483
Iter 300 of 338 Loss: 1.031087, L1(Flow): 0.952074, Reg: 0.079013
Iter 310 of 338 Loss: 1.067263, L1(Flow): 0.986301, Reg: 0.080963
Iter 320 of 338 Loss: 1.009126, L1(Flow): 0.940188, Reg: 0.068938
Iter 330 of 338 Loss: 1.052754, L1(Flow): 0.975959, Reg: 0.076795
Epoch 117 Loss: 1.038551
Epoch 117 Validation: Mean EPE: 2.8186, Mean SSIM: 0.3916, Mean ZNCC: 0.6443
Epoch 118 starts
Iter 10 of 338 Loss: 0.963318, L1(Flow): 0.892293, Reg: 0.071024
Iter 20 of 338 Loss: 1.052541, L1(Flow): 0.978837, Reg: 0.073704
Iter 30 of 338 Loss: 1.096608, L1(Flow): 1.018921, Reg: 0.077687
Iter 40 of 338 Loss: 0.947809, L1(Flow): 0.882750, Reg: 0.065059
Iter 50 of 338 Loss: 0.998950, L1(Flow): 0.923989, Reg: 0.074962
Iter 60 of 338 Loss: 1.033202, L1(Flow): 0.949854, Reg: 0.083348
Iter 70 of 338 Loss: 1.001564, L1(Flow): 0.928130, Reg: 0.073435
Iter 80 of 338 Loss: 1.000844, L1(Flow): 0.926354, Reg: 0.074490
Iter 90 of 338 Loss: 0.985535, L1(Flow): 0.913386, Reg: 0.072150
Iter 100 of 338 Loss: 1.033383, L1(Flow): 0.959060, Reg: 0.074324
Iter 110 of 338 Loss: 1.068549, L1(Flow): 0.991601, Reg: 0.076948
Iter 120 of 338 Loss: 1.053777, L1(Flow): 0.976472, Reg: 0.077305
Iter 130 of 338 Loss: 1.041617, L1(Flow): 0.960130, Reg: 0.081487
Iter 140 of 338 Loss: 1.053502, L1(Flow): 0.976499, Reg: 0.077002
Iter 150 of 338 Loss: 1.021486, L1(Flow): 0.948407, Reg: 0.073079
Iter 160 of 338 Loss: 1.048016, L1(Flow): 0.968283, Reg: 0.079734
Iter 170 of 338 Loss: 0.980285, L1(Flow): 0.903875, Reg: 0.076410
Iter 180 of 338 Loss: 1.001250, L1(Flow): 0.934661, Reg: 0.066589
Iter 190 of 338 Loss: 0.954340, L1(Flow): 0.888810, Reg: 0.065530
Iter 200 of 338 Loss: 1.069965, L1(Flow): 0.992472, Reg: 0.077493
Iter 210 of 338 Loss: 1.113002, L1(Flow): 1.029220, Reg: 0.083782
Iter 220 of 338 Loss: 1.026051, L1(Flow): 0.947570, Reg: 0.078481
Iter 230 of 338 Loss: 1.036736, L1(Flow): 0.959355, Reg: 0.077380
Iter 240 of 338 Loss: 1.000549, L1(Flow): 0.927568, Reg: 0.072981
Iter 250 of 338 Loss: 1.064256, L1(Flow): 0.987291, Reg: 0.076965
Iter 260 of 338 Loss: 1.022443, L1(Flow): 0.948146, Reg: 0.074297
Iter 270 of 338 Loss: 1.079652, L1(Flow): 0.998640, Reg: 0.081012
Iter 280 of 338 Loss: 1.028311, L1(Flow): 0.954730, Reg: 0.073582
Iter 290 of 338 Loss: 0.966180, L1(Flow): 0.897063, Reg: 0.069117
Iter 300 of 338 Loss: 1.043343, L1(Flow): 0.958617, Reg: 0.084726
Iter 310 of 338 Loss: 1.081569, L1(Flow): 0.994956, Reg: 0.086613
Iter 320 of 338 Loss: 1.010414, L1(Flow): 0.938111, Reg: 0.072303
Iter 330 of 338 Loss: 1.088420, L1(Flow): 1.006863, Reg: 0.081557
Epoch 118 Loss: 1.033090
Epoch 118 Validation: Mean EPE: 2.8100, Mean SSIM: 0.3922, Mean ZNCC: 0.6445
--> Saved to Top 5 best models (EPE: 2.8100)
Epoch 119 starts
Iter 10 of 338 Loss: 0.968902, L1(Flow): 0.900214, Reg: 0.068687
Iter 20 of 338 Loss: 0.988683, L1(Flow): 0.913466, Reg: 0.075217
Iter 30 of 338 Loss: 0.999132, L1(Flow): 0.925996, Reg: 0.073136
Iter 40 of 338 Loss: 1.053066, L1(Flow): 0.973436, Reg: 0.079630
Iter 50 of 338 Loss: 1.024132, L1(Flow): 0.949344, Reg: 0.074788
Iter 60 of 338 Loss: 1.076646, L1(Flow): 0.995095, Reg: 0.081551
Iter 70 of 338 Loss: 1.074009, L1(Flow): 0.991412, Reg: 0.082597
Iter 80 of 338 Loss: 1.028564, L1(Flow): 0.951580, Reg: 0.076985
Iter 90 of 338 Loss: 0.983265, L1(Flow): 0.909496, Reg: 0.073769
Iter 100 of 338 Loss: 1.005161, L1(Flow): 0.931544, Reg: 0.073617
Iter 110 of 338 Loss: 1.005890, L1(Flow): 0.934532, Reg: 0.071358
Iter 120 of 338 Loss: 1.051075, L1(Flow): 0.974324, Reg: 0.076751
Iter 130 of 338 Loss: 0.998620, L1(Flow): 0.926279, Reg: 0.072341
Iter 140 of 338 Loss: 1.030630, L1(Flow): 0.957815, Reg: 0.072814
Iter 150 of 338 Loss: 1.099890, L1(Flow): 1.016611, Reg: 0.083280
Iter 160 of 338 Loss: 1.043158, L1(Flow): 0.966447, Reg: 0.076712
Iter 170 of 338 Loss: 1.023313, L1(Flow): 0.942664, Reg: 0.080649
Iter 180 of 338 Loss: 1.070021, L1(Flow): 0.984244, Reg: 0.085777
Iter 190 of 338 Loss: 1.001876, L1(Flow): 0.926807, Reg: 0.075069
Iter 200 of 338 Loss: 1.049020, L1(Flow): 0.964553, Reg: 0.084468
Iter 210 of 338 Loss: 1.041042, L1(Flow): 0.965584, Reg: 0.075458
Iter 220 of 338 Loss: 1.035041, L1(Flow): 0.960066, Reg: 0.074975
Iter 230 of 338 Loss: 1.103284, L1(Flow): 1.012910, Reg: 0.090375
Iter 240 of 338 Loss: 1.001758, L1(Flow): 0.930196, Reg: 0.071562
Iter 250 of 338 Loss: 1.045884, L1(Flow): 0.973835, Reg: 0.072049
Iter 260 of 338 Loss: 1.050550, L1(Flow): 0.970142, Reg: 0.080407
Iter 270 of 338 Loss: 1.013435, L1(Flow): 0.942102, Reg: 0.071333
Iter 280 of 338 Loss: 0.978251, L1(Flow): 0.909904, Reg: 0.068347
Iter 290 of 338 Loss: 1.089522, L1(Flow): 1.008442, Reg: 0.081080
Iter 300 of 338 Loss: 1.071552, L1(Flow): 0.989046, Reg: 0.082506
Iter 310 of 338 Loss: 1.034591, L1(Flow): 0.950814, Reg: 0.083776
Iter 320 of 338 Loss: 1.043350, L1(Flow): 0.967887, Reg: 0.075464
Iter 330 of 338 Loss: 1.037301, L1(Flow): 0.964071, Reg: 0.073230
Epoch 119 Loss: 1.033314
Epoch 119 Validation: Mean EPE: 2.8208, Mean SSIM: 0.3915, Mean ZNCC: 0.6444
Epoch 120 starts
Iter 10 of 338 Loss: 1.060888, L1(Flow): 0.974180, Reg: 0.086709
Iter 20 of 338 Loss: 1.057251, L1(Flow): 0.979012, Reg: 0.078239
Iter 30 of 338 Loss: 1.017434, L1(Flow): 0.947853, Reg: 0.069581
Iter 40 of 338 Loss: 1.029066, L1(Flow): 0.953782, Reg: 0.075284
Iter 50 of 338 Loss: 0.990483, L1(Flow): 0.911973, Reg: 0.078510
Iter 60 of 338 Loss: 1.001708, L1(Flow): 0.928511, Reg: 0.073197
Iter 70 of 338 Loss: 1.020338, L1(Flow): 0.944988, Reg: 0.075350
Iter 80 of 338 Loss: 1.030050, L1(Flow): 0.955789, Reg: 0.074261
Iter 90 of 338 Loss: 1.060515, L1(Flow): 0.981910, Reg: 0.078605
Iter 100 of 338 Loss: 0.984805, L1(Flow): 0.911674, Reg: 0.073130
Iter 110 of 338 Loss: 0.976632, L1(Flow): 0.903730, Reg: 0.072902
Iter 120 of 338 Loss: 1.005128, L1(Flow): 0.933191, Reg: 0.071937
Iter 130 of 338 Loss: 1.056021, L1(Flow): 0.980241, Reg: 0.075780
Iter 140 of 338 Loss: 1.036672, L1(Flow): 0.957600, Reg: 0.079072
Iter 150 of 338 Loss: 0.981409, L1(Flow): 0.916869, Reg: 0.064540
Iter 160 of 338 Loss: 1.010286, L1(Flow): 0.937952, Reg: 0.072334
Iter 170 of 338 Loss: 1.004011, L1(Flow): 0.927504, Reg: 0.076507
Iter 180 of 338 Loss: 1.005127, L1(Flow): 0.928767, Reg: 0.076360
Iter 190 of 338 Loss: 1.080114, L1(Flow): 1.000429, Reg: 0.079684
Iter 200 of 338 Loss: 1.008000, L1(Flow): 0.935405, Reg: 0.072595
Iter 210 of 338 Loss: 1.017887, L1(Flow): 0.944115, Reg: 0.073771
Iter 220 of 338 Loss: 1.072159, L1(Flow): 0.993885, Reg: 0.078275
Iter 230 of 338 Loss: 1.019755, L1(Flow): 0.946041, Reg: 0.073714
Iter 240 of 338 Loss: 0.999780, L1(Flow): 0.924945, Reg: 0.074836
Iter 250 of 338 Loss: 1.060331, L1(Flow): 0.981870, Reg: 0.078462
Iter 260 of 338 Loss: 1.037945, L1(Flow): 0.966494, Reg: 0.071452
Iter 270 of 338 Loss: 1.060844, L1(Flow): 0.988722, Reg: 0.072122
Iter 280 of 338 Loss: 1.080575, L1(Flow): 1.000608, Reg: 0.079967
Iter 290 of 338 Loss: 1.068738, L1(Flow): 0.992137, Reg: 0.076601
Iter 300 of 338 Loss: 1.095448, L1(Flow): 1.014269, Reg: 0.081179
Iter 310 of 338 Loss: 0.984117, L1(Flow): 0.913363, Reg: 0.070754
Iter 320 of 338 Loss: 1.064723, L1(Flow): 0.989047, Reg: 0.075676
Iter 330 of 338 Loss: 1.020546, L1(Flow): 0.948753, Reg: 0.071793
Epoch 120 Loss: 1.034470
Epoch 120 Validation: Mean EPE: 2.8309, Mean SSIM: 0.3914, Mean ZNCC: 0.6441
Epoch 121 starts
Iter 10 of 338 Loss: 1.017722, L1(Flow): 0.943144, Reg: 0.074578
Iter 20 of 338 Loss: 1.083170, L1(Flow): 1.000934, Reg: 0.082236
Iter 30 of 338 Loss: 1.061726, L1(Flow): 0.977868, Reg: 0.083858
Iter 40 of 338 Loss: 1.027236, L1(Flow): 0.954933, Reg: 0.072303
Iter 50 of 338 Loss: 1.089147, L1(Flow): 1.010616, Reg: 0.078532
Iter 60 of 338 Loss: 1.041332, L1(Flow): 0.968507, Reg: 0.072826
Iter 70 of 338 Loss: 1.019099, L1(Flow): 0.946457, Reg: 0.072642
Iter 80 of 338 Loss: 1.018685, L1(Flow): 0.943187, Reg: 0.075498
Iter 90 of 338 Loss: 1.042945, L1(Flow): 0.971395, Reg: 0.071550
Iter 100 of 338 Loss: 1.015434, L1(Flow): 0.940020, Reg: 0.075414
Iter 110 of 338 Loss: 0.984767, L1(Flow): 0.914141, Reg: 0.070626
Iter 120 of 338 Loss: 1.068250, L1(Flow): 0.985170, Reg: 0.083080
Iter 130 of 338 Loss: 1.034036, L1(Flow): 0.954990, Reg: 0.079046
Iter 140 of 338 Loss: 0.983623, L1(Flow): 0.907848, Reg: 0.075775
Iter 150 of 338 Loss: 1.008228, L1(Flow): 0.929512, Reg: 0.078716
Iter 160 of 338 Loss: 1.051753, L1(Flow): 0.974058, Reg: 0.077695
Iter 170 of 338 Loss: 1.062570, L1(Flow): 0.987454, Reg: 0.075115
Iter 180 of 338 Loss: 1.008798, L1(Flow): 0.935682, Reg: 0.073116
Iter 190 of 338 Loss: 1.021868, L1(Flow): 0.946126, Reg: 0.075742
Iter 200 of 338 Loss: 1.024531, L1(Flow): 0.949423, Reg: 0.075108
Iter 210 of 338 Loss: 0.959943, L1(Flow): 0.889727, Reg: 0.070216
Iter 220 of 338 Loss: 0.938706, L1(Flow): 0.869890, Reg: 0.068816
Iter 230 of 338 Loss: 0.995251, L1(Flow): 0.923492, Reg: 0.071759
Iter 240 of 338 Loss: 1.005525, L1(Flow): 0.931966, Reg: 0.073559
Iter 250 of 338 Loss: 0.999015, L1(Flow): 0.924330, Reg: 0.074685
Iter 260 of 338 Loss: 0.975919, L1(Flow): 0.906016, Reg: 0.069904
Iter 270 of 338 Loss: 1.050076, L1(Flow): 0.965673, Reg: 0.084403
Iter 280 of 338 Loss: 1.041867, L1(Flow): 0.961672, Reg: 0.080195
Iter 290 of 338 Loss: 0.972414, L1(Flow): 0.902563, Reg: 0.069850
Iter 300 of 338 Loss: 1.075474, L1(Flow): 0.992160, Reg: 0.083314
Iter 310 of 338 Loss: 0.952294, L1(Flow): 0.879850, Reg: 0.072444
Iter 320 of 338 Loss: 0.999197, L1(Flow): 0.928394, Reg: 0.070803
Iter 330 of 338 Loss: 1.001894, L1(Flow): 0.926471, Reg: 0.075423
Epoch 121 Loss: 1.028897
Epoch 121 Validation: Mean EPE: 2.7982, Mean SSIM: 0.3928, Mean ZNCC: 0.6449
--> Saved to Top 5 best models (EPE: 2.7982)
--> New absolute BEST model updated with EPE: 2.7982
Epoch 122 starts
Iter 10 of 338 Loss: 0.948043, L1(Flow): 0.884051, Reg: 0.063992
Iter 20 of 338 Loss: 1.080812, L1(Flow): 1.001517, Reg: 0.079295
Iter 30 of 338 Loss: 0.938761, L1(Flow): 0.868368, Reg: 0.070393
Iter 40 of 338 Loss: 1.019389, L1(Flow): 0.935880, Reg: 0.083508
Iter 50 of 338 Loss: 0.981810, L1(Flow): 0.907707, Reg: 0.074103
Iter 60 of 338 Loss: 0.983681, L1(Flow): 0.907634, Reg: 0.076047
Iter 70 of 338 Loss: 1.069022, L1(Flow): 0.990215, Reg: 0.078807
Iter 80 of 338 Loss: 1.048752, L1(Flow): 0.969759, Reg: 0.078993
Iter 90 of 338 Loss: 1.085683, L1(Flow): 1.001407, Reg: 0.084277
Iter 100 of 338 Loss: 1.031079, L1(Flow): 0.953563, Reg: 0.077516
Iter 110 of 338 Loss: 0.997909, L1(Flow): 0.926644, Reg: 0.071265
Iter 120 of 338 Loss: 0.997872, L1(Flow): 0.919911, Reg: 0.077961
Iter 130 of 338 Loss: 1.058111, L1(Flow): 0.975919, Reg: 0.082192
Iter 140 of 338 Loss: 1.061798, L1(Flow): 0.984651, Reg: 0.077147
Iter 150 of 338 Loss: 0.981178, L1(Flow): 0.909297, Reg: 0.071881
Iter 160 of 338 Loss: 1.019629, L1(Flow): 0.941765, Reg: 0.077863
Iter 170 of 338 Loss: 1.006072, L1(Flow): 0.934347, Reg: 0.071726
Iter 180 of 338 Loss: 1.037969, L1(Flow): 0.962145, Reg: 0.075824
Iter 190 of 338 Loss: 1.019691, L1(Flow): 0.946260, Reg: 0.073431
Iter 200 of 338 Loss: 1.009858, L1(Flow): 0.938471, Reg: 0.071387
Iter 210 of 338 Loss: 1.045604, L1(Flow): 0.963812, Reg: 0.081791
Iter 220 of 338 Loss: 1.043284, L1(Flow): 0.958779, Reg: 0.084505
Iter 230 of 338 Loss: 1.035244, L1(Flow): 0.951805, Reg: 0.083439
Iter 240 of 338 Loss: 0.984129, L1(Flow): 0.904953, Reg: 0.079176
Iter 250 of 338 Loss: 1.024729, L1(Flow): 0.943130, Reg: 0.081599
Iter 260 of 338 Loss: 0.978849, L1(Flow): 0.905446, Reg: 0.073403
Iter 270 of 338 Loss: 0.970496, L1(Flow): 0.895750, Reg: 0.074746
Iter 280 of 338 Loss: 1.079347, L1(Flow): 0.999562, Reg: 0.079786
Iter 290 of 338 Loss: 1.038338, L1(Flow): 0.966653, Reg: 0.071685
Iter 300 of 338 Loss: 1.063379, L1(Flow): 0.984559, Reg: 0.078821
Iter 310 of 338 Loss: 1.080610, L1(Flow): 1.006694, Reg: 0.073916
Iter 320 of 338 Loss: 1.055796, L1(Flow): 0.976286, Reg: 0.079510
Iter 330 of 338 Loss: 1.010299, L1(Flow): 0.938494, Reg: 0.071805
Epoch 122 Loss: 1.019497
Epoch 122 Validation: Mean EPE: 2.8041, Mean SSIM: 0.3923, Mean ZNCC: 0.6449
--> Saved to Top 5 best models (EPE: 2.8041)
Epoch 123 starts
Iter 10 of 338 Loss: 0.998772, L1(Flow): 0.924366, Reg: 0.074407
Iter 20 of 338 Loss: 0.975677, L1(Flow): 0.904616, Reg: 0.071061
Iter 30 of 338 Loss: 0.979557, L1(Flow): 0.912954, Reg: 0.066603
Iter 40 of 338 Loss: 1.068654, L1(Flow): 0.986005, Reg: 0.082649
Iter 50 of 338 Loss: 1.020866, L1(Flow): 0.946711, Reg: 0.074155
Iter 60 of 338 Loss: 1.026230, L1(Flow): 0.948004, Reg: 0.078226
Iter 70 of 338 Loss: 1.025320, L1(Flow): 0.950590, Reg: 0.074729
Iter 80 of 338 Loss: 1.057150, L1(Flow): 0.981560, Reg: 0.075590
Iter 90 of 338 Loss: 1.016951, L1(Flow): 0.942995, Reg: 0.073956
Iter 100 of 338 Loss: 0.986499, L1(Flow): 0.912296, Reg: 0.074204
Iter 110 of 338 Loss: 1.010008, L1(Flow): 0.941265, Reg: 0.068743
Iter 120 of 338 Loss: 1.001410, L1(Flow): 0.922288, Reg: 0.079122
Iter 130 of 338 Loss: 1.030812, L1(Flow): 0.959852, Reg: 0.070960
Iter 140 of 338 Loss: 1.023212, L1(Flow): 0.946098, Reg: 0.077114
Iter 150 of 338 Loss: 1.054979, L1(Flow): 0.975683, Reg: 0.079297
Iter 160 of 338 Loss: 1.037386, L1(Flow): 0.966291, Reg: 0.071095
Iter 170 of 338 Loss: 1.005727, L1(Flow): 0.930436, Reg: 0.075291
Iter 180 of 338 Loss: 0.976621, L1(Flow): 0.906521, Reg: 0.070100
Iter 190 of 338 Loss: 1.024684, L1(Flow): 0.942561, Reg: 0.082123
Iter 200 of 338 Loss: 0.962922, L1(Flow): 0.892334, Reg: 0.070587
Iter 210 of 338 Loss: 0.998928, L1(Flow): 0.923232, Reg: 0.075696
Iter 220 of 338 Loss: 1.009761, L1(Flow): 0.934786, Reg: 0.074975
Iter 230 of 338 Loss: 1.049903, L1(Flow): 0.968347, Reg: 0.081555
Iter 240 of 338 Loss: 1.022575, L1(Flow): 0.945036, Reg: 0.077539
Iter 250 of 338 Loss: 0.923672, L1(Flow): 0.858380, Reg: 0.065292
Iter 260 of 338 Loss: 1.051493, L1(Flow): 0.982899, Reg: 0.068594
Iter 270 of 338 Loss: 1.011923, L1(Flow): 0.934633, Reg: 0.077290
Iter 280 of 338 Loss: 1.040802, L1(Flow): 0.965975, Reg: 0.074827
Iter 290 of 338 Loss: 1.006040, L1(Flow): 0.934382, Reg: 0.071658
Iter 300 of 338 Loss: 0.987704, L1(Flow): 0.919586, Reg: 0.068118
Iter 310 of 338 Loss: 1.012826, L1(Flow): 0.935874, Reg: 0.076952
Iter 320 of 338 Loss: 0.996961, L1(Flow): 0.927571, Reg: 0.069390
Iter 330 of 338 Loss: 0.945113, L1(Flow): 0.874051, Reg: 0.071062
Epoch 123 Loss: 1.015729
Epoch 123 Validation: Mean EPE: 2.8263, Mean SSIM: 0.3913, Mean ZNCC: 0.6444
Epoch 124 starts
Iter 10 of 338 Loss: 1.030153, L1(Flow): 0.949164, Reg: 0.080989
Iter 20 of 338 Loss: 1.023383, L1(Flow): 0.952784, Reg: 0.070599
Iter 30 of 338 Loss: 1.037163, L1(Flow): 0.959105, Reg: 0.078058
Iter 40 of 338 Loss: 1.027076, L1(Flow): 0.945931, Reg: 0.081146
Iter 50 of 338 Loss: 1.042563, L1(Flow): 0.966801, Reg: 0.075762
Iter 60 of 338 Loss: 1.037042, L1(Flow): 0.965029, Reg: 0.072013
Iter 70 of 338 Loss: 0.988595, L1(Flow): 0.913406, Reg: 0.075189
Iter 80 of 338 Loss: 1.019737, L1(Flow): 0.942655, Reg: 0.077082
Iter 90 of 338 Loss: 0.994503, L1(Flow): 0.924347, Reg: 0.070156
Iter 100 of 338 Loss: 1.033846, L1(Flow): 0.956464, Reg: 0.077382
Iter 110 of 338 Loss: 1.056121, L1(Flow): 0.971958, Reg: 0.084163
Iter 120 of 338 Loss: 1.017276, L1(Flow): 0.936525, Reg: 0.080751
Iter 130 of 338 Loss: 1.011536, L1(Flow): 0.937800, Reg: 0.073736
Iter 140 of 338 Loss: 0.963889, L1(Flow): 0.897770, Reg: 0.066120
Iter 150 of 338 Loss: 0.964578, L1(Flow): 0.895404, Reg: 0.069173
Iter 160 of 338 Loss: 1.025549, L1(Flow): 0.945854, Reg: 0.079696
Iter 170 of 338 Loss: 1.027584, L1(Flow): 0.949189, Reg: 0.078395
Iter 180 of 338 Loss: 0.992567, L1(Flow): 0.923681, Reg: 0.068886
Iter 190 of 338 Loss: 0.986143, L1(Flow): 0.910003, Reg: 0.076140
Iter 200 of 338 Loss: 1.003587, L1(Flow): 0.933332, Reg: 0.070255
Iter 210 of 338 Loss: 0.983335, L1(Flow): 0.911375, Reg: 0.071961
Iter 220 of 338 Loss: 0.976479, L1(Flow): 0.903816, Reg: 0.072663
Iter 230 of 338 Loss: 1.039472, L1(Flow): 0.961584, Reg: 0.077888
Iter 240 of 338 Loss: 1.070197, L1(Flow): 0.988011, Reg: 0.082186
Iter 250 of 338 Loss: 1.024441, L1(Flow): 0.947955, Reg: 0.076486
Iter 260 of 338 Loss: 0.955712, L1(Flow): 0.889720, Reg: 0.065993
Iter 270 of 338 Loss: 1.019722, L1(Flow): 0.947377, Reg: 0.072345
Iter 280 of 338 Loss: 0.985564, L1(Flow): 0.918751, Reg: 0.066812
Iter 290 of 338 Loss: 0.991761, L1(Flow): 0.923518, Reg: 0.068242
Iter 300 of 338 Loss: 1.049225, L1(Flow): 0.971170, Reg: 0.078055
Iter 310 of 338 Loss: 1.011563, L1(Flow): 0.933179, Reg: 0.078385
Iter 320 of 338 Loss: 1.039536, L1(Flow): 0.962267, Reg: 0.077269
Iter 330 of 338 Loss: 1.017100, L1(Flow): 0.943907, Reg: 0.073193
Epoch 124 Loss: 1.010374
Epoch 124 Validation: Mean EPE: 2.8298, Mean SSIM: 0.3917, Mean ZNCC: 0.6442
Epoch 125 starts
Iter 10 of 338 Loss: 1.017235, L1(Flow): 0.941035, Reg: 0.076200
Iter 20 of 338 Loss: 1.022936, L1(Flow): 0.944011, Reg: 0.078925
Iter 30 of 338 Loss: 1.006580, L1(Flow): 0.927117, Reg: 0.079463
Iter 40 of 338 Loss: 1.031277, L1(Flow): 0.957690, Reg: 0.073587
Iter 50 of 338 Loss: 0.962414, L1(Flow): 0.894413, Reg: 0.068000
Iter 60 of 338 Loss: 1.009388, L1(Flow): 0.940882, Reg: 0.068506
Iter 70 of 338 Loss: 1.004618, L1(Flow): 0.929207, Reg: 0.075411
Iter 80 of 338 Loss: 1.038176, L1(Flow): 0.957026, Reg: 0.081150
Iter 90 of 338 Loss: 1.043063, L1(Flow): 0.968635, Reg: 0.074429
Iter 100 of 338 Loss: 1.049157, L1(Flow): 0.972400, Reg: 0.076757
Iter 110 of 338 Loss: 1.048106, L1(Flow): 0.969773, Reg: 0.078333
Iter 120 of 338 Loss: 1.006378, L1(Flow): 0.934294, Reg: 0.072084
Iter 130 of 338 Loss: 0.998939, L1(Flow): 0.928850, Reg: 0.070089
Iter 140 of 338 Loss: 0.994079, L1(Flow): 0.922537, Reg: 0.071542
Iter 150 of 338 Loss: 1.010842, L1(Flow): 0.934089, Reg: 0.076753
Iter 160 of 338 Loss: 0.974275, L1(Flow): 0.901742, Reg: 0.072533
Iter 170 of 338 Loss: 0.942374, L1(Flow): 0.874035, Reg: 0.068339
Iter 180 of 338 Loss: 1.027152, L1(Flow): 0.951016, Reg: 0.076137
Iter 190 of 338 Loss: 0.951136, L1(Flow): 0.885773, Reg: 0.065362
Iter 200 of 338 Loss: 1.021276, L1(Flow): 0.942219, Reg: 0.079057
Iter 210 of 338 Loss: 1.015125, L1(Flow): 0.940360, Reg: 0.074765
Iter 220 of 338 Loss: 0.979492, L1(Flow): 0.906958, Reg: 0.072534
Iter 230 of 338 Loss: 0.943118, L1(Flow): 0.870927, Reg: 0.072192
Iter 240 of 338 Loss: 1.008667, L1(Flow): 0.925516, Reg: 0.083151
Iter 250 of 338 Loss: 1.002177, L1(Flow): 0.930906, Reg: 0.071271
Iter 260 of 338 Loss: 1.022315, L1(Flow): 0.941092, Reg: 0.081223
Iter 270 of 338 Loss: 1.045316, L1(Flow): 0.970695, Reg: 0.074621
Iter 280 of 338 Loss: 1.030459, L1(Flow): 0.952019, Reg: 0.078440
Iter 290 of 338 Loss: 0.958379, L1(Flow): 0.879400, Reg: 0.078979
Iter 300 of 338 Loss: 1.017845, L1(Flow): 0.946872, Reg: 0.070973
Iter 310 of 338 Loss: 1.017516, L1(Flow): 0.939266, Reg: 0.078251
Iter 320 of 338 Loss: 0.965940, L1(Flow): 0.895762, Reg: 0.070179
Iter 330 of 338 Loss: 1.025372, L1(Flow): 0.954915, Reg: 0.070457
Epoch 125 Loss: 1.005490
Epoch 125 Validation: Mean EPE: 2.8065, Mean SSIM: 0.3924, Mean ZNCC: 0.6445
--> Saved to Top 5 best models (EPE: 2.8065)
Epoch 126 starts
Iter 10 of 338 Loss: 0.990604, L1(Flow): 0.915379, Reg: 0.075225
Iter 20 of 338 Loss: 1.022921, L1(Flow): 0.944277, Reg: 0.078645
Iter 30 of 338 Loss: 1.052454, L1(Flow): 0.981207, Reg: 0.071247
Iter 40 of 338 Loss: 1.012310, L1(Flow): 0.937207, Reg: 0.075104
Iter 50 of 338 Loss: 1.052557, L1(Flow): 0.976340, Reg: 0.076217
Iter 60 of 338 Loss: 0.997016, L1(Flow): 0.929797, Reg: 0.067219
Iter 70 of 338 Loss: 1.030214, L1(Flow): 0.953166, Reg: 0.077049
Iter 80 of 338 Loss: 0.974186, L1(Flow): 0.904298, Reg: 0.069888
Iter 90 of 338 Loss: 1.003555, L1(Flow): 0.927609, Reg: 0.075946
Iter 100 of 338 Loss: 1.033034, L1(Flow): 0.957681, Reg: 0.075353
Iter 110 of 338 Loss: 1.009526, L1(Flow): 0.930188, Reg: 0.079338
Iter 120 of 338 Loss: 0.983458, L1(Flow): 0.906374, Reg: 0.077084
Iter 130 of 338 Loss: 0.925369, L1(Flow): 0.856828, Reg: 0.068540
Iter 140 of 338 Loss: 1.000629, L1(Flow): 0.931919, Reg: 0.068711
Iter 150 of 338 Loss: 1.023947, L1(Flow): 0.948527, Reg: 0.075421
Iter 160 of 338 Loss: 1.019396, L1(Flow): 0.944214, Reg: 0.075182
Iter 170 of 338 Loss: 1.038903, L1(Flow): 0.968674, Reg: 0.070229
Iter 180 of 338 Loss: 0.976927, L1(Flow): 0.900345, Reg: 0.076582
Iter 190 of 338 Loss: 0.956031, L1(Flow): 0.890783, Reg: 0.065248
Iter 200 of 338 Loss: 0.936402, L1(Flow): 0.867453, Reg: 0.068949
Iter 210 of 338 Loss: 0.973495, L1(Flow): 0.904508, Reg: 0.068987
Iter 220 of 338 Loss: 0.999133, L1(Flow): 0.922060, Reg: 0.077073
Iter 230 of 338 Loss: 1.047251, L1(Flow): 0.968341, Reg: 0.078910
Iter 240 of 338 Loss: 0.964059, L1(Flow): 0.893745, Reg: 0.070314
Iter 250 of 338 Loss: 0.982202, L1(Flow): 0.909683, Reg: 0.072519
Iter 260 of 338 Loss: 0.977980, L1(Flow): 0.904525, Reg: 0.073455
Iter 270 of 338 Loss: 0.971257, L1(Flow): 0.895698, Reg: 0.075560
Iter 280 of 338 Loss: 1.030847, L1(Flow): 0.948295, Reg: 0.082552
Iter 290 of 338 Loss: 1.006854, L1(Flow): 0.939449, Reg: 0.067405
Iter 300 of 338 Loss: 0.979894, L1(Flow): 0.913065, Reg: 0.066829
Iter 310 of 338 Loss: 0.977673, L1(Flow): 0.900485, Reg: 0.077188
Iter 320 of 338 Loss: 0.976241, L1(Flow): 0.905703, Reg: 0.070538
Iter 330 of 338 Loss: 0.979630, L1(Flow): 0.902011, Reg: 0.077619
Epoch 126 Loss: 1.001524
Epoch 126 Validation: Mean EPE: 2.8033, Mean SSIM: 0.3930, Mean ZNCC: 0.6447
--> Saved to Top 5 best models (EPE: 2.8033)
Epoch 127 starts
Iter 10 of 338 Loss: 1.010633, L1(Flow): 0.935630, Reg: 0.075003
Iter 20 of 338 Loss: 0.998591, L1(Flow): 0.923341, Reg: 0.075249
Iter 30 of 338 Loss: 1.043213, L1(Flow): 0.958449, Reg: 0.084764
Iter 40 of 338 Loss: 0.945959, L1(Flow): 0.878404, Reg: 0.067555
Iter 50 of 338 Loss: 0.992036, L1(Flow): 0.920769, Reg: 0.071267
Iter 60 of 338 Loss: 1.021694, L1(Flow): 0.940158, Reg: 0.081536
Iter 70 of 338 Loss: 1.064657, L1(Flow): 0.980505, Reg: 0.084152
Iter 80 of 338 Loss: 0.945824, L1(Flow): 0.875913, Reg: 0.069910
Iter 90 of 338 Loss: 0.984709, L1(Flow): 0.913540, Reg: 0.071169
Iter 100 of 338 Loss: 0.958137, L1(Flow): 0.882489, Reg: 0.075649
Iter 110 of 338 Loss: 1.028963, L1(Flow): 0.947478, Reg: 0.081485
Iter 120 of 338 Loss: 0.977052, L1(Flow): 0.905260, Reg: 0.071791
Iter 130 of 338 Loss: 0.965982, L1(Flow): 0.901102, Reg: 0.064880
Iter 140 of 338 Loss: 1.043781, L1(Flow): 0.966221, Reg: 0.077560
Iter 150 of 338 Loss: 0.979871, L1(Flow): 0.905978, Reg: 0.073893
Iter 160 of 338 Loss: 1.046107, L1(Flow): 0.973544, Reg: 0.072563
Iter 170 of 338 Loss: 0.991770, L1(Flow): 0.924326, Reg: 0.067444
Iter 180 of 338 Loss: 1.028444, L1(Flow): 0.950341, Reg: 0.078103
Iter 190 of 338 Loss: 0.960086, L1(Flow): 0.887846, Reg: 0.072240
Iter 200 of 338 Loss: 0.979636, L1(Flow): 0.910062, Reg: 0.069574
Iter 210 of 338 Loss: 1.051988, L1(Flow): 0.980962, Reg: 0.071026
Iter 220 of 338 Loss: 0.954427, L1(Flow): 0.886846, Reg: 0.067581
Iter 230 of 338 Loss: 1.050238, L1(Flow): 0.973803, Reg: 0.076435
Iter 240 of 338 Loss: 1.053773, L1(Flow): 0.981851, Reg: 0.071922
Iter 250 of 338 Loss: 0.978639, L1(Flow): 0.904784, Reg: 0.073855
Iter 260 of 338 Loss: 0.979388, L1(Flow): 0.911331, Reg: 0.068057
Iter 270 of 338 Loss: 0.990709, L1(Flow): 0.915831, Reg: 0.074878
Iter 280 of 338 Loss: 0.994385, L1(Flow): 0.919145, Reg: 0.075240
Iter 290 of 338 Loss: 0.988837, L1(Flow): 0.918818, Reg: 0.070020
Iter 300 of 338 Loss: 1.001415, L1(Flow): 0.928481, Reg: 0.072935
Iter 310 of 338 Loss: 1.055478, L1(Flow): 0.973744, Reg: 0.081734
Iter 320 of 338 Loss: 0.957001, L1(Flow): 0.885029, Reg: 0.071972
Iter 330 of 338 Loss: 1.005374, L1(Flow): 0.930654, Reg: 0.074720
Epoch 127 Loss: 0.995863
Epoch 127 Validation: Mean EPE: 2.8025, Mean SSIM: 0.3933, Mean ZNCC: 0.6449
--> Saved to Top 5 best models (EPE: 2.8025)
Epoch 128 starts
Iter 10 of 338 Loss: 1.020673, L1(Flow): 0.939674, Reg: 0.080999
Iter 20 of 338 Loss: 1.009969, L1(Flow): 0.940445, Reg: 0.069525
Iter 30 of 338 Loss: 0.996640, L1(Flow): 0.926226, Reg: 0.070414
Iter 40 of 338 Loss: 1.006145, L1(Flow): 0.928998, Reg: 0.077147
Iter 50 of 338 Loss: 0.999170, L1(Flow): 0.924934, Reg: 0.074236
Iter 60 of 338 Loss: 1.035941, L1(Flow): 0.959656, Reg: 0.076285
Iter 70 of 338 Loss: 1.055788, L1(Flow): 0.977421, Reg: 0.078367
Iter 80 of 338 Loss: 0.979319, L1(Flow): 0.905667, Reg: 0.073652
Iter 90 of 338 Loss: 0.998751, L1(Flow): 0.925037, Reg: 0.073714
Iter 100 of 338 Loss: 1.017420, L1(Flow): 0.936744, Reg: 0.080676
Iter 110 of 338 Loss: 0.981584, L1(Flow): 0.906515, Reg: 0.075069
Iter 120 of 338 Loss: 0.997614, L1(Flow): 0.924683, Reg: 0.072931
Iter 130 of 338 Loss: 1.020173, L1(Flow): 0.946675, Reg: 0.073498
Iter 140 of 338 Loss: 1.001148, L1(Flow): 0.928089, Reg: 0.073058
Iter 150 of 338 Loss: 0.998588, L1(Flow): 0.919672, Reg: 0.078916
Iter 160 of 338 Loss: 0.972767, L1(Flow): 0.904766, Reg: 0.068000
Iter 170 of 338 Loss: 1.022039, L1(Flow): 0.949325, Reg: 0.072715
Iter 180 of 338 Loss: 0.946405, L1(Flow): 0.875838, Reg: 0.070567
Iter 190 of 338 Loss: 0.991890, L1(Flow): 0.915166, Reg: 0.076724
Iter 200 of 338 Loss: 0.977215, L1(Flow): 0.901654, Reg: 0.075562
Iter 210 of 338 Loss: 1.032279, L1(Flow): 0.956418, Reg: 0.075861
Iter 220 of 338 Loss: 0.976694, L1(Flow): 0.906036, Reg: 0.070658
Iter 230 of 338 Loss: 0.974659, L1(Flow): 0.903484, Reg: 0.071176
Iter 240 of 338 Loss: 0.951039, L1(Flow): 0.885029, Reg: 0.066010
Iter 250 of 338 Loss: 0.959314, L1(Flow): 0.895975, Reg: 0.063339
Iter 260 of 338 Loss: 1.038371, L1(Flow): 0.959476, Reg: 0.078895
Iter 270 of 338 Loss: 0.979713, L1(Flow): 0.904562, Reg: 0.075151
Iter 280 of 338 Loss: 1.024171, L1(Flow): 0.950770, Reg: 0.073401
Iter 290 of 338 Loss: 1.030430, L1(Flow): 0.955927, Reg: 0.074504
Iter 300 of 338 Loss: 1.016465, L1(Flow): 0.939731, Reg: 0.076733
Iter 310 of 338 Loss: 0.921958, L1(Flow): 0.854782, Reg: 0.067176
Iter 320 of 338 Loss: 1.047393, L1(Flow): 0.963956, Reg: 0.083437
Iter 330 of 338 Loss: 1.014421, L1(Flow): 0.939690, Reg: 0.074730
Epoch 128 Loss: 0.995169
Epoch 128 Validation: Mean EPE: 2.7996, Mean SSIM: 0.3935, Mean ZNCC: 0.6448
--> Saved to Top 5 best models (EPE: 2.7996)
Epoch 129 starts
Iter 10 of 338 Loss: 0.986084, L1(Flow): 0.910257, Reg: 0.075827
Iter 20 of 338 Loss: 1.001466, L1(Flow): 0.930155, Reg: 0.071311
Iter 30 of 338 Loss: 0.962419, L1(Flow): 0.891862, Reg: 0.070557
Iter 40 of 338 Loss: 0.960729, L1(Flow): 0.881964, Reg: 0.078765
Iter 50 of 338 Loss: 0.987715, L1(Flow): 0.909034, Reg: 0.078681
Iter 60 of 338 Loss: 0.994005, L1(Flow): 0.917819, Reg: 0.076186
Iter 70 of 338 Loss: 0.969429, L1(Flow): 0.900493, Reg: 0.068936
Iter 80 of 338 Loss: 1.007819, L1(Flow): 0.937790, Reg: 0.070030
Iter 90 of 338 Loss: 0.996323, L1(Flow): 0.921403, Reg: 0.074920
Iter 100 of 338 Loss: 0.873678, L1(Flow): 0.810420, Reg: 0.063258
Iter 110 of 338 Loss: 0.971699, L1(Flow): 0.895990, Reg: 0.075709
Iter 120 of 338 Loss: 0.988628, L1(Flow): 0.923116, Reg: 0.065512
Iter 130 of 338 Loss: 0.977331, L1(Flow): 0.907169, Reg: 0.070162
Iter 140 of 338 Loss: 0.949403, L1(Flow): 0.881274, Reg: 0.068129
Iter 150 of 338 Loss: 0.998026, L1(Flow): 0.924850, Reg: 0.073175
Iter 160 of 338 Loss: 1.009341, L1(Flow): 0.932020, Reg: 0.077321
Iter 170 of 338 Loss: 0.976987, L1(Flow): 0.902332, Reg: 0.074654
Iter 180 of 338 Loss: 0.977074, L1(Flow): 0.908331, Reg: 0.068743
Iter 190 of 338 Loss: 0.957138, L1(Flow): 0.878371, Reg: 0.078767
Iter 200 of 338 Loss: 0.981775, L1(Flow): 0.908405, Reg: 0.073370
Iter 210 of 338 Loss: 0.983881, L1(Flow): 0.906078, Reg: 0.077803
Iter 220 of 338 Loss: 0.984605, L1(Flow): 0.913363, Reg: 0.071242
Iter 230 of 338 Loss: 0.997393, L1(Flow): 0.924644, Reg: 0.072749
Iter 240 of 338 Loss: 0.972198, L1(Flow): 0.900198, Reg: 0.072000
Iter 250 of 338 Loss: 1.064432, L1(Flow): 0.985777, Reg: 0.078655
Iter 260 of 338 Loss: 0.980603, L1(Flow): 0.905429, Reg: 0.075173
Iter 270 of 338 Loss: 1.016402, L1(Flow): 0.938322, Reg: 0.078080
Iter 280 of 338 Loss: 0.978415, L1(Flow): 0.909724, Reg: 0.068691
Iter 290 of 338 Loss: 0.975792, L1(Flow): 0.906800, Reg: 0.068992
Iter 300 of 338 Loss: 1.031692, L1(Flow): 0.957779, Reg: 0.073912
Iter 310 of 338 Loss: 1.018861, L1(Flow): 0.937374, Reg: 0.081487
Iter 320 of 338 Loss: 0.988790, L1(Flow): 0.914522, Reg: 0.074268
Iter 330 of 338 Loss: 0.994193, L1(Flow): 0.924785, Reg: 0.069408
Epoch 129 Loss: 0.988630
Epoch 129 Validation: Mean EPE: 2.8094, Mean SSIM: 0.3934, Mean ZNCC: 0.6445
Epoch 130 starts
Iter 10 of 338 Loss: 1.068909, L1(Flow): 0.981395, Reg: 0.087514
Iter 20 of 338 Loss: 0.957313, L1(Flow): 0.882832, Reg: 0.074481
Iter 30 of 338 Loss: 0.995598, L1(Flow): 0.924960, Reg: 0.070637
Iter 40 of 338 Loss: 0.983755, L1(Flow): 0.907181, Reg: 0.076574
Iter 50 of 338 Loss: 0.996002, L1(Flow): 0.918478, Reg: 0.077524
Iter 60 of 338 Loss: 0.954157, L1(Flow): 0.886212, Reg: 0.067945
Iter 70 of 338 Loss: 0.963731, L1(Flow): 0.892787, Reg: 0.070943
Iter 80 of 338 Loss: 1.027086, L1(Flow): 0.947792, Reg: 0.079294
Iter 90 of 338 Loss: 0.981988, L1(Flow): 0.912832, Reg: 0.069156
Iter 100 of 338 Loss: 0.923905, L1(Flow): 0.857804, Reg: 0.066101
Iter 110 of 338 Loss: 1.051968, L1(Flow): 0.964883, Reg: 0.087085
Iter 120 of 338 Loss: 1.047433, L1(Flow): 0.969458, Reg: 0.077975
Iter 130 of 338 Loss: 0.915157, L1(Flow): 0.851570, Reg: 0.063587
Iter 140 of 338 Loss: 0.971412, L1(Flow): 0.900811, Reg: 0.070601
Iter 150 of 338 Loss: 0.989881, L1(Flow): 0.913505, Reg: 0.076376
Iter 160 of 338 Loss: 1.059556, L1(Flow): 0.980486, Reg: 0.079070
Iter 170 of 338 Loss: 0.996932, L1(Flow): 0.920032, Reg: 0.076899
Iter 180 of 338 Loss: 1.014872, L1(Flow): 0.948492, Reg: 0.066381
Iter 190 of 338 Loss: 0.977375, L1(Flow): 0.900585, Reg: 0.076790
Iter 200 of 338 Loss: 1.016380, L1(Flow): 0.937647, Reg: 0.078733
Iter 210 of 338 Loss: 0.936374, L1(Flow): 0.868810, Reg: 0.067563
Iter 220 of 338 Loss: 0.981304, L1(Flow): 0.903586, Reg: 0.077718
Iter 230 of 338 Loss: 0.927313, L1(Flow): 0.857137, Reg: 0.070175
Iter 240 of 338 Loss: 1.006920, L1(Flow): 0.934985, Reg: 0.071936
Iter 250 of 338 Loss: 0.952066, L1(Flow): 0.872512, Reg: 0.079554
Iter 260 of 338 Loss: 1.065034, L1(Flow): 0.983174, Reg: 0.081860
Iter 270 of 338 Loss: 0.982217, L1(Flow): 0.911453, Reg: 0.070765
Iter 280 of 338 Loss: 0.961723, L1(Flow): 0.887651, Reg: 0.074071
Iter 290 of 338 Loss: 0.951279, L1(Flow): 0.884359, Reg: 0.066920
Iter 300 of 338 Loss: 0.978046, L1(Flow): 0.913091, Reg: 0.064955
Iter 310 of 338 Loss: 0.985812, L1(Flow): 0.911797, Reg: 0.074014
Iter 320 of 338 Loss: 1.012051, L1(Flow): 0.937671, Reg: 0.074381
Iter 330 of 338 Loss: 1.062048, L1(Flow): 0.982155, Reg: 0.079894
Epoch 130 Loss: 0.984646
Epoch 130 Validation: Mean EPE: 2.8181, Mean SSIM: 0.3928, Mean ZNCC: 0.6447
Epoch 131 starts
Iter 10 of 338 Loss: 0.995511, L1(Flow): 0.928231, Reg: 0.067280
Iter 20 of 338 Loss: 0.990577, L1(Flow): 0.916949, Reg: 0.073628
Iter 30 of 338 Loss: 0.982721, L1(Flow): 0.913008, Reg: 0.069713
Iter 40 of 338 Loss: 0.994210, L1(Flow): 0.918155, Reg: 0.076055
Iter 50 of 338 Loss: 0.931235, L1(Flow): 0.865290, Reg: 0.065945
Iter 60 of 338 Loss: 1.000046, L1(Flow): 0.924521, Reg: 0.075525
Iter 70 of 338 Loss: 0.992080, L1(Flow): 0.914964, Reg: 0.077116
Iter 80 of 338 Loss: 0.981756, L1(Flow): 0.908096, Reg: 0.073660
Iter 90 of 338 Loss: 0.972476, L1(Flow): 0.898305, Reg: 0.074171
Iter 100 of 338 Loss: 1.011081, L1(Flow): 0.928846, Reg: 0.082235
Iter 110 of 338 Loss: 0.955651, L1(Flow): 0.884648, Reg: 0.071003
Iter 120 of 338 Loss: 1.047337, L1(Flow): 0.958026, Reg: 0.089312
Iter 130 of 338 Loss: 0.922998, L1(Flow): 0.857157, Reg: 0.065841
Iter 140 of 338 Loss: 0.962519, L1(Flow): 0.888687, Reg: 0.073833
Iter 150 of 338 Loss: 0.959885, L1(Flow): 0.885769, Reg: 0.074116
Iter 160 of 338 Loss: 1.019198, L1(Flow): 0.936339, Reg: 0.082859
Iter 170 of 338 Loss: 1.009112, L1(Flow): 0.926933, Reg: 0.082179
Iter 180 of 338 Loss: 0.973254, L1(Flow): 0.894199, Reg: 0.079056
Iter 190 of 338 Loss: 0.979839, L1(Flow): 0.910509, Reg: 0.069330
Iter 200 of 338 Loss: 0.961061, L1(Flow): 0.886563, Reg: 0.074498
Iter 210 of 338 Loss: 1.014141, L1(Flow): 0.936491, Reg: 0.077651
Iter 220 of 338 Loss: 1.017256, L1(Flow): 0.939605, Reg: 0.077651
Iter 230 of 338 Loss: 0.949501, L1(Flow): 0.880536, Reg: 0.068965
Iter 240 of 338 Loss: 0.998379, L1(Flow): 0.921618, Reg: 0.076761
Iter 250 of 338 Loss: 0.947990, L1(Flow): 0.882545, Reg: 0.065444
Iter 260 of 338 Loss: 1.031689, L1(Flow): 0.953422, Reg: 0.078267
Iter 270 of 338 Loss: 0.954644, L1(Flow): 0.877510, Reg: 0.077134
Iter 280 of 338 Loss: 0.937397, L1(Flow): 0.868621, Reg: 0.068776
Iter 290 of 338 Loss: 0.970988, L1(Flow): 0.902465, Reg: 0.068522
Iter 300 of 338 Loss: 0.982869, L1(Flow): 0.916012, Reg: 0.066857
Iter 310 of 338 Loss: 0.959285, L1(Flow): 0.884752, Reg: 0.074533
Iter 320 of 338 Loss: 0.993981, L1(Flow): 0.915030, Reg: 0.078951
Iter 330 of 338 Loss: 0.986004, L1(Flow): 0.915531, Reg: 0.070473
Epoch 131 Loss: 0.985271
Epoch 131 Validation: Mean EPE: 2.8105, Mean SSIM: 0.3939, Mean ZNCC: 0.6446
Epoch 132 starts
Iter 10 of 338 Loss: 0.986398, L1(Flow): 0.914851, Reg: 0.071547
Iter 20 of 338 Loss: 0.988736, L1(Flow): 0.918460, Reg: 0.070276
Iter 30 of 338 Loss: 0.972670, L1(Flow): 0.898892, Reg: 0.073778
Iter 40 of 338 Loss: 1.027702, L1(Flow): 0.952038, Reg: 0.075663
Iter 50 of 338 Loss: 0.962670, L1(Flow): 0.888733, Reg: 0.073938
Iter 60 of 338 Loss: 1.005795, L1(Flow): 0.931164, Reg: 0.074631
Iter 70 of 338 Loss: 0.941849, L1(Flow): 0.868561, Reg: 0.073289
Iter 80 of 338 Loss: 0.975827, L1(Flow): 0.905613, Reg: 0.070213
Iter 90 of 338 Loss: 0.987256, L1(Flow): 0.922206, Reg: 0.065051
Iter 100 of 338 Loss: 0.981827, L1(Flow): 0.905476, Reg: 0.076351
Iter 110 of 338 Loss: 1.017881, L1(Flow): 0.940884, Reg: 0.076997
Iter 120 of 338 Loss: 0.974834, L1(Flow): 0.900686, Reg: 0.074149
Iter 130 of 338 Loss: 1.029610, L1(Flow): 0.955243, Reg: 0.074366
Iter 140 of 338 Loss: 0.981988, L1(Flow): 0.910866, Reg: 0.071122
Iter 150 of 338 Loss: 0.982703, L1(Flow): 0.907836, Reg: 0.074867
Iter 160 of 338 Loss: 0.961966, L1(Flow): 0.890998, Reg: 0.070968
Iter 170 of 338 Loss: 0.953805, L1(Flow): 0.886089, Reg: 0.067716
Iter 180 of 338 Loss: 0.951043, L1(Flow): 0.880776, Reg: 0.070266
Iter 190 of 338 Loss: 1.019370, L1(Flow): 0.944789, Reg: 0.074581
Iter 200 of 338 Loss: 1.047655, L1(Flow): 0.964288, Reg: 0.083366
Iter 210 of 338 Loss: 0.998436, L1(Flow): 0.920593, Reg: 0.077843
Iter 220 of 338 Loss: 0.935280, L1(Flow): 0.870941, Reg: 0.064339
Iter 230 of 338 Loss: 1.023682, L1(Flow): 0.946614, Reg: 0.077068
Iter 240 of 338 Loss: 0.941285, L1(Flow): 0.872272, Reg: 0.069013
Iter 250 of 338 Loss: 0.942147, L1(Flow): 0.871043, Reg: 0.071104
Iter 260 of 338 Loss: 0.929303, L1(Flow): 0.859150, Reg: 0.070153
Iter 270 of 338 Loss: 0.959269, L1(Flow): 0.892009, Reg: 0.067260
Iter 280 of 338 Loss: 1.058913, L1(Flow): 0.981621, Reg: 0.077292
Iter 290 of 338 Loss: 0.998577, L1(Flow): 0.919929, Reg: 0.078649
Iter 300 of 338 Loss: 0.969568, L1(Flow): 0.896070, Reg: 0.073498
Iter 310 of 338 Loss: 1.060561, L1(Flow): 0.983911, Reg: 0.076650
Iter 320 of 338 Loss: 0.930110, L1(Flow): 0.864207, Reg: 0.065902
Iter 330 of 338 Loss: 0.977844, L1(Flow): 0.904443, Reg: 0.073401
Epoch 132 Loss: 0.977750
Epoch 132 Validation: Mean EPE: 2.7993, Mean SSIM: 0.3935, Mean ZNCC: 0.6448
--> Saved to Top 5 best models (EPE: 2.7993)
Epoch 133 starts
Iter 10 of 338 Loss: 0.958453, L1(Flow): 0.885290, Reg: 0.073163
Iter 20 of 338 Loss: 0.955826, L1(Flow): 0.878487, Reg: 0.077339
Iter 30 of 338 Loss: 0.953101, L1(Flow): 0.877840, Reg: 0.075261
Iter 40 of 338 Loss: 0.970565, L1(Flow): 0.899458, Reg: 0.071107
Iter 50 of 338 Loss: 0.885022, L1(Flow): 0.822221, Reg: 0.062801
Iter 60 of 338 Loss: 1.029004, L1(Flow): 0.951201, Reg: 0.077803
Iter 70 of 338 Loss: 0.956974, L1(Flow): 0.885796, Reg: 0.071178
Iter 80 of 338 Loss: 0.939039, L1(Flow): 0.873996, Reg: 0.065043
Iter 90 of 338 Loss: 0.920244, L1(Flow): 0.847068, Reg: 0.073176
Iter 100 of 338 Loss: 0.976185, L1(Flow): 0.903364, Reg: 0.072822
Iter 110 of 338 Loss: 0.961207, L1(Flow): 0.892341, Reg: 0.068866
Iter 120 of 338 Loss: 0.975132, L1(Flow): 0.904693, Reg: 0.070439
Iter 130 of 338 Loss: 1.043057, L1(Flow): 0.964618, Reg: 0.078439
Iter 140 of 338 Loss: 1.017610, L1(Flow): 0.939681, Reg: 0.077929
Iter 150 of 338 Loss: 1.032167, L1(Flow): 0.951423, Reg: 0.080744
Iter 160 of 338 Loss: 1.042214, L1(Flow): 0.964725, Reg: 0.077490
Iter 170 of 338 Loss: 0.984662, L1(Flow): 0.909607, Reg: 0.075055
Iter 180 of 338 Loss: 0.932210, L1(Flow): 0.864344, Reg: 0.067865
Iter 190 of 338 Loss: 0.992391, L1(Flow): 0.915910, Reg: 0.076481
Iter 200 of 338 Loss: 0.965806, L1(Flow): 0.895381, Reg: 0.070424
Iter 210 of 338 Loss: 0.972393, L1(Flow): 0.897677, Reg: 0.074716
Iter 220 of 338 Loss: 0.937016, L1(Flow): 0.870553, Reg: 0.066463
Iter 230 of 338 Loss: 0.959975, L1(Flow): 0.894970, Reg: 0.065005
Iter 240 of 338 Loss: 0.987763, L1(Flow): 0.912656, Reg: 0.075108
Iter 250 of 338 Loss: 0.988427, L1(Flow): 0.914048, Reg: 0.074378
Iter 260 of 338 Loss: 0.988510, L1(Flow): 0.914049, Reg: 0.074461
Iter 270 of 338 Loss: 0.926779, L1(Flow): 0.856223, Reg: 0.070556
Iter 280 of 338 Loss: 1.051126, L1(Flow): 0.973653, Reg: 0.077473
Iter 290 of 338 Loss: 0.960458, L1(Flow): 0.891941, Reg: 0.068517
Iter 300 of 338 Loss: 0.914880, L1(Flow): 0.849121, Reg: 0.065759
Iter 310 of 338 Loss: 0.937430, L1(Flow): 0.865348, Reg: 0.072082
Iter 320 of 338 Loss: 1.008883, L1(Flow): 0.940249, Reg: 0.068635
Iter 330 of 338 Loss: 1.015136, L1(Flow): 0.941238, Reg: 0.073898
Epoch 133 Loss: 0.974668
Epoch 133 Validation: Mean EPE: 2.8127, Mean SSIM: 0.3935, Mean ZNCC: 0.6448
Epoch 134 starts
Iter 10 of 338 Loss: 0.974722, L1(Flow): 0.904862, Reg: 0.069859
Iter 20 of 338 Loss: 0.977731, L1(Flow): 0.901412, Reg: 0.076320
Iter 30 of 338 Loss: 0.971212, L1(Flow): 0.898307, Reg: 0.072906
Iter 40 of 338 Loss: 0.945474, L1(Flow): 0.880947, Reg: 0.064528
Iter 50 of 338 Loss: 0.935292, L1(Flow): 0.864172, Reg: 0.071120
Iter 60 of 338 Loss: 0.939987, L1(Flow): 0.871603, Reg: 0.068384
Iter 70 of 338 Loss: 0.940681, L1(Flow): 0.866986, Reg: 0.073695
Iter 80 of 338 Loss: 0.947323, L1(Flow): 0.873154, Reg: 0.074169
Iter 90 of 338 Loss: 0.942543, L1(Flow): 0.876906, Reg: 0.065637
Iter 100 of 338 Loss: 0.969533, L1(Flow): 0.890406, Reg: 0.079126
Iter 110 of 338 Loss: 0.986468, L1(Flow): 0.919680, Reg: 0.066788
Iter 120 of 338 Loss: 0.902522, L1(Flow): 0.835375, Reg: 0.067147
Iter 130 of 338 Loss: 1.007912, L1(Flow): 0.929572, Reg: 0.078340
Iter 140 of 338 Loss: 0.985278, L1(Flow): 0.910018, Reg: 0.075260
Iter 150 of 338 Loss: 0.982932, L1(Flow): 0.905397, Reg: 0.077535
Iter 160 of 338 Loss: 0.986188, L1(Flow): 0.909993, Reg: 0.076196
Iter 170 of 338 Loss: 0.997649, L1(Flow): 0.914303, Reg: 0.083346
Iter 180 of 338 Loss: 1.015693, L1(Flow): 0.936109, Reg: 0.079584
Iter 190 of 338 Loss: 0.975216, L1(Flow): 0.902974, Reg: 0.072242
Iter 200 of 338 Loss: 0.972737, L1(Flow): 0.894743, Reg: 0.077994
Iter 210 of 338 Loss: 0.958126, L1(Flow): 0.885041, Reg: 0.073085
Iter 220 of 338 Loss: 0.934704, L1(Flow): 0.860156, Reg: 0.074548
Iter 230 of 338 Loss: 0.985727, L1(Flow): 0.916102, Reg: 0.069625
Iter 240 of 338 Loss: 0.997508, L1(Flow): 0.926548, Reg: 0.070960
Iter 250 of 338 Loss: 0.959134, L1(Flow): 0.882673, Reg: 0.076462
Iter 260 of 338 Loss: 0.948884, L1(Flow): 0.879434, Reg: 0.069450
Iter 270 of 338 Loss: 0.960654, L1(Flow): 0.890776, Reg: 0.069878
Iter 280 of 338 Loss: 0.944677, L1(Flow): 0.872516, Reg: 0.072161
Iter 290 of 338 Loss: 0.973990, L1(Flow): 0.899871, Reg: 0.074120
Iter 300 of 338 Loss: 0.950263, L1(Flow): 0.874968, Reg: 0.075295
Iter 310 of 338 Loss: 0.907114, L1(Flow): 0.843736, Reg: 0.063378
Iter 320 of 338 Loss: 1.020189, L1(Flow): 0.938168, Reg: 0.082021
Iter 330 of 338 Loss: 0.945857, L1(Flow): 0.875323, Reg: 0.070533
Epoch 134 Loss: 0.967144
Epoch 134 Validation: Mean EPE: 2.7953, Mean SSIM: 0.3939, Mean ZNCC: 0.6449
--> Saved to Top 5 best models (EPE: 2.7953)
--> New absolute BEST model updated with EPE: 2.7953
Epoch 135 starts
Iter 10 of 338 Loss: 0.919543, L1(Flow): 0.851409, Reg: 0.068134
Iter 20 of 338 Loss: 0.973577, L1(Flow): 0.900263, Reg: 0.073314
Iter 30 of 338 Loss: 0.924404, L1(Flow): 0.851896, Reg: 0.072508
Iter 40 of 338 Loss: 0.982727, L1(Flow): 0.909375, Reg: 0.073353
Iter 50 of 338 Loss: 0.982737, L1(Flow): 0.912155, Reg: 0.070582
Iter 60 of 338 Loss: 0.989373, L1(Flow): 0.907857, Reg: 0.081516
Iter 70 of 338 Loss: 0.976264, L1(Flow): 0.907382, Reg: 0.068882
Iter 80 of 338 Loss: 0.940420, L1(Flow): 0.872727, Reg: 0.067693
Iter 90 of 338 Loss: 0.943544, L1(Flow): 0.878428, Reg: 0.065116
Iter 100 of 338 Loss: 0.975939, L1(Flow): 0.903324, Reg: 0.072614
Iter 110 of 338 Loss: 0.901352, L1(Flow): 0.836531, Reg: 0.064821
Iter 120 of 338 Loss: 0.962140, L1(Flow): 0.896046, Reg: 0.066093
Iter 130 of 338 Loss: 0.974490, L1(Flow): 0.900334, Reg: 0.074155
Iter 140 of 338 Loss: 0.942720, L1(Flow): 0.875933, Reg: 0.066787
Iter 150 of 338 Loss: 0.954450, L1(Flow): 0.879917, Reg: 0.074533
Iter 160 of 338 Loss: 1.051864, L1(Flow): 0.969988, Reg: 0.081876
Iter 170 of 338 Loss: 0.976843, L1(Flow): 0.897091, Reg: 0.079752
Iter 180 of 338 Loss: 0.989120, L1(Flow): 0.912509, Reg: 0.076611
Iter 190 of 338 Loss: 0.989313, L1(Flow): 0.912607, Reg: 0.076706
Iter 200 of 338 Loss: 0.966064, L1(Flow): 0.892905, Reg: 0.073159
Iter 210 of 338 Loss: 0.970365, L1(Flow): 0.897813, Reg: 0.072552
Iter 220 of 338 Loss: 1.010064, L1(Flow): 0.929400, Reg: 0.080664
Iter 230 of 338 Loss: 0.984880, L1(Flow): 0.912475, Reg: 0.072405
Iter 240 of 338 Loss: 0.947389, L1(Flow): 0.876298, Reg: 0.071090
Iter 250 of 338 Loss: 0.987869, L1(Flow): 0.919034, Reg: 0.068835
Iter 260 of 338 Loss: 0.961132, L1(Flow): 0.888026, Reg: 0.073106
Iter 270 of 338 Loss: 1.029642, L1(Flow): 0.942507, Reg: 0.087135
Iter 280 of 338 Loss: 0.942404, L1(Flow): 0.876298, Reg: 0.066106
Iter 290 of 338 Loss: 0.902488, L1(Flow): 0.837794, Reg: 0.064694
Iter 300 of 338 Loss: 0.954087, L1(Flow): 0.886865, Reg: 0.067222
Iter 310 of 338 Loss: 0.963648, L1(Flow): 0.893023, Reg: 0.070625
Iter 320 of 338 Loss: 0.943870, L1(Flow): 0.875805, Reg: 0.068065
Iter 330 of 338 Loss: 0.953938, L1(Flow): 0.885199, Reg: 0.068739
Epoch 135 Loss: 0.964880
Epoch 135 Validation: Mean EPE: 2.7935, Mean SSIM: 0.3936, Mean ZNCC: 0.6451
--> Saved to Top 5 best models (EPE: 2.7935)
--> New absolute BEST model updated with EPE: 2.7935
Epoch 136 starts
Iter 10 of 338 Loss: 0.973316, L1(Flow): 0.901468, Reg: 0.071849
Iter 20 of 338 Loss: 0.940202, L1(Flow): 0.871146, Reg: 0.069056
Iter 30 of 338 Loss: 0.941308, L1(Flow): 0.870766, Reg: 0.070542
Iter 40 of 338 Loss: 0.998273, L1(Flow): 0.918665, Reg: 0.079607
Iter 50 of 338 Loss: 0.934754, L1(Flow): 0.864949, Reg: 0.069805
Iter 60 of 338 Loss: 0.949320, L1(Flow): 0.878604, Reg: 0.070716
Iter 70 of 338 Loss: 0.943573, L1(Flow): 0.873077, Reg: 0.070496
Iter 80 of 338 Loss: 0.925404, L1(Flow): 0.857323, Reg: 0.068082
Iter 90 of 338 Loss: 0.976132, L1(Flow): 0.901176, Reg: 0.074955
Iter 100 of 338 Loss: 0.969976, L1(Flow): 0.897828, Reg: 0.072148
Iter 110 of 338 Loss: 0.919464, L1(Flow): 0.852085, Reg: 0.067379
Iter 120 of 338 Loss: 0.920357, L1(Flow): 0.849935, Reg: 0.070422
Iter 130 of 338 Loss: 0.928444, L1(Flow): 0.862731, Reg: 0.065712
Iter 140 of 338 Loss: 0.969933, L1(Flow): 0.898670, Reg: 0.071263
Iter 150 of 338 Loss: 0.862682, L1(Flow): 0.808155, Reg: 0.054527
Iter 160 of 338 Loss: 0.886151, L1(Flow): 0.821753, Reg: 0.064398
Iter 170 of 338 Loss: 0.963969, L1(Flow): 0.891267, Reg: 0.072702
Iter 180 of 338 Loss: 0.920164, L1(Flow): 0.856733, Reg: 0.063431
Iter 190 of 338 Loss: 0.962284, L1(Flow): 0.896100, Reg: 0.066184
Iter 200 of 338 Loss: 1.003632, L1(Flow): 0.921618, Reg: 0.082013
Iter 210 of 338 Loss: 0.912556, L1(Flow): 0.841646, Reg: 0.070909
Iter 220 of 338 Loss: 0.969824, L1(Flow): 0.895118, Reg: 0.074706
Iter 230 of 338 Loss: 0.990757, L1(Flow): 0.917369, Reg: 0.073388
Iter 240 of 338 Loss: 0.945508, L1(Flow): 0.874207, Reg: 0.071302
Iter 250 of 338 Loss: 0.983665, L1(Flow): 0.912259, Reg: 0.071406
Iter 260 of 338 Loss: 1.025005, L1(Flow): 0.947246, Reg: 0.077760
Iter 270 of 338 Loss: 0.963888, L1(Flow): 0.889294, Reg: 0.074594
Iter 280 of 338 Loss: 0.957199, L1(Flow): 0.885043, Reg: 0.072157
Iter 290 of 338 Loss: 0.973644, L1(Flow): 0.898575, Reg: 0.075069
Iter 300 of 338 Loss: 0.979903, L1(Flow): 0.910699, Reg: 0.069204
Iter 310 of 338 Loss: 0.946342, L1(Flow): 0.874281, Reg: 0.072062
Iter 320 of 338 Loss: 0.996135, L1(Flow): 0.917029, Reg: 0.079106
Iter 330 of 338 Loss: 0.983110, L1(Flow): 0.912214, Reg: 0.070896
Epoch 136 Loss: 0.960606
Epoch 136 Validation: Mean EPE: 2.8066, Mean SSIM: 0.3935, Mean ZNCC: 0.6448
Epoch 137 starts
Iter 10 of 338 Loss: 0.892765, L1(Flow): 0.830461, Reg: 0.062304
Iter 20 of 338 Loss: 0.968971, L1(Flow): 0.897709, Reg: 0.071261
Iter 30 of 338 Loss: 0.973210, L1(Flow): 0.897538, Reg: 0.075672
Iter 40 of 338 Loss: 0.940511, L1(Flow): 0.870571, Reg: 0.069940
Iter 50 of 338 Loss: 0.964081, L1(Flow): 0.886487, Reg: 0.077594
Iter 60 of 338 Loss: 0.928851, L1(Flow): 0.863769, Reg: 0.065081
Iter 70 of 338 Loss: 0.966750, L1(Flow): 0.893886, Reg: 0.072864
Iter 80 of 338 Loss: 0.983038, L1(Flow): 0.910682, Reg: 0.072357
Iter 90 of 338 Loss: 0.989745, L1(Flow): 0.913072, Reg: 0.076674
Iter 100 of 338 Loss: 0.983765, L1(Flow): 0.907530, Reg: 0.076235
Iter 110 of 338 Loss: 0.932615, L1(Flow): 0.862228, Reg: 0.070387
Iter 120 of 338 Loss: 0.989062, L1(Flow): 0.911745, Reg: 0.077317
Iter 130 of 338 Loss: 0.937534, L1(Flow): 0.865346, Reg: 0.072188
Iter 140 of 338 Loss: 0.903875, L1(Flow): 0.841023, Reg: 0.062852
Iter 150 of 338 Loss: 0.961529, L1(Flow): 0.884440, Reg: 0.077089
Iter 160 of 338 Loss: 0.987308, L1(Flow): 0.907302, Reg: 0.080006
Iter 170 of 338 Loss: 0.973700, L1(Flow): 0.904826, Reg: 0.068874
Iter 180 of 338 Loss: 0.962832, L1(Flow): 0.887864, Reg: 0.074968
Iter 190 of 338 Loss: 0.939384, L1(Flow): 0.872479, Reg: 0.066905
Iter 200 of 338 Loss: 0.956992, L1(Flow): 0.887627, Reg: 0.069365
Iter 210 of 338 Loss: 0.964553, L1(Flow): 0.887788, Reg: 0.076765
Iter 220 of 338 Loss: 0.935781, L1(Flow): 0.863583, Reg: 0.072197
Iter 230 of 338 Loss: 0.948711, L1(Flow): 0.875792, Reg: 0.072919
Iter 240 of 338 Loss: 1.030500, L1(Flow): 0.953338, Reg: 0.077163
Iter 250 of 338 Loss: 0.895632, L1(Flow): 0.829694, Reg: 0.065938
Iter 260 of 338 Loss: 0.933616, L1(Flow): 0.868699, Reg: 0.064917
Iter 270 of 338 Loss: 0.949221, L1(Flow): 0.878096, Reg: 0.071125
Iter 280 of 338 Loss: 0.978410, L1(Flow): 0.904789, Reg: 0.073621
Iter 290 of 338 Loss: 0.964839, L1(Flow): 0.892359, Reg: 0.072480
Iter 300 of 338 Loss: 0.997779, L1(Flow): 0.924864, Reg: 0.072916
Iter 310 of 338 Loss: 0.999974, L1(Flow): 0.927286, Reg: 0.072688
Iter 320 of 338 Loss: 1.025158, L1(Flow): 0.948898, Reg: 0.076260
Iter 330 of 338 Loss: 1.071964, L1(Flow): 0.992188, Reg: 0.079777
Epoch 137 Loss: 0.961238
Epoch 137 Validation: Mean EPE: 2.8112, Mean SSIM: 0.3936, Mean ZNCC: 0.6448
Epoch 138 starts
Iter 10 of 338 Loss: 0.932232, L1(Flow): 0.863929, Reg: 0.068303
Iter 20 of 338 Loss: 0.978946, L1(Flow): 0.909285, Reg: 0.069661
Iter 30 of 338 Loss: 0.933316, L1(Flow): 0.868504, Reg: 0.064812
Iter 40 of 338 Loss: 0.984861, L1(Flow): 0.911533, Reg: 0.073328
Iter 50 of 338 Loss: 0.972695, L1(Flow): 0.902247, Reg: 0.070448
Iter 60 of 338 Loss: 0.990314, L1(Flow): 0.918898, Reg: 0.071416
Iter 70 of 338 Loss: 0.937294, L1(Flow): 0.869520, Reg: 0.067775
Iter 80 of 338 Loss: 0.956800, L1(Flow): 0.888741, Reg: 0.068059
Iter 90 of 338 Loss: 0.933445, L1(Flow): 0.866818, Reg: 0.066627
Iter 100 of 338 Loss: 1.002506, L1(Flow): 0.924881, Reg: 0.077626
Iter 110 of 338 Loss: 1.025724, L1(Flow): 0.945958, Reg: 0.079765
Iter 120 of 338 Loss: 1.041408, L1(Flow): 0.967335, Reg: 0.074073
Iter 130 of 338 Loss: 0.935711, L1(Flow): 0.867257, Reg: 0.068455
Iter 140 of 338 Loss: 0.920172, L1(Flow): 0.851588, Reg: 0.068584
Iter 150 of 338 Loss: 0.935268, L1(Flow): 0.862706, Reg: 0.072562
Iter 160 of 338 Loss: 0.941877, L1(Flow): 0.873259, Reg: 0.068619
Iter 170 of 338 Loss: 0.938272, L1(Flow): 0.866058, Reg: 0.072215
Iter 180 of 338 Loss: 0.915419, L1(Flow): 0.848117, Reg: 0.067302
Iter 190 of 338 Loss: 0.942438, L1(Flow): 0.875814, Reg: 0.066624
Iter 200 of 338 Loss: 0.894287, L1(Flow): 0.831244, Reg: 0.063042
Iter 210 of 338 Loss: 0.969400, L1(Flow): 0.896206, Reg: 0.073194
Iter 220 of 338 Loss: 0.968512, L1(Flow): 0.895498, Reg: 0.073014
Iter 230 of 338 Loss: 1.020010, L1(Flow): 0.939153, Reg: 0.080858
Iter 240 of 338 Loss: 0.973479, L1(Flow): 0.906101, Reg: 0.067378
Iter 250 of 338 Loss: 0.994035, L1(Flow): 0.920151, Reg: 0.073884
Iter 260 of 338 Loss: 1.009882, L1(Flow): 0.933206, Reg: 0.076677
Iter 270 of 338 Loss: 0.992313, L1(Flow): 0.913314, Reg: 0.078999
Iter 280 of 338 Loss: 0.997554, L1(Flow): 0.926525, Reg: 0.071028
Iter 290 of 338 Loss: 0.933245, L1(Flow): 0.864989, Reg: 0.068256
Iter 300 of 338 Loss: 0.929137, L1(Flow): 0.859735, Reg: 0.069403
Iter 310 of 338 Loss: 1.006276, L1(Flow): 0.929922, Reg: 0.076354
Iter 320 of 338 Loss: 0.946985, L1(Flow): 0.875324, Reg: 0.071662
Iter 330 of 338 Loss: 1.002144, L1(Flow): 0.925837, Reg: 0.076307
Epoch 138 Loss: 0.956187
Epoch 138 Validation: Mean EPE: 2.8110, Mean SSIM: 0.3938, Mean ZNCC: 0.6448
Epoch 139 starts
Iter 10 of 338 Loss: 0.948875, L1(Flow): 0.880606, Reg: 0.068269
Iter 20 of 338 Loss: 0.973268, L1(Flow): 0.894930, Reg: 0.078338
Iter 30 of 338 Loss: 0.933704, L1(Flow): 0.862617, Reg: 0.071087
Iter 40 of 338 Loss: 0.980609, L1(Flow): 0.909657, Reg: 0.070952
Iter 50 of 338 Loss: 0.984298, L1(Flow): 0.910201, Reg: 0.074097
Iter 60 of 338 Loss: 1.027855, L1(Flow): 0.957936, Reg: 0.069920
Iter 70 of 338 Loss: 0.933356, L1(Flow): 0.866232, Reg: 0.067124
Iter 80 of 338 Loss: 0.979786, L1(Flow): 0.901510, Reg: 0.078276
Iter 90 of 338 Loss: 0.912325, L1(Flow): 0.844903, Reg: 0.067422
Iter 100 of 338 Loss: 1.029659, L1(Flow): 0.955022, Reg: 0.074637
Iter 110 of 338 Loss: 0.912310, L1(Flow): 0.848462, Reg: 0.063848
Iter 120 of 338 Loss: 0.918861, L1(Flow): 0.852098, Reg: 0.066763
Iter 130 of 338 Loss: 0.926815, L1(Flow): 0.862494, Reg: 0.064321
Iter 140 of 338 Loss: 0.968726, L1(Flow): 0.892814, Reg: 0.075912
Iter 150 of 338 Loss: 0.957005, L1(Flow): 0.888667, Reg: 0.068338
Iter 160 of 338 Loss: 1.010181, L1(Flow): 0.938309, Reg: 0.071872
Iter 170 of 338 Loss: 1.000988, L1(Flow): 0.919609, Reg: 0.081379
Iter 180 of 338 Loss: 0.950467, L1(Flow): 0.876276, Reg: 0.074192
Iter 190 of 338 Loss: 0.951323, L1(Flow): 0.874105, Reg: 0.077218
Iter 200 of 338 Loss: 0.987759, L1(Flow): 0.912533, Reg: 0.075226
Iter 210 of 338 Loss: 0.910470, L1(Flow): 0.850161, Reg: 0.060309
Iter 220 of 338 Loss: 1.012593, L1(Flow): 0.932709, Reg: 0.079884
Iter 230 of 338 Loss: 0.949505, L1(Flow): 0.874370, Reg: 0.075136
Iter 240 of 338 Loss: 0.969227, L1(Flow): 0.899692, Reg: 0.069535
Iter 250 of 338 Loss: 0.927222, L1(Flow): 0.859406, Reg: 0.067816
Iter 260 of 338 Loss: 0.914498, L1(Flow): 0.849095, Reg: 0.065403
Iter 270 of 338 Loss: 0.944259, L1(Flow): 0.870431, Reg: 0.073827
Iter 280 of 338 Loss: 0.972307, L1(Flow): 0.897937, Reg: 0.074370
Iter 290 of 338 Loss: 0.975365, L1(Flow): 0.902532, Reg: 0.072833
Iter 300 of 338 Loss: 0.976056, L1(Flow): 0.906698, Reg: 0.069358
Iter 310 of 338 Loss: 0.967428, L1(Flow): 0.895551, Reg: 0.071877
Iter 320 of 338 Loss: 0.918316, L1(Flow): 0.855262, Reg: 0.063054
Iter 330 of 338 Loss: 0.958924, L1(Flow): 0.892872, Reg: 0.066052
Epoch 139 Loss: 0.951100
Epoch 139 Validation: Mean EPE: 2.7935, Mean SSIM: 0.3946, Mean ZNCC: 0.6450
--> Saved to Top 5 best models (EPE: 2.7935)
Epoch 140 starts
Iter 10 of 338 Loss: 0.944858, L1(Flow): 0.878658, Reg: 0.066200
Iter 20 of 338 Loss: 0.857945, L1(Flow): 0.795228, Reg: 0.062716
Iter 30 of 338 Loss: 0.949728, L1(Flow): 0.879897, Reg: 0.069830
Iter 40 of 338 Loss: 0.949282, L1(Flow): 0.875632, Reg: 0.073649
Iter 50 of 338 Loss: 0.938522, L1(Flow): 0.863250, Reg: 0.075272
Iter 60 of 338 Loss: 0.917145, L1(Flow): 0.850186, Reg: 0.066959
Iter 70 of 338 Loss: 0.953367, L1(Flow): 0.878175, Reg: 0.075191
Iter 80 of 338 Loss: 0.931396, L1(Flow): 0.861720, Reg: 0.069677
Iter 90 of 338 Loss: 1.051962, L1(Flow): 0.963708, Reg: 0.088254
Iter 100 of 338 Loss: 0.929866, L1(Flow): 0.862860, Reg: 0.067006
Iter 110 of 338 Loss: 0.918161, L1(Flow): 0.848137, Reg: 0.070024
Iter 120 of 338 Loss: 1.044119, L1(Flow): 0.964943, Reg: 0.079176
Iter 130 of 338 Loss: 0.973566, L1(Flow): 0.899207, Reg: 0.074358
Iter 140 of 338 Loss: 0.973055, L1(Flow): 0.904321, Reg: 0.068734
Iter 150 of 338 Loss: 0.975717, L1(Flow): 0.898333, Reg: 0.077383
Iter 160 of 338 Loss: 0.987377, L1(Flow): 0.906522, Reg: 0.080855
Iter 170 of 338 Loss: 0.879509, L1(Flow): 0.818349, Reg: 0.061160
Iter 180 of 338 Loss: 0.943893, L1(Flow): 0.877795, Reg: 0.066098
Iter 190 of 338 Loss: 1.040441, L1(Flow): 0.962795, Reg: 0.077646
Iter 200 of 338 Loss: 0.896896, L1(Flow): 0.832610, Reg: 0.064286
Iter 210 of 338 Loss: 0.967290, L1(Flow): 0.895630, Reg: 0.071660
Iter 220 of 338 Loss: 0.932775, L1(Flow): 0.866833, Reg: 0.065943
Iter 230 of 338 Loss: 0.999107, L1(Flow): 0.926715, Reg: 0.072392
Iter 240 of 338 Loss: 0.903874, L1(Flow): 0.834838, Reg: 0.069036
Iter 250 of 338 Loss: 0.992449, L1(Flow): 0.910533, Reg: 0.081916
Iter 260 of 338 Loss: 0.970467, L1(Flow): 0.901730, Reg: 0.068737
Iter 270 of 338 Loss: 0.947496, L1(Flow): 0.874162, Reg: 0.073334
Iter 280 of 338 Loss: 0.987380, L1(Flow): 0.915009, Reg: 0.072371
Iter 290 of 338 Loss: 0.993454, L1(Flow): 0.921812, Reg: 0.071642
Iter 300 of 338 Loss: 0.941026, L1(Flow): 0.867753, Reg: 0.073273
Iter 310 of 338 Loss: 0.971816, L1(Flow): 0.901693, Reg: 0.070123
Iter 320 of 338 Loss: 0.934976, L1(Flow): 0.866094, Reg: 0.068882
Iter 330 of 338 Loss: 0.993694, L1(Flow): 0.913893, Reg: 0.079801
Epoch 140 Loss: 0.951065
Epoch 140 Validation: Mean EPE: 2.7922, Mean SSIM: 0.3939, Mean ZNCC: 0.6447
--> Saved to Top 5 best models (EPE: 2.7922)
--> New absolute BEST model updated with EPE: 2.7922
Epoch 141 starts
Iter 10 of 338 Loss: 0.942322, L1(Flow): 0.870848, Reg: 0.071474
Iter 20 of 338 Loss: 0.933581, L1(Flow): 0.861957, Reg: 0.071625
Iter 30 of 338 Loss: 0.971150, L1(Flow): 0.892813, Reg: 0.078337
Iter 40 of 338 Loss: 0.949586, L1(Flow): 0.872413, Reg: 0.077173
Iter 50 of 338 Loss: 0.885161, L1(Flow): 0.814584, Reg: 0.070577
Iter 60 of 338 Loss: 0.928068, L1(Flow): 0.861268, Reg: 0.066800
Iter 70 of 338 Loss: 0.945237, L1(Flow): 0.868618, Reg: 0.076619
Iter 80 of 338 Loss: 0.930130, L1(Flow): 0.861546, Reg: 0.068584
Iter 90 of 338 Loss: 0.955081, L1(Flow): 0.882071, Reg: 0.073010
Iter 100 of 338 Loss: 0.948424, L1(Flow): 0.876953, Reg: 0.071471
Iter 110 of 338 Loss: 0.956078, L1(Flow): 0.881518, Reg: 0.074560
Iter 120 of 338 Loss: 0.930357, L1(Flow): 0.860596, Reg: 0.069761
Iter 130 of 338 Loss: 0.962290, L1(Flow): 0.889938, Reg: 0.072352
Iter 140 of 338 Loss: 0.956588, L1(Flow): 0.881111, Reg: 0.075478
Iter 150 of 338 Loss: 0.920519, L1(Flow): 0.853163, Reg: 0.067356
Iter 160 of 338 Loss: 0.940818, L1(Flow): 0.868845, Reg: 0.071972
Iter 170 of 338 Loss: 0.928614, L1(Flow): 0.858796, Reg: 0.069818
Iter 180 of 338 Loss: 0.940104, L1(Flow): 0.869403, Reg: 0.070701
Iter 190 of 338 Loss: 0.983837, L1(Flow): 0.905201, Reg: 0.078636
Iter 200 of 338 Loss: 0.930614, L1(Flow): 0.865147, Reg: 0.065466
Iter 210 of 338 Loss: 0.928506, L1(Flow): 0.856632, Reg: 0.071874
Iter 220 of 338 Loss: 0.954997, L1(Flow): 0.877563, Reg: 0.077434
Iter 230 of 338 Loss: 0.903288, L1(Flow): 0.837064, Reg: 0.066224
Iter 240 of 338 Loss: 0.912754, L1(Flow): 0.845994, Reg: 0.066760
Iter 250 of 338 Loss: 0.984249, L1(Flow): 0.916123, Reg: 0.068127
Iter 260 of 338 Loss: 0.933997, L1(Flow): 0.860819, Reg: 0.073179
Iter 270 of 338 Loss: 0.968859, L1(Flow): 0.896847, Reg: 0.072012
Iter 280 of 338 Loss: 0.899297, L1(Flow): 0.836020, Reg: 0.063277
Iter 290 of 338 Loss: 0.909458, L1(Flow): 0.844023, Reg: 0.065435
Iter 300 of 338 Loss: 0.947417, L1(Flow): 0.878891, Reg: 0.068526
Iter 310 of 338 Loss: 0.975570, L1(Flow): 0.897439, Reg: 0.078131
Iter 320 of 338 Loss: 0.858981, L1(Flow): 0.797672, Reg: 0.061309
Iter 330 of 338 Loss: 0.878639, L1(Flow): 0.821708, Reg: 0.056931
Epoch 141 Loss: 0.945005
Epoch 141 Validation: Mean EPE: 2.8038, Mean SSIM: 0.3936, Mean ZNCC: 0.6449
Epoch 142 starts
Iter 10 of 338 Loss: 1.001176, L1(Flow): 0.927065, Reg: 0.074112
Iter 20 of 338 Loss: 0.926666, L1(Flow): 0.858517, Reg: 0.068149
Iter 30 of 338 Loss: 0.896768, L1(Flow): 0.825155, Reg: 0.071613
Iter 40 of 338 Loss: 0.993322, L1(Flow): 0.916040, Reg: 0.077282
Iter 50 of 338 Loss: 0.962641, L1(Flow): 0.887520, Reg: 0.075121
Iter 60 of 338 Loss: 0.971446, L1(Flow): 0.897960, Reg: 0.073485
Iter 70 of 338 Loss: 0.955195, L1(Flow): 0.885711, Reg: 0.069483
Iter 80 of 338 Loss: 0.984859, L1(Flow): 0.911474, Reg: 0.073385
Iter 90 of 338 Loss: 0.937921, L1(Flow): 0.869193, Reg: 0.068727
Iter 100 of 338 Loss: 0.872055, L1(Flow): 0.812515, Reg: 0.059540
Iter 110 of 338 Loss: 0.965901, L1(Flow): 0.896431, Reg: 0.069470
Iter 120 of 338 Loss: 0.924965, L1(Flow): 0.852220, Reg: 0.072745
Iter 130 of 338 Loss: 0.925251, L1(Flow): 0.859578, Reg: 0.065673
Iter 140 of 338 Loss: 0.962911, L1(Flow): 0.889509, Reg: 0.073401
Iter 150 of 338 Loss: 0.915537, L1(Flow): 0.842706, Reg: 0.072831
Iter 160 of 338 Loss: 0.994584, L1(Flow): 0.920731, Reg: 0.073853
Iter 170 of 338 Loss: 0.985694, L1(Flow): 0.911863, Reg: 0.073831
Iter 180 of 338 Loss: 0.891660, L1(Flow): 0.829080, Reg: 0.062580
Iter 190 of 338 Loss: 0.914893, L1(Flow): 0.846801, Reg: 0.068091
Iter 200 of 338 Loss: 0.945541, L1(Flow): 0.872013, Reg: 0.073528
Iter 210 of 338 Loss: 0.936391, L1(Flow): 0.866367, Reg: 0.070024
Iter 220 of 338 Loss: 0.858121, L1(Flow): 0.796508, Reg: 0.061613
Iter 230 of 338 Loss: 0.948004, L1(Flow): 0.874759, Reg: 0.073244
Iter 240 of 338 Loss: 0.915862, L1(Flow): 0.847038, Reg: 0.068825
Iter 250 of 338 Loss: 0.931298, L1(Flow): 0.860340, Reg: 0.070958
Iter 260 of 338 Loss: 0.902681, L1(Flow): 0.837060, Reg: 0.065621
Iter 270 of 338 Loss: 0.895363, L1(Flow): 0.829959, Reg: 0.065404
Iter 280 of 338 Loss: 0.942478, L1(Flow): 0.873017, Reg: 0.069461
Iter 290 of 338 Loss: 0.907104, L1(Flow): 0.835490, Reg: 0.071614
Iter 300 of 338 Loss: 0.962295, L1(Flow): 0.888203, Reg: 0.074092
Iter 310 of 338 Loss: 0.879836, L1(Flow): 0.817190, Reg: 0.062646
Iter 320 of 338 Loss: 0.888741, L1(Flow): 0.821896, Reg: 0.066845
Iter 330 of 338 Loss: 0.976901, L1(Flow): 0.904679, Reg: 0.072223
Epoch 142 Loss: 0.944757
Epoch 142 Validation: Mean EPE: 2.7887, Mean SSIM: 0.3944, Mean ZNCC: 0.6450
--> Saved to Top 5 best models (EPE: 2.7887)
--> New absolute BEST model updated with EPE: 2.7887
Epoch 143 starts
Iter 10 of 338 Loss: 0.952084, L1(Flow): 0.881254, Reg: 0.070830
Iter 20 of 338 Loss: 0.933445, L1(Flow): 0.866868, Reg: 0.066577
Iter 30 of 338 Loss: 0.942146, L1(Flow): 0.873089, Reg: 0.069057
Iter 40 of 338 Loss: 0.902121, L1(Flow): 0.837210, Reg: 0.064911
Iter 50 of 338 Loss: 0.968712, L1(Flow): 0.895020, Reg: 0.073691
Iter 60 of 338 Loss: 0.875729, L1(Flow): 0.816149, Reg: 0.059580
Iter 70 of 338 Loss: 0.930904, L1(Flow): 0.868791, Reg: 0.062113
Iter 80 of 338 Loss: 0.913983, L1(Flow): 0.849798, Reg: 0.064185
Iter 90 of 338 Loss: 0.938174, L1(Flow): 0.868659, Reg: 0.069515
Iter 100 of 338 Loss: 0.990942, L1(Flow): 0.917128, Reg: 0.073814
Iter 110 of 338 Loss: 0.914420, L1(Flow): 0.848836, Reg: 0.065584
Iter 120 of 338 Loss: 0.941091, L1(Flow): 0.877314, Reg: 0.063778
Iter 130 of 338 Loss: 0.887095, L1(Flow): 0.817144, Reg: 0.069951
Iter 140 of 338 Loss: 0.967044, L1(Flow): 0.894518, Reg: 0.072526
Iter 150 of 338 Loss: 0.894475, L1(Flow): 0.826811, Reg: 0.067663
Iter 160 of 338 Loss: 0.992333, L1(Flow): 0.912274, Reg: 0.080059
Iter 170 of 338 Loss: 0.936444, L1(Flow): 0.870126, Reg: 0.066318
Iter 180 of 338 Loss: 0.870727, L1(Flow): 0.805935, Reg: 0.064792
Iter 190 of 338 Loss: 0.884585, L1(Flow): 0.820519, Reg: 0.064066
Iter 200 of 338 Loss: 0.941581, L1(Flow): 0.878412, Reg: 0.063169
Iter 210 of 338 Loss: 0.959115, L1(Flow): 0.883641, Reg: 0.075474
Iter 220 of 338 Loss: 0.952155, L1(Flow): 0.882111, Reg: 0.070044
Iter 230 of 338 Loss: 0.927948, L1(Flow): 0.864253, Reg: 0.063695
Iter 240 of 338 Loss: 0.901377, L1(Flow): 0.842080, Reg: 0.059297
Iter 250 of 338 Loss: 0.879909, L1(Flow): 0.817196, Reg: 0.062713
Iter 260 of 338 Loss: 0.905486, L1(Flow): 0.842334, Reg: 0.063152
Iter 270 of 338 Loss: 0.961469, L1(Flow): 0.888841, Reg: 0.072628
Iter 280 of 338 Loss: 0.957095, L1(Flow): 0.889330, Reg: 0.067765
Iter 290 of 338 Loss: 0.922209, L1(Flow): 0.856129, Reg: 0.066080
Iter 300 of 338 Loss: 0.897068, L1(Flow): 0.828588, Reg: 0.068480
Iter 310 of 338 Loss: 0.895943, L1(Flow): 0.826499, Reg: 0.069444
Iter 320 of 338 Loss: 0.979804, L1(Flow): 0.906810, Reg: 0.072994
Iter 330 of 338 Loss: 0.920377, L1(Flow): 0.850069, Reg: 0.070307
Epoch 143 Loss: 0.937762
Epoch 143 Validation: Mean EPE: 2.7885, Mean SSIM: 0.3945, Mean ZNCC: 0.6450
--> Saved to Top 5 best models (EPE: 2.7885)
--> New absolute BEST model updated with EPE: 2.7885
Epoch 144 starts
Iter 10 of 338 Loss: 0.933980, L1(Flow): 0.863411, Reg: 0.070569
Iter 20 of 338 Loss: 0.915034, L1(Flow): 0.843968, Reg: 0.071066
Iter 30 of 338 Loss: 0.935107, L1(Flow): 0.871344, Reg: 0.063763
Iter 40 of 338 Loss: 0.904049, L1(Flow): 0.830203, Reg: 0.073845
Iter 50 of 338 Loss: 0.945592, L1(Flow): 0.876745, Reg: 0.068847
Iter 60 of 338 Loss: 0.908101, L1(Flow): 0.840960, Reg: 0.067141
Iter 70 of 338 Loss: 0.887771, L1(Flow): 0.825677, Reg: 0.062093
Iter 80 of 338 Loss: 0.943996, L1(Flow): 0.864861, Reg: 0.079136
Iter 90 of 338 Loss: 0.939287, L1(Flow): 0.868302, Reg: 0.070985
Iter 100 of 338 Loss: 0.956512, L1(Flow): 0.875466, Reg: 0.081046
Iter 110 of 338 Loss: 0.933329, L1(Flow): 0.866676, Reg: 0.066653
Iter 120 of 338 Loss: 0.933740, L1(Flow): 0.863481, Reg: 0.070259
Iter 130 of 338 Loss: 0.955651, L1(Flow): 0.879665, Reg: 0.075987
Iter 140 of 338 Loss: 0.915898, L1(Flow): 0.849732, Reg: 0.066165
Iter 150 of 338 Loss: 0.929061, L1(Flow): 0.859370, Reg: 0.069690
Iter 160 of 338 Loss: 0.958209, L1(Flow): 0.878645, Reg: 0.079564
Iter 170 of 338 Loss: 0.921933, L1(Flow): 0.856904, Reg: 0.065030
Iter 180 of 338 Loss: 0.929587, L1(Flow): 0.858664, Reg: 0.070924
Iter 190 of 338 Loss: 0.925608, L1(Flow): 0.855239, Reg: 0.070369
Iter 200 of 338 Loss: 0.946590, L1(Flow): 0.881339, Reg: 0.065251
Iter 210 of 338 Loss: 0.958436, L1(Flow): 0.886619, Reg: 0.071817
Iter 220 of 338 Loss: 0.952869, L1(Flow): 0.878566, Reg: 0.074302
Iter 230 of 338 Loss: 0.899399, L1(Flow): 0.833620, Reg: 0.065779
Iter 240 of 338 Loss: 0.968951, L1(Flow): 0.893670, Reg: 0.075281
Iter 250 of 338 Loss: 0.922720, L1(Flow): 0.852701, Reg: 0.070019
Iter 260 of 338 Loss: 0.931192, L1(Flow): 0.865025, Reg: 0.066167
Iter 270 of 338 Loss: 0.949257, L1(Flow): 0.879967, Reg: 0.069291
Iter 280 of 338 Loss: 0.953231, L1(Flow): 0.878495, Reg: 0.074736
Iter 290 of 338 Loss: 0.917099, L1(Flow): 0.851730, Reg: 0.065369
Iter 300 of 338 Loss: 0.970030, L1(Flow): 0.900790, Reg: 0.069240
Iter 310 of 338 Loss: 0.969449, L1(Flow): 0.901025, Reg: 0.068424
Iter 320 of 338 Loss: 1.003440, L1(Flow): 0.929655, Reg: 0.073785
Iter 330 of 338 Loss: 0.916100, L1(Flow): 0.850522, Reg: 0.065578
Epoch 144 Loss: 0.932790
Epoch 144 Validation: Mean EPE: 2.8120, Mean SSIM: 0.3947, Mean ZNCC: 0.6448
Epoch 145 starts
Iter 10 of 338 Loss: 0.935586, L1(Flow): 0.866418, Reg: 0.069169
Iter 20 of 338 Loss: 0.931103, L1(Flow): 0.862611, Reg: 0.068492
Iter 30 of 338 Loss: 0.889421, L1(Flow): 0.822122, Reg: 0.067299
Iter 40 of 338 Loss: 0.962134, L1(Flow): 0.886398, Reg: 0.075736
Iter 50 of 338 Loss: 0.954768, L1(Flow): 0.887297, Reg: 0.067471
Iter 60 of 338 Loss: 0.950990, L1(Flow): 0.873896, Reg: 0.077094
Iter 70 of 338 Loss: 0.915968, L1(Flow): 0.847484, Reg: 0.068484
Iter 80 of 338 Loss: 0.918428, L1(Flow): 0.850499, Reg: 0.067929
Iter 90 of 338 Loss: 0.901769, L1(Flow): 0.836519, Reg: 0.065250
Iter 100 of 338 Loss: 1.014468, L1(Flow): 0.941708, Reg: 0.072760
Iter 110 of 338 Loss: 0.914760, L1(Flow): 0.846007, Reg: 0.068753
Iter 120 of 338 Loss: 0.955312, L1(Flow): 0.887692, Reg: 0.067620
Iter 130 of 338 Loss: 0.905025, L1(Flow): 0.835739, Reg: 0.069287
Iter 140 of 338 Loss: 0.884359, L1(Flow): 0.820652, Reg: 0.063707
Iter 150 of 338 Loss: 0.919720, L1(Flow): 0.848035, Reg: 0.071685
Iter 160 of 338 Loss: 0.953815, L1(Flow): 0.888663, Reg: 0.065151
Iter 170 of 338 Loss: 0.963322, L1(Flow): 0.885834, Reg: 0.077488
Iter 180 of 338 Loss: 0.952970, L1(Flow): 0.880311, Reg: 0.072658
Iter 190 of 338 Loss: 0.981304, L1(Flow): 0.902156, Reg: 0.079148
Iter 200 of 338 Loss: 0.896167, L1(Flow): 0.828493, Reg: 0.067673
Iter 210 of 338 Loss: 0.945100, L1(Flow): 0.872226, Reg: 0.072874
Iter 220 of 338 Loss: 0.941123, L1(Flow): 0.867399, Reg: 0.073723
Iter 230 of 338 Loss: 0.877889, L1(Flow): 0.816759, Reg: 0.061130
Iter 240 of 338 Loss: 0.918070, L1(Flow): 0.845087, Reg: 0.072983
Iter 250 of 338 Loss: 0.941352, L1(Flow): 0.868346, Reg: 0.073006
Iter 260 of 338 Loss: 0.944296, L1(Flow): 0.873353, Reg: 0.070943
Iter 270 of 338 Loss: 0.939462, L1(Flow): 0.868429, Reg: 0.071033
Iter 280 of 338 Loss: 0.933499, L1(Flow): 0.862198, Reg: 0.071301
Iter 290 of 338 Loss: 0.933452, L1(Flow): 0.862626, Reg: 0.070827
Iter 300 of 338 Loss: 0.925498, L1(Flow): 0.855676, Reg: 0.069822
Iter 310 of 338 Loss: 0.958643, L1(Flow): 0.885938, Reg: 0.072705
Iter 320 of 338 Loss: 0.942042, L1(Flow): 0.875692, Reg: 0.066350
Iter 330 of 338 Loss: 0.962762, L1(Flow): 0.890305, Reg: 0.072457
Epoch 145 Loss: 0.935785
Epoch 145 Validation: Mean EPE: 2.8264, Mean SSIM: 0.3922, Mean ZNCC: 0.6443
Epoch 146 starts
Iter 10 of 338 Loss: 0.954943, L1(Flow): 0.879662, Reg: 0.075282
Iter 20 of 338 Loss: 0.938194, L1(Flow): 0.868241, Reg: 0.069953
Iter 30 of 338 Loss: 0.983298, L1(Flow): 0.907905, Reg: 0.075393
Iter 40 of 338 Loss: 0.890010, L1(Flow): 0.822798, Reg: 0.067212
Iter 50 of 338 Loss: 0.936515, L1(Flow): 0.864156, Reg: 0.072359
Iter 60 of 338 Loss: 0.878787, L1(Flow): 0.814912, Reg: 0.063874
Iter 70 of 338 Loss: 0.958783, L1(Flow): 0.883634, Reg: 0.075149
Iter 80 of 338 Loss: 0.892081, L1(Flow): 0.825300, Reg: 0.066781
Iter 90 of 338 Loss: 0.914592, L1(Flow): 0.849659, Reg: 0.064933
Iter 100 of 338 Loss: 0.919501, L1(Flow): 0.851931, Reg: 0.067570
Iter 110 of 338 Loss: 0.918185, L1(Flow): 0.849748, Reg: 0.068437
Iter 120 of 338 Loss: 0.895882, L1(Flow): 0.827227, Reg: 0.068655
Iter 130 of 338 Loss: 0.881283, L1(Flow): 0.816988, Reg: 0.064295
Iter 140 of 338 Loss: 0.919752, L1(Flow): 0.847135, Reg: 0.072617
Iter 150 of 338 Loss: 0.933495, L1(Flow): 0.866858, Reg: 0.066638
Iter 160 of 338 Loss: 0.988314, L1(Flow): 0.914510, Reg: 0.073805
Iter 170 of 338 Loss: 0.988158, L1(Flow): 0.907623, Reg: 0.080536
Iter 180 of 338 Loss: 0.948413, L1(Flow): 0.875608, Reg: 0.072806
Iter 190 of 338 Loss: 0.857992, L1(Flow): 0.799108, Reg: 0.058883
Iter 200 of 338 Loss: 0.937049, L1(Flow): 0.861975, Reg: 0.075074
Iter 210 of 338 Loss: 0.949955, L1(Flow): 0.878506, Reg: 0.071450
Iter 220 of 338 Loss: 0.904861, L1(Flow): 0.839087, Reg: 0.065775
Iter 230 of 338 Loss: 0.977774, L1(Flow): 0.906780, Reg: 0.070994
Iter 240 of 338 Loss: 0.872264, L1(Flow): 0.806105, Reg: 0.066159
Iter 250 of 338 Loss: 0.967964, L1(Flow): 0.891777, Reg: 0.076187
Iter 260 of 338 Loss: 0.899579, L1(Flow): 0.836245, Reg: 0.063333
Iter 270 of 338 Loss: 0.901442, L1(Flow): 0.831572, Reg: 0.069870
Iter 280 of 338 Loss: 0.922086, L1(Flow): 0.848943, Reg: 0.073143
Iter 290 of 338 Loss: 0.932137, L1(Flow): 0.860411, Reg: 0.071726
Iter 300 of 338 Loss: 0.934405, L1(Flow): 0.867714, Reg: 0.066691
Iter 310 of 338 Loss: 0.954399, L1(Flow): 0.886393, Reg: 0.068006
Iter 320 of 338 Loss: 0.902783, L1(Flow): 0.840822, Reg: 0.061962
Iter 330 of 338 Loss: 0.919543, L1(Flow): 0.847056, Reg: 0.072487
Epoch 146 Loss: 0.927618
Epoch 146 Validation: Mean EPE: 2.7936, Mean SSIM: 0.3942, Mean ZNCC: 0.6449
Epoch 147 starts
Iter 10 of 338 Loss: 0.890453, L1(Flow): 0.819432, Reg: 0.071020
Iter 20 of 338 Loss: 0.890780, L1(Flow): 0.821068, Reg: 0.069712
Iter 30 of 338 Loss: 0.900095, L1(Flow): 0.832633, Reg: 0.067461
Iter 40 of 338 Loss: 0.939067, L1(Flow): 0.865478, Reg: 0.073589
Iter 50 of 338 Loss: 0.893281, L1(Flow): 0.820756, Reg: 0.072526
Iter 60 of 338 Loss: 0.857834, L1(Flow): 0.794383, Reg: 0.063451
Iter 70 of 338 Loss: 0.925338, L1(Flow): 0.854176, Reg: 0.071162
Iter 80 of 338 Loss: 0.944427, L1(Flow): 0.867670, Reg: 0.076757
Iter 90 of 338 Loss: 0.993312, L1(Flow): 0.913578, Reg: 0.079733
Iter 100 of 338 Loss: 0.861259, L1(Flow): 0.793837, Reg: 0.067422
Iter 110 of 338 Loss: 0.860290, L1(Flow): 0.798592, Reg: 0.061698
Iter 120 of 338 Loss: 0.883976, L1(Flow): 0.820685, Reg: 0.063291
Iter 130 of 338 Loss: 0.946927, L1(Flow): 0.873465, Reg: 0.073462
Iter 140 of 338 Loss: 0.910821, L1(Flow): 0.846553, Reg: 0.064269
Iter 150 of 338 Loss: 0.968611, L1(Flow): 0.886477, Reg: 0.082135
Iter 160 of 338 Loss: 0.989447, L1(Flow): 0.917901, Reg: 0.071546
Iter 170 of 338 Loss: 0.927130, L1(Flow): 0.855807, Reg: 0.071323
Iter 180 of 338 Loss: 0.891068, L1(Flow): 0.826527, Reg: 0.064540
Iter 190 of 338 Loss: 0.906074, L1(Flow): 0.841010, Reg: 0.065064
Iter 200 of 338 Loss: 0.929589, L1(Flow): 0.866558, Reg: 0.063030
Iter 210 of 338 Loss: 0.986184, L1(Flow): 0.908843, Reg: 0.077341
Iter 220 of 338 Loss: 0.920708, L1(Flow): 0.852555, Reg: 0.068153
Iter 230 of 338 Loss: 0.895611, L1(Flow): 0.830288, Reg: 0.065324
Iter 240 of 338 Loss: 0.973475, L1(Flow): 0.899035, Reg: 0.074440
Iter 250 of 338 Loss: 0.951807, L1(Flow): 0.885276, Reg: 0.066531
Iter 260 of 338 Loss: 0.949679, L1(Flow): 0.870466, Reg: 0.079213
Iter 270 of 338 Loss: 0.975200, L1(Flow): 0.898284, Reg: 0.076916
Iter 280 of 338 Loss: 0.955166, L1(Flow): 0.880056, Reg: 0.075110
Iter 290 of 338 Loss: 0.893308, L1(Flow): 0.825297, Reg: 0.068012
Iter 300 of 338 Loss: 0.871293, L1(Flow): 0.807888, Reg: 0.063406
Iter 310 of 338 Loss: 0.978384, L1(Flow): 0.907355, Reg: 0.071029
Iter 320 of 338 Loss: 1.004728, L1(Flow): 0.920841, Reg: 0.083887
Iter 330 of 338 Loss: 0.926608, L1(Flow): 0.860724, Reg: 0.065884
Epoch 147 Loss: 0.923785
Epoch 147 Validation: Mean EPE: 2.7969, Mean SSIM: 0.3942, Mean ZNCC: 0.6451
Epoch 148 starts
Iter 10 of 338 Loss: 0.915913, L1(Flow): 0.851030, Reg: 0.064883
Iter 20 of 338 Loss: 0.941991, L1(Flow): 0.867029, Reg: 0.074963
Iter 30 of 338 Loss: 0.945615, L1(Flow): 0.872881, Reg: 0.072734
Iter 40 of 338 Loss: 0.875538, L1(Flow): 0.810018, Reg: 0.065520
Iter 50 of 338 Loss: 0.918958, L1(Flow): 0.850511, Reg: 0.068446
Iter 60 of 338 Loss: 0.924305, L1(Flow): 0.849936, Reg: 0.074368
Iter 70 of 338 Loss: 0.871325, L1(Flow): 0.806218, Reg: 0.065107
Iter 80 of 338 Loss: 0.910063, L1(Flow): 0.847880, Reg: 0.062183
Iter 90 of 338 Loss: 0.932255, L1(Flow): 0.861059, Reg: 0.071196
Iter 100 of 338 Loss: 0.959166, L1(Flow): 0.877884, Reg: 0.081282
Iter 110 of 338 Loss: 0.939217, L1(Flow): 0.873350, Reg: 0.065866
Iter 120 of 338 Loss: 0.867894, L1(Flow): 0.801739, Reg: 0.066155
Iter 130 of 338 Loss: 0.903617, L1(Flow): 0.842040, Reg: 0.061576
Iter 140 of 338 Loss: 0.927714, L1(Flow): 0.861225, Reg: 0.066489
Iter 150 of 338 Loss: 0.927586, L1(Flow): 0.856031, Reg: 0.071555
Iter 160 of 338 Loss: 0.917299, L1(Flow): 0.848578, Reg: 0.068721
Iter 170 of 338 Loss: 0.936845, L1(Flow): 0.867092, Reg: 0.069753
Iter 180 of 338 Loss: 0.938339, L1(Flow): 0.870258, Reg: 0.068080
Iter 190 of 338 Loss: 0.914338, L1(Flow): 0.847160, Reg: 0.067178
Iter 200 of 338 Loss: 0.915685, L1(Flow): 0.846335, Reg: 0.069350
Iter 210 of 338 Loss: 0.897733, L1(Flow): 0.832613, Reg: 0.065119
Iter 220 of 338 Loss: 0.925556, L1(Flow): 0.849514, Reg: 0.076042
Iter 230 of 338 Loss: 0.897730, L1(Flow): 0.832302, Reg: 0.065428
Iter 240 of 338 Loss: 0.924382, L1(Flow): 0.852975, Reg: 0.071407
Iter 250 of 338 Loss: 0.873796, L1(Flow): 0.810170, Reg: 0.063626
Iter 260 of 338 Loss: 0.889449, L1(Flow): 0.818044, Reg: 0.071405
Iter 270 of 338 Loss: 0.899686, L1(Flow): 0.831184, Reg: 0.068502
Iter 280 of 338 Loss: 0.977268, L1(Flow): 0.908747, Reg: 0.068521
Iter 290 of 338 Loss: 0.885104, L1(Flow): 0.820072, Reg: 0.065031
Iter 300 of 338 Loss: 0.946517, L1(Flow): 0.877933, Reg: 0.068584
Iter 310 of 338 Loss: 0.929991, L1(Flow): 0.856495, Reg: 0.073496
Iter 320 of 338 Loss: 0.904022, L1(Flow): 0.828974, Reg: 0.075048
Iter 330 of 338 Loss: 0.855893, L1(Flow): 0.797818, Reg: 0.058075
Epoch 148 Loss: 0.922988
Epoch 148 Validation: Mean EPE: 2.7884, Mean SSIM: 0.3950, Mean ZNCC: 0.6452
--> Saved to Top 5 best models (EPE: 2.7884)
--> New absolute BEST model updated with EPE: 2.7884
Epoch 149 starts
Iter 10 of 338 Loss: 0.852503, L1(Flow): 0.788029, Reg: 0.064474
Iter 20 of 338 Loss: 0.963424, L1(Flow): 0.883517, Reg: 0.079907
Iter 30 of 338 Loss: 0.945657, L1(Flow): 0.870034, Reg: 0.075623
Iter 40 of 338 Loss: 0.966409, L1(Flow): 0.890623, Reg: 0.075786
Iter 50 of 338 Loss: 0.902041, L1(Flow): 0.833630, Reg: 0.068411
Iter 60 of 338 Loss: 0.916593, L1(Flow): 0.847603, Reg: 0.068990
Iter 70 of 338 Loss: 0.947626, L1(Flow): 0.875026, Reg: 0.072600
Iter 80 of 338 Loss: 0.910581, L1(Flow): 0.843659, Reg: 0.066922
Iter 90 of 338 Loss: 0.891507, L1(Flow): 0.830739, Reg: 0.060768
Iter 100 of 338 Loss: 0.853456, L1(Flow): 0.787884, Reg: 0.065572
Iter 110 of 338 Loss: 0.909682, L1(Flow): 0.840710, Reg: 0.068972
Iter 120 of 338 Loss: 1.006712, L1(Flow): 0.936541, Reg: 0.070172
Iter 130 of 338 Loss: 0.928558, L1(Flow): 0.854008, Reg: 0.074550
Iter 140 of 338 Loss: 0.871828, L1(Flow): 0.812921, Reg: 0.058907
Iter 150 of 338 Loss: 0.908104, L1(Flow): 0.839304, Reg: 0.068800
Iter 160 of 338 Loss: 0.945243, L1(Flow): 0.877135, Reg: 0.068107
Iter 170 of 338 Loss: 0.968646, L1(Flow): 0.899264, Reg: 0.069382
Iter 180 of 338 Loss: 0.928076, L1(Flow): 0.860860, Reg: 0.067216
Iter 190 of 338 Loss: 0.950228, L1(Flow): 0.880889, Reg: 0.069339
Iter 200 of 338 Loss: 0.892520, L1(Flow): 0.823106, Reg: 0.069414
Iter 210 of 338 Loss: 0.894956, L1(Flow): 0.824398, Reg: 0.070559
Iter 220 of 338 Loss: 0.950095, L1(Flow): 0.875767, Reg: 0.074327
Iter 230 of 338 Loss: 0.900053, L1(Flow): 0.834638, Reg: 0.065415
Iter 240 of 338 Loss: 0.934705, L1(Flow): 0.859924, Reg: 0.074780
Iter 250 of 338 Loss: 0.958248, L1(Flow): 0.885818, Reg: 0.072430
Iter 260 of 338 Loss: 0.978028, L1(Flow): 0.900900, Reg: 0.077128
Iter 270 of 338 Loss: 0.966140, L1(Flow): 0.893070, Reg: 0.073070
Iter 280 of 338 Loss: 0.970086, L1(Flow): 0.898282, Reg: 0.071804
Iter 290 of 338 Loss: 0.997463, L1(Flow): 0.922275, Reg: 0.075188
Iter 300 of 338 Loss: 0.941857, L1(Flow): 0.874998, Reg: 0.066858
Iter 310 of 338 Loss: 0.962699, L1(Flow): 0.891364, Reg: 0.071334
Iter 320 of 338 Loss: 0.938917, L1(Flow): 0.861359, Reg: 0.077557
Iter 330 of 338 Loss: 0.929709, L1(Flow): 0.859980, Reg: 0.069728
Epoch 149 Loss: 0.925151
Epoch 149 Validation: Mean EPE: 2.8244, Mean SSIM: 0.3938, Mean ZNCC: 0.6448
Epoch 150 starts
Iter 10 of 338 Loss: 0.927791, L1(Flow): 0.854105, Reg: 0.073686
Iter 20 of 338 Loss: 0.931787, L1(Flow): 0.864000, Reg: 0.067787
Iter 30 of 338 Loss: 0.878446, L1(Flow): 0.816459, Reg: 0.061986
Iter 40 of 338 Loss: 0.933318, L1(Flow): 0.862879, Reg: 0.070439
Iter 50 of 338 Loss: 0.894561, L1(Flow): 0.830405, Reg: 0.064156
Iter 60 of 338 Loss: 0.873270, L1(Flow): 0.809667, Reg: 0.063603
Iter 70 of 338 Loss: 0.985597, L1(Flow): 0.908404, Reg: 0.077192
Iter 80 of 338 Loss: 0.945292, L1(Flow): 0.870095, Reg: 0.075197
Iter 90 of 338 Loss: 0.917218, L1(Flow): 0.848859, Reg: 0.068360
Iter 100 of 338 Loss: 0.932804, L1(Flow): 0.863705, Reg: 0.069099
Iter 110 of 338 Loss: 0.910697, L1(Flow): 0.843335, Reg: 0.067362
Iter 120 of 338 Loss: 0.876829, L1(Flow): 0.813860, Reg: 0.062969
Iter 130 of 338 Loss: 0.910244, L1(Flow): 0.838470, Reg: 0.071774
Iter 140 of 338 Loss: 0.923380, L1(Flow): 0.854359, Reg: 0.069021
Iter 150 of 338 Loss: 0.884563, L1(Flow): 0.819199, Reg: 0.065364
Iter 160 of 338 Loss: 0.904558, L1(Flow): 0.837504, Reg: 0.067053
Iter 170 of 338 Loss: 0.892841, L1(Flow): 0.825596, Reg: 0.067244
Iter 180 of 338 Loss: 0.992624, L1(Flow): 0.912436, Reg: 0.080188
Iter 190 of 338 Loss: 0.900366, L1(Flow): 0.831747, Reg: 0.068619
Iter 200 of 338 Loss: 0.946583, L1(Flow): 0.872521, Reg: 0.074062
Iter 210 of 338 Loss: 0.951352, L1(Flow): 0.875040, Reg: 0.076312
Iter 220 of 338 Loss: 0.933895, L1(Flow): 0.859768, Reg: 0.074127
Iter 230 of 338 Loss: 0.957480, L1(Flow): 0.882394, Reg: 0.075086
Iter 240 of 338 Loss: 0.889120, L1(Flow): 0.829269, Reg: 0.059851
Iter 250 of 338 Loss: 0.868959, L1(Flow): 0.807967, Reg: 0.060992
Iter 260 of 338 Loss: 0.914834, L1(Flow): 0.844260, Reg: 0.070575
Iter 270 of 338 Loss: 0.951400, L1(Flow): 0.880003, Reg: 0.071397
Iter 280 of 338 Loss: 0.875864, L1(Flow): 0.814616, Reg: 0.061248
Iter 290 of 338 Loss: 0.917864, L1(Flow): 0.855456, Reg: 0.062408
Iter 300 of 338 Loss: 0.911160, L1(Flow): 0.839328, Reg: 0.071831
Iter 310 of 338 Loss: 0.879742, L1(Flow): 0.818754, Reg: 0.060988
Iter 320 of 338 Loss: 0.904390, L1(Flow): 0.838261, Reg: 0.066129
Iter 330 of 338 Loss: 0.892994, L1(Flow): 0.822656, Reg: 0.070338
Epoch 150 Loss: 0.920639
Epoch 150 Validation: Mean EPE: 2.8010, Mean SSIM: 0.3953, Mean ZNCC: 0.6455
Epoch 151 starts
Iter 10 of 338 Loss: 0.911463, L1(Flow): 0.850593, Reg: 0.060871
Iter 20 of 338 Loss: 0.895303, L1(Flow): 0.830959, Reg: 0.064344
Iter 30 of 338 Loss: 0.888012, L1(Flow): 0.813495, Reg: 0.074518
Iter 40 of 338 Loss: 0.913941, L1(Flow): 0.848757, Reg: 0.065184
Iter 50 of 338 Loss: 0.909672, L1(Flow): 0.840924, Reg: 0.068748
Iter 60 of 338 Loss: 0.915099, L1(Flow): 0.843699, Reg: 0.071400
Iter 70 of 338 Loss: 0.877957, L1(Flow): 0.817367, Reg: 0.060590
Iter 80 of 338 Loss: 0.945010, L1(Flow): 0.869149, Reg: 0.075860
Iter 90 of 338 Loss: 0.929145, L1(Flow): 0.859412, Reg: 0.069733
Iter 100 of 338 Loss: 0.893118, L1(Flow): 0.819515, Reg: 0.073603
Iter 110 of 338 Loss: 0.880488, L1(Flow): 0.822509, Reg: 0.057978
Iter 120 of 338 Loss: 0.927776, L1(Flow): 0.858748, Reg: 0.069028
Iter 130 of 338 Loss: 0.998059, L1(Flow): 0.920021, Reg: 0.078037
Iter 140 of 338 Loss: 0.876920, L1(Flow): 0.811478, Reg: 0.065442
Iter 150 of 338 Loss: 0.961859, L1(Flow): 0.888208, Reg: 0.073650
Iter 160 of 338 Loss: 0.926234, L1(Flow): 0.855499, Reg: 0.070735
Iter 170 of 338 Loss: 0.903479, L1(Flow): 0.837985, Reg: 0.065494
Iter 180 of 338 Loss: 0.914121, L1(Flow): 0.845035, Reg: 0.069086
Iter 190 of 338 Loss: 0.913691, L1(Flow): 0.840208, Reg: 0.073483
Iter 200 of 338 Loss: 0.926521, L1(Flow): 0.853576, Reg: 0.072946
Iter 210 of 338 Loss: 0.914205, L1(Flow): 0.846783, Reg: 0.067422
Iter 220 of 338 Loss: 0.933048, L1(Flow): 0.864445, Reg: 0.068603
Iter 230 of 338 Loss: 0.901317, L1(Flow): 0.830321, Reg: 0.070996
Iter 240 of 338 Loss: 1.022469, L1(Flow): 0.953264, Reg: 0.069205
Iter 250 of 338 Loss: 0.929280, L1(Flow): 0.858803, Reg: 0.070477
Iter 260 of 338 Loss: 0.898610, L1(Flow): 0.828769, Reg: 0.069841
Iter 270 of 338 Loss: 0.923713, L1(Flow): 0.858673, Reg: 0.065040
Iter 280 of 338 Loss: 0.866742, L1(Flow): 0.799958, Reg: 0.066784
Iter 290 of 338 Loss: 0.942020, L1(Flow): 0.874562, Reg: 0.067458
Iter 300 of 338 Loss: 0.919591, L1(Flow): 0.850634, Reg: 0.068957
Iter 310 of 338 Loss: 0.905427, L1(Flow): 0.841556, Reg: 0.063871
Iter 320 of 338 Loss: 0.898447, L1(Flow): 0.824560, Reg: 0.073886
Iter 330 of 338 Loss: 0.924665, L1(Flow): 0.854484, Reg: 0.070181
Epoch 151 Loss: 0.917622
Epoch 151 Validation: Mean EPE: 2.8137, Mean SSIM: 0.3937, Mean ZNCC: 0.6449
Epoch 152 starts
Iter 10 of 338 Loss: 0.892397, L1(Flow): 0.825674, Reg: 0.066724
Iter 20 of 338 Loss: 0.964854, L1(Flow): 0.890481, Reg: 0.074373
Iter 30 of 338 Loss: 0.920795, L1(Flow): 0.852529, Reg: 0.068266
Iter 40 of 338 Loss: 0.891413, L1(Flow): 0.828283, Reg: 0.063130
Iter 50 of 338 Loss: 0.871339, L1(Flow): 0.813256, Reg: 0.058083
Iter 60 of 338 Loss: 0.901185, L1(Flow): 0.833551, Reg: 0.067634
Iter 70 of 338 Loss: 0.925666, L1(Flow): 0.855550, Reg: 0.070117
Iter 80 of 338 Loss: 0.873152, L1(Flow): 0.808933, Reg: 0.064219
Iter 90 of 338 Loss: 0.984244, L1(Flow): 0.912718, Reg: 0.071525
Iter 100 of 338 Loss: 0.893878, L1(Flow): 0.827369, Reg: 0.066509
Iter 110 of 338 Loss: 0.888309, L1(Flow): 0.825379, Reg: 0.062930
Iter 120 of 338 Loss: 0.923264, L1(Flow): 0.850020, Reg: 0.073243
Iter 130 of 338 Loss: 0.925538, L1(Flow): 0.858112, Reg: 0.067426
Iter 140 of 338 Loss: 0.913531, L1(Flow): 0.848264, Reg: 0.065267
Iter 150 of 338 Loss: 0.929835, L1(Flow): 0.857209, Reg: 0.072626
Iter 160 of 338 Loss: 0.913869, L1(Flow): 0.845561, Reg: 0.068308
Iter 170 of 338 Loss: 0.866464, L1(Flow): 0.801872, Reg: 0.064593
Iter 180 of 338 Loss: 0.873290, L1(Flow): 0.811091, Reg: 0.062199
Iter 190 of 338 Loss: 0.921623, L1(Flow): 0.847934, Reg: 0.073689
Iter 200 of 338 Loss: 0.924752, L1(Flow): 0.853719, Reg: 0.071033
Iter 210 of 338 Loss: 0.893622, L1(Flow): 0.827497, Reg: 0.066124
Iter 220 of 338 Loss: 0.935635, L1(Flow): 0.857184, Reg: 0.078451
Iter 230 of 338 Loss: 0.854603, L1(Flow): 0.786430, Reg: 0.068172
Iter 240 of 338 Loss: 0.931425, L1(Flow): 0.864125, Reg: 0.067300
Iter 250 of 338 Loss: 0.911927, L1(Flow): 0.849185, Reg: 0.062743
Iter 260 of 338 Loss: 0.931364, L1(Flow): 0.864888, Reg: 0.066476
Iter 270 of 338 Loss: 0.929458, L1(Flow): 0.855887, Reg: 0.073571
Iter 280 of 338 Loss: 0.877778, L1(Flow): 0.814714, Reg: 0.063064
Iter 290 of 338 Loss: 0.929266, L1(Flow): 0.860078, Reg: 0.069188
Iter 300 of 338 Loss: 0.931118, L1(Flow): 0.861764, Reg: 0.069354
Iter 310 of 338 Loss: 0.886811, L1(Flow): 0.822643, Reg: 0.064167
Iter 320 of 338 Loss: 0.924086, L1(Flow): 0.857559, Reg: 0.066527
Iter 330 of 338 Loss: 0.899498, L1(Flow): 0.832163, Reg: 0.067334
Epoch 152 Loss: 0.914142
Epoch 152 Validation: Mean EPE: 2.8000, Mean SSIM: 0.3942, Mean ZNCC: 0.6447
Epoch 153 starts
Iter 10 of 338 Loss: 0.923057, L1(Flow): 0.855988, Reg: 0.067068
Iter 20 of 338 Loss: 0.909952, L1(Flow): 0.840742, Reg: 0.069210
Iter 30 of 338 Loss: 0.883378, L1(Flow): 0.819671, Reg: 0.063708
Iter 40 of 338 Loss: 0.853133, L1(Flow): 0.789485, Reg: 0.063649
Iter 50 of 338 Loss: 0.870786, L1(Flow): 0.813212, Reg: 0.057574
Iter 60 of 338 Loss: 0.856208, L1(Flow): 0.790036, Reg: 0.066173
Iter 70 of 338 Loss: 0.914176, L1(Flow): 0.839445, Reg: 0.074731
Iter 80 of 338 Loss: 0.890460, L1(Flow): 0.822787, Reg: 0.067673
Iter 90 of 338 Loss: 0.900198, L1(Flow): 0.833826, Reg: 0.066372
Iter 100 of 338 Loss: 0.819588, L1(Flow): 0.754254, Reg: 0.065335
Iter 110 of 338 Loss: 0.866210, L1(Flow): 0.804796, Reg: 0.061414
Iter 120 of 338 Loss: 0.947674, L1(Flow): 0.878842, Reg: 0.068832
Iter 130 of 338 Loss: 0.904354, L1(Flow): 0.836544, Reg: 0.067810
Iter 140 of 338 Loss: 0.900199, L1(Flow): 0.827233, Reg: 0.072966
Iter 150 of 338 Loss: 0.927796, L1(Flow): 0.852634, Reg: 0.075163
Iter 160 of 338 Loss: 0.912344, L1(Flow): 0.847928, Reg: 0.064416
Iter 170 of 338 Loss: 0.890682, L1(Flow): 0.825915, Reg: 0.064766
Iter 180 of 338 Loss: 0.888867, L1(Flow): 0.823714, Reg: 0.065153
Iter 190 of 338 Loss: 0.897520, L1(Flow): 0.829930, Reg: 0.067590
Iter 200 of 338 Loss: 0.931483, L1(Flow): 0.854622, Reg: 0.076861
Iter 210 of 338 Loss: 0.892066, L1(Flow): 0.823344, Reg: 0.068722
Iter 220 of 338 Loss: 0.934505, L1(Flow): 0.865440, Reg: 0.069065
Iter 230 of 338 Loss: 0.936045, L1(Flow): 0.860173, Reg: 0.075871
Iter 240 of 338 Loss: 0.929778, L1(Flow): 0.862036, Reg: 0.067741
Iter 250 of 338 Loss: 0.943468, L1(Flow): 0.872610, Reg: 0.070858
Iter 260 of 338 Loss: 0.933634, L1(Flow): 0.863110, Reg: 0.070524
Iter 270 of 338 Loss: 0.871412, L1(Flow): 0.803672, Reg: 0.067740
Iter 280 of 338 Loss: 0.898155, L1(Flow): 0.833471, Reg: 0.064684
Iter 290 of 338 Loss: 0.880830, L1(Flow): 0.814812, Reg: 0.066017
Iter 300 of 338 Loss: 0.887833, L1(Flow): 0.820467, Reg: 0.067367
Iter 310 of 338 Loss: 0.885951, L1(Flow): 0.813598, Reg: 0.072353
Iter 320 of 338 Loss: 0.927146, L1(Flow): 0.854340, Reg: 0.072806
Iter 330 of 338 Loss: 0.907659, L1(Flow): 0.843798, Reg: 0.063861
Epoch 153 Loss: 0.902806
Epoch 153 Validation: Mean EPE: 2.7874, Mean SSIM: 0.3953, Mean ZNCC: 0.6452
--> Saved to Top 5 best models (EPE: 2.7874)
--> New absolute BEST model updated with EPE: 2.7874
Epoch 154 starts
Iter 10 of 338 Loss: 0.958897, L1(Flow): 0.881991, Reg: 0.076906
Iter 20 of 338 Loss: 0.878109, L1(Flow): 0.818313, Reg: 0.059796
Iter 30 of 338 Loss: 0.868817, L1(Flow): 0.801704, Reg: 0.067113
Iter 40 of 338 Loss: 0.965462, L1(Flow): 0.886420, Reg: 0.079042
Iter 50 of 338 Loss: 0.916719, L1(Flow): 0.841383, Reg: 0.075336
Iter 60 of 338 Loss: 0.881475, L1(Flow): 0.811911, Reg: 0.069563
Iter 70 of 338 Loss: 0.864705, L1(Flow): 0.796425, Reg: 0.068281
Iter 80 of 338 Loss: 0.894393, L1(Flow): 0.826253, Reg: 0.068140
Iter 90 of 338 Loss: 0.928092, L1(Flow): 0.858922, Reg: 0.069170
Iter 100 of 338 Loss: 0.870239, L1(Flow): 0.807933, Reg: 0.062306
Iter 110 of 338 Loss: 0.872101, L1(Flow): 0.801247, Reg: 0.070854
Iter 120 of 338 Loss: 0.930797, L1(Flow): 0.861454, Reg: 0.069342
Iter 130 of 338 Loss: 0.897775, L1(Flow): 0.832925, Reg: 0.064850
Iter 140 of 338 Loss: 0.880427, L1(Flow): 0.814788, Reg: 0.065639
Iter 150 of 338 Loss: 0.873980, L1(Flow): 0.806803, Reg: 0.067178
Iter 160 of 338 Loss: 0.836397, L1(Flow): 0.770933, Reg: 0.065463
Iter 170 of 338 Loss: 0.897249, L1(Flow): 0.828982, Reg: 0.068267
Iter 180 of 338 Loss: 0.908269, L1(Flow): 0.839188, Reg: 0.069081
Iter 190 of 338 Loss: 0.881714, L1(Flow): 0.813150, Reg: 0.068565
Iter 200 of 338 Loss: 0.913461, L1(Flow): 0.849205, Reg: 0.064256
Iter 210 of 338 Loss: 0.893458, L1(Flow): 0.824108, Reg: 0.069350
Iter 220 of 338 Loss: 0.898000, L1(Flow): 0.834230, Reg: 0.063770
Iter 230 of 338 Loss: 0.885052, L1(Flow): 0.822705, Reg: 0.062347
Iter 240 of 338 Loss: 0.915151, L1(Flow): 0.843840, Reg: 0.071311
Iter 250 of 338 Loss: 0.834182, L1(Flow): 0.774099, Reg: 0.060083
Iter 260 of 338 Loss: 0.892132, L1(Flow): 0.826348, Reg: 0.065785
Iter 270 of 338 Loss: 0.926596, L1(Flow): 0.854964, Reg: 0.071633
Iter 280 of 338 Loss: 0.933874, L1(Flow): 0.862432, Reg: 0.071442
Iter 290 of 338 Loss: 0.934597, L1(Flow): 0.865176, Reg: 0.069421
Iter 300 of 338 Loss: 0.896697, L1(Flow): 0.834407, Reg: 0.062289
Iter 310 of 338 Loss: 0.883622, L1(Flow): 0.819331, Reg: 0.064292
Iter 320 of 338 Loss: 0.916801, L1(Flow): 0.852143, Reg: 0.064658
Iter 330 of 338 Loss: 0.881479, L1(Flow): 0.818851, Reg: 0.062628
Epoch 154 Loss: 0.900341
Epoch 154 Validation: Mean EPE: 2.8010, Mean SSIM: 0.3951, Mean ZNCC: 0.6452
Epoch 155 starts
Iter 10 of 338 Loss: 0.858972, L1(Flow): 0.794710, Reg: 0.064263
Iter 20 of 338 Loss: 0.906929, L1(Flow): 0.843534, Reg: 0.063395
Iter 30 of 338 Loss: 0.868563, L1(Flow): 0.806692, Reg: 0.061871
Iter 40 of 338 Loss: 0.890627, L1(Flow): 0.820607, Reg: 0.070020
Iter 50 of 338 Loss: 0.899985, L1(Flow): 0.834245, Reg: 0.065740
Iter 60 of 338 Loss: 0.930518, L1(Flow): 0.863117, Reg: 0.067401
Iter 70 of 338 Loss: 0.952087, L1(Flow): 0.881013, Reg: 0.071074
Iter 80 of 338 Loss: 0.951214, L1(Flow): 0.874791, Reg: 0.076423
Iter 90 of 338 Loss: 0.931797, L1(Flow): 0.859295, Reg: 0.072502
Iter 100 of 338 Loss: 0.918450, L1(Flow): 0.853459, Reg: 0.064990
Iter 110 of 338 Loss: 0.952281, L1(Flow): 0.881998, Reg: 0.070283
Iter 120 of 338 Loss: 0.907414, L1(Flow): 0.842466, Reg: 0.064948
Iter 130 of 338 Loss: 0.893607, L1(Flow): 0.827890, Reg: 0.065717
Iter 140 of 338 Loss: 0.895644, L1(Flow): 0.819329, Reg: 0.076315
Iter 150 of 338 Loss: 0.890565, L1(Flow): 0.822511, Reg: 0.068054
Iter 160 of 338 Loss: 0.950809, L1(Flow): 0.883670, Reg: 0.067139
Iter 170 of 338 Loss: 0.871235, L1(Flow): 0.807910, Reg: 0.063325
Iter 180 of 338 Loss: 0.899249, L1(Flow): 0.830810, Reg: 0.068440
Iter 190 of 338 Loss: 0.920294, L1(Flow): 0.856476, Reg: 0.063819
Iter 200 of 338 Loss: 0.905121, L1(Flow): 0.839964, Reg: 0.065157
Iter 210 of 338 Loss: 0.860353, L1(Flow): 0.797752, Reg: 0.062601
Iter 220 of 338 Loss: 0.897767, L1(Flow): 0.834106, Reg: 0.063661
Iter 230 of 338 Loss: 0.911108, L1(Flow): 0.845309, Reg: 0.065799
Iter 240 of 338 Loss: 0.898032, L1(Flow): 0.824879, Reg: 0.073153
Iter 250 of 338 Loss: 0.839042, L1(Flow): 0.778818, Reg: 0.060223
Iter 260 of 338 Loss: 0.913684, L1(Flow): 0.840737, Reg: 0.072947
Iter 270 of 338 Loss: 0.888270, L1(Flow): 0.820408, Reg: 0.067862
Iter 280 of 338 Loss: 0.891925, L1(Flow): 0.822532, Reg: 0.069393
Iter 290 of 338 Loss: 0.881393, L1(Flow): 0.814157, Reg: 0.067236
Iter 300 of 338 Loss: 0.867077, L1(Flow): 0.803294, Reg: 0.063783
Iter 310 of 338 Loss: 0.875505, L1(Flow): 0.807852, Reg: 0.067653
Iter 320 of 338 Loss: 0.955242, L1(Flow): 0.878939, Reg: 0.076303
Iter 330 of 338 Loss: 0.916859, L1(Flow): 0.844881, Reg: 0.071978
Epoch 155 Loss: 0.906490
Epoch 155 Validation: Mean EPE: 2.7909, Mean SSIM: 0.3952, Mean ZNCC: 0.6452
--> Saved to Top 5 best models (EPE: 2.7909)
Epoch 156 starts
Iter 10 of 338 Loss: 0.919857, L1(Flow): 0.853119, Reg: 0.066738
Iter 20 of 338 Loss: 0.897146, L1(Flow): 0.830597, Reg: 0.066550
Iter 30 of 338 Loss: 0.928552, L1(Flow): 0.854935, Reg: 0.073617
Iter 40 of 338 Loss: 0.861844, L1(Flow): 0.800247, Reg: 0.061596
Iter 50 of 338 Loss: 0.896686, L1(Flow): 0.831376, Reg: 0.065310
Iter 60 of 338 Loss: 0.852371, L1(Flow): 0.792331, Reg: 0.060040
Iter 70 of 338 Loss: 0.898898, L1(Flow): 0.826394, Reg: 0.072504
Iter 80 of 338 Loss: 0.905946, L1(Flow): 0.843055, Reg: 0.062892
Iter 90 of 338 Loss: 0.915465, L1(Flow): 0.845664, Reg: 0.069801
Iter 100 of 338 Loss: 0.920465, L1(Flow): 0.852201, Reg: 0.068264
Iter 110 of 338 Loss: 0.891606, L1(Flow): 0.822203, Reg: 0.069402
Iter 120 of 338 Loss: 0.932991, L1(Flow): 0.863323, Reg: 0.069668
Iter 130 of 338 Loss: 0.909814, L1(Flow): 0.845259, Reg: 0.064555
Iter 140 of 338 Loss: 0.851463, L1(Flow): 0.791099, Reg: 0.060364
Iter 150 of 338 Loss: 0.858774, L1(Flow): 0.795655, Reg: 0.063119
Iter 160 of 338 Loss: 0.858912, L1(Flow): 0.796751, Reg: 0.062160
Iter 170 of 338 Loss: 0.918632, L1(Flow): 0.846488, Reg: 0.072144
Iter 180 of 338 Loss: 0.918573, L1(Flow): 0.853370, Reg: 0.065203
Iter 190 of 338 Loss: 0.914005, L1(Flow): 0.841434, Reg: 0.072571
Iter 200 of 338 Loss: 0.919435, L1(Flow): 0.853894, Reg: 0.065542
Iter 210 of 338 Loss: 0.898229, L1(Flow): 0.830109, Reg: 0.068120
Iter 220 of 338 Loss: 0.926446, L1(Flow): 0.854322, Reg: 0.072124
Iter 230 of 338 Loss: 0.900383, L1(Flow): 0.830148, Reg: 0.070235
Iter 240 of 338 Loss: 0.880042, L1(Flow): 0.813760, Reg: 0.066282
Iter 250 of 338 Loss: 0.903816, L1(Flow): 0.835417, Reg: 0.068399
Iter 260 of 338 Loss: 0.865188, L1(Flow): 0.799162, Reg: 0.066026
Iter 270 of 338 Loss: 0.937229, L1(Flow): 0.864059, Reg: 0.073170
Iter 280 of 338 Loss: 0.884561, L1(Flow): 0.818326, Reg: 0.066235
Iter 290 of 338 Loss: 0.879139, L1(Flow): 0.813665, Reg: 0.065474
Iter 300 of 338 Loss: 0.898645, L1(Flow): 0.836346, Reg: 0.062299
Iter 310 of 338 Loss: 0.831910, L1(Flow): 0.771315, Reg: 0.060595
Iter 320 of 338 Loss: 0.896508, L1(Flow): 0.825869, Reg: 0.070638
Iter 330 of 338 Loss: 0.900556, L1(Flow): 0.832605, Reg: 0.067950
Epoch 156 Loss: 0.900880
Epoch 156 Validation: Mean EPE: 2.7833, Mean SSIM: 0.3960, Mean ZNCC: 0.6453
--> Saved to Top 5 best models (EPE: 2.7833)
--> New absolute BEST model updated with EPE: 2.7833
Epoch 157 starts
Iter 10 of 338 Loss: 0.934952, L1(Flow): 0.861623, Reg: 0.073329
Iter 20 of 338 Loss: 0.875964, L1(Flow): 0.811015, Reg: 0.064949
Iter 30 of 338 Loss: 0.921538, L1(Flow): 0.854714, Reg: 0.066824
Iter 40 of 338 Loss: 0.852236, L1(Flow): 0.791226, Reg: 0.061010
Iter 50 of 338 Loss: 0.908104, L1(Flow): 0.836110, Reg: 0.071994
Iter 60 of 338 Loss: 0.901478, L1(Flow): 0.830619, Reg: 0.070859
Iter 70 of 338 Loss: 0.892538, L1(Flow): 0.825161, Reg: 0.067377
Iter 80 of 338 Loss: 0.917448, L1(Flow): 0.844406, Reg: 0.073042
Iter 90 of 338 Loss: 0.925789, L1(Flow): 0.854836, Reg: 0.070953
Iter 100 of 338 Loss: 0.941317, L1(Flow): 0.864458, Reg: 0.076859
Iter 110 of 338 Loss: 0.803624, L1(Flow): 0.748789, Reg: 0.054834
Iter 120 of 338 Loss: 0.851856, L1(Flow): 0.790972, Reg: 0.060884
Iter 130 of 338 Loss: 0.914835, L1(Flow): 0.841021, Reg: 0.073813
Iter 140 of 338 Loss: 0.841354, L1(Flow): 0.771381, Reg: 0.069973
Iter 150 of 338 Loss: 0.927445, L1(Flow): 0.857448, Reg: 0.069997
Iter 160 of 338 Loss: 0.901627, L1(Flow): 0.830522, Reg: 0.071105
Iter 170 of 338 Loss: 0.955406, L1(Flow): 0.885793, Reg: 0.069613
Iter 180 of 338 Loss: 0.872508, L1(Flow): 0.805816, Reg: 0.066692
Iter 190 of 338 Loss: 1.002957, L1(Flow): 0.928449, Reg: 0.074507
Iter 200 of 338 Loss: 0.964863, L1(Flow): 0.891002, Reg: 0.073861
Iter 210 of 338 Loss: 0.862643, L1(Flow): 0.795749, Reg: 0.066894
Iter 220 of 338 Loss: 0.885402, L1(Flow): 0.822918, Reg: 0.062483
Iter 230 of 338 Loss: 0.894542, L1(Flow): 0.827865, Reg: 0.066677
Iter 240 of 338 Loss: 0.882488, L1(Flow): 0.809224, Reg: 0.073264
Iter 250 of 338 Loss: 0.845674, L1(Flow): 0.786666, Reg: 0.059008
Iter 260 of 338 Loss: 0.838611, L1(Flow): 0.771237, Reg: 0.067374
Iter 270 of 338 Loss: 0.923761, L1(Flow): 0.850454, Reg: 0.073308
Iter 280 of 338 Loss: 0.919334, L1(Flow): 0.855376, Reg: 0.063958
Iter 290 of 338 Loss: 0.895897, L1(Flow): 0.834240, Reg: 0.061657
Iter 300 of 338 Loss: 0.864744, L1(Flow): 0.796513, Reg: 0.068231
Iter 310 of 338 Loss: 0.863895, L1(Flow): 0.798552, Reg: 0.065344
Iter 320 of 338 Loss: 0.902211, L1(Flow): 0.836016, Reg: 0.066196
Iter 330 of 338 Loss: 0.916035, L1(Flow): 0.847645, Reg: 0.068390
Epoch 157 Loss: 0.894057
Epoch 157 Validation: Mean EPE: 2.8021, Mean SSIM: 0.3949, Mean ZNCC: 0.6452
Epoch 158 starts
Iter 10 of 338 Loss: 0.875628, L1(Flow): 0.803011, Reg: 0.072617
Iter 20 of 338 Loss: 0.899132, L1(Flow): 0.833656, Reg: 0.065475
Iter 30 of 338 Loss: 0.904649, L1(Flow): 0.833279, Reg: 0.071371
Iter 40 of 338 Loss: 0.881085, L1(Flow): 0.809534, Reg: 0.071551
Iter 50 of 338 Loss: 0.839472, L1(Flow): 0.776715, Reg: 0.062757
Iter 60 of 338 Loss: 0.860834, L1(Flow): 0.792816, Reg: 0.068018
Iter 70 of 338 Loss: 0.881499, L1(Flow): 0.810080, Reg: 0.071419
Iter 80 of 338 Loss: 0.906247, L1(Flow): 0.839835, Reg: 0.066413
Iter 90 of 338 Loss: 0.885157, L1(Flow): 0.815314, Reg: 0.069843
Iter 100 of 338 Loss: 0.861877, L1(Flow): 0.803844, Reg: 0.058033
Iter 110 of 338 Loss: 0.922521, L1(Flow): 0.853530, Reg: 0.068991
Iter 120 of 338 Loss: 0.865657, L1(Flow): 0.794600, Reg: 0.071057
Iter 130 of 338 Loss: 0.879527, L1(Flow): 0.812510, Reg: 0.067018
Iter 140 of 338 Loss: 0.896045, L1(Flow): 0.824964, Reg: 0.071081
Iter 150 of 338 Loss: 0.932972, L1(Flow): 0.863366, Reg: 0.069606
Iter 160 of 338 Loss: 0.878925, L1(Flow): 0.808279, Reg: 0.070646
Iter 170 of 338 Loss: 0.869047, L1(Flow): 0.803217, Reg: 0.065829
Iter 180 of 338 Loss: 0.878329, L1(Flow): 0.810112, Reg: 0.068217
Iter 190 of 338 Loss: 0.918183, L1(Flow): 0.850001, Reg: 0.068182
Iter 200 of 338 Loss: 0.902284, L1(Flow): 0.837771, Reg: 0.064513
Iter 210 of 338 Loss: 0.906328, L1(Flow): 0.835811, Reg: 0.070517
Iter 220 of 338 Loss: 0.908557, L1(Flow): 0.842379, Reg: 0.066178
Iter 230 of 338 Loss: 0.896561, L1(Flow): 0.824867, Reg: 0.071694
Iter 240 of 338 Loss: 0.863407, L1(Flow): 0.796040, Reg: 0.067367
Iter 250 of 338 Loss: 0.866694, L1(Flow): 0.800580, Reg: 0.066114
Iter 260 of 338 Loss: 0.893618, L1(Flow): 0.828673, Reg: 0.064945
Iter 270 of 338 Loss: 0.872837, L1(Flow): 0.803551, Reg: 0.069286
Iter 280 of 338 Loss: 0.881240, L1(Flow): 0.815184, Reg: 0.066056
Iter 290 of 338 Loss: 0.850131, L1(Flow): 0.782480, Reg: 0.067651
Iter 300 of 338 Loss: 0.846189, L1(Flow): 0.782540, Reg: 0.063649
Iter 310 of 338 Loss: 0.921633, L1(Flow): 0.848675, Reg: 0.072958
Iter 320 of 338 Loss: 0.889567, L1(Flow): 0.819478, Reg: 0.070090
Iter 330 of 338 Loss: 0.900046, L1(Flow): 0.830006, Reg: 0.070040
Epoch 158 Loss: 0.891679
Epoch 158 Validation: Mean EPE: 2.8276, Mean SSIM: 0.3944, Mean ZNCC: 0.6446
Epoch 159 starts
Iter 10 of 338 Loss: 0.893863, L1(Flow): 0.828459, Reg: 0.065404
Iter 20 of 338 Loss: 0.868940, L1(Flow): 0.803933, Reg: 0.065007
Iter 30 of 338 Loss: 0.895567, L1(Flow): 0.825341, Reg: 0.070226
Iter 40 of 338 Loss: 0.930966, L1(Flow): 0.859217, Reg: 0.071749
Iter 50 of 338 Loss: 0.882553, L1(Flow): 0.816127, Reg: 0.066426
Iter 60 of 338 Loss: 0.914256, L1(Flow): 0.845692, Reg: 0.068564
Iter 70 of 338 Loss: 0.905217, L1(Flow): 0.837539, Reg: 0.067677
Iter 80 of 338 Loss: 0.840451, L1(Flow): 0.775881, Reg: 0.064570
Iter 90 of 338 Loss: 0.894644, L1(Flow): 0.831719, Reg: 0.062925
Iter 100 of 338 Loss: 0.923774, L1(Flow): 0.851442, Reg: 0.072332
Iter 110 of 338 Loss: 0.877500, L1(Flow): 0.813221, Reg: 0.064279
Iter 120 of 338 Loss: 0.822774, L1(Flow): 0.772158, Reg: 0.050616
Iter 130 of 338 Loss: 0.880064, L1(Flow): 0.814414, Reg: 0.065650
Iter 140 of 338 Loss: 0.843461, L1(Flow): 0.783529, Reg: 0.059931
Iter 150 of 338 Loss: 0.878829, L1(Flow): 0.806292, Reg: 0.072537
Iter 160 of 338 Loss: 0.874722, L1(Flow): 0.812086, Reg: 0.062636
Iter 170 of 338 Loss: 0.902075, L1(Flow): 0.834586, Reg: 0.067489
Iter 180 of 338 Loss: 0.892166, L1(Flow): 0.825828, Reg: 0.066337
Iter 190 of 338 Loss: 0.905385, L1(Flow): 0.841751, Reg: 0.063634
Iter 200 of 338 Loss: 0.831558, L1(Flow): 0.772673, Reg: 0.058885
Iter 210 of 338 Loss: 0.852909, L1(Flow): 0.789032, Reg: 0.063877
Iter 220 of 338 Loss: 0.911115, L1(Flow): 0.838879, Reg: 0.072236
Iter 230 of 338 Loss: 0.915870, L1(Flow): 0.845842, Reg: 0.070029
Iter 240 of 338 Loss: 0.923064, L1(Flow): 0.851507, Reg: 0.071557
Iter 250 of 338 Loss: 0.921615, L1(Flow): 0.852091, Reg: 0.069524
Iter 260 of 338 Loss: 0.937744, L1(Flow): 0.869047, Reg: 0.068697
Iter 270 of 338 Loss: 0.906613, L1(Flow): 0.838341, Reg: 0.068272
Iter 280 of 338 Loss: 0.863436, L1(Flow): 0.801094, Reg: 0.062343
Iter 290 of 338 Loss: 0.906084, L1(Flow): 0.836639, Reg: 0.069445
Iter 300 of 338 Loss: 0.967413, L1(Flow): 0.893159, Reg: 0.074254
Iter 310 of 338 Loss: 0.935900, L1(Flow): 0.861830, Reg: 0.074070
Iter 320 of 338 Loss: 0.885066, L1(Flow): 0.822818, Reg: 0.062247
Iter 330 of 338 Loss: 0.851348, L1(Flow): 0.785406, Reg: 0.065942
Epoch 159 Loss: 0.896093
Epoch 159 Validation: Mean EPE: 2.7878, Mean SSIM: 0.3955, Mean ZNCC: 0.6453
--> Saved to Top 5 best models (EPE: 2.7878)
Epoch 160 starts
Iter 10 of 338 Loss: 0.959820, L1(Flow): 0.894315, Reg: 0.065505
Iter 20 of 338 Loss: 0.854616, L1(Flow): 0.791733, Reg: 0.062883
Iter 30 of 338 Loss: 0.934138, L1(Flow): 0.862756, Reg: 0.071382
Iter 40 of 338 Loss: 0.901333, L1(Flow): 0.827802, Reg: 0.073531
Iter 50 of 338 Loss: 0.891520, L1(Flow): 0.822935, Reg: 0.068585
Iter 60 of 338 Loss: 0.870643, L1(Flow): 0.808854, Reg: 0.061789
Iter 70 of 338 Loss: 0.910528, L1(Flow): 0.839277, Reg: 0.071252
Iter 80 of 338 Loss: 0.833850, L1(Flow): 0.771049, Reg: 0.062801
Iter 90 of 338 Loss: 0.909708, L1(Flow): 0.835585, Reg: 0.074123
Iter 100 of 338 Loss: 0.884994, L1(Flow): 0.818989, Reg: 0.066005
Iter 110 of 338 Loss: 0.853097, L1(Flow): 0.791625, Reg: 0.061472
Iter 120 of 338 Loss: 0.909508, L1(Flow): 0.837510, Reg: 0.071998
Iter 130 of 338 Loss: 0.848817, L1(Flow): 0.784947, Reg: 0.063870
Iter 140 of 338 Loss: 0.894425, L1(Flow): 0.828303, Reg: 0.066122
Iter 150 of 338 Loss: 0.883534, L1(Flow): 0.814128, Reg: 0.069406
Iter 160 of 338 Loss: 0.830884, L1(Flow): 0.769907, Reg: 0.060977
Iter 170 of 338 Loss: 0.878374, L1(Flow): 0.810322, Reg: 0.068052
Iter 180 of 338 Loss: 0.913983, L1(Flow): 0.842858, Reg: 0.071125
Iter 190 of 338 Loss: 0.837529, L1(Flow): 0.773945, Reg: 0.063583
Iter 200 of 338 Loss: 0.877302, L1(Flow): 0.811255, Reg: 0.066047
Iter 210 of 338 Loss: 0.913584, L1(Flow): 0.840311, Reg: 0.073273
Iter 220 of 338 Loss: 0.963572, L1(Flow): 0.888336, Reg: 0.075236
Iter 230 of 338 Loss: 0.919800, L1(Flow): 0.851793, Reg: 0.068007
Iter 240 of 338 Loss: 0.894143, L1(Flow): 0.822485, Reg: 0.071659
Iter 250 of 338 Loss: 0.916085, L1(Flow): 0.845995, Reg: 0.070090
Iter 260 of 338 Loss: 0.931979, L1(Flow): 0.857871, Reg: 0.074108
Iter 270 of 338 Loss: 0.906115, L1(Flow): 0.838378, Reg: 0.067737
Iter 280 of 338 Loss: 0.906048, L1(Flow): 0.838569, Reg: 0.067479
Iter 290 of 338 Loss: 0.924565, L1(Flow): 0.855819, Reg: 0.068747
Iter 300 of 338 Loss: 0.943705, L1(Flow): 0.873716, Reg: 0.069988
Iter 310 of 338 Loss: 0.902586, L1(Flow): 0.837978, Reg: 0.064608
Iter 320 of 338 Loss: 0.902224, L1(Flow): 0.829276, Reg: 0.072947
Iter 330 of 338 Loss: 0.944797, L1(Flow): 0.875793, Reg: 0.069004
Epoch 160 Loss: 0.891717
Epoch 160 Validation: Mean EPE: 2.8057, Mean SSIM: 0.3948, Mean ZNCC: 0.6449
Epoch 161 starts
Iter 10 of 338 Loss: 0.888664, L1(Flow): 0.822682, Reg: 0.065982
Iter 20 of 338 Loss: 0.855596, L1(Flow): 0.792883, Reg: 0.062712
Iter 30 of 338 Loss: 0.882760, L1(Flow): 0.822393, Reg: 0.060367
Iter 40 of 338 Loss: 0.872382, L1(Flow): 0.808386, Reg: 0.063996
Iter 50 of 338 Loss: 0.875468, L1(Flow): 0.813194, Reg: 0.062274
Iter 60 of 338 Loss: 0.885121, L1(Flow): 0.826124, Reg: 0.058998
Iter 70 of 338 Loss: 0.933820, L1(Flow): 0.865288, Reg: 0.068531
Iter 80 of 338 Loss: 0.882437, L1(Flow): 0.815448, Reg: 0.066989
Iter 90 of 338 Loss: 0.862716, L1(Flow): 0.797632, Reg: 0.065085
Iter 100 of 338 Loss: 0.878385, L1(Flow): 0.809718, Reg: 0.068667
Iter 110 of 338 Loss: 0.877752, L1(Flow): 0.810884, Reg: 0.066868
Iter 120 of 338 Loss: 0.869973, L1(Flow): 0.807279, Reg: 0.062694
Iter 130 of 338 Loss: 0.906148, L1(Flow): 0.829693, Reg: 0.076455
Iter 140 of 338 Loss: 0.898112, L1(Flow): 0.839677, Reg: 0.058434
Iter 150 of 338 Loss: 0.866539, L1(Flow): 0.801499, Reg: 0.065041
Iter 160 of 338 Loss: 0.878624, L1(Flow): 0.811586, Reg: 0.067039
Iter 170 of 338 Loss: 0.819270, L1(Flow): 0.758755, Reg: 0.060515
Iter 180 of 338 Loss: 0.890228, L1(Flow): 0.821477, Reg: 0.068751
Iter 190 of 338 Loss: 0.911185, L1(Flow): 0.841437, Reg: 0.069748
Iter 200 of 338 Loss: 0.875505, L1(Flow): 0.806862, Reg: 0.068643
Iter 210 of 338 Loss: 0.907425, L1(Flow): 0.833231, Reg: 0.074193
Iter 220 of 338 Loss: 0.914344, L1(Flow): 0.846322, Reg: 0.068023
Iter 230 of 338 Loss: 0.871513, L1(Flow): 0.805103, Reg: 0.066410
Iter 240 of 338 Loss: 0.908132, L1(Flow): 0.839998, Reg: 0.068135
Iter 250 of 338 Loss: 0.903734, L1(Flow): 0.836632, Reg: 0.067102
Iter 260 of 338 Loss: 0.908592, L1(Flow): 0.833684, Reg: 0.074908
Iter 270 of 338 Loss: 0.899881, L1(Flow): 0.833528, Reg: 0.066353
Iter 280 of 338 Loss: 0.876795, L1(Flow): 0.810657, Reg: 0.066138
Iter 290 of 338 Loss: 0.863010, L1(Flow): 0.798341, Reg: 0.064668
Iter 300 of 338 Loss: 0.907153, L1(Flow): 0.830828, Reg: 0.076325
Iter 310 of 338 Loss: 0.821414, L1(Flow): 0.763266, Reg: 0.058147
Iter 320 of 338 Loss: 0.868649, L1(Flow): 0.800499, Reg: 0.068149
Iter 330 of 338 Loss: 0.876087, L1(Flow): 0.815927, Reg: 0.060160
Epoch 161 Loss: 0.886901
Epoch 161 Validation: Mean EPE: 2.7919, Mean SSIM: 0.3959, Mean ZNCC: 0.6456
Epoch 162 starts
Iter 10 of 338 Loss: 0.877511, L1(Flow): 0.809578, Reg: 0.067933
Iter 20 of 338 Loss: 0.848731, L1(Flow): 0.784782, Reg: 0.063948
Iter 30 of 338 Loss: 0.921879, L1(Flow): 0.852054, Reg: 0.069825
Iter 40 of 338 Loss: 0.887090, L1(Flow): 0.818470, Reg: 0.068620
Iter 50 of 338 Loss: 0.888906, L1(Flow): 0.822059, Reg: 0.066848
Iter 60 of 338 Loss: 0.905926, L1(Flow): 0.843669, Reg: 0.062257
Iter 70 of 338 Loss: 0.888270, L1(Flow): 0.816630, Reg: 0.071640
Iter 80 of 338 Loss: 0.892910, L1(Flow): 0.825171, Reg: 0.067739
Iter 90 of 338 Loss: 0.857073, L1(Flow): 0.789797, Reg: 0.067276
Iter 100 of 338 Loss: 0.921460, L1(Flow): 0.855821, Reg: 0.065639
Iter 110 of 338 Loss: 0.935003, L1(Flow): 0.870777, Reg: 0.064226
Iter 120 of 338 Loss: 0.924103, L1(Flow): 0.851166, Reg: 0.072937
Iter 130 of 338 Loss: 0.882882, L1(Flow): 0.823382, Reg: 0.059499
Iter 140 of 338 Loss: 0.902592, L1(Flow): 0.831237, Reg: 0.071355
Iter 150 of 338 Loss: 0.830430, L1(Flow): 0.774540, Reg: 0.055890
Iter 160 of 338 Loss: 0.904513, L1(Flow): 0.836597, Reg: 0.067916
Iter 170 of 338 Loss: 0.847923, L1(Flow): 0.790063, Reg: 0.057860
Iter 180 of 338 Loss: 0.914628, L1(Flow): 0.848728, Reg: 0.065899
Iter 190 of 338 Loss: 0.906678, L1(Flow): 0.837287, Reg: 0.069390
Iter 200 of 338 Loss: 0.896643, L1(Flow): 0.832579, Reg: 0.064064
Iter 210 of 338 Loss: 0.894883, L1(Flow): 0.822049, Reg: 0.072833
Iter 220 of 338 Loss: 0.904131, L1(Flow): 0.833333, Reg: 0.070798
Iter 230 of 338 Loss: 0.886367, L1(Flow): 0.819814, Reg: 0.066553
Iter 240 of 338 Loss: 0.869625, L1(Flow): 0.803020, Reg: 0.066605
Iter 250 of 338 Loss: 0.813474, L1(Flow): 0.754560, Reg: 0.058913
Iter 260 of 338 Loss: 0.928492, L1(Flow): 0.856486, Reg: 0.072006
Iter 270 of 338 Loss: 0.847237, L1(Flow): 0.780433, Reg: 0.066804
Iter 280 of 338 Loss: 0.866108, L1(Flow): 0.801370, Reg: 0.064738
Iter 290 of 338 Loss: 0.872017, L1(Flow): 0.808297, Reg: 0.063720
Iter 300 of 338 Loss: 0.866817, L1(Flow): 0.800928, Reg: 0.065889
Iter 310 of 338 Loss: 0.890383, L1(Flow): 0.826484, Reg: 0.063899
Iter 320 of 338 Loss: 0.870411, L1(Flow): 0.810931, Reg: 0.059480
Iter 330 of 338 Loss: 0.913998, L1(Flow): 0.843999, Reg: 0.069999
Epoch 162 Loss: 0.882857
Epoch 162 Validation: Mean EPE: 2.8195, Mean SSIM: 0.3955, Mean ZNCC: 0.6450
Epoch 163 starts
Iter 10 of 338 Loss: 0.887288, L1(Flow): 0.818821, Reg: 0.068467
Iter 20 of 338 Loss: 0.840584, L1(Flow): 0.776719, Reg: 0.063866
Iter 30 of 338 Loss: 0.816363, L1(Flow): 0.754172, Reg: 0.062190
Iter 40 of 338 Loss: 0.904000, L1(Flow): 0.832335, Reg: 0.071665
Iter 50 of 338 Loss: 0.911380, L1(Flow): 0.836682, Reg: 0.074698
Iter 60 of 338 Loss: 0.876468, L1(Flow): 0.812943, Reg: 0.063526
Iter 70 of 338 Loss: 0.885403, L1(Flow): 0.820836, Reg: 0.064568
Iter 80 of 338 Loss: 0.836418, L1(Flow): 0.772991, Reg: 0.063426
Iter 90 of 338 Loss: 0.879293, L1(Flow): 0.811952, Reg: 0.067342
Iter 100 of 338 Loss: 0.872157, L1(Flow): 0.808609, Reg: 0.063548
Iter 110 of 338 Loss: 0.900797, L1(Flow): 0.831814, Reg: 0.068983
Iter 120 of 338 Loss: 0.796716, L1(Flow): 0.740394, Reg: 0.056322
Iter 130 of 338 Loss: 0.860411, L1(Flow): 0.795535, Reg: 0.064875
Iter 140 of 338 Loss: 0.868434, L1(Flow): 0.799092, Reg: 0.069342
Iter 150 of 338 Loss: 0.869516, L1(Flow): 0.808043, Reg: 0.061473
Iter 160 of 338 Loss: 0.866571, L1(Flow): 0.803004, Reg: 0.063566
Iter 170 of 338 Loss: 0.878119, L1(Flow): 0.813832, Reg: 0.064287
Iter 180 of 338 Loss: 0.883832, L1(Flow): 0.815406, Reg: 0.068426
Iter 190 of 338 Loss: 0.870594, L1(Flow): 0.805027, Reg: 0.065567
Iter 200 of 338 Loss: 0.849158, L1(Flow): 0.790200, Reg: 0.058958
Iter 210 of 338 Loss: 0.843361, L1(Flow): 0.784328, Reg: 0.059032
Iter 220 of 338 Loss: 0.902377, L1(Flow): 0.839474, Reg: 0.062902
Iter 230 of 338 Loss: 0.855953, L1(Flow): 0.793427, Reg: 0.062526
Iter 240 of 338 Loss: 0.911731, L1(Flow): 0.842208, Reg: 0.069522
Iter 250 of 338 Loss: 0.857898, L1(Flow): 0.792221, Reg: 0.065677
Iter 260 of 338 Loss: 0.832440, L1(Flow): 0.772974, Reg: 0.059466
Iter 270 of 338 Loss: 0.883982, L1(Flow): 0.813797, Reg: 0.070186
Iter 280 of 338 Loss: 0.925156, L1(Flow): 0.855642, Reg: 0.069514
Iter 290 of 338 Loss: 0.890441, L1(Flow): 0.828651, Reg: 0.061790
Iter 300 of 338 Loss: 0.879627, L1(Flow): 0.818075, Reg: 0.061553
Iter 310 of 338 Loss: 0.879140, L1(Flow): 0.813905, Reg: 0.065236
Iter 320 of 338 Loss: 0.914191, L1(Flow): 0.844720, Reg: 0.069471
Iter 330 of 338 Loss: 0.913221, L1(Flow): 0.845009, Reg: 0.068212
Epoch 163 Loss: 0.880933
Epoch 163 Validation: Mean EPE: 2.7888, Mean SSIM: 0.3963, Mean ZNCC: 0.6454
Epoch 164 starts
Iter 10 of 338 Loss: 0.905727, L1(Flow): 0.834082, Reg: 0.071645
Iter 20 of 338 Loss: 0.915565, L1(Flow): 0.844933, Reg: 0.070632
Iter 30 of 338 Loss: 0.838725, L1(Flow): 0.776801, Reg: 0.061924
Iter 40 of 338 Loss: 0.885736, L1(Flow): 0.820988, Reg: 0.064748
Iter 50 of 338 Loss: 0.879018, L1(Flow): 0.811554, Reg: 0.067464
Iter 60 of 338 Loss: 0.948038, L1(Flow): 0.869085, Reg: 0.078954
Iter 70 of 338 Loss: 0.869744, L1(Flow): 0.802963, Reg: 0.066781
Iter 80 of 338 Loss: 0.884510, L1(Flow): 0.817949, Reg: 0.066561
Iter 90 of 338 Loss: 0.843090, L1(Flow): 0.784657, Reg: 0.058433
Iter 100 of 338 Loss: 0.868203, L1(Flow): 0.804088, Reg: 0.064115
Iter 110 of 338 Loss: 0.851797, L1(Flow): 0.783650, Reg: 0.068147
Iter 120 of 338 Loss: 0.905351, L1(Flow): 0.836020, Reg: 0.069331
Iter 130 of 338 Loss: 0.906875, L1(Flow): 0.839930, Reg: 0.066945
Iter 140 of 338 Loss: 0.867871, L1(Flow): 0.798058, Reg: 0.069813
Iter 150 of 338 Loss: 0.870199, L1(Flow): 0.805154, Reg: 0.065046
Iter 160 of 338 Loss: 0.887800, L1(Flow): 0.823283, Reg: 0.064517
Iter 170 of 338 Loss: 0.841607, L1(Flow): 0.772170, Reg: 0.069436
Iter 180 of 338 Loss: 0.888296, L1(Flow): 0.821768, Reg: 0.066528
Iter 190 of 338 Loss: 0.887535, L1(Flow): 0.821304, Reg: 0.066231
Iter 200 of 338 Loss: 0.893111, L1(Flow): 0.817515, Reg: 0.075596
Iter 210 of 338 Loss: 0.897654, L1(Flow): 0.830546, Reg: 0.067108
Iter 220 of 338 Loss: 0.888210, L1(Flow): 0.822553, Reg: 0.065657
Iter 230 of 338 Loss: 0.838853, L1(Flow): 0.782309, Reg: 0.056543
Iter 240 of 338 Loss: 0.888227, L1(Flow): 0.821256, Reg: 0.066971
Iter 250 of 338 Loss: 0.878569, L1(Flow): 0.813048, Reg: 0.065521
Iter 260 of 338 Loss: 0.844260, L1(Flow): 0.779105, Reg: 0.065155
Iter 270 of 338 Loss: 0.841898, L1(Flow): 0.777086, Reg: 0.064813
Iter 280 of 338 Loss: 0.962187, L1(Flow): 0.884118, Reg: 0.078068
Iter 290 of 338 Loss: 0.889847, L1(Flow): 0.826253, Reg: 0.063594
Iter 300 of 338 Loss: 0.896553, L1(Flow): 0.826784, Reg: 0.069769
Iter 310 of 338 Loss: 0.876500, L1(Flow): 0.812557, Reg: 0.063943
Iter 320 of 338 Loss: 0.879424, L1(Flow): 0.807571, Reg: 0.071853
Iter 330 of 338 Loss: 0.846261, L1(Flow): 0.782338, Reg: 0.063923
Epoch 164 Loss: 0.875868
Epoch 164 Validation: Mean EPE: 2.7796, Mean SSIM: 0.3968, Mean ZNCC: 0.6457
--> Saved to Top 5 best models (EPE: 2.7796)
--> New absolute BEST model updated with EPE: 2.7796
Epoch 165 starts
Iter 10 of 338 Loss: 0.892576, L1(Flow): 0.828271, Reg: 0.064305
Iter 20 of 338 Loss: 0.874580, L1(Flow): 0.806363, Reg: 0.068217
Iter 30 of 338 Loss: 0.883430, L1(Flow): 0.815963, Reg: 0.067468
Iter 40 of 338 Loss: 0.850793, L1(Flow): 0.785467, Reg: 0.065326
Iter 50 of 338 Loss: 0.847539, L1(Flow): 0.783710, Reg: 0.063829
Iter 60 of 338 Loss: 0.843479, L1(Flow): 0.778993, Reg: 0.064485
Iter 70 of 338 Loss: 0.854298, L1(Flow): 0.786154, Reg: 0.068144
Iter 80 of 338 Loss: 0.893966, L1(Flow): 0.824299, Reg: 0.069667
Iter 90 of 338 Loss: 0.866074, L1(Flow): 0.804392, Reg: 0.061682
Iter 100 of 338 Loss: 0.852666, L1(Flow): 0.792565, Reg: 0.060100
Iter 110 of 338 Loss: 0.866956, L1(Flow): 0.805241, Reg: 0.061715
Iter 120 of 338 Loss: 0.839281, L1(Flow): 0.780330, Reg: 0.058950
Iter 130 of 338 Loss: 0.858855, L1(Flow): 0.795667, Reg: 0.063188
Iter 140 of 338 Loss: 0.916150, L1(Flow): 0.847504, Reg: 0.068646
Iter 150 of 338 Loss: 0.923573, L1(Flow): 0.850909, Reg: 0.072664
Iter 160 of 338 Loss: 0.821599, L1(Flow): 0.757488, Reg: 0.064111
Iter 170 of 338 Loss: 0.846133, L1(Flow): 0.783924, Reg: 0.062209
Iter 180 of 338 Loss: 0.877523, L1(Flow): 0.810224, Reg: 0.067299
Iter 190 of 338 Loss: 0.897094, L1(Flow): 0.827333, Reg: 0.069762
Iter 200 of 338 Loss: 0.857377, L1(Flow): 0.796108, Reg: 0.061269
Iter 210 of 338 Loss: 0.879215, L1(Flow): 0.809679, Reg: 0.069536
Iter 220 of 338 Loss: 0.867067, L1(Flow): 0.805485, Reg: 0.061582
Iter 230 of 338 Loss: 0.929487, L1(Flow): 0.861979, Reg: 0.067508
Iter 240 of 338 Loss: 0.920502, L1(Flow): 0.851151, Reg: 0.069351
Iter 250 of 338 Loss: 0.811660, L1(Flow): 0.747031, Reg: 0.064628
Iter 260 of 338 Loss: 0.906329, L1(Flow): 0.836223, Reg: 0.070107
Iter 270 of 338 Loss: 0.880936, L1(Flow): 0.813383, Reg: 0.067552
Iter 280 of 338 Loss: 0.844178, L1(Flow): 0.781677, Reg: 0.062501
Iter 290 of 338 Loss: 0.860465, L1(Flow): 0.787819, Reg: 0.072646
Iter 300 of 338 Loss: 0.848951, L1(Flow): 0.780100, Reg: 0.068851
Iter 310 of 338 Loss: 0.853552, L1(Flow): 0.791287, Reg: 0.062264
Iter 320 of 338 Loss: 0.862496, L1(Flow): 0.794788, Reg: 0.067708
Iter 330 of 338 Loss: 0.871940, L1(Flow): 0.803604, Reg: 0.068337
Epoch 165 Loss: 0.870293
Epoch 165 Validation: Mean EPE: 2.7862, Mean SSIM: 0.3958, Mean ZNCC: 0.6451
--> Saved to Top 5 best models (EPE: 2.7862)
Epoch 166 starts
Iter 10 of 338 Loss: 0.859772, L1(Flow): 0.792989, Reg: 0.066783
Iter 20 of 338 Loss: 0.889236, L1(Flow): 0.823688, Reg: 0.065548
Iter 30 of 338 Loss: 0.880474, L1(Flow): 0.814720, Reg: 0.065754
Iter 40 of 338 Loss: 0.812811, L1(Flow): 0.750917, Reg: 0.061894
Iter 50 of 338 Loss: 0.878377, L1(Flow): 0.808299, Reg: 0.070079
Iter 60 of 338 Loss: 0.864252, L1(Flow): 0.800272, Reg: 0.063980
Iter 70 of 338 Loss: 0.902932, L1(Flow): 0.832286, Reg: 0.070646
Iter 80 of 338 Loss: 0.912473, L1(Flow): 0.844595, Reg: 0.067878
Iter 90 of 338 Loss: 0.869210, L1(Flow): 0.802687, Reg: 0.066523
Iter 100 of 338 Loss: 0.826677, L1(Flow): 0.770668, Reg: 0.056009
Iter 110 of 338 Loss: 0.874922, L1(Flow): 0.807834, Reg: 0.067088
Iter 120 of 338 Loss: 0.837833, L1(Flow): 0.776941, Reg: 0.060892
Iter 130 of 338 Loss: 0.844622, L1(Flow): 0.776695, Reg: 0.067926
Iter 140 of 338 Loss: 0.882053, L1(Flow): 0.816657, Reg: 0.065396
Iter 150 of 338 Loss: 0.877717, L1(Flow): 0.810047, Reg: 0.067670
Iter 160 of 338 Loss: 0.854382, L1(Flow): 0.788284, Reg: 0.066098
Iter 170 of 338 Loss: 0.804254, L1(Flow): 0.740455, Reg: 0.063799
Iter 180 of 338 Loss: 0.908832, L1(Flow): 0.838925, Reg: 0.069907
Iter 190 of 338 Loss: 0.887286, L1(Flow): 0.819944, Reg: 0.067342
Iter 200 of 338 Loss: 0.906872, L1(Flow): 0.834934, Reg: 0.071938
Iter 210 of 338 Loss: 0.888944, L1(Flow): 0.820947, Reg: 0.067997
Iter 220 of 338 Loss: 0.877310, L1(Flow): 0.811717, Reg: 0.065593
Iter 230 of 338 Loss: 0.810380, L1(Flow): 0.754607, Reg: 0.055773
Iter 240 of 338 Loss: 0.872161, L1(Flow): 0.806757, Reg: 0.065404
Iter 250 of 338 Loss: 0.808829, L1(Flow): 0.748535, Reg: 0.060294
Iter 260 of 338 Loss: 0.857573, L1(Flow): 0.793108, Reg: 0.064465
Iter 270 of 338 Loss: 0.852784, L1(Flow): 0.790690, Reg: 0.062093
Iter 280 of 338 Loss: 0.933026, L1(Flow): 0.859716, Reg: 0.073310
Iter 290 of 338 Loss: 0.920975, L1(Flow): 0.848170, Reg: 0.072805
Iter 300 of 338 Loss: 0.911899, L1(Flow): 0.844336, Reg: 0.067564
Iter 310 of 338 Loss: 0.851325, L1(Flow): 0.785171, Reg: 0.066154
Iter 320 of 338 Loss: 0.852211, L1(Flow): 0.785323, Reg: 0.066887
Iter 330 of 338 Loss: 0.856411, L1(Flow): 0.793627, Reg: 0.062784
Epoch 166 Loss: 0.876206
Epoch 166 Validation: Mean EPE: 2.8049, Mean SSIM: 0.3951, Mean ZNCC: 0.6452
Epoch 167 starts
Iter 10 of 338 Loss: 0.857432, L1(Flow): 0.794332, Reg: 0.063100
Iter 20 of 338 Loss: 0.885525, L1(Flow): 0.818527, Reg: 0.066998
Iter 30 of 338 Loss: 0.880975, L1(Flow): 0.815749, Reg: 0.065226
Iter 40 of 338 Loss: 0.945311, L1(Flow): 0.879255, Reg: 0.066056
Iter 50 of 338 Loss: 0.877860, L1(Flow): 0.814264, Reg: 0.063596
Iter 60 of 338 Loss: 0.925996, L1(Flow): 0.854552, Reg: 0.071444
Iter 70 of 338 Loss: 0.891624, L1(Flow): 0.823234, Reg: 0.068389
Iter 80 of 338 Loss: 0.896870, L1(Flow): 0.828957, Reg: 0.067913
Iter 90 of 338 Loss: 0.912933, L1(Flow): 0.836314, Reg: 0.076618
Iter 100 of 338 Loss: 0.850112, L1(Flow): 0.785816, Reg: 0.064296
Iter 110 of 338 Loss: 0.923343, L1(Flow): 0.857823, Reg: 0.065520
Iter 120 of 338 Loss: 0.856824, L1(Flow): 0.794583, Reg: 0.062241
Iter 130 of 338 Loss: 0.899188, L1(Flow): 0.825109, Reg: 0.074080
Iter 140 of 338 Loss: 0.851311, L1(Flow): 0.787894, Reg: 0.063417
Iter 150 of 338 Loss: 0.876260, L1(Flow): 0.807171, Reg: 0.069089
Iter 160 of 338 Loss: 0.835992, L1(Flow): 0.777425, Reg: 0.058567
Iter 170 of 338 Loss: 0.838404, L1(Flow): 0.776961, Reg: 0.061442
Iter 180 of 338 Loss: 0.873023, L1(Flow): 0.807582, Reg: 0.065440
Iter 190 of 338 Loss: 0.853858, L1(Flow): 0.783964, Reg: 0.069894
Iter 200 of 338 Loss: 0.836285, L1(Flow): 0.776979, Reg: 0.059306
Iter 210 of 338 Loss: 0.903161, L1(Flow): 0.831652, Reg: 0.071509
Iter 220 of 338 Loss: 0.907132, L1(Flow): 0.837497, Reg: 0.069635
Iter 230 of 338 Loss: 0.926226, L1(Flow): 0.849067, Reg: 0.077159
Iter 240 of 338 Loss: 0.892477, L1(Flow): 0.819514, Reg: 0.072963
Iter 250 of 338 Loss: 0.896186, L1(Flow): 0.828396, Reg: 0.067790
Iter 260 of 338 Loss: 0.920356, L1(Flow): 0.848100, Reg: 0.072256
Iter 270 of 338 Loss: 0.873121, L1(Flow): 0.806135, Reg: 0.066986
Iter 280 of 338 Loss: 0.836176, L1(Flow): 0.774401, Reg: 0.061776
Iter 290 of 338 Loss: 0.819504, L1(Flow): 0.757337, Reg: 0.062167
Iter 300 of 338 Loss: 0.893383, L1(Flow): 0.818326, Reg: 0.075057
Iter 310 of 338 Loss: 0.872457, L1(Flow): 0.807241, Reg: 0.065216
Iter 320 of 338 Loss: 0.864075, L1(Flow): 0.801721, Reg: 0.062355
Iter 330 of 338 Loss: 0.902303, L1(Flow): 0.832260, Reg: 0.070043
Epoch 167 Loss: 0.872440
Epoch 167 Validation: Mean EPE: 2.7867, Mean SSIM: 0.3963, Mean ZNCC: 0.6454
--> Saved to Top 5 best models (EPE: 2.7867)
Epoch 168 starts
Iter 10 of 338 Loss: 0.844816, L1(Flow): 0.780399, Reg: 0.064417
Iter 20 of 338 Loss: 0.885712, L1(Flow): 0.820536, Reg: 0.065177
Iter 30 of 338 Loss: 0.857322, L1(Flow): 0.794733, Reg: 0.062589
Iter 40 of 338 Loss: 0.863224, L1(Flow): 0.801144, Reg: 0.062081
Iter 50 of 338 Loss: 0.873268, L1(Flow): 0.804240, Reg: 0.069028
Iter 60 of 338 Loss: 0.857792, L1(Flow): 0.788154, Reg: 0.069638
Iter 70 of 338 Loss: 0.871763, L1(Flow): 0.803703, Reg: 0.068060
Iter 80 of 338 Loss: 0.836601, L1(Flow): 0.773868, Reg: 0.062733
Iter 90 of 338 Loss: 0.852380, L1(Flow): 0.788817, Reg: 0.063562
Iter 100 of 338 Loss: 0.924739, L1(Flow): 0.856015, Reg: 0.068724
Iter 110 of 338 Loss: 0.885778, L1(Flow): 0.810318, Reg: 0.075461
Iter 120 of 338 Loss: 0.893276, L1(Flow): 0.824510, Reg: 0.068766
Iter 130 of 338 Loss: 0.813232, L1(Flow): 0.748094, Reg: 0.065138
Iter 140 of 338 Loss: 0.875996, L1(Flow): 0.807638, Reg: 0.068358
Iter 150 of 338 Loss: 0.882154, L1(Flow): 0.816313, Reg: 0.065841
Iter 160 of 338 Loss: 0.826968, L1(Flow): 0.767753, Reg: 0.059215
Iter 170 of 338 Loss: 0.857247, L1(Flow): 0.792023, Reg: 0.065225
Iter 180 of 338 Loss: 0.864020, L1(Flow): 0.793155, Reg: 0.070865
Iter 190 of 338 Loss: 0.866169, L1(Flow): 0.797978, Reg: 0.068191
Iter 200 of 338 Loss: 0.847657, L1(Flow): 0.786988, Reg: 0.060668
Iter 210 of 338 Loss: 0.938547, L1(Flow): 0.862563, Reg: 0.075983
Iter 220 of 338 Loss: 0.831477, L1(Flow): 0.766828, Reg: 0.064649
Iter 230 of 338 Loss: 0.837699, L1(Flow): 0.777512, Reg: 0.060187
Iter 240 of 338 Loss: 0.835753, L1(Flow): 0.774754, Reg: 0.060999
Iter 250 of 338 Loss: 0.919521, L1(Flow): 0.845737, Reg: 0.073784
Iter 260 of 338 Loss: 0.902482, L1(Flow): 0.833978, Reg: 0.068505
Iter 270 of 338 Loss: 0.901412, L1(Flow): 0.831649, Reg: 0.069763
Iter 280 of 338 Loss: 0.876131, L1(Flow): 0.803679, Reg: 0.072451
Iter 290 of 338 Loss: 0.873637, L1(Flow): 0.809773, Reg: 0.063864
Iter 300 of 338 Loss: 0.917315, L1(Flow): 0.851847, Reg: 0.065468
Iter 310 of 338 Loss: 0.852429, L1(Flow): 0.787477, Reg: 0.064952
Iter 320 of 338 Loss: 0.853558, L1(Flow): 0.787719, Reg: 0.065839
Iter 330 of 338 Loss: 0.865844, L1(Flow): 0.797708, Reg: 0.068136
Epoch 168 Loss: 0.866960
Epoch 168 Validation: Mean EPE: 2.7963, Mean SSIM: 0.3959, Mean ZNCC: 0.6453
Epoch 169 starts
Iter 10 of 338 Loss: 0.878627, L1(Flow): 0.809614, Reg: 0.069013
Iter 20 of 338 Loss: 0.864667, L1(Flow): 0.795642, Reg: 0.069025
Iter 30 of 338 Loss: 0.899852, L1(Flow): 0.831659, Reg: 0.068193
Iter 40 of 338 Loss: 0.837810, L1(Flow): 0.770677, Reg: 0.067133
Iter 50 of 338 Loss: 0.849605, L1(Flow): 0.780734, Reg: 0.068871
Iter 60 of 338 Loss: 0.890243, L1(Flow): 0.823461, Reg: 0.066782
Iter 70 of 338 Loss: 0.864402, L1(Flow): 0.799800, Reg: 0.064602
Iter 80 of 338 Loss: 0.801493, L1(Flow): 0.745745, Reg: 0.055749
Iter 90 of 338 Loss: 0.855097, L1(Flow): 0.783777, Reg: 0.071320
Iter 100 of 338 Loss: 0.878468, L1(Flow): 0.809004, Reg: 0.069464
Iter 110 of 338 Loss: 0.866361, L1(Flow): 0.802622, Reg: 0.063740
Iter 120 of 338 Loss: 0.863803, L1(Flow): 0.797092, Reg: 0.066711
Iter 130 of 338 Loss: 0.880584, L1(Flow): 0.815776, Reg: 0.064808
Iter 140 of 338 Loss: 0.854495, L1(Flow): 0.787004, Reg: 0.067491
Iter 150 of 338 Loss: 0.837512, L1(Flow): 0.772956, Reg: 0.064556
Iter 160 of 338 Loss: 0.858206, L1(Flow): 0.792712, Reg: 0.065494
Iter 170 of 338 Loss: 0.830874, L1(Flow): 0.768362, Reg: 0.062512
Iter 180 of 338 Loss: 0.847754, L1(Flow): 0.781123, Reg: 0.066631
Iter 190 of 338 Loss: 0.839672, L1(Flow): 0.775558, Reg: 0.064114
Iter 200 of 338 Loss: 0.834437, L1(Flow): 0.769826, Reg: 0.064611
Iter 210 of 338 Loss: 0.930472, L1(Flow): 0.852189, Reg: 0.078283
Iter 220 of 338 Loss: 0.824270, L1(Flow): 0.761694, Reg: 0.062577
Iter 230 of 338 Loss: 0.862780, L1(Flow): 0.797588, Reg: 0.065192
Iter 240 of 338 Loss: 0.879801, L1(Flow): 0.812385, Reg: 0.067416
Iter 250 of 338 Loss: 0.871322, L1(Flow): 0.801648, Reg: 0.069674
Iter 260 of 338 Loss: 0.984239, L1(Flow): 0.909706, Reg: 0.074533
Iter 270 of 338 Loss: 0.800318, L1(Flow): 0.740684, Reg: 0.059634
Iter 280 of 338 Loss: 0.845021, L1(Flow): 0.782823, Reg: 0.062198
Iter 290 of 338 Loss: 0.857506, L1(Flow): 0.794214, Reg: 0.063292
Iter 300 of 338 Loss: 0.889491, L1(Flow): 0.815990, Reg: 0.073501
Iter 310 of 338 Loss: 0.871351, L1(Flow): 0.807737, Reg: 0.063614
Iter 320 of 338 Loss: 0.870923, L1(Flow): 0.802298, Reg: 0.068625
Iter 330 of 338 Loss: 0.871835, L1(Flow): 0.804295, Reg: 0.067539
Epoch 169 Loss: 0.865079
Epoch 169 Validation: Mean EPE: 2.7854, Mean SSIM: 0.3965, Mean ZNCC: 0.6455
--> Saved to Top 5 best models (EPE: 2.7854)
Epoch 170 starts
Iter 10 of 338 Loss: 0.825789, L1(Flow): 0.770795, Reg: 0.054994
Iter 20 of 338 Loss: 0.827858, L1(Flow): 0.762546, Reg: 0.065312
Iter 30 of 338 Loss: 0.877037, L1(Flow): 0.810263, Reg: 0.066774
Iter 40 of 338 Loss: 0.797564, L1(Flow): 0.736490, Reg: 0.061074
Iter 50 of 338 Loss: 0.858684, L1(Flow): 0.795960, Reg: 0.062724
Iter 60 of 338 Loss: 0.891939, L1(Flow): 0.822833, Reg: 0.069106
Iter 70 of 338 Loss: 0.929611, L1(Flow): 0.859183, Reg: 0.070427
Iter 80 of 338 Loss: 0.844286, L1(Flow): 0.786005, Reg: 0.058282
Iter 90 of 338 Loss: 0.969555, L1(Flow): 0.896266, Reg: 0.073290
Iter 100 of 338 Loss: 0.864996, L1(Flow): 0.798503, Reg: 0.066494
Iter 110 of 338 Loss: 0.915412, L1(Flow): 0.844555, Reg: 0.070857
Iter 120 of 338 Loss: 0.856658, L1(Flow): 0.792150, Reg: 0.064508
Iter 130 of 338 Loss: 0.824477, L1(Flow): 0.760329, Reg: 0.064147
Iter 140 of 338 Loss: 0.842277, L1(Flow): 0.780440, Reg: 0.061837
Iter 150 of 338 Loss: 0.890326, L1(Flow): 0.825541, Reg: 0.064785
Iter 160 of 338 Loss: 0.913601, L1(Flow): 0.838002, Reg: 0.075599
Iter 170 of 338 Loss: 0.880171, L1(Flow): 0.815395, Reg: 0.064776
Iter 180 of 338 Loss: 0.918893, L1(Flow): 0.846225, Reg: 0.072667
Iter 190 of 338 Loss: 0.829389, L1(Flow): 0.766968, Reg: 0.062422
Iter 200 of 338 Loss: 0.831952, L1(Flow): 0.771178, Reg: 0.060774
Iter 210 of 338 Loss: 0.857714, L1(Flow): 0.794844, Reg: 0.062870
Iter 220 of 338 Loss: 0.842599, L1(Flow): 0.783098, Reg: 0.059501
Iter 230 of 338 Loss: 0.862884, L1(Flow): 0.795941, Reg: 0.066943
Iter 240 of 338 Loss: 0.844051, L1(Flow): 0.777567, Reg: 0.066483
Iter 250 of 338 Loss: 0.862567, L1(Flow): 0.801364, Reg: 0.061202
Iter 260 of 338 Loss: 0.903506, L1(Flow): 0.834957, Reg: 0.068549
Iter 270 of 338 Loss: 0.865569, L1(Flow): 0.799982, Reg: 0.065587
Iter 280 of 338 Loss: 0.894308, L1(Flow): 0.830666, Reg: 0.063642
Iter 290 of 338 Loss: 0.913286, L1(Flow): 0.846539, Reg: 0.066747
Iter 300 of 338 Loss: 0.881921, L1(Flow): 0.819512, Reg: 0.062409
Iter 310 of 338 Loss: 0.844821, L1(Flow): 0.781050, Reg: 0.063771
Iter 320 of 338 Loss: 0.891140, L1(Flow): 0.820345, Reg: 0.070795
Iter 330 of 338 Loss: 0.838993, L1(Flow): 0.773793, Reg: 0.065200
Epoch 170 Loss: 0.867797
Epoch 170 Validation: Mean EPE: 2.7831, Mean SSIM: 0.3968, Mean ZNCC: 0.6456
--> Saved to Top 5 best models (EPE: 2.7831)
Epoch 171 starts
Iter 10 of 338 Loss: 0.899307, L1(Flow): 0.832908, Reg: 0.066399
Iter 20 of 338 Loss: 0.821897, L1(Flow): 0.761082, Reg: 0.060814
Iter 30 of 338 Loss: 0.838112, L1(Flow): 0.773293, Reg: 0.064819
Iter 40 of 338 Loss: 0.869262, L1(Flow): 0.801450, Reg: 0.067812
Iter 50 of 338 Loss: 0.837523, L1(Flow): 0.774958, Reg: 0.062565
Iter 60 of 338 Loss: 0.871829, L1(Flow): 0.805883, Reg: 0.065946
Iter 70 of 338 Loss: 0.857291, L1(Flow): 0.792401, Reg: 0.064890
Iter 80 of 338 Loss: 0.854540, L1(Flow): 0.786338, Reg: 0.068202
Iter 90 of 338 Loss: 0.897459, L1(Flow): 0.831986, Reg: 0.065473
Iter 100 of 338 Loss: 0.843473, L1(Flow): 0.783048, Reg: 0.060425
Iter 110 of 338 Loss: 0.869617, L1(Flow): 0.800365, Reg: 0.069252
Iter 120 of 338 Loss: 0.868047, L1(Flow): 0.804017, Reg: 0.064030
Iter 130 of 338 Loss: 0.858922, L1(Flow): 0.791205, Reg: 0.067718
Iter 140 of 338 Loss: 0.860533, L1(Flow): 0.793325, Reg: 0.067208
Iter 150 of 338 Loss: 0.846417, L1(Flow): 0.780837, Reg: 0.065580
Iter 160 of 338 Loss: 0.843467, L1(Flow): 0.778908, Reg: 0.064559
Iter 170 of 338 Loss: 0.863529, L1(Flow): 0.793199, Reg: 0.070330
Iter 180 of 338 Loss: 0.874072, L1(Flow): 0.807621, Reg: 0.066452
Iter 190 of 338 Loss: 0.886486, L1(Flow): 0.819496, Reg: 0.066991
Iter 200 of 338 Loss: 0.867757, L1(Flow): 0.804449, Reg: 0.063308
Iter 210 of 338 Loss: 0.871774, L1(Flow): 0.802175, Reg: 0.069600
Iter 220 of 338 Loss: 0.924986, L1(Flow): 0.854244, Reg: 0.070743
Iter 230 of 338 Loss: 0.854504, L1(Flow): 0.787991, Reg: 0.066513
Iter 240 of 338 Loss: 0.841640, L1(Flow): 0.777995, Reg: 0.063645
Iter 250 of 338 Loss: 0.873812, L1(Flow): 0.805139, Reg: 0.068674
Iter 260 of 338 Loss: 0.863636, L1(Flow): 0.796717, Reg: 0.066919
Iter 270 of 338 Loss: 0.860124, L1(Flow): 0.791033, Reg: 0.069091
Iter 280 of 338 Loss: 0.885174, L1(Flow): 0.821188, Reg: 0.063986
Iter 290 of 338 Loss: 0.874453, L1(Flow): 0.812214, Reg: 0.062239
Iter 300 of 338 Loss: 0.853314, L1(Flow): 0.792705, Reg: 0.060609
Iter 310 of 338 Loss: 0.836264, L1(Flow): 0.768475, Reg: 0.067789
Iter 320 of 338 Loss: 0.832155, L1(Flow): 0.774065, Reg: 0.058091
Iter 330 of 338 Loss: 0.903304, L1(Flow): 0.834220, Reg: 0.069084
Epoch 171 Loss: 0.862080
Epoch 171 Validation: Mean EPE: 2.7787, Mean SSIM: 0.3966, Mean ZNCC: 0.6456
--> Saved to Top 5 best models (EPE: 2.7787)
--> New absolute BEST model updated with EPE: 2.7787
Epoch 172 starts
Iter 10 of 338 Loss: 0.866476, L1(Flow): 0.796855, Reg: 0.069621
Iter 20 of 338 Loss: 0.873329, L1(Flow): 0.808869, Reg: 0.064460
Iter 30 of 338 Loss: 0.825316, L1(Flow): 0.764508, Reg: 0.060809
Iter 40 of 338 Loss: 0.878343, L1(Flow): 0.807871, Reg: 0.070473
Iter 50 of 338 Loss: 0.837740, L1(Flow): 0.776497, Reg: 0.061243
Iter 60 of 338 Loss: 0.835619, L1(Flow): 0.769562, Reg: 0.066057
Iter 70 of 338 Loss: 0.861230, L1(Flow): 0.797325, Reg: 0.063905
Iter 80 of 338 Loss: 0.911879, L1(Flow): 0.840323, Reg: 0.071556
Iter 90 of 338 Loss: 0.805915, L1(Flow): 0.745998, Reg: 0.059917
Iter 100 of 338 Loss: 0.865689, L1(Flow): 0.795361, Reg: 0.070328
Iter 110 of 338 Loss: 0.887011, L1(Flow): 0.815933, Reg: 0.071078
Iter 120 of 338 Loss: 0.870031, L1(Flow): 0.802279, Reg: 0.067752
Iter 130 of 338 Loss: 0.840997, L1(Flow): 0.777618, Reg: 0.063379
Iter 140 of 338 Loss: 0.881439, L1(Flow): 0.811904, Reg: 0.069536
Iter 150 of 338 Loss: 0.873881, L1(Flow): 0.808343, Reg: 0.065538
Iter 160 of 338 Loss: 0.852501, L1(Flow): 0.788774, Reg: 0.063727
Iter 170 of 338 Loss: 0.877524, L1(Flow): 0.814124, Reg: 0.063400
Iter 180 of 338 Loss: 0.841361, L1(Flow): 0.777636, Reg: 0.063725
Iter 190 of 338 Loss: 0.825964, L1(Flow): 0.765322, Reg: 0.060642
Iter 200 of 338 Loss: 0.873953, L1(Flow): 0.800519, Reg: 0.073434
Iter 210 of 338 Loss: 0.871572, L1(Flow): 0.806685, Reg: 0.064887
Iter 220 of 338 Loss: 0.796686, L1(Flow): 0.735604, Reg: 0.061082
Iter 230 of 338 Loss: 0.898574, L1(Flow): 0.836357, Reg: 0.062217
Iter 240 of 338 Loss: 0.890067, L1(Flow): 0.823375, Reg: 0.066692
Iter 250 of 338 Loss: 0.879066, L1(Flow): 0.808687, Reg: 0.070378
Iter 260 of 338 Loss: 0.825786, L1(Flow): 0.764439, Reg: 0.061347
Iter 270 of 338 Loss: 0.911333, L1(Flow): 0.839736, Reg: 0.071597
Iter 280 of 338 Loss: 0.827187, L1(Flow): 0.765364, Reg: 0.061824
Iter 290 of 338 Loss: 0.870109, L1(Flow): 0.806337, Reg: 0.063772
Iter 300 of 338 Loss: 0.888777, L1(Flow): 0.820713, Reg: 0.068064
Iter 310 of 338 Loss: 0.841670, L1(Flow): 0.777925, Reg: 0.063745
Iter 320 of 338 Loss: 0.849591, L1(Flow): 0.788995, Reg: 0.060597
Iter 330 of 338 Loss: 0.857358, L1(Flow): 0.795952, Reg: 0.061405
Epoch 172 Loss: 0.855497
Epoch 172 Validation: Mean EPE: 2.8086, Mean SSIM: 0.3956, Mean ZNCC: 0.6453
Epoch 173 starts
Iter 10 of 338 Loss: 0.903153, L1(Flow): 0.835697, Reg: 0.067456
Iter 20 of 338 Loss: 0.851684, L1(Flow): 0.787103, Reg: 0.064581
Iter 30 of 338 Loss: 0.834782, L1(Flow): 0.770297, Reg: 0.064485
Iter 40 of 338 Loss: 0.868590, L1(Flow): 0.797156, Reg: 0.071434
Iter 50 of 338 Loss: 0.819538, L1(Flow): 0.760447, Reg: 0.059090
Iter 60 of 338 Loss: 0.896102, L1(Flow): 0.830407, Reg: 0.065695
Iter 70 of 338 Loss: 0.887769, L1(Flow): 0.822210, Reg: 0.065559
Iter 80 of 338 Loss: 0.851906, L1(Flow): 0.789305, Reg: 0.062601
Iter 90 of 338 Loss: 0.879426, L1(Flow): 0.805116, Reg: 0.074310
Iter 100 of 338 Loss: 0.854657, L1(Flow): 0.784264, Reg: 0.070393
Iter 110 of 338 Loss: 0.834942, L1(Flow): 0.772406, Reg: 0.062536
Iter 120 of 338 Loss: 0.859713, L1(Flow): 0.792416, Reg: 0.067298
Iter 130 of 338 Loss: 0.865529, L1(Flow): 0.795691, Reg: 0.069838
Iter 140 of 338 Loss: 0.811540, L1(Flow): 0.751072, Reg: 0.060469
Iter 150 of 338 Loss: 0.854510, L1(Flow): 0.787226, Reg: 0.067284
Iter 160 of 338 Loss: 0.801855, L1(Flow): 0.745261, Reg: 0.056595
Iter 170 of 338 Loss: 0.849258, L1(Flow): 0.791941, Reg: 0.057318
Iter 180 of 338 Loss: 0.917811, L1(Flow): 0.847004, Reg: 0.070807
Iter 190 of 338 Loss: 0.818895, L1(Flow): 0.755997, Reg: 0.062899
Iter 200 of 338 Loss: 0.849280, L1(Flow): 0.783034, Reg: 0.066246
Iter 210 of 338 Loss: 0.876677, L1(Flow): 0.809842, Reg: 0.066835
Iter 220 of 338 Loss: 0.893012, L1(Flow): 0.823048, Reg: 0.069964
Iter 230 of 338 Loss: 0.884345, L1(Flow): 0.821654, Reg: 0.062691
Iter 240 of 338 Loss: 0.834910, L1(Flow): 0.770092, Reg: 0.064818
Iter 250 of 338 Loss: 0.805693, L1(Flow): 0.742185, Reg: 0.063508
Iter 260 of 338 Loss: 0.830790, L1(Flow): 0.771613, Reg: 0.059177
Iter 270 of 338 Loss: 0.847865, L1(Flow): 0.779907, Reg: 0.067958
Iter 280 of 338 Loss: 0.843110, L1(Flow): 0.783130, Reg: 0.059980
Iter 290 of 338 Loss: 0.849709, L1(Flow): 0.782840, Reg: 0.066869
Iter 300 of 338 Loss: 0.840304, L1(Flow): 0.777993, Reg: 0.062311
Iter 310 of 338 Loss: 0.872999, L1(Flow): 0.804910, Reg: 0.068090
Iter 320 of 338 Loss: 0.854574, L1(Flow): 0.788848, Reg: 0.065725
Iter 330 of 338 Loss: 0.853624, L1(Flow): 0.786559, Reg: 0.067065
Epoch 173 Loss: 0.851260
Epoch 173 Validation: Mean EPE: 2.8143, Mean SSIM: 0.3959, Mean ZNCC: 0.6450
Epoch 174 starts
Iter 10 of 338 Loss: 0.842405, L1(Flow): 0.778498, Reg: 0.063907
Iter 20 of 338 Loss: 0.876610, L1(Flow): 0.811140, Reg: 0.065470
Iter 30 of 338 Loss: 0.898259, L1(Flow): 0.831035, Reg: 0.067223
Iter 40 of 338 Loss: 0.856392, L1(Flow): 0.792229, Reg: 0.064164
Iter 50 of 338 Loss: 0.865393, L1(Flow): 0.802023, Reg: 0.063370
Iter 60 of 338 Loss: 0.865980, L1(Flow): 0.801400, Reg: 0.064580
Iter 70 of 338 Loss: 0.851340, L1(Flow): 0.786072, Reg: 0.065268
Iter 80 of 338 Loss: 0.863972, L1(Flow): 0.795685, Reg: 0.068288
Iter 90 of 338 Loss: 0.855019, L1(Flow): 0.790517, Reg: 0.064502
Iter 100 of 338 Loss: 0.868860, L1(Flow): 0.803430, Reg: 0.065430
Iter 110 of 338 Loss: 0.849438, L1(Flow): 0.785109, Reg: 0.064329
Iter 120 of 338 Loss: 0.881655, L1(Flow): 0.813725, Reg: 0.067931
Iter 130 of 338 Loss: 0.833182, L1(Flow): 0.776713, Reg: 0.056469
Iter 140 of 338 Loss: 0.876516, L1(Flow): 0.815600, Reg: 0.060916
Iter 150 of 338 Loss: 0.873676, L1(Flow): 0.802881, Reg: 0.070795
Iter 160 of 338 Loss: 0.942727, L1(Flow): 0.876987, Reg: 0.065740
Iter 170 of 338 Loss: 0.854115, L1(Flow): 0.790015, Reg: 0.064101
Iter 180 of 338 Loss: 0.928079, L1(Flow): 0.855084, Reg: 0.072995
Iter 190 of 338 Loss: 0.832997, L1(Flow): 0.773657, Reg: 0.059339
Iter 200 of 338 Loss: 0.887587, L1(Flow): 0.822025, Reg: 0.065562
Iter 210 of 338 Loss: 0.873289, L1(Flow): 0.804545, Reg: 0.068744
Iter 220 of 338 Loss: 0.830105, L1(Flow): 0.769854, Reg: 0.060251
Iter 230 of 338 Loss: 0.860403, L1(Flow): 0.797952, Reg: 0.062451
Iter 240 of 338 Loss: 0.784301, L1(Flow): 0.725266, Reg: 0.059035
Iter 250 of 338 Loss: 0.829648, L1(Flow): 0.767683, Reg: 0.061964
Iter 260 of 338 Loss: 0.828129, L1(Flow): 0.765721, Reg: 0.062408
Iter 270 of 338 Loss: 0.856784, L1(Flow): 0.790637, Reg: 0.066146
Iter 280 of 338 Loss: 0.794400, L1(Flow): 0.740100, Reg: 0.054300
Iter 290 of 338 Loss: 0.877137, L1(Flow): 0.805793, Reg: 0.071344
Iter 300 of 338 Loss: 0.855303, L1(Flow): 0.791577, Reg: 0.063726
Iter 310 of 338 Loss: 0.924359, L1(Flow): 0.851031, Reg: 0.073328
Iter 320 of 338 Loss: 0.831446, L1(Flow): 0.772184, Reg: 0.059262
Iter 330 of 338 Loss: 0.859142, L1(Flow): 0.791088, Reg: 0.068055
Epoch 174 Loss: 0.852748
Epoch 174 Validation: Mean EPE: 2.7832, Mean SSIM: 0.3968, Mean ZNCC: 0.6457
--> Saved to Top 5 best models (EPE: 2.7832)
Epoch 175 starts
Iter 10 of 338 Loss: 0.824423, L1(Flow): 0.758267, Reg: 0.066155
Iter 20 of 338 Loss: 0.819924, L1(Flow): 0.759390, Reg: 0.060534
Iter 30 of 338 Loss: 0.866635, L1(Flow): 0.799271, Reg: 0.067364
Iter 40 of 338 Loss: 0.828032, L1(Flow): 0.763597, Reg: 0.064435
Iter 50 of 338 Loss: 0.785602, L1(Flow): 0.729004, Reg: 0.056598
Iter 60 of 338 Loss: 0.899828, L1(Flow): 0.827866, Reg: 0.071962
Iter 70 of 338 Loss: 0.848449, L1(Flow): 0.785213, Reg: 0.063236
Iter 80 of 338 Loss: 0.895746, L1(Flow): 0.823528, Reg: 0.072218
Iter 90 of 338 Loss: 0.803836, L1(Flow): 0.746537, Reg: 0.057299
Iter 100 of 338 Loss: 0.808716, L1(Flow): 0.747387, Reg: 0.061328
Iter 110 of 338 Loss: 0.796355, L1(Flow): 0.739164, Reg: 0.057192
Iter 120 of 338 Loss: 0.883356, L1(Flow): 0.813370, Reg: 0.069986
Iter 130 of 338 Loss: 0.864262, L1(Flow): 0.794840, Reg: 0.069422
Iter 140 of 338 Loss: 0.808159, L1(Flow): 0.747386, Reg: 0.060773
Iter 150 of 338 Loss: 0.859620, L1(Flow): 0.793445, Reg: 0.066175
Iter 160 of 338 Loss: 0.847630, L1(Flow): 0.782588, Reg: 0.065043
Iter 170 of 338 Loss: 0.843113, L1(Flow): 0.781028, Reg: 0.062085
Iter 180 of 338 Loss: 0.883846, L1(Flow): 0.818087, Reg: 0.065759
Iter 190 of 338 Loss: 0.799261, L1(Flow): 0.738947, Reg: 0.060314
Iter 200 of 338 Loss: 0.798149, L1(Flow): 0.734407, Reg: 0.063743
Iter 210 of 338 Loss: 0.809684, L1(Flow): 0.749109, Reg: 0.060575
Iter 220 of 338 Loss: 0.836637, L1(Flow): 0.774388, Reg: 0.062249
Iter 230 of 338 Loss: 0.864565, L1(Flow): 0.794965, Reg: 0.069600
Iter 240 of 338 Loss: 0.841957, L1(Flow): 0.777314, Reg: 0.064643
Iter 250 of 338 Loss: 0.847463, L1(Flow): 0.779877, Reg: 0.067586
Iter 260 of 338 Loss: 0.841894, L1(Flow): 0.783715, Reg: 0.058179
Iter 270 of 338 Loss: 0.852336, L1(Flow): 0.790472, Reg: 0.061865
Iter 280 of 338 Loss: 0.783123, L1(Flow): 0.725765, Reg: 0.057358
Iter 290 of 338 Loss: 0.851958, L1(Flow): 0.784576, Reg: 0.067382
Iter 300 of 338 Loss: 0.791145, L1(Flow): 0.734445, Reg: 0.056700
Iter 310 of 338 Loss: 0.867398, L1(Flow): 0.796600, Reg: 0.070798
Iter 320 of 338 Loss: 0.818698, L1(Flow): 0.755101, Reg: 0.063597
Iter 330 of 338 Loss: 0.792793, L1(Flow): 0.734171, Reg: 0.058622
Epoch 175 Loss: 0.843739
Epoch 175 Validation: Mean EPE: 2.7923, Mean SSIM: 0.3964, Mean ZNCC: 0.6450
Epoch 176 starts
Iter 10 of 338 Loss: 0.876055, L1(Flow): 0.810295, Reg: 0.065760
Iter 20 of 338 Loss: 0.837272, L1(Flow): 0.771002, Reg: 0.066270
Iter 30 of 338 Loss: 0.862691, L1(Flow): 0.793602, Reg: 0.069089
Iter 40 of 338 Loss: 0.879063, L1(Flow): 0.809324, Reg: 0.069740
Iter 50 of 338 Loss: 0.825173, L1(Flow): 0.763363, Reg: 0.061810
Iter 60 of 338 Loss: 0.851712, L1(Flow): 0.790365, Reg: 0.061347
Iter 70 of 338 Loss: 0.876101, L1(Flow): 0.810735, Reg: 0.065366
Iter 80 of 338 Loss: 0.844300, L1(Flow): 0.776449, Reg: 0.067851
Iter 90 of 338 Loss: 0.843942, L1(Flow): 0.783074, Reg: 0.060869
Iter 100 of 338 Loss: 0.874853, L1(Flow): 0.801453, Reg: 0.073399
Iter 110 of 338 Loss: 0.851300, L1(Flow): 0.789257, Reg: 0.062043
Iter 120 of 338 Loss: 0.867794, L1(Flow): 0.806085, Reg: 0.061709
Iter 130 of 338 Loss: 0.859703, L1(Flow): 0.793174, Reg: 0.066530
Iter 140 of 338 Loss: 0.828226, L1(Flow): 0.766793, Reg: 0.061433
Iter 150 of 338 Loss: 0.789088, L1(Flow): 0.731449, Reg: 0.057639
Iter 160 of 338 Loss: 0.864984, L1(Flow): 0.795369, Reg: 0.069615
Iter 170 of 338 Loss: 0.836800, L1(Flow): 0.773070, Reg: 0.063730
Iter 180 of 338 Loss: 0.835744, L1(Flow): 0.769895, Reg: 0.065848
Iter 190 of 338 Loss: 0.863316, L1(Flow): 0.792746, Reg: 0.070569
Iter 200 of 338 Loss: 0.790318, L1(Flow): 0.725882, Reg: 0.064436
Iter 210 of 338 Loss: 0.831390, L1(Flow): 0.767472, Reg: 0.063918
Iter 220 of 338 Loss: 0.869240, L1(Flow): 0.801682, Reg: 0.067557
Iter 230 of 338 Loss: 0.870979, L1(Flow): 0.799818, Reg: 0.071162
Iter 240 of 338 Loss: 0.838632, L1(Flow): 0.773686, Reg: 0.064946
Iter 250 of 338 Loss: 0.882748, L1(Flow): 0.810927, Reg: 0.071821
Iter 260 of 338 Loss: 0.847343, L1(Flow): 0.782522, Reg: 0.064820
Iter 270 of 338 Loss: 0.871374, L1(Flow): 0.804168, Reg: 0.067206
Iter 280 of 338 Loss: 0.879423, L1(Flow): 0.814885, Reg: 0.064538
Iter 290 of 338 Loss: 0.861728, L1(Flow): 0.799889, Reg: 0.061838
Iter 300 of 338 Loss: 0.824122, L1(Flow): 0.763408, Reg: 0.060713
Iter 310 of 338 Loss: 0.855391, L1(Flow): 0.793005, Reg: 0.062386
Iter 320 of 338 Loss: 0.859126, L1(Flow): 0.791257, Reg: 0.067869
Iter 330 of 338 Loss: 0.824904, L1(Flow): 0.766345, Reg: 0.058559
Epoch 176 Loss: 0.848474
Epoch 176 Validation: Mean EPE: 2.7958, Mean SSIM: 0.3964, Mean ZNCC: 0.6454
Epoch 177 starts
Iter 10 of 338 Loss: 0.891128, L1(Flow): 0.824716, Reg: 0.066412
Iter 20 of 338 Loss: 0.854031, L1(Flow): 0.784306, Reg: 0.069725
Iter 30 of 338 Loss: 0.892420, L1(Flow): 0.822782, Reg: 0.069638
Iter 40 of 338 Loss: 0.845961, L1(Flow): 0.779835, Reg: 0.066125
Iter 50 of 338 Loss: 0.839147, L1(Flow): 0.776798, Reg: 0.062349
Iter 60 of 338 Loss: 0.797485, L1(Flow): 0.734444, Reg: 0.063041
Iter 70 of 338 Loss: 0.865580, L1(Flow): 0.801331, Reg: 0.064249
Iter 80 of 338 Loss: 0.849164, L1(Flow): 0.787785, Reg: 0.061379
Iter 90 of 338 Loss: 0.816599, L1(Flow): 0.760481, Reg: 0.056118
Iter 100 of 338 Loss: 0.885935, L1(Flow): 0.818749, Reg: 0.067186
Iter 110 of 338 Loss: 0.838702, L1(Flow): 0.774562, Reg: 0.064139
Iter 120 of 338 Loss: 0.836218, L1(Flow): 0.766459, Reg: 0.069759
Iter 130 of 338 Loss: 0.844048, L1(Flow): 0.782511, Reg: 0.061537
Iter 140 of 338 Loss: 0.841885, L1(Flow): 0.779024, Reg: 0.062861
Iter 150 of 338 Loss: 0.815622, L1(Flow): 0.755988, Reg: 0.059634
Iter 160 of 338 Loss: 0.833206, L1(Flow): 0.766989, Reg: 0.066216
Iter 170 of 338 Loss: 0.871611, L1(Flow): 0.800857, Reg: 0.070754
Iter 180 of 338 Loss: 0.841516, L1(Flow): 0.777147, Reg: 0.064369
Iter 190 of 338 Loss: 0.841311, L1(Flow): 0.775575, Reg: 0.065736
Iter 200 of 338 Loss: 0.840772, L1(Flow): 0.774712, Reg: 0.066060
Iter 210 of 338 Loss: 0.844691, L1(Flow): 0.776618, Reg: 0.068073
Iter 220 of 338 Loss: 0.863131, L1(Flow): 0.797579, Reg: 0.065552
Iter 230 of 338 Loss: 0.851453, L1(Flow): 0.785490, Reg: 0.065963
Iter 240 of 338 Loss: 0.801206, L1(Flow): 0.742443, Reg: 0.058762
Iter 250 of 338 Loss: 0.815820, L1(Flow): 0.755248, Reg: 0.060572
Iter 260 of 338 Loss: 0.830002, L1(Flow): 0.767619, Reg: 0.062383
Iter 270 of 338 Loss: 0.840220, L1(Flow): 0.774106, Reg: 0.066114
Iter 280 of 338 Loss: 0.825718, L1(Flow): 0.760195, Reg: 0.065523
Iter 290 of 338 Loss: 0.791512, L1(Flow): 0.731284, Reg: 0.060228
Iter 300 of 338 Loss: 0.828820, L1(Flow): 0.761602, Reg: 0.067218
Iter 310 of 338 Loss: 0.834989, L1(Flow): 0.774459, Reg: 0.060530
Iter 320 of 338 Loss: 0.897150, L1(Flow): 0.828153, Reg: 0.068997
Iter 330 of 338 Loss: 0.876974, L1(Flow): 0.814069, Reg: 0.062905
Epoch 177 Loss: 0.843573
Epoch 177 Validation: Mean EPE: 2.7948, Mean SSIM: 0.3967, Mean ZNCC: 0.6453
Epoch 178 starts
Iter 10 of 338 Loss: 0.849363, L1(Flow): 0.786871, Reg: 0.062492
Iter 20 of 338 Loss: 0.849890, L1(Flow): 0.778361, Reg: 0.071529
Iter 30 of 338 Loss: 0.785535, L1(Flow): 0.726267, Reg: 0.059267
Iter 40 of 338 Loss: 0.853543, L1(Flow): 0.788886, Reg: 0.064657
Iter 50 of 338 Loss: 0.865908, L1(Flow): 0.796035, Reg: 0.069873
Iter 60 of 338 Loss: 0.853848, L1(Flow): 0.789636, Reg: 0.064212
Iter 70 of 338 Loss: 0.818125, L1(Flow): 0.753074, Reg: 0.065051
Iter 80 of 338 Loss: 0.853557, L1(Flow): 0.786872, Reg: 0.066685
Iter 90 of 338 Loss: 0.865885, L1(Flow): 0.798080, Reg: 0.067805
Iter 100 of 338 Loss: 0.882507, L1(Flow): 0.816808, Reg: 0.065698
Iter 110 of 338 Loss: 0.892973, L1(Flow): 0.827195, Reg: 0.065778
Iter 120 of 338 Loss: 0.820537, L1(Flow): 0.762753, Reg: 0.057785
Iter 130 of 338 Loss: 0.823650, L1(Flow): 0.761077, Reg: 0.062573
Iter 140 of 338 Loss: 0.854941, L1(Flow): 0.788876, Reg: 0.066065
Iter 150 of 338 Loss: 0.843139, L1(Flow): 0.778775, Reg: 0.064364
Iter 160 of 338 Loss: 0.816765, L1(Flow): 0.757323, Reg: 0.059442
Iter 170 of 338 Loss: 0.834781, L1(Flow): 0.769111, Reg: 0.065670
Iter 180 of 338 Loss: 0.843619, L1(Flow): 0.784072, Reg: 0.059547
Iter 190 of 338 Loss: 0.834328, L1(Flow): 0.768846, Reg: 0.065481
Iter 200 of 338 Loss: 0.852004, L1(Flow): 0.782315, Reg: 0.069689
Iter 210 of 338 Loss: 0.789446, L1(Flow): 0.728946, Reg: 0.060500
Iter 220 of 338 Loss: 0.825073, L1(Flow): 0.763706, Reg: 0.061367
Iter 230 of 338 Loss: 0.828888, L1(Flow): 0.768832, Reg: 0.060057
Iter 240 of 338 Loss: 0.874012, L1(Flow): 0.803160, Reg: 0.070852
Iter 250 of 338 Loss: 0.838635, L1(Flow): 0.776491, Reg: 0.062144
Iter 260 of 338 Loss: 0.827681, L1(Flow): 0.768949, Reg: 0.058732
Iter 270 of 338 Loss: 0.835471, L1(Flow): 0.777323, Reg: 0.058148
Iter 280 of 338 Loss: 0.786711, L1(Flow): 0.731897, Reg: 0.054814
Iter 290 of 338 Loss: 0.826802, L1(Flow): 0.764731, Reg: 0.062071
Iter 300 of 338 Loss: 0.852693, L1(Flow): 0.786805, Reg: 0.065888
Iter 310 of 338 Loss: 0.852734, L1(Flow): 0.787265, Reg: 0.065469
Iter 320 of 338 Loss: 0.920303, L1(Flow): 0.848824, Reg: 0.071479
Iter 330 of 338 Loss: 0.845090, L1(Flow): 0.785059, Reg: 0.060031
Epoch 178 Loss: 0.840840
Epoch 178 Validation: Mean EPE: 2.7786, Mean SSIM: 0.3972, Mean ZNCC: 0.6456
--> Saved to Top 5 best models (EPE: 2.7786)
--> New absolute BEST model updated with EPE: 2.7786
Epoch 179 starts
Iter 10 of 338 Loss: 0.810603, L1(Flow): 0.748052, Reg: 0.062551
Iter 20 of 338 Loss: 0.836212, L1(Flow): 0.768772, Reg: 0.067440
Iter 30 of 338 Loss: 0.886320, L1(Flow): 0.815294, Reg: 0.071026
Iter 40 of 338 Loss: 0.882469, L1(Flow): 0.813827, Reg: 0.068642
Iter 50 of 338 Loss: 0.875807, L1(Flow): 0.814915, Reg: 0.060893
Iter 60 of 338 Loss: 0.907689, L1(Flow): 0.841434, Reg: 0.066255
Iter 70 of 338 Loss: 0.814694, L1(Flow): 0.757906, Reg: 0.056788
Iter 80 of 338 Loss: 0.855144, L1(Flow): 0.793727, Reg: 0.061417
Iter 90 of 338 Loss: 0.842623, L1(Flow): 0.779557, Reg: 0.063066
Iter 100 of 338 Loss: 0.855953, L1(Flow): 0.787010, Reg: 0.068943
Iter 110 of 338 Loss: 0.845783, L1(Flow): 0.782041, Reg: 0.063742
Iter 120 of 338 Loss: 0.830245, L1(Flow): 0.766121, Reg: 0.064123
Iter 130 of 338 Loss: 0.858773, L1(Flow): 0.790981, Reg: 0.067792
Iter 140 of 338 Loss: 0.812031, L1(Flow): 0.750841, Reg: 0.061191
Iter 150 of 338 Loss: 0.855862, L1(Flow): 0.785800, Reg: 0.070062
Iter 160 of 338 Loss: 0.877121, L1(Flow): 0.800556, Reg: 0.076565
Iter 170 of 338 Loss: 0.845272, L1(Flow): 0.784697, Reg: 0.060575
Iter 180 of 338 Loss: 0.838527, L1(Flow): 0.776564, Reg: 0.061964
Iter 190 of 338 Loss: 0.836916, L1(Flow): 0.768065, Reg: 0.068850
Iter 200 of 338 Loss: 0.851048, L1(Flow): 0.786180, Reg: 0.064868
Iter 210 of 338 Loss: 0.885167, L1(Flow): 0.824222, Reg: 0.060946
Iter 220 of 338 Loss: 0.799945, L1(Flow): 0.737604, Reg: 0.062341
Iter 230 of 338 Loss: 0.844006, L1(Flow): 0.779036, Reg: 0.064970
Iter 240 of 338 Loss: 0.826922, L1(Flow): 0.765024, Reg: 0.061899
Iter 250 of 338 Loss: 0.828516, L1(Flow): 0.765831, Reg: 0.062684
Iter 260 of 338 Loss: 0.832630, L1(Flow): 0.772713, Reg: 0.059917
Iter 270 of 338 Loss: 0.811764, L1(Flow): 0.747362, Reg: 0.064402
Iter 280 of 338 Loss: 0.862979, L1(Flow): 0.796725, Reg: 0.066253
Iter 290 of 338 Loss: 0.830248, L1(Flow): 0.768158, Reg: 0.062091
Iter 300 of 338 Loss: 0.841920, L1(Flow): 0.776398, Reg: 0.065522
Iter 310 of 338 Loss: 0.834538, L1(Flow): 0.772547, Reg: 0.061990
Iter 320 of 338 Loss: 0.908410, L1(Flow): 0.836338, Reg: 0.072071
Iter 330 of 338 Loss: 0.839750, L1(Flow): 0.780983, Reg: 0.058767
Epoch 179 Loss: 0.839228
Epoch 179 Validation: Mean EPE: 2.7789, Mean SSIM: 0.3978, Mean ZNCC: 0.6457
--> Saved to Top 5 best models (EPE: 2.7789)
Epoch 180 starts
Iter 10 of 338 Loss: 0.874754, L1(Flow): 0.804752, Reg: 0.070002
Iter 20 of 338 Loss: 0.877722, L1(Flow): 0.812389, Reg: 0.065333
Iter 30 of 338 Loss: 0.840997, L1(Flow): 0.778073, Reg: 0.062924
Iter 40 of 338 Loss: 0.834301, L1(Flow): 0.771350, Reg: 0.062951
Iter 50 of 338 Loss: 0.814560, L1(Flow): 0.749894, Reg: 0.064665
Iter 60 of 338 Loss: 0.783401, L1(Flow): 0.728127, Reg: 0.055273
Iter 70 of 338 Loss: 0.840518, L1(Flow): 0.777526, Reg: 0.062992
Iter 80 of 338 Loss: 0.821405, L1(Flow): 0.755971, Reg: 0.065433
Iter 90 of 338 Loss: 0.843420, L1(Flow): 0.783391, Reg: 0.060029
Iter 100 of 338 Loss: 0.779614, L1(Flow): 0.724932, Reg: 0.054681
Iter 110 of 338 Loss: 0.835957, L1(Flow): 0.770316, Reg: 0.065641
Iter 120 of 338 Loss: 0.830926, L1(Flow): 0.766441, Reg: 0.064486
Iter 130 of 338 Loss: 0.852665, L1(Flow): 0.785652, Reg: 0.067013
Iter 140 of 338 Loss: 0.855564, L1(Flow): 0.788997, Reg: 0.066567
Iter 150 of 338 Loss: 0.844759, L1(Flow): 0.784784, Reg: 0.059976
Iter 160 of 338 Loss: 0.831987, L1(Flow): 0.768382, Reg: 0.063605
Iter 170 of 338 Loss: 0.883310, L1(Flow): 0.814511, Reg: 0.068799
Iter 180 of 338 Loss: 0.889918, L1(Flow): 0.817273, Reg: 0.072645
Iter 190 of 338 Loss: 0.866330, L1(Flow): 0.800077, Reg: 0.066253
Iter 200 of 338 Loss: 0.811151, L1(Flow): 0.746560, Reg: 0.064591
Iter 210 of 338 Loss: 0.861276, L1(Flow): 0.797179, Reg: 0.064097
Iter 220 of 338 Loss: 0.794087, L1(Flow): 0.737947, Reg: 0.056141
Iter 230 of 338 Loss: 0.817119, L1(Flow): 0.758495, Reg: 0.058625
Iter 240 of 338 Loss: 0.785834, L1(Flow): 0.727020, Reg: 0.058814
Iter 250 of 338 Loss: 0.835917, L1(Flow): 0.770649, Reg: 0.065268
Iter 260 of 338 Loss: 0.830211, L1(Flow): 0.767017, Reg: 0.063193
Iter 270 of 338 Loss: 0.845272, L1(Flow): 0.782696, Reg: 0.062577
Iter 280 of 338 Loss: 0.838647, L1(Flow): 0.776359, Reg: 0.062288
Iter 290 of 338 Loss: 0.835450, L1(Flow): 0.773901, Reg: 0.061549
Iter 300 of 338 Loss: 0.849133, L1(Flow): 0.782995, Reg: 0.066138
Iter 310 of 338 Loss: 0.830928, L1(Flow): 0.762995, Reg: 0.067933
Iter 320 of 338 Loss: 0.852603, L1(Flow): 0.789062, Reg: 0.063541
Iter 330 of 338 Loss: 0.866088, L1(Flow): 0.796441, Reg: 0.069647
Epoch 180 Loss: 0.835890
Epoch 180 Validation: Mean EPE: 2.7882, Mean SSIM: 0.3961, Mean ZNCC: 0.6451
Epoch 181 starts
Iter 10 of 338 Loss: 0.823178, L1(Flow): 0.756943, Reg: 0.066235
Iter 20 of 338 Loss: 0.839739, L1(Flow): 0.773254, Reg: 0.066485
Iter 30 of 338 Loss: 0.796572, L1(Flow): 0.735524, Reg: 0.061048
Iter 40 of 338 Loss: 0.853550, L1(Flow): 0.787950, Reg: 0.065600
Iter 50 of 338 Loss: 0.828105, L1(Flow): 0.764189, Reg: 0.063916
Iter 60 of 338 Loss: 0.841505, L1(Flow): 0.784117, Reg: 0.057388
Iter 70 of 338 Loss: 0.828197, L1(Flow): 0.764994, Reg: 0.063203
Iter 80 of 338 Loss: 0.873973, L1(Flow): 0.811713, Reg: 0.062259
Iter 90 of 338 Loss: 0.820544, L1(Flow): 0.754196, Reg: 0.066347
Iter 100 of 338 Loss: 0.813616, L1(Flow): 0.751827, Reg: 0.061789
Iter 110 of 338 Loss: 0.856559, L1(Flow): 0.792637, Reg: 0.063922
Iter 120 of 338 Loss: 0.875947, L1(Flow): 0.808578, Reg: 0.067369
Iter 130 of 338 Loss: 0.857546, L1(Flow): 0.790935, Reg: 0.066611
Iter 140 of 338 Loss: 0.826601, L1(Flow): 0.766092, Reg: 0.060509
Iter 150 of 338 Loss: 0.845284, L1(Flow): 0.784140, Reg: 0.061145
Iter 160 of 338 Loss: 0.872243, L1(Flow): 0.799117, Reg: 0.073126
Iter 170 of 338 Loss: 0.863063, L1(Flow): 0.800835, Reg: 0.062227
Iter 180 of 338 Loss: 0.872893, L1(Flow): 0.800999, Reg: 0.071893
Iter 190 of 338 Loss: 0.806997, L1(Flow): 0.750235, Reg: 0.056762
Iter 200 of 338 Loss: 0.862912, L1(Flow): 0.798306, Reg: 0.064606
Iter 210 of 338 Loss: 0.855676, L1(Flow): 0.785939, Reg: 0.069738
Iter 220 of 338 Loss: 0.847013, L1(Flow): 0.788618, Reg: 0.058395
Iter 230 of 338 Loss: 0.854302, L1(Flow): 0.788581, Reg: 0.065721
Iter 240 of 338 Loss: 0.831659, L1(Flow): 0.770764, Reg: 0.060896
Iter 250 of 338 Loss: 0.830832, L1(Flow): 0.771715, Reg: 0.059117
Iter 260 of 338 Loss: 0.834875, L1(Flow): 0.768057, Reg: 0.066818
Iter 270 of 338 Loss: 0.781430, L1(Flow): 0.725678, Reg: 0.055752
Iter 280 of 338 Loss: 0.818756, L1(Flow): 0.756063, Reg: 0.062693
Iter 290 of 338 Loss: 0.869578, L1(Flow): 0.802795, Reg: 0.066784
Iter 300 of 338 Loss: 0.774087, L1(Flow): 0.719818, Reg: 0.054269
Iter 310 of 338 Loss: 0.864048, L1(Flow): 0.792633, Reg: 0.071415
Iter 320 of 338 Loss: 0.816692, L1(Flow): 0.754709, Reg: 0.061984
Iter 330 of 338 Loss: 0.819404, L1(Flow): 0.757656, Reg: 0.061748
Epoch 181 Loss: 0.840667
Epoch 181 Validation: Mean EPE: 2.7899, Mean SSIM: 0.3966, Mean ZNCC: 0.6451
Epoch 182 starts
Iter 10 of 338 Loss: 0.833011, L1(Flow): 0.771424, Reg: 0.061587
Iter 20 of 338 Loss: 0.868911, L1(Flow): 0.801099, Reg: 0.067812
Iter 30 of 338 Loss: 0.860950, L1(Flow): 0.798319, Reg: 0.062631
Iter 40 of 338 Loss: 0.782790, L1(Flow): 0.718870, Reg: 0.063921
Iter 50 of 338 Loss: 0.798064, L1(Flow): 0.738479, Reg: 0.059584
Iter 60 of 338 Loss: 0.812677, L1(Flow): 0.746237, Reg: 0.066440
Iter 70 of 338 Loss: 0.769670, L1(Flow): 0.712219, Reg: 0.057451
Iter 80 of 338 Loss: 0.838981, L1(Flow): 0.773364, Reg: 0.065618
Iter 90 of 338 Loss: 0.813103, L1(Flow): 0.754503, Reg: 0.058600
Iter 100 of 338 Loss: 0.884326, L1(Flow): 0.820338, Reg: 0.063988
Iter 110 of 338 Loss: 0.795847, L1(Flow): 0.739280, Reg: 0.056567
Iter 120 of 338 Loss: 0.869273, L1(Flow): 0.795535, Reg: 0.073737
Iter 130 of 338 Loss: 0.847838, L1(Flow): 0.782326, Reg: 0.065513
Iter 140 of 338 Loss: 0.795977, L1(Flow): 0.736455, Reg: 0.059521
Iter 150 of 338 Loss: 0.833392, L1(Flow): 0.766773, Reg: 0.066619
Iter 160 of 338 Loss: 0.822490, L1(Flow): 0.758508, Reg: 0.063983
Iter 170 of 338 Loss: 0.835369, L1(Flow): 0.770757, Reg: 0.064612
Iter 180 of 338 Loss: 0.866336, L1(Flow): 0.804034, Reg: 0.062301
Iter 190 of 338 Loss: 0.813240, L1(Flow): 0.748911, Reg: 0.064329
Iter 200 of 338 Loss: 0.806707, L1(Flow): 0.741977, Reg: 0.064730
Iter 210 of 338 Loss: 0.858126, L1(Flow): 0.798117, Reg: 0.060009
Iter 220 of 338 Loss: 0.859690, L1(Flow): 0.783598, Reg: 0.076092
Iter 230 of 338 Loss: 0.832547, L1(Flow): 0.772722, Reg: 0.059825
Iter 240 of 338 Loss: 0.848855, L1(Flow): 0.782613, Reg: 0.066242
Iter 250 of 338 Loss: 0.821832, L1(Flow): 0.761071, Reg: 0.060761
Iter 260 of 338 Loss: 0.867477, L1(Flow): 0.798500, Reg: 0.068978
Iter 270 of 338 Loss: 0.862127, L1(Flow): 0.791930, Reg: 0.070196
Iter 280 of 338 Loss: 0.863060, L1(Flow): 0.795164, Reg: 0.067896
Iter 290 of 338 Loss: 0.829487, L1(Flow): 0.763448, Reg: 0.066039
Iter 300 of 338 Loss: 0.776763, L1(Flow): 0.720747, Reg: 0.056016
Iter 310 of 338 Loss: 0.826412, L1(Flow): 0.758204, Reg: 0.068209
Iter 320 of 338 Loss: 0.867540, L1(Flow): 0.798433, Reg: 0.069107
Iter 330 of 338 Loss: 0.813045, L1(Flow): 0.753834, Reg: 0.059211
Epoch 182 Loss: 0.832178
Epoch 182 Validation: Mean EPE: 2.7713, Mean SSIM: 0.3978, Mean ZNCC: 0.6457
--> Saved to Top 5 best models (EPE: 2.7713)
--> New absolute BEST model updated with EPE: 2.7713
Epoch 183 starts
Iter 10 of 338 Loss: 0.861652, L1(Flow): 0.796660, Reg: 0.064992
Iter 20 of 338 Loss: 0.823426, L1(Flow): 0.760869, Reg: 0.062557
Iter 30 of 338 Loss: 0.782333, L1(Flow): 0.719952, Reg: 0.062380
Iter 40 of 338 Loss: 0.866978, L1(Flow): 0.797024, Reg: 0.069954
Iter 50 of 338 Loss: 0.793527, L1(Flow): 0.733627, Reg: 0.059900
Iter 60 of 338 Loss: 0.887236, L1(Flow): 0.821513, Reg: 0.065723
Iter 70 of 338 Loss: 0.797521, L1(Flow): 0.738630, Reg: 0.058891
Iter 80 of 338 Loss: 0.810937, L1(Flow): 0.750749, Reg: 0.060188
Iter 90 of 338 Loss: 0.791734, L1(Flow): 0.733327, Reg: 0.058407
Iter 100 of 338 Loss: 0.824500, L1(Flow): 0.763544, Reg: 0.060956
Iter 110 of 338 Loss: 0.828010, L1(Flow): 0.763751, Reg: 0.064259
Iter 120 of 338 Loss: 0.809336, L1(Flow): 0.745862, Reg: 0.063474
Iter 130 of 338 Loss: 0.777282, L1(Flow): 0.720313, Reg: 0.056968
Iter 140 of 338 Loss: 0.833686, L1(Flow): 0.768129, Reg: 0.065557
Iter 150 of 338 Loss: 0.828521, L1(Flow): 0.763707, Reg: 0.064814
Iter 160 of 338 Loss: 0.801439, L1(Flow): 0.742727, Reg: 0.058712
Iter 170 of 338 Loss: 0.821014, L1(Flow): 0.756316, Reg: 0.064698
Iter 180 of 338 Loss: 0.817049, L1(Flow): 0.748503, Reg: 0.068546
Iter 190 of 338 Loss: 0.835894, L1(Flow): 0.774153, Reg: 0.061742
Iter 200 of 338 Loss: 0.877089, L1(Flow): 0.808298, Reg: 0.068791
Iter 210 of 338 Loss: 0.863496, L1(Flow): 0.797530, Reg: 0.065966
Iter 220 of 338 Loss: 0.827005, L1(Flow): 0.762562, Reg: 0.064443
Iter 230 of 338 Loss: 0.815395, L1(Flow): 0.752179, Reg: 0.063216
Iter 240 of 338 Loss: 0.823114, L1(Flow): 0.761414, Reg: 0.061700
Iter 250 of 338 Loss: 0.830691, L1(Flow): 0.768714, Reg: 0.061978
Iter 260 of 338 Loss: 0.766142, L1(Flow): 0.709161, Reg: 0.056981
Iter 270 of 338 Loss: 0.787373, L1(Flow): 0.730119, Reg: 0.057254
Iter 280 of 338 Loss: 0.890889, L1(Flow): 0.814981, Reg: 0.075908
Iter 290 of 338 Loss: 0.790039, L1(Flow): 0.728153, Reg: 0.061886
Iter 300 of 338 Loss: 0.897511, L1(Flow): 0.826330, Reg: 0.071182
Iter 310 of 338 Loss: 0.830710, L1(Flow): 0.767674, Reg: 0.063036
Iter 320 of 338 Loss: 0.824502, L1(Flow): 0.766096, Reg: 0.058406
Iter 330 of 338 Loss: 0.798699, L1(Flow): 0.737379, Reg: 0.061321
Epoch 183 Loss: 0.829426
Epoch 183 Validation: Mean EPE: 2.7837, Mean SSIM: 0.3975, Mean ZNCC: 0.6457
Epoch 184 starts
Iter 10 of 338 Loss: 0.835851, L1(Flow): 0.770683, Reg: 0.065168
Iter 20 of 338 Loss: 0.823763, L1(Flow): 0.761064, Reg: 0.062698
Iter 30 of 338 Loss: 0.863432, L1(Flow): 0.789421, Reg: 0.074011
Iter 40 of 338 Loss: 0.827655, L1(Flow): 0.762873, Reg: 0.064782
Iter 50 of 338 Loss: 0.799595, L1(Flow): 0.733928, Reg: 0.065667
Iter 60 of 338 Loss: 0.801904, L1(Flow): 0.737955, Reg: 0.063949
Iter 70 of 338 Loss: 0.767521, L1(Flow): 0.708621, Reg: 0.058900
Iter 80 of 338 Loss: 0.824976, L1(Flow): 0.765618, Reg: 0.059358
Iter 90 of 338 Loss: 0.770915, L1(Flow): 0.712845, Reg: 0.058070
Iter 100 of 338 Loss: 0.836364, L1(Flow): 0.773137, Reg: 0.063227
Iter 110 of 338 Loss: 0.776231, L1(Flow): 0.715868, Reg: 0.060363
Iter 120 of 338 Loss: 0.779249, L1(Flow): 0.721444, Reg: 0.057804
Iter 130 of 338 Loss: 0.795321, L1(Flow): 0.738359, Reg: 0.056962
Iter 140 of 338 Loss: 0.817001, L1(Flow): 0.752140, Reg: 0.064861
Iter 150 of 338 Loss: 0.807500, L1(Flow): 0.743871, Reg: 0.063630
Iter 160 of 338 Loss: 0.783179, L1(Flow): 0.719790, Reg: 0.063389
Iter 170 of 338 Loss: 0.812654, L1(Flow): 0.749912, Reg: 0.062743
Iter 180 of 338 Loss: 0.828045, L1(Flow): 0.763281, Reg: 0.064764
Iter 190 of 338 Loss: 0.848811, L1(Flow): 0.781509, Reg: 0.067302
Iter 200 of 338 Loss: 0.804803, L1(Flow): 0.738897, Reg: 0.065906
Iter 210 of 338 Loss: 0.855996, L1(Flow): 0.788895, Reg: 0.067102
Iter 220 of 338 Loss: 0.833946, L1(Flow): 0.770284, Reg: 0.063661
Iter 230 of 338 Loss: 0.795009, L1(Flow): 0.737412, Reg: 0.057597
Iter 240 of 338 Loss: 0.802763, L1(Flow): 0.738634, Reg: 0.064129
Iter 250 of 338 Loss: 0.770326, L1(Flow): 0.709291, Reg: 0.061034
Iter 260 of 338 Loss: 0.831192, L1(Flow): 0.769396, Reg: 0.061796
Iter 270 of 338 Loss: 0.784200, L1(Flow): 0.728309, Reg: 0.055890
Iter 280 of 338 Loss: 0.808173, L1(Flow): 0.747195, Reg: 0.060978
Iter 290 of 338 Loss: 0.817401, L1(Flow): 0.760092, Reg: 0.057309
Iter 300 of 338 Loss: 0.817150, L1(Flow): 0.757991, Reg: 0.059159
Iter 310 of 338 Loss: 0.776268, L1(Flow): 0.716721, Reg: 0.059547
Iter 320 of 338 Loss: 0.887065, L1(Flow): 0.822396, Reg: 0.064670
Iter 330 of 338 Loss: 0.806664, L1(Flow): 0.748402, Reg: 0.058261
Epoch 184 Loss: 0.821603
Epoch 184 Validation: Mean EPE: 2.7909, Mean SSIM: 0.3960, Mean ZNCC: 0.6454
Epoch 185 starts
Iter 10 of 338 Loss: 0.863073, L1(Flow): 0.790313, Reg: 0.072760
Iter 20 of 338 Loss: 0.800967, L1(Flow): 0.746724, Reg: 0.054243
Iter 30 of 338 Loss: 0.774512, L1(Flow): 0.717166, Reg: 0.057346
Iter 40 of 338 Loss: 0.812051, L1(Flow): 0.744263, Reg: 0.067788
Iter 50 of 338 Loss: 0.893937, L1(Flow): 0.828478, Reg: 0.065459
Iter 60 of 338 Loss: 0.863931, L1(Flow): 0.797394, Reg: 0.066537
Iter 70 of 338 Loss: 0.834376, L1(Flow): 0.770023, Reg: 0.064352
Iter 80 of 338 Loss: 0.842620, L1(Flow): 0.773228, Reg: 0.069392
Iter 90 of 338 Loss: 0.808000, L1(Flow): 0.748071, Reg: 0.059928
Iter 100 of 338 Loss: 0.824445, L1(Flow): 0.763776, Reg: 0.060668
Iter 110 of 338 Loss: 0.868003, L1(Flow): 0.805394, Reg: 0.062609
Iter 120 of 338 Loss: 0.811643, L1(Flow): 0.746699, Reg: 0.064944
Iter 130 of 338 Loss: 0.802794, L1(Flow): 0.745118, Reg: 0.057675
Iter 140 of 338 Loss: 0.814524, L1(Flow): 0.750655, Reg: 0.063869
Iter 150 of 338 Loss: 0.801433, L1(Flow): 0.739213, Reg: 0.062220
Iter 160 of 338 Loss: 0.843459, L1(Flow): 0.773167, Reg: 0.070292
Iter 170 of 338 Loss: 0.850597, L1(Flow): 0.785989, Reg: 0.064608
Iter 180 of 338 Loss: 0.862040, L1(Flow): 0.794758, Reg: 0.067281
Iter 190 of 338 Loss: 0.805180, L1(Flow): 0.743811, Reg: 0.061369
Iter 200 of 338 Loss: 0.760153, L1(Flow): 0.704400, Reg: 0.055753
Iter 210 of 338 Loss: 0.833598, L1(Flow): 0.770093, Reg: 0.063505
Iter 220 of 338 Loss: 0.852470, L1(Flow): 0.786565, Reg: 0.065905
Iter 230 of 338 Loss: 0.819866, L1(Flow): 0.756759, Reg: 0.063107
Iter 240 of 338 Loss: 0.798982, L1(Flow): 0.738931, Reg: 0.060051
Iter 250 of 338 Loss: 0.829354, L1(Flow): 0.760184, Reg: 0.069169
Iter 260 of 338 Loss: 0.828360, L1(Flow): 0.761284, Reg: 0.067076
Iter 270 of 338 Loss: 0.837414, L1(Flow): 0.771568, Reg: 0.065845
Iter 280 of 338 Loss: 0.869639, L1(Flow): 0.803810, Reg: 0.065830
Iter 290 of 338 Loss: 0.832799, L1(Flow): 0.774811, Reg: 0.057988
Iter 300 of 338 Loss: 0.809101, L1(Flow): 0.748846, Reg: 0.060255
Iter 310 of 338 Loss: 0.826697, L1(Flow): 0.762789, Reg: 0.063908
Iter 320 of 338 Loss: 0.851326, L1(Flow): 0.789172, Reg: 0.062154
Iter 330 of 338 Loss: 0.853511, L1(Flow): 0.785395, Reg: 0.068116
Epoch 185 Loss: 0.824765
Epoch 185 Validation: Mean EPE: 2.7753, Mean SSIM: 0.3982, Mean ZNCC: 0.6458
--> Saved to Top 5 best models (EPE: 2.7753)
Epoch 186 starts
Iter 10 of 338 Loss: 0.842914, L1(Flow): 0.773910, Reg: 0.069005
Iter 20 of 338 Loss: 0.783269, L1(Flow): 0.720772, Reg: 0.062497
Iter 30 of 338 Loss: 0.797629, L1(Flow): 0.737572, Reg: 0.060057
Iter 40 of 338 Loss: 0.824737, L1(Flow): 0.760908, Reg: 0.063828
Iter 50 of 338 Loss: 0.795218, L1(Flow): 0.729733, Reg: 0.065485
Iter 60 of 338 Loss: 0.823128, L1(Flow): 0.759324, Reg: 0.063805
Iter 70 of 338 Loss: 0.829628, L1(Flow): 0.767610, Reg: 0.062017
Iter 80 of 338 Loss: 0.820074, L1(Flow): 0.754561, Reg: 0.065514
Iter 90 of 338 Loss: 0.819278, L1(Flow): 0.755381, Reg: 0.063897
Iter 100 of 338 Loss: 0.881116, L1(Flow): 0.817940, Reg: 0.063175
Iter 110 of 338 Loss: 0.838215, L1(Flow): 0.773638, Reg: 0.064576
Iter 120 of 338 Loss: 0.871659, L1(Flow): 0.802832, Reg: 0.068827
Iter 130 of 338 Loss: 0.825271, L1(Flow): 0.764276, Reg: 0.060995
Iter 140 of 338 Loss: 0.847268, L1(Flow): 0.781987, Reg: 0.065281
Iter 150 of 338 Loss: 0.931512, L1(Flow): 0.863369, Reg: 0.068143
Iter 160 of 338 Loss: 0.782681, L1(Flow): 0.722384, Reg: 0.060297
Iter 170 of 338 Loss: 0.774786, L1(Flow): 0.715612, Reg: 0.059174
Iter 180 of 338 Loss: 0.863305, L1(Flow): 0.794110, Reg: 0.069195
Iter 190 of 338 Loss: 0.856191, L1(Flow): 0.790665, Reg: 0.065526
Iter 200 of 338 Loss: 0.781506, L1(Flow): 0.718631, Reg: 0.062875
Iter 210 of 338 Loss: 0.836133, L1(Flow): 0.766383, Reg: 0.069750
Iter 220 of 338 Loss: 0.840687, L1(Flow): 0.772073, Reg: 0.068614
Iter 230 of 338 Loss: 0.831716, L1(Flow): 0.769449, Reg: 0.062267
Iter 240 of 338 Loss: 0.867614, L1(Flow): 0.800904, Reg: 0.066710
Iter 250 of 338 Loss: 0.808950, L1(Flow): 0.746123, Reg: 0.062827
Iter 260 of 338 Loss: 0.887257, L1(Flow): 0.819937, Reg: 0.067320
Iter 270 of 338 Loss: 0.800957, L1(Flow): 0.740173, Reg: 0.060784
Iter 280 of 338 Loss: 0.862628, L1(Flow): 0.800074, Reg: 0.062554
Iter 290 of 338 Loss: 0.813738, L1(Flow): 0.752583, Reg: 0.061155
Iter 300 of 338 Loss: 0.772783, L1(Flow): 0.716291, Reg: 0.056492
Iter 310 of 338 Loss: 0.827079, L1(Flow): 0.765846, Reg: 0.061232
Iter 320 of 338 Loss: 0.833083, L1(Flow): 0.769621, Reg: 0.063462
Iter 330 of 338 Loss: 0.784383, L1(Flow): 0.726884, Reg: 0.057499
Epoch 186 Loss: 0.829490
Epoch 186 Validation: Mean EPE: 2.7797, Mean SSIM: 0.3969, Mean ZNCC: 0.6455
Epoch 187 starts
Iter 10 of 338 Loss: 0.794384, L1(Flow): 0.736736, Reg: 0.057649
Iter 20 of 338 Loss: 0.824983, L1(Flow): 0.761378, Reg: 0.063605
Iter 30 of 338 Loss: 0.808928, L1(Flow): 0.742580, Reg: 0.066348
Iter 40 of 338 Loss: 0.813483, L1(Flow): 0.745488, Reg: 0.067995
Iter 50 of 338 Loss: 0.756001, L1(Flow): 0.703159, Reg: 0.052843
Iter 60 of 338 Loss: 0.773886, L1(Flow): 0.713423, Reg: 0.060463
Iter 70 of 338 Loss: 0.847650, L1(Flow): 0.783499, Reg: 0.064152
Iter 80 of 338 Loss: 0.820837, L1(Flow): 0.755762, Reg: 0.065075
Iter 90 of 338 Loss: 0.802097, L1(Flow): 0.743537, Reg: 0.058560
Iter 100 of 338 Loss: 0.789899, L1(Flow): 0.733035, Reg: 0.056864
Iter 110 of 338 Loss: 0.854872, L1(Flow): 0.791082, Reg: 0.063790
Iter 120 of 338 Loss: 0.805728, L1(Flow): 0.747525, Reg: 0.058203
Iter 130 of 338 Loss: 0.843133, L1(Flow): 0.783972, Reg: 0.059161
Iter 140 of 338 Loss: 0.852474, L1(Flow): 0.787852, Reg: 0.064622
Iter 150 of 338 Loss: 0.876153, L1(Flow): 0.808291, Reg: 0.067862
Iter 160 of 338 Loss: 0.869476, L1(Flow): 0.793757, Reg: 0.075720
Iter 170 of 338 Loss: 0.852674, L1(Flow): 0.784748, Reg: 0.067926
Iter 180 of 338 Loss: 0.756057, L1(Flow): 0.702594, Reg: 0.053464
Iter 190 of 338 Loss: 0.795169, L1(Flow): 0.738332, Reg: 0.056837
Iter 200 of 338 Loss: 0.867991, L1(Flow): 0.801308, Reg: 0.066683
Iter 210 of 338 Loss: 0.873862, L1(Flow): 0.805400, Reg: 0.068462
Iter 220 of 338 Loss: 0.797724, L1(Flow): 0.735840, Reg: 0.061884
Iter 230 of 338 Loss: 0.798387, L1(Flow): 0.736952, Reg: 0.061435
Iter 240 of 338 Loss: 0.850565, L1(Flow): 0.789391, Reg: 0.061174
Iter 250 of 338 Loss: 0.868553, L1(Flow): 0.800421, Reg: 0.068132
Iter 260 of 338 Loss: 0.832422, L1(Flow): 0.771435, Reg: 0.060987
Iter 270 of 338 Loss: 0.875301, L1(Flow): 0.807995, Reg: 0.067306
Iter 280 of 338 Loss: 0.821258, L1(Flow): 0.761204, Reg: 0.060054
Iter 290 of 338 Loss: 0.848254, L1(Flow): 0.786829, Reg: 0.061425
Iter 300 of 338 Loss: 0.852351, L1(Flow): 0.785380, Reg: 0.066971
Iter 310 of 338 Loss: 0.854038, L1(Flow): 0.787686, Reg: 0.066353
Iter 320 of 338 Loss: 0.813033, L1(Flow): 0.744337, Reg: 0.068696
Iter 330 of 338 Loss: 0.839867, L1(Flow): 0.773354, Reg: 0.066513
Epoch 187 Loss: 0.823438
Epoch 187 Validation: Mean EPE: 2.7790, Mean SSIM: 0.3969, Mean ZNCC: 0.6456
Epoch 188 starts
Iter 10 of 338 Loss: 0.847516, L1(Flow): 0.782590, Reg: 0.064926
Iter 20 of 338 Loss: 0.849769, L1(Flow): 0.780958, Reg: 0.068811
Iter 30 of 338 Loss: 0.812355, L1(Flow): 0.743457, Reg: 0.068898
Iter 40 of 338 Loss: 0.896921, L1(Flow): 0.824057, Reg: 0.072865
Iter 50 of 338 Loss: 0.834897, L1(Flow): 0.770071, Reg: 0.064826
Iter 60 of 338 Loss: 0.842413, L1(Flow): 0.777683, Reg: 0.064730
Iter 70 of 338 Loss: 0.807727, L1(Flow): 0.739918, Reg: 0.067809
Iter 80 of 338 Loss: 0.770483, L1(Flow): 0.706613, Reg: 0.063871
Iter 90 of 338 Loss: 0.847913, L1(Flow): 0.782593, Reg: 0.065320
Iter 100 of 338 Loss: 0.805817, L1(Flow): 0.744471, Reg: 0.061346
Iter 110 of 338 Loss: 0.804886, L1(Flow): 0.749093, Reg: 0.055793
Iter 120 of 338 Loss: 0.797145, L1(Flow): 0.736589, Reg: 0.060556
Iter 130 of 338 Loss: 0.834187, L1(Flow): 0.768723, Reg: 0.065463
Iter 140 of 338 Loss: 0.808712, L1(Flow): 0.747334, Reg: 0.061378
Iter 150 of 338 Loss: 0.883468, L1(Flow): 0.814752, Reg: 0.068716
Iter 160 of 338 Loss: 0.838627, L1(Flow): 0.780440, Reg: 0.058188
Iter 170 of 338 Loss: 0.846607, L1(Flow): 0.782414, Reg: 0.064193
Iter 180 of 338 Loss: 0.877895, L1(Flow): 0.810830, Reg: 0.067065
Iter 190 of 338 Loss: 0.829111, L1(Flow): 0.765960, Reg: 0.063152
Iter 200 of 338 Loss: 0.848639, L1(Flow): 0.779643, Reg: 0.068996
Iter 210 of 338 Loss: 0.858772, L1(Flow): 0.796783, Reg: 0.061989
Iter 220 of 338 Loss: 0.828598, L1(Flow): 0.766983, Reg: 0.061616
Iter 230 of 338 Loss: 0.745269, L1(Flow): 0.691073, Reg: 0.054196
Iter 240 of 338 Loss: 0.748538, L1(Flow): 0.689849, Reg: 0.058690
Iter 250 of 338 Loss: 0.828459, L1(Flow): 0.764691, Reg: 0.063768
Iter 260 of 338 Loss: 0.801366, L1(Flow): 0.743679, Reg: 0.057686
Iter 270 of 338 Loss: 0.821343, L1(Flow): 0.757880, Reg: 0.063463
Iter 280 of 338 Loss: 0.758342, L1(Flow): 0.703500, Reg: 0.054843
Iter 290 of 338 Loss: 0.823232, L1(Flow): 0.761361, Reg: 0.061870
Iter 300 of 338 Loss: 0.834990, L1(Flow): 0.768926, Reg: 0.066064
Iter 310 of 338 Loss: 0.830346, L1(Flow): 0.766968, Reg: 0.063378
Iter 320 of 338 Loss: 0.845739, L1(Flow): 0.783931, Reg: 0.061808
Iter 330 of 338 Loss: 0.792118, L1(Flow): 0.732811, Reg: 0.059307
Epoch 188 Loss: 0.820316
Epoch 188 Validation: Mean EPE: 2.7795, Mean SSIM: 0.3985, Mean ZNCC: 0.6459
Epoch 189 starts
Iter 10 of 338 Loss: 0.816501, L1(Flow): 0.753819, Reg: 0.062681
Iter 20 of 338 Loss: 0.861587, L1(Flow): 0.796184, Reg: 0.065403
Iter 30 of 338 Loss: 0.869072, L1(Flow): 0.806072, Reg: 0.063000
Iter 40 of 338 Loss: 0.807169, L1(Flow): 0.743065, Reg: 0.064104
Iter 50 of 338 Loss: 0.839940, L1(Flow): 0.777411, Reg: 0.062528
Iter 60 of 338 Loss: 0.810172, L1(Flow): 0.748320, Reg: 0.061852
Iter 70 of 338 Loss: 0.800059, L1(Flow): 0.742372, Reg: 0.057687
Iter 80 of 338 Loss: 0.817077, L1(Flow): 0.748790, Reg: 0.068286
Iter 90 of 338 Loss: 0.841719, L1(Flow): 0.774938, Reg: 0.066781
Iter 100 of 338 Loss: 0.859697, L1(Flow): 0.792238, Reg: 0.067459
Iter 110 of 338 Loss: 0.823715, L1(Flow): 0.755418, Reg: 0.068297
Iter 120 of 338 Loss: 0.779052, L1(Flow): 0.719356, Reg: 0.059697
Iter 130 of 338 Loss: 0.828787, L1(Flow): 0.769801, Reg: 0.058986
Iter 140 of 338 Loss: 0.805221, L1(Flow): 0.747006, Reg: 0.058215
Iter 150 of 338 Loss: 0.815190, L1(Flow): 0.753236, Reg: 0.061954
Iter 160 of 338 Loss: 0.828072, L1(Flow): 0.765529, Reg: 0.062543
Iter 170 of 338 Loss: 0.803978, L1(Flow): 0.743123, Reg: 0.060856
Iter 180 of 338 Loss: 0.823010, L1(Flow): 0.758231, Reg: 0.064779
Iter 190 of 338 Loss: 0.860263, L1(Flow): 0.789344, Reg: 0.070919
Iter 200 of 338 Loss: 0.827227, L1(Flow): 0.759262, Reg: 0.067965
Iter 210 of 338 Loss: 0.795938, L1(Flow): 0.737735, Reg: 0.058202
Iter 220 of 338 Loss: 0.835023, L1(Flow): 0.773158, Reg: 0.061866
Iter 230 of 338 Loss: 0.764436, L1(Flow): 0.708952, Reg: 0.055484
Iter 240 of 338 Loss: 0.846030, L1(Flow): 0.779535, Reg: 0.066495
Iter 250 of 338 Loss: 0.800080, L1(Flow): 0.742750, Reg: 0.057330
Iter 260 of 338 Loss: 0.799206, L1(Flow): 0.739390, Reg: 0.059816
Iter 270 of 338 Loss: 0.821370, L1(Flow): 0.757125, Reg: 0.064246
Iter 280 of 338 Loss: 0.801896, L1(Flow): 0.738809, Reg: 0.063087
Iter 290 of 338 Loss: 0.865120, L1(Flow): 0.796127, Reg: 0.068993
Iter 300 of 338 Loss: 0.826074, L1(Flow): 0.768042, Reg: 0.058032
Iter 310 of 338 Loss: 0.849004, L1(Flow): 0.785949, Reg: 0.063055
Iter 320 of 338 Loss: 0.774896, L1(Flow): 0.716085, Reg: 0.058812
Iter 330 of 338 Loss: 0.849736, L1(Flow): 0.785348, Reg: 0.064388
Epoch 189 Loss: 0.822178
Epoch 189 Validation: Mean EPE: 2.7827, Mean SSIM: 0.3970, Mean ZNCC: 0.6457
Epoch 190 starts
Iter 10 of 338 Loss: 0.873337, L1(Flow): 0.809404, Reg: 0.063933
Iter 20 of 338 Loss: 0.835963, L1(Flow): 0.775756, Reg: 0.060207
Iter 30 of 338 Loss: 0.802996, L1(Flow): 0.743968, Reg: 0.059028
Iter 40 of 338 Loss: 0.845822, L1(Flow): 0.780342, Reg: 0.065480
Iter 50 of 338 Loss: 0.787348, L1(Flow): 0.727131, Reg: 0.060217
Iter 60 of 338 Loss: 0.799619, L1(Flow): 0.737560, Reg: 0.062059
Iter 70 of 338 Loss: 0.814367, L1(Flow): 0.754040, Reg: 0.060327
Iter 80 of 338 Loss: 0.907836, L1(Flow): 0.834161, Reg: 0.073675
Iter 90 of 338 Loss: 0.797658, L1(Flow): 0.732497, Reg: 0.065160
Iter 100 of 338 Loss: 0.768505, L1(Flow): 0.710987, Reg: 0.057518
Iter 110 of 338 Loss: 0.835652, L1(Flow): 0.769355, Reg: 0.066297
Iter 120 of 338 Loss: 0.816751, L1(Flow): 0.748618, Reg: 0.068133
Iter 130 of 338 Loss: 0.835303, L1(Flow): 0.773491, Reg: 0.061812
Iter 140 of 338 Loss: 0.797465, L1(Flow): 0.738751, Reg: 0.058714
Iter 150 of 338 Loss: 0.826311, L1(Flow): 0.761473, Reg: 0.064839
Iter 160 of 338 Loss: 0.868833, L1(Flow): 0.795362, Reg: 0.073471
Iter 170 of 338 Loss: 0.781231, L1(Flow): 0.718229, Reg: 0.063002
Iter 180 of 338 Loss: 0.830477, L1(Flow): 0.766573, Reg: 0.063903
Iter 190 of 338 Loss: 0.798975, L1(Flow): 0.737438, Reg: 0.061536
Iter 200 of 338 Loss: 0.821146, L1(Flow): 0.754570, Reg: 0.066576
Iter 210 of 338 Loss: 0.850946, L1(Flow): 0.787317, Reg: 0.063628
Iter 220 of 338 Loss: 0.766058, L1(Flow): 0.711366, Reg: 0.054692
Iter 230 of 338 Loss: 0.851360, L1(Flow): 0.785479, Reg: 0.065881
Iter 240 of 338 Loss: 0.821693, L1(Flow): 0.759365, Reg: 0.062328
Iter 250 of 338 Loss: 0.841498, L1(Flow): 0.777105, Reg: 0.064393
Iter 260 of 338 Loss: 0.784832, L1(Flow): 0.727917, Reg: 0.056916
Iter 270 of 338 Loss: 0.798615, L1(Flow): 0.736854, Reg: 0.061761
Iter 280 of 338 Loss: 0.824817, L1(Flow): 0.761278, Reg: 0.063539
Iter 290 of 338 Loss: 0.811650, L1(Flow): 0.743460, Reg: 0.068190
Iter 300 of 338 Loss: 0.840022, L1(Flow): 0.768114, Reg: 0.071908
Iter 310 of 338 Loss: 0.835749, L1(Flow): 0.775731, Reg: 0.060018
Iter 320 of 338 Loss: 0.842341, L1(Flow): 0.783108, Reg: 0.059233
Iter 330 of 338 Loss: 0.857131, L1(Flow): 0.794728, Reg: 0.062402
Epoch 190 Loss: 0.819809
Epoch 190 Validation: Mean EPE: 2.7812, Mean SSIM: 0.3977, Mean ZNCC: 0.6455
Epoch 191 starts
Iter 10 of 338 Loss: 0.833675, L1(Flow): 0.767924, Reg: 0.065751
Iter 20 of 338 Loss: 0.778880, L1(Flow): 0.723096, Reg: 0.055784
Iter 30 of 338 Loss: 0.844838, L1(Flow): 0.780297, Reg: 0.064541
Iter 40 of 338 Loss: 0.828170, L1(Flow): 0.767093, Reg: 0.061078
Iter 50 of 338 Loss: 0.880028, L1(Flow): 0.813635, Reg: 0.066393
Iter 60 of 338 Loss: 0.818756, L1(Flow): 0.755139, Reg: 0.063617
Iter 70 of 338 Loss: 0.786098, L1(Flow): 0.726018, Reg: 0.060080
Iter 80 of 338 Loss: 0.815648, L1(Flow): 0.752842, Reg: 0.062806
Iter 90 of 338 Loss: 0.828476, L1(Flow): 0.762685, Reg: 0.065791
Iter 100 of 338 Loss: 0.821474, L1(Flow): 0.753426, Reg: 0.068048
Iter 110 of 338 Loss: 0.768516, L1(Flow): 0.712754, Reg: 0.055762
Iter 120 of 338 Loss: 0.800046, L1(Flow): 0.740204, Reg: 0.059842
Iter 130 of 338 Loss: 0.800985, L1(Flow): 0.735311, Reg: 0.065674
Iter 140 of 338 Loss: 0.790678, L1(Flow): 0.723362, Reg: 0.067316
Iter 150 of 338 Loss: 0.798878, L1(Flow): 0.737446, Reg: 0.061432
Iter 160 of 338 Loss: 0.804291, L1(Flow): 0.745287, Reg: 0.059003
Iter 170 of 338 Loss: 0.826854, L1(Flow): 0.763506, Reg: 0.063349
Iter 180 of 338 Loss: 0.774951, L1(Flow): 0.715377, Reg: 0.059574
Iter 190 of 338 Loss: 0.834732, L1(Flow): 0.772442, Reg: 0.062290
Iter 200 of 338 Loss: 0.798118, L1(Flow): 0.733396, Reg: 0.064722
Iter 210 of 338 Loss: 0.854120, L1(Flow): 0.785830, Reg: 0.068290
Iter 220 of 338 Loss: 0.794113, L1(Flow): 0.731401, Reg: 0.062712
Iter 230 of 338 Loss: 0.805812, L1(Flow): 0.742065, Reg: 0.063746
Iter 240 of 338 Loss: 0.796297, L1(Flow): 0.736399, Reg: 0.059899
Iter 250 of 338 Loss: 0.771037, L1(Flow): 0.715719, Reg: 0.055319
Iter 260 of 338 Loss: 0.808767, L1(Flow): 0.745707, Reg: 0.063060
Iter 270 of 338 Loss: 0.838811, L1(Flow): 0.773830, Reg: 0.064982
Iter 280 of 338 Loss: 0.780683, L1(Flow): 0.719063, Reg: 0.061619
Iter 290 of 338 Loss: 0.811065, L1(Flow): 0.749041, Reg: 0.062024
Iter 300 of 338 Loss: 0.806491, L1(Flow): 0.742413, Reg: 0.064079
Iter 310 of 338 Loss: 0.837348, L1(Flow): 0.776166, Reg: 0.061182
Iter 320 of 338 Loss: 0.866226, L1(Flow): 0.800808, Reg: 0.065418
Iter 330 of 338 Loss: 0.786185, L1(Flow): 0.729320, Reg: 0.056865
Epoch 191 Loss: 0.812446
Epoch 191 Validation: Mean EPE: 2.7940, Mean SSIM: 0.3974, Mean ZNCC: 0.6454
Epoch 192 starts
Iter 10 of 338 Loss: 0.778180, L1(Flow): 0.716239, Reg: 0.061940
Iter 20 of 338 Loss: 0.821853, L1(Flow): 0.751571, Reg: 0.070282
Iter 30 of 338 Loss: 0.801177, L1(Flow): 0.742096, Reg: 0.059080
Iter 40 of 338 Loss: 0.828701, L1(Flow): 0.764849, Reg: 0.063852
Iter 50 of 338 Loss: 0.854522, L1(Flow): 0.792782, Reg: 0.061740
Iter 60 of 338 Loss: 0.815343, L1(Flow): 0.753066, Reg: 0.062277
Iter 70 of 338 Loss: 0.808283, L1(Flow): 0.746841, Reg: 0.061443
Iter 80 of 338 Loss: 0.869632, L1(Flow): 0.804709, Reg: 0.064923
Iter 90 of 338 Loss: 0.768929, L1(Flow): 0.714887, Reg: 0.054042
Iter 100 of 338 Loss: 0.808833, L1(Flow): 0.744926, Reg: 0.063908
Iter 110 of 338 Loss: 0.856939, L1(Flow): 0.793143, Reg: 0.063796
Iter 120 of 338 Loss: 0.843234, L1(Flow): 0.780486, Reg: 0.062749
Iter 130 of 338 Loss: 0.819307, L1(Flow): 0.749111, Reg: 0.070196
Iter 140 of 338 Loss: 0.803107, L1(Flow): 0.736967, Reg: 0.066141
Iter 150 of 338 Loss: 0.769034, L1(Flow): 0.709260, Reg: 0.059774
Iter 160 of 338 Loss: 0.845150, L1(Flow): 0.782707, Reg: 0.062444
Iter 170 of 338 Loss: 0.801144, L1(Flow): 0.746120, Reg: 0.055024
Iter 180 of 338 Loss: 0.790663, L1(Flow): 0.734122, Reg: 0.056541
Iter 190 of 338 Loss: 0.754203, L1(Flow): 0.697350, Reg: 0.056853
Iter 200 of 338 Loss: 0.812105, L1(Flow): 0.754728, Reg: 0.057377
Iter 210 of 338 Loss: 0.788136, L1(Flow): 0.729137, Reg: 0.058999
Iter 220 of 338 Loss: 0.819944, L1(Flow): 0.752438, Reg: 0.067506
Iter 230 of 338 Loss: 0.789595, L1(Flow): 0.727384, Reg: 0.062211
Iter 240 of 338 Loss: 0.808070, L1(Flow): 0.749406, Reg: 0.058665
Iter 250 of 338 Loss: 0.809223, L1(Flow): 0.750159, Reg: 0.059064
Iter 260 of 338 Loss: 0.841376, L1(Flow): 0.776915, Reg: 0.064461
Iter 270 of 338 Loss: 0.836275, L1(Flow): 0.776464, Reg: 0.059812
Iter 280 of 338 Loss: 0.797450, L1(Flow): 0.736692, Reg: 0.060758
Iter 290 of 338 Loss: 0.791245, L1(Flow): 0.730275, Reg: 0.060970
Iter 300 of 338 Loss: 0.832491, L1(Flow): 0.769973, Reg: 0.062517
Iter 310 of 338 Loss: 0.864860, L1(Flow): 0.793792, Reg: 0.071068
Iter 320 of 338 Loss: 0.789593, L1(Flow): 0.726716, Reg: 0.062877
Iter 330 of 338 Loss: 0.848256, L1(Flow): 0.781780, Reg: 0.066477
Epoch 192 Loss: 0.813017
Epoch 192 Validation: Mean EPE: 2.7691, Mean SSIM: 0.3979, Mean ZNCC: 0.6458
--> Saved to Top 5 best models (EPE: 2.7691)
--> New absolute BEST model updated with EPE: 2.7691
Epoch 193 starts
Iter 10 of 338 Loss: 0.837865, L1(Flow): 0.772162, Reg: 0.065703
Iter 20 of 338 Loss: 0.841738, L1(Flow): 0.778781, Reg: 0.062958
Iter 30 of 338 Loss: 0.797549, L1(Flow): 0.733758, Reg: 0.063790
Iter 40 of 338 Loss: 0.774485, L1(Flow): 0.710173, Reg: 0.064312
Iter 50 of 338 Loss: 0.803396, L1(Flow): 0.739788, Reg: 0.063608
Iter 60 of 338 Loss: 0.849463, L1(Flow): 0.785388, Reg: 0.064075
Iter 70 of 338 Loss: 0.786301, L1(Flow): 0.727255, Reg: 0.059046
Iter 80 of 338 Loss: 0.815143, L1(Flow): 0.750885, Reg: 0.064258
Iter 90 of 338 Loss: 0.789659, L1(Flow): 0.727238, Reg: 0.062421
Iter 100 of 338 Loss: 0.821752, L1(Flow): 0.760981, Reg: 0.060771
Iter 110 of 338 Loss: 0.843207, L1(Flow): 0.773048, Reg: 0.070159
Iter 120 of 338 Loss: 0.826900, L1(Flow): 0.760401, Reg: 0.066500
Iter 130 of 338 Loss: 0.839004, L1(Flow): 0.769900, Reg: 0.069105
Iter 140 of 338 Loss: 0.821548, L1(Flow): 0.756145, Reg: 0.065403
Iter 150 of 338 Loss: 0.804569, L1(Flow): 0.747296, Reg: 0.057273
Iter 160 of 338 Loss: 0.812855, L1(Flow): 0.750991, Reg: 0.061865
Iter 170 of 338 Loss: 0.881844, L1(Flow): 0.809852, Reg: 0.071992
Iter 180 of 338 Loss: 0.824980, L1(Flow): 0.760828, Reg: 0.064152
Iter 190 of 338 Loss: 0.778616, L1(Flow): 0.718925, Reg: 0.059691
Iter 200 of 338 Loss: 0.808626, L1(Flow): 0.745884, Reg: 0.062743
Iter 210 of 338 Loss: 0.782102, L1(Flow): 0.723689, Reg: 0.058414
Iter 220 of 338 Loss: 0.772676, L1(Flow): 0.718381, Reg: 0.054295
Iter 230 of 338 Loss: 0.783088, L1(Flow): 0.727783, Reg: 0.055305
Iter 240 of 338 Loss: 0.815314, L1(Flow): 0.752737, Reg: 0.062577
Iter 250 of 338 Loss: 0.800218, L1(Flow): 0.741797, Reg: 0.058421
Iter 260 of 338 Loss: 0.819061, L1(Flow): 0.757166, Reg: 0.061895
Iter 270 of 338 Loss: 0.867196, L1(Flow): 0.800325, Reg: 0.066871
Iter 280 of 338 Loss: 0.832718, L1(Flow): 0.765941, Reg: 0.066777
Iter 290 of 338 Loss: 0.790328, L1(Flow): 0.730486, Reg: 0.059843
Iter 300 of 338 Loss: 0.794411, L1(Flow): 0.738746, Reg: 0.055665
Iter 310 of 338 Loss: 0.835924, L1(Flow): 0.773031, Reg: 0.062894
Iter 320 of 338 Loss: 0.848576, L1(Flow): 0.781978, Reg: 0.066598
Iter 330 of 338 Loss: 0.831652, L1(Flow): 0.766820, Reg: 0.064832
Epoch 193 Loss: 0.813197
Epoch 193 Validation: Mean EPE: 2.7768, Mean SSIM: 0.3983, Mean ZNCC: 0.6459
--> Saved to Top 5 best models (EPE: 2.7768)
Epoch 194 starts
Iter 10 of 338 Loss: 0.810683, L1(Flow): 0.755190, Reg: 0.055493
Iter 20 of 338 Loss: 0.817257, L1(Flow): 0.752820, Reg: 0.064437
Iter 30 of 338 Loss: 0.858108, L1(Flow): 0.796012, Reg: 0.062096
Iter 40 of 338 Loss: 0.788935, L1(Flow): 0.725653, Reg: 0.063283
Iter 50 of 338 Loss: 0.792569, L1(Flow): 0.731616, Reg: 0.060953
Iter 60 of 338 Loss: 0.860728, L1(Flow): 0.793224, Reg: 0.067503
Iter 70 of 338 Loss: 0.783485, L1(Flow): 0.727612, Reg: 0.055873
Iter 80 of 338 Loss: 0.806608, L1(Flow): 0.744286, Reg: 0.062321
Iter 90 of 338 Loss: 0.801811, L1(Flow): 0.738749, Reg: 0.063062
Iter 100 of 338 Loss: 0.798566, L1(Flow): 0.737572, Reg: 0.060994
Iter 110 of 338 Loss: 0.813097, L1(Flow): 0.751606, Reg: 0.061491
Iter 120 of 338 Loss: 0.802093, L1(Flow): 0.742381, Reg: 0.059712
Iter 130 of 338 Loss: 0.798491, L1(Flow): 0.734911, Reg: 0.063580
Iter 140 of 338 Loss: 0.787239, L1(Flow): 0.726499, Reg: 0.060740
Iter 150 of 338 Loss: 0.787005, L1(Flow): 0.726806, Reg: 0.060200
Iter 160 of 338 Loss: 0.776600, L1(Flow): 0.715227, Reg: 0.061373
Iter 170 of 338 Loss: 0.787692, L1(Flow): 0.725135, Reg: 0.062558
Iter 180 of 338 Loss: 0.807115, L1(Flow): 0.745964, Reg: 0.061152
Iter 190 of 338 Loss: 0.845027, L1(Flow): 0.781587, Reg: 0.063440
Iter 200 of 338 Loss: 0.830159, L1(Flow): 0.766432, Reg: 0.063726
Iter 210 of 338 Loss: 0.817309, L1(Flow): 0.753203, Reg: 0.064106
Iter 220 of 338 Loss: 0.809107, L1(Flow): 0.744914, Reg: 0.064194
Iter 230 of 338 Loss: 0.872618, L1(Flow): 0.807456, Reg: 0.065162
Iter 240 of 338 Loss: 0.798402, L1(Flow): 0.732928, Reg: 0.065475
Iter 250 of 338 Loss: 0.724678, L1(Flow): 0.671225, Reg: 0.053453
Iter 260 of 338 Loss: 0.796378, L1(Flow): 0.736612, Reg: 0.059765
Iter 270 of 338 Loss: 0.792816, L1(Flow): 0.733820, Reg: 0.058996
Iter 280 of 338 Loss: 0.816014, L1(Flow): 0.752520, Reg: 0.063494
Iter 290 of 338 Loss: 0.808318, L1(Flow): 0.749996, Reg: 0.058322
Iter 300 of 338 Loss: 0.781844, L1(Flow): 0.722890, Reg: 0.058954
Iter 310 of 338 Loss: 0.757355, L1(Flow): 0.696649, Reg: 0.060706
Iter 320 of 338 Loss: 0.815461, L1(Flow): 0.754091, Reg: 0.061370
Iter 330 of 338 Loss: 0.816257, L1(Flow): 0.759590, Reg: 0.056666
Epoch 194 Loss: 0.807203
Epoch 194 Validation: Mean EPE: 2.7813, Mean SSIM: 0.3980, Mean ZNCC: 0.6458
Epoch 195 starts
Iter 10 of 338 Loss: 0.812319, L1(Flow): 0.753302, Reg: 0.059017
Iter 20 of 338 Loss: 0.809682, L1(Flow): 0.747504, Reg: 0.062178
Iter 30 of 338 Loss: 0.816924, L1(Flow): 0.754315, Reg: 0.062610
Iter 40 of 338 Loss: 0.799389, L1(Flow): 0.735525, Reg: 0.063864
Iter 50 of 338 Loss: 0.751365, L1(Flow): 0.694550, Reg: 0.056815
Iter 60 of 338 Loss: 0.857183, L1(Flow): 0.792171, Reg: 0.065012
Iter 70 of 338 Loss: 0.792324, L1(Flow): 0.730346, Reg: 0.061979
Iter 80 of 338 Loss: 0.803792, L1(Flow): 0.739744, Reg: 0.064048
Iter 90 of 338 Loss: 0.823662, L1(Flow): 0.761537, Reg: 0.062125
Iter 100 of 338 Loss: 0.779564, L1(Flow): 0.719782, Reg: 0.059783
Iter 110 of 338 Loss: 0.766417, L1(Flow): 0.706775, Reg: 0.059643
Iter 120 of 338 Loss: 0.791753, L1(Flow): 0.729777, Reg: 0.061976
Iter 130 of 338 Loss: 0.804624, L1(Flow): 0.736676, Reg: 0.067948
Iter 140 of 338 Loss: 0.800856, L1(Flow): 0.740866, Reg: 0.059989
Iter 150 of 338 Loss: 0.824103, L1(Flow): 0.759443, Reg: 0.064659
Iter 160 of 338 Loss: 0.835439, L1(Flow): 0.771437, Reg: 0.064001
Iter 170 of 338 Loss: 0.779365, L1(Flow): 0.718964, Reg: 0.060402
Iter 180 of 338 Loss: 0.834227, L1(Flow): 0.769669, Reg: 0.064558
Iter 190 of 338 Loss: 0.783986, L1(Flow): 0.723904, Reg: 0.060082
Iter 200 of 338 Loss: 0.787312, L1(Flow): 0.732794, Reg: 0.054518
Iter 210 of 338 Loss: 0.822775, L1(Flow): 0.759965, Reg: 0.062811
Iter 220 of 338 Loss: 0.790523, L1(Flow): 0.729459, Reg: 0.061065
Iter 230 of 338 Loss: 0.827390, L1(Flow): 0.762751, Reg: 0.064639
Iter 240 of 338 Loss: 0.802682, L1(Flow): 0.739441, Reg: 0.063242
Iter 250 of 338 Loss: 0.844447, L1(Flow): 0.782799, Reg: 0.061649
Iter 260 of 338 Loss: 0.801945, L1(Flow): 0.739610, Reg: 0.062335
Iter 270 of 338 Loss: 0.774562, L1(Flow): 0.715271, Reg: 0.059291
Iter 280 of 338 Loss: 0.799084, L1(Flow): 0.735268, Reg: 0.063816
Iter 290 of 338 Loss: 0.829926, L1(Flow): 0.760290, Reg: 0.069636
Iter 300 of 338 Loss: 0.806806, L1(Flow): 0.741538, Reg: 0.065268
Iter 310 of 338 Loss: 0.802870, L1(Flow): 0.739037, Reg: 0.063833
Iter 320 of 338 Loss: 0.812742, L1(Flow): 0.749396, Reg: 0.063346
Iter 330 of 338 Loss: 0.809950, L1(Flow): 0.753113, Reg: 0.056837
Epoch 195 Loss: 0.805467
Epoch 195 Validation: Mean EPE: 2.7668, Mean SSIM: 0.3983, Mean ZNCC: 0.6460
--> Saved to Top 5 best models (EPE: 2.7668)
--> New absolute BEST model updated with EPE: 2.7668
Epoch 196 starts
Iter 10 of 338 Loss: 0.827834, L1(Flow): 0.762002, Reg: 0.065833
Iter 20 of 338 Loss: 0.781459, L1(Flow): 0.720999, Reg: 0.060460
Iter 30 of 338 Loss: 0.811470, L1(Flow): 0.751017, Reg: 0.060453
Iter 40 of 338 Loss: 0.784785, L1(Flow): 0.722503, Reg: 0.062283
Iter 50 of 338 Loss: 0.816447, L1(Flow): 0.751086, Reg: 0.065361
Iter 60 of 338 Loss: 0.770176, L1(Flow): 0.715936, Reg: 0.054240
Iter 70 of 338 Loss: 0.837855, L1(Flow): 0.777014, Reg: 0.060841
Iter 80 of 338 Loss: 0.733250, L1(Flow): 0.677513, Reg: 0.055737
Iter 90 of 338 Loss: 0.788226, L1(Flow): 0.726988, Reg: 0.061238
Iter 100 of 338 Loss: 0.724305, L1(Flow): 0.672682, Reg: 0.051624
Iter 110 of 338 Loss: 0.798554, L1(Flow): 0.733191, Reg: 0.065363
Iter 120 of 338 Loss: 0.824424, L1(Flow): 0.762116, Reg: 0.062308
Iter 130 of 338 Loss: 0.803688, L1(Flow): 0.736874, Reg: 0.066813
Iter 140 of 338 Loss: 0.793878, L1(Flow): 0.735081, Reg: 0.058797
Iter 150 of 338 Loss: 0.847086, L1(Flow): 0.779710, Reg: 0.067376
Iter 160 of 338 Loss: 0.807004, L1(Flow): 0.743018, Reg: 0.063986
Iter 170 of 338 Loss: 0.799716, L1(Flow): 0.741019, Reg: 0.058696
Iter 180 of 338 Loss: 0.804570, L1(Flow): 0.742277, Reg: 0.062293
Iter 190 of 338 Loss: 0.878974, L1(Flow): 0.810000, Reg: 0.068974
Iter 200 of 338 Loss: 0.808240, L1(Flow): 0.743440, Reg: 0.064800
Iter 210 of 338 Loss: 0.781212, L1(Flow): 0.719515, Reg: 0.061697
Iter 220 of 338 Loss: 0.797340, L1(Flow): 0.732263, Reg: 0.065077
Iter 230 of 338 Loss: 0.791815, L1(Flow): 0.731072, Reg: 0.060742
Iter 240 of 338 Loss: 0.821623, L1(Flow): 0.756959, Reg: 0.064664
Iter 250 of 338 Loss: 0.798614, L1(Flow): 0.741059, Reg: 0.057554
Iter 260 of 338 Loss: 0.788217, L1(Flow): 0.728910, Reg: 0.059307
Iter 270 of 338 Loss: 0.871653, L1(Flow): 0.804439, Reg: 0.067214
Iter 280 of 338 Loss: 0.853176, L1(Flow): 0.788979, Reg: 0.064197
Iter 290 of 338 Loss: 0.852383, L1(Flow): 0.783765, Reg: 0.068618
Iter 300 of 338 Loss: 0.847001, L1(Flow): 0.779672, Reg: 0.067329
Iter 310 of 338 Loss: 0.810010, L1(Flow): 0.746499, Reg: 0.063512
Iter 320 of 338 Loss: 0.811602, L1(Flow): 0.747111, Reg: 0.064490
Iter 330 of 338 Loss: 0.762484, L1(Flow): 0.701193, Reg: 0.061290
Epoch 196 Loss: 0.804160
Epoch 196 Validation: Mean EPE: 2.7832, Mean SSIM: 0.3981, Mean ZNCC: 0.6457
Epoch 197 starts
Iter 10 of 338 Loss: 0.835227, L1(Flow): 0.772924, Reg: 0.062303
Iter 20 of 338 Loss: 0.761078, L1(Flow): 0.707676, Reg: 0.053402
Iter 30 of 338 Loss: 0.753433, L1(Flow): 0.693567, Reg: 0.059866
Iter 40 of 338 Loss: 0.744554, L1(Flow): 0.688339, Reg: 0.056215
Iter 50 of 338 Loss: 0.811040, L1(Flow): 0.747634, Reg: 0.063406
Iter 60 of 338 Loss: 0.826164, L1(Flow): 0.764947, Reg: 0.061217
Iter 70 of 338 Loss: 0.819475, L1(Flow): 0.756267, Reg: 0.063208
Iter 80 of 338 Loss: 0.844827, L1(Flow): 0.779422, Reg: 0.065405
Iter 90 of 338 Loss: 0.821703, L1(Flow): 0.757869, Reg: 0.063834
Iter 100 of 338 Loss: 0.786305, L1(Flow): 0.731107, Reg: 0.055198
Iter 110 of 338 Loss: 0.823002, L1(Flow): 0.753785, Reg: 0.069218
Iter 120 of 338 Loss: 0.804367, L1(Flow): 0.746383, Reg: 0.057984
Iter 130 of 338 Loss: 0.824891, L1(Flow): 0.759244, Reg: 0.065648
Iter 140 of 338 Loss: 0.810308, L1(Flow): 0.750247, Reg: 0.060062
Iter 150 of 338 Loss: 0.780585, L1(Flow): 0.724980, Reg: 0.055604
Iter 160 of 338 Loss: 0.828982, L1(Flow): 0.762208, Reg: 0.066774
Iter 170 of 338 Loss: 0.864317, L1(Flow): 0.805144, Reg: 0.059172
Iter 180 of 338 Loss: 0.794109, L1(Flow): 0.734414, Reg: 0.059695
Iter 190 of 338 Loss: 0.827755, L1(Flow): 0.763932, Reg: 0.063823
Iter 200 of 338 Loss: 0.839443, L1(Flow): 0.774930, Reg: 0.064513
Iter 210 of 338 Loss: 0.752921, L1(Flow): 0.693220, Reg: 0.059701
Iter 220 of 338 Loss: 0.791493, L1(Flow): 0.728668, Reg: 0.062825
Iter 230 of 338 Loss: 0.794300, L1(Flow): 0.729474, Reg: 0.064826
Iter 240 of 338 Loss: 0.783418, L1(Flow): 0.724621, Reg: 0.058796
Iter 250 of 338 Loss: 0.809529, L1(Flow): 0.747739, Reg: 0.061790
Iter 260 of 338 Loss: 0.761717, L1(Flow): 0.708471, Reg: 0.053246
Iter 270 of 338 Loss: 0.814647, L1(Flow): 0.749637, Reg: 0.065011
Iter 280 of 338 Loss: 0.823324, L1(Flow): 0.763549, Reg: 0.059775
Iter 290 of 338 Loss: 0.800739, L1(Flow): 0.738181, Reg: 0.062557
Iter 300 of 338 Loss: 0.831205, L1(Flow): 0.764086, Reg: 0.067119
Iter 310 of 338 Loss: 0.821642, L1(Flow): 0.756788, Reg: 0.064854
Iter 320 of 338 Loss: 0.795033, L1(Flow): 0.732586, Reg: 0.062447
Iter 330 of 338 Loss: 0.821657, L1(Flow): 0.756191, Reg: 0.065467
Epoch 197 Loss: 0.802708
Epoch 197 Validation: Mean EPE: 2.7877, Mean SSIM: 0.3976, Mean ZNCC: 0.6455
Epoch 198 starts
Iter 10 of 338 Loss: 0.839037, L1(Flow): 0.769805, Reg: 0.069232
Iter 20 of 338 Loss: 0.825786, L1(Flow): 0.757909, Reg: 0.067877
Iter 30 of 338 Loss: 0.854578, L1(Flow): 0.793806, Reg: 0.060772
Iter 40 of 338 Loss: 0.786217, L1(Flow): 0.722137, Reg: 0.064080
Iter 50 of 338 Loss: 0.803957, L1(Flow): 0.739929, Reg: 0.064028
Iter 60 of 338 Loss: 0.817431, L1(Flow): 0.754467, Reg: 0.062964
Iter 70 of 338 Loss: 0.840524, L1(Flow): 0.770606, Reg: 0.069919
Iter 80 of 338 Loss: 0.797934, L1(Flow): 0.739008, Reg: 0.058926
Iter 90 of 338 Loss: 0.835658, L1(Flow): 0.768587, Reg: 0.067071
Iter 100 of 338 Loss: 0.837681, L1(Flow): 0.777239, Reg: 0.060443
Iter 110 of 338 Loss: 0.784694, L1(Flow): 0.728591, Reg: 0.056103
Iter 120 of 338 Loss: 0.853981, L1(Flow): 0.789270, Reg: 0.064711
Iter 130 of 338 Loss: 0.779335, L1(Flow): 0.717853, Reg: 0.061481
Iter 140 of 338 Loss: 0.792405, L1(Flow): 0.731758, Reg: 0.060648
Iter 150 of 338 Loss: 0.813701, L1(Flow): 0.748207, Reg: 0.065494
Iter 160 of 338 Loss: 0.776404, L1(Flow): 0.716150, Reg: 0.060254
Iter 170 of 338 Loss: 0.786408, L1(Flow): 0.721484, Reg: 0.064925
Iter 180 of 338 Loss: 0.812399, L1(Flow): 0.748973, Reg: 0.063426
Iter 190 of 338 Loss: 0.782659, L1(Flow): 0.720900, Reg: 0.061759
Iter 200 of 338 Loss: 0.795653, L1(Flow): 0.735078, Reg: 0.060575
Iter 210 of 338 Loss: 0.792983, L1(Flow): 0.737232, Reg: 0.055751
Iter 220 of 338 Loss: 0.820966, L1(Flow): 0.756651, Reg: 0.064315
Iter 230 of 338 Loss: 0.785641, L1(Flow): 0.725994, Reg: 0.059647
Iter 240 of 338 Loss: 0.787762, L1(Flow): 0.731275, Reg: 0.056487
Iter 250 of 338 Loss: 0.805477, L1(Flow): 0.743336, Reg: 0.062140
Iter 260 of 338 Loss: 0.833461, L1(Flow): 0.769348, Reg: 0.064113
Iter 270 of 338 Loss: 0.819407, L1(Flow): 0.751391, Reg: 0.068016
Iter 280 of 338 Loss: 0.781971, L1(Flow): 0.724499, Reg: 0.057472
Iter 290 of 338 Loss: 0.797178, L1(Flow): 0.735505, Reg: 0.061673
Iter 300 of 338 Loss: 0.789200, L1(Flow): 0.729764, Reg: 0.059437
Iter 310 of 338 Loss: 0.793795, L1(Flow): 0.731743, Reg: 0.062052
Iter 320 of 338 Loss: 0.781497, L1(Flow): 0.721887, Reg: 0.059610
Iter 330 of 338 Loss: 0.825328, L1(Flow): 0.765919, Reg: 0.059408
Epoch 198 Loss: 0.803830
Epoch 198 Validation: Mean EPE: 2.7696, Mean SSIM: 0.3982, Mean ZNCC: 0.6459
--> Saved to Top 5 best models (EPE: 2.7696)
Epoch 199 starts
Iter 10 of 338 Loss: 0.780164, L1(Flow): 0.719105, Reg: 0.061059
Iter 20 of 338 Loss: 0.778983, L1(Flow): 0.716061, Reg: 0.062922
Iter 30 of 338 Loss: 0.798363, L1(Flow): 0.737466, Reg: 0.060897
Iter 40 of 338 Loss: 0.852599, L1(Flow): 0.786772, Reg: 0.065827
Iter 50 of 338 Loss: 0.813828, L1(Flow): 0.750243, Reg: 0.063586
Iter 60 of 338 Loss: 0.825519, L1(Flow): 0.758296, Reg: 0.067222
Iter 70 of 338 Loss: 0.789054, L1(Flow): 0.725525, Reg: 0.063529
Iter 80 of 338 Loss: 0.799307, L1(Flow): 0.740444, Reg: 0.058863
Iter 90 of 338 Loss: 0.782640, L1(Flow): 0.724479, Reg: 0.058161
Iter 100 of 338 Loss: 0.752743, L1(Flow): 0.691584, Reg: 0.061159
Iter 110 of 338 Loss: 0.813917, L1(Flow): 0.754877, Reg: 0.059040
Iter 120 of 338 Loss: 0.790473, L1(Flow): 0.732423, Reg: 0.058050
Iter 130 of 338 Loss: 0.767419, L1(Flow): 0.712125, Reg: 0.055293
Iter 140 of 338 Loss: 0.807327, L1(Flow): 0.741749, Reg: 0.065578
Iter 150 of 338 Loss: 0.791266, L1(Flow): 0.731815, Reg: 0.059451
Iter 160 of 338 Loss: 0.780283, L1(Flow): 0.717754, Reg: 0.062529
Iter 170 of 338 Loss: 0.755843, L1(Flow): 0.697746, Reg: 0.058097
Iter 180 of 338 Loss: 0.767694, L1(Flow): 0.703883, Reg: 0.063811
Iter 190 of 338 Loss: 0.809704, L1(Flow): 0.744425, Reg: 0.065279
Iter 200 of 338 Loss: 0.790062, L1(Flow): 0.724145, Reg: 0.065917
Iter 210 of 338 Loss: 0.801022, L1(Flow): 0.735833, Reg: 0.065189
Iter 220 of 338 Loss: 0.737029, L1(Flow): 0.685680, Reg: 0.051349
Iter 230 of 338 Loss: 0.800321, L1(Flow): 0.741660, Reg: 0.058661
Iter 240 of 338 Loss: 0.808357, L1(Flow): 0.744386, Reg: 0.063972
Iter 250 of 338 Loss: 0.794754, L1(Flow): 0.731333, Reg: 0.063421
Iter 260 of 338 Loss: 0.784893, L1(Flow): 0.724109, Reg: 0.060784
Iter 270 of 338 Loss: 0.838811, L1(Flow): 0.780945, Reg: 0.057866
Iter 280 of 338 Loss: 0.824202, L1(Flow): 0.756980, Reg: 0.067222
Iter 290 of 338 Loss: 0.813273, L1(Flow): 0.753453, Reg: 0.059820
Iter 300 of 338 Loss: 0.785189, L1(Flow): 0.726170, Reg: 0.059019
Iter 310 of 338 Loss: 0.801394, L1(Flow): 0.741281, Reg: 0.060113
Iter 320 of 338 Loss: 0.782489, L1(Flow): 0.722267, Reg: 0.060222
Iter 330 of 338 Loss: 0.819536, L1(Flow): 0.755351, Reg: 0.064185
Epoch 199 Loss: 0.801428
Epoch 199 Validation: Mean EPE: 2.7777, Mean SSIM: 0.3992, Mean ZNCC: 0.6459
Epoch 200 starts
Iter 10 of 338 Loss: 0.772720, L1(Flow): 0.717012, Reg: 0.055708
Iter 20 of 338 Loss: 0.790707, L1(Flow): 0.728304, Reg: 0.062402
Iter 30 of 338 Loss: 0.757755, L1(Flow): 0.693458, Reg: 0.064297
Iter 40 of 338 Loss: 0.847484, L1(Flow): 0.786203, Reg: 0.061281
Iter 50 of 338 Loss: 0.836831, L1(Flow): 0.773804, Reg: 0.063027
Iter 60 of 338 Loss: 0.806785, L1(Flow): 0.743205, Reg: 0.063580
Iter 70 of 338 Loss: 0.811623, L1(Flow): 0.750358, Reg: 0.061264
Iter 80 of 338 Loss: 0.744587, L1(Flow): 0.691630, Reg: 0.052957
Iter 90 of 338 Loss: 0.809541, L1(Flow): 0.743675, Reg: 0.065865
Iter 100 of 338 Loss: 0.773368, L1(Flow): 0.715311, Reg: 0.058057
Iter 110 of 338 Loss: 0.815932, L1(Flow): 0.754617, Reg: 0.061315
Iter 120 of 338 Loss: 0.799374, L1(Flow): 0.734679, Reg: 0.064695
Iter 130 of 338 Loss: 0.795221, L1(Flow): 0.735119, Reg: 0.060101
Iter 140 of 338 Loss: 0.792678, L1(Flow): 0.731677, Reg: 0.061001
Iter 150 of 338 Loss: 0.811784, L1(Flow): 0.753885, Reg: 0.057899
Iter 160 of 338 Loss: 0.812224, L1(Flow): 0.751595, Reg: 0.060628
Iter 170 of 338 Loss: 0.804737, L1(Flow): 0.745707, Reg: 0.059030
Iter 180 of 338 Loss: 0.787234, L1(Flow): 0.732797, Reg: 0.054438
Iter 190 of 338 Loss: 0.800370, L1(Flow): 0.736927, Reg: 0.063442
Iter 200 of 338 Loss: 0.806082, L1(Flow): 0.743891, Reg: 0.062191
Iter 210 of 338 Loss: 0.799602, L1(Flow): 0.738348, Reg: 0.061254
Iter 220 of 338 Loss: 0.808932, L1(Flow): 0.748149, Reg: 0.060783
Iter 230 of 338 Loss: 0.770253, L1(Flow): 0.708159, Reg: 0.062094
Iter 240 of 338 Loss: 0.785014, L1(Flow): 0.723870, Reg: 0.061144
Iter 250 of 338 Loss: 0.815887, L1(Flow): 0.760989, Reg: 0.054897
Iter 260 of 338 Loss: 0.777531, L1(Flow): 0.720687, Reg: 0.056844
Iter 270 of 338 Loss: 0.808947, L1(Flow): 0.746007, Reg: 0.062940
Iter 280 of 338 Loss: 0.767881, L1(Flow): 0.710410, Reg: 0.057472
Iter 290 of 338 Loss: 0.843325, L1(Flow): 0.775588, Reg: 0.067737
Iter 300 of 338 Loss: 0.752985, L1(Flow): 0.692621, Reg: 0.060364
Iter 310 of 338 Loss: 0.744564, L1(Flow): 0.688204, Reg: 0.056360
Iter 320 of 338 Loss: 0.790967, L1(Flow): 0.731641, Reg: 0.059325
Iter 330 of 338 Loss: 0.797112, L1(Flow): 0.733058, Reg: 0.064054
Epoch 200 Loss: 0.798990
Epoch 200 Validation: Mean EPE: 2.7745, Mean SSIM: 0.3986, Mean ZNCC: 0.6460
--> Saved to Top 5 best models (EPE: 2.7745)
Epoch 201 starts
Iter 10 of 338 Loss: 0.867435, L1(Flow): 0.804126, Reg: 0.063310
Iter 20 of 338 Loss: 0.805630, L1(Flow): 0.744126, Reg: 0.061504
Iter 30 of 338 Loss: 0.771523, L1(Flow): 0.711172, Reg: 0.060351
Iter 40 of 338 Loss: 0.779696, L1(Flow): 0.725175, Reg: 0.054522
Iter 50 of 338 Loss: 0.765000, L1(Flow): 0.706800, Reg: 0.058200
Iter 60 of 338 Loss: 0.817706, L1(Flow): 0.755388, Reg: 0.062318
Iter 70 of 338 Loss: 0.799575, L1(Flow): 0.738936, Reg: 0.060639
Iter 80 of 338 Loss: 0.737810, L1(Flow): 0.682374, Reg: 0.055436
Iter 90 of 338 Loss: 0.776516, L1(Flow): 0.717351, Reg: 0.059165
Iter 100 of 338 Loss: 0.840652, L1(Flow): 0.777834, Reg: 0.062818
Iter 110 of 338 Loss: 0.809189, L1(Flow): 0.744568, Reg: 0.064621
Iter 120 of 338 Loss: 0.792258, L1(Flow): 0.734193, Reg: 0.058065
Iter 130 of 338 Loss: 0.798617, L1(Flow): 0.734569, Reg: 0.064048
Iter 140 of 338 Loss: 0.813342, L1(Flow): 0.746106, Reg: 0.067236
Iter 150 of 338 Loss: 0.776548, L1(Flow): 0.711779, Reg: 0.064769
Iter 160 of 338 Loss: 0.804062, L1(Flow): 0.745884, Reg: 0.058179
Iter 170 of 338 Loss: 0.799943, L1(Flow): 0.737540, Reg: 0.062403
Iter 180 of 338 Loss: 0.831963, L1(Flow): 0.765512, Reg: 0.066451
Iter 190 of 338 Loss: 0.854038, L1(Flow): 0.784601, Reg: 0.069437
Iter 200 of 338 Loss: 0.809846, L1(Flow): 0.748844, Reg: 0.061002
Iter 210 of 338 Loss: 0.833799, L1(Flow): 0.764703, Reg: 0.069096
Iter 220 of 338 Loss: 0.819813, L1(Flow): 0.757886, Reg: 0.061927
Iter 230 of 338 Loss: 0.801104, L1(Flow): 0.738417, Reg: 0.062687
Iter 240 of 338 Loss: 0.798077, L1(Flow): 0.737124, Reg: 0.060953
Iter 250 of 338 Loss: 0.833731, L1(Flow): 0.764913, Reg: 0.068818
Iter 260 of 338 Loss: 0.786475, L1(Flow): 0.727254, Reg: 0.059222
Iter 270 of 338 Loss: 0.783903, L1(Flow): 0.725983, Reg: 0.057920
Iter 280 of 338 Loss: 0.831101, L1(Flow): 0.770727, Reg: 0.060374
Iter 290 of 338 Loss: 0.805760, L1(Flow): 0.743611, Reg: 0.062149
Iter 300 of 338 Loss: 0.793505, L1(Flow): 0.738916, Reg: 0.054589
Iter 310 of 338 Loss: 0.784561, L1(Flow): 0.721995, Reg: 0.062567
Iter 320 of 338 Loss: 0.778097, L1(Flow): 0.723886, Reg: 0.054211
Iter 330 of 338 Loss: 0.772052, L1(Flow): 0.710207, Reg: 0.061845
Epoch 201 Loss: 0.798056
Epoch 201 Validation: Mean EPE: 2.7763, Mean SSIM: 0.3978, Mean ZNCC: 0.6457
Epoch 202 starts
Iter 10 of 338 Loss: 0.754887, L1(Flow): 0.699985, Reg: 0.054902
Iter 20 of 338 Loss: 0.841592, L1(Flow): 0.773918, Reg: 0.067673
Iter 30 of 338 Loss: 0.741020, L1(Flow): 0.683428, Reg: 0.057592
Iter 40 of 338 Loss: 0.778346, L1(Flow): 0.719052, Reg: 0.059294
Iter 50 of 338 Loss: 0.801933, L1(Flow): 0.741203, Reg: 0.060731
Iter 60 of 338 Loss: 0.773923, L1(Flow): 0.713714, Reg: 0.060209
Iter 70 of 338 Loss: 0.821434, L1(Flow): 0.755072, Reg: 0.066362
Iter 80 of 338 Loss: 0.822147, L1(Flow): 0.757738, Reg: 0.064409
Iter 90 of 338 Loss: 0.798380, L1(Flow): 0.739724, Reg: 0.058656
Iter 100 of 338 Loss: 0.775960, L1(Flow): 0.715186, Reg: 0.060773
Iter 110 of 338 Loss: 0.827903, L1(Flow): 0.760305, Reg: 0.067598
Iter 120 of 338 Loss: 0.816579, L1(Flow): 0.753171, Reg: 0.063407
Iter 130 of 338 Loss: 0.787257, L1(Flow): 0.729330, Reg: 0.057927
Iter 140 of 338 Loss: 0.814261, L1(Flow): 0.753768, Reg: 0.060493
Iter 150 of 338 Loss: 0.816528, L1(Flow): 0.755548, Reg: 0.060981
Iter 160 of 338 Loss: 0.759571, L1(Flow): 0.701625, Reg: 0.057946
Iter 170 of 338 Loss: 0.797478, L1(Flow): 0.735308, Reg: 0.062169
Iter 180 of 338 Loss: 0.815829, L1(Flow): 0.751336, Reg: 0.064493
Iter 190 of 338 Loss: 0.765540, L1(Flow): 0.703483, Reg: 0.062057
Iter 200 of 338 Loss: 0.808923, L1(Flow): 0.749664, Reg: 0.059259
Iter 210 of 338 Loss: 0.800683, L1(Flow): 0.742528, Reg: 0.058155
Iter 220 of 338 Loss: 0.781648, L1(Flow): 0.720705, Reg: 0.060943
Iter 230 of 338 Loss: 0.787035, L1(Flow): 0.727400, Reg: 0.059635
Iter 240 of 338 Loss: 0.752631, L1(Flow): 0.700129, Reg: 0.052501
Iter 250 of 338 Loss: 0.828044, L1(Flow): 0.763052, Reg: 0.064992
Iter 260 of 338 Loss: 0.773282, L1(Flow): 0.717775, Reg: 0.055507
Iter 270 of 338 Loss: 0.787970, L1(Flow): 0.727333, Reg: 0.060637
Iter 280 of 338 Loss: 0.806869, L1(Flow): 0.738196, Reg: 0.068673
Iter 290 of 338 Loss: 0.787354, L1(Flow): 0.726897, Reg: 0.060457
Iter 300 of 338 Loss: 0.797324, L1(Flow): 0.738794, Reg: 0.058530
Iter 310 of 338 Loss: 0.773576, L1(Flow): 0.717214, Reg: 0.056363
Iter 320 of 338 Loss: 0.804991, L1(Flow): 0.743279, Reg: 0.061711
Iter 330 of 338 Loss: 0.791846, L1(Flow): 0.730964, Reg: 0.060881
Epoch 202 Loss: 0.792370
Epoch 202 Validation: Mean EPE: 2.7812, Mean SSIM: 0.3986, Mean ZNCC: 0.6456
Epoch 203 starts
Iter 10 of 338 Loss: 0.825903, L1(Flow): 0.759145, Reg: 0.066758
Iter 20 of 338 Loss: 0.777854, L1(Flow): 0.720003, Reg: 0.057851
Iter 30 of 338 Loss: 0.787603, L1(Flow): 0.729688, Reg: 0.057916
Iter 40 of 338 Loss: 0.843081, L1(Flow): 0.776491, Reg: 0.066591
Iter 50 of 338 Loss: 0.779265, L1(Flow): 0.719022, Reg: 0.060243
Iter 60 of 338 Loss: 0.790316, L1(Flow): 0.731487, Reg: 0.058828
Iter 70 of 338 Loss: 0.792457, L1(Flow): 0.729134, Reg: 0.063324
Iter 80 of 338 Loss: 0.811894, L1(Flow): 0.746994, Reg: 0.064900
Iter 90 of 338 Loss: 0.770424, L1(Flow): 0.711033, Reg: 0.059390
Iter 100 of 338 Loss: 0.798464, L1(Flow): 0.738237, Reg: 0.060228
Iter 110 of 338 Loss: 0.797760, L1(Flow): 0.726162, Reg: 0.071598
Iter 120 of 338 Loss: 0.732014, L1(Flow): 0.677802, Reg: 0.054212
Iter 130 of 338 Loss: 0.779519, L1(Flow): 0.718997, Reg: 0.060522
Iter 140 of 338 Loss: 0.771345, L1(Flow): 0.713951, Reg: 0.057394
Iter 150 of 338 Loss: 0.787531, L1(Flow): 0.728279, Reg: 0.059252
Iter 160 of 338 Loss: 0.758200, L1(Flow): 0.696315, Reg: 0.061886
Iter 170 of 338 Loss: 0.750029, L1(Flow): 0.693045, Reg: 0.056984
Iter 180 of 338 Loss: 0.759374, L1(Flow): 0.702286, Reg: 0.057088
Iter 190 of 338 Loss: 0.779773, L1(Flow): 0.717232, Reg: 0.062541
Iter 200 of 338 Loss: 0.816314, L1(Flow): 0.756600, Reg: 0.059714
Iter 210 of 338 Loss: 0.837745, L1(Flow): 0.770419, Reg: 0.067326
Iter 220 of 338 Loss: 0.812572, L1(Flow): 0.748895, Reg: 0.063676
Iter 230 of 338 Loss: 0.808593, L1(Flow): 0.747224, Reg: 0.061369
Iter 240 of 338 Loss: 0.759420, L1(Flow): 0.701617, Reg: 0.057803
Iter 250 of 338 Loss: 0.785508, L1(Flow): 0.724462, Reg: 0.061046
Iter 260 of 338 Loss: 0.851610, L1(Flow): 0.786843, Reg: 0.064767
Iter 270 of 338 Loss: 0.819101, L1(Flow): 0.759075, Reg: 0.060026
Iter 280 of 338 Loss: 0.756481, L1(Flow): 0.702267, Reg: 0.054215
Iter 290 of 338 Loss: 0.790178, L1(Flow): 0.726244, Reg: 0.063934
Iter 300 of 338 Loss: 0.761063, L1(Flow): 0.701870, Reg: 0.059194
Iter 310 of 338 Loss: 0.721327, L1(Flow): 0.668220, Reg: 0.053107
Iter 320 of 338 Loss: 0.750358, L1(Flow): 0.690417, Reg: 0.059941
Iter 330 of 338 Loss: 0.862371, L1(Flow): 0.794019, Reg: 0.068352
Epoch 203 Loss: 0.791578
Epoch 203 Validation: Mean EPE: 2.7767, Mean SSIM: 0.3987, Mean ZNCC: 0.6457
Epoch 204 starts
Iter 10 of 338 Loss: 0.799020, L1(Flow): 0.736150, Reg: 0.062870
Iter 20 of 338 Loss: 0.765508, L1(Flow): 0.707946, Reg: 0.057562
Iter 30 of 338 Loss: 0.819464, L1(Flow): 0.756982, Reg: 0.062483
Iter 40 of 338 Loss: 0.786037, L1(Flow): 0.726304, Reg: 0.059732
Iter 50 of 338 Loss: 0.830637, L1(Flow): 0.764895, Reg: 0.065742
Iter 60 of 338 Loss: 0.814875, L1(Flow): 0.754060, Reg: 0.060815
Iter 70 of 338 Loss: 0.839461, L1(Flow): 0.772223, Reg: 0.067238
Iter 80 of 338 Loss: 0.792197, L1(Flow): 0.732797, Reg: 0.059401
Iter 90 of 338 Loss: 0.790372, L1(Flow): 0.736197, Reg: 0.054175
Iter 100 of 338 Loss: 0.795680, L1(Flow): 0.734862, Reg: 0.060819
Iter 110 of 338 Loss: 0.758584, L1(Flow): 0.697141, Reg: 0.061443
Iter 120 of 338 Loss: 0.767879, L1(Flow): 0.703035, Reg: 0.064845
Iter 130 of 338 Loss: 0.735982, L1(Flow): 0.681702, Reg: 0.054280
Iter 140 of 338 Loss: 0.773678, L1(Flow): 0.714707, Reg: 0.058971
Iter 150 of 338 Loss: 0.770535, L1(Flow): 0.714067, Reg: 0.056468
Iter 160 of 338 Loss: 0.800571, L1(Flow): 0.741988, Reg: 0.058583
Iter 170 of 338 Loss: 0.826247, L1(Flow): 0.756839, Reg: 0.069408
Iter 180 of 338 Loss: 0.779240, L1(Flow): 0.720981, Reg: 0.058259
Iter 190 of 338 Loss: 0.790131, L1(Flow): 0.732857, Reg: 0.057274
Iter 200 of 338 Loss: 0.836899, L1(Flow): 0.775943, Reg: 0.060956
Iter 210 of 338 Loss: 0.790707, L1(Flow): 0.733224, Reg: 0.057483
Iter 220 of 338 Loss: 0.798040, L1(Flow): 0.734831, Reg: 0.063209
Iter 230 of 338 Loss: 0.774249, L1(Flow): 0.712574, Reg: 0.061675
Iter 240 of 338 Loss: 0.786894, L1(Flow): 0.722740, Reg: 0.064155
Iter 250 of 338 Loss: 0.802083, L1(Flow): 0.747492, Reg: 0.054591
Iter 260 of 338 Loss: 0.788595, L1(Flow): 0.730812, Reg: 0.057783
Iter 270 of 338 Loss: 0.797094, L1(Flow): 0.741723, Reg: 0.055372
Iter 280 of 338 Loss: 0.828126, L1(Flow): 0.764093, Reg: 0.064032
Iter 290 of 338 Loss: 0.798444, L1(Flow): 0.740245, Reg: 0.058199
Iter 300 of 338 Loss: 0.839602, L1(Flow): 0.774098, Reg: 0.065504
Iter 310 of 338 Loss: 0.767479, L1(Flow): 0.706178, Reg: 0.061301
Iter 320 of 338 Loss: 0.806708, L1(Flow): 0.745030, Reg: 0.061678
Iter 330 of 338 Loss: 0.825035, L1(Flow): 0.760255, Reg: 0.064780
Epoch 204 Loss: 0.794329
Epoch 204 Validation: Mean EPE: 2.7805, Mean SSIM: 0.3991, Mean ZNCC: 0.6458
Epoch 205 starts
Iter 10 of 338 Loss: 0.784859, L1(Flow): 0.721595, Reg: 0.063264
Iter 20 of 338 Loss: 0.820214, L1(Flow): 0.759862, Reg: 0.060352
Iter 30 of 338 Loss: 0.828672, L1(Flow): 0.764115, Reg: 0.064557
Iter 40 of 338 Loss: 0.774133, L1(Flow): 0.716927, Reg: 0.057205
Iter 50 of 338 Loss: 0.763964, L1(Flow): 0.710857, Reg: 0.053107
Iter 60 of 338 Loss: 0.774759, L1(Flow): 0.716421, Reg: 0.058338
Iter 70 of 338 Loss: 0.806970, L1(Flow): 0.746657, Reg: 0.060313
Iter 80 of 338 Loss: 0.785930, L1(Flow): 0.729317, Reg: 0.056613
Iter 90 of 338 Loss: 0.822689, L1(Flow): 0.758238, Reg: 0.064451
Iter 100 of 338 Loss: 0.743625, L1(Flow): 0.691400, Reg: 0.052225
Iter 110 of 338 Loss: 0.795863, L1(Flow): 0.737199, Reg: 0.058663
Iter 120 of 338 Loss: 0.794497, L1(Flow): 0.734166, Reg: 0.060331
Iter 130 of 338 Loss: 0.851415, L1(Flow): 0.786116, Reg: 0.065299
Iter 140 of 338 Loss: 0.818118, L1(Flow): 0.757972, Reg: 0.060146
Iter 150 of 338 Loss: 0.817446, L1(Flow): 0.755708, Reg: 0.061738
Iter 160 of 338 Loss: 0.811420, L1(Flow): 0.748826, Reg: 0.062595
Iter 170 of 338 Loss: 0.773786, L1(Flow): 0.708705, Reg: 0.065081
Iter 180 of 338 Loss: 0.766524, L1(Flow): 0.708349, Reg: 0.058175
Iter 190 of 338 Loss: 0.796062, L1(Flow): 0.740282, Reg: 0.055780
Iter 200 of 338 Loss: 0.810625, L1(Flow): 0.745201, Reg: 0.065424
Iter 210 of 338 Loss: 0.808827, L1(Flow): 0.745296, Reg: 0.063531
Iter 220 of 338 Loss: 0.731427, L1(Flow): 0.678142, Reg: 0.053284
Iter 230 of 338 Loss: 0.763366, L1(Flow): 0.705484, Reg: 0.057882
Iter 240 of 338 Loss: 0.771522, L1(Flow): 0.708448, Reg: 0.063074
Iter 250 of 338 Loss: 0.816548, L1(Flow): 0.755521, Reg: 0.061027
Iter 260 of 338 Loss: 0.755336, L1(Flow): 0.699858, Reg: 0.055479
Iter 270 of 338 Loss: 0.798083, L1(Flow): 0.737005, Reg: 0.061078
Iter 280 of 338 Loss: 0.775863, L1(Flow): 0.715055, Reg: 0.060808
Iter 290 of 338 Loss: 0.796234, L1(Flow): 0.738554, Reg: 0.057679
Iter 300 of 338 Loss: 0.826415, L1(Flow): 0.759789, Reg: 0.066625
Iter 310 of 338 Loss: 0.822483, L1(Flow): 0.755179, Reg: 0.067304
Iter 320 of 338 Loss: 0.767446, L1(Flow): 0.708686, Reg: 0.058760
Iter 330 of 338 Loss: 0.779118, L1(Flow): 0.719969, Reg: 0.059149
Epoch 205 Loss: 0.796357
Epoch 205 Validation: Mean EPE: 2.7716, Mean SSIM: 0.3981, Mean ZNCC: 0.6459
--> Saved to Top 5 best models (EPE: 2.7716)
Epoch 206 starts
Iter 10 of 338 Loss: 0.801041, L1(Flow): 0.736214, Reg: 0.064827
Iter 20 of 338 Loss: 0.806370, L1(Flow): 0.742110, Reg: 0.064260
Iter 30 of 338 Loss: 0.769772, L1(Flow): 0.708901, Reg: 0.060872
Iter 40 of 338 Loss: 0.828731, L1(Flow): 0.766735, Reg: 0.061996
Iter 50 of 338 Loss: 0.781394, L1(Flow): 0.720767, Reg: 0.060626
Iter 60 of 338 Loss: 0.823689, L1(Flow): 0.764200, Reg: 0.059488
Iter 70 of 338 Loss: 0.806650, L1(Flow): 0.746800, Reg: 0.059851
Iter 80 of 338 Loss: 0.793178, L1(Flow): 0.735773, Reg: 0.057405
Iter 90 of 338 Loss: 0.809533, L1(Flow): 0.744225, Reg: 0.065308
Iter 100 of 338 Loss: 0.785143, L1(Flow): 0.723206, Reg: 0.061937
Iter 110 of 338 Loss: 0.786581, L1(Flow): 0.720446, Reg: 0.066135
Iter 120 of 338 Loss: 0.764636, L1(Flow): 0.704220, Reg: 0.060416
Iter 130 of 338 Loss: 0.798005, L1(Flow): 0.740294, Reg: 0.057711
Iter 140 of 338 Loss: 0.808750, L1(Flow): 0.745744, Reg: 0.063006
Iter 150 of 338 Loss: 0.841776, L1(Flow): 0.774254, Reg: 0.067522
Iter 160 of 338 Loss: 0.776689, L1(Flow): 0.720582, Reg: 0.056107
Iter 170 of 338 Loss: 0.774101, L1(Flow): 0.715390, Reg: 0.058711
Iter 180 of 338 Loss: 0.856366, L1(Flow): 0.788875, Reg: 0.067491
Iter 190 of 338 Loss: 0.734854, L1(Flow): 0.683070, Reg: 0.051784
Iter 200 of 338 Loss: 0.805877, L1(Flow): 0.743814, Reg: 0.062063
Iter 210 of 338 Loss: 0.790256, L1(Flow): 0.724878, Reg: 0.065378
Iter 220 of 338 Loss: 0.785580, L1(Flow): 0.720313, Reg: 0.065267
Iter 230 of 338 Loss: 0.749078, L1(Flow): 0.690581, Reg: 0.058497
Iter 240 of 338 Loss: 0.745926, L1(Flow): 0.688938, Reg: 0.056988
Iter 250 of 338 Loss: 0.828353, L1(Flow): 0.764640, Reg: 0.063713
Iter 260 of 338 Loss: 0.791847, L1(Flow): 0.729223, Reg: 0.062624
Iter 270 of 338 Loss: 0.756591, L1(Flow): 0.695759, Reg: 0.060832
Iter 280 of 338 Loss: 0.825724, L1(Flow): 0.758533, Reg: 0.067191
Iter 290 of 338 Loss: 0.836221, L1(Flow): 0.769978, Reg: 0.066243
Iter 300 of 338 Loss: 0.803280, L1(Flow): 0.742710, Reg: 0.060570
Iter 310 of 338 Loss: 0.796719, L1(Flow): 0.736423, Reg: 0.060295
Iter 320 of 338 Loss: 0.798768, L1(Flow): 0.737968, Reg: 0.060799
Iter 330 of 338 Loss: 0.802101, L1(Flow): 0.740863, Reg: 0.061238
Epoch 206 Loss: 0.788328
Epoch 206 Validation: Mean EPE: 2.7830, Mean SSIM: 0.3980, Mean ZNCC: 0.6457
Epoch 207 starts
Iter 10 of 338 Loss: 0.792125, L1(Flow): 0.734968, Reg: 0.057157
Iter 20 of 338 Loss: 0.738567, L1(Flow): 0.684116, Reg: 0.054450
Iter 30 of 338 Loss: 0.779682, L1(Flow): 0.718100, Reg: 0.061583
Iter 40 of 338 Loss: 0.765848, L1(Flow): 0.704026, Reg: 0.061822
Iter 50 of 338 Loss: 0.753607, L1(Flow): 0.693139, Reg: 0.060468
Iter 60 of 338 Loss: 0.778082, L1(Flow): 0.720180, Reg: 0.057903
Iter 70 of 338 Loss: 0.780580, L1(Flow): 0.724550, Reg: 0.056030
Iter 80 of 338 Loss: 0.785052, L1(Flow): 0.727003, Reg: 0.058050
Iter 90 of 338 Loss: 0.815813, L1(Flow): 0.755935, Reg: 0.059878
Iter 100 of 338 Loss: 0.754058, L1(Flow): 0.697156, Reg: 0.056901
Iter 110 of 338 Loss: 0.809724, L1(Flow): 0.748799, Reg: 0.060925
Iter 120 of 338 Loss: 0.800091, L1(Flow): 0.739607, Reg: 0.060484
Iter 130 of 338 Loss: 0.774752, L1(Flow): 0.715807, Reg: 0.058945
Iter 140 of 338 Loss: 0.798427, L1(Flow): 0.739108, Reg: 0.059319
Iter 150 of 338 Loss: 0.788011, L1(Flow): 0.728895, Reg: 0.059116
Iter 160 of 338 Loss: 0.826994, L1(Flow): 0.765571, Reg: 0.061423
Iter 170 of 338 Loss: 0.766717, L1(Flow): 0.704716, Reg: 0.062002
Iter 180 of 338 Loss: 0.807957, L1(Flow): 0.743585, Reg: 0.064373
Iter 190 of 338 Loss: 0.824855, L1(Flow): 0.758671, Reg: 0.066183
Iter 200 of 338 Loss: 0.809519, L1(Flow): 0.742538, Reg: 0.066981
Iter 210 of 338 Loss: 0.785976, L1(Flow): 0.727285, Reg: 0.058692
Iter 220 of 338 Loss: 0.778774, L1(Flow): 0.719680, Reg: 0.059093
Iter 230 of 338 Loss: 0.817579, L1(Flow): 0.759558, Reg: 0.058021
Iter 240 of 338 Loss: 0.795202, L1(Flow): 0.735860, Reg: 0.059342
Iter 250 of 338 Loss: 0.808390, L1(Flow): 0.740725, Reg: 0.067665
Iter 260 of 338 Loss: 0.756777, L1(Flow): 0.702387, Reg: 0.054390
Iter 270 of 338 Loss: 0.771719, L1(Flow): 0.713795, Reg: 0.057924
Iter 280 of 338 Loss: 0.781673, L1(Flow): 0.720954, Reg: 0.060718
Iter 290 of 338 Loss: 0.714369, L1(Flow): 0.659490, Reg: 0.054878
Iter 300 of 338 Loss: 0.791352, L1(Flow): 0.730765, Reg: 0.060587
Iter 310 of 338 Loss: 0.797999, L1(Flow): 0.730298, Reg: 0.067702
Iter 320 of 338 Loss: 0.762785, L1(Flow): 0.704536, Reg: 0.058249
Iter 330 of 338 Loss: 0.796160, L1(Flow): 0.732083, Reg: 0.064077
Epoch 207 Loss: 0.788470
Epoch 207 Validation: Mean EPE: 2.7699, Mean SSIM: 0.3990, Mean ZNCC: 0.6460
--> Saved to Top 5 best models (EPE: 2.7699)
Epoch 208 starts
Iter 10 of 338 Loss: 0.795268, L1(Flow): 0.735272, Reg: 0.059996
Iter 20 of 338 Loss: 0.795854, L1(Flow): 0.735115, Reg: 0.060739
Iter 30 of 338 Loss: 0.766585, L1(Flow): 0.707557, Reg: 0.059028
Iter 40 of 338 Loss: 0.789773, L1(Flow): 0.727529, Reg: 0.062244
Iter 50 of 338 Loss: 0.821132, L1(Flow): 0.756499, Reg: 0.064633
Iter 60 of 338 Loss: 0.788432, L1(Flow): 0.730601, Reg: 0.057831
Iter 70 of 338 Loss: 0.814861, L1(Flow): 0.749694, Reg: 0.065166
Iter 80 of 338 Loss: 0.757177, L1(Flow): 0.701850, Reg: 0.055327
Iter 90 of 338 Loss: 0.751545, L1(Flow): 0.693536, Reg: 0.058009
Iter 100 of 338 Loss: 0.798003, L1(Flow): 0.730715, Reg: 0.067288
Iter 110 of 338 Loss: 0.778473, L1(Flow): 0.717924, Reg: 0.060548
Iter 120 of 338 Loss: 0.769705, L1(Flow): 0.712407, Reg: 0.057297
Iter 130 of 338 Loss: 0.804635, L1(Flow): 0.747031, Reg: 0.057603
Iter 140 of 338 Loss: 0.809009, L1(Flow): 0.745948, Reg: 0.063060
Iter 150 of 338 Loss: 0.782806, L1(Flow): 0.715912, Reg: 0.066894
Iter 160 of 338 Loss: 0.807534, L1(Flow): 0.749314, Reg: 0.058219
Iter 170 of 338 Loss: 0.806336, L1(Flow): 0.746924, Reg: 0.059412
Iter 180 of 338 Loss: 0.793670, L1(Flow): 0.731646, Reg: 0.062024
Iter 190 of 338 Loss: 0.762143, L1(Flow): 0.701466, Reg: 0.060678
Iter 200 of 338 Loss: 0.763503, L1(Flow): 0.705888, Reg: 0.057615
Iter 210 of 338 Loss: 0.804133, L1(Flow): 0.740543, Reg: 0.063589
Iter 220 of 338 Loss: 0.805919, L1(Flow): 0.742128, Reg: 0.063792
Iter 230 of 338 Loss: 0.770773, L1(Flow): 0.712528, Reg: 0.058245
Iter 240 of 338 Loss: 0.781470, L1(Flow): 0.718749, Reg: 0.062721
Iter 250 of 338 Loss: 0.772483, L1(Flow): 0.713598, Reg: 0.058885
Iter 260 of 338 Loss: 0.762466, L1(Flow): 0.705913, Reg: 0.056553
Iter 270 of 338 Loss: 0.737994, L1(Flow): 0.679762, Reg: 0.058233
Iter 280 of 338 Loss: 0.757737, L1(Flow): 0.700115, Reg: 0.057622
Iter 290 of 338 Loss: 0.771721, L1(Flow): 0.714352, Reg: 0.057370
Iter 300 of 338 Loss: 0.794178, L1(Flow): 0.733022, Reg: 0.061157
Iter 310 of 338 Loss: 0.779094, L1(Flow): 0.717406, Reg: 0.061688
Iter 320 of 338 Loss: 0.828730, L1(Flow): 0.762860, Reg: 0.065870
Iter 330 of 338 Loss: 0.855851, L1(Flow): 0.785994, Reg: 0.069857
Epoch 208 Loss: 0.785695
Epoch 208 Validation: Mean EPE: 2.7813, Mean SSIM: 0.3975, Mean ZNCC: 0.6456
Epoch 209 starts
Iter 10 of 338 Loss: 0.821214, L1(Flow): 0.761287, Reg: 0.059927
Iter 20 of 338 Loss: 0.790864, L1(Flow): 0.736910, Reg: 0.053954
Iter 30 of 338 Loss: 0.762809, L1(Flow): 0.706568, Reg: 0.056241
Iter 40 of 338 Loss: 0.715798, L1(Flow): 0.666004, Reg: 0.049794
Iter 50 of 338 Loss: 0.757654, L1(Flow): 0.699314, Reg: 0.058340
Iter 60 of 338 Loss: 0.778278, L1(Flow): 0.716610, Reg: 0.061668
Iter 70 of 338 Loss: 0.786826, L1(Flow): 0.727085, Reg: 0.059741
Iter 80 of 338 Loss: 0.778448, L1(Flow): 0.716410, Reg: 0.062039
Iter 90 of 338 Loss: 0.777467, L1(Flow): 0.719488, Reg: 0.057979
Iter 100 of 338 Loss: 0.788563, L1(Flow): 0.726882, Reg: 0.061681
Iter 110 of 338 Loss: 0.817192, L1(Flow): 0.751285, Reg: 0.065907
Iter 120 of 338 Loss: 0.778902, L1(Flow): 0.719268, Reg: 0.059634
Iter 130 of 338 Loss: 0.787191, L1(Flow): 0.725967, Reg: 0.061224
Iter 140 of 338 Loss: 0.815428, L1(Flow): 0.753854, Reg: 0.061574
Iter 150 of 338 Loss: 0.766857, L1(Flow): 0.708975, Reg: 0.057882
Iter 160 of 338 Loss: 0.788430, L1(Flow): 0.727274, Reg: 0.061156
Iter 170 of 338 Loss: 0.753164, L1(Flow): 0.695935, Reg: 0.057229
Iter 180 of 338 Loss: 0.728842, L1(Flow): 0.674981, Reg: 0.053861
Iter 190 of 338 Loss: 0.720225, L1(Flow): 0.670758, Reg: 0.049467
Iter 200 of 338 Loss: 0.756520, L1(Flow): 0.697664, Reg: 0.058856
Iter 210 of 338 Loss: 0.798368, L1(Flow): 0.734184, Reg: 0.064184
Iter 220 of 338 Loss: 0.777276, L1(Flow): 0.715595, Reg: 0.061681
Iter 230 of 338 Loss: 0.750522, L1(Flow): 0.690489, Reg: 0.060033
Iter 240 of 338 Loss: 0.769205, L1(Flow): 0.711776, Reg: 0.057429
Iter 250 of 338 Loss: 0.792608, L1(Flow): 0.735751, Reg: 0.056857
Iter 260 of 338 Loss: 0.796637, L1(Flow): 0.732072, Reg: 0.064566
Iter 270 of 338 Loss: 0.738790, L1(Flow): 0.682594, Reg: 0.056196
Iter 280 of 338 Loss: 0.773029, L1(Flow): 0.716229, Reg: 0.056800
Iter 290 of 338 Loss: 0.774015, L1(Flow): 0.717016, Reg: 0.056999
Iter 300 of 338 Loss: 0.767022, L1(Flow): 0.711024, Reg: 0.055998
Iter 310 of 338 Loss: 0.764195, L1(Flow): 0.704787, Reg: 0.059408
Iter 320 of 338 Loss: 0.773917, L1(Flow): 0.713005, Reg: 0.060912
Iter 330 of 338 Loss: 0.789498, L1(Flow): 0.724044, Reg: 0.065454
Epoch 209 Loss: 0.781797
Epoch 209 Validation: Mean EPE: 2.7701, Mean SSIM: 0.3988, Mean ZNCC: 0.6459
--> Saved to Top 5 best models (EPE: 2.7701)
Epoch 210 starts
Iter 10 of 338 Loss: 0.837817, L1(Flow): 0.771390, Reg: 0.066428
Iter 20 of 338 Loss: 0.771636, L1(Flow): 0.711950, Reg: 0.059686
Iter 30 of 338 Loss: 0.759709, L1(Flow): 0.701056, Reg: 0.058652
Iter 40 of 338 Loss: 0.829437, L1(Flow): 0.768852, Reg: 0.060585
Iter 50 of 338 Loss: 0.783012, L1(Flow): 0.718827, Reg: 0.064185
Iter 60 of 338 Loss: 0.765622, L1(Flow): 0.702332, Reg: 0.063290
Iter 70 of 338 Loss: 0.774867, L1(Flow): 0.716129, Reg: 0.058739
Iter 80 of 338 Loss: 0.749610, L1(Flow): 0.691463, Reg: 0.058147
Iter 90 of 338 Loss: 0.791133, L1(Flow): 0.725892, Reg: 0.065240
Iter 100 of 338 Loss: 0.768655, L1(Flow): 0.708586, Reg: 0.060069
Iter 110 of 338 Loss: 0.753757, L1(Flow): 0.698752, Reg: 0.055005
Iter 120 of 338 Loss: 0.789581, L1(Flow): 0.728577, Reg: 0.061004
Iter 130 of 338 Loss: 0.786752, L1(Flow): 0.725092, Reg: 0.061660
Iter 140 of 338 Loss: 0.831027, L1(Flow): 0.757325, Reg: 0.073702
Iter 150 of 338 Loss: 0.822863, L1(Flow): 0.760679, Reg: 0.062184
Iter 160 of 338 Loss: 0.760712, L1(Flow): 0.702272, Reg: 0.058439
Iter 170 of 338 Loss: 0.767223, L1(Flow): 0.706676, Reg: 0.060547
Iter 180 of 338 Loss: 0.809567, L1(Flow): 0.745795, Reg: 0.063772
Iter 190 of 338 Loss: 0.755696, L1(Flow): 0.696845, Reg: 0.058851
Iter 200 of 338 Loss: 0.757507, L1(Flow): 0.694336, Reg: 0.063171
Iter 210 of 338 Loss: 0.792786, L1(Flow): 0.734733, Reg: 0.058053
Iter 220 of 338 Loss: 0.743229, L1(Flow): 0.684605, Reg: 0.058623
Iter 230 of 338 Loss: 0.787919, L1(Flow): 0.723579, Reg: 0.064340
Iter 240 of 338 Loss: 0.770894, L1(Flow): 0.713038, Reg: 0.057856
Iter 250 of 338 Loss: 0.826984, L1(Flow): 0.761530, Reg: 0.065453
Iter 260 of 338 Loss: 0.786561, L1(Flow): 0.726337, Reg: 0.060224
Iter 270 of 338 Loss: 0.803274, L1(Flow): 0.741132, Reg: 0.062142
Iter 280 of 338 Loss: 0.775728, L1(Flow): 0.718455, Reg: 0.057273
Iter 290 of 338 Loss: 0.710877, L1(Flow): 0.657870, Reg: 0.053007
Iter 300 of 338 Loss: 0.776093, L1(Flow): 0.714988, Reg: 0.061105
Iter 310 of 338 Loss: 0.792785, L1(Flow): 0.730805, Reg: 0.061979
Iter 320 of 338 Loss: 0.755855, L1(Flow): 0.704485, Reg: 0.051370
Iter 330 of 338 Loss: 0.796317, L1(Flow): 0.739593, Reg: 0.056725
Epoch 210 Loss: 0.779304
Epoch 210 Validation: Mean EPE: 2.8091, Mean SSIM: 0.3970, Mean ZNCC: 0.6454
Epoch 211 starts
Iter 10 of 338 Loss: 0.825200, L1(Flow): 0.761270, Reg: 0.063930
Iter 20 of 338 Loss: 0.874970, L1(Flow): 0.802231, Reg: 0.072739
Iter 30 of 338 Loss: 0.787276, L1(Flow): 0.725328, Reg: 0.061948
Iter 40 of 338 Loss: 0.825546, L1(Flow): 0.761256, Reg: 0.064290
Iter 50 of 338 Loss: 0.774744, L1(Flow): 0.713487, Reg: 0.061257
Iter 60 of 338 Loss: 0.744817, L1(Flow): 0.685642, Reg: 0.059175
Iter 70 of 338 Loss: 0.739767, L1(Flow): 0.682391, Reg: 0.057376
Iter 80 of 338 Loss: 0.811268, L1(Flow): 0.745218, Reg: 0.066050
Iter 90 of 338 Loss: 0.794785, L1(Flow): 0.733374, Reg: 0.061411
Iter 100 of 338 Loss: 0.789902, L1(Flow): 0.727817, Reg: 0.062085
Iter 110 of 338 Loss: 0.775701, L1(Flow): 0.711064, Reg: 0.064637
Iter 120 of 338 Loss: 0.791930, L1(Flow): 0.731573, Reg: 0.060356
Iter 130 of 338 Loss: 0.760884, L1(Flow): 0.698681, Reg: 0.062204
Iter 140 of 338 Loss: 0.761788, L1(Flow): 0.702459, Reg: 0.059330
Iter 150 of 338 Loss: 0.793830, L1(Flow): 0.731170, Reg: 0.062659
Iter 160 of 338 Loss: 0.765326, L1(Flow): 0.705707, Reg: 0.059619
Iter 170 of 338 Loss: 0.786469, L1(Flow): 0.723468, Reg: 0.063001
Iter 180 of 338 Loss: 0.774702, L1(Flow): 0.713374, Reg: 0.061328
Iter 190 of 338 Loss: 0.829256, L1(Flow): 0.762534, Reg: 0.066721
Iter 200 of 338 Loss: 0.744103, L1(Flow): 0.683047, Reg: 0.061056
Iter 210 of 338 Loss: 0.775994, L1(Flow): 0.720120, Reg: 0.055874
Iter 220 of 338 Loss: 0.811082, L1(Flow): 0.750027, Reg: 0.061056
Iter 230 of 338 Loss: 0.815204, L1(Flow): 0.750373, Reg: 0.064831
Iter 240 of 338 Loss: 0.732643, L1(Flow): 0.678534, Reg: 0.054109
Iter 250 of 338 Loss: 0.743533, L1(Flow): 0.686176, Reg: 0.057357
Iter 260 of 338 Loss: 0.736873, L1(Flow): 0.682615, Reg: 0.054258
Iter 270 of 338 Loss: 0.796603, L1(Flow): 0.732718, Reg: 0.063885
Iter 280 of 338 Loss: 0.750896, L1(Flow): 0.694418, Reg: 0.056477
Iter 290 of 338 Loss: 0.785287, L1(Flow): 0.728224, Reg: 0.057063
Iter 300 of 338 Loss: 0.753552, L1(Flow): 0.694571, Reg: 0.058981
Iter 310 of 338 Loss: 0.797247, L1(Flow): 0.735018, Reg: 0.062229
Iter 320 of 338 Loss: 0.768432, L1(Flow): 0.707104, Reg: 0.061328
Iter 330 of 338 Loss: 0.745850, L1(Flow): 0.689281, Reg: 0.056569
Epoch 211 Loss: 0.780068
Epoch 211 Validation: Mean EPE: 2.7653, Mean SSIM: 0.3990, Mean ZNCC: 0.6460
--> Saved to Top 5 best models (EPE: 2.7653)
--> New absolute BEST model updated with EPE: 2.7653
Epoch 212 starts
Iter 10 of 338 Loss: 0.744376, L1(Flow): 0.688862, Reg: 0.055514
Iter 20 of 338 Loss: 0.770870, L1(Flow): 0.711044, Reg: 0.059826
Iter 30 of 338 Loss: 0.817371, L1(Flow): 0.755132, Reg: 0.062239
Iter 40 of 338 Loss: 0.821019, L1(Flow): 0.760234, Reg: 0.060784
Iter 50 of 338 Loss: 0.785670, L1(Flow): 0.726933, Reg: 0.058737
Iter 60 of 338 Loss: 0.793714, L1(Flow): 0.729788, Reg: 0.063926
Iter 70 of 338 Loss: 0.770395, L1(Flow): 0.710544, Reg: 0.059851
Iter 80 of 338 Loss: 0.790076, L1(Flow): 0.731782, Reg: 0.058293
Iter 90 of 338 Loss: 0.766145, L1(Flow): 0.703945, Reg: 0.062200
Iter 100 of 338 Loss: 0.821496, L1(Flow): 0.758860, Reg: 0.062637
Iter 110 of 338 Loss: 0.775825, L1(Flow): 0.713788, Reg: 0.062037
Iter 120 of 338 Loss: 0.756485, L1(Flow): 0.699945, Reg: 0.056540
Iter 130 of 338 Loss: 0.806840, L1(Flow): 0.743100, Reg: 0.063739
Iter 140 of 338 Loss: 0.750960, L1(Flow): 0.696452, Reg: 0.054509
Iter 150 of 338 Loss: 0.788115, L1(Flow): 0.725054, Reg: 0.063061
Iter 160 of 338 Loss: 0.789774, L1(Flow): 0.729487, Reg: 0.060287
Iter 170 of 338 Loss: 0.757462, L1(Flow): 0.699910, Reg: 0.057552
Iter 180 of 338 Loss: 0.768576, L1(Flow): 0.712022, Reg: 0.056554
Iter 190 of 338 Loss: 0.834169, L1(Flow): 0.773389, Reg: 0.060779
Iter 200 of 338 Loss: 0.753779, L1(Flow): 0.692275, Reg: 0.061504
Iter 210 of 338 Loss: 0.817129, L1(Flow): 0.748525, Reg: 0.068604
Iter 220 of 338 Loss: 0.762804, L1(Flow): 0.702755, Reg: 0.060049
Iter 230 of 338 Loss: 0.787079, L1(Flow): 0.725781, Reg: 0.061299
Iter 240 of 338 Loss: 0.786884, L1(Flow): 0.724911, Reg: 0.061972
Iter 250 of 338 Loss: 0.782526, L1(Flow): 0.723930, Reg: 0.058597
Iter 260 of 338 Loss: 0.756173, L1(Flow): 0.699646, Reg: 0.056527
Iter 270 of 338 Loss: 0.781920, L1(Flow): 0.724195, Reg: 0.057725
Iter 280 of 338 Loss: 0.773089, L1(Flow): 0.711320, Reg: 0.061768
Iter 290 of 338 Loss: 0.783014, L1(Flow): 0.722954, Reg: 0.060059
Iter 300 of 338 Loss: 0.744146, L1(Flow): 0.684917, Reg: 0.059229
Iter 310 of 338 Loss: 0.797452, L1(Flow): 0.736298, Reg: 0.061154
Iter 320 of 338 Loss: 0.801412, L1(Flow): 0.741936, Reg: 0.059477
Iter 330 of 338 Loss: 0.799559, L1(Flow): 0.734338, Reg: 0.065221
Epoch 212 Loss: 0.779924
Epoch 212 Validation: Mean EPE: 2.7814, Mean SSIM: 0.3984, Mean ZNCC: 0.6458
Epoch 213 starts
Iter 10 of 338 Loss: 0.798046, L1(Flow): 0.740879, Reg: 0.057167
Iter 20 of 338 Loss: 0.802385, L1(Flow): 0.736816, Reg: 0.065569
Iter 30 of 338 Loss: 0.806187, L1(Flow): 0.745050, Reg: 0.061137
Iter 40 of 338 Loss: 0.772753, L1(Flow): 0.710058, Reg: 0.062696
Iter 50 of 338 Loss: 0.743087, L1(Flow): 0.685581, Reg: 0.057507
Iter 60 of 338 Loss: 0.755369, L1(Flow): 0.699246, Reg: 0.056122
Iter 70 of 338 Loss: 0.757417, L1(Flow): 0.703262, Reg: 0.054155
Iter 80 of 338 Loss: 0.769312, L1(Flow): 0.708715, Reg: 0.060597
Iter 90 of 338 Loss: 0.769632, L1(Flow): 0.711992, Reg: 0.057640
Iter 100 of 338 Loss: 0.816218, L1(Flow): 0.754202, Reg: 0.062016
Iter 110 of 338 Loss: 0.796715, L1(Flow): 0.733861, Reg: 0.062853
Iter 120 of 338 Loss: 0.764591, L1(Flow): 0.706364, Reg: 0.058227
Iter 130 of 338 Loss: 0.736890, L1(Flow): 0.681927, Reg: 0.054963
Iter 140 of 338 Loss: 0.742910, L1(Flow): 0.688520, Reg: 0.054390
Iter 150 of 338 Loss: 0.779351, L1(Flow): 0.716172, Reg: 0.063179
Iter 160 of 338 Loss: 0.759415, L1(Flow): 0.700279, Reg: 0.059135
Iter 170 of 338 Loss: 0.740211, L1(Flow): 0.685381, Reg: 0.054830
Iter 180 of 338 Loss: 0.758980, L1(Flow): 0.702090, Reg: 0.056890
Iter 190 of 338 Loss: 0.777301, L1(Flow): 0.719599, Reg: 0.057702
Iter 200 of 338 Loss: 0.775989, L1(Flow): 0.714688, Reg: 0.061302
Iter 210 of 338 Loss: 0.770384, L1(Flow): 0.709868, Reg: 0.060516
Iter 220 of 338 Loss: 0.759010, L1(Flow): 0.704344, Reg: 0.054666
Iter 230 of 338 Loss: 0.759027, L1(Flow): 0.700142, Reg: 0.058884
Iter 240 of 338 Loss: 0.784237, L1(Flow): 0.721413, Reg: 0.062825
Iter 250 of 338 Loss: 0.750949, L1(Flow): 0.692311, Reg: 0.058639
Iter 260 of 338 Loss: 0.808133, L1(Flow): 0.748485, Reg: 0.059649
Iter 270 of 338 Loss: 0.779382, L1(Flow): 0.720157, Reg: 0.059225
Iter 280 of 338 Loss: 0.785527, L1(Flow): 0.723232, Reg: 0.062295
Iter 290 of 338 Loss: 0.784524, L1(Flow): 0.726911, Reg: 0.057612
Iter 300 of 338 Loss: 0.768906, L1(Flow): 0.707000, Reg: 0.061906
Iter 310 of 338 Loss: 0.705769, L1(Flow): 0.652124, Reg: 0.053645
Iter 320 of 338 Loss: 0.752720, L1(Flow): 0.692545, Reg: 0.060175
Iter 330 of 338 Loss: 0.761766, L1(Flow): 0.705905, Reg: 0.055862
Epoch 213 Loss: 0.778419
Epoch 213 Validation: Mean EPE: 2.7643, Mean SSIM: 0.3983, Mean ZNCC: 0.6459
--> Saved to Top 5 best models (EPE: 2.7643)
--> New absolute BEST model updated with EPE: 2.7643
Epoch 214 starts
Iter 10 of 338 Loss: 0.726350, L1(Flow): 0.674517, Reg: 0.051833
Iter 20 of 338 Loss: 0.744685, L1(Flow): 0.687599, Reg: 0.057086
Iter 30 of 338 Loss: 0.783579, L1(Flow): 0.721031, Reg: 0.062549
Iter 40 of 338 Loss: 0.772682, L1(Flow): 0.711729, Reg: 0.060953
Iter 50 of 338 Loss: 0.770109, L1(Flow): 0.708983, Reg: 0.061126
Iter 60 of 338 Loss: 0.769871, L1(Flow): 0.709973, Reg: 0.059899
Iter 70 of 338 Loss: 0.785086, L1(Flow): 0.724079, Reg: 0.061007
Iter 80 of 338 Loss: 0.793264, L1(Flow): 0.728740, Reg: 0.064524
Iter 90 of 338 Loss: 0.787719, L1(Flow): 0.727619, Reg: 0.060100
Iter 100 of 338 Loss: 0.805292, L1(Flow): 0.742606, Reg: 0.062687
Iter 110 of 338 Loss: 0.864185, L1(Flow): 0.797623, Reg: 0.066561
Iter 120 of 338 Loss: 0.801560, L1(Flow): 0.735324, Reg: 0.066236
Iter 130 of 338 Loss: 0.728279, L1(Flow): 0.672830, Reg: 0.055448
Iter 140 of 338 Loss: 0.836580, L1(Flow): 0.774532, Reg: 0.062048
Iter 150 of 338 Loss: 0.803576, L1(Flow): 0.737444, Reg: 0.066132
Iter 160 of 338 Loss: 0.773130, L1(Flow): 0.708963, Reg: 0.064167
Iter 170 of 338 Loss: 0.741018, L1(Flow): 0.687020, Reg: 0.053998
Iter 180 of 338 Loss: 0.777922, L1(Flow): 0.723820, Reg: 0.054102
Iter 190 of 338 Loss: 0.793646, L1(Flow): 0.730862, Reg: 0.062784
Iter 200 of 338 Loss: 0.775050, L1(Flow): 0.713720, Reg: 0.061330
Iter 210 of 338 Loss: 0.756137, L1(Flow): 0.695945, Reg: 0.060192
Iter 220 of 338 Loss: 0.764716, L1(Flow): 0.700504, Reg: 0.064212
Iter 230 of 338 Loss: 0.806410, L1(Flow): 0.748465, Reg: 0.057945
Iter 240 of 338 Loss: 0.720980, L1(Flow): 0.665038, Reg: 0.055942
Iter 250 of 338 Loss: 0.750181, L1(Flow): 0.691373, Reg: 0.058808
Iter 260 of 338 Loss: 0.732385, L1(Flow): 0.679707, Reg: 0.052679
Iter 270 of 338 Loss: 0.779461, L1(Flow): 0.723079, Reg: 0.056382
Iter 280 of 338 Loss: 0.764891, L1(Flow): 0.710079, Reg: 0.054812
Iter 290 of 338 Loss: 0.741239, L1(Flow): 0.679010, Reg: 0.062230
Iter 300 of 338 Loss: 0.790246, L1(Flow): 0.725006, Reg: 0.065240
Iter 310 of 338 Loss: 0.786329, L1(Flow): 0.731824, Reg: 0.054505
Iter 320 of 338 Loss: 0.740282, L1(Flow): 0.681365, Reg: 0.058918
Iter 330 of 338 Loss: 0.799343, L1(Flow): 0.739786, Reg: 0.059557
Epoch 214 Loss: 0.778360
Epoch 214 Validation: Mean EPE: 2.7713, Mean SSIM: 0.3990, Mean ZNCC: 0.6460
Epoch 215 starts
Iter 10 of 338 Loss: 0.760245, L1(Flow): 0.703707, Reg: 0.056539
Iter 20 of 338 Loss: 0.775048, L1(Flow): 0.713104, Reg: 0.061944
Iter 30 of 338 Loss: 0.789361, L1(Flow): 0.729042, Reg: 0.060320
Iter 40 of 338 Loss: 0.828274, L1(Flow): 0.766755, Reg: 0.061519
Iter 50 of 338 Loss: 0.801061, L1(Flow): 0.744115, Reg: 0.056946
Iter 60 of 338 Loss: 0.794525, L1(Flow): 0.729885, Reg: 0.064640
Iter 70 of 338 Loss: 0.751581, L1(Flow): 0.692305, Reg: 0.059276
Iter 80 of 338 Loss: 0.778679, L1(Flow): 0.720575, Reg: 0.058104
Iter 90 of 338 Loss: 0.727604, L1(Flow): 0.672868, Reg: 0.054737
Iter 100 of 338 Loss: 0.756539, L1(Flow): 0.698776, Reg: 0.057763
Iter 110 of 338 Loss: 0.828400, L1(Flow): 0.764725, Reg: 0.063675
Iter 120 of 338 Loss: 0.754623, L1(Flow): 0.693693, Reg: 0.060930
Iter 130 of 338 Loss: 0.752971, L1(Flow): 0.694088, Reg: 0.058882
Iter 140 of 338 Loss: 0.754770, L1(Flow): 0.697854, Reg: 0.056915
Iter 150 of 338 Loss: 0.799699, L1(Flow): 0.737997, Reg: 0.061702
Iter 160 of 338 Loss: 0.803232, L1(Flow): 0.743695, Reg: 0.059537
Iter 170 of 338 Loss: 0.821050, L1(Flow): 0.754562, Reg: 0.066488
Iter 180 of 338 Loss: 0.775379, L1(Flow): 0.713078, Reg: 0.062301
Iter 190 of 338 Loss: 0.801814, L1(Flow): 0.738912, Reg: 0.062901
Iter 200 of 338 Loss: 0.792532, L1(Flow): 0.731521, Reg: 0.061010
Iter 210 of 338 Loss: 0.799830, L1(Flow): 0.735227, Reg: 0.064603
Iter 220 of 338 Loss: 0.768349, L1(Flow): 0.711940, Reg: 0.056409
Iter 230 of 338 Loss: 0.748510, L1(Flow): 0.690422, Reg: 0.058088
Iter 240 of 338 Loss: 0.750276, L1(Flow): 0.693582, Reg: 0.056693
Iter 250 of 338 Loss: 0.755983, L1(Flow): 0.699783, Reg: 0.056200
Iter 260 of 338 Loss: 0.797198, L1(Flow): 0.731848, Reg: 0.065350
Iter 270 of 338 Loss: 0.799305, L1(Flow): 0.738151, Reg: 0.061154
Iter 280 of 338 Loss: 0.831908, L1(Flow): 0.767663, Reg: 0.064245
Iter 290 of 338 Loss: 0.797789, L1(Flow): 0.736433, Reg: 0.061356
Iter 300 of 338 Loss: 0.807186, L1(Flow): 0.744405, Reg: 0.062781
Iter 310 of 338 Loss: 0.790959, L1(Flow): 0.731559, Reg: 0.059400
Iter 320 of 338 Loss: 0.766784, L1(Flow): 0.709518, Reg: 0.057266
Iter 330 of 338 Loss: 0.798335, L1(Flow): 0.738192, Reg: 0.060143
Epoch 215 Loss: 0.777226
Epoch 215 Validation: Mean EPE: 2.7872, Mean SSIM: 0.3981, Mean ZNCC: 0.6456
Epoch 216 starts
Iter 10 of 338 Loss: 0.793374, L1(Flow): 0.741854, Reg: 0.051520
Iter 20 of 338 Loss: 0.794358, L1(Flow): 0.730020, Reg: 0.064337
Iter 30 of 338 Loss: 0.805329, L1(Flow): 0.744081, Reg: 0.061249
Iter 40 of 338 Loss: 0.775440, L1(Flow): 0.719221, Reg: 0.056220
Iter 50 of 338 Loss: 0.771131, L1(Flow): 0.715923, Reg: 0.055208
Iter 60 of 338 Loss: 0.763328, L1(Flow): 0.703868, Reg: 0.059460
Iter 70 of 338 Loss: 0.749194, L1(Flow): 0.695630, Reg: 0.053565
Iter 80 of 338 Loss: 0.798696, L1(Flow): 0.744316, Reg: 0.054380
Iter 90 of 338 Loss: 0.773068, L1(Flow): 0.712509, Reg: 0.060559
Iter 100 of 338 Loss: 0.766145, L1(Flow): 0.710484, Reg: 0.055661
Iter 110 of 338 Loss: 0.785739, L1(Flow): 0.721186, Reg: 0.064553
Iter 120 of 338 Loss: 0.750104, L1(Flow): 0.690293, Reg: 0.059812
Iter 130 of 338 Loss: 0.733853, L1(Flow): 0.677777, Reg: 0.056076
Iter 140 of 338 Loss: 0.762512, L1(Flow): 0.705722, Reg: 0.056790
Iter 150 of 338 Loss: 0.753737, L1(Flow): 0.694479, Reg: 0.059258
Iter 160 of 338 Loss: 0.811088, L1(Flow): 0.746459, Reg: 0.064630
Iter 170 of 338 Loss: 0.777666, L1(Flow): 0.717316, Reg: 0.060350
Iter 180 of 338 Loss: 0.783470, L1(Flow): 0.723071, Reg: 0.060398
Iter 190 of 338 Loss: 0.781653, L1(Flow): 0.726810, Reg: 0.054843
Iter 200 of 338 Loss: 0.767672, L1(Flow): 0.713257, Reg: 0.054414
Iter 210 of 338 Loss: 0.799569, L1(Flow): 0.737978, Reg: 0.061591
Iter 220 of 338 Loss: 0.784836, L1(Flow): 0.723103, Reg: 0.061732
Iter 230 of 338 Loss: 0.764970, L1(Flow): 0.706888, Reg: 0.058082
Iter 240 of 338 Loss: 0.792933, L1(Flow): 0.731550, Reg: 0.061382
Iter 250 of 338 Loss: 0.771870, L1(Flow): 0.714089, Reg: 0.057781
Iter 260 of 338 Loss: 0.778611, L1(Flow): 0.721933, Reg: 0.056678
Iter 270 of 338 Loss: 0.748678, L1(Flow): 0.693777, Reg: 0.054902
Iter 280 of 338 Loss: 0.759496, L1(Flow): 0.701574, Reg: 0.057922
Iter 290 of 338 Loss: 0.768269, L1(Flow): 0.705324, Reg: 0.062946
Iter 300 of 338 Loss: 0.797525, L1(Flow): 0.739278, Reg: 0.058246
Iter 310 of 338 Loss: 0.740765, L1(Flow): 0.684507, Reg: 0.056258
Iter 320 of 338 Loss: 0.753524, L1(Flow): 0.697129, Reg: 0.056395
Iter 330 of 338 Loss: 0.725266, L1(Flow): 0.667267, Reg: 0.057999
Epoch 216 Loss: 0.778965
Epoch 216 Validation: Mean EPE: 2.7772, Mean SSIM: 0.3981, Mean ZNCC: 0.6458
Epoch 217 starts
Iter 10 of 338 Loss: 0.725305, L1(Flow): 0.666788, Reg: 0.058517
Iter 20 of 338 Loss: 0.801924, L1(Flow): 0.735655, Reg: 0.066269
Iter 30 of 338 Loss: 0.809871, L1(Flow): 0.743662, Reg: 0.066209
Iter 40 of 338 Loss: 0.796466, L1(Flow): 0.737606, Reg: 0.058860
Iter 50 of 338 Loss: 0.751969, L1(Flow): 0.692356, Reg: 0.059613
Iter 60 of 338 Loss: 0.770266, L1(Flow): 0.711562, Reg: 0.058704
Iter 70 of 338 Loss: 0.770344, L1(Flow): 0.710337, Reg: 0.060007
Iter 80 of 338 Loss: 0.802530, L1(Flow): 0.740767, Reg: 0.061763
Iter 90 of 338 Loss: 0.737110, L1(Flow): 0.677524, Reg: 0.059586
Iter 100 of 338 Loss: 0.793025, L1(Flow): 0.729717, Reg: 0.063308
Iter 110 of 338 Loss: 0.748314, L1(Flow): 0.692445, Reg: 0.055869
Iter 120 of 338 Loss: 0.848352, L1(Flow): 0.781863, Reg: 0.066489
Iter 130 of 338 Loss: 0.736497, L1(Flow): 0.677939, Reg: 0.058558
Iter 140 of 338 Loss: 0.766712, L1(Flow): 0.704193, Reg: 0.062518
Iter 150 of 338 Loss: 0.758419, L1(Flow): 0.698731, Reg: 0.059689
Iter 160 of 338 Loss: 0.743715, L1(Flow): 0.684733, Reg: 0.058982
Iter 170 of 338 Loss: 0.718351, L1(Flow): 0.662635, Reg: 0.055716
Iter 180 of 338 Loss: 0.784105, L1(Flow): 0.723121, Reg: 0.060985
Iter 190 of 338 Loss: 0.771916, L1(Flow): 0.710836, Reg: 0.061080
Iter 200 of 338 Loss: 0.796310, L1(Flow): 0.732719, Reg: 0.063592
Iter 210 of 338 Loss: 0.784713, L1(Flow): 0.724857, Reg: 0.059856
Iter 220 of 338 Loss: 0.776938, L1(Flow): 0.716237, Reg: 0.060701
Iter 230 of 338 Loss: 0.810704, L1(Flow): 0.748988, Reg: 0.061716
Iter 240 of 338 Loss: 0.810439, L1(Flow): 0.745575, Reg: 0.064864
Iter 250 of 338 Loss: 0.741200, L1(Flow): 0.688373, Reg: 0.052827
Iter 260 of 338 Loss: 0.771455, L1(Flow): 0.715362, Reg: 0.056093
Iter 270 of 338 Loss: 0.781022, L1(Flow): 0.722102, Reg: 0.058920
Iter 280 of 338 Loss: 0.780188, L1(Flow): 0.719189, Reg: 0.060998
Iter 290 of 338 Loss: 0.773268, L1(Flow): 0.712965, Reg: 0.060303
Iter 300 of 338 Loss: 0.779890, L1(Flow): 0.719460, Reg: 0.060430
Iter 310 of 338 Loss: 0.766010, L1(Flow): 0.703478, Reg: 0.062532
Iter 320 of 338 Loss: 0.779810, L1(Flow): 0.713549, Reg: 0.066261
Iter 330 of 338 Loss: 0.769051, L1(Flow): 0.706843, Reg: 0.062208
Epoch 217 Loss: 0.769731
Epoch 217 Validation: Mean EPE: 2.7787, Mean SSIM: 0.3990, Mean ZNCC: 0.6461
Epoch 218 starts
Iter 10 of 338 Loss: 0.763878, L1(Flow): 0.707457, Reg: 0.056421
Iter 20 of 338 Loss: 0.796888, L1(Flow): 0.738720, Reg: 0.058168
Iter 30 of 338 Loss: 0.803136, L1(Flow): 0.745906, Reg: 0.057230
Iter 40 of 338 Loss: 0.787207, L1(Flow): 0.727993, Reg: 0.059214
Iter 50 of 338 Loss: 0.764941, L1(Flow): 0.706778, Reg: 0.058162
Iter 60 of 338 Loss: 0.809586, L1(Flow): 0.745085, Reg: 0.064501
Iter 70 of 338 Loss: 0.740296, L1(Flow): 0.685186, Reg: 0.055110
Iter 80 of 338 Loss: 0.776924, L1(Flow): 0.716216, Reg: 0.060708
Iter 90 of 338 Loss: 0.746233, L1(Flow): 0.691017, Reg: 0.055215
Iter 100 of 338 Loss: 0.784825, L1(Flow): 0.720042, Reg: 0.064782
Iter 110 of 338 Loss: 0.741612, L1(Flow): 0.678103, Reg: 0.063510
Iter 120 of 338 Loss: 0.745211, L1(Flow): 0.686179, Reg: 0.059033
Iter 130 of 338 Loss: 0.755177, L1(Flow): 0.696839, Reg: 0.058338
Iter 140 of 338 Loss: 0.771708, L1(Flow): 0.710581, Reg: 0.061126
Iter 150 of 338 Loss: 0.755374, L1(Flow): 0.696859, Reg: 0.058515
Iter 160 of 338 Loss: 0.792582, L1(Flow): 0.726874, Reg: 0.065707
Iter 170 of 338 Loss: 0.802530, L1(Flow): 0.738351, Reg: 0.064179
Iter 180 of 338 Loss: 0.781270, L1(Flow): 0.718802, Reg: 0.062468
Iter 190 of 338 Loss: 0.779093, L1(Flow): 0.716929, Reg: 0.062163
Iter 200 of 338 Loss: 0.800189, L1(Flow): 0.735593, Reg: 0.064597
Iter 210 of 338 Loss: 0.732671, L1(Flow): 0.676647, Reg: 0.056024
Iter 220 of 338 Loss: 0.734699, L1(Flow): 0.680401, Reg: 0.054298
Iter 230 of 338 Loss: 0.776250, L1(Flow): 0.712610, Reg: 0.063640
Iter 240 of 338 Loss: 0.759054, L1(Flow): 0.699147, Reg: 0.059907
Iter 250 of 338 Loss: 0.749184, L1(Flow): 0.697330, Reg: 0.051854
Iter 260 of 338 Loss: 0.726321, L1(Flow): 0.669476, Reg: 0.056845
Iter 270 of 338 Loss: 0.769359, L1(Flow): 0.709378, Reg: 0.059981
Iter 280 of 338 Loss: 0.795253, L1(Flow): 0.732823, Reg: 0.062431
Iter 290 of 338 Loss: 0.767677, L1(Flow): 0.706200, Reg: 0.061477
Iter 300 of 338 Loss: 0.754972, L1(Flow): 0.700773, Reg: 0.054199
Iter 310 of 338 Loss: 0.772877, L1(Flow): 0.708482, Reg: 0.064395
Iter 320 of 338 Loss: 0.776591, L1(Flow): 0.715495, Reg: 0.061096
Iter 330 of 338 Loss: 0.765316, L1(Flow): 0.707672, Reg: 0.057644
Epoch 218 Loss: 0.767965
Epoch 218 Validation: Mean EPE: 2.7725, Mean SSIM: 0.3996, Mean ZNCC: 0.6461
Epoch 219 starts
Iter 10 of 338 Loss: 0.786199, L1(Flow): 0.724642, Reg: 0.061557
Iter 20 of 338 Loss: 0.773510, L1(Flow): 0.716151, Reg: 0.057359
Iter 30 of 338 Loss: 0.764728, L1(Flow): 0.697932, Reg: 0.066796
Iter 40 of 338 Loss: 0.723412, L1(Flow): 0.669134, Reg: 0.054278
Iter 50 of 338 Loss: 0.773582, L1(Flow): 0.712464, Reg: 0.061118
Iter 60 of 338 Loss: 0.785267, L1(Flow): 0.718417, Reg: 0.066850
Iter 70 of 338 Loss: 0.758924, L1(Flow): 0.701636, Reg: 0.057288
Iter 80 of 338 Loss: 0.768665, L1(Flow): 0.707820, Reg: 0.060844
Iter 90 of 338 Loss: 0.723678, L1(Flow): 0.668056, Reg: 0.055622
Iter 100 of 338 Loss: 0.752965, L1(Flow): 0.694237, Reg: 0.058728
Iter 110 of 338 Loss: 0.698230, L1(Flow): 0.648595, Reg: 0.049635
Iter 120 of 338 Loss: 0.761171, L1(Flow): 0.701936, Reg: 0.059235
Iter 130 of 338 Loss: 0.758221, L1(Flow): 0.699121, Reg: 0.059100
Iter 140 of 338 Loss: 0.795028, L1(Flow): 0.738592, Reg: 0.056436
Iter 150 of 338 Loss: 0.764547, L1(Flow): 0.704986, Reg: 0.059561
Iter 160 of 338 Loss: 0.778425, L1(Flow): 0.719375, Reg: 0.059050
Iter 170 of 338 Loss: 0.743676, L1(Flow): 0.684159, Reg: 0.059517
Iter 180 of 338 Loss: 0.791213, L1(Flow): 0.724966, Reg: 0.066247
Iter 190 of 338 Loss: 0.777585, L1(Flow): 0.713028, Reg: 0.064557
Iter 200 of 338 Loss: 0.755698, L1(Flow): 0.698056, Reg: 0.057642
Iter 210 of 338 Loss: 0.749480, L1(Flow): 0.690289, Reg: 0.059190
Iter 220 of 338 Loss: 0.781146, L1(Flow): 0.719025, Reg: 0.062122
Iter 230 of 338 Loss: 0.778237, L1(Flow): 0.718391, Reg: 0.059846
Iter 240 of 338 Loss: 0.760439, L1(Flow): 0.700010, Reg: 0.060430
Iter 250 of 338 Loss: 0.791881, L1(Flow): 0.729000, Reg: 0.062882
Iter 260 of 338 Loss: 0.815038, L1(Flow): 0.756328, Reg: 0.058711
Iter 270 of 338 Loss: 0.822994, L1(Flow): 0.759908, Reg: 0.063085
Iter 280 of 338 Loss: 0.796909, L1(Flow): 0.730115, Reg: 0.066794
Iter 290 of 338 Loss: 0.819135, L1(Flow): 0.752767, Reg: 0.066368
Iter 300 of 338 Loss: 0.741626, L1(Flow): 0.683795, Reg: 0.057831
Iter 310 of 338 Loss: 0.742538, L1(Flow): 0.688058, Reg: 0.054480
Iter 320 of 338 Loss: 0.746757, L1(Flow): 0.691030, Reg: 0.055726
Iter 330 of 338 Loss: 0.757695, L1(Flow): 0.703242, Reg: 0.054453
Epoch 219 Loss: 0.765025
Epoch 219 Validation: Mean EPE: 2.7692, Mean SSIM: 0.3997, Mean ZNCC: 0.6462
--> Saved to Top 5 best models (EPE: 2.7692)
Epoch 220 starts
Iter 10 of 338 Loss: 0.751928, L1(Flow): 0.692450, Reg: 0.059478
Iter 20 of 338 Loss: 0.787911, L1(Flow): 0.725430, Reg: 0.062481
Iter 30 of 338 Loss: 0.737391, L1(Flow): 0.678551, Reg: 0.058840
Iter 40 of 338 Loss: 0.750696, L1(Flow): 0.689755, Reg: 0.060941
Iter 50 of 338 Loss: 0.766938, L1(Flow): 0.701935, Reg: 0.065003
Iter 60 of 338 Loss: 0.774885, L1(Flow): 0.710038, Reg: 0.064847
Iter 70 of 338 Loss: 0.740237, L1(Flow): 0.681848, Reg: 0.058389
Iter 80 of 338 Loss: 0.723931, L1(Flow): 0.666239, Reg: 0.057693
Iter 90 of 338 Loss: 0.805936, L1(Flow): 0.742879, Reg: 0.063057
Iter 100 of 338 Loss: 0.765415, L1(Flow): 0.705042, Reg: 0.060373
Iter 110 of 338 Loss: 0.750151, L1(Flow): 0.687936, Reg: 0.062215
Iter 120 of 338 Loss: 0.792823, L1(Flow): 0.729359, Reg: 0.063464
Iter 130 of 338 Loss: 0.749757, L1(Flow): 0.691131, Reg: 0.058626
Iter 140 of 338 Loss: 0.752961, L1(Flow): 0.690066, Reg: 0.062895
Iter 150 of 338 Loss: 0.752884, L1(Flow): 0.694636, Reg: 0.058248
Iter 160 of 338 Loss: 0.776751, L1(Flow): 0.715873, Reg: 0.060878
Iter 170 of 338 Loss: 0.727283, L1(Flow): 0.674335, Reg: 0.052949
Iter 180 of 338 Loss: 0.776196, L1(Flow): 0.715809, Reg: 0.060387
Iter 190 of 338 Loss: 0.809061, L1(Flow): 0.748046, Reg: 0.061015
Iter 200 of 338 Loss: 0.791403, L1(Flow): 0.732023, Reg: 0.059380
Iter 210 of 338 Loss: 0.784168, L1(Flow): 0.725540, Reg: 0.058628
Iter 220 of 338 Loss: 0.769589, L1(Flow): 0.714456, Reg: 0.055133
Iter 230 of 338 Loss: 0.775325, L1(Flow): 0.712692, Reg: 0.062633
Iter 240 of 338 Loss: 0.722371, L1(Flow): 0.664988, Reg: 0.057384
Iter 250 of 338 Loss: 0.805377, L1(Flow): 0.741415, Reg: 0.063963
Iter 260 of 338 Loss: 0.751532, L1(Flow): 0.690669, Reg: 0.060863
Iter 270 of 338 Loss: 0.784637, L1(Flow): 0.724935, Reg: 0.059702
Iter 280 of 338 Loss: 0.759033, L1(Flow): 0.699163, Reg: 0.059870
Iter 290 of 338 Loss: 0.759404, L1(Flow): 0.702363, Reg: 0.057041
Iter 300 of 338 Loss: 0.772575, L1(Flow): 0.711487, Reg: 0.061088
Iter 310 of 338 Loss: 0.769563, L1(Flow): 0.710095, Reg: 0.059469
Iter 320 of 338 Loss: 0.780614, L1(Flow): 0.718279, Reg: 0.062334
Iter 330 of 338 Loss: 0.741945, L1(Flow): 0.682348, Reg: 0.059596
Epoch 220 Loss: 0.766538
Epoch 220 Validation: Mean EPE: 2.7868, Mean SSIM: 0.3993, Mean ZNCC: 0.6460
Epoch 221 starts
Iter 10 of 338 Loss: 0.823561, L1(Flow): 0.764893, Reg: 0.058668
Iter 20 of 338 Loss: 0.783003, L1(Flow): 0.721076, Reg: 0.061928
Iter 30 of 338 Loss: 0.724656, L1(Flow): 0.670937, Reg: 0.053719
Iter 40 of 338 Loss: 0.832771, L1(Flow): 0.760858, Reg: 0.071914
Iter 50 of 338 Loss: 0.751220, L1(Flow): 0.693935, Reg: 0.057285
Iter 60 of 338 Loss: 0.754561, L1(Flow): 0.699925, Reg: 0.054636
Iter 70 of 338 Loss: 0.770128, L1(Flow): 0.711231, Reg: 0.058897
Iter 80 of 338 Loss: 0.713491, L1(Flow): 0.660845, Reg: 0.052646
Iter 90 of 338 Loss: 0.788172, L1(Flow): 0.723923, Reg: 0.064249
Iter 100 of 338 Loss: 0.756003, L1(Flow): 0.700370, Reg: 0.055633
Iter 110 of 338 Loss: 0.798022, L1(Flow): 0.737815, Reg: 0.060206
Iter 120 of 338 Loss: 0.813466, L1(Flow): 0.749934, Reg: 0.063531
Iter 130 of 338 Loss: 0.801795, L1(Flow): 0.739691, Reg: 0.062104
Iter 140 of 338 Loss: 0.756797, L1(Flow): 0.696209, Reg: 0.060588
Iter 150 of 338 Loss: 0.722633, L1(Flow): 0.662695, Reg: 0.059938
Iter 160 of 338 Loss: 0.769547, L1(Flow): 0.707604, Reg: 0.061944
Iter 170 of 338 Loss: 0.759037, L1(Flow): 0.699615, Reg: 0.059422
Iter 180 of 338 Loss: 0.760287, L1(Flow): 0.704034, Reg: 0.056254
Iter 190 of 338 Loss: 0.753074, L1(Flow): 0.694302, Reg: 0.058772
Iter 200 of 338 Loss: 0.755684, L1(Flow): 0.695666, Reg: 0.060017
Iter 210 of 338 Loss: 0.757866, L1(Flow): 0.699252, Reg: 0.058613
Iter 220 of 338 Loss: 0.775857, L1(Flow): 0.710275, Reg: 0.065583
Iter 230 of 338 Loss: 0.791291, L1(Flow): 0.726329, Reg: 0.064962
Iter 240 of 338 Loss: 0.754601, L1(Flow): 0.699263, Reg: 0.055338
Iter 250 of 338 Loss: 0.741404, L1(Flow): 0.684039, Reg: 0.057365
Iter 260 of 338 Loss: 0.771288, L1(Flow): 0.710209, Reg: 0.061079
Iter 270 of 338 Loss: 0.793872, L1(Flow): 0.730624, Reg: 0.063248
Iter 280 of 338 Loss: 0.747501, L1(Flow): 0.687204, Reg: 0.060297
Iter 290 of 338 Loss: 0.765359, L1(Flow): 0.706435, Reg: 0.058924
Iter 300 of 338 Loss: 0.755847, L1(Flow): 0.698286, Reg: 0.057562
Iter 310 of 338 Loss: 0.727501, L1(Flow): 0.677467, Reg: 0.050035
Iter 320 of 338 Loss: 0.764091, L1(Flow): 0.706584, Reg: 0.057508
Iter 330 of 338 Loss: 0.809352, L1(Flow): 0.749530, Reg: 0.059822
Epoch 221 Loss: 0.763455
Epoch 221 Validation: Mean EPE: 2.8041, Mean SSIM: 0.3975, Mean ZNCC: 0.6454
Epoch 222 starts
Iter 10 of 338 Loss: 0.798357, L1(Flow): 0.741778, Reg: 0.056579
Iter 20 of 338 Loss: 0.749937, L1(Flow): 0.694413, Reg: 0.055524
Iter 30 of 338 Loss: 0.800537, L1(Flow): 0.741086, Reg: 0.059452
Iter 40 of 338 Loss: 0.805783, L1(Flow): 0.742634, Reg: 0.063149
Iter 50 of 338 Loss: 0.777116, L1(Flow): 0.717426, Reg: 0.059690
Iter 60 of 338 Loss: 0.769436, L1(Flow): 0.711222, Reg: 0.058213
Iter 70 of 338 Loss: 0.783335, L1(Flow): 0.716181, Reg: 0.067154
Iter 80 of 338 Loss: 0.735821, L1(Flow): 0.681240, Reg: 0.054582
Iter 90 of 338 Loss: 0.768483, L1(Flow): 0.709113, Reg: 0.059370
Iter 100 of 338 Loss: 0.777276, L1(Flow): 0.720640, Reg: 0.056635
Iter 110 of 338 Loss: 0.830591, L1(Flow): 0.766527, Reg: 0.064064
Iter 120 of 338 Loss: 0.799792, L1(Flow): 0.739089, Reg: 0.060703
Iter 130 of 338 Loss: 0.768466, L1(Flow): 0.710540, Reg: 0.057926
Iter 140 of 338 Loss: 0.749358, L1(Flow): 0.691995, Reg: 0.057363
Iter 150 of 338 Loss: 0.785741, L1(Flow): 0.724737, Reg: 0.061004
Iter 160 of 338 Loss: 0.755715, L1(Flow): 0.697756, Reg: 0.057959
Iter 170 of 338 Loss: 0.817648, L1(Flow): 0.751883, Reg: 0.065765
Iter 180 of 338 Loss: 0.779701, L1(Flow): 0.716419, Reg: 0.063282
Iter 190 of 338 Loss: 0.739228, L1(Flow): 0.683580, Reg: 0.055648
Iter 200 of 338 Loss: 0.812299, L1(Flow): 0.747100, Reg: 0.065198
Iter 210 of 338 Loss: 0.762546, L1(Flow): 0.707077, Reg: 0.055469
Iter 220 of 338 Loss: 0.738899, L1(Flow): 0.680179, Reg: 0.058720
Iter 230 of 338 Loss: 0.724784, L1(Flow): 0.666407, Reg: 0.058378
Iter 240 of 338 Loss: 0.770803, L1(Flow): 0.713480, Reg: 0.057323
Iter 250 of 338 Loss: 0.733620, L1(Flow): 0.678152, Reg: 0.055468
Iter 260 of 338 Loss: 0.730699, L1(Flow): 0.670549, Reg: 0.060150
Iter 270 of 338 Loss: 0.755901, L1(Flow): 0.695197, Reg: 0.060705
Iter 280 of 338 Loss: 0.799424, L1(Flow): 0.735420, Reg: 0.064003
Iter 290 of 338 Loss: 0.784607, L1(Flow): 0.728211, Reg: 0.056396
Iter 300 of 338 Loss: 0.741197, L1(Flow): 0.682791, Reg: 0.058406
Iter 310 of 338 Loss: 0.749781, L1(Flow): 0.690677, Reg: 0.059104
Iter 320 of 338 Loss: 0.798696, L1(Flow): 0.741220, Reg: 0.057476
Iter 330 of 338 Loss: 0.770806, L1(Flow): 0.709425, Reg: 0.061381
Epoch 222 Loss: 0.764424
Epoch 222 Validation: Mean EPE: 2.7872, Mean SSIM: 0.3987, Mean ZNCC: 0.6458
Epoch 223 starts
Iter 10 of 338 Loss: 0.818503, L1(Flow): 0.752709, Reg: 0.065794
Iter 20 of 338 Loss: 0.748763, L1(Flow): 0.686462, Reg: 0.062301
Iter 30 of 338 Loss: 0.795286, L1(Flow): 0.734566, Reg: 0.060720
Iter 40 of 338 Loss: 0.758495, L1(Flow): 0.695973, Reg: 0.062522
Iter 50 of 338 Loss: 0.749088, L1(Flow): 0.693640, Reg: 0.055448
Iter 60 of 338 Loss: 0.764626, L1(Flow): 0.703966, Reg: 0.060659
Iter 70 of 338 Loss: 0.801712, L1(Flow): 0.735101, Reg: 0.066610
Iter 80 of 338 Loss: 0.760102, L1(Flow): 0.697699, Reg: 0.062403
Iter 90 of 338 Loss: 0.728590, L1(Flow): 0.674704, Reg: 0.053886
Iter 100 of 338 Loss: 0.763507, L1(Flow): 0.703801, Reg: 0.059706
Iter 110 of 338 Loss: 0.760077, L1(Flow): 0.700213, Reg: 0.059864
Iter 120 of 338 Loss: 0.724192, L1(Flow): 0.668176, Reg: 0.056017
Iter 130 of 338 Loss: 0.720111, L1(Flow): 0.664860, Reg: 0.055251
Iter 140 of 338 Loss: 0.779844, L1(Flow): 0.716039, Reg: 0.063805
Iter 150 of 338 Loss: 0.747774, L1(Flow): 0.691874, Reg: 0.055900
Iter 160 of 338 Loss: 0.727552, L1(Flow): 0.670240, Reg: 0.057312
Iter 170 of 338 Loss: 0.746192, L1(Flow): 0.686546, Reg: 0.059645
Iter 180 of 338 Loss: 0.772561, L1(Flow): 0.713423, Reg: 0.059138
Iter 190 of 338 Loss: 0.764719, L1(Flow): 0.701191, Reg: 0.063529
Iter 200 of 338 Loss: 0.740403, L1(Flow): 0.681734, Reg: 0.058669
Iter 210 of 338 Loss: 0.762800, L1(Flow): 0.702982, Reg: 0.059817
Iter 220 of 338 Loss: 0.809827, L1(Flow): 0.741979, Reg: 0.067848
Iter 230 of 338 Loss: 0.771916, L1(Flow): 0.712677, Reg: 0.059239
Iter 240 of 338 Loss: 0.739018, L1(Flow): 0.683356, Reg: 0.055662
Iter 250 of 338 Loss: 0.788232, L1(Flow): 0.727201, Reg: 0.061031
Iter 260 of 338 Loss: 0.734058, L1(Flow): 0.678739, Reg: 0.055319
Iter 270 of 338 Loss: 0.794882, L1(Flow): 0.731473, Reg: 0.063409
Iter 280 of 338 Loss: 0.756365, L1(Flow): 0.698644, Reg: 0.057721
Iter 290 of 338 Loss: 0.742418, L1(Flow): 0.682397, Reg: 0.060021
Iter 300 of 338 Loss: 0.786379, L1(Flow): 0.723609, Reg: 0.062769
Iter 310 of 338 Loss: 0.749054, L1(Flow): 0.690534, Reg: 0.058520
Iter 320 of 338 Loss: 0.774399, L1(Flow): 0.718137, Reg: 0.056262
Iter 330 of 338 Loss: 0.778235, L1(Flow): 0.718179, Reg: 0.060056
Epoch 223 Loss: 0.759009
Epoch 223 Validation: Mean EPE: 2.7983, Mean SSIM: 0.3979, Mean ZNCC: 0.6456
Epoch 224 starts
Iter 10 of 338 Loss: 0.748819, L1(Flow): 0.687871, Reg: 0.060948
Iter 20 of 338 Loss: 0.729680, L1(Flow): 0.671480, Reg: 0.058199
Iter 30 of 338 Loss: 0.731055, L1(Flow): 0.674675, Reg: 0.056380
Iter 40 of 338 Loss: 0.772065, L1(Flow): 0.713501, Reg: 0.058564
Iter 50 of 338 Loss: 0.775765, L1(Flow): 0.710712, Reg: 0.065052
Iter 60 of 338 Loss: 0.788580, L1(Flow): 0.720713, Reg: 0.067867
Iter 70 of 338 Loss: 0.749776, L1(Flow): 0.687397, Reg: 0.062379
Iter 80 of 338 Loss: 0.748055, L1(Flow): 0.691226, Reg: 0.056829
Iter 90 of 338 Loss: 0.722314, L1(Flow): 0.663515, Reg: 0.058799
Iter 100 of 338 Loss: 0.756034, L1(Flow): 0.697170, Reg: 0.058864
Iter 110 of 338 Loss: 0.727796, L1(Flow): 0.676013, Reg: 0.051783
Iter 120 of 338 Loss: 0.751922, L1(Flow): 0.692287, Reg: 0.059635
Iter 130 of 338 Loss: 0.753805, L1(Flow): 0.696730, Reg: 0.057076
Iter 140 of 338 Loss: 0.785333, L1(Flow): 0.716458, Reg: 0.068875
Iter 150 of 338 Loss: 0.753541, L1(Flow): 0.692231, Reg: 0.061309
Iter 160 of 338 Loss: 0.761759, L1(Flow): 0.700282, Reg: 0.061477
Iter 170 of 338 Loss: 0.752059, L1(Flow): 0.693330, Reg: 0.058729
Iter 180 of 338 Loss: 0.752884, L1(Flow): 0.697040, Reg: 0.055844
Iter 190 of 338 Loss: 0.746131, L1(Flow): 0.687176, Reg: 0.058954
Iter 200 of 338 Loss: 0.719136, L1(Flow): 0.662195, Reg: 0.056941
Iter 210 of 338 Loss: 0.790128, L1(Flow): 0.727341, Reg: 0.062787
Iter 220 of 338 Loss: 0.750010, L1(Flow): 0.691497, Reg: 0.058513
Iter 230 of 338 Loss: 0.768399, L1(Flow): 0.702504, Reg: 0.065896
Iter 240 of 338 Loss: 0.724877, L1(Flow): 0.668518, Reg: 0.056358
Iter 250 of 338 Loss: 0.745408, L1(Flow): 0.688933, Reg: 0.056475
Iter 260 of 338 Loss: 0.732040, L1(Flow): 0.672588, Reg: 0.059452
Iter 270 of 338 Loss: 0.744959, L1(Flow): 0.687830, Reg: 0.057129
Iter 280 of 338 Loss: 0.758428, L1(Flow): 0.703607, Reg: 0.054821
Iter 290 of 338 Loss: 0.742830, L1(Flow): 0.683439, Reg: 0.059392
Iter 300 of 338 Loss: 0.752208, L1(Flow): 0.696439, Reg: 0.055769
Iter 310 of 338 Loss: 0.741553, L1(Flow): 0.687754, Reg: 0.053799
Iter 320 of 338 Loss: 0.735657, L1(Flow): 0.676795, Reg: 0.058861
Iter 330 of 338 Loss: 0.740773, L1(Flow): 0.682626, Reg: 0.058147
Epoch 224 Loss: 0.754866
Epoch 224 Validation: Mean EPE: 2.7731, Mean SSIM: 0.3993, Mean ZNCC: 0.6460
Epoch 225 starts
Iter 10 of 338 Loss: 0.749966, L1(Flow): 0.692090, Reg: 0.057876
Iter 20 of 338 Loss: 0.743260, L1(Flow): 0.683692, Reg: 0.059568
Iter 30 of 338 Loss: 0.785229, L1(Flow): 0.727624, Reg: 0.057605
Iter 40 of 338 Loss: 0.748108, L1(Flow): 0.690968, Reg: 0.057140
Iter 50 of 338 Loss: 0.782796, L1(Flow): 0.720635, Reg: 0.062161
Iter 60 of 338 Loss: 0.799039, L1(Flow): 0.738777, Reg: 0.060261
Iter 70 of 338 Loss: 0.763249, L1(Flow): 0.702350, Reg: 0.060899
Iter 80 of 338 Loss: 0.758962, L1(Flow): 0.695614, Reg: 0.063348
Iter 90 of 338 Loss: 0.747355, L1(Flow): 0.687961, Reg: 0.059394
Iter 100 of 338 Loss: 0.739876, L1(Flow): 0.682580, Reg: 0.057295
Iter 110 of 338 Loss: 0.764253, L1(Flow): 0.705805, Reg: 0.058448
Iter 120 of 338 Loss: 0.766473, L1(Flow): 0.706908, Reg: 0.059566
Iter 130 of 338 Loss: 0.751519, L1(Flow): 0.689983, Reg: 0.061536
Iter 140 of 338 Loss: 0.777268, L1(Flow): 0.715272, Reg: 0.061995
Iter 150 of 338 Loss: 0.753848, L1(Flow): 0.694396, Reg: 0.059452
Iter 160 of 338 Loss: 0.767001, L1(Flow): 0.707728, Reg: 0.059273
Iter 170 of 338 Loss: 0.732032, L1(Flow): 0.674081, Reg: 0.057951
Iter 180 of 338 Loss: 0.767620, L1(Flow): 0.709951, Reg: 0.057669
Iter 190 of 338 Loss: 0.722468, L1(Flow): 0.664151, Reg: 0.058317
Iter 200 of 338 Loss: 0.727658, L1(Flow): 0.668474, Reg: 0.059184
Iter 210 of 338 Loss: 0.749804, L1(Flow): 0.691238, Reg: 0.058566
Iter 220 of 338 Loss: 0.741508, L1(Flow): 0.684398, Reg: 0.057111
Iter 230 of 338 Loss: 0.770411, L1(Flow): 0.703938, Reg: 0.066473
Iter 240 of 338 Loss: 0.737989, L1(Flow): 0.683479, Reg: 0.054511
Iter 250 of 338 Loss: 0.762446, L1(Flow): 0.698485, Reg: 0.063961
Iter 260 of 338 Loss: 0.776744, L1(Flow): 0.718804, Reg: 0.057941
Iter 270 of 338 Loss: 0.782444, L1(Flow): 0.721317, Reg: 0.061127
Iter 280 of 338 Loss: 0.783522, L1(Flow): 0.725485, Reg: 0.058037
Iter 290 of 338 Loss: 0.749381, L1(Flow): 0.696578, Reg: 0.052802
Iter 300 of 338 Loss: 0.781142, L1(Flow): 0.721583, Reg: 0.059560
Iter 310 of 338 Loss: 0.770755, L1(Flow): 0.705580, Reg: 0.065175
Iter 320 of 338 Loss: 0.742226, L1(Flow): 0.684173, Reg: 0.058053
Iter 330 of 338 Loss: 0.738703, L1(Flow): 0.680563, Reg: 0.058140
Epoch 225 Loss: 0.754849
Epoch 225 Validation: Mean EPE: 2.7781, Mean SSIM: 0.3993, Mean ZNCC: 0.6459
Epoch 226 starts
Iter 10 of 338 Loss: 0.768502, L1(Flow): 0.706185, Reg: 0.062317
Iter 20 of 338 Loss: 0.795387, L1(Flow): 0.742189, Reg: 0.053197
Iter 30 of 338 Loss: 0.795830, L1(Flow): 0.735865, Reg: 0.059965
Iter 40 of 338 Loss: 0.738922, L1(Flow): 0.684474, Reg: 0.054447
Iter 50 of 338 Loss: 0.744737, L1(Flow): 0.689788, Reg: 0.054948
Iter 60 of 338 Loss: 0.759562, L1(Flow): 0.704868, Reg: 0.054693
Iter 70 of 338 Loss: 0.768930, L1(Flow): 0.708030, Reg: 0.060900
Iter 80 of 338 Loss: 0.718811, L1(Flow): 0.662305, Reg: 0.056506
Iter 90 of 338 Loss: 0.759018, L1(Flow): 0.703479, Reg: 0.055539
Iter 100 of 338 Loss: 0.753898, L1(Flow): 0.699744, Reg: 0.054154
Iter 110 of 338 Loss: 0.772961, L1(Flow): 0.711173, Reg: 0.061788
Iter 120 of 338 Loss: 0.781247, L1(Flow): 0.716570, Reg: 0.064676
Iter 130 of 338 Loss: 0.808317, L1(Flow): 0.746818, Reg: 0.061499
Iter 140 of 338 Loss: 0.749866, L1(Flow): 0.690534, Reg: 0.059332
Iter 150 of 338 Loss: 0.784534, L1(Flow): 0.719529, Reg: 0.065005
Iter 160 of 338 Loss: 0.743878, L1(Flow): 0.686168, Reg: 0.057710
Iter 170 of 338 Loss: 0.744886, L1(Flow): 0.684093, Reg: 0.060793
Iter 180 of 338 Loss: 0.761295, L1(Flow): 0.699066, Reg: 0.062229
Iter 190 of 338 Loss: 0.770136, L1(Flow): 0.715582, Reg: 0.054554
Iter 200 of 338 Loss: 0.812098, L1(Flow): 0.744790, Reg: 0.067308
Iter 210 of 338 Loss: 0.754109, L1(Flow): 0.695391, Reg: 0.058718
Iter 220 of 338 Loss: 0.759581, L1(Flow): 0.696806, Reg: 0.062775
Iter 230 of 338 Loss: 0.728567, L1(Flow): 0.675964, Reg: 0.052603
Iter 240 of 338 Loss: 0.810603, L1(Flow): 0.747989, Reg: 0.062614
Iter 250 of 338 Loss: 0.769962, L1(Flow): 0.710558, Reg: 0.059404
Iter 260 of 338 Loss: 0.701476, L1(Flow): 0.649425, Reg: 0.052051
Iter 270 of 338 Loss: 0.742676, L1(Flow): 0.684238, Reg: 0.058438
Iter 280 of 338 Loss: 0.772721, L1(Flow): 0.712113, Reg: 0.060608
Iter 290 of 338 Loss: 0.753213, L1(Flow): 0.697098, Reg: 0.056115
Iter 300 of 338 Loss: 0.758090, L1(Flow): 0.698378, Reg: 0.059712
Iter 310 of 338 Loss: 0.758351, L1(Flow): 0.702056, Reg: 0.056294
Iter 320 of 338 Loss: 0.730550, L1(Flow): 0.677105, Reg: 0.053445
Iter 330 of 338 Loss: 0.732671, L1(Flow): 0.674314, Reg: 0.058357
Epoch 226 Loss: 0.760409
Epoch 226 Validation: Mean EPE: 2.7642, Mean SSIM: 0.3995, Mean ZNCC: 0.6461
--> Saved to Top 5 best models (EPE: 2.7642)
--> New absolute BEST model updated with EPE: 2.7642
Epoch 227 starts
Iter 10 of 338 Loss: 0.725541, L1(Flow): 0.667716, Reg: 0.057825
Iter 20 of 338 Loss: 0.768332, L1(Flow): 0.708616, Reg: 0.059716
Iter 30 of 338 Loss: 0.777918, L1(Flow): 0.711250, Reg: 0.066668
Iter 40 of 338 Loss: 0.732701, L1(Flow): 0.680350, Reg: 0.052350
Iter 50 of 338 Loss: 0.744975, L1(Flow): 0.688685, Reg: 0.056290
Iter 60 of 338 Loss: 0.715557, L1(Flow): 0.659058, Reg: 0.056499
Iter 70 of 338 Loss: 0.763278, L1(Flow): 0.707930, Reg: 0.055348
Iter 80 of 338 Loss: 0.784443, L1(Flow): 0.722244, Reg: 0.062198
Iter 90 of 338 Loss: 0.750839, L1(Flow): 0.693635, Reg: 0.057203
Iter 100 of 338 Loss: 0.759539, L1(Flow): 0.699631, Reg: 0.059908
Iter 110 of 338 Loss: 0.718450, L1(Flow): 0.662817, Reg: 0.055633
Iter 120 of 338 Loss: 0.755433, L1(Flow): 0.699794, Reg: 0.055639
Iter 130 of 338 Loss: 0.714992, L1(Flow): 0.659288, Reg: 0.055704
Iter 140 of 338 Loss: 0.720471, L1(Flow): 0.664956, Reg: 0.055515
Iter 150 of 338 Loss: 0.774331, L1(Flow): 0.712545, Reg: 0.061786
Iter 160 of 338 Loss: 0.763170, L1(Flow): 0.704605, Reg: 0.058564
Iter 170 of 338 Loss: 0.787499, L1(Flow): 0.722081, Reg: 0.065418
Iter 180 of 338 Loss: 0.703884, L1(Flow): 0.651930, Reg: 0.051954
Iter 190 of 338 Loss: 0.743254, L1(Flow): 0.687665, Reg: 0.055588
Iter 200 of 338 Loss: 0.729895, L1(Flow): 0.673713, Reg: 0.056182
Iter 210 of 338 Loss: 0.740896, L1(Flow): 0.682780, Reg: 0.058116
Iter 220 of 338 Loss: 0.734705, L1(Flow): 0.678791, Reg: 0.055914
Iter 230 of 338 Loss: 0.750492, L1(Flow): 0.688158, Reg: 0.062334
Iter 240 of 338 Loss: 0.804362, L1(Flow): 0.747470, Reg: 0.056893
Iter 250 of 338 Loss: 0.802014, L1(Flow): 0.735861, Reg: 0.066153
Iter 260 of 338 Loss: 0.756088, L1(Flow): 0.695904, Reg: 0.060184
Iter 270 of 338 Loss: 0.709613, L1(Flow): 0.659136, Reg: 0.050477
Iter 280 of 338 Loss: 0.754319, L1(Flow): 0.693876, Reg: 0.060443
Iter 290 of 338 Loss: 0.720406, L1(Flow): 0.666957, Reg: 0.053449
Iter 300 of 338 Loss: 0.820858, L1(Flow): 0.754423, Reg: 0.066435
Iter 310 of 338 Loss: 0.776340, L1(Flow): 0.714705, Reg: 0.061635
Iter 320 of 338 Loss: 0.774886, L1(Flow): 0.715023, Reg: 0.059863
Iter 330 of 338 Loss: 0.789242, L1(Flow): 0.728400, Reg: 0.060842
Epoch 227 Loss: 0.755132
Epoch 227 Validation: Mean EPE: 2.7790, Mean SSIM: 0.3979, Mean ZNCC: 0.6457
Epoch 228 starts
Iter 10 of 338 Loss: 0.727648, L1(Flow): 0.676426, Reg: 0.051222
Iter 20 of 338 Loss: 0.750608, L1(Flow): 0.687173, Reg: 0.063435
Iter 30 of 338 Loss: 0.753023, L1(Flow): 0.693727, Reg: 0.059296
Iter 40 of 338 Loss: 0.767973, L1(Flow): 0.708810, Reg: 0.059163
Iter 50 of 338 Loss: 0.753031, L1(Flow): 0.691372, Reg: 0.061659
Iter 60 of 338 Loss: 0.768848, L1(Flow): 0.709697, Reg: 0.059151
Iter 70 of 338 Loss: 0.802518, L1(Flow): 0.735857, Reg: 0.066661
Iter 80 of 338 Loss: 0.767463, L1(Flow): 0.707830, Reg: 0.059633
Iter 90 of 338 Loss: 0.773694, L1(Flow): 0.713434, Reg: 0.060260
Iter 100 of 338 Loss: 0.717669, L1(Flow): 0.662183, Reg: 0.055486
Iter 110 of 338 Loss: 0.738683, L1(Flow): 0.679714, Reg: 0.058969
Iter 120 of 338 Loss: 0.738560, L1(Flow): 0.682373, Reg: 0.056187
Iter 130 of 338 Loss: 0.746043, L1(Flow): 0.685240, Reg: 0.060803
Iter 140 of 338 Loss: 0.761189, L1(Flow): 0.696625, Reg: 0.064563
Iter 150 of 338 Loss: 0.772769, L1(Flow): 0.714329, Reg: 0.058441
Iter 160 of 338 Loss: 0.751205, L1(Flow): 0.689300, Reg: 0.061905
Iter 170 of 338 Loss: 0.760288, L1(Flow): 0.705937, Reg: 0.054350
Iter 180 of 338 Loss: 0.767202, L1(Flow): 0.707246, Reg: 0.059956
Iter 190 of 338 Loss: 0.721211, L1(Flow): 0.663551, Reg: 0.057660
Iter 200 of 338 Loss: 0.751785, L1(Flow): 0.689779, Reg: 0.062005
Iter 210 of 338 Loss: 0.784700, L1(Flow): 0.723368, Reg: 0.061332
Iter 220 of 338 Loss: 0.742233, L1(Flow): 0.684243, Reg: 0.057990
Iter 230 of 338 Loss: 0.702131, L1(Flow): 0.651096, Reg: 0.051035
Iter 240 of 338 Loss: 0.714580, L1(Flow): 0.658845, Reg: 0.055735
Iter 250 of 338 Loss: 0.729556, L1(Flow): 0.674247, Reg: 0.055309
Iter 260 of 338 Loss: 0.755463, L1(Flow): 0.694016, Reg: 0.061447
Iter 270 of 338 Loss: 0.746280, L1(Flow): 0.690807, Reg: 0.055473
Iter 280 of 338 Loss: 0.783396, L1(Flow): 0.721025, Reg: 0.062372
Iter 290 of 338 Loss: 0.754221, L1(Flow): 0.700850, Reg: 0.053371
Iter 300 of 338 Loss: 0.792275, L1(Flow): 0.733104, Reg: 0.059171
Iter 310 of 338 Loss: 0.786402, L1(Flow): 0.725969, Reg: 0.060433
Iter 320 of 338 Loss: 0.751087, L1(Flow): 0.695461, Reg: 0.055626
Iter 330 of 338 Loss: 0.776832, L1(Flow): 0.714117, Reg: 0.062715
Epoch 228 Loss: 0.753636
Epoch 228 Validation: Mean EPE: 2.7709, Mean SSIM: 0.3992, Mean ZNCC: 0.6461
Epoch 229 starts
Iter 10 of 338 Loss: 0.785450, L1(Flow): 0.724189, Reg: 0.061262
Iter 20 of 338 Loss: 0.755084, L1(Flow): 0.697076, Reg: 0.058008
Iter 30 of 338 Loss: 0.744785, L1(Flow): 0.689292, Reg: 0.055493
Iter 40 of 338 Loss: 0.771554, L1(Flow): 0.713655, Reg: 0.057899
Iter 50 of 338 Loss: 0.732139, L1(Flow): 0.677332, Reg: 0.054806
Iter 60 of 338 Loss: 0.765455, L1(Flow): 0.708769, Reg: 0.056686
Iter 70 of 338 Loss: 0.743930, L1(Flow): 0.684404, Reg: 0.059526
Iter 80 of 338 Loss: 0.777683, L1(Flow): 0.715110, Reg: 0.062573
Iter 90 of 338 Loss: 0.785159, L1(Flow): 0.719199, Reg: 0.065960
Iter 100 of 338 Loss: 0.746287, L1(Flow): 0.692031, Reg: 0.054256
Iter 110 of 338 Loss: 0.754975, L1(Flow): 0.695910, Reg: 0.059065
Iter 120 of 338 Loss: 0.742457, L1(Flow): 0.685486, Reg: 0.056971
Iter 130 of 338 Loss: 0.767063, L1(Flow): 0.710556, Reg: 0.056507
Iter 140 of 338 Loss: 0.783050, L1(Flow): 0.726133, Reg: 0.056917
Iter 150 of 338 Loss: 0.738205, L1(Flow): 0.680348, Reg: 0.057857
Iter 160 of 338 Loss: 0.783847, L1(Flow): 0.719535, Reg: 0.064312
Iter 170 of 338 Loss: 0.721065, L1(Flow): 0.663980, Reg: 0.057085
Iter 180 of 338 Loss: 0.728940, L1(Flow): 0.670019, Reg: 0.058921
Iter 190 of 338 Loss: 0.730093, L1(Flow): 0.673022, Reg: 0.057071
Iter 200 of 338 Loss: 0.785038, L1(Flow): 0.720692, Reg: 0.064346
Iter 210 of 338 Loss: 0.746328, L1(Flow): 0.688802, Reg: 0.057526
Iter 220 of 338 Loss: 0.778761, L1(Flow): 0.714177, Reg: 0.064585
Iter 230 of 338 Loss: 0.751875, L1(Flow): 0.694256, Reg: 0.057619
Iter 240 of 338 Loss: 0.782175, L1(Flow): 0.723991, Reg: 0.058184
Iter 250 of 338 Loss: 0.698702, L1(Flow): 0.645404, Reg: 0.053298
Iter 260 of 338 Loss: 0.771725, L1(Flow): 0.711349, Reg: 0.060376
Iter 270 of 338 Loss: 0.769122, L1(Flow): 0.706591, Reg: 0.062530
Iter 280 of 338 Loss: 0.755795, L1(Flow): 0.695521, Reg: 0.060274
Iter 290 of 338 Loss: 0.741002, L1(Flow): 0.680012, Reg: 0.060989
Iter 300 of 338 Loss: 0.769004, L1(Flow): 0.707962, Reg: 0.061043
Iter 310 of 338 Loss: 0.749390, L1(Flow): 0.693633, Reg: 0.055757
Iter 320 of 338 Loss: 0.748738, L1(Flow): 0.685746, Reg: 0.062992
Iter 330 of 338 Loss: 0.768430, L1(Flow): 0.708590, Reg: 0.059839
Epoch 229 Loss: 0.756775
Epoch 229 Validation: Mean EPE: 2.7801, Mean SSIM: 0.3993, Mean ZNCC: 0.6459
Epoch 230 starts
Iter 10 of 338 Loss: 0.798293, L1(Flow): 0.734252, Reg: 0.064041
Iter 20 of 338 Loss: 0.750414, L1(Flow): 0.690431, Reg: 0.059982
Iter 30 of 338 Loss: 0.710858, L1(Flow): 0.655622, Reg: 0.055236
Iter 40 of 338 Loss: 0.722205, L1(Flow): 0.672058, Reg: 0.050146
Iter 50 of 338 Loss: 0.751902, L1(Flow): 0.694305, Reg: 0.057597
Iter 60 of 338 Loss: 0.760232, L1(Flow): 0.701601, Reg: 0.058631
Iter 70 of 338 Loss: 0.776197, L1(Flow): 0.714846, Reg: 0.061351
Iter 80 of 338 Loss: 0.771106, L1(Flow): 0.713123, Reg: 0.057983
Iter 90 of 338 Loss: 0.761061, L1(Flow): 0.703779, Reg: 0.057282
Iter 100 of 338 Loss: 0.783130, L1(Flow): 0.719676, Reg: 0.063454
Iter 110 of 338 Loss: 0.811209, L1(Flow): 0.747611, Reg: 0.063598
Iter 120 of 338 Loss: 0.738714, L1(Flow): 0.680879, Reg: 0.057834
Iter 130 of 338 Loss: 0.763687, L1(Flow): 0.703519, Reg: 0.060168
Iter 140 of 338 Loss: 0.748689, L1(Flow): 0.688549, Reg: 0.060139
Iter 150 of 338 Loss: 0.756111, L1(Flow): 0.699837, Reg: 0.056273
Iter 160 of 338 Loss: 0.749156, L1(Flow): 0.685149, Reg: 0.064007
Iter 170 of 338 Loss: 0.734761, L1(Flow): 0.678271, Reg: 0.056490
Iter 180 of 338 Loss: 0.720827, L1(Flow): 0.670829, Reg: 0.049998
Iter 190 of 338 Loss: 0.725920, L1(Flow): 0.671736, Reg: 0.054183
Iter 200 of 338 Loss: 0.701638, L1(Flow): 0.647110, Reg: 0.054527
Iter 210 of 338 Loss: 0.740776, L1(Flow): 0.681861, Reg: 0.058915
Iter 220 of 338 Loss: 0.744974, L1(Flow): 0.686407, Reg: 0.058567
Iter 230 of 338 Loss: 0.781995, L1(Flow): 0.716142, Reg: 0.065853
Iter 240 of 338 Loss: 0.788496, L1(Flow): 0.726740, Reg: 0.061756
Iter 250 of 338 Loss: 0.721452, L1(Flow): 0.668175, Reg: 0.053277
Iter 260 of 338 Loss: 0.756269, L1(Flow): 0.697068, Reg: 0.059201
Iter 270 of 338 Loss: 0.763794, L1(Flow): 0.705789, Reg: 0.058006
Iter 280 of 338 Loss: 0.800908, L1(Flow): 0.739225, Reg: 0.061683
Iter 290 of 338 Loss: 0.720318, L1(Flow): 0.667807, Reg: 0.052511
Iter 300 of 338 Loss: 0.741407, L1(Flow): 0.681396, Reg: 0.060011
Iter 310 of 338 Loss: 0.773904, L1(Flow): 0.714600, Reg: 0.059304
Iter 320 of 338 Loss: 0.724750, L1(Flow): 0.666678, Reg: 0.058072
Iter 330 of 338 Loss: 0.759926, L1(Flow): 0.706589, Reg: 0.053338
Epoch 230 Loss: 0.749303
Epoch 230 Validation: Mean EPE: 2.7670, Mean SSIM: 0.3990, Mean ZNCC: 0.6458
--> Saved to Top 5 best models (EPE: 2.7670)
Epoch 231 starts
Iter 10 of 338 Loss: 0.742221, L1(Flow): 0.683658, Reg: 0.058563
Iter 20 of 338 Loss: 0.818881, L1(Flow): 0.761350, Reg: 0.057532
Iter 30 of 338 Loss: 0.774296, L1(Flow): 0.711563, Reg: 0.062733
Iter 40 of 338 Loss: 0.787354, L1(Flow): 0.730442, Reg: 0.056912
Iter 50 of 338 Loss: 0.743629, L1(Flow): 0.690160, Reg: 0.053470
Iter 60 of 338 Loss: 0.705172, L1(Flow): 0.652416, Reg: 0.052756
Iter 70 of 338 Loss: 0.694918, L1(Flow): 0.640870, Reg: 0.054048
Iter 80 of 338 Loss: 0.761155, L1(Flow): 0.703691, Reg: 0.057464
Iter 90 of 338 Loss: 0.757072, L1(Flow): 0.694829, Reg: 0.062242
Iter 100 of 338 Loss: 0.748261, L1(Flow): 0.688754, Reg: 0.059507
Iter 110 of 338 Loss: 0.736460, L1(Flow): 0.680281, Reg: 0.056179
Iter 120 of 338 Loss: 0.778623, L1(Flow): 0.719945, Reg: 0.058678
Iter 130 of 338 Loss: 0.733407, L1(Flow): 0.678370, Reg: 0.055038
Iter 140 of 338 Loss: 0.805578, L1(Flow): 0.743173, Reg: 0.062405
Iter 150 of 338 Loss: 0.762903, L1(Flow): 0.705969, Reg: 0.056935
Iter 160 of 338 Loss: 0.740639, L1(Flow): 0.682567, Reg: 0.058072
Iter 170 of 338 Loss: 0.731801, L1(Flow): 0.673306, Reg: 0.058495
Iter 180 of 338 Loss: 0.745132, L1(Flow): 0.687205, Reg: 0.057927
Iter 190 of 338 Loss: 0.749634, L1(Flow): 0.689078, Reg: 0.060555
Iter 200 of 338 Loss: 0.778147, L1(Flow): 0.718761, Reg: 0.059386
Iter 210 of 338 Loss: 0.760108, L1(Flow): 0.698635, Reg: 0.061473
Iter 220 of 338 Loss: 0.716261, L1(Flow): 0.660739, Reg: 0.055522
Iter 230 of 338 Loss: 0.728522, L1(Flow): 0.670743, Reg: 0.057779
Iter 240 of 338 Loss: 0.799852, L1(Flow): 0.733574, Reg: 0.066278
Iter 250 of 338 Loss: 0.739178, L1(Flow): 0.679739, Reg: 0.059439
Iter 260 of 338 Loss: 0.738248, L1(Flow): 0.680375, Reg: 0.057873
Iter 270 of 338 Loss: 0.746830, L1(Flow): 0.684824, Reg: 0.062006
Iter 280 of 338 Loss: 0.773545, L1(Flow): 0.717821, Reg: 0.055724
Iter 290 of 338 Loss: 0.755713, L1(Flow): 0.698206, Reg: 0.057507
Iter 300 of 338 Loss: 0.733222, L1(Flow): 0.676376, Reg: 0.056846
Iter 310 of 338 Loss: 0.752773, L1(Flow): 0.690384, Reg: 0.062389
Iter 320 of 338 Loss: 0.749547, L1(Flow): 0.690460, Reg: 0.059087
Iter 330 of 338 Loss: 0.733513, L1(Flow): 0.673957, Reg: 0.059556
Epoch 231 Loss: 0.748300
Epoch 231 Validation: Mean EPE: 2.7701, Mean SSIM: 0.3992, Mean ZNCC: 0.6462
Epoch 232 starts
Iter 10 of 338 Loss: 0.763454, L1(Flow): 0.705185, Reg: 0.058269
Iter 20 of 338 Loss: 0.735908, L1(Flow): 0.680511, Reg: 0.055397
Iter 30 of 338 Loss: 0.807326, L1(Flow): 0.747425, Reg: 0.059901
Iter 40 of 338 Loss: 0.764037, L1(Flow): 0.706542, Reg: 0.057496
Iter 50 of 338 Loss: 0.756031, L1(Flow): 0.698456, Reg: 0.057574
Iter 60 of 338 Loss: 0.740377, L1(Flow): 0.682947, Reg: 0.057430
Iter 70 of 338 Loss: 0.718922, L1(Flow): 0.661321, Reg: 0.057601
Iter 80 of 338 Loss: 0.747160, L1(Flow): 0.690911, Reg: 0.056249
Iter 90 of 338 Loss: 0.733990, L1(Flow): 0.676556, Reg: 0.057434
Iter 100 of 338 Loss: 0.728548, L1(Flow): 0.674477, Reg: 0.054071
Iter 110 of 338 Loss: 0.679768, L1(Flow): 0.624485, Reg: 0.055283
Iter 120 of 338 Loss: 0.744647, L1(Flow): 0.687036, Reg: 0.057612
Iter 130 of 338 Loss: 0.791165, L1(Flow): 0.725170, Reg: 0.065995
Iter 140 of 338 Loss: 0.704237, L1(Flow): 0.645372, Reg: 0.058865
Iter 150 of 338 Loss: 0.773607, L1(Flow): 0.711375, Reg: 0.062232
Iter 160 of 338 Loss: 0.735546, L1(Flow): 0.685340, Reg: 0.050206
Iter 170 of 338 Loss: 0.716435, L1(Flow): 0.662464, Reg: 0.053971
Iter 180 of 338 Loss: 0.776918, L1(Flow): 0.718807, Reg: 0.058112
Iter 190 of 338 Loss: 0.734583, L1(Flow): 0.676228, Reg: 0.058355
Iter 200 of 338 Loss: 0.747359, L1(Flow): 0.693353, Reg: 0.054006
Iter 210 of 338 Loss: 0.778868, L1(Flow): 0.718183, Reg: 0.060685
Iter 220 of 338 Loss: 0.766868, L1(Flow): 0.706278, Reg: 0.060591
Iter 230 of 338 Loss: 0.699422, L1(Flow): 0.650047, Reg: 0.049375
Iter 240 of 338 Loss: 0.734136, L1(Flow): 0.674526, Reg: 0.059610
Iter 250 of 338 Loss: 0.745047, L1(Flow): 0.686629, Reg: 0.058418
Iter 260 of 338 Loss: 0.743059, L1(Flow): 0.685855, Reg: 0.057204
Iter 270 of 338 Loss: 0.735216, L1(Flow): 0.676017, Reg: 0.059199
Iter 280 of 338 Loss: 0.787883, L1(Flow): 0.732195, Reg: 0.055688
Iter 290 of 338 Loss: 0.739137, L1(Flow): 0.685471, Reg: 0.053666
Iter 300 of 338 Loss: 0.761810, L1(Flow): 0.702549, Reg: 0.059260
Iter 310 of 338 Loss: 0.764186, L1(Flow): 0.704970, Reg: 0.059216
Iter 320 of 338 Loss: 0.800743, L1(Flow): 0.738077, Reg: 0.062666
Iter 330 of 338 Loss: 0.769958, L1(Flow): 0.709220, Reg: 0.060739
Epoch 232 Loss: 0.747148
Epoch 232 Validation: Mean EPE: 2.7680, Mean SSIM: 0.4004, Mean ZNCC: 0.6462
Epoch 233 starts
Iter 10 of 338 Loss: 0.799101, L1(Flow): 0.738765, Reg: 0.060336
Iter 20 of 338 Loss: 0.726865, L1(Flow): 0.668385, Reg: 0.058480
Iter 30 of 338 Loss: 0.759407, L1(Flow): 0.697685, Reg: 0.061722
Iter 40 of 338 Loss: 0.741461, L1(Flow): 0.679344, Reg: 0.062116
Iter 50 of 338 Loss: 0.768562, L1(Flow): 0.710147, Reg: 0.058416
Iter 60 of 338 Loss: 0.773001, L1(Flow): 0.706760, Reg: 0.066241
Iter 70 of 338 Loss: 0.755396, L1(Flow): 0.694298, Reg: 0.061098
Iter 80 of 338 Loss: 0.765734, L1(Flow): 0.710177, Reg: 0.055557
Iter 90 of 338 Loss: 0.739316, L1(Flow): 0.681879, Reg: 0.057437
Iter 100 of 338 Loss: 0.732242, L1(Flow): 0.677405, Reg: 0.054837
Iter 110 of 338 Loss: 0.735784, L1(Flow): 0.677673, Reg: 0.058111
Iter 120 of 338 Loss: 0.759555, L1(Flow): 0.701676, Reg: 0.057879
Iter 130 of 338 Loss: 0.731926, L1(Flow): 0.673319, Reg: 0.058607
Iter 140 of 338 Loss: 0.749634, L1(Flow): 0.695409, Reg: 0.054225
Iter 150 of 338 Loss: 0.726407, L1(Flow): 0.671714, Reg: 0.054692
Iter 160 of 338 Loss: 0.735575, L1(Flow): 0.681367, Reg: 0.054208
Iter 170 of 338 Loss: 0.778934, L1(Flow): 0.718017, Reg: 0.060918
Iter 180 of 338 Loss: 0.759585, L1(Flow): 0.702668, Reg: 0.056916
Iter 190 of 338 Loss: 0.733183, L1(Flow): 0.676299, Reg: 0.056885
Iter 200 of 338 Loss: 0.752398, L1(Flow): 0.694133, Reg: 0.058265
Iter 210 of 338 Loss: 0.726694, L1(Flow): 0.666309, Reg: 0.060385
Iter 220 of 338 Loss: 0.742147, L1(Flow): 0.685627, Reg: 0.056521
Iter 230 of 338 Loss: 0.741565, L1(Flow): 0.683109, Reg: 0.058456
Iter 240 of 338 Loss: 0.756508, L1(Flow): 0.697254, Reg: 0.059253
Iter 250 of 338 Loss: 0.717914, L1(Flow): 0.659742, Reg: 0.058172
Iter 260 of 338 Loss: 0.739352, L1(Flow): 0.683082, Reg: 0.056270
Iter 270 of 338 Loss: 0.752152, L1(Flow): 0.694032, Reg: 0.058120
Iter 280 of 338 Loss: 0.764352, L1(Flow): 0.699626, Reg: 0.064726
Iter 290 of 338 Loss: 0.752433, L1(Flow): 0.695899, Reg: 0.056534
Iter 300 of 338 Loss: 0.736151, L1(Flow): 0.676956, Reg: 0.059194
Iter 310 of 338 Loss: 0.718170, L1(Flow): 0.658792, Reg: 0.059378
Iter 320 of 338 Loss: 0.720017, L1(Flow): 0.665114, Reg: 0.054903
Iter 330 of 338 Loss: 0.771818, L1(Flow): 0.712422, Reg: 0.059396
Epoch 233 Loss: 0.743849
Epoch 233 Validation: Mean EPE: 2.7715, Mean SSIM: 0.3994, Mean ZNCC: 0.6460
Epoch 234 starts
Iter 10 of 338 Loss: 0.714606, L1(Flow): 0.656657, Reg: 0.057949
Iter 20 of 338 Loss: 0.714030, L1(Flow): 0.660053, Reg: 0.053977
Iter 30 of 338 Loss: 0.733289, L1(Flow): 0.672577, Reg: 0.060711
Iter 40 of 338 Loss: 0.738913, L1(Flow): 0.680680, Reg: 0.058232
Iter 50 of 338 Loss: 0.733928, L1(Flow): 0.674268, Reg: 0.059660
Iter 60 of 338 Loss: 0.755816, L1(Flow): 0.695275, Reg: 0.060541
Iter 70 of 338 Loss: 0.728784, L1(Flow): 0.671174, Reg: 0.057610
Iter 80 of 338 Loss: 0.782625, L1(Flow): 0.724514, Reg: 0.058111
Iter 90 of 338 Loss: 0.782245, L1(Flow): 0.722928, Reg: 0.059317
Iter 100 of 338 Loss: 0.720727, L1(Flow): 0.666374, Reg: 0.054353
Iter 110 of 338 Loss: 0.765846, L1(Flow): 0.703723, Reg: 0.062122
Iter 120 of 338 Loss: 0.739934, L1(Flow): 0.681978, Reg: 0.057956
Iter 130 of 338 Loss: 0.731896, L1(Flow): 0.677407, Reg: 0.054489
Iter 140 of 338 Loss: 0.757798, L1(Flow): 0.691153, Reg: 0.066645
Iter 150 of 338 Loss: 0.728614, L1(Flow): 0.673101, Reg: 0.055513
Iter 160 of 338 Loss: 0.748053, L1(Flow): 0.689944, Reg: 0.058110
Iter 170 of 338 Loss: 0.774560, L1(Flow): 0.712885, Reg: 0.061675
Iter 180 of 338 Loss: 0.729068, L1(Flow): 0.670311, Reg: 0.058757
Iter 190 of 338 Loss: 0.770114, L1(Flow): 0.709444, Reg: 0.060670
Iter 200 of 338 Loss: 0.754051, L1(Flow): 0.695339, Reg: 0.058712
Iter 210 of 338 Loss: 0.736168, L1(Flow): 0.677242, Reg: 0.058926
Iter 220 of 338 Loss: 0.744856, L1(Flow): 0.684064, Reg: 0.060792
Iter 230 of 338 Loss: 0.719774, L1(Flow): 0.660431, Reg: 0.059343
Iter 240 of 338 Loss: 0.745724, L1(Flow): 0.687438, Reg: 0.058286
Iter 250 of 338 Loss: 0.747650, L1(Flow): 0.691730, Reg: 0.055920
Iter 260 of 338 Loss: 0.726125, L1(Flow): 0.668507, Reg: 0.057617
Iter 270 of 338 Loss: 0.716683, L1(Flow): 0.659765, Reg: 0.056919
Iter 280 of 338 Loss: 0.746195, L1(Flow): 0.683009, Reg: 0.063186
Iter 290 of 338 Loss: 0.743156, L1(Flow): 0.684410, Reg: 0.058746
Iter 300 of 338 Loss: 0.759457, L1(Flow): 0.696515, Reg: 0.062942
Iter 310 of 338 Loss: 0.734899, L1(Flow): 0.675810, Reg: 0.059089
Iter 320 of 338 Loss: 0.722801, L1(Flow): 0.664759, Reg: 0.058042
Iter 330 of 338 Loss: 0.734108, L1(Flow): 0.680270, Reg: 0.053838
Epoch 234 Loss: 0.740234
Epoch 234 Validation: Mean EPE: 2.7705, Mean SSIM: 0.3995, Mean ZNCC: 0.6460
Epoch 235 starts
Iter 10 of 338 Loss: 0.749113, L1(Flow): 0.690461, Reg: 0.058652
Iter 20 of 338 Loss: 0.745119, L1(Flow): 0.686964, Reg: 0.058154
Iter 30 of 338 Loss: 0.734844, L1(Flow): 0.674571, Reg: 0.060274
Iter 40 of 338 Loss: 0.740240, L1(Flow): 0.678841, Reg: 0.061399
Iter 50 of 338 Loss: 0.725870, L1(Flow): 0.672245, Reg: 0.053624
Iter 60 of 338 Loss: 0.696511, L1(Flow): 0.643918, Reg: 0.052593
Iter 70 of 338 Loss: 0.740595, L1(Flow): 0.681363, Reg: 0.059232
Iter 80 of 338 Loss: 0.746708, L1(Flow): 0.691086, Reg: 0.055622
Iter 90 of 338 Loss: 0.760969, L1(Flow): 0.699773, Reg: 0.061195
Iter 100 of 338 Loss: 0.729756, L1(Flow): 0.671333, Reg: 0.058423
Iter 110 of 338 Loss: 0.706885, L1(Flow): 0.652292, Reg: 0.054593
Iter 120 of 338 Loss: 0.726907, L1(Flow): 0.670200, Reg: 0.056707
Iter 130 of 338 Loss: 0.721607, L1(Flow): 0.668734, Reg: 0.052873
Iter 140 of 338 Loss: 0.696956, L1(Flow): 0.640184, Reg: 0.056773
Iter 150 of 338 Loss: 0.739426, L1(Flow): 0.681678, Reg: 0.057747
Iter 160 of 338 Loss: 0.745220, L1(Flow): 0.686467, Reg: 0.058754
Iter 170 of 338 Loss: 0.751841, L1(Flow): 0.692425, Reg: 0.059417
Iter 180 of 338 Loss: 0.758508, L1(Flow): 0.697343, Reg: 0.061164
Iter 190 of 338 Loss: 0.734415, L1(Flow): 0.675080, Reg: 0.059335
Iter 200 of 338 Loss: 0.683167, L1(Flow): 0.631258, Reg: 0.051909
Iter 210 of 338 Loss: 0.713975, L1(Flow): 0.656479, Reg: 0.057496
Iter 220 of 338 Loss: 0.723893, L1(Flow): 0.665879, Reg: 0.058013
Iter 230 of 338 Loss: 0.726473, L1(Flow): 0.669271, Reg: 0.057202
Iter 240 of 338 Loss: 0.733468, L1(Flow): 0.678411, Reg: 0.055057
Iter 250 of 338 Loss: 0.761561, L1(Flow): 0.708034, Reg: 0.053527
Iter 260 of 338 Loss: 0.804124, L1(Flow): 0.742702, Reg: 0.061422
Iter 270 of 338 Loss: 0.752768, L1(Flow): 0.692556, Reg: 0.060212
Iter 280 of 338 Loss: 0.714283, L1(Flow): 0.653256, Reg: 0.061026
Iter 290 of 338 Loss: 0.764152, L1(Flow): 0.703815, Reg: 0.060338
Iter 300 of 338 Loss: 0.729856, L1(Flow): 0.670968, Reg: 0.058888
Iter 310 of 338 Loss: 0.720522, L1(Flow): 0.667178, Reg: 0.053344
Iter 320 of 338 Loss: 0.694220, L1(Flow): 0.639729, Reg: 0.054491
Iter 330 of 338 Loss: 0.709895, L1(Flow): 0.655867, Reg: 0.054028
Epoch 235 Loss: 0.742144
Epoch 235 Validation: Mean EPE: 2.7649, Mean SSIM: 0.3998, Mean ZNCC: 0.6463
--> Saved to Top 5 best models (EPE: 2.7649)
Epoch 236 starts
Iter 10 of 338 Loss: 0.690704, L1(Flow): 0.641086, Reg: 0.049618
Iter 20 of 338 Loss: 0.715663, L1(Flow): 0.655973, Reg: 0.059690
Iter 30 of 338 Loss: 0.738543, L1(Flow): 0.676956, Reg: 0.061587
Iter 40 of 338 Loss: 0.746951, L1(Flow): 0.690008, Reg: 0.056943
Iter 50 of 338 Loss: 0.742576, L1(Flow): 0.685960, Reg: 0.056616
Iter 60 of 338 Loss: 0.738557, L1(Flow): 0.678757, Reg: 0.059800
Iter 70 of 338 Loss: 0.700731, L1(Flow): 0.645697, Reg: 0.055034
Iter 80 of 338 Loss: 0.702474, L1(Flow): 0.645186, Reg: 0.057288
Iter 90 of 338 Loss: 0.721743, L1(Flow): 0.663367, Reg: 0.058376
Iter 100 of 338 Loss: 0.761756, L1(Flow): 0.701810, Reg: 0.059946
Iter 110 of 338 Loss: 0.723448, L1(Flow): 0.669694, Reg: 0.053754
Iter 120 of 338 Loss: 0.736353, L1(Flow): 0.674811, Reg: 0.061542
Iter 130 of 338 Loss: 0.781030, L1(Flow): 0.719011, Reg: 0.062019
Iter 140 of 338 Loss: 0.750732, L1(Flow): 0.693626, Reg: 0.057106
Iter 150 of 338 Loss: 0.747406, L1(Flow): 0.687040, Reg: 0.060366
Iter 160 of 338 Loss: 0.768585, L1(Flow): 0.711984, Reg: 0.056601
Iter 170 of 338 Loss: 0.758378, L1(Flow): 0.695781, Reg: 0.062597
Iter 180 of 338 Loss: 0.757493, L1(Flow): 0.697868, Reg: 0.059626
Iter 190 of 338 Loss: 0.739561, L1(Flow): 0.683817, Reg: 0.055743
Iter 200 of 338 Loss: 0.753928, L1(Flow): 0.692515, Reg: 0.061414
Iter 210 of 338 Loss: 0.718837, L1(Flow): 0.666145, Reg: 0.052691
Iter 220 of 338 Loss: 0.782116, L1(Flow): 0.722175, Reg: 0.059941
Iter 230 of 338 Loss: 0.745507, L1(Flow): 0.687577, Reg: 0.057930
Iter 240 of 338 Loss: 0.715351, L1(Flow): 0.658056, Reg: 0.057295
Iter 250 of 338 Loss: 0.725568, L1(Flow): 0.666358, Reg: 0.059210
Iter 260 of 338 Loss: 0.786279, L1(Flow): 0.720996, Reg: 0.065283
Iter 270 of 338 Loss: 0.746859, L1(Flow): 0.685566, Reg: 0.061292
Iter 280 of 338 Loss: 0.718299, L1(Flow): 0.664187, Reg: 0.054112
Iter 290 of 338 Loss: 0.774750, L1(Flow): 0.712594, Reg: 0.062156
Iter 300 of 338 Loss: 0.766279, L1(Flow): 0.704937, Reg: 0.061343
Iter 310 of 338 Loss: 0.708344, L1(Flow): 0.651705, Reg: 0.056639
Iter 320 of 338 Loss: 0.781128, L1(Flow): 0.716304, Reg: 0.064823
Iter 330 of 338 Loss: 0.735155, L1(Flow): 0.680942, Reg: 0.054213
Epoch 236 Loss: 0.739483
Epoch 236 Validation: Mean EPE: 2.7661, Mean SSIM: 0.3989, Mean ZNCC: 0.6461
--> Saved to Top 5 best models (EPE: 2.7661)
Epoch 237 starts
Iter 10 of 338 Loss: 0.748208, L1(Flow): 0.688882, Reg: 0.059326
Iter 20 of 338 Loss: 0.702704, L1(Flow): 0.649868, Reg: 0.052836
Iter 30 of 338 Loss: 0.699439, L1(Flow): 0.644796, Reg: 0.054643
Iter 40 of 338 Loss: 0.750922, L1(Flow): 0.688637, Reg: 0.062285
Iter 50 of 338 Loss: 0.715514, L1(Flow): 0.658482, Reg: 0.057032
Iter 60 of 338 Loss: 0.700910, L1(Flow): 0.648408, Reg: 0.052502
Iter 70 of 338 Loss: 0.735560, L1(Flow): 0.675929, Reg: 0.059631
Iter 80 of 338 Loss: 0.723763, L1(Flow): 0.670478, Reg: 0.053285
Iter 90 of 338 Loss: 0.757955, L1(Flow): 0.699798, Reg: 0.058157
Iter 100 of 338 Loss: 0.669136, L1(Flow): 0.618066, Reg: 0.051070
Iter 110 of 338 Loss: 0.780460, L1(Flow): 0.711143, Reg: 0.069317
Iter 120 of 338 Loss: 0.714660, L1(Flow): 0.658396, Reg: 0.056264
Iter 130 of 338 Loss: 0.724578, L1(Flow): 0.665099, Reg: 0.059479
Iter 140 of 338 Loss: 0.742548, L1(Flow): 0.685626, Reg: 0.056922
Iter 150 of 338 Loss: 0.722074, L1(Flow): 0.670030, Reg: 0.052044
Iter 160 of 338 Loss: 0.729721, L1(Flow): 0.669600, Reg: 0.060122
Iter 170 of 338 Loss: 0.769798, L1(Flow): 0.709100, Reg: 0.060698
Iter 180 of 338 Loss: 0.717684, L1(Flow): 0.656775, Reg: 0.060910
Iter 190 of 338 Loss: 0.738912, L1(Flow): 0.677601, Reg: 0.061311
Iter 200 of 338 Loss: 0.714119, L1(Flow): 0.660083, Reg: 0.054036
Iter 210 of 338 Loss: 0.725094, L1(Flow): 0.667577, Reg: 0.057517
Iter 220 of 338 Loss: 0.717444, L1(Flow): 0.662200, Reg: 0.055245
Iter 230 of 338 Loss: 0.777273, L1(Flow): 0.716038, Reg: 0.061235
Iter 240 of 338 Loss: 0.710792, L1(Flow): 0.654414, Reg: 0.056378
Iter 250 of 338 Loss: 0.754925, L1(Flow): 0.695232, Reg: 0.059692
Iter 260 of 338 Loss: 0.727826, L1(Flow): 0.670877, Reg: 0.056949
Iter 270 of 338 Loss: 0.744118, L1(Flow): 0.687726, Reg: 0.056392
Iter 280 of 338 Loss: 0.717450, L1(Flow): 0.660316, Reg: 0.057134
Iter 290 of 338 Loss: 0.768933, L1(Flow): 0.715768, Reg: 0.053164
Iter 300 of 338 Loss: 0.745028, L1(Flow): 0.683874, Reg: 0.061154
Iter 310 of 338 Loss: 0.730533, L1(Flow): 0.677174, Reg: 0.053359
Iter 320 of 338 Loss: 0.728434, L1(Flow): 0.668894, Reg: 0.059540
Iter 330 of 338 Loss: 0.748561, L1(Flow): 0.690251, Reg: 0.058310
Epoch 237 Loss: 0.740025
Epoch 237 Validation: Mean EPE: 2.7702, Mean SSIM: 0.3996, Mean ZNCC: 0.6462
Epoch 238 starts
Iter 10 of 338 Loss: 0.753266, L1(Flow): 0.690697, Reg: 0.062569
Iter 20 of 338 Loss: 0.714934, L1(Flow): 0.657899, Reg: 0.057035
Iter 30 of 338 Loss: 0.738957, L1(Flow): 0.682025, Reg: 0.056932
Iter 40 of 338 Loss: 0.727357, L1(Flow): 0.670544, Reg: 0.056813
Iter 50 of 338 Loss: 0.765329, L1(Flow): 0.704929, Reg: 0.060400
Iter 60 of 338 Loss: 0.735364, L1(Flow): 0.676568, Reg: 0.058797
Iter 70 of 338 Loss: 0.725328, L1(Flow): 0.665875, Reg: 0.059453
Iter 80 of 338 Loss: 0.727410, L1(Flow): 0.671421, Reg: 0.055989
Iter 90 of 338 Loss: 0.713561, L1(Flow): 0.661582, Reg: 0.051979
Iter 100 of 338 Loss: 0.755614, L1(Flow): 0.691268, Reg: 0.064346
Iter 110 of 338 Loss: 0.727388, L1(Flow): 0.667128, Reg: 0.060260
Iter 120 of 338 Loss: 0.725869, L1(Flow): 0.666154, Reg: 0.059715
Iter 130 of 338 Loss: 0.710201, L1(Flow): 0.653086, Reg: 0.057114
Iter 140 of 338 Loss: 0.733846, L1(Flow): 0.676644, Reg: 0.057202
Iter 150 of 338 Loss: 0.710426, L1(Flow): 0.652930, Reg: 0.057496
Iter 160 of 338 Loss: 0.740653, L1(Flow): 0.685563, Reg: 0.055090
Iter 170 of 338 Loss: 0.717317, L1(Flow): 0.663341, Reg: 0.053976
Iter 180 of 338 Loss: 0.734673, L1(Flow): 0.673948, Reg: 0.060726
Iter 190 of 338 Loss: 0.733180, L1(Flow): 0.671785, Reg: 0.061395
Iter 200 of 338 Loss: 0.753227, L1(Flow): 0.693885, Reg: 0.059343
Iter 210 of 338 Loss: 0.713814, L1(Flow): 0.653241, Reg: 0.060573
Iter 220 of 338 Loss: 0.697366, L1(Flow): 0.642056, Reg: 0.055310
Iter 230 of 338 Loss: 0.738933, L1(Flow): 0.681351, Reg: 0.057583
Iter 240 of 338 Loss: 0.757407, L1(Flow): 0.695689, Reg: 0.061718
Iter 250 of 338 Loss: 0.791638, L1(Flow): 0.721391, Reg: 0.070247
Iter 260 of 338 Loss: 0.716157, L1(Flow): 0.655919, Reg: 0.060238
Iter 270 of 338 Loss: 0.726732, L1(Flow): 0.666329, Reg: 0.060403
Iter 280 of 338 Loss: 0.730501, L1(Flow): 0.674483, Reg: 0.056018
Iter 290 of 338 Loss: 0.768998, L1(Flow): 0.708470, Reg: 0.060528
Iter 300 of 338 Loss: 0.743555, L1(Flow): 0.689307, Reg: 0.054248
Iter 310 of 338 Loss: 0.734267, L1(Flow): 0.675725, Reg: 0.058542
Iter 320 of 338 Loss: 0.732365, L1(Flow): 0.675518, Reg: 0.056847
Iter 330 of 338 Loss: 0.765095, L1(Flow): 0.707741, Reg: 0.057354
Epoch 238 Loss: 0.736466
Epoch 238 Validation: Mean EPE: 2.7813, Mean SSIM: 0.3992, Mean ZNCC: 0.6459
Epoch 239 starts
Iter 10 of 338 Loss: 0.703394, L1(Flow): 0.649631, Reg: 0.053762
Iter 20 of 338 Loss: 0.757304, L1(Flow): 0.696461, Reg: 0.060842
Iter 30 of 338 Loss: 0.761623, L1(Flow): 0.701049, Reg: 0.060574
Iter 40 of 338 Loss: 0.722558, L1(Flow): 0.660493, Reg: 0.062065
Iter 50 of 338 Loss: 0.727698, L1(Flow): 0.672042, Reg: 0.055656
Iter 60 of 338 Loss: 0.778110, L1(Flow): 0.718415, Reg: 0.059696
Iter 70 of 338 Loss: 0.730232, L1(Flow): 0.669048, Reg: 0.061184
Iter 80 of 338 Loss: 0.748164, L1(Flow): 0.691550, Reg: 0.056614
Iter 90 of 338 Loss: 0.748791, L1(Flow): 0.689846, Reg: 0.058946
Iter 100 of 338 Loss: 0.732087, L1(Flow): 0.666829, Reg: 0.065258
Iter 110 of 338 Loss: 0.736085, L1(Flow): 0.673735, Reg: 0.062350
Iter 120 of 338 Loss: 0.756973, L1(Flow): 0.697428, Reg: 0.059545
Iter 130 of 338 Loss: 0.762736, L1(Flow): 0.706988, Reg: 0.055748
Iter 140 of 338 Loss: 0.715657, L1(Flow): 0.661590, Reg: 0.054067
Iter 150 of 338 Loss: 0.733472, L1(Flow): 0.675064, Reg: 0.058408
Iter 160 of 338 Loss: 0.704934, L1(Flow): 0.651612, Reg: 0.053322
Iter 170 of 338 Loss: 0.727503, L1(Flow): 0.669731, Reg: 0.057772
Iter 180 of 338 Loss: 0.742974, L1(Flow): 0.687126, Reg: 0.055847
Iter 190 of 338 Loss: 0.721059, L1(Flow): 0.661304, Reg: 0.059755
Iter 200 of 338 Loss: 0.740813, L1(Flow): 0.680882, Reg: 0.059931
Iter 210 of 338 Loss: 0.700950, L1(Flow): 0.646898, Reg: 0.054052
Iter 220 of 338 Loss: 0.689008, L1(Flow): 0.637954, Reg: 0.051054
Iter 230 of 338 Loss: 0.777279, L1(Flow): 0.715647, Reg: 0.061632
Iter 240 of 338 Loss: 0.728305, L1(Flow): 0.671336, Reg: 0.056970
Iter 250 of 338 Loss: 0.710619, L1(Flow): 0.659786, Reg: 0.050833
Iter 260 of 338 Loss: 0.759914, L1(Flow): 0.699988, Reg: 0.059926
Iter 270 of 338 Loss: 0.730883, L1(Flow): 0.666233, Reg: 0.064650
Iter 280 of 338 Loss: 0.775709, L1(Flow): 0.714971, Reg: 0.060738
Iter 290 of 338 Loss: 0.727382, L1(Flow): 0.669650, Reg: 0.057732
Iter 300 of 338 Loss: 0.744314, L1(Flow): 0.683068, Reg: 0.061246
Iter 310 of 338 Loss: 0.713682, L1(Flow): 0.656717, Reg: 0.056965
Iter 320 of 338 Loss: 0.746542, L1(Flow): 0.688061, Reg: 0.058480
Iter 330 of 338 Loss: 0.761633, L1(Flow): 0.701253, Reg: 0.060380
Epoch 239 Loss: 0.736611
Epoch 239 Validation: Mean EPE: 2.7683, Mean SSIM: 0.4000, Mean ZNCC: 0.6464
Epoch 240 starts
Iter 10 of 338 Loss: 0.743941, L1(Flow): 0.685686, Reg: 0.058255
Iter 20 of 338 Loss: 0.733743, L1(Flow): 0.676438, Reg: 0.057305
Iter 30 of 338 Loss: 0.723287, L1(Flow): 0.669230, Reg: 0.054056
Iter 40 of 338 Loss: 0.760690, L1(Flow): 0.703716, Reg: 0.056974
Iter 50 of 338 Loss: 0.733039, L1(Flow): 0.680219, Reg: 0.052819
Iter 60 of 338 Loss: 0.716342, L1(Flow): 0.661662, Reg: 0.054681
Iter 70 of 338 Loss: 0.705617, L1(Flow): 0.652935, Reg: 0.052681
Iter 80 of 338 Loss: 0.741521, L1(Flow): 0.680457, Reg: 0.061064
Iter 90 of 338 Loss: 0.712967, L1(Flow): 0.657285, Reg: 0.055682
Iter 100 of 338 Loss: 0.735013, L1(Flow): 0.673714, Reg: 0.061299
Iter 110 of 338 Loss: 0.716264, L1(Flow): 0.661553, Reg: 0.054711
Iter 120 of 338 Loss: 0.765217, L1(Flow): 0.705911, Reg: 0.059306
Iter 130 of 338 Loss: 0.726818, L1(Flow): 0.670026, Reg: 0.056793
Iter 140 of 338 Loss: 0.706410, L1(Flow): 0.654883, Reg: 0.051528
Iter 150 of 338 Loss: 0.717008, L1(Flow): 0.661739, Reg: 0.055269
Iter 160 of 338 Loss: 0.757116, L1(Flow): 0.693126, Reg: 0.063991
Iter 170 of 338 Loss: 0.759904, L1(Flow): 0.703731, Reg: 0.056173
Iter 180 of 338 Loss: 0.721505, L1(Flow): 0.669419, Reg: 0.052086
Iter 190 of 338 Loss: 0.768287, L1(Flow): 0.706885, Reg: 0.061402
Iter 200 of 338 Loss: 0.691715, L1(Flow): 0.635731, Reg: 0.055984
Iter 210 of 338 Loss: 0.704615, L1(Flow): 0.656861, Reg: 0.047754
Iter 220 of 338 Loss: 0.743352, L1(Flow): 0.689597, Reg: 0.053755
Iter 230 of 338 Loss: 0.753838, L1(Flow): 0.697913, Reg: 0.055924
Iter 240 of 338 Loss: 0.725117, L1(Flow): 0.668225, Reg: 0.056892
Iter 250 of 338 Loss: 0.717022, L1(Flow): 0.657905, Reg: 0.059118
Iter 260 of 338 Loss: 0.689209, L1(Flow): 0.637374, Reg: 0.051835
Iter 270 of 338 Loss: 0.727612, L1(Flow): 0.672703, Reg: 0.054910
Iter 280 of 338 Loss: 0.763117, L1(Flow): 0.703764, Reg: 0.059353
Iter 290 of 338 Loss: 0.716177, L1(Flow): 0.660176, Reg: 0.056001
Iter 300 of 338 Loss: 0.701907, L1(Flow): 0.645225, Reg: 0.056682
Iter 310 of 338 Loss: 0.740487, L1(Flow): 0.677851, Reg: 0.062636
Iter 320 of 338 Loss: 0.730009, L1(Flow): 0.678406, Reg: 0.051604
Iter 330 of 338 Loss: 0.737357, L1(Flow): 0.680211, Reg: 0.057145
Epoch 240 Loss: 0.736134
Epoch 240 Validation: Mean EPE: 2.7891, Mean SSIM: 0.3993, Mean ZNCC: 0.6458
Epoch 241 starts
Iter 10 of 338 Loss: 0.737157, L1(Flow): 0.680942, Reg: 0.056215
Iter 20 of 338 Loss: 0.740326, L1(Flow): 0.684580, Reg: 0.055746
Iter 30 of 338 Loss: 0.725416, L1(Flow): 0.672203, Reg: 0.053213
Iter 40 of 338 Loss: 0.776773, L1(Flow): 0.721432, Reg: 0.055341
Iter 50 of 338 Loss: 0.726188, L1(Flow): 0.669530, Reg: 0.056658
Iter 60 of 338 Loss: 0.690593, L1(Flow): 0.641071, Reg: 0.049521
Iter 70 of 338 Loss: 0.698228, L1(Flow): 0.645221, Reg: 0.053007
Iter 80 of 338 Loss: 0.749722, L1(Flow): 0.691822, Reg: 0.057900
Iter 90 of 338 Loss: 0.755788, L1(Flow): 0.694903, Reg: 0.060885
Iter 100 of 338 Loss: 0.736063, L1(Flow): 0.680343, Reg: 0.055721
Iter 110 of 338 Loss: 0.680394, L1(Flow): 0.627696, Reg: 0.052698
Iter 120 of 338 Loss: 0.711261, L1(Flow): 0.651960, Reg: 0.059300
Iter 130 of 338 Loss: 0.709423, L1(Flow): 0.655996, Reg: 0.053427
Iter 140 of 338 Loss: 0.755689, L1(Flow): 0.692329, Reg: 0.063360
Iter 150 of 338 Loss: 0.699079, L1(Flow): 0.647953, Reg: 0.051126
Iter 160 of 338 Loss: 0.761018, L1(Flow): 0.695306, Reg: 0.065712
Iter 170 of 338 Loss: 0.757331, L1(Flow): 0.696639, Reg: 0.060692
Iter 180 of 338 Loss: 0.786772, L1(Flow): 0.719877, Reg: 0.066895
Iter 190 of 338 Loss: 0.691846, L1(Flow): 0.638104, Reg: 0.053742
Iter 200 of 338 Loss: 0.725892, L1(Flow): 0.667201, Reg: 0.058692
Iter 210 of 338 Loss: 0.759096, L1(Flow): 0.698126, Reg: 0.060970
Iter 220 of 338 Loss: 0.699928, L1(Flow): 0.642882, Reg: 0.057045
Iter 230 of 338 Loss: 0.714516, L1(Flow): 0.658484, Reg: 0.056031
Iter 240 of 338 Loss: 0.687385, L1(Flow): 0.632933, Reg: 0.054452
Iter 250 of 338 Loss: 0.758288, L1(Flow): 0.697244, Reg: 0.061045
Iter 260 of 338 Loss: 0.764309, L1(Flow): 0.703327, Reg: 0.060982
Iter 270 of 338 Loss: 0.740231, L1(Flow): 0.681779, Reg: 0.058452
Iter 280 of 338 Loss: 0.765361, L1(Flow): 0.704273, Reg: 0.061088
Iter 290 of 338 Loss: 0.713016, L1(Flow): 0.654899, Reg: 0.058117
Iter 300 of 338 Loss: 0.730491, L1(Flow): 0.672906, Reg: 0.057585
Iter 310 of 338 Loss: 0.682798, L1(Flow): 0.626638, Reg: 0.056159
Iter 320 of 338 Loss: 0.746959, L1(Flow): 0.687672, Reg: 0.059287
Iter 330 of 338 Loss: 0.724682, L1(Flow): 0.670615, Reg: 0.054067
Epoch 241 Loss: 0.735307
Epoch 241 Validation: Mean EPE: 2.7767, Mean SSIM: 0.3999, Mean ZNCC: 0.6461
Epoch 242 starts
Iter 10 of 338 Loss: 0.647105, L1(Flow): 0.599656, Reg: 0.047449
Iter 20 of 338 Loss: 0.797081, L1(Flow): 0.732919, Reg: 0.064162
Iter 30 of 338 Loss: 0.707489, L1(Flow): 0.650847, Reg: 0.056642
Iter 40 of 338 Loss: 0.756883, L1(Flow): 0.697121, Reg: 0.059761
Iter 50 of 338 Loss: 0.718664, L1(Flow): 0.659993, Reg: 0.058671
Iter 60 of 338 Loss: 0.777307, L1(Flow): 0.719048, Reg: 0.058259
Iter 70 of 338 Loss: 0.747111, L1(Flow): 0.690520, Reg: 0.056591
Iter 80 of 338 Loss: 0.706774, L1(Flow): 0.650486, Reg: 0.056288
Iter 90 of 338 Loss: 0.756722, L1(Flow): 0.699784, Reg: 0.056938
Iter 100 of 338 Loss: 0.742158, L1(Flow): 0.682003, Reg: 0.060156
Iter 110 of 338 Loss: 0.715332, L1(Flow): 0.662080, Reg: 0.053252
Iter 120 of 338 Loss: 0.723853, L1(Flow): 0.666360, Reg: 0.057493
Iter 130 of 338 Loss: 0.742680, L1(Flow): 0.682274, Reg: 0.060406
Iter 140 of 338 Loss: 0.712807, L1(Flow): 0.654681, Reg: 0.058126
Iter 150 of 338 Loss: 0.754716, L1(Flow): 0.698709, Reg: 0.056008
Iter 160 of 338 Loss: 0.749446, L1(Flow): 0.693737, Reg: 0.055709
Iter 170 of 338 Loss: 0.715017, L1(Flow): 0.659001, Reg: 0.056016
Iter 180 of 338 Loss: 0.748452, L1(Flow): 0.690656, Reg: 0.057795
Iter 190 of 338 Loss: 0.789327, L1(Flow): 0.725588, Reg: 0.063740
Iter 200 of 338 Loss: 0.735017, L1(Flow): 0.676801, Reg: 0.058217
Iter 210 of 338 Loss: 0.781520, L1(Flow): 0.719876, Reg: 0.061645
Iter 220 of 338 Loss: 0.688981, L1(Flow): 0.639006, Reg: 0.049975
Iter 230 of 338 Loss: 0.763490, L1(Flow): 0.705231, Reg: 0.058259
Iter 240 of 338 Loss: 0.722242, L1(Flow): 0.671817, Reg: 0.050425
Iter 250 of 338 Loss: 0.807146, L1(Flow): 0.743665, Reg: 0.063481
Iter 260 of 338 Loss: 0.754795, L1(Flow): 0.691693, Reg: 0.063102
Iter 270 of 338 Loss: 0.737655, L1(Flow): 0.676772, Reg: 0.060884
Iter 280 of 338 Loss: 0.744583, L1(Flow): 0.686181, Reg: 0.058401
Iter 290 of 338 Loss: 0.808053, L1(Flow): 0.742740, Reg: 0.065313
Iter 300 of 338 Loss: 0.755560, L1(Flow): 0.698238, Reg: 0.057322
Iter 310 of 338 Loss: 0.780914, L1(Flow): 0.717521, Reg: 0.063392
Iter 320 of 338 Loss: 0.736268, L1(Flow): 0.677480, Reg: 0.058788
Iter 330 of 338 Loss: 0.761935, L1(Flow): 0.700957, Reg: 0.060978
Epoch 242 Loss: 0.738854
Epoch 242 Validation: Mean EPE: 2.7662, Mean SSIM: 0.4000, Mean ZNCC: 0.6462
Epoch 243 starts
Iter 10 of 338 Loss: 0.729508, L1(Flow): 0.670711, Reg: 0.058797
Iter 20 of 338 Loss: 0.720289, L1(Flow): 0.667924, Reg: 0.052365
Iter 30 of 338 Loss: 0.702524, L1(Flow): 0.647343, Reg: 0.055181
Iter 40 of 338 Loss: 0.729472, L1(Flow): 0.672188, Reg: 0.057284
Iter 50 of 338 Loss: 0.725779, L1(Flow): 0.672338, Reg: 0.053441
Iter 60 of 338 Loss: 0.710419, L1(Flow): 0.657274, Reg: 0.053145
Iter 70 of 338 Loss: 0.734032, L1(Flow): 0.672747, Reg: 0.061285
Iter 80 of 338 Loss: 0.689005, L1(Flow): 0.639213, Reg: 0.049792
Iter 90 of 338 Loss: 0.719381, L1(Flow): 0.662462, Reg: 0.056920
Iter 100 of 338 Loss: 0.768453, L1(Flow): 0.706263, Reg: 0.062190
Iter 110 of 338 Loss: 0.771573, L1(Flow): 0.712288, Reg: 0.059286
Iter 120 of 338 Loss: 0.782470, L1(Flow): 0.722175, Reg: 0.060295
Iter 130 of 338 Loss: 0.726394, L1(Flow): 0.668420, Reg: 0.057974
Iter 140 of 338 Loss: 0.706238, L1(Flow): 0.652364, Reg: 0.053874
Iter 150 of 338 Loss: 0.777386, L1(Flow): 0.712682, Reg: 0.064703
Iter 160 of 338 Loss: 0.738645, L1(Flow): 0.679342, Reg: 0.059303
Iter 170 of 338 Loss: 0.707001, L1(Flow): 0.657388, Reg: 0.049613
Iter 180 of 338 Loss: 0.766842, L1(Flow): 0.706887, Reg: 0.059955
Iter 190 of 338 Loss: 0.711372, L1(Flow): 0.656864, Reg: 0.054508
Iter 200 of 338 Loss: 0.798828, L1(Flow): 0.729526, Reg: 0.069302
Iter 210 of 338 Loss: 0.726192, L1(Flow): 0.675082, Reg: 0.051110
Iter 220 of 338 Loss: 0.727193, L1(Flow): 0.669485, Reg: 0.057708
Iter 230 of 338 Loss: 0.753652, L1(Flow): 0.690042, Reg: 0.063609
Iter 240 of 338 Loss: 0.779610, L1(Flow): 0.714258, Reg: 0.065352
Iter 250 of 338 Loss: 0.796740, L1(Flow): 0.734458, Reg: 0.062282
Iter 260 of 338 Loss: 0.737025, L1(Flow): 0.680957, Reg: 0.056068
Iter 270 of 338 Loss: 0.707050, L1(Flow): 0.652349, Reg: 0.054701
Iter 280 of 338 Loss: 0.693128, L1(Flow): 0.640201, Reg: 0.052928
Iter 290 of 338 Loss: 0.764826, L1(Flow): 0.700394, Reg: 0.064432
Iter 300 of 338 Loss: 0.711335, L1(Flow): 0.655857, Reg: 0.055478
Iter 310 of 338 Loss: 0.727084, L1(Flow): 0.674478, Reg: 0.052606
Iter 320 of 338 Loss: 0.729033, L1(Flow): 0.673437, Reg: 0.055596
Iter 330 of 338 Loss: 0.765293, L1(Flow): 0.703304, Reg: 0.061988
Epoch 243 Loss: 0.734252
Epoch 243 Validation: Mean EPE: 2.7678, Mean SSIM: 0.3999, Mean ZNCC: 0.6461
Epoch 244 starts
Iter 10 of 338 Loss: 0.687151, L1(Flow): 0.630472, Reg: 0.056679
Iter 20 of 338 Loss: 0.732036, L1(Flow): 0.672131, Reg: 0.059905
Iter 30 of 338 Loss: 0.689478, L1(Flow): 0.639084, Reg: 0.050393
Iter 40 of 338 Loss: 0.714286, L1(Flow): 0.656024, Reg: 0.058261
Iter 50 of 338 Loss: 0.747988, L1(Flow): 0.684235, Reg: 0.063753
Iter 60 of 338 Loss: 0.731010, L1(Flow): 0.669653, Reg: 0.061357
Iter 70 of 338 Loss: 0.673967, L1(Flow): 0.624978, Reg: 0.048988
Iter 80 of 338 Loss: 0.709201, L1(Flow): 0.654639, Reg: 0.054562
Iter 90 of 338 Loss: 0.688739, L1(Flow): 0.635308, Reg: 0.053431
Iter 100 of 338 Loss: 0.737373, L1(Flow): 0.678233, Reg: 0.059140
Iter 110 of 338 Loss: 0.745069, L1(Flow): 0.683894, Reg: 0.061175
Iter 120 of 338 Loss: 0.724622, L1(Flow): 0.667254, Reg: 0.057367
Iter 130 of 338 Loss: 0.738651, L1(Flow): 0.676337, Reg: 0.062314
Iter 140 of 338 Loss: 0.749966, L1(Flow): 0.688872, Reg: 0.061094
Iter 150 of 338 Loss: 0.742887, L1(Flow): 0.678354, Reg: 0.064533
Iter 160 of 338 Loss: 0.725591, L1(Flow): 0.668187, Reg: 0.057404
Iter 170 of 338 Loss: 0.715918, L1(Flow): 0.658258, Reg: 0.057660
Iter 180 of 338 Loss: 0.696248, L1(Flow): 0.641820, Reg: 0.054428
Iter 190 of 338 Loss: 0.741054, L1(Flow): 0.680192, Reg: 0.060862
Iter 200 of 338 Loss: 0.691575, L1(Flow): 0.641649, Reg: 0.049927
Iter 210 of 338 Loss: 0.773045, L1(Flow): 0.711900, Reg: 0.061144
Iter 220 of 338 Loss: 0.698381, L1(Flow): 0.646321, Reg: 0.052060
Iter 230 of 338 Loss: 0.737190, L1(Flow): 0.677783, Reg: 0.059406
Iter 240 of 338 Loss: 0.705785, L1(Flow): 0.654351, Reg: 0.051435
Iter 250 of 338 Loss: 0.741810, L1(Flow): 0.682617, Reg: 0.059193
Iter 260 of 338 Loss: 0.719361, L1(Flow): 0.662078, Reg: 0.057283
Iter 270 of 338 Loss: 0.742943, L1(Flow): 0.682907, Reg: 0.060036
Iter 280 of 338 Loss: 0.709145, L1(Flow): 0.656738, Reg: 0.052406
Iter 290 of 338 Loss: 0.668271, L1(Flow): 0.618627, Reg: 0.049644
Iter 300 of 338 Loss: 0.754993, L1(Flow): 0.691245, Reg: 0.063748
Iter 310 of 338 Loss: 0.705703, L1(Flow): 0.653430, Reg: 0.052272
Iter 320 of 338 Loss: 0.759964, L1(Flow): 0.696827, Reg: 0.063138
Iter 330 of 338 Loss: 0.743347, L1(Flow): 0.682196, Reg: 0.061151
Epoch 244 Loss: 0.732096
Epoch 244 Validation: Mean EPE: 2.7685, Mean SSIM: 0.3998, Mean ZNCC: 0.6461
Epoch 245 starts
Iter 10 of 338 Loss: 0.749681, L1(Flow): 0.684720, Reg: 0.064961
Iter 20 of 338 Loss: 0.723954, L1(Flow): 0.665019, Reg: 0.058935
Iter 30 of 338 Loss: 0.717791, L1(Flow): 0.661158, Reg: 0.056632
Iter 40 of 338 Loss: 0.699452, L1(Flow): 0.642552, Reg: 0.056900
Iter 50 of 338 Loss: 0.752886, L1(Flow): 0.691642, Reg: 0.061244
Iter 60 of 338 Loss: 0.747891, L1(Flow): 0.690318, Reg: 0.057574
Iter 70 of 338 Loss: 0.716909, L1(Flow): 0.662051, Reg: 0.054858
Iter 80 of 338 Loss: 0.706481, L1(Flow): 0.652292, Reg: 0.054189
Iter 90 of 338 Loss: 0.756326, L1(Flow): 0.694289, Reg: 0.062037
Iter 100 of 338 Loss: 0.770618, L1(Flow): 0.709543, Reg: 0.061075
Iter 110 of 338 Loss: 0.772585, L1(Flow): 0.708894, Reg: 0.063691
Iter 120 of 338 Loss: 0.734749, L1(Flow): 0.674129, Reg: 0.060620
Iter 130 of 338 Loss: 0.723107, L1(Flow): 0.664760, Reg: 0.058347
Iter 140 of 338 Loss: 0.760618, L1(Flow): 0.703977, Reg: 0.056640
Iter 150 of 338 Loss: 0.734674, L1(Flow): 0.676563, Reg: 0.058111
Iter 160 of 338 Loss: 0.714231, L1(Flow): 0.659136, Reg: 0.055096
Iter 170 of 338 Loss: 0.727620, L1(Flow): 0.672219, Reg: 0.055401
Iter 180 of 338 Loss: 0.743800, L1(Flow): 0.688370, Reg: 0.055430
Iter 190 of 338 Loss: 0.712239, L1(Flow): 0.652909, Reg: 0.059330
Iter 200 of 338 Loss: 0.726577, L1(Flow): 0.667301, Reg: 0.059276
Iter 210 of 338 Loss: 0.695662, L1(Flow): 0.643692, Reg: 0.051970
Iter 220 of 338 Loss: 0.734324, L1(Flow): 0.672882, Reg: 0.061442
Iter 230 of 338 Loss: 0.719003, L1(Flow): 0.661372, Reg: 0.057631
Iter 240 of 338 Loss: 0.756570, L1(Flow): 0.697393, Reg: 0.059177
Iter 250 of 338 Loss: 0.729433, L1(Flow): 0.671026, Reg: 0.058407
Iter 260 of 338 Loss: 0.705608, L1(Flow): 0.648300, Reg: 0.057307
Iter 270 of 338 Loss: 0.765147, L1(Flow): 0.702248, Reg: 0.062898
Iter 280 of 338 Loss: 0.784780, L1(Flow): 0.717097, Reg: 0.067683
Iter 290 of 338 Loss: 0.755795, L1(Flow): 0.700965, Reg: 0.054829
Iter 300 of 338 Loss: 0.735229, L1(Flow): 0.681630, Reg: 0.053599
Iter 310 of 338 Loss: 0.769767, L1(Flow): 0.708259, Reg: 0.061508
Iter 320 of 338 Loss: 0.731603, L1(Flow): 0.671270, Reg: 0.060333
Iter 330 of 338 Loss: 0.745447, L1(Flow): 0.686524, Reg: 0.058923
Epoch 245 Loss: 0.733600
Epoch 245 Validation: Mean EPE: 2.7642, Mean SSIM: 0.3999, Mean ZNCC: 0.6461
--> Saved to Top 5 best models (EPE: 2.7642)
--> New absolute BEST model updated with EPE: 2.7642
Epoch 246 starts
Iter 10 of 338 Loss: 0.725831, L1(Flow): 0.665938, Reg: 0.059893
Iter 20 of 338 Loss: 0.749951, L1(Flow): 0.691960, Reg: 0.057992
Iter 30 of 338 Loss: 0.758737, L1(Flow): 0.696736, Reg: 0.062001
Iter 40 of 338 Loss: 0.728852, L1(Flow): 0.671447, Reg: 0.057406
Iter 50 of 338 Loss: 0.698303, L1(Flow): 0.645574, Reg: 0.052729
Iter 60 of 338 Loss: 0.779918, L1(Flow): 0.712721, Reg: 0.067197
Iter 70 of 338 Loss: 0.726308, L1(Flow): 0.670920, Reg: 0.055388
Iter 80 of 338 Loss: 0.756707, L1(Flow): 0.697271, Reg: 0.059437
Iter 90 of 338 Loss: 0.725127, L1(Flow): 0.675180, Reg: 0.049946
Iter 100 of 338 Loss: 0.673915, L1(Flow): 0.620591, Reg: 0.053324
Iter 110 of 338 Loss: 0.697066, L1(Flow): 0.640497, Reg: 0.056568
Iter 120 of 338 Loss: 0.720395, L1(Flow): 0.663070, Reg: 0.057326
Iter 130 of 338 Loss: 0.760429, L1(Flow): 0.700110, Reg: 0.060319
Iter 140 of 338 Loss: 0.700820, L1(Flow): 0.649337, Reg: 0.051482
Iter 150 of 338 Loss: 0.735810, L1(Flow): 0.674966, Reg: 0.060844
Iter 160 of 338 Loss: 0.735980, L1(Flow): 0.679846, Reg: 0.056134
Iter 170 of 338 Loss: 0.746183, L1(Flow): 0.683753, Reg: 0.062431
Iter 180 of 338 Loss: 0.720120, L1(Flow): 0.660817, Reg: 0.059303
Iter 190 of 338 Loss: 0.743591, L1(Flow): 0.685353, Reg: 0.058238
Iter 200 of 338 Loss: 0.789383, L1(Flow): 0.729603, Reg: 0.059780
Iter 210 of 338 Loss: 0.701357, L1(Flow): 0.650342, Reg: 0.051015
Iter 220 of 338 Loss: 0.727123, L1(Flow): 0.666288, Reg: 0.060835
Iter 230 of 338 Loss: 0.796254, L1(Flow): 0.732373, Reg: 0.063882
Iter 240 of 338 Loss: 0.802272, L1(Flow): 0.742933, Reg: 0.059339
Iter 250 of 338 Loss: 0.777203, L1(Flow): 0.719471, Reg: 0.057732
Iter 260 of 338 Loss: 0.731615, L1(Flow): 0.669871, Reg: 0.061744
Iter 270 of 338 Loss: 0.687012, L1(Flow): 0.631592, Reg: 0.055420
Iter 280 of 338 Loss: 0.734703, L1(Flow): 0.676898, Reg: 0.057805
Iter 290 of 338 Loss: 0.732693, L1(Flow): 0.675402, Reg: 0.057291
Iter 300 of 338 Loss: 0.745600, L1(Flow): 0.688626, Reg: 0.056974
Iter 310 of 338 Loss: 0.739303, L1(Flow): 0.679499, Reg: 0.059804
Iter 320 of 338 Loss: 0.711989, L1(Flow): 0.657722, Reg: 0.054267
Iter 330 of 338 Loss: 0.756659, L1(Flow): 0.699615, Reg: 0.057044
Epoch 246 Loss: 0.729511
Epoch 246 Validation: Mean EPE: 2.7705, Mean SSIM: 0.3995, Mean ZNCC: 0.6460
Epoch 247 starts
Iter 10 of 338 Loss: 0.773223, L1(Flow): 0.713692, Reg: 0.059532
Iter 20 of 338 Loss: 0.790911, L1(Flow): 0.723870, Reg: 0.067041
Iter 30 of 338 Loss: 0.721039, L1(Flow): 0.666596, Reg: 0.054443
Iter 40 of 338 Loss: 0.706641, L1(Flow): 0.651900, Reg: 0.054741
Iter 50 of 338 Loss: 0.710151, L1(Flow): 0.652644, Reg: 0.057507
Iter 60 of 338 Loss: 0.729940, L1(Flow): 0.669148, Reg: 0.060792
Iter 70 of 338 Loss: 0.719961, L1(Flow): 0.662706, Reg: 0.057255
Iter 80 of 338 Loss: 0.716870, L1(Flow): 0.664748, Reg: 0.052122
Iter 90 of 338 Loss: 0.690238, L1(Flow): 0.633549, Reg: 0.056689
Iter 100 of 338 Loss: 0.716644, L1(Flow): 0.658563, Reg: 0.058081
Iter 110 of 338 Loss: 0.723131, L1(Flow): 0.663744, Reg: 0.059387
Iter 120 of 338 Loss: 0.678207, L1(Flow): 0.625139, Reg: 0.053068
Iter 130 of 338 Loss: 0.716270, L1(Flow): 0.659597, Reg: 0.056673
Iter 140 of 338 Loss: 0.691154, L1(Flow): 0.635233, Reg: 0.055921
Iter 150 of 338 Loss: 0.706751, L1(Flow): 0.654364, Reg: 0.052387
Iter 160 of 338 Loss: 0.769079, L1(Flow): 0.706729, Reg: 0.062350
Iter 170 of 338 Loss: 0.790169, L1(Flow): 0.728223, Reg: 0.061946
Iter 180 of 338 Loss: 0.732499, L1(Flow): 0.675831, Reg: 0.056668
Iter 190 of 338 Loss: 0.710345, L1(Flow): 0.655232, Reg: 0.055113
Iter 200 of 338 Loss: 0.695514, L1(Flow): 0.637678, Reg: 0.057836
Iter 210 of 338 Loss: 0.713226, L1(Flow): 0.657132, Reg: 0.056094
Iter 220 of 338 Loss: 0.708247, L1(Flow): 0.650658, Reg: 0.057589
Iter 230 of 338 Loss: 0.744350, L1(Flow): 0.683884, Reg: 0.060466
Iter 240 of 338 Loss: 0.749144, L1(Flow): 0.689851, Reg: 0.059293
Iter 250 of 338 Loss: 0.728409, L1(Flow): 0.672040, Reg: 0.056369
Iter 260 of 338 Loss: 0.755257, L1(Flow): 0.694094, Reg: 0.061163
Iter 270 of 338 Loss: 0.735565, L1(Flow): 0.673072, Reg: 0.062493
Iter 280 of 338 Loss: 0.739483, L1(Flow): 0.681819, Reg: 0.057664
Iter 290 of 338 Loss: 0.682196, L1(Flow): 0.630099, Reg: 0.052097
Iter 300 of 338 Loss: 0.752621, L1(Flow): 0.693618, Reg: 0.059003
Iter 310 of 338 Loss: 0.746362, L1(Flow): 0.685108, Reg: 0.061254
Iter 320 of 338 Loss: 0.731642, L1(Flow): 0.674089, Reg: 0.057553
Iter 330 of 338 Loss: 0.710278, L1(Flow): 0.653806, Reg: 0.056472
Epoch 247 Loss: 0.724408
Epoch 247 Validation: Mean EPE: 2.7703, Mean SSIM: 0.4004, Mean ZNCC: 0.6464
Epoch 248 starts
Iter 10 of 338 Loss: 0.719770, L1(Flow): 0.662029, Reg: 0.057741
Iter 20 of 338 Loss: 0.754176, L1(Flow): 0.696535, Reg: 0.057642
Iter 30 of 338 Loss: 0.724945, L1(Flow): 0.669725, Reg: 0.055220
Iter 40 of 338 Loss: 0.720491, L1(Flow): 0.665201, Reg: 0.055290
Iter 50 of 338 Loss: 0.710861, L1(Flow): 0.653036, Reg: 0.057825
Iter 60 of 338 Loss: 0.702843, L1(Flow): 0.647318, Reg: 0.055525
Iter 70 of 338 Loss: 0.685415, L1(Flow): 0.630698, Reg: 0.054716
Iter 80 of 338 Loss: 0.729990, L1(Flow): 0.673445, Reg: 0.056545
Iter 90 of 338 Loss: 0.742998, L1(Flow): 0.682178, Reg: 0.060820
Iter 100 of 338 Loss: 0.697696, L1(Flow): 0.643825, Reg: 0.053871
Iter 110 of 338 Loss: 0.696250, L1(Flow): 0.642533, Reg: 0.053717
Iter 120 of 338 Loss: 0.709669, L1(Flow): 0.650981, Reg: 0.058688
Iter 130 of 338 Loss: 0.695600, L1(Flow): 0.641819, Reg: 0.053781
Iter 140 of 338 Loss: 0.722165, L1(Flow): 0.663784, Reg: 0.058381
Iter 150 of 338 Loss: 0.700863, L1(Flow): 0.649173, Reg: 0.051691
Iter 160 of 338 Loss: 0.703023, L1(Flow): 0.646068, Reg: 0.056955
Iter 170 of 338 Loss: 0.694312, L1(Flow): 0.646156, Reg: 0.048156
Iter 180 of 338 Loss: 0.736275, L1(Flow): 0.681763, Reg: 0.054512
Iter 190 of 338 Loss: 0.718394, L1(Flow): 0.658467, Reg: 0.059927
Iter 200 of 338 Loss: 0.723701, L1(Flow): 0.669283, Reg: 0.054418
Iter 210 of 338 Loss: 0.662949, L1(Flow): 0.612571, Reg: 0.050378
Iter 220 of 338 Loss: 0.692414, L1(Flow): 0.639372, Reg: 0.053042
Iter 230 of 338 Loss: 0.731710, L1(Flow): 0.674809, Reg: 0.056902
Iter 240 of 338 Loss: 0.709712, L1(Flow): 0.653621, Reg: 0.056091
Iter 250 of 338 Loss: 0.718438, L1(Flow): 0.660654, Reg: 0.057784
Iter 260 of 338 Loss: 0.715802, L1(Flow): 0.659442, Reg: 0.056360
Iter 270 of 338 Loss: 0.722353, L1(Flow): 0.659804, Reg: 0.062548
Iter 280 of 338 Loss: 0.746536, L1(Flow): 0.689306, Reg: 0.057230
Iter 290 of 338 Loss: 0.677239, L1(Flow): 0.624866, Reg: 0.052373
Iter 300 of 338 Loss: 0.677062, L1(Flow): 0.623640, Reg: 0.053422
Iter 310 of 338 Loss: 0.738606, L1(Flow): 0.680336, Reg: 0.058269
Iter 320 of 338 Loss: 0.718660, L1(Flow): 0.663013, Reg: 0.055647
Iter 330 of 338 Loss: 0.776729, L1(Flow): 0.713703, Reg: 0.063026
Epoch 248 Loss: 0.723114
Epoch 248 Validation: Mean EPE: 2.7614, Mean SSIM: 0.3998, Mean ZNCC: 0.6464
--> Saved to Top 5 best models (EPE: 2.7614)
--> New absolute BEST model updated with EPE: 2.7614
Epoch 249 starts
Iter 10 of 338 Loss: 0.696642, L1(Flow): 0.646844, Reg: 0.049798
Iter 20 of 338 Loss: 0.745312, L1(Flow): 0.687759, Reg: 0.057553
Iter 30 of 338 Loss: 0.734211, L1(Flow): 0.675688, Reg: 0.058524
Iter 40 of 338 Loss: 0.722587, L1(Flow): 0.665270, Reg: 0.057317
Iter 50 of 338 Loss: 0.723804, L1(Flow): 0.666480, Reg: 0.057324
Iter 60 of 338 Loss: 0.721505, L1(Flow): 0.665576, Reg: 0.055929
Iter 70 of 338 Loss: 0.731578, L1(Flow): 0.674269, Reg: 0.057309
Iter 80 of 338 Loss: 0.715779, L1(Flow): 0.658283, Reg: 0.057496
Iter 90 of 338 Loss: 0.735711, L1(Flow): 0.675635, Reg: 0.060077
Iter 100 of 338 Loss: 0.694956, L1(Flow): 0.638703, Reg: 0.056253
Iter 110 of 338 Loss: 0.739232, L1(Flow): 0.680531, Reg: 0.058701
Iter 120 of 338 Loss: 0.748900, L1(Flow): 0.689547, Reg: 0.059352
Iter 130 of 338 Loss: 0.787241, L1(Flow): 0.725141, Reg: 0.062100
Iter 140 of 338 Loss: 0.711005, L1(Flow): 0.652824, Reg: 0.058181
Iter 150 of 338 Loss: 0.724273, L1(Flow): 0.660510, Reg: 0.063763
Iter 160 of 338 Loss: 0.744517, L1(Flow): 0.682468, Reg: 0.062049
Iter 170 of 338 Loss: 0.729225, L1(Flow): 0.671591, Reg: 0.057634
Iter 180 of 338 Loss: 0.727373, L1(Flow): 0.668914, Reg: 0.058458
Iter 190 of 338 Loss: 0.766831, L1(Flow): 0.708176, Reg: 0.058655
Iter 200 of 338 Loss: 0.726239, L1(Flow): 0.672216, Reg: 0.054023
Iter 210 of 338 Loss: 0.727682, L1(Flow): 0.675507, Reg: 0.052175
Iter 220 of 338 Loss: 0.723341, L1(Flow): 0.669436, Reg: 0.053905
Iter 230 of 338 Loss: 0.725441, L1(Flow): 0.670817, Reg: 0.054624
Iter 240 of 338 Loss: 0.699967, L1(Flow): 0.651520, Reg: 0.048448
Iter 250 of 338 Loss: 0.716021, L1(Flow): 0.656678, Reg: 0.059343
Iter 260 of 338 Loss: 0.714264, L1(Flow): 0.658368, Reg: 0.055896
Iter 270 of 338 Loss: 0.697181, L1(Flow): 0.641002, Reg: 0.056179
Iter 280 of 338 Loss: 0.738772, L1(Flow): 0.682921, Reg: 0.055851
Iter 290 of 338 Loss: 0.733083, L1(Flow): 0.675448, Reg: 0.057635
Iter 300 of 338 Loss: 0.728893, L1(Flow): 0.670534, Reg: 0.058359
Iter 310 of 338 Loss: 0.723852, L1(Flow): 0.664299, Reg: 0.059553
Iter 320 of 338 Loss: 0.701870, L1(Flow): 0.643436, Reg: 0.058435
Iter 330 of 338 Loss: 0.728349, L1(Flow): 0.669009, Reg: 0.059340
Epoch 249 Loss: 0.723465
Epoch 249 Validation: Mean EPE: 2.7652, Mean SSIM: 0.3999, Mean ZNCC: 0.6462
Epoch 250 starts
Iter 10 of 338 Loss: 0.736188, L1(Flow): 0.678359, Reg: 0.057830
Iter 20 of 338 Loss: 0.716903, L1(Flow): 0.658681, Reg: 0.058222
Iter 30 of 338 Loss: 0.757487, L1(Flow): 0.693492, Reg: 0.063995
Iter 40 of 338 Loss: 0.710548, L1(Flow): 0.655948, Reg: 0.054601
Iter 50 of 338 Loss: 0.740754, L1(Flow): 0.680824, Reg: 0.059930
Iter 60 of 338 Loss: 0.745944, L1(Flow): 0.687558, Reg: 0.058387
Iter 70 of 338 Loss: 0.746222, L1(Flow): 0.685267, Reg: 0.060955
Iter 80 of 338 Loss: 0.735246, L1(Flow): 0.673833, Reg: 0.061413
Iter 90 of 338 Loss: 0.744527, L1(Flow): 0.683137, Reg: 0.061391
Iter 100 of 338 Loss: 0.751687, L1(Flow): 0.693060, Reg: 0.058628
Iter 110 of 338 Loss: 0.723181, L1(Flow): 0.669220, Reg: 0.053961
Iter 120 of 338 Loss: 0.764549, L1(Flow): 0.699219, Reg: 0.065330
Iter 130 of 338 Loss: 0.709027, L1(Flow): 0.654425, Reg: 0.054602
Iter 140 of 338 Loss: 0.742869, L1(Flow): 0.677831, Reg: 0.065037
Iter 150 of 338 Loss: 0.736060, L1(Flow): 0.676696, Reg: 0.059364
Iter 160 of 338 Loss: 0.756170, L1(Flow): 0.694217, Reg: 0.061953
Iter 170 of 338 Loss: 0.751803, L1(Flow): 0.688086, Reg: 0.063717
Iter 180 of 338 Loss: 0.682938, L1(Flow): 0.626790, Reg: 0.056148
Iter 190 of 338 Loss: 0.703008, L1(Flow): 0.647917, Reg: 0.055091
Iter 200 of 338 Loss: 0.697129, L1(Flow): 0.641922, Reg: 0.055208
Iter 210 of 338 Loss: 0.779382, L1(Flow): 0.715786, Reg: 0.063596
Iter 220 of 338 Loss: 0.715053, L1(Flow): 0.657241, Reg: 0.057811
Iter 230 of 338 Loss: 0.687479, L1(Flow): 0.638512, Reg: 0.048967
Iter 240 of 338 Loss: 0.773963, L1(Flow): 0.715373, Reg: 0.058590
Iter 250 of 338 Loss: 0.754571, L1(Flow): 0.691909, Reg: 0.062662
Iter 260 of 338 Loss: 0.760019, L1(Flow): 0.700614, Reg: 0.059405
Iter 270 of 338 Loss: 0.791973, L1(Flow): 0.729283, Reg: 0.062690
Iter 280 of 338 Loss: 0.785425, L1(Flow): 0.720820, Reg: 0.064605
Iter 290 of 338 Loss: 0.696078, L1(Flow): 0.642731, Reg: 0.053347
Iter 300 of 338 Loss: 0.721247, L1(Flow): 0.661480, Reg: 0.059767
Iter 310 of 338 Loss: 0.746878, L1(Flow): 0.690879, Reg: 0.056000
Iter 320 of 338 Loss: 0.754884, L1(Flow): 0.694366, Reg: 0.060518
Iter 330 of 338 Loss: 0.761876, L1(Flow): 0.704284, Reg: 0.057592
Epoch 250 Loss: 0.724971
Epoch 250 Validation: Mean EPE: 2.7756, Mean SSIM: 0.4002, Mean ZNCC: 0.6461
Epoch 251 starts
Iter 10 of 338 Loss: 0.740674, L1(Flow): 0.686150, Reg: 0.054524
Iter 20 of 338 Loss: 0.713116, L1(Flow): 0.660368, Reg: 0.052748
Iter 30 of 338 Loss: 0.759021, L1(Flow): 0.702526, Reg: 0.056495
Iter 40 of 338 Loss: 0.677746, L1(Flow): 0.629045, Reg: 0.048701
Iter 50 of 338 Loss: 0.701611, L1(Flow): 0.651015, Reg: 0.050597
Iter 60 of 338 Loss: 0.687996, L1(Flow): 0.638320, Reg: 0.049676
Iter 70 of 338 Loss: 0.760217, L1(Flow): 0.700304, Reg: 0.059913
Iter 80 of 338 Loss: 0.724752, L1(Flow): 0.669572, Reg: 0.055180
Iter 90 of 338 Loss: 0.736387, L1(Flow): 0.681792, Reg: 0.054595
Iter 100 of 338 Loss: 0.726930, L1(Flow): 0.668667, Reg: 0.058263
Iter 110 of 338 Loss: 0.768587, L1(Flow): 0.707420, Reg: 0.061167
Iter 120 of 338 Loss: 0.711246, L1(Flow): 0.651374, Reg: 0.059872
Iter 130 of 338 Loss: 0.710075, L1(Flow): 0.655276, Reg: 0.054799
Iter 140 of 338 Loss: 0.673781, L1(Flow): 0.623594, Reg: 0.050188
Iter 150 of 338 Loss: 0.756063, L1(Flow): 0.695590, Reg: 0.060473
Iter 160 of 338 Loss: 0.715361, L1(Flow): 0.660435, Reg: 0.054926
Iter 170 of 338 Loss: 0.705219, L1(Flow): 0.650627, Reg: 0.054591
Iter 180 of 338 Loss: 0.751166, L1(Flow): 0.692621, Reg: 0.058545
Iter 190 of 338 Loss: 0.706080, L1(Flow): 0.649338, Reg: 0.056743
Iter 200 of 338 Loss: 0.684621, L1(Flow): 0.629290, Reg: 0.055331
Iter 210 of 338 Loss: 0.699084, L1(Flow): 0.649137, Reg: 0.049946
Iter 220 of 338 Loss: 0.697551, L1(Flow): 0.638443, Reg: 0.059108
Iter 230 of 338 Loss: 0.706190, L1(Flow): 0.654175, Reg: 0.052015
Iter 240 of 338 Loss: 0.731566, L1(Flow): 0.674446, Reg: 0.057121
Iter 250 of 338 Loss: 0.711982, L1(Flow): 0.656056, Reg: 0.055926
Iter 260 of 338 Loss: 0.758187, L1(Flow): 0.702789, Reg: 0.055397
Iter 270 of 338 Loss: 0.729098, L1(Flow): 0.673597, Reg: 0.055501
Iter 280 of 338 Loss: 0.725918, L1(Flow): 0.668054, Reg: 0.057864
Iter 290 of 338 Loss: 0.683175, L1(Flow): 0.629362, Reg: 0.053813
Iter 300 of 338 Loss: 0.727470, L1(Flow): 0.671089, Reg: 0.056381
Iter 310 of 338 Loss: 0.703580, L1(Flow): 0.649763, Reg: 0.053817
Iter 320 of 338 Loss: 0.750022, L1(Flow): 0.683983, Reg: 0.066039
Iter 330 of 338 Loss: 0.657522, L1(Flow): 0.605051, Reg: 0.052471
Epoch 251 Loss: 0.727523
Epoch 251 Validation: Mean EPE: 2.7614, Mean SSIM: 0.4003, Mean ZNCC: 0.6463
--> Saved to Top 5 best models (EPE: 2.7614)
--> New absolute BEST model updated with EPE: 2.7614
Epoch 252 starts
Iter 10 of 338 Loss: 0.723673, L1(Flow): 0.666631, Reg: 0.057043
Iter 20 of 338 Loss: 0.692427, L1(Flow): 0.634677, Reg: 0.057750
Iter 30 of 338 Loss: 0.697692, L1(Flow): 0.637660, Reg: 0.060031
Iter 40 of 338 Loss: 0.726266, L1(Flow): 0.666239, Reg: 0.060027
Iter 50 of 338 Loss: 0.725552, L1(Flow): 0.668707, Reg: 0.056845
Iter 60 of 338 Loss: 0.773801, L1(Flow): 0.716618, Reg: 0.057183
Iter 70 of 338 Loss: 0.785894, L1(Flow): 0.723194, Reg: 0.062700
Iter 80 of 338 Loss: 0.746316, L1(Flow): 0.688228, Reg: 0.058087
Iter 90 of 338 Loss: 0.690094, L1(Flow): 0.634548, Reg: 0.055546
Iter 100 of 338 Loss: 0.732914, L1(Flow): 0.673308, Reg: 0.059606
Iter 110 of 338 Loss: 0.707972, L1(Flow): 0.656533, Reg: 0.051439
Iter 120 of 338 Loss: 0.703001, L1(Flow): 0.645882, Reg: 0.057119
Iter 130 of 338 Loss: 0.726529, L1(Flow): 0.671321, Reg: 0.055207
Iter 140 of 338 Loss: 0.718954, L1(Flow): 0.662537, Reg: 0.056417
Iter 150 of 338 Loss: 0.679680, L1(Flow): 0.626911, Reg: 0.052769
Iter 160 of 338 Loss: 0.704623, L1(Flow): 0.649103, Reg: 0.055520
Iter 170 of 338 Loss: 0.747408, L1(Flow): 0.682995, Reg: 0.064413
Iter 180 of 338 Loss: 0.695749, L1(Flow): 0.644716, Reg: 0.051033
Iter 190 of 338 Loss: 0.736100, L1(Flow): 0.678208, Reg: 0.057892
Iter 200 of 338 Loss: 0.795028, L1(Flow): 0.738466, Reg: 0.056562
Iter 210 of 338 Loss: 0.767074, L1(Flow): 0.708787, Reg: 0.058288
Iter 220 of 338 Loss: 0.709344, L1(Flow): 0.658537, Reg: 0.050808
Iter 230 of 338 Loss: 0.714827, L1(Flow): 0.655380, Reg: 0.059448
Iter 240 of 338 Loss: 0.715159, L1(Flow): 0.657509, Reg: 0.057649
Iter 250 of 338 Loss: 0.757017, L1(Flow): 0.700256, Reg: 0.056761
Iter 260 of 338 Loss: 0.738581, L1(Flow): 0.677603, Reg: 0.060977
Iter 270 of 338 Loss: 0.726664, L1(Flow): 0.670999, Reg: 0.055665
Iter 280 of 338 Loss: 0.712400, L1(Flow): 0.651647, Reg: 0.060753
Iter 290 of 338 Loss: 0.703974, L1(Flow): 0.648051, Reg: 0.055923
Iter 300 of 338 Loss: 0.729358, L1(Flow): 0.671154, Reg: 0.058204
Iter 310 of 338 Loss: 0.744013, L1(Flow): 0.687292, Reg: 0.056721
Iter 320 of 338 Loss: 0.718915, L1(Flow): 0.665755, Reg: 0.053160
Iter 330 of 338 Loss: 0.705337, L1(Flow): 0.650759, Reg: 0.054577
Epoch 252 Loss: 0.728493
Epoch 252 Validation: Mean EPE: 2.7724, Mean SSIM: 0.3999, Mean ZNCC: 0.6461
Epoch 253 starts
Iter 10 of 338 Loss: 0.724456, L1(Flow): 0.662792, Reg: 0.061664
Iter 20 of 338 Loss: 0.694020, L1(Flow): 0.643212, Reg: 0.050808
Iter 30 of 338 Loss: 0.733423, L1(Flow): 0.675045, Reg: 0.058378
Iter 40 of 338 Loss: 0.728205, L1(Flow): 0.672433, Reg: 0.055772
Iter 50 of 338 Loss: 0.699581, L1(Flow): 0.643245, Reg: 0.056337
Iter 60 of 338 Loss: 0.749979, L1(Flow): 0.690758, Reg: 0.059221
Iter 70 of 338 Loss: 0.695761, L1(Flow): 0.641628, Reg: 0.054133
Iter 80 of 338 Loss: 0.766067, L1(Flow): 0.704070, Reg: 0.061997
Iter 90 of 338 Loss: 0.687271, L1(Flow): 0.629243, Reg: 0.058028
Iter 100 of 338 Loss: 0.731415, L1(Flow): 0.672142, Reg: 0.059273
Iter 110 of 338 Loss: 0.743834, L1(Flow): 0.689072, Reg: 0.054761
Iter 120 of 338 Loss: 0.716139, L1(Flow): 0.660352, Reg: 0.055788
Iter 130 of 338 Loss: 0.715848, L1(Flow): 0.655940, Reg: 0.059908
Iter 140 of 338 Loss: 0.744390, L1(Flow): 0.687030, Reg: 0.057360
Iter 150 of 338 Loss: 0.760389, L1(Flow): 0.703989, Reg: 0.056400
Iter 160 of 338 Loss: 0.721815, L1(Flow): 0.665401, Reg: 0.056414
Iter 170 of 338 Loss: 0.747011, L1(Flow): 0.686399, Reg: 0.060612
Iter 180 of 338 Loss: 0.761343, L1(Flow): 0.704939, Reg: 0.056405
Iter 190 of 338 Loss: 0.742491, L1(Flow): 0.683612, Reg: 0.058879
Iter 200 of 338 Loss: 0.721987, L1(Flow): 0.666701, Reg: 0.055286
Iter 210 of 338 Loss: 0.709770, L1(Flow): 0.651271, Reg: 0.058499
Iter 220 of 338 Loss: 0.736294, L1(Flow): 0.682987, Reg: 0.053308
Iter 230 of 338 Loss: 0.713894, L1(Flow): 0.657925, Reg: 0.055968
Iter 240 of 338 Loss: 0.752034, L1(Flow): 0.693100, Reg: 0.058934
Iter 250 of 338 Loss: 0.748929, L1(Flow): 0.689672, Reg: 0.059257
Iter 260 of 338 Loss: 0.707076, L1(Flow): 0.654621, Reg: 0.052455
Iter 270 of 338 Loss: 0.782042, L1(Flow): 0.721382, Reg: 0.060660
Iter 280 of 338 Loss: 0.701562, L1(Flow): 0.651570, Reg: 0.049992
Iter 290 of 338 Loss: 0.698542, L1(Flow): 0.640451, Reg: 0.058091
Iter 300 of 338 Loss: 0.687841, L1(Flow): 0.635404, Reg: 0.052437
Iter 310 of 338 Loss: 0.731792, L1(Flow): 0.677270, Reg: 0.054522
Iter 320 of 338 Loss: 0.726197, L1(Flow): 0.670921, Reg: 0.055276
Iter 330 of 338 Loss: 0.715256, L1(Flow): 0.659616, Reg: 0.055640
Epoch 253 Loss: 0.725258
Epoch 253 Validation: Mean EPE: 2.7632, Mean SSIM: 0.4006, Mean ZNCC: 0.6463
--> Saved to Top 5 best models (EPE: 2.7632)
Epoch 254 starts
Iter 10 of 338 Loss: 0.748371, L1(Flow): 0.690987, Reg: 0.057384
Iter 20 of 338 Loss: 0.754364, L1(Flow): 0.699397, Reg: 0.054967
Iter 30 of 338 Loss: 0.789149, L1(Flow): 0.727282, Reg: 0.061867
Iter 40 of 338 Loss: 0.708860, L1(Flow): 0.653188, Reg: 0.055672
Iter 50 of 338 Loss: 0.695376, L1(Flow): 0.637028, Reg: 0.058348
Iter 60 of 338 Loss: 0.742373, L1(Flow): 0.678096, Reg: 0.064277
Iter 70 of 338 Loss: 0.728851, L1(Flow): 0.672154, Reg: 0.056697
Iter 80 of 338 Loss: 0.696596, L1(Flow): 0.645113, Reg: 0.051482
Iter 90 of 338 Loss: 0.746155, L1(Flow): 0.690435, Reg: 0.055720
Iter 100 of 338 Loss: 0.694560, L1(Flow): 0.639796, Reg: 0.054764
Iter 110 of 338 Loss: 0.735890, L1(Flow): 0.674995, Reg: 0.060895
Iter 120 of 338 Loss: 0.764395, L1(Flow): 0.706683, Reg: 0.057712
Iter 130 of 338 Loss: 0.778282, L1(Flow): 0.720440, Reg: 0.057842
Iter 140 of 338 Loss: 0.701975, L1(Flow): 0.648538, Reg: 0.053437
Iter 150 of 338 Loss: 0.732611, L1(Flow): 0.674181, Reg: 0.058429
Iter 160 of 338 Loss: 0.701997, L1(Flow): 0.646924, Reg: 0.055073
Iter 170 of 338 Loss: 0.784109, L1(Flow): 0.718785, Reg: 0.065324
Iter 180 of 338 Loss: 0.713139, L1(Flow): 0.656581, Reg: 0.056558
Iter 190 of 338 Loss: 0.743028, L1(Flow): 0.684222, Reg: 0.058806
Iter 200 of 338 Loss: 0.698918, L1(Flow): 0.646597, Reg: 0.052321
Iter 210 of 338 Loss: 0.724462, L1(Flow): 0.665808, Reg: 0.058654
Iter 220 of 338 Loss: 0.693110, L1(Flow): 0.637688, Reg: 0.055422
Iter 230 of 338 Loss: 0.733485, L1(Flow): 0.675082, Reg: 0.058402
Iter 240 of 338 Loss: 0.670070, L1(Flow): 0.616482, Reg: 0.053588
Iter 250 of 338 Loss: 0.746713, L1(Flow): 0.691035, Reg: 0.055679
Iter 260 of 338 Loss: 0.715106, L1(Flow): 0.656282, Reg: 0.058824
Iter 270 of 338 Loss: 0.677674, L1(Flow): 0.622359, Reg: 0.055315
Iter 280 of 338 Loss: 0.712818, L1(Flow): 0.653861, Reg: 0.058957
Iter 290 of 338 Loss: 0.722612, L1(Flow): 0.659121, Reg: 0.063491
Iter 300 of 338 Loss: 0.706332, L1(Flow): 0.651745, Reg: 0.054586
Iter 310 of 338 Loss: 0.708353, L1(Flow): 0.653273, Reg: 0.055080
Iter 320 of 338 Loss: 0.725139, L1(Flow): 0.668209, Reg: 0.056930
Iter 330 of 338 Loss: 0.719891, L1(Flow): 0.659029, Reg: 0.060862
Epoch 254 Loss: 0.722503
Epoch 254 Validation: Mean EPE: 2.7738, Mean SSIM: 0.4003, Mean ZNCC: 0.6461
Epoch 255 starts
Iter 10 of 338 Loss: 0.728882, L1(Flow): 0.674160, Reg: 0.054722
Iter 20 of 338 Loss: 0.680249, L1(Flow): 0.628499, Reg: 0.051750
Iter 30 of 338 Loss: 0.677985, L1(Flow): 0.619938, Reg: 0.058047
Iter 40 of 338 Loss: 0.679212, L1(Flow): 0.625881, Reg: 0.053331
Iter 50 of 338 Loss: 0.719206, L1(Flow): 0.662226, Reg: 0.056980
Iter 60 of 338 Loss: 0.682013, L1(Flow): 0.626675, Reg: 0.055338
Iter 70 of 338 Loss: 0.692451, L1(Flow): 0.635659, Reg: 0.056792
Iter 80 of 338 Loss: 0.720037, L1(Flow): 0.665082, Reg: 0.054956
Iter 90 of 338 Loss: 0.671991, L1(Flow): 0.615815, Reg: 0.056176
Iter 100 of 338 Loss: 0.713213, L1(Flow): 0.653397, Reg: 0.059815
Iter 110 of 338 Loss: 0.729364, L1(Flow): 0.675479, Reg: 0.053886
Iter 120 of 338 Loss: 0.751912, L1(Flow): 0.691388, Reg: 0.060524
Iter 130 of 338 Loss: 0.738994, L1(Flow): 0.681111, Reg: 0.057883
Iter 140 of 338 Loss: 0.700065, L1(Flow): 0.643571, Reg: 0.056494
Iter 150 of 338 Loss: 0.790208, L1(Flow): 0.728248, Reg: 0.061960
Iter 160 of 338 Loss: 0.707889, L1(Flow): 0.651326, Reg: 0.056564
Iter 170 of 338 Loss: 0.710996, L1(Flow): 0.654504, Reg: 0.056491
Iter 180 of 338 Loss: 0.707236, L1(Flow): 0.652485, Reg: 0.054751
Iter 190 of 338 Loss: 0.704081, L1(Flow): 0.649200, Reg: 0.054881
Iter 200 of 338 Loss: 0.698440, L1(Flow): 0.640312, Reg: 0.058128
Iter 210 of 338 Loss: 0.673068, L1(Flow): 0.620310, Reg: 0.052758
Iter 220 of 338 Loss: 0.688062, L1(Flow): 0.632091, Reg: 0.055971
Iter 230 of 338 Loss: 0.695567, L1(Flow): 0.646327, Reg: 0.049239
Iter 240 of 338 Loss: 0.702270, L1(Flow): 0.643329, Reg: 0.058940
Iter 250 of 338 Loss: 0.720397, L1(Flow): 0.661986, Reg: 0.058412
Iter 260 of 338 Loss: 0.696554, L1(Flow): 0.642849, Reg: 0.053705
Iter 270 of 338 Loss: 0.680067, L1(Flow): 0.623942, Reg: 0.056125
Iter 280 of 338 Loss: 0.656305, L1(Flow): 0.607282, Reg: 0.049023
Iter 290 of 338 Loss: 0.706661, L1(Flow): 0.648133, Reg: 0.058528
Iter 300 of 338 Loss: 0.709562, L1(Flow): 0.650988, Reg: 0.058574
Iter 310 of 338 Loss: 0.727202, L1(Flow): 0.669839, Reg: 0.057364
Iter 320 of 338 Loss: 0.763533, L1(Flow): 0.699663, Reg: 0.063871
Iter 330 of 338 Loss: 0.718764, L1(Flow): 0.663903, Reg: 0.054861
Epoch 255 Loss: 0.717073
Epoch 255 Validation: Mean EPE: 2.7583, Mean SSIM: 0.4007, Mean ZNCC: 0.6464
--> Saved to Top 5 best models (EPE: 2.7583)
--> New absolute BEST model updated with EPE: 2.7583
Epoch 256 starts
Iter 10 of 338 Loss: 0.690495, L1(Flow): 0.642647, Reg: 0.047848
Iter 20 of 338 Loss: 0.783547, L1(Flow): 0.717392, Reg: 0.066154
Iter 30 of 338 Loss: 0.733586, L1(Flow): 0.669483, Reg: 0.064103
Iter 40 of 338 Loss: 0.732754, L1(Flow): 0.678066, Reg: 0.054688
Iter 50 of 338 Loss: 0.697540, L1(Flow): 0.642490, Reg: 0.055050
Iter 60 of 338 Loss: 0.723553, L1(Flow): 0.663906, Reg: 0.059646
Iter 70 of 338 Loss: 0.750199, L1(Flow): 0.692707, Reg: 0.057492
Iter 80 of 338 Loss: 0.711171, L1(Flow): 0.649432, Reg: 0.061739
Iter 90 of 338 Loss: 0.736146, L1(Flow): 0.670581, Reg: 0.065565
Iter 100 of 338 Loss: 0.709145, L1(Flow): 0.650085, Reg: 0.059060
Iter 110 of 338 Loss: 0.695751, L1(Flow): 0.640193, Reg: 0.055558
Iter 120 of 338 Loss: 0.696697, L1(Flow): 0.643609, Reg: 0.053088
Iter 130 of 338 Loss: 0.728399, L1(Flow): 0.672570, Reg: 0.055828
Iter 140 of 338 Loss: 0.679876, L1(Flow): 0.633814, Reg: 0.046063
Iter 150 of 338 Loss: 0.720787, L1(Flow): 0.659883, Reg: 0.060904
Iter 160 of 338 Loss: 0.718864, L1(Flow): 0.662246, Reg: 0.056618
Iter 170 of 338 Loss: 0.734004, L1(Flow): 0.674557, Reg: 0.059447
Iter 180 of 338 Loss: 0.726601, L1(Flow): 0.674626, Reg: 0.051975
Iter 190 of 338 Loss: 0.791920, L1(Flow): 0.736064, Reg: 0.055857
Iter 200 of 338 Loss: 0.735250, L1(Flow): 0.679280, Reg: 0.055970
Iter 210 of 338 Loss: 0.732728, L1(Flow): 0.676249, Reg: 0.056479
Iter 220 of 338 Loss: 0.711272, L1(Flow): 0.652452, Reg: 0.058820
Iter 230 of 338 Loss: 0.707366, L1(Flow): 0.654625, Reg: 0.052741
Iter 240 of 338 Loss: 0.688360, L1(Flow): 0.636291, Reg: 0.052070
Iter 250 of 338 Loss: 0.723971, L1(Flow): 0.671847, Reg: 0.052124
Iter 260 of 338 Loss: 0.728999, L1(Flow): 0.671997, Reg: 0.057002
Iter 270 of 338 Loss: 0.659512, L1(Flow): 0.604311, Reg: 0.055201
Iter 280 of 338 Loss: 0.733287, L1(Flow): 0.670531, Reg: 0.062756
Iter 290 of 338 Loss: 0.701420, L1(Flow): 0.649675, Reg: 0.051745
Iter 300 of 338 Loss: 0.722924, L1(Flow): 0.663617, Reg: 0.059307
Iter 310 of 338 Loss: 0.755100, L1(Flow): 0.695192, Reg: 0.059907
Iter 320 of 338 Loss: 0.706529, L1(Flow): 0.648086, Reg: 0.058443
Iter 330 of 338 Loss: 0.736674, L1(Flow): 0.675960, Reg: 0.060714
Epoch 256 Loss: 0.717900
Epoch 256 Validation: Mean EPE: 2.7567, Mean SSIM: 0.4006, Mean ZNCC: 0.6463
--> Saved to Top 5 best models (EPE: 2.7567)
--> New absolute BEST model updated with EPE: 2.7567
Epoch 257 starts
Iter 10 of 338 Loss: 0.722096, L1(Flow): 0.667779, Reg: 0.054318
Iter 20 of 338 Loss: 0.729906, L1(Flow): 0.670990, Reg: 0.058916
Iter 30 of 338 Loss: 0.690081, L1(Flow): 0.639151, Reg: 0.050930
Iter 40 of 338 Loss: 0.708036, L1(Flow): 0.651322, Reg: 0.056714
Iter 50 of 338 Loss: 0.728308, L1(Flow): 0.670494, Reg: 0.057814
Iter 60 of 338 Loss: 0.715331, L1(Flow): 0.659852, Reg: 0.055479
Iter 70 of 338 Loss: 0.679445, L1(Flow): 0.624627, Reg: 0.054818
Iter 80 of 338 Loss: 0.751162, L1(Flow): 0.690167, Reg: 0.060995
Iter 90 of 338 Loss: 0.730271, L1(Flow): 0.669765, Reg: 0.060506
Iter 100 of 338 Loss: 0.741801, L1(Flow): 0.685935, Reg: 0.055866
Iter 110 of 338 Loss: 0.762293, L1(Flow): 0.705374, Reg: 0.056919
Iter 120 of 338 Loss: 0.727841, L1(Flow): 0.670602, Reg: 0.057239
Iter 130 of 338 Loss: 0.722698, L1(Flow): 0.663082, Reg: 0.059616
Iter 140 of 338 Loss: 0.704401, L1(Flow): 0.645979, Reg: 0.058422
Iter 150 of 338 Loss: 0.748224, L1(Flow): 0.689322, Reg: 0.058902
Iter 160 of 338 Loss: 0.742942, L1(Flow): 0.685605, Reg: 0.057337
Iter 170 of 338 Loss: 0.701713, L1(Flow): 0.645119, Reg: 0.056593
Iter 180 of 338 Loss: 0.703120, L1(Flow): 0.647895, Reg: 0.055224
Iter 190 of 338 Loss: 0.720569, L1(Flow): 0.664200, Reg: 0.056369
Iter 200 of 338 Loss: 0.729540, L1(Flow): 0.670643, Reg: 0.058896
Iter 210 of 338 Loss: 0.713960, L1(Flow): 0.649712, Reg: 0.064249
Iter 220 of 338 Loss: 0.702934, L1(Flow): 0.642868, Reg: 0.060066
Iter 230 of 338 Loss: 0.687088, L1(Flow): 0.633056, Reg: 0.054032
Iter 240 of 338 Loss: 0.686446, L1(Flow): 0.634049, Reg: 0.052398
Iter 250 of 338 Loss: 0.734915, L1(Flow): 0.674990, Reg: 0.059925
Iter 260 of 338 Loss: 0.696346, L1(Flow): 0.643174, Reg: 0.053172
Iter 270 of 338 Loss: 0.730357, L1(Flow): 0.672937, Reg: 0.057419
Iter 280 of 338 Loss: 0.720167, L1(Flow): 0.660106, Reg: 0.060062
Iter 290 of 338 Loss: 0.725618, L1(Flow): 0.667023, Reg: 0.058595
Iter 300 of 338 Loss: 0.709525, L1(Flow): 0.652715, Reg: 0.056810
Iter 310 of 338 Loss: 0.717073, L1(Flow): 0.660241, Reg: 0.056832
Iter 320 of 338 Loss: 0.688693, L1(Flow): 0.634433, Reg: 0.054260
Iter 330 of 338 Loss: 0.724280, L1(Flow): 0.664463, Reg: 0.059817
Epoch 257 Loss: 0.717149
Epoch 257 Validation: Mean EPE: 2.7567, Mean SSIM: 0.4011, Mean ZNCC: 0.6464
--> Saved to Top 5 best models (EPE: 2.7567)
Epoch 258 starts
Iter 10 of 338 Loss: 0.701315, L1(Flow): 0.644581, Reg: 0.056735
Iter 20 of 338 Loss: 0.678324, L1(Flow): 0.625638, Reg: 0.052686
Iter 30 of 338 Loss: 0.736557, L1(Flow): 0.681376, Reg: 0.055181
Iter 40 of 338 Loss: 0.731760, L1(Flow): 0.671140, Reg: 0.060620
Iter 50 of 338 Loss: 0.713267, L1(Flow): 0.662454, Reg: 0.050813
Iter 60 of 338 Loss: 0.698526, L1(Flow): 0.644838, Reg: 0.053688
Iter 70 of 338 Loss: 0.696493, L1(Flow): 0.642113, Reg: 0.054380
Iter 80 of 338 Loss: 0.761599, L1(Flow): 0.700931, Reg: 0.060669
Iter 90 of 338 Loss: 0.721692, L1(Flow): 0.667056, Reg: 0.054636
Iter 100 of 338 Loss: 0.723199, L1(Flow): 0.663726, Reg: 0.059473
Iter 110 of 338 Loss: 0.773336, L1(Flow): 0.713958, Reg: 0.059378
Iter 120 of 338 Loss: 0.722396, L1(Flow): 0.668869, Reg: 0.053527
Iter 130 of 338 Loss: 0.714617, L1(Flow): 0.657591, Reg: 0.057026
Iter 140 of 338 Loss: 0.704271, L1(Flow): 0.649323, Reg: 0.054949
Iter 150 of 338 Loss: 0.744645, L1(Flow): 0.683935, Reg: 0.060711
Iter 160 of 338 Loss: 0.707460, L1(Flow): 0.651945, Reg: 0.055514
Iter 170 of 338 Loss: 0.745127, L1(Flow): 0.680287, Reg: 0.064840
Iter 180 of 338 Loss: 0.740427, L1(Flow): 0.683886, Reg: 0.056540
Iter 190 of 338 Loss: 0.725858, L1(Flow): 0.667299, Reg: 0.058558
Iter 200 of 338 Loss: 0.734882, L1(Flow): 0.673094, Reg: 0.061788
Iter 210 of 338 Loss: 0.673874, L1(Flow): 0.620529, Reg: 0.053345
Iter 220 of 338 Loss: 0.690416, L1(Flow): 0.632694, Reg: 0.057721
Iter 230 of 338 Loss: 0.721686, L1(Flow): 0.663153, Reg: 0.058533
Iter 240 of 338 Loss: 0.708032, L1(Flow): 0.651240, Reg: 0.056792
Iter 250 of 338 Loss: 0.716713, L1(Flow): 0.662546, Reg: 0.054167
Iter 260 of 338 Loss: 0.688947, L1(Flow): 0.635421, Reg: 0.053525
Iter 270 of 338 Loss: 0.680866, L1(Flow): 0.628020, Reg: 0.052846
Iter 280 of 338 Loss: 0.733430, L1(Flow): 0.672818, Reg: 0.060612
Iter 290 of 338 Loss: 0.667959, L1(Flow): 0.614486, Reg: 0.053474
Iter 300 of 338 Loss: 0.700615, L1(Flow): 0.643725, Reg: 0.056889
Iter 310 of 338 Loss: 0.700576, L1(Flow): 0.647330, Reg: 0.053246
Iter 320 of 338 Loss: 0.713158, L1(Flow): 0.654380, Reg: 0.058779
Iter 330 of 338 Loss: 0.700403, L1(Flow): 0.645158, Reg: 0.055245
Epoch 258 Loss: 0.716743
Epoch 258 Validation: Mean EPE: 2.7679, Mean SSIM: 0.4008, Mean ZNCC: 0.6464
Epoch 259 starts
Iter 10 of 338 Loss: 0.711375, L1(Flow): 0.652155, Reg: 0.059219
Iter 20 of 338 Loss: 0.722677, L1(Flow): 0.665861, Reg: 0.056817
Iter 30 of 338 Loss: 0.715019, L1(Flow): 0.655917, Reg: 0.059102
Iter 40 of 338 Loss: 0.717581, L1(Flow): 0.663064, Reg: 0.054517
Iter 50 of 338 Loss: 0.736333, L1(Flow): 0.675797, Reg: 0.060536
Iter 60 of 338 Loss: 0.668953, L1(Flow): 0.622267, Reg: 0.046686
Iter 70 of 338 Loss: 0.739870, L1(Flow): 0.682061, Reg: 0.057808
Iter 80 of 338 Loss: 0.682556, L1(Flow): 0.624758, Reg: 0.057798
Iter 90 of 338 Loss: 0.699733, L1(Flow): 0.642931, Reg: 0.056803
Iter 100 of 338 Loss: 0.744016, L1(Flow): 0.689413, Reg: 0.054603
Iter 110 of 338 Loss: 0.739934, L1(Flow): 0.681645, Reg: 0.058289
Iter 120 of 338 Loss: 0.720315, L1(Flow): 0.663830, Reg: 0.056486
Iter 130 of 338 Loss: 0.764853, L1(Flow): 0.703846, Reg: 0.061007
Iter 140 of 338 Loss: 0.694502, L1(Flow): 0.641287, Reg: 0.053215
Iter 150 of 338 Loss: 0.703076, L1(Flow): 0.650745, Reg: 0.052331
Iter 160 of 338 Loss: 0.762008, L1(Flow): 0.698135, Reg: 0.063873
Iter 170 of 338 Loss: 0.742732, L1(Flow): 0.685773, Reg: 0.056959
Iter 180 of 338 Loss: 0.712478, L1(Flow): 0.657251, Reg: 0.055226
Iter 190 of 338 Loss: 0.676486, L1(Flow): 0.623305, Reg: 0.053181
Iter 200 of 338 Loss: 0.698578, L1(Flow): 0.643919, Reg: 0.054660
Iter 210 of 338 Loss: 0.681505, L1(Flow): 0.634119, Reg: 0.047386
Iter 220 of 338 Loss: 0.689316, L1(Flow): 0.636581, Reg: 0.052735
Iter 230 of 338 Loss: 0.688923, L1(Flow): 0.635004, Reg: 0.053920
Iter 240 of 338 Loss: 0.700665, L1(Flow): 0.644730, Reg: 0.055935
Iter 250 of 338 Loss: 0.720925, L1(Flow): 0.659344, Reg: 0.061581
Iter 260 of 338 Loss: 0.735750, L1(Flow): 0.681717, Reg: 0.054033
Iter 270 of 338 Loss: 0.752872, L1(Flow): 0.693101, Reg: 0.059770
Iter 280 of 338 Loss: 0.721967, L1(Flow): 0.663094, Reg: 0.058872
Iter 290 of 338 Loss: 0.739476, L1(Flow): 0.679032, Reg: 0.060444
Iter 300 of 338 Loss: 0.716918, L1(Flow): 0.659584, Reg: 0.057334
Iter 310 of 338 Loss: 0.707125, L1(Flow): 0.656309, Reg: 0.050815
Iter 320 of 338 Loss: 0.730356, L1(Flow): 0.673430, Reg: 0.056927
Iter 330 of 338 Loss: 0.743710, L1(Flow): 0.683116, Reg: 0.060593
Epoch 259 Loss: 0.715383
Epoch 259 Validation: Mean EPE: 2.7654, Mean SSIM: 0.4009, Mean ZNCC: 0.6463
Epoch 260 starts
Iter 10 of 338 Loss: 0.697638, L1(Flow): 0.643303, Reg: 0.054334
Iter 20 of 338 Loss: 0.703774, L1(Flow): 0.650275, Reg: 0.053498
Iter 30 of 338 Loss: 0.692421, L1(Flow): 0.639094, Reg: 0.053327
Iter 40 of 338 Loss: 0.700457, L1(Flow): 0.644447, Reg: 0.056010
Iter 50 of 338 Loss: 0.645052, L1(Flow): 0.595074, Reg: 0.049977
Iter 60 of 338 Loss: 0.688005, L1(Flow): 0.629666, Reg: 0.058339
Iter 70 of 338 Loss: 0.709550, L1(Flow): 0.649104, Reg: 0.060446
Iter 80 of 338 Loss: 0.723276, L1(Flow): 0.665208, Reg: 0.058068
Iter 90 of 338 Loss: 0.709834, L1(Flow): 0.654360, Reg: 0.055474
Iter 100 of 338 Loss: 0.721108, L1(Flow): 0.663149, Reg: 0.057960
Iter 110 of 338 Loss: 0.751591, L1(Flow): 0.695736, Reg: 0.055855
Iter 120 of 338 Loss: 0.726842, L1(Flow): 0.670689, Reg: 0.056152
Iter 130 of 338 Loss: 0.697508, L1(Flow): 0.643842, Reg: 0.053666
Iter 140 of 338 Loss: 0.697841, L1(Flow): 0.643059, Reg: 0.054781
Iter 150 of 338 Loss: 0.730330, L1(Flow): 0.675581, Reg: 0.054749
Iter 160 of 338 Loss: 0.673902, L1(Flow): 0.619756, Reg: 0.054146
Iter 170 of 338 Loss: 0.762372, L1(Flow): 0.698657, Reg: 0.063715
Iter 180 of 338 Loss: 0.713197, L1(Flow): 0.651843, Reg: 0.061354
Iter 190 of 338 Loss: 0.672399, L1(Flow): 0.619650, Reg: 0.052748
Iter 200 of 338 Loss: 0.701150, L1(Flow): 0.643970, Reg: 0.057180
Iter 210 of 338 Loss: 0.689576, L1(Flow): 0.638048, Reg: 0.051528
Iter 220 of 338 Loss: 0.719541, L1(Flow): 0.664922, Reg: 0.054619
Iter 230 of 338 Loss: 0.723653, L1(Flow): 0.668125, Reg: 0.055528
Iter 240 of 338 Loss: 0.730636, L1(Flow): 0.673808, Reg: 0.056828
Iter 250 of 338 Loss: 0.698672, L1(Flow): 0.643565, Reg: 0.055107
Iter 260 of 338 Loss: 0.690374, L1(Flow): 0.634086, Reg: 0.056287
Iter 270 of 338 Loss: 0.698999, L1(Flow): 0.648014, Reg: 0.050984
Iter 280 of 338 Loss: 0.714285, L1(Flow): 0.658601, Reg: 0.055684
Iter 290 of 338 Loss: 0.697223, L1(Flow): 0.638418, Reg: 0.058804
Iter 300 of 338 Loss: 0.672075, L1(Flow): 0.619477, Reg: 0.052598
Iter 310 of 338 Loss: 0.707674, L1(Flow): 0.649315, Reg: 0.058359
Iter 320 of 338 Loss: 0.702055, L1(Flow): 0.642471, Reg: 0.059583
Iter 330 of 338 Loss: 0.716979, L1(Flow): 0.659055, Reg: 0.057924
Epoch 260 Loss: 0.712739
Epoch 260 Validation: Mean EPE: 2.7621, Mean SSIM: 0.4007, Mean ZNCC: 0.6462
Epoch 261 starts
Iter 10 of 338 Loss: 0.719450, L1(Flow): 0.663234, Reg: 0.056216
Iter 20 of 338 Loss: 0.721784, L1(Flow): 0.661276, Reg: 0.060508
Iter 30 of 338 Loss: 0.710710, L1(Flow): 0.652959, Reg: 0.057750
Iter 40 of 338 Loss: 0.767198, L1(Flow): 0.703050, Reg: 0.064148
Iter 50 of 338 Loss: 0.689293, L1(Flow): 0.631748, Reg: 0.057544
Iter 60 of 338 Loss: 0.707795, L1(Flow): 0.649014, Reg: 0.058781
Iter 70 of 338 Loss: 0.733323, L1(Flow): 0.674203, Reg: 0.059120
Iter 80 of 338 Loss: 0.721321, L1(Flow): 0.668498, Reg: 0.052823
Iter 90 of 338 Loss: 0.683255, L1(Flow): 0.627267, Reg: 0.055989
Iter 100 of 338 Loss: 0.722538, L1(Flow): 0.663028, Reg: 0.059510
Iter 110 of 338 Loss: 0.696663, L1(Flow): 0.648936, Reg: 0.047727
Iter 120 of 338 Loss: 0.710549, L1(Flow): 0.655866, Reg: 0.054683
Iter 130 of 338 Loss: 0.708779, L1(Flow): 0.653180, Reg: 0.055598
Iter 140 of 338 Loss: 0.715477, L1(Flow): 0.658299, Reg: 0.057178
Iter 150 of 338 Loss: 0.711990, L1(Flow): 0.655632, Reg: 0.056358
Iter 160 of 338 Loss: 0.685342, L1(Flow): 0.633242, Reg: 0.052100
Iter 170 of 338 Loss: 0.692626, L1(Flow): 0.635298, Reg: 0.057328
Iter 180 of 338 Loss: 0.705339, L1(Flow): 0.648373, Reg: 0.056966
Iter 190 of 338 Loss: 0.681903, L1(Flow): 0.626592, Reg: 0.055312
Iter 200 of 338 Loss: 0.756364, L1(Flow): 0.691552, Reg: 0.064812
Iter 210 of 338 Loss: 0.681250, L1(Flow): 0.627506, Reg: 0.053744
Iter 220 of 338 Loss: 0.733006, L1(Flow): 0.673922, Reg: 0.059084
Iter 230 of 338 Loss: 0.716093, L1(Flow): 0.661131, Reg: 0.054962
Iter 240 of 338 Loss: 0.738390, L1(Flow): 0.677175, Reg: 0.061215
Iter 250 of 338 Loss: 0.709416, L1(Flow): 0.654756, Reg: 0.054659
Iter 260 of 338 Loss: 0.721151, L1(Flow): 0.662127, Reg: 0.059024
Iter 270 of 338 Loss: 0.709873, L1(Flow): 0.652033, Reg: 0.057840
Iter 280 of 338 Loss: 0.686768, L1(Flow): 0.631544, Reg: 0.055224
Iter 290 of 338 Loss: 0.678193, L1(Flow): 0.625523, Reg: 0.052670
Iter 300 of 338 Loss: 0.727327, L1(Flow): 0.667380, Reg: 0.059948
Iter 310 of 338 Loss: 0.677873, L1(Flow): 0.626600, Reg: 0.051273
Iter 320 of 338 Loss: 0.732357, L1(Flow): 0.672481, Reg: 0.059876
Iter 330 of 338 Loss: 0.687679, L1(Flow): 0.632988, Reg: 0.054691
Epoch 261 Loss: 0.709600
Epoch 261 Validation: Mean EPE: 2.7564, Mean SSIM: 0.4008, Mean ZNCC: 0.6463
--> Saved to Top 5 best models (EPE: 2.7564)
--> New absolute BEST model updated with EPE: 2.7564
Epoch 262 starts
Iter 10 of 338 Loss: 0.695618, L1(Flow): 0.635967, Reg: 0.059651
Iter 20 of 338 Loss: 0.724023, L1(Flow): 0.667632, Reg: 0.056391
Iter 30 of 338 Loss: 0.664324, L1(Flow): 0.612676, Reg: 0.051648
Iter 40 of 338 Loss: 0.725476, L1(Flow): 0.667021, Reg: 0.058454
Iter 50 of 338 Loss: 0.701479, L1(Flow): 0.646090, Reg: 0.055388
Iter 60 of 338 Loss: 0.704918, L1(Flow): 0.652518, Reg: 0.052400
Iter 70 of 338 Loss: 0.763622, L1(Flow): 0.704209, Reg: 0.059413
Iter 80 of 338 Loss: 0.735556, L1(Flow): 0.674330, Reg: 0.061226
Iter 90 of 338 Loss: 0.727210, L1(Flow): 0.668812, Reg: 0.058397
Iter 100 of 338 Loss: 0.704253, L1(Flow): 0.649787, Reg: 0.054467
Iter 110 of 338 Loss: 0.733551, L1(Flow): 0.673121, Reg: 0.060429
Iter 120 of 338 Loss: 0.715759, L1(Flow): 0.656464, Reg: 0.059295
Iter 130 of 338 Loss: 0.698019, L1(Flow): 0.645338, Reg: 0.052681
Iter 140 of 338 Loss: 0.691335, L1(Flow): 0.633856, Reg: 0.057479
Iter 150 of 338 Loss: 0.721708, L1(Flow): 0.667811, Reg: 0.053897
Iter 160 of 338 Loss: 0.714822, L1(Flow): 0.654298, Reg: 0.060524
Iter 170 of 338 Loss: 0.701285, L1(Flow): 0.644197, Reg: 0.057088
Iter 180 of 338 Loss: 0.689591, L1(Flow): 0.634530, Reg: 0.055061
Iter 190 of 338 Loss: 0.716168, L1(Flow): 0.655181, Reg: 0.060987
Iter 200 of 338 Loss: 0.712129, L1(Flow): 0.654055, Reg: 0.058075
Iter 210 of 338 Loss: 0.710060, L1(Flow): 0.651211, Reg: 0.058849
Iter 220 of 338 Loss: 0.739552, L1(Flow): 0.681875, Reg: 0.057676
Iter 230 of 338 Loss: 0.704388, L1(Flow): 0.647636, Reg: 0.056751
Iter 240 of 338 Loss: 0.703039, L1(Flow): 0.648491, Reg: 0.054548
Iter 250 of 338 Loss: 0.695719, L1(Flow): 0.642003, Reg: 0.053715
Iter 260 of 338 Loss: 0.705626, L1(Flow): 0.650729, Reg: 0.054896
Iter 270 of 338 Loss: 0.677795, L1(Flow): 0.623815, Reg: 0.053980
Iter 280 of 338 Loss: 0.677852, L1(Flow): 0.624692, Reg: 0.053160
Iter 290 of 338 Loss: 0.656116, L1(Flow): 0.605464, Reg: 0.050652
Iter 300 of 338 Loss: 0.701702, L1(Flow): 0.647052, Reg: 0.054650
Iter 310 of 338 Loss: 0.721709, L1(Flow): 0.665856, Reg: 0.055853
Iter 320 of 338 Loss: 0.737691, L1(Flow): 0.681541, Reg: 0.056149
Iter 330 of 338 Loss: 0.694275, L1(Flow): 0.639987, Reg: 0.054287
Epoch 262 Loss: 0.711871
Epoch 262 Validation: Mean EPE: 2.7606, Mean SSIM: 0.4004, Mean ZNCC: 0.6462
--> Saved to Top 5 best models (EPE: 2.7606)
Epoch 263 starts
Iter 10 of 338 Loss: 0.675755, L1(Flow): 0.622479, Reg: 0.053276
Iter 20 of 338 Loss: 0.700826, L1(Flow): 0.645086, Reg: 0.055740
Iter 30 of 338 Loss: 0.698830, L1(Flow): 0.641234, Reg: 0.057596
Iter 40 of 338 Loss: 0.720456, L1(Flow): 0.664169, Reg: 0.056287
Iter 50 of 338 Loss: 0.678876, L1(Flow): 0.619357, Reg: 0.059520
Iter 60 of 338 Loss: 0.756932, L1(Flow): 0.693951, Reg: 0.062981
Iter 70 of 338 Loss: 0.721156, L1(Flow): 0.665528, Reg: 0.055628
Iter 80 of 338 Loss: 0.687111, L1(Flow): 0.632750, Reg: 0.054361
Iter 90 of 338 Loss: 0.762936, L1(Flow): 0.699029, Reg: 0.063907
Iter 100 of 338 Loss: 0.729344, L1(Flow): 0.671015, Reg: 0.058330
Iter 110 of 338 Loss: 0.704379, L1(Flow): 0.651087, Reg: 0.053292
Iter 120 of 338 Loss: 0.716842, L1(Flow): 0.659129, Reg: 0.057713
Iter 130 of 338 Loss: 0.739563, L1(Flow): 0.677501, Reg: 0.062062
Iter 140 of 338 Loss: 0.724362, L1(Flow): 0.665459, Reg: 0.058903
Iter 150 of 338 Loss: 0.686834, L1(Flow): 0.632595, Reg: 0.054239
Iter 160 of 338 Loss: 0.703036, L1(Flow): 0.651681, Reg: 0.051355
Iter 170 of 338 Loss: 0.723414, L1(Flow): 0.661754, Reg: 0.061660
Iter 180 of 338 Loss: 0.716881, L1(Flow): 0.666549, Reg: 0.050331
Iter 190 of 338 Loss: 0.734004, L1(Flow): 0.672657, Reg: 0.061347
Iter 200 of 338 Loss: 0.765003, L1(Flow): 0.710368, Reg: 0.054635
Iter 210 of 338 Loss: 0.699506, L1(Flow): 0.647407, Reg: 0.052099
Iter 220 of 338 Loss: 0.702768, L1(Flow): 0.647458, Reg: 0.055310
Iter 230 of 338 Loss: 0.711680, L1(Flow): 0.653126, Reg: 0.058554
Iter 240 of 338 Loss: 0.701749, L1(Flow): 0.647886, Reg: 0.053863
Iter 250 of 338 Loss: 0.694805, L1(Flow): 0.636342, Reg: 0.058463
Iter 260 of 338 Loss: 0.693424, L1(Flow): 0.638857, Reg: 0.054567
Iter 270 of 338 Loss: 0.697116, L1(Flow): 0.640305, Reg: 0.056811
Iter 280 of 338 Loss: 0.733688, L1(Flow): 0.673591, Reg: 0.060097
Iter 290 of 338 Loss: 0.724861, L1(Flow): 0.668654, Reg: 0.056207
Iter 300 of 338 Loss: 0.724256, L1(Flow): 0.667711, Reg: 0.056545
Iter 310 of 338 Loss: 0.739003, L1(Flow): 0.680754, Reg: 0.058249
Iter 320 of 338 Loss: 0.695135, L1(Flow): 0.638560, Reg: 0.056575
Iter 330 of 338 Loss: 0.704373, L1(Flow): 0.648393, Reg: 0.055980
Epoch 263 Loss: 0.714125
Epoch 263 Validation: Mean EPE: 2.7537, Mean SSIM: 0.4001, Mean ZNCC: 0.6463
--> Saved to Top 5 best models (EPE: 2.7537)
--> New absolute BEST model updated with EPE: 2.7537
Epoch 264 starts
Iter 10 of 338 Loss: 0.718542, L1(Flow): 0.659515, Reg: 0.059027
Iter 20 of 338 Loss: 0.695216, L1(Flow): 0.637729, Reg: 0.057486
Iter 30 of 338 Loss: 0.774576, L1(Flow): 0.713531, Reg: 0.061045
Iter 40 of 338 Loss: 0.704143, L1(Flow): 0.648093, Reg: 0.056050
Iter 50 of 338 Loss: 0.691625, L1(Flow): 0.636463, Reg: 0.055162
Iter 60 of 338 Loss: 0.715498, L1(Flow): 0.655027, Reg: 0.060471
Iter 70 of 338 Loss: 0.691292, L1(Flow): 0.638383, Reg: 0.052909
Iter 80 of 338 Loss: 0.716659, L1(Flow): 0.662537, Reg: 0.054122
Iter 90 of 338 Loss: 0.690783, L1(Flow): 0.628428, Reg: 0.062355
Iter 100 of 338 Loss: 0.737967, L1(Flow): 0.677962, Reg: 0.060005
Iter 110 of 338 Loss: 0.704687, L1(Flow): 0.655444, Reg: 0.049243
Iter 120 of 338 Loss: 0.709509, L1(Flow): 0.651843, Reg: 0.057666
Iter 130 of 338 Loss: 0.709927, L1(Flow): 0.654090, Reg: 0.055836
Iter 140 of 338 Loss: 0.712207, L1(Flow): 0.656214, Reg: 0.055992
Iter 150 of 338 Loss: 0.691423, L1(Flow): 0.638386, Reg: 0.053036
Iter 160 of 338 Loss: 0.745147, L1(Flow): 0.687122, Reg: 0.058025
Iter 170 of 338 Loss: 0.699577, L1(Flow): 0.639470, Reg: 0.060108
Iter 180 of 338 Loss: 0.727757, L1(Flow): 0.669222, Reg: 0.058535
Iter 190 of 338 Loss: 0.738218, L1(Flow): 0.675719, Reg: 0.062500
Iter 200 of 338 Loss: 0.695069, L1(Flow): 0.642315, Reg: 0.052753
Iter 210 of 338 Loss: 0.748660, L1(Flow): 0.689000, Reg: 0.059660
Iter 220 of 338 Loss: 0.712080, L1(Flow): 0.657711, Reg: 0.054369
Iter 230 of 338 Loss: 0.745050, L1(Flow): 0.684360, Reg: 0.060689
Iter 240 of 338 Loss: 0.744362, L1(Flow): 0.685154, Reg: 0.059208
Iter 250 of 338 Loss: 0.720371, L1(Flow): 0.662574, Reg: 0.057797
Iter 260 of 338 Loss: 0.737482, L1(Flow): 0.679126, Reg: 0.058356
Iter 270 of 338 Loss: 0.673514, L1(Flow): 0.622553, Reg: 0.050962
Iter 280 of 338 Loss: 0.670684, L1(Flow): 0.615065, Reg: 0.055619
Iter 290 of 338 Loss: 0.706924, L1(Flow): 0.649845, Reg: 0.057079
Iter 300 of 338 Loss: 0.701411, L1(Flow): 0.646111, Reg: 0.055300
Iter 310 of 338 Loss: 0.722129, L1(Flow): 0.667705, Reg: 0.054424
Iter 320 of 338 Loss: 0.752306, L1(Flow): 0.690535, Reg: 0.061771
Iter 330 of 338 Loss: 0.692170, L1(Flow): 0.635885, Reg: 0.056285
Epoch 264 Loss: 0.710253
Epoch 264 Validation: Mean EPE: 2.7669, Mean SSIM: 0.4010, Mean ZNCC: 0.6463
Epoch 265 starts
Iter 10 of 338 Loss: 0.661609, L1(Flow): 0.608496, Reg: 0.053113
Iter 20 of 338 Loss: 0.711961, L1(Flow): 0.655983, Reg: 0.055978
Iter 30 of 338 Loss: 0.705925, L1(Flow): 0.653243, Reg: 0.052681
Iter 40 of 338 Loss: 0.761568, L1(Flow): 0.701808, Reg: 0.059760
Iter 50 of 338 Loss: 0.760588, L1(Flow): 0.701448, Reg: 0.059141
Iter 60 of 338 Loss: 0.720170, L1(Flow): 0.666360, Reg: 0.053810
Iter 70 of 338 Loss: 0.707729, L1(Flow): 0.650037, Reg: 0.057692
Iter 80 of 338 Loss: 0.678944, L1(Flow): 0.625221, Reg: 0.053722
Iter 90 of 338 Loss: 0.703966, L1(Flow): 0.645907, Reg: 0.058058
Iter 100 of 338 Loss: 0.691300, L1(Flow): 0.638227, Reg: 0.053073
Iter 110 of 338 Loss: 0.708131, L1(Flow): 0.649407, Reg: 0.058724
Iter 120 of 338 Loss: 0.767923, L1(Flow): 0.704869, Reg: 0.063054
Iter 130 of 338 Loss: 0.730166, L1(Flow): 0.672501, Reg: 0.057665
Iter 140 of 338 Loss: 0.694042, L1(Flow): 0.637992, Reg: 0.056050
Iter 150 of 338 Loss: 0.705706, L1(Flow): 0.651778, Reg: 0.053928
Iter 160 of 338 Loss: 0.678556, L1(Flow): 0.624833, Reg: 0.053723
Iter 170 of 338 Loss: 0.693124, L1(Flow): 0.639651, Reg: 0.053474
Iter 180 of 338 Loss: 0.729246, L1(Flow): 0.672693, Reg: 0.056553
Iter 190 of 338 Loss: 0.723156, L1(Flow): 0.664531, Reg: 0.058625
Iter 200 of 338 Loss: 0.680212, L1(Flow): 0.622761, Reg: 0.057450
Iter 210 of 338 Loss: 0.697895, L1(Flow): 0.641988, Reg: 0.055907
Iter 220 of 338 Loss: 0.700841, L1(Flow): 0.644347, Reg: 0.056495
Iter 230 of 338 Loss: 0.687849, L1(Flow): 0.630044, Reg: 0.057805
Iter 240 of 338 Loss: 0.692823, L1(Flow): 0.637612, Reg: 0.055211
Iter 250 of 338 Loss: 0.700997, L1(Flow): 0.648278, Reg: 0.052719
Iter 260 of 338 Loss: 0.744896, L1(Flow): 0.682492, Reg: 0.062404
Iter 270 of 338 Loss: 0.728847, L1(Flow): 0.665916, Reg: 0.062931
Iter 280 of 338 Loss: 0.683678, L1(Flow): 0.627716, Reg: 0.055962
Iter 290 of 338 Loss: 0.728686, L1(Flow): 0.674361, Reg: 0.054325
Iter 300 of 338 Loss: 0.729673, L1(Flow): 0.674584, Reg: 0.055090
Iter 310 of 338 Loss: 0.753625, L1(Flow): 0.696455, Reg: 0.057170
Iter 320 of 338 Loss: 0.705750, L1(Flow): 0.650030, Reg: 0.055720
Iter 330 of 338 Loss: 0.691742, L1(Flow): 0.636220, Reg: 0.055522
Epoch 265 Loss: 0.706581
Epoch 265 Validation: Mean EPE: 2.7597, Mean SSIM: 0.4002, Mean ZNCC: 0.6463
Epoch 266 starts
Iter 10 of 338 Loss: 0.723395, L1(Flow): 0.666171, Reg: 0.057224
Iter 20 of 338 Loss: 0.738328, L1(Flow): 0.680582, Reg: 0.057746
Iter 30 of 338 Loss: 0.707487, L1(Flow): 0.649048, Reg: 0.058440
Iter 40 of 338 Loss: 0.730459, L1(Flow): 0.669851, Reg: 0.060608
Iter 50 of 338 Loss: 0.711931, L1(Flow): 0.654948, Reg: 0.056982
Iter 60 of 338 Loss: 0.750274, L1(Flow): 0.689449, Reg: 0.060825
Iter 70 of 338 Loss: 0.718276, L1(Flow): 0.659430, Reg: 0.058846
Iter 80 of 338 Loss: 0.734077, L1(Flow): 0.676417, Reg: 0.057660
Iter 90 of 338 Loss: 0.688022, L1(Flow): 0.632564, Reg: 0.055458
Iter 100 of 338 Loss: 0.731797, L1(Flow): 0.676902, Reg: 0.054896
Iter 110 of 338 Loss: 0.741150, L1(Flow): 0.676411, Reg: 0.064739
Iter 120 of 338 Loss: 0.676279, L1(Flow): 0.627378, Reg: 0.048902
Iter 130 of 338 Loss: 0.665392, L1(Flow): 0.608526, Reg: 0.056866
Iter 140 of 338 Loss: 0.707329, L1(Flow): 0.653793, Reg: 0.053536
Iter 150 of 338 Loss: 0.732198, L1(Flow): 0.669908, Reg: 0.062290
Iter 160 of 338 Loss: 0.697960, L1(Flow): 0.641637, Reg: 0.056323
Iter 170 of 338 Loss: 0.679549, L1(Flow): 0.622821, Reg: 0.056728
Iter 180 of 338 Loss: 0.717060, L1(Flow): 0.658293, Reg: 0.058767
Iter 190 of 338 Loss: 0.703230, L1(Flow): 0.650816, Reg: 0.052413
Iter 200 of 338 Loss: 0.665331, L1(Flow): 0.613122, Reg: 0.052209
Iter 210 of 338 Loss: 0.699626, L1(Flow): 0.642746, Reg: 0.056880
Iter 220 of 338 Loss: 0.732167, L1(Flow): 0.674045, Reg: 0.058122
Iter 230 of 338 Loss: 0.755793, L1(Flow): 0.693654, Reg: 0.062139
Iter 240 of 338 Loss: 0.709415, L1(Flow): 0.649457, Reg: 0.059958
Iter 250 of 338 Loss: 0.689887, L1(Flow): 0.633379, Reg: 0.056507
Iter 260 of 338 Loss: 0.724737, L1(Flow): 0.663627, Reg: 0.061109
Iter 270 of 338 Loss: 0.706642, L1(Flow): 0.649216, Reg: 0.057426
Iter 280 of 338 Loss: 0.719636, L1(Flow): 0.659858, Reg: 0.059778
Iter 290 of 338 Loss: 0.679587, L1(Flow): 0.629132, Reg: 0.050454
Iter 300 of 338 Loss: 0.649302, L1(Flow): 0.601551, Reg: 0.047751
Iter 310 of 338 Loss: 0.699365, L1(Flow): 0.639223, Reg: 0.060142
Iter 320 of 338 Loss: 0.701392, L1(Flow): 0.648022, Reg: 0.053370
Iter 330 of 338 Loss: 0.693042, L1(Flow): 0.636365, Reg: 0.056676
Epoch 266 Loss: 0.706760
Epoch 266 Validation: Mean EPE: 2.7705, Mean SSIM: 0.4004, Mean ZNCC: 0.6463
Epoch 267 starts
Iter 10 of 338 Loss: 0.719024, L1(Flow): 0.662842, Reg: 0.056182
Iter 20 of 338 Loss: 0.706336, L1(Flow): 0.649744, Reg: 0.056592
Iter 30 of 338 Loss: 0.704425, L1(Flow): 0.648632, Reg: 0.055794
Iter 40 of 338 Loss: 0.732694, L1(Flow): 0.670964, Reg: 0.061729
Iter 50 of 338 Loss: 0.664476, L1(Flow): 0.612170, Reg: 0.052307
Iter 60 of 338 Loss: 0.738386, L1(Flow): 0.674535, Reg: 0.063851
Iter 70 of 338 Loss: 0.735425, L1(Flow): 0.678087, Reg: 0.057338
Iter 80 of 338 Loss: 0.674883, L1(Flow): 0.620359, Reg: 0.054524
Iter 90 of 338 Loss: 0.706557, L1(Flow): 0.650192, Reg: 0.056365
Iter 100 of 338 Loss: 0.703291, L1(Flow): 0.649659, Reg: 0.053631
Iter 110 of 338 Loss: 0.711298, L1(Flow): 0.654759, Reg: 0.056539
Iter 120 of 338 Loss: 0.726695, L1(Flow): 0.667673, Reg: 0.059022
Iter 130 of 338 Loss: 0.769317, L1(Flow): 0.706378, Reg: 0.062938
Iter 140 of 338 Loss: 0.722930, L1(Flow): 0.663803, Reg: 0.059127
Iter 150 of 338 Loss: 0.683323, L1(Flow): 0.625987, Reg: 0.057336
Iter 160 of 338 Loss: 0.714575, L1(Flow): 0.657011, Reg: 0.057564
Iter 170 of 338 Loss: 0.710588, L1(Flow): 0.656119, Reg: 0.054469
Iter 180 of 338 Loss: 0.750407, L1(Flow): 0.692604, Reg: 0.057802
Iter 190 of 338 Loss: 0.687624, L1(Flow): 0.636741, Reg: 0.050884
Iter 200 of 338 Loss: 0.707915, L1(Flow): 0.651610, Reg: 0.056305
Iter 210 of 338 Loss: 0.698133, L1(Flow): 0.642162, Reg: 0.055972
Iter 220 of 338 Loss: 0.656943, L1(Flow): 0.603784, Reg: 0.053159
Iter 230 of 338 Loss: 0.674015, L1(Flow): 0.616945, Reg: 0.057070
Iter 240 of 338 Loss: 0.685495, L1(Flow): 0.632941, Reg: 0.052554
Iter 250 of 338 Loss: 0.732285, L1(Flow): 0.674076, Reg: 0.058209
Iter 260 of 338 Loss: 0.696668, L1(Flow): 0.640527, Reg: 0.056141
Iter 270 of 338 Loss: 0.752486, L1(Flow): 0.689099, Reg: 0.063387
Iter 280 of 338 Loss: 0.716648, L1(Flow): 0.657720, Reg: 0.058928
Iter 290 of 338 Loss: 0.729645, L1(Flow): 0.673853, Reg: 0.055792
Iter 300 of 338 Loss: 0.730802, L1(Flow): 0.673568, Reg: 0.057234
Iter 310 of 338 Loss: 0.711659, L1(Flow): 0.651740, Reg: 0.059920
Iter 320 of 338 Loss: 0.711983, L1(Flow): 0.657581, Reg: 0.054402
Iter 330 of 338 Loss: 0.708247, L1(Flow): 0.656296, Reg: 0.051951
Epoch 267 Loss: 0.703709
Epoch 267 Validation: Mean EPE: 2.7583, Mean SSIM: 0.4003, Mean ZNCC: 0.6463
--> Saved to Top 5 best models (EPE: 2.7583)
Epoch 268 starts
Iter 10 of 338 Loss: 0.746828, L1(Flow): 0.689811, Reg: 0.057017
Iter 20 of 338 Loss: 0.689348, L1(Flow): 0.635088, Reg: 0.054261
Iter 30 of 338 Loss: 0.690299, L1(Flow): 0.636008, Reg: 0.054291
Iter 40 of 338 Loss: 0.714863, L1(Flow): 0.660172, Reg: 0.054691
Iter 50 of 338 Loss: 0.696341, L1(Flow): 0.638573, Reg: 0.057768
Iter 60 of 338 Loss: 0.708874, L1(Flow): 0.654775, Reg: 0.054099
Iter 70 of 338 Loss: 0.649145, L1(Flow): 0.596195, Reg: 0.052950
Iter 80 of 338 Loss: 0.735808, L1(Flow): 0.679667, Reg: 0.056142
Iter 90 of 338 Loss: 0.662314, L1(Flow): 0.611201, Reg: 0.051113
Iter 100 of 338 Loss: 0.698074, L1(Flow): 0.640234, Reg: 0.057840
Iter 110 of 338 Loss: 0.695115, L1(Flow): 0.637056, Reg: 0.058060
Iter 120 of 338 Loss: 0.702263, L1(Flow): 0.645453, Reg: 0.056810
Iter 130 of 338 Loss: 0.737088, L1(Flow): 0.678171, Reg: 0.058918
Iter 140 of 338 Loss: 0.718855, L1(Flow): 0.660302, Reg: 0.058554
Iter 150 of 338 Loss: 0.764178, L1(Flow): 0.701207, Reg: 0.062972
Iter 160 of 338 Loss: 0.681717, L1(Flow): 0.628473, Reg: 0.053244
Iter 170 of 338 Loss: 0.701557, L1(Flow): 0.645234, Reg: 0.056323
Iter 180 of 338 Loss: 0.726587, L1(Flow): 0.666024, Reg: 0.060563
Iter 190 of 338 Loss: 0.705928, L1(Flow): 0.652440, Reg: 0.053488
Iter 200 of 338 Loss: 0.697266, L1(Flow): 0.643956, Reg: 0.053310
Iter 210 of 338 Loss: 0.688518, L1(Flow): 0.634453, Reg: 0.054065
Iter 220 of 338 Loss: 0.690112, L1(Flow): 0.633928, Reg: 0.056185
Iter 230 of 338 Loss: 0.748709, L1(Flow): 0.687457, Reg: 0.061252
Iter 240 of 338 Loss: 0.654794, L1(Flow): 0.601032, Reg: 0.053762
Iter 250 of 338 Loss: 0.739553, L1(Flow): 0.678681, Reg: 0.060872
Iter 260 of 338 Loss: 0.717686, L1(Flow): 0.657595, Reg: 0.060091
Iter 270 of 338 Loss: 0.669846, L1(Flow): 0.619989, Reg: 0.049857
Iter 280 of 338 Loss: 0.704119, L1(Flow): 0.648230, Reg: 0.055889
Iter 290 of 338 Loss: 0.700423, L1(Flow): 0.645025, Reg: 0.055398
Iter 300 of 338 Loss: 0.728133, L1(Flow): 0.668558, Reg: 0.059575
Iter 310 of 338 Loss: 0.704041, L1(Flow): 0.647863, Reg: 0.056179
Iter 320 of 338 Loss: 0.692383, L1(Flow): 0.641424, Reg: 0.050959
Iter 330 of 338 Loss: 0.638508, L1(Flow): 0.588515, Reg: 0.049993
Epoch 268 Loss: 0.705338
Epoch 268 Validation: Mean EPE: 2.7617, Mean SSIM: 0.4009, Mean ZNCC: 0.6464
Epoch 269 starts
Iter 10 of 338 Loss: 0.711554, L1(Flow): 0.652396, Reg: 0.059158
Iter 20 of 338 Loss: 0.694408, L1(Flow): 0.640320, Reg: 0.054088
Iter 30 of 338 Loss: 0.709742, L1(Flow): 0.655131, Reg: 0.054610
Iter 40 of 338 Loss: 0.688400, L1(Flow): 0.630117, Reg: 0.058282
Iter 50 of 338 Loss: 0.667115, L1(Flow): 0.613718, Reg: 0.053398
Iter 60 of 338 Loss: 0.687040, L1(Flow): 0.632704, Reg: 0.054336
Iter 70 of 338 Loss: 0.712614, L1(Flow): 0.653446, Reg: 0.059168
Iter 80 of 338 Loss: 0.660261, L1(Flow): 0.606412, Reg: 0.053850
Iter 90 of 338 Loss: 0.700371, L1(Flow): 0.642664, Reg: 0.057707
Iter 100 of 338 Loss: 0.702547, L1(Flow): 0.648586, Reg: 0.053961
Iter 110 of 338 Loss: 0.718431, L1(Flow): 0.660170, Reg: 0.058260
Iter 120 of 338 Loss: 0.691922, L1(Flow): 0.638116, Reg: 0.053807
Iter 130 of 338 Loss: 0.648082, L1(Flow): 0.597651, Reg: 0.050431
Iter 140 of 338 Loss: 0.741110, L1(Flow): 0.679290, Reg: 0.061820
Iter 150 of 338 Loss: 0.723563, L1(Flow): 0.661918, Reg: 0.061645
Iter 160 of 338 Loss: 0.721612, L1(Flow): 0.665630, Reg: 0.055981
Iter 170 of 338 Loss: 0.677396, L1(Flow): 0.626916, Reg: 0.050480
Iter 180 of 338 Loss: 0.730040, L1(Flow): 0.672885, Reg: 0.057155
Iter 190 of 338 Loss: 0.689275, L1(Flow): 0.635002, Reg: 0.054273
Iter 200 of 338 Loss: 0.713132, L1(Flow): 0.660138, Reg: 0.052995
Iter 210 of 338 Loss: 0.708586, L1(Flow): 0.652423, Reg: 0.056163
Iter 220 of 338 Loss: 0.716110, L1(Flow): 0.657663, Reg: 0.058447
Iter 230 of 338 Loss: 0.738981, L1(Flow): 0.674223, Reg: 0.064758
Iter 240 of 338 Loss: 0.712587, L1(Flow): 0.656694, Reg: 0.055893
Iter 250 of 338 Loss: 0.755475, L1(Flow): 0.691675, Reg: 0.063800
Iter 260 of 338 Loss: 0.674519, L1(Flow): 0.625135, Reg: 0.049384
Iter 270 of 338 Loss: 0.697024, L1(Flow): 0.641589, Reg: 0.055436
Iter 280 of 338 Loss: 0.736027, L1(Flow): 0.677327, Reg: 0.058700
Iter 290 of 338 Loss: 0.694108, L1(Flow): 0.639066, Reg: 0.055042
Iter 300 of 338 Loss: 0.701805, L1(Flow): 0.646285, Reg: 0.055520
Iter 310 of 338 Loss: 0.702787, L1(Flow): 0.653086, Reg: 0.049701
Iter 320 of 338 Loss: 0.694097, L1(Flow): 0.644540, Reg: 0.049557
Iter 330 of 338 Loss: 0.681622, L1(Flow): 0.626091, Reg: 0.055531
Epoch 269 Loss: 0.701127
Epoch 269 Validation: Mean EPE: 2.7673, Mean SSIM: 0.4001, Mean ZNCC: 0.6464
Epoch 270 starts
Iter 10 of 338 Loss: 0.687832, L1(Flow): 0.632911, Reg: 0.054921
Iter 20 of 338 Loss: 0.706350, L1(Flow): 0.650028, Reg: 0.056322
Iter 30 of 338 Loss: 0.702314, L1(Flow): 0.644670, Reg: 0.057644
Iter 40 of 338 Loss: 0.716889, L1(Flow): 0.661105, Reg: 0.055784
Iter 50 of 338 Loss: 0.720494, L1(Flow): 0.662334, Reg: 0.058160
Iter 60 of 338 Loss: 0.704491, L1(Flow): 0.651283, Reg: 0.053208
Iter 70 of 338 Loss: 0.687051, L1(Flow): 0.635262, Reg: 0.051789
Iter 80 of 338 Loss: 0.732211, L1(Flow): 0.673015, Reg: 0.059195
Iter 90 of 338 Loss: 0.686240, L1(Flow): 0.635283, Reg: 0.050957
Iter 100 of 338 Loss: 0.705862, L1(Flow): 0.648599, Reg: 0.057263
Iter 110 of 338 Loss: 0.743084, L1(Flow): 0.685914, Reg: 0.057170
Iter 120 of 338 Loss: 0.712136, L1(Flow): 0.651320, Reg: 0.060816
Iter 130 of 338 Loss: 0.707010, L1(Flow): 0.648895, Reg: 0.058115
Iter 140 of 338 Loss: 0.656054, L1(Flow): 0.607890, Reg: 0.048164
Iter 150 of 338 Loss: 0.666335, L1(Flow): 0.615699, Reg: 0.050636
Iter 160 of 338 Loss: 0.700721, L1(Flow): 0.643449, Reg: 0.057271
Iter 170 of 338 Loss: 0.680468, L1(Flow): 0.629011, Reg: 0.051457
Iter 180 of 338 Loss: 0.721670, L1(Flow): 0.661111, Reg: 0.060558
Iter 190 of 338 Loss: 0.708672, L1(Flow): 0.654036, Reg: 0.054636
Iter 200 of 338 Loss: 0.664026, L1(Flow): 0.611801, Reg: 0.052225
Iter 210 of 338 Loss: 0.693583, L1(Flow): 0.636738, Reg: 0.056844
Iter 220 of 338 Loss: 0.692332, L1(Flow): 0.637752, Reg: 0.054580
Iter 230 of 338 Loss: 0.718273, L1(Flow): 0.659548, Reg: 0.058725
Iter 240 of 338 Loss: 0.678333, L1(Flow): 0.624361, Reg: 0.053973
Iter 250 of 338 Loss: 0.658819, L1(Flow): 0.610269, Reg: 0.048550
Iter 260 of 338 Loss: 0.679751, L1(Flow): 0.629934, Reg: 0.049818
Iter 270 of 338 Loss: 0.693306, L1(Flow): 0.641621, Reg: 0.051685
Iter 280 of 338 Loss: 0.666087, L1(Flow): 0.616099, Reg: 0.049987
Iter 290 of 338 Loss: 0.722382, L1(Flow): 0.664837, Reg: 0.057545
Iter 300 of 338 Loss: 0.666658, L1(Flow): 0.615891, Reg: 0.050767
Iter 310 of 338 Loss: 0.725478, L1(Flow): 0.664968, Reg: 0.060509
Iter 320 of 338 Loss: 0.733912, L1(Flow): 0.675600, Reg: 0.058311
Iter 330 of 338 Loss: 0.711987, L1(Flow): 0.649661, Reg: 0.062326
Epoch 270 Loss: 0.700695
Epoch 270 Validation: Mean EPE: 2.7669, Mean SSIM: 0.4007, Mean ZNCC: 0.6463
Epoch 271 starts
Iter 10 of 338 Loss: 0.658765, L1(Flow): 0.605276, Reg: 0.053489
Iter 20 of 338 Loss: 0.712572, L1(Flow): 0.653474, Reg: 0.059098
Iter 30 of 338 Loss: 0.659523, L1(Flow): 0.604706, Reg: 0.054818
Iter 40 of 338 Loss: 0.715587, L1(Flow): 0.654625, Reg: 0.060962
Iter 50 of 338 Loss: 0.689021, L1(Flow): 0.632496, Reg: 0.056525
Iter 60 of 338 Loss: 0.688761, L1(Flow): 0.639895, Reg: 0.048866
Iter 70 of 338 Loss: 0.689811, L1(Flow): 0.635484, Reg: 0.054327
Iter 80 of 338 Loss: 0.725004, L1(Flow): 0.666852, Reg: 0.058152
Iter 90 of 338 Loss: 0.690226, L1(Flow): 0.632855, Reg: 0.057372
Iter 100 of 338 Loss: 0.717067, L1(Flow): 0.660261, Reg: 0.056805
Iter 110 of 338 Loss: 0.692616, L1(Flow): 0.640600, Reg: 0.052016
Iter 120 of 338 Loss: 0.695199, L1(Flow): 0.640125, Reg: 0.055074
Iter 130 of 338 Loss: 0.732659, L1(Flow): 0.673331, Reg: 0.059329
Iter 140 of 338 Loss: 0.726567, L1(Flow): 0.668039, Reg: 0.058529
Iter 150 of 338 Loss: 0.679738, L1(Flow): 0.623391, Reg: 0.056347
Iter 160 of 338 Loss: 0.677764, L1(Flow): 0.625812, Reg: 0.051952
Iter 170 of 338 Loss: 0.726712, L1(Flow): 0.666148, Reg: 0.060564
Iter 180 of 338 Loss: 0.700774, L1(Flow): 0.648005, Reg: 0.052770
Iter 190 of 338 Loss: 0.716881, L1(Flow): 0.659787, Reg: 0.057094
Iter 200 of 338 Loss: 0.666065, L1(Flow): 0.613307, Reg: 0.052758
Iter 210 of 338 Loss: 0.682294, L1(Flow): 0.626824, Reg: 0.055471
Iter 220 of 338 Loss: 0.691129, L1(Flow): 0.632955, Reg: 0.058174
Iter 230 of 338 Loss: 0.673496, L1(Flow): 0.619912, Reg: 0.053584
Iter 240 of 338 Loss: 0.753872, L1(Flow): 0.697186, Reg: 0.056686
Iter 250 of 338 Loss: 0.704425, L1(Flow): 0.646383, Reg: 0.058042
Iter 260 of 338 Loss: 0.659705, L1(Flow): 0.611078, Reg: 0.048627
Iter 270 of 338 Loss: 0.717113, L1(Flow): 0.660125, Reg: 0.056988
Iter 280 of 338 Loss: 0.717880, L1(Flow): 0.663737, Reg: 0.054143
Iter 290 of 338 Loss: 0.696033, L1(Flow): 0.640801, Reg: 0.055232
Iter 300 of 338 Loss: 0.707458, L1(Flow): 0.651129, Reg: 0.056329
Iter 310 of 338 Loss: 0.751542, L1(Flow): 0.690735, Reg: 0.060807
Iter 320 of 338 Loss: 0.676672, L1(Flow): 0.622750, Reg: 0.053922
Iter 330 of 338 Loss: 0.697050, L1(Flow): 0.639698, Reg: 0.057352
Epoch 271 Loss: 0.703711
Epoch 271 Validation: Mean EPE: 2.7621, Mean SSIM: 0.4006, Mean ZNCC: 0.6463
Epoch 272 starts
Iter 10 of 338 Loss: 0.734182, L1(Flow): 0.673114, Reg: 0.061068
Iter 20 of 338 Loss: 0.705240, L1(Flow): 0.651879, Reg: 0.053361
Iter 30 of 338 Loss: 0.724983, L1(Flow): 0.665757, Reg: 0.059225
Iter 40 of 338 Loss: 0.693140, L1(Flow): 0.635215, Reg: 0.057925
Iter 50 of 338 Loss: 0.704679, L1(Flow): 0.645993, Reg: 0.058686
Iter 60 of 338 Loss: 0.673601, L1(Flow): 0.620295, Reg: 0.053307
Iter 70 of 338 Loss: 0.722658, L1(Flow): 0.665789, Reg: 0.056869
Iter 80 of 338 Loss: 0.702570, L1(Flow): 0.647973, Reg: 0.054596
Iter 90 of 338 Loss: 0.713552, L1(Flow): 0.657538, Reg: 0.056014
Iter 100 of 338 Loss: 0.680078, L1(Flow): 0.626322, Reg: 0.053756
Iter 110 of 338 Loss: 0.721498, L1(Flow): 0.663350, Reg: 0.058148
Iter 120 of 338 Loss: 0.676933, L1(Flow): 0.622281, Reg: 0.054652
Iter 130 of 338 Loss: 0.731614, L1(Flow): 0.672793, Reg: 0.058821
Iter 140 of 338 Loss: 0.719750, L1(Flow): 0.660847, Reg: 0.058903
Iter 150 of 338 Loss: 0.711703, L1(Flow): 0.654829, Reg: 0.056874
Iter 160 of 338 Loss: 0.681853, L1(Flow): 0.630414, Reg: 0.051439
Iter 170 of 338 Loss: 0.694723, L1(Flow): 0.637317, Reg: 0.057406
Iter 180 of 338 Loss: 0.692430, L1(Flow): 0.634619, Reg: 0.057811
Iter 190 of 338 Loss: 0.723763, L1(Flow): 0.663363, Reg: 0.060400
Iter 200 of 338 Loss: 0.738033, L1(Flow): 0.676132, Reg: 0.061901
Iter 210 of 338 Loss: 0.709685, L1(Flow): 0.650758, Reg: 0.058927
Iter 220 of 338 Loss: 0.683924, L1(Flow): 0.629293, Reg: 0.054631
Iter 230 of 338 Loss: 0.643535, L1(Flow): 0.591297, Reg: 0.052238
Iter 240 of 338 Loss: 0.720196, L1(Flow): 0.659213, Reg: 0.060983
Iter 250 of 338 Loss: 0.722448, L1(Flow): 0.670300, Reg: 0.052148
Iter 260 of 338 Loss: 0.737540, L1(Flow): 0.682706, Reg: 0.054834
Iter 270 of 338 Loss: 0.705874, L1(Flow): 0.648031, Reg: 0.057842
Iter 280 of 338 Loss: 0.675514, L1(Flow): 0.626821, Reg: 0.048692
Iter 290 of 338 Loss: 0.667468, L1(Flow): 0.613458, Reg: 0.054010
Iter 300 of 338 Loss: 0.699642, L1(Flow): 0.643889, Reg: 0.055753
Iter 310 of 338 Loss: 0.735036, L1(Flow): 0.675734, Reg: 0.059302
Iter 320 of 338 Loss: 0.710268, L1(Flow): 0.651191, Reg: 0.059077
Iter 330 of 338 Loss: 0.680725, L1(Flow): 0.623213, Reg: 0.057512
Epoch 272 Loss: 0.700957
Epoch 272 Validation: Mean EPE: 2.7701, Mean SSIM: 0.4005, Mean ZNCC: 0.6462
Epoch 273 starts
Iter 10 of 338 Loss: 0.708269, L1(Flow): 0.648574, Reg: 0.059696
Iter 20 of 338 Loss: 0.682003, L1(Flow): 0.628801, Reg: 0.053202
Iter 30 of 338 Loss: 0.667229, L1(Flow): 0.614182, Reg: 0.053047
Iter 40 of 338 Loss: 0.706624, L1(Flow): 0.650466, Reg: 0.056158
Iter 50 of 338 Loss: 0.685233, L1(Flow): 0.630959, Reg: 0.054274
Iter 60 of 338 Loss: 0.717808, L1(Flow): 0.659788, Reg: 0.058020
Iter 70 of 338 Loss: 0.676663, L1(Flow): 0.622187, Reg: 0.054477
Iter 80 of 338 Loss: 0.719099, L1(Flow): 0.660494, Reg: 0.058605
Iter 90 of 338 Loss: 0.674418, L1(Flow): 0.624788, Reg: 0.049630
Iter 100 of 338 Loss: 0.741799, L1(Flow): 0.678731, Reg: 0.063068
Iter 110 of 338 Loss: 0.718487, L1(Flow): 0.666197, Reg: 0.052290
Iter 120 of 338 Loss: 0.664657, L1(Flow): 0.613049, Reg: 0.051609
Iter 130 of 338 Loss: 0.716612, L1(Flow): 0.658835, Reg: 0.057777
Iter 140 of 338 Loss: 0.722779, L1(Flow): 0.663969, Reg: 0.058809
Iter 150 of 338 Loss: 0.686900, L1(Flow): 0.634189, Reg: 0.052711
Iter 160 of 338 Loss: 0.674505, L1(Flow): 0.620947, Reg: 0.053557
Iter 170 of 338 Loss: 0.665324, L1(Flow): 0.610734, Reg: 0.054590
Iter 180 of 338 Loss: 0.707456, L1(Flow): 0.650583, Reg: 0.056873
Iter 190 of 338 Loss: 0.705680, L1(Flow): 0.650116, Reg: 0.055563
Iter 200 of 338 Loss: 0.687970, L1(Flow): 0.631223, Reg: 0.056746
Iter 210 of 338 Loss: 0.716705, L1(Flow): 0.656720, Reg: 0.059985
Iter 220 of 338 Loss: 0.709012, L1(Flow): 0.648386, Reg: 0.060625
Iter 230 of 338 Loss: 0.739622, L1(Flow): 0.679975, Reg: 0.059647
Iter 240 of 338 Loss: 0.695102, L1(Flow): 0.637554, Reg: 0.057548
Iter 250 of 338 Loss: 0.663195, L1(Flow): 0.613178, Reg: 0.050017
Iter 260 of 338 Loss: 0.669810, L1(Flow): 0.616877, Reg: 0.052934
Iter 270 of 338 Loss: 0.702230, L1(Flow): 0.645875, Reg: 0.056355
Iter 280 of 338 Loss: 0.694693, L1(Flow): 0.640683, Reg: 0.054010
Iter 290 of 338 Loss: 0.762230, L1(Flow): 0.703104, Reg: 0.059126
Iter 300 of 338 Loss: 0.684952, L1(Flow): 0.628165, Reg: 0.056787
Iter 310 of 338 Loss: 0.722334, L1(Flow): 0.668885, Reg: 0.053449
Iter 320 of 338 Loss: 0.688943, L1(Flow): 0.633471, Reg: 0.055472
Iter 330 of 338 Loss: 0.691626, L1(Flow): 0.638109, Reg: 0.053517
Epoch 273 Loss: 0.698962
Epoch 273 Validation: Mean EPE: 2.7689, Mean SSIM: 0.4003, Mean ZNCC: 0.6463
Epoch 274 starts
Iter 10 of 338 Loss: 0.670849, L1(Flow): 0.617210, Reg: 0.053638
Iter 20 of 338 Loss: 0.654226, L1(Flow): 0.602395, Reg: 0.051831
Iter 30 of 338 Loss: 0.700196, L1(Flow): 0.650101, Reg: 0.050096
Iter 40 of 338 Loss: 0.640089, L1(Flow): 0.592361, Reg: 0.047729
Iter 50 of 338 Loss: 0.684052, L1(Flow): 0.631981, Reg: 0.052071
Iter 60 of 338 Loss: 0.661001, L1(Flow): 0.609679, Reg: 0.051322
Iter 70 of 338 Loss: 0.666804, L1(Flow): 0.611901, Reg: 0.054903
Iter 80 of 338 Loss: 0.698517, L1(Flow): 0.642090, Reg: 0.056427
Iter 90 of 338 Loss: 0.649652, L1(Flow): 0.599890, Reg: 0.049762
Iter 100 of 338 Loss: 0.656510, L1(Flow): 0.607918, Reg: 0.048593
Iter 110 of 338 Loss: 0.738284, L1(Flow): 0.676495, Reg: 0.061789
Iter 120 of 338 Loss: 0.696947, L1(Flow): 0.644360, Reg: 0.052587
Iter 130 of 338 Loss: 0.695268, L1(Flow): 0.640336, Reg: 0.054932
Iter 140 of 338 Loss: 0.713204, L1(Flow): 0.651535, Reg: 0.061670
Iter 150 of 338 Loss: 0.731985, L1(Flow): 0.669612, Reg: 0.062373
Iter 160 of 338 Loss: 0.673934, L1(Flow): 0.621982, Reg: 0.051952
Iter 170 of 338 Loss: 0.674983, L1(Flow): 0.619945, Reg: 0.055038
Iter 180 of 338 Loss: 0.726847, L1(Flow): 0.666892, Reg: 0.059954
Iter 190 of 338 Loss: 0.709421, L1(Flow): 0.646872, Reg: 0.062549
Iter 200 of 338 Loss: 0.664259, L1(Flow): 0.612185, Reg: 0.052074
Iter 210 of 338 Loss: 0.669170, L1(Flow): 0.612985, Reg: 0.056185
Iter 220 of 338 Loss: 0.692126, L1(Flow): 0.633576, Reg: 0.058550
Iter 230 of 338 Loss: 0.708112, L1(Flow): 0.651474, Reg: 0.056637
Iter 240 of 338 Loss: 0.691614, L1(Flow): 0.630471, Reg: 0.061144
Iter 250 of 338 Loss: 0.671522, L1(Flow): 0.618280, Reg: 0.053243
Iter 260 of 338 Loss: 0.663567, L1(Flow): 0.610638, Reg: 0.052930
Iter 270 of 338 Loss: 0.660516, L1(Flow): 0.609975, Reg: 0.050541
Iter 280 of 338 Loss: 0.673741, L1(Flow): 0.620650, Reg: 0.053092
Iter 290 of 338 Loss: 0.691377, L1(Flow): 0.634852, Reg: 0.056526
Iter 300 of 338 Loss: 0.695015, L1(Flow): 0.640475, Reg: 0.054540
Iter 310 of 338 Loss: 0.737054, L1(Flow): 0.672772, Reg: 0.064282
Iter 320 of 338 Loss: 0.672113, L1(Flow): 0.619744, Reg: 0.052369
Iter 330 of 338 Loss: 0.721598, L1(Flow): 0.659925, Reg: 0.061673
Epoch 274 Loss: 0.694893
Epoch 274 Validation: Mean EPE: 2.7633, Mean SSIM: 0.4011, Mean ZNCC: 0.6465
Epoch 275 starts
Iter 10 of 338 Loss: 0.722854, L1(Flow): 0.664155, Reg: 0.058699
Iter 20 of 338 Loss: 0.703061, L1(Flow): 0.644379, Reg: 0.058682
Iter 30 of 338 Loss: 0.703194, L1(Flow): 0.649294, Reg: 0.053901
Iter 40 of 338 Loss: 0.696035, L1(Flow): 0.641502, Reg: 0.054533
Iter 50 of 338 Loss: 0.687011, L1(Flow): 0.633636, Reg: 0.053374
Iter 60 of 338 Loss: 0.714421, L1(Flow): 0.657294, Reg: 0.057126
Iter 70 of 338 Loss: 0.655738, L1(Flow): 0.605173, Reg: 0.050565
Iter 80 of 338 Loss: 0.676934, L1(Flow): 0.621482, Reg: 0.055452
Iter 90 of 338 Loss: 0.681781, L1(Flow): 0.627227, Reg: 0.054554
Iter 100 of 338 Loss: 0.682603, L1(Flow): 0.631087, Reg: 0.051515
Iter 110 of 338 Loss: 0.719168, L1(Flow): 0.662007, Reg: 0.057161
Iter 120 of 338 Loss: 0.694148, L1(Flow): 0.640888, Reg: 0.053259
Iter 130 of 338 Loss: 0.653768, L1(Flow): 0.601875, Reg: 0.051893
Iter 140 of 338 Loss: 0.683004, L1(Flow): 0.628622, Reg: 0.054382
Iter 150 of 338 Loss: 0.641044, L1(Flow): 0.586658, Reg: 0.054385
Iter 160 of 338 Loss: 0.665734, L1(Flow): 0.614843, Reg: 0.050891
Iter 170 of 338 Loss: 0.725444, L1(Flow): 0.661204, Reg: 0.064239
Iter 180 of 338 Loss: 0.679335, L1(Flow): 0.621643, Reg: 0.057692
Iter 190 of 338 Loss: 0.638650, L1(Flow): 0.588631, Reg: 0.050019
Iter 200 of 338 Loss: 0.674811, L1(Flow): 0.619803, Reg: 0.055008
Iter 210 of 338 Loss: 0.655742, L1(Flow): 0.605294, Reg: 0.050448
Iter 220 of 338 Loss: 0.718066, L1(Flow): 0.661977, Reg: 0.056089
Iter 230 of 338 Loss: 0.671167, L1(Flow): 0.620035, Reg: 0.051133
Iter 240 of 338 Loss: 0.731944, L1(Flow): 0.676396, Reg: 0.055548
Iter 250 of 338 Loss: 0.723666, L1(Flow): 0.665392, Reg: 0.058274
Iter 260 of 338 Loss: 0.708077, L1(Flow): 0.656780, Reg: 0.051297
Iter 270 of 338 Loss: 0.686572, L1(Flow): 0.629875, Reg: 0.056698
Iter 280 of 338 Loss: 0.671313, L1(Flow): 0.619167, Reg: 0.052146
Iter 290 of 338 Loss: 0.698349, L1(Flow): 0.641722, Reg: 0.056626
Iter 300 of 338 Loss: 0.734707, L1(Flow): 0.675242, Reg: 0.059465
Iter 310 of 338 Loss: 0.657495, L1(Flow): 0.609190, Reg: 0.048305
Iter 320 of 338 Loss: 0.673071, L1(Flow): 0.618761, Reg: 0.054310
Iter 330 of 338 Loss: 0.711900, L1(Flow): 0.657073, Reg: 0.054827
Epoch 275 Loss: 0.694852
Epoch 275 Validation: Mean EPE: 2.7653, Mean SSIM: 0.4011, Mean ZNCC: 0.6463
Epoch 276 starts
Iter 10 of 338 Loss: 0.651617, L1(Flow): 0.603946, Reg: 0.047671
Iter 20 of 338 Loss: 0.657026, L1(Flow): 0.601742, Reg: 0.055284
Iter 30 of 338 Loss: 0.666765, L1(Flow): 0.612857, Reg: 0.053908
Iter 40 of 338 Loss: 0.667579, L1(Flow): 0.612525, Reg: 0.055053
Iter 50 of 338 Loss: 0.657095, L1(Flow): 0.606530, Reg: 0.050565
Iter 60 of 338 Loss: 0.665659, L1(Flow): 0.612853, Reg: 0.052805
Iter 70 of 338 Loss: 0.678392, L1(Flow): 0.624894, Reg: 0.053499
Iter 80 of 338 Loss: 0.688323, L1(Flow): 0.639121, Reg: 0.049201
Iter 90 of 338 Loss: 0.685220, L1(Flow): 0.627980, Reg: 0.057240
Iter 100 of 338 Loss: 0.686627, L1(Flow): 0.631701, Reg: 0.054926
Iter 110 of 338 Loss: 0.701539, L1(Flow): 0.648460, Reg: 0.053080
Iter 120 of 338 Loss: 0.699456, L1(Flow): 0.645129, Reg: 0.054327
Iter 130 of 338 Loss: 0.683048, L1(Flow): 0.629433, Reg: 0.053615
Iter 140 of 338 Loss: 0.673317, L1(Flow): 0.621742, Reg: 0.051575
Iter 150 of 338 Loss: 0.676051, L1(Flow): 0.624737, Reg: 0.051315
Iter 160 of 338 Loss: 0.749369, L1(Flow): 0.693189, Reg: 0.056180
Iter 170 of 338 Loss: 0.674050, L1(Flow): 0.619946, Reg: 0.054103
Iter 180 of 338 Loss: 0.747364, L1(Flow): 0.687512, Reg: 0.059851
Iter 190 of 338 Loss: 0.725806, L1(Flow): 0.669194, Reg: 0.056612
Iter 200 of 338 Loss: 0.701718, L1(Flow): 0.643239, Reg: 0.058480
Iter 210 of 338 Loss: 0.668833, L1(Flow): 0.616717, Reg: 0.052116
Iter 220 of 338 Loss: 0.705582, L1(Flow): 0.649551, Reg: 0.056031
Iter 230 of 338 Loss: 0.681359, L1(Flow): 0.628919, Reg: 0.052439
Iter 240 of 338 Loss: 0.723244, L1(Flow): 0.668119, Reg: 0.055125
Iter 250 of 338 Loss: 0.706919, L1(Flow): 0.648616, Reg: 0.058304
Iter 260 of 338 Loss: 0.709870, L1(Flow): 0.653212, Reg: 0.056658
Iter 270 of 338 Loss: 0.716205, L1(Flow): 0.659469, Reg: 0.056736
Iter 280 of 338 Loss: 0.687116, L1(Flow): 0.637061, Reg: 0.050055
Iter 290 of 338 Loss: 0.720809, L1(Flow): 0.664159, Reg: 0.056649
Iter 300 of 338 Loss: 0.717399, L1(Flow): 0.661534, Reg: 0.055866
Iter 310 of 338 Loss: 0.693337, L1(Flow): 0.638122, Reg: 0.055215
Iter 320 of 338 Loss: 0.694987, L1(Flow): 0.635308, Reg: 0.059679
Iter 330 of 338 Loss: 0.678357, L1(Flow): 0.622326, Reg: 0.056031
Epoch 276 Loss: 0.695531
Epoch 276 Validation: Mean EPE: 2.7658, Mean SSIM: 0.4004, Mean ZNCC: 0.6463
Epoch 277 starts
Iter 10 of 338 Loss: 0.670961, L1(Flow): 0.619608, Reg: 0.051353
Iter 20 of 338 Loss: 0.701820, L1(Flow): 0.648464, Reg: 0.053356
Iter 30 of 338 Loss: 0.734754, L1(Flow): 0.683102, Reg: 0.051652
Iter 40 of 338 Loss: 0.699835, L1(Flow): 0.641562, Reg: 0.058274
Iter 50 of 338 Loss: 0.666854, L1(Flow): 0.613164, Reg: 0.053690
Iter 60 of 338 Loss: 0.742299, L1(Flow): 0.680008, Reg: 0.062291
Iter 70 of 338 Loss: 0.694601, L1(Flow): 0.637291, Reg: 0.057309
Iter 80 of 338 Loss: 0.702856, L1(Flow): 0.644779, Reg: 0.058076
Iter 90 of 338 Loss: 0.692611, L1(Flow): 0.635949, Reg: 0.056662
Iter 100 of 338 Loss: 0.706861, L1(Flow): 0.648764, Reg: 0.058096
Iter 110 of 338 Loss: 0.687664, L1(Flow): 0.629683, Reg: 0.057982
Iter 120 of 338 Loss: 0.688816, L1(Flow): 0.635114, Reg: 0.053702
Iter 130 of 338 Loss: 0.717902, L1(Flow): 0.659427, Reg: 0.058475
Iter 140 of 338 Loss: 0.649172, L1(Flow): 0.594697, Reg: 0.054476
Iter 150 of 338 Loss: 0.664714, L1(Flow): 0.609208, Reg: 0.055506
Iter 160 of 338 Loss: 0.685009, L1(Flow): 0.629051, Reg: 0.055958
Iter 170 of 338 Loss: 0.711048, L1(Flow): 0.655066, Reg: 0.055981
Iter 180 of 338 Loss: 0.745661, L1(Flow): 0.688858, Reg: 0.056803
Iter 190 of 338 Loss: 0.727809, L1(Flow): 0.671964, Reg: 0.055845
Iter 200 of 338 Loss: 0.651234, L1(Flow): 0.601096, Reg: 0.050139
Iter 210 of 338 Loss: 0.686748, L1(Flow): 0.635609, Reg: 0.051139
Iter 220 of 338 Loss: 0.679886, L1(Flow): 0.623373, Reg: 0.056513
Iter 230 of 338 Loss: 0.701575, L1(Flow): 0.643385, Reg: 0.058190
Iter 240 of 338 Loss: 0.677048, L1(Flow): 0.624105, Reg: 0.052943
Iter 250 of 338 Loss: 0.682749, L1(Flow): 0.626713, Reg: 0.056036
Iter 260 of 338 Loss: 0.703896, L1(Flow): 0.647801, Reg: 0.056095
Iter 270 of 338 Loss: 0.655903, L1(Flow): 0.603627, Reg: 0.052277
Iter 280 of 338 Loss: 0.657474, L1(Flow): 0.605301, Reg: 0.052173
Iter 290 of 338 Loss: 0.716478, L1(Flow): 0.660097, Reg: 0.056380
Iter 300 of 338 Loss: 0.650951, L1(Flow): 0.597881, Reg: 0.053070
Iter 310 of 338 Loss: 0.723854, L1(Flow): 0.667530, Reg: 0.056325
Iter 320 of 338 Loss: 0.705769, L1(Flow): 0.648128, Reg: 0.057641
Iter 330 of 338 Loss: 0.695165, L1(Flow): 0.637945, Reg: 0.057220
Epoch 277 Loss: 0.693178
Epoch 277 Validation: Mean EPE: 2.7600, Mean SSIM: 0.4009, Mean ZNCC: 0.6464
Epoch 278 starts
Iter 10 of 338 Loss: 0.692301, L1(Flow): 0.635000, Reg: 0.057301
Iter 20 of 338 Loss: 0.703770, L1(Flow): 0.648191, Reg: 0.055579
Iter 30 of 338 Loss: 0.699857, L1(Flow): 0.643999, Reg: 0.055859
Iter 40 of 338 Loss: 0.695574, L1(Flow): 0.640606, Reg: 0.054967
Iter 50 of 338 Loss: 0.717862, L1(Flow): 0.658544, Reg: 0.059318
Iter 60 of 338 Loss: 0.673717, L1(Flow): 0.623033, Reg: 0.050684
Iter 70 of 338 Loss: 0.680747, L1(Flow): 0.623558, Reg: 0.057189
Iter 80 of 338 Loss: 0.703748, L1(Flow): 0.646676, Reg: 0.057072
Iter 90 of 338 Loss: 0.692772, L1(Flow): 0.637366, Reg: 0.055406
Iter 100 of 338 Loss: 0.668802, L1(Flow): 0.615240, Reg: 0.053562
Iter 110 of 338 Loss: 0.733847, L1(Flow): 0.672779, Reg: 0.061067
Iter 120 of 338 Loss: 0.691520, L1(Flow): 0.634490, Reg: 0.057029
Iter 130 of 338 Loss: 0.703035, L1(Flow): 0.649368, Reg: 0.053667
Iter 140 of 338 Loss: 0.663645, L1(Flow): 0.609832, Reg: 0.053813
Iter 150 of 338 Loss: 0.731250, L1(Flow): 0.674662, Reg: 0.056588
Iter 160 of 338 Loss: 0.719869, L1(Flow): 0.660378, Reg: 0.059491
Iter 170 of 338 Loss: 0.702522, L1(Flow): 0.650128, Reg: 0.052394
Iter 180 of 338 Loss: 0.708417, L1(Flow): 0.649492, Reg: 0.058926
Iter 190 of 338 Loss: 0.660639, L1(Flow): 0.611526, Reg: 0.049113
Iter 200 of 338 Loss: 0.655706, L1(Flow): 0.605978, Reg: 0.049728
Iter 210 of 338 Loss: 0.673865, L1(Flow): 0.620738, Reg: 0.053127
Iter 220 of 338 Loss: 0.680281, L1(Flow): 0.625125, Reg: 0.055156
Iter 230 of 338 Loss: 0.697117, L1(Flow): 0.638164, Reg: 0.058952
Iter 240 of 338 Loss: 0.701877, L1(Flow): 0.645015, Reg: 0.056862
Iter 250 of 338 Loss: 0.709609, L1(Flow): 0.650364, Reg: 0.059245
Iter 260 of 338 Loss: 0.689218, L1(Flow): 0.636948, Reg: 0.052270
Iter 270 of 338 Loss: 0.676284, L1(Flow): 0.623823, Reg: 0.052461
Iter 280 of 338 Loss: 0.675388, L1(Flow): 0.622628, Reg: 0.052760
Iter 290 of 338 Loss: 0.689146, L1(Flow): 0.634766, Reg: 0.054380
Iter 300 of 338 Loss: 0.684807, L1(Flow): 0.629059, Reg: 0.055748
Iter 310 of 338 Loss: 0.695772, L1(Flow): 0.638919, Reg: 0.056853
Iter 320 of 338 Loss: 0.751497, L1(Flow): 0.693706, Reg: 0.057791
Iter 330 of 338 Loss: 0.671534, L1(Flow): 0.619356, Reg: 0.052177
Epoch 278 Loss: 0.697819
Epoch 278 Validation: Mean EPE: 2.7682, Mean SSIM: 0.4013, Mean ZNCC: 0.6465
Epoch 279 starts
Iter 10 of 338 Loss: 0.665098, L1(Flow): 0.613754, Reg: 0.051344
Iter 20 of 338 Loss: 0.676935, L1(Flow): 0.624787, Reg: 0.052147
Iter 30 of 338 Loss: 0.686677, L1(Flow): 0.634517, Reg: 0.052159
Iter 40 of 338 Loss: 0.653472, L1(Flow): 0.603574, Reg: 0.049898
Iter 50 of 338 Loss: 0.692926, L1(Flow): 0.639317, Reg: 0.053609
Iter 60 of 338 Loss: 0.707892, L1(Flow): 0.649270, Reg: 0.058622
Iter 70 of 338 Loss: 0.693564, L1(Flow): 0.636604, Reg: 0.056960
Iter 80 of 338 Loss: 0.726614, L1(Flow): 0.668380, Reg: 0.058233
Iter 90 of 338 Loss: 0.718000, L1(Flow): 0.659550, Reg: 0.058450
Iter 100 of 338 Loss: 0.657400, L1(Flow): 0.605193, Reg: 0.052206
Iter 110 of 338 Loss: 0.702162, L1(Flow): 0.641747, Reg: 0.060415
Iter 120 of 338 Loss: 0.717158, L1(Flow): 0.656477, Reg: 0.060681
Iter 130 of 338 Loss: 0.702499, L1(Flow): 0.650434, Reg: 0.052065
Iter 140 of 338 Loss: 0.675805, L1(Flow): 0.623098, Reg: 0.052707
Iter 150 of 338 Loss: 0.696730, L1(Flow): 0.638781, Reg: 0.057949
Iter 160 of 338 Loss: 0.703348, L1(Flow): 0.645780, Reg: 0.057568
Iter 170 of 338 Loss: 0.699224, L1(Flow): 0.643795, Reg: 0.055429
Iter 180 of 338 Loss: 0.722222, L1(Flow): 0.667722, Reg: 0.054500
Iter 190 of 338 Loss: 0.673480, L1(Flow): 0.617136, Reg: 0.056344
Iter 200 of 338 Loss: 0.687962, L1(Flow): 0.634932, Reg: 0.053030
Iter 210 of 338 Loss: 0.664129, L1(Flow): 0.612870, Reg: 0.051258
Iter 220 of 338 Loss: 0.687956, L1(Flow): 0.634617, Reg: 0.053339
Iter 230 of 338 Loss: 0.718921, L1(Flow): 0.660728, Reg: 0.058192
Iter 240 of 338 Loss: 0.671884, L1(Flow): 0.619752, Reg: 0.052132
Iter 250 of 338 Loss: 0.689189, L1(Flow): 0.635596, Reg: 0.053593
Iter 260 of 338 Loss: 0.761768, L1(Flow): 0.697552, Reg: 0.064216
Iter 270 of 338 Loss: 0.724572, L1(Flow): 0.662597, Reg: 0.061975
Iter 280 of 338 Loss: 0.671625, L1(Flow): 0.619160, Reg: 0.052465
Iter 290 of 338 Loss: 0.730409, L1(Flow): 0.670784, Reg: 0.059626
Iter 300 of 338 Loss: 0.678880, L1(Flow): 0.624212, Reg: 0.054668
Iter 310 of 338 Loss: 0.691948, L1(Flow): 0.638821, Reg: 0.053127
Iter 320 of 338 Loss: 0.714646, L1(Flow): 0.658760, Reg: 0.055886
Iter 330 of 338 Loss: 0.694659, L1(Flow): 0.639653, Reg: 0.055006
Epoch 279 Loss: 0.695708
Epoch 279 Validation: Mean EPE: 2.7564, Mean SSIM: 0.4009, Mean ZNCC: 0.6464
--> Saved to Top 5 best models (EPE: 2.7564)
Epoch 280 starts
Iter 10 of 338 Loss: 0.700090, L1(Flow): 0.644583, Reg: 0.055507
Iter 20 of 338 Loss: 0.674886, L1(Flow): 0.621483, Reg: 0.053403
Iter 30 of 338 Loss: 0.692168, L1(Flow): 0.637175, Reg: 0.054992
Iter 40 of 338 Loss: 0.683098, L1(Flow): 0.628524, Reg: 0.054575
Iter 50 of 338 Loss: 0.692265, L1(Flow): 0.637014, Reg: 0.055252
Iter 60 of 338 Loss: 0.708390, L1(Flow): 0.646286, Reg: 0.062104
Iter 70 of 338 Loss: 0.684423, L1(Flow): 0.635962, Reg: 0.048461
Iter 80 of 338 Loss: 0.681166, L1(Flow): 0.626930, Reg: 0.054236
Iter 90 of 338 Loss: 0.735707, L1(Flow): 0.675224, Reg: 0.060483
Iter 100 of 338 Loss: 0.695346, L1(Flow): 0.638190, Reg: 0.057156
Iter 110 of 338 Loss: 0.703723, L1(Flow): 0.645147, Reg: 0.058577
Iter 120 of 338 Loss: 0.708504, L1(Flow): 0.654217, Reg: 0.054287
Iter 130 of 338 Loss: 0.700146, L1(Flow): 0.645251, Reg: 0.054895
Iter 140 of 338 Loss: 0.658610, L1(Flow): 0.605223, Reg: 0.053388
Iter 150 of 338 Loss: 0.690948, L1(Flow): 0.640677, Reg: 0.050271
Iter 160 of 338 Loss: 0.631581, L1(Flow): 0.581079, Reg: 0.050502
Iter 170 of 338 Loss: 0.694196, L1(Flow): 0.637844, Reg: 0.056353
Iter 180 of 338 Loss: 0.691572, L1(Flow): 0.633487, Reg: 0.058085
Iter 190 of 338 Loss: 0.722266, L1(Flow): 0.660912, Reg: 0.061354
Iter 200 of 338 Loss: 0.671539, L1(Flow): 0.619826, Reg: 0.051713
Iter 210 of 338 Loss: 0.667941, L1(Flow): 0.611989, Reg: 0.055952
Iter 220 of 338 Loss: 0.697280, L1(Flow): 0.634735, Reg: 0.062545
Iter 230 of 338 Loss: 0.767588, L1(Flow): 0.701385, Reg: 0.066203
Iter 240 of 338 Loss: 0.693491, L1(Flow): 0.637087, Reg: 0.056404
Iter 250 of 338 Loss: 0.703999, L1(Flow): 0.652443, Reg: 0.051556
Iter 260 of 338 Loss: 0.646298, L1(Flow): 0.596274, Reg: 0.050025
Iter 270 of 338 Loss: 0.693566, L1(Flow): 0.635894, Reg: 0.057672
Iter 280 of 338 Loss: 0.731693, L1(Flow): 0.674446, Reg: 0.057247
Iter 290 of 338 Loss: 0.709981, L1(Flow): 0.651267, Reg: 0.058715
Iter 300 of 338 Loss: 0.685513, L1(Flow): 0.631811, Reg: 0.053702
Iter 310 of 338 Loss: 0.703166, L1(Flow): 0.648167, Reg: 0.054999
Iter 320 of 338 Loss: 0.713786, L1(Flow): 0.660377, Reg: 0.053409
Iter 330 of 338 Loss: 0.670491, L1(Flow): 0.617114, Reg: 0.053378
Epoch 280 Loss: 0.690502
Epoch 280 Validation: Mean EPE: 2.7557, Mean SSIM: 0.4003, Mean ZNCC: 0.6464
--> Saved to Top 5 best models (EPE: 2.7557)
Epoch 281 starts
Iter 10 of 338 Loss: 0.697012, L1(Flow): 0.638731, Reg: 0.058281
Iter 20 of 338 Loss: 0.706397, L1(Flow): 0.647967, Reg: 0.058430
Iter 30 of 338 Loss: 0.752115, L1(Flow): 0.689142, Reg: 0.062972
Iter 40 of 338 Loss: 0.680903, L1(Flow): 0.629122, Reg: 0.051781
Iter 50 of 338 Loss: 0.672271, L1(Flow): 0.621337, Reg: 0.050934
Iter 60 of 338 Loss: 0.680218, L1(Flow): 0.624917, Reg: 0.055301
Iter 70 of 338 Loss: 0.698965, L1(Flow): 0.644200, Reg: 0.054765
Iter 80 of 338 Loss: 0.690227, L1(Flow): 0.636031, Reg: 0.054196
Iter 90 of 338 Loss: 0.686502, L1(Flow): 0.635752, Reg: 0.050750
Iter 100 of 338 Loss: 0.633766, L1(Flow): 0.586350, Reg: 0.047416
Iter 110 of 338 Loss: 0.719424, L1(Flow): 0.657874, Reg: 0.061550
Iter 120 of 338 Loss: 0.709007, L1(Flow): 0.649880, Reg: 0.059127
Iter 130 of 338 Loss: 0.704076, L1(Flow): 0.652217, Reg: 0.051859
Iter 140 of 338 Loss: 0.678644, L1(Flow): 0.624541, Reg: 0.054103
Iter 150 of 338 Loss: 0.645097, L1(Flow): 0.593998, Reg: 0.051098
Iter 160 of 338 Loss: 0.684526, L1(Flow): 0.632894, Reg: 0.051633
Iter 170 of 338 Loss: 0.683879, L1(Flow): 0.627119, Reg: 0.056760
Iter 180 of 338 Loss: 0.694895, L1(Flow): 0.635482, Reg: 0.059413
Iter 190 of 338 Loss: 0.667858, L1(Flow): 0.617288, Reg: 0.050570
Iter 200 of 338 Loss: 0.720941, L1(Flow): 0.664406, Reg: 0.056536
Iter 210 of 338 Loss: 0.682306, L1(Flow): 0.625651, Reg: 0.056655
Iter 220 of 338 Loss: 0.688300, L1(Flow): 0.630297, Reg: 0.058003
Iter 230 of 338 Loss: 0.676648, L1(Flow): 0.621987, Reg: 0.054661
Iter 240 of 338 Loss: 0.692613, L1(Flow): 0.636225, Reg: 0.056388
Iter 250 of 338 Loss: 0.683470, L1(Flow): 0.625482, Reg: 0.057988
Iter 260 of 338 Loss: 0.672253, L1(Flow): 0.619053, Reg: 0.053199
Iter 270 of 338 Loss: 0.701219, L1(Flow): 0.641497, Reg: 0.059722
Iter 280 of 338 Loss: 0.666992, L1(Flow): 0.614570, Reg: 0.052423
Iter 290 of 338 Loss: 0.678655, L1(Flow): 0.621640, Reg: 0.057015
Iter 300 of 338 Loss: 0.667742, L1(Flow): 0.614125, Reg: 0.053617
Iter 310 of 338 Loss: 0.704008, L1(Flow): 0.645989, Reg: 0.058019
Iter 320 of 338 Loss: 0.682253, L1(Flow): 0.627265, Reg: 0.054988
Iter 330 of 338 Loss: 0.685475, L1(Flow): 0.632595, Reg: 0.052880
Epoch 281 Loss: 0.688561
Epoch 281 Validation: Mean EPE: 2.7602, Mean SSIM: 0.4013, Mean ZNCC: 0.6465
Epoch 282 starts
Iter 10 of 338 Loss: 0.672916, L1(Flow): 0.617758, Reg: 0.055158
Iter 20 of 338 Loss: 0.704711, L1(Flow): 0.650026, Reg: 0.054684
Iter 30 of 338 Loss: 0.691444, L1(Flow): 0.636597, Reg: 0.054847
Iter 40 of 338 Loss: 0.744740, L1(Flow): 0.684878, Reg: 0.059861
Iter 50 of 338 Loss: 0.700950, L1(Flow): 0.645082, Reg: 0.055868
Iter 60 of 338 Loss: 0.631038, L1(Flow): 0.579476, Reg: 0.051562
Iter 70 of 338 Loss: 0.704325, L1(Flow): 0.643594, Reg: 0.060731
Iter 80 of 338 Loss: 0.705156, L1(Flow): 0.646326, Reg: 0.058830
Iter 90 of 338 Loss: 0.675798, L1(Flow): 0.619588, Reg: 0.056210
Iter 100 of 338 Loss: 0.691105, L1(Flow): 0.636310, Reg: 0.054795
Iter 110 of 338 Loss: 0.641847, L1(Flow): 0.587697, Reg: 0.054150
Iter 120 of 338 Loss: 0.664678, L1(Flow): 0.610108, Reg: 0.054570
Iter 130 of 338 Loss: 0.665007, L1(Flow): 0.611315, Reg: 0.053693
Iter 140 of 338 Loss: 0.693749, L1(Flow): 0.639415, Reg: 0.054334
Iter 150 of 338 Loss: 0.692442, L1(Flow): 0.636509, Reg: 0.055934
Iter 160 of 338 Loss: 0.671592, L1(Flow): 0.619110, Reg: 0.052482
Iter 170 of 338 Loss: 0.771681, L1(Flow): 0.714778, Reg: 0.056903
Iter 180 of 338 Loss: 0.720030, L1(Flow): 0.661152, Reg: 0.058878
Iter 190 of 338 Loss: 0.699437, L1(Flow): 0.645851, Reg: 0.053586
Iter 200 of 338 Loss: 0.694641, L1(Flow): 0.637172, Reg: 0.057469
Iter 210 of 338 Loss: 0.653981, L1(Flow): 0.602237, Reg: 0.051743
Iter 220 of 338 Loss: 0.695199, L1(Flow): 0.634749, Reg: 0.060450
Iter 230 of 338 Loss: 0.680575, L1(Flow): 0.626444, Reg: 0.054132
Iter 240 of 338 Loss: 0.710383, L1(Flow): 0.650967, Reg: 0.059416
Iter 250 of 338 Loss: 0.704845, L1(Flow): 0.647260, Reg: 0.057585
Iter 260 of 338 Loss: 0.694912, L1(Flow): 0.640494, Reg: 0.054418
Iter 270 of 338 Loss: 0.694972, L1(Flow): 0.635673, Reg: 0.059299
Iter 280 of 338 Loss: 0.693498, L1(Flow): 0.638181, Reg: 0.055317
Iter 290 of 338 Loss: 0.684023, L1(Flow): 0.632858, Reg: 0.051165
Iter 300 of 338 Loss: 0.666544, L1(Flow): 0.614840, Reg: 0.051704
Iter 310 of 338 Loss: 0.666655, L1(Flow): 0.616010, Reg: 0.050645
Iter 320 of 338 Loss: 0.733346, L1(Flow): 0.672303, Reg: 0.061043
Iter 330 of 338 Loss: 0.710077, L1(Flow): 0.658174, Reg: 0.051902
Epoch 282 Loss: 0.689864
Epoch 282 Validation: Mean EPE: 2.7837, Mean SSIM: 0.4001, Mean ZNCC: 0.6459
Epoch 283 starts
Iter 10 of 338 Loss: 0.730093, L1(Flow): 0.675625, Reg: 0.054468
Iter 20 of 338 Loss: 0.698583, L1(Flow): 0.641950, Reg: 0.056632
Iter 30 of 338 Loss: 0.737882, L1(Flow): 0.679036, Reg: 0.058846
Iter 40 of 338 Loss: 0.654284, L1(Flow): 0.602650, Reg: 0.051634
Iter 50 of 338 Loss: 0.689657, L1(Flow): 0.633316, Reg: 0.056341
Iter 60 of 338 Loss: 0.717364, L1(Flow): 0.657278, Reg: 0.060086
Iter 70 of 338 Loss: 0.677249, L1(Flow): 0.625884, Reg: 0.051365
Iter 80 of 338 Loss: 0.726508, L1(Flow): 0.664220, Reg: 0.062289
Iter 90 of 338 Loss: 0.701268, L1(Flow): 0.646396, Reg: 0.054872
Iter 100 of 338 Loss: 0.689634, L1(Flow): 0.630095, Reg: 0.059539
Iter 110 of 338 Loss: 0.706938, L1(Flow): 0.646536, Reg: 0.060402
Iter 120 of 338 Loss: 0.713377, L1(Flow): 0.654934, Reg: 0.058444
Iter 130 of 338 Loss: 0.678187, L1(Flow): 0.626321, Reg: 0.051866
Iter 140 of 338 Loss: 0.676597, L1(Flow): 0.623173, Reg: 0.053423
Iter 150 of 338 Loss: 0.661506, L1(Flow): 0.607285, Reg: 0.054220
Iter 160 of 338 Loss: 0.679169, L1(Flow): 0.626169, Reg: 0.053001
Iter 170 of 338 Loss: 0.742471, L1(Flow): 0.681080, Reg: 0.061391
Iter 180 of 338 Loss: 0.755244, L1(Flow): 0.687695, Reg: 0.067549
Iter 190 of 338 Loss: 0.673757, L1(Flow): 0.616089, Reg: 0.057668
Iter 200 of 338 Loss: 0.681967, L1(Flow): 0.625863, Reg: 0.056104
Iter 210 of 338 Loss: 0.660790, L1(Flow): 0.605493, Reg: 0.055297
Iter 220 of 338 Loss: 0.691515, L1(Flow): 0.633552, Reg: 0.057962
Iter 230 of 338 Loss: 0.671478, L1(Flow): 0.615147, Reg: 0.056331
Iter 240 of 338 Loss: 0.653309, L1(Flow): 0.600530, Reg: 0.052779
Iter 250 of 338 Loss: 0.658439, L1(Flow): 0.605820, Reg: 0.052619
Iter 260 of 338 Loss: 0.668461, L1(Flow): 0.615886, Reg: 0.052575
Iter 270 of 338 Loss: 0.654146, L1(Flow): 0.602618, Reg: 0.051528
Iter 280 of 338 Loss: 0.678307, L1(Flow): 0.624305, Reg: 0.054001
Iter 290 of 338 Loss: 0.721999, L1(Flow): 0.658539, Reg: 0.063460
Iter 300 of 338 Loss: 0.674389, L1(Flow): 0.618699, Reg: 0.055690
Iter 310 of 338 Loss: 0.732866, L1(Flow): 0.675646, Reg: 0.057220
Iter 320 of 338 Loss: 0.656769, L1(Flow): 0.606111, Reg: 0.050659
Iter 330 of 338 Loss: 0.709882, L1(Flow): 0.647952, Reg: 0.061929
Epoch 283 Loss: 0.689310
Epoch 283 Validation: Mean EPE: 2.7627, Mean SSIM: 0.4008, Mean ZNCC: 0.6463
Epoch 284 starts
Iter 10 of 338 Loss: 0.728342, L1(Flow): 0.662474, Reg: 0.065868
Iter 20 of 338 Loss: 0.709855, L1(Flow): 0.653001, Reg: 0.056854
Iter 30 of 338 Loss: 0.677164, L1(Flow): 0.626656, Reg: 0.050509
Iter 40 of 338 Loss: 0.681566, L1(Flow): 0.630739, Reg: 0.050827
Iter 50 of 338 Loss: 0.677324, L1(Flow): 0.622337, Reg: 0.054988
Iter 60 of 338 Loss: 0.690890, L1(Flow): 0.633342, Reg: 0.057548
Iter 70 of 338 Loss: 0.687553, L1(Flow): 0.628862, Reg: 0.058691
Iter 80 of 338 Loss: 0.723518, L1(Flow): 0.667919, Reg: 0.055599
Iter 90 of 338 Loss: 0.705157, L1(Flow): 0.649347, Reg: 0.055810
Iter 100 of 338 Loss: 0.643205, L1(Flow): 0.593363, Reg: 0.049842
Iter 110 of 338 Loss: 0.659665, L1(Flow): 0.609874, Reg: 0.049791
Iter 120 of 338 Loss: 0.676088, L1(Flow): 0.618627, Reg: 0.057462
Iter 130 of 338 Loss: 0.694101, L1(Flow): 0.644244, Reg: 0.049857
Iter 140 of 338 Loss: 0.677336, L1(Flow): 0.623600, Reg: 0.053736
Iter 150 of 338 Loss: 0.671745, L1(Flow): 0.620118, Reg: 0.051626
Iter 160 of 338 Loss: 0.717972, L1(Flow): 0.664061, Reg: 0.053911
Iter 170 of 338 Loss: 0.702248, L1(Flow): 0.648450, Reg: 0.053797
Iter 180 of 338 Loss: 0.701599, L1(Flow): 0.645828, Reg: 0.055771
Iter 190 of 338 Loss: 0.711450, L1(Flow): 0.647848, Reg: 0.063602
Iter 200 of 338 Loss: 0.666261, L1(Flow): 0.615891, Reg: 0.050369
Iter 210 of 338 Loss: 0.706522, L1(Flow): 0.651447, Reg: 0.055075
Iter 220 of 338 Loss: 0.676200, L1(Flow): 0.622476, Reg: 0.053723
Iter 230 of 338 Loss: 0.685872, L1(Flow): 0.627406, Reg: 0.058465
Iter 240 of 338 Loss: 0.691313, L1(Flow): 0.632937, Reg: 0.058376
Iter 250 of 338 Loss: 0.667568, L1(Flow): 0.612650, Reg: 0.054918
Iter 260 of 338 Loss: 0.673619, L1(Flow): 0.622202, Reg: 0.051417
Iter 270 of 338 Loss: 0.647457, L1(Flow): 0.598753, Reg: 0.048704
Iter 280 of 338 Loss: 0.731581, L1(Flow): 0.674580, Reg: 0.057001
Iter 290 of 338 Loss: 0.701075, L1(Flow): 0.647708, Reg: 0.053367
Iter 300 of 338 Loss: 0.661717, L1(Flow): 0.605779, Reg: 0.055938
Iter 310 of 338 Loss: 0.674923, L1(Flow): 0.621348, Reg: 0.053575
Iter 320 of 338 Loss: 0.743499, L1(Flow): 0.681646, Reg: 0.061853
Iter 330 of 338 Loss: 0.663973, L1(Flow): 0.612411, Reg: 0.051562
Epoch 284 Loss: 0.690010
Epoch 284 Validation: Mean EPE: 2.7660, Mean SSIM: 0.4001, Mean ZNCC: 0.6463
Epoch 285 starts
Iter 10 of 338 Loss: 0.689934, L1(Flow): 0.632719, Reg: 0.057216
Iter 20 of 338 Loss: 0.684313, L1(Flow): 0.630763, Reg: 0.053550
Iter 30 of 338 Loss: 0.653831, L1(Flow): 0.604328, Reg: 0.049503
Iter 40 of 338 Loss: 0.707523, L1(Flow): 0.654767, Reg: 0.052756
Iter 50 of 338 Loss: 0.665173, L1(Flow): 0.609620, Reg: 0.055553
Iter 60 of 338 Loss: 0.694951, L1(Flow): 0.637050, Reg: 0.057901
Iter 70 of 338 Loss: 0.658183, L1(Flow): 0.604072, Reg: 0.054112
Iter 80 of 338 Loss: 0.639167, L1(Flow): 0.588606, Reg: 0.050562
Iter 90 of 338 Loss: 0.697621, L1(Flow): 0.638034, Reg: 0.059588
Iter 100 of 338 Loss: 0.692504, L1(Flow): 0.636649, Reg: 0.055854
Iter 110 of 338 Loss: 0.663127, L1(Flow): 0.605821, Reg: 0.057306
Iter 120 of 338 Loss: 0.692456, L1(Flow): 0.634687, Reg: 0.057768
Iter 130 of 338 Loss: 0.708997, L1(Flow): 0.650423, Reg: 0.058574
Iter 140 of 338 Loss: 0.673690, L1(Flow): 0.618089, Reg: 0.055601
Iter 150 of 338 Loss: 0.686374, L1(Flow): 0.630998, Reg: 0.055376
Iter 160 of 338 Loss: 0.719539, L1(Flow): 0.656323, Reg: 0.063217
Iter 170 of 338 Loss: 0.713396, L1(Flow): 0.656926, Reg: 0.056471
Iter 180 of 338 Loss: 0.720034, L1(Flow): 0.661483, Reg: 0.058551
Iter 190 of 338 Loss: 0.734238, L1(Flow): 0.675558, Reg: 0.058680
Iter 200 of 338 Loss: 0.721527, L1(Flow): 0.667868, Reg: 0.053658
Iter 210 of 338 Loss: 0.691053, L1(Flow): 0.635290, Reg: 0.055763
Iter 220 of 338 Loss: 0.709814, L1(Flow): 0.656772, Reg: 0.053041
Iter 230 of 338 Loss: 0.687006, L1(Flow): 0.630946, Reg: 0.056060
Iter 240 of 338 Loss: 0.725933, L1(Flow): 0.669772, Reg: 0.056161
Iter 250 of 338 Loss: 0.732110, L1(Flow): 0.670605, Reg: 0.061506
Iter 260 of 338 Loss: 0.684734, L1(Flow): 0.626998, Reg: 0.057737
Iter 270 of 338 Loss: 0.677521, L1(Flow): 0.622624, Reg: 0.054897
Iter 280 of 338 Loss: 0.742245, L1(Flow): 0.681526, Reg: 0.060719
Iter 290 of 338 Loss: 0.708642, L1(Flow): 0.652107, Reg: 0.056535
Iter 300 of 338 Loss: 0.719809, L1(Flow): 0.661201, Reg: 0.058608
Iter 310 of 338 Loss: 0.704842, L1(Flow): 0.646162, Reg: 0.058681
Iter 320 of 338 Loss: 0.675503, L1(Flow): 0.621367, Reg: 0.054136
Iter 330 of 338 Loss: 0.725169, L1(Flow): 0.664289, Reg: 0.060880
Epoch 285 Loss: 0.687570
Epoch 285 Validation: Mean EPE: 2.7640, Mean SSIM: 0.4009, Mean ZNCC: 0.6464
Epoch 286 starts
Iter 10 of 338 Loss: 0.714516, L1(Flow): 0.661624, Reg: 0.052891
Iter 20 of 338 Loss: 0.670775, L1(Flow): 0.618445, Reg: 0.052330
Iter 30 of 338 Loss: 0.663180, L1(Flow): 0.606824, Reg: 0.056355
Iter 40 of 338 Loss: 0.688251, L1(Flow): 0.630334, Reg: 0.057917
Iter 50 of 338 Loss: 0.672162, L1(Flow): 0.617326, Reg: 0.054836
Iter 60 of 338 Loss: 0.776222, L1(Flow): 0.712829, Reg: 0.063392
Iter 70 of 338 Loss: 0.682054, L1(Flow): 0.627611, Reg: 0.054443
Iter 80 of 338 Loss: 0.703237, L1(Flow): 0.648189, Reg: 0.055047
Iter 90 of 338 Loss: 0.707970, L1(Flow): 0.651784, Reg: 0.056185
Iter 100 of 338 Loss: 0.653532, L1(Flow): 0.600910, Reg: 0.052622
Iter 110 of 338 Loss: 0.712400, L1(Flow): 0.653723, Reg: 0.058677
Iter 120 of 338 Loss: 0.678167, L1(Flow): 0.622942, Reg: 0.055225
Iter 130 of 338 Loss: 0.709492, L1(Flow): 0.648273, Reg: 0.061219
Iter 140 of 338 Loss: 0.746563, L1(Flow): 0.684573, Reg: 0.061990
Iter 150 of 338 Loss: 0.694414, L1(Flow): 0.638636, Reg: 0.055778
Iter 160 of 338 Loss: 0.648140, L1(Flow): 0.592645, Reg: 0.055496
Iter 170 of 338 Loss: 0.712385, L1(Flow): 0.654704, Reg: 0.057681
Iter 180 of 338 Loss: 0.669310, L1(Flow): 0.613188, Reg: 0.056122
Iter 190 of 338 Loss: 0.691632, L1(Flow): 0.634664, Reg: 0.056968
Iter 200 of 338 Loss: 0.653671, L1(Flow): 0.601101, Reg: 0.052570
Iter 210 of 338 Loss: 0.656604, L1(Flow): 0.604649, Reg: 0.051955
Iter 220 of 338 Loss: 0.713602, L1(Flow): 0.660144, Reg: 0.053458
Iter 230 of 338 Loss: 0.643844, L1(Flow): 0.597172, Reg: 0.046672
Iter 240 of 338 Loss: 0.682985, L1(Flow): 0.629642, Reg: 0.053343
Iter 250 of 338 Loss: 0.675278, L1(Flow): 0.624563, Reg: 0.050715
Iter 260 of 338 Loss: 0.683375, L1(Flow): 0.625153, Reg: 0.058222
Iter 270 of 338 Loss: 0.697100, L1(Flow): 0.645069, Reg: 0.052031
Iter 280 of 338 Loss: 0.664924, L1(Flow): 0.615782, Reg: 0.049142
Iter 290 of 338 Loss: 0.661185, L1(Flow): 0.609410, Reg: 0.051775
Iter 300 of 338 Loss: 0.656260, L1(Flow): 0.606743, Reg: 0.049517
Iter 310 of 338 Loss: 0.722657, L1(Flow): 0.665182, Reg: 0.057475
Iter 320 of 338 Loss: 0.710761, L1(Flow): 0.650459, Reg: 0.060303
Iter 330 of 338 Loss: 0.691896, L1(Flow): 0.638208, Reg: 0.053688
Epoch 286 Loss: 0.684861
Epoch 286 Validation: Mean EPE: 2.7592, Mean SSIM: 0.4012, Mean ZNCC: 0.6466
Epoch 287 starts
Iter 10 of 338 Loss: 0.648629, L1(Flow): 0.597887, Reg: 0.050742
Iter 20 of 338 Loss: 0.706085, L1(Flow): 0.648756, Reg: 0.057329
Iter 30 of 338 Loss: 0.695843, L1(Flow): 0.639972, Reg: 0.055871
Iter 40 of 338 Loss: 0.707060, L1(Flow): 0.655865, Reg: 0.051194
Iter 50 of 338 Loss: 0.657692, L1(Flow): 0.606448, Reg: 0.051243
Iter 60 of 338 Loss: 0.652445, L1(Flow): 0.598877, Reg: 0.053568
Iter 70 of 338 Loss: 0.703402, L1(Flow): 0.644333, Reg: 0.059069
Iter 80 of 338 Loss: 0.721142, L1(Flow): 0.661175, Reg: 0.059967
Iter 90 of 338 Loss: 0.726070, L1(Flow): 0.669660, Reg: 0.056410
Iter 100 of 338 Loss: 0.701289, L1(Flow): 0.641535, Reg: 0.059754
Iter 110 of 338 Loss: 0.714853, L1(Flow): 0.654137, Reg: 0.060715
Iter 120 of 338 Loss: 0.679111, L1(Flow): 0.628792, Reg: 0.050319
Iter 130 of 338 Loss: 0.686984, L1(Flow): 0.630200, Reg: 0.056784
Iter 140 of 338 Loss: 0.669879, L1(Flow): 0.615328, Reg: 0.054550
Iter 150 of 338 Loss: 0.669748, L1(Flow): 0.613614, Reg: 0.056134
Iter 160 of 338 Loss: 0.675145, L1(Flow): 0.615662, Reg: 0.059483
Iter 170 of 338 Loss: 0.708760, L1(Flow): 0.655072, Reg: 0.053688
Iter 180 of 338 Loss: 0.694973, L1(Flow): 0.638816, Reg: 0.056157
Iter 190 of 338 Loss: 0.698436, L1(Flow): 0.636388, Reg: 0.062049
Iter 200 of 338 Loss: 0.666928, L1(Flow): 0.613700, Reg: 0.053227
Iter 210 of 338 Loss: 0.713168, L1(Flow): 0.651455, Reg: 0.061713
Iter 220 of 338 Loss: 0.733124, L1(Flow): 0.671982, Reg: 0.061142
Iter 230 of 338 Loss: 0.668623, L1(Flow): 0.613662, Reg: 0.054961
Iter 240 of 338 Loss: 0.647156, L1(Flow): 0.597327, Reg: 0.049828
Iter 250 of 338 Loss: 0.659862, L1(Flow): 0.610064, Reg: 0.049798
Iter 260 of 338 Loss: 0.713991, L1(Flow): 0.657903, Reg: 0.056088
Iter 270 of 338 Loss: 0.683394, L1(Flow): 0.626960, Reg: 0.056434
Iter 280 of 338 Loss: 0.677647, L1(Flow): 0.622627, Reg: 0.055019
Iter 290 of 338 Loss: 0.708975, L1(Flow): 0.651163, Reg: 0.057812
Iter 300 of 338 Loss: 0.676883, L1(Flow): 0.622046, Reg: 0.054837
Iter 310 of 338 Loss: 0.748270, L1(Flow): 0.687120, Reg: 0.061149
Iter 320 of 338 Loss: 0.699158, L1(Flow): 0.640826, Reg: 0.058332
Iter 330 of 338 Loss: 0.738026, L1(Flow): 0.679245, Reg: 0.058781
Epoch 287 Loss: 0.686474
Epoch 287 Validation: Mean EPE: 2.7614, Mean SSIM: 0.4009, Mean ZNCC: 0.6465
Epoch 288 starts
Iter 10 of 338 Loss: 0.675409, L1(Flow): 0.617092, Reg: 0.058318
Iter 20 of 338 Loss: 0.679625, L1(Flow): 0.628448, Reg: 0.051178
Iter 30 of 338 Loss: 0.692468, L1(Flow): 0.638751, Reg: 0.053717
Iter 40 of 338 Loss: 0.699666, L1(Flow): 0.645129, Reg: 0.054537
Iter 50 of 338 Loss: 0.695584, L1(Flow): 0.637795, Reg: 0.057790
Iter 60 of 338 Loss: 0.679156, L1(Flow): 0.627437, Reg: 0.051719
Iter 70 of 338 Loss: 0.711920, L1(Flow): 0.655957, Reg: 0.055963
Iter 80 of 338 Loss: 0.686083, L1(Flow): 0.628523, Reg: 0.057560
Iter 90 of 338 Loss: 0.702819, L1(Flow): 0.645305, Reg: 0.057514
Iter 100 of 338 Loss: 0.664443, L1(Flow): 0.609949, Reg: 0.054494
Iter 110 of 338 Loss: 0.668069, L1(Flow): 0.609374, Reg: 0.058696
Iter 120 of 338 Loss: 0.674241, L1(Flow): 0.616303, Reg: 0.057938
Iter 130 of 338 Loss: 0.689462, L1(Flow): 0.633714, Reg: 0.055748
Iter 140 of 338 Loss: 0.674732, L1(Flow): 0.623765, Reg: 0.050966
Iter 150 of 338 Loss: 0.668003, L1(Flow): 0.610659, Reg: 0.057344
Iter 160 of 338 Loss: 0.635116, L1(Flow): 0.584857, Reg: 0.050260
Iter 170 of 338 Loss: 0.685900, L1(Flow): 0.634917, Reg: 0.050984
Iter 180 of 338 Loss: 0.709690, L1(Flow): 0.655212, Reg: 0.054478
Iter 190 of 338 Loss: 0.670889, L1(Flow): 0.618352, Reg: 0.052537
Iter 200 of 338 Loss: 0.679222, L1(Flow): 0.623897, Reg: 0.055325
Iter 210 of 338 Loss: 0.641014, L1(Flow): 0.588678, Reg: 0.052336
Iter 220 of 338 Loss: 0.705455, L1(Flow): 0.648291, Reg: 0.057164
Iter 230 of 338 Loss: 0.721793, L1(Flow): 0.666757, Reg: 0.055036
Iter 240 of 338 Loss: 0.661353, L1(Flow): 0.609289, Reg: 0.052064
Iter 250 of 338 Loss: 0.725833, L1(Flow): 0.664399, Reg: 0.061434
Iter 260 of 338 Loss: 0.644570, L1(Flow): 0.592729, Reg: 0.051842
Iter 270 of 338 Loss: 0.661774, L1(Flow): 0.607741, Reg: 0.054033
Iter 280 of 338 Loss: 0.715317, L1(Flow): 0.658883, Reg: 0.056434
Iter 290 of 338 Loss: 0.684955, L1(Flow): 0.629755, Reg: 0.055201
Iter 300 of 338 Loss: 0.647157, L1(Flow): 0.595949, Reg: 0.051208
Iter 310 of 338 Loss: 0.701799, L1(Flow): 0.647016, Reg: 0.054783
Iter 320 of 338 Loss: 0.697000, L1(Flow): 0.640766, Reg: 0.056234
Iter 330 of 338 Loss: 0.697141, L1(Flow): 0.642247, Reg: 0.054894
Epoch 288 Loss: 0.682515
Epoch 288 Validation: Mean EPE: 2.7675, Mean SSIM: 0.4014, Mean ZNCC: 0.6464
Epoch 289 starts
Iter 10 of 338 Loss: 0.687290, L1(Flow): 0.634791, Reg: 0.052499
Iter 20 of 338 Loss: 0.671942, L1(Flow): 0.614372, Reg: 0.057570
Iter 30 of 338 Loss: 0.657945, L1(Flow): 0.603002, Reg: 0.054943
Iter 40 of 338 Loss: 0.704186, L1(Flow): 0.648986, Reg: 0.055201
Iter 50 of 338 Loss: 0.732871, L1(Flow): 0.669792, Reg: 0.063079
Iter 60 of 338 Loss: 0.686878, L1(Flow): 0.624289, Reg: 0.062588
Iter 70 of 338 Loss: 0.684825, L1(Flow): 0.629723, Reg: 0.055102
Iter 80 of 338 Loss: 0.725655, L1(Flow): 0.662256, Reg: 0.063399
Iter 90 of 338 Loss: 0.663043, L1(Flow): 0.613149, Reg: 0.049894
Iter 100 of 338 Loss: 0.666158, L1(Flow): 0.611539, Reg: 0.054619
Iter 110 of 338 Loss: 0.704337, L1(Flow): 0.648514, Reg: 0.055822
Iter 120 of 338 Loss: 0.679695, L1(Flow): 0.627495, Reg: 0.052200
Iter 130 of 338 Loss: 0.653904, L1(Flow): 0.596902, Reg: 0.057003
Iter 140 of 338 Loss: 0.679074, L1(Flow): 0.625735, Reg: 0.053339
Iter 150 of 338 Loss: 0.673868, L1(Flow): 0.615269, Reg: 0.058599
Iter 160 of 338 Loss: 0.670224, L1(Flow): 0.615736, Reg: 0.054488
Iter 170 of 338 Loss: 0.708622, L1(Flow): 0.655069, Reg: 0.053553
Iter 180 of 338 Loss: 0.673509, L1(Flow): 0.623301, Reg: 0.050208
Iter 190 of 338 Loss: 0.679046, L1(Flow): 0.625674, Reg: 0.053372
Iter 200 of 338 Loss: 0.720972, L1(Flow): 0.661551, Reg: 0.059421
Iter 210 of 338 Loss: 0.699206, L1(Flow): 0.644808, Reg: 0.054398
Iter 220 of 338 Loss: 0.699237, L1(Flow): 0.640134, Reg: 0.059103
Iter 230 of 338 Loss: 0.689697, L1(Flow): 0.633770, Reg: 0.055927
Iter 240 of 338 Loss: 0.657607, L1(Flow): 0.606781, Reg: 0.050826
Iter 250 of 338 Loss: 0.669440, L1(Flow): 0.615547, Reg: 0.053893
Iter 260 of 338 Loss: 0.690747, L1(Flow): 0.634594, Reg: 0.056152
Iter 270 of 338 Loss: 0.683528, L1(Flow): 0.624327, Reg: 0.059201
Iter 280 of 338 Loss: 0.658033, L1(Flow): 0.602742, Reg: 0.055291
Iter 290 of 338 Loss: 0.667149, L1(Flow): 0.611180, Reg: 0.055969
Iter 300 of 338 Loss: 0.674379, L1(Flow): 0.622386, Reg: 0.051994
Iter 310 of 338 Loss: 0.658706, L1(Flow): 0.609266, Reg: 0.049441
Iter 320 of 338 Loss: 0.696127, L1(Flow): 0.641990, Reg: 0.054137
Iter 330 of 338 Loss: 0.714287, L1(Flow): 0.654471, Reg: 0.059817
Epoch 289 Loss: 0.679803
Epoch 289 Validation: Mean EPE: 2.7549, Mean SSIM: 0.4008, Mean ZNCC: 0.6462
--> Saved to Top 5 best models (EPE: 2.7549)
Epoch 290 starts
Iter 10 of 338 Loss: 0.673149, L1(Flow): 0.615071, Reg: 0.058078
Iter 20 of 338 Loss: 0.668171, L1(Flow): 0.615176, Reg: 0.052995
Iter 30 of 338 Loss: 0.660007, L1(Flow): 0.607282, Reg: 0.052725
Iter 40 of 338 Loss: 0.697866, L1(Flow): 0.644328, Reg: 0.053538
Iter 50 of 338 Loss: 0.661634, L1(Flow): 0.604280, Reg: 0.057355
Iter 60 of 338 Loss: 0.676939, L1(Flow): 0.623586, Reg: 0.053353
Iter 70 of 338 Loss: 0.637236, L1(Flow): 0.583376, Reg: 0.053860
Iter 80 of 338 Loss: 0.714118, L1(Flow): 0.659481, Reg: 0.054637
Iter 90 of 338 Loss: 0.657066, L1(Flow): 0.603948, Reg: 0.053119
Iter 100 of 338 Loss: 0.657511, L1(Flow): 0.601231, Reg: 0.056280
Iter 110 of 338 Loss: 0.678563, L1(Flow): 0.622997, Reg: 0.055566
Iter 120 of 338 Loss: 0.691584, L1(Flow): 0.638331, Reg: 0.053253
Iter 130 of 338 Loss: 0.660196, L1(Flow): 0.606661, Reg: 0.053536
Iter 140 of 338 Loss: 0.716123, L1(Flow): 0.657728, Reg: 0.058395
Iter 150 of 338 Loss: 0.655012, L1(Flow): 0.600768, Reg: 0.054244
Iter 160 of 338 Loss: 0.655689, L1(Flow): 0.599422, Reg: 0.056267
Iter 170 of 338 Loss: 0.663331, L1(Flow): 0.609102, Reg: 0.054230
Iter 180 of 338 Loss: 0.660528, L1(Flow): 0.602118, Reg: 0.058410
Iter 190 of 338 Loss: 0.710290, L1(Flow): 0.654118, Reg: 0.056173
Iter 200 of 338 Loss: 0.679246, L1(Flow): 0.622954, Reg: 0.056292
Iter 210 of 338 Loss: 0.665511, L1(Flow): 0.613289, Reg: 0.052221
Iter 220 of 338 Loss: 0.664427, L1(Flow): 0.609375, Reg: 0.055052
Iter 230 of 338 Loss: 0.692566, L1(Flow): 0.635595, Reg: 0.056971
Iter 240 of 338 Loss: 0.677700, L1(Flow): 0.622222, Reg: 0.055478
Iter 250 of 338 Loss: 0.681713, L1(Flow): 0.629206, Reg: 0.052506
Iter 260 of 338 Loss: 0.725447, L1(Flow): 0.667252, Reg: 0.058196
Iter 270 of 338 Loss: 0.689040, L1(Flow): 0.633249, Reg: 0.055791
Iter 280 of 338 Loss: 0.677008, L1(Flow): 0.622639, Reg: 0.054369
Iter 290 of 338 Loss: 0.661687, L1(Flow): 0.608596, Reg: 0.053091
Iter 300 of 338 Loss: 0.645758, L1(Flow): 0.593722, Reg: 0.052036
Iter 310 of 338 Loss: 0.697866, L1(Flow): 0.639395, Reg: 0.058471
Iter 320 of 338 Loss: 0.671664, L1(Flow): 0.615779, Reg: 0.055886
Iter 330 of 338 Loss: 0.715787, L1(Flow): 0.653407, Reg: 0.062380
Epoch 290 Loss: 0.679151
Epoch 290 Validation: Mean EPE: 2.7897, Mean SSIM: 0.4001, Mean ZNCC: 0.6459
Epoch 291 starts
Iter 10 of 338 Loss: 0.680761, L1(Flow): 0.622865, Reg: 0.057897
Iter 20 of 338 Loss: 0.750143, L1(Flow): 0.691278, Reg: 0.058865
Iter 30 of 338 Loss: 0.711686, L1(Flow): 0.653842, Reg: 0.057844
Iter 40 of 338 Loss: 0.676560, L1(Flow): 0.623249, Reg: 0.053310
Iter 50 of 338 Loss: 0.655102, L1(Flow): 0.603927, Reg: 0.051175
Iter 60 of 338 Loss: 0.766014, L1(Flow): 0.700746, Reg: 0.065268
Iter 70 of 338 Loss: 0.702332, L1(Flow): 0.642542, Reg: 0.059790
Iter 80 of 338 Loss: 0.697555, L1(Flow): 0.642803, Reg: 0.054751
Iter 90 of 338 Loss: 0.722280, L1(Flow): 0.661716, Reg: 0.060565
Iter 100 of 338 Loss: 0.690217, L1(Flow): 0.636333, Reg: 0.053885
Iter 110 of 338 Loss: 0.670246, L1(Flow): 0.616706, Reg: 0.053540
Iter 120 of 338 Loss: 0.683070, L1(Flow): 0.625873, Reg: 0.057197
Iter 130 of 338 Loss: 0.692009, L1(Flow): 0.633980, Reg: 0.058029
Iter 140 of 338 Loss: 0.640003, L1(Flow): 0.585612, Reg: 0.054390
Iter 150 of 338 Loss: 0.659769, L1(Flow): 0.607460, Reg: 0.052310
Iter 160 of 338 Loss: 0.716519, L1(Flow): 0.658301, Reg: 0.058218
Iter 170 of 338 Loss: 0.703924, L1(Flow): 0.643575, Reg: 0.060349
Iter 180 of 338 Loss: 0.641150, L1(Flow): 0.585827, Reg: 0.055323
Iter 190 of 338 Loss: 0.688109, L1(Flow): 0.633878, Reg: 0.054231
Iter 200 of 338 Loss: 0.667808, L1(Flow): 0.612588, Reg: 0.055221
Iter 210 of 338 Loss: 0.697994, L1(Flow): 0.639316, Reg: 0.058678
Iter 220 of 338 Loss: 0.699320, L1(Flow): 0.642037, Reg: 0.057283
Iter 230 of 338 Loss: 0.667957, L1(Flow): 0.611510, Reg: 0.056447
Iter 240 of 338 Loss: 0.674746, L1(Flow): 0.618106, Reg: 0.056640
Iter 250 of 338 Loss: 0.658726, L1(Flow): 0.605699, Reg: 0.053027
Iter 260 of 338 Loss: 0.648264, L1(Flow): 0.594007, Reg: 0.054257
Iter 270 of 338 Loss: 0.663202, L1(Flow): 0.612509, Reg: 0.050693
Iter 280 of 338 Loss: 0.697807, L1(Flow): 0.645637, Reg: 0.052170
Iter 290 of 338 Loss: 0.695776, L1(Flow): 0.643002, Reg: 0.052774
Iter 300 of 338 Loss: 0.658920, L1(Flow): 0.605957, Reg: 0.052964
Iter 310 of 338 Loss: 0.668706, L1(Flow): 0.612318, Reg: 0.056388
Iter 320 of 338 Loss: 0.681980, L1(Flow): 0.629895, Reg: 0.052085
Iter 330 of 338 Loss: 0.714823, L1(Flow): 0.659042, Reg: 0.055781
Epoch 291 Loss: 0.678494
Epoch 291 Validation: Mean EPE: 2.7556, Mean SSIM: 0.4016, Mean ZNCC: 0.6466
--> Saved to Top 5 best models (EPE: 2.7556)
Epoch 292 starts
Iter 10 of 338 Loss: 0.717573, L1(Flow): 0.662496, Reg: 0.055077
Iter 20 of 338 Loss: 0.684227, L1(Flow): 0.627801, Reg: 0.056426
Iter 30 of 338 Loss: 0.715477, L1(Flow): 0.653940, Reg: 0.061537
Iter 40 of 338 Loss: 0.663264, L1(Flow): 0.607523, Reg: 0.055741
Iter 50 of 338 Loss: 0.636311, L1(Flow): 0.586746, Reg: 0.049565
Iter 60 of 338 Loss: 0.705401, L1(Flow): 0.649978, Reg: 0.055423
Iter 70 of 338 Loss: 0.739925, L1(Flow): 0.681679, Reg: 0.058246
Iter 80 of 338 Loss: 0.671553, L1(Flow): 0.615862, Reg: 0.055691
Iter 90 of 338 Loss: 0.663548, L1(Flow): 0.610944, Reg: 0.052604
Iter 100 of 338 Loss: 0.644093, L1(Flow): 0.592392, Reg: 0.051701
Iter 110 of 338 Loss: 0.651927, L1(Flow): 0.602308, Reg: 0.049619
Iter 120 of 338 Loss: 0.706786, L1(Flow): 0.651516, Reg: 0.055270
Iter 130 of 338 Loss: 0.685628, L1(Flow): 0.631808, Reg: 0.053819
Iter 140 of 338 Loss: 0.692856, L1(Flow): 0.634327, Reg: 0.058529
Iter 150 of 338 Loss: 0.718916, L1(Flow): 0.659966, Reg: 0.058951
Iter 160 of 338 Loss: 0.675232, L1(Flow): 0.620323, Reg: 0.054909
Iter 170 of 338 Loss: 0.701776, L1(Flow): 0.642324, Reg: 0.059451
Iter 180 of 338 Loss: 0.609635, L1(Flow): 0.560898, Reg: 0.048738
Iter 190 of 338 Loss: 0.709545, L1(Flow): 0.650769, Reg: 0.058775
Iter 200 of 338 Loss: 0.630466, L1(Flow): 0.582822, Reg: 0.047644
Iter 210 of 338 Loss: 0.665092, L1(Flow): 0.607566, Reg: 0.057526
Iter 220 of 338 Loss: 0.680440, L1(Flow): 0.619746, Reg: 0.060693
Iter 230 of 338 Loss: 0.649441, L1(Flow): 0.596234, Reg: 0.053207
Iter 240 of 338 Loss: 0.686127, L1(Flow): 0.631732, Reg: 0.054395
Iter 250 of 338 Loss: 0.678619, L1(Flow): 0.623455, Reg: 0.055164
Iter 260 of 338 Loss: 0.690951, L1(Flow): 0.634899, Reg: 0.056051
Iter 270 of 338 Loss: 0.665620, L1(Flow): 0.609604, Reg: 0.056016
Iter 280 of 338 Loss: 0.700159, L1(Flow): 0.643331, Reg: 0.056828
Iter 290 of 338 Loss: 0.680115, L1(Flow): 0.624387, Reg: 0.055728
Iter 300 of 338 Loss: 0.737949, L1(Flow): 0.679656, Reg: 0.058293
Iter 310 of 338 Loss: 0.700390, L1(Flow): 0.642145, Reg: 0.058245
Iter 320 of 338 Loss: 0.698344, L1(Flow): 0.639505, Reg: 0.058840
Iter 330 of 338 Loss: 0.683439, L1(Flow): 0.627450, Reg: 0.055989
Epoch 292 Loss: 0.678207
Epoch 292 Validation: Mean EPE: 2.7612, Mean SSIM: 0.4005, Mean ZNCC: 0.6463
Epoch 293 starts
Iter 10 of 338 Loss: 0.630495, L1(Flow): 0.582763, Reg: 0.047732
Iter 20 of 338 Loss: 0.684678, L1(Flow): 0.627362, Reg: 0.057316
Iter 30 of 338 Loss: 0.692496, L1(Flow): 0.638335, Reg: 0.054161
Iter 40 of 338 Loss: 0.684906, L1(Flow): 0.628686, Reg: 0.056220
Iter 50 of 338 Loss: 0.669071, L1(Flow): 0.613814, Reg: 0.055258
Iter 60 of 338 Loss: 0.681554, L1(Flow): 0.623413, Reg: 0.058141
Iter 70 of 338 Loss: 0.657635, L1(Flow): 0.602524, Reg: 0.055111
Iter 80 of 338 Loss: 0.675553, L1(Flow): 0.622473, Reg: 0.053080
Iter 90 of 338 Loss: 0.707773, L1(Flow): 0.654514, Reg: 0.053259
Iter 100 of 338 Loss: 0.677023, L1(Flow): 0.620210, Reg: 0.056813
Iter 110 of 338 Loss: 0.699162, L1(Flow): 0.644005, Reg: 0.055157
Iter 120 of 338 Loss: 0.666238, L1(Flow): 0.615376, Reg: 0.050863
Iter 130 of 338 Loss: 0.708384, L1(Flow): 0.651102, Reg: 0.057282
Iter 140 of 338 Loss: 0.625744, L1(Flow): 0.575708, Reg: 0.050036
Iter 150 of 338 Loss: 0.676233, L1(Flow): 0.621211, Reg: 0.055022
Iter 160 of 338 Loss: 0.657383, L1(Flow): 0.605990, Reg: 0.051393
Iter 170 of 338 Loss: 0.677411, L1(Flow): 0.621894, Reg: 0.055517
Iter 180 of 338 Loss: 0.671100, L1(Flow): 0.613213, Reg: 0.057888
Iter 190 of 338 Loss: 0.692108, L1(Flow): 0.633807, Reg: 0.058301
Iter 200 of 338 Loss: 0.646789, L1(Flow): 0.595342, Reg: 0.051447
Iter 210 of 338 Loss: 0.681286, L1(Flow): 0.625789, Reg: 0.055497
Iter 220 of 338 Loss: 0.652876, L1(Flow): 0.600121, Reg: 0.052755
Iter 230 of 338 Loss: 0.665123, L1(Flow): 0.611070, Reg: 0.054054
Iter 240 of 338 Loss: 0.655897, L1(Flow): 0.600831, Reg: 0.055067
Iter 250 of 338 Loss: 0.652670, L1(Flow): 0.600722, Reg: 0.051948
Iter 260 of 338 Loss: 0.689365, L1(Flow): 0.636695, Reg: 0.052670
Iter 270 of 338 Loss: 0.652907, L1(Flow): 0.603693, Reg: 0.049215
Iter 280 of 338 Loss: 0.662410, L1(Flow): 0.610413, Reg: 0.051998
Iter 290 of 338 Loss: 0.719636, L1(Flow): 0.661900, Reg: 0.057735
Iter 300 of 338 Loss: 0.659165, L1(Flow): 0.604536, Reg: 0.054628
Iter 310 of 338 Loss: 0.667237, L1(Flow): 0.612303, Reg: 0.054934
Iter 320 of 338 Loss: 0.674047, L1(Flow): 0.618943, Reg: 0.055104
Iter 330 of 338 Loss: 0.661970, L1(Flow): 0.605889, Reg: 0.056080
Epoch 293 Loss: 0.677677
Epoch 293 Validation: Mean EPE: 2.7750, Mean SSIM: 0.4009, Mean ZNCC: 0.6461
Epoch 294 starts
Iter 10 of 338 Loss: 0.660914, L1(Flow): 0.605575, Reg: 0.055339
Iter 20 of 338 Loss: 0.675805, L1(Flow): 0.622826, Reg: 0.052979
Iter 30 of 338 Loss: 0.688958, L1(Flow): 0.630566, Reg: 0.058392
Iter 40 of 338 Loss: 0.723023, L1(Flow): 0.666356, Reg: 0.056667
Iter 50 of 338 Loss: 0.635035, L1(Flow): 0.582246, Reg: 0.052789
Iter 60 of 338 Loss: 0.701072, L1(Flow): 0.648375, Reg: 0.052698
Iter 70 of 338 Loss: 0.724458, L1(Flow): 0.664576, Reg: 0.059882
Iter 80 of 338 Loss: 0.687362, L1(Flow): 0.634766, Reg: 0.052596
Iter 90 of 338 Loss: 0.653978, L1(Flow): 0.595718, Reg: 0.058260
Iter 100 of 338 Loss: 0.656024, L1(Flow): 0.603275, Reg: 0.052749
Iter 110 of 338 Loss: 0.645826, L1(Flow): 0.593074, Reg: 0.052752
Iter 120 of 338 Loss: 0.670671, L1(Flow): 0.616395, Reg: 0.054276
Iter 130 of 338 Loss: 0.708708, L1(Flow): 0.650976, Reg: 0.057732
Iter 140 of 338 Loss: 0.695455, L1(Flow): 0.640002, Reg: 0.055453
Iter 150 of 338 Loss: 0.690651, L1(Flow): 0.638458, Reg: 0.052194
Iter 160 of 338 Loss: 0.660852, L1(Flow): 0.605310, Reg: 0.055541
Iter 170 of 338 Loss: 0.667479, L1(Flow): 0.608570, Reg: 0.058910
Iter 180 of 338 Loss: 0.681867, L1(Flow): 0.628006, Reg: 0.053861
Iter 190 of 338 Loss: 0.683345, L1(Flow): 0.628445, Reg: 0.054900
Iter 200 of 338 Loss: 0.677420, L1(Flow): 0.619969, Reg: 0.057451
Iter 210 of 338 Loss: 0.663629, L1(Flow): 0.610772, Reg: 0.052856
Iter 220 of 338 Loss: 0.669059, L1(Flow): 0.614624, Reg: 0.054434
Iter 230 of 338 Loss: 0.675489, L1(Flow): 0.622716, Reg: 0.052773
Iter 240 of 338 Loss: 0.732474, L1(Flow): 0.668047, Reg: 0.064426
Iter 250 of 338 Loss: 0.733732, L1(Flow): 0.668441, Reg: 0.065291
Iter 260 of 338 Loss: 0.712280, L1(Flow): 0.652137, Reg: 0.060143
Iter 270 of 338 Loss: 0.625438, L1(Flow): 0.576132, Reg: 0.049306
Iter 280 of 338 Loss: 0.686701, L1(Flow): 0.630534, Reg: 0.056167
Iter 290 of 338 Loss: 0.659295, L1(Flow): 0.605299, Reg: 0.053996
Iter 300 of 338 Loss: 0.664802, L1(Flow): 0.610173, Reg: 0.054629
Iter 310 of 338 Loss: 0.636613, L1(Flow): 0.586020, Reg: 0.050594
Iter 320 of 338 Loss: 0.647795, L1(Flow): 0.594429, Reg: 0.053366
Iter 330 of 338 Loss: 0.657530, L1(Flow): 0.604601, Reg: 0.052929
Epoch 294 Loss: 0.676920
Epoch 294 Validation: Mean EPE: 2.7649, Mean SSIM: 0.4009, Mean ZNCC: 0.6464
Epoch 295 starts
Iter 10 of 338 Loss: 0.669023, L1(Flow): 0.613027, Reg: 0.055996
Iter 20 of 338 Loss: 0.698171, L1(Flow): 0.643932, Reg: 0.054239
Iter 30 of 338 Loss: 0.686670, L1(Flow): 0.624729, Reg: 0.061941
Iter 40 of 338 Loss: 0.675018, L1(Flow): 0.621404, Reg: 0.053614
Iter 50 of 338 Loss: 0.681080, L1(Flow): 0.622599, Reg: 0.058481
Iter 60 of 338 Loss: 0.699827, L1(Flow): 0.645765, Reg: 0.054062
Iter 70 of 338 Loss: 0.726519, L1(Flow): 0.671978, Reg: 0.054541
Iter 80 of 338 Loss: 0.691942, L1(Flow): 0.635171, Reg: 0.056771
Iter 90 of 338 Loss: 0.715329, L1(Flow): 0.656592, Reg: 0.058737
Iter 100 of 338 Loss: 0.709161, L1(Flow): 0.649817, Reg: 0.059344
Iter 110 of 338 Loss: 0.702879, L1(Flow): 0.645302, Reg: 0.057576
Iter 120 of 338 Loss: 0.685544, L1(Flow): 0.628603, Reg: 0.056942
Iter 130 of 338 Loss: 0.681086, L1(Flow): 0.621247, Reg: 0.059839
Iter 140 of 338 Loss: 0.684249, L1(Flow): 0.629172, Reg: 0.055076
Iter 150 of 338 Loss: 0.665206, L1(Flow): 0.611300, Reg: 0.053907
Iter 160 of 338 Loss: 0.635465, L1(Flow): 0.586755, Reg: 0.048710
Iter 170 of 338 Loss: 0.681025, L1(Flow): 0.625445, Reg: 0.055579
Iter 180 of 338 Loss: 0.683761, L1(Flow): 0.628914, Reg: 0.054846
Iter 190 of 338 Loss: 0.668173, L1(Flow): 0.613697, Reg: 0.054476
Iter 200 of 338 Loss: 0.679556, L1(Flow): 0.623884, Reg: 0.055672
Iter 210 of 338 Loss: 0.673769, L1(Flow): 0.620540, Reg: 0.053229
Iter 220 of 338 Loss: 0.665889, L1(Flow): 0.612282, Reg: 0.053607
Iter 230 of 338 Loss: 0.685735, L1(Flow): 0.635240, Reg: 0.050495
Iter 240 of 338 Loss: 0.667419, L1(Flow): 0.614529, Reg: 0.052890
Iter 250 of 338 Loss: 0.676756, L1(Flow): 0.623428, Reg: 0.053328
Iter 260 of 338 Loss: 0.679797, L1(Flow): 0.622679, Reg: 0.057118
Iter 270 of 338 Loss: 0.637051, L1(Flow): 0.587174, Reg: 0.049876
Iter 280 of 338 Loss: 0.660887, L1(Flow): 0.605359, Reg: 0.055529
Iter 290 of 338 Loss: 0.696179, L1(Flow): 0.637637, Reg: 0.058542
Iter 300 of 338 Loss: 0.645216, L1(Flow): 0.594814, Reg: 0.050403
Iter 310 of 338 Loss: 0.683067, L1(Flow): 0.628477, Reg: 0.054590
Iter 320 of 338 Loss: 0.684616, L1(Flow): 0.628306, Reg: 0.056311
Iter 330 of 338 Loss: 0.643693, L1(Flow): 0.590560, Reg: 0.053133
Epoch 295 Loss: 0.680265
Epoch 295 Validation: Mean EPE: 2.7630, Mean SSIM: 0.4010, Mean ZNCC: 0.6465
Epoch 296 starts
Iter 10 of 338 Loss: 0.696804, L1(Flow): 0.639108, Reg: 0.057696
Iter 20 of 338 Loss: 0.673720, L1(Flow): 0.621831, Reg: 0.051889
Iter 30 of 338 Loss: 0.693664, L1(Flow): 0.641328, Reg: 0.052336
Iter 40 of 338 Loss: 0.690413, L1(Flow): 0.631772, Reg: 0.058641
Iter 50 of 338 Loss: 0.642449, L1(Flow): 0.590407, Reg: 0.052042
Iter 60 of 338 Loss: 0.640892, L1(Flow): 0.592299, Reg: 0.048593
Iter 70 of 338 Loss: 0.655807, L1(Flow): 0.602595, Reg: 0.053212
Iter 80 of 338 Loss: 0.653356, L1(Flow): 0.601489, Reg: 0.051866
Iter 90 of 338 Loss: 0.683939, L1(Flow): 0.628588, Reg: 0.055352
Iter 100 of 338 Loss: 0.641577, L1(Flow): 0.593082, Reg: 0.048496
Iter 110 of 338 Loss: 0.680896, L1(Flow): 0.625115, Reg: 0.055781
Iter 120 of 338 Loss: 0.651703, L1(Flow): 0.601459, Reg: 0.050245
Iter 130 of 338 Loss: 0.691602, L1(Flow): 0.636137, Reg: 0.055465
Iter 140 of 338 Loss: 0.651103, L1(Flow): 0.597490, Reg: 0.053613
Iter 150 of 338 Loss: 0.654294, L1(Flow): 0.596860, Reg: 0.057434
Iter 160 of 338 Loss: 0.664138, L1(Flow): 0.610105, Reg: 0.054033
Iter 170 of 338 Loss: 0.647836, L1(Flow): 0.596221, Reg: 0.051615
Iter 180 of 338 Loss: 0.666905, L1(Flow): 0.615584, Reg: 0.051321
Iter 190 of 338 Loss: 0.704063, L1(Flow): 0.646432, Reg: 0.057631
Iter 200 of 338 Loss: 0.645422, L1(Flow): 0.586963, Reg: 0.058460
Iter 210 of 338 Loss: 0.676594, L1(Flow): 0.621242, Reg: 0.055352
Iter 220 of 338 Loss: 0.704837, L1(Flow): 0.646370, Reg: 0.058467
Iter 230 of 338 Loss: 0.699176, L1(Flow): 0.642718, Reg: 0.056458
Iter 240 of 338 Loss: 0.685031, L1(Flow): 0.632603, Reg: 0.052428
Iter 250 of 338 Loss: 0.625698, L1(Flow): 0.574573, Reg: 0.051125
Iter 260 of 338 Loss: 0.660313, L1(Flow): 0.609421, Reg: 0.050892
Iter 270 of 338 Loss: 0.656848, L1(Flow): 0.607105, Reg: 0.049743
Iter 280 of 338 Loss: 0.613931, L1(Flow): 0.565049, Reg: 0.048882
Iter 290 of 338 Loss: 0.670706, L1(Flow): 0.618549, Reg: 0.052157
Iter 300 of 338 Loss: 0.681563, L1(Flow): 0.626577, Reg: 0.054985
Iter 310 of 338 Loss: 0.709171, L1(Flow): 0.652123, Reg: 0.057048
Iter 320 of 338 Loss: 0.647965, L1(Flow): 0.595144, Reg: 0.052821
Iter 330 of 338 Loss: 0.640152, L1(Flow): 0.581936, Reg: 0.058217
Epoch 296 Loss: 0.675601
Epoch 296 Validation: Mean EPE: 2.7673, Mean SSIM: 0.4020, Mean ZNCC: 0.6464
Epoch 297 starts
Iter 10 of 338 Loss: 0.693180, L1(Flow): 0.637955, Reg: 0.055224
Iter 20 of 338 Loss: 0.650643, L1(Flow): 0.601277, Reg: 0.049366
Iter 30 of 338 Loss: 0.690684, L1(Flow): 0.632445, Reg: 0.058239
Iter 40 of 338 Loss: 0.683430, L1(Flow): 0.632270, Reg: 0.051161
Iter 50 of 338 Loss: 0.663857, L1(Flow): 0.609062, Reg: 0.054794
Iter 60 of 338 Loss: 0.674195, L1(Flow): 0.619252, Reg: 0.054942
Iter 70 of 338 Loss: 0.679007, L1(Flow): 0.623808, Reg: 0.055198
Iter 80 of 338 Loss: 0.689749, L1(Flow): 0.635062, Reg: 0.054687
Iter 90 of 338 Loss: 0.671616, L1(Flow): 0.618197, Reg: 0.053419
Iter 100 of 338 Loss: 0.652692, L1(Flow): 0.598604, Reg: 0.054088
Iter 110 of 338 Loss: 0.716998, L1(Flow): 0.660723, Reg: 0.056275
Iter 120 of 338 Loss: 0.649058, L1(Flow): 0.599247, Reg: 0.049810
Iter 130 of 338 Loss: 0.676831, L1(Flow): 0.623015, Reg: 0.053815
Iter 140 of 338 Loss: 0.691927, L1(Flow): 0.633378, Reg: 0.058549
Iter 150 of 338 Loss: 0.709617, L1(Flow): 0.653771, Reg: 0.055846
Iter 160 of 338 Loss: 0.699715, L1(Flow): 0.642627, Reg: 0.057089
Iter 170 of 338 Loss: 0.698638, L1(Flow): 0.638285, Reg: 0.060353
Iter 180 of 338 Loss: 0.660642, L1(Flow): 0.609492, Reg: 0.051150
Iter 190 of 338 Loss: 0.655001, L1(Flow): 0.605281, Reg: 0.049719
Iter 200 of 338 Loss: 0.668300, L1(Flow): 0.613654, Reg: 0.054646
Iter 210 of 338 Loss: 0.702478, L1(Flow): 0.647946, Reg: 0.054533
Iter 220 of 338 Loss: 0.678873, L1(Flow): 0.623173, Reg: 0.055700
Iter 230 of 338 Loss: 0.644413, L1(Flow): 0.596052, Reg: 0.048361
Iter 240 of 338 Loss: 0.671374, L1(Flow): 0.616494, Reg: 0.054880
Iter 250 of 338 Loss: 0.703981, L1(Flow): 0.649657, Reg: 0.054324
Iter 260 of 338 Loss: 0.705985, L1(Flow): 0.649843, Reg: 0.056141
Iter 270 of 338 Loss: 0.674446, L1(Flow): 0.618807, Reg: 0.055638
Iter 280 of 338 Loss: 0.676123, L1(Flow): 0.621352, Reg: 0.054770
Iter 290 of 338 Loss: 0.665109, L1(Flow): 0.609942, Reg: 0.055167
Iter 300 of 338 Loss: 0.674483, L1(Flow): 0.616770, Reg: 0.057713
Iter 310 of 338 Loss: 0.666796, L1(Flow): 0.612425, Reg: 0.054372
Iter 320 of 338 Loss: 0.645442, L1(Flow): 0.591150, Reg: 0.054292
Iter 330 of 338 Loss: 0.657659, L1(Flow): 0.604024, Reg: 0.053634
Epoch 297 Loss: 0.679836
Epoch 297 Validation: Mean EPE: 2.7644, Mean SSIM: 0.4014, Mean ZNCC: 0.6464
Epoch 298 starts
Iter 10 of 338 Loss: 0.655768, L1(Flow): 0.600330, Reg: 0.055438
Iter 20 of 338 Loss: 0.651587, L1(Flow): 0.597627, Reg: 0.053960
Iter 30 of 338 Loss: 0.675837, L1(Flow): 0.620310, Reg: 0.055527
Iter 40 of 338 Loss: 0.677596, L1(Flow): 0.619662, Reg: 0.057934
Iter 50 of 338 Loss: 0.664412, L1(Flow): 0.611457, Reg: 0.052955
Iter 60 of 338 Loss: 0.688103, L1(Flow): 0.630709, Reg: 0.057394
Iter 70 of 338 Loss: 0.666738, L1(Flow): 0.611855, Reg: 0.054883
Iter 80 of 338 Loss: 0.655431, L1(Flow): 0.601602, Reg: 0.053829
Iter 90 of 338 Loss: 0.664995, L1(Flow): 0.612432, Reg: 0.052563
Iter 100 of 338 Loss: 0.692384, L1(Flow): 0.633212, Reg: 0.059172
Iter 110 of 338 Loss: 0.702894, L1(Flow): 0.647640, Reg: 0.055254
Iter 120 of 338 Loss: 0.678916, L1(Flow): 0.623103, Reg: 0.055813
Iter 130 of 338 Loss: 0.633424, L1(Flow): 0.582253, Reg: 0.051171
Iter 140 of 338 Loss: 0.641692, L1(Flow): 0.590749, Reg: 0.050943
Iter 150 of 338 Loss: 0.669153, L1(Flow): 0.616476, Reg: 0.052677
Iter 160 of 338 Loss: 0.683996, L1(Flow): 0.628478, Reg: 0.055518
Iter 170 of 338 Loss: 0.674880, L1(Flow): 0.618337, Reg: 0.056543
Iter 180 of 338 Loss: 0.685760, L1(Flow): 0.628927, Reg: 0.056834
Iter 190 of 338 Loss: 0.686658, L1(Flow): 0.631045, Reg: 0.055613
Iter 200 of 338 Loss: 0.654383, L1(Flow): 0.603960, Reg: 0.050423
Iter 210 of 338 Loss: 0.658717, L1(Flow): 0.602672, Reg: 0.056045
Iter 220 of 338 Loss: 0.674016, L1(Flow): 0.623172, Reg: 0.050844
Iter 230 of 338 Loss: 0.683700, L1(Flow): 0.629773, Reg: 0.053928
Iter 240 of 338 Loss: 0.678421, L1(Flow): 0.624263, Reg: 0.054159
Iter 250 of 338 Loss: 0.687593, L1(Flow): 0.632232, Reg: 0.055360
Iter 260 of 338 Loss: 0.685164, L1(Flow): 0.628798, Reg: 0.056366
Iter 270 of 338 Loss: 0.675067, L1(Flow): 0.619171, Reg: 0.055896
Iter 280 of 338 Loss: 0.684017, L1(Flow): 0.629963, Reg: 0.054055
Iter 290 of 338 Loss: 0.678433, L1(Flow): 0.621578, Reg: 0.056855
Iter 300 of 338 Loss: 0.691100, L1(Flow): 0.632249, Reg: 0.058851
Iter 310 of 338 Loss: 0.694507, L1(Flow): 0.637527, Reg: 0.056980
Iter 320 of 338 Loss: 0.675067, L1(Flow): 0.617006, Reg: 0.058061
Iter 330 of 338 Loss: 0.701209, L1(Flow): 0.644171, Reg: 0.057038
Epoch 298 Loss: 0.674899
Epoch 298 Validation: Mean EPE: 2.7635, Mean SSIM: 0.4016, Mean ZNCC: 0.6464
Epoch 299 starts
Iter 10 of 338 Loss: 0.675355, L1(Flow): 0.622574, Reg: 0.052781
Iter 20 of 338 Loss: 0.665697, L1(Flow): 0.613710, Reg: 0.051987
Iter 30 of 338 Loss: 0.693450, L1(Flow): 0.635326, Reg: 0.058124
Iter 40 of 338 Loss: 0.661682, L1(Flow): 0.607121, Reg: 0.054561
Iter 50 of 338 Loss: 0.688521, L1(Flow): 0.635546, Reg: 0.052975
Iter 60 of 338 Loss: 0.701999, L1(Flow): 0.644045, Reg: 0.057954
Iter 70 of 338 Loss: 0.664390, L1(Flow): 0.609792, Reg: 0.054598
Iter 80 of 338 Loss: 0.725019, L1(Flow): 0.664816, Reg: 0.060202
Iter 90 of 338 Loss: 0.669594, L1(Flow): 0.617020, Reg: 0.052574
Iter 100 of 338 Loss: 0.664235, L1(Flow): 0.609542, Reg: 0.054692
Iter 110 of 338 Loss: 0.653913, L1(Flow): 0.602402, Reg: 0.051511
Iter 120 of 338 Loss: 0.637917, L1(Flow): 0.587111, Reg: 0.050807
Iter 130 of 338 Loss: 0.656037, L1(Flow): 0.604469, Reg: 0.051568
Iter 140 of 338 Loss: 0.697940, L1(Flow): 0.639435, Reg: 0.058504
Iter 150 of 338 Loss: 0.688701, L1(Flow): 0.631425, Reg: 0.057276
Iter 160 of 338 Loss: 0.662556, L1(Flow): 0.607765, Reg: 0.054791
Iter 170 of 338 Loss: 0.707343, L1(Flow): 0.649377, Reg: 0.057966
Iter 180 of 338 Loss: 0.672150, L1(Flow): 0.613218, Reg: 0.058932
Iter 190 of 338 Loss: 0.682055, L1(Flow): 0.625984, Reg: 0.056071
Iter 200 of 338 Loss: 0.686487, L1(Flow): 0.631550, Reg: 0.054937
Iter 210 of 338 Loss: 0.650121, L1(Flow): 0.597054, Reg: 0.053067
Iter 220 of 338 Loss: 0.678755, L1(Flow): 0.623754, Reg: 0.055001
Iter 230 of 338 Loss: 0.676808, L1(Flow): 0.621224, Reg: 0.055584
Iter 240 of 338 Loss: 0.658118, L1(Flow): 0.605806, Reg: 0.052312
Iter 250 of 338 Loss: 0.676101, L1(Flow): 0.617190, Reg: 0.058911
Iter 260 of 338 Loss: 0.670103, L1(Flow): 0.613596, Reg: 0.056507
Iter 270 of 338 Loss: 0.667096, L1(Flow): 0.616427, Reg: 0.050669
Iter 280 of 338 Loss: 0.692291, L1(Flow): 0.636702, Reg: 0.055588
Iter 290 of 338 Loss: 0.681992, L1(Flow): 0.627617, Reg: 0.054376
Iter 300 of 338 Loss: 0.668341, L1(Flow): 0.612198, Reg: 0.056142
Iter 310 of 338 Loss: 0.683044, L1(Flow): 0.627112, Reg: 0.055932
Iter 320 of 338 Loss: 0.637297, L1(Flow): 0.586431, Reg: 0.050866
Iter 330 of 338 Loss: 0.671176, L1(Flow): 0.615957, Reg: 0.055219
Epoch 299 Loss: 0.673050
Epoch 299 Validation: Mean EPE: 2.7659, Mean SSIM: 0.4010, Mean ZNCC: 0.6463
Epoch 300 starts
Iter 10 of 338 Loss: 0.649889, L1(Flow): 0.597021, Reg: 0.052868
Iter 20 of 338 Loss: 0.644068, L1(Flow): 0.590989, Reg: 0.053079
Iter 30 of 338 Loss: 0.695375, L1(Flow): 0.638248, Reg: 0.057127
Iter 40 of 338 Loss: 0.684114, L1(Flow): 0.625688, Reg: 0.058426
Iter 50 of 338 Loss: 0.673290, L1(Flow): 0.615673, Reg: 0.057617
Iter 60 of 338 Loss: 0.664419, L1(Flow): 0.610723, Reg: 0.053696
Iter 70 of 338 Loss: 0.696995, L1(Flow): 0.640603, Reg: 0.056392
Iter 80 of 338 Loss: 0.689605, L1(Flow): 0.633635, Reg: 0.055970
Iter 90 of 338 Loss: 0.662497, L1(Flow): 0.611472, Reg: 0.051025
Iter 100 of 338 Loss: 0.660218, L1(Flow): 0.608006, Reg: 0.052213
Iter 110 of 338 Loss: 0.688795, L1(Flow): 0.632183, Reg: 0.056612
Iter 120 of 338 Loss: 0.661306, L1(Flow): 0.602166, Reg: 0.059140
Iter 130 of 338 Loss: 0.675253, L1(Flow): 0.623655, Reg: 0.051598
Iter 140 of 338 Loss: 0.677757, L1(Flow): 0.621840, Reg: 0.055917
Iter 150 of 338 Loss: 0.624045, L1(Flow): 0.576903, Reg: 0.047142
Iter 160 of 338 Loss: 0.630676, L1(Flow): 0.574789, Reg: 0.055887
Iter 170 of 338 Loss: 0.669049, L1(Flow): 0.612443, Reg: 0.056606
Iter 180 of 338 Loss: 0.646563, L1(Flow): 0.593302, Reg: 0.053261
Iter 190 of 338 Loss: 0.616030, L1(Flow): 0.568868, Reg: 0.047162
Iter 200 of 338 Loss: 0.641774, L1(Flow): 0.587869, Reg: 0.053904
Iter 210 of 338 Loss: 0.673819, L1(Flow): 0.619078, Reg: 0.054741
Iter 220 of 338 Loss: 0.693920, L1(Flow): 0.638812, Reg: 0.055108
Iter 230 of 338 Loss: 0.659034, L1(Flow): 0.607073, Reg: 0.051961
Iter 240 of 338 Loss: 0.666984, L1(Flow): 0.614973, Reg: 0.052011
Iter 250 of 338 Loss: 0.660653, L1(Flow): 0.609305, Reg: 0.051348
Iter 260 of 338 Loss: 0.673888, L1(Flow): 0.617004, Reg: 0.056884
Iter 270 of 338 Loss: 0.679158, L1(Flow): 0.623331, Reg: 0.055827
Iter 280 of 338 Loss: 0.666304, L1(Flow): 0.614037, Reg: 0.052267
Iter 290 of 338 Loss: 0.710577, L1(Flow): 0.651314, Reg: 0.059263
Iter 300 of 338 Loss: 0.653490, L1(Flow): 0.600917, Reg: 0.052572
Iter 310 of 338 Loss: 0.660846, L1(Flow): 0.606671, Reg: 0.054176
Iter 320 of 338 Loss: 0.626234, L1(Flow): 0.575593, Reg: 0.050641
Iter 330 of 338 Loss: 0.680540, L1(Flow): 0.624455, Reg: 0.056086
Epoch 300 Loss: 0.673431
Epoch 300 Validation: Mean EPE: 2.7581, Mean SSIM: 0.4019, Mean ZNCC: 0.6465
Epoch 301 starts
Iter 10 of 338 Loss: 0.638177, L1(Flow): 0.583392, Reg: 0.054785
Iter 20 of 338 Loss: 0.648094, L1(Flow): 0.591637, Reg: 0.056456
Iter 30 of 338 Loss: 0.650429, L1(Flow): 0.600455, Reg: 0.049975
Iter 40 of 338 Loss: 0.639857, L1(Flow): 0.587397, Reg: 0.052460
Iter 50 of 338 Loss: 0.664599, L1(Flow): 0.611521, Reg: 0.053079
Iter 60 of 338 Loss: 0.677732, L1(Flow): 0.619149, Reg: 0.058584
Iter 70 of 338 Loss: 0.681230, L1(Flow): 0.625581, Reg: 0.055649
Iter 80 of 338 Loss: 0.644264, L1(Flow): 0.596748, Reg: 0.047516
Iter 90 of 338 Loss: 0.682628, L1(Flow): 0.629792, Reg: 0.052836
Iter 100 of 338 Loss: 0.647825, L1(Flow): 0.598571, Reg: 0.049254
Iter 110 of 338 Loss: 0.689241, L1(Flow): 0.631916, Reg: 0.057325
Iter 120 of 338 Loss: 0.705615, L1(Flow): 0.642922, Reg: 0.062693
Iter 130 of 338 Loss: 0.668875, L1(Flow): 0.616172, Reg: 0.052704
Iter 140 of 338 Loss: 0.664047, L1(Flow): 0.606593, Reg: 0.057453
Iter 150 of 338 Loss: 0.686797, L1(Flow): 0.633511, Reg: 0.053287
Iter 160 of 338 Loss: 0.688310, L1(Flow): 0.629025, Reg: 0.059285
Iter 170 of 338 Loss: 0.704367, L1(Flow): 0.647821, Reg: 0.056545
Iter 180 of 338 Loss: 0.637446, L1(Flow): 0.586399, Reg: 0.051048
Iter 190 of 338 Loss: 0.661324, L1(Flow): 0.606555, Reg: 0.054769
Iter 200 of 338 Loss: 0.654979, L1(Flow): 0.603022, Reg: 0.051957
Iter 210 of 338 Loss: 0.654170, L1(Flow): 0.600764, Reg: 0.053406
Iter 220 of 338 Loss: 0.671334, L1(Flow): 0.617290, Reg: 0.054043
Iter 230 of 338 Loss: 0.678403, L1(Flow): 0.618294, Reg: 0.060109
Iter 240 of 338 Loss: 0.680110, L1(Flow): 0.623556, Reg: 0.056554
Iter 250 of 338 Loss: 0.674614, L1(Flow): 0.618615, Reg: 0.055999
Iter 260 of 338 Loss: 0.660615, L1(Flow): 0.610318, Reg: 0.050297
Iter 270 of 338 Loss: 0.699034, L1(Flow): 0.640390, Reg: 0.058644
Iter 280 of 338 Loss: 0.704895, L1(Flow): 0.646977, Reg: 0.057918
Iter 290 of 338 Loss: 0.667175, L1(Flow): 0.615673, Reg: 0.051502
Iter 300 of 338 Loss: 0.723963, L1(Flow): 0.667958, Reg: 0.056005
Iter 310 of 338 Loss: 0.727449, L1(Flow): 0.673534, Reg: 0.053915
Iter 320 of 338 Loss: 0.716628, L1(Flow): 0.658636, Reg: 0.057992
Iter 330 of 338 Loss: 0.691513, L1(Flow): 0.638170, Reg: 0.053343
Epoch 301 Loss: 0.672724
Epoch 301 Validation: Mean EPE: 2.7552, Mean SSIM: 0.4016, Mean ZNCC: 0.6464
--> Saved to Top 5 best models (EPE: 2.7552)
Epoch 302 starts
Iter 10 of 338 Loss: 0.674390, L1(Flow): 0.620104, Reg: 0.054286
Iter 20 of 338 Loss: 0.678788, L1(Flow): 0.629031, Reg: 0.049757
Iter 30 of 338 Loss: 0.666433, L1(Flow): 0.612880, Reg: 0.053553
Iter 40 of 338 Loss: 0.638821, L1(Flow): 0.587194, Reg: 0.051627
Iter 50 of 338 Loss: 0.711782, L1(Flow): 0.648814, Reg: 0.062967
Iter 60 of 338 Loss: 0.674357, L1(Flow): 0.619601, Reg: 0.054756
Iter 70 of 338 Loss: 0.681666, L1(Flow): 0.627646, Reg: 0.054020
Iter 80 of 338 Loss: 0.666480, L1(Flow): 0.613785, Reg: 0.052695
Iter 90 of 338 Loss: 0.679464, L1(Flow): 0.622891, Reg: 0.056573
Iter 100 of 338 Loss: 0.705507, L1(Flow): 0.645247, Reg: 0.060260
Iter 110 of 338 Loss: 0.648927, L1(Flow): 0.599586, Reg: 0.049342
Iter 120 of 338 Loss: 0.678610, L1(Flow): 0.619212, Reg: 0.059399
Iter 130 of 338 Loss: 0.675139, L1(Flow): 0.620541, Reg: 0.054598
Iter 140 of 338 Loss: 0.690133, L1(Flow): 0.632994, Reg: 0.057139
Iter 150 of 338 Loss: 0.666066, L1(Flow): 0.614557, Reg: 0.051509
Iter 160 of 338 Loss: 0.657568, L1(Flow): 0.605919, Reg: 0.051648
Iter 170 of 338 Loss: 0.667762, L1(Flow): 0.615761, Reg: 0.052001
Iter 180 of 338 Loss: 0.656370, L1(Flow): 0.603865, Reg: 0.052506
Iter 190 of 338 Loss: 0.649974, L1(Flow): 0.596836, Reg: 0.053138
Iter 200 of 338 Loss: 0.661406, L1(Flow): 0.612857, Reg: 0.048549
Iter 210 of 338 Loss: 0.632423, L1(Flow): 0.582913, Reg: 0.049511
Iter 220 of 338 Loss: 0.719653, L1(Flow): 0.658793, Reg: 0.060860
Iter 230 of 338 Loss: 0.659116, L1(Flow): 0.604532, Reg: 0.054585
Iter 240 of 338 Loss: 0.665038, L1(Flow): 0.608987, Reg: 0.056052
Iter 250 of 338 Loss: 0.628559, L1(Flow): 0.581140, Reg: 0.047419
Iter 260 of 338 Loss: 0.707276, L1(Flow): 0.647655, Reg: 0.059621
Iter 270 of 338 Loss: 0.683655, L1(Flow): 0.628597, Reg: 0.055058
Iter 280 of 338 Loss: 0.644556, L1(Flow): 0.591988, Reg: 0.052568
Iter 290 of 338 Loss: 0.681934, L1(Flow): 0.627708, Reg: 0.054226
Iter 300 of 338 Loss: 0.661912, L1(Flow): 0.608576, Reg: 0.053336
Iter 310 of 338 Loss: 0.654916, L1(Flow): 0.603305, Reg: 0.051611
Iter 320 of 338 Loss: 0.648840, L1(Flow): 0.595596, Reg: 0.053244
Iter 330 of 338 Loss: 0.653775, L1(Flow): 0.597860, Reg: 0.055916
Epoch 302 Loss: 0.672461
Epoch 302 Validation: Mean EPE: 2.7605, Mean SSIM: 0.4011, Mean ZNCC: 0.6465
Epoch 303 starts
Iter 10 of 338 Loss: 0.656973, L1(Flow): 0.599928, Reg: 0.057044
Iter 20 of 338 Loss: 0.708459, L1(Flow): 0.651355, Reg: 0.057105
Iter 30 of 338 Loss: 0.688714, L1(Flow): 0.629096, Reg: 0.059618
Iter 40 of 338 Loss: 0.692218, L1(Flow): 0.637169, Reg: 0.055048
Iter 50 of 338 Loss: 0.695489, L1(Flow): 0.634726, Reg: 0.060763
Iter 60 of 338 Loss: 0.655671, L1(Flow): 0.602729, Reg: 0.052942
Iter 70 of 338 Loss: 0.676626, L1(Flow): 0.624213, Reg: 0.052412
Iter 80 of 338 Loss: 0.689472, L1(Flow): 0.631876, Reg: 0.057596
Iter 90 of 338 Loss: 0.652989, L1(Flow): 0.601770, Reg: 0.051220
Iter 100 of 338 Loss: 0.668812, L1(Flow): 0.612914, Reg: 0.055899
Iter 110 of 338 Loss: 0.694148, L1(Flow): 0.640416, Reg: 0.053731
Iter 120 of 338 Loss: 0.682799, L1(Flow): 0.629637, Reg: 0.053162
Iter 130 of 338 Loss: 0.663445, L1(Flow): 0.609572, Reg: 0.053873
Iter 140 of 338 Loss: 0.685985, L1(Flow): 0.628544, Reg: 0.057441
Iter 150 of 338 Loss: 0.707219, L1(Flow): 0.651988, Reg: 0.055231
Iter 160 of 338 Loss: 0.674035, L1(Flow): 0.623854, Reg: 0.050181
Iter 170 of 338 Loss: 0.697099, L1(Flow): 0.640698, Reg: 0.056401
Iter 180 of 338 Loss: 0.658142, L1(Flow): 0.606432, Reg: 0.051710
Iter 190 of 338 Loss: 0.700698, L1(Flow): 0.645150, Reg: 0.055548
Iter 200 of 338 Loss: 0.733413, L1(Flow): 0.675327, Reg: 0.058087
Iter 210 of 338 Loss: 0.748702, L1(Flow): 0.689063, Reg: 0.059639
Iter 220 of 338 Loss: 0.658198, L1(Flow): 0.608477, Reg: 0.049721
Iter 230 of 338 Loss: 0.734228, L1(Flow): 0.679238, Reg: 0.054990
Iter 240 of 338 Loss: 0.657543, L1(Flow): 0.600654, Reg: 0.056889
Iter 250 of 338 Loss: 0.726296, L1(Flow): 0.665687, Reg: 0.060609
Iter 260 of 338 Loss: 0.698676, L1(Flow): 0.645123, Reg: 0.053553
Iter 270 of 338 Loss: 0.675632, L1(Flow): 0.619337, Reg: 0.056295
Iter 280 of 338 Loss: 0.705086, L1(Flow): 0.643387, Reg: 0.061699
Iter 290 of 338 Loss: 0.680139, L1(Flow): 0.626153, Reg: 0.053985
Iter 300 of 338 Loss: 0.675030, L1(Flow): 0.616445, Reg: 0.058584
Iter 310 of 338 Loss: 0.621963, L1(Flow): 0.572856, Reg: 0.049108
Iter 320 of 338 Loss: 0.660420, L1(Flow): 0.608301, Reg: 0.052119
Iter 330 of 338 Loss: 0.655693, L1(Flow): 0.603030, Reg: 0.052663
Epoch 303 Loss: 0.672229
Epoch 303 Validation: Mean EPE: 2.7616, Mean SSIM: 0.4011, Mean ZNCC: 0.6465
Epoch 304 starts
Iter 10 of 338 Loss: 0.681335, L1(Flow): 0.621819, Reg: 0.059516
Iter 20 of 338 Loss: 0.718254, L1(Flow): 0.663093, Reg: 0.055161
Iter 30 of 338 Loss: 0.675709, L1(Flow): 0.620022, Reg: 0.055687
Iter 40 of 338 Loss: 0.695099, L1(Flow): 0.637483, Reg: 0.057616
Iter 50 of 338 Loss: 0.684513, L1(Flow): 0.627702, Reg: 0.056811
Iter 60 of 338 Loss: 0.624442, L1(Flow): 0.576622, Reg: 0.047820
Iter 70 of 338 Loss: 0.632096, L1(Flow): 0.580540, Reg: 0.051556
Iter 80 of 338 Loss: 0.638779, L1(Flow): 0.585640, Reg: 0.053140
Iter 90 of 338 Loss: 0.653149, L1(Flow): 0.601436, Reg: 0.051713
Iter 100 of 338 Loss: 0.650430, L1(Flow): 0.601335, Reg: 0.049095
Iter 110 of 338 Loss: 0.609388, L1(Flow): 0.563662, Reg: 0.045726
Iter 120 of 338 Loss: 0.642501, L1(Flow): 0.591039, Reg: 0.051462
Iter 130 of 338 Loss: 0.652002, L1(Flow): 0.598137, Reg: 0.053864
Iter 140 of 338 Loss: 0.658937, L1(Flow): 0.603409, Reg: 0.055528
Iter 150 of 338 Loss: 0.632827, L1(Flow): 0.582270, Reg: 0.050557
Iter 160 of 338 Loss: 0.615644, L1(Flow): 0.567075, Reg: 0.048570
Iter 170 of 338 Loss: 0.675839, L1(Flow): 0.617513, Reg: 0.058327
Iter 180 of 338 Loss: 0.648212, L1(Flow): 0.592526, Reg: 0.055686
Iter 190 of 338 Loss: 0.707938, L1(Flow): 0.644844, Reg: 0.063094
Iter 200 of 338 Loss: 0.672225, L1(Flow): 0.613129, Reg: 0.059096
Iter 210 of 338 Loss: 0.686079, L1(Flow): 0.632498, Reg: 0.053581
Iter 220 of 338 Loss: 0.687548, L1(Flow): 0.628069, Reg: 0.059479
Iter 230 of 338 Loss: 0.679636, L1(Flow): 0.621321, Reg: 0.058315
Iter 240 of 338 Loss: 0.648495, L1(Flow): 0.592300, Reg: 0.056196
Iter 250 of 338 Loss: 0.694857, L1(Flow): 0.639468, Reg: 0.055390
Iter 260 of 338 Loss: 0.674935, L1(Flow): 0.618990, Reg: 0.055945
Iter 270 of 338 Loss: 0.635415, L1(Flow): 0.589901, Reg: 0.045514
Iter 280 of 338 Loss: 0.664686, L1(Flow): 0.608464, Reg: 0.056223
Iter 290 of 338 Loss: 0.646169, L1(Flow): 0.595378, Reg: 0.050791
Iter 300 of 338 Loss: 0.669210, L1(Flow): 0.610988, Reg: 0.058222
Iter 310 of 338 Loss: 0.668343, L1(Flow): 0.614401, Reg: 0.053942
Iter 320 of 338 Loss: 0.685736, L1(Flow): 0.630019, Reg: 0.055717
Iter 330 of 338 Loss: 0.704165, L1(Flow): 0.648354, Reg: 0.055811
Epoch 304 Loss: 0.668130
Epoch 304 Validation: Mean EPE: 2.7585, Mean SSIM: 0.4016, Mean ZNCC: 0.6466
Epoch 305 starts
Iter 10 of 338 Loss: 0.659961, L1(Flow): 0.604611, Reg: 0.055350
Iter 20 of 338 Loss: 0.663997, L1(Flow): 0.607049, Reg: 0.056949
Iter 30 of 338 Loss: 0.626004, L1(Flow): 0.575315, Reg: 0.050689
Iter 40 of 338 Loss: 0.650399, L1(Flow): 0.599320, Reg: 0.051079
Iter 50 of 338 Loss: 0.633291, L1(Flow): 0.581356, Reg: 0.051935
Iter 60 of 338 Loss: 0.665207, L1(Flow): 0.610357, Reg: 0.054850
Iter 70 of 338 Loss: 0.694206, L1(Flow): 0.635934, Reg: 0.058272
Iter 80 of 338 Loss: 0.636587, L1(Flow): 0.586126, Reg: 0.050461
Iter 90 of 338 Loss: 0.643346, L1(Flow): 0.591210, Reg: 0.052137
Iter 100 of 338 Loss: 0.668507, L1(Flow): 0.614731, Reg: 0.053777
Iter 110 of 338 Loss: 0.666810, L1(Flow): 0.608002, Reg: 0.058809
Iter 120 of 338 Loss: 0.648426, L1(Flow): 0.594477, Reg: 0.053949
Iter 130 of 338 Loss: 0.614847, L1(Flow): 0.567421, Reg: 0.047425
Iter 140 of 338 Loss: 0.663870, L1(Flow): 0.611952, Reg: 0.051918
Iter 150 of 338 Loss: 0.653034, L1(Flow): 0.597457, Reg: 0.055577
Iter 160 of 338 Loss: 0.635947, L1(Flow): 0.581256, Reg: 0.054691
Iter 170 of 338 Loss: 0.662894, L1(Flow): 0.607932, Reg: 0.054962
Iter 180 of 338 Loss: 0.654523, L1(Flow): 0.599904, Reg: 0.054619
Iter 190 of 338 Loss: 0.696669, L1(Flow): 0.642829, Reg: 0.053840
Iter 200 of 338 Loss: 0.697192, L1(Flow): 0.638574, Reg: 0.058619
Iter 210 of 338 Loss: 0.680281, L1(Flow): 0.623354, Reg: 0.056926
Iter 220 of 338 Loss: 0.681268, L1(Flow): 0.625573, Reg: 0.055695
Iter 230 of 338 Loss: 0.638794, L1(Flow): 0.584780, Reg: 0.054014
Iter 240 of 338 Loss: 0.664833, L1(Flow): 0.608645, Reg: 0.056187
Iter 250 of 338 Loss: 0.726146, L1(Flow): 0.666163, Reg: 0.059983
Iter 260 of 338 Loss: 0.666352, L1(Flow): 0.609071, Reg: 0.057280
Iter 270 of 338 Loss: 0.696226, L1(Flow): 0.638873, Reg: 0.057353
Iter 280 of 338 Loss: 0.666446, L1(Flow): 0.610379, Reg: 0.056067
Iter 290 of 338 Loss: 0.670370, L1(Flow): 0.612890, Reg: 0.057480
Iter 300 of 338 Loss: 0.661458, L1(Flow): 0.611689, Reg: 0.049769
Iter 310 of 338 Loss: 0.660583, L1(Flow): 0.607044, Reg: 0.053539
Iter 320 of 338 Loss: 0.681743, L1(Flow): 0.626169, Reg: 0.055574
Iter 330 of 338 Loss: 0.653861, L1(Flow): 0.598525, Reg: 0.055336
Epoch 305 Loss: 0.666712
Epoch 305 Validation: Mean EPE: 2.7609, Mean SSIM: 0.4016, Mean ZNCC: 0.6466
Epoch 306 starts
Iter 10 of 338 Loss: 0.664430, L1(Flow): 0.608081, Reg: 0.056350
Iter 20 of 338 Loss: 0.668457, L1(Flow): 0.611132, Reg: 0.057325
Iter 30 of 338 Loss: 0.668218, L1(Flow): 0.615538, Reg: 0.052680
Iter 40 of 338 Loss: 0.699013, L1(Flow): 0.638318, Reg: 0.060695
Iter 50 of 338 Loss: 0.655566, L1(Flow): 0.606428, Reg: 0.049138
Iter 60 of 338 Loss: 0.653742, L1(Flow): 0.597986, Reg: 0.055757
Iter 70 of 338 Loss: 0.673670, L1(Flow): 0.618087, Reg: 0.055583
Iter 80 of 338 Loss: 0.653594, L1(Flow): 0.599330, Reg: 0.054263
Iter 90 of 338 Loss: 0.709819, L1(Flow): 0.649769, Reg: 0.060050
Iter 100 of 338 Loss: 0.651570, L1(Flow): 0.596750, Reg: 0.054821
Iter 110 of 338 Loss: 0.655422, L1(Flow): 0.601463, Reg: 0.053959
Iter 120 of 338 Loss: 0.659414, L1(Flow): 0.603864, Reg: 0.055550
Iter 130 of 338 Loss: 0.646193, L1(Flow): 0.594221, Reg: 0.051972
Iter 140 of 338 Loss: 0.661174, L1(Flow): 0.608434, Reg: 0.052740
Iter 150 of 338 Loss: 0.694707, L1(Flow): 0.633191, Reg: 0.061516
Iter 160 of 338 Loss: 0.644327, L1(Flow): 0.596303, Reg: 0.048024
Iter 170 of 338 Loss: 0.627701, L1(Flow): 0.578198, Reg: 0.049503
Iter 180 of 338 Loss: 0.677864, L1(Flow): 0.620049, Reg: 0.057815
Iter 190 of 338 Loss: 0.679057, L1(Flow): 0.626402, Reg: 0.052655
Iter 200 of 338 Loss: 0.679000, L1(Flow): 0.626963, Reg: 0.052037
Iter 210 of 338 Loss: 0.695468, L1(Flow): 0.639224, Reg: 0.056244
Iter 220 of 338 Loss: 0.682843, L1(Flow): 0.631020, Reg: 0.051823
Iter 230 of 338 Loss: 0.672692, L1(Flow): 0.622279, Reg: 0.050413
Iter 240 of 338 Loss: 0.676916, L1(Flow): 0.621655, Reg: 0.055262
Iter 250 of 338 Loss: 0.661417, L1(Flow): 0.604005, Reg: 0.057412
Iter 260 of 338 Loss: 0.716629, L1(Flow): 0.656858, Reg: 0.059771
Iter 270 of 338 Loss: 0.707441, L1(Flow): 0.654511, Reg: 0.052930
Iter 280 of 338 Loss: 0.698010, L1(Flow): 0.644376, Reg: 0.053634
Iter 290 of 338 Loss: 0.661809, L1(Flow): 0.606433, Reg: 0.055376
Iter 300 of 338 Loss: 0.668494, L1(Flow): 0.613841, Reg: 0.054653
Iter 310 of 338 Loss: 0.692251, L1(Flow): 0.634716, Reg: 0.057534
Iter 320 of 338 Loss: 0.684322, L1(Flow): 0.624688, Reg: 0.059634
Iter 330 of 338 Loss: 0.687677, L1(Flow): 0.630070, Reg: 0.057607
Epoch 306 Loss: 0.667676
Epoch 306 Validation: Mean EPE: 2.7556, Mean SSIM: 0.4018, Mean ZNCC: 0.6468
--> Saved to Top 5 best models (EPE: 2.7556)
Epoch 307 starts
Iter 10 of 338 Loss: 0.663454, L1(Flow): 0.606946, Reg: 0.056508
Iter 20 of 338 Loss: 0.667277, L1(Flow): 0.614611, Reg: 0.052666
Iter 30 of 338 Loss: 0.655568, L1(Flow): 0.600761, Reg: 0.054807
Iter 40 of 338 Loss: 0.678157, L1(Flow): 0.623057, Reg: 0.055100
Iter 50 of 338 Loss: 0.676785, L1(Flow): 0.624934, Reg: 0.051852
Iter 60 of 338 Loss: 0.655403, L1(Flow): 0.604406, Reg: 0.050997
Iter 70 of 338 Loss: 0.661909, L1(Flow): 0.608724, Reg: 0.053185
Iter 80 of 338 Loss: 0.662151, L1(Flow): 0.609638, Reg: 0.052513
Iter 90 of 338 Loss: 0.696777, L1(Flow): 0.641333, Reg: 0.055444
Iter 100 of 338 Loss: 0.658706, L1(Flow): 0.604323, Reg: 0.054382
Iter 110 of 338 Loss: 0.669708, L1(Flow): 0.613812, Reg: 0.055896
Iter 120 of 338 Loss: 0.664634, L1(Flow): 0.607678, Reg: 0.056956
Iter 130 of 338 Loss: 0.665013, L1(Flow): 0.610474, Reg: 0.054538
Iter 140 of 338 Loss: 0.639945, L1(Flow): 0.589531, Reg: 0.050414
Iter 150 of 338 Loss: 0.668876, L1(Flow): 0.609874, Reg: 0.059001
Iter 160 of 338 Loss: 0.675078, L1(Flow): 0.622303, Reg: 0.052775
Iter 170 of 338 Loss: 0.629153, L1(Flow): 0.582348, Reg: 0.046805
Iter 180 of 338 Loss: 0.685333, L1(Flow): 0.625841, Reg: 0.059492
Iter 190 of 338 Loss: 0.690480, L1(Flow): 0.636305, Reg: 0.054175
Iter 200 of 338 Loss: 0.666191, L1(Flow): 0.612414, Reg: 0.053776
Iter 210 of 338 Loss: 0.676282, L1(Flow): 0.622898, Reg: 0.053383
Iter 220 of 338 Loss: 0.614715, L1(Flow): 0.567266, Reg: 0.047449
Iter 230 of 338 Loss: 0.669859, L1(Flow): 0.615068, Reg: 0.054791
Iter 240 of 338 Loss: 0.700043, L1(Flow): 0.639932, Reg: 0.060111
Iter 250 of 338 Loss: 0.638561, L1(Flow): 0.584476, Reg: 0.054086
Iter 260 of 338 Loss: 0.666792, L1(Flow): 0.611765, Reg: 0.055027
Iter 270 of 338 Loss: 0.682538, L1(Flow): 0.629326, Reg: 0.053212
Iter 280 of 338 Loss: 0.671032, L1(Flow): 0.618853, Reg: 0.052179
Iter 290 of 338 Loss: 0.685113, L1(Flow): 0.627969, Reg: 0.057144
Iter 300 of 338 Loss: 0.710000, L1(Flow): 0.650497, Reg: 0.059503
Iter 310 of 338 Loss: 0.675605, L1(Flow): 0.618606, Reg: 0.056999
Iter 320 of 338 Loss: 0.655755, L1(Flow): 0.604758, Reg: 0.050996
Iter 330 of 338 Loss: 0.696568, L1(Flow): 0.639006, Reg: 0.057562
Epoch 307 Loss: 0.668536
Epoch 307 Validation: Mean EPE: 2.7545, Mean SSIM: 0.4021, Mean ZNCC: 0.6466
--> Saved to Top 5 best models (EPE: 2.7545)
Epoch 308 starts
Iter 10 of 338 Loss: 0.715473, L1(Flow): 0.657674, Reg: 0.057799
Iter 20 of 338 Loss: 0.693880, L1(Flow): 0.636048, Reg: 0.057832
Iter 30 of 338 Loss: 0.674306, L1(Flow): 0.617248, Reg: 0.057059
Iter 40 of 338 Loss: 0.615031, L1(Flow): 0.569054, Reg: 0.045977
Iter 50 of 338 Loss: 0.656233, L1(Flow): 0.601546, Reg: 0.054687
Iter 60 of 338 Loss: 0.697937, L1(Flow): 0.637857, Reg: 0.060080
Iter 70 of 338 Loss: 0.724783, L1(Flow): 0.666979, Reg: 0.057804
Iter 80 of 338 Loss: 0.675011, L1(Flow): 0.619033, Reg: 0.055978
Iter 90 of 338 Loss: 0.624266, L1(Flow): 0.575216, Reg: 0.049050
Iter 100 of 338 Loss: 0.657340, L1(Flow): 0.604353, Reg: 0.052987
Iter 110 of 338 Loss: 0.650899, L1(Flow): 0.594905, Reg: 0.055994
Iter 120 of 338 Loss: 0.668613, L1(Flow): 0.612572, Reg: 0.056041
Iter 130 of 338 Loss: 0.649297, L1(Flow): 0.594156, Reg: 0.055141
Iter 140 of 338 Loss: 0.671611, L1(Flow): 0.614754, Reg: 0.056857
Iter 150 of 338 Loss: 0.664602, L1(Flow): 0.607515, Reg: 0.057087
Iter 160 of 338 Loss: 0.631196, L1(Flow): 0.583266, Reg: 0.047930
Iter 170 of 338 Loss: 0.677599, L1(Flow): 0.624554, Reg: 0.053045
Iter 180 of 338 Loss: 0.666037, L1(Flow): 0.614276, Reg: 0.051761
Iter 190 of 338 Loss: 0.678077, L1(Flow): 0.627119, Reg: 0.050957
Iter 200 of 338 Loss: 0.670920, L1(Flow): 0.615438, Reg: 0.055482
Iter 210 of 338 Loss: 0.641432, L1(Flow): 0.588559, Reg: 0.052873
Iter 220 of 338 Loss: 0.665584, L1(Flow): 0.613505, Reg: 0.052079
Iter 230 of 338 Loss: 0.699694, L1(Flow): 0.643474, Reg: 0.056220
Iter 240 of 338 Loss: 0.703852, L1(Flow): 0.640570, Reg: 0.063282
Iter 250 of 338 Loss: 0.643957, L1(Flow): 0.590678, Reg: 0.053279
Iter 260 of 338 Loss: 0.677369, L1(Flow): 0.619346, Reg: 0.058022
Iter 270 of 338 Loss: 0.634448, L1(Flow): 0.581664, Reg: 0.052784
Iter 280 of 338 Loss: 0.663048, L1(Flow): 0.609505, Reg: 0.053543
Iter 290 of 338 Loss: 0.701255, L1(Flow): 0.651810, Reg: 0.049446
Iter 300 of 338 Loss: 0.627108, L1(Flow): 0.576705, Reg: 0.050404
Iter 310 of 338 Loss: 0.682567, L1(Flow): 0.624944, Reg: 0.057623
Iter 320 of 338 Loss: 0.673058, L1(Flow): 0.619899, Reg: 0.053160
Iter 330 of 338 Loss: 0.697020, L1(Flow): 0.637659, Reg: 0.059361
Epoch 308 Loss: 0.670812
Epoch 308 Validation: Mean EPE: 2.7622, Mean SSIM: 0.4018, Mean ZNCC: 0.6466
Epoch 309 starts
Iter 10 of 338 Loss: 0.671785, L1(Flow): 0.614162, Reg: 0.057623
Iter 20 of 338 Loss: 0.656177, L1(Flow): 0.604370, Reg: 0.051807
Iter 30 of 338 Loss: 0.645903, L1(Flow): 0.591544, Reg: 0.054359
Iter 40 of 338 Loss: 0.650970, L1(Flow): 0.596134, Reg: 0.054835
Iter 50 of 338 Loss: 0.670336, L1(Flow): 0.615171, Reg: 0.055165
Iter 60 of 338 Loss: 0.686136, L1(Flow): 0.628500, Reg: 0.057636
Iter 70 of 338 Loss: 0.695545, L1(Flow): 0.639460, Reg: 0.056084
Iter 80 of 338 Loss: 0.661538, L1(Flow): 0.606105, Reg: 0.055433
Iter 90 of 338 Loss: 0.671907, L1(Flow): 0.616169, Reg: 0.055738
Iter 100 of 338 Loss: 0.687460, L1(Flow): 0.633110, Reg: 0.054350
Iter 110 of 338 Loss: 0.677132, L1(Flow): 0.621910, Reg: 0.055222
Iter 120 of 338 Loss: 0.684860, L1(Flow): 0.626217, Reg: 0.058643
Iter 130 of 338 Loss: 0.659559, L1(Flow): 0.605227, Reg: 0.054333
Iter 140 of 338 Loss: 0.674305, L1(Flow): 0.622386, Reg: 0.051919
Iter 150 of 338 Loss: 0.679420, L1(Flow): 0.621311, Reg: 0.058108
Iter 160 of 338 Loss: 0.720151, L1(Flow): 0.659553, Reg: 0.060598
Iter 170 of 338 Loss: 0.672222, L1(Flow): 0.618899, Reg: 0.053324
Iter 180 of 338 Loss: 0.659386, L1(Flow): 0.605701, Reg: 0.053685
Iter 190 of 338 Loss: 0.677458, L1(Flow): 0.617027, Reg: 0.060431
Iter 200 of 338 Loss: 0.640595, L1(Flow): 0.584747, Reg: 0.055848
Iter 210 of 338 Loss: 0.620234, L1(Flow): 0.573478, Reg: 0.046756
Iter 220 of 338 Loss: 0.679695, L1(Flow): 0.623661, Reg: 0.056034
Iter 230 of 338 Loss: 0.639064, L1(Flow): 0.587136, Reg: 0.051928
Iter 240 of 338 Loss: 0.643760, L1(Flow): 0.593606, Reg: 0.050155
Iter 250 of 338 Loss: 0.645127, L1(Flow): 0.596080, Reg: 0.049046
Iter 260 of 338 Loss: 0.656785, L1(Flow): 0.603357, Reg: 0.053427
Iter 270 of 338 Loss: 0.643675, L1(Flow): 0.596532, Reg: 0.047142
Iter 280 of 338 Loss: 0.679277, L1(Flow): 0.624660, Reg: 0.054617
Iter 290 of 338 Loss: 0.652159, L1(Flow): 0.595939, Reg: 0.056220
Iter 300 of 338 Loss: 0.663262, L1(Flow): 0.610472, Reg: 0.052790
Iter 310 of 338 Loss: 0.675327, L1(Flow): 0.617910, Reg: 0.057417
Iter 320 of 338 Loss: 0.671704, L1(Flow): 0.611949, Reg: 0.059756
Iter 330 of 338 Loss: 0.666405, L1(Flow): 0.612120, Reg: 0.054284
Epoch 309 Loss: 0.665040
Epoch 309 Validation: Mean EPE: 2.7628, Mean SSIM: 0.4017, Mean ZNCC: 0.6464
Epoch 310 starts
Iter 10 of 338 Loss: 0.726425, L1(Flow): 0.667896, Reg: 0.058528
Iter 20 of 338 Loss: 0.639151, L1(Flow): 0.590291, Reg: 0.048860
Iter 30 of 338 Loss: 0.646113, L1(Flow): 0.589858, Reg: 0.056255
Iter 40 of 338 Loss: 0.637596, L1(Flow): 0.587595, Reg: 0.050001
Iter 50 of 338 Loss: 0.658030, L1(Flow): 0.600527, Reg: 0.057503
Iter 60 of 338 Loss: 0.673450, L1(Flow): 0.617446, Reg: 0.056004
Iter 70 of 338 Loss: 0.686888, L1(Flow): 0.631011, Reg: 0.055877
Iter 80 of 338 Loss: 0.626834, L1(Flow): 0.574726, Reg: 0.052107
Iter 90 of 338 Loss: 0.650894, L1(Flow): 0.595468, Reg: 0.055426
Iter 100 of 338 Loss: 0.608229, L1(Flow): 0.558086, Reg: 0.050144
Iter 110 of 338 Loss: 0.670044, L1(Flow): 0.614123, Reg: 0.055922
Iter 120 of 338 Loss: 0.633967, L1(Flow): 0.582637, Reg: 0.051330
Iter 130 of 338 Loss: 0.668751, L1(Flow): 0.615959, Reg: 0.052792
Iter 140 of 338 Loss: 0.657788, L1(Flow): 0.607187, Reg: 0.050601
Iter 150 of 338 Loss: 0.662971, L1(Flow): 0.607251, Reg: 0.055720
Iter 160 of 338 Loss: 0.655510, L1(Flow): 0.599923, Reg: 0.055587
Iter 170 of 338 Loss: 0.591559, L1(Flow): 0.544940, Reg: 0.046619
Iter 180 of 338 Loss: 0.623241, L1(Flow): 0.574582, Reg: 0.048659
Iter 190 of 338 Loss: 0.672771, L1(Flow): 0.622845, Reg: 0.049926
Iter 200 of 338 Loss: 0.665549, L1(Flow): 0.611945, Reg: 0.053604
Iter 210 of 338 Loss: 0.653847, L1(Flow): 0.599283, Reg: 0.054563
Iter 220 of 338 Loss: 0.656435, L1(Flow): 0.602872, Reg: 0.053563
Iter 230 of 338 Loss: 0.678359, L1(Flow): 0.624301, Reg: 0.054058
Iter 240 of 338 Loss: 0.657322, L1(Flow): 0.602445, Reg: 0.054877
Iter 250 of 338 Loss: 0.667316, L1(Flow): 0.614706, Reg: 0.052610
Iter 260 of 338 Loss: 0.629446, L1(Flow): 0.578960, Reg: 0.050485
Iter 270 of 338 Loss: 0.683349, L1(Flow): 0.625568, Reg: 0.057781
Iter 280 of 338 Loss: 0.649696, L1(Flow): 0.595578, Reg: 0.054119
Iter 290 of 338 Loss: 0.651733, L1(Flow): 0.596816, Reg: 0.054917
Iter 300 of 338 Loss: 0.674633, L1(Flow): 0.618465, Reg: 0.056168
Iter 310 of 338 Loss: 0.681530, L1(Flow): 0.619318, Reg: 0.062212
Iter 320 of 338 Loss: 0.630098, L1(Flow): 0.581136, Reg: 0.048961
Iter 330 of 338 Loss: 0.667516, L1(Flow): 0.612265, Reg: 0.055252
Epoch 310 Loss: 0.663265
Epoch 310 Validation: Mean EPE: 2.7537, Mean SSIM: 0.4014, Mean ZNCC: 0.6465
--> Saved to Top 5 best models (EPE: 2.7537)
--> New absolute BEST model updated with EPE: 2.7537
Epoch 311 starts
Iter 10 of 338 Loss: 0.655157, L1(Flow): 0.599420, Reg: 0.055737
Iter 20 of 338 Loss: 0.682950, L1(Flow): 0.627752, Reg: 0.055198
Iter 30 of 338 Loss: 0.665532, L1(Flow): 0.611753, Reg: 0.053778
Iter 40 of 338 Loss: 0.638215, L1(Flow): 0.588320, Reg: 0.049895
Iter 50 of 338 Loss: 0.620227, L1(Flow): 0.568808, Reg: 0.051419
Iter 60 of 338 Loss: 0.652660, L1(Flow): 0.594815, Reg: 0.057845
Iter 70 of 338 Loss: 0.637714, L1(Flow): 0.589100, Reg: 0.048614
Iter 80 of 338 Loss: 0.653186, L1(Flow): 0.597670, Reg: 0.055516
Iter 90 of 338 Loss: 0.664959, L1(Flow): 0.613396, Reg: 0.051563
Iter 100 of 338 Loss: 0.682918, L1(Flow): 0.624616, Reg: 0.058302
Iter 110 of 338 Loss: 0.653807, L1(Flow): 0.600888, Reg: 0.052919
Iter 120 of 338 Loss: 0.637521, L1(Flow): 0.586678, Reg: 0.050843
Iter 130 of 338 Loss: 0.664775, L1(Flow): 0.611181, Reg: 0.053594
Iter 140 of 338 Loss: 0.678176, L1(Flow): 0.623849, Reg: 0.054327
Iter 150 of 338 Loss: 0.713365, L1(Flow): 0.658276, Reg: 0.055089
Iter 160 of 338 Loss: 0.649125, L1(Flow): 0.597626, Reg: 0.051500
Iter 170 of 338 Loss: 0.672671, L1(Flow): 0.617092, Reg: 0.055578
Iter 180 of 338 Loss: 0.674122, L1(Flow): 0.617647, Reg: 0.056475
Iter 190 of 338 Loss: 0.650050, L1(Flow): 0.598863, Reg: 0.051186
Iter 200 of 338 Loss: 0.637827, L1(Flow): 0.586534, Reg: 0.051293
Iter 210 of 338 Loss: 0.644195, L1(Flow): 0.590234, Reg: 0.053961
Iter 220 of 338 Loss: 0.640892, L1(Flow): 0.588201, Reg: 0.052691
Iter 230 of 338 Loss: 0.665061, L1(Flow): 0.612809, Reg: 0.052251
Iter 240 of 338 Loss: 0.696539, L1(Flow): 0.639411, Reg: 0.057129
Iter 250 of 338 Loss: 0.639409, L1(Flow): 0.586457, Reg: 0.052952
Iter 260 of 338 Loss: 0.666654, L1(Flow): 0.613390, Reg: 0.053264
Iter 270 of 338 Loss: 0.695364, L1(Flow): 0.635641, Reg: 0.059723
Iter 280 of 338 Loss: 0.705415, L1(Flow): 0.646339, Reg: 0.059076
Iter 290 of 338 Loss: 0.688183, L1(Flow): 0.637979, Reg: 0.050204
Iter 300 of 338 Loss: 0.651991, L1(Flow): 0.596975, Reg: 0.055016
Iter 310 of 338 Loss: 0.660151, L1(Flow): 0.608758, Reg: 0.051392
Iter 320 of 338 Loss: 0.654251, L1(Flow): 0.600790, Reg: 0.053461
Iter 330 of 338 Loss: 0.667693, L1(Flow): 0.613892, Reg: 0.053800
Epoch 311 Loss: 0.666668
Epoch 311 Validation: Mean EPE: 2.7751, Mean SSIM: 0.4009, Mean ZNCC: 0.6461
Epoch 312 starts
Iter 10 of 338 Loss: 0.698254, L1(Flow): 0.639805, Reg: 0.058449
Iter 20 of 338 Loss: 0.678177, L1(Flow): 0.621647, Reg: 0.056530
Iter 30 of 338 Loss: 0.693411, L1(Flow): 0.635051, Reg: 0.058360
Iter 40 of 338 Loss: 0.629138, L1(Flow): 0.579255, Reg: 0.049883
Iter 50 of 338 Loss: 0.662567, L1(Flow): 0.607265, Reg: 0.055302
Iter 60 of 338 Loss: 0.701711, L1(Flow): 0.639421, Reg: 0.062290
Iter 70 of 338 Loss: 0.632297, L1(Flow): 0.580648, Reg: 0.051649
Iter 80 of 338 Loss: 0.641146, L1(Flow): 0.588861, Reg: 0.052285
Iter 90 of 338 Loss: 0.661431, L1(Flow): 0.609438, Reg: 0.051993
Iter 100 of 338 Loss: 0.712157, L1(Flow): 0.651046, Reg: 0.061112
Iter 110 of 338 Loss: 0.648061, L1(Flow): 0.598484, Reg: 0.049577
Iter 120 of 338 Loss: 0.636531, L1(Flow): 0.582860, Reg: 0.053671
Iter 130 of 338 Loss: 0.677513, L1(Flow): 0.626114, Reg: 0.051399
Iter 140 of 338 Loss: 0.670644, L1(Flow): 0.617120, Reg: 0.053523
Iter 150 of 338 Loss: 0.711742, L1(Flow): 0.658367, Reg: 0.053375
Iter 160 of 338 Loss: 0.633145, L1(Flow): 0.582431, Reg: 0.050714
Iter 170 of 338 Loss: 0.661880, L1(Flow): 0.608250, Reg: 0.053631
Iter 180 of 338 Loss: 0.676290, L1(Flow): 0.621972, Reg: 0.054318
Iter 190 of 338 Loss: 0.669009, L1(Flow): 0.613212, Reg: 0.055797
Iter 200 of 338 Loss: 0.639017, L1(Flow): 0.591700, Reg: 0.047317
Iter 210 of 338 Loss: 0.654214, L1(Flow): 0.599975, Reg: 0.054239
Iter 220 of 338 Loss: 0.688527, L1(Flow): 0.633420, Reg: 0.055106
Iter 230 of 338 Loss: 0.673316, L1(Flow): 0.621365, Reg: 0.051952
Iter 240 of 338 Loss: 0.672477, L1(Flow): 0.614814, Reg: 0.057663
Iter 250 of 338 Loss: 0.735780, L1(Flow): 0.680898, Reg: 0.054882
Iter 260 of 338 Loss: 0.635027, L1(Flow): 0.587837, Reg: 0.047190
Iter 270 of 338 Loss: 0.642375, L1(Flow): 0.589927, Reg: 0.052448
Iter 280 of 338 Loss: 0.651182, L1(Flow): 0.598043, Reg: 0.053139
Iter 290 of 338 Loss: 0.652481, L1(Flow): 0.601875, Reg: 0.050606
Iter 300 of 338 Loss: 0.622652, L1(Flow): 0.575152, Reg: 0.047500
Iter 310 of 338 Loss: 0.630231, L1(Flow): 0.579022, Reg: 0.051209
Iter 320 of 338 Loss: 0.726075, L1(Flow): 0.663181, Reg: 0.062894
Iter 330 of 338 Loss: 0.679540, L1(Flow): 0.628688, Reg: 0.050852
Epoch 312 Loss: 0.670229
Epoch 312 Validation: Mean EPE: 2.7630, Mean SSIM: 0.4009, Mean ZNCC: 0.6463
Epoch 313 starts
Iter 10 of 338 Loss: 0.656483, L1(Flow): 0.603616, Reg: 0.052867
Iter 20 of 338 Loss: 0.691455, L1(Flow): 0.635181, Reg: 0.056274
Iter 30 of 338 Loss: 0.659283, L1(Flow): 0.600420, Reg: 0.058863
Iter 40 of 338 Loss: 0.617335, L1(Flow): 0.566402, Reg: 0.050933
Iter 50 of 338 Loss: 0.630782, L1(Flow): 0.578834, Reg: 0.051949
Iter 60 of 338 Loss: 0.662094, L1(Flow): 0.608134, Reg: 0.053960
Iter 70 of 338 Loss: 0.680988, L1(Flow): 0.624993, Reg: 0.055995
Iter 80 of 338 Loss: 0.678156, L1(Flow): 0.619351, Reg: 0.058805
Iter 90 of 338 Loss: 0.638539, L1(Flow): 0.586456, Reg: 0.052083
Iter 100 of 338 Loss: 0.630609, L1(Flow): 0.579219, Reg: 0.051390
Iter 110 of 338 Loss: 0.643256, L1(Flow): 0.587843, Reg: 0.055413
Iter 120 of 338 Loss: 0.658718, L1(Flow): 0.604667, Reg: 0.054051
Iter 130 of 338 Loss: 0.647964, L1(Flow): 0.595295, Reg: 0.052669
Iter 140 of 338 Loss: 0.667398, L1(Flow): 0.611967, Reg: 0.055431
Iter 150 of 338 Loss: 0.649510, L1(Flow): 0.596624, Reg: 0.052885
Iter 160 of 338 Loss: 0.634861, L1(Flow): 0.582839, Reg: 0.052022
Iter 170 of 338 Loss: 0.681897, L1(Flow): 0.629358, Reg: 0.052539
Iter 180 of 338 Loss: 0.657298, L1(Flow): 0.603269, Reg: 0.054029
Iter 190 of 338 Loss: 0.648995, L1(Flow): 0.600403, Reg: 0.048591
Iter 200 of 338 Loss: 0.679350, L1(Flow): 0.624699, Reg: 0.054651
Iter 210 of 338 Loss: 0.671267, L1(Flow): 0.613882, Reg: 0.057385
Iter 220 of 338 Loss: 0.639673, L1(Flow): 0.588774, Reg: 0.050899
Iter 230 of 338 Loss: 0.675038, L1(Flow): 0.619331, Reg: 0.055707
Iter 240 of 338 Loss: 0.666782, L1(Flow): 0.613492, Reg: 0.053290
Iter 250 of 338 Loss: 0.670397, L1(Flow): 0.610785, Reg: 0.059612
Iter 260 of 338 Loss: 0.685177, L1(Flow): 0.629956, Reg: 0.055220
Iter 270 of 338 Loss: 0.684468, L1(Flow): 0.624481, Reg: 0.059987
Iter 280 of 338 Loss: 0.708749, L1(Flow): 0.649419, Reg: 0.059331
Iter 290 of 338 Loss: 0.655238, L1(Flow): 0.603265, Reg: 0.051973
Iter 300 of 338 Loss: 0.646350, L1(Flow): 0.593199, Reg: 0.053151
Iter 310 of 338 Loss: 0.667658, L1(Flow): 0.608013, Reg: 0.059646
Iter 320 of 338 Loss: 0.617318, L1(Flow): 0.566060, Reg: 0.051258
Iter 330 of 338 Loss: 0.638227, L1(Flow): 0.585767, Reg: 0.052460
Epoch 313 Loss: 0.660380
Epoch 313 Validation: Mean EPE: 2.7504, Mean SSIM: 0.4018, Mean ZNCC: 0.6465
--> Saved to Top 5 best models (EPE: 2.7504)
--> New absolute BEST model updated with EPE: 2.7504
Epoch 314 starts
Iter 10 of 338 Loss: 0.674409, L1(Flow): 0.617250, Reg: 0.057159
Iter 20 of 338 Loss: 0.673899, L1(Flow): 0.615517, Reg: 0.058382
Iter 30 of 338 Loss: 0.634242, L1(Flow): 0.579526, Reg: 0.054716
Iter 40 of 338 Loss: 0.651497, L1(Flow): 0.598936, Reg: 0.052561
Iter 50 of 338 Loss: 0.715717, L1(Flow): 0.660019, Reg: 0.055698
Iter 60 of 338 Loss: 0.700890, L1(Flow): 0.643707, Reg: 0.057183
Iter 70 of 338 Loss: 0.710009, L1(Flow): 0.648189, Reg: 0.061820
Iter 80 of 338 Loss: 0.668545, L1(Flow): 0.613110, Reg: 0.055435
Iter 90 of 338 Loss: 0.648460, L1(Flow): 0.598026, Reg: 0.050434
Iter 100 of 338 Loss: 0.676338, L1(Flow): 0.621520, Reg: 0.054818
Iter 110 of 338 Loss: 0.649283, L1(Flow): 0.598058, Reg: 0.051225
Iter 120 of 338 Loss: 0.649104, L1(Flow): 0.597537, Reg: 0.051568
Iter 130 of 338 Loss: 0.688027, L1(Flow): 0.630013, Reg: 0.058014
Iter 140 of 338 Loss: 0.681641, L1(Flow): 0.629572, Reg: 0.052069
Iter 150 of 338 Loss: 0.638382, L1(Flow): 0.584975, Reg: 0.053407
Iter 160 of 338 Loss: 0.668250, L1(Flow): 0.613465, Reg: 0.054785
Iter 170 of 338 Loss: 0.633999, L1(Flow): 0.581160, Reg: 0.052839
Iter 180 of 338 Loss: 0.630243, L1(Flow): 0.577621, Reg: 0.052622
Iter 190 of 338 Loss: 0.620163, L1(Flow): 0.565878, Reg: 0.054285
Iter 200 of 338 Loss: 0.608010, L1(Flow): 0.555787, Reg: 0.052223
Iter 210 of 338 Loss: 0.645568, L1(Flow): 0.590970, Reg: 0.054598
Iter 220 of 338 Loss: 0.659984, L1(Flow): 0.605539, Reg: 0.054445
Iter 230 of 338 Loss: 0.630745, L1(Flow): 0.576933, Reg: 0.053812
Iter 240 of 338 Loss: 0.686847, L1(Flow): 0.635549, Reg: 0.051297
Iter 250 of 338 Loss: 0.600121, L1(Flow): 0.551485, Reg: 0.048636
Iter 260 of 338 Loss: 0.627760, L1(Flow): 0.575931, Reg: 0.051830
Iter 270 of 338 Loss: 0.689248, L1(Flow): 0.632781, Reg: 0.056467
Iter 280 of 338 Loss: 0.624035, L1(Flow): 0.576627, Reg: 0.047408
Iter 290 of 338 Loss: 0.659231, L1(Flow): 0.604490, Reg: 0.054741
Iter 300 of 338 Loss: 0.689386, L1(Flow): 0.631123, Reg: 0.058263
Iter 310 of 338 Loss: 0.648165, L1(Flow): 0.592023, Reg: 0.056143
Iter 320 of 338 Loss: 0.636143, L1(Flow): 0.581929, Reg: 0.054215
Iter 330 of 338 Loss: 0.651049, L1(Flow): 0.598118, Reg: 0.052932
Epoch 314 Loss: 0.660320
Epoch 314 Validation: Mean EPE: 2.7653, Mean SSIM: 0.4015, Mean ZNCC: 0.6463
Epoch 315 starts
Iter 10 of 338 Loss: 0.644496, L1(Flow): 0.589253, Reg: 0.055243
Iter 20 of 338 Loss: 0.637317, L1(Flow): 0.583457, Reg: 0.053860
Iter 30 of 338 Loss: 0.674995, L1(Flow): 0.620837, Reg: 0.054157
Iter 40 of 338 Loss: 0.669377, L1(Flow): 0.615411, Reg: 0.053966
Iter 50 of 338 Loss: 0.664009, L1(Flow): 0.612925, Reg: 0.051084
Iter 60 of 338 Loss: 0.672082, L1(Flow): 0.619969, Reg: 0.052113
Iter 70 of 338 Loss: 0.665262, L1(Flow): 0.609569, Reg: 0.055693
Iter 80 of 338 Loss: 0.673101, L1(Flow): 0.613832, Reg: 0.059269
Iter 90 of 338 Loss: 0.643887, L1(Flow): 0.589334, Reg: 0.054554
Iter 100 of 338 Loss: 0.645129, L1(Flow): 0.593746, Reg: 0.051383
Iter 110 of 338 Loss: 0.650771, L1(Flow): 0.598300, Reg: 0.052471
Iter 120 of 338 Loss: 0.648619, L1(Flow): 0.591151, Reg: 0.057468
Iter 130 of 338 Loss: 0.655469, L1(Flow): 0.600178, Reg: 0.055291
Iter 140 of 338 Loss: 0.661622, L1(Flow): 0.605100, Reg: 0.056522
Iter 150 of 338 Loss: 0.665949, L1(Flow): 0.611185, Reg: 0.054764
Iter 160 of 338 Loss: 0.647926, L1(Flow): 0.598067, Reg: 0.049859
Iter 170 of 338 Loss: 0.653429, L1(Flow): 0.599665, Reg: 0.053764
Iter 180 of 338 Loss: 0.658742, L1(Flow): 0.603959, Reg: 0.054784
Iter 190 of 338 Loss: 0.649885, L1(Flow): 0.597424, Reg: 0.052461
Iter 200 of 338 Loss: 0.643500, L1(Flow): 0.592914, Reg: 0.050586
Iter 210 of 338 Loss: 0.659445, L1(Flow): 0.609331, Reg: 0.050114
Iter 220 of 338 Loss: 0.651745, L1(Flow): 0.604411, Reg: 0.047335
Iter 230 of 338 Loss: 0.642811, L1(Flow): 0.587486, Reg: 0.055325
Iter 240 of 338 Loss: 0.651198, L1(Flow): 0.600117, Reg: 0.051081
Iter 250 of 338 Loss: 0.600441, L1(Flow): 0.552485, Reg: 0.047956
Iter 260 of 338 Loss: 0.656962, L1(Flow): 0.601011, Reg: 0.055951
Iter 270 of 338 Loss: 0.646840, L1(Flow): 0.589356, Reg: 0.057484
Iter 280 of 338 Loss: 0.655300, L1(Flow): 0.601273, Reg: 0.054027
Iter 290 of 338 Loss: 0.670841, L1(Flow): 0.617959, Reg: 0.052881
Iter 300 of 338 Loss: 0.695243, L1(Flow): 0.640541, Reg: 0.054702
Iter 310 of 338 Loss: 0.688169, L1(Flow): 0.630575, Reg: 0.057594
Iter 320 of 338 Loss: 0.637397, L1(Flow): 0.581928, Reg: 0.055469
Iter 330 of 338 Loss: 0.679327, L1(Flow): 0.620120, Reg: 0.059207
Epoch 315 Loss: 0.656267
Epoch 315 Validation: Mean EPE: 2.7703, Mean SSIM: 0.4016, Mean ZNCC: 0.6465
Epoch 316 starts
Iter 10 of 338 Loss: 0.656277, L1(Flow): 0.603653, Reg: 0.052623
Iter 20 of 338 Loss: 0.688650, L1(Flow): 0.636714, Reg: 0.051935
Iter 30 of 338 Loss: 0.627777, L1(Flow): 0.574389, Reg: 0.053388
Iter 40 of 338 Loss: 0.619045, L1(Flow): 0.568769, Reg: 0.050275
Iter 50 of 338 Loss: 0.726303, L1(Flow): 0.666557, Reg: 0.059746
Iter 60 of 338 Loss: 0.691992, L1(Flow): 0.633825, Reg: 0.058167
Iter 70 of 338 Loss: 0.696991, L1(Flow): 0.638694, Reg: 0.058296
Iter 80 of 338 Loss: 0.631604, L1(Flow): 0.582005, Reg: 0.049599
Iter 90 of 338 Loss: 0.627577, L1(Flow): 0.578427, Reg: 0.049150
Iter 100 of 338 Loss: 0.608851, L1(Flow): 0.560403, Reg: 0.048448
Iter 110 of 338 Loss: 0.652891, L1(Flow): 0.595883, Reg: 0.057008
Iter 120 of 338 Loss: 0.646029, L1(Flow): 0.588884, Reg: 0.057146
Iter 130 of 338 Loss: 0.682136, L1(Flow): 0.623795, Reg: 0.058341
Iter 140 of 338 Loss: 0.638023, L1(Flow): 0.587609, Reg: 0.050414
Iter 150 of 338 Loss: 0.683725, L1(Flow): 0.626693, Reg: 0.057032
Iter 160 of 338 Loss: 0.632287, L1(Flow): 0.581075, Reg: 0.051211
Iter 170 of 338 Loss: 0.645539, L1(Flow): 0.594793, Reg: 0.050746
Iter 180 of 338 Loss: 0.643065, L1(Flow): 0.593014, Reg: 0.050051
Iter 190 of 338 Loss: 0.649795, L1(Flow): 0.596307, Reg: 0.053487
Iter 200 of 338 Loss: 0.655057, L1(Flow): 0.600135, Reg: 0.054922
Iter 210 of 338 Loss: 0.663266, L1(Flow): 0.606992, Reg: 0.056275
Iter 220 of 338 Loss: 0.691441, L1(Flow): 0.632767, Reg: 0.058673
Iter 230 of 338 Loss: 0.694175, L1(Flow): 0.635400, Reg: 0.058775
Iter 240 of 338 Loss: 0.641251, L1(Flow): 0.584583, Reg: 0.056668
Iter 250 of 338 Loss: 0.654605, L1(Flow): 0.600817, Reg: 0.053788
Iter 260 of 338 Loss: 0.666029, L1(Flow): 0.611763, Reg: 0.054267
Iter 270 of 338 Loss: 0.637251, L1(Flow): 0.584678, Reg: 0.052573
Iter 280 of 338 Loss: 0.672621, L1(Flow): 0.614970, Reg: 0.057651
Iter 290 of 338 Loss: 0.672649, L1(Flow): 0.613207, Reg: 0.059441
Iter 300 of 338 Loss: 0.632574, L1(Flow): 0.582113, Reg: 0.050461
Iter 310 of 338 Loss: 0.612083, L1(Flow): 0.558494, Reg: 0.053589
Iter 320 of 338 Loss: 0.648741, L1(Flow): 0.596687, Reg: 0.052054
Iter 330 of 338 Loss: 0.618266, L1(Flow): 0.564183, Reg: 0.054083
Epoch 316 Loss: 0.658385
Epoch 316 Validation: Mean EPE: 2.7537, Mean SSIM: 0.4024, Mean ZNCC: 0.6466
--> Saved to Top 5 best models (EPE: 2.7537)
Epoch 317 starts
Iter 10 of 338 Loss: 0.667975, L1(Flow): 0.609952, Reg: 0.058023
Iter 20 of 338 Loss: 0.610165, L1(Flow): 0.560119, Reg: 0.050045
Iter 30 of 338 Loss: 0.671583, L1(Flow): 0.612705, Reg: 0.058879
Iter 40 of 338 Loss: 0.640765, L1(Flow): 0.587150, Reg: 0.053615
Iter 50 of 338 Loss: 0.634599, L1(Flow): 0.582150, Reg: 0.052448
Iter 60 of 338 Loss: 0.659935, L1(Flow): 0.606307, Reg: 0.053628
Iter 70 of 338 Loss: 0.673392, L1(Flow): 0.618540, Reg: 0.054852
Iter 80 of 338 Loss: 0.632305, L1(Flow): 0.583147, Reg: 0.049158
Iter 90 of 338 Loss: 0.607728, L1(Flow): 0.559023, Reg: 0.048705
Iter 100 of 338 Loss: 0.650330, L1(Flow): 0.595393, Reg: 0.054937
Iter 110 of 338 Loss: 0.649092, L1(Flow): 0.591767, Reg: 0.057325
Iter 120 of 338 Loss: 0.693592, L1(Flow): 0.637641, Reg: 0.055951
Iter 130 of 338 Loss: 0.645629, L1(Flow): 0.594178, Reg: 0.051451
Iter 140 of 338 Loss: 0.649693, L1(Flow): 0.597009, Reg: 0.052684
Iter 150 of 338 Loss: 0.633098, L1(Flow): 0.586114, Reg: 0.046984
Iter 160 of 338 Loss: 0.640888, L1(Flow): 0.585285, Reg: 0.055603
Iter 170 of 338 Loss: 0.688435, L1(Flow): 0.628797, Reg: 0.059638
Iter 180 of 338 Loss: 0.630348, L1(Flow): 0.579166, Reg: 0.051181
Iter 190 of 338 Loss: 0.628807, L1(Flow): 0.575999, Reg: 0.052808
Iter 200 of 338 Loss: 0.639042, L1(Flow): 0.586106, Reg: 0.052936
Iter 210 of 338 Loss: 0.668855, L1(Flow): 0.615236, Reg: 0.053619
Iter 220 of 338 Loss: 0.651703, L1(Flow): 0.598994, Reg: 0.052709
Iter 230 of 338 Loss: 0.685184, L1(Flow): 0.631290, Reg: 0.053894
Iter 240 of 338 Loss: 0.668117, L1(Flow): 0.610513, Reg: 0.057605
Iter 250 of 338 Loss: 0.685209, L1(Flow): 0.625988, Reg: 0.059221
Iter 260 of 338 Loss: 0.666423, L1(Flow): 0.616249, Reg: 0.050175
Iter 270 of 338 Loss: 0.639958, L1(Flow): 0.587974, Reg: 0.051984
Iter 280 of 338 Loss: 0.620305, L1(Flow): 0.570234, Reg: 0.050070
Iter 290 of 338 Loss: 0.686030, L1(Flow): 0.628600, Reg: 0.057430
Iter 300 of 338 Loss: 0.662399, L1(Flow): 0.608827, Reg: 0.053572
Iter 310 of 338 Loss: 0.656787, L1(Flow): 0.601828, Reg: 0.054958
Iter 320 of 338 Loss: 0.667543, L1(Flow): 0.610039, Reg: 0.057504
Iter 330 of 338 Loss: 0.655624, L1(Flow): 0.604612, Reg: 0.051012
Epoch 317 Loss: 0.660750
Epoch 317 Validation: Mean EPE: 2.7742, Mean SSIM: 0.4011, Mean ZNCC: 0.6462
Epoch 318 starts
Iter 10 of 338 Loss: 0.707035, L1(Flow): 0.649876, Reg: 0.057159
Iter 20 of 338 Loss: 0.652088, L1(Flow): 0.601212, Reg: 0.050876
Iter 30 of 338 Loss: 0.679076, L1(Flow): 0.622134, Reg: 0.056942
Iter 40 of 338 Loss: 0.636781, L1(Flow): 0.583796, Reg: 0.052984
Iter 50 of 338 Loss: 0.701092, L1(Flow): 0.644828, Reg: 0.056264
Iter 60 of 338 Loss: 0.655130, L1(Flow): 0.597713, Reg: 0.057418
Iter 70 of 338 Loss: 0.667576, L1(Flow): 0.611174, Reg: 0.056403
Iter 80 of 338 Loss: 0.693590, L1(Flow): 0.637725, Reg: 0.055865
Iter 90 of 338 Loss: 0.654455, L1(Flow): 0.602957, Reg: 0.051498
Iter 100 of 338 Loss: 0.623218, L1(Flow): 0.571317, Reg: 0.051901
Iter 110 of 338 Loss: 0.645320, L1(Flow): 0.590952, Reg: 0.054369
Iter 120 of 338 Loss: 0.698299, L1(Flow): 0.639116, Reg: 0.059182
Iter 130 of 338 Loss: 0.664768, L1(Flow): 0.607513, Reg: 0.057254
Iter 140 of 338 Loss: 0.699410, L1(Flow): 0.638859, Reg: 0.060551
Iter 150 of 338 Loss: 0.655320, L1(Flow): 0.600572, Reg: 0.054749
Iter 160 of 338 Loss: 0.669304, L1(Flow): 0.612822, Reg: 0.056481
Iter 170 of 338 Loss: 0.604898, L1(Flow): 0.553172, Reg: 0.051726
Iter 180 of 338 Loss: 0.694898, L1(Flow): 0.636056, Reg: 0.058842
Iter 190 of 338 Loss: 0.625692, L1(Flow): 0.574319, Reg: 0.051372
Iter 200 of 338 Loss: 0.666401, L1(Flow): 0.608844, Reg: 0.057557
Iter 210 of 338 Loss: 0.705744, L1(Flow): 0.648582, Reg: 0.057162
Iter 220 of 338 Loss: 0.660254, L1(Flow): 0.608109, Reg: 0.052144
Iter 230 of 338 Loss: 0.632635, L1(Flow): 0.579903, Reg: 0.052731
Iter 240 of 338 Loss: 0.692015, L1(Flow): 0.635883, Reg: 0.056132
Iter 250 of 338 Loss: 0.663390, L1(Flow): 0.602682, Reg: 0.060708
Iter 260 of 338 Loss: 0.658170, L1(Flow): 0.603207, Reg: 0.054963
Iter 270 of 338 Loss: 0.641187, L1(Flow): 0.587775, Reg: 0.053413
Iter 280 of 338 Loss: 0.681032, L1(Flow): 0.624700, Reg: 0.056331
Iter 290 of 338 Loss: 0.621377, L1(Flow): 0.569483, Reg: 0.051893
Iter 300 of 338 Loss: 0.654825, L1(Flow): 0.602661, Reg: 0.052163
Iter 310 of 338 Loss: 0.680959, L1(Flow): 0.620156, Reg: 0.060803
Iter 320 of 338 Loss: 0.657308, L1(Flow): 0.604974, Reg: 0.052333
Iter 330 of 338 Loss: 0.663816, L1(Flow): 0.609797, Reg: 0.054019
Epoch 318 Loss: 0.659831
Epoch 318 Validation: Mean EPE: 2.7669, Mean SSIM: 0.4004, Mean ZNCC: 0.6462
Epoch 319 starts
Iter 10 of 338 Loss: 0.691533, L1(Flow): 0.633326, Reg: 0.058207
Iter 20 of 338 Loss: 0.666459, L1(Flow): 0.612667, Reg: 0.053792
Iter 30 of 338 Loss: 0.627643, L1(Flow): 0.575874, Reg: 0.051769
Iter 40 of 338 Loss: 0.681691, L1(Flow): 0.627028, Reg: 0.054663
Iter 50 of 338 Loss: 0.657640, L1(Flow): 0.600462, Reg: 0.057178
Iter 60 of 338 Loss: 0.639608, L1(Flow): 0.588556, Reg: 0.051051
Iter 70 of 338 Loss: 0.629530, L1(Flow): 0.578906, Reg: 0.050624
Iter 80 of 338 Loss: 0.623896, L1(Flow): 0.576124, Reg: 0.047771
Iter 90 of 338 Loss: 0.636702, L1(Flow): 0.586693, Reg: 0.050010
Iter 100 of 338 Loss: 0.648948, L1(Flow): 0.594359, Reg: 0.054589
Iter 110 of 338 Loss: 0.653187, L1(Flow): 0.597740, Reg: 0.055447
Iter 120 of 338 Loss: 0.648289, L1(Flow): 0.597142, Reg: 0.051147
Iter 130 of 338 Loss: 0.644071, L1(Flow): 0.596427, Reg: 0.047643
Iter 140 of 338 Loss: 0.670653, L1(Flow): 0.616042, Reg: 0.054610
Iter 150 of 338 Loss: 0.615652, L1(Flow): 0.565012, Reg: 0.050640
Iter 160 of 338 Loss: 0.629763, L1(Flow): 0.579766, Reg: 0.049997
Iter 170 of 338 Loss: 0.629532, L1(Flow): 0.574418, Reg: 0.055114
Iter 180 of 338 Loss: 0.647394, L1(Flow): 0.592762, Reg: 0.054632
Iter 190 of 338 Loss: 0.649588, L1(Flow): 0.593871, Reg: 0.055717
Iter 200 of 338 Loss: 0.669282, L1(Flow): 0.614844, Reg: 0.054438
Iter 210 of 338 Loss: 0.663679, L1(Flow): 0.606291, Reg: 0.057388
Iter 220 of 338 Loss: 0.659065, L1(Flow): 0.606102, Reg: 0.052962
Iter 230 of 338 Loss: 0.660955, L1(Flow): 0.607665, Reg: 0.053291
Iter 240 of 338 Loss: 0.682197, L1(Flow): 0.628819, Reg: 0.053378
Iter 250 of 338 Loss: 0.621495, L1(Flow): 0.569574, Reg: 0.051922
Iter 260 of 338 Loss: 0.649310, L1(Flow): 0.599442, Reg: 0.049868
Iter 270 of 338 Loss: 0.653147, L1(Flow): 0.600331, Reg: 0.052815
Iter 280 of 338 Loss: 0.680096, L1(Flow): 0.621638, Reg: 0.058458
Iter 290 of 338 Loss: 0.623436, L1(Flow): 0.570619, Reg: 0.052817
Iter 300 of 338 Loss: 0.658814, L1(Flow): 0.603640, Reg: 0.055174
Iter 310 of 338 Loss: 0.666511, L1(Flow): 0.611793, Reg: 0.054718
Iter 320 of 338 Loss: 0.669128, L1(Flow): 0.615777, Reg: 0.053350
Iter 330 of 338 Loss: 0.715489, L1(Flow): 0.653959, Reg: 0.061529
Epoch 319 Loss: 0.657570
Epoch 319 Validation: Mean EPE: 2.7615, Mean SSIM: 0.4016, Mean ZNCC: 0.6465
Epoch 320 starts
Iter 10 of 338 Loss: 0.725066, L1(Flow): 0.663423, Reg: 0.061643
Iter 20 of 338 Loss: 0.687928, L1(Flow): 0.637378, Reg: 0.050550
Iter 30 of 338 Loss: 0.653927, L1(Flow): 0.598759, Reg: 0.055168
Iter 40 of 338 Loss: 0.702275, L1(Flow): 0.646964, Reg: 0.055311
Iter 50 of 338 Loss: 0.721607, L1(Flow): 0.662361, Reg: 0.059246
Iter 60 of 338 Loss: 0.663334, L1(Flow): 0.610167, Reg: 0.053167
Iter 70 of 338 Loss: 0.690644, L1(Flow): 0.636759, Reg: 0.053886
Iter 80 of 338 Loss: 0.601026, L1(Flow): 0.548880, Reg: 0.052146
Iter 90 of 338 Loss: 0.660034, L1(Flow): 0.605116, Reg: 0.054918
Iter 100 of 338 Loss: 0.651427, L1(Flow): 0.598660, Reg: 0.052767
Iter 110 of 338 Loss: 0.685979, L1(Flow): 0.629939, Reg: 0.056040
Iter 120 of 338 Loss: 0.675528, L1(Flow): 0.621512, Reg: 0.054016
Iter 130 of 338 Loss: 0.646770, L1(Flow): 0.591510, Reg: 0.055260
Iter 140 of 338 Loss: 0.632883, L1(Flow): 0.584612, Reg: 0.048271
Iter 150 of 338 Loss: 0.671447, L1(Flow): 0.615991, Reg: 0.055455
Iter 160 of 338 Loss: 0.655107, L1(Flow): 0.598230, Reg: 0.056877
Iter 170 of 338 Loss: 0.641266, L1(Flow): 0.585939, Reg: 0.055326
Iter 180 of 338 Loss: 0.662211, L1(Flow): 0.609608, Reg: 0.052602
Iter 190 of 338 Loss: 0.661438, L1(Flow): 0.604260, Reg: 0.057178
Iter 200 of 338 Loss: 0.632833, L1(Flow): 0.580322, Reg: 0.052511
Iter 210 of 338 Loss: 0.653451, L1(Flow): 0.598726, Reg: 0.054725
Iter 220 of 338 Loss: 0.643634, L1(Flow): 0.592238, Reg: 0.051396
Iter 230 of 338 Loss: 0.663543, L1(Flow): 0.607281, Reg: 0.056262
Iter 240 of 338 Loss: 0.606790, L1(Flow): 0.556907, Reg: 0.049882
Iter 250 of 338 Loss: 0.635367, L1(Flow): 0.584369, Reg: 0.050997
Iter 260 of 338 Loss: 0.681706, L1(Flow): 0.623560, Reg: 0.058146
Iter 270 of 338 Loss: 0.623598, L1(Flow): 0.574315, Reg: 0.049282
Iter 280 of 338 Loss: 0.665529, L1(Flow): 0.605550, Reg: 0.059978
Iter 290 of 338 Loss: 0.677699, L1(Flow): 0.617552, Reg: 0.060147
Iter 300 of 338 Loss: 0.641177, L1(Flow): 0.591072, Reg: 0.050105
Iter 310 of 338 Loss: 0.618359, L1(Flow): 0.566326, Reg: 0.052033
Iter 320 of 338 Loss: 0.680871, L1(Flow): 0.628042, Reg: 0.052829
Iter 330 of 338 Loss: 0.598274, L1(Flow): 0.552091, Reg: 0.046183
Epoch 320 Loss: 0.659157
Epoch 320 Validation: Mean EPE: 2.7595, Mean SSIM: 0.4013, Mean ZNCC: 0.6467
Epoch 321 starts
Iter 10 of 338 Loss: 0.690491, L1(Flow): 0.632081, Reg: 0.058410
Iter 20 of 338 Loss: 0.655770, L1(Flow): 0.605648, Reg: 0.050122
Iter 30 of 338 Loss: 0.639894, L1(Flow): 0.586400, Reg: 0.053494
Iter 40 of 338 Loss: 0.655379, L1(Flow): 0.604984, Reg: 0.050394
Iter 50 of 338 Loss: 0.702434, L1(Flow): 0.646251, Reg: 0.056183
Iter 60 of 338 Loss: 0.646533, L1(Flow): 0.593700, Reg: 0.052833
Iter 70 of 338 Loss: 0.647082, L1(Flow): 0.591038, Reg: 0.056044
Iter 80 of 338 Loss: 0.630345, L1(Flow): 0.579922, Reg: 0.050424
Iter 90 of 338 Loss: 0.677209, L1(Flow): 0.620043, Reg: 0.057166
Iter 100 of 338 Loss: 0.652588, L1(Flow): 0.596954, Reg: 0.055634
Iter 110 of 338 Loss: 0.611213, L1(Flow): 0.556766, Reg: 0.054446
Iter 120 of 338 Loss: 0.650635, L1(Flow): 0.597075, Reg: 0.053560
Iter 130 of 338 Loss: 0.614748, L1(Flow): 0.563020, Reg: 0.051728
Iter 140 of 338 Loss: 0.637460, L1(Flow): 0.587773, Reg: 0.049688
Iter 150 of 338 Loss: 0.708578, L1(Flow): 0.650735, Reg: 0.057843
Iter 160 of 338 Loss: 0.634866, L1(Flow): 0.582181, Reg: 0.052685
Iter 170 of 338 Loss: 0.645564, L1(Flow): 0.591151, Reg: 0.054413
Iter 180 of 338 Loss: 0.675739, L1(Flow): 0.620519, Reg: 0.055220
Iter 190 of 338 Loss: 0.671662, L1(Flow): 0.616616, Reg: 0.055046
Iter 200 of 338 Loss: 0.657092, L1(Flow): 0.603317, Reg: 0.053775
Iter 210 of 338 Loss: 0.705382, L1(Flow): 0.647314, Reg: 0.058068
Iter 220 of 338 Loss: 0.647234, L1(Flow): 0.594579, Reg: 0.052655
Iter 230 of 338 Loss: 0.659582, L1(Flow): 0.607348, Reg: 0.052235
Iter 240 of 338 Loss: 0.704541, L1(Flow): 0.644048, Reg: 0.060494
Iter 250 of 338 Loss: 0.672882, L1(Flow): 0.620900, Reg: 0.051982
Iter 260 of 338 Loss: 0.683150, L1(Flow): 0.625080, Reg: 0.058070
Iter 270 of 338 Loss: 0.672112, L1(Flow): 0.616081, Reg: 0.056031
Iter 280 of 338 Loss: 0.623473, L1(Flow): 0.575533, Reg: 0.047940
Iter 290 of 338 Loss: 0.669644, L1(Flow): 0.612922, Reg: 0.056722
Iter 300 of 338 Loss: 0.661105, L1(Flow): 0.607767, Reg: 0.053339
Iter 310 of 338 Loss: 0.626292, L1(Flow): 0.574155, Reg: 0.052136
Iter 320 of 338 Loss: 0.692919, L1(Flow): 0.638342, Reg: 0.054577
Iter 330 of 338 Loss: 0.615599, L1(Flow): 0.564022, Reg: 0.051576
Epoch 321 Loss: 0.656164
Epoch 321 Validation: Mean EPE: 2.7612, Mean SSIM: 0.4018, Mean ZNCC: 0.6467
Epoch 322 starts
Iter 10 of 338 Loss: 0.683547, L1(Flow): 0.622864, Reg: 0.060683
Iter 20 of 338 Loss: 0.682050, L1(Flow): 0.624645, Reg: 0.057405
Iter 30 of 338 Loss: 0.698520, L1(Flow): 0.642483, Reg: 0.056037
Iter 40 of 338 Loss: 0.678104, L1(Flow): 0.622126, Reg: 0.055977
Iter 50 of 338 Loss: 0.677362, L1(Flow): 0.623879, Reg: 0.053483
Iter 60 of 338 Loss: 0.694126, L1(Flow): 0.637900, Reg: 0.056226
Iter 70 of 338 Loss: 0.630128, L1(Flow): 0.575931, Reg: 0.054196
Iter 80 of 338 Loss: 0.647719, L1(Flow): 0.594183, Reg: 0.053536
Iter 90 of 338 Loss: 0.702128, L1(Flow): 0.646800, Reg: 0.055328
Iter 100 of 338 Loss: 0.650636, L1(Flow): 0.594331, Reg: 0.056305
Iter 110 of 338 Loss: 0.666600, L1(Flow): 0.611380, Reg: 0.055220
Iter 120 of 338 Loss: 0.644403, L1(Flow): 0.592081, Reg: 0.052322
Iter 130 of 338 Loss: 0.665811, L1(Flow): 0.609137, Reg: 0.056673
Iter 140 of 338 Loss: 0.633233, L1(Flow): 0.578565, Reg: 0.054668
Iter 150 of 338 Loss: 0.626411, L1(Flow): 0.571846, Reg: 0.054564
Iter 160 of 338 Loss: 0.646205, L1(Flow): 0.593652, Reg: 0.052553
Iter 170 of 338 Loss: 0.686161, L1(Flow): 0.636811, Reg: 0.049350
Iter 180 of 338 Loss: 0.693916, L1(Flow): 0.635309, Reg: 0.058606
Iter 190 of 338 Loss: 0.648868, L1(Flow): 0.594879, Reg: 0.053988
Iter 200 of 338 Loss: 0.649981, L1(Flow): 0.592465, Reg: 0.057517
Iter 210 of 338 Loss: 0.692377, L1(Flow): 0.638717, Reg: 0.053660
Iter 220 of 338 Loss: 0.619171, L1(Flow): 0.568738, Reg: 0.050433
Iter 230 of 338 Loss: 0.638607, L1(Flow): 0.582926, Reg: 0.055681
Iter 240 of 338 Loss: 0.686875, L1(Flow): 0.629189, Reg: 0.057686
Iter 250 of 338 Loss: 0.678324, L1(Flow): 0.623613, Reg: 0.054710
Iter 260 of 338 Loss: 0.676125, L1(Flow): 0.622932, Reg: 0.053192
Iter 270 of 338 Loss: 0.643976, L1(Flow): 0.589233, Reg: 0.054743
Iter 280 of 338 Loss: 0.690662, L1(Flow): 0.635842, Reg: 0.054819
Iter 290 of 338 Loss: 0.630194, L1(Flow): 0.578494, Reg: 0.051701
Iter 300 of 338 Loss: 0.624403, L1(Flow): 0.567104, Reg: 0.057300
Iter 310 of 338 Loss: 0.645507, L1(Flow): 0.596523, Reg: 0.048984
Iter 320 of 338 Loss: 0.690669, L1(Flow): 0.633309, Reg: 0.057360
Iter 330 of 338 Loss: 0.642465, L1(Flow): 0.588281, Reg: 0.054184
Epoch 322 Loss: 0.654860
Epoch 322 Validation: Mean EPE: 2.7611, Mean SSIM: 0.4015, Mean ZNCC: 0.6465
Epoch 323 starts
Iter 10 of 338 Loss: 0.714864, L1(Flow): 0.656007, Reg: 0.058857
Iter 20 of 338 Loss: 0.667773, L1(Flow): 0.610456, Reg: 0.057317
Iter 30 of 338 Loss: 0.625546, L1(Flow): 0.574101, Reg: 0.051445
Iter 40 of 338 Loss: 0.691746, L1(Flow): 0.631373, Reg: 0.060373
Iter 50 of 338 Loss: 0.635023, L1(Flow): 0.583754, Reg: 0.051269
Iter 60 of 338 Loss: 0.606493, L1(Flow): 0.555338, Reg: 0.051155
Iter 70 of 338 Loss: 0.644077, L1(Flow): 0.590800, Reg: 0.053278
Iter 80 of 338 Loss: 0.663626, L1(Flow): 0.609593, Reg: 0.054033
Iter 90 of 338 Loss: 0.668589, L1(Flow): 0.612766, Reg: 0.055823
Iter 100 of 338 Loss: 0.646903, L1(Flow): 0.599076, Reg: 0.047827
Iter 110 of 338 Loss: 0.663476, L1(Flow): 0.605673, Reg: 0.057802
Iter 120 of 338 Loss: 0.631123, L1(Flow): 0.578268, Reg: 0.052855
Iter 130 of 338 Loss: 0.655864, L1(Flow): 0.600346, Reg: 0.055518
Iter 140 of 338 Loss: 0.641511, L1(Flow): 0.590898, Reg: 0.050613
Iter 150 of 338 Loss: 0.645113, L1(Flow): 0.593087, Reg: 0.052026
Iter 160 of 338 Loss: 0.656718, L1(Flow): 0.599858, Reg: 0.056859
Iter 170 of 338 Loss: 0.656595, L1(Flow): 0.602360, Reg: 0.054235
Iter 180 of 338 Loss: 0.651151, L1(Flow): 0.596752, Reg: 0.054399
Iter 190 of 338 Loss: 0.652898, L1(Flow): 0.600516, Reg: 0.052382
Iter 200 of 338 Loss: 0.645936, L1(Flow): 0.592771, Reg: 0.053165
Iter 210 of 338 Loss: 0.620968, L1(Flow): 0.571791, Reg: 0.049176
Iter 220 of 338 Loss: 0.642212, L1(Flow): 0.591508, Reg: 0.050704
Iter 230 of 338 Loss: 0.662011, L1(Flow): 0.607373, Reg: 0.054638
Iter 240 of 338 Loss: 0.657666, L1(Flow): 0.607758, Reg: 0.049908
Iter 250 of 338 Loss: 0.630712, L1(Flow): 0.577819, Reg: 0.052893
Iter 260 of 338 Loss: 0.667880, L1(Flow): 0.610636, Reg: 0.057244
Iter 270 of 338 Loss: 0.697554, L1(Flow): 0.641119, Reg: 0.056435
Iter 280 of 338 Loss: 0.678446, L1(Flow): 0.623141, Reg: 0.055305
Iter 290 of 338 Loss: 0.662778, L1(Flow): 0.609405, Reg: 0.053373
Iter 300 of 338 Loss: 0.696884, L1(Flow): 0.641669, Reg: 0.055215
Iter 310 of 338 Loss: 0.709714, L1(Flow): 0.652087, Reg: 0.057628
Iter 320 of 338 Loss: 0.671357, L1(Flow): 0.618075, Reg: 0.053282
Iter 330 of 338 Loss: 0.662315, L1(Flow): 0.608069, Reg: 0.054246
Epoch 323 Loss: 0.654742
Epoch 323 Validation: Mean EPE: 2.7844, Mean SSIM: 0.4005, Mean ZNCC: 0.6461
Epoch 324 starts
Iter 10 of 338 Loss: 0.631399, L1(Flow): 0.584322, Reg: 0.047077
Iter 20 of 338 Loss: 0.662634, L1(Flow): 0.612286, Reg: 0.050348
Iter 30 of 338 Loss: 0.689024, L1(Flow): 0.631665, Reg: 0.057359
Iter 40 of 338 Loss: 0.650764, L1(Flow): 0.594478, Reg: 0.056286
Iter 50 of 338 Loss: 0.654814, L1(Flow): 0.599000, Reg: 0.055814
Iter 60 of 338 Loss: 0.637291, L1(Flow): 0.586142, Reg: 0.051150
Iter 70 of 338 Loss: 0.627707, L1(Flow): 0.578129, Reg: 0.049578
Iter 80 of 338 Loss: 0.633740, L1(Flow): 0.582469, Reg: 0.051270
Iter 90 of 338 Loss: 0.680925, L1(Flow): 0.624820, Reg: 0.056104
Iter 100 of 338 Loss: 0.645069, L1(Flow): 0.591368, Reg: 0.053701
Iter 110 of 338 Loss: 0.661164, L1(Flow): 0.606771, Reg: 0.054393
Iter 120 of 338 Loss: 0.674887, L1(Flow): 0.620540, Reg: 0.054347
Iter 130 of 338 Loss: 0.661343, L1(Flow): 0.605312, Reg: 0.056031
Iter 140 of 338 Loss: 0.646607, L1(Flow): 0.592085, Reg: 0.054522
Iter 150 of 338 Loss: 0.627598, L1(Flow): 0.577557, Reg: 0.050041
Iter 160 of 338 Loss: 0.626834, L1(Flow): 0.576442, Reg: 0.050391
Iter 170 of 338 Loss: 0.646995, L1(Flow): 0.590177, Reg: 0.056817
Iter 180 of 338 Loss: 0.637512, L1(Flow): 0.591998, Reg: 0.045514
Iter 190 of 338 Loss: 0.638058, L1(Flow): 0.586070, Reg: 0.051988
Iter 200 of 338 Loss: 0.645820, L1(Flow): 0.594102, Reg: 0.051717
Iter 210 of 338 Loss: 0.677790, L1(Flow): 0.621688, Reg: 0.056103
Iter 220 of 338 Loss: 0.656123, L1(Flow): 0.598643, Reg: 0.057480
Iter 230 of 338 Loss: 0.637953, L1(Flow): 0.589026, Reg: 0.048927
Iter 240 of 338 Loss: 0.651747, L1(Flow): 0.599088, Reg: 0.052659
Iter 250 of 338 Loss: 0.697877, L1(Flow): 0.635160, Reg: 0.062716
Iter 260 of 338 Loss: 0.622545, L1(Flow): 0.572824, Reg: 0.049721
Iter 270 of 338 Loss: 0.659465, L1(Flow): 0.601221, Reg: 0.058244
Iter 280 of 338 Loss: 0.623238, L1(Flow): 0.579978, Reg: 0.043260
Iter 290 of 338 Loss: 0.673832, L1(Flow): 0.617136, Reg: 0.056696
Iter 300 of 338 Loss: 0.654245, L1(Flow): 0.600385, Reg: 0.053859
Iter 310 of 338 Loss: 0.678519, L1(Flow): 0.622874, Reg: 0.055644
Iter 320 of 338 Loss: 0.677963, L1(Flow): 0.622361, Reg: 0.055602
Iter 330 of 338 Loss: 0.646013, L1(Flow): 0.591715, Reg: 0.054298
Epoch 324 Loss: 0.657227
Epoch 324 Validation: Mean EPE: 2.7565, Mean SSIM: 0.4021, Mean ZNCC: 0.6466
Epoch 325 starts
Iter 10 of 338 Loss: 0.681473, L1(Flow): 0.625509, Reg: 0.055965
Iter 20 of 338 Loss: 0.668964, L1(Flow): 0.613385, Reg: 0.055579
Iter 30 of 338 Loss: 0.668099, L1(Flow): 0.611947, Reg: 0.056152
Iter 40 of 338 Loss: 0.670867, L1(Flow): 0.612356, Reg: 0.058511
Iter 50 of 338 Loss: 0.617039, L1(Flow): 0.564673, Reg: 0.052366
Iter 60 of 338 Loss: 0.629612, L1(Flow): 0.576261, Reg: 0.053351
Iter 70 of 338 Loss: 0.661622, L1(Flow): 0.604446, Reg: 0.057177
Iter 80 of 338 Loss: 0.643624, L1(Flow): 0.591443, Reg: 0.052181
Iter 90 of 338 Loss: 0.663988, L1(Flow): 0.609546, Reg: 0.054443
Iter 100 of 338 Loss: 0.683768, L1(Flow): 0.627069, Reg: 0.056700
Iter 110 of 338 Loss: 0.682882, L1(Flow): 0.623502, Reg: 0.059381
Iter 120 of 338 Loss: 0.641815, L1(Flow): 0.588676, Reg: 0.053139
Iter 130 of 338 Loss: 0.649107, L1(Flow): 0.594584, Reg: 0.054523
Iter 140 of 338 Loss: 0.680937, L1(Flow): 0.622432, Reg: 0.058505
Iter 150 of 338 Loss: 0.647698, L1(Flow): 0.592855, Reg: 0.054844
Iter 160 of 338 Loss: 0.615250, L1(Flow): 0.565520, Reg: 0.049730
Iter 170 of 338 Loss: 0.662225, L1(Flow): 0.606240, Reg: 0.055985
Iter 180 of 338 Loss: 0.687819, L1(Flow): 0.629744, Reg: 0.058075
Iter 190 of 338 Loss: 0.660573, L1(Flow): 0.606152, Reg: 0.054421
Iter 200 of 338 Loss: 0.688068, L1(Flow): 0.634116, Reg: 0.053952
Iter 210 of 338 Loss: 0.675758, L1(Flow): 0.616952, Reg: 0.058806
Iter 220 of 338 Loss: 0.655926, L1(Flow): 0.601411, Reg: 0.054514
Iter 230 of 338 Loss: 0.653066, L1(Flow): 0.603354, Reg: 0.049712
Iter 240 of 338 Loss: 0.625799, L1(Flow): 0.577298, Reg: 0.048501
Iter 250 of 338 Loss: 0.626414, L1(Flow): 0.575475, Reg: 0.050939
Iter 260 of 338 Loss: 0.635573, L1(Flow): 0.580030, Reg: 0.055543
Iter 270 of 338 Loss: 0.692158, L1(Flow): 0.634093, Reg: 0.058064
Iter 280 of 338 Loss: 0.645698, L1(Flow): 0.591700, Reg: 0.053998
Iter 290 of 338 Loss: 0.650655, L1(Flow): 0.598842, Reg: 0.051814
Iter 300 of 338 Loss: 0.676436, L1(Flow): 0.619426, Reg: 0.057010
Iter 310 of 338 Loss: 0.618444, L1(Flow): 0.565066, Reg: 0.053377
Iter 320 of 338 Loss: 0.604466, L1(Flow): 0.553299, Reg: 0.051168
Iter 330 of 338 Loss: 0.640430, L1(Flow): 0.588477, Reg: 0.051953
Epoch 325 Loss: 0.652141
Epoch 325 Validation: Mean EPE: 2.7545, Mean SSIM: 0.4017, Mean ZNCC: 0.6467
Epoch 326 starts
Iter 10 of 338 Loss: 0.672919, L1(Flow): 0.615917, Reg: 0.057002
Iter 20 of 338 Loss: 0.610302, L1(Flow): 0.560272, Reg: 0.050030
Iter 30 of 338 Loss: 0.653808, L1(Flow): 0.597251, Reg: 0.056557
Iter 40 of 338 Loss: 0.669176, L1(Flow): 0.609354, Reg: 0.059822
Iter 50 of 338 Loss: 0.610783, L1(Flow): 0.561299, Reg: 0.049484
Iter 60 of 338 Loss: 0.657062, L1(Flow): 0.599954, Reg: 0.057108
Iter 70 of 338 Loss: 0.611027, L1(Flow): 0.559254, Reg: 0.051773
Iter 80 of 338 Loss: 0.625220, L1(Flow): 0.577867, Reg: 0.047353
Iter 90 of 338 Loss: 0.643348, L1(Flow): 0.590933, Reg: 0.052415
Iter 100 of 338 Loss: 0.634508, L1(Flow): 0.577356, Reg: 0.057152
Iter 110 of 338 Loss: 0.684570, L1(Flow): 0.629351, Reg: 0.055220
Iter 120 of 338 Loss: 0.644990, L1(Flow): 0.586708, Reg: 0.058282
Iter 130 of 338 Loss: 0.634966, L1(Flow): 0.583707, Reg: 0.051258
Iter 140 of 338 Loss: 0.643710, L1(Flow): 0.591550, Reg: 0.052160
Iter 150 of 338 Loss: 0.631213, L1(Flow): 0.578403, Reg: 0.052810
Iter 160 of 338 Loss: 0.637497, L1(Flow): 0.581826, Reg: 0.055671
Iter 170 of 338 Loss: 0.637227, L1(Flow): 0.585936, Reg: 0.051291
Iter 180 of 338 Loss: 0.616907, L1(Flow): 0.565132, Reg: 0.051775
Iter 190 of 338 Loss: 0.601352, L1(Flow): 0.553544, Reg: 0.047807
Iter 200 of 338 Loss: 0.696092, L1(Flow): 0.638944, Reg: 0.057148
Iter 210 of 338 Loss: 0.679253, L1(Flow): 0.624131, Reg: 0.055122
Iter 220 of 338 Loss: 0.656927, L1(Flow): 0.603880, Reg: 0.053047
Iter 230 of 338 Loss: 0.667635, L1(Flow): 0.611594, Reg: 0.056041
Iter 240 of 338 Loss: 0.608473, L1(Flow): 0.557676, Reg: 0.050797
Iter 250 of 338 Loss: 0.664089, L1(Flow): 0.608398, Reg: 0.055691
Iter 260 of 338 Loss: 0.608242, L1(Flow): 0.560159, Reg: 0.048083
Iter 270 of 338 Loss: 0.646132, L1(Flow): 0.593528, Reg: 0.052603
Iter 280 of 338 Loss: 0.627082, L1(Flow): 0.574787, Reg: 0.052295
Iter 290 of 338 Loss: 0.634945, L1(Flow): 0.582207, Reg: 0.052737
Iter 300 of 338 Loss: 0.657102, L1(Flow): 0.604893, Reg: 0.052209
Iter 310 of 338 Loss: 0.665892, L1(Flow): 0.608312, Reg: 0.057580
Iter 320 of 338 Loss: 0.642346, L1(Flow): 0.588012, Reg: 0.054334
Iter 330 of 338 Loss: 0.647527, L1(Flow): 0.595245, Reg: 0.052282
Epoch 326 Loss: 0.647944
Epoch 326 Validation: Mean EPE: 2.7598, Mean SSIM: 0.4021, Mean ZNCC: 0.6468
Epoch 327 starts
Iter 10 of 338 Loss: 0.642839, L1(Flow): 0.585848, Reg: 0.056991
Iter 20 of 338 Loss: 0.630133, L1(Flow): 0.580415, Reg: 0.049717
Iter 30 of 338 Loss: 0.637300, L1(Flow): 0.586359, Reg: 0.050940
Iter 40 of 338 Loss: 0.643631, L1(Flow): 0.589216, Reg: 0.054415
Iter 50 of 338 Loss: 0.659407, L1(Flow): 0.601765, Reg: 0.057643
Iter 60 of 338 Loss: 0.631126, L1(Flow): 0.584091, Reg: 0.047035
Iter 70 of 338 Loss: 0.629257, L1(Flow): 0.578020, Reg: 0.051237
Iter 80 of 338 Loss: 0.648580, L1(Flow): 0.593562, Reg: 0.055019
Iter 90 of 338 Loss: 0.613751, L1(Flow): 0.563819, Reg: 0.049932
Iter 100 of 338 Loss: 0.612879, L1(Flow): 0.563955, Reg: 0.048924
Iter 110 of 338 Loss: 0.626513, L1(Flow): 0.576559, Reg: 0.049954
Iter 120 of 338 Loss: 0.612428, L1(Flow): 0.564844, Reg: 0.047584
Iter 130 of 338 Loss: 0.650580, L1(Flow): 0.595015, Reg: 0.055565
Iter 140 of 338 Loss: 0.695842, L1(Flow): 0.636152, Reg: 0.059691
Iter 150 of 338 Loss: 0.662243, L1(Flow): 0.607696, Reg: 0.054546
Iter 160 of 338 Loss: 0.641057, L1(Flow): 0.591685, Reg: 0.049371
Iter 170 of 338 Loss: 0.679383, L1(Flow): 0.620659, Reg: 0.058724
Iter 180 of 338 Loss: 0.637828, L1(Flow): 0.583488, Reg: 0.054339
Iter 190 of 338 Loss: 0.632539, L1(Flow): 0.579850, Reg: 0.052689
Iter 200 of 338 Loss: 0.640767, L1(Flow): 0.588309, Reg: 0.052457
Iter 210 of 338 Loss: 0.653042, L1(Flow): 0.595391, Reg: 0.057651
Iter 220 of 338 Loss: 0.633883, L1(Flow): 0.584482, Reg: 0.049401
Iter 230 of 338 Loss: 0.641081, L1(Flow): 0.586682, Reg: 0.054399
Iter 240 of 338 Loss: 0.665184, L1(Flow): 0.609855, Reg: 0.055329
Iter 250 of 338 Loss: 0.646115, L1(Flow): 0.592372, Reg: 0.053742
Iter 260 of 338 Loss: 0.701861, L1(Flow): 0.644223, Reg: 0.057638
Iter 270 of 338 Loss: 0.634336, L1(Flow): 0.583595, Reg: 0.050740
Iter 280 of 338 Loss: 0.677947, L1(Flow): 0.621681, Reg: 0.056266
Iter 290 of 338 Loss: 0.637956, L1(Flow): 0.581787, Reg: 0.056169
Iter 300 of 338 Loss: 0.655678, L1(Flow): 0.600512, Reg: 0.055165
Iter 310 of 338 Loss: 0.629886, L1(Flow): 0.582745, Reg: 0.047141
Iter 320 of 338 Loss: 0.646763, L1(Flow): 0.590571, Reg: 0.056192
Iter 330 of 338 Loss: 0.626987, L1(Flow): 0.576426, Reg: 0.050562
Epoch 327 Loss: 0.653300
Epoch 327 Validation: Mean EPE: 2.7781, Mean SSIM: 0.4011, Mean ZNCC: 0.6461
Epoch 328 starts
Iter 10 of 338 Loss: 0.642519, L1(Flow): 0.593277, Reg: 0.049242
Iter 20 of 338 Loss: 0.655558, L1(Flow): 0.603145, Reg: 0.052412
Iter 30 of 338 Loss: 0.654161, L1(Flow): 0.601481, Reg: 0.052679
Iter 40 of 338 Loss: 0.655570, L1(Flow): 0.599866, Reg: 0.055704
Iter 50 of 338 Loss: 0.632397, L1(Flow): 0.582192, Reg: 0.050205
Iter 60 of 338 Loss: 0.653920, L1(Flow): 0.597827, Reg: 0.056093
Iter 70 of 338 Loss: 0.637622, L1(Flow): 0.582307, Reg: 0.055316
Iter 80 of 338 Loss: 0.673956, L1(Flow): 0.616497, Reg: 0.057459
Iter 90 of 338 Loss: 0.667893, L1(Flow): 0.611905, Reg: 0.055987
Iter 100 of 338 Loss: 0.673100, L1(Flow): 0.618734, Reg: 0.054365
Iter 110 of 338 Loss: 0.644213, L1(Flow): 0.593576, Reg: 0.050637
Iter 120 of 338 Loss: 0.660684, L1(Flow): 0.609954, Reg: 0.050730
Iter 130 of 338 Loss: 0.658281, L1(Flow): 0.603655, Reg: 0.054625
Iter 140 of 338 Loss: 0.641155, L1(Flow): 0.589397, Reg: 0.051758
Iter 150 of 338 Loss: 0.615126, L1(Flow): 0.565497, Reg: 0.049629
Iter 160 of 338 Loss: 0.642466, L1(Flow): 0.590862, Reg: 0.051604
Iter 170 of 338 Loss: 0.674234, L1(Flow): 0.619634, Reg: 0.054601
Iter 180 of 338 Loss: 0.673162, L1(Flow): 0.617840, Reg: 0.055321
Iter 190 of 338 Loss: 0.688254, L1(Flow): 0.633273, Reg: 0.054980
Iter 200 of 338 Loss: 0.622802, L1(Flow): 0.573007, Reg: 0.049795
Iter 210 of 338 Loss: 0.617692, L1(Flow): 0.567531, Reg: 0.050161
Iter 220 of 338 Loss: 0.678018, L1(Flow): 0.622828, Reg: 0.055190
Iter 230 of 338 Loss: 0.692278, L1(Flow): 0.636489, Reg: 0.055789
Iter 240 of 338 Loss: 0.648437, L1(Flow): 0.592689, Reg: 0.055748
Iter 250 of 338 Loss: 0.681868, L1(Flow): 0.622804, Reg: 0.059064
Iter 260 of 338 Loss: 0.629725, L1(Flow): 0.576046, Reg: 0.053679
Iter 270 of 338 Loss: 0.652577, L1(Flow): 0.595938, Reg: 0.056639
Iter 280 of 338 Loss: 0.685730, L1(Flow): 0.631429, Reg: 0.054301
Iter 290 of 338 Loss: 0.649053, L1(Flow): 0.594241, Reg: 0.054812
Iter 300 of 338 Loss: 0.634665, L1(Flow): 0.582254, Reg: 0.052411
Iter 310 of 338 Loss: 0.645373, L1(Flow): 0.591368, Reg: 0.054005
Iter 320 of 338 Loss: 0.666584, L1(Flow): 0.612206, Reg: 0.054377
Iter 330 of 338 Loss: 0.671087, L1(Flow): 0.613843, Reg: 0.057244
Epoch 328 Loss: 0.653667
Epoch 328 Validation: Mean EPE: 2.7576, Mean SSIM: 0.4023, Mean ZNCC: 0.6466
Epoch 329 starts
Iter 10 of 338 Loss: 0.667813, L1(Flow): 0.616569, Reg: 0.051244
Iter 20 of 338 Loss: 0.688489, L1(Flow): 0.631893, Reg: 0.056596
Iter 30 of 338 Loss: 0.681098, L1(Flow): 0.623918, Reg: 0.057180
Iter 40 of 338 Loss: 0.674022, L1(Flow): 0.621683, Reg: 0.052339
Iter 50 of 338 Loss: 0.657802, L1(Flow): 0.604886, Reg: 0.052916
Iter 60 of 338 Loss: 0.693893, L1(Flow): 0.637481, Reg: 0.056412
Iter 70 of 338 Loss: 0.657260, L1(Flow): 0.603511, Reg: 0.053748
Iter 80 of 338 Loss: 0.703221, L1(Flow): 0.643608, Reg: 0.059613
Iter 90 of 338 Loss: 0.692475, L1(Flow): 0.630495, Reg: 0.061980
Iter 100 of 338 Loss: 0.634342, L1(Flow): 0.583968, Reg: 0.050374
Iter 110 of 338 Loss: 0.689386, L1(Flow): 0.635089, Reg: 0.054297
Iter 120 of 338 Loss: 0.673569, L1(Flow): 0.620945, Reg: 0.052624
Iter 130 of 338 Loss: 0.661096, L1(Flow): 0.605905, Reg: 0.055191
Iter 140 of 338 Loss: 0.639989, L1(Flow): 0.585660, Reg: 0.054329
Iter 150 of 338 Loss: 0.623740, L1(Flow): 0.571063, Reg: 0.052677
Iter 160 of 338 Loss: 0.629454, L1(Flow): 0.577537, Reg: 0.051917
Iter 170 of 338 Loss: 0.666004, L1(Flow): 0.613358, Reg: 0.052646
Iter 180 of 338 Loss: 0.666405, L1(Flow): 0.613221, Reg: 0.053184
Iter 190 of 338 Loss: 0.624903, L1(Flow): 0.573492, Reg: 0.051411
Iter 200 of 338 Loss: 0.643254, L1(Flow): 0.586333, Reg: 0.056921
Iter 210 of 338 Loss: 0.632174, L1(Flow): 0.581871, Reg: 0.050303
Iter 220 of 338 Loss: 0.611922, L1(Flow): 0.562559, Reg: 0.049363
Iter 230 of 338 Loss: 0.672080, L1(Flow): 0.614935, Reg: 0.057146
Iter 240 of 338 Loss: 0.626986, L1(Flow): 0.578011, Reg: 0.048975
Iter 250 of 338 Loss: 0.635128, L1(Flow): 0.579671, Reg: 0.055457
Iter 260 of 338 Loss: 0.638896, L1(Flow): 0.585451, Reg: 0.053444
Iter 270 of 338 Loss: 0.629157, L1(Flow): 0.579250, Reg: 0.049907
Iter 280 of 338 Loss: 0.631308, L1(Flow): 0.575992, Reg: 0.055317
Iter 290 of 338 Loss: 0.652752, L1(Flow): 0.600127, Reg: 0.052625
Iter 300 of 338 Loss: 0.637430, L1(Flow): 0.584573, Reg: 0.052857
Iter 310 of 338 Loss: 0.620704, L1(Flow): 0.567854, Reg: 0.052850
Iter 320 of 338 Loss: 0.638517, L1(Flow): 0.585229, Reg: 0.053287
Iter 330 of 338 Loss: 0.658178, L1(Flow): 0.607310, Reg: 0.050867
Epoch 329 Loss: 0.654843
Epoch 329 Validation: Mean EPE: 2.7685, Mean SSIM: 0.4016, Mean ZNCC: 0.6465
Epoch 330 starts
Iter 10 of 338 Loss: 0.686035, L1(Flow): 0.630551, Reg: 0.055484
Iter 20 of 338 Loss: 0.650271, L1(Flow): 0.595570, Reg: 0.054701
Iter 30 of 338 Loss: 0.622486, L1(Flow): 0.572692, Reg: 0.049794
Iter 40 of 338 Loss: 0.642133, L1(Flow): 0.587215, Reg: 0.054918
Iter 50 of 338 Loss: 0.683093, L1(Flow): 0.625125, Reg: 0.057968
Iter 60 of 338 Loss: 0.657455, L1(Flow): 0.603398, Reg: 0.054057
Iter 70 of 338 Loss: 0.633716, L1(Flow): 0.581146, Reg: 0.052570
Iter 80 of 338 Loss: 0.635047, L1(Flow): 0.586320, Reg: 0.048726
Iter 90 of 338 Loss: 0.640251, L1(Flow): 0.585700, Reg: 0.054551
Iter 100 of 338 Loss: 0.652191, L1(Flow): 0.597636, Reg: 0.054555
Iter 110 of 338 Loss: 0.651662, L1(Flow): 0.597297, Reg: 0.054365
Iter 120 of 338 Loss: 0.608119, L1(Flow): 0.554914, Reg: 0.053206
Iter 130 of 338 Loss: 0.634363, L1(Flow): 0.580959, Reg: 0.053403
Iter 140 of 338 Loss: 0.680078, L1(Flow): 0.622506, Reg: 0.057572
Iter 150 of 338 Loss: 0.662330, L1(Flow): 0.605962, Reg: 0.056368
Iter 160 of 338 Loss: 0.659120, L1(Flow): 0.603469, Reg: 0.055651
Iter 170 of 338 Loss: 0.630215, L1(Flow): 0.578088, Reg: 0.052127
Iter 180 of 338 Loss: 0.710348, L1(Flow): 0.655579, Reg: 0.054769
Iter 190 of 338 Loss: 0.606738, L1(Flow): 0.556331, Reg: 0.050406
Iter 200 of 338 Loss: 0.655395, L1(Flow): 0.597126, Reg: 0.058269
Iter 210 of 338 Loss: 0.615940, L1(Flow): 0.563249, Reg: 0.052690
Iter 220 of 338 Loss: 0.643194, L1(Flow): 0.591120, Reg: 0.052074
Iter 230 of 338 Loss: 0.638573, L1(Flow): 0.590994, Reg: 0.047579
Iter 240 of 338 Loss: 0.639557, L1(Flow): 0.591460, Reg: 0.048097
Iter 250 of 338 Loss: 0.623562, L1(Flow): 0.576091, Reg: 0.047470
Iter 260 of 338 Loss: 0.688422, L1(Flow): 0.631801, Reg: 0.056621
Iter 270 of 338 Loss: 0.643704, L1(Flow): 0.589967, Reg: 0.053738
Iter 280 of 338 Loss: 0.627399, L1(Flow): 0.575928, Reg: 0.051471
Iter 290 of 338 Loss: 0.638332, L1(Flow): 0.585592, Reg: 0.052741
Iter 300 of 338 Loss: 0.626564, L1(Flow): 0.573320, Reg: 0.053244
Iter 310 of 338 Loss: 0.633381, L1(Flow): 0.582203, Reg: 0.051178
Iter 320 of 338 Loss: 0.625420, L1(Flow): 0.571050, Reg: 0.054370
Iter 330 of 338 Loss: 0.605224, L1(Flow): 0.555916, Reg: 0.049308
Epoch 330 Loss: 0.647069
Epoch 330 Validation: Mean EPE: 2.7621, Mean SSIM: 0.4015, Mean ZNCC: 0.6464
Epoch 331 starts
Iter 10 of 338 Loss: 0.664025, L1(Flow): 0.608762, Reg: 0.055263
Iter 20 of 338 Loss: 0.663473, L1(Flow): 0.608036, Reg: 0.055437
Iter 30 of 338 Loss: 0.650054, L1(Flow): 0.597636, Reg: 0.052418
Iter 40 of 338 Loss: 0.652405, L1(Flow): 0.599386, Reg: 0.053019
Iter 50 of 338 Loss: 0.674032, L1(Flow): 0.617229, Reg: 0.056803
Iter 60 of 338 Loss: 0.647178, L1(Flow): 0.589551, Reg: 0.057628
Iter 70 of 338 Loss: 0.666769, L1(Flow): 0.611568, Reg: 0.055201
Iter 80 of 338 Loss: 0.663949, L1(Flow): 0.613128, Reg: 0.050821
Iter 90 of 338 Loss: 0.605838, L1(Flow): 0.554312, Reg: 0.051526
Iter 100 of 338 Loss: 0.660915, L1(Flow): 0.606732, Reg: 0.054183
Iter 110 of 338 Loss: 0.619549, L1(Flow): 0.569617, Reg: 0.049932
Iter 120 of 338 Loss: 0.652634, L1(Flow): 0.601576, Reg: 0.051059
Iter 130 of 338 Loss: 0.667925, L1(Flow): 0.611201, Reg: 0.056724
Iter 140 of 338 Loss: 0.634848, L1(Flow): 0.581810, Reg: 0.053038
Iter 150 of 338 Loss: 0.672039, L1(Flow): 0.616168, Reg: 0.055871
Iter 160 of 338 Loss: 0.665643, L1(Flow): 0.610928, Reg: 0.054715
Iter 170 of 338 Loss: 0.647889, L1(Flow): 0.596105, Reg: 0.051784
Iter 180 of 338 Loss: 0.641112, L1(Flow): 0.588524, Reg: 0.052588
Iter 190 of 338 Loss: 0.655401, L1(Flow): 0.604591, Reg: 0.050809
Iter 200 of 338 Loss: 0.643757, L1(Flow): 0.590148, Reg: 0.053608
Iter 210 of 338 Loss: 0.652902, L1(Flow): 0.597203, Reg: 0.055699
Iter 220 of 338 Loss: 0.638033, L1(Flow): 0.584593, Reg: 0.053440
Iter 230 of 338 Loss: 0.651192, L1(Flow): 0.599911, Reg: 0.051280
Iter 240 of 338 Loss: 0.676977, L1(Flow): 0.618213, Reg: 0.058764
Iter 250 of 338 Loss: 0.627499, L1(Flow): 0.576051, Reg: 0.051449
Iter 260 of 338 Loss: 0.644503, L1(Flow): 0.588939, Reg: 0.055565
Iter 270 of 338 Loss: 0.610851, L1(Flow): 0.560746, Reg: 0.050104
Iter 280 of 338 Loss: 0.671059, L1(Flow): 0.613548, Reg: 0.057511
Iter 290 of 338 Loss: 0.648812, L1(Flow): 0.595286, Reg: 0.053525
Iter 300 of 338 Loss: 0.631470, L1(Flow): 0.577619, Reg: 0.053851
Iter 310 of 338 Loss: 0.676976, L1(Flow): 0.619697, Reg: 0.057279
Iter 320 of 338 Loss: 0.639465, L1(Flow): 0.587588, Reg: 0.051877
Iter 330 of 338 Loss: 0.678552, L1(Flow): 0.626631, Reg: 0.051921
Epoch 331 Loss: 0.646476
Epoch 331 Validation: Mean EPE: 2.7665, Mean SSIM: 0.4019, Mean ZNCC: 0.6465
Epoch 332 starts
Iter 10 of 338 Loss: 0.631452, L1(Flow): 0.580382, Reg: 0.051070
Iter 20 of 338 Loss: 0.634137, L1(Flow): 0.582603, Reg: 0.051534
Iter 30 of 338 Loss: 0.657682, L1(Flow): 0.602014, Reg: 0.055668
Iter 40 of 338 Loss: 0.717186, L1(Flow): 0.652277, Reg: 0.064909
Iter 50 of 338 Loss: 0.623129, L1(Flow): 0.572185, Reg: 0.050944
Iter 60 of 338 Loss: 0.594384, L1(Flow): 0.549630, Reg: 0.044754
Iter 70 of 338 Loss: 0.633849, L1(Flow): 0.580783, Reg: 0.053065
Iter 80 of 338 Loss: 0.677615, L1(Flow): 0.616219, Reg: 0.061396
Iter 90 of 338 Loss: 0.622069, L1(Flow): 0.571617, Reg: 0.050452
Iter 100 of 338 Loss: 0.643640, L1(Flow): 0.589076, Reg: 0.054564
Iter 110 of 338 Loss: 0.648894, L1(Flow): 0.592803, Reg: 0.056092
Iter 120 of 338 Loss: 0.668703, L1(Flow): 0.613559, Reg: 0.055144
Iter 130 of 338 Loss: 0.683201, L1(Flow): 0.630093, Reg: 0.053107
Iter 140 of 338 Loss: 0.657005, L1(Flow): 0.602150, Reg: 0.054856
Iter 150 of 338 Loss: 0.625545, L1(Flow): 0.570835, Reg: 0.054709
Iter 160 of 338 Loss: 0.619955, L1(Flow): 0.566454, Reg: 0.053501
Iter 170 of 338 Loss: 0.625842, L1(Flow): 0.573031, Reg: 0.052811
Iter 180 of 338 Loss: 0.652432, L1(Flow): 0.596587, Reg: 0.055845
Iter 190 of 338 Loss: 0.599882, L1(Flow): 0.552519, Reg: 0.047363
Iter 200 of 338 Loss: 0.685449, L1(Flow): 0.628515, Reg: 0.056934
Iter 210 of 338 Loss: 0.607980, L1(Flow): 0.560175, Reg: 0.047805
Iter 220 of 338 Loss: 0.665067, L1(Flow): 0.609464, Reg: 0.055603
Iter 230 of 338 Loss: 0.644605, L1(Flow): 0.595634, Reg: 0.048970
Iter 240 of 338 Loss: 0.608061, L1(Flow): 0.557779, Reg: 0.050282
Iter 250 of 338 Loss: 0.625800, L1(Flow): 0.575837, Reg: 0.049963
Iter 260 of 338 Loss: 0.644481, L1(Flow): 0.588426, Reg: 0.056054
Iter 270 of 338 Loss: 0.602350, L1(Flow): 0.551785, Reg: 0.050565
Iter 280 of 338 Loss: 0.656532, L1(Flow): 0.603332, Reg: 0.053200
Iter 290 of 338 Loss: 0.649829, L1(Flow): 0.595143, Reg: 0.054686
Iter 300 of 338 Loss: 0.623588, L1(Flow): 0.565995, Reg: 0.057592
Iter 310 of 338 Loss: 0.621600, L1(Flow): 0.568559, Reg: 0.053040
Iter 320 of 338 Loss: 0.626886, L1(Flow): 0.573392, Reg: 0.053494
Iter 330 of 338 Loss: 0.644542, L1(Flow): 0.590931, Reg: 0.053611
Epoch 332 Loss: 0.644153
Epoch 332 Validation: Mean EPE: 2.7623, Mean SSIM: 0.4021, Mean ZNCC: 0.6466
Epoch 333 starts
Iter 10 of 338 Loss: 0.721452, L1(Flow): 0.662249, Reg: 0.059203
Iter 20 of 338 Loss: 0.613276, L1(Flow): 0.558585, Reg: 0.054691
Iter 30 of 338 Loss: 0.664986, L1(Flow): 0.605001, Reg: 0.059984
Iter 40 of 338 Loss: 0.659819, L1(Flow): 0.605789, Reg: 0.054031
Iter 50 of 338 Loss: 0.646870, L1(Flow): 0.591694, Reg: 0.055176
Iter 60 of 338 Loss: 0.667619, L1(Flow): 0.614074, Reg: 0.053544
Iter 70 of 338 Loss: 0.611876, L1(Flow): 0.563773, Reg: 0.048104
Iter 80 of 338 Loss: 0.653629, L1(Flow): 0.598643, Reg: 0.054986
Iter 90 of 338 Loss: 0.646817, L1(Flow): 0.594176, Reg: 0.052640
Iter 100 of 338 Loss: 0.633705, L1(Flow): 0.578539, Reg: 0.055166
Iter 110 of 338 Loss: 0.634517, L1(Flow): 0.584549, Reg: 0.049968
Iter 120 of 338 Loss: 0.651088, L1(Flow): 0.596987, Reg: 0.054100
Iter 130 of 338 Loss: 0.627117, L1(Flow): 0.575291, Reg: 0.051826
Iter 140 of 338 Loss: 0.634188, L1(Flow): 0.582071, Reg: 0.052116
Iter 150 of 338 Loss: 0.661786, L1(Flow): 0.607176, Reg: 0.054610
Iter 160 of 338 Loss: 0.629812, L1(Flow): 0.576122, Reg: 0.053690
Iter 170 of 338 Loss: 0.630645, L1(Flow): 0.573094, Reg: 0.057551
Iter 180 of 338 Loss: 0.655730, L1(Flow): 0.601073, Reg: 0.054658
Iter 190 of 338 Loss: 0.631164, L1(Flow): 0.581183, Reg: 0.049981
Iter 200 of 338 Loss: 0.681594, L1(Flow): 0.623692, Reg: 0.057902
Iter 210 of 338 Loss: 0.674426, L1(Flow): 0.617433, Reg: 0.056993
Iter 220 of 338 Loss: 0.641173, L1(Flow): 0.588886, Reg: 0.052286
Iter 230 of 338 Loss: 0.630007, L1(Flow): 0.580332, Reg: 0.049675
Iter 240 of 338 Loss: 0.646715, L1(Flow): 0.589129, Reg: 0.057585
Iter 250 of 338 Loss: 0.644196, L1(Flow): 0.588889, Reg: 0.055308
Iter 260 of 338 Loss: 0.623703, L1(Flow): 0.570348, Reg: 0.053354
Iter 270 of 338 Loss: 0.626948, L1(Flow): 0.577861, Reg: 0.049087
Iter 280 of 338 Loss: 0.672562, L1(Flow): 0.620886, Reg: 0.051676
Iter 290 of 338 Loss: 0.649214, L1(Flow): 0.591810, Reg: 0.057404
Iter 300 of 338 Loss: 0.645364, L1(Flow): 0.593030, Reg: 0.052333
Iter 310 of 338 Loss: 0.641849, L1(Flow): 0.590132, Reg: 0.051718
Iter 320 of 338 Loss: 0.660737, L1(Flow): 0.605931, Reg: 0.054806
Iter 330 of 338 Loss: 0.672545, L1(Flow): 0.613338, Reg: 0.059207
Epoch 333 Loss: 0.646183
Epoch 333 Validation: Mean EPE: 2.7582, Mean SSIM: 0.4018, Mean ZNCC: 0.6465
Epoch 334 starts
Iter 10 of 338 Loss: 0.694958, L1(Flow): 0.633680, Reg: 0.061278
Iter 20 of 338 Loss: 0.649331, L1(Flow): 0.595840, Reg: 0.053491
Iter 30 of 338 Loss: 0.657007, L1(Flow): 0.601331, Reg: 0.055676
Iter 40 of 338 Loss: 0.673269, L1(Flow): 0.615171, Reg: 0.058098
Iter 50 of 338 Loss: 0.615234, L1(Flow): 0.568809, Reg: 0.046425
Iter 60 of 338 Loss: 0.632803, L1(Flow): 0.578955, Reg: 0.053848
Iter 70 of 338 Loss: 0.693772, L1(Flow): 0.636026, Reg: 0.057746
Iter 80 of 338 Loss: 0.633699, L1(Flow): 0.580929, Reg: 0.052770
Iter 90 of 338 Loss: 0.659694, L1(Flow): 0.602928, Reg: 0.056766
Iter 100 of 338 Loss: 0.687524, L1(Flow): 0.631180, Reg: 0.056344
Iter 110 of 338 Loss: 0.652015, L1(Flow): 0.599548, Reg: 0.052467
Iter 120 of 338 Loss: 0.671284, L1(Flow): 0.612959, Reg: 0.058325
Iter 130 of 338 Loss: 0.642745, L1(Flow): 0.591601, Reg: 0.051145
Iter 140 of 338 Loss: 0.646081, L1(Flow): 0.590377, Reg: 0.055705
Iter 150 of 338 Loss: 0.640841, L1(Flow): 0.589151, Reg: 0.051690
Iter 160 of 338 Loss: 0.660089, L1(Flow): 0.605331, Reg: 0.054758
Iter 170 of 338 Loss: 0.654532, L1(Flow): 0.600520, Reg: 0.054012
Iter 180 of 338 Loss: 0.637801, L1(Flow): 0.586686, Reg: 0.051115
Iter 190 of 338 Loss: 0.651197, L1(Flow): 0.597033, Reg: 0.054164
Iter 200 of 338 Loss: 0.635762, L1(Flow): 0.580986, Reg: 0.054776
Iter 210 of 338 Loss: 0.646241, L1(Flow): 0.595610, Reg: 0.050631
Iter 220 of 338 Loss: 0.650742, L1(Flow): 0.596838, Reg: 0.053903
Iter 230 of 338 Loss: 0.634699, L1(Flow): 0.580519, Reg: 0.054180
Iter 240 of 338 Loss: 0.659894, L1(Flow): 0.606457, Reg: 0.053437
Iter 250 of 338 Loss: 0.637788, L1(Flow): 0.585693, Reg: 0.052095
Iter 260 of 338 Loss: 0.653720, L1(Flow): 0.597741, Reg: 0.055979
Iter 270 of 338 Loss: 0.617890, L1(Flow): 0.566290, Reg: 0.051600
Iter 280 of 338 Loss: 0.617356, L1(Flow): 0.565908, Reg: 0.051447
Iter 290 of 338 Loss: 0.655166, L1(Flow): 0.600150, Reg: 0.055016
Iter 300 of 338 Loss: 0.675317, L1(Flow): 0.621051, Reg: 0.054267
Iter 310 of 338 Loss: 0.651559, L1(Flow): 0.595619, Reg: 0.055940
Iter 320 of 338 Loss: 0.626989, L1(Flow): 0.575525, Reg: 0.051464
Iter 330 of 338 Loss: 0.630492, L1(Flow): 0.579249, Reg: 0.051243
Epoch 334 Loss: 0.645928
Epoch 334 Validation: Mean EPE: 2.7530, Mean SSIM: 0.4019, Mean ZNCC: 0.6467
--> Saved to Top 5 best models (EPE: 2.7530)
Epoch 335 starts
Iter 10 of 338 Loss: 0.621679, L1(Flow): 0.570429, Reg: 0.051250
Iter 20 of 338 Loss: 0.620953, L1(Flow): 0.565078, Reg: 0.055875
Iter 30 of 338 Loss: 0.662254, L1(Flow): 0.608543, Reg: 0.053711
Iter 40 of 338 Loss: 0.650837, L1(Flow): 0.594848, Reg: 0.055990
Iter 50 of 338 Loss: 0.679134, L1(Flow): 0.625710, Reg: 0.053424
Iter 60 of 338 Loss: 0.634774, L1(Flow): 0.580029, Reg: 0.054745
Iter 70 of 338 Loss: 0.609416, L1(Flow): 0.562377, Reg: 0.047039
Iter 80 of 338 Loss: 0.675852, L1(Flow): 0.614754, Reg: 0.061097
Iter 90 of 338 Loss: 0.645223, L1(Flow): 0.594244, Reg: 0.050979
Iter 100 of 338 Loss: 0.620908, L1(Flow): 0.570306, Reg: 0.050602
Iter 110 of 338 Loss: 0.672125, L1(Flow): 0.615723, Reg: 0.056401
Iter 120 of 338 Loss: 0.670337, L1(Flow): 0.615887, Reg: 0.054451
Iter 130 of 338 Loss: 0.603174, L1(Flow): 0.557710, Reg: 0.045464
Iter 140 of 338 Loss: 0.649163, L1(Flow): 0.595969, Reg: 0.053194
Iter 150 of 338 Loss: 0.620102, L1(Flow): 0.566949, Reg: 0.053153
Iter 160 of 338 Loss: 0.643526, L1(Flow): 0.589083, Reg: 0.054443
Iter 170 of 338 Loss: 0.613419, L1(Flow): 0.564145, Reg: 0.049274
Iter 180 of 338 Loss: 0.671459, L1(Flow): 0.613894, Reg: 0.057564
Iter 190 of 338 Loss: 0.654099, L1(Flow): 0.601968, Reg: 0.052131
Iter 200 of 338 Loss: 0.633751, L1(Flow): 0.580337, Reg: 0.053415
Iter 210 of 338 Loss: 0.660212, L1(Flow): 0.599043, Reg: 0.061169
Iter 220 of 338 Loss: 0.608145, L1(Flow): 0.559768, Reg: 0.048377
Iter 230 of 338 Loss: 0.648294, L1(Flow): 0.589598, Reg: 0.058697
Iter 240 of 338 Loss: 0.615256, L1(Flow): 0.568071, Reg: 0.047185
Iter 250 of 338 Loss: 0.666319, L1(Flow): 0.609294, Reg: 0.057025
Iter 260 of 338 Loss: 0.692972, L1(Flow): 0.636683, Reg: 0.056289
Iter 270 of 338 Loss: 0.600316, L1(Flow): 0.553281, Reg: 0.047035
Iter 280 of 338 Loss: 0.658318, L1(Flow): 0.599814, Reg: 0.058505
Iter 290 of 338 Loss: 0.623990, L1(Flow): 0.573398, Reg: 0.050593
Iter 300 of 338 Loss: 0.644310, L1(Flow): 0.594728, Reg: 0.049582
Iter 310 of 338 Loss: 0.700688, L1(Flow): 0.639777, Reg: 0.060910
Iter 320 of 338 Loss: 0.647771, L1(Flow): 0.590227, Reg: 0.057544
Iter 330 of 338 Loss: 0.633350, L1(Flow): 0.579439, Reg: 0.053911
Epoch 335 Loss: 0.642576
Epoch 335 Validation: Mean EPE: 2.7604, Mean SSIM: 0.4017, Mean ZNCC: 0.6466
Epoch 336 starts
Iter 10 of 338 Loss: 0.626907, L1(Flow): 0.577114, Reg: 0.049793
Iter 20 of 338 Loss: 0.623473, L1(Flow): 0.573958, Reg: 0.049515
Iter 30 of 338 Loss: 0.623724, L1(Flow): 0.575375, Reg: 0.048348
Iter 40 of 338 Loss: 0.640023, L1(Flow): 0.589303, Reg: 0.050720
Iter 50 of 338 Loss: 0.633360, L1(Flow): 0.582046, Reg: 0.051314
Iter 60 of 338 Loss: 0.670621, L1(Flow): 0.612425, Reg: 0.058196
Iter 70 of 338 Loss: 0.642958, L1(Flow): 0.590932, Reg: 0.052026
Iter 80 of 338 Loss: 0.624602, L1(Flow): 0.570603, Reg: 0.053999
Iter 90 of 338 Loss: 0.621912, L1(Flow): 0.569403, Reg: 0.052510
Iter 100 of 338 Loss: 0.637036, L1(Flow): 0.585768, Reg: 0.051269
Iter 110 of 338 Loss: 0.630917, L1(Flow): 0.572173, Reg: 0.058744
Iter 120 of 338 Loss: 0.668895, L1(Flow): 0.612415, Reg: 0.056480
Iter 130 of 338 Loss: 0.610328, L1(Flow): 0.559893, Reg: 0.050435
Iter 140 of 338 Loss: 0.629392, L1(Flow): 0.576007, Reg: 0.053385
Iter 150 of 338 Loss: 0.637346, L1(Flow): 0.582552, Reg: 0.054794
Iter 160 of 338 Loss: 0.667601, L1(Flow): 0.608851, Reg: 0.058750
Iter 170 of 338 Loss: 0.666795, L1(Flow): 0.608661, Reg: 0.058134
Iter 180 of 338 Loss: 0.682275, L1(Flow): 0.629854, Reg: 0.052422
Iter 190 of 338 Loss: 0.606349, L1(Flow): 0.554567, Reg: 0.051782
Iter 200 of 338 Loss: 0.654517, L1(Flow): 0.598534, Reg: 0.055983
Iter 210 of 338 Loss: 0.634359, L1(Flow): 0.581620, Reg: 0.052738
Iter 220 of 338 Loss: 0.648588, L1(Flow): 0.594027, Reg: 0.054561
Iter 230 of 338 Loss: 0.632661, L1(Flow): 0.581962, Reg: 0.050699
Iter 240 of 338 Loss: 0.666139, L1(Flow): 0.613765, Reg: 0.052374
Iter 250 of 338 Loss: 0.670519, L1(Flow): 0.612982, Reg: 0.057538
Iter 260 of 338 Loss: 0.615340, L1(Flow): 0.564764, Reg: 0.050575
Iter 270 of 338 Loss: 0.639941, L1(Flow): 0.584699, Reg: 0.055241
Iter 280 of 338 Loss: 0.651101, L1(Flow): 0.598948, Reg: 0.052152
Iter 290 of 338 Loss: 0.616770, L1(Flow): 0.564873, Reg: 0.051898
Iter 300 of 338 Loss: 0.642853, L1(Flow): 0.594865, Reg: 0.047988
Iter 310 of 338 Loss: 0.653694, L1(Flow): 0.599099, Reg: 0.054596
Iter 320 of 338 Loss: 0.710069, L1(Flow): 0.650608, Reg: 0.059461
Iter 330 of 338 Loss: 0.661940, L1(Flow): 0.602556, Reg: 0.059384
Epoch 336 Loss: 0.643762
Epoch 336 Validation: Mean EPE: 2.7664, Mean SSIM: 0.4015, Mean ZNCC: 0.6465
Epoch 337 starts
Iter 10 of 338 Loss: 0.657426, L1(Flow): 0.599054, Reg: 0.058372
Iter 20 of 338 Loss: 0.673885, L1(Flow): 0.619957, Reg: 0.053928
Iter 30 of 338 Loss: 0.682145, L1(Flow): 0.627148, Reg: 0.054997
Iter 40 of 338 Loss: 0.670928, L1(Flow): 0.609664, Reg: 0.061264
Iter 50 of 338 Loss: 0.646782, L1(Flow): 0.596133, Reg: 0.050649
Iter 60 of 338 Loss: 0.627332, L1(Flow): 0.573955, Reg: 0.053377
Iter 70 of 338 Loss: 0.622261, L1(Flow): 0.568729, Reg: 0.053532
Iter 80 of 338 Loss: 0.657552, L1(Flow): 0.604333, Reg: 0.053219
Iter 90 of 338 Loss: 0.707090, L1(Flow): 0.645787, Reg: 0.061303
Iter 100 of 338 Loss: 0.604115, L1(Flow): 0.554574, Reg: 0.049541
Iter 110 of 338 Loss: 0.643730, L1(Flow): 0.591876, Reg: 0.051854
Iter 120 of 338 Loss: 0.646714, L1(Flow): 0.593339, Reg: 0.053375
Iter 130 of 338 Loss: 0.654592, L1(Flow): 0.601936, Reg: 0.052656
Iter 140 of 338 Loss: 0.640388, L1(Flow): 0.587956, Reg: 0.052432
Iter 150 of 338 Loss: 0.677607, L1(Flow): 0.621031, Reg: 0.056576
Iter 160 of 338 Loss: 0.630680, L1(Flow): 0.580487, Reg: 0.050193
Iter 170 of 338 Loss: 0.645241, L1(Flow): 0.593739, Reg: 0.051502
Iter 180 of 338 Loss: 0.618052, L1(Flow): 0.565467, Reg: 0.052586
Iter 190 of 338 Loss: 0.638692, L1(Flow): 0.582772, Reg: 0.055921
Iter 200 of 338 Loss: 0.614514, L1(Flow): 0.565791, Reg: 0.048723
Iter 210 of 338 Loss: 0.646090, L1(Flow): 0.595044, Reg: 0.051045
Iter 220 of 338 Loss: 0.658343, L1(Flow): 0.602320, Reg: 0.056023
Iter 230 of 338 Loss: 0.612445, L1(Flow): 0.562482, Reg: 0.049963
Iter 240 of 338 Loss: 0.619411, L1(Flow): 0.567282, Reg: 0.052129
Iter 250 of 338 Loss: 0.640425, L1(Flow): 0.589047, Reg: 0.051378
Iter 260 of 338 Loss: 0.615095, L1(Flow): 0.565475, Reg: 0.049621
Iter 270 of 338 Loss: 0.690250, L1(Flow): 0.634961, Reg: 0.055289
Iter 280 of 338 Loss: 0.654748, L1(Flow): 0.602616, Reg: 0.052132
Iter 290 of 338 Loss: 0.636201, L1(Flow): 0.584760, Reg: 0.051441
Iter 300 of 338 Loss: 0.624069, L1(Flow): 0.577758, Reg: 0.046311
Iter 310 of 338 Loss: 0.652572, L1(Flow): 0.598850, Reg: 0.053722
Iter 320 of 338 Loss: 0.673263, L1(Flow): 0.617046, Reg: 0.056217
Iter 330 of 338 Loss: 0.688538, L1(Flow): 0.632335, Reg: 0.056203
Epoch 337 Loss: 0.646977
Epoch 337 Validation: Mean EPE: 2.7545, Mean SSIM: 0.4021, Mean ZNCC: 0.6467
Epoch 338 starts
Iter 10 of 338 Loss: 0.649359, L1(Flow): 0.595650, Reg: 0.053708
Iter 20 of 338 Loss: 0.661801, L1(Flow): 0.610130, Reg: 0.051671
Iter 30 of 338 Loss: 0.631341, L1(Flow): 0.581009, Reg: 0.050331
Iter 40 of 338 Loss: 0.642020, L1(Flow): 0.592699, Reg: 0.049321
Iter 50 of 338 Loss: 0.593963, L1(Flow): 0.545246, Reg: 0.048717
Iter 60 of 338 Loss: 0.652810, L1(Flow): 0.599442, Reg: 0.053368
Iter 70 of 338 Loss: 0.646424, L1(Flow): 0.595487, Reg: 0.050937
Iter 80 of 338 Loss: 0.642201, L1(Flow): 0.590679, Reg: 0.051522
Iter 90 of 338 Loss: 0.634441, L1(Flow): 0.581489, Reg: 0.052952
Iter 100 of 338 Loss: 0.615038, L1(Flow): 0.562562, Reg: 0.052476
Iter 110 of 338 Loss: 0.640910, L1(Flow): 0.590235, Reg: 0.050675
Iter 120 of 338 Loss: 0.646775, L1(Flow): 0.591167, Reg: 0.055608
Iter 130 of 338 Loss: 0.613991, L1(Flow): 0.566542, Reg: 0.047450
Iter 140 of 338 Loss: 0.653971, L1(Flow): 0.602642, Reg: 0.051329
Iter 150 of 338 Loss: 0.653155, L1(Flow): 0.599001, Reg: 0.054154
Iter 160 of 338 Loss: 0.654976, L1(Flow): 0.603068, Reg: 0.051909
Iter 170 of 338 Loss: 0.652861, L1(Flow): 0.596176, Reg: 0.056685
Iter 180 of 338 Loss: 0.659594, L1(Flow): 0.604150, Reg: 0.055444
Iter 190 of 338 Loss: 0.639555, L1(Flow): 0.590692, Reg: 0.048864
Iter 200 of 338 Loss: 0.611858, L1(Flow): 0.559076, Reg: 0.052782
Iter 210 of 338 Loss: 0.660874, L1(Flow): 0.604016, Reg: 0.056858
Iter 220 of 338 Loss: 0.612470, L1(Flow): 0.558785, Reg: 0.053685
Iter 230 of 338 Loss: 0.665541, L1(Flow): 0.609921, Reg: 0.055619
Iter 240 of 338 Loss: 0.589893, L1(Flow): 0.540375, Reg: 0.049518
Iter 250 of 338 Loss: 0.673903, L1(Flow): 0.619332, Reg: 0.054571
Iter 260 of 338 Loss: 0.634023, L1(Flow): 0.582399, Reg: 0.051624
Iter 270 of 338 Loss: 0.679155, L1(Flow): 0.619399, Reg: 0.059756
Iter 280 of 338 Loss: 0.629059, L1(Flow): 0.575015, Reg: 0.054045
Iter 290 of 338 Loss: 0.673310, L1(Flow): 0.617676, Reg: 0.055634
Iter 300 of 338 Loss: 0.636929, L1(Flow): 0.581869, Reg: 0.055060
Iter 310 of 338 Loss: 0.587680, L1(Flow): 0.540271, Reg: 0.047409
Iter 320 of 338 Loss: 0.622413, L1(Flow): 0.569793, Reg: 0.052620
Iter 330 of 338 Loss: 0.598039, L1(Flow): 0.549438, Reg: 0.048600
Epoch 338 Loss: 0.645336
Epoch 338 Validation: Mean EPE: 2.7534, Mean SSIM: 0.4029, Mean ZNCC: 0.6467
--> Saved to Top 5 best models (EPE: 2.7534)
Epoch 339 starts
Iter 10 of 338 Loss: 0.648768, L1(Flow): 0.596708, Reg: 0.052059
Iter 20 of 338 Loss: 0.620715, L1(Flow): 0.567761, Reg: 0.052953
Iter 30 of 338 Loss: 0.648334, L1(Flow): 0.595021, Reg: 0.053313
Iter 40 of 338 Loss: 0.619144, L1(Flow): 0.572236, Reg: 0.046908
Iter 50 of 338 Loss: 0.626648, L1(Flow): 0.574246, Reg: 0.052402
Iter 60 of 338 Loss: 0.656796, L1(Flow): 0.603478, Reg: 0.053318
Iter 70 of 338 Loss: 0.681034, L1(Flow): 0.625221, Reg: 0.055813
Iter 80 of 338 Loss: 0.663597, L1(Flow): 0.605660, Reg: 0.057937
Iter 90 of 338 Loss: 0.628405, L1(Flow): 0.579907, Reg: 0.048498
Iter 100 of 338 Loss: 0.639913, L1(Flow): 0.588857, Reg: 0.051056
Iter 110 of 338 Loss: 0.651317, L1(Flow): 0.593880, Reg: 0.057437
Iter 120 of 338 Loss: 0.628114, L1(Flow): 0.578893, Reg: 0.049221
Iter 130 of 338 Loss: 0.669512, L1(Flow): 0.610265, Reg: 0.059247
Iter 140 of 338 Loss: 0.662921, L1(Flow): 0.608910, Reg: 0.054011
Iter 150 of 338 Loss: 0.625053, L1(Flow): 0.572289, Reg: 0.052765
Iter 160 of 338 Loss: 0.630456, L1(Flow): 0.578439, Reg: 0.052017
Iter 170 of 338 Loss: 0.643035, L1(Flow): 0.589500, Reg: 0.053534
Iter 180 of 338 Loss: 0.601710, L1(Flow): 0.552224, Reg: 0.049486
Iter 190 of 338 Loss: 0.630148, L1(Flow): 0.574136, Reg: 0.056012
Iter 200 of 338 Loss: 0.657751, L1(Flow): 0.602242, Reg: 0.055510
Iter 210 of 338 Loss: 0.643219, L1(Flow): 0.585883, Reg: 0.057336
Iter 220 of 338 Loss: 0.655580, L1(Flow): 0.605174, Reg: 0.050406
Iter 230 of 338 Loss: 0.642326, L1(Flow): 0.589532, Reg: 0.052793
Iter 240 of 338 Loss: 0.678891, L1(Flow): 0.620009, Reg: 0.058882
Iter 250 of 338 Loss: 0.663387, L1(Flow): 0.608396, Reg: 0.054992
Iter 260 of 338 Loss: 0.638455, L1(Flow): 0.586315, Reg: 0.052140
Iter 270 of 338 Loss: 0.685010, L1(Flow): 0.626032, Reg: 0.058978
Iter 280 of 338 Loss: 0.653148, L1(Flow): 0.596352, Reg: 0.056797
Iter 290 of 338 Loss: 0.697172, L1(Flow): 0.640167, Reg: 0.057005
Iter 300 of 338 Loss: 0.660722, L1(Flow): 0.605391, Reg: 0.055331
Iter 310 of 338 Loss: 0.643706, L1(Flow): 0.594988, Reg: 0.048718
Iter 320 of 338 Loss: 0.613535, L1(Flow): 0.562309, Reg: 0.051226
Iter 330 of 338 Loss: 0.649806, L1(Flow): 0.595000, Reg: 0.054805
Epoch 339 Loss: 0.643730
Epoch 339 Validation: Mean EPE: 2.7551, Mean SSIM: 0.4014, Mean ZNCC: 0.6465
Epoch 340 starts
Iter 10 of 338 Loss: 0.629700, L1(Flow): 0.575990, Reg: 0.053710
Iter 20 of 338 Loss: 0.606422, L1(Flow): 0.552873, Reg: 0.053549
Iter 30 of 338 Loss: 0.631356, L1(Flow): 0.578997, Reg: 0.052359
Iter 40 of 338 Loss: 0.666591, L1(Flow): 0.608343, Reg: 0.058248
Iter 50 of 338 Loss: 0.649366, L1(Flow): 0.596562, Reg: 0.052805
Iter 60 of 338 Loss: 0.654247, L1(Flow): 0.602234, Reg: 0.052014
Iter 70 of 338 Loss: 0.616115, L1(Flow): 0.566538, Reg: 0.049577
Iter 80 of 338 Loss: 0.591550, L1(Flow): 0.543243, Reg: 0.048307
Iter 90 of 338 Loss: 0.662545, L1(Flow): 0.604942, Reg: 0.057602
Iter 100 of 338 Loss: 0.609040, L1(Flow): 0.560121, Reg: 0.048919
Iter 110 of 338 Loss: 0.644925, L1(Flow): 0.591644, Reg: 0.053280
Iter 120 of 338 Loss: 0.671266, L1(Flow): 0.613871, Reg: 0.057395
Iter 130 of 338 Loss: 0.642491, L1(Flow): 0.590416, Reg: 0.052075
Iter 140 of 338 Loss: 0.647492, L1(Flow): 0.595549, Reg: 0.051942
Iter 150 of 338 Loss: 0.681071, L1(Flow): 0.620502, Reg: 0.060569
Iter 160 of 338 Loss: 0.631015, L1(Flow): 0.580266, Reg: 0.050749
Iter 170 of 338 Loss: 0.632030, L1(Flow): 0.578966, Reg: 0.053064
Iter 180 of 338 Loss: 0.649360, L1(Flow): 0.597232, Reg: 0.052128
Iter 190 of 338 Loss: 0.609435, L1(Flow): 0.555561, Reg: 0.053874
Iter 200 of 338 Loss: 0.641887, L1(Flow): 0.590321, Reg: 0.051566
Iter 210 of 338 Loss: 0.630578, L1(Flow): 0.579702, Reg: 0.050876
Iter 220 of 338 Loss: 0.650884, L1(Flow): 0.600188, Reg: 0.050696
Iter 230 of 338 Loss: 0.661590, L1(Flow): 0.605714, Reg: 0.055876
Iter 240 of 338 Loss: 0.641353, L1(Flow): 0.588245, Reg: 0.053107
Iter 250 of 338 Loss: 0.603940, L1(Flow): 0.553232, Reg: 0.050708
Iter 260 of 338 Loss: 0.644631, L1(Flow): 0.591863, Reg: 0.052768
Iter 270 of 338 Loss: 0.610256, L1(Flow): 0.563274, Reg: 0.046982
Iter 280 of 338 Loss: 0.646942, L1(Flow): 0.595967, Reg: 0.050975
Iter 290 of 338 Loss: 0.634414, L1(Flow): 0.578698, Reg: 0.055716
Iter 300 of 338 Loss: 0.616891, L1(Flow): 0.564854, Reg: 0.052036
Iter 310 of 338 Loss: 0.627284, L1(Flow): 0.574845, Reg: 0.052440
Iter 320 of 338 Loss: 0.599658, L1(Flow): 0.552431, Reg: 0.047228
Iter 330 of 338 Loss: 0.624117, L1(Flow): 0.573165, Reg: 0.050951
Epoch 340 Loss: 0.642017
Epoch 340 Validation: Mean EPE: 2.7554, Mean SSIM: 0.4017, Mean ZNCC: 0.6467
Epoch 341 starts
Iter 10 of 338 Loss: 0.673233, L1(Flow): 0.618419, Reg: 0.054814
Iter 20 of 338 Loss: 0.598776, L1(Flow): 0.547357, Reg: 0.051419
Iter 30 of 338 Loss: 0.617163, L1(Flow): 0.563062, Reg: 0.054102
Iter 40 of 338 Loss: 0.670000, L1(Flow): 0.614251, Reg: 0.055749
Iter 50 of 338 Loss: 0.636342, L1(Flow): 0.579852, Reg: 0.056491
Iter 60 of 338 Loss: 0.663786, L1(Flow): 0.607179, Reg: 0.056607
Iter 70 of 338 Loss: 0.669669, L1(Flow): 0.613826, Reg: 0.055843
Iter 80 of 338 Loss: 0.663524, L1(Flow): 0.608087, Reg: 0.055437
Iter 90 of 338 Loss: 0.677674, L1(Flow): 0.622045, Reg: 0.055630
Iter 100 of 338 Loss: 0.649758, L1(Flow): 0.592369, Reg: 0.057389
Iter 110 of 338 Loss: 0.658214, L1(Flow): 0.602282, Reg: 0.055932
Iter 120 of 338 Loss: 0.609335, L1(Flow): 0.556462, Reg: 0.052873
Iter 130 of 338 Loss: 0.622371, L1(Flow): 0.572810, Reg: 0.049561
Iter 140 of 338 Loss: 0.655875, L1(Flow): 0.600172, Reg: 0.055703
Iter 150 of 338 Loss: 0.664322, L1(Flow): 0.608257, Reg: 0.056065
Iter 160 of 338 Loss: 0.642076, L1(Flow): 0.587391, Reg: 0.054685
Iter 170 of 338 Loss: 0.639656, L1(Flow): 0.582215, Reg: 0.057442
Iter 180 of 338 Loss: 0.616232, L1(Flow): 0.568126, Reg: 0.048106
Iter 190 of 338 Loss: 0.631023, L1(Flow): 0.575264, Reg: 0.055759
Iter 200 of 338 Loss: 0.630578, L1(Flow): 0.575895, Reg: 0.054683
Iter 210 of 338 Loss: 0.683102, L1(Flow): 0.627264, Reg: 0.055837
Iter 220 of 338 Loss: 0.640252, L1(Flow): 0.584487, Reg: 0.055765
Iter 230 of 338 Loss: 0.654323, L1(Flow): 0.599243, Reg: 0.055080
Iter 240 of 338 Loss: 0.656518, L1(Flow): 0.602242, Reg: 0.054276
Iter 250 of 338 Loss: 0.627007, L1(Flow): 0.575941, Reg: 0.051066
Iter 260 of 338 Loss: 0.628469, L1(Flow): 0.574638, Reg: 0.053832
Iter 270 of 338 Loss: 0.648281, L1(Flow): 0.590622, Reg: 0.057659
Iter 280 of 338 Loss: 0.618997, L1(Flow): 0.567647, Reg: 0.051350
Iter 290 of 338 Loss: 0.650095, L1(Flow): 0.597043, Reg: 0.053053
Iter 300 of 338 Loss: 0.653186, L1(Flow): 0.600723, Reg: 0.052463
Iter 310 of 338 Loss: 0.670820, L1(Flow): 0.614609, Reg: 0.056210
Iter 320 of 338 Loss: 0.654709, L1(Flow): 0.601044, Reg: 0.053664
Iter 330 of 338 Loss: 0.633064, L1(Flow): 0.581013, Reg: 0.052051
Epoch 341 Loss: 0.640311
Epoch 341 Validation: Mean EPE: 2.7634, Mean SSIM: 0.4017, Mean ZNCC: 0.6464
Epoch 342 starts
Iter 10 of 338 Loss: 0.644659, L1(Flow): 0.592549, Reg: 0.052110
Iter 20 of 338 Loss: 0.662123, L1(Flow): 0.610027, Reg: 0.052097
Iter 30 of 338 Loss: 0.641930, L1(Flow): 0.585871, Reg: 0.056059
Iter 40 of 338 Loss: 0.652646, L1(Flow): 0.595860, Reg: 0.056786
Iter 50 of 338 Loss: 0.613502, L1(Flow): 0.561651, Reg: 0.051851
Iter 60 of 338 Loss: 0.639027, L1(Flow): 0.588005, Reg: 0.051022
Iter 70 of 338 Loss: 0.616455, L1(Flow): 0.569218, Reg: 0.047237
Iter 80 of 338 Loss: 0.629210, L1(Flow): 0.575380, Reg: 0.053830
Iter 90 of 338 Loss: 0.610136, L1(Flow): 0.556945, Reg: 0.053191
Iter 100 of 338 Loss: 0.644128, L1(Flow): 0.587657, Reg: 0.056471
Iter 110 of 338 Loss: 0.615082, L1(Flow): 0.560319, Reg: 0.054764
Iter 120 of 338 Loss: 0.646711, L1(Flow): 0.592952, Reg: 0.053759
Iter 130 of 338 Loss: 0.623754, L1(Flow): 0.570894, Reg: 0.052860
Iter 140 of 338 Loss: 0.653028, L1(Flow): 0.600398, Reg: 0.052629
Iter 150 of 338 Loss: 0.672933, L1(Flow): 0.611649, Reg: 0.061284
Iter 160 of 338 Loss: 0.619240, L1(Flow): 0.567501, Reg: 0.051739
Iter 170 of 338 Loss: 0.618946, L1(Flow): 0.566640, Reg: 0.052307
Iter 180 of 338 Loss: 0.642009, L1(Flow): 0.589373, Reg: 0.052636
Iter 190 of 338 Loss: 0.613693, L1(Flow): 0.560472, Reg: 0.053221
Iter 200 of 338 Loss: 0.615494, L1(Flow): 0.562658, Reg: 0.052837
Iter 210 of 338 Loss: 0.627438, L1(Flow): 0.571834, Reg: 0.055605
Iter 220 of 338 Loss: 0.641088, L1(Flow): 0.587671, Reg: 0.053417
Iter 230 of 338 Loss: 0.649544, L1(Flow): 0.596011, Reg: 0.053533
Iter 240 of 338 Loss: 0.648193, L1(Flow): 0.594279, Reg: 0.053914
Iter 250 of 338 Loss: 0.677757, L1(Flow): 0.622369, Reg: 0.055388
Iter 260 of 338 Loss: 0.654921, L1(Flow): 0.602742, Reg: 0.052179
Iter 270 of 338 Loss: 0.635724, L1(Flow): 0.583682, Reg: 0.052042
Iter 280 of 338 Loss: 0.629871, L1(Flow): 0.580136, Reg: 0.049735
Iter 290 of 338 Loss: 0.621871, L1(Flow): 0.568676, Reg: 0.053195
Iter 300 of 338 Loss: 0.617978, L1(Flow): 0.566754, Reg: 0.051224
Iter 310 of 338 Loss: 0.657949, L1(Flow): 0.602798, Reg: 0.055151
Iter 320 of 338 Loss: 0.666793, L1(Flow): 0.612356, Reg: 0.054437
Iter 330 of 338 Loss: 0.649589, L1(Flow): 0.592407, Reg: 0.057182
Epoch 342 Loss: 0.638092
Epoch 342 Validation: Mean EPE: 2.7649, Mean SSIM: 0.4017, Mean ZNCC: 0.6465
Epoch 343 starts
Iter 10 of 338 Loss: 0.647255, L1(Flow): 0.588346, Reg: 0.058908
Iter 20 of 338 Loss: 0.626489, L1(Flow): 0.576784, Reg: 0.049705
Iter 30 of 338 Loss: 0.594418, L1(Flow): 0.549374, Reg: 0.045044
Iter 40 of 338 Loss: 0.631479, L1(Flow): 0.576107, Reg: 0.055372
Iter 50 of 338 Loss: 0.642894, L1(Flow): 0.589851, Reg: 0.053042
Iter 60 of 338 Loss: 0.692386, L1(Flow): 0.631328, Reg: 0.061057
Iter 70 of 338 Loss: 0.649849, L1(Flow): 0.595821, Reg: 0.054028
Iter 80 of 338 Loss: 0.641016, L1(Flow): 0.590270, Reg: 0.050746
Iter 90 of 338 Loss: 0.647875, L1(Flow): 0.595625, Reg: 0.052250
Iter 100 of 338 Loss: 0.686682, L1(Flow): 0.626490, Reg: 0.060192
Iter 110 of 338 Loss: 0.700675, L1(Flow): 0.641572, Reg: 0.059103
Iter 120 of 338 Loss: 0.630713, L1(Flow): 0.576752, Reg: 0.053960
Iter 130 of 338 Loss: 0.608105, L1(Flow): 0.558428, Reg: 0.049677
Iter 140 of 338 Loss: 0.609101, L1(Flow): 0.561724, Reg: 0.047377
Iter 150 of 338 Loss: 0.633297, L1(Flow): 0.578329, Reg: 0.054968
Iter 160 of 338 Loss: 0.666129, L1(Flow): 0.613177, Reg: 0.052952
Iter 170 of 338 Loss: 0.626886, L1(Flow): 0.572058, Reg: 0.054828
Iter 180 of 338 Loss: 0.645851, L1(Flow): 0.589020, Reg: 0.056830
Iter 190 of 338 Loss: 0.624345, L1(Flow): 0.574143, Reg: 0.050203
Iter 200 of 338 Loss: 0.648785, L1(Flow): 0.593422, Reg: 0.055363
Iter 210 of 338 Loss: 0.589921, L1(Flow): 0.542049, Reg: 0.047872
Iter 220 of 338 Loss: 0.660017, L1(Flow): 0.605027, Reg: 0.054991
Iter 230 of 338 Loss: 0.605682, L1(Flow): 0.558528, Reg: 0.047154
Iter 240 of 338 Loss: 0.639855, L1(Flow): 0.585427, Reg: 0.054428
Iter 250 of 338 Loss: 0.666699, L1(Flow): 0.611028, Reg: 0.055671
Iter 260 of 338 Loss: 0.609955, L1(Flow): 0.558864, Reg: 0.051091
Iter 270 of 338 Loss: 0.600918, L1(Flow): 0.555157, Reg: 0.045761
Iter 280 of 338 Loss: 0.625393, L1(Flow): 0.574779, Reg: 0.050614
Iter 290 of 338 Loss: 0.606977, L1(Flow): 0.554707, Reg: 0.052271
Iter 300 of 338 Loss: 0.664251, L1(Flow): 0.610861, Reg: 0.053390
Iter 310 of 338 Loss: 0.604511, L1(Flow): 0.556278, Reg: 0.048233
Iter 320 of 338 Loss: 0.629032, L1(Flow): 0.575963, Reg: 0.053069
Iter 330 of 338 Loss: 0.679304, L1(Flow): 0.624739, Reg: 0.054564
Epoch 343 Loss: 0.637321
Epoch 343 Validation: Mean EPE: 2.7611, Mean SSIM: 0.4021, Mean ZNCC: 0.6466
Epoch 344 starts
Iter 10 of 338 Loss: 0.655612, L1(Flow): 0.601067, Reg: 0.054544
Iter 20 of 338 Loss: 0.656327, L1(Flow): 0.598273, Reg: 0.058054
Iter 30 of 338 Loss: 0.659122, L1(Flow): 0.607840, Reg: 0.051282
Iter 40 of 338 Loss: 0.624093, L1(Flow): 0.566729, Reg: 0.057364
Iter 50 of 338 Loss: 0.617582, L1(Flow): 0.564232, Reg: 0.053350
Iter 60 of 338 Loss: 0.637246, L1(Flow): 0.587042, Reg: 0.050203
Iter 70 of 338 Loss: 0.629812, L1(Flow): 0.576138, Reg: 0.053674
Iter 80 of 338 Loss: 0.660004, L1(Flow): 0.604477, Reg: 0.055527
Iter 90 of 338 Loss: 0.672826, L1(Flow): 0.613623, Reg: 0.059202
Iter 100 of 338 Loss: 0.660602, L1(Flow): 0.603586, Reg: 0.057016
Iter 110 of 338 Loss: 0.626867, L1(Flow): 0.581634, Reg: 0.045233
Iter 120 of 338 Loss: 0.652669, L1(Flow): 0.591015, Reg: 0.061653
Iter 130 of 338 Loss: 0.644899, L1(Flow): 0.589404, Reg: 0.055494
Iter 140 of 338 Loss: 0.627048, L1(Flow): 0.574154, Reg: 0.052893
Iter 150 of 338 Loss: 0.593229, L1(Flow): 0.545518, Reg: 0.047711
Iter 160 of 338 Loss: 0.624394, L1(Flow): 0.569616, Reg: 0.054778
Iter 170 of 338 Loss: 0.652509, L1(Flow): 0.597635, Reg: 0.054874
Iter 180 of 338 Loss: 0.617620, L1(Flow): 0.568189, Reg: 0.049431
Iter 190 of 338 Loss: 0.628218, L1(Flow): 0.577942, Reg: 0.050276
Iter 200 of 338 Loss: 0.617253, L1(Flow): 0.570764, Reg: 0.046488
Iter 210 of 338 Loss: 0.628906, L1(Flow): 0.577710, Reg: 0.051196
Iter 220 of 338 Loss: 0.668864, L1(Flow): 0.616186, Reg: 0.052679
Iter 230 of 338 Loss: 0.642647, L1(Flow): 0.585652, Reg: 0.056994
Iter 240 of 338 Loss: 0.638744, L1(Flow): 0.585454, Reg: 0.053290
Iter 250 of 338 Loss: 0.660632, L1(Flow): 0.606383, Reg: 0.054249
Iter 260 of 338 Loss: 0.640915, L1(Flow): 0.592294, Reg: 0.048620
Iter 270 of 338 Loss: 0.637758, L1(Flow): 0.587260, Reg: 0.050499
Iter 280 of 338 Loss: 0.605994, L1(Flow): 0.556895, Reg: 0.049099
Iter 290 of 338 Loss: 0.644032, L1(Flow): 0.585184, Reg: 0.058848
Iter 300 of 338 Loss: 0.628451, L1(Flow): 0.577997, Reg: 0.050454
Iter 310 of 338 Loss: 0.639404, L1(Flow): 0.587671, Reg: 0.051733
Iter 320 of 338 Loss: 0.673100, L1(Flow): 0.620031, Reg: 0.053069
Iter 330 of 338 Loss: 0.666138, L1(Flow): 0.611867, Reg: 0.054271
Epoch 344 Loss: 0.639769
Epoch 344 Validation: Mean EPE: 2.7593, Mean SSIM: 0.4017, Mean ZNCC: 0.6467
Epoch 345 starts
Iter 10 of 338 Loss: 0.644241, L1(Flow): 0.590232, Reg: 0.054009
Iter 20 of 338 Loss: 0.675151, L1(Flow): 0.619077, Reg: 0.056074
Iter 30 of 338 Loss: 0.602463, L1(Flow): 0.554943, Reg: 0.047519
Iter 40 of 338 Loss: 0.620230, L1(Flow): 0.567133, Reg: 0.053097
Iter 50 of 338 Loss: 0.642620, L1(Flow): 0.587910, Reg: 0.054709
Iter 60 of 338 Loss: 0.618303, L1(Flow): 0.568562, Reg: 0.049741
Iter 70 of 338 Loss: 0.635439, L1(Flow): 0.581688, Reg: 0.053751
Iter 80 of 338 Loss: 0.632655, L1(Flow): 0.577695, Reg: 0.054960
Iter 90 of 338 Loss: 0.597844, L1(Flow): 0.553529, Reg: 0.044315
Iter 100 of 338 Loss: 0.635637, L1(Flow): 0.582661, Reg: 0.052977
Iter 110 of 338 Loss: 0.617812, L1(Flow): 0.566022, Reg: 0.051790
Iter 120 of 338 Loss: 0.624108, L1(Flow): 0.569954, Reg: 0.054154
Iter 130 of 338 Loss: 0.618050, L1(Flow): 0.564173, Reg: 0.053877
Iter 140 of 338 Loss: 0.661407, L1(Flow): 0.603996, Reg: 0.057411
Iter 150 of 338 Loss: 0.632688, L1(Flow): 0.579345, Reg: 0.053343
Iter 160 of 338 Loss: 0.675948, L1(Flow): 0.620863, Reg: 0.055085
Iter 170 of 338 Loss: 0.629817, L1(Flow): 0.574828, Reg: 0.054989
Iter 180 of 338 Loss: 0.653733, L1(Flow): 0.601425, Reg: 0.052308
Iter 190 of 338 Loss: 0.607843, L1(Flow): 0.558033, Reg: 0.049810
Iter 200 of 338 Loss: 0.645510, L1(Flow): 0.591283, Reg: 0.054227
Iter 210 of 338 Loss: 0.635897, L1(Flow): 0.583110, Reg: 0.052787
Iter 220 of 338 Loss: 0.670867, L1(Flow): 0.610861, Reg: 0.060006
Iter 230 of 338 Loss: 0.613123, L1(Flow): 0.561589, Reg: 0.051534
Iter 240 of 338 Loss: 0.655768, L1(Flow): 0.601855, Reg: 0.053913
Iter 250 of 338 Loss: 0.668410, L1(Flow): 0.611517, Reg: 0.056893
Iter 260 of 338 Loss: 0.638660, L1(Flow): 0.583169, Reg: 0.055491
Iter 270 of 338 Loss: 0.625211, L1(Flow): 0.572545, Reg: 0.052666
Iter 280 of 338 Loss: 0.626766, L1(Flow): 0.572438, Reg: 0.054328
Iter 290 of 338 Loss: 0.630751, L1(Flow): 0.575836, Reg: 0.054914
Iter 300 of 338 Loss: 0.600925, L1(Flow): 0.551313, Reg: 0.049612
Iter 310 of 338 Loss: 0.639266, L1(Flow): 0.584988, Reg: 0.054278
Iter 320 of 338 Loss: 0.636396, L1(Flow): 0.581122, Reg: 0.055275
Iter 330 of 338 Loss: 0.646192, L1(Flow): 0.591387, Reg: 0.054805
Epoch 345 Loss: 0.637627
Epoch 345 Validation: Mean EPE: 2.7624, Mean SSIM: 0.4010, Mean ZNCC: 0.6463
Epoch 346 starts
Iter 10 of 338 Loss: 0.643242, L1(Flow): 0.590853, Reg: 0.052389
Iter 20 of 338 Loss: 0.598163, L1(Flow): 0.543797, Reg: 0.054366
Iter 30 of 338 Loss: 0.645900, L1(Flow): 0.590617, Reg: 0.055283
Iter 40 of 338 Loss: 0.632406, L1(Flow): 0.583168, Reg: 0.049239
Iter 50 of 338 Loss: 0.637618, L1(Flow): 0.584422, Reg: 0.053197
Iter 60 of 338 Loss: 0.598851, L1(Flow): 0.548868, Reg: 0.049983
Iter 70 of 338 Loss: 0.624057, L1(Flow): 0.572823, Reg: 0.051234
Iter 80 of 338 Loss: 0.658169, L1(Flow): 0.604487, Reg: 0.053682
Iter 90 of 338 Loss: 0.666520, L1(Flow): 0.606639, Reg: 0.059881
Iter 100 of 338 Loss: 0.648144, L1(Flow): 0.596858, Reg: 0.051287
Iter 110 of 338 Loss: 0.607851, L1(Flow): 0.558086, Reg: 0.049764
Iter 120 of 338 Loss: 0.620005, L1(Flow): 0.570289, Reg: 0.049716
Iter 130 of 338 Loss: 0.614571, L1(Flow): 0.567458, Reg: 0.047113
Iter 140 of 338 Loss: 0.601618, L1(Flow): 0.548583, Reg: 0.053035
Iter 150 of 338 Loss: 0.655372, L1(Flow): 0.598472, Reg: 0.056900
Iter 160 of 338 Loss: 0.608860, L1(Flow): 0.562813, Reg: 0.046047
Iter 170 of 338 Loss: 0.630491, L1(Flow): 0.578420, Reg: 0.052071
Iter 180 of 338 Loss: 0.626259, L1(Flow): 0.575680, Reg: 0.050579
Iter 190 of 338 Loss: 0.614394, L1(Flow): 0.563556, Reg: 0.050838
Iter 200 of 338 Loss: 0.612429, L1(Flow): 0.558751, Reg: 0.053678
Iter 210 of 338 Loss: 0.684722, L1(Flow): 0.628114, Reg: 0.056609
Iter 220 of 338 Loss: 0.651079, L1(Flow): 0.595060, Reg: 0.056019
Iter 230 of 338 Loss: 0.663372, L1(Flow): 0.608062, Reg: 0.055310
Iter 240 of 338 Loss: 0.670184, L1(Flow): 0.612728, Reg: 0.057455
Iter 250 of 338 Loss: 0.636477, L1(Flow): 0.585410, Reg: 0.051068
Iter 260 of 338 Loss: 0.624469, L1(Flow): 0.575003, Reg: 0.049466
Iter 270 of 338 Loss: 0.624508, L1(Flow): 0.572628, Reg: 0.051881
Iter 280 of 338 Loss: 0.634963, L1(Flow): 0.582314, Reg: 0.052649
Iter 290 of 338 Loss: 0.641036, L1(Flow): 0.584114, Reg: 0.056921
Iter 300 of 338 Loss: 0.620422, L1(Flow): 0.566312, Reg: 0.054110
Iter 310 of 338 Loss: 0.662289, L1(Flow): 0.606866, Reg: 0.055423
Iter 320 of 338 Loss: 0.625691, L1(Flow): 0.573505, Reg: 0.052187
Iter 330 of 338 Loss: 0.619945, L1(Flow): 0.567414, Reg: 0.052531
Epoch 346 Loss: 0.639540
Epoch 346 Validation: Mean EPE: 2.7716, Mean SSIM: 0.4014, Mean ZNCC: 0.6465
Epoch 347 starts
Iter 10 of 338 Loss: 0.651606, L1(Flow): 0.597087, Reg: 0.054519
Iter 20 of 338 Loss: 0.632046, L1(Flow): 0.579730, Reg: 0.052316
Iter 30 of 338 Loss: 0.651163, L1(Flow): 0.598209, Reg: 0.052953
Iter 40 of 338 Loss: 0.668238, L1(Flow): 0.608942, Reg: 0.059296
Iter 50 of 338 Loss: 0.654745, L1(Flow): 0.596280, Reg: 0.058465
Iter 60 of 338 Loss: 0.604358, L1(Flow): 0.554420, Reg: 0.049938
Iter 70 of 338 Loss: 0.640738, L1(Flow): 0.588423, Reg: 0.052315
Iter 80 of 338 Loss: 0.639051, L1(Flow): 0.586349, Reg: 0.052702
Iter 90 of 338 Loss: 0.661642, L1(Flow): 0.606694, Reg: 0.054949
Iter 100 of 338 Loss: 0.624746, L1(Flow): 0.570883, Reg: 0.053864
Iter 110 of 338 Loss: 0.627030, L1(Flow): 0.574865, Reg: 0.052165
Iter 120 of 338 Loss: 0.601747, L1(Flow): 0.548790, Reg: 0.052957
Iter 130 of 338 Loss: 0.680973, L1(Flow): 0.623559, Reg: 0.057414
Iter 140 of 338 Loss: 0.607520, L1(Flow): 0.558506, Reg: 0.049014
Iter 150 of 338 Loss: 0.631814, L1(Flow): 0.580538, Reg: 0.051276
Iter 160 of 338 Loss: 0.704841, L1(Flow): 0.644741, Reg: 0.060100
Iter 170 of 338 Loss: 0.647302, L1(Flow): 0.594926, Reg: 0.052376
Iter 180 of 338 Loss: 0.627654, L1(Flow): 0.579159, Reg: 0.048495
Iter 190 of 338 Loss: 0.652791, L1(Flow): 0.601555, Reg: 0.051236
Iter 200 of 338 Loss: 0.641214, L1(Flow): 0.590153, Reg: 0.051061
Iter 210 of 338 Loss: 0.605482, L1(Flow): 0.552653, Reg: 0.052829
Iter 220 of 338 Loss: 0.739102, L1(Flow): 0.674565, Reg: 0.064537
Iter 230 of 338 Loss: 0.620903, L1(Flow): 0.572772, Reg: 0.048132
Iter 240 of 338 Loss: 0.652339, L1(Flow): 0.598126, Reg: 0.054213
Iter 250 of 338 Loss: 0.647246, L1(Flow): 0.588937, Reg: 0.058309
Iter 260 of 338 Loss: 0.668799, L1(Flow): 0.614113, Reg: 0.054686
Iter 270 of 338 Loss: 0.642618, L1(Flow): 0.588140, Reg: 0.054479
Iter 280 of 338 Loss: 0.595558, L1(Flow): 0.546248, Reg: 0.049310
Iter 290 of 338 Loss: 0.588790, L1(Flow): 0.540537, Reg: 0.048253
Iter 300 of 338 Loss: 0.619652, L1(Flow): 0.569005, Reg: 0.050647
Iter 310 of 338 Loss: 0.643265, L1(Flow): 0.590629, Reg: 0.052637
Iter 320 of 338 Loss: 0.638213, L1(Flow): 0.584498, Reg: 0.053714
Iter 330 of 338 Loss: 0.621782, L1(Flow): 0.569656, Reg: 0.052126
Epoch 347 Loss: 0.639697
Epoch 347 Validation: Mean EPE: 2.7581, Mean SSIM: 0.4019, Mean ZNCC: 0.6467
Epoch 348 starts
Iter 10 of 338 Loss: 0.682140, L1(Flow): 0.624236, Reg: 0.057904
Iter 20 of 338 Loss: 0.684460, L1(Flow): 0.631477, Reg: 0.052983
Iter 30 of 338 Loss: 0.640091, L1(Flow): 0.585879, Reg: 0.054212
Iter 40 of 338 Loss: 0.582172, L1(Flow): 0.541122, Reg: 0.041049
Iter 50 of 338 Loss: 0.638774, L1(Flow): 0.585449, Reg: 0.053325
Iter 60 of 338 Loss: 0.626944, L1(Flow): 0.572493, Reg: 0.054451
Iter 70 of 338 Loss: 0.672648, L1(Flow): 0.616346, Reg: 0.056302
Iter 80 of 338 Loss: 0.686461, L1(Flow): 0.631181, Reg: 0.055281
Iter 90 of 338 Loss: 0.661200, L1(Flow): 0.600576, Reg: 0.060623
Iter 100 of 338 Loss: 0.711008, L1(Flow): 0.649962, Reg: 0.061047
Iter 110 of 338 Loss: 0.628081, L1(Flow): 0.574185, Reg: 0.053897
Iter 120 of 338 Loss: 0.669623, L1(Flow): 0.611710, Reg: 0.057913
Iter 130 of 338 Loss: 0.662085, L1(Flow): 0.608647, Reg: 0.053438
Iter 140 of 338 Loss: 0.624764, L1(Flow): 0.567412, Reg: 0.057352
Iter 150 of 338 Loss: 0.657369, L1(Flow): 0.606708, Reg: 0.050660
Iter 160 of 338 Loss: 0.651162, L1(Flow): 0.597671, Reg: 0.053491
Iter 170 of 338 Loss: 0.637718, L1(Flow): 0.590443, Reg: 0.047275
Iter 180 of 338 Loss: 0.609679, L1(Flow): 0.558913, Reg: 0.050766
Iter 190 of 338 Loss: 0.645057, L1(Flow): 0.592766, Reg: 0.052290
Iter 200 of 338 Loss: 0.616918, L1(Flow): 0.565298, Reg: 0.051620
Iter 210 of 338 Loss: 0.658064, L1(Flow): 0.605047, Reg: 0.053017
Iter 220 of 338 Loss: 0.625284, L1(Flow): 0.573150, Reg: 0.052134
Iter 230 of 338 Loss: 0.609490, L1(Flow): 0.557500, Reg: 0.051991
Iter 240 of 338 Loss: 0.664711, L1(Flow): 0.608854, Reg: 0.055857
Iter 250 of 338 Loss: 0.629753, L1(Flow): 0.576351, Reg: 0.053402
Iter 260 of 338 Loss: 0.634256, L1(Flow): 0.583937, Reg: 0.050319
Iter 270 of 338 Loss: 0.637884, L1(Flow): 0.585746, Reg: 0.052138
Iter 280 of 338 Loss: 0.665170, L1(Flow): 0.613924, Reg: 0.051246
Iter 290 of 338 Loss: 0.665062, L1(Flow): 0.606855, Reg: 0.058207
Iter 300 of 338 Loss: 0.619179, L1(Flow): 0.567994, Reg: 0.051186
Iter 310 of 338 Loss: 0.583176, L1(Flow): 0.534293, Reg: 0.048883
Iter 320 of 338 Loss: 0.617205, L1(Flow): 0.570339, Reg: 0.046866
Iter 330 of 338 Loss: 0.641741, L1(Flow): 0.590531, Reg: 0.051210
Epoch 348 Loss: 0.639706
Epoch 348 Validation: Mean EPE: 2.7584, Mean SSIM: 0.4019, Mean ZNCC: 0.6467
Epoch 349 starts
Iter 10 of 338 Loss: 0.603992, L1(Flow): 0.552968, Reg: 0.051024
Iter 20 of 338 Loss: 0.621167, L1(Flow): 0.570947, Reg: 0.050220
Iter 30 of 338 Loss: 0.627178, L1(Flow): 0.577242, Reg: 0.049936
Iter 40 of 338 Loss: 0.670704, L1(Flow): 0.618683, Reg: 0.052020
Iter 50 of 338 Loss: 0.655358, L1(Flow): 0.599654, Reg: 0.055703
Iter 60 of 338 Loss: 0.637277, L1(Flow): 0.584059, Reg: 0.053218
Iter 70 of 338 Loss: 0.634582, L1(Flow): 0.581011, Reg: 0.053571
Iter 80 of 338 Loss: 0.626458, L1(Flow): 0.574842, Reg: 0.051616
Iter 90 of 338 Loss: 0.652600, L1(Flow): 0.597532, Reg: 0.055068
Iter 100 of 338 Loss: 0.678215, L1(Flow): 0.623049, Reg: 0.055165
Iter 110 of 338 Loss: 0.633900, L1(Flow): 0.581915, Reg: 0.051985
Iter 120 of 338 Loss: 0.649551, L1(Flow): 0.595022, Reg: 0.054529
Iter 130 of 338 Loss: 0.675726, L1(Flow): 0.623392, Reg: 0.052334
Iter 140 of 338 Loss: 0.644317, L1(Flow): 0.587477, Reg: 0.056840
Iter 150 of 338 Loss: 0.633415, L1(Flow): 0.582237, Reg: 0.051178
Iter 160 of 338 Loss: 0.614616, L1(Flow): 0.561949, Reg: 0.052667
Iter 170 of 338 Loss: 0.628762, L1(Flow): 0.577080, Reg: 0.051682
Iter 180 of 338 Loss: 0.626895, L1(Flow): 0.572349, Reg: 0.054546
Iter 190 of 338 Loss: 0.598006, L1(Flow): 0.550691, Reg: 0.047314
Iter 200 of 338 Loss: 0.597591, L1(Flow): 0.551158, Reg: 0.046433
Iter 210 of 338 Loss: 0.640366, L1(Flow): 0.585441, Reg: 0.054925
Iter 220 of 338 Loss: 0.617113, L1(Flow): 0.563858, Reg: 0.053256
Iter 230 of 338 Loss: 0.632838, L1(Flow): 0.579107, Reg: 0.053732
Iter 240 of 338 Loss: 0.658034, L1(Flow): 0.600646, Reg: 0.057388
Iter 250 of 338 Loss: 0.646795, L1(Flow): 0.590992, Reg: 0.055803
Iter 260 of 338 Loss: 0.685525, L1(Flow): 0.626632, Reg: 0.058894
Iter 270 of 338 Loss: 0.600010, L1(Flow): 0.553093, Reg: 0.046917
Iter 280 of 338 Loss: 0.630560, L1(Flow): 0.580278, Reg: 0.050281
Iter 290 of 338 Loss: 0.626730, L1(Flow): 0.573461, Reg: 0.053269
Iter 300 of 338 Loss: 0.645848, L1(Flow): 0.591416, Reg: 0.054432
Iter 310 of 338 Loss: 0.669546, L1(Flow): 0.614683, Reg: 0.054863
Iter 320 of 338 Loss: 0.646892, L1(Flow): 0.591091, Reg: 0.055800
Iter 330 of 338 Loss: 0.679049, L1(Flow): 0.623555, Reg: 0.055495
Epoch 349 Loss: 0.635905
Epoch 349 Validation: Mean EPE: 2.7506, Mean SSIM: 0.4018, Mean ZNCC: 0.6469
--> Saved to Top 5 best models (EPE: 2.7506)
Epoch 350 starts
Iter 10 of 338 Loss: 0.640260, L1(Flow): 0.587721, Reg: 0.052539
Iter 20 of 338 Loss: 0.670457, L1(Flow): 0.612643, Reg: 0.057814
Iter 30 of 338 Loss: 0.659421, L1(Flow): 0.600252, Reg: 0.059169
Iter 40 of 338 Loss: 0.625247, L1(Flow): 0.570762, Reg: 0.054485
Iter 50 of 338 Loss: 0.673099, L1(Flow): 0.622021, Reg: 0.051078
Iter 60 of 338 Loss: 0.641161, L1(Flow): 0.585728, Reg: 0.055433
Iter 70 of 338 Loss: 0.627042, L1(Flow): 0.576271, Reg: 0.050771
Iter 80 of 338 Loss: 0.639582, L1(Flow): 0.584786, Reg: 0.054796
Iter 90 of 338 Loss: 0.661706, L1(Flow): 0.605896, Reg: 0.055810
Iter 100 of 338 Loss: 0.639483, L1(Flow): 0.584670, Reg: 0.054813
Iter 110 of 338 Loss: 0.640387, L1(Flow): 0.589052, Reg: 0.051335
Iter 120 of 338 Loss: 0.649834, L1(Flow): 0.594297, Reg: 0.055538
Iter 130 of 338 Loss: 0.607753, L1(Flow): 0.559339, Reg: 0.048414
Iter 140 of 338 Loss: 0.634792, L1(Flow): 0.582986, Reg: 0.051806
Iter 150 of 338 Loss: 0.632855, L1(Flow): 0.582739, Reg: 0.050116
Iter 160 of 338 Loss: 0.603896, L1(Flow): 0.549599, Reg: 0.054297
Iter 170 of 338 Loss: 0.637296, L1(Flow): 0.583121, Reg: 0.054175
Iter 180 of 338 Loss: 0.606160, L1(Flow): 0.558156, Reg: 0.048004
Iter 190 of 338 Loss: 0.597515, L1(Flow): 0.547104, Reg: 0.050411
Iter 200 of 338 Loss: 0.654460, L1(Flow): 0.598851, Reg: 0.055609
Iter 210 of 338 Loss: 0.637021, L1(Flow): 0.580511, Reg: 0.056510
Iter 220 of 338 Loss: 0.643134, L1(Flow): 0.587224, Reg: 0.055910
Iter 230 of 338 Loss: 0.616164, L1(Flow): 0.565777, Reg: 0.050387
Iter 240 of 338 Loss: 0.609465, L1(Flow): 0.561268, Reg: 0.048197
Iter 250 of 338 Loss: 0.632266, L1(Flow): 0.577620, Reg: 0.054645
Iter 260 of 338 Loss: 0.645685, L1(Flow): 0.591185, Reg: 0.054500
Iter 270 of 338 Loss: 0.649862, L1(Flow): 0.596409, Reg: 0.053452
Iter 280 of 338 Loss: 0.664833, L1(Flow): 0.610465, Reg: 0.054368
Iter 290 of 338 Loss: 0.631448, L1(Flow): 0.578460, Reg: 0.052988
Iter 300 of 338 Loss: 0.608047, L1(Flow): 0.554566, Reg: 0.053481
Iter 310 of 338 Loss: 0.642838, L1(Flow): 0.591942, Reg: 0.050896
Iter 320 of 338 Loss: 0.648275, L1(Flow): 0.590928, Reg: 0.057347
Iter 330 of 338 Loss: 0.637078, L1(Flow): 0.585411, Reg: 0.051667
Epoch 350 Loss: 0.635436
Epoch 350 Validation: Mean EPE: 2.7601, Mean SSIM: 0.4021, Mean ZNCC: 0.6467
Epoch 351 starts
Iter 10 of 338 Loss: 0.630915, L1(Flow): 0.578624, Reg: 0.052291
Iter 20 of 338 Loss: 0.628000, L1(Flow): 0.573633, Reg: 0.054367
Iter 30 of 338 Loss: 0.614400, L1(Flow): 0.562939, Reg: 0.051461
Iter 40 of 338 Loss: 0.660637, L1(Flow): 0.606197, Reg: 0.054439
Iter 50 of 338 Loss: 0.608317, L1(Flow): 0.555254, Reg: 0.053063
Iter 60 of 338 Loss: 0.615423, L1(Flow): 0.564770, Reg: 0.050653
Iter 70 of 338 Loss: 0.661645, L1(Flow): 0.605780, Reg: 0.055865
Iter 80 of 338 Loss: 0.642405, L1(Flow): 0.586002, Reg: 0.056403
Iter 90 of 338 Loss: 0.608957, L1(Flow): 0.555225, Reg: 0.053732
Iter 100 of 338 Loss: 0.634270, L1(Flow): 0.578969, Reg: 0.055301
Iter 110 of 338 Loss: 0.653312, L1(Flow): 0.597283, Reg: 0.056029
Iter 120 of 338 Loss: 0.623569, L1(Flow): 0.570371, Reg: 0.053198
Iter 130 of 338 Loss: 0.623949, L1(Flow): 0.570753, Reg: 0.053196
Iter 140 of 338 Loss: 0.642063, L1(Flow): 0.592818, Reg: 0.049245
Iter 150 of 338 Loss: 0.648511, L1(Flow): 0.596304, Reg: 0.052206
Iter 160 of 338 Loss: 0.642240, L1(Flow): 0.585560, Reg: 0.056680
Iter 170 of 338 Loss: 0.658464, L1(Flow): 0.599605, Reg: 0.058859
Iter 180 of 338 Loss: 0.613999, L1(Flow): 0.561131, Reg: 0.052868
Iter 190 of 338 Loss: 0.658520, L1(Flow): 0.603686, Reg: 0.054834
Iter 200 of 338 Loss: 0.652649, L1(Flow): 0.597438, Reg: 0.055211
Iter 210 of 338 Loss: 0.612751, L1(Flow): 0.562122, Reg: 0.050629
Iter 220 of 338 Loss: 0.641495, L1(Flow): 0.589678, Reg: 0.051817
Iter 230 of 338 Loss: 0.607791, L1(Flow): 0.557343, Reg: 0.050449
Iter 240 of 338 Loss: 0.673467, L1(Flow): 0.616880, Reg: 0.056587
Iter 250 of 338 Loss: 0.662939, L1(Flow): 0.604843, Reg: 0.058096
Iter 260 of 338 Loss: 0.593753, L1(Flow): 0.544244, Reg: 0.049509
Iter 270 of 338 Loss: 0.616876, L1(Flow): 0.564585, Reg: 0.052291
Iter 280 of 338 Loss: 0.609715, L1(Flow): 0.559175, Reg: 0.050539
Iter 290 of 338 Loss: 0.630721, L1(Flow): 0.576815, Reg: 0.053906
Iter 300 of 338 Loss: 0.626159, L1(Flow): 0.574071, Reg: 0.052088
Iter 310 of 338 Loss: 0.617559, L1(Flow): 0.566877, Reg: 0.050682
Iter 320 of 338 Loss: 0.631741, L1(Flow): 0.581479, Reg: 0.050263
Iter 330 of 338 Loss: 0.625334, L1(Flow): 0.575161, Reg: 0.050173
Epoch 351 Loss: 0.636725
Epoch 351 Validation: Mean EPE: 2.7532, Mean SSIM: 0.4022, Mean ZNCC: 0.6467
--> Saved to Top 5 best models (EPE: 2.7532)
Epoch 352 starts
Iter 10 of 338 Loss: 0.672163, L1(Flow): 0.616111, Reg: 0.056052
Iter 20 of 338 Loss: 0.668460, L1(Flow): 0.610526, Reg: 0.057934
Iter 30 of 338 Loss: 0.617754, L1(Flow): 0.568550, Reg: 0.049204
Iter 40 of 338 Loss: 0.609480, L1(Flow): 0.557313, Reg: 0.052167
Iter 50 of 338 Loss: 0.653860, L1(Flow): 0.598579, Reg: 0.055281
Iter 60 of 338 Loss: 0.635107, L1(Flow): 0.582064, Reg: 0.053043
Iter 70 of 338 Loss: 0.681553, L1(Flow): 0.623271, Reg: 0.058282
Iter 80 of 338 Loss: 0.626643, L1(Flow): 0.571190, Reg: 0.055452
Iter 90 of 338 Loss: 0.635654, L1(Flow): 0.588083, Reg: 0.047570
Iter 100 of 338 Loss: 0.630805, L1(Flow): 0.579031, Reg: 0.051774
Iter 110 of 338 Loss: 0.603452, L1(Flow): 0.551267, Reg: 0.052185
Iter 120 of 338 Loss: 0.626035, L1(Flow): 0.575010, Reg: 0.051025
Iter 130 of 338 Loss: 0.655772, L1(Flow): 0.593540, Reg: 0.062232
Iter 140 of 338 Loss: 0.615727, L1(Flow): 0.563294, Reg: 0.052433
Iter 150 of 338 Loss: 0.646666, L1(Flow): 0.589685, Reg: 0.056981
Iter 160 of 338 Loss: 0.641743, L1(Flow): 0.588023, Reg: 0.053720
Iter 170 of 338 Loss: 0.631192, L1(Flow): 0.578411, Reg: 0.052781
Iter 180 of 338 Loss: 0.699882, L1(Flow): 0.646422, Reg: 0.053460
Iter 190 of 338 Loss: 0.676816, L1(Flow): 0.624246, Reg: 0.052570
Iter 200 of 338 Loss: 0.645909, L1(Flow): 0.589073, Reg: 0.056836
Iter 210 of 338 Loss: 0.659110, L1(Flow): 0.606016, Reg: 0.053094
Iter 220 of 338 Loss: 0.631899, L1(Flow): 0.575903, Reg: 0.055996
Iter 230 of 338 Loss: 0.601479, L1(Flow): 0.551053, Reg: 0.050427
Iter 240 of 338 Loss: 0.638259, L1(Flow): 0.582662, Reg: 0.055597
Iter 250 of 338 Loss: 0.656837, L1(Flow): 0.604355, Reg: 0.052482
Iter 260 of 338 Loss: 0.663358, L1(Flow): 0.607245, Reg: 0.056113
Iter 270 of 338 Loss: 0.619450, L1(Flow): 0.569382, Reg: 0.050068
Iter 280 of 338 Loss: 0.637138, L1(Flow): 0.580251, Reg: 0.056887
Iter 290 of 338 Loss: 0.618603, L1(Flow): 0.566476, Reg: 0.052127
Iter 300 of 338 Loss: 0.637935, L1(Flow): 0.584309, Reg: 0.053626
Iter 310 of 338 Loss: 0.651608, L1(Flow): 0.589899, Reg: 0.061709
Iter 320 of 338 Loss: 0.667179, L1(Flow): 0.608035, Reg: 0.059145
Iter 330 of 338 Loss: 0.632012, L1(Flow): 0.581416, Reg: 0.050596
Epoch 352 Loss: 0.636022
Epoch 352 Validation: Mean EPE: 2.7650, Mean SSIM: 0.4015, Mean ZNCC: 0.6465
Epoch 353 starts
Iter 10 of 338 Loss: 0.641772, L1(Flow): 0.590840, Reg: 0.050932
Iter 20 of 338 Loss: 0.621234, L1(Flow): 0.568133, Reg: 0.053102
Iter 30 of 338 Loss: 0.624461, L1(Flow): 0.571189, Reg: 0.053273
Iter 40 of 338 Loss: 0.622183, L1(Flow): 0.568049, Reg: 0.054135
Iter 50 of 338 Loss: 0.649656, L1(Flow): 0.593708, Reg: 0.055947
Iter 60 of 338 Loss: 0.650905, L1(Flow): 0.596794, Reg: 0.054111
Iter 70 of 338 Loss: 0.632176, L1(Flow): 0.579335, Reg: 0.052841
Iter 80 of 338 Loss: 0.636168, L1(Flow): 0.582848, Reg: 0.053320
Iter 90 of 338 Loss: 0.639785, L1(Flow): 0.585737, Reg: 0.054048
Iter 100 of 338 Loss: 0.617752, L1(Flow): 0.565692, Reg: 0.052060
Iter 110 of 338 Loss: 0.653682, L1(Flow): 0.595871, Reg: 0.057811
Iter 120 of 338 Loss: 0.634980, L1(Flow): 0.582841, Reg: 0.052139
Iter 130 of 338 Loss: 0.663791, L1(Flow): 0.610356, Reg: 0.053435
Iter 140 of 338 Loss: 0.633159, L1(Flow): 0.577303, Reg: 0.055856
Iter 150 of 338 Loss: 0.664843, L1(Flow): 0.609106, Reg: 0.055737
Iter 160 of 338 Loss: 0.633406, L1(Flow): 0.582377, Reg: 0.051029
Iter 170 of 338 Loss: 0.677873, L1(Flow): 0.616459, Reg: 0.061414
Iter 180 of 338 Loss: 0.604260, L1(Flow): 0.556223, Reg: 0.048036
Iter 190 of 338 Loss: 0.625444, L1(Flow): 0.571433, Reg: 0.054011
Iter 200 of 338 Loss: 0.632066, L1(Flow): 0.580064, Reg: 0.052002
Iter 210 of 338 Loss: 0.660011, L1(Flow): 0.610867, Reg: 0.049144
Iter 220 of 338 Loss: 0.637220, L1(Flow): 0.583710, Reg: 0.053510
Iter 230 of 338 Loss: 0.667872, L1(Flow): 0.612676, Reg: 0.055196
Iter 240 of 338 Loss: 0.623407, L1(Flow): 0.571924, Reg: 0.051483
Iter 250 of 338 Loss: 0.611279, L1(Flow): 0.562924, Reg: 0.048355
Iter 260 of 338 Loss: 0.623442, L1(Flow): 0.573138, Reg: 0.050305
Iter 270 of 338 Loss: 0.649400, L1(Flow): 0.594554, Reg: 0.054846
Iter 280 of 338 Loss: 0.654245, L1(Flow): 0.598858, Reg: 0.055386
Iter 290 of 338 Loss: 0.625400, L1(Flow): 0.570925, Reg: 0.054475
Iter 300 of 338 Loss: 0.677825, L1(Flow): 0.622873, Reg: 0.054951
Iter 310 of 338 Loss: 0.630604, L1(Flow): 0.578287, Reg: 0.052318
Iter 320 of 338 Loss: 0.658574, L1(Flow): 0.605763, Reg: 0.052811
Iter 330 of 338 Loss: 0.646133, L1(Flow): 0.590731, Reg: 0.055402
Epoch 353 Loss: 0.638404
Epoch 353 Validation: Mean EPE: 2.7626, Mean SSIM: 0.4016, Mean ZNCC: 0.6465
Epoch 354 starts
Iter 10 of 338 Loss: 0.650712, L1(Flow): 0.597303, Reg: 0.053408
Iter 20 of 338 Loss: 0.633553, L1(Flow): 0.577782, Reg: 0.055772
Iter 30 of 338 Loss: 0.624433, L1(Flow): 0.579560, Reg: 0.044873
Iter 40 of 338 Loss: 0.619994, L1(Flow): 0.568222, Reg: 0.051772
Iter 50 of 338 Loss: 0.639358, L1(Flow): 0.588525, Reg: 0.050832
Iter 60 of 338 Loss: 0.590041, L1(Flow): 0.542799, Reg: 0.047242
Iter 70 of 338 Loss: 0.663927, L1(Flow): 0.608306, Reg: 0.055621
Iter 80 of 338 Loss: 0.628904, L1(Flow): 0.576830, Reg: 0.052074
Iter 90 of 338 Loss: 0.616359, L1(Flow): 0.563985, Reg: 0.052374
Iter 100 of 338 Loss: 0.635035, L1(Flow): 0.577318, Reg: 0.057718
Iter 110 of 338 Loss: 0.589246, L1(Flow): 0.543533, Reg: 0.045713
Iter 120 of 338 Loss: 0.605194, L1(Flow): 0.556266, Reg: 0.048928
Iter 130 of 338 Loss: 0.598634, L1(Flow): 0.546448, Reg: 0.052186
Iter 140 of 338 Loss: 0.642019, L1(Flow): 0.585928, Reg: 0.056091
Iter 150 of 338 Loss: 0.599037, L1(Flow): 0.546085, Reg: 0.052953
Iter 160 of 338 Loss: 0.648392, L1(Flow): 0.597373, Reg: 0.051019
Iter 170 of 338 Loss: 0.588500, L1(Flow): 0.539965, Reg: 0.048535
Iter 180 of 338 Loss: 0.643065, L1(Flow): 0.590622, Reg: 0.052443
Iter 190 of 338 Loss: 0.623094, L1(Flow): 0.571796, Reg: 0.051298
Iter 200 of 338 Loss: 0.625240, L1(Flow): 0.576036, Reg: 0.049204
Iter 210 of 338 Loss: 0.636485, L1(Flow): 0.583636, Reg: 0.052850
Iter 220 of 338 Loss: 0.590430, L1(Flow): 0.542732, Reg: 0.047698
Iter 230 of 338 Loss: 0.627895, L1(Flow): 0.579222, Reg: 0.048673
Iter 240 of 338 Loss: 0.604609, L1(Flow): 0.554796, Reg: 0.049813
Iter 250 of 338 Loss: 0.660346, L1(Flow): 0.603855, Reg: 0.056491
Iter 260 of 338 Loss: 0.599108, L1(Flow): 0.548177, Reg: 0.050932
Iter 270 of 338 Loss: 0.643629, L1(Flow): 0.588350, Reg: 0.055279
Iter 280 of 338 Loss: 0.654801, L1(Flow): 0.600037, Reg: 0.054764
Iter 290 of 338 Loss: 0.601683, L1(Flow): 0.548465, Reg: 0.053218
Iter 300 of 338 Loss: 0.654428, L1(Flow): 0.601064, Reg: 0.053364
Iter 310 of 338 Loss: 0.647304, L1(Flow): 0.594741, Reg: 0.052563
Iter 320 of 338 Loss: 0.624826, L1(Flow): 0.570326, Reg: 0.054499
Iter 330 of 338 Loss: 0.631757, L1(Flow): 0.579988, Reg: 0.051769
Epoch 354 Loss: 0.631919
Epoch 354 Validation: Mean EPE: 2.7636, Mean SSIM: 0.4017, Mean ZNCC: 0.6466
Epoch 355 starts
Iter 10 of 338 Loss: 0.632251, L1(Flow): 0.579568, Reg: 0.052682
Iter 20 of 338 Loss: 0.684811, L1(Flow): 0.629074, Reg: 0.055737
Iter 30 of 338 Loss: 0.659080, L1(Flow): 0.605500, Reg: 0.053581
Iter 40 of 338 Loss: 0.669011, L1(Flow): 0.616467, Reg: 0.052544
Iter 50 of 338 Loss: 0.654638, L1(Flow): 0.593820, Reg: 0.060818
Iter 60 of 338 Loss: 0.614025, L1(Flow): 0.563149, Reg: 0.050875
Iter 70 of 338 Loss: 0.625828, L1(Flow): 0.574487, Reg: 0.051341
Iter 80 of 338 Loss: 0.636013, L1(Flow): 0.578566, Reg: 0.057448
Iter 90 of 338 Loss: 0.587540, L1(Flow): 0.537227, Reg: 0.050313
Iter 100 of 338 Loss: 0.654974, L1(Flow): 0.599292, Reg: 0.055682
Iter 110 of 338 Loss: 0.622728, L1(Flow): 0.566190, Reg: 0.056538
Iter 120 of 338 Loss: 0.599580, L1(Flow): 0.549144, Reg: 0.050436
Iter 130 of 338 Loss: 0.625901, L1(Flow): 0.576390, Reg: 0.049511
Iter 140 of 338 Loss: 0.653150, L1(Flow): 0.598750, Reg: 0.054400
Iter 150 of 338 Loss: 0.638779, L1(Flow): 0.586420, Reg: 0.052359
Iter 160 of 338 Loss: 0.639819, L1(Flow): 0.585545, Reg: 0.054274
Iter 170 of 338 Loss: 0.643856, L1(Flow): 0.592815, Reg: 0.051041
Iter 180 of 338 Loss: 0.617012, L1(Flow): 0.566362, Reg: 0.050650
Iter 190 of 338 Loss: 0.630585, L1(Flow): 0.577758, Reg: 0.052827
Iter 200 of 338 Loss: 0.611309, L1(Flow): 0.561838, Reg: 0.049471
Iter 210 of 338 Loss: 0.655984, L1(Flow): 0.598071, Reg: 0.057913
Iter 220 of 338 Loss: 0.639255, L1(Flow): 0.581904, Reg: 0.057352
Iter 230 of 338 Loss: 0.633029, L1(Flow): 0.581027, Reg: 0.052002
Iter 240 of 338 Loss: 0.630321, L1(Flow): 0.577248, Reg: 0.053073
Iter 250 of 338 Loss: 0.715433, L1(Flow): 0.656057, Reg: 0.059376
Iter 260 of 338 Loss: 0.626655, L1(Flow): 0.574772, Reg: 0.051883
Iter 270 of 338 Loss: 0.639285, L1(Flow): 0.587515, Reg: 0.051769
Iter 280 of 338 Loss: 0.656098, L1(Flow): 0.595191, Reg: 0.060907
Iter 290 of 338 Loss: 0.621528, L1(Flow): 0.566867, Reg: 0.054661
Iter 300 of 338 Loss: 0.645208, L1(Flow): 0.588960, Reg: 0.056248
Iter 310 of 338 Loss: 0.643356, L1(Flow): 0.583803, Reg: 0.059553
Iter 320 of 338 Loss: 0.623471, L1(Flow): 0.569730, Reg: 0.053741
Iter 330 of 338 Loss: 0.637230, L1(Flow): 0.584607, Reg: 0.052623
Epoch 355 Loss: 0.630325
Epoch 355 Validation: Mean EPE: 2.7707, Mean SSIM: 0.4014, Mean ZNCC: 0.6462
Epoch 356 starts
Iter 10 of 338 Loss: 0.628283, L1(Flow): 0.577749, Reg: 0.050534
Iter 20 of 338 Loss: 0.615076, L1(Flow): 0.568675, Reg: 0.046401
Iter 30 of 338 Loss: 0.655032, L1(Flow): 0.596481, Reg: 0.058550
Iter 40 of 338 Loss: 0.632634, L1(Flow): 0.578537, Reg: 0.054097
Iter 50 of 338 Loss: 0.581454, L1(Flow): 0.532507, Reg: 0.048947
Iter 60 of 338 Loss: 0.631658, L1(Flow): 0.580144, Reg: 0.051514
Iter 70 of 338 Loss: 0.652189, L1(Flow): 0.593809, Reg: 0.058381
Iter 80 of 338 Loss: 0.631051, L1(Flow): 0.578944, Reg: 0.052107
Iter 90 of 338 Loss: 0.632460, L1(Flow): 0.578134, Reg: 0.054326
Iter 100 of 338 Loss: 0.672897, L1(Flow): 0.616951, Reg: 0.055946
Iter 110 of 338 Loss: 0.632134, L1(Flow): 0.578821, Reg: 0.053313
Iter 120 of 338 Loss: 0.633299, L1(Flow): 0.579777, Reg: 0.053522
Iter 130 of 338 Loss: 0.616296, L1(Flow): 0.564739, Reg: 0.051557
Iter 140 of 338 Loss: 0.631397, L1(Flow): 0.578621, Reg: 0.052776
Iter 150 of 338 Loss: 0.620778, L1(Flow): 0.567568, Reg: 0.053210
Iter 160 of 338 Loss: 0.654414, L1(Flow): 0.599287, Reg: 0.055128
Iter 170 of 338 Loss: 0.644789, L1(Flow): 0.591080, Reg: 0.053709
Iter 180 of 338 Loss: 0.619325, L1(Flow): 0.569496, Reg: 0.049829
Iter 190 of 338 Loss: 0.601172, L1(Flow): 0.550691, Reg: 0.050481
Iter 200 of 338 Loss: 0.655121, L1(Flow): 0.598800, Reg: 0.056321
Iter 210 of 338 Loss: 0.626515, L1(Flow): 0.574816, Reg: 0.051698
Iter 220 of 338 Loss: 0.615147, L1(Flow): 0.564712, Reg: 0.050436
Iter 230 of 338 Loss: 0.621394, L1(Flow): 0.569266, Reg: 0.052127
Iter 240 of 338 Loss: 0.643699, L1(Flow): 0.589460, Reg: 0.054239
Iter 250 of 338 Loss: 0.621245, L1(Flow): 0.574573, Reg: 0.046671
Iter 260 of 338 Loss: 0.617663, L1(Flow): 0.561271, Reg: 0.056393
Iter 270 of 338 Loss: 0.639959, L1(Flow): 0.582449, Reg: 0.057510
Iter 280 of 338 Loss: 0.607023, L1(Flow): 0.557867, Reg: 0.049157
Iter 290 of 338 Loss: 0.619785, L1(Flow): 0.564973, Reg: 0.054812
Iter 300 of 338 Loss: 0.648813, L1(Flow): 0.597470, Reg: 0.051342
Iter 310 of 338 Loss: 0.628005, L1(Flow): 0.577238, Reg: 0.050767
Iter 320 of 338 Loss: 0.648780, L1(Flow): 0.592148, Reg: 0.056632
Iter 330 of 338 Loss: 0.616200, L1(Flow): 0.563056, Reg: 0.053144
Epoch 356 Loss: 0.633774
Epoch 356 Validation: Mean EPE: 2.7640, Mean SSIM: 0.4020, Mean ZNCC: 0.6466
Epoch 357 starts
Iter 10 of 338 Loss: 0.670411, L1(Flow): 0.615470, Reg: 0.054940
Iter 20 of 338 Loss: 0.629844, L1(Flow): 0.580217, Reg: 0.049626
Iter 30 of 338 Loss: 0.630400, L1(Flow): 0.574316, Reg: 0.056083
Iter 40 of 338 Loss: 0.609096, L1(Flow): 0.559326, Reg: 0.049771
Iter 50 of 338 Loss: 0.640127, L1(Flow): 0.590139, Reg: 0.049988
Iter 60 of 338 Loss: 0.620332, L1(Flow): 0.566316, Reg: 0.054017
Iter 70 of 338 Loss: 0.630812, L1(Flow): 0.580040, Reg: 0.050772
Iter 80 of 338 Loss: 0.664920, L1(Flow): 0.608714, Reg: 0.056206
Iter 90 of 338 Loss: 0.638408, L1(Flow): 0.587717, Reg: 0.050691
Iter 100 of 338 Loss: 0.653551, L1(Flow): 0.595012, Reg: 0.058539
Iter 110 of 338 Loss: 0.641691, L1(Flow): 0.588675, Reg: 0.053015
Iter 120 of 338 Loss: 0.624327, L1(Flow): 0.571138, Reg: 0.053189
Iter 130 of 338 Loss: 0.637018, L1(Flow): 0.585583, Reg: 0.051435
Iter 140 of 338 Loss: 0.634328, L1(Flow): 0.583030, Reg: 0.051298
Iter 150 of 338 Loss: 0.643045, L1(Flow): 0.591811, Reg: 0.051234
Iter 160 of 338 Loss: 0.643466, L1(Flow): 0.588874, Reg: 0.054592
Iter 170 of 338 Loss: 0.653587, L1(Flow): 0.599807, Reg: 0.053780
Iter 180 of 338 Loss: 0.622431, L1(Flow): 0.571209, Reg: 0.051223
Iter 190 of 338 Loss: 0.622570, L1(Flow): 0.572608, Reg: 0.049962
Iter 200 of 338 Loss: 0.562064, L1(Flow): 0.517965, Reg: 0.044099
Iter 210 of 338 Loss: 0.637118, L1(Flow): 0.584057, Reg: 0.053061
Iter 220 of 338 Loss: 0.628252, L1(Flow): 0.574398, Reg: 0.053855
Iter 230 of 338 Loss: 0.571311, L1(Flow): 0.525576, Reg: 0.045735
Iter 240 of 338 Loss: 0.652720, L1(Flow): 0.598903, Reg: 0.053817
Iter 250 of 338 Loss: 0.605421, L1(Flow): 0.556261, Reg: 0.049160
Iter 260 of 338 Loss: 0.642885, L1(Flow): 0.588005, Reg: 0.054879
Iter 270 of 338 Loss: 0.566257, L1(Flow): 0.518144, Reg: 0.048113
Iter 280 of 338 Loss: 0.650554, L1(Flow): 0.593056, Reg: 0.057498
Iter 290 of 338 Loss: 0.624772, L1(Flow): 0.571886, Reg: 0.052886
Iter 300 of 338 Loss: 0.602527, L1(Flow): 0.555061, Reg: 0.047466
Iter 310 of 338 Loss: 0.659541, L1(Flow): 0.606504, Reg: 0.053037
Iter 320 of 338 Loss: 0.638848, L1(Flow): 0.586002, Reg: 0.052846
Iter 330 of 338 Loss: 0.612921, L1(Flow): 0.564273, Reg: 0.048648
Epoch 357 Loss: 0.633375
Epoch 357 Validation: Mean EPE: 2.7737, Mean SSIM: 0.4017, Mean ZNCC: 0.6462
Epoch 358 starts
Iter 10 of 338 Loss: 0.624421, L1(Flow): 0.573379, Reg: 0.051041
Iter 20 of 338 Loss: 0.666264, L1(Flow): 0.610968, Reg: 0.055296
Iter 30 of 338 Loss: 0.627294, L1(Flow): 0.575319, Reg: 0.051975
Iter 40 of 338 Loss: 0.586706, L1(Flow): 0.540899, Reg: 0.045807
Iter 50 of 338 Loss: 0.662069, L1(Flow): 0.608450, Reg: 0.053619
Iter 60 of 338 Loss: 0.614294, L1(Flow): 0.560008, Reg: 0.054286
Iter 70 of 338 Loss: 0.681627, L1(Flow): 0.627973, Reg: 0.053654
Iter 80 of 338 Loss: 0.676211, L1(Flow): 0.617672, Reg: 0.058539
Iter 90 of 338 Loss: 0.630435, L1(Flow): 0.578251, Reg: 0.052184
Iter 100 of 338 Loss: 0.605193, L1(Flow): 0.554551, Reg: 0.050642
Iter 110 of 338 Loss: 0.664542, L1(Flow): 0.609596, Reg: 0.054947
Iter 120 of 338 Loss: 0.645451, L1(Flow): 0.590468, Reg: 0.054983
Iter 130 of 338 Loss: 0.623968, L1(Flow): 0.570324, Reg: 0.053644
Iter 140 of 338 Loss: 0.600733, L1(Flow): 0.552254, Reg: 0.048479
Iter 150 of 338 Loss: 0.636195, L1(Flow): 0.581395, Reg: 0.054800
Iter 160 of 338 Loss: 0.633682, L1(Flow): 0.583878, Reg: 0.049804
Iter 170 of 338 Loss: 0.639675, L1(Flow): 0.589557, Reg: 0.050118
Iter 180 of 338 Loss: 0.657931, L1(Flow): 0.601862, Reg: 0.056069
Iter 190 of 338 Loss: 0.648500, L1(Flow): 0.594176, Reg: 0.054324
Iter 200 of 338 Loss: 0.599469, L1(Flow): 0.551896, Reg: 0.047573
Iter 210 of 338 Loss: 0.630182, L1(Flow): 0.579665, Reg: 0.050517
Iter 220 of 338 Loss: 0.625793, L1(Flow): 0.574798, Reg: 0.050994
Iter 230 of 338 Loss: 0.617141, L1(Flow): 0.565423, Reg: 0.051718
Iter 240 of 338 Loss: 0.598387, L1(Flow): 0.549643, Reg: 0.048744
Iter 250 of 338 Loss: 0.643903, L1(Flow): 0.589666, Reg: 0.054237
Iter 260 of 338 Loss: 0.613410, L1(Flow): 0.558608, Reg: 0.054801
Iter 270 of 338 Loss: 0.619175, L1(Flow): 0.567711, Reg: 0.051464
Iter 280 of 338 Loss: 0.641711, L1(Flow): 0.586671, Reg: 0.055040
Iter 290 of 338 Loss: 0.597795, L1(Flow): 0.547898, Reg: 0.049897
Iter 300 of 338 Loss: 0.611060, L1(Flow): 0.558370, Reg: 0.052690
Iter 310 of 338 Loss: 0.633477, L1(Flow): 0.586346, Reg: 0.047131
Iter 320 of 338 Loss: 0.639793, L1(Flow): 0.589565, Reg: 0.050228
Iter 330 of 338 Loss: 0.582155, L1(Flow): 0.534583, Reg: 0.047572
Epoch 358 Loss: 0.633995
Epoch 358 Validation: Mean EPE: 2.7528, Mean SSIM: 0.4020, Mean ZNCC: 0.6468
--> Saved to Top 5 best models (EPE: 2.7528)
Epoch 359 starts
Iter 10 of 338 Loss: 0.621556, L1(Flow): 0.570405, Reg: 0.051151
Iter 20 of 338 Loss: 0.622541, L1(Flow): 0.567793, Reg: 0.054748
Iter 30 of 338 Loss: 0.636366, L1(Flow): 0.581265, Reg: 0.055101
Iter 40 of 338 Loss: 0.645426, L1(Flow): 0.593390, Reg: 0.052036
Iter 50 of 338 Loss: 0.615879, L1(Flow): 0.563431, Reg: 0.052448
Iter 60 of 338 Loss: 0.616534, L1(Flow): 0.563609, Reg: 0.052926
Iter 70 of 338 Loss: 0.632918, L1(Flow): 0.581030, Reg: 0.051888
Iter 80 of 338 Loss: 0.635711, L1(Flow): 0.580093, Reg: 0.055618
Iter 90 of 338 Loss: 0.662651, L1(Flow): 0.608834, Reg: 0.053817
Iter 100 of 338 Loss: 0.625119, L1(Flow): 0.570756, Reg: 0.054363
Iter 110 of 338 Loss: 0.677888, L1(Flow): 0.621726, Reg: 0.056162
Iter 120 of 338 Loss: 0.643350, L1(Flow): 0.590441, Reg: 0.052909
Iter 130 of 338 Loss: 0.664370, L1(Flow): 0.606064, Reg: 0.058306
Iter 140 of 338 Loss: 0.609742, L1(Flow): 0.560067, Reg: 0.049675
Iter 150 of 338 Loss: 0.644754, L1(Flow): 0.591719, Reg: 0.053034
Iter 160 of 338 Loss: 0.632834, L1(Flow): 0.580459, Reg: 0.052375
Iter 170 of 338 Loss: 0.642907, L1(Flow): 0.592017, Reg: 0.050889
Iter 180 of 338 Loss: 0.637471, L1(Flow): 0.585808, Reg: 0.051662
Iter 190 of 338 Loss: 0.613700, L1(Flow): 0.567865, Reg: 0.045834
Iter 200 of 338 Loss: 0.616782, L1(Flow): 0.563757, Reg: 0.053025
Iter 210 of 338 Loss: 0.613608, L1(Flow): 0.561489, Reg: 0.052119
Iter 220 of 338 Loss: 0.629244, L1(Flow): 0.575823, Reg: 0.053421
Iter 230 of 338 Loss: 0.623060, L1(Flow): 0.567538, Reg: 0.055522
Iter 240 of 338 Loss: 0.646660, L1(Flow): 0.590937, Reg: 0.055723
Iter 250 of 338 Loss: 0.602587, L1(Flow): 0.555022, Reg: 0.047565
Iter 260 of 338 Loss: 0.651784, L1(Flow): 0.599318, Reg: 0.052466
Iter 270 of 338 Loss: 0.589783, L1(Flow): 0.542817, Reg: 0.046967
Iter 280 of 338 Loss: 0.611968, L1(Flow): 0.559822, Reg: 0.052145
Iter 290 of 338 Loss: 0.607211, L1(Flow): 0.555618, Reg: 0.051593
Iter 300 of 338 Loss: 0.607196, L1(Flow): 0.558450, Reg: 0.048746
Iter 310 of 338 Loss: 0.624422, L1(Flow): 0.570530, Reg: 0.053892
Iter 320 of 338 Loss: 0.620729, L1(Flow): 0.573631, Reg: 0.047099
Iter 330 of 338 Loss: 0.606610, L1(Flow): 0.552412, Reg: 0.054199
Epoch 359 Loss: 0.629590
Epoch 359 Validation: Mean EPE: 2.7667, Mean SSIM: 0.4025, Mean ZNCC: 0.6465
Epoch 360 starts
Iter 10 of 338 Loss: 0.599959, L1(Flow): 0.548399, Reg: 0.051560
Iter 20 of 338 Loss: 0.645954, L1(Flow): 0.590311, Reg: 0.055643
Iter 30 of 338 Loss: 0.643973, L1(Flow): 0.588621, Reg: 0.055352
Iter 40 of 338 Loss: 0.652505, L1(Flow): 0.599754, Reg: 0.052751
Iter 50 of 338 Loss: 0.650811, L1(Flow): 0.600609, Reg: 0.050201
Iter 60 of 338 Loss: 0.604935, L1(Flow): 0.554777, Reg: 0.050158
Iter 70 of 338 Loss: 0.672439, L1(Flow): 0.615923, Reg: 0.056516
Iter 80 of 338 Loss: 0.620011, L1(Flow): 0.572952, Reg: 0.047059
Iter 90 of 338 Loss: 0.633437, L1(Flow): 0.576588, Reg: 0.056849
Iter 100 of 338 Loss: 0.612692, L1(Flow): 0.559426, Reg: 0.053266
Iter 110 of 338 Loss: 0.600565, L1(Flow): 0.549499, Reg: 0.051065
Iter 120 of 338 Loss: 0.594663, L1(Flow): 0.546387, Reg: 0.048275
Iter 130 of 338 Loss: 0.624963, L1(Flow): 0.569787, Reg: 0.055175
Iter 140 of 338 Loss: 0.600302, L1(Flow): 0.552808, Reg: 0.047494
Iter 150 of 338 Loss: 0.635261, L1(Flow): 0.583145, Reg: 0.052117
Iter 160 of 338 Loss: 0.616240, L1(Flow): 0.562884, Reg: 0.053356
Iter 170 of 338 Loss: 0.613762, L1(Flow): 0.568299, Reg: 0.045463
Iter 180 of 338 Loss: 0.622716, L1(Flow): 0.572500, Reg: 0.050216
Iter 190 of 338 Loss: 0.626817, L1(Flow): 0.576460, Reg: 0.050357
Iter 200 of 338 Loss: 0.677973, L1(Flow): 0.619760, Reg: 0.058213
Iter 210 of 338 Loss: 0.625848, L1(Flow): 0.570533, Reg: 0.055314
Iter 220 of 338 Loss: 0.647552, L1(Flow): 0.590804, Reg: 0.056747
Iter 230 of 338 Loss: 0.625858, L1(Flow): 0.574373, Reg: 0.051484
Iter 240 of 338 Loss: 0.582908, L1(Flow): 0.533474, Reg: 0.049434
Iter 250 of 338 Loss: 0.671311, L1(Flow): 0.618065, Reg: 0.053246
Iter 260 of 338 Loss: 0.627876, L1(Flow): 0.574812, Reg: 0.053064
Iter 270 of 338 Loss: 0.619443, L1(Flow): 0.569713, Reg: 0.049730
Iter 280 of 338 Loss: 0.614108, L1(Flow): 0.563503, Reg: 0.050605
Iter 290 of 338 Loss: 0.609203, L1(Flow): 0.561412, Reg: 0.047791
Iter 300 of 338 Loss: 0.655932, L1(Flow): 0.603668, Reg: 0.052265
Iter 310 of 338 Loss: 0.613259, L1(Flow): 0.564319, Reg: 0.048941
Iter 320 of 338 Loss: 0.605977, L1(Flow): 0.553579, Reg: 0.052399
Iter 330 of 338 Loss: 0.636086, L1(Flow): 0.581221, Reg: 0.054865
Epoch 360 Loss: 0.629222
Epoch 360 Validation: Mean EPE: 2.7632, Mean SSIM: 0.4023, Mean ZNCC: 0.6467
Epoch 361 starts
Iter 10 of 338 Loss: 0.626865, L1(Flow): 0.574988, Reg: 0.051877
Iter 20 of 338 Loss: 0.665204, L1(Flow): 0.612503, Reg: 0.052702
Iter 30 of 338 Loss: 0.643027, L1(Flow): 0.591312, Reg: 0.051715
Iter 40 of 338 Loss: 0.631200, L1(Flow): 0.575597, Reg: 0.055603
Iter 50 of 338 Loss: 0.596362, L1(Flow): 0.546627, Reg: 0.049735
Iter 60 of 338 Loss: 0.604938, L1(Flow): 0.553957, Reg: 0.050981
Iter 70 of 338 Loss: 0.639428, L1(Flow): 0.581728, Reg: 0.057700
Iter 80 of 338 Loss: 0.627034, L1(Flow): 0.572541, Reg: 0.054493
Iter 90 of 338 Loss: 0.593632, L1(Flow): 0.542554, Reg: 0.051078
Iter 100 of 338 Loss: 0.655003, L1(Flow): 0.599088, Reg: 0.055915
Iter 110 of 338 Loss: 0.631025, L1(Flow): 0.579176, Reg: 0.051849
Iter 120 of 338 Loss: 0.565659, L1(Flow): 0.519581, Reg: 0.046079
Iter 130 of 338 Loss: 0.606185, L1(Flow): 0.552891, Reg: 0.053294
Iter 140 of 338 Loss: 0.653566, L1(Flow): 0.597298, Reg: 0.056268
Iter 150 of 338 Loss: 0.592794, L1(Flow): 0.542476, Reg: 0.050318
Iter 160 of 338 Loss: 0.640734, L1(Flow): 0.586171, Reg: 0.054563
Iter 170 of 338 Loss: 0.603539, L1(Flow): 0.551022, Reg: 0.052517
Iter 180 of 338 Loss: 0.609817, L1(Flow): 0.557895, Reg: 0.051923
Iter 190 of 338 Loss: 0.609831, L1(Flow): 0.559426, Reg: 0.050405
Iter 200 of 338 Loss: 0.646349, L1(Flow): 0.593387, Reg: 0.052962
Iter 210 of 338 Loss: 0.594744, L1(Flow): 0.544747, Reg: 0.049997
Iter 220 of 338 Loss: 0.622965, L1(Flow): 0.572634, Reg: 0.050331
Iter 230 of 338 Loss: 0.613948, L1(Flow): 0.564326, Reg: 0.049623
Iter 240 of 338 Loss: 0.650297, L1(Flow): 0.597548, Reg: 0.052749
Iter 250 of 338 Loss: 0.647868, L1(Flow): 0.597310, Reg: 0.050558
Iter 260 of 338 Loss: 0.651952, L1(Flow): 0.592419, Reg: 0.059532
Iter 270 of 338 Loss: 0.641077, L1(Flow): 0.586249, Reg: 0.054828
Iter 280 of 338 Loss: 0.611775, L1(Flow): 0.560351, Reg: 0.051424
Iter 290 of 338 Loss: 0.611807, L1(Flow): 0.558603, Reg: 0.053204
Iter 300 of 338 Loss: 0.611704, L1(Flow): 0.558776, Reg: 0.052929
Iter 310 of 338 Loss: 0.634227, L1(Flow): 0.576432, Reg: 0.057796
Iter 320 of 338 Loss: 0.637236, L1(Flow): 0.581803, Reg: 0.055433
Iter 330 of 338 Loss: 0.628953, L1(Flow): 0.575033, Reg: 0.053920
Epoch 361 Loss: 0.628473
Epoch 361 Validation: Mean EPE: 2.7564, Mean SSIM: 0.4026, Mean ZNCC: 0.6468
Epoch 362 starts
Iter 10 of 338 Loss: 0.648762, L1(Flow): 0.594932, Reg: 0.053830
Iter 20 of 338 Loss: 0.625895, L1(Flow): 0.572962, Reg: 0.052933
Iter 30 of 338 Loss: 0.651499, L1(Flow): 0.597806, Reg: 0.053693
Iter 40 of 338 Loss: 0.631147, L1(Flow): 0.578578, Reg: 0.052569
Iter 50 of 338 Loss: 0.656409, L1(Flow): 0.598524, Reg: 0.057885
Iter 60 of 338 Loss: 0.615659, L1(Flow): 0.564311, Reg: 0.051348
Iter 70 of 338 Loss: 0.658060, L1(Flow): 0.605632, Reg: 0.052428
Iter 80 of 338 Loss: 0.611261, L1(Flow): 0.565405, Reg: 0.045856
Iter 90 of 338 Loss: 0.652669, L1(Flow): 0.601521, Reg: 0.051148
Iter 100 of 338 Loss: 0.622918, L1(Flow): 0.571193, Reg: 0.051725
Iter 110 of 338 Loss: 0.611918, L1(Flow): 0.557597, Reg: 0.054321
Iter 120 of 338 Loss: 0.615497, L1(Flow): 0.565424, Reg: 0.050073
Iter 130 of 338 Loss: 0.643842, L1(Flow): 0.589687, Reg: 0.054155
Iter 140 of 338 Loss: 0.583811, L1(Flow): 0.536108, Reg: 0.047703
Iter 150 of 338 Loss: 0.627778, L1(Flow): 0.574562, Reg: 0.053216
Iter 160 of 338 Loss: 0.629048, L1(Flow): 0.573768, Reg: 0.055280
Iter 170 of 338 Loss: 0.607748, L1(Flow): 0.557393, Reg: 0.050355
Iter 180 of 338 Loss: 0.594556, L1(Flow): 0.543855, Reg: 0.050701
Iter 190 of 338 Loss: 0.611400, L1(Flow): 0.557719, Reg: 0.053680
Iter 200 of 338 Loss: 0.656056, L1(Flow): 0.601722, Reg: 0.054335
Iter 210 of 338 Loss: 0.570308, L1(Flow): 0.521630, Reg: 0.048678
Iter 220 of 338 Loss: 0.649798, L1(Flow): 0.592043, Reg: 0.057755
Iter 230 of 338 Loss: 0.614551, L1(Flow): 0.567243, Reg: 0.047308
Iter 240 of 338 Loss: 0.641852, L1(Flow): 0.585663, Reg: 0.056189
Iter 250 of 338 Loss: 0.639167, L1(Flow): 0.592584, Reg: 0.046583
Iter 260 of 338 Loss: 0.605800, L1(Flow): 0.552042, Reg: 0.053758
Iter 270 of 338 Loss: 0.601122, L1(Flow): 0.554445, Reg: 0.046678
Iter 280 of 338 Loss: 0.601232, L1(Flow): 0.549769, Reg: 0.051463
Iter 290 of 338 Loss: 0.610431, L1(Flow): 0.559797, Reg: 0.050634
Iter 300 of 338 Loss: 0.619789, L1(Flow): 0.568725, Reg: 0.051064
Iter 310 of 338 Loss: 0.627289, L1(Flow): 0.574211, Reg: 0.053078
Iter 320 of 338 Loss: 0.664225, L1(Flow): 0.610329, Reg: 0.053896
Iter 330 of 338 Loss: 0.610338, L1(Flow): 0.558287, Reg: 0.052051
Epoch 362 Loss: 0.628385
Epoch 362 Validation: Mean EPE: 2.7593, Mean SSIM: 0.4014, Mean ZNCC: 0.6467
Epoch 363 starts
Iter 10 of 338 Loss: 0.653470, L1(Flow): 0.596634, Reg: 0.056837
Iter 20 of 338 Loss: 0.635613, L1(Flow): 0.579543, Reg: 0.056071
Iter 30 of 338 Loss: 0.632862, L1(Flow): 0.576381, Reg: 0.056481
Iter 40 of 338 Loss: 0.649581, L1(Flow): 0.594460, Reg: 0.055121
Iter 50 of 338 Loss: 0.604719, L1(Flow): 0.553606, Reg: 0.051113
Iter 60 of 338 Loss: 0.616427, L1(Flow): 0.563318, Reg: 0.053109
Iter 70 of 338 Loss: 0.597425, L1(Flow): 0.549682, Reg: 0.047744
Iter 80 of 338 Loss: 0.623190, L1(Flow): 0.570225, Reg: 0.052964
Iter 90 of 338 Loss: 0.620226, L1(Flow): 0.566858, Reg: 0.053368
Iter 100 of 338 Loss: 0.644387, L1(Flow): 0.590192, Reg: 0.054195
Iter 110 of 338 Loss: 0.621661, L1(Flow): 0.570951, Reg: 0.050709
Iter 120 of 338 Loss: 0.587284, L1(Flow): 0.543356, Reg: 0.043928
Iter 130 of 338 Loss: 0.654738, L1(Flow): 0.600722, Reg: 0.054017
Iter 140 of 338 Loss: 0.619670, L1(Flow): 0.568132, Reg: 0.051538
Iter 150 of 338 Loss: 0.613573, L1(Flow): 0.562913, Reg: 0.050660
Iter 160 of 338 Loss: 0.648077, L1(Flow): 0.593920, Reg: 0.054157
Iter 170 of 338 Loss: 0.621304, L1(Flow): 0.573083, Reg: 0.048221
Iter 180 of 338 Loss: 0.632235, L1(Flow): 0.577028, Reg: 0.055207
Iter 190 of 338 Loss: 0.614657, L1(Flow): 0.565810, Reg: 0.048847
Iter 200 of 338 Loss: 0.640942, L1(Flow): 0.588184, Reg: 0.052757
Iter 210 of 338 Loss: 0.627199, L1(Flow): 0.573824, Reg: 0.053375
Iter 220 of 338 Loss: 0.614443, L1(Flow): 0.564510, Reg: 0.049933
Iter 230 of 338 Loss: 0.657087, L1(Flow): 0.599176, Reg: 0.057912
Iter 240 of 338 Loss: 0.659514, L1(Flow): 0.601206, Reg: 0.058308
Iter 250 of 338 Loss: 0.622133, L1(Flow): 0.569013, Reg: 0.053120
Iter 260 of 338 Loss: 0.617790, L1(Flow): 0.561861, Reg: 0.055929
Iter 270 of 338 Loss: 0.614602, L1(Flow): 0.562794, Reg: 0.051808
Iter 280 of 338 Loss: 0.624128, L1(Flow): 0.573384, Reg: 0.050744
Iter 290 of 338 Loss: 0.652222, L1(Flow): 0.599572, Reg: 0.052651
Iter 300 of 338 Loss: 0.643927, L1(Flow): 0.591058, Reg: 0.052869
Iter 310 of 338 Loss: 0.587011, L1(Flow): 0.539647, Reg: 0.047364
Iter 320 of 338 Loss: 0.629153, L1(Flow): 0.573669, Reg: 0.055484
Iter 330 of 338 Loss: 0.622504, L1(Flow): 0.568322, Reg: 0.054182
Epoch 363 Loss: 0.629570
Epoch 363 Validation: Mean EPE: 2.7497, Mean SSIM: 0.4027, Mean ZNCC: 0.6467
--> Saved to Top 5 best models (EPE: 2.7497)
--> New absolute BEST model updated with EPE: 2.7497
Epoch 364 starts
Iter 10 of 338 Loss: 0.626688, L1(Flow): 0.570978, Reg: 0.055710
Iter 20 of 338 Loss: 0.608217, L1(Flow): 0.557321, Reg: 0.050896
Iter 30 of 338 Loss: 0.661274, L1(Flow): 0.606227, Reg: 0.055047
Iter 40 of 338 Loss: 0.642849, L1(Flow): 0.589260, Reg: 0.053589
Iter 50 of 338 Loss: 0.604609, L1(Flow): 0.549758, Reg: 0.054850
Iter 60 of 338 Loss: 0.639495, L1(Flow): 0.587252, Reg: 0.052243
Iter 70 of 338 Loss: 0.606245, L1(Flow): 0.554399, Reg: 0.051846
Iter 80 of 338 Loss: 0.627320, L1(Flow): 0.573537, Reg: 0.053782
Iter 90 of 338 Loss: 0.637290, L1(Flow): 0.587622, Reg: 0.049668
Iter 100 of 338 Loss: 0.625937, L1(Flow): 0.575574, Reg: 0.050363
Iter 110 of 338 Loss: 0.621139, L1(Flow): 0.566216, Reg: 0.054924
Iter 120 of 338 Loss: 0.629323, L1(Flow): 0.577310, Reg: 0.052013
Iter 130 of 338 Loss: 0.653083, L1(Flow): 0.600032, Reg: 0.053051
Iter 140 of 338 Loss: 0.615405, L1(Flow): 0.566043, Reg: 0.049362
Iter 150 of 338 Loss: 0.641314, L1(Flow): 0.587364, Reg: 0.053950
Iter 160 of 338 Loss: 0.647671, L1(Flow): 0.593163, Reg: 0.054508
Iter 170 of 338 Loss: 0.647126, L1(Flow): 0.594910, Reg: 0.052216
Iter 180 of 338 Loss: 0.594075, L1(Flow): 0.545854, Reg: 0.048221
Iter 190 of 338 Loss: 0.618711, L1(Flow): 0.564662, Reg: 0.054049
Iter 200 of 338 Loss: 0.635404, L1(Flow): 0.582299, Reg: 0.053104
Iter 210 of 338 Loss: 0.656042, L1(Flow): 0.601808, Reg: 0.054234
Iter 220 of 338 Loss: 0.627644, L1(Flow): 0.575160, Reg: 0.052484
Iter 230 of 338 Loss: 0.642421, L1(Flow): 0.588857, Reg: 0.053564
Iter 240 of 338 Loss: 0.661285, L1(Flow): 0.606256, Reg: 0.055029
Iter 250 of 338 Loss: 0.667248, L1(Flow): 0.613132, Reg: 0.054116
Iter 260 of 338 Loss: 0.627794, L1(Flow): 0.577135, Reg: 0.050660
Iter 270 of 338 Loss: 0.652339, L1(Flow): 0.597861, Reg: 0.054478
Iter 280 of 338 Loss: 0.647685, L1(Flow): 0.593406, Reg: 0.054279
Iter 290 of 338 Loss: 0.626471, L1(Flow): 0.572486, Reg: 0.053985
Iter 300 of 338 Loss: 0.629088, L1(Flow): 0.573721, Reg: 0.055368
Iter 310 of 338 Loss: 0.642175, L1(Flow): 0.586182, Reg: 0.055994
Iter 320 of 338 Loss: 0.610176, L1(Flow): 0.559701, Reg: 0.050475
Iter 330 of 338 Loss: 0.591301, L1(Flow): 0.543665, Reg: 0.047636
Epoch 364 Loss: 0.631129
Epoch 364 Validation: Mean EPE: 2.7516, Mean SSIM: 0.4025, Mean ZNCC: 0.6468
--> Saved to Top 5 best models (EPE: 2.7516)
Epoch 365 starts
Iter 10 of 338 Loss: 0.617181, L1(Flow): 0.560869, Reg: 0.056312
Iter 20 of 338 Loss: 0.593573, L1(Flow): 0.543413, Reg: 0.050160
Iter 30 of 338 Loss: 0.584828, L1(Flow): 0.534721, Reg: 0.050107
Iter 40 of 338 Loss: 0.626333, L1(Flow): 0.574322, Reg: 0.052011
Iter 50 of 338 Loss: 0.637182, L1(Flow): 0.585609, Reg: 0.051573
Iter 60 of 338 Loss: 0.629687, L1(Flow): 0.573950, Reg: 0.055737
Iter 70 of 338 Loss: 0.628591, L1(Flow): 0.583416, Reg: 0.045174
Iter 80 of 338 Loss: 0.657637, L1(Flow): 0.599017, Reg: 0.058620
Iter 90 of 338 Loss: 0.599581, L1(Flow): 0.550034, Reg: 0.049547
Iter 100 of 338 Loss: 0.624046, L1(Flow): 0.566660, Reg: 0.057386
Iter 110 of 338 Loss: 0.644827, L1(Flow): 0.590195, Reg: 0.054633
Iter 120 of 338 Loss: 0.645356, L1(Flow): 0.590842, Reg: 0.054514
Iter 130 of 338 Loss: 0.693591, L1(Flow): 0.634170, Reg: 0.059421
Iter 140 of 338 Loss: 0.654345, L1(Flow): 0.598314, Reg: 0.056031
Iter 150 of 338 Loss: 0.611166, L1(Flow): 0.557937, Reg: 0.053230
Iter 160 of 338 Loss: 0.642182, L1(Flow): 0.584618, Reg: 0.057564
Iter 170 of 338 Loss: 0.593953, L1(Flow): 0.547829, Reg: 0.046124
Iter 180 of 338 Loss: 0.641692, L1(Flow): 0.586098, Reg: 0.055594
Iter 190 of 338 Loss: 0.592049, L1(Flow): 0.542392, Reg: 0.049657
Iter 200 of 338 Loss: 0.637884, L1(Flow): 0.585372, Reg: 0.052513
Iter 210 of 338 Loss: 0.620806, L1(Flow): 0.572180, Reg: 0.048626
Iter 220 of 338 Loss: 0.581872, L1(Flow): 0.534681, Reg: 0.047191
Iter 230 of 338 Loss: 0.595384, L1(Flow): 0.545617, Reg: 0.049767
Iter 240 of 338 Loss: 0.642806, L1(Flow): 0.587372, Reg: 0.055435
Iter 250 of 338 Loss: 0.677418, L1(Flow): 0.622269, Reg: 0.055149
Iter 260 of 338 Loss: 0.641427, L1(Flow): 0.584377, Reg: 0.057051
Iter 270 of 338 Loss: 0.639016, L1(Flow): 0.584187, Reg: 0.054828
Iter 280 of 338 Loss: 0.623978, L1(Flow): 0.574420, Reg: 0.049558
Iter 290 of 338 Loss: 0.612413, L1(Flow): 0.559028, Reg: 0.053385
Iter 300 of 338 Loss: 0.645786, L1(Flow): 0.593746, Reg: 0.052041
Iter 310 of 338 Loss: 0.640668, L1(Flow): 0.588293, Reg: 0.052375
Iter 320 of 338 Loss: 0.625899, L1(Flow): 0.569970, Reg: 0.055929
Iter 330 of 338 Loss: 0.650696, L1(Flow): 0.592552, Reg: 0.058144
Epoch 365 Loss: 0.628134
Epoch 365 Validation: Mean EPE: 2.7558, Mean SSIM: 0.4019, Mean ZNCC: 0.6467
Epoch 366 starts
Iter 10 of 338 Loss: 0.608992, L1(Flow): 0.558390, Reg: 0.050603
Iter 20 of 338 Loss: 0.604240, L1(Flow): 0.553232, Reg: 0.051008
Iter 30 of 338 Loss: 0.615490, L1(Flow): 0.565748, Reg: 0.049742
Iter 40 of 338 Loss: 0.602804, L1(Flow): 0.554407, Reg: 0.048397
Iter 50 of 338 Loss: 0.605636, L1(Flow): 0.555409, Reg: 0.050227
Iter 60 of 338 Loss: 0.631622, L1(Flow): 0.577485, Reg: 0.054137
Iter 70 of 338 Loss: 0.672325, L1(Flow): 0.610878, Reg: 0.061446
Iter 80 of 338 Loss: 0.609348, L1(Flow): 0.559014, Reg: 0.050334
Iter 90 of 338 Loss: 0.626601, L1(Flow): 0.577135, Reg: 0.049466
Iter 100 of 338 Loss: 0.665580, L1(Flow): 0.604706, Reg: 0.060874
Iter 110 of 338 Loss: 0.629123, L1(Flow): 0.580020, Reg: 0.049103
Iter 120 of 338 Loss: 0.635439, L1(Flow): 0.584042, Reg: 0.051398
Iter 130 of 338 Loss: 0.602578, L1(Flow): 0.551496, Reg: 0.051082
Iter 140 of 338 Loss: 0.660935, L1(Flow): 0.606139, Reg: 0.054795
Iter 150 of 338 Loss: 0.650581, L1(Flow): 0.595020, Reg: 0.055562
Iter 160 of 338 Loss: 0.582795, L1(Flow): 0.534226, Reg: 0.048569
Iter 170 of 338 Loss: 0.645497, L1(Flow): 0.589600, Reg: 0.055897
Iter 180 of 338 Loss: 0.644736, L1(Flow): 0.591627, Reg: 0.053110
Iter 190 of 338 Loss: 0.662340, L1(Flow): 0.607272, Reg: 0.055068
Iter 200 of 338 Loss: 0.601382, L1(Flow): 0.553078, Reg: 0.048304
Iter 210 of 338 Loss: 0.637352, L1(Flow): 0.583889, Reg: 0.053463
Iter 220 of 338 Loss: 0.660653, L1(Flow): 0.599432, Reg: 0.061221
Iter 230 of 338 Loss: 0.612591, L1(Flow): 0.559871, Reg: 0.052720
Iter 240 of 338 Loss: 0.650761, L1(Flow): 0.592445, Reg: 0.058316
Iter 250 of 338 Loss: 0.681445, L1(Flow): 0.620714, Reg: 0.060731
Iter 260 of 338 Loss: 0.653972, L1(Flow): 0.597807, Reg: 0.056165
Iter 270 of 338 Loss: 0.633926, L1(Flow): 0.580914, Reg: 0.053012
Iter 280 of 338 Loss: 0.628980, L1(Flow): 0.577100, Reg: 0.051881
Iter 290 of 338 Loss: 0.579323, L1(Flow): 0.532983, Reg: 0.046340
Iter 300 of 338 Loss: 0.668598, L1(Flow): 0.610254, Reg: 0.058344
Iter 310 of 338 Loss: 0.603335, L1(Flow): 0.550620, Reg: 0.052715
Iter 320 of 338 Loss: 0.599121, L1(Flow): 0.550992, Reg: 0.048129
Iter 330 of 338 Loss: 0.648519, L1(Flow): 0.595224, Reg: 0.053294
Epoch 366 Loss: 0.626033
Epoch 366 Validation: Mean EPE: 2.7485, Mean SSIM: 0.4032, Mean ZNCC: 0.6469
--> Saved to Top 5 best models (EPE: 2.7485)
--> New absolute BEST model updated with EPE: 2.7485
Epoch 367 starts
Iter 10 of 338 Loss: 0.628065, L1(Flow): 0.571895, Reg: 0.056170
Iter 20 of 338 Loss: 0.633897, L1(Flow): 0.583046, Reg: 0.050850
Iter 30 of 338 Loss: 0.598147, L1(Flow): 0.546626, Reg: 0.051521
Iter 40 of 338 Loss: 0.635357, L1(Flow): 0.577502, Reg: 0.057855
Iter 50 of 338 Loss: 0.591696, L1(Flow): 0.543783, Reg: 0.047913
Iter 60 of 338 Loss: 0.589814, L1(Flow): 0.539215, Reg: 0.050599
Iter 70 of 338 Loss: 0.634043, L1(Flow): 0.580310, Reg: 0.053733
Iter 80 of 338 Loss: 0.596389, L1(Flow): 0.544525, Reg: 0.051864
Iter 90 of 338 Loss: 0.665208, L1(Flow): 0.607555, Reg: 0.057653
Iter 100 of 338 Loss: 0.637489, L1(Flow): 0.582420, Reg: 0.055070
Iter 110 of 338 Loss: 0.649670, L1(Flow): 0.597190, Reg: 0.052480
Iter 120 of 338 Loss: 0.639804, L1(Flow): 0.586442, Reg: 0.053362
Iter 130 of 338 Loss: 0.613496, L1(Flow): 0.562774, Reg: 0.050723
Iter 140 of 338 Loss: 0.607901, L1(Flow): 0.556574, Reg: 0.051327
Iter 150 of 338 Loss: 0.595644, L1(Flow): 0.544698, Reg: 0.050946
Iter 160 of 338 Loss: 0.628943, L1(Flow): 0.573812, Reg: 0.055131
Iter 170 of 338 Loss: 0.622112, L1(Flow): 0.570419, Reg: 0.051693
Iter 180 of 338 Loss: 0.608948, L1(Flow): 0.554812, Reg: 0.054135
Iter 190 of 338 Loss: 0.613039, L1(Flow): 0.563394, Reg: 0.049645
Iter 200 of 338 Loss: 0.575603, L1(Flow): 0.526888, Reg: 0.048715
Iter 210 of 338 Loss: 0.595670, L1(Flow): 0.544419, Reg: 0.051251
Iter 220 of 338 Loss: 0.652376, L1(Flow): 0.594436, Reg: 0.057939
Iter 230 of 338 Loss: 0.590019, L1(Flow): 0.539492, Reg: 0.050527
Iter 240 of 338 Loss: 0.647367, L1(Flow): 0.591588, Reg: 0.055779
Iter 250 of 338 Loss: 0.594846, L1(Flow): 0.545882, Reg: 0.048964
Iter 260 of 338 Loss: 0.636230, L1(Flow): 0.581349, Reg: 0.054881
Iter 270 of 338 Loss: 0.623879, L1(Flow): 0.568900, Reg: 0.054979
Iter 280 of 338 Loss: 0.616951, L1(Flow): 0.563656, Reg: 0.053295
Iter 290 of 338 Loss: 0.617328, L1(Flow): 0.562665, Reg: 0.054663
Iter 300 of 338 Loss: 0.605384, L1(Flow): 0.557294, Reg: 0.048090
Iter 310 of 338 Loss: 0.621662, L1(Flow): 0.571336, Reg: 0.050325
Iter 320 of 338 Loss: 0.664978, L1(Flow): 0.609900, Reg: 0.055078
Iter 330 of 338 Loss: 0.655974, L1(Flow): 0.601681, Reg: 0.054293
Epoch 367 Loss: 0.619840
Epoch 367 Validation: Mean EPE: 2.7522, Mean SSIM: 0.4021, Mean ZNCC: 0.6466
Epoch 368 starts
Iter 10 of 338 Loss: 0.612889, L1(Flow): 0.560948, Reg: 0.051940
Iter 20 of 338 Loss: 0.630383, L1(Flow): 0.579187, Reg: 0.051196
Iter 30 of 338 Loss: 0.606979, L1(Flow): 0.556759, Reg: 0.050220
Iter 40 of 338 Loss: 0.611442, L1(Flow): 0.564438, Reg: 0.047004
Iter 50 of 338 Loss: 0.614309, L1(Flow): 0.560446, Reg: 0.053863
Iter 60 of 338 Loss: 0.640947, L1(Flow): 0.584944, Reg: 0.056003
Iter 70 of 338 Loss: 0.613682, L1(Flow): 0.560704, Reg: 0.052978
Iter 80 of 338 Loss: 0.649301, L1(Flow): 0.590076, Reg: 0.059225
Iter 90 of 338 Loss: 0.662555, L1(Flow): 0.608843, Reg: 0.053712
Iter 100 of 338 Loss: 0.604071, L1(Flow): 0.551250, Reg: 0.052821
Iter 110 of 338 Loss: 0.609908, L1(Flow): 0.554017, Reg: 0.055891
Iter 120 of 338 Loss: 0.594892, L1(Flow): 0.540031, Reg: 0.054861
Iter 130 of 338 Loss: 0.571999, L1(Flow): 0.525384, Reg: 0.046615
Iter 140 of 338 Loss: 0.601199, L1(Flow): 0.548044, Reg: 0.053155
Iter 150 of 338 Loss: 0.626540, L1(Flow): 0.574296, Reg: 0.052244
Iter 160 of 338 Loss: 0.581964, L1(Flow): 0.531168, Reg: 0.050796
Iter 170 of 338 Loss: 0.648087, L1(Flow): 0.594216, Reg: 0.053871
Iter 180 of 338 Loss: 0.613012, L1(Flow): 0.565371, Reg: 0.047641
Iter 190 of 338 Loss: 0.623936, L1(Flow): 0.570051, Reg: 0.053885
Iter 200 of 338 Loss: 0.631117, L1(Flow): 0.579338, Reg: 0.051779
Iter 210 of 338 Loss: 0.673415, L1(Flow): 0.616384, Reg: 0.057032
Iter 220 of 338 Loss: 0.585458, L1(Flow): 0.532218, Reg: 0.053241
Iter 230 of 338 Loss: 0.650108, L1(Flow): 0.594615, Reg: 0.055493
Iter 240 of 338 Loss: 0.636880, L1(Flow): 0.582000, Reg: 0.054880
Iter 250 of 338 Loss: 0.589989, L1(Flow): 0.540562, Reg: 0.049427
Iter 260 of 338 Loss: 0.584733, L1(Flow): 0.536628, Reg: 0.048105
Iter 270 of 338 Loss: 0.614832, L1(Flow): 0.559467, Reg: 0.055365
Iter 280 of 338 Loss: 0.651426, L1(Flow): 0.593034, Reg: 0.058392
Iter 290 of 338 Loss: 0.636953, L1(Flow): 0.583495, Reg: 0.053459
Iter 300 of 338 Loss: 0.639303, L1(Flow): 0.583881, Reg: 0.055423
Iter 310 of 338 Loss: 0.588675, L1(Flow): 0.540525, Reg: 0.048150
Iter 320 of 338 Loss: 0.587672, L1(Flow): 0.540314, Reg: 0.047359
Iter 330 of 338 Loss: 0.613984, L1(Flow): 0.563336, Reg: 0.050648
Epoch 368 Loss: 0.623361
Epoch 368 Validation: Mean EPE: 2.7585, Mean SSIM: 0.4019, Mean ZNCC: 0.6468
Epoch 369 starts
Iter 10 of 338 Loss: 0.625288, L1(Flow): 0.571658, Reg: 0.053630
Iter 20 of 338 Loss: 0.622200, L1(Flow): 0.570067, Reg: 0.052133
Iter 30 of 338 Loss: 0.617779, L1(Flow): 0.564559, Reg: 0.053220
Iter 40 of 338 Loss: 0.634442, L1(Flow): 0.576412, Reg: 0.058030
Iter 50 of 338 Loss: 0.638472, L1(Flow): 0.585546, Reg: 0.052927
Iter 60 of 338 Loss: 0.638025, L1(Flow): 0.583918, Reg: 0.054107
Iter 70 of 338 Loss: 0.613333, L1(Flow): 0.560337, Reg: 0.052996
Iter 80 of 338 Loss: 0.636534, L1(Flow): 0.584777, Reg: 0.051757
Iter 90 of 338 Loss: 0.597823, L1(Flow): 0.549344, Reg: 0.048479
Iter 100 of 338 Loss: 0.618921, L1(Flow): 0.563371, Reg: 0.055550
Iter 110 of 338 Loss: 0.613874, L1(Flow): 0.562246, Reg: 0.051628
Iter 120 of 338 Loss: 0.661261, L1(Flow): 0.598755, Reg: 0.062506
Iter 130 of 338 Loss: 0.594093, L1(Flow): 0.543705, Reg: 0.050388
Iter 140 of 338 Loss: 0.633060, L1(Flow): 0.577758, Reg: 0.055302
Iter 150 of 338 Loss: 0.637815, L1(Flow): 0.582135, Reg: 0.055680
Iter 160 of 338 Loss: 0.627591, L1(Flow): 0.571704, Reg: 0.055887
Iter 170 of 338 Loss: 0.627680, L1(Flow): 0.575764, Reg: 0.051915
Iter 180 of 338 Loss: 0.622144, L1(Flow): 0.566651, Reg: 0.055492
Iter 190 of 338 Loss: 0.655540, L1(Flow): 0.600877, Reg: 0.054663
Iter 200 of 338 Loss: 0.601765, L1(Flow): 0.556048, Reg: 0.045717
Iter 210 of 338 Loss: 0.606117, L1(Flow): 0.554992, Reg: 0.051125
Iter 220 of 338 Loss: 0.622127, L1(Flow): 0.572018, Reg: 0.050110
Iter 230 of 338 Loss: 0.637792, L1(Flow): 0.583903, Reg: 0.053889
Iter 240 of 338 Loss: 0.635584, L1(Flow): 0.583068, Reg: 0.052516
Iter 250 of 338 Loss: 0.630976, L1(Flow): 0.573418, Reg: 0.057559
Iter 260 of 338 Loss: 0.578407, L1(Flow): 0.531793, Reg: 0.046614
Iter 270 of 338 Loss: 0.577749, L1(Flow): 0.524693, Reg: 0.053057
Iter 280 of 338 Loss: 0.594154, L1(Flow): 0.548653, Reg: 0.045501
Iter 290 of 338 Loss: 0.606034, L1(Flow): 0.552154, Reg: 0.053880
Iter 300 of 338 Loss: 0.627001, L1(Flow): 0.575332, Reg: 0.051669
Iter 310 of 338 Loss: 0.599496, L1(Flow): 0.548267, Reg: 0.051229
Iter 320 of 338 Loss: 0.601403, L1(Flow): 0.547233, Reg: 0.054171
Iter 330 of 338 Loss: 0.622943, L1(Flow): 0.564414, Reg: 0.058529
Epoch 369 Loss: 0.621621
Epoch 369 Validation: Mean EPE: 2.7623, Mean SSIM: 0.4019, Mean ZNCC: 0.6465
Epoch 370 starts
Iter 10 of 338 Loss: 0.639134, L1(Flow): 0.587168, Reg: 0.051966
Iter 20 of 338 Loss: 0.621982, L1(Flow): 0.569460, Reg: 0.052521
Iter 30 of 338 Loss: 0.703479, L1(Flow): 0.644462, Reg: 0.059017
Iter 40 of 338 Loss: 0.634063, L1(Flow): 0.583731, Reg: 0.050332
Iter 50 of 338 Loss: 0.584208, L1(Flow): 0.537438, Reg: 0.046769
Iter 60 of 338 Loss: 0.632364, L1(Flow): 0.580466, Reg: 0.051898
Iter 70 of 338 Loss: 0.602822, L1(Flow): 0.553030, Reg: 0.049791
Iter 80 of 338 Loss: 0.640196, L1(Flow): 0.589032, Reg: 0.051164
Iter 90 of 338 Loss: 0.624813, L1(Flow): 0.574575, Reg: 0.050238
Iter 100 of 338 Loss: 0.610976, L1(Flow): 0.559543, Reg: 0.051434
Iter 110 of 338 Loss: 0.618223, L1(Flow): 0.564422, Reg: 0.053801
Iter 120 of 338 Loss: 0.587648, L1(Flow): 0.536548, Reg: 0.051100
Iter 130 of 338 Loss: 0.684126, L1(Flow): 0.620514, Reg: 0.063612
Iter 140 of 338 Loss: 0.630352, L1(Flow): 0.574856, Reg: 0.055496
Iter 150 of 338 Loss: 0.615828, L1(Flow): 0.558516, Reg: 0.057312
Iter 160 of 338 Loss: 0.624865, L1(Flow): 0.569300, Reg: 0.055566
Iter 170 of 338 Loss: 0.613905, L1(Flow): 0.562991, Reg: 0.050915
Iter 180 of 338 Loss: 0.615728, L1(Flow): 0.560625, Reg: 0.055103
Iter 190 of 338 Loss: 0.659153, L1(Flow): 0.605032, Reg: 0.054121
Iter 200 of 338 Loss: 0.571134, L1(Flow): 0.524344, Reg: 0.046790
Iter 210 of 338 Loss: 0.608700, L1(Flow): 0.558502, Reg: 0.050197
Iter 220 of 338 Loss: 0.614343, L1(Flow): 0.561980, Reg: 0.052364
Iter 230 of 338 Loss: 0.631107, L1(Flow): 0.572695, Reg: 0.058412
Iter 240 of 338 Loss: 0.580808, L1(Flow): 0.534328, Reg: 0.046480
Iter 250 of 338 Loss: 0.630288, L1(Flow): 0.576380, Reg: 0.053908
Iter 260 of 338 Loss: 0.624023, L1(Flow): 0.573264, Reg: 0.050760
Iter 270 of 338 Loss: 0.595803, L1(Flow): 0.545781, Reg: 0.050023
Iter 280 of 338 Loss: 0.653588, L1(Flow): 0.595074, Reg: 0.058514
Iter 290 of 338 Loss: 0.631754, L1(Flow): 0.575803, Reg: 0.055950
Iter 300 of 338 Loss: 0.605665, L1(Flow): 0.552856, Reg: 0.052809
Iter 310 of 338 Loss: 0.652398, L1(Flow): 0.599159, Reg: 0.053238
Iter 320 of 338 Loss: 0.608857, L1(Flow): 0.557105, Reg: 0.051752
Iter 330 of 338 Loss: 0.699982, L1(Flow): 0.639995, Reg: 0.059987
Epoch 370 Loss: 0.626304
Epoch 370 Validation: Mean EPE: 2.7444, Mean SSIM: 0.4027, Mean ZNCC: 0.6468
--> Saved to Top 5 best models (EPE: 2.7444)
--> New absolute BEST model updated with EPE: 2.7444
Epoch 371 starts
Iter 10 of 338 Loss: 0.589568, L1(Flow): 0.537594, Reg: 0.051974
Iter 20 of 338 Loss: 0.669171, L1(Flow): 0.613145, Reg: 0.056026
Iter 30 of 338 Loss: 0.629733, L1(Flow): 0.577217, Reg: 0.052517
Iter 40 of 338 Loss: 0.607893, L1(Flow): 0.556232, Reg: 0.051661
Iter 50 of 338 Loss: 0.553427, L1(Flow): 0.505376, Reg: 0.048052
Iter 60 of 338 Loss: 0.618836, L1(Flow): 0.565631, Reg: 0.053205
Iter 70 of 338 Loss: 0.597044, L1(Flow): 0.544697, Reg: 0.052347
Iter 80 of 338 Loss: 0.638001, L1(Flow): 0.583920, Reg: 0.054082
Iter 90 of 338 Loss: 0.613412, L1(Flow): 0.561152, Reg: 0.052260
Iter 100 of 338 Loss: 0.615525, L1(Flow): 0.562206, Reg: 0.053319
Iter 110 of 338 Loss: 0.577399, L1(Flow): 0.531536, Reg: 0.045863
Iter 120 of 338 Loss: 0.630838, L1(Flow): 0.576866, Reg: 0.053971
Iter 130 of 338 Loss: 0.638215, L1(Flow): 0.586093, Reg: 0.052122
Iter 140 of 338 Loss: 0.639473, L1(Flow): 0.589363, Reg: 0.050110
Iter 150 of 338 Loss: 0.604442, L1(Flow): 0.556585, Reg: 0.047857
Iter 160 of 338 Loss: 0.640231, L1(Flow): 0.585363, Reg: 0.054868
Iter 170 of 338 Loss: 0.611721, L1(Flow): 0.555882, Reg: 0.055839
Iter 180 of 338 Loss: 0.657101, L1(Flow): 0.602119, Reg: 0.054982
Iter 190 of 338 Loss: 0.627966, L1(Flow): 0.575450, Reg: 0.052516
Iter 200 of 338 Loss: 0.594119, L1(Flow): 0.547209, Reg: 0.046910
Iter 210 of 338 Loss: 0.615306, L1(Flow): 0.563498, Reg: 0.051808
Iter 220 of 338 Loss: 0.606398, L1(Flow): 0.560003, Reg: 0.046395
Iter 230 of 338 Loss: 0.657269, L1(Flow): 0.602935, Reg: 0.054334
Iter 240 of 338 Loss: 0.573989, L1(Flow): 0.529480, Reg: 0.044508
Iter 250 of 338 Loss: 0.625114, L1(Flow): 0.570607, Reg: 0.054507
Iter 260 of 338 Loss: 0.598080, L1(Flow): 0.547837, Reg: 0.050243
Iter 270 of 338 Loss: 0.656765, L1(Flow): 0.602633, Reg: 0.054132
Iter 280 of 338 Loss: 0.632346, L1(Flow): 0.581040, Reg: 0.051306
Iter 290 of 338 Loss: 0.600575, L1(Flow): 0.549565, Reg: 0.051010
Iter 300 of 338 Loss: 0.619192, L1(Flow): 0.567920, Reg: 0.051272
Iter 310 of 338 Loss: 0.612196, L1(Flow): 0.561070, Reg: 0.051126
Iter 320 of 338 Loss: 0.648476, L1(Flow): 0.590768, Reg: 0.057708
Iter 330 of 338 Loss: 0.629578, L1(Flow): 0.574268, Reg: 0.055310
Epoch 371 Loss: 0.623336
Epoch 371 Validation: Mean EPE: 2.7544, Mean SSIM: 0.4017, Mean ZNCC: 0.6465
Epoch 372 starts
Iter 10 of 338 Loss: 0.621252, L1(Flow): 0.566241, Reg: 0.055010
Iter 20 of 338 Loss: 0.568147, L1(Flow): 0.519164, Reg: 0.048982
Iter 30 of 338 Loss: 0.577563, L1(Flow): 0.526943, Reg: 0.050620
Iter 40 of 338 Loss: 0.634478, L1(Flow): 0.580859, Reg: 0.053619
Iter 50 of 338 Loss: 0.615975, L1(Flow): 0.559488, Reg: 0.056488
Iter 60 of 338 Loss: 0.620684, L1(Flow): 0.570925, Reg: 0.049760
Iter 70 of 338 Loss: 0.638622, L1(Flow): 0.586571, Reg: 0.052052
Iter 80 of 338 Loss: 0.588430, L1(Flow): 0.540889, Reg: 0.047541
Iter 90 of 338 Loss: 0.605778, L1(Flow): 0.557812, Reg: 0.047966
Iter 100 of 338 Loss: 0.595541, L1(Flow): 0.546884, Reg: 0.048657
Iter 110 of 338 Loss: 0.587693, L1(Flow): 0.539725, Reg: 0.047968
Iter 120 of 338 Loss: 0.616611, L1(Flow): 0.561585, Reg: 0.055026
Iter 130 of 338 Loss: 0.604432, L1(Flow): 0.549640, Reg: 0.054792
Iter 140 of 338 Loss: 0.618246, L1(Flow): 0.565482, Reg: 0.052764
Iter 150 of 338 Loss: 0.614669, L1(Flow): 0.563308, Reg: 0.051361
Iter 160 of 338 Loss: 0.624797, L1(Flow): 0.573866, Reg: 0.050931
Iter 170 of 338 Loss: 0.632554, L1(Flow): 0.579371, Reg: 0.053182
Iter 180 of 338 Loss: 0.620292, L1(Flow): 0.566722, Reg: 0.053570
Iter 190 of 338 Loss: 0.599057, L1(Flow): 0.553615, Reg: 0.045442
Iter 200 of 338 Loss: 0.602811, L1(Flow): 0.550842, Reg: 0.051970
Iter 210 of 338 Loss: 0.634263, L1(Flow): 0.582941, Reg: 0.051323
Iter 220 of 338 Loss: 0.596558, L1(Flow): 0.548005, Reg: 0.048553
Iter 230 of 338 Loss: 0.605073, L1(Flow): 0.555890, Reg: 0.049183
Iter 240 of 338 Loss: 0.593884, L1(Flow): 0.541600, Reg: 0.052284
Iter 250 of 338 Loss: 0.583692, L1(Flow): 0.533917, Reg: 0.049775
Iter 260 of 338 Loss: 0.616433, L1(Flow): 0.566671, Reg: 0.049762
Iter 270 of 338 Loss: 0.636098, L1(Flow): 0.580080, Reg: 0.056018
Iter 280 of 338 Loss: 0.627436, L1(Flow): 0.576472, Reg: 0.050964
Iter 290 of 338 Loss: 0.605390, L1(Flow): 0.551148, Reg: 0.054241
Iter 300 of 338 Loss: 0.623000, L1(Flow): 0.571248, Reg: 0.051752
Iter 310 of 338 Loss: 0.634378, L1(Flow): 0.578396, Reg: 0.055982
Iter 320 of 338 Loss: 0.609299, L1(Flow): 0.557635, Reg: 0.051665
Iter 330 of 338 Loss: 0.621404, L1(Flow): 0.574001, Reg: 0.047403
Epoch 372 Loss: 0.617970
Epoch 372 Validation: Mean EPE: 2.7587, Mean SSIM: 0.4024, Mean ZNCC: 0.6466
Epoch 373 starts
Iter 10 of 338 Loss: 0.655834, L1(Flow): 0.600297, Reg: 0.055537
Iter 20 of 338 Loss: 0.631112, L1(Flow): 0.576539, Reg: 0.054573
Iter 30 of 338 Loss: 0.579760, L1(Flow): 0.530769, Reg: 0.048991
Iter 40 of 338 Loss: 0.599097, L1(Flow): 0.548550, Reg: 0.050547
Iter 50 of 338 Loss: 0.649645, L1(Flow): 0.597202, Reg: 0.052443
Iter 60 of 338 Loss: 0.598203, L1(Flow): 0.548835, Reg: 0.049368
Iter 70 of 338 Loss: 0.596297, L1(Flow): 0.546235, Reg: 0.050062
Iter 80 of 338 Loss: 0.660097, L1(Flow): 0.600880, Reg: 0.059217
Iter 90 of 338 Loss: 0.623111, L1(Flow): 0.570370, Reg: 0.052741
Iter 100 of 338 Loss: 0.619351, L1(Flow): 0.566024, Reg: 0.053328
Iter 110 of 338 Loss: 0.590767, L1(Flow): 0.540936, Reg: 0.049831
Iter 120 of 338 Loss: 0.597079, L1(Flow): 0.546364, Reg: 0.050715
Iter 130 of 338 Loss: 0.598393, L1(Flow): 0.544931, Reg: 0.053462
Iter 140 of 338 Loss: 0.605632, L1(Flow): 0.555507, Reg: 0.050126
Iter 150 of 338 Loss: 0.567130, L1(Flow): 0.518105, Reg: 0.049025
Iter 160 of 338 Loss: 0.639692, L1(Flow): 0.585574, Reg: 0.054118
Iter 170 of 338 Loss: 0.646407, L1(Flow): 0.595636, Reg: 0.050772
Iter 180 of 338 Loss: 0.612674, L1(Flow): 0.558951, Reg: 0.053723
Iter 190 of 338 Loss: 0.602672, L1(Flow): 0.550676, Reg: 0.051996
Iter 200 of 338 Loss: 0.568673, L1(Flow): 0.521180, Reg: 0.047493
Iter 210 of 338 Loss: 0.603172, L1(Flow): 0.552325, Reg: 0.050847
Iter 220 of 338 Loss: 0.608077, L1(Flow): 0.554459, Reg: 0.053618
Iter 230 of 338 Loss: 0.612636, L1(Flow): 0.560476, Reg: 0.052160
Iter 240 of 338 Loss: 0.637642, L1(Flow): 0.580144, Reg: 0.057499
Iter 250 of 338 Loss: 0.599249, L1(Flow): 0.546959, Reg: 0.052291
Iter 260 of 338 Loss: 0.626527, L1(Flow): 0.576478, Reg: 0.050049
Iter 270 of 338 Loss: 0.657762, L1(Flow): 0.601589, Reg: 0.056173
Iter 280 of 338 Loss: 0.623765, L1(Flow): 0.573557, Reg: 0.050208
Iter 290 of 338 Loss: 0.628648, L1(Flow): 0.572601, Reg: 0.056048
Iter 300 of 338 Loss: 0.616660, L1(Flow): 0.565254, Reg: 0.051406
Iter 310 of 338 Loss: 0.641087, L1(Flow): 0.581633, Reg: 0.059454
Iter 320 of 338 Loss: 0.617454, L1(Flow): 0.563920, Reg: 0.053534
Iter 330 of 338 Loss: 0.656954, L1(Flow): 0.596503, Reg: 0.060451
Epoch 373 Loss: 0.619016
Epoch 373 Validation: Mean EPE: 2.7651, Mean SSIM: 0.4016, Mean ZNCC: 0.6464
Epoch 374 starts
Iter 10 of 338 Loss: 0.595410, L1(Flow): 0.545226, Reg: 0.050184
Iter 20 of 338 Loss: 0.606423, L1(Flow): 0.556616, Reg: 0.049808
Iter 30 of 338 Loss: 0.612232, L1(Flow): 0.559666, Reg: 0.052567
Iter 40 of 338 Loss: 0.601325, L1(Flow): 0.548556, Reg: 0.052769
Iter 50 of 338 Loss: 0.590453, L1(Flow): 0.540312, Reg: 0.050141
Iter 60 of 338 Loss: 0.668730, L1(Flow): 0.610141, Reg: 0.058589
Iter 70 of 338 Loss: 0.640540, L1(Flow): 0.592072, Reg: 0.048468
Iter 80 of 338 Loss: 0.594652, L1(Flow): 0.544932, Reg: 0.049721
Iter 90 of 338 Loss: 0.620132, L1(Flow): 0.567419, Reg: 0.052713
Iter 100 of 338 Loss: 0.635879, L1(Flow): 0.585158, Reg: 0.050721
Iter 110 of 338 Loss: 0.608245, L1(Flow): 0.556957, Reg: 0.051288
Iter 120 of 338 Loss: 0.603700, L1(Flow): 0.552682, Reg: 0.051019
Iter 130 of 338 Loss: 0.619788, L1(Flow): 0.565285, Reg: 0.054502
Iter 140 of 338 Loss: 0.610234, L1(Flow): 0.558473, Reg: 0.051761
Iter 150 of 338 Loss: 0.621866, L1(Flow): 0.565756, Reg: 0.056110
Iter 160 of 338 Loss: 0.625028, L1(Flow): 0.570758, Reg: 0.054270
Iter 170 of 338 Loss: 0.650242, L1(Flow): 0.593575, Reg: 0.056666
Iter 180 of 338 Loss: 0.628353, L1(Flow): 0.577888, Reg: 0.050464
Iter 190 of 338 Loss: 0.622259, L1(Flow): 0.567141, Reg: 0.055118
Iter 200 of 338 Loss: 0.582620, L1(Flow): 0.539103, Reg: 0.043516
Iter 210 of 338 Loss: 0.628539, L1(Flow): 0.580884, Reg: 0.047656
Iter 220 of 338 Loss: 0.646263, L1(Flow): 0.587029, Reg: 0.059234
Iter 230 of 338 Loss: 0.614736, L1(Flow): 0.563462, Reg: 0.051273
Iter 240 of 338 Loss: 0.627190, L1(Flow): 0.573486, Reg: 0.053704
Iter 250 of 338 Loss: 0.593405, L1(Flow): 0.543785, Reg: 0.049620
Iter 260 of 338 Loss: 0.628866, L1(Flow): 0.574713, Reg: 0.054153
Iter 270 of 338 Loss: 0.590109, L1(Flow): 0.540706, Reg: 0.049403
Iter 280 of 338 Loss: 0.638364, L1(Flow): 0.584302, Reg: 0.054062
Iter 290 of 338 Loss: 0.620807, L1(Flow): 0.570394, Reg: 0.050412
Iter 300 of 338 Loss: 0.638025, L1(Flow): 0.583080, Reg: 0.054945
Iter 310 of 338 Loss: 0.618054, L1(Flow): 0.564729, Reg: 0.053325
Iter 320 of 338 Loss: 0.641161, L1(Flow): 0.583567, Reg: 0.057594
Iter 330 of 338 Loss: 0.618741, L1(Flow): 0.566916, Reg: 0.051825
Epoch 374 Loss: 0.618686
Epoch 374 Validation: Mean EPE: 2.7574, Mean SSIM: 0.4020, Mean ZNCC: 0.6466
Epoch 375 starts
Iter 10 of 338 Loss: 0.598889, L1(Flow): 0.547563, Reg: 0.051325
Iter 20 of 338 Loss: 0.625826, L1(Flow): 0.573058, Reg: 0.052768
Iter 30 of 338 Loss: 0.617749, L1(Flow): 0.562947, Reg: 0.054802
Iter 40 of 338 Loss: 0.603944, L1(Flow): 0.554599, Reg: 0.049345
Iter 50 of 338 Loss: 0.609040, L1(Flow): 0.554348, Reg: 0.054693
Iter 60 of 338 Loss: 0.606412, L1(Flow): 0.552099, Reg: 0.054313
Iter 70 of 338 Loss: 0.588495, L1(Flow): 0.537514, Reg: 0.050981
Iter 80 of 338 Loss: 0.601147, L1(Flow): 0.547694, Reg: 0.053454
Iter 90 of 338 Loss: 0.613131, L1(Flow): 0.559998, Reg: 0.053133
Iter 100 of 338 Loss: 0.599356, L1(Flow): 0.549249, Reg: 0.050107
Iter 110 of 338 Loss: 0.668907, L1(Flow): 0.612987, Reg: 0.055920
Iter 120 of 338 Loss: 0.602665, L1(Flow): 0.550286, Reg: 0.052379
Iter 130 of 338 Loss: 0.592804, L1(Flow): 0.543792, Reg: 0.049012
Iter 140 of 338 Loss: 0.615944, L1(Flow): 0.562570, Reg: 0.053374
Iter 150 of 338 Loss: 0.612149, L1(Flow): 0.559987, Reg: 0.052162
Iter 160 of 338 Loss: 0.612334, L1(Flow): 0.559626, Reg: 0.052708
Iter 170 of 338 Loss: 0.608402, L1(Flow): 0.557512, Reg: 0.050890
Iter 180 of 338 Loss: 0.611167, L1(Flow): 0.556292, Reg: 0.054875
Iter 190 of 338 Loss: 0.637908, L1(Flow): 0.580011, Reg: 0.057897
Iter 200 of 338 Loss: 0.590698, L1(Flow): 0.539806, Reg: 0.050893
Iter 210 of 338 Loss: 0.629876, L1(Flow): 0.575506, Reg: 0.054369
Iter 220 of 338 Loss: 0.645796, L1(Flow): 0.591692, Reg: 0.054104
Iter 230 of 338 Loss: 0.619811, L1(Flow): 0.570920, Reg: 0.048891
Iter 240 of 338 Loss: 0.612553, L1(Flow): 0.562341, Reg: 0.050212
Iter 250 of 338 Loss: 0.596207, L1(Flow): 0.543200, Reg: 0.053007
Iter 260 of 338 Loss: 0.623596, L1(Flow): 0.572524, Reg: 0.051072
Iter 270 of 338 Loss: 0.589277, L1(Flow): 0.542618, Reg: 0.046659
Iter 280 of 338 Loss: 0.599468, L1(Flow): 0.551143, Reg: 0.048325
Iter 290 of 338 Loss: 0.573632, L1(Flow): 0.525711, Reg: 0.047920
Iter 300 of 338 Loss: 0.602092, L1(Flow): 0.553370, Reg: 0.048722
Iter 310 of 338 Loss: 0.623735, L1(Flow): 0.569100, Reg: 0.054636
Iter 320 of 338 Loss: 0.644123, L1(Flow): 0.588445, Reg: 0.055677
Iter 330 of 338 Loss: 0.651550, L1(Flow): 0.593327, Reg: 0.058223
Epoch 375 Loss: 0.617718
Epoch 375 Validation: Mean EPE: 2.7598, Mean SSIM: 0.4021, Mean ZNCC: 0.6467
Epoch 376 starts
Iter 10 of 338 Loss: 0.634567, L1(Flow): 0.577621, Reg: 0.056946
Iter 20 of 338 Loss: 0.594582, L1(Flow): 0.546272, Reg: 0.048310
Iter 30 of 338 Loss: 0.639789, L1(Flow): 0.582601, Reg: 0.057189
Iter 40 of 338 Loss: 0.621782, L1(Flow): 0.571498, Reg: 0.050284
Iter 50 of 338 Loss: 0.647379, L1(Flow): 0.592841, Reg: 0.054538
Iter 60 of 338 Loss: 0.625598, L1(Flow): 0.576334, Reg: 0.049264
Iter 70 of 338 Loss: 0.649566, L1(Flow): 0.592437, Reg: 0.057129
Iter 80 of 338 Loss: 0.664796, L1(Flow): 0.608499, Reg: 0.056298
Iter 90 of 338 Loss: 0.664568, L1(Flow): 0.611253, Reg: 0.053315
Iter 100 of 338 Loss: 0.595101, L1(Flow): 0.548649, Reg: 0.046452
Iter 110 of 338 Loss: 0.636271, L1(Flow): 0.580651, Reg: 0.055620
Iter 120 of 338 Loss: 0.606233, L1(Flow): 0.557320, Reg: 0.048914
Iter 130 of 338 Loss: 0.611532, L1(Flow): 0.559123, Reg: 0.052409
Iter 140 of 338 Loss: 0.618769, L1(Flow): 0.564199, Reg: 0.054570
Iter 150 of 338 Loss: 0.615909, L1(Flow): 0.562666, Reg: 0.053244
Iter 160 of 338 Loss: 0.599329, L1(Flow): 0.546833, Reg: 0.052496
Iter 170 of 338 Loss: 0.627600, L1(Flow): 0.570590, Reg: 0.057010
Iter 180 of 338 Loss: 0.617258, L1(Flow): 0.564775, Reg: 0.052483
Iter 190 of 338 Loss: 0.615022, L1(Flow): 0.560696, Reg: 0.054326
Iter 200 of 338 Loss: 0.593830, L1(Flow): 0.542125, Reg: 0.051705
Iter 210 of 338 Loss: 0.533302, L1(Flow): 0.491107, Reg: 0.042195
Iter 220 of 338 Loss: 0.622847, L1(Flow): 0.569575, Reg: 0.053272
Iter 230 of 338 Loss: 0.616277, L1(Flow): 0.561111, Reg: 0.055166
Iter 240 of 338 Loss: 0.618158, L1(Flow): 0.563602, Reg: 0.054556
Iter 250 of 338 Loss: 0.611623, L1(Flow): 0.558401, Reg: 0.053222
Iter 260 of 338 Loss: 0.609175, L1(Flow): 0.558945, Reg: 0.050229
Iter 270 of 338 Loss: 0.629104, L1(Flow): 0.575961, Reg: 0.053143
Iter 280 of 338 Loss: 0.594249, L1(Flow): 0.548192, Reg: 0.046057
Iter 290 of 338 Loss: 0.595013, L1(Flow): 0.546106, Reg: 0.048907
Iter 300 of 338 Loss: 0.573450, L1(Flow): 0.524812, Reg: 0.048638
Iter 310 of 338 Loss: 0.654624, L1(Flow): 0.596976, Reg: 0.057648
Iter 320 of 338 Loss: 0.643454, L1(Flow): 0.590265, Reg: 0.053189
Iter 330 of 338 Loss: 0.630045, L1(Flow): 0.577104, Reg: 0.052941
Epoch 376 Loss: 0.618144
Epoch 376 Validation: Mean EPE: 2.7596, Mean SSIM: 0.4022, Mean ZNCC: 0.6465
Epoch 377 starts
Iter 10 of 338 Loss: 0.602913, L1(Flow): 0.547366, Reg: 0.055547
Iter 20 of 338 Loss: 0.632401, L1(Flow): 0.578015, Reg: 0.054386
Iter 30 of 338 Loss: 0.643386, L1(Flow): 0.588562, Reg: 0.054824
Iter 40 of 338 Loss: 0.619117, L1(Flow): 0.567712, Reg: 0.051405
Iter 50 of 338 Loss: 0.583609, L1(Flow): 0.536027, Reg: 0.047582
Iter 60 of 338 Loss: 0.624819, L1(Flow): 0.567327, Reg: 0.057492
Iter 70 of 338 Loss: 0.611763, L1(Flow): 0.562801, Reg: 0.048962
Iter 80 of 338 Loss: 0.584789, L1(Flow): 0.536581, Reg: 0.048209
Iter 90 of 338 Loss: 0.610617, L1(Flow): 0.556011, Reg: 0.054606
Iter 100 of 338 Loss: 0.626434, L1(Flow): 0.573127, Reg: 0.053307
Iter 110 of 338 Loss: 0.613168, L1(Flow): 0.558386, Reg: 0.054781
Iter 120 of 338 Loss: 0.665004, L1(Flow): 0.612378, Reg: 0.052626
Iter 130 of 338 Loss: 0.604729, L1(Flow): 0.552484, Reg: 0.052245
Iter 140 of 338 Loss: 0.609687, L1(Flow): 0.554474, Reg: 0.055213
Iter 150 of 338 Loss: 0.604162, L1(Flow): 0.555553, Reg: 0.048609
Iter 160 of 338 Loss: 0.602596, L1(Flow): 0.552731, Reg: 0.049865
Iter 170 of 338 Loss: 0.595578, L1(Flow): 0.544221, Reg: 0.051357
Iter 180 of 338 Loss: 0.616293, L1(Flow): 0.561128, Reg: 0.055165
Iter 190 of 338 Loss: 0.642892, L1(Flow): 0.590094, Reg: 0.052798
Iter 200 of 338 Loss: 0.652801, L1(Flow): 0.596994, Reg: 0.055806
Iter 210 of 338 Loss: 0.617380, L1(Flow): 0.562783, Reg: 0.054597
Iter 220 of 338 Loss: 0.621448, L1(Flow): 0.566569, Reg: 0.054879
Iter 230 of 338 Loss: 0.657716, L1(Flow): 0.599869, Reg: 0.057847
Iter 240 of 338 Loss: 0.616167, L1(Flow): 0.566238, Reg: 0.049929
Iter 250 of 338 Loss: 0.672732, L1(Flow): 0.617131, Reg: 0.055601
Iter 260 of 338 Loss: 0.620266, L1(Flow): 0.571281, Reg: 0.048985
Iter 270 of 338 Loss: 0.646976, L1(Flow): 0.591337, Reg: 0.055640
Iter 280 of 338 Loss: 0.633444, L1(Flow): 0.581172, Reg: 0.052272
Iter 290 of 338 Loss: 0.581168, L1(Flow): 0.533198, Reg: 0.047970
Iter 300 of 338 Loss: 0.608421, L1(Flow): 0.556562, Reg: 0.051859
Iter 310 of 338 Loss: 0.580846, L1(Flow): 0.534868, Reg: 0.045978
Iter 320 of 338 Loss: 0.636288, L1(Flow): 0.587216, Reg: 0.049072
Iter 330 of 338 Loss: 0.612788, L1(Flow): 0.562704, Reg: 0.050084
Epoch 377 Loss: 0.618457
Epoch 377 Validation: Mean EPE: 2.7529, Mean SSIM: 0.4027, Mean ZNCC: 0.6467
Epoch 378 starts
Iter 10 of 338 Loss: 0.607377, L1(Flow): 0.553448, Reg: 0.053930
Iter 20 of 338 Loss: 0.620169, L1(Flow): 0.566490, Reg: 0.053679
Iter 30 of 338 Loss: 0.604185, L1(Flow): 0.557751, Reg: 0.046434
Iter 40 of 338 Loss: 0.596474, L1(Flow): 0.542156, Reg: 0.054318
Iter 50 of 338 Loss: 0.590905, L1(Flow): 0.541793, Reg: 0.049112
Iter 60 of 338 Loss: 0.608557, L1(Flow): 0.557905, Reg: 0.050653
Iter 70 of 338 Loss: 0.599460, L1(Flow): 0.544657, Reg: 0.054803
Iter 80 of 338 Loss: 0.640616, L1(Flow): 0.583725, Reg: 0.056890
Iter 90 of 338 Loss: 0.579322, L1(Flow): 0.530479, Reg: 0.048844
Iter 100 of 338 Loss: 0.585245, L1(Flow): 0.536815, Reg: 0.048430
Iter 110 of 338 Loss: 0.618639, L1(Flow): 0.566706, Reg: 0.051933
Iter 120 of 338 Loss: 0.624573, L1(Flow): 0.573115, Reg: 0.051458
Iter 130 of 338 Loss: 0.586557, L1(Flow): 0.536068, Reg: 0.050489
Iter 140 of 338 Loss: 0.679225, L1(Flow): 0.623391, Reg: 0.055834
Iter 150 of 338 Loss: 0.597050, L1(Flow): 0.545045, Reg: 0.052005
Iter 160 of 338 Loss: 0.626893, L1(Flow): 0.572803, Reg: 0.054090
Iter 170 of 338 Loss: 0.635465, L1(Flow): 0.577147, Reg: 0.058318
Iter 180 of 338 Loss: 0.575367, L1(Flow): 0.524589, Reg: 0.050777
Iter 190 of 338 Loss: 0.610781, L1(Flow): 0.559659, Reg: 0.051123
Iter 200 of 338 Loss: 0.588640, L1(Flow): 0.537105, Reg: 0.051535
Iter 210 of 338 Loss: 0.620639, L1(Flow): 0.566163, Reg: 0.054476
Iter 220 of 338 Loss: 0.609044, L1(Flow): 0.556567, Reg: 0.052477
Iter 230 of 338 Loss: 0.601745, L1(Flow): 0.549091, Reg: 0.052654
Iter 240 of 338 Loss: 0.614364, L1(Flow): 0.558168, Reg: 0.056196
Iter 250 of 338 Loss: 0.627794, L1(Flow): 0.575391, Reg: 0.052403
Iter 260 of 338 Loss: 0.606743, L1(Flow): 0.554315, Reg: 0.052429
Iter 270 of 338 Loss: 0.622232, L1(Flow): 0.567960, Reg: 0.054272
Iter 280 of 338 Loss: 0.619253, L1(Flow): 0.570294, Reg: 0.048959
Iter 290 of 338 Loss: 0.606234, L1(Flow): 0.554747, Reg: 0.051487
Iter 300 of 338 Loss: 0.629300, L1(Flow): 0.573433, Reg: 0.055868
Iter 310 of 338 Loss: 0.664045, L1(Flow): 0.605375, Reg: 0.058670
Iter 320 of 338 Loss: 0.594160, L1(Flow): 0.544411, Reg: 0.049749
Iter 330 of 338 Loss: 0.617343, L1(Flow): 0.564861, Reg: 0.052482
Epoch 378 Loss: 0.612429
Epoch 378 Validation: Mean EPE: 2.7570, Mean SSIM: 0.4025, Mean ZNCC: 0.6468
Epoch 379 starts
Iter 10 of 338 Loss: 0.630080, L1(Flow): 0.578919, Reg: 0.051160
Iter 20 of 338 Loss: 0.593477, L1(Flow): 0.546846, Reg: 0.046631
Iter 30 of 338 Loss: 0.623519, L1(Flow): 0.571557, Reg: 0.051962
Iter 40 of 338 Loss: 0.611149, L1(Flow): 0.560614, Reg: 0.050534
Iter 50 of 338 Loss: 0.652450, L1(Flow): 0.600621, Reg: 0.051829
Iter 60 of 338 Loss: 0.595821, L1(Flow): 0.548263, Reg: 0.047559
Iter 70 of 338 Loss: 0.645156, L1(Flow): 0.593885, Reg: 0.051271
Iter 80 of 338 Loss: 0.580088, L1(Flow): 0.535058, Reg: 0.045030
Iter 90 of 338 Loss: 0.616204, L1(Flow): 0.564909, Reg: 0.051295
Iter 100 of 338 Loss: 0.631409, L1(Flow): 0.579801, Reg: 0.051609
Iter 110 of 338 Loss: 0.653577, L1(Flow): 0.598626, Reg: 0.054952
Iter 120 of 338 Loss: 0.600731, L1(Flow): 0.553068, Reg: 0.047663
Iter 130 of 338 Loss: 0.594587, L1(Flow): 0.540227, Reg: 0.054360
Iter 140 of 338 Loss: 0.594767, L1(Flow): 0.544713, Reg: 0.050054
Iter 150 of 338 Loss: 0.577615, L1(Flow): 0.526524, Reg: 0.051091
Iter 160 of 338 Loss: 0.608017, L1(Flow): 0.554373, Reg: 0.053644
Iter 170 of 338 Loss: 0.573147, L1(Flow): 0.525117, Reg: 0.048030
Iter 180 of 338 Loss: 0.642224, L1(Flow): 0.587637, Reg: 0.054587
Iter 190 of 338 Loss: 0.612472, L1(Flow): 0.556966, Reg: 0.055506
Iter 200 of 338 Loss: 0.612747, L1(Flow): 0.559782, Reg: 0.052964
Iter 210 of 338 Loss: 0.592644, L1(Flow): 0.543125, Reg: 0.049519
Iter 220 of 338 Loss: 0.615418, L1(Flow): 0.564312, Reg: 0.051106
Iter 230 of 338 Loss: 0.609666, L1(Flow): 0.559353, Reg: 0.050314
Iter 240 of 338 Loss: 0.613471, L1(Flow): 0.562003, Reg: 0.051469
Iter 250 of 338 Loss: 0.632767, L1(Flow): 0.581751, Reg: 0.051016
Iter 260 of 338 Loss: 0.645494, L1(Flow): 0.590645, Reg: 0.054849
Iter 270 of 338 Loss: 0.604204, L1(Flow): 0.553452, Reg: 0.050753
Iter 280 of 338 Loss: 0.630953, L1(Flow): 0.580709, Reg: 0.050244
Iter 290 of 338 Loss: 0.637251, L1(Flow): 0.581125, Reg: 0.056126
Iter 300 of 338 Loss: 0.632896, L1(Flow): 0.576975, Reg: 0.055921
Iter 310 of 338 Loss: 0.610886, L1(Flow): 0.557582, Reg: 0.053304
Iter 320 of 338 Loss: 0.606483, L1(Flow): 0.553473, Reg: 0.053010
Iter 330 of 338 Loss: 0.606798, L1(Flow): 0.554879, Reg: 0.051918
Epoch 379 Loss: 0.614766
Epoch 379 Validation: Mean EPE: 2.7518, Mean SSIM: 0.4020, Mean ZNCC: 0.6469
Epoch 380 starts
Iter 10 of 338 Loss: 0.609397, L1(Flow): 0.556446, Reg: 0.052951
Iter 20 of 338 Loss: 0.614274, L1(Flow): 0.561495, Reg: 0.052779
Iter 30 of 338 Loss: 0.598382, L1(Flow): 0.548075, Reg: 0.050307
Iter 40 of 338 Loss: 0.603162, L1(Flow): 0.555409, Reg: 0.047752
Iter 50 of 338 Loss: 0.611229, L1(Flow): 0.557530, Reg: 0.053699
Iter 60 of 338 Loss: 0.636970, L1(Flow): 0.577876, Reg: 0.059094
Iter 70 of 338 Loss: 0.605926, L1(Flow): 0.555689, Reg: 0.050237
Iter 80 of 338 Loss: 0.628745, L1(Flow): 0.576030, Reg: 0.052715
Iter 90 of 338 Loss: 0.598503, L1(Flow): 0.545766, Reg: 0.052737
Iter 100 of 338 Loss: 0.614696, L1(Flow): 0.561920, Reg: 0.052776
Iter 110 of 338 Loss: 0.591650, L1(Flow): 0.544236, Reg: 0.047415
Iter 120 of 338 Loss: 0.639683, L1(Flow): 0.587670, Reg: 0.052013
Iter 130 of 338 Loss: 0.651490, L1(Flow): 0.595633, Reg: 0.055858
Iter 140 of 338 Loss: 0.621093, L1(Flow): 0.568279, Reg: 0.052813
Iter 150 of 338 Loss: 0.606702, L1(Flow): 0.553545, Reg: 0.053158
Iter 160 of 338 Loss: 0.597124, L1(Flow): 0.545972, Reg: 0.051152
Iter 170 of 338 Loss: 0.609262, L1(Flow): 0.557056, Reg: 0.052206
Iter 180 of 338 Loss: 0.605445, L1(Flow): 0.555123, Reg: 0.050322
Iter 190 of 338 Loss: 0.597716, L1(Flow): 0.549323, Reg: 0.048394
Iter 200 of 338 Loss: 0.626093, L1(Flow): 0.573087, Reg: 0.053006
Iter 210 of 338 Loss: 0.606091, L1(Flow): 0.550303, Reg: 0.055788
Iter 220 of 338 Loss: 0.617684, L1(Flow): 0.566503, Reg: 0.051182
Iter 230 of 338 Loss: 0.616959, L1(Flow): 0.566313, Reg: 0.050646
Iter 240 of 338 Loss: 0.581181, L1(Flow): 0.528641, Reg: 0.052540
Iter 250 of 338 Loss: 0.646627, L1(Flow): 0.594023, Reg: 0.052604
Iter 260 of 338 Loss: 0.594515, L1(Flow): 0.543183, Reg: 0.051332
Iter 270 of 338 Loss: 0.602187, L1(Flow): 0.550485, Reg: 0.051702
Iter 280 of 338 Loss: 0.637335, L1(Flow): 0.584653, Reg: 0.052682
Iter 290 of 338 Loss: 0.612120, L1(Flow): 0.559215, Reg: 0.052905
Iter 300 of 338 Loss: 0.630168, L1(Flow): 0.574831, Reg: 0.055337
Iter 310 of 338 Loss: 0.630437, L1(Flow): 0.576508, Reg: 0.053929
Iter 320 of 338 Loss: 0.633052, L1(Flow): 0.578405, Reg: 0.054647
Iter 330 of 338 Loss: 0.592133, L1(Flow): 0.541248, Reg: 0.050885
Epoch 380 Loss: 0.613697
Epoch 380 Validation: Mean EPE: 2.7516, Mean SSIM: 0.4028, Mean ZNCC: 0.6468
Epoch 381 starts
Iter 10 of 338 Loss: 0.637273, L1(Flow): 0.578701, Reg: 0.058572
Iter 20 of 338 Loss: 0.634928, L1(Flow): 0.581395, Reg: 0.053533
Iter 30 of 338 Loss: 0.626437, L1(Flow): 0.576432, Reg: 0.050005
Iter 40 of 338 Loss: 0.606001, L1(Flow): 0.552098, Reg: 0.053904
Iter 50 of 338 Loss: 0.613474, L1(Flow): 0.562906, Reg: 0.050568
Iter 60 of 338 Loss: 0.585940, L1(Flow): 0.535638, Reg: 0.050302
Iter 70 of 338 Loss: 0.600758, L1(Flow): 0.550357, Reg: 0.050401
Iter 80 of 338 Loss: 0.629057, L1(Flow): 0.571071, Reg: 0.057986
Iter 90 of 338 Loss: 0.613271, L1(Flow): 0.565424, Reg: 0.047846
Iter 100 of 338 Loss: 0.612970, L1(Flow): 0.565136, Reg: 0.047834
Iter 110 of 338 Loss: 0.630031, L1(Flow): 0.574953, Reg: 0.055079
Iter 120 of 338 Loss: 0.610079, L1(Flow): 0.556686, Reg: 0.053393
Iter 130 of 338 Loss: 0.595244, L1(Flow): 0.544311, Reg: 0.050933
Iter 140 of 338 Loss: 0.656145, L1(Flow): 0.603102, Reg: 0.053043
Iter 150 of 338 Loss: 0.629102, L1(Flow): 0.574607, Reg: 0.054495
Iter 160 of 338 Loss: 0.601149, L1(Flow): 0.554745, Reg: 0.046403
Iter 170 of 338 Loss: 0.609844, L1(Flow): 0.558143, Reg: 0.051701
Iter 180 of 338 Loss: 0.617642, L1(Flow): 0.566848, Reg: 0.050794
Iter 190 of 338 Loss: 0.623632, L1(Flow): 0.572254, Reg: 0.051378
Iter 200 of 338 Loss: 0.623668, L1(Flow): 0.570948, Reg: 0.052720
Iter 210 of 338 Loss: 0.639701, L1(Flow): 0.589206, Reg: 0.050495
Iter 220 of 338 Loss: 0.595167, L1(Flow): 0.545365, Reg: 0.049802
Iter 230 of 338 Loss: 0.621049, L1(Flow): 0.564375, Reg: 0.056674
Iter 240 of 338 Loss: 0.595068, L1(Flow): 0.545582, Reg: 0.049485
Iter 250 of 338 Loss: 0.639253, L1(Flow): 0.583819, Reg: 0.055434
Iter 260 of 338 Loss: 0.595870, L1(Flow): 0.547962, Reg: 0.047909
Iter 270 of 338 Loss: 0.605440, L1(Flow): 0.554772, Reg: 0.050669
Iter 280 of 338 Loss: 0.596483, L1(Flow): 0.546293, Reg: 0.050189
Iter 290 of 338 Loss: 0.614786, L1(Flow): 0.563326, Reg: 0.051461
Iter 300 of 338 Loss: 0.602239, L1(Flow): 0.548677, Reg: 0.053561
Iter 310 of 338 Loss: 0.626584, L1(Flow): 0.567376, Reg: 0.059208
Iter 320 of 338 Loss: 0.648300, L1(Flow): 0.592845, Reg: 0.055455
Iter 330 of 338 Loss: 0.593480, L1(Flow): 0.541424, Reg: 0.052057
Epoch 381 Loss: 0.617901
Epoch 381 Validation: Mean EPE: 2.7529, Mean SSIM: 0.4021, Mean ZNCC: 0.6467
Epoch 382 starts
Iter 10 of 338 Loss: 0.642539, L1(Flow): 0.586998, Reg: 0.055541
Iter 20 of 338 Loss: 0.617962, L1(Flow): 0.566773, Reg: 0.051189
Iter 30 of 338 Loss: 0.625673, L1(Flow): 0.570824, Reg: 0.054849
Iter 40 of 338 Loss: 0.623196, L1(Flow): 0.568866, Reg: 0.054330
Iter 50 of 338 Loss: 0.618964, L1(Flow): 0.563212, Reg: 0.055753
Iter 60 of 338 Loss: 0.595492, L1(Flow): 0.544779, Reg: 0.050713
Iter 70 of 338 Loss: 0.612199, L1(Flow): 0.562485, Reg: 0.049714
Iter 80 of 338 Loss: 0.636046, L1(Flow): 0.580681, Reg: 0.055365
Iter 90 of 338 Loss: 0.610308, L1(Flow): 0.556324, Reg: 0.053984
Iter 100 of 338 Loss: 0.612384, L1(Flow): 0.559603, Reg: 0.052780
Iter 110 of 338 Loss: 0.628407, L1(Flow): 0.578023, Reg: 0.050383
Iter 120 of 338 Loss: 0.593983, L1(Flow): 0.547228, Reg: 0.046755
Iter 130 of 338 Loss: 0.594452, L1(Flow): 0.546607, Reg: 0.047846
Iter 140 of 338 Loss: 0.578252, L1(Flow): 0.529346, Reg: 0.048906
Iter 150 of 338 Loss: 0.653662, L1(Flow): 0.598015, Reg: 0.055647
Iter 160 of 338 Loss: 0.577214, L1(Flow): 0.533203, Reg: 0.044011
Iter 170 of 338 Loss: 0.644759, L1(Flow): 0.586345, Reg: 0.058414
Iter 180 of 338 Loss: 0.626782, L1(Flow): 0.572320, Reg: 0.054462
Iter 190 of 338 Loss: 0.658064, L1(Flow): 0.600772, Reg: 0.057292
Iter 200 of 338 Loss: 0.614305, L1(Flow): 0.562854, Reg: 0.051451
Iter 210 of 338 Loss: 0.664858, L1(Flow): 0.606301, Reg: 0.058557
Iter 220 of 338 Loss: 0.615516, L1(Flow): 0.567352, Reg: 0.048164
Iter 230 of 338 Loss: 0.602241, L1(Flow): 0.551359, Reg: 0.050882
Iter 240 of 338 Loss: 0.628434, L1(Flow): 0.573108, Reg: 0.055326
Iter 250 of 338 Loss: 0.645783, L1(Flow): 0.588087, Reg: 0.057696
Iter 260 of 338 Loss: 0.585752, L1(Flow): 0.536974, Reg: 0.048778
Iter 270 of 338 Loss: 0.671060, L1(Flow): 0.612761, Reg: 0.058299
Iter 280 of 338 Loss: 0.593545, L1(Flow): 0.542043, Reg: 0.051502
Iter 290 of 338 Loss: 0.584084, L1(Flow): 0.540670, Reg: 0.043415
Iter 300 of 338 Loss: 0.602497, L1(Flow): 0.554704, Reg: 0.047793
Iter 310 of 338 Loss: 0.620415, L1(Flow): 0.564606, Reg: 0.055810
Iter 320 of 338 Loss: 0.634999, L1(Flow): 0.580013, Reg: 0.054986
Iter 330 of 338 Loss: 0.624657, L1(Flow): 0.571726, Reg: 0.052932
Epoch 382 Loss: 0.619402
Epoch 382 Validation: Mean EPE: 2.7467, Mean SSIM: 0.4026, Mean ZNCC: 0.6468
--> Saved to Top 5 best models (EPE: 2.7467)
Epoch 383 starts
Iter 10 of 338 Loss: 0.621779, L1(Flow): 0.573844, Reg: 0.047935
Iter 20 of 338 Loss: 0.610493, L1(Flow): 0.559908, Reg: 0.050584
Iter 30 of 338 Loss: 0.603450, L1(Flow): 0.555838, Reg: 0.047613
Iter 40 of 338 Loss: 0.630476, L1(Flow): 0.580153, Reg: 0.050324
Iter 50 of 338 Loss: 0.597328, L1(Flow): 0.547848, Reg: 0.049480
Iter 60 of 338 Loss: 0.637592, L1(Flow): 0.585645, Reg: 0.051947
Iter 70 of 338 Loss: 0.621393, L1(Flow): 0.572840, Reg: 0.048552
Iter 80 of 338 Loss: 0.638151, L1(Flow): 0.582912, Reg: 0.055240
Iter 90 of 338 Loss: 0.636592, L1(Flow): 0.584181, Reg: 0.052411
Iter 100 of 338 Loss: 0.605847, L1(Flow): 0.552096, Reg: 0.053751
Iter 110 of 338 Loss: 0.596718, L1(Flow): 0.549423, Reg: 0.047295
Iter 120 of 338 Loss: 0.618523, L1(Flow): 0.566132, Reg: 0.052391
Iter 130 of 338 Loss: 0.629489, L1(Flow): 0.578085, Reg: 0.051404
Iter 140 of 338 Loss: 0.614654, L1(Flow): 0.561693, Reg: 0.052961
Iter 150 of 338 Loss: 0.577882, L1(Flow): 0.531000, Reg: 0.046882
Iter 160 of 338 Loss: 0.650584, L1(Flow): 0.593603, Reg: 0.056981
Iter 170 of 338 Loss: 0.637110, L1(Flow): 0.586194, Reg: 0.050916
Iter 180 of 338 Loss: 0.615961, L1(Flow): 0.559244, Reg: 0.056717
Iter 190 of 338 Loss: 0.656844, L1(Flow): 0.600305, Reg: 0.056539
Iter 200 of 338 Loss: 0.655015, L1(Flow): 0.597792, Reg: 0.057223
Iter 210 of 338 Loss: 0.581528, L1(Flow): 0.533618, Reg: 0.047910
Iter 220 of 338 Loss: 0.613097, L1(Flow): 0.559775, Reg: 0.053322
Iter 230 of 338 Loss: 0.614977, L1(Flow): 0.564188, Reg: 0.050790
Iter 240 of 338 Loss: 0.630907, L1(Flow): 0.573848, Reg: 0.057059
Iter 250 of 338 Loss: 0.609380, L1(Flow): 0.555389, Reg: 0.053991
Iter 260 of 338 Loss: 0.617976, L1(Flow): 0.562986, Reg: 0.054990
Iter 270 of 338 Loss: 0.574214, L1(Flow): 0.524013, Reg: 0.050202
Iter 280 of 338 Loss: 0.607078, L1(Flow): 0.554443, Reg: 0.052635
Iter 290 of 338 Loss: 0.608166, L1(Flow): 0.555307, Reg: 0.052859
Iter 300 of 338 Loss: 0.638531, L1(Flow): 0.580982, Reg: 0.057549
Iter 310 of 338 Loss: 0.656270, L1(Flow): 0.600386, Reg: 0.055884
Iter 320 of 338 Loss: 0.605208, L1(Flow): 0.554026, Reg: 0.051182
Iter 330 of 338 Loss: 0.646472, L1(Flow): 0.596644, Reg: 0.049829
Epoch 383 Loss: 0.617177
Epoch 383 Validation: Mean EPE: 2.7560, Mean SSIM: 0.4025, Mean ZNCC: 0.6467
Epoch 384 starts
Iter 10 of 338 Loss: 0.661133, L1(Flow): 0.606571, Reg: 0.054562
Iter 20 of 338 Loss: 0.585514, L1(Flow): 0.537298, Reg: 0.048215
Iter 30 of 338 Loss: 0.600225, L1(Flow): 0.548935, Reg: 0.051290
Iter 40 of 338 Loss: 0.610018, L1(Flow): 0.558629, Reg: 0.051389
Iter 50 of 338 Loss: 0.598549, L1(Flow): 0.544591, Reg: 0.053958
Iter 60 of 338 Loss: 0.642294, L1(Flow): 0.588977, Reg: 0.053317
Iter 70 of 338 Loss: 0.661086, L1(Flow): 0.602669, Reg: 0.058418
Iter 80 of 338 Loss: 0.603862, L1(Flow): 0.553928, Reg: 0.049934
Iter 90 of 338 Loss: 0.587939, L1(Flow): 0.538391, Reg: 0.049547
Iter 100 of 338 Loss: 0.614630, L1(Flow): 0.563196, Reg: 0.051434
Iter 110 of 338 Loss: 0.635238, L1(Flow): 0.575409, Reg: 0.059829
Iter 120 of 338 Loss: 0.600626, L1(Flow): 0.549906, Reg: 0.050719
Iter 130 of 338 Loss: 0.605292, L1(Flow): 0.551449, Reg: 0.053843
Iter 140 of 338 Loss: 0.603685, L1(Flow): 0.550434, Reg: 0.053251
Iter 150 of 338 Loss: 0.574656, L1(Flow): 0.527862, Reg: 0.046795
Iter 160 of 338 Loss: 0.616924, L1(Flow): 0.563423, Reg: 0.053501
Iter 170 of 338 Loss: 0.608560, L1(Flow): 0.555070, Reg: 0.053490
Iter 180 of 338 Loss: 0.621094, L1(Flow): 0.567347, Reg: 0.053747
Iter 190 of 338 Loss: 0.631511, L1(Flow): 0.577505, Reg: 0.054006
Iter 200 of 338 Loss: 0.583489, L1(Flow): 0.537228, Reg: 0.046261
Iter 210 of 338 Loss: 0.591031, L1(Flow): 0.544369, Reg: 0.046662
Iter 220 of 338 Loss: 0.623873, L1(Flow): 0.565069, Reg: 0.058804
Iter 230 of 338 Loss: 0.602711, L1(Flow): 0.548064, Reg: 0.054647
Iter 240 of 338 Loss: 0.569489, L1(Flow): 0.521606, Reg: 0.047883
Iter 250 of 338 Loss: 0.628942, L1(Flow): 0.575260, Reg: 0.053682
Iter 260 of 338 Loss: 0.640441, L1(Flow): 0.587371, Reg: 0.053070
Iter 270 of 338 Loss: 0.603363, L1(Flow): 0.550514, Reg: 0.052849
Iter 280 of 338 Loss: 0.591698, L1(Flow): 0.539710, Reg: 0.051987
Iter 290 of 338 Loss: 0.572405, L1(Flow): 0.525494, Reg: 0.046911
Iter 300 of 338 Loss: 0.618083, L1(Flow): 0.568100, Reg: 0.049982
Iter 310 of 338 Loss: 0.615315, L1(Flow): 0.561303, Reg: 0.054012
Iter 320 of 338 Loss: 0.605597, L1(Flow): 0.557576, Reg: 0.048021
Iter 330 of 338 Loss: 0.580836, L1(Flow): 0.530573, Reg: 0.050264
Epoch 384 Loss: 0.613938
Epoch 384 Validation: Mean EPE: 2.7609, Mean SSIM: 0.4025, Mean ZNCC: 0.6468
Epoch 385 starts
Iter 10 of 338 Loss: 0.624207, L1(Flow): 0.568770, Reg: 0.055437
Iter 20 of 338 Loss: 0.582567, L1(Flow): 0.532175, Reg: 0.050392
Iter 30 of 338 Loss: 0.618337, L1(Flow): 0.567990, Reg: 0.050347
Iter 40 of 338 Loss: 0.639694, L1(Flow): 0.585578, Reg: 0.054116
Iter 50 of 338 Loss: 0.644830, L1(Flow): 0.588595, Reg: 0.056235
Iter 60 of 338 Loss: 0.584580, L1(Flow): 0.530964, Reg: 0.053615
Iter 70 of 338 Loss: 0.618114, L1(Flow): 0.562960, Reg: 0.055154
Iter 80 of 338 Loss: 0.575842, L1(Flow): 0.531893, Reg: 0.043949
Iter 90 of 338 Loss: 0.615257, L1(Flow): 0.560841, Reg: 0.054416
Iter 100 of 338 Loss: 0.599569, L1(Flow): 0.546352, Reg: 0.053217
Iter 110 of 338 Loss: 0.630498, L1(Flow): 0.573636, Reg: 0.056862
Iter 120 of 338 Loss: 0.594082, L1(Flow): 0.546016, Reg: 0.048066
Iter 130 of 338 Loss: 0.618162, L1(Flow): 0.564132, Reg: 0.054030
Iter 140 of 338 Loss: 0.595026, L1(Flow): 0.543273, Reg: 0.051753
Iter 150 of 338 Loss: 0.596070, L1(Flow): 0.544607, Reg: 0.051463
Iter 160 of 338 Loss: 0.581314, L1(Flow): 0.532109, Reg: 0.049205
Iter 170 of 338 Loss: 0.619594, L1(Flow): 0.566998, Reg: 0.052595
Iter 180 of 338 Loss: 0.586777, L1(Flow): 0.539784, Reg: 0.046993
Iter 190 of 338 Loss: 0.615313, L1(Flow): 0.561280, Reg: 0.054034
Iter 200 of 338 Loss: 0.598628, L1(Flow): 0.548160, Reg: 0.050468
Iter 210 of 338 Loss: 0.592677, L1(Flow): 0.544814, Reg: 0.047863
Iter 220 of 338 Loss: 0.595172, L1(Flow): 0.540800, Reg: 0.054372
Iter 230 of 338 Loss: 0.633101, L1(Flow): 0.575812, Reg: 0.057289
Iter 240 of 338 Loss: 0.630479, L1(Flow): 0.574140, Reg: 0.056339
Iter 250 of 338 Loss: 0.620592, L1(Flow): 0.571748, Reg: 0.048843
Iter 260 of 338 Loss: 0.626852, L1(Flow): 0.570787, Reg: 0.056065
Iter 270 of 338 Loss: 0.625917, L1(Flow): 0.570840, Reg: 0.055078
Iter 280 of 338 Loss: 0.595304, L1(Flow): 0.545247, Reg: 0.050057
Iter 290 of 338 Loss: 0.626823, L1(Flow): 0.575549, Reg: 0.051274
Iter 300 of 338 Loss: 0.573430, L1(Flow): 0.528378, Reg: 0.045052
Iter 310 of 338 Loss: 0.611526, L1(Flow): 0.557328, Reg: 0.054198
Iter 320 of 338 Loss: 0.592685, L1(Flow): 0.545892, Reg: 0.046793
Iter 330 of 338 Loss: 0.631530, L1(Flow): 0.578812, Reg: 0.052718
Epoch 385 Loss: 0.610404
Epoch 385 Validation: Mean EPE: 2.7551, Mean SSIM: 0.4024, Mean ZNCC: 0.6466
Epoch 386 starts
Iter 10 of 338 Loss: 0.613563, L1(Flow): 0.561719, Reg: 0.051844
Iter 20 of 338 Loss: 0.643467, L1(Flow): 0.590959, Reg: 0.052509
Iter 30 of 338 Loss: 0.606405, L1(Flow): 0.551000, Reg: 0.055405
Iter 40 of 338 Loss: 0.613741, L1(Flow): 0.558815, Reg: 0.054926
Iter 50 of 338 Loss: 0.591771, L1(Flow): 0.537769, Reg: 0.054002
Iter 60 of 338 Loss: 0.583187, L1(Flow): 0.536815, Reg: 0.046372
Iter 70 of 338 Loss: 0.617140, L1(Flow): 0.567462, Reg: 0.049678
Iter 80 of 338 Loss: 0.626635, L1(Flow): 0.572610, Reg: 0.054025
Iter 90 of 338 Loss: 0.618207, L1(Flow): 0.569476, Reg: 0.048731
Iter 100 of 338 Loss: 0.627449, L1(Flow): 0.576534, Reg: 0.050916
Iter 110 of 338 Loss: 0.614640, L1(Flow): 0.564579, Reg: 0.050061
Iter 120 of 338 Loss: 0.642221, L1(Flow): 0.585850, Reg: 0.056370
Iter 130 of 338 Loss: 0.601318, L1(Flow): 0.550074, Reg: 0.051244
Iter 140 of 338 Loss: 0.624594, L1(Flow): 0.571134, Reg: 0.053460
Iter 150 of 338 Loss: 0.634199, L1(Flow): 0.577930, Reg: 0.056268
Iter 160 of 338 Loss: 0.598375, L1(Flow): 0.547766, Reg: 0.050610
Iter 170 of 338 Loss: 0.607643, L1(Flow): 0.553010, Reg: 0.054633
Iter 180 of 338 Loss: 0.634177, L1(Flow): 0.580078, Reg: 0.054099
Iter 190 of 338 Loss: 0.642410, L1(Flow): 0.589716, Reg: 0.052694
Iter 200 of 338 Loss: 0.582549, L1(Flow): 0.529636, Reg: 0.052912
Iter 210 of 338 Loss: 0.629839, L1(Flow): 0.574901, Reg: 0.054938
Iter 220 of 338 Loss: 0.646867, L1(Flow): 0.589937, Reg: 0.056930
Iter 230 of 338 Loss: 0.633656, L1(Flow): 0.583297, Reg: 0.050359
Iter 240 of 338 Loss: 0.606743, L1(Flow): 0.550387, Reg: 0.056356
Iter 250 of 338 Loss: 0.636574, L1(Flow): 0.582315, Reg: 0.054258
Iter 260 of 338 Loss: 0.574432, L1(Flow): 0.525676, Reg: 0.048756
Iter 270 of 338 Loss: 0.626410, L1(Flow): 0.572203, Reg: 0.054206
Iter 280 of 338 Loss: 0.652011, L1(Flow): 0.598565, Reg: 0.053446
Iter 290 of 338 Loss: 0.621445, L1(Flow): 0.570442, Reg: 0.051002
Iter 300 of 338 Loss: 0.643971, L1(Flow): 0.588179, Reg: 0.055791
Iter 310 of 338 Loss: 0.605058, L1(Flow): 0.555555, Reg: 0.049503
Iter 320 of 338 Loss: 0.649613, L1(Flow): 0.595910, Reg: 0.053703
Iter 330 of 338 Loss: 0.655554, L1(Flow): 0.600305, Reg: 0.055249
Epoch 386 Loss: 0.613053
Epoch 386 Validation: Mean EPE: 2.7598, Mean SSIM: 0.4016, Mean ZNCC: 0.6466
Epoch 387 starts
Iter 10 of 338 Loss: 0.636420, L1(Flow): 0.582900, Reg: 0.053520
Iter 20 of 338 Loss: 0.594306, L1(Flow): 0.548346, Reg: 0.045960
Iter 30 of 338 Loss: 0.613408, L1(Flow): 0.563036, Reg: 0.050372
Iter 40 of 338 Loss: 0.650553, L1(Flow): 0.594721, Reg: 0.055832
Iter 50 of 338 Loss: 0.630246, L1(Flow): 0.579451, Reg: 0.050795
Iter 60 of 338 Loss: 0.628437, L1(Flow): 0.575825, Reg: 0.052612
Iter 70 of 338 Loss: 0.652974, L1(Flow): 0.595388, Reg: 0.057586
Iter 80 of 338 Loss: 0.614926, L1(Flow): 0.564010, Reg: 0.050916
Iter 90 of 338 Loss: 0.582188, L1(Flow): 0.535283, Reg: 0.046905
Iter 100 of 338 Loss: 0.601194, L1(Flow): 0.551774, Reg: 0.049421
Iter 110 of 338 Loss: 0.618542, L1(Flow): 0.564887, Reg: 0.053655
Iter 120 of 338 Loss: 0.598122, L1(Flow): 0.548799, Reg: 0.049323
Iter 130 of 338 Loss: 0.620435, L1(Flow): 0.568122, Reg: 0.052314
Iter 140 of 338 Loss: 0.608364, L1(Flow): 0.555758, Reg: 0.052606
Iter 150 of 338 Loss: 0.640748, L1(Flow): 0.587774, Reg: 0.052973
Iter 160 of 338 Loss: 0.596454, L1(Flow): 0.543309, Reg: 0.053145
Iter 170 of 338 Loss: 0.587208, L1(Flow): 0.534083, Reg: 0.053124
Iter 180 of 338 Loss: 0.572709, L1(Flow): 0.528591, Reg: 0.044118
Iter 190 of 338 Loss: 0.599127, L1(Flow): 0.546135, Reg: 0.052992
Iter 200 of 338 Loss: 0.569757, L1(Flow): 0.521858, Reg: 0.047899
Iter 210 of 338 Loss: 0.608536, L1(Flow): 0.557062, Reg: 0.051474
Iter 220 of 338 Loss: 0.624008, L1(Flow): 0.566761, Reg: 0.057246
Iter 230 of 338 Loss: 0.666904, L1(Flow): 0.611479, Reg: 0.055424
Iter 240 of 338 Loss: 0.613310, L1(Flow): 0.561153, Reg: 0.052157
Iter 250 of 338 Loss: 0.610346, L1(Flow): 0.555915, Reg: 0.054430
Iter 260 of 338 Loss: 0.668020, L1(Flow): 0.609416, Reg: 0.058604
Iter 270 of 338 Loss: 0.645499, L1(Flow): 0.591586, Reg: 0.053913
Iter 280 of 338 Loss: 0.628885, L1(Flow): 0.574257, Reg: 0.054628
Iter 290 of 338 Loss: 0.595366, L1(Flow): 0.542333, Reg: 0.053034
Iter 300 of 338 Loss: 0.605334, L1(Flow): 0.552763, Reg: 0.052571
Iter 310 of 338 Loss: 0.663392, L1(Flow): 0.605872, Reg: 0.057520
Iter 320 of 338 Loss: 0.625937, L1(Flow): 0.569121, Reg: 0.056816
Iter 330 of 338 Loss: 0.621238, L1(Flow): 0.566163, Reg: 0.055075
Epoch 387 Loss: 0.616760
Epoch 387 Validation: Mean EPE: 2.7574, Mean SSIM: 0.4021, Mean ZNCC: 0.6469
Epoch 388 starts
Iter 10 of 338 Loss: 0.629184, L1(Flow): 0.577223, Reg: 0.051961
Iter 20 of 338 Loss: 0.631551, L1(Flow): 0.580671, Reg: 0.050880
Iter 30 of 338 Loss: 0.624376, L1(Flow): 0.569865, Reg: 0.054511
Iter 40 of 338 Loss: 0.617688, L1(Flow): 0.566604, Reg: 0.051084
Iter 50 of 338 Loss: 0.636278, L1(Flow): 0.582185, Reg: 0.054093
Iter 60 of 338 Loss: 0.627076, L1(Flow): 0.569640, Reg: 0.057436
Iter 70 of 338 Loss: 0.611133, L1(Flow): 0.555507, Reg: 0.055626
Iter 80 of 338 Loss: 0.557579, L1(Flow): 0.510862, Reg: 0.046717
Iter 90 of 338 Loss: 0.626749, L1(Flow): 0.572983, Reg: 0.053766
Iter 100 of 338 Loss: 0.578370, L1(Flow): 0.527684, Reg: 0.050686
Iter 110 of 338 Loss: 0.587451, L1(Flow): 0.539669, Reg: 0.047782
Iter 120 of 338 Loss: 0.595348, L1(Flow): 0.543546, Reg: 0.051801
Iter 130 of 338 Loss: 0.640973, L1(Flow): 0.586091, Reg: 0.054882
Iter 140 of 338 Loss: 0.630975, L1(Flow): 0.575464, Reg: 0.055511
Iter 150 of 338 Loss: 0.596222, L1(Flow): 0.547233, Reg: 0.048989
Iter 160 of 338 Loss: 0.656864, L1(Flow): 0.601688, Reg: 0.055176
Iter 170 of 338 Loss: 0.626690, L1(Flow): 0.570182, Reg: 0.056508
Iter 180 of 338 Loss: 0.658715, L1(Flow): 0.601937, Reg: 0.056778
Iter 190 of 338 Loss: 0.604186, L1(Flow): 0.551549, Reg: 0.052638
Iter 200 of 338 Loss: 0.616522, L1(Flow): 0.558177, Reg: 0.058345
Iter 210 of 338 Loss: 0.614832, L1(Flow): 0.560697, Reg: 0.054136
Iter 220 of 338 Loss: 0.595749, L1(Flow): 0.544809, Reg: 0.050940
Iter 230 of 338 Loss: 0.610518, L1(Flow): 0.560754, Reg: 0.049764
Iter 240 of 338 Loss: 0.579578, L1(Flow): 0.529161, Reg: 0.050416
Iter 250 of 338 Loss: 0.582138, L1(Flow): 0.533267, Reg: 0.048871
Iter 260 of 338 Loss: 0.571802, L1(Flow): 0.522675, Reg: 0.049127
Iter 270 of 338 Loss: 0.610906, L1(Flow): 0.558454, Reg: 0.052453
Iter 280 of 338 Loss: 0.599869, L1(Flow): 0.549767, Reg: 0.050101
Iter 290 of 338 Loss: 0.627181, L1(Flow): 0.576127, Reg: 0.051054
Iter 300 of 338 Loss: 0.600666, L1(Flow): 0.549994, Reg: 0.050672
Iter 310 of 338 Loss: 0.598571, L1(Flow): 0.545112, Reg: 0.053459
Iter 320 of 338 Loss: 0.617877, L1(Flow): 0.563800, Reg: 0.054077
Iter 330 of 338 Loss: 0.601412, L1(Flow): 0.549634, Reg: 0.051778
Epoch 388 Loss: 0.612821
Epoch 388 Validation: Mean EPE: 2.7574, Mean SSIM: 0.4029, Mean ZNCC: 0.6469
Epoch 389 starts
Iter 10 of 338 Loss: 0.598751, L1(Flow): 0.548163, Reg: 0.050589
Iter 20 of 338 Loss: 0.608369, L1(Flow): 0.559242, Reg: 0.049128
Iter 30 of 338 Loss: 0.607422, L1(Flow): 0.556124, Reg: 0.051298
Iter 40 of 338 Loss: 0.596990, L1(Flow): 0.542460, Reg: 0.054530
Iter 50 of 338 Loss: 0.630640, L1(Flow): 0.575880, Reg: 0.054759
Iter 60 of 338 Loss: 0.596272, L1(Flow): 0.549788, Reg: 0.046484
Iter 70 of 338 Loss: 0.611884, L1(Flow): 0.560291, Reg: 0.051593
Iter 80 of 338 Loss: 0.617719, L1(Flow): 0.562543, Reg: 0.055176
Iter 90 of 338 Loss: 0.619780, L1(Flow): 0.569056, Reg: 0.050725
Iter 100 of 338 Loss: 0.618969, L1(Flow): 0.565219, Reg: 0.053751
Iter 110 of 338 Loss: 0.597058, L1(Flow): 0.547186, Reg: 0.049872
Iter 120 of 338 Loss: 0.649773, L1(Flow): 0.588900, Reg: 0.060873
Iter 130 of 338 Loss: 0.572754, L1(Flow): 0.522742, Reg: 0.050012
Iter 140 of 338 Loss: 0.597936, L1(Flow): 0.548326, Reg: 0.049610
Iter 150 of 338 Loss: 0.623592, L1(Flow): 0.572264, Reg: 0.051329
Iter 160 of 338 Loss: 0.635453, L1(Flow): 0.578251, Reg: 0.057203
Iter 170 of 338 Loss: 0.623208, L1(Flow): 0.569305, Reg: 0.053903
Iter 180 of 338 Loss: 0.609881, L1(Flow): 0.560329, Reg: 0.049553
Iter 190 of 338 Loss: 0.632619, L1(Flow): 0.578806, Reg: 0.053813
Iter 200 of 338 Loss: 0.592608, L1(Flow): 0.543268, Reg: 0.049340
Iter 210 of 338 Loss: 0.601423, L1(Flow): 0.545300, Reg: 0.056124
Iter 220 of 338 Loss: 0.611096, L1(Flow): 0.559875, Reg: 0.051221
Iter 230 of 338 Loss: 0.610593, L1(Flow): 0.558123, Reg: 0.052471
Iter 240 of 338 Loss: 0.619797, L1(Flow): 0.570274, Reg: 0.049523
Iter 250 of 338 Loss: 0.603985, L1(Flow): 0.551262, Reg: 0.052723
Iter 260 of 338 Loss: 0.617495, L1(Flow): 0.564446, Reg: 0.053050
Iter 270 of 338 Loss: 0.585903, L1(Flow): 0.532397, Reg: 0.053506
Iter 280 of 338 Loss: 0.584689, L1(Flow): 0.532740, Reg: 0.051950
Iter 290 of 338 Loss: 0.612000, L1(Flow): 0.564129, Reg: 0.047870
Iter 300 of 338 Loss: 0.603615, L1(Flow): 0.552055, Reg: 0.051560
Iter 310 of 338 Loss: 0.631625, L1(Flow): 0.574201, Reg: 0.057424
Iter 320 of 338 Loss: 0.603707, L1(Flow): 0.553192, Reg: 0.050515
Iter 330 of 338 Loss: 0.614194, L1(Flow): 0.563009, Reg: 0.051185
Epoch 389 Loss: 0.611366
Epoch 389 Validation: Mean EPE: 2.7551, Mean SSIM: 0.4025, Mean ZNCC: 0.6468
Epoch 390 starts
Iter 10 of 338 Loss: 0.645308, L1(Flow): 0.588421, Reg: 0.056886
Iter 20 of 338 Loss: 0.593804, L1(Flow): 0.540991, Reg: 0.052813
Iter 30 of 338 Loss: 0.565852, L1(Flow): 0.517534, Reg: 0.048318
Iter 40 of 338 Loss: 0.597569, L1(Flow): 0.542331, Reg: 0.055237
Iter 50 of 338 Loss: 0.591047, L1(Flow): 0.541560, Reg: 0.049487
Iter 60 of 338 Loss: 0.625990, L1(Flow): 0.571922, Reg: 0.054068
Iter 70 of 338 Loss: 0.588897, L1(Flow): 0.538546, Reg: 0.050352
Iter 80 of 338 Loss: 0.597714, L1(Flow): 0.549553, Reg: 0.048161
Iter 90 of 338 Loss: 0.595437, L1(Flow): 0.540193, Reg: 0.055245
Iter 100 of 338 Loss: 0.602142, L1(Flow): 0.549371, Reg: 0.052772
Iter 110 of 338 Loss: 0.615497, L1(Flow): 0.564849, Reg: 0.050648
Iter 120 of 338 Loss: 0.592807, L1(Flow): 0.539811, Reg: 0.052996
Iter 130 of 338 Loss: 0.590015, L1(Flow): 0.537604, Reg: 0.052411
Iter 140 of 338 Loss: 0.644128, L1(Flow): 0.585600, Reg: 0.058528
Iter 150 of 338 Loss: 0.625644, L1(Flow): 0.571894, Reg: 0.053750
Iter 160 of 338 Loss: 0.597408, L1(Flow): 0.545556, Reg: 0.051851
Iter 170 of 338 Loss: 0.609496, L1(Flow): 0.560949, Reg: 0.048547
Iter 180 of 338 Loss: 0.599407, L1(Flow): 0.551165, Reg: 0.048242
Iter 190 of 338 Loss: 0.573296, L1(Flow): 0.525981, Reg: 0.047315
Iter 200 of 338 Loss: 0.659896, L1(Flow): 0.602498, Reg: 0.057398
Iter 210 of 338 Loss: 0.638826, L1(Flow): 0.587505, Reg: 0.051321
Iter 220 of 338 Loss: 0.627184, L1(Flow): 0.577919, Reg: 0.049264
Iter 230 of 338 Loss: 0.644870, L1(Flow): 0.590748, Reg: 0.054123
Iter 240 of 338 Loss: 0.630587, L1(Flow): 0.576552, Reg: 0.054035
Iter 250 of 338 Loss: 0.602406, L1(Flow): 0.551707, Reg: 0.050699
Iter 260 of 338 Loss: 0.619150, L1(Flow): 0.565170, Reg: 0.053980
Iter 270 of 338 Loss: 0.610421, L1(Flow): 0.555784, Reg: 0.054637
Iter 280 of 338 Loss: 0.613361, L1(Flow): 0.558170, Reg: 0.055192
Iter 290 of 338 Loss: 0.597205, L1(Flow): 0.541463, Reg: 0.055742
Iter 300 of 338 Loss: 0.589288, L1(Flow): 0.539250, Reg: 0.050038
Iter 310 of 338 Loss: 0.606495, L1(Flow): 0.552421, Reg: 0.054074
Iter 320 of 338 Loss: 0.593813, L1(Flow): 0.543194, Reg: 0.050619
Iter 330 of 338 Loss: 0.652635, L1(Flow): 0.601758, Reg: 0.050878
Epoch 390 Loss: 0.610483
Epoch 390 Validation: Mean EPE: 2.7585, Mean SSIM: 0.4025, Mean ZNCC: 0.6467
Epoch 391 starts
Iter 10 of 338 Loss: 0.622799, L1(Flow): 0.566108, Reg: 0.056691
Iter 20 of 338 Loss: 0.592454, L1(Flow): 0.541182, Reg: 0.051272
Iter 30 of 338 Loss: 0.622941, L1(Flow): 0.568400, Reg: 0.054542
Iter 40 of 338 Loss: 0.616456, L1(Flow): 0.564503, Reg: 0.051952
Iter 50 of 338 Loss: 0.596193, L1(Flow): 0.544362, Reg: 0.051831
Iter 60 of 338 Loss: 0.618980, L1(Flow): 0.565067, Reg: 0.053912
Iter 70 of 338 Loss: 0.569811, L1(Flow): 0.523204, Reg: 0.046607
Iter 80 of 338 Loss: 0.610022, L1(Flow): 0.554829, Reg: 0.055193
Iter 90 of 338 Loss: 0.637178, L1(Flow): 0.585579, Reg: 0.051598
Iter 100 of 338 Loss: 0.626771, L1(Flow): 0.572164, Reg: 0.054607
Iter 110 of 338 Loss: 0.604171, L1(Flow): 0.552419, Reg: 0.051752
Iter 120 of 338 Loss: 0.653784, L1(Flow): 0.596979, Reg: 0.056804
Iter 130 of 338 Loss: 0.610562, L1(Flow): 0.558029, Reg: 0.052534
Iter 140 of 338 Loss: 0.628645, L1(Flow): 0.574209, Reg: 0.054436
Iter 150 of 338 Loss: 0.608680, L1(Flow): 0.559737, Reg: 0.048944
Iter 160 of 338 Loss: 0.584457, L1(Flow): 0.534983, Reg: 0.049474
Iter 170 of 338 Loss: 0.598870, L1(Flow): 0.546569, Reg: 0.052301
Iter 180 of 338 Loss: 0.603366, L1(Flow): 0.548980, Reg: 0.054386
Iter 190 of 338 Loss: 0.565636, L1(Flow): 0.516802, Reg: 0.048834
Iter 200 of 338 Loss: 0.619608, L1(Flow): 0.565510, Reg: 0.054099
Iter 210 of 338 Loss: 0.597447, L1(Flow): 0.544911, Reg: 0.052535
Iter 220 of 338 Loss: 0.630901, L1(Flow): 0.576208, Reg: 0.054693
Iter 230 of 338 Loss: 0.613596, L1(Flow): 0.561477, Reg: 0.052119
Iter 240 of 338 Loss: 0.623587, L1(Flow): 0.573245, Reg: 0.050341
Iter 250 of 338 Loss: 0.617029, L1(Flow): 0.567162, Reg: 0.049867
Iter 260 of 338 Loss: 0.642509, L1(Flow): 0.592001, Reg: 0.050508
Iter 270 of 338 Loss: 0.611262, L1(Flow): 0.561853, Reg: 0.049408
Iter 280 of 338 Loss: 0.579039, L1(Flow): 0.530823, Reg: 0.048216
Iter 290 of 338 Loss: 0.573194, L1(Flow): 0.521315, Reg: 0.051879
Iter 300 of 338 Loss: 0.570295, L1(Flow): 0.519298, Reg: 0.050996
Iter 310 of 338 Loss: 0.621490, L1(Flow): 0.565763, Reg: 0.055727
Iter 320 of 338 Loss: 0.645812, L1(Flow): 0.590977, Reg: 0.054835
Iter 330 of 338 Loss: 0.589880, L1(Flow): 0.539223, Reg: 0.050658
Epoch 391 Loss: 0.612101
Epoch 391 Validation: Mean EPE: 2.7543, Mean SSIM: 0.4030, Mean ZNCC: 0.6469
Epoch 392 starts
Iter 10 of 338 Loss: 0.612320, L1(Flow): 0.557316, Reg: 0.055004
Iter 20 of 338 Loss: 0.636035, L1(Flow): 0.581333, Reg: 0.054702
Iter 30 of 338 Loss: 0.598129, L1(Flow): 0.545913, Reg: 0.052216
Iter 40 of 338 Loss: 0.584444, L1(Flow): 0.533896, Reg: 0.050548
Iter 50 of 338 Loss: 0.583342, L1(Flow): 0.536787, Reg: 0.046555
Iter 60 of 338 Loss: 0.626709, L1(Flow): 0.575271, Reg: 0.051438
Iter 70 of 338 Loss: 0.629985, L1(Flow): 0.573450, Reg: 0.056535
Iter 80 of 338 Loss: 0.572779, L1(Flow): 0.526950, Reg: 0.045829
Iter 90 of 338 Loss: 0.563043, L1(Flow): 0.514285, Reg: 0.048758
Iter 100 of 338 Loss: 0.595535, L1(Flow): 0.542897, Reg: 0.052638
Iter 110 of 338 Loss: 0.598365, L1(Flow): 0.546627, Reg: 0.051738
Iter 120 of 338 Loss: 0.574803, L1(Flow): 0.525293, Reg: 0.049510
Iter 130 of 338 Loss: 0.610085, L1(Flow): 0.560768, Reg: 0.049317
Iter 140 of 338 Loss: 0.617813, L1(Flow): 0.562346, Reg: 0.055467
Iter 150 of 338 Loss: 0.630915, L1(Flow): 0.575382, Reg: 0.055533
Iter 160 of 338 Loss: 0.618968, L1(Flow): 0.561159, Reg: 0.057810
Iter 170 of 338 Loss: 0.588395, L1(Flow): 0.538691, Reg: 0.049703
Iter 180 of 338 Loss: 0.626381, L1(Flow): 0.573765, Reg: 0.052615
Iter 190 of 338 Loss: 0.645042, L1(Flow): 0.589588, Reg: 0.055454
Iter 200 of 338 Loss: 0.628269, L1(Flow): 0.571666, Reg: 0.056604
Iter 210 of 338 Loss: 0.632058, L1(Flow): 0.574776, Reg: 0.057282
Iter 220 of 338 Loss: 0.587939, L1(Flow): 0.540935, Reg: 0.047004
Iter 230 of 338 Loss: 0.623979, L1(Flow): 0.568729, Reg: 0.055251
Iter 240 of 338 Loss: 0.593186, L1(Flow): 0.543857, Reg: 0.049328
Iter 250 of 338 Loss: 0.644819, L1(Flow): 0.590159, Reg: 0.054659
Iter 260 of 338 Loss: 0.621519, L1(Flow): 0.565330, Reg: 0.056189
Iter 270 of 338 Loss: 0.620590, L1(Flow): 0.569769, Reg: 0.050821
Iter 280 of 338 Loss: 0.608527, L1(Flow): 0.554625, Reg: 0.053902
Iter 290 of 338 Loss: 0.625560, L1(Flow): 0.573759, Reg: 0.051801
Iter 300 of 338 Loss: 0.600375, L1(Flow): 0.548815, Reg: 0.051560
Iter 310 of 338 Loss: 0.631579, L1(Flow): 0.577269, Reg: 0.054309
Iter 320 of 338 Loss: 0.587730, L1(Flow): 0.537680, Reg: 0.050050
Iter 330 of 338 Loss: 0.622975, L1(Flow): 0.568789, Reg: 0.054186
Epoch 392 Loss: 0.608622
Epoch 392 Validation: Mean EPE: 2.7565, Mean SSIM: 0.4024, Mean ZNCC: 0.6467
Epoch 393 starts
Iter 10 of 338 Loss: 0.619733, L1(Flow): 0.568073, Reg: 0.051660
Iter 20 of 338 Loss: 0.644790, L1(Flow): 0.590755, Reg: 0.054035
Iter 30 of 338 Loss: 0.599311, L1(Flow): 0.545321, Reg: 0.053990
Iter 40 of 338 Loss: 0.623114, L1(Flow): 0.570674, Reg: 0.052440
Iter 50 of 338 Loss: 0.610531, L1(Flow): 0.556574, Reg: 0.053957
Iter 60 of 338 Loss: 0.623324, L1(Flow): 0.571693, Reg: 0.051632
Iter 70 of 338 Loss: 0.602795, L1(Flow): 0.551851, Reg: 0.050945
Iter 80 of 338 Loss: 0.582629, L1(Flow): 0.529967, Reg: 0.052662
Iter 90 of 338 Loss: 0.575903, L1(Flow): 0.526206, Reg: 0.049697
Iter 100 of 338 Loss: 0.602741, L1(Flow): 0.549716, Reg: 0.053025
Iter 110 of 338 Loss: 0.566382, L1(Flow): 0.518529, Reg: 0.047854
Iter 120 of 338 Loss: 0.595858, L1(Flow): 0.547673, Reg: 0.048185
Iter 130 of 338 Loss: 0.614415, L1(Flow): 0.562299, Reg: 0.052116
Iter 140 of 338 Loss: 0.591829, L1(Flow): 0.539964, Reg: 0.051865
Iter 150 of 338 Loss: 0.584162, L1(Flow): 0.531877, Reg: 0.052285
Iter 160 of 338 Loss: 0.592641, L1(Flow): 0.545167, Reg: 0.047474
Iter 170 of 338 Loss: 0.633389, L1(Flow): 0.577788, Reg: 0.055601
Iter 180 of 338 Loss: 0.608486, L1(Flow): 0.554681, Reg: 0.053805
Iter 190 of 338 Loss: 0.622169, L1(Flow): 0.569768, Reg: 0.052401
Iter 200 of 338 Loss: 0.600927, L1(Flow): 0.547957, Reg: 0.052971
Iter 210 of 338 Loss: 0.573883, L1(Flow): 0.526898, Reg: 0.046985
Iter 220 of 338 Loss: 0.613296, L1(Flow): 0.562467, Reg: 0.050830
Iter 230 of 338 Loss: 0.640080, L1(Flow): 0.586851, Reg: 0.053229
Iter 240 of 338 Loss: 0.642046, L1(Flow): 0.583027, Reg: 0.059019
Iter 250 of 338 Loss: 0.578624, L1(Flow): 0.528757, Reg: 0.049867
Iter 260 of 338 Loss: 0.594509, L1(Flow): 0.543211, Reg: 0.051297
Iter 270 of 338 Loss: 0.616880, L1(Flow): 0.563944, Reg: 0.052936
Iter 280 of 338 Loss: 0.605242, L1(Flow): 0.553948, Reg: 0.051294
Iter 290 of 338 Loss: 0.615502, L1(Flow): 0.562351, Reg: 0.053151
Iter 300 of 338 Loss: 0.617830, L1(Flow): 0.564253, Reg: 0.053577
Iter 310 of 338 Loss: 0.588023, L1(Flow): 0.534873, Reg: 0.053150
Iter 320 of 338 Loss: 0.648983, L1(Flow): 0.591472, Reg: 0.057511
Iter 330 of 338 Loss: 0.579878, L1(Flow): 0.528591, Reg: 0.051287
Epoch 393 Loss: 0.607932
Epoch 393 Validation: Mean EPE: 2.7549, Mean SSIM: 0.4027, Mean ZNCC: 0.6467
Epoch 394 starts
Iter 10 of 338 Loss: 0.589719, L1(Flow): 0.538872, Reg: 0.050847
Iter 20 of 338 Loss: 0.659137, L1(Flow): 0.604918, Reg: 0.054219
Iter 30 of 338 Loss: 0.630550, L1(Flow): 0.577527, Reg: 0.053022
Iter 40 of 338 Loss: 0.616697, L1(Flow): 0.561475, Reg: 0.055222
Iter 50 of 338 Loss: 0.606765, L1(Flow): 0.553854, Reg: 0.052911
Iter 60 of 338 Loss: 0.566059, L1(Flow): 0.516766, Reg: 0.049293
Iter 70 of 338 Loss: 0.621618, L1(Flow): 0.568214, Reg: 0.053404
Iter 80 of 338 Loss: 0.608390, L1(Flow): 0.559738, Reg: 0.048652
Iter 90 of 338 Loss: 0.638943, L1(Flow): 0.583488, Reg: 0.055455
Iter 100 of 338 Loss: 0.600893, L1(Flow): 0.548431, Reg: 0.052462
Iter 110 of 338 Loss: 0.563619, L1(Flow): 0.517409, Reg: 0.046210
Iter 120 of 338 Loss: 0.639607, L1(Flow): 0.583130, Reg: 0.056477
Iter 130 of 338 Loss: 0.593033, L1(Flow): 0.543749, Reg: 0.049284
Iter 140 of 338 Loss: 0.591826, L1(Flow): 0.538943, Reg: 0.052883
Iter 150 of 338 Loss: 0.612180, L1(Flow): 0.561252, Reg: 0.050928
Iter 160 of 338 Loss: 0.622831, L1(Flow): 0.565991, Reg: 0.056840
Iter 170 of 338 Loss: 0.631203, L1(Flow): 0.574778, Reg: 0.056425
Iter 180 of 338 Loss: 0.663732, L1(Flow): 0.606592, Reg: 0.057141
Iter 190 of 338 Loss: 0.610399, L1(Flow): 0.556333, Reg: 0.054066
Iter 200 of 338 Loss: 0.620690, L1(Flow): 0.567192, Reg: 0.053498
Iter 210 of 338 Loss: 0.627651, L1(Flow): 0.574567, Reg: 0.053083
Iter 220 of 338 Loss: 0.650565, L1(Flow): 0.591273, Reg: 0.059292
Iter 230 of 338 Loss: 0.579896, L1(Flow): 0.529991, Reg: 0.049904
Iter 240 of 338 Loss: 0.607830, L1(Flow): 0.554545, Reg: 0.053285
Iter 250 of 338 Loss: 0.604891, L1(Flow): 0.552098, Reg: 0.052793
Iter 260 of 338 Loss: 0.601615, L1(Flow): 0.551026, Reg: 0.050589
Iter 270 of 338 Loss: 0.554220, L1(Flow): 0.507782, Reg: 0.046439
Iter 280 of 338 Loss: 0.646881, L1(Flow): 0.594478, Reg: 0.052404
Iter 290 of 338 Loss: 0.615278, L1(Flow): 0.560212, Reg: 0.055066
Iter 300 of 338 Loss: 0.576208, L1(Flow): 0.526768, Reg: 0.049440
Iter 310 of 338 Loss: 0.621362, L1(Flow): 0.563905, Reg: 0.057457
Iter 320 of 338 Loss: 0.596140, L1(Flow): 0.541272, Reg: 0.054869
Iter 330 of 338 Loss: 0.580824, L1(Flow): 0.529705, Reg: 0.051119
Epoch 394 Loss: 0.605372
Epoch 394 Validation: Mean EPE: 2.7597, Mean SSIM: 0.4023, Mean ZNCC: 0.6467
Epoch 395 starts
Iter 10 of 338 Loss: 0.603305, L1(Flow): 0.551161, Reg: 0.052144
Iter 20 of 338 Loss: 0.593603, L1(Flow): 0.541418, Reg: 0.052185
Iter 30 of 338 Loss: 0.620905, L1(Flow): 0.565041, Reg: 0.055864
Iter 40 of 338 Loss: 0.589914, L1(Flow): 0.540117, Reg: 0.049796
Iter 50 of 338 Loss: 0.578355, L1(Flow): 0.527443, Reg: 0.050912
Iter 60 of 338 Loss: 0.590120, L1(Flow): 0.538217, Reg: 0.051902
Iter 70 of 338 Loss: 0.599914, L1(Flow): 0.547138, Reg: 0.052776
Iter 80 of 338 Loss: 0.579780, L1(Flow): 0.529698, Reg: 0.050082
Iter 90 of 338 Loss: 0.606878, L1(Flow): 0.553032, Reg: 0.053846
Iter 100 of 338 Loss: 0.597575, L1(Flow): 0.545408, Reg: 0.052167
Iter 110 of 338 Loss: 0.607590, L1(Flow): 0.554008, Reg: 0.053582
Iter 120 of 338 Loss: 0.595973, L1(Flow): 0.543386, Reg: 0.052587
Iter 130 of 338 Loss: 0.582283, L1(Flow): 0.530179, Reg: 0.052104
Iter 140 of 338 Loss: 0.576202, L1(Flow): 0.527005, Reg: 0.049197
Iter 150 of 338 Loss: 0.582365, L1(Flow): 0.532376, Reg: 0.049989
Iter 160 of 338 Loss: 0.577326, L1(Flow): 0.528793, Reg: 0.048533
Iter 170 of 338 Loss: 0.582330, L1(Flow): 0.529801, Reg: 0.052528
Iter 180 of 338 Loss: 0.586736, L1(Flow): 0.538241, Reg: 0.048495
Iter 190 of 338 Loss: 0.559286, L1(Flow): 0.512739, Reg: 0.046547
Iter 200 of 338 Loss: 0.586391, L1(Flow): 0.536273, Reg: 0.050118
Iter 210 of 338 Loss: 0.643694, L1(Flow): 0.587594, Reg: 0.056100
Iter 220 of 338 Loss: 0.617763, L1(Flow): 0.565103, Reg: 0.052660
Iter 230 of 338 Loss: 0.602109, L1(Flow): 0.548192, Reg: 0.053917
Iter 240 of 338 Loss: 0.588777, L1(Flow): 0.538046, Reg: 0.050732
Iter 250 of 338 Loss: 0.573971, L1(Flow): 0.529485, Reg: 0.044487
Iter 260 of 338 Loss: 0.634215, L1(Flow): 0.581587, Reg: 0.052628
Iter 270 of 338 Loss: 0.658836, L1(Flow): 0.602761, Reg: 0.056075
Iter 280 of 338 Loss: 0.640191, L1(Flow): 0.588154, Reg: 0.052037
Iter 290 of 338 Loss: 0.602121, L1(Flow): 0.552082, Reg: 0.050039
Iter 300 of 338 Loss: 0.618983, L1(Flow): 0.569827, Reg: 0.049156
Iter 310 of 338 Loss: 0.623248, L1(Flow): 0.564991, Reg: 0.058257
Iter 320 of 338 Loss: 0.637114, L1(Flow): 0.578067, Reg: 0.059047
Iter 330 of 338 Loss: 0.580485, L1(Flow): 0.529924, Reg: 0.050561
Epoch 395 Loss: 0.606707
Epoch 395 Validation: Mean EPE: 2.7544, Mean SSIM: 0.4027, Mean ZNCC: 0.6467
Epoch 396 starts
Iter 10 of 338 Loss: 0.597330, L1(Flow): 0.545688, Reg: 0.051642
Iter 20 of 338 Loss: 0.619860, L1(Flow): 0.566589, Reg: 0.053272
Iter 30 of 338 Loss: 0.612132, L1(Flow): 0.557965, Reg: 0.054167
Iter 40 of 338 Loss: 0.584953, L1(Flow): 0.537414, Reg: 0.047539
Iter 50 of 338 Loss: 0.631525, L1(Flow): 0.577297, Reg: 0.054228
Iter 60 of 338 Loss: 0.614564, L1(Flow): 0.564481, Reg: 0.050083
Iter 70 of 338 Loss: 0.626837, L1(Flow): 0.572283, Reg: 0.054553
Iter 80 of 338 Loss: 0.632504, L1(Flow): 0.580770, Reg: 0.051734
Iter 90 of 338 Loss: 0.617471, L1(Flow): 0.560738, Reg: 0.056733
Iter 100 of 338 Loss: 0.653118, L1(Flow): 0.598413, Reg: 0.054705
Iter 110 of 338 Loss: 0.563569, L1(Flow): 0.517086, Reg: 0.046483
Iter 120 of 338 Loss: 0.610256, L1(Flow): 0.552269, Reg: 0.057987
Iter 130 of 338 Loss: 0.564867, L1(Flow): 0.513699, Reg: 0.051168
Iter 140 of 338 Loss: 0.613611, L1(Flow): 0.558268, Reg: 0.055344
Iter 150 of 338 Loss: 0.614972, L1(Flow): 0.561757, Reg: 0.053216
Iter 160 of 338 Loss: 0.618633, L1(Flow): 0.569033, Reg: 0.049601
Iter 170 of 338 Loss: 0.596670, L1(Flow): 0.541779, Reg: 0.054891
Iter 180 of 338 Loss: 0.591339, L1(Flow): 0.540544, Reg: 0.050795
Iter 190 of 338 Loss: 0.548386, L1(Flow): 0.503650, Reg: 0.044736
Iter 200 of 338 Loss: 0.563208, L1(Flow): 0.513764, Reg: 0.049444
Iter 210 of 338 Loss: 0.597426, L1(Flow): 0.543899, Reg: 0.053527
Iter 220 of 338 Loss: 0.579213, L1(Flow): 0.533179, Reg: 0.046034
Iter 230 of 338 Loss: 0.592521, L1(Flow): 0.539629, Reg: 0.052892
Iter 240 of 338 Loss: 0.589122, L1(Flow): 0.540629, Reg: 0.048493
Iter 250 of 338 Loss: 0.642183, L1(Flow): 0.586049, Reg: 0.056134
Iter 260 of 338 Loss: 0.628829, L1(Flow): 0.573468, Reg: 0.055361
Iter 270 of 338 Loss: 0.630959, L1(Flow): 0.578732, Reg: 0.052227
Iter 280 of 338 Loss: 0.609807, L1(Flow): 0.557424, Reg: 0.052383
Iter 290 of 338 Loss: 0.611750, L1(Flow): 0.562301, Reg: 0.049449
Iter 300 of 338 Loss: 0.596846, L1(Flow): 0.547926, Reg: 0.048920
Iter 310 of 338 Loss: 0.626250, L1(Flow): 0.570444, Reg: 0.055806
Iter 320 of 338 Loss: 0.622335, L1(Flow): 0.566997, Reg: 0.055338
Iter 330 of 338 Loss: 0.614186, L1(Flow): 0.562398, Reg: 0.051788
Epoch 396 Loss: 0.609713
Epoch 396 Validation: Mean EPE: 2.7544, Mean SSIM: 0.4028, Mean ZNCC: 0.6467
Epoch 397 starts
Iter 10 of 338 Loss: 0.591141, L1(Flow): 0.540560, Reg: 0.050580
Iter 20 of 338 Loss: 0.596681, L1(Flow): 0.548162, Reg: 0.048519
Iter 30 of 338 Loss: 0.593778, L1(Flow): 0.543122, Reg: 0.050656
Iter 40 of 338 Loss: 0.597956, L1(Flow): 0.546853, Reg: 0.051103
Iter 50 of 338 Loss: 0.595412, L1(Flow): 0.548263, Reg: 0.047148
Iter 60 of 338 Loss: 0.603548, L1(Flow): 0.551450, Reg: 0.052098
Iter 70 of 338 Loss: 0.578782, L1(Flow): 0.528085, Reg: 0.050697
Iter 80 of 338 Loss: 0.598741, L1(Flow): 0.548647, Reg: 0.050094
Iter 90 of 338 Loss: 0.591526, L1(Flow): 0.544153, Reg: 0.047373
Iter 100 of 338 Loss: 0.578269, L1(Flow): 0.531161, Reg: 0.047109
Iter 110 of 338 Loss: 0.579603, L1(Flow): 0.528718, Reg: 0.050885
Iter 120 of 338 Loss: 0.610302, L1(Flow): 0.556044, Reg: 0.054258
Iter 130 of 338 Loss: 0.635929, L1(Flow): 0.583533, Reg: 0.052396
Iter 140 of 338 Loss: 0.641835, L1(Flow): 0.586145, Reg: 0.055690
Iter 150 of 338 Loss: 0.618791, L1(Flow): 0.562923, Reg: 0.055868
Iter 160 of 338 Loss: 0.574479, L1(Flow): 0.526590, Reg: 0.047889
Iter 170 of 338 Loss: 0.627197, L1(Flow): 0.569723, Reg: 0.057474
Iter 180 of 338 Loss: 0.580498, L1(Flow): 0.530259, Reg: 0.050239
Iter 190 of 338 Loss: 0.559465, L1(Flow): 0.512015, Reg: 0.047450
Iter 200 of 338 Loss: 0.602373, L1(Flow): 0.548483, Reg: 0.053890
Iter 210 of 338 Loss: 0.633500, L1(Flow): 0.579471, Reg: 0.054029
Iter 220 of 338 Loss: 0.605267, L1(Flow): 0.553181, Reg: 0.052086
Iter 230 of 338 Loss: 0.623557, L1(Flow): 0.570200, Reg: 0.053357
Iter 240 of 338 Loss: 0.679548, L1(Flow): 0.623077, Reg: 0.056471
Iter 250 of 338 Loss: 0.629654, L1(Flow): 0.573267, Reg: 0.056387
Iter 260 of 338 Loss: 0.599414, L1(Flow): 0.547046, Reg: 0.052368
Iter 270 of 338 Loss: 0.604710, L1(Flow): 0.555402, Reg: 0.049308
Iter 280 of 338 Loss: 0.634717, L1(Flow): 0.576398, Reg: 0.058318
Iter 290 of 338 Loss: 0.615323, L1(Flow): 0.560941, Reg: 0.054382
Iter 300 of 338 Loss: 0.597885, L1(Flow): 0.548215, Reg: 0.049671
Iter 310 of 338 Loss: 0.576488, L1(Flow): 0.526563, Reg: 0.049925
Iter 320 of 338 Loss: 0.610449, L1(Flow): 0.554282, Reg: 0.056166
Iter 330 of 338 Loss: 0.625408, L1(Flow): 0.570408, Reg: 0.055000
Epoch 397 Loss: 0.610390
Epoch 397 Validation: Mean EPE: 2.7553, Mean SSIM: 0.4027, Mean ZNCC: 0.6468
Epoch 398 starts
Iter 10 of 338 Loss: 0.639941, L1(Flow): 0.585655, Reg: 0.054286
Iter 20 of 338 Loss: 0.626541, L1(Flow): 0.574331, Reg: 0.052210
Iter 30 of 338 Loss: 0.607227, L1(Flow): 0.557995, Reg: 0.049232
Iter 40 of 338 Loss: 0.613945, L1(Flow): 0.562442, Reg: 0.051503
Iter 50 of 338 Loss: 0.638247, L1(Flow): 0.586397, Reg: 0.051850
Iter 60 of 338 Loss: 0.583991, L1(Flow): 0.535189, Reg: 0.048802
Iter 70 of 338 Loss: 0.601556, L1(Flow): 0.550187, Reg: 0.051369
Iter 80 of 338 Loss: 0.629094, L1(Flow): 0.574177, Reg: 0.054917
Iter 90 of 338 Loss: 0.614666, L1(Flow): 0.560787, Reg: 0.053878
Iter 100 of 338 Loss: 0.590935, L1(Flow): 0.541140, Reg: 0.049794
Iter 110 of 338 Loss: 0.622920, L1(Flow): 0.569935, Reg: 0.052985
Iter 120 of 338 Loss: 0.583087, L1(Flow): 0.528921, Reg: 0.054166
Iter 130 of 338 Loss: 0.591860, L1(Flow): 0.541909, Reg: 0.049950
Iter 140 of 338 Loss: 0.630376, L1(Flow): 0.571502, Reg: 0.058874
Iter 150 of 338 Loss: 0.618639, L1(Flow): 0.565175, Reg: 0.053464
Iter 160 of 338 Loss: 0.619110, L1(Flow): 0.566755, Reg: 0.052355
Iter 170 of 338 Loss: 0.611832, L1(Flow): 0.559821, Reg: 0.052011
Iter 180 of 338 Loss: 0.611382, L1(Flow): 0.558085, Reg: 0.053297
Iter 190 of 338 Loss: 0.598938, L1(Flow): 0.548585, Reg: 0.050353
Iter 200 of 338 Loss: 0.605077, L1(Flow): 0.553119, Reg: 0.051959
Iter 210 of 338 Loss: 0.601124, L1(Flow): 0.552067, Reg: 0.049057
Iter 220 of 338 Loss: 0.574420, L1(Flow): 0.528076, Reg: 0.046344
Iter 230 of 338 Loss: 0.589187, L1(Flow): 0.539816, Reg: 0.049371
Iter 240 of 338 Loss: 0.593018, L1(Flow): 0.541520, Reg: 0.051498
Iter 250 of 338 Loss: 0.660036, L1(Flow): 0.600144, Reg: 0.059893
Iter 260 of 338 Loss: 0.594774, L1(Flow): 0.546180, Reg: 0.048593
Iter 270 of 338 Loss: 0.617205, L1(Flow): 0.565988, Reg: 0.051218
Iter 280 of 338 Loss: 0.586902, L1(Flow): 0.537568, Reg: 0.049335
Iter 290 of 338 Loss: 0.634821, L1(Flow): 0.578568, Reg: 0.056254
Iter 300 of 338 Loss: 0.587291, L1(Flow): 0.539330, Reg: 0.047961
Iter 310 of 338 Loss: 0.593710, L1(Flow): 0.543641, Reg: 0.050069
Iter 320 of 338 Loss: 0.592110, L1(Flow): 0.539172, Reg: 0.052937
Iter 330 of 338 Loss: 0.613061, L1(Flow): 0.559933, Reg: 0.053128
Epoch 398 Loss: 0.610089
Epoch 398 Validation: Mean EPE: 2.7616, Mean SSIM: 0.4019, Mean ZNCC: 0.6467
Epoch 399 starts
Iter 10 of 338 Loss: 0.597972, L1(Flow): 0.550532, Reg: 0.047441
Iter 20 of 338 Loss: 0.566883, L1(Flow): 0.515668, Reg: 0.051215
Iter 30 of 338 Loss: 0.597073, L1(Flow): 0.544154, Reg: 0.052919
Iter 40 of 338 Loss: 0.579778, L1(Flow): 0.530524, Reg: 0.049254
Iter 50 of 338 Loss: 0.607030, L1(Flow): 0.555741, Reg: 0.051289
Iter 60 of 338 Loss: 0.613770, L1(Flow): 0.558667, Reg: 0.055104
Iter 70 of 338 Loss: 0.599048, L1(Flow): 0.548680, Reg: 0.050368
Iter 80 of 338 Loss: 0.567759, L1(Flow): 0.520026, Reg: 0.047733
Iter 90 of 338 Loss: 0.583381, L1(Flow): 0.533438, Reg: 0.049943
Iter 100 of 338 Loss: 0.627963, L1(Flow): 0.571978, Reg: 0.055984
Iter 110 of 338 Loss: 0.591783, L1(Flow): 0.541038, Reg: 0.050744
Iter 120 of 338 Loss: 0.615285, L1(Flow): 0.563373, Reg: 0.051912
Iter 130 of 338 Loss: 0.605889, L1(Flow): 0.550873, Reg: 0.055016
Iter 140 of 338 Loss: 0.568350, L1(Flow): 0.522649, Reg: 0.045701
Iter 150 of 338 Loss: 0.655777, L1(Flow): 0.598401, Reg: 0.057376
Iter 160 of 338 Loss: 0.625109, L1(Flow): 0.571297, Reg: 0.053813
Iter 170 of 338 Loss: 0.601655, L1(Flow): 0.547461, Reg: 0.054194
Iter 180 of 338 Loss: 0.574687, L1(Flow): 0.525704, Reg: 0.048983
Iter 190 of 338 Loss: 0.587151, L1(Flow): 0.536672, Reg: 0.050479
Iter 200 of 338 Loss: 0.573978, L1(Flow): 0.523811, Reg: 0.050167
Iter 210 of 338 Loss: 0.605087, L1(Flow): 0.550730, Reg: 0.054357
Iter 220 of 338 Loss: 0.604690, L1(Flow): 0.553906, Reg: 0.050785
Iter 230 of 338 Loss: 0.622561, L1(Flow): 0.565709, Reg: 0.056852
Iter 240 of 338 Loss: 0.596492, L1(Flow): 0.542610, Reg: 0.053883
Iter 250 of 338 Loss: 0.601160, L1(Flow): 0.548173, Reg: 0.052988
Iter 260 of 338 Loss: 0.609581, L1(Flow): 0.556800, Reg: 0.052780
Iter 270 of 338 Loss: 0.620968, L1(Flow): 0.567046, Reg: 0.053922
Iter 280 of 338 Loss: 0.639536, L1(Flow): 0.583944, Reg: 0.055592
Iter 290 of 338 Loss: 0.623830, L1(Flow): 0.574034, Reg: 0.049796
Iter 300 of 338 Loss: 0.585365, L1(Flow): 0.534013, Reg: 0.051352
Iter 310 of 338 Loss: 0.613997, L1(Flow): 0.564389, Reg: 0.049609
Iter 320 of 338 Loss: 0.627735, L1(Flow): 0.569117, Reg: 0.058617
Iter 330 of 338 Loss: 0.606243, L1(Flow): 0.550825, Reg: 0.055418
Epoch 399 Loss: 0.602434
Epoch 399 Validation: Mean EPE: 2.7589, Mean SSIM: 0.4029, Mean ZNCC: 0.6468
