nohup: 忽略输入
/data2/xujr/conda-envs/transmorph/lib/python3.10/site-packages/timm/models/layers/__init__.py:49: FutureWarning: Importing from timm.models.layers is deprecated, please import via timm.layers
  warnings.warn(f"Importing from {__name__} is deprecated, please import via timm.layers", FutureWarning)
Diffeomorphic integration enabled: True
/data2/xujr/conda-envs/transmorph/lib/python3.10/site-packages/torch/functional.py:505: UserWarning: torch.meshgrid: in an upcoming release, it will be required to pass the indexing argument. (Triggered internally at /pytorch/aten/src/ATen/native/TensorShape.cpp:4317.)
  return _VF.meshgrid(tensors, **kwargs)  # type: ignore[attr-defined]
2 GPUs used
Epoch 0 starts
Iter 10 of 180 Loss: 4.401232, L1(Flow): 4.401228, Reg: 0.000004
Iter 20 of 180 Loss: 4.449606, L1(Flow): 4.449565, Reg: 0.000041
Iter 30 of 180 Loss: 4.549695, L1(Flow): 4.549508, Reg: 0.000187
Iter 40 of 180 Loss: 4.653065, L1(Flow): 4.652650, Reg: 0.000415
Iter 50 of 180 Loss: 4.555452, L1(Flow): 4.554495, Reg: 0.000957
Iter 60 of 180 Loss: 4.624723, L1(Flow): 4.622982, Reg: 0.001741
Iter 70 of 180 Loss: 4.569506, L1(Flow): 4.566913, Reg: 0.002593
Iter 80 of 180 Loss: 3.979614, L1(Flow): 3.975757, Reg: 0.003857
Iter 90 of 180 Loss: 4.392625, L1(Flow): 4.387477, Reg: 0.005149
Iter 100 of 180 Loss: 4.564349, L1(Flow): 4.557927, Reg: 0.006422
Iter 110 of 180 Loss: 4.241396, L1(Flow): 4.235477, Reg: 0.005919
Iter 120 of 180 Loss: 4.265111, L1(Flow): 4.254770, Reg: 0.010341
Iter 130 of 180 Loss: 4.262898, L1(Flow): 4.251921, Reg: 0.010977
Iter 140 of 180 Loss: 4.300016, L1(Flow): 4.287822, Reg: 0.012194
Iter 150 of 180 Loss: 4.462388, L1(Flow): 4.450258, Reg: 0.012130
Iter 160 of 180 Loss: 4.363833, L1(Flow): 4.352092, Reg: 0.011741
Iter 170 of 180 Loss: 4.235998, L1(Flow): 4.221597, Reg: 0.014401
Iter 180 of 180 Loss: 3.914310, L1(Flow): 3.895320, Reg: 0.018991
Epoch 0 Loss: 4.424393
Epoch 0 Validation: Mean EPE: 6.6829, Mean SSIM: 0.4890, Mean ZNCC: 0.7743
--> Saved to Top 5 best models (EPE: 6.6829)
--> New absolute BEST model updated with EPE: 6.6829
Epoch 1 starts
Iter 10 of 180 Loss: 4.404116, L1(Flow): 4.388695, Reg: 0.015421
Iter 20 of 180 Loss: 3.981422, L1(Flow): 3.964591, Reg: 0.016832
Iter 30 of 180 Loss: 4.728995, L1(Flow): 4.713308, Reg: 0.015687
Iter 40 of 180 Loss: 4.045974, L1(Flow): 4.025869, Reg: 0.020105
Iter 50 of 180 Loss: 4.370055, L1(Flow): 4.353088, Reg: 0.016967
Iter 60 of 180 Loss: 4.006658, L1(Flow): 3.981125, Reg: 0.025533
Iter 70 of 180 Loss: 3.751030, L1(Flow): 3.731087, Reg: 0.019943
Iter 80 of 180 Loss: 4.143142, L1(Flow): 4.122692, Reg: 0.020450
Iter 90 of 180 Loss: 4.354961, L1(Flow): 4.328629, Reg: 0.026333
Iter 100 of 180 Loss: 4.183793, L1(Flow): 4.160524, Reg: 0.023268
Iter 110 of 180 Loss: 4.164896, L1(Flow): 4.142007, Reg: 0.022888
Iter 120 of 180 Loss: 4.115292, L1(Flow): 4.091331, Reg: 0.023962
Iter 130 of 180 Loss: 4.043989, L1(Flow): 4.017663, Reg: 0.026326
Iter 140 of 180 Loss: 4.441072, L1(Flow): 4.413090, Reg: 0.027982
Iter 150 of 180 Loss: 3.840019, L1(Flow): 3.816181, Reg: 0.023838
Iter 160 of 180 Loss: 4.079085, L1(Flow): 4.053177, Reg: 0.025908
Iter 170 of 180 Loss: 4.039745, L1(Flow): 4.013819, Reg: 0.025926
Iter 180 of 180 Loss: 4.485882, L1(Flow): 4.460945, Reg: 0.024937
Epoch 1 Loss: 4.091350
Epoch 1 Validation: Mean EPE: 6.1725, Mean SSIM: 0.5149, Mean ZNCC: 0.7875
--> Saved to Top 5 best models (EPE: 6.1725)
--> New absolute BEST model updated with EPE: 6.1725
Epoch 2 starts
Iter 10 of 180 Loss: 3.706844, L1(Flow): 3.677637, Reg: 0.029208
Iter 20 of 180 Loss: 3.846112, L1(Flow): 3.821753, Reg: 0.024359
Iter 30 of 180 Loss: 4.121625, L1(Flow): 4.094250, Reg: 0.027375
Iter 40 of 180 Loss: 3.635872, L1(Flow): 3.608230, Reg: 0.027642
Iter 50 of 180 Loss: 3.785604, L1(Flow): 3.756931, Reg: 0.028673
Iter 60 of 180 Loss: 3.659063, L1(Flow): 3.627429, Reg: 0.031633
Iter 70 of 180 Loss: 3.937507, L1(Flow): 3.905659, Reg: 0.031848
Iter 80 of 180 Loss: 3.908928, L1(Flow): 3.878558, Reg: 0.030369
Iter 90 of 180 Loss: 3.791952, L1(Flow): 3.759631, Reg: 0.032321
Iter 100 of 180 Loss: 4.235463, L1(Flow): 4.202640, Reg: 0.032823
Iter 110 of 180 Loss: 3.689088, L1(Flow): 3.654642, Reg: 0.034446
Iter 120 of 180 Loss: 3.454705, L1(Flow): 3.420145, Reg: 0.034560
Iter 130 of 180 Loss: 3.729692, L1(Flow): 3.697581, Reg: 0.032111
Iter 140 of 180 Loss: 3.313570, L1(Flow): 3.279399, Reg: 0.034171
Iter 150 of 180 Loss: 3.687013, L1(Flow): 3.649675, Reg: 0.037338
Iter 160 of 180 Loss: 3.674317, L1(Flow): 3.639086, Reg: 0.035231
Iter 170 of 180 Loss: 3.632063, L1(Flow): 3.596396, Reg: 0.035667
Iter 180 of 180 Loss: 3.525974, L1(Flow): 3.486194, Reg: 0.039779
Epoch 2 Loss: 3.761738
Epoch 2 Validation: Mean EPE: 5.6463, Mean SSIM: 0.5419, Mean ZNCC: 0.8060
--> Saved to Top 5 best models (EPE: 5.6463)
--> New absolute BEST model updated with EPE: 5.6463
Epoch 3 starts
Iter 10 of 180 Loss: 3.293548, L1(Flow): 3.254838, Reg: 0.038710
Iter 20 of 180 Loss: 3.855943, L1(Flow): 3.817363, Reg: 0.038580
Iter 30 of 180 Loss: 3.667640, L1(Flow): 3.630805, Reg: 0.036835
Iter 40 of 180 Loss: 3.573700, L1(Flow): 3.533441, Reg: 0.040259
Iter 50 of 180 Loss: 3.389788, L1(Flow): 3.351396, Reg: 0.038392
Iter 60 of 180 Loss: 3.308981, L1(Flow): 3.269036, Reg: 0.039946
Iter 70 of 180 Loss: 3.406495, L1(Flow): 3.361085, Reg: 0.045410
Iter 80 of 180 Loss: 3.628564, L1(Flow): 3.588377, Reg: 0.040187
Iter 90 of 180 Loss: 3.373383, L1(Flow): 3.329420, Reg: 0.043963
Iter 100 of 180 Loss: 3.551766, L1(Flow): 3.510157, Reg: 0.041608
Iter 110 of 180 Loss: 3.031365, L1(Flow): 2.985566, Reg: 0.045799
Iter 120 of 180 Loss: 3.200974, L1(Flow): 3.155609, Reg: 0.045365
Iter 130 of 180 Loss: 3.278906, L1(Flow): 3.232343, Reg: 0.046563
Iter 140 of 180 Loss: 3.242609, L1(Flow): 3.197489, Reg: 0.045120
Iter 150 of 180 Loss: 3.093068, L1(Flow): 3.047320, Reg: 0.045748
Iter 160 of 180 Loss: 3.334539, L1(Flow): 3.287998, Reg: 0.046541
Iter 170 of 180 Loss: 3.216467, L1(Flow): 3.167444, Reg: 0.049023
Iter 180 of 180 Loss: 2.842736, L1(Flow): 2.796242, Reg: 0.046494
Epoch 3 Loss: 3.448321
Epoch 3 Validation: Mean EPE: 5.1922, Mean SSIM: 0.5618, Mean ZNCC: 0.8195
--> Saved to Top 5 best models (EPE: 5.1922)
--> New absolute BEST model updated with EPE: 5.1922
Epoch 4 starts
Iter 10 of 180 Loss: 3.223325, L1(Flow): 3.175718, Reg: 0.047607
Iter 20 of 180 Loss: 3.384371, L1(Flow): 3.332104, Reg: 0.052266
Iter 30 of 180 Loss: 3.069440, L1(Flow): 3.018479, Reg: 0.050961
Iter 40 of 180 Loss: 3.118322, L1(Flow): 3.063224, Reg: 0.055099
Iter 50 of 180 Loss: 2.887717, L1(Flow): 2.837981, Reg: 0.049737
Iter 60 of 180 Loss: 3.066348, L1(Flow): 3.013162, Reg: 0.053186
Iter 70 of 180 Loss: 3.089500, L1(Flow): 3.038219, Reg: 0.051281
Iter 80 of 180 Loss: 3.015070, L1(Flow): 2.962854, Reg: 0.052216
Iter 90 of 180 Loss: 3.256464, L1(Flow): 3.195918, Reg: 0.060546
Iter 100 of 180 Loss: 3.343882, L1(Flow): 3.289103, Reg: 0.054778
Iter 110 of 180 Loss: 3.134885, L1(Flow): 3.079302, Reg: 0.055583
Iter 120 of 180 Loss: 3.018567, L1(Flow): 2.959708, Reg: 0.058859
Iter 130 of 180 Loss: 3.273674, L1(Flow): 3.217069, Reg: 0.056605
Iter 140 of 180 Loss: 3.220077, L1(Flow): 3.161566, Reg: 0.058510
Iter 150 of 180 Loss: 2.806229, L1(Flow): 2.750995, Reg: 0.055235
Iter 160 of 180 Loss: 2.825678, L1(Flow): 2.768865, Reg: 0.056813
Iter 170 of 180 Loss: 3.055440, L1(Flow): 2.996005, Reg: 0.059435
Iter 180 of 180 Loss: 2.573517, L1(Flow): 2.515726, Reg: 0.057792
Epoch 4 Loss: 3.168792
Epoch 4 Validation: Mean EPE: 4.7878, Mean SSIM: 0.5797, Mean ZNCC: 0.8312
--> Saved to Top 5 best models (EPE: 4.7878)
--> New absolute BEST model updated with EPE: 4.7878
Epoch 5 starts
Iter 10 of 180 Loss: 3.015023, L1(Flow): 2.955120, Reg: 0.059903
Iter 20 of 180 Loss: 2.766594, L1(Flow): 2.704817, Reg: 0.061777
Iter 30 of 180 Loss: 2.928811, L1(Flow): 2.865148, Reg: 0.063662
Iter 40 of 180 Loss: 3.078139, L1(Flow): 3.016850, Reg: 0.061289
Iter 50 of 180 Loss: 2.835275, L1(Flow): 2.774107, Reg: 0.061169
Iter 60 of 180 Loss: 2.785807, L1(Flow): 2.726365, Reg: 0.059443
Iter 70 of 180 Loss: 2.866742, L1(Flow): 2.801588, Reg: 0.065154
Iter 80 of 180 Loss: 2.657020, L1(Flow): 2.594500, Reg: 0.062520
Iter 90 of 180 Loss: 2.896639, L1(Flow): 2.831477, Reg: 0.065162
Iter 100 of 180 Loss: 3.098425, L1(Flow): 3.033303, Reg: 0.065122
Iter 110 of 180 Loss: 2.978849, L1(Flow): 2.913055, Reg: 0.065794
Iter 120 of 180 Loss: 2.708473, L1(Flow): 2.646037, Reg: 0.062437
Iter 130 of 180 Loss: 3.228514, L1(Flow): 3.164293, Reg: 0.064221
Iter 140 of 180 Loss: 2.878959, L1(Flow): 2.811518, Reg: 0.067441
Iter 150 of 180 Loss: 2.671273, L1(Flow): 2.606939, Reg: 0.064334
Iter 160 of 180 Loss: 2.661471, L1(Flow): 2.594528, Reg: 0.066943
Iter 170 of 180 Loss: 2.642576, L1(Flow): 2.578814, Reg: 0.063762
Iter 180 of 180 Loss: 2.740294, L1(Flow): 2.672948, Reg: 0.067347
Epoch 5 Loss: 2.937249
Epoch 5 Validation: Mean EPE: 4.4304, Mean SSIM: 0.5900, Mean ZNCC: 0.8421
--> Saved to Top 5 best models (EPE: 4.4304)
--> New absolute BEST model updated with EPE: 4.4304
Epoch 6 starts
Iter 10 of 180 Loss: 3.014949, L1(Flow): 2.940711, Reg: 0.074238
Iter 20 of 180 Loss: 2.689219, L1(Flow): 2.620260, Reg: 0.068959
Iter 30 of 180 Loss: 2.750478, L1(Flow): 2.681650, Reg: 0.068828
Iter 40 of 180 Loss: 2.573590, L1(Flow): 2.507787, Reg: 0.065803
Iter 50 of 180 Loss: 2.963435, L1(Flow): 2.890895, Reg: 0.072540
Iter 60 of 180 Loss: 3.291414, L1(Flow): 3.218037, Reg: 0.073377
Iter 70 of 180 Loss: 2.656195, L1(Flow): 2.584772, Reg: 0.071423
Iter 80 of 180 Loss: 2.570155, L1(Flow): 2.497375, Reg: 0.072781
Iter 90 of 180 Loss: 2.653926, L1(Flow): 2.580853, Reg: 0.073073
Iter 100 of 180 Loss: 2.730025, L1(Flow): 2.657098, Reg: 0.072927
Iter 110 of 180 Loss: 2.860512, L1(Flow): 2.783845, Reg: 0.076667
Iter 120 of 180 Loss: 2.625834, L1(Flow): 2.553478, Reg: 0.072355
Iter 130 of 180 Loss: 2.942337, L1(Flow): 2.865608, Reg: 0.076730
Iter 140 of 180 Loss: 2.497509, L1(Flow): 2.424657, Reg: 0.072852
Iter 150 of 180 Loss: 2.489980, L1(Flow): 2.415630, Reg: 0.074350
Iter 160 of 180 Loss: 2.765481, L1(Flow): 2.683532, Reg: 0.081949
Iter 170 of 180 Loss: 2.567162, L1(Flow): 2.490236, Reg: 0.076926
Iter 180 of 180 Loss: 2.560064, L1(Flow): 2.487107, Reg: 0.072958
Epoch 6 Loss: 2.712403
Epoch 6 Validation: Mean EPE: 4.0591, Mean SSIM: 0.6135, Mean ZNCC: 0.8576
--> Saved to Top 5 best models (EPE: 4.0591)
--> New absolute BEST model updated with EPE: 4.0591
Epoch 7 starts
Iter 10 of 180 Loss: 2.531414, L1(Flow): 2.453512, Reg: 0.077902
Iter 20 of 180 Loss: 2.234243, L1(Flow): 2.161990, Reg: 0.072253
Iter 30 of 180 Loss: 2.474716, L1(Flow): 2.394201, Reg: 0.080516
Iter 40 of 180 Loss: 2.550283, L1(Flow): 2.469310, Reg: 0.080973
Iter 50 of 180 Loss: 2.584915, L1(Flow): 2.505727, Reg: 0.079188
Iter 60 of 180 Loss: 2.661808, L1(Flow): 2.578617, Reg: 0.083192
Iter 70 of 180 Loss: 2.470144, L1(Flow): 2.389673, Reg: 0.080471
Iter 80 of 180 Loss: 2.371913, L1(Flow): 2.291981, Reg: 0.079933
Iter 90 of 180 Loss: 2.500265, L1(Flow): 2.417305, Reg: 0.082960
Iter 100 of 180 Loss: 2.575088, L1(Flow): 2.495414, Reg: 0.079674
Iter 110 of 180 Loss: 2.629400, L1(Flow): 2.549194, Reg: 0.080207
Iter 120 of 180 Loss: 2.397996, L1(Flow): 2.316490, Reg: 0.081506
Iter 130 of 180 Loss: 2.672469, L1(Flow): 2.587568, Reg: 0.084901
Iter 140 of 180 Loss: 2.392378, L1(Flow): 2.309695, Reg: 0.082683
Iter 150 of 180 Loss: 2.176555, L1(Flow): 2.095387, Reg: 0.081168
Iter 160 of 180 Loss: 2.464236, L1(Flow): 2.380966, Reg: 0.083270
Iter 170 of 180 Loss: 2.352846, L1(Flow): 2.268987, Reg: 0.083859
Iter 180 of 180 Loss: 2.366729, L1(Flow): 2.281069, Reg: 0.085660
Epoch 7 Loss: 2.508379
Epoch 7 Validation: Mean EPE: 3.7595, Mean SSIM: 0.6275, Mean ZNCC: 0.8666
--> Saved to Top 5 best models (EPE: 3.7595)
--> New absolute BEST model updated with EPE: 3.7595
Epoch 8 starts
Iter 10 of 180 Loss: 2.458368, L1(Flow): 2.375901, Reg: 0.082467
Iter 20 of 180 Loss: 2.446739, L1(Flow): 2.362580, Reg: 0.084159
Iter 30 of 180 Loss: 2.203301, L1(Flow): 2.120356, Reg: 0.082944
Iter 40 of 180 Loss: 2.423990, L1(Flow): 2.344470, Reg: 0.079520
Iter 50 of 180 Loss: 2.299903, L1(Flow): 2.214279, Reg: 0.085624
Iter 60 of 180 Loss: 2.377326, L1(Flow): 2.290345, Reg: 0.086981
Iter 70 of 180 Loss: 2.508644, L1(Flow): 2.417068, Reg: 0.091575
Iter 80 of 180 Loss: 2.080334, L1(Flow): 1.996110, Reg: 0.084224
Iter 90 of 180 Loss: 2.576065, L1(Flow): 2.484883, Reg: 0.091182
Iter 100 of 180 Loss: 2.351660, L1(Flow): 2.258436, Reg: 0.093224
Iter 110 of 180 Loss: 2.284938, L1(Flow): 2.206571, Reg: 0.078367
Iter 120 of 180 Loss: 2.331770, L1(Flow): 2.248451, Reg: 0.083320
Iter 130 of 180 Loss: 2.324366, L1(Flow): 2.238658, Reg: 0.085708
Iter 140 of 180 Loss: 2.404503, L1(Flow): 2.314390, Reg: 0.090113
Iter 150 of 180 Loss: 2.261740, L1(Flow): 2.170293, Reg: 0.091447
Iter 160 of 180 Loss: 2.084779, L1(Flow): 2.003058, Reg: 0.081721
Iter 170 of 180 Loss: 2.046970, L1(Flow): 1.956818, Reg: 0.090153
Iter 180 of 180 Loss: 2.603247, L1(Flow): 2.520252, Reg: 0.082995
Epoch 8 Loss: 2.328124
Epoch 8 Validation: Mean EPE: 3.4551, Mean SSIM: 0.6394, Mean ZNCC: 0.8745
--> Saved to Top 5 best models (EPE: 3.4551)
--> New absolute BEST model updated with EPE: 3.4551
Epoch 9 starts
Iter 10 of 180 Loss: 2.414622, L1(Flow): 2.330067, Reg: 0.084554
Iter 20 of 180 Loss: 2.283060, L1(Flow): 2.197930, Reg: 0.085130
Iter 30 of 180 Loss: 2.191696, L1(Flow): 2.099282, Reg: 0.092415
Iter 40 of 180 Loss: 2.251476, L1(Flow): 2.164190, Reg: 0.087285
Iter 50 of 180 Loss: 2.372379, L1(Flow): 2.279149, Reg: 0.093230
Iter 60 of 180 Loss: 2.201147, L1(Flow): 2.106663, Reg: 0.094485
Iter 70 of 180 Loss: 2.001717, L1(Flow): 1.908018, Reg: 0.093699
Iter 80 of 180 Loss: 2.047336, L1(Flow): 1.956829, Reg: 0.090507
Iter 90 of 180 Loss: 2.259221, L1(Flow): 2.170187, Reg: 0.089033
Iter 100 of 180 Loss: 2.345226, L1(Flow): 2.256295, Reg: 0.088931
Iter 110 of 180 Loss: 1.957390, L1(Flow): 1.866388, Reg: 0.091002
Iter 120 of 180 Loss: 2.109698, L1(Flow): 2.018574, Reg: 0.091125
Iter 130 of 180 Loss: 2.070873, L1(Flow): 1.980842, Reg: 0.090031
Iter 140 of 180 Loss: 2.264209, L1(Flow): 2.178464, Reg: 0.085745
Iter 150 of 180 Loss: 1.947573, L1(Flow): 1.866660, Reg: 0.080913
Iter 160 of 180 Loss: 1.952850, L1(Flow): 1.865195, Reg: 0.087655
Iter 170 of 180 Loss: 2.252373, L1(Flow): 2.159131, Reg: 0.093241
Iter 180 of 180 Loss: 2.014995, L1(Flow): 1.917877, Reg: 0.097118
Epoch 9 Loss: 2.175390
Epoch 9 Validation: Mean EPE: 3.2456, Mean SSIM: 0.6503, Mean ZNCC: 0.8830
--> Saved to Top 5 best models (EPE: 3.2456)
--> New absolute BEST model updated with EPE: 3.2456
Epoch 10 starts
Iter 10 of 180 Loss: 2.272097, L1(Flow): 2.173848, Reg: 0.098249
Iter 20 of 180 Loss: 2.171246, L1(Flow): 2.074279, Reg: 0.096966
Iter 30 of 180 Loss: 2.069345, L1(Flow): 1.978822, Reg: 0.090522
Iter 40 of 180 Loss: 2.063533, L1(Flow): 1.968228, Reg: 0.095305
Iter 50 of 180 Loss: 2.040668, L1(Flow): 1.951950, Reg: 0.088718
Iter 60 of 180 Loss: 2.265113, L1(Flow): 2.170006, Reg: 0.095108
Iter 70 of 180 Loss: 1.829585, L1(Flow): 1.733582, Reg: 0.096003
Iter 80 of 180 Loss: 2.251753, L1(Flow): 2.148300, Reg: 0.103453
Iter 90 of 180 Loss: 2.144836, L1(Flow): 2.054038, Reg: 0.090798
Iter 100 of 180 Loss: 2.035857, L1(Flow): 1.934608, Reg: 0.101249
Iter 110 of 180 Loss: 2.081688, L1(Flow): 1.981882, Reg: 0.099806
Iter 120 of 180 Loss: 1.797924, L1(Flow): 1.713250, Reg: 0.084674
Iter 130 of 180 Loss: 1.950842, L1(Flow): 1.859063, Reg: 0.091780
Iter 140 of 180 Loss: 2.042537, L1(Flow): 1.943727, Reg: 0.098810
Iter 150 of 180 Loss: 2.037221, L1(Flow): 1.947312, Reg: 0.089909
Iter 160 of 180 Loss: 2.060903, L1(Flow): 1.962973, Reg: 0.097930
Iter 170 of 180 Loss: 1.948802, L1(Flow): 1.860318, Reg: 0.088484
Iter 180 of 180 Loss: 1.904783, L1(Flow): 1.821666, Reg: 0.083117
Epoch 10 Loss: 2.039397
Epoch 10 Validation: Mean EPE: 3.0488, Mean SSIM: 0.6588, Mean ZNCC: 0.8895
--> Saved to Top 5 best models (EPE: 3.0488)
--> New absolute BEST model updated with EPE: 3.0488
Epoch 11 starts
Iter 10 of 180 Loss: 2.092612, L1(Flow): 1.986937, Reg: 0.105676
Iter 20 of 180 Loss: 2.105402, L1(Flow): 2.007417, Reg: 0.097985
Iter 30 of 180 Loss: 2.021316, L1(Flow): 1.929770, Reg: 0.091545
Iter 40 of 180 Loss: 2.026356, L1(Flow): 1.927856, Reg: 0.098501
Iter 50 of 180 Loss: 1.848174, L1(Flow): 1.755556, Reg: 0.092618
Iter 60 of 180 Loss: 1.918172, L1(Flow): 1.818086, Reg: 0.100086
Iter 70 of 180 Loss: 2.317054, L1(Flow): 2.220635, Reg: 0.096419
Iter 80 of 180 Loss: 2.120868, L1(Flow): 2.012597, Reg: 0.108272
Iter 90 of 180 Loss: 1.827359, L1(Flow): 1.729694, Reg: 0.097664
Iter 100 of 180 Loss: 1.763038, L1(Flow): 1.670978, Reg: 0.092060
Iter 110 of 180 Loss: 1.927713, L1(Flow): 1.827320, Reg: 0.100393
Iter 120 of 180 Loss: 1.973141, L1(Flow): 1.871837, Reg: 0.101304
Iter 130 of 180 Loss: 2.169830, L1(Flow): 2.067344, Reg: 0.102486
Iter 140 of 180 Loss: 1.772692, L1(Flow): 1.682657, Reg: 0.090035
Iter 150 of 180 Loss: 1.775709, L1(Flow): 1.682111, Reg: 0.093599
Iter 160 of 180 Loss: 1.865538, L1(Flow): 1.760951, Reg: 0.104587
Iter 170 of 180 Loss: 2.093138, L1(Flow): 1.993148, Reg: 0.099990
Iter 180 of 180 Loss: 1.778279, L1(Flow): 1.674779, Reg: 0.103501
Epoch 11 Loss: 1.918784
Epoch 11 Validation: Mean EPE: 2.8435, Mean SSIM: 0.6718, Mean ZNCC: 0.8963
--> Saved to Top 5 best models (EPE: 2.8435)
--> New absolute BEST model updated with EPE: 2.8435
Epoch 12 starts
Iter 10 of 180 Loss: 1.895966, L1(Flow): 1.793916, Reg: 0.102050
Iter 20 of 180 Loss: 1.762776, L1(Flow): 1.662153, Reg: 0.100623
Iter 30 of 180 Loss: 2.079826, L1(Flow): 1.985299, Reg: 0.094526
Iter 40 of 180 Loss: 1.623718, L1(Flow): 1.538100, Reg: 0.085618
Iter 50 of 180 Loss: 1.652236, L1(Flow): 1.563335, Reg: 0.088901
Iter 60 of 180 Loss: 1.746462, L1(Flow): 1.657647, Reg: 0.088815
Iter 70 of 180 Loss: 1.742520, L1(Flow): 1.644682, Reg: 0.097838
Iter 80 of 180 Loss: 1.779765, L1(Flow): 1.678320, Reg: 0.101445
Iter 90 of 180 Loss: 1.659055, L1(Flow): 1.571675, Reg: 0.087380
Iter 100 of 180 Loss: 1.623093, L1(Flow): 1.532563, Reg: 0.090530
Iter 110 of 180 Loss: 1.463639, L1(Flow): 1.380005, Reg: 0.083634
Iter 120 of 180 Loss: 1.855737, L1(Flow): 1.751434, Reg: 0.104303
Iter 130 of 180 Loss: 1.647181, L1(Flow): 1.549610, Reg: 0.097571
Iter 140 of 180 Loss: 1.745855, L1(Flow): 1.646474, Reg: 0.099381
Iter 150 of 180 Loss: 1.658613, L1(Flow): 1.566247, Reg: 0.092367
Iter 160 of 180 Loss: 1.858761, L1(Flow): 1.768139, Reg: 0.090622
Iter 170 of 180 Loss: 2.034833, L1(Flow): 1.928232, Reg: 0.106602
Iter 180 of 180 Loss: 1.781364, L1(Flow): 1.680009, Reg: 0.101354
Epoch 12 Loss: 1.811492
Epoch 12 Validation: Mean EPE: 2.8766, Mean SSIM: 0.6731, Mean ZNCC: 0.8995
--> Saved to Top 5 best models (EPE: 2.8766)
Epoch 13 starts
Iter 10 of 180 Loss: 1.978276, L1(Flow): 1.884716, Reg: 0.093560
Iter 20 of 180 Loss: 1.876309, L1(Flow): 1.780267, Reg: 0.096042
Iter 30 of 180 Loss: 1.484051, L1(Flow): 1.390735, Reg: 0.093315
Iter 40 of 180 Loss: 1.768898, L1(Flow): 1.670000, Reg: 0.098898
Iter 50 of 180 Loss: 1.726050, L1(Flow): 1.627427, Reg: 0.098623
Iter 60 of 180 Loss: 1.843137, L1(Flow): 1.741102, Reg: 0.102035
Iter 70 of 180 Loss: 1.609441, L1(Flow): 1.517481, Reg: 0.091959
Iter 80 of 180 Loss: 1.909074, L1(Flow): 1.803228, Reg: 0.105845
Iter 90 of 180 Loss: 1.791684, L1(Flow): 1.690572, Reg: 0.101112
Iter 100 of 180 Loss: 1.649336, L1(Flow): 1.559538, Reg: 0.089798
Iter 110 of 180 Loss: 1.618165, L1(Flow): 1.528814, Reg: 0.089352
Iter 120 of 180 Loss: 1.627564, L1(Flow): 1.527681, Reg: 0.099884
Iter 130 of 180 Loss: 1.633919, L1(Flow): 1.542385, Reg: 0.091534
Iter 140 of 180 Loss: 1.689708, L1(Flow): 1.595627, Reg: 0.094081
Iter 150 of 180 Loss: 1.744980, L1(Flow): 1.644232, Reg: 0.100748
Iter 160 of 180 Loss: 1.775471, L1(Flow): 1.676537, Reg: 0.098935
Iter 170 of 180 Loss: 1.746601, L1(Flow): 1.648681, Reg: 0.097920
Iter 180 of 180 Loss: 1.563993, L1(Flow): 1.472215, Reg: 0.091779
Epoch 13 Loss: 1.729057
Epoch 13 Validation: Mean EPE: 2.5455, Mean SSIM: 0.6889, Mean ZNCC: 0.9064
--> Saved to Top 5 best models (EPE: 2.5455)
--> New absolute BEST model updated with EPE: 2.5455
Epoch 14 starts
Iter 10 of 180 Loss: 1.556993, L1(Flow): 1.460991, Reg: 0.096002
Iter 20 of 180 Loss: 1.661019, L1(Flow): 1.565742, Reg: 0.095277
Iter 30 of 180 Loss: 1.652761, L1(Flow): 1.561266, Reg: 0.091496
Iter 40 of 180 Loss: 1.642518, L1(Flow): 1.557241, Reg: 0.085277
Iter 50 of 180 Loss: 1.499563, L1(Flow): 1.408018, Reg: 0.091545
Iter 60 of 180 Loss: 1.730796, L1(Flow): 1.631463, Reg: 0.099333
Iter 70 of 180 Loss: 1.403816, L1(Flow): 1.317671, Reg: 0.086145
Iter 80 of 180 Loss: 1.529361, L1(Flow): 1.431825, Reg: 0.097536
Iter 90 of 180 Loss: 1.698380, L1(Flow): 1.601918, Reg: 0.096462
Iter 100 of 180 Loss: 1.571247, L1(Flow): 1.489011, Reg: 0.082236
Iter 110 of 180 Loss: 1.711377, L1(Flow): 1.611707, Reg: 0.099669
Iter 120 of 180 Loss: 1.800117, L1(Flow): 1.694040, Reg: 0.106078
Iter 130 of 180 Loss: 1.865473, L1(Flow): 1.762892, Reg: 0.102581
Iter 140 of 180 Loss: 1.712531, L1(Flow): 1.614462, Reg: 0.098070
Iter 150 of 180 Loss: 1.728293, L1(Flow): 1.624829, Reg: 0.103464
Iter 160 of 180 Loss: 1.626851, L1(Flow): 1.530622, Reg: 0.096230
Iter 170 of 180 Loss: 1.427509, L1(Flow): 1.344051, Reg: 0.083458
Iter 180 of 180 Loss: 1.671590, L1(Flow): 1.579388, Reg: 0.092202
Epoch 14 Loss: 1.639633
Epoch 14 Validation: Mean EPE: 2.4319, Mean SSIM: 0.6965, Mean ZNCC: 0.9104
--> Saved to Top 5 best models (EPE: 2.4319)
--> New absolute BEST model updated with EPE: 2.4319
Epoch 15 starts
Iter 10 of 180 Loss: 1.642525, L1(Flow): 1.545044, Reg: 0.097480
Iter 20 of 180 Loss: 1.771668, L1(Flow): 1.677295, Reg: 0.094374
Iter 30 of 180 Loss: 1.693520, L1(Flow): 1.604500, Reg: 0.089020
Iter 40 of 180 Loss: 1.617381, L1(Flow): 1.518018, Reg: 0.099364
Iter 50 of 180 Loss: 1.669344, L1(Flow): 1.573638, Reg: 0.095706
Iter 60 of 180 Loss: 1.712970, L1(Flow): 1.612840, Reg: 0.100130
Iter 70 of 180 Loss: 1.697852, L1(Flow): 1.598055, Reg: 0.099797
Iter 80 of 180 Loss: 1.481716, L1(Flow): 1.391820, Reg: 0.089896
Iter 90 of 180 Loss: 1.591177, L1(Flow): 1.496521, Reg: 0.094655
Iter 100 of 180 Loss: 1.523886, L1(Flow): 1.432681, Reg: 0.091204
Iter 110 of 180 Loss: 1.524800, L1(Flow): 1.429992, Reg: 0.094808
Iter 120 of 180 Loss: 1.630816, L1(Flow): 1.532535, Reg: 0.098281
Iter 130 of 180 Loss: 1.596038, L1(Flow): 1.502259, Reg: 0.093779
Iter 140 of 180 Loss: 1.605404, L1(Flow): 1.517952, Reg: 0.087452
Iter 150 of 180 Loss: 1.493019, L1(Flow): 1.401044, Reg: 0.091975
Iter 160 of 180 Loss: 1.515653, L1(Flow): 1.422994, Reg: 0.092659
Iter 170 of 180 Loss: 1.606026, L1(Flow): 1.513649, Reg: 0.092376
Iter 180 of 180 Loss: 1.449285, L1(Flow): 1.357970, Reg: 0.091314
Epoch 15 Loss: 1.559403
Epoch 15 Validation: Mean EPE: 2.3347, Mean SSIM: 0.7023, Mean ZNCC: 0.9143
--> Saved to Top 5 best models (EPE: 2.3347)
--> New absolute BEST model updated with EPE: 2.3347
Epoch 16 starts
Iter 10 of 180 Loss: 1.374029, L1(Flow): 1.281342, Reg: 0.092687
Iter 20 of 180 Loss: 1.594593, L1(Flow): 1.498492, Reg: 0.096101
Iter 30 of 180 Loss: 1.659555, L1(Flow): 1.556038, Reg: 0.103517
Iter 40 of 180 Loss: 1.437386, L1(Flow): 1.340490, Reg: 0.096896
Iter 50 of 180 Loss: 1.578457, L1(Flow): 1.476886, Reg: 0.101571
Iter 60 of 180 Loss: 1.608803, L1(Flow): 1.515370, Reg: 0.093433
Iter 70 of 180 Loss: 1.438226, L1(Flow): 1.350815, Reg: 0.087411
Iter 80 of 180 Loss: 1.531885, L1(Flow): 1.443833, Reg: 0.088052
Iter 90 of 180 Loss: 1.505909, L1(Flow): 1.414627, Reg: 0.091282
Iter 100 of 180 Loss: 1.596770, L1(Flow): 1.496938, Reg: 0.099832
Iter 110 of 180 Loss: 1.433414, L1(Flow): 1.338201, Reg: 0.095213
Iter 120 of 180 Loss: 1.393537, L1(Flow): 1.297818, Reg: 0.095719
Iter 130 of 180 Loss: 1.471084, L1(Flow): 1.375413, Reg: 0.095671
Iter 140 of 180 Loss: 1.582844, L1(Flow): 1.485688, Reg: 0.097156
Iter 150 of 180 Loss: 1.389113, L1(Flow): 1.297515, Reg: 0.091599
Iter 160 of 180 Loss: 1.481694, L1(Flow): 1.389321, Reg: 0.092373
Iter 170 of 180 Loss: 1.479706, L1(Flow): 1.385074, Reg: 0.094632
Iter 180 of 180 Loss: 1.462626, L1(Flow): 1.373550, Reg: 0.089077
Epoch 16 Loss: 1.492636
Epoch 16 Validation: Mean EPE: 2.2456, Mean SSIM: 0.7082, Mean ZNCC: 0.9176
--> Saved to Top 5 best models (EPE: 2.2456)
--> New absolute BEST model updated with EPE: 2.2456
Epoch 17 starts
Iter 10 of 180 Loss: 1.417981, L1(Flow): 1.317495, Reg: 0.100485
Iter 20 of 180 Loss: 1.292966, L1(Flow): 1.207230, Reg: 0.085736
Iter 30 of 180 Loss: 1.397920, L1(Flow): 1.304576, Reg: 0.093344
Iter 40 of 180 Loss: 1.438536, L1(Flow): 1.342228, Reg: 0.096308
Iter 50 of 180 Loss: 1.288455, L1(Flow): 1.201038, Reg: 0.087418
Iter 60 of 180 Loss: 1.396982, L1(Flow): 1.305203, Reg: 0.091779
Iter 70 of 180 Loss: 1.323745, L1(Flow): 1.235375, Reg: 0.088370
Iter 80 of 180 Loss: 1.348709, L1(Flow): 1.258068, Reg: 0.090641
Iter 90 of 180 Loss: 1.738385, L1(Flow): 1.632395, Reg: 0.105990
Iter 100 of 180 Loss: 1.444169, L1(Flow): 1.351413, Reg: 0.092756
Iter 110 of 180 Loss: 1.395234, L1(Flow): 1.306663, Reg: 0.088571
Iter 120 of 180 Loss: 1.394455, L1(Flow): 1.302076, Reg: 0.092379
Iter 130 of 180 Loss: 1.506340, L1(Flow): 1.417548, Reg: 0.088792
Iter 140 of 180 Loss: 1.310463, L1(Flow): 1.220502, Reg: 0.089962
Iter 150 of 180 Loss: 1.368610, L1(Flow): 1.280927, Reg: 0.087683
Iter 160 of 180 Loss: 1.346920, L1(Flow): 1.263003, Reg: 0.083917
Iter 170 of 180 Loss: 1.433552, L1(Flow): 1.341731, Reg: 0.091822
Iter 180 of 180 Loss: 1.183271, L1(Flow): 1.093804, Reg: 0.089467
Epoch 17 Loss: 1.434605
Epoch 17 Validation: Mean EPE: 2.1960, Mean SSIM: 0.7071, Mean ZNCC: 0.9192
--> Saved to Top 5 best models (EPE: 2.1960)
--> New absolute BEST model updated with EPE: 2.1960
Epoch 18 starts
Iter 10 of 180 Loss: 1.391910, L1(Flow): 1.294677, Reg: 0.097233
Iter 20 of 180 Loss: 1.294359, L1(Flow): 1.207551, Reg: 0.086807
Iter 30 of 180 Loss: 1.557318, L1(Flow): 1.458115, Reg: 0.099203
Iter 40 of 180 Loss: 1.292723, L1(Flow): 1.205308, Reg: 0.087415
Iter 50 of 180 Loss: 1.438807, L1(Flow): 1.343221, Reg: 0.095586
Iter 60 of 180 Loss: 1.417500, L1(Flow): 1.324836, Reg: 0.092664
Iter 70 of 180 Loss: 1.373680, L1(Flow): 1.273766, Reg: 0.099915
Iter 80 of 180 Loss: 1.456724, L1(Flow): 1.374971, Reg: 0.081754
Iter 90 of 180 Loss: 1.393140, L1(Flow): 1.306691, Reg: 0.086449
Iter 100 of 180 Loss: 1.284594, L1(Flow): 1.199573, Reg: 0.085021
Iter 110 of 180 Loss: 1.477860, L1(Flow): 1.378596, Reg: 0.099264
Iter 120 of 180 Loss: 1.333253, L1(Flow): 1.248559, Reg: 0.084694
Iter 130 of 180 Loss: 1.478508, L1(Flow): 1.382033, Reg: 0.096475
Iter 140 of 180 Loss: 1.384045, L1(Flow): 1.289753, Reg: 0.094292
Iter 150 of 180 Loss: 1.292442, L1(Flow): 1.204238, Reg: 0.088204
Iter 160 of 180 Loss: 1.195482, L1(Flow): 1.116115, Reg: 0.079368
Iter 170 of 180 Loss: 1.350610, L1(Flow): 1.260289, Reg: 0.090321
Iter 180 of 180 Loss: 1.465681, L1(Flow): 1.371212, Reg: 0.094470
Epoch 18 Loss: 1.393401
Epoch 18 Validation: Mean EPE: 2.0867, Mean SSIM: 0.7170, Mean ZNCC: 0.9224
--> Saved to Top 5 best models (EPE: 2.0867)
--> New absolute BEST model updated with EPE: 2.0867
Epoch 19 starts
Iter 10 of 180 Loss: 1.354887, L1(Flow): 1.262321, Reg: 0.092566
Iter 20 of 180 Loss: 1.236130, L1(Flow): 1.153246, Reg: 0.082883
Iter 30 of 180 Loss: 1.405808, L1(Flow): 1.310405, Reg: 0.095402
Iter 40 of 180 Loss: 1.445399, L1(Flow): 1.353083, Reg: 0.092315
Iter 50 of 180 Loss: 1.383427, L1(Flow): 1.293010, Reg: 0.090417
Iter 60 of 180 Loss: 1.297452, L1(Flow): 1.211234, Reg: 0.086218
Iter 70 of 180 Loss: 1.180633, L1(Flow): 1.098415, Reg: 0.082218
Iter 80 of 180 Loss: 1.316543, L1(Flow): 1.231395, Reg: 0.085148
Iter 90 of 180 Loss: 1.500178, L1(Flow): 1.395196, Reg: 0.104981
Iter 100 of 180 Loss: 1.458632, L1(Flow): 1.362090, Reg: 0.096542
Iter 110 of 180 Loss: 1.351687, L1(Flow): 1.254034, Reg: 0.097652
Iter 120 of 180 Loss: 1.352843, L1(Flow): 1.261270, Reg: 0.091573
Iter 130 of 180 Loss: 1.354201, L1(Flow): 1.264176, Reg: 0.090025
Iter 140 of 180 Loss: 1.283228, L1(Flow): 1.191262, Reg: 0.091967
Iter 150 of 180 Loss: 1.359356, L1(Flow): 1.271812, Reg: 0.087544
Iter 160 of 180 Loss: 1.266961, L1(Flow): 1.179530, Reg: 0.087432
Iter 170 of 180 Loss: 1.326290, L1(Flow): 1.236611, Reg: 0.089679
Iter 180 of 180 Loss: 1.532392, L1(Flow): 1.432117, Reg: 0.100276
Epoch 19 Loss: 1.331390
Epoch 19 Validation: Mean EPE: 2.0411, Mean SSIM: 0.7235, Mean ZNCC: 0.9262
--> Saved to Top 5 best models (EPE: 2.0411)
--> New absolute BEST model updated with EPE: 2.0411
Epoch 20 starts
Iter 10 of 180 Loss: 1.272380, L1(Flow): 1.183540, Reg: 0.088840
Iter 20 of 180 Loss: 1.448154, L1(Flow): 1.339674, Reg: 0.108480
Iter 30 of 180 Loss: 1.278771, L1(Flow): 1.198204, Reg: 0.080567
Iter 40 of 180 Loss: 1.279758, L1(Flow): 1.193428, Reg: 0.086330
Iter 50 of 180 Loss: 1.362931, L1(Flow): 1.269799, Reg: 0.093132
Iter 60 of 180 Loss: 1.258315, L1(Flow): 1.170250, Reg: 0.088065
Iter 70 of 180 Loss: 1.286240, L1(Flow): 1.194535, Reg: 0.091704
Iter 80 of 180 Loss: 1.332126, L1(Flow): 1.238790, Reg: 0.093336
Iter 90 of 180 Loss: 1.243105, L1(Flow): 1.164451, Reg: 0.078654
Iter 100 of 180 Loss: 1.368267, L1(Flow): 1.272707, Reg: 0.095560
Iter 110 of 180 Loss: 1.333762, L1(Flow): 1.246133, Reg: 0.087628
Iter 120 of 180 Loss: 1.324354, L1(Flow): 1.230745, Reg: 0.093609
Iter 130 of 180 Loss: 1.180833, L1(Flow): 1.090262, Reg: 0.090571
Iter 140 of 180 Loss: 1.301584, L1(Flow): 1.208441, Reg: 0.093143
Iter 150 of 180 Loss: 1.299883, L1(Flow): 1.209090, Reg: 0.090793
Iter 160 of 180 Loss: 1.297513, L1(Flow): 1.208172, Reg: 0.089341
Iter 170 of 180 Loss: 1.254929, L1(Flow): 1.164460, Reg: 0.090469
Iter 180 of 180 Loss: 1.209583, L1(Flow): 1.117149, Reg: 0.092433
Epoch 20 Loss: 1.291659
Epoch 20 Validation: Mean EPE: 1.9485, Mean SSIM: 0.7287, Mean ZNCC: 0.9275
--> Saved to Top 5 best models (EPE: 1.9485)
--> New absolute BEST model updated with EPE: 1.9485
Epoch 21 starts
Iter 10 of 180 Loss: 1.190848, L1(Flow): 1.109807, Reg: 0.081041
Iter 20 of 180 Loss: 1.153136, L1(Flow): 1.075067, Reg: 0.078069
Iter 30 of 180 Loss: 1.269008, L1(Flow): 1.178307, Reg: 0.090701
Iter 40 of 180 Loss: 1.198089, L1(Flow): 1.109254, Reg: 0.088834
Iter 50 of 180 Loss: 1.411516, L1(Flow): 1.305538, Reg: 0.105979
Iter 60 of 180 Loss: 1.268976, L1(Flow): 1.182786, Reg: 0.086190
Iter 70 of 180 Loss: 1.112506, L1(Flow): 1.022565, Reg: 0.089940
Iter 80 of 180 Loss: 1.122468, L1(Flow): 1.040448, Reg: 0.082020
Iter 90 of 180 Loss: 1.261438, L1(Flow): 1.172565, Reg: 0.088872
Iter 100 of 180 Loss: 1.242229, L1(Flow): 1.156844, Reg: 0.085385
Iter 110 of 180 Loss: 1.224324, L1(Flow): 1.137984, Reg: 0.086340
Iter 120 of 180 Loss: 1.340432, L1(Flow): 1.243363, Reg: 0.097069
Iter 130 of 180 Loss: 1.255052, L1(Flow): 1.164834, Reg: 0.090218
Iter 140 of 180 Loss: 1.241894, L1(Flow): 1.149183, Reg: 0.092711
Iter 150 of 180 Loss: 1.373420, L1(Flow): 1.275342, Reg: 0.098078
Iter 160 of 180 Loss: 1.171553, L1(Flow): 1.092591, Reg: 0.078962
Iter 170 of 180 Loss: 1.265465, L1(Flow): 1.179888, Reg: 0.085577
Iter 180 of 180 Loss: 1.285809, L1(Flow): 1.192317, Reg: 0.093492
Epoch 21 Loss: 1.256244
Epoch 21 Validation: Mean EPE: 1.9022, Mean SSIM: 0.7330, Mean ZNCC: 0.9309
--> Saved to Top 5 best models (EPE: 1.9022)
--> New absolute BEST model updated with EPE: 1.9022
Epoch 22 starts
Iter 10 of 180 Loss: 1.259574, L1(Flow): 1.171231, Reg: 0.088343
Iter 20 of 180 Loss: 1.239314, L1(Flow): 1.152121, Reg: 0.087193
Iter 30 of 180 Loss: 1.208845, L1(Flow): 1.118783, Reg: 0.090062
Iter 40 of 180 Loss: 1.391848, L1(Flow): 1.295136, Reg: 0.096712
Iter 50 of 180 Loss: 1.044144, L1(Flow): 0.964087, Reg: 0.080057
Iter 60 of 180 Loss: 1.267874, L1(Flow): 1.175387, Reg: 0.092487
Iter 70 of 180 Loss: 1.156449, L1(Flow): 1.066428, Reg: 0.090021
Iter 80 of 180 Loss: 1.082183, L1(Flow): 0.998861, Reg: 0.083322
Iter 90 of 180 Loss: 1.134300, L1(Flow): 1.052598, Reg: 0.081703
Iter 100 of 180 Loss: 1.142417, L1(Flow): 1.061009, Reg: 0.081408
Iter 110 of 180 Loss: 1.170166, L1(Flow): 1.084681, Reg: 0.085486
Iter 120 of 180 Loss: 1.149168, L1(Flow): 1.069069, Reg: 0.080099
Iter 130 of 180 Loss: 1.276701, L1(Flow): 1.185349, Reg: 0.091352
Iter 140 of 180 Loss: 1.208991, L1(Flow): 1.123963, Reg: 0.085028
Iter 150 of 180 Loss: 1.107777, L1(Flow): 1.024959, Reg: 0.082818
Iter 160 of 180 Loss: 1.123298, L1(Flow): 1.040660, Reg: 0.082638
Iter 170 of 180 Loss: 1.173545, L1(Flow): 1.086519, Reg: 0.087026
Iter 180 of 180 Loss: 1.235180, L1(Flow): 1.146138, Reg: 0.089042
Epoch 22 Loss: 1.217537
Epoch 22 Validation: Mean EPE: 1.8528, Mean SSIM: 0.7365, Mean ZNCC: 0.9314
--> Saved to Top 5 best models (EPE: 1.8528)
--> New absolute BEST model updated with EPE: 1.8528
Epoch 23 starts
Iter 10 of 180 Loss: 1.238748, L1(Flow): 1.149210, Reg: 0.089538
Iter 20 of 180 Loss: 1.120901, L1(Flow): 1.037501, Reg: 0.083401
Iter 30 of 180 Loss: 1.154009, L1(Flow): 1.067278, Reg: 0.086731
Iter 40 of 180 Loss: 1.087171, L1(Flow): 0.998579, Reg: 0.088592
Iter 50 of 180 Loss: 1.187263, L1(Flow): 1.095954, Reg: 0.091308
Iter 60 of 180 Loss: 1.271911, L1(Flow): 1.183308, Reg: 0.088602
Iter 70 of 180 Loss: 1.372487, L1(Flow): 1.274765, Reg: 0.097722
Iter 80 of 180 Loss: 1.315581, L1(Flow): 1.216523, Reg: 0.099058
Iter 90 of 180 Loss: 1.174019, L1(Flow): 1.086262, Reg: 0.087756
Iter 100 of 180 Loss: 1.424099, L1(Flow): 1.322272, Reg: 0.101828
Iter 110 of 180 Loss: 1.273489, L1(Flow): 1.188507, Reg: 0.084982
Iter 120 of 180 Loss: 1.257665, L1(Flow): 1.165414, Reg: 0.092251
Iter 130 of 180 Loss: 1.083364, L1(Flow): 0.999489, Reg: 0.083875
Iter 140 of 180 Loss: 1.308112, L1(Flow): 1.208581, Reg: 0.099531
Iter 150 of 180 Loss: 1.120263, L1(Flow): 1.033086, Reg: 0.087177
Iter 160 of 180 Loss: 1.235240, L1(Flow): 1.149008, Reg: 0.086232
Iter 170 of 180 Loss: 1.192315, L1(Flow): 1.102772, Reg: 0.089544
Iter 180 of 180 Loss: 1.273441, L1(Flow): 1.174492, Reg: 0.098949
Epoch 23 Loss: 1.186496
Epoch 23 Validation: Mean EPE: 1.8116, Mean SSIM: 0.7401, Mean ZNCC: 0.9340
--> Saved to Top 5 best models (EPE: 1.8116)
--> New absolute BEST model updated with EPE: 1.8116
Epoch 24 starts
Iter 10 of 180 Loss: 1.338749, L1(Flow): 1.239464, Reg: 0.099285
Iter 20 of 180 Loss: 1.163743, L1(Flow): 1.074485, Reg: 0.089259
Iter 30 of 180 Loss: 1.080222, L1(Flow): 0.999604, Reg: 0.080618
Iter 40 of 180 Loss: 1.159194, L1(Flow): 1.072037, Reg: 0.087157
Iter 50 of 180 Loss: 1.163950, L1(Flow): 1.077468, Reg: 0.086482
Iter 60 of 180 Loss: 1.056716, L1(Flow): 0.976586, Reg: 0.080129
Iter 70 of 180 Loss: 1.313758, L1(Flow): 1.215833, Reg: 0.097926
Iter 80 of 180 Loss: 1.231043, L1(Flow): 1.143943, Reg: 0.087100
Iter 90 of 180 Loss: 1.067120, L1(Flow): 0.987171, Reg: 0.079949
Iter 100 of 180 Loss: 1.045436, L1(Flow): 0.964979, Reg: 0.080457
Iter 110 of 180 Loss: 1.180434, L1(Flow): 1.089673, Reg: 0.090762
Iter 120 of 180 Loss: 1.106119, L1(Flow): 1.028765, Reg: 0.077353
Iter 130 of 180 Loss: 1.172267, L1(Flow): 1.084992, Reg: 0.087275
Iter 140 of 180 Loss: 1.284374, L1(Flow): 1.188966, Reg: 0.095407
Iter 150 of 180 Loss: 1.164925, L1(Flow): 1.077946, Reg: 0.086979
Iter 160 of 180 Loss: 1.132222, L1(Flow): 1.047861, Reg: 0.084360
Iter 170 of 180 Loss: 1.308889, L1(Flow): 1.213989, Reg: 0.094900
Iter 180 of 180 Loss: 1.108749, L1(Flow): 1.025187, Reg: 0.083561
Epoch 24 Loss: 1.163372
Epoch 24 Validation: Mean EPE: 1.8266, Mean SSIM: 0.7388, Mean ZNCC: 0.9349
--> Saved to Top 5 best models (EPE: 1.8266)
Epoch 25 starts
Iter 10 of 180 Loss: 1.041505, L1(Flow): 0.962548, Reg: 0.078957
Iter 20 of 180 Loss: 1.133598, L1(Flow): 1.039933, Reg: 0.093665
Iter 30 of 180 Loss: 1.167819, L1(Flow): 1.078122, Reg: 0.089697
Iter 40 of 180 Loss: 1.111644, L1(Flow): 1.025685, Reg: 0.085959
Iter 50 of 180 Loss: 1.202506, L1(Flow): 1.108008, Reg: 0.094498
Iter 60 of 180 Loss: 1.063820, L1(Flow): 0.977648, Reg: 0.086172
Iter 70 of 180 Loss: 1.138618, L1(Flow): 1.046653, Reg: 0.091965
Iter 80 of 180 Loss: 1.045004, L1(Flow): 0.963300, Reg: 0.081703
Iter 90 of 180 Loss: 1.142379, L1(Flow): 1.052182, Reg: 0.090197
Iter 100 of 180 Loss: 0.980782, L1(Flow): 0.905345, Reg: 0.075437
Iter 110 of 180 Loss: 1.106048, L1(Flow): 1.016568, Reg: 0.089481
Iter 120 of 180 Loss: 1.065459, L1(Flow): 0.982393, Reg: 0.083067
Iter 130 of 180 Loss: 1.114620, L1(Flow): 1.030482, Reg: 0.084138
Iter 140 of 180 Loss: 1.214822, L1(Flow): 1.123238, Reg: 0.091583
Iter 150 of 180 Loss: 1.191896, L1(Flow): 1.102420, Reg: 0.089476
Iter 160 of 180 Loss: 1.108541, L1(Flow): 1.019260, Reg: 0.089281
Iter 170 of 180 Loss: 1.163557, L1(Flow): 1.075826, Reg: 0.087731
Iter 180 of 180 Loss: 1.024935, L1(Flow): 0.945230, Reg: 0.079705
Epoch 25 Loss: 1.128224
Epoch 25 Validation: Mean EPE: 1.7439, Mean SSIM: 0.7472, Mean ZNCC: 0.9376
--> Saved to Top 5 best models (EPE: 1.7439)
--> New absolute BEST model updated with EPE: 1.7439
Epoch 26 starts
Iter 10 of 180 Loss: 1.162279, L1(Flow): 1.068324, Reg: 0.093955
Iter 20 of 180 Loss: 1.153157, L1(Flow): 1.064097, Reg: 0.089060
Iter 30 of 180 Loss: 1.249199, L1(Flow): 1.152939, Reg: 0.096259
Iter 40 of 180 Loss: 1.062641, L1(Flow): 0.977820, Reg: 0.084821
Iter 50 of 180 Loss: 1.138931, L1(Flow): 1.050965, Reg: 0.087966
Iter 60 of 180 Loss: 1.055203, L1(Flow): 0.968884, Reg: 0.086319
Iter 70 of 180 Loss: 1.167603, L1(Flow): 1.079563, Reg: 0.088040
Iter 80 of 180 Loss: 1.074765, L1(Flow): 0.991661, Reg: 0.083104
Iter 90 of 180 Loss: 1.008038, L1(Flow): 0.926348, Reg: 0.081689
Iter 100 of 180 Loss: 1.005430, L1(Flow): 0.927047, Reg: 0.078383
Iter 110 of 180 Loss: 1.198320, L1(Flow): 1.101319, Reg: 0.097000
Iter 120 of 180 Loss: 1.035377, L1(Flow): 0.957293, Reg: 0.078083
Iter 130 of 180 Loss: 1.220863, L1(Flow): 1.125166, Reg: 0.095697
Iter 140 of 180 Loss: 1.182881, L1(Flow): 1.088736, Reg: 0.094145
Iter 150 of 180 Loss: 1.087858, L1(Flow): 1.003304, Reg: 0.084554
Iter 160 of 180 Loss: 1.087758, L1(Flow): 1.002597, Reg: 0.085161
Iter 170 of 180 Loss: 1.202093, L1(Flow): 1.110811, Reg: 0.091282
Iter 180 of 180 Loss: 1.050370, L1(Flow): 0.963000, Reg: 0.087370
Epoch 26 Loss: 1.099476
Epoch 26 Validation: Mean EPE: 1.7377, Mean SSIM: 0.7472, Mean ZNCC: 0.9377
--> Saved to Top 5 best models (EPE: 1.7377)
--> New absolute BEST model updated with EPE: 1.7377
Epoch 27 starts
Iter 10 of 180 Loss: 0.993859, L1(Flow): 0.910817, Reg: 0.083042
Iter 20 of 180 Loss: 1.121180, L1(Flow): 1.030056, Reg: 0.091124
Iter 30 of 180 Loss: 1.016002, L1(Flow): 0.937987, Reg: 0.078014
Iter 40 of 180 Loss: 1.027858, L1(Flow): 0.946854, Reg: 0.081004
Iter 50 of 180 Loss: 0.969881, L1(Flow): 0.888521, Reg: 0.081359
Iter 60 of 180 Loss: 1.077730, L1(Flow): 0.991225, Reg: 0.086505
Iter 70 of 180 Loss: 1.128680, L1(Flow): 1.039084, Reg: 0.089596
Iter 80 of 180 Loss: 1.120073, L1(Flow): 1.034302, Reg: 0.085771
Iter 90 of 180 Loss: 1.165287, L1(Flow): 1.074626, Reg: 0.090661
Iter 100 of 180 Loss: 1.081398, L1(Flow): 0.985145, Reg: 0.096253
Iter 110 of 180 Loss: 0.950391, L1(Flow): 0.875301, Reg: 0.075090
Iter 120 of 180 Loss: 1.086375, L1(Flow): 1.004013, Reg: 0.082363
Iter 130 of 180 Loss: 1.015763, L1(Flow): 0.931832, Reg: 0.083931
Iter 140 of 180 Loss: 1.081148, L1(Flow): 0.996715, Reg: 0.084433
Iter 150 of 180 Loss: 1.101008, L1(Flow): 1.009333, Reg: 0.091675
Iter 160 of 180 Loss: 1.017545, L1(Flow): 0.939791, Reg: 0.077753
Iter 170 of 180 Loss: 1.133461, L1(Flow): 1.049207, Reg: 0.084253
Iter 180 of 180 Loss: 1.098254, L1(Flow): 1.014187, Reg: 0.084068
Epoch 27 Loss: 1.073627
Epoch 27 Validation: Mean EPE: 1.6756, Mean SSIM: 0.7543, Mean ZNCC: 0.9406
--> Saved to Top 5 best models (EPE: 1.6756)
--> New absolute BEST model updated with EPE: 1.6756
Epoch 28 starts
Iter 10 of 180 Loss: 0.999960, L1(Flow): 0.916065, Reg: 0.083895
Iter 20 of 180 Loss: 1.102684, L1(Flow): 1.012214, Reg: 0.090470
Iter 30 of 180 Loss: 1.082546, L1(Flow): 0.994428, Reg: 0.088118
Iter 40 of 180 Loss: 1.045947, L1(Flow): 0.962254, Reg: 0.083693
Iter 50 of 180 Loss: 0.984605, L1(Flow): 0.901790, Reg: 0.082815
Iter 60 of 180 Loss: 0.986808, L1(Flow): 0.903810, Reg: 0.082998
Iter 70 of 180 Loss: 0.951999, L1(Flow): 0.873936, Reg: 0.078064
Iter 80 of 180 Loss: 1.137643, L1(Flow): 1.053984, Reg: 0.083659
Iter 90 of 180 Loss: 1.141593, L1(Flow): 1.043493, Reg: 0.098100
Iter 100 of 180 Loss: 1.151421, L1(Flow): 1.052341, Reg: 0.099080
Iter 110 of 180 Loss: 1.054868, L1(Flow): 0.974346, Reg: 0.080522
Iter 120 of 180 Loss: 1.066180, L1(Flow): 0.981721, Reg: 0.084458
Iter 130 of 180 Loss: 0.934889, L1(Flow): 0.863258, Reg: 0.071631
Iter 140 of 180 Loss: 1.053619, L1(Flow): 0.968592, Reg: 0.085027
Iter 150 of 180 Loss: 1.003122, L1(Flow): 0.920222, Reg: 0.082900
Iter 160 of 180 Loss: 1.092128, L1(Flow): 1.004660, Reg: 0.087468
Iter 170 of 180 Loss: 1.023632, L1(Flow): 0.946179, Reg: 0.077453
Iter 180 of 180 Loss: 0.924405, L1(Flow): 0.847986, Reg: 0.076419
Epoch 28 Loss: 1.051248
Epoch 28 Validation: Mean EPE: 1.6500, Mean SSIM: 0.7560, Mean ZNCC: 0.9416
--> Saved to Top 5 best models (EPE: 1.6500)
--> New absolute BEST model updated with EPE: 1.6500
Epoch 29 starts
Iter 10 of 180 Loss: 1.012106, L1(Flow): 0.929777, Reg: 0.082329
Iter 20 of 180 Loss: 1.009435, L1(Flow): 0.921579, Reg: 0.087856
Iter 30 of 180 Loss: 0.996997, L1(Flow): 0.913024, Reg: 0.083973
Iter 40 of 180 Loss: 1.034901, L1(Flow): 0.950463, Reg: 0.084438
Iter 50 of 180 Loss: 1.006786, L1(Flow): 0.924829, Reg: 0.081958
Iter 60 of 180 Loss: 1.023039, L1(Flow): 0.944310, Reg: 0.078729
Iter 70 of 180 Loss: 0.988103, L1(Flow): 0.909518, Reg: 0.078585
Iter 80 of 180 Loss: 1.047664, L1(Flow): 0.959538, Reg: 0.088126
Iter 90 of 180 Loss: 1.014787, L1(Flow): 0.933313, Reg: 0.081474
Iter 100 of 180 Loss: 1.027410, L1(Flow): 0.940421, Reg: 0.086989
Iter 110 of 180 Loss: 0.963080, L1(Flow): 0.888455, Reg: 0.074625
Iter 120 of 180 Loss: 1.033774, L1(Flow): 0.955727, Reg: 0.078047
Iter 130 of 180 Loss: 1.077546, L1(Flow): 0.988070, Reg: 0.089476
Iter 140 of 180 Loss: 0.996853, L1(Flow): 0.921756, Reg: 0.075098
Iter 150 of 180 Loss: 0.987218, L1(Flow): 0.904543, Reg: 0.082675
Iter 160 of 180 Loss: 0.968117, L1(Flow): 0.887318, Reg: 0.080799
Iter 170 of 180 Loss: 0.941164, L1(Flow): 0.860580, Reg: 0.080584
Iter 180 of 180 Loss: 0.994423, L1(Flow): 0.912780, Reg: 0.081643
Epoch 29 Loss: 1.032096
Epoch 29 Validation: Mean EPE: 1.6282, Mean SSIM: 0.7581, Mean ZNCC: 0.9430
--> Saved to Top 5 best models (EPE: 1.6282)
--> New absolute BEST model updated with EPE: 1.6282
Epoch 30 starts
Iter 10 of 180 Loss: 1.000252, L1(Flow): 0.917908, Reg: 0.082343
Iter 20 of 180 Loss: 0.923261, L1(Flow): 0.847639, Reg: 0.075622
Iter 30 of 180 Loss: 0.992294, L1(Flow): 0.916903, Reg: 0.075390
Iter 40 of 180 Loss: 0.975998, L1(Flow): 0.891524, Reg: 0.084474
Iter 50 of 180 Loss: 0.984552, L1(Flow): 0.903849, Reg: 0.080703
Iter 60 of 180 Loss: 1.053041, L1(Flow): 0.963336, Reg: 0.089706
Iter 70 of 180 Loss: 0.905481, L1(Flow): 0.826866, Reg: 0.078614
Iter 80 of 180 Loss: 1.008241, L1(Flow): 0.924804, Reg: 0.083438
Iter 90 of 180 Loss: 0.982861, L1(Flow): 0.901006, Reg: 0.081855
Iter 100 of 180 Loss: 0.947663, L1(Flow): 0.869945, Reg: 0.077718
Iter 110 of 180 Loss: 1.048475, L1(Flow): 0.959928, Reg: 0.088548
Iter 120 of 180 Loss: 1.021129, L1(Flow): 0.940844, Reg: 0.080284
Iter 130 of 180 Loss: 0.949307, L1(Flow): 0.871151, Reg: 0.078156
Iter 140 of 180 Loss: 0.930061, L1(Flow): 0.848441, Reg: 0.081620
Iter 150 of 180 Loss: 1.089085, L1(Flow): 1.000635, Reg: 0.088450
Iter 160 of 180 Loss: 1.042290, L1(Flow): 0.960703, Reg: 0.081587
Iter 170 of 180 Loss: 1.023862, L1(Flow): 0.945767, Reg: 0.078095
Iter 180 of 180 Loss: 0.957990, L1(Flow): 0.879423, Reg: 0.078567
Epoch 30 Loss: 1.009222
Epoch 30 Validation: Mean EPE: 1.6219, Mean SSIM: 0.7573, Mean ZNCC: 0.9424
--> Saved to Top 5 best models (EPE: 1.6219)
--> New absolute BEST model updated with EPE: 1.6219
Epoch 31 starts
Iter 10 of 180 Loss: 0.955673, L1(Flow): 0.876814, Reg: 0.078859
Iter 20 of 180 Loss: 0.958458, L1(Flow): 0.879395, Reg: 0.079064
Iter 30 of 180 Loss: 0.922678, L1(Flow): 0.847937, Reg: 0.074740
Iter 40 of 180 Loss: 0.967339, L1(Flow): 0.884850, Reg: 0.082489
Iter 50 of 180 Loss: 0.964061, L1(Flow): 0.888335, Reg: 0.075726
Iter 60 of 180 Loss: 0.908327, L1(Flow): 0.829234, Reg: 0.079094
Iter 70 of 180 Loss: 0.918842, L1(Flow): 0.842846, Reg: 0.075996
Iter 80 of 180 Loss: 0.987151, L1(Flow): 0.902601, Reg: 0.084550
Iter 90 of 180 Loss: 1.059373, L1(Flow): 0.974582, Reg: 0.084790
Iter 100 of 180 Loss: 0.969381, L1(Flow): 0.889582, Reg: 0.079798
Iter 110 of 180 Loss: 1.023792, L1(Flow): 0.938506, Reg: 0.085286
Iter 120 of 180 Loss: 0.926871, L1(Flow): 0.851498, Reg: 0.075373
Iter 130 of 180 Loss: 1.061480, L1(Flow): 0.978615, Reg: 0.082864
Iter 140 of 180 Loss: 1.013312, L1(Flow): 0.927966, Reg: 0.085346
Iter 150 of 180 Loss: 1.027351, L1(Flow): 0.945266, Reg: 0.082086
Iter 160 of 180 Loss: 0.948871, L1(Flow): 0.872545, Reg: 0.076326
Iter 170 of 180 Loss: 0.979975, L1(Flow): 0.900442, Reg: 0.079533
Iter 180 of 180 Loss: 1.036263, L1(Flow): 0.952021, Reg: 0.084242
Epoch 31 Loss: 0.989914
Epoch 31 Validation: Mean EPE: 1.5940, Mean SSIM: 0.7600, Mean ZNCC: 0.9440
--> Saved to Top 5 best models (EPE: 1.5940)
--> New absolute BEST model updated with EPE: 1.5940
Epoch 32 starts
Iter 10 of 180 Loss: 1.047325, L1(Flow): 0.961014, Reg: 0.086311
Iter 20 of 180 Loss: 0.879302, L1(Flow): 0.811364, Reg: 0.067938
Iter 30 of 180 Loss: 0.889222, L1(Flow): 0.820602, Reg: 0.068620
Iter 40 of 180 Loss: 0.953113, L1(Flow): 0.875116, Reg: 0.077997
Iter 50 of 180 Loss: 1.118122, L1(Flow): 1.025417, Reg: 0.092704
Iter 60 of 180 Loss: 0.998949, L1(Flow): 0.920204, Reg: 0.078745
Iter 70 of 180 Loss: 1.009476, L1(Flow): 0.923547, Reg: 0.085929
Iter 80 of 180 Loss: 0.929322, L1(Flow): 0.850874, Reg: 0.078448
Iter 90 of 180 Loss: 0.949779, L1(Flow): 0.866126, Reg: 0.083653
Iter 100 of 180 Loss: 1.040200, L1(Flow): 0.958598, Reg: 0.081602
Iter 110 of 180 Loss: 0.955912, L1(Flow): 0.877819, Reg: 0.078094
Iter 120 of 180 Loss: 0.960914, L1(Flow): 0.877981, Reg: 0.082934
Iter 130 of 180 Loss: 0.966552, L1(Flow): 0.885355, Reg: 0.081197
Iter 140 of 180 Loss: 1.078924, L1(Flow): 0.990991, Reg: 0.087934
Iter 150 of 180 Loss: 0.977892, L1(Flow): 0.897533, Reg: 0.080359
Iter 160 of 180 Loss: 0.965599, L1(Flow): 0.880780, Reg: 0.084819
Iter 170 of 180 Loss: 0.994224, L1(Flow): 0.907629, Reg: 0.086596
Iter 180 of 180 Loss: 1.031384, L1(Flow): 0.940646, Reg: 0.090737
Epoch 32 Loss: 0.976842
Epoch 32 Validation: Mean EPE: 1.5565, Mean SSIM: 0.7652, Mean ZNCC: 0.9448
--> Saved to Top 5 best models (EPE: 1.5565)
--> New absolute BEST model updated with EPE: 1.5565
Epoch 33 starts
Iter 10 of 180 Loss: 0.964959, L1(Flow): 0.881392, Reg: 0.083567
Iter 20 of 180 Loss: 0.944792, L1(Flow): 0.864047, Reg: 0.080745
Iter 30 of 180 Loss: 0.994803, L1(Flow): 0.907185, Reg: 0.087618
Iter 40 of 180 Loss: 0.989796, L1(Flow): 0.905731, Reg: 0.084065
Iter 50 of 180 Loss: 0.924361, L1(Flow): 0.843984, Reg: 0.080377
Iter 60 of 180 Loss: 0.999246, L1(Flow): 0.918951, Reg: 0.080295
Iter 70 of 180 Loss: 0.945594, L1(Flow): 0.869286, Reg: 0.076308
Iter 80 of 180 Loss: 0.964258, L1(Flow): 0.882441, Reg: 0.081817
Iter 90 of 180 Loss: 0.851723, L1(Flow): 0.781596, Reg: 0.070127
Iter 100 of 180 Loss: 0.946124, L1(Flow): 0.872134, Reg: 0.073990
Iter 110 of 180 Loss: 0.868328, L1(Flow): 0.794295, Reg: 0.074033
Iter 120 of 180 Loss: 1.055750, L1(Flow): 0.969861, Reg: 0.085888
Iter 130 of 180 Loss: 0.893362, L1(Flow): 0.814981, Reg: 0.078381
Iter 140 of 180 Loss: 0.894378, L1(Flow): 0.819664, Reg: 0.074714
Iter 150 of 180 Loss: 0.911049, L1(Flow): 0.834456, Reg: 0.076593
Iter 160 of 180 Loss: 0.946311, L1(Flow): 0.873657, Reg: 0.072655
Iter 170 of 180 Loss: 0.978885, L1(Flow): 0.894059, Reg: 0.084826
Iter 180 of 180 Loss: 1.059212, L1(Flow): 0.973594, Reg: 0.085619
Epoch 33 Loss: 0.955596
Epoch 33 Validation: Mean EPE: 1.5832, Mean SSIM: 0.7602, Mean ZNCC: 0.9448
--> Saved to Top 5 best models (EPE: 1.5832)
Epoch 34 starts
Iter 10 of 180 Loss: 0.982406, L1(Flow): 0.895390, Reg: 0.087015
Iter 20 of 180 Loss: 0.930966, L1(Flow): 0.848213, Reg: 0.082753
Iter 30 of 180 Loss: 0.829893, L1(Flow): 0.759699, Reg: 0.070195
Iter 40 of 180 Loss: 0.823139, L1(Flow): 0.752079, Reg: 0.071060
Iter 50 of 180 Loss: 0.991655, L1(Flow): 0.907608, Reg: 0.084047
Iter 60 of 180 Loss: 0.981239, L1(Flow): 0.898327, Reg: 0.082911
Iter 70 of 180 Loss: 0.951104, L1(Flow): 0.868439, Reg: 0.082664
Iter 80 of 180 Loss: 0.849581, L1(Flow): 0.770230, Reg: 0.079350
Iter 90 of 180 Loss: 0.896571, L1(Flow): 0.827313, Reg: 0.069258
Iter 100 of 180 Loss: 0.994875, L1(Flow): 0.909264, Reg: 0.085612
Iter 110 of 180 Loss: 0.932672, L1(Flow): 0.854729, Reg: 0.077943
Iter 120 of 180 Loss: 0.855034, L1(Flow): 0.783065, Reg: 0.071969
Iter 130 of 180 Loss: 0.915316, L1(Flow): 0.834955, Reg: 0.080362
Iter 140 of 180 Loss: 0.888783, L1(Flow): 0.817175, Reg: 0.071607
Iter 150 of 180 Loss: 0.965919, L1(Flow): 0.883892, Reg: 0.082027
Iter 160 of 180 Loss: 1.058376, L1(Flow): 0.965786, Reg: 0.092590
Iter 170 of 180 Loss: 0.995595, L1(Flow): 0.912476, Reg: 0.083119
Iter 180 of 180 Loss: 0.832318, L1(Flow): 0.760881, Reg: 0.071437
Epoch 34 Loss: 0.944525
Epoch 34 Validation: Mean EPE: 1.5532, Mean SSIM: 0.7632, Mean ZNCC: 0.9461
--> Saved to Top 5 best models (EPE: 1.5532)
--> New absolute BEST model updated with EPE: 1.5532
Epoch 35 starts
Iter 10 of 180 Loss: 0.901325, L1(Flow): 0.822960, Reg: 0.078365
Iter 20 of 180 Loss: 0.952811, L1(Flow): 0.874868, Reg: 0.077943
Iter 30 of 180 Loss: 0.872086, L1(Flow): 0.790676, Reg: 0.081409
Iter 40 of 180 Loss: 0.952822, L1(Flow): 0.872057, Reg: 0.080765
Iter 50 of 180 Loss: 0.978970, L1(Flow): 0.898514, Reg: 0.080456
Iter 60 of 180 Loss: 0.933317, L1(Flow): 0.851485, Reg: 0.081832
Iter 70 of 180 Loss: 0.867954, L1(Flow): 0.790926, Reg: 0.077028
Iter 80 of 180 Loss: 1.053819, L1(Flow): 0.964090, Reg: 0.089729
Iter 90 of 180 Loss: 0.962450, L1(Flow): 0.884123, Reg: 0.078327
Iter 100 of 180 Loss: 0.884611, L1(Flow): 0.809475, Reg: 0.075136
Iter 110 of 180 Loss: 0.966692, L1(Flow): 0.887405, Reg: 0.079287
Iter 120 of 180 Loss: 0.991395, L1(Flow): 0.908611, Reg: 0.082784
Iter 130 of 180 Loss: 0.893679, L1(Flow): 0.812238, Reg: 0.081440
Iter 140 of 180 Loss: 0.955475, L1(Flow): 0.877678, Reg: 0.077797
Iter 150 of 180 Loss: 0.832074, L1(Flow): 0.756020, Reg: 0.076054
Iter 160 of 180 Loss: 0.832840, L1(Flow): 0.758126, Reg: 0.074714
Iter 170 of 180 Loss: 0.950059, L1(Flow): 0.873365, Reg: 0.076694
Iter 180 of 180 Loss: 0.813049, L1(Flow): 0.744568, Reg: 0.068482
Epoch 35 Loss: 0.926918
Epoch 35 Validation: Mean EPE: 1.5028, Mean SSIM: 0.7706, Mean ZNCC: 0.9477
--> Saved to Top 5 best models (EPE: 1.5028)
--> New absolute BEST model updated with EPE: 1.5028
Epoch 36 starts
Iter 10 of 180 Loss: 0.912499, L1(Flow): 0.833020, Reg: 0.079479
Iter 20 of 180 Loss: 0.869705, L1(Flow): 0.798058, Reg: 0.071647
Iter 30 of 180 Loss: 0.863769, L1(Flow): 0.784739, Reg: 0.079030
Iter 40 of 180 Loss: 0.958668, L1(Flow): 0.866348, Reg: 0.092320
Iter 50 of 180 Loss: 0.860995, L1(Flow): 0.787497, Reg: 0.073499
Iter 60 of 180 Loss: 0.930258, L1(Flow): 0.844601, Reg: 0.085657
Iter 70 of 180 Loss: 0.856402, L1(Flow): 0.779534, Reg: 0.076868
Iter 80 of 180 Loss: 0.862808, L1(Flow): 0.785166, Reg: 0.077641
Iter 90 of 180 Loss: 0.955028, L1(Flow): 0.871921, Reg: 0.083107
Iter 100 of 180 Loss: 0.919458, L1(Flow): 0.836805, Reg: 0.082652
Iter 110 of 180 Loss: 0.985184, L1(Flow): 0.900892, Reg: 0.084292
Iter 120 of 180 Loss: 0.842353, L1(Flow): 0.768913, Reg: 0.073440
Iter 130 of 180 Loss: 0.858557, L1(Flow): 0.785713, Reg: 0.072844
Iter 140 of 180 Loss: 0.875143, L1(Flow): 0.797481, Reg: 0.077662
Iter 150 of 180 Loss: 0.842132, L1(Flow): 0.770907, Reg: 0.071225
Iter 160 of 180 Loss: 0.904055, L1(Flow): 0.829956, Reg: 0.074099
Iter 170 of 180 Loss: 0.919371, L1(Flow): 0.839675, Reg: 0.079696
Iter 180 of 180 Loss: 0.895510, L1(Flow): 0.813767, Reg: 0.081743
Epoch 36 Loss: 0.905439
Epoch 36 Validation: Mean EPE: 1.5038, Mean SSIM: 0.7706, Mean ZNCC: 0.9483
--> Saved to Top 5 best models (EPE: 1.5038)
Epoch 37 starts
Iter 10 of 180 Loss: 0.931086, L1(Flow): 0.846643, Reg: 0.084442
Iter 20 of 180 Loss: 0.840698, L1(Flow): 0.763871, Reg: 0.076827
Iter 30 of 180 Loss: 0.905435, L1(Flow): 0.824989, Reg: 0.080446
Iter 40 of 180 Loss: 0.932560, L1(Flow): 0.853355, Reg: 0.079205
Iter 50 of 180 Loss: 0.838271, L1(Flow): 0.764683, Reg: 0.073589
Iter 60 of 180 Loss: 0.955439, L1(Flow): 0.878099, Reg: 0.077341
Iter 70 of 180 Loss: 0.844393, L1(Flow): 0.775145, Reg: 0.069248
Iter 80 of 180 Loss: 0.842360, L1(Flow): 0.777088, Reg: 0.065272
Iter 90 of 180 Loss: 0.851320, L1(Flow): 0.775674, Reg: 0.075646
Iter 100 of 180 Loss: 0.918185, L1(Flow): 0.842396, Reg: 0.075789
Iter 110 of 180 Loss: 0.870090, L1(Flow): 0.794228, Reg: 0.075862
Iter 120 of 180 Loss: 0.889411, L1(Flow): 0.808989, Reg: 0.080421
Iter 130 of 180 Loss: 0.931047, L1(Flow): 0.850615, Reg: 0.080432
Iter 140 of 180 Loss: 0.935889, L1(Flow): 0.858026, Reg: 0.077863
Iter 150 of 180 Loss: 0.873572, L1(Flow): 0.798127, Reg: 0.075445
Iter 160 of 180 Loss: 0.872346, L1(Flow): 0.796781, Reg: 0.075566
Iter 170 of 180 Loss: 0.907255, L1(Flow): 0.829290, Reg: 0.077965
Iter 180 of 180 Loss: 0.825282, L1(Flow): 0.752561, Reg: 0.072721
Epoch 37 Loss: 0.897041
Epoch 37 Validation: Mean EPE: 1.4719, Mean SSIM: 0.7750, Mean ZNCC: 0.9498
--> Saved to Top 5 best models (EPE: 1.4719)
--> New absolute BEST model updated with EPE: 1.4719
Epoch 38 starts
Iter 10 of 180 Loss: 0.875673, L1(Flow): 0.796364, Reg: 0.079309
Iter 20 of 180 Loss: 0.814214, L1(Flow): 0.740772, Reg: 0.073442
Iter 30 of 180 Loss: 0.810257, L1(Flow): 0.732384, Reg: 0.077873
Iter 40 of 180 Loss: 0.973433, L1(Flow): 0.888561, Reg: 0.084872
Iter 50 of 180 Loss: 0.743803, L1(Flow): 0.677759, Reg: 0.066044
Iter 60 of 180 Loss: 0.840158, L1(Flow): 0.767749, Reg: 0.072410
Iter 70 of 180 Loss: 0.845916, L1(Flow): 0.773224, Reg: 0.072691
Iter 80 of 180 Loss: 0.852587, L1(Flow): 0.774186, Reg: 0.078401
Iter 90 of 180 Loss: 1.008009, L1(Flow): 0.915161, Reg: 0.092848
Iter 100 of 180 Loss: 0.851823, L1(Flow): 0.777501, Reg: 0.074322
Iter 110 of 180 Loss: 0.953513, L1(Flow): 0.877337, Reg: 0.076176
Iter 120 of 180 Loss: 0.983482, L1(Flow): 0.899333, Reg: 0.084149
Iter 130 of 180 Loss: 0.943104, L1(Flow): 0.857106, Reg: 0.085998
Iter 140 of 180 Loss: 0.751161, L1(Flow): 0.682924, Reg: 0.068236
Iter 150 of 180 Loss: 0.819126, L1(Flow): 0.747436, Reg: 0.071689
Iter 160 of 180 Loss: 0.904611, L1(Flow): 0.826044, Reg: 0.078567
Iter 170 of 180 Loss: 0.823846, L1(Flow): 0.752811, Reg: 0.071036
Iter 180 of 180 Loss: 0.824657, L1(Flow): 0.747993, Reg: 0.076664
Epoch 38 Loss: 0.884500
Epoch 38 Validation: Mean EPE: 1.4801, Mean SSIM: 0.7740, Mean ZNCC: 0.9496
--> Saved to Top 5 best models (EPE: 1.4801)
Epoch 39 starts
Iter 10 of 180 Loss: 0.893013, L1(Flow): 0.819110, Reg: 0.073902
Iter 20 of 180 Loss: 0.925484, L1(Flow): 0.847669, Reg: 0.077815
Iter 30 of 180 Loss: 0.865371, L1(Flow): 0.790656, Reg: 0.074714
Iter 40 of 180 Loss: 0.771396, L1(Flow): 0.704856, Reg: 0.066540
Iter 50 of 180 Loss: 0.798178, L1(Flow): 0.726330, Reg: 0.071848
Iter 60 of 180 Loss: 0.791080, L1(Flow): 0.717261, Reg: 0.073819
Iter 70 of 180 Loss: 0.774186, L1(Flow): 0.702626, Reg: 0.071559
Iter 80 of 180 Loss: 0.830974, L1(Flow): 0.759389, Reg: 0.071585
Iter 90 of 180 Loss: 0.842599, L1(Flow): 0.767575, Reg: 0.075024
Iter 100 of 180 Loss: 0.820063, L1(Flow): 0.744912, Reg: 0.075151
Iter 110 of 180 Loss: 0.784610, L1(Flow): 0.712219, Reg: 0.072391
Iter 120 of 180 Loss: 0.813118, L1(Flow): 0.740315, Reg: 0.072803
Iter 130 of 180 Loss: 0.817471, L1(Flow): 0.744705, Reg: 0.072766
Iter 140 of 180 Loss: 0.892327, L1(Flow): 0.808295, Reg: 0.084032
Iter 150 of 180 Loss: 0.913049, L1(Flow): 0.830221, Reg: 0.082829
Iter 160 of 180 Loss: 0.868662, L1(Flow): 0.792426, Reg: 0.076236
Iter 170 of 180 Loss: 0.872023, L1(Flow): 0.793208, Reg: 0.078815
Iter 180 of 180 Loss: 0.864508, L1(Flow): 0.784125, Reg: 0.080383
Epoch 39 Loss: 0.864825
Epoch 39 Validation: Mean EPE: 1.4429, Mean SSIM: 0.7770, Mean ZNCC: 0.9504
--> Saved to Top 5 best models (EPE: 1.4429)
--> New absolute BEST model updated with EPE: 1.4429
Epoch 40 starts
Iter 10 of 180 Loss: 0.889486, L1(Flow): 0.805961, Reg: 0.083525
Iter 20 of 180 Loss: 0.893660, L1(Flow): 0.814125, Reg: 0.079535
Iter 30 of 180 Loss: 0.815950, L1(Flow): 0.743562, Reg: 0.072388
Iter 40 of 180 Loss: 0.851837, L1(Flow): 0.776325, Reg: 0.075511
Iter 50 of 180 Loss: 0.844275, L1(Flow): 0.770494, Reg: 0.073781
Iter 60 of 180 Loss: 0.871031, L1(Flow): 0.792756, Reg: 0.078276
Iter 70 of 180 Loss: 0.907923, L1(Flow): 0.830668, Reg: 0.077256
Iter 80 of 180 Loss: 0.829743, L1(Flow): 0.755839, Reg: 0.073904
Iter 90 of 180 Loss: 0.831173, L1(Flow): 0.757069, Reg: 0.074104
Iter 100 of 180 Loss: 0.846372, L1(Flow): 0.772336, Reg: 0.074036
Iter 110 of 180 Loss: 0.818418, L1(Flow): 0.747821, Reg: 0.070597
Iter 120 of 180 Loss: 0.831593, L1(Flow): 0.756249, Reg: 0.075344
Iter 130 of 180 Loss: 0.846313, L1(Flow): 0.769838, Reg: 0.076475
Iter 140 of 180 Loss: 0.869564, L1(Flow): 0.789880, Reg: 0.079684
Iter 150 of 180 Loss: 0.868682, L1(Flow): 0.787560, Reg: 0.081122
Iter 160 of 180 Loss: 0.781895, L1(Flow): 0.710705, Reg: 0.071190
Iter 170 of 180 Loss: 0.927483, L1(Flow): 0.846133, Reg: 0.081351
Iter 180 of 180 Loss: 0.904918, L1(Flow): 0.820723, Reg: 0.084194
Epoch 40 Loss: 0.854066
Epoch 40 Validation: Mean EPE: 1.4378, Mean SSIM: 0.7788, Mean ZNCC: 0.9514
--> Saved to Top 5 best models (EPE: 1.4378)
--> New absolute BEST model updated with EPE: 1.4378
Epoch 41 starts
Iter 10 of 180 Loss: 0.805224, L1(Flow): 0.727855, Reg: 0.077369
Iter 20 of 180 Loss: 0.827807, L1(Flow): 0.754008, Reg: 0.073799
Iter 30 of 180 Loss: 0.917465, L1(Flow): 0.836589, Reg: 0.080876
Iter 40 of 180 Loss: 0.896316, L1(Flow): 0.817842, Reg: 0.078474
Iter 50 of 180 Loss: 0.867672, L1(Flow): 0.789322, Reg: 0.078350
Iter 60 of 180 Loss: 0.794257, L1(Flow): 0.722858, Reg: 0.071399
Iter 70 of 180 Loss: 0.810488, L1(Flow): 0.739965, Reg: 0.070523
Iter 80 of 180 Loss: 0.828086, L1(Flow): 0.755452, Reg: 0.072634
Iter 90 of 180 Loss: 0.912045, L1(Flow): 0.833621, Reg: 0.078424
Iter 100 of 180 Loss: 0.828393, L1(Flow): 0.752213, Reg: 0.076181
Iter 110 of 180 Loss: 0.862127, L1(Flow): 0.792617, Reg: 0.069510
Iter 120 of 180 Loss: 0.891105, L1(Flow): 0.815020, Reg: 0.076085
Iter 130 of 180 Loss: 0.912383, L1(Flow): 0.830170, Reg: 0.082213
Iter 140 of 180 Loss: 0.853083, L1(Flow): 0.775395, Reg: 0.077688
Iter 150 of 180 Loss: 0.847125, L1(Flow): 0.770657, Reg: 0.076469
Iter 160 of 180 Loss: 0.883739, L1(Flow): 0.798967, Reg: 0.084772
Iter 170 of 180 Loss: 0.868139, L1(Flow): 0.795180, Reg: 0.072959
Iter 180 of 180 Loss: 0.891709, L1(Flow): 0.807456, Reg: 0.084253
Epoch 41 Loss: 0.843976
Epoch 41 Validation: Mean EPE: 1.4596, Mean SSIM: 0.7715, Mean ZNCC: 0.9496
--> Saved to Top 5 best models (EPE: 1.4596)
Epoch 42 starts
Iter 10 of 180 Loss: 0.829323, L1(Flow): 0.754953, Reg: 0.074370
Iter 20 of 180 Loss: 0.818206, L1(Flow): 0.748645, Reg: 0.069560
Iter 30 of 180 Loss: 0.839148, L1(Flow): 0.767841, Reg: 0.071307
Iter 40 of 180 Loss: 0.908194, L1(Flow): 0.827695, Reg: 0.080499
Iter 50 of 180 Loss: 0.789802, L1(Flow): 0.723090, Reg: 0.066712
Iter 60 of 180 Loss: 0.816848, L1(Flow): 0.746547, Reg: 0.070301
Iter 70 of 180 Loss: 0.827878, L1(Flow): 0.754237, Reg: 0.073641
Iter 80 of 180 Loss: 0.805161, L1(Flow): 0.734766, Reg: 0.070395
Iter 90 of 180 Loss: 0.837884, L1(Flow): 0.757602, Reg: 0.080282
Iter 100 of 180 Loss: 0.838688, L1(Flow): 0.762639, Reg: 0.076048
Iter 110 of 180 Loss: 0.843948, L1(Flow): 0.767768, Reg: 0.076180
Iter 120 of 180 Loss: 0.879034, L1(Flow): 0.805250, Reg: 0.073784
Iter 130 of 180 Loss: 0.885861, L1(Flow): 0.807451, Reg: 0.078410
Iter 140 of 180 Loss: 0.811463, L1(Flow): 0.735382, Reg: 0.076080
Iter 150 of 180 Loss: 0.755626, L1(Flow): 0.683896, Reg: 0.071730
Iter 160 of 180 Loss: 0.858328, L1(Flow): 0.776975, Reg: 0.081353
Iter 170 of 180 Loss: 0.823968, L1(Flow): 0.749498, Reg: 0.074470
Iter 180 of 180 Loss: 0.838685, L1(Flow): 0.763213, Reg: 0.075472
Epoch 42 Loss: 0.837371
Epoch 42 Validation: Mean EPE: 1.4091, Mean SSIM: 0.7813, Mean ZNCC: 0.9523
--> Saved to Top 5 best models (EPE: 1.4091)
--> New absolute BEST model updated with EPE: 1.4091
Epoch 43 starts
Iter 10 of 180 Loss: 0.941277, L1(Flow): 0.855612, Reg: 0.085666
Iter 20 of 180 Loss: 0.814757, L1(Flow): 0.740977, Reg: 0.073780
Iter 30 of 180 Loss: 0.811987, L1(Flow): 0.740626, Reg: 0.071362
Iter 40 of 180 Loss: 0.803640, L1(Flow): 0.733588, Reg: 0.070051
Iter 50 of 180 Loss: 0.828168, L1(Flow): 0.750258, Reg: 0.077911
Iter 60 of 180 Loss: 0.841168, L1(Flow): 0.762171, Reg: 0.078997
Iter 70 of 180 Loss: 0.813595, L1(Flow): 0.739833, Reg: 0.073762
Iter 80 of 180 Loss: 0.879826, L1(Flow): 0.802291, Reg: 0.077535
Iter 90 of 180 Loss: 0.878427, L1(Flow): 0.794966, Reg: 0.083461
Iter 100 of 180 Loss: 0.814303, L1(Flow): 0.739184, Reg: 0.075119
Iter 110 of 180 Loss: 0.817775, L1(Flow): 0.740835, Reg: 0.076940
Iter 120 of 180 Loss: 0.836009, L1(Flow): 0.760104, Reg: 0.075906
Iter 130 of 180 Loss: 0.857901, L1(Flow): 0.779539, Reg: 0.078362
Iter 140 of 180 Loss: 0.791363, L1(Flow): 0.717011, Reg: 0.074351
Iter 150 of 180 Loss: 0.772620, L1(Flow): 0.701473, Reg: 0.071146
Iter 160 of 180 Loss: 0.775848, L1(Flow): 0.705690, Reg: 0.070158
Iter 170 of 180 Loss: 0.931941, L1(Flow): 0.850130, Reg: 0.081811
Iter 180 of 180 Loss: 0.739094, L1(Flow): 0.673892, Reg: 0.065202
Epoch 43 Loss: 0.823307
Epoch 43 Validation: Mean EPE: 1.4329, Mean SSIM: 0.7764, Mean ZNCC: 0.9514
--> Saved to Top 5 best models (EPE: 1.4329)
Epoch 44 starts
Iter 10 of 180 Loss: 0.811633, L1(Flow): 0.736722, Reg: 0.074911
Iter 20 of 180 Loss: 0.863766, L1(Flow): 0.783029, Reg: 0.080737
Iter 30 of 180 Loss: 0.793352, L1(Flow): 0.720406, Reg: 0.072947
Iter 40 of 180 Loss: 0.726420, L1(Flow): 0.654032, Reg: 0.072388
Iter 50 of 180 Loss: 0.807171, L1(Flow): 0.736752, Reg: 0.070420
Iter 60 of 180 Loss: 0.789895, L1(Flow): 0.716187, Reg: 0.073708
Iter 70 of 180 Loss: 0.856801, L1(Flow): 0.777910, Reg: 0.078891
Iter 80 of 180 Loss: 0.795062, L1(Flow): 0.721537, Reg: 0.073525
Iter 90 of 180 Loss: 0.786591, L1(Flow): 0.715259, Reg: 0.071331
Iter 100 of 180 Loss: 0.817526, L1(Flow): 0.740027, Reg: 0.077499
Iter 110 of 180 Loss: 0.802016, L1(Flow): 0.730462, Reg: 0.071554
Iter 120 of 180 Loss: 0.790564, L1(Flow): 0.715148, Reg: 0.075416
Iter 130 of 180 Loss: 0.820589, L1(Flow): 0.741278, Reg: 0.079310
Iter 140 of 180 Loss: 0.869160, L1(Flow): 0.789136, Reg: 0.080023
Iter 150 of 180 Loss: 0.736356, L1(Flow): 0.666512, Reg: 0.069844
Iter 160 of 180 Loss: 0.808401, L1(Flow): 0.735488, Reg: 0.072912
Iter 170 of 180 Loss: 0.870684, L1(Flow): 0.791287, Reg: 0.079397
Iter 180 of 180 Loss: 0.799592, L1(Flow): 0.725550, Reg: 0.074042
Epoch 44 Loss: 0.805927
Epoch 44 Validation: Mean EPE: 1.3962, Mean SSIM: 0.7828, Mean ZNCC: 0.9535
--> Saved to Top 5 best models (EPE: 1.3962)
--> New absolute BEST model updated with EPE: 1.3962
Epoch 45 starts
Iter 10 of 180 Loss: 0.822162, L1(Flow): 0.749129, Reg: 0.073033
Iter 20 of 180 Loss: 0.699031, L1(Flow): 0.636980, Reg: 0.062051
Iter 30 of 180 Loss: 0.762568, L1(Flow): 0.692898, Reg: 0.069671
Iter 40 of 180 Loss: 0.821057, L1(Flow): 0.744558, Reg: 0.076499
Iter 50 of 180 Loss: 0.897617, L1(Flow): 0.815243, Reg: 0.082373
Iter 60 of 180 Loss: 0.815262, L1(Flow): 0.745340, Reg: 0.069922
Iter 70 of 180 Loss: 0.858724, L1(Flow): 0.783820, Reg: 0.074904
Iter 80 of 180 Loss: 0.803546, L1(Flow): 0.731667, Reg: 0.071879
Iter 90 of 180 Loss: 0.836304, L1(Flow): 0.762146, Reg: 0.074159
Iter 100 of 180 Loss: 0.897675, L1(Flow): 0.820411, Reg: 0.077263
Iter 110 of 180 Loss: 0.857245, L1(Flow): 0.778679, Reg: 0.078566
Iter 120 of 180 Loss: 0.809035, L1(Flow): 0.736055, Reg: 0.072980
Iter 130 of 180 Loss: 0.790778, L1(Flow): 0.714950, Reg: 0.075828
Iter 140 of 180 Loss: 0.798469, L1(Flow): 0.725400, Reg: 0.073069
Iter 150 of 180 Loss: 0.784768, L1(Flow): 0.712812, Reg: 0.071956
Iter 160 of 180 Loss: 0.747815, L1(Flow): 0.680108, Reg: 0.067707
Iter 170 of 180 Loss: 0.826899, L1(Flow): 0.750635, Reg: 0.076264
Iter 180 of 180 Loss: 0.789458, L1(Flow): 0.718076, Reg: 0.071382
Epoch 45 Loss: 0.805256
Epoch 45 Validation: Mean EPE: 1.4110, Mean SSIM: 0.7798, Mean ZNCC: 0.9528
--> Saved to Top 5 best models (EPE: 1.4110)
Epoch 46 starts
Iter 10 of 180 Loss: 0.780072, L1(Flow): 0.708789, Reg: 0.071283
Iter 20 of 180 Loss: 0.761357, L1(Flow): 0.689650, Reg: 0.071707
Iter 30 of 180 Loss: 0.859062, L1(Flow): 0.777258, Reg: 0.081805
Iter 40 of 180 Loss: 0.755185, L1(Flow): 0.690635, Reg: 0.064550
Iter 50 of 180 Loss: 0.951519, L1(Flow): 0.866056, Reg: 0.085464
Iter 60 of 180 Loss: 0.796669, L1(Flow): 0.720041, Reg: 0.076628
Iter 70 of 180 Loss: 0.765159, L1(Flow): 0.696871, Reg: 0.068288
Iter 80 of 180 Loss: 0.773110, L1(Flow): 0.700781, Reg: 0.072329
Iter 90 of 180 Loss: 0.773248, L1(Flow): 0.701133, Reg: 0.072115
Iter 100 of 180 Loss: 0.835023, L1(Flow): 0.756075, Reg: 0.078948
Iter 110 of 180 Loss: 0.788926, L1(Flow): 0.716799, Reg: 0.072127
Iter 120 of 180 Loss: 0.756236, L1(Flow): 0.690052, Reg: 0.066184
Iter 130 of 180 Loss: 0.829564, L1(Flow): 0.748823, Reg: 0.080741
Iter 140 of 180 Loss: 0.831865, L1(Flow): 0.758644, Reg: 0.073221
Iter 150 of 180 Loss: 0.809322, L1(Flow): 0.735226, Reg: 0.074096
Iter 160 of 180 Loss: 0.761350, L1(Flow): 0.687888, Reg: 0.073463
Iter 170 of 180 Loss: 0.760959, L1(Flow): 0.686994, Reg: 0.073965
Iter 180 of 180 Loss: 0.753091, L1(Flow): 0.680698, Reg: 0.072393
Epoch 46 Loss: 0.793828
Epoch 46 Validation: Mean EPE: 1.3825, Mean SSIM: 0.7843, Mean ZNCC: 0.9540
--> Saved to Top 5 best models (EPE: 1.3825)
--> New absolute BEST model updated with EPE: 1.3825
Epoch 47 starts
Iter 10 of 180 Loss: 0.740018, L1(Flow): 0.665325, Reg: 0.074693
Iter 20 of 180 Loss: 0.714100, L1(Flow): 0.647649, Reg: 0.066451
Iter 30 of 180 Loss: 0.822998, L1(Flow): 0.747149, Reg: 0.075849
Iter 40 of 180 Loss: 0.767484, L1(Flow): 0.695796, Reg: 0.071687
Iter 50 of 180 Loss: 0.688481, L1(Flow): 0.624806, Reg: 0.063675
Iter 60 of 180 Loss: 0.822365, L1(Flow): 0.743016, Reg: 0.079349
Iter 70 of 180 Loss: 0.749263, L1(Flow): 0.681709, Reg: 0.067554
Iter 80 of 180 Loss: 0.776225, L1(Flow): 0.708050, Reg: 0.068174
Iter 90 of 180 Loss: 0.802078, L1(Flow): 0.725672, Reg: 0.076406
Iter 100 of 180 Loss: 0.783485, L1(Flow): 0.707232, Reg: 0.076253
Iter 110 of 180 Loss: 0.798530, L1(Flow): 0.726323, Reg: 0.072207
Iter 120 of 180 Loss: 0.833190, L1(Flow): 0.757258, Reg: 0.075932
Iter 130 of 180 Loss: 0.718459, L1(Flow): 0.654225, Reg: 0.064235
Iter 140 of 180 Loss: 0.743853, L1(Flow): 0.672678, Reg: 0.071175
Iter 150 of 180 Loss: 0.766055, L1(Flow): 0.696498, Reg: 0.069557
Iter 160 of 180 Loss: 0.792508, L1(Flow): 0.717213, Reg: 0.075296
Iter 170 of 180 Loss: 0.762280, L1(Flow): 0.687965, Reg: 0.074316
Iter 180 of 180 Loss: 0.833893, L1(Flow): 0.755410, Reg: 0.078484
Epoch 47 Loss: 0.779483
Epoch 47 Validation: Mean EPE: 1.3700, Mean SSIM: 0.7858, Mean ZNCC: 0.9539
--> Saved to Top 5 best models (EPE: 1.3700)
--> New absolute BEST model updated with EPE: 1.3700
Epoch 48 starts
Iter 10 of 180 Loss: 0.794088, L1(Flow): 0.717935, Reg: 0.076153
Iter 20 of 180 Loss: 0.777069, L1(Flow): 0.700187, Reg: 0.076883
Iter 30 of 180 Loss: 0.767146, L1(Flow): 0.696015, Reg: 0.071131
Iter 40 of 180 Loss: 0.781768, L1(Flow): 0.706116, Reg: 0.075652
Iter 50 of 180 Loss: 0.745175, L1(Flow): 0.679315, Reg: 0.065860
Iter 60 of 180 Loss: 0.801983, L1(Flow): 0.730681, Reg: 0.071302
Iter 70 of 180 Loss: 0.744811, L1(Flow): 0.673054, Reg: 0.071757
Iter 80 of 180 Loss: 0.707577, L1(Flow): 0.638558, Reg: 0.069019
Iter 90 of 180 Loss: 0.711879, L1(Flow): 0.644872, Reg: 0.067007
Iter 100 of 180 Loss: 0.766822, L1(Flow): 0.695001, Reg: 0.071821
Iter 110 of 180 Loss: 0.785648, L1(Flow): 0.710019, Reg: 0.075630
Iter 120 of 180 Loss: 0.768108, L1(Flow): 0.699739, Reg: 0.068370
Iter 130 of 180 Loss: 0.718571, L1(Flow): 0.649003, Reg: 0.069568
Iter 140 of 180 Loss: 0.802339, L1(Flow): 0.721885, Reg: 0.080454
Iter 150 of 180 Loss: 0.773903, L1(Flow): 0.705297, Reg: 0.068605
Iter 160 of 180 Loss: 0.727430, L1(Flow): 0.661073, Reg: 0.066357
Iter 170 of 180 Loss: 0.751009, L1(Flow): 0.683253, Reg: 0.067755
Iter 180 of 180 Loss: 0.713089, L1(Flow): 0.644206, Reg: 0.068884
Epoch 48 Loss: 0.771383
Epoch 48 Validation: Mean EPE: 1.3649, Mean SSIM: 0.7863, Mean ZNCC: 0.9543
--> Saved to Top 5 best models (EPE: 1.3649)
--> New absolute BEST model updated with EPE: 1.3649
Epoch 49 starts
Iter 10 of 180 Loss: 0.817994, L1(Flow): 0.741854, Reg: 0.076140
Iter 20 of 180 Loss: 0.762146, L1(Flow): 0.690894, Reg: 0.071252
Iter 30 of 180 Loss: 0.794681, L1(Flow): 0.721208, Reg: 0.073473
Iter 40 of 180 Loss: 0.825848, L1(Flow): 0.754054, Reg: 0.071795
Iter 50 of 180 Loss: 0.792056, L1(Flow): 0.714463, Reg: 0.077594
Iter 60 of 180 Loss: 0.772141, L1(Flow): 0.696537, Reg: 0.075604
Iter 70 of 180 Loss: 0.784335, L1(Flow): 0.707883, Reg: 0.076452
Iter 80 of 180 Loss: 0.807521, L1(Flow): 0.729156, Reg: 0.078365
Iter 90 of 180 Loss: 0.787020, L1(Flow): 0.710511, Reg: 0.076509
Iter 100 of 180 Loss: 0.818976, L1(Flow): 0.744565, Reg: 0.074412
Iter 110 of 180 Loss: 0.716160, L1(Flow): 0.651085, Reg: 0.065075
Iter 120 of 180 Loss: 0.746964, L1(Flow): 0.674404, Reg: 0.072560
Iter 130 of 180 Loss: 0.763252, L1(Flow): 0.691484, Reg: 0.071767
Iter 140 of 180 Loss: 0.768016, L1(Flow): 0.697937, Reg: 0.070079
Iter 150 of 180 Loss: 0.702553, L1(Flow): 0.632702, Reg: 0.069851
Iter 160 of 180 Loss: 0.797228, L1(Flow): 0.720716, Reg: 0.076512
Iter 170 of 180 Loss: 0.741553, L1(Flow): 0.673174, Reg: 0.068379
Iter 180 of 180 Loss: 0.707587, L1(Flow): 0.640408, Reg: 0.067179
Epoch 49 Loss: 0.766320
Epoch 49 Validation: Mean EPE: 1.3599, Mean SSIM: 0.7882, Mean ZNCC: 0.9555
--> Saved to Top 5 best models (EPE: 1.3599)
--> New absolute BEST model updated with EPE: 1.3599
Epoch 50 starts
Iter 10 of 180 Loss: 0.748744, L1(Flow): 0.676875, Reg: 0.071869
Iter 20 of 180 Loss: 0.737355, L1(Flow): 0.663850, Reg: 0.073505
Iter 30 of 180 Loss: 0.739536, L1(Flow): 0.668875, Reg: 0.070661
Iter 40 of 180 Loss: 0.766025, L1(Flow): 0.692067, Reg: 0.073958
Iter 50 of 180 Loss: 0.699956, L1(Flow): 0.633980, Reg: 0.065977
Iter 60 of 180 Loss: 0.657269, L1(Flow): 0.594117, Reg: 0.063152
Iter 70 of 180 Loss: 0.770948, L1(Flow): 0.696177, Reg: 0.074771
Iter 80 of 180 Loss: 0.700211, L1(Flow): 0.636591, Reg: 0.063620
Iter 90 of 180 Loss: 0.862992, L1(Flow): 0.777182, Reg: 0.085810
Iter 100 of 180 Loss: 0.704000, L1(Flow): 0.630166, Reg: 0.073834
Iter 110 of 180 Loss: 0.754792, L1(Flow): 0.679964, Reg: 0.074828
Iter 120 of 180 Loss: 0.739925, L1(Flow): 0.671090, Reg: 0.068835
Iter 130 of 180 Loss: 0.747773, L1(Flow): 0.682958, Reg: 0.064815
Iter 140 of 180 Loss: 0.759228, L1(Flow): 0.684077, Reg: 0.075151
Iter 150 of 180 Loss: 0.711747, L1(Flow): 0.642288, Reg: 0.069458
Iter 160 of 180 Loss: 0.673847, L1(Flow): 0.609967, Reg: 0.063880
Iter 170 of 180 Loss: 0.673397, L1(Flow): 0.611176, Reg: 0.062220
Iter 180 of 180 Loss: 0.798318, L1(Flow): 0.719427, Reg: 0.078891
Epoch 50 Loss: 0.752355
Epoch 50 Validation: Mean EPE: 1.3533, Mean SSIM: 0.7871, Mean ZNCC: 0.9551
--> Saved to Top 5 best models (EPE: 1.3533)
--> New absolute BEST model updated with EPE: 1.3533
Epoch 51 starts
Iter 10 of 180 Loss: 0.768659, L1(Flow): 0.695412, Reg: 0.073248
Iter 20 of 180 Loss: 0.691660, L1(Flow): 0.624923, Reg: 0.066736
Iter 30 of 180 Loss: 0.699191, L1(Flow): 0.633737, Reg: 0.065454
Iter 40 of 180 Loss: 0.761417, L1(Flow): 0.688867, Reg: 0.072549
Iter 50 of 180 Loss: 0.778602, L1(Flow): 0.700201, Reg: 0.078401
Iter 60 of 180 Loss: 0.772381, L1(Flow): 0.694852, Reg: 0.077528
Iter 70 of 180 Loss: 0.750742, L1(Flow): 0.678460, Reg: 0.072282
Iter 80 of 180 Loss: 0.733721, L1(Flow): 0.660004, Reg: 0.073716
Iter 90 of 180 Loss: 0.680022, L1(Flow): 0.618176, Reg: 0.061845
Iter 100 of 180 Loss: 0.761412, L1(Flow): 0.689747, Reg: 0.071664
Iter 110 of 180 Loss: 0.779456, L1(Flow): 0.709161, Reg: 0.070295
Iter 120 of 180 Loss: 0.745580, L1(Flow): 0.675408, Reg: 0.070172
Iter 130 of 180 Loss: 0.762123, L1(Flow): 0.686739, Reg: 0.075385
Iter 140 of 180 Loss: 0.725295, L1(Flow): 0.657559, Reg: 0.067736
Iter 150 of 180 Loss: 0.743874, L1(Flow): 0.672496, Reg: 0.071378
Iter 160 of 180 Loss: 0.728075, L1(Flow): 0.660652, Reg: 0.067422
Iter 170 of 180 Loss: 0.743518, L1(Flow): 0.671715, Reg: 0.071802
Iter 180 of 180 Loss: 0.758778, L1(Flow): 0.688987, Reg: 0.069791
Epoch 51 Loss: 0.742036
Epoch 51 Validation: Mean EPE: 1.3548, Mean SSIM: 0.7869, Mean ZNCC: 0.9551
--> Saved to Top 5 best models (EPE: 1.3548)
Epoch 52 starts
Iter 10 of 180 Loss: 0.702081, L1(Flow): 0.635005, Reg: 0.067076
Iter 20 of 180 Loss: 0.654594, L1(Flow): 0.594176, Reg: 0.060418
Iter 30 of 180 Loss: 0.747069, L1(Flow): 0.672460, Reg: 0.074609
Iter 40 of 180 Loss: 0.723989, L1(Flow): 0.650392, Reg: 0.073596
Iter 50 of 180 Loss: 0.704482, L1(Flow): 0.637757, Reg: 0.066725
Iter 60 of 180 Loss: 0.677080, L1(Flow): 0.610354, Reg: 0.066725
Iter 70 of 180 Loss: 0.730486, L1(Flow): 0.658127, Reg: 0.072359
Iter 80 of 180 Loss: 0.706535, L1(Flow): 0.638247, Reg: 0.068288
Iter 90 of 180 Loss: 0.751384, L1(Flow): 0.680117, Reg: 0.071267
Iter 100 of 180 Loss: 0.742246, L1(Flow): 0.671284, Reg: 0.070962
Iter 110 of 180 Loss: 0.729196, L1(Flow): 0.659276, Reg: 0.069920
Iter 120 of 180 Loss: 0.706108, L1(Flow): 0.638801, Reg: 0.067307
Iter 130 of 180 Loss: 0.715986, L1(Flow): 0.647977, Reg: 0.068009
Iter 140 of 180 Loss: 0.690883, L1(Flow): 0.620932, Reg: 0.069951
Iter 150 of 180 Loss: 0.790066, L1(Flow): 0.712393, Reg: 0.077673
Iter 160 of 180 Loss: 0.730102, L1(Flow): 0.658221, Reg: 0.071881
Iter 170 of 180 Loss: 0.763356, L1(Flow): 0.691373, Reg: 0.071984
Iter 180 of 180 Loss: 0.672605, L1(Flow): 0.607469, Reg: 0.065137
Epoch 52 Loss: 0.733186
Epoch 52 Validation: Mean EPE: 1.3442, Mean SSIM: 0.7888, Mean ZNCC: 0.9559
--> Saved to Top 5 best models (EPE: 1.3442)
--> New absolute BEST model updated with EPE: 1.3442
Epoch 53 starts
Iter 10 of 180 Loss: 0.670246, L1(Flow): 0.603645, Reg: 0.066601
Iter 20 of 180 Loss: 0.699904, L1(Flow): 0.629432, Reg: 0.070472
Iter 30 of 180 Loss: 0.707361, L1(Flow): 0.635155, Reg: 0.072206
Iter 40 of 180 Loss: 0.814207, L1(Flow): 0.737726, Reg: 0.076481
Iter 50 of 180 Loss: 0.781143, L1(Flow): 0.705127, Reg: 0.076016
Iter 60 of 180 Loss: 0.750108, L1(Flow): 0.677111, Reg: 0.072997
Iter 70 of 180 Loss: 0.784342, L1(Flow): 0.703253, Reg: 0.081088
Iter 80 of 180 Loss: 0.766765, L1(Flow): 0.690324, Reg: 0.076441
Iter 90 of 180 Loss: 0.751649, L1(Flow): 0.679716, Reg: 0.071933
Iter 100 of 180 Loss: 0.718318, L1(Flow): 0.648544, Reg: 0.069774
Iter 110 of 180 Loss: 0.701031, L1(Flow): 0.636215, Reg: 0.064816
Iter 120 of 180 Loss: 0.762202, L1(Flow): 0.686052, Reg: 0.076150
Iter 130 of 180 Loss: 0.688531, L1(Flow): 0.622021, Reg: 0.066510
Iter 140 of 180 Loss: 0.707316, L1(Flow): 0.639616, Reg: 0.067700
Iter 150 of 180 Loss: 0.690035, L1(Flow): 0.628151, Reg: 0.061883
Iter 160 of 180 Loss: 0.712874, L1(Flow): 0.642602, Reg: 0.070272
Iter 170 of 180 Loss: 0.726167, L1(Flow): 0.656890, Reg: 0.069277
Iter 180 of 180 Loss: 0.694787, L1(Flow): 0.636195, Reg: 0.058592
Epoch 53 Loss: 0.734256
Epoch 53 Validation: Mean EPE: 1.3459, Mean SSIM: 0.7868, Mean ZNCC: 0.9553
--> Saved to Top 5 best models (EPE: 1.3459)
Epoch 54 starts
Iter 10 of 180 Loss: 0.721071, L1(Flow): 0.650045, Reg: 0.071026
Iter 20 of 180 Loss: 0.709805, L1(Flow): 0.644056, Reg: 0.065749
Iter 30 of 180 Loss: 0.738040, L1(Flow): 0.669985, Reg: 0.068054
Iter 40 of 180 Loss: 0.777479, L1(Flow): 0.698932, Reg: 0.078548
Iter 50 of 180 Loss: 0.730567, L1(Flow): 0.654842, Reg: 0.075724
Iter 60 of 180 Loss: 0.748325, L1(Flow): 0.675086, Reg: 0.073239
Iter 70 of 180 Loss: 0.776762, L1(Flow): 0.700655, Reg: 0.076107
Iter 80 of 180 Loss: 0.667939, L1(Flow): 0.602007, Reg: 0.065932
Iter 90 of 180 Loss: 0.728030, L1(Flow): 0.657365, Reg: 0.070666
Iter 100 of 180 Loss: 0.680346, L1(Flow): 0.617475, Reg: 0.062871
Iter 110 of 180 Loss: 0.717233, L1(Flow): 0.654431, Reg: 0.062802
Iter 120 of 180 Loss: 0.700530, L1(Flow): 0.628533, Reg: 0.071997
Iter 130 of 180 Loss: 0.812542, L1(Flow): 0.730870, Reg: 0.081672
Iter 140 of 180 Loss: 0.669819, L1(Flow): 0.605519, Reg: 0.064300
Iter 150 of 180 Loss: 0.753819, L1(Flow): 0.681052, Reg: 0.072767
Iter 160 of 180 Loss: 0.651032, L1(Flow): 0.590615, Reg: 0.060417
Iter 170 of 180 Loss: 0.766505, L1(Flow): 0.697862, Reg: 0.068643
Iter 180 of 180 Loss: 0.671595, L1(Flow): 0.609394, Reg: 0.062201
Epoch 54 Loss: 0.720782
Epoch 54 Validation: Mean EPE: 1.3275, Mean SSIM: 0.7914, Mean ZNCC: 0.9564
--> Saved to Top 5 best models (EPE: 1.3275)
--> New absolute BEST model updated with EPE: 1.3275
Epoch 55 starts
Iter 10 of 180 Loss: 0.657313, L1(Flow): 0.595336, Reg: 0.061977
Iter 20 of 180 Loss: 0.631419, L1(Flow): 0.571016, Reg: 0.060404
Iter 30 of 180 Loss: 0.701904, L1(Flow): 0.630596, Reg: 0.071308
Iter 40 of 180 Loss: 0.652181, L1(Flow): 0.590034, Reg: 0.062147
Iter 50 of 180 Loss: 0.675320, L1(Flow): 0.608003, Reg: 0.067318
Iter 60 of 180 Loss: 0.679034, L1(Flow): 0.613339, Reg: 0.065695
Iter 70 of 180 Loss: 0.789049, L1(Flow): 0.717221, Reg: 0.071827
Iter 80 of 180 Loss: 0.695753, L1(Flow): 0.627960, Reg: 0.067794
Iter 90 of 180 Loss: 0.710908, L1(Flow): 0.641793, Reg: 0.069115
Iter 100 of 180 Loss: 0.708079, L1(Flow): 0.644600, Reg: 0.063479
Iter 110 of 180 Loss: 0.705059, L1(Flow): 0.636211, Reg: 0.068848
Iter 120 of 180 Loss: 0.684708, L1(Flow): 0.617793, Reg: 0.066916
Iter 130 of 180 Loss: 0.781943, L1(Flow): 0.708071, Reg: 0.073872
Iter 140 of 180 Loss: 0.750946, L1(Flow): 0.674547, Reg: 0.076400
Iter 150 of 180 Loss: 0.717519, L1(Flow): 0.651436, Reg: 0.066083
Iter 160 of 180 Loss: 0.699784, L1(Flow): 0.636522, Reg: 0.063262
Iter 170 of 180 Loss: 0.690608, L1(Flow): 0.619731, Reg: 0.070878
Iter 180 of 180 Loss: 0.671226, L1(Flow): 0.606647, Reg: 0.064579
Epoch 55 Loss: 0.718610
Epoch 55 Validation: Mean EPE: 1.3043, Mean SSIM: 0.7944, Mean ZNCC: 0.9574
--> Saved to Top 5 best models (EPE: 1.3043)
--> New absolute BEST model updated with EPE: 1.3043
Epoch 56 starts
Iter 10 of 180 Loss: 0.755180, L1(Flow): 0.678215, Reg: 0.076965
Iter 20 of 180 Loss: 0.728678, L1(Flow): 0.655078, Reg: 0.073599
Iter 30 of 180 Loss: 0.739261, L1(Flow): 0.663705, Reg: 0.075555
Iter 40 of 180 Loss: 0.761595, L1(Flow): 0.683785, Reg: 0.077810
Iter 50 of 180 Loss: 0.727854, L1(Flow): 0.655514, Reg: 0.072341
Iter 60 of 180 Loss: 0.751004, L1(Flow): 0.680421, Reg: 0.070583
Iter 70 of 180 Loss: 0.674708, L1(Flow): 0.604093, Reg: 0.070615
Iter 80 of 180 Loss: 0.688150, L1(Flow): 0.620438, Reg: 0.067713
Iter 90 of 180 Loss: 0.674582, L1(Flow): 0.609875, Reg: 0.064707
Iter 100 of 180 Loss: 0.672455, L1(Flow): 0.608976, Reg: 0.063479
Iter 110 of 180 Loss: 0.673880, L1(Flow): 0.607091, Reg: 0.066789
Iter 120 of 180 Loss: 0.679983, L1(Flow): 0.612247, Reg: 0.067737
Iter 130 of 180 Loss: 0.699150, L1(Flow): 0.633920, Reg: 0.065230
Iter 140 of 180 Loss: 0.717201, L1(Flow): 0.644726, Reg: 0.072474
Iter 150 of 180 Loss: 0.722363, L1(Flow): 0.654760, Reg: 0.067603
Iter 160 of 180 Loss: 0.722226, L1(Flow): 0.650680, Reg: 0.071546
Iter 170 of 180 Loss: 0.682154, L1(Flow): 0.615394, Reg: 0.066759
Iter 180 of 180 Loss: 0.732514, L1(Flow): 0.658974, Reg: 0.073539
Epoch 56 Loss: 0.703674
Epoch 56 Validation: Mean EPE: 1.2973, Mean SSIM: 0.7952, Mean ZNCC: 0.9576
--> Saved to Top 5 best models (EPE: 1.2973)
--> New absolute BEST model updated with EPE: 1.2973
Epoch 57 starts
Iter 10 of 180 Loss: 0.657907, L1(Flow): 0.592319, Reg: 0.065588
Iter 20 of 180 Loss: 0.689059, L1(Flow): 0.620002, Reg: 0.069056
Iter 30 of 180 Loss: 0.656426, L1(Flow): 0.590084, Reg: 0.066341
Iter 40 of 180 Loss: 0.654171, L1(Flow): 0.586428, Reg: 0.067743
Iter 50 of 180 Loss: 0.677309, L1(Flow): 0.607043, Reg: 0.070266
Iter 60 of 180 Loss: 0.697425, L1(Flow): 0.631393, Reg: 0.066032
Iter 70 of 180 Loss: 0.677060, L1(Flow): 0.612909, Reg: 0.064151
Iter 80 of 180 Loss: 0.723921, L1(Flow): 0.652745, Reg: 0.071175
Iter 90 of 180 Loss: 0.657079, L1(Flow): 0.595510, Reg: 0.061569
Iter 100 of 180 Loss: 0.729787, L1(Flow): 0.658834, Reg: 0.070953
Iter 110 of 180 Loss: 0.659770, L1(Flow): 0.598293, Reg: 0.061478
Iter 120 of 180 Loss: 0.653985, L1(Flow): 0.590344, Reg: 0.063642
Iter 130 of 180 Loss: 0.723161, L1(Flow): 0.650659, Reg: 0.072501
Iter 140 of 180 Loss: 0.722291, L1(Flow): 0.648121, Reg: 0.074170
Iter 150 of 180 Loss: 0.719803, L1(Flow): 0.646080, Reg: 0.073723
Iter 160 of 180 Loss: 0.709912, L1(Flow): 0.638027, Reg: 0.071884
Iter 170 of 180 Loss: 0.707579, L1(Flow): 0.638015, Reg: 0.069564
Iter 180 of 180 Loss: 0.769246, L1(Flow): 0.691417, Reg: 0.077829
Epoch 57 Loss: 0.694670
Epoch 57 Validation: Mean EPE: 1.2888, Mean SSIM: 0.7966, Mean ZNCC: 0.9581
--> Saved to Top 5 best models (EPE: 1.2888)
--> New absolute BEST model updated with EPE: 1.2888
Epoch 58 starts
Iter 10 of 180 Loss: 0.692094, L1(Flow): 0.621803, Reg: 0.070290
Iter 20 of 180 Loss: 0.710178, L1(Flow): 0.638756, Reg: 0.071422
Iter 30 of 180 Loss: 0.744831, L1(Flow): 0.670145, Reg: 0.074686
Iter 40 of 180 Loss: 0.731918, L1(Flow): 0.659312, Reg: 0.072606
Iter 50 of 180 Loss: 0.691595, L1(Flow): 0.623283, Reg: 0.068312
Iter 60 of 180 Loss: 0.690569, L1(Flow): 0.619375, Reg: 0.071194
Iter 70 of 180 Loss: 0.735534, L1(Flow): 0.658253, Reg: 0.077281
Iter 80 of 180 Loss: 0.676459, L1(Flow): 0.610903, Reg: 0.065556
Iter 90 of 180 Loss: 0.662315, L1(Flow): 0.591975, Reg: 0.070340
Iter 100 of 180 Loss: 0.645926, L1(Flow): 0.588249, Reg: 0.057677
Iter 110 of 180 Loss: 0.694548, L1(Flow): 0.627758, Reg: 0.066790
Iter 120 of 180 Loss: 0.634805, L1(Flow): 0.571344, Reg: 0.063461
Iter 130 of 180 Loss: 0.698405, L1(Flow): 0.630560, Reg: 0.067844
Iter 140 of 180 Loss: 0.752521, L1(Flow): 0.680347, Reg: 0.072174
Iter 150 of 180 Loss: 0.720167, L1(Flow): 0.646491, Reg: 0.073677
Iter 160 of 180 Loss: 0.672607, L1(Flow): 0.603312, Reg: 0.069295
Iter 170 of 180 Loss: 0.710911, L1(Flow): 0.646391, Reg: 0.064520
Iter 180 of 180 Loss: 0.745577, L1(Flow): 0.669327, Reg: 0.076250
Epoch 58 Loss: 0.692460
Epoch 58 Validation: Mean EPE: 1.2975, Mean SSIM: 0.7942, Mean ZNCC: 0.9578
--> Saved to Top 5 best models (EPE: 1.2975)
Epoch 59 starts
Iter 10 of 180 Loss: 0.688894, L1(Flow): 0.619471, Reg: 0.069424
Iter 20 of 180 Loss: 0.703809, L1(Flow): 0.634542, Reg: 0.069267
Iter 30 of 180 Loss: 0.712636, L1(Flow): 0.640441, Reg: 0.072195
Iter 40 of 180 Loss: 0.682683, L1(Flow): 0.610331, Reg: 0.072352
Iter 50 of 180 Loss: 0.667464, L1(Flow): 0.597813, Reg: 0.069651
Iter 60 of 180 Loss: 0.689781, L1(Flow): 0.616145, Reg: 0.073635
Iter 70 of 180 Loss: 0.664545, L1(Flow): 0.596439, Reg: 0.068106
Iter 80 of 180 Loss: 0.700100, L1(Flow): 0.630497, Reg: 0.069603
Iter 90 of 180 Loss: 0.705206, L1(Flow): 0.638772, Reg: 0.066434
Iter 100 of 180 Loss: 0.677749, L1(Flow): 0.608437, Reg: 0.069312
Iter 110 of 180 Loss: 0.731242, L1(Flow): 0.659681, Reg: 0.071561
Iter 120 of 180 Loss: 0.707124, L1(Flow): 0.632719, Reg: 0.074406
Iter 130 of 180 Loss: 0.645881, L1(Flow): 0.577327, Reg: 0.068554
Iter 140 of 180 Loss: 0.612732, L1(Flow): 0.547822, Reg: 0.064911
Iter 150 of 180 Loss: 0.620486, L1(Flow): 0.557980, Reg: 0.062506
Iter 160 of 180 Loss: 0.688552, L1(Flow): 0.626461, Reg: 0.062091
Iter 170 of 180 Loss: 0.710849, L1(Flow): 0.640290, Reg: 0.070559
Iter 180 of 180 Loss: 0.684929, L1(Flow): 0.615500, Reg: 0.069429
Epoch 59 Loss: 0.685264
Epoch 59 Validation: Mean EPE: 1.2841, Mean SSIM: 0.7969, Mean ZNCC: 0.9584
--> Saved to Top 5 best models (EPE: 1.2841)
--> New absolute BEST model updated with EPE: 1.2841
Epoch 60 starts
Iter 10 of 180 Loss: 0.695568, L1(Flow): 0.621811, Reg: 0.073757
Iter 20 of 180 Loss: 0.711608, L1(Flow): 0.638512, Reg: 0.073096
Iter 30 of 180 Loss: 0.674289, L1(Flow): 0.607239, Reg: 0.067050
Iter 40 of 180 Loss: 0.620055, L1(Flow): 0.558591, Reg: 0.061464
Iter 50 of 180 Loss: 0.770217, L1(Flow): 0.695637, Reg: 0.074580
Iter 60 of 180 Loss: 0.699194, L1(Flow): 0.630217, Reg: 0.068977
Iter 70 of 180 Loss: 0.625689, L1(Flow): 0.563344, Reg: 0.062345
Iter 80 of 180 Loss: 0.678716, L1(Flow): 0.610680, Reg: 0.068036
Iter 90 of 180 Loss: 0.627176, L1(Flow): 0.566151, Reg: 0.061025
Iter 100 of 180 Loss: 0.683591, L1(Flow): 0.619010, Reg: 0.064581
Iter 110 of 180 Loss: 0.741105, L1(Flow): 0.667833, Reg: 0.073272
Iter 120 of 180 Loss: 0.670103, L1(Flow): 0.607130, Reg: 0.062973
Iter 130 of 180 Loss: 0.686043, L1(Flow): 0.618647, Reg: 0.067396
Iter 140 of 180 Loss: 0.685231, L1(Flow): 0.619311, Reg: 0.065920
Iter 150 of 180 Loss: 0.677388, L1(Flow): 0.612399, Reg: 0.064989
Iter 160 of 180 Loss: 0.678843, L1(Flow): 0.611305, Reg: 0.067538
Iter 170 of 180 Loss: 0.635787, L1(Flow): 0.571331, Reg: 0.064456
Iter 180 of 180 Loss: 0.748404, L1(Flow): 0.671159, Reg: 0.077245
Epoch 60 Loss: 0.677430
Epoch 60 Validation: Mean EPE: 1.2799, Mean SSIM: 0.7953, Mean ZNCC: 0.9583
--> Saved to Top 5 best models (EPE: 1.2799)
--> New absolute BEST model updated with EPE: 1.2799
Epoch 61 starts
Iter 10 of 180 Loss: 0.709228, L1(Flow): 0.636053, Reg: 0.073175
Iter 20 of 180 Loss: 0.709171, L1(Flow): 0.639948, Reg: 0.069223
Iter 30 of 180 Loss: 0.655521, L1(Flow): 0.590559, Reg: 0.064962
Iter 40 of 180 Loss: 0.631185, L1(Flow): 0.564021, Reg: 0.067164
Iter 50 of 180 Loss: 0.697167, L1(Flow): 0.623169, Reg: 0.073998
Iter 60 of 180 Loss: 0.700252, L1(Flow): 0.626616, Reg: 0.073637
Iter 70 of 180 Loss: 0.638017, L1(Flow): 0.571996, Reg: 0.066020
Iter 80 of 180 Loss: 0.732392, L1(Flow): 0.657391, Reg: 0.075001
Iter 90 of 180 Loss: 0.635455, L1(Flow): 0.571943, Reg: 0.063513
Iter 100 of 180 Loss: 0.656704, L1(Flow): 0.591163, Reg: 0.065540
Iter 110 of 180 Loss: 0.640778, L1(Flow): 0.576340, Reg: 0.064438
Iter 120 of 180 Loss: 0.657729, L1(Flow): 0.588347, Reg: 0.069382
Iter 130 of 180 Loss: 0.678909, L1(Flow): 0.613399, Reg: 0.065511
Iter 140 of 180 Loss: 0.692403, L1(Flow): 0.626594, Reg: 0.065809
Iter 150 of 180 Loss: 0.651589, L1(Flow): 0.587498, Reg: 0.064091
Iter 160 of 180 Loss: 0.689822, L1(Flow): 0.622572, Reg: 0.067251
Iter 170 of 180 Loss: 0.654577, L1(Flow): 0.590184, Reg: 0.064393
Iter 180 of 180 Loss: 0.592896, L1(Flow): 0.534776, Reg: 0.058120
Epoch 61 Loss: 0.670627
Epoch 61 Validation: Mean EPE: 1.3050, Mean SSIM: 0.7917, Mean ZNCC: 0.9577
Epoch 62 starts
Iter 10 of 180 Loss: 0.637412, L1(Flow): 0.570215, Reg: 0.067196
Iter 20 of 180 Loss: 0.653669, L1(Flow): 0.582238, Reg: 0.071431
Iter 30 of 180 Loss: 0.642533, L1(Flow): 0.575972, Reg: 0.066561
Iter 40 of 180 Loss: 0.687544, L1(Flow): 0.614937, Reg: 0.072607
Iter 50 of 180 Loss: 0.721370, L1(Flow): 0.644918, Reg: 0.076451
Iter 60 of 180 Loss: 0.595710, L1(Flow): 0.535948, Reg: 0.059762
Iter 70 of 180 Loss: 0.688033, L1(Flow): 0.617324, Reg: 0.070709
Iter 80 of 180 Loss: 0.685107, L1(Flow): 0.613383, Reg: 0.071724
Iter 90 of 180 Loss: 0.722826, L1(Flow): 0.650902, Reg: 0.071923
Iter 100 of 180 Loss: 0.686314, L1(Flow): 0.616330, Reg: 0.069985
Iter 110 of 180 Loss: 0.695496, L1(Flow): 0.626515, Reg: 0.068981
Iter 120 of 180 Loss: 0.708034, L1(Flow): 0.637335, Reg: 0.070699
Iter 130 of 180 Loss: 0.680820, L1(Flow): 0.612925, Reg: 0.067895
Iter 140 of 180 Loss: 0.612277, L1(Flow): 0.549840, Reg: 0.062437
Iter 150 of 180 Loss: 0.702854, L1(Flow): 0.633771, Reg: 0.069082
Iter 160 of 180 Loss: 0.696245, L1(Flow): 0.626561, Reg: 0.069684
Iter 170 of 180 Loss: 0.660134, L1(Flow): 0.594554, Reg: 0.065580
Iter 180 of 180 Loss: 0.689821, L1(Flow): 0.618596, Reg: 0.071224
Epoch 62 Loss: 0.663893
Epoch 62 Validation: Mean EPE: 1.2741, Mean SSIM: 0.7964, Mean ZNCC: 0.9584
--> Saved to Top 5 best models (EPE: 1.2741)
--> New absolute BEST model updated with EPE: 1.2741
Epoch 63 starts
Iter 10 of 180 Loss: 0.595608, L1(Flow): 0.535362, Reg: 0.060246
Iter 20 of 180 Loss: 0.692277, L1(Flow): 0.621055, Reg: 0.071222
Iter 30 of 180 Loss: 0.636863, L1(Flow): 0.575844, Reg: 0.061019
Iter 40 of 180 Loss: 0.677803, L1(Flow): 0.607859, Reg: 0.069943
Iter 50 of 180 Loss: 0.685060, L1(Flow): 0.617582, Reg: 0.067478
Iter 60 of 180 Loss: 0.649903, L1(Flow): 0.585698, Reg: 0.064204
Iter 70 of 180 Loss: 0.639941, L1(Flow): 0.570461, Reg: 0.069480
Iter 80 of 180 Loss: 0.685211, L1(Flow): 0.612128, Reg: 0.073083
Iter 90 of 180 Loss: 0.722763, L1(Flow): 0.647996, Reg: 0.074768
Iter 100 of 180 Loss: 0.708134, L1(Flow): 0.631462, Reg: 0.076671
Iter 110 of 180 Loss: 0.665764, L1(Flow): 0.598555, Reg: 0.067209
Iter 120 of 180 Loss: 0.577267, L1(Flow): 0.520439, Reg: 0.056828
Iter 130 of 180 Loss: 0.634412, L1(Flow): 0.572467, Reg: 0.061945
Iter 140 of 180 Loss: 0.613199, L1(Flow): 0.547900, Reg: 0.065299
Iter 150 of 180 Loss: 0.621588, L1(Flow): 0.557548, Reg: 0.064040
Iter 160 of 180 Loss: 0.646453, L1(Flow): 0.581391, Reg: 0.065062
Iter 170 of 180 Loss: 0.705359, L1(Flow): 0.640189, Reg: 0.065170
Iter 180 of 180 Loss: 0.688889, L1(Flow): 0.623808, Reg: 0.065081
Epoch 63 Loss: 0.662781
Epoch 63 Validation: Mean EPE: 1.2635, Mean SSIM: 0.7983, Mean ZNCC: 0.9588
--> Saved to Top 5 best models (EPE: 1.2635)
--> New absolute BEST model updated with EPE: 1.2635
Epoch 64 starts
Iter 10 of 180 Loss: 0.641156, L1(Flow): 0.573433, Reg: 0.067723
Iter 20 of 180 Loss: 0.640036, L1(Flow): 0.574025, Reg: 0.066011
Iter 30 of 180 Loss: 0.701417, L1(Flow): 0.628978, Reg: 0.072440
Iter 40 of 180 Loss: 0.621179, L1(Flow): 0.556951, Reg: 0.064228
Iter 50 of 180 Loss: 0.722846, L1(Flow): 0.649519, Reg: 0.073327
Iter 60 of 180 Loss: 0.664480, L1(Flow): 0.599414, Reg: 0.065066
Iter 70 of 180 Loss: 0.629575, L1(Flow): 0.565823, Reg: 0.063753
Iter 80 of 180 Loss: 0.611003, L1(Flow): 0.551801, Reg: 0.059202
Iter 90 of 180 Loss: 0.625187, L1(Flow): 0.563379, Reg: 0.061807
Iter 100 of 180 Loss: 0.644733, L1(Flow): 0.578822, Reg: 0.065911
Iter 110 of 180 Loss: 0.648970, L1(Flow): 0.581324, Reg: 0.067646
Iter 120 of 180 Loss: 0.651286, L1(Flow): 0.583232, Reg: 0.068054
Iter 130 of 180 Loss: 0.633443, L1(Flow): 0.568459, Reg: 0.064984
Iter 140 of 180 Loss: 0.674149, L1(Flow): 0.605586, Reg: 0.068563
Iter 150 of 180 Loss: 0.595015, L1(Flow): 0.537749, Reg: 0.057266
Iter 160 of 180 Loss: 0.714577, L1(Flow): 0.645653, Reg: 0.068924
Iter 170 of 180 Loss: 0.680313, L1(Flow): 0.610338, Reg: 0.069974
Iter 180 of 180 Loss: 0.639634, L1(Flow): 0.576964, Reg: 0.062670
Epoch 64 Loss: 0.652069
Epoch 64 Validation: Mean EPE: 1.2516, Mean SSIM: 0.8016, Mean ZNCC: 0.9600
--> Saved to Top 5 best models (EPE: 1.2516)
--> New absolute BEST model updated with EPE: 1.2516
Epoch 65 starts
Iter 10 of 180 Loss: 0.606108, L1(Flow): 0.545463, Reg: 0.060644
Iter 20 of 180 Loss: 0.666694, L1(Flow): 0.598539, Reg: 0.068155
Iter 30 of 180 Loss: 0.638196, L1(Flow): 0.570080, Reg: 0.068116
Iter 40 of 180 Loss: 0.649948, L1(Flow): 0.579374, Reg: 0.070574
Iter 50 of 180 Loss: 0.664783, L1(Flow): 0.603091, Reg: 0.061691
Iter 60 of 180 Loss: 0.660728, L1(Flow): 0.590704, Reg: 0.070023
Iter 70 of 180 Loss: 0.622798, L1(Flow): 0.558878, Reg: 0.063920
Iter 80 of 180 Loss: 0.674198, L1(Flow): 0.601825, Reg: 0.072373
Iter 90 of 180 Loss: 0.682533, L1(Flow): 0.615041, Reg: 0.067492
Iter 100 of 180 Loss: 0.626540, L1(Flow): 0.558610, Reg: 0.067931
Iter 110 of 180 Loss: 0.636660, L1(Flow): 0.567073, Reg: 0.069587
Iter 120 of 180 Loss: 0.693709, L1(Flow): 0.616422, Reg: 0.077287
Iter 130 of 180 Loss: 0.729801, L1(Flow): 0.650392, Reg: 0.079410
Iter 140 of 180 Loss: 0.677821, L1(Flow): 0.607210, Reg: 0.070611
Iter 150 of 180 Loss: 0.695066, L1(Flow): 0.626511, Reg: 0.068555
Iter 160 of 180 Loss: 0.639650, L1(Flow): 0.574766, Reg: 0.064884
Iter 170 of 180 Loss: 0.621253, L1(Flow): 0.555490, Reg: 0.065763
Iter 180 of 180 Loss: 0.686660, L1(Flow): 0.610916, Reg: 0.075745
Epoch 65 Loss: 0.653606
Epoch 65 Validation: Mean EPE: 1.2407, Mean SSIM: 0.8027, Mean ZNCC: 0.9599
--> Saved to Top 5 best models (EPE: 1.2407)
--> New absolute BEST model updated with EPE: 1.2407
Epoch 66 starts
Iter 10 of 180 Loss: 0.592285, L1(Flow): 0.532019, Reg: 0.060266
Iter 20 of 180 Loss: 0.694827, L1(Flow): 0.619164, Reg: 0.075664
Iter 30 of 180 Loss: 0.672247, L1(Flow): 0.605060, Reg: 0.067186
Iter 40 of 180 Loss: 0.674421, L1(Flow): 0.603793, Reg: 0.070628
Iter 50 of 180 Loss: 0.633940, L1(Flow): 0.567018, Reg: 0.066922
Iter 60 of 180 Loss: 0.622270, L1(Flow): 0.561009, Reg: 0.061260
Iter 70 of 180 Loss: 0.637149, L1(Flow): 0.571121, Reg: 0.066028
Iter 80 of 180 Loss: 0.639853, L1(Flow): 0.573810, Reg: 0.066043
Iter 90 of 180 Loss: 0.658630, L1(Flow): 0.588026, Reg: 0.070604
Iter 100 of 180 Loss: 0.641164, L1(Flow): 0.572433, Reg: 0.068731
Iter 110 of 180 Loss: 0.644486, L1(Flow): 0.577410, Reg: 0.067076
Iter 120 of 180 Loss: 0.695739, L1(Flow): 0.625162, Reg: 0.070577
Iter 130 of 180 Loss: 0.658793, L1(Flow): 0.592295, Reg: 0.066498
Iter 140 of 180 Loss: 0.611802, L1(Flow): 0.548070, Reg: 0.063732
Iter 150 of 180 Loss: 0.627385, L1(Flow): 0.561233, Reg: 0.066152
Iter 160 of 180 Loss: 0.690374, L1(Flow): 0.613074, Reg: 0.077300
Iter 170 of 180 Loss: 0.664829, L1(Flow): 0.600296, Reg: 0.064532
Iter 180 of 180 Loss: 0.610498, L1(Flow): 0.545949, Reg: 0.064550
Epoch 66 Loss: 0.641120
Epoch 66 Validation: Mean EPE: 1.2399, Mean SSIM: 0.8029, Mean ZNCC: 0.9600
--> Saved to Top 5 best models (EPE: 1.2399)
--> New absolute BEST model updated with EPE: 1.2399
Epoch 67 starts
Iter 10 of 180 Loss: 0.643231, L1(Flow): 0.574970, Reg: 0.068261
Iter 20 of 180 Loss: 0.624741, L1(Flow): 0.557341, Reg: 0.067400
Iter 30 of 180 Loss: 0.643155, L1(Flow): 0.575328, Reg: 0.067827
Iter 40 of 180 Loss: 0.661433, L1(Flow): 0.585950, Reg: 0.075483
Iter 50 of 180 Loss: 0.645330, L1(Flow): 0.577660, Reg: 0.067670
Iter 60 of 180 Loss: 0.636359, L1(Flow): 0.569566, Reg: 0.066792
Iter 70 of 180 Loss: 0.616509, L1(Flow): 0.549571, Reg: 0.066938
Iter 80 of 180 Loss: 0.613545, L1(Flow): 0.550870, Reg: 0.062675
Iter 90 of 180 Loss: 0.695861, L1(Flow): 0.619879, Reg: 0.075982
Iter 100 of 180 Loss: 0.635872, L1(Flow): 0.572289, Reg: 0.063582
Iter 110 of 180 Loss: 0.615904, L1(Flow): 0.549386, Reg: 0.066518
Iter 120 of 180 Loss: 0.608201, L1(Flow): 0.543910, Reg: 0.064291
Iter 130 of 180 Loss: 0.642602, L1(Flow): 0.575371, Reg: 0.067231
Iter 140 of 180 Loss: 0.650670, L1(Flow): 0.578330, Reg: 0.072340
Iter 150 of 180 Loss: 0.618885, L1(Flow): 0.552959, Reg: 0.065926
Iter 160 of 180 Loss: 0.662845, L1(Flow): 0.593468, Reg: 0.069377
Iter 170 of 180 Loss: 0.683335, L1(Flow): 0.614451, Reg: 0.068884
Iter 180 of 180 Loss: 0.584416, L1(Flow): 0.524381, Reg: 0.060035
Epoch 67 Loss: 0.632714
Epoch 67 Validation: Mean EPE: 1.2371, Mean SSIM: 0.8030, Mean ZNCC: 0.9601
--> Saved to Top 5 best models (EPE: 1.2371)
--> New absolute BEST model updated with EPE: 1.2371
Epoch 68 starts
Iter 10 of 180 Loss: 0.613757, L1(Flow): 0.548131, Reg: 0.065627
Iter 20 of 180 Loss: 0.691897, L1(Flow): 0.621778, Reg: 0.070119
Iter 30 of 180 Loss: 0.621159, L1(Flow): 0.554152, Reg: 0.067007
Iter 40 of 180 Loss: 0.632994, L1(Flow): 0.564040, Reg: 0.068953
Iter 50 of 180 Loss: 0.647058, L1(Flow): 0.580814, Reg: 0.066244
Iter 60 of 180 Loss: 0.609262, L1(Flow): 0.548734, Reg: 0.060528
Iter 70 of 180 Loss: 0.629526, L1(Flow): 0.565645, Reg: 0.063880
Iter 80 of 180 Loss: 0.594776, L1(Flow): 0.533781, Reg: 0.060994
Iter 90 of 180 Loss: 0.589203, L1(Flow): 0.528555, Reg: 0.060648
Iter 100 of 180 Loss: 0.632448, L1(Flow): 0.568223, Reg: 0.064224
Iter 110 of 180 Loss: 0.637734, L1(Flow): 0.574534, Reg: 0.063200
Iter 120 of 180 Loss: 0.613966, L1(Flow): 0.550627, Reg: 0.063339
Iter 130 of 180 Loss: 0.557628, L1(Flow): 0.503262, Reg: 0.054366
Iter 140 of 180 Loss: 0.631607, L1(Flow): 0.568318, Reg: 0.063289
Iter 150 of 180 Loss: 0.609165, L1(Flow): 0.542952, Reg: 0.066213
Iter 160 of 180 Loss: 0.622815, L1(Flow): 0.560129, Reg: 0.062686
Iter 170 of 180 Loss: 0.610616, L1(Flow): 0.548316, Reg: 0.062299
Iter 180 of 180 Loss: 0.664715, L1(Flow): 0.594049, Reg: 0.070666
Epoch 68 Loss: 0.628968
Epoch 68 Validation: Mean EPE: 1.2297, Mean SSIM: 0.8037, Mean ZNCC: 0.9604
--> Saved to Top 5 best models (EPE: 1.2297)
--> New absolute BEST model updated with EPE: 1.2297
Epoch 69 starts
Iter 10 of 180 Loss: 0.647276, L1(Flow): 0.577556, Reg: 0.069721
Iter 20 of 180 Loss: 0.650752, L1(Flow): 0.579748, Reg: 0.071004
Iter 30 of 180 Loss: 0.600801, L1(Flow): 0.536802, Reg: 0.063999
Iter 40 of 180 Loss: 0.596338, L1(Flow): 0.531588, Reg: 0.064750
Iter 50 of 180 Loss: 0.588381, L1(Flow): 0.524475, Reg: 0.063906
Iter 60 of 180 Loss: 0.627174, L1(Flow): 0.561015, Reg: 0.066160
Iter 70 of 180 Loss: 0.564573, L1(Flow): 0.508207, Reg: 0.056366
Iter 80 of 180 Loss: 0.611417, L1(Flow): 0.545596, Reg: 0.065821
Iter 90 of 180 Loss: 0.651882, L1(Flow): 0.579101, Reg: 0.072781
Iter 100 of 180 Loss: 0.589412, L1(Flow): 0.527077, Reg: 0.062335
Iter 110 of 180 Loss: 0.660650, L1(Flow): 0.597361, Reg: 0.063289
Iter 120 of 180 Loss: 0.593493, L1(Flow): 0.534454, Reg: 0.059040
Iter 130 of 180 Loss: 0.662176, L1(Flow): 0.591722, Reg: 0.070454
Iter 140 of 180 Loss: 0.637360, L1(Flow): 0.574604, Reg: 0.062756
Iter 150 of 180 Loss: 0.613800, L1(Flow): 0.555628, Reg: 0.058172
Iter 160 of 180 Loss: 0.628169, L1(Flow): 0.558839, Reg: 0.069330
Iter 170 of 180 Loss: 0.602855, L1(Flow): 0.536443, Reg: 0.066412
Iter 180 of 180 Loss: 0.591859, L1(Flow): 0.524669, Reg: 0.067190
Epoch 69 Loss: 0.623815
Epoch 69 Validation: Mean EPE: 1.2264, Mean SSIM: 0.8038, Mean ZNCC: 0.9603
--> Saved to Top 5 best models (EPE: 1.2264)
--> New absolute BEST model updated with EPE: 1.2264
Epoch 70 starts
Iter 10 of 180 Loss: 0.625175, L1(Flow): 0.561368, Reg: 0.063807
Iter 20 of 180 Loss: 0.615103, L1(Flow): 0.548219, Reg: 0.066884
Iter 30 of 180 Loss: 0.652394, L1(Flow): 0.584712, Reg: 0.067681
Iter 40 of 180 Loss: 0.603665, L1(Flow): 0.542465, Reg: 0.061200
Iter 50 of 180 Loss: 0.618547, L1(Flow): 0.556416, Reg: 0.062131
Iter 60 of 180 Loss: 0.603347, L1(Flow): 0.541464, Reg: 0.061883
Iter 70 of 180 Loss: 0.648152, L1(Flow): 0.575628, Reg: 0.072524
Iter 80 of 180 Loss: 0.562460, L1(Flow): 0.505966, Reg: 0.056495
Iter 90 of 180 Loss: 0.639768, L1(Flow): 0.575220, Reg: 0.064549
Iter 100 of 180 Loss: 0.639383, L1(Flow): 0.571044, Reg: 0.068339
Iter 110 of 180 Loss: 0.667877, L1(Flow): 0.599592, Reg: 0.068285
Iter 120 of 180 Loss: 0.610267, L1(Flow): 0.544989, Reg: 0.065278
Iter 130 of 180 Loss: 0.574567, L1(Flow): 0.516195, Reg: 0.058372
Iter 140 of 180 Loss: 0.616286, L1(Flow): 0.550956, Reg: 0.065330
Iter 150 of 180 Loss: 0.678719, L1(Flow): 0.613257, Reg: 0.065462
Iter 160 of 180 Loss: 0.600275, L1(Flow): 0.535746, Reg: 0.064530
Iter 170 of 180 Loss: 0.604316, L1(Flow): 0.541047, Reg: 0.063269
Iter 180 of 180 Loss: 0.535528, L1(Flow): 0.480194, Reg: 0.055335
Epoch 70 Loss: 0.621838
Epoch 70 Validation: Mean EPE: 1.2419, Mean SSIM: 0.8007, Mean ZNCC: 0.9597
Epoch 71 starts
Iter 10 of 180 Loss: 0.573656, L1(Flow): 0.514712, Reg: 0.058944
Iter 20 of 180 Loss: 0.658084, L1(Flow): 0.587836, Reg: 0.070248
Iter 30 of 180 Loss: 0.614968, L1(Flow): 0.547644, Reg: 0.067324
Iter 40 of 180 Loss: 0.619346, L1(Flow): 0.554010, Reg: 0.065335
Iter 50 of 180 Loss: 0.575537, L1(Flow): 0.515588, Reg: 0.059949
Iter 60 of 180 Loss: 0.648239, L1(Flow): 0.583582, Reg: 0.064657
Iter 70 of 180 Loss: 0.569475, L1(Flow): 0.511124, Reg: 0.058350
Iter 80 of 180 Loss: 0.643361, L1(Flow): 0.574973, Reg: 0.068388
Iter 90 of 180 Loss: 0.679723, L1(Flow): 0.607559, Reg: 0.072164
Iter 100 of 180 Loss: 0.643096, L1(Flow): 0.582693, Reg: 0.060404
Iter 110 of 180 Loss: 0.609563, L1(Flow): 0.549588, Reg: 0.059975
Iter 120 of 180 Loss: 0.597341, L1(Flow): 0.538843, Reg: 0.058498
Iter 130 of 180 Loss: 0.603725, L1(Flow): 0.541430, Reg: 0.062295
Iter 140 of 180 Loss: 0.637225, L1(Flow): 0.570215, Reg: 0.067010
Iter 150 of 180 Loss: 0.623761, L1(Flow): 0.559948, Reg: 0.063813
Iter 160 of 180 Loss: 0.612999, L1(Flow): 0.546899, Reg: 0.066100
Iter 170 of 180 Loss: 0.598956, L1(Flow): 0.533968, Reg: 0.064988
Iter 180 of 180 Loss: 0.701179, L1(Flow): 0.626561, Reg: 0.074618
Epoch 71 Loss: 0.615466
Epoch 71 Validation: Mean EPE: 1.2209, Mean SSIM: 0.8047, Mean ZNCC: 0.9610
--> Saved to Top 5 best models (EPE: 1.2209)
--> New absolute BEST model updated with EPE: 1.2209
Epoch 72 starts
Iter 10 of 180 Loss: 0.552936, L1(Flow): 0.496607, Reg: 0.056328
Iter 20 of 180 Loss: 0.608833, L1(Flow): 0.546118, Reg: 0.062714
Iter 30 of 180 Loss: 0.623197, L1(Flow): 0.556050, Reg: 0.067148
Iter 40 of 180 Loss: 0.642391, L1(Flow): 0.577867, Reg: 0.064524
Iter 50 of 180 Loss: 0.587756, L1(Flow): 0.525221, Reg: 0.062535
Iter 60 of 180 Loss: 0.591712, L1(Flow): 0.525942, Reg: 0.065771
Iter 70 of 180 Loss: 0.565828, L1(Flow): 0.505784, Reg: 0.060045
Iter 80 of 180 Loss: 0.611213, L1(Flow): 0.545933, Reg: 0.065280
Iter 90 of 180 Loss: 0.569280, L1(Flow): 0.511897, Reg: 0.057383
Iter 100 of 180 Loss: 0.623655, L1(Flow): 0.561819, Reg: 0.061836
Iter 110 of 180 Loss: 0.614531, L1(Flow): 0.549908, Reg: 0.064623
Iter 120 of 180 Loss: 0.599549, L1(Flow): 0.542624, Reg: 0.056925
Iter 130 of 180 Loss: 0.583912, L1(Flow): 0.526994, Reg: 0.056919
Iter 140 of 180 Loss: 0.679661, L1(Flow): 0.606617, Reg: 0.073044
Iter 150 of 180 Loss: 0.606281, L1(Flow): 0.543400, Reg: 0.062881
Iter 160 of 180 Loss: 0.628813, L1(Flow): 0.565737, Reg: 0.063076
Iter 170 of 180 Loss: 0.596351, L1(Flow): 0.534981, Reg: 0.061369
Iter 180 of 180 Loss: 0.582707, L1(Flow): 0.517287, Reg: 0.065420
Epoch 72 Loss: 0.620180
Epoch 72 Validation: Mean EPE: 1.2165, Mean SSIM: 0.8070, Mean ZNCC: 0.9617
--> Saved to Top 5 best models (EPE: 1.2165)
--> New absolute BEST model updated with EPE: 1.2165
Epoch 73 starts
Iter 10 of 180 Loss: 0.604069, L1(Flow): 0.540764, Reg: 0.063305
Iter 20 of 180 Loss: 0.590335, L1(Flow): 0.532349, Reg: 0.057986
Iter 30 of 180 Loss: 0.574619, L1(Flow): 0.513774, Reg: 0.060846
Iter 40 of 180 Loss: 0.632523, L1(Flow): 0.568203, Reg: 0.064320
Iter 50 of 180 Loss: 0.598357, L1(Flow): 0.535797, Reg: 0.062560
Iter 60 of 180 Loss: 0.568651, L1(Flow): 0.509535, Reg: 0.059116
Iter 70 of 180 Loss: 0.615597, L1(Flow): 0.547390, Reg: 0.068207
Iter 80 of 180 Loss: 0.645030, L1(Flow): 0.580460, Reg: 0.064570
Iter 90 of 180 Loss: 0.627883, L1(Flow): 0.559159, Reg: 0.068725
Iter 100 of 180 Loss: 0.617419, L1(Flow): 0.553296, Reg: 0.064123
Iter 110 of 180 Loss: 0.563730, L1(Flow): 0.505036, Reg: 0.058694
Iter 120 of 180 Loss: 0.599081, L1(Flow): 0.534977, Reg: 0.064105
Iter 130 of 180 Loss: 0.609506, L1(Flow): 0.551383, Reg: 0.058123
Iter 140 of 180 Loss: 0.627075, L1(Flow): 0.561986, Reg: 0.065089
Iter 150 of 180 Loss: 0.633939, L1(Flow): 0.562989, Reg: 0.070951
Iter 160 of 180 Loss: 0.600456, L1(Flow): 0.535420, Reg: 0.065036
Iter 170 of 180 Loss: 0.627856, L1(Flow): 0.561952, Reg: 0.065904
Iter 180 of 180 Loss: 0.560724, L1(Flow): 0.496360, Reg: 0.064364
Epoch 73 Loss: 0.609043
Epoch 73 Validation: Mean EPE: 1.2106, Mean SSIM: 0.8065, Mean ZNCC: 0.9615
--> Saved to Top 5 best models (EPE: 1.2106)
--> New absolute BEST model updated with EPE: 1.2106
Epoch 74 starts
Iter 10 of 180 Loss: 0.604114, L1(Flow): 0.541849, Reg: 0.062265
Iter 20 of 180 Loss: 0.624261, L1(Flow): 0.560891, Reg: 0.063370
Iter 30 of 180 Loss: 0.567261, L1(Flow): 0.507510, Reg: 0.059751
Iter 40 of 180 Loss: 0.618084, L1(Flow): 0.551469, Reg: 0.066615
Iter 50 of 180 Loss: 0.673379, L1(Flow): 0.601160, Reg: 0.072219
Iter 60 of 180 Loss: 0.603614, L1(Flow): 0.540790, Reg: 0.062824
Iter 70 of 180 Loss: 0.567034, L1(Flow): 0.506639, Reg: 0.060394
Iter 80 of 180 Loss: 0.560983, L1(Flow): 0.502106, Reg: 0.058876
Iter 90 of 180 Loss: 0.553507, L1(Flow): 0.494985, Reg: 0.058523
Iter 100 of 180 Loss: 0.606079, L1(Flow): 0.538531, Reg: 0.067547
Iter 110 of 180 Loss: 0.642256, L1(Flow): 0.575864, Reg: 0.066392
Iter 120 of 180 Loss: 0.594901, L1(Flow): 0.527042, Reg: 0.067859
Iter 130 of 180 Loss: 0.641067, L1(Flow): 0.569674, Reg: 0.071393
Iter 140 of 180 Loss: 0.576711, L1(Flow): 0.512354, Reg: 0.064357
Iter 150 of 180 Loss: 0.609399, L1(Flow): 0.542811, Reg: 0.066588
Iter 160 of 180 Loss: 0.656379, L1(Flow): 0.588990, Reg: 0.067389
Iter 170 of 180 Loss: 0.620336, L1(Flow): 0.557687, Reg: 0.062649
Iter 180 of 180 Loss: 0.617630, L1(Flow): 0.549957, Reg: 0.067673
Epoch 74 Loss: 0.601773
Epoch 74 Validation: Mean EPE: 1.2152, Mean SSIM: 0.8058, Mean ZNCC: 0.9616
--> Saved to Top 5 best models (EPE: 1.2152)
Epoch 75 starts
Iter 10 of 180 Loss: 0.589593, L1(Flow): 0.527633, Reg: 0.061961
Iter 20 of 180 Loss: 0.595670, L1(Flow): 0.530518, Reg: 0.065152
Iter 30 of 180 Loss: 0.613725, L1(Flow): 0.550003, Reg: 0.063721
Iter 40 of 180 Loss: 0.552000, L1(Flow): 0.494383, Reg: 0.057617
Iter 50 of 180 Loss: 0.605070, L1(Flow): 0.543341, Reg: 0.061729
Iter 60 of 180 Loss: 0.606562, L1(Flow): 0.538705, Reg: 0.067858
Iter 70 of 180 Loss: 0.590445, L1(Flow): 0.528129, Reg: 0.062316
Iter 80 of 180 Loss: 0.664552, L1(Flow): 0.589408, Reg: 0.075144
Iter 90 of 180 Loss: 0.651329, L1(Flow): 0.582601, Reg: 0.068727
Iter 100 of 180 Loss: 0.588097, L1(Flow): 0.524457, Reg: 0.063640
Iter 110 of 180 Loss: 0.587605, L1(Flow): 0.523462, Reg: 0.064143
Iter 120 of 180 Loss: 0.612027, L1(Flow): 0.549372, Reg: 0.062654
Iter 130 of 180 Loss: 0.571223, L1(Flow): 0.510832, Reg: 0.060391
Iter 140 of 180 Loss: 0.639435, L1(Flow): 0.571889, Reg: 0.067546
Iter 150 of 180 Loss: 0.564578, L1(Flow): 0.505381, Reg: 0.059197
Iter 160 of 180 Loss: 0.572211, L1(Flow): 0.517951, Reg: 0.054260
Iter 170 of 180 Loss: 0.558003, L1(Flow): 0.498990, Reg: 0.059013
Iter 180 of 180 Loss: 0.602171, L1(Flow): 0.532033, Reg: 0.070138
Epoch 75 Loss: 0.599964
Epoch 75 Validation: Mean EPE: 1.2152, Mean SSIM: 0.8062, Mean ZNCC: 0.9614
--> Saved to Top 5 best models (EPE: 1.2152)
Epoch 76 starts
Iter 10 of 180 Loss: 0.580884, L1(Flow): 0.517714, Reg: 0.063170
Iter 20 of 180 Loss: 0.592343, L1(Flow): 0.527483, Reg: 0.064859
Iter 30 of 180 Loss: 0.578937, L1(Flow): 0.514251, Reg: 0.064686
Iter 40 of 180 Loss: 0.595401, L1(Flow): 0.533079, Reg: 0.062322
Iter 50 of 180 Loss: 0.553811, L1(Flow): 0.496560, Reg: 0.057251
Iter 60 of 180 Loss: 0.573790, L1(Flow): 0.509404, Reg: 0.064387
Iter 70 of 180 Loss: 0.585007, L1(Flow): 0.521792, Reg: 0.063214
Iter 80 of 180 Loss: 0.607544, L1(Flow): 0.547704, Reg: 0.059839
Iter 90 of 180 Loss: 0.587205, L1(Flow): 0.530722, Reg: 0.056482
Iter 100 of 180 Loss: 0.620703, L1(Flow): 0.552622, Reg: 0.068081
Iter 110 of 180 Loss: 0.591622, L1(Flow): 0.526823, Reg: 0.064799
Iter 120 of 180 Loss: 0.593481, L1(Flow): 0.528186, Reg: 0.065294
Iter 130 of 180 Loss: 0.590185, L1(Flow): 0.526525, Reg: 0.063660
Iter 140 of 180 Loss: 0.571810, L1(Flow): 0.508634, Reg: 0.063176
Iter 150 of 180 Loss: 0.603878, L1(Flow): 0.536236, Reg: 0.067642
Iter 160 of 180 Loss: 0.588874, L1(Flow): 0.523329, Reg: 0.065545
Iter 170 of 180 Loss: 0.567822, L1(Flow): 0.504253, Reg: 0.063569
Iter 180 of 180 Loss: 0.596012, L1(Flow): 0.532515, Reg: 0.063496
Epoch 76 Loss: 0.589348
Epoch 76 Validation: Mean EPE: 1.2007, Mean SSIM: 0.8078, Mean ZNCC: 0.9619
--> Saved to Top 5 best models (EPE: 1.2007)
--> New absolute BEST model updated with EPE: 1.2007
Epoch 77 starts
Iter 10 of 180 Loss: 0.595446, L1(Flow): 0.533305, Reg: 0.062141
Iter 20 of 180 Loss: 0.594537, L1(Flow): 0.527680, Reg: 0.066857
Iter 30 of 180 Loss: 0.588876, L1(Flow): 0.527596, Reg: 0.061280
Iter 40 of 180 Loss: 0.550361, L1(Flow): 0.489113, Reg: 0.061249
Iter 50 of 180 Loss: 0.597791, L1(Flow): 0.528823, Reg: 0.068968
Iter 60 of 180 Loss: 0.593151, L1(Flow): 0.528010, Reg: 0.065141
Iter 70 of 180 Loss: 0.596134, L1(Flow): 0.531348, Reg: 0.064786
Iter 80 of 180 Loss: 0.568978, L1(Flow): 0.508612, Reg: 0.060366
Iter 90 of 180 Loss: 0.585989, L1(Flow): 0.519562, Reg: 0.066428
Iter 100 of 180 Loss: 0.540135, L1(Flow): 0.482059, Reg: 0.058076
Iter 110 of 180 Loss: 0.570674, L1(Flow): 0.510720, Reg: 0.059955
Iter 120 of 180 Loss: 0.595678, L1(Flow): 0.532001, Reg: 0.063677
Iter 130 of 180 Loss: 0.539606, L1(Flow): 0.480843, Reg: 0.058763
Iter 140 of 180 Loss: 0.592237, L1(Flow): 0.526086, Reg: 0.066152
Iter 150 of 180 Loss: 0.559727, L1(Flow): 0.499655, Reg: 0.060072
Iter 160 of 180 Loss: 0.591888, L1(Flow): 0.528460, Reg: 0.063428
Iter 170 of 180 Loss: 0.590642, L1(Flow): 0.524268, Reg: 0.066374
Iter 180 of 180 Loss: 0.643347, L1(Flow): 0.575237, Reg: 0.068110
Epoch 77 Loss: 0.586558
Epoch 77 Validation: Mean EPE: 1.2053, Mean SSIM: 0.8078, Mean ZNCC: 0.9622
--> Saved to Top 5 best models (EPE: 1.2053)
Epoch 78 starts
Iter 10 of 180 Loss: 0.562331, L1(Flow): 0.501037, Reg: 0.061295
Iter 20 of 180 Loss: 0.606140, L1(Flow): 0.537493, Reg: 0.068647
Iter 30 of 180 Loss: 0.574393, L1(Flow): 0.513077, Reg: 0.061316
Iter 40 of 180 Loss: 0.594325, L1(Flow): 0.528462, Reg: 0.065862
Iter 50 of 180 Loss: 0.583114, L1(Flow): 0.516800, Reg: 0.066314
Iter 60 of 180 Loss: 0.565002, L1(Flow): 0.500966, Reg: 0.064036
Iter 70 of 180 Loss: 0.566609, L1(Flow): 0.505212, Reg: 0.061397
Iter 80 of 180 Loss: 0.596129, L1(Flow): 0.528600, Reg: 0.067529
Iter 90 of 180 Loss: 0.577911, L1(Flow): 0.514380, Reg: 0.063531
Iter 100 of 180 Loss: 0.589230, L1(Flow): 0.523501, Reg: 0.065729
Iter 110 of 180 Loss: 0.583886, L1(Flow): 0.520816, Reg: 0.063070
Iter 120 of 180 Loss: 0.633093, L1(Flow): 0.561076, Reg: 0.072017
Iter 130 of 180 Loss: 0.567871, L1(Flow): 0.508572, Reg: 0.059299
Iter 140 of 180 Loss: 0.549068, L1(Flow): 0.490968, Reg: 0.058100
Iter 150 of 180 Loss: 0.606404, L1(Flow): 0.541515, Reg: 0.064889
Iter 160 of 180 Loss: 0.546724, L1(Flow): 0.486468, Reg: 0.060256
Iter 170 of 180 Loss: 0.562885, L1(Flow): 0.501660, Reg: 0.061224
Iter 180 of 180 Loss: 0.534718, L1(Flow): 0.473128, Reg: 0.061589
Epoch 78 Loss: 0.583426
Epoch 78 Validation: Mean EPE: 1.1880, Mean SSIM: 0.8098, Mean ZNCC: 0.9624
--> Saved to Top 5 best models (EPE: 1.1880)
--> New absolute BEST model updated with EPE: 1.1880
Epoch 79 starts
Iter 10 of 180 Loss: 0.594595, L1(Flow): 0.533838, Reg: 0.060757
Iter 20 of 180 Loss: 0.575280, L1(Flow): 0.512068, Reg: 0.063212
Iter 30 of 180 Loss: 0.546402, L1(Flow): 0.487329, Reg: 0.059073
Iter 40 of 180 Loss: 0.587161, L1(Flow): 0.528379, Reg: 0.058782
Iter 50 of 180 Loss: 0.611201, L1(Flow): 0.548836, Reg: 0.062365
Iter 60 of 180 Loss: 0.551735, L1(Flow): 0.491284, Reg: 0.060451
Iter 70 of 180 Loss: 0.597767, L1(Flow): 0.530779, Reg: 0.066988
Iter 80 of 180 Loss: 0.621684, L1(Flow): 0.555852, Reg: 0.065832
Iter 90 of 180 Loss: 0.603081, L1(Flow): 0.536761, Reg: 0.066320
Iter 100 of 180 Loss: 0.580729, L1(Flow): 0.515495, Reg: 0.065234
Iter 110 of 180 Loss: 0.582613, L1(Flow): 0.516426, Reg: 0.066187
Iter 120 of 180 Loss: 0.613951, L1(Flow): 0.545621, Reg: 0.068330
Iter 130 of 180 Loss: 0.610740, L1(Flow): 0.543998, Reg: 0.066742
Iter 140 of 180 Loss: 0.597665, L1(Flow): 0.535967, Reg: 0.061698
Iter 150 of 180 Loss: 0.590880, L1(Flow): 0.528167, Reg: 0.062713
Iter 160 of 180 Loss: 0.617379, L1(Flow): 0.547727, Reg: 0.069652
Iter 170 of 180 Loss: 0.573993, L1(Flow): 0.510592, Reg: 0.063401
Iter 180 of 180 Loss: 0.525818, L1(Flow): 0.467865, Reg: 0.057953
Epoch 79 Loss: 0.580623
Epoch 79 Validation: Mean EPE: 1.1861, Mean SSIM: 0.8106, Mean ZNCC: 0.9630
--> Saved to Top 5 best models (EPE: 1.1861)
--> New absolute BEST model updated with EPE: 1.1861
Epoch 80 starts
Iter 10 of 180 Loss: 0.584615, L1(Flow): 0.515891, Reg: 0.068724
Iter 20 of 180 Loss: 0.544919, L1(Flow): 0.484529, Reg: 0.060390
Iter 30 of 180 Loss: 0.557040, L1(Flow): 0.493960, Reg: 0.063081
Iter 40 of 180 Loss: 0.555282, L1(Flow): 0.496765, Reg: 0.058517
Iter 50 of 180 Loss: 0.549502, L1(Flow): 0.490339, Reg: 0.059163
Iter 60 of 180 Loss: 0.596744, L1(Flow): 0.531626, Reg: 0.065118
Iter 70 of 180 Loss: 0.548998, L1(Flow): 0.490059, Reg: 0.058939
Iter 80 of 180 Loss: 0.557581, L1(Flow): 0.499262, Reg: 0.058319
Iter 90 of 180 Loss: 0.530793, L1(Flow): 0.472684, Reg: 0.058108
Iter 100 of 180 Loss: 0.609397, L1(Flow): 0.539715, Reg: 0.069682
Iter 110 of 180 Loss: 0.526031, L1(Flow): 0.468940, Reg: 0.057091
Iter 120 of 180 Loss: 0.561097, L1(Flow): 0.495186, Reg: 0.065911
Iter 130 of 180 Loss: 0.567198, L1(Flow): 0.502775, Reg: 0.064424
Iter 140 of 180 Loss: 0.568852, L1(Flow): 0.504583, Reg: 0.064269
Iter 150 of 180 Loss: 0.543488, L1(Flow): 0.486750, Reg: 0.056738
Iter 160 of 180 Loss: 0.587347, L1(Flow): 0.523675, Reg: 0.063672
Iter 170 of 180 Loss: 0.565862, L1(Flow): 0.505009, Reg: 0.060853
Iter 180 of 180 Loss: 0.529172, L1(Flow): 0.467389, Reg: 0.061783
Epoch 80 Loss: 0.573704
Epoch 80 Validation: Mean EPE: 1.1887, Mean SSIM: 0.8094, Mean ZNCC: 0.9625
--> Saved to Top 5 best models (EPE: 1.1887)
Epoch 81 starts
Iter 10 of 180 Loss: 0.530642, L1(Flow): 0.473368, Reg: 0.057275
Iter 20 of 180 Loss: 0.583511, L1(Flow): 0.522447, Reg: 0.061064
Iter 30 of 180 Loss: 0.551046, L1(Flow): 0.492735, Reg: 0.058311
Iter 40 of 180 Loss: 0.575810, L1(Flow): 0.511565, Reg: 0.064245
Iter 50 of 180 Loss: 0.597934, L1(Flow): 0.534412, Reg: 0.063522
Iter 60 of 180 Loss: 0.561351, L1(Flow): 0.499915, Reg: 0.061435
Iter 70 of 180 Loss: 0.563266, L1(Flow): 0.508613, Reg: 0.054653
Iter 80 of 180 Loss: 0.579100, L1(Flow): 0.515169, Reg: 0.063931
Iter 90 of 180 Loss: 0.645537, L1(Flow): 0.569169, Reg: 0.076369
Iter 100 of 180 Loss: 0.590631, L1(Flow): 0.532908, Reg: 0.057723
Iter 110 of 180 Loss: 0.561125, L1(Flow): 0.504133, Reg: 0.056992
Iter 120 of 180 Loss: 0.591499, L1(Flow): 0.525017, Reg: 0.066481
Iter 130 of 180 Loss: 0.579426, L1(Flow): 0.514238, Reg: 0.065189
Iter 140 of 180 Loss: 0.569306, L1(Flow): 0.505729, Reg: 0.063576
Iter 150 of 180 Loss: 0.558887, L1(Flow): 0.495080, Reg: 0.063807
Iter 160 of 180 Loss: 0.564336, L1(Flow): 0.501732, Reg: 0.062604
Iter 170 of 180 Loss: 0.554307, L1(Flow): 0.492015, Reg: 0.062292
Iter 180 of 180 Loss: 0.539695, L1(Flow): 0.485387, Reg: 0.054308
Epoch 81 Loss: 0.571964
Epoch 81 Validation: Mean EPE: 1.1892, Mean SSIM: 0.8092, Mean ZNCC: 0.9623
--> Saved to Top 5 best models (EPE: 1.1892)
Epoch 82 starts
Iter 10 of 180 Loss: 0.601672, L1(Flow): 0.535106, Reg: 0.066566
Iter 20 of 180 Loss: 0.589752, L1(Flow): 0.522684, Reg: 0.067069
Iter 30 of 180 Loss: 0.516265, L1(Flow): 0.455844, Reg: 0.060421
Iter 40 of 180 Loss: 0.558242, L1(Flow): 0.492639, Reg: 0.065603
Iter 50 of 180 Loss: 0.553144, L1(Flow): 0.492983, Reg: 0.060161
Iter 60 of 180 Loss: 0.562302, L1(Flow): 0.499280, Reg: 0.063022
Iter 70 of 180 Loss: 0.552607, L1(Flow): 0.488588, Reg: 0.064019
Iter 80 of 180 Loss: 0.518006, L1(Flow): 0.457330, Reg: 0.060676
Iter 90 of 180 Loss: 0.599650, L1(Flow): 0.531631, Reg: 0.068019
Iter 100 of 180 Loss: 0.544193, L1(Flow): 0.482235, Reg: 0.061959
Iter 110 of 180 Loss: 0.609698, L1(Flow): 0.544221, Reg: 0.065478
Iter 120 of 180 Loss: 0.592919, L1(Flow): 0.529025, Reg: 0.063895
Iter 130 of 180 Loss: 0.562147, L1(Flow): 0.507913, Reg: 0.054234
Iter 140 of 180 Loss: 0.588012, L1(Flow): 0.524063, Reg: 0.063949
Iter 150 of 180 Loss: 0.596161, L1(Flow): 0.535083, Reg: 0.061079
Iter 160 of 180 Loss: 0.550611, L1(Flow): 0.487642, Reg: 0.062969
Iter 170 of 180 Loss: 0.597885, L1(Flow): 0.536133, Reg: 0.061752
Iter 180 of 180 Loss: 0.555257, L1(Flow): 0.491673, Reg: 0.063585
Epoch 82 Loss: 0.567001
Epoch 82 Validation: Mean EPE: 1.1807, Mean SSIM: 0.8107, Mean ZNCC: 0.9628
--> Saved to Top 5 best models (EPE: 1.1807)
--> New absolute BEST model updated with EPE: 1.1807
Epoch 83 starts
Iter 10 of 180 Loss: 0.560807, L1(Flow): 0.498929, Reg: 0.061879
Iter 20 of 180 Loss: 0.599541, L1(Flow): 0.533924, Reg: 0.065617
Iter 30 of 180 Loss: 0.559997, L1(Flow): 0.500992, Reg: 0.059006
Iter 40 of 180 Loss: 0.546720, L1(Flow): 0.487970, Reg: 0.058750
Iter 50 of 180 Loss: 0.552647, L1(Flow): 0.493494, Reg: 0.059153
Iter 60 of 180 Loss: 0.569595, L1(Flow): 0.505414, Reg: 0.064181
Iter 70 of 180 Loss: 0.536111, L1(Flow): 0.477876, Reg: 0.058234
Iter 80 of 180 Loss: 0.573933, L1(Flow): 0.514360, Reg: 0.059573
Iter 90 of 180 Loss: 0.583795, L1(Flow): 0.518567, Reg: 0.065228
Iter 100 of 180 Loss: 0.564150, L1(Flow): 0.498677, Reg: 0.065472
Iter 110 of 180 Loss: 0.607494, L1(Flow): 0.540055, Reg: 0.067440
Iter 120 of 180 Loss: 0.517391, L1(Flow): 0.462841, Reg: 0.054550
Iter 130 of 180 Loss: 0.590466, L1(Flow): 0.521014, Reg: 0.069452
Iter 140 of 180 Loss: 0.543772, L1(Flow): 0.481539, Reg: 0.062234
Iter 150 of 180 Loss: 0.546679, L1(Flow): 0.485366, Reg: 0.061313
Iter 160 of 180 Loss: 0.622623, L1(Flow): 0.556224, Reg: 0.066399
Iter 170 of 180 Loss: 0.570552, L1(Flow): 0.512474, Reg: 0.058078
Iter 180 of 180 Loss: 0.562343, L1(Flow): 0.503604, Reg: 0.058739
Epoch 83 Loss: 0.566434
Epoch 83 Validation: Mean EPE: 1.1783, Mean SSIM: 0.8118, Mean ZNCC: 0.9631
--> Saved to Top 5 best models (EPE: 1.1783)
--> New absolute BEST model updated with EPE: 1.1783
Epoch 84 starts
Iter 10 of 180 Loss: 0.542716, L1(Flow): 0.482899, Reg: 0.059817
Iter 20 of 180 Loss: 0.581057, L1(Flow): 0.517331, Reg: 0.063727
Iter 30 of 180 Loss: 0.604313, L1(Flow): 0.540756, Reg: 0.063557
Iter 40 of 180 Loss: 0.559222, L1(Flow): 0.500051, Reg: 0.059170
Iter 50 of 180 Loss: 0.533537, L1(Flow): 0.472646, Reg: 0.060891
Iter 60 of 180 Loss: 0.551397, L1(Flow): 0.491141, Reg: 0.060256
Iter 70 of 180 Loss: 0.562411, L1(Flow): 0.500608, Reg: 0.061802
Iter 80 of 180 Loss: 0.587812, L1(Flow): 0.521962, Reg: 0.065851
Iter 90 of 180 Loss: 0.567601, L1(Flow): 0.503556, Reg: 0.064045
Iter 100 of 180 Loss: 0.567199, L1(Flow): 0.506454, Reg: 0.060745
Iter 110 of 180 Loss: 0.509219, L1(Flow): 0.453460, Reg: 0.055759
Iter 120 of 180 Loss: 0.513140, L1(Flow): 0.456795, Reg: 0.056346
Iter 130 of 180 Loss: 0.536184, L1(Flow): 0.476609, Reg: 0.059575
Iter 140 of 180 Loss: 0.515834, L1(Flow): 0.459430, Reg: 0.056404
Iter 150 of 180 Loss: 0.514523, L1(Flow): 0.455765, Reg: 0.058758
Iter 160 of 180 Loss: 0.562455, L1(Flow): 0.502668, Reg: 0.059788
Iter 170 of 180 Loss: 0.514202, L1(Flow): 0.458092, Reg: 0.056110
Iter 180 of 180 Loss: 0.552118, L1(Flow): 0.492350, Reg: 0.059768
Epoch 84 Loss: 0.559141
Epoch 84 Validation: Mean EPE: 1.1879, Mean SSIM: 0.8084, Mean ZNCC: 0.9620
--> Saved to Top 5 best models (EPE: 1.1879)
Epoch 85 starts
Iter 10 of 180 Loss: 0.577611, L1(Flow): 0.510255, Reg: 0.067356
Iter 20 of 180 Loss: 0.510755, L1(Flow): 0.452599, Reg: 0.058155
Iter 30 of 180 Loss: 0.501624, L1(Flow): 0.449488, Reg: 0.052136
Iter 40 of 180 Loss: 0.545865, L1(Flow): 0.488838, Reg: 0.057028
Iter 50 of 180 Loss: 0.530130, L1(Flow): 0.468788, Reg: 0.061343
Iter 60 of 180 Loss: 0.554383, L1(Flow): 0.493939, Reg: 0.060444
Iter 70 of 180 Loss: 0.595504, L1(Flow): 0.529308, Reg: 0.066196
Iter 80 of 180 Loss: 0.542513, L1(Flow): 0.481226, Reg: 0.061286
Iter 90 of 180 Loss: 0.583494, L1(Flow): 0.514131, Reg: 0.069363
Iter 100 of 180 Loss: 0.555544, L1(Flow): 0.493125, Reg: 0.062419
Iter 110 of 180 Loss: 0.553826, L1(Flow): 0.495470, Reg: 0.058355
Iter 120 of 180 Loss: 0.587200, L1(Flow): 0.522505, Reg: 0.064695
Iter 130 of 180 Loss: 0.548510, L1(Flow): 0.488667, Reg: 0.059843
Iter 140 of 180 Loss: 0.574269, L1(Flow): 0.509163, Reg: 0.065106
Iter 150 of 180 Loss: 0.529026, L1(Flow): 0.471532, Reg: 0.057494
Iter 160 of 180 Loss: 0.563338, L1(Flow): 0.502652, Reg: 0.060686
Iter 170 of 180 Loss: 0.572501, L1(Flow): 0.506967, Reg: 0.065534
Iter 180 of 180 Loss: 0.564506, L1(Flow): 0.500180, Reg: 0.064326
Epoch 85 Loss: 0.553606
Epoch 85 Validation: Mean EPE: 1.1675, Mean SSIM: 0.8126, Mean ZNCC: 0.9632
--> Saved to Top 5 best models (EPE: 1.1675)
--> New absolute BEST model updated with EPE: 1.1675
Epoch 86 starts
Iter 10 of 180 Loss: 0.501113, L1(Flow): 0.448301, Reg: 0.052813
Iter 20 of 180 Loss: 0.538556, L1(Flow): 0.481833, Reg: 0.056722
Iter 30 of 180 Loss: 0.531001, L1(Flow): 0.471010, Reg: 0.059991
Iter 40 of 180 Loss: 0.554502, L1(Flow): 0.494197, Reg: 0.060305
Iter 50 of 180 Loss: 0.534534, L1(Flow): 0.479147, Reg: 0.055387
Iter 60 of 180 Loss: 0.540770, L1(Flow): 0.484621, Reg: 0.056149
Iter 70 of 180 Loss: 0.554776, L1(Flow): 0.499165, Reg: 0.055612
Iter 80 of 180 Loss: 0.521324, L1(Flow): 0.465482, Reg: 0.055843
Iter 90 of 180 Loss: 0.519993, L1(Flow): 0.462932, Reg: 0.057061
Iter 100 of 180 Loss: 0.578319, L1(Flow): 0.512237, Reg: 0.066081
Iter 110 of 180 Loss: 0.549646, L1(Flow): 0.485552, Reg: 0.064093
Iter 120 of 180 Loss: 0.544374, L1(Flow): 0.484134, Reg: 0.060241
Iter 130 of 180 Loss: 0.566211, L1(Flow): 0.505005, Reg: 0.061206
Iter 140 of 180 Loss: 0.555613, L1(Flow): 0.493620, Reg: 0.061994
Iter 150 of 180 Loss: 0.572065, L1(Flow): 0.507885, Reg: 0.064180
Iter 160 of 180 Loss: 0.560278, L1(Flow): 0.495364, Reg: 0.064914
Iter 170 of 180 Loss: 0.515781, L1(Flow): 0.460790, Reg: 0.054991
Iter 180 of 180 Loss: 0.561186, L1(Flow): 0.494130, Reg: 0.067055
Epoch 86 Loss: 0.551804
Epoch 86 Validation: Mean EPE: 1.1638, Mean SSIM: 0.8142, Mean ZNCC: 0.9639
--> Saved to Top 5 best models (EPE: 1.1638)
--> New absolute BEST model updated with EPE: 1.1638
Epoch 87 starts
Iter 10 of 180 Loss: 0.563115, L1(Flow): 0.500410, Reg: 0.062704
Iter 20 of 180 Loss: 0.539355, L1(Flow): 0.480060, Reg: 0.059295
Iter 30 of 180 Loss: 0.545975, L1(Flow): 0.485398, Reg: 0.060577
Iter 40 of 180 Loss: 0.533588, L1(Flow): 0.474646, Reg: 0.058942
Iter 50 of 180 Loss: 0.548605, L1(Flow): 0.484347, Reg: 0.064258
Iter 60 of 180 Loss: 0.544514, L1(Flow): 0.484623, Reg: 0.059890
Iter 70 of 180 Loss: 0.566563, L1(Flow): 0.501429, Reg: 0.065133
Iter 80 of 180 Loss: 0.569193, L1(Flow): 0.505067, Reg: 0.064125
Iter 90 of 180 Loss: 0.580481, L1(Flow): 0.517573, Reg: 0.062908
Iter 100 of 180 Loss: 0.499019, L1(Flow): 0.443412, Reg: 0.055607
Iter 110 of 180 Loss: 0.556009, L1(Flow): 0.492762, Reg: 0.063247
Iter 120 of 180 Loss: 0.542524, L1(Flow): 0.485094, Reg: 0.057430
Iter 130 of 180 Loss: 0.587238, L1(Flow): 0.520055, Reg: 0.067183
Iter 140 of 180 Loss: 0.592189, L1(Flow): 0.527505, Reg: 0.064685
Iter 150 of 180 Loss: 0.566937, L1(Flow): 0.500948, Reg: 0.065989
Iter 160 of 180 Loss: 0.498617, L1(Flow): 0.442363, Reg: 0.056253
Iter 170 of 180 Loss: 0.561152, L1(Flow): 0.499600, Reg: 0.061553
Iter 180 of 180 Loss: 0.486113, L1(Flow): 0.436267, Reg: 0.049845
Epoch 87 Loss: 0.546661
Epoch 87 Validation: Mean EPE: 1.1702, Mean SSIM: 0.8137, Mean ZNCC: 0.9638
--> Saved to Top 5 best models (EPE: 1.1702)
Epoch 88 starts
Iter 10 of 180 Loss: 0.529856, L1(Flow): 0.472632, Reg: 0.057224
Iter 20 of 180 Loss: 0.514854, L1(Flow): 0.459688, Reg: 0.055166
Iter 30 of 180 Loss: 0.536547, L1(Flow): 0.475622, Reg: 0.060925
Iter 40 of 180 Loss: 0.554423, L1(Flow): 0.492293, Reg: 0.062130
Iter 50 of 180 Loss: 0.505788, L1(Flow): 0.450287, Reg: 0.055500
Iter 60 of 180 Loss: 0.535366, L1(Flow): 0.475262, Reg: 0.060104
Iter 70 of 180 Loss: 0.552997, L1(Flow): 0.497788, Reg: 0.055209
Iter 80 of 180 Loss: 0.546946, L1(Flow): 0.491808, Reg: 0.055138
Iter 90 of 180 Loss: 0.572173, L1(Flow): 0.507852, Reg: 0.064322
Iter 100 of 180 Loss: 0.561537, L1(Flow): 0.502656, Reg: 0.058881
Iter 110 of 180 Loss: 0.554424, L1(Flow): 0.495403, Reg: 0.059021
Iter 120 of 180 Loss: 0.577746, L1(Flow): 0.510637, Reg: 0.067109
Iter 130 of 180 Loss: 0.538554, L1(Flow): 0.482777, Reg: 0.055776
Iter 140 of 180 Loss: 0.525933, L1(Flow): 0.471778, Reg: 0.054154
Iter 150 of 180 Loss: 0.525104, L1(Flow): 0.463383, Reg: 0.061721
Iter 160 of 180 Loss: 0.574513, L1(Flow): 0.510486, Reg: 0.064026
Iter 170 of 180 Loss: 0.571524, L1(Flow): 0.508955, Reg: 0.062569
Iter 180 of 180 Loss: 0.557372, L1(Flow): 0.498092, Reg: 0.059281
Epoch 88 Loss: 0.550187
Epoch 88 Validation: Mean EPE: 1.1710, Mean SSIM: 0.8123, Mean ZNCC: 0.9635
--> Saved to Top 5 best models (EPE: 1.1710)
Epoch 89 starts
Iter 10 of 180 Loss: 0.562373, L1(Flow): 0.498585, Reg: 0.063788
Iter 20 of 180 Loss: 0.507349, L1(Flow): 0.450667, Reg: 0.056682
Iter 30 of 180 Loss: 0.533949, L1(Flow): 0.477005, Reg: 0.056944
Iter 40 of 180 Loss: 0.536338, L1(Flow): 0.479647, Reg: 0.056692
Iter 50 of 180 Loss: 0.540228, L1(Flow): 0.473895, Reg: 0.066333
Iter 60 of 180 Loss: 0.560820, L1(Flow): 0.498485, Reg: 0.062335
Iter 70 of 180 Loss: 0.558756, L1(Flow): 0.499376, Reg: 0.059381
Iter 80 of 180 Loss: 0.516621, L1(Flow): 0.458154, Reg: 0.058467
Iter 90 of 180 Loss: 0.494428, L1(Flow): 0.438766, Reg: 0.055662
Iter 100 of 180 Loss: 0.563498, L1(Flow): 0.496447, Reg: 0.067051
Iter 110 of 180 Loss: 0.575334, L1(Flow): 0.515651, Reg: 0.059683
Iter 120 of 180 Loss: 0.533854, L1(Flow): 0.478802, Reg: 0.055053
Iter 130 of 180 Loss: 0.532524, L1(Flow): 0.474892, Reg: 0.057632
Iter 140 of 180 Loss: 0.584960, L1(Flow): 0.521525, Reg: 0.063434
Iter 150 of 180 Loss: 0.534022, L1(Flow): 0.473482, Reg: 0.060541
Iter 160 of 180 Loss: 0.622254, L1(Flow): 0.551852, Reg: 0.070402
Iter 170 of 180 Loss: 0.560231, L1(Flow): 0.501879, Reg: 0.058352
Iter 180 of 180 Loss: 0.554646, L1(Flow): 0.492161, Reg: 0.062485
Epoch 89 Loss: 0.544150
Epoch 89 Validation: Mean EPE: 1.1716, Mean SSIM: 0.8116, Mean ZNCC: 0.9631
--> Saved to Top 5 best models (EPE: 1.1716)
Epoch 90 starts
Iter 10 of 180 Loss: 0.536929, L1(Flow): 0.475760, Reg: 0.061169
Iter 20 of 180 Loss: 0.542741, L1(Flow): 0.481148, Reg: 0.061593
Iter 30 of 180 Loss: 0.540613, L1(Flow): 0.478408, Reg: 0.062205
Iter 40 of 180 Loss: 0.531200, L1(Flow): 0.471765, Reg: 0.059436
Iter 50 of 180 Loss: 0.565662, L1(Flow): 0.500579, Reg: 0.065083
Iter 60 of 180 Loss: 0.527600, L1(Flow): 0.468296, Reg: 0.059305
Iter 70 of 180 Loss: 0.578936, L1(Flow): 0.514763, Reg: 0.064173
Iter 80 of 180 Loss: 0.514885, L1(Flow): 0.457433, Reg: 0.057452
Iter 90 of 180 Loss: 0.539015, L1(Flow): 0.481403, Reg: 0.057612
Iter 100 of 180 Loss: 0.564159, L1(Flow): 0.498285, Reg: 0.065874
Iter 110 of 180 Loss: 0.529766, L1(Flow): 0.469830, Reg: 0.059936
Iter 120 of 180 Loss: 0.527022, L1(Flow): 0.467693, Reg: 0.059329
Iter 130 of 180 Loss: 0.540507, L1(Flow): 0.478584, Reg: 0.061923
Iter 140 of 180 Loss: 0.553591, L1(Flow): 0.492221, Reg: 0.061370
Iter 150 of 180 Loss: 0.532869, L1(Flow): 0.474223, Reg: 0.058645
Iter 160 of 180 Loss: 0.535044, L1(Flow): 0.478251, Reg: 0.056793
Iter 170 of 180 Loss: 0.544049, L1(Flow): 0.484324, Reg: 0.059725
Iter 180 of 180 Loss: 0.552518, L1(Flow): 0.494508, Reg: 0.058009
Epoch 90 Loss: 0.536472
Epoch 90 Validation: Mean EPE: 1.1628, Mean SSIM: 0.8141, Mean ZNCC: 0.9640
--> Saved to Top 5 best models (EPE: 1.1628)
--> New absolute BEST model updated with EPE: 1.1628
Epoch 91 starts
Iter 10 of 180 Loss: 0.500617, L1(Flow): 0.446092, Reg: 0.054525
Iter 20 of 180 Loss: 0.545958, L1(Flow): 0.482853, Reg: 0.063105
Iter 30 of 180 Loss: 0.507363, L1(Flow): 0.448908, Reg: 0.058455
Iter 40 of 180 Loss: 0.565283, L1(Flow): 0.502183, Reg: 0.063100
Iter 50 of 180 Loss: 0.511952, L1(Flow): 0.458763, Reg: 0.053189
Iter 60 of 180 Loss: 0.547833, L1(Flow): 0.487072, Reg: 0.060761
Iter 70 of 180 Loss: 0.547477, L1(Flow): 0.482902, Reg: 0.064575
Iter 80 of 180 Loss: 0.553303, L1(Flow): 0.492189, Reg: 0.061114
Iter 90 of 180 Loss: 0.589523, L1(Flow): 0.524054, Reg: 0.065469
Iter 100 of 180 Loss: 0.568458, L1(Flow): 0.504004, Reg: 0.064453
Iter 110 of 180 Loss: 0.467673, L1(Flow): 0.418005, Reg: 0.049667
Iter 120 of 180 Loss: 0.535693, L1(Flow): 0.473836, Reg: 0.061858
Iter 130 of 180 Loss: 0.577795, L1(Flow): 0.514724, Reg: 0.063071
Iter 140 of 180 Loss: 0.500996, L1(Flow): 0.442945, Reg: 0.058051
Iter 150 of 180 Loss: 0.555255, L1(Flow): 0.491510, Reg: 0.063744
Iter 160 of 180 Loss: 0.522171, L1(Flow): 0.465893, Reg: 0.056277
Iter 170 of 180 Loss: 0.518618, L1(Flow): 0.458282, Reg: 0.060336
Iter 180 of 180 Loss: 0.571901, L1(Flow): 0.506984, Reg: 0.064917
Epoch 91 Loss: 0.540034
Epoch 91 Validation: Mean EPE: 1.1613, Mean SSIM: 0.8142, Mean ZNCC: 0.9639
--> Saved to Top 5 best models (EPE: 1.1613)
--> New absolute BEST model updated with EPE: 1.1613
Epoch 92 starts
Iter 10 of 180 Loss: 0.528523, L1(Flow): 0.465648, Reg: 0.062875
Iter 20 of 180 Loss: 0.608572, L1(Flow): 0.536236, Reg: 0.072336
Iter 30 of 180 Loss: 0.548330, L1(Flow): 0.489464, Reg: 0.058866
Iter 40 of 180 Loss: 0.531997, L1(Flow): 0.471164, Reg: 0.060834
Iter 50 of 180 Loss: 0.510065, L1(Flow): 0.451826, Reg: 0.058240
Iter 60 of 180 Loss: 0.551048, L1(Flow): 0.485799, Reg: 0.065249
Iter 70 of 180 Loss: 0.564163, L1(Flow): 0.498882, Reg: 0.065281
Iter 80 of 180 Loss: 0.507998, L1(Flow): 0.453488, Reg: 0.054510
Iter 90 of 180 Loss: 0.526678, L1(Flow): 0.468451, Reg: 0.058227
Iter 100 of 180 Loss: 0.511544, L1(Flow): 0.451729, Reg: 0.059816
Iter 110 of 180 Loss: 0.492844, L1(Flow): 0.440284, Reg: 0.052560
Iter 120 of 180 Loss: 0.510346, L1(Flow): 0.453591, Reg: 0.056755
Iter 130 of 180 Loss: 0.517861, L1(Flow): 0.458492, Reg: 0.059369
Iter 140 of 180 Loss: 0.538408, L1(Flow): 0.476917, Reg: 0.061490
Iter 150 of 180 Loss: 0.567781, L1(Flow): 0.503295, Reg: 0.064486
Iter 160 of 180 Loss: 0.525604, L1(Flow): 0.464558, Reg: 0.061045
Iter 170 of 180 Loss: 0.516279, L1(Flow): 0.457523, Reg: 0.058757
Iter 180 of 180 Loss: 0.486559, L1(Flow): 0.433560, Reg: 0.052999
Epoch 92 Loss: 0.528027
Epoch 92 Validation: Mean EPE: 1.1548, Mean SSIM: 0.8153, Mean ZNCC: 0.9644
--> Saved to Top 5 best models (EPE: 1.1548)
--> New absolute BEST model updated with EPE: 1.1548
Epoch 93 starts
Iter 10 of 180 Loss: 0.554356, L1(Flow): 0.492822, Reg: 0.061534
Iter 20 of 180 Loss: 0.549912, L1(Flow): 0.486310, Reg: 0.063603
Iter 30 of 180 Loss: 0.522895, L1(Flow): 0.467494, Reg: 0.055401
Iter 40 of 180 Loss: 0.546301, L1(Flow): 0.483595, Reg: 0.062706
Iter 50 of 180 Loss: 0.517250, L1(Flow): 0.458407, Reg: 0.058843
Iter 60 of 180 Loss: 0.494068, L1(Flow): 0.442074, Reg: 0.051993
Iter 70 of 180 Loss: 0.569767, L1(Flow): 0.506896, Reg: 0.062871
Iter 80 of 180 Loss: 0.538263, L1(Flow): 0.477874, Reg: 0.060389
Iter 90 of 180 Loss: 0.529777, L1(Flow): 0.466261, Reg: 0.063516
Iter 100 of 180 Loss: 0.525075, L1(Flow): 0.463296, Reg: 0.061780
Iter 110 of 180 Loss: 0.557222, L1(Flow): 0.496556, Reg: 0.060666
Iter 120 of 180 Loss: 0.562239, L1(Flow): 0.498168, Reg: 0.064071
Iter 130 of 180 Loss: 0.516876, L1(Flow): 0.459242, Reg: 0.057634
Iter 140 of 180 Loss: 0.517036, L1(Flow): 0.460720, Reg: 0.056316
Iter 150 of 180 Loss: 0.529839, L1(Flow): 0.473773, Reg: 0.056066
Iter 160 of 180 Loss: 0.540407, L1(Flow): 0.482527, Reg: 0.057880
Iter 170 of 180 Loss: 0.467026, L1(Flow): 0.414602, Reg: 0.052424
Iter 180 of 180 Loss: 0.524804, L1(Flow): 0.460394, Reg: 0.064411
Epoch 93 Loss: 0.527985
Epoch 93 Validation: Mean EPE: 1.1519, Mean SSIM: 0.8154, Mean ZNCC: 0.9641
--> Saved to Top 5 best models (EPE: 1.1519)
--> New absolute BEST model updated with EPE: 1.1519
Epoch 94 starts
Iter 10 of 180 Loss: 0.504072, L1(Flow): 0.450208, Reg: 0.053864
Iter 20 of 180 Loss: 0.529779, L1(Flow): 0.470227, Reg: 0.059553
Iter 30 of 180 Loss: 0.564867, L1(Flow): 0.504778, Reg: 0.060089
Iter 40 of 180 Loss: 0.522433, L1(Flow): 0.463259, Reg: 0.059174
Iter 50 of 180 Loss: 0.561111, L1(Flow): 0.498175, Reg: 0.062936
Iter 60 of 180 Loss: 0.544675, L1(Flow): 0.482162, Reg: 0.062514
Iter 70 of 180 Loss: 0.517759, L1(Flow): 0.461949, Reg: 0.055811
Iter 80 of 180 Loss: 0.516141, L1(Flow): 0.457100, Reg: 0.059041
Iter 90 of 180 Loss: 0.546138, L1(Flow): 0.483379, Reg: 0.062759
Iter 100 of 180 Loss: 0.500979, L1(Flow): 0.448419, Reg: 0.052560
Iter 110 of 180 Loss: 0.544371, L1(Flow): 0.480825, Reg: 0.063546
Iter 120 of 180 Loss: 0.570801, L1(Flow): 0.504302, Reg: 0.066498
Iter 130 of 180 Loss: 0.508350, L1(Flow): 0.453969, Reg: 0.054381
Iter 140 of 180 Loss: 0.548921, L1(Flow): 0.491007, Reg: 0.057914
Iter 150 of 180 Loss: 0.531573, L1(Flow): 0.470591, Reg: 0.060982
Iter 160 of 180 Loss: 0.587899, L1(Flow): 0.527890, Reg: 0.060009
Iter 170 of 180 Loss: 0.509510, L1(Flow): 0.455601, Reg: 0.053908
Iter 180 of 180 Loss: 0.621565, L1(Flow): 0.561436, Reg: 0.060129
Epoch 94 Loss: 0.533183
Epoch 94 Validation: Mean EPE: 1.1629, Mean SSIM: 0.8139, Mean ZNCC: 0.9640
--> Saved to Top 5 best models (EPE: 1.1629)
Epoch 95 starts
Iter 10 of 180 Loss: 0.560448, L1(Flow): 0.495667, Reg: 0.064781
Iter 20 of 180 Loss: 0.529579, L1(Flow): 0.469173, Reg: 0.060406
Iter 30 of 180 Loss: 0.501393, L1(Flow): 0.446748, Reg: 0.054645
Iter 40 of 180 Loss: 0.507675, L1(Flow): 0.448354, Reg: 0.059322
Iter 50 of 180 Loss: 0.521708, L1(Flow): 0.461950, Reg: 0.059759
Iter 60 of 180 Loss: 0.519444, L1(Flow): 0.463182, Reg: 0.056262
Iter 70 of 180 Loss: 0.532437, L1(Flow): 0.474435, Reg: 0.058002
Iter 80 of 180 Loss: 0.499125, L1(Flow): 0.442326, Reg: 0.056799
Iter 90 of 180 Loss: 0.500567, L1(Flow): 0.445204, Reg: 0.055363
Iter 100 of 180 Loss: 0.508535, L1(Flow): 0.451932, Reg: 0.056604
Iter 110 of 180 Loss: 0.503014, L1(Flow): 0.446664, Reg: 0.056350
Iter 120 of 180 Loss: 0.522036, L1(Flow): 0.459850, Reg: 0.062185
Iter 130 of 180 Loss: 0.541295, L1(Flow): 0.480489, Reg: 0.060806
Iter 140 of 180 Loss: 0.549080, L1(Flow): 0.487014, Reg: 0.062066
Iter 150 of 180 Loss: 0.522038, L1(Flow): 0.467928, Reg: 0.054110
Iter 160 of 180 Loss: 0.514138, L1(Flow): 0.453070, Reg: 0.061068
Iter 170 of 180 Loss: 0.558330, L1(Flow): 0.497402, Reg: 0.060929
Iter 180 of 180 Loss: 0.520170, L1(Flow): 0.461378, Reg: 0.058793
Epoch 95 Loss: 0.524804
Epoch 95 Validation: Mean EPE: 1.1507, Mean SSIM: 0.8164, Mean ZNCC: 0.9646
--> Saved to Top 5 best models (EPE: 1.1507)
--> New absolute BEST model updated with EPE: 1.1507
Epoch 96 starts
Iter 10 of 180 Loss: 0.523391, L1(Flow): 0.463588, Reg: 0.059803
Iter 20 of 180 Loss: 0.525860, L1(Flow): 0.466003, Reg: 0.059857
Iter 30 of 180 Loss: 0.499690, L1(Flow): 0.443216, Reg: 0.056473
Iter 40 of 180 Loss: 0.496733, L1(Flow): 0.440542, Reg: 0.056191
Iter 50 of 180 Loss: 0.526906, L1(Flow): 0.467116, Reg: 0.059791
Iter 60 of 180 Loss: 0.525811, L1(Flow): 0.468028, Reg: 0.057783
Iter 70 of 180 Loss: 0.529461, L1(Flow): 0.468873, Reg: 0.060588
Iter 80 of 180 Loss: 0.507827, L1(Flow): 0.453074, Reg: 0.054753
Iter 90 of 180 Loss: 0.554032, L1(Flow): 0.486887, Reg: 0.067145
Iter 100 of 180 Loss: 0.571360, L1(Flow): 0.502943, Reg: 0.068418
Iter 110 of 180 Loss: 0.524644, L1(Flow): 0.472066, Reg: 0.052578
Iter 120 of 180 Loss: 0.515879, L1(Flow): 0.455234, Reg: 0.060644
Iter 130 of 180 Loss: 0.512918, L1(Flow): 0.453007, Reg: 0.059911
Iter 140 of 180 Loss: 0.541341, L1(Flow): 0.477346, Reg: 0.063995
Iter 150 of 180 Loss: 0.515431, L1(Flow): 0.456857, Reg: 0.058574
Iter 160 of 180 Loss: 0.542237, L1(Flow): 0.482050, Reg: 0.060187
Iter 170 of 180 Loss: 0.502559, L1(Flow): 0.443805, Reg: 0.058754
Iter 180 of 180 Loss: 0.531956, L1(Flow): 0.469938, Reg: 0.062018
Epoch 96 Loss: 0.520512
Epoch 96 Validation: Mean EPE: 1.1512, Mean SSIM: 0.8153, Mean ZNCC: 0.9645
--> Saved to Top 5 best models (EPE: 1.1512)
Epoch 97 starts
Iter 10 of 180 Loss: 0.511203, L1(Flow): 0.451614, Reg: 0.059589
Iter 20 of 180 Loss: 0.481410, L1(Flow): 0.428928, Reg: 0.052483
Iter 30 of 180 Loss: 0.525853, L1(Flow): 0.464685, Reg: 0.061168
Iter 40 of 180 Loss: 0.495526, L1(Flow): 0.441109, Reg: 0.054418
Iter 50 of 180 Loss: 0.488376, L1(Flow): 0.433932, Reg: 0.054444
Iter 60 of 180 Loss: 0.538543, L1(Flow): 0.478464, Reg: 0.060079
Iter 70 of 180 Loss: 0.532608, L1(Flow): 0.470474, Reg: 0.062135
Iter 80 of 180 Loss: 0.518193, L1(Flow): 0.456776, Reg: 0.061417
Iter 90 of 180 Loss: 0.535181, L1(Flow): 0.477494, Reg: 0.057686
Iter 100 of 180 Loss: 0.544962, L1(Flow): 0.488615, Reg: 0.056347
Iter 110 of 180 Loss: 0.498067, L1(Flow): 0.440043, Reg: 0.058023
Iter 120 of 180 Loss: 0.512262, L1(Flow): 0.453896, Reg: 0.058366
Iter 130 of 180 Loss: 0.503398, L1(Flow): 0.445346, Reg: 0.058052
Iter 140 of 180 Loss: 0.505490, L1(Flow): 0.447803, Reg: 0.057686
Iter 150 of 180 Loss: 0.520045, L1(Flow): 0.461351, Reg: 0.058694
Iter 160 of 180 Loss: 0.482785, L1(Flow): 0.428870, Reg: 0.053915
Iter 170 of 180 Loss: 0.500262, L1(Flow): 0.444293, Reg: 0.055970
Iter 180 of 180 Loss: 0.504665, L1(Flow): 0.448159, Reg: 0.056507
Epoch 97 Loss: 0.513860
Epoch 97 Validation: Mean EPE: 1.1383, Mean SSIM: 0.8187, Mean ZNCC: 0.9651
--> Saved to Top 5 best models (EPE: 1.1383)
--> New absolute BEST model updated with EPE: 1.1383
Epoch 98 starts
Iter 10 of 180 Loss: 0.535437, L1(Flow): 0.478115, Reg: 0.057322
Iter 20 of 180 Loss: 0.502926, L1(Flow): 0.444882, Reg: 0.058044
Iter 30 of 180 Loss: 0.519202, L1(Flow): 0.459726, Reg: 0.059475
Iter 40 of 180 Loss: 0.547850, L1(Flow): 0.484101, Reg: 0.063749
Iter 50 of 180 Loss: 0.491198, L1(Flow): 0.438721, Reg: 0.052476
Iter 60 of 180 Loss: 0.490143, L1(Flow): 0.434403, Reg: 0.055740
Iter 70 of 180 Loss: 0.531113, L1(Flow): 0.472297, Reg: 0.058816
Iter 80 of 180 Loss: 0.489032, L1(Flow): 0.434116, Reg: 0.054916
Iter 90 of 180 Loss: 0.532606, L1(Flow): 0.473991, Reg: 0.058615
Iter 100 of 180 Loss: 0.519658, L1(Flow): 0.465491, Reg: 0.054167
Iter 110 of 180 Loss: 0.541433, L1(Flow): 0.483632, Reg: 0.057800
Iter 120 of 180 Loss: 0.517830, L1(Flow): 0.464741, Reg: 0.053089
Iter 130 of 180 Loss: 0.496199, L1(Flow): 0.435855, Reg: 0.060343
Iter 140 of 180 Loss: 0.511857, L1(Flow): 0.451816, Reg: 0.060041
Iter 150 of 180 Loss: 0.516025, L1(Flow): 0.456859, Reg: 0.059167
Iter 160 of 180 Loss: 0.501695, L1(Flow): 0.443321, Reg: 0.058373
Iter 170 of 180 Loss: 0.518719, L1(Flow): 0.458634, Reg: 0.060086
Iter 180 of 180 Loss: 0.527486, L1(Flow): 0.464174, Reg: 0.063312
Epoch 98 Loss: 0.513494
Epoch 98 Validation: Mean EPE: 1.1453, Mean SSIM: 0.8171, Mean ZNCC: 0.9645
--> Saved to Top 5 best models (EPE: 1.1453)
Epoch 99 starts
Iter 10 of 180 Loss: 0.480748, L1(Flow): 0.425653, Reg: 0.055095
Iter 20 of 180 Loss: 0.488806, L1(Flow): 0.431397, Reg: 0.057410
Iter 30 of 180 Loss: 0.502290, L1(Flow): 0.443006, Reg: 0.059284
Iter 40 of 180 Loss: 0.503120, L1(Flow): 0.448933, Reg: 0.054187
Iter 50 of 180 Loss: 0.491426, L1(Flow): 0.435119, Reg: 0.056307
Iter 60 of 180 Loss: 0.482758, L1(Flow): 0.425640, Reg: 0.057118
Iter 70 of 180 Loss: 0.522833, L1(Flow): 0.465041, Reg: 0.057792
Iter 80 of 180 Loss: 0.500867, L1(Flow): 0.443791, Reg: 0.057077
Iter 90 of 180 Loss: 0.524285, L1(Flow): 0.463527, Reg: 0.060758
Iter 100 of 180 Loss: 0.513113, L1(Flow): 0.456264, Reg: 0.056848
Iter 110 of 180 Loss: 0.490657, L1(Flow): 0.435326, Reg: 0.055331
Iter 120 of 180 Loss: 0.493518, L1(Flow): 0.440326, Reg: 0.053192
Iter 130 of 180 Loss: 0.495028, L1(Flow): 0.439268, Reg: 0.055760
Iter 140 of 180 Loss: 0.518039, L1(Flow): 0.458965, Reg: 0.059074
Iter 150 of 180 Loss: 0.528395, L1(Flow): 0.467483, Reg: 0.060912
Iter 160 of 180 Loss: 0.476875, L1(Flow): 0.421039, Reg: 0.055837
Iter 170 of 180 Loss: 0.500974, L1(Flow): 0.444200, Reg: 0.056774
Iter 180 of 180 Loss: 0.512448, L1(Flow): 0.455114, Reg: 0.057335
Epoch 99 Loss: 0.511246
Epoch 99 Validation: Mean EPE: 1.1529, Mean SSIM: 0.8165, Mean ZNCC: 0.9648
Epoch 100 starts
Iter 10 of 180 Loss: 0.515760, L1(Flow): 0.460091, Reg: 0.055670
Iter 20 of 180 Loss: 0.638756, L1(Flow): 0.582824, Reg: 0.055933
Iter 30 of 180 Loss: 0.551208, L1(Flow): 0.490888, Reg: 0.060321
Iter 40 of 180 Loss: 0.544779, L1(Flow): 0.487874, Reg: 0.056905
Iter 50 of 180 Loss: 0.556362, L1(Flow): 0.493800, Reg: 0.062563
Iter 60 of 180 Loss: 0.520115, L1(Flow): 0.462770, Reg: 0.057345
Iter 70 of 180 Loss: 0.515590, L1(Flow): 0.453172, Reg: 0.062418
Iter 80 of 180 Loss: 0.504674, L1(Flow): 0.447731, Reg: 0.056943
Iter 90 of 180 Loss: 0.519408, L1(Flow): 0.459168, Reg: 0.060240
Iter 100 of 180 Loss: 0.500443, L1(Flow): 0.447142, Reg: 0.053301
Iter 110 of 180 Loss: 0.515189, L1(Flow): 0.459399, Reg: 0.055791
Iter 120 of 180 Loss: 0.525251, L1(Flow): 0.464259, Reg: 0.060993
Iter 130 of 180 Loss: 0.475336, L1(Flow): 0.422072, Reg: 0.053264
Iter 140 of 180 Loss: 0.502965, L1(Flow): 0.448450, Reg: 0.054515
Iter 150 of 180 Loss: 0.565324, L1(Flow): 0.500691, Reg: 0.064633
Iter 160 of 180 Loss: 0.522803, L1(Flow): 0.461382, Reg: 0.061421
Iter 170 of 180 Loss: 0.477181, L1(Flow): 0.424685, Reg: 0.052496
Iter 180 of 180 Loss: 0.498608, L1(Flow): 0.439837, Reg: 0.058771
Epoch 100 Loss: 0.521297
Epoch 100 Validation: Mean EPE: 1.1541, Mean SSIM: 0.8162, Mean ZNCC: 0.9648
Epoch 101 starts
Iter 10 of 180 Loss: 0.493510, L1(Flow): 0.438947, Reg: 0.054563
Iter 20 of 180 Loss: 0.510843, L1(Flow): 0.456016, Reg: 0.054827
Iter 30 of 180 Loss: 0.517167, L1(Flow): 0.460589, Reg: 0.056578
Iter 40 of 180 Loss: 0.507867, L1(Flow): 0.450699, Reg: 0.057169
Iter 50 of 180 Loss: 0.521646, L1(Flow): 0.463503, Reg: 0.058143
Iter 60 of 180 Loss: 0.506131, L1(Flow): 0.449842, Reg: 0.056289
Iter 70 of 180 Loss: 0.466320, L1(Flow): 0.415739, Reg: 0.050581
Iter 80 of 180 Loss: 0.522637, L1(Flow): 0.467357, Reg: 0.055280
Iter 90 of 180 Loss: 0.552278, L1(Flow): 0.489863, Reg: 0.062415
Iter 100 of 180 Loss: 0.484284, L1(Flow): 0.427884, Reg: 0.056400
Iter 110 of 180 Loss: 0.473604, L1(Flow): 0.423275, Reg: 0.050330
Iter 120 of 180 Loss: 0.497896, L1(Flow): 0.440777, Reg: 0.057119
Iter 130 of 180 Loss: 0.525990, L1(Flow): 0.470992, Reg: 0.054997
Iter 140 of 180 Loss: 0.514027, L1(Flow): 0.457435, Reg: 0.056592
Iter 150 of 180 Loss: 0.540875, L1(Flow): 0.480770, Reg: 0.060105
Iter 160 of 180 Loss: 0.558156, L1(Flow): 0.495645, Reg: 0.062512
Iter 170 of 180 Loss: 0.497195, L1(Flow): 0.440075, Reg: 0.057119
Iter 180 of 180 Loss: 0.478806, L1(Flow): 0.421932, Reg: 0.056874
Epoch 101 Loss: 0.516563
Epoch 101 Validation: Mean EPE: 1.1548, Mean SSIM: 0.8149, Mean ZNCC: 0.9643
Epoch 102 starts
Iter 10 of 180 Loss: 0.556928, L1(Flow): 0.501463, Reg: 0.055465
Iter 20 of 180 Loss: 0.576198, L1(Flow): 0.511351, Reg: 0.064847
Iter 30 of 180 Loss: 0.493599, L1(Flow): 0.436648, Reg: 0.056951
Iter 40 of 180 Loss: 0.555366, L1(Flow): 0.496134, Reg: 0.059232
Iter 50 of 180 Loss: 0.499210, L1(Flow): 0.438667, Reg: 0.060543
Iter 60 of 180 Loss: 0.509955, L1(Flow): 0.450772, Reg: 0.059183
Iter 70 of 180 Loss: 0.488641, L1(Flow): 0.429057, Reg: 0.059584
Iter 80 of 180 Loss: 0.519764, L1(Flow): 0.460519, Reg: 0.059244
Iter 90 of 180 Loss: 0.484350, L1(Flow): 0.428381, Reg: 0.055970
Iter 100 of 180 Loss: 0.492183, L1(Flow): 0.439160, Reg: 0.053023
Iter 110 of 180 Loss: 0.470021, L1(Flow): 0.415201, Reg: 0.054820
Iter 120 of 180 Loss: 0.550338, L1(Flow): 0.486791, Reg: 0.063548
Iter 130 of 180 Loss: 0.493266, L1(Flow): 0.436544, Reg: 0.056723
Iter 140 of 180 Loss: 0.469784, L1(Flow): 0.415884, Reg: 0.053900
Iter 150 of 180 Loss: 0.475289, L1(Flow): 0.421310, Reg: 0.053979
Iter 160 of 180 Loss: 0.468490, L1(Flow): 0.415348, Reg: 0.053142
Iter 170 of 180 Loss: 0.508889, L1(Flow): 0.449087, Reg: 0.059803
Iter 180 of 180 Loss: 0.486377, L1(Flow): 0.432393, Reg: 0.053984
Epoch 102 Loss: 0.506613
Epoch 102 Validation: Mean EPE: 1.1322, Mean SSIM: 0.8190, Mean ZNCC: 0.9653
--> Saved to Top 5 best models (EPE: 1.1322)
--> New absolute BEST model updated with EPE: 1.1322
Epoch 103 starts
Iter 10 of 180 Loss: 0.511265, L1(Flow): 0.451747, Reg: 0.059518
Iter 20 of 180 Loss: 0.511855, L1(Flow): 0.452012, Reg: 0.059843
Iter 30 of 180 Loss: 0.475702, L1(Flow): 0.422675, Reg: 0.053027
Iter 40 of 180 Loss: 0.464445, L1(Flow): 0.412607, Reg: 0.051838
Iter 50 of 180 Loss: 0.499392, L1(Flow): 0.443922, Reg: 0.055470
Iter 60 of 180 Loss: 0.499312, L1(Flow): 0.446301, Reg: 0.053011
Iter 70 of 180 Loss: 0.473247, L1(Flow): 0.419030, Reg: 0.054217
Iter 80 of 180 Loss: 0.519267, L1(Flow): 0.461803, Reg: 0.057465
Iter 90 of 180 Loss: 0.538897, L1(Flow): 0.476595, Reg: 0.062302
Iter 100 of 180 Loss: 0.468323, L1(Flow): 0.415096, Reg: 0.053227
Iter 110 of 180 Loss: 0.517077, L1(Flow): 0.455296, Reg: 0.061781
Iter 120 of 180 Loss: 0.528183, L1(Flow): 0.466576, Reg: 0.061607
Iter 130 of 180 Loss: 0.490484, L1(Flow): 0.438161, Reg: 0.052322
Iter 140 of 180 Loss: 0.457042, L1(Flow): 0.410208, Reg: 0.046834
Iter 150 of 180 Loss: 0.519044, L1(Flow): 0.458156, Reg: 0.060888
Iter 160 of 180 Loss: 0.479138, L1(Flow): 0.424316, Reg: 0.054823
Iter 170 of 180 Loss: 0.514707, L1(Flow): 0.455560, Reg: 0.059146
Iter 180 of 180 Loss: 0.490283, L1(Flow): 0.428525, Reg: 0.061758
Epoch 103 Loss: 0.501910
Epoch 103 Validation: Mean EPE: 1.1344, Mean SSIM: 0.8185, Mean ZNCC: 0.9653
--> Saved to Top 5 best models (EPE: 1.1344)
Epoch 104 starts
Iter 10 of 180 Loss: 0.516124, L1(Flow): 0.458596, Reg: 0.057527
Iter 20 of 180 Loss: 0.508551, L1(Flow): 0.451596, Reg: 0.056955
Iter 30 of 180 Loss: 0.481107, L1(Flow): 0.422679, Reg: 0.058429
Iter 40 of 180 Loss: 0.503900, L1(Flow): 0.450289, Reg: 0.053612
Iter 50 of 180 Loss: 0.488579, L1(Flow): 0.431486, Reg: 0.057094
Iter 60 of 180 Loss: 0.524130, L1(Flow): 0.466804, Reg: 0.057327
Iter 70 of 180 Loss: 0.520390, L1(Flow): 0.459898, Reg: 0.060492
Iter 80 of 180 Loss: 0.481324, L1(Flow): 0.427226, Reg: 0.054099
Iter 90 of 180 Loss: 0.515288, L1(Flow): 0.459844, Reg: 0.055444
Iter 100 of 180 Loss: 0.487617, L1(Flow): 0.435812, Reg: 0.051806
Iter 110 of 180 Loss: 0.538184, L1(Flow): 0.475921, Reg: 0.062263
Iter 120 of 180 Loss: 0.473255, L1(Flow): 0.419304, Reg: 0.053951
Iter 130 of 180 Loss: 0.501412, L1(Flow): 0.441945, Reg: 0.059467
Iter 140 of 180 Loss: 0.510999, L1(Flow): 0.454441, Reg: 0.056559
Iter 150 of 180 Loss: 0.485914, L1(Flow): 0.427224, Reg: 0.058689
Iter 160 of 180 Loss: 0.502381, L1(Flow): 0.445435, Reg: 0.056946
Iter 170 of 180 Loss: 0.526017, L1(Flow): 0.466834, Reg: 0.059183
Iter 180 of 180 Loss: 0.519941, L1(Flow): 0.462223, Reg: 0.057718
Epoch 104 Loss: 0.505456
Epoch 104 Validation: Mean EPE: 1.1381, Mean SSIM: 0.8175, Mean ZNCC: 0.9648
--> Saved to Top 5 best models (EPE: 1.1381)
Epoch 105 starts
Iter 10 of 180 Loss: 0.515167, L1(Flow): 0.458400, Reg: 0.056768
Iter 20 of 180 Loss: 0.472783, L1(Flow): 0.419609, Reg: 0.053174
Iter 30 of 180 Loss: 0.511727, L1(Flow): 0.449963, Reg: 0.061764
Iter 40 of 180 Loss: 0.499830, L1(Flow): 0.442386, Reg: 0.057444
Iter 50 of 180 Loss: 0.497274, L1(Flow): 0.439356, Reg: 0.057918
Iter 60 of 180 Loss: 0.520452, L1(Flow): 0.458612, Reg: 0.061840
Iter 70 of 180 Loss: 0.496584, L1(Flow): 0.439992, Reg: 0.056593
Iter 80 of 180 Loss: 0.476131, L1(Flow): 0.421448, Reg: 0.054683
Iter 90 of 180 Loss: 0.484331, L1(Flow): 0.429827, Reg: 0.054504
Iter 100 of 180 Loss: 0.479339, L1(Flow): 0.426343, Reg: 0.052995
Iter 110 of 180 Loss: 0.534420, L1(Flow): 0.472798, Reg: 0.061622
Iter 120 of 180 Loss: 0.473405, L1(Flow): 0.423151, Reg: 0.050254
Iter 130 of 180 Loss: 0.484249, L1(Flow): 0.426369, Reg: 0.057879
Iter 140 of 180 Loss: 0.503878, L1(Flow): 0.444110, Reg: 0.059768
Iter 150 of 180 Loss: 0.504607, L1(Flow): 0.449048, Reg: 0.055559
Iter 160 of 180 Loss: 0.554626, L1(Flow): 0.488064, Reg: 0.066562
Iter 170 of 180 Loss: 0.510865, L1(Flow): 0.452408, Reg: 0.058458
Iter 180 of 180 Loss: 0.472628, L1(Flow): 0.418243, Reg: 0.054385
Epoch 105 Loss: 0.495416
Epoch 105 Validation: Mean EPE: 1.1302, Mean SSIM: 0.8195, Mean ZNCC: 0.9655
--> Saved to Top 5 best models (EPE: 1.1302)
--> New absolute BEST model updated with EPE: 1.1302
Epoch 106 starts
Iter 10 of 180 Loss: 0.558538, L1(Flow): 0.492301, Reg: 0.066238
Iter 20 of 180 Loss: 0.472082, L1(Flow): 0.417502, Reg: 0.054580
Iter 30 of 180 Loss: 0.504459, L1(Flow): 0.446388, Reg: 0.058071
Iter 40 of 180 Loss: 0.491143, L1(Flow): 0.436807, Reg: 0.054337
Iter 50 of 180 Loss: 0.485430, L1(Flow): 0.430983, Reg: 0.054446
Iter 60 of 180 Loss: 0.461344, L1(Flow): 0.408870, Reg: 0.052474
Iter 70 of 180 Loss: 0.534003, L1(Flow): 0.475113, Reg: 0.058890
Iter 80 of 180 Loss: 0.511147, L1(Flow): 0.452832, Reg: 0.058315
Iter 90 of 180 Loss: 0.468614, L1(Flow): 0.413463, Reg: 0.055152
Iter 100 of 180 Loss: 0.449283, L1(Flow): 0.395145, Reg: 0.054138
Iter 110 of 180 Loss: 0.457001, L1(Flow): 0.406047, Reg: 0.050954
Iter 120 of 180 Loss: 0.479869, L1(Flow): 0.421293, Reg: 0.058576
Iter 130 of 180 Loss: 0.469022, L1(Flow): 0.416636, Reg: 0.052386
Iter 140 of 180 Loss: 0.480571, L1(Flow): 0.423220, Reg: 0.057351
Iter 150 of 180 Loss: 0.533160, L1(Flow): 0.476368, Reg: 0.056792
Iter 160 of 180 Loss: 0.478802, L1(Flow): 0.427357, Reg: 0.051445
Iter 170 of 180 Loss: 0.495780, L1(Flow): 0.441476, Reg: 0.054304
Iter 180 of 180 Loss: 0.487499, L1(Flow): 0.431546, Reg: 0.055953
Epoch 106 Loss: 0.494341
Epoch 106 Validation: Mean EPE: 1.1252, Mean SSIM: 0.8202, Mean ZNCC: 0.9657
--> Saved to Top 5 best models (EPE: 1.1252)
--> New absolute BEST model updated with EPE: 1.1252
Epoch 107 starts
Iter 10 of 180 Loss: 0.466609, L1(Flow): 0.413046, Reg: 0.053563
Iter 20 of 180 Loss: 0.488515, L1(Flow): 0.429403, Reg: 0.059112
Iter 30 of 180 Loss: 0.492677, L1(Flow): 0.435150, Reg: 0.057527
Iter 40 of 180 Loss: 0.526169, L1(Flow): 0.467046, Reg: 0.059123
Iter 50 of 180 Loss: 0.528598, L1(Flow): 0.470873, Reg: 0.057725
Iter 60 of 180 Loss: 0.468657, L1(Flow): 0.417376, Reg: 0.051282
Iter 70 of 180 Loss: 0.507964, L1(Flow): 0.452992, Reg: 0.054971
Iter 80 of 180 Loss: 0.531849, L1(Flow): 0.478379, Reg: 0.053471
Iter 90 of 180 Loss: 0.517129, L1(Flow): 0.458201, Reg: 0.058928
Iter 100 of 180 Loss: 0.508206, L1(Flow): 0.450387, Reg: 0.057819
Iter 110 of 180 Loss: 0.509387, L1(Flow): 0.450141, Reg: 0.059246
Iter 120 of 180 Loss: 0.466779, L1(Flow): 0.414410, Reg: 0.052369
Iter 130 of 180 Loss: 0.500311, L1(Flow): 0.441277, Reg: 0.059034
Iter 140 of 180 Loss: 0.480402, L1(Flow): 0.424480, Reg: 0.055922
Iter 150 of 180 Loss: 0.490317, L1(Flow): 0.433800, Reg: 0.056517
Iter 160 of 180 Loss: 0.544304, L1(Flow): 0.484297, Reg: 0.060008
Iter 170 of 180 Loss: 0.487915, L1(Flow): 0.430038, Reg: 0.057878
Iter 180 of 180 Loss: 0.474839, L1(Flow): 0.424569, Reg: 0.050270
Epoch 107 Loss: 0.501513
Epoch 107 Validation: Mean EPE: 1.1293, Mean SSIM: 0.8190, Mean ZNCC: 0.9655
--> Saved to Top 5 best models (EPE: 1.1293)
Epoch 108 starts
Iter 10 of 180 Loss: 0.484301, L1(Flow): 0.429669, Reg: 0.054631
Iter 20 of 180 Loss: 0.494453, L1(Flow): 0.435331, Reg: 0.059122
Iter 30 of 180 Loss: 0.478868, L1(Flow): 0.421354, Reg: 0.057514
Iter 40 of 180 Loss: 0.475368, L1(Flow): 0.422107, Reg: 0.053260
Iter 50 of 180 Loss: 0.509991, L1(Flow): 0.449347, Reg: 0.060644
Iter 60 of 180 Loss: 0.483330, L1(Flow): 0.429223, Reg: 0.054107
Iter 70 of 180 Loss: 0.502344, L1(Flow): 0.446775, Reg: 0.055569
Iter 80 of 180 Loss: 0.541821, L1(Flow): 0.473311, Reg: 0.068509
Iter 90 of 180 Loss: 0.471543, L1(Flow): 0.419357, Reg: 0.052186
Iter 100 of 180 Loss: 0.521951, L1(Flow): 0.459852, Reg: 0.062100
Iter 110 of 180 Loss: 0.462206, L1(Flow): 0.406773, Reg: 0.055433
Iter 120 of 180 Loss: 0.506380, L1(Flow): 0.447130, Reg: 0.059251
Iter 130 of 180 Loss: 0.518114, L1(Flow): 0.460118, Reg: 0.057997
Iter 140 of 180 Loss: 0.494903, L1(Flow): 0.441155, Reg: 0.053748
Iter 150 of 180 Loss: 0.460486, L1(Flow): 0.407373, Reg: 0.053113
Iter 160 of 180 Loss: 0.449117, L1(Flow): 0.395678, Reg: 0.053440
Iter 170 of 180 Loss: 0.493033, L1(Flow): 0.435215, Reg: 0.057818
Iter 180 of 180 Loss: 0.548056, L1(Flow): 0.482185, Reg: 0.065870
Epoch 108 Loss: 0.493279
Epoch 108 Validation: Mean EPE: 1.1591, Mean SSIM: 0.8127, Mean ZNCC: 0.9644
Epoch 109 starts
Iter 10 of 180 Loss: 0.495205, L1(Flow): 0.442929, Reg: 0.052276
Iter 20 of 180 Loss: 0.538024, L1(Flow): 0.479004, Reg: 0.059019
Iter 30 of 180 Loss: 0.490322, L1(Flow): 0.435575, Reg: 0.054747
Iter 40 of 180 Loss: 0.454058, L1(Flow): 0.401869, Reg: 0.052190
Iter 50 of 180 Loss: 0.516447, L1(Flow): 0.455680, Reg: 0.060767
Iter 60 of 180 Loss: 0.500307, L1(Flow): 0.440271, Reg: 0.060036
Iter 70 of 180 Loss: 0.467085, L1(Flow): 0.414309, Reg: 0.052776
Iter 80 of 180 Loss: 0.460534, L1(Flow): 0.404790, Reg: 0.055744
Iter 90 of 180 Loss: 0.475591, L1(Flow): 0.422462, Reg: 0.053130
Iter 100 of 180 Loss: 0.495204, L1(Flow): 0.436262, Reg: 0.058941
Iter 110 of 180 Loss: 0.490356, L1(Flow): 0.431823, Reg: 0.058533
Iter 120 of 180 Loss: 0.489610, L1(Flow): 0.430568, Reg: 0.059042
Iter 130 of 180 Loss: 0.451455, L1(Flow): 0.399623, Reg: 0.051832
Iter 140 of 180 Loss: 0.511653, L1(Flow): 0.451550, Reg: 0.060103
Iter 150 of 180 Loss: 0.474984, L1(Flow): 0.420738, Reg: 0.054246
Iter 160 of 180 Loss: 0.478537, L1(Flow): 0.424060, Reg: 0.054477
Iter 170 of 180 Loss: 0.495715, L1(Flow): 0.437240, Reg: 0.058476
Iter 180 of 180 Loss: 0.505929, L1(Flow): 0.452236, Reg: 0.053693
Epoch 109 Loss: 0.486333
Epoch 109 Validation: Mean EPE: 1.1368, Mean SSIM: 0.8182, Mean ZNCC: 0.9650
Epoch 110 starts
Iter 10 of 180 Loss: 0.490133, L1(Flow): 0.436511, Reg: 0.053622
Iter 20 of 180 Loss: 0.470124, L1(Flow): 0.413831, Reg: 0.056293
Iter 30 of 180 Loss: 0.484799, L1(Flow): 0.425572, Reg: 0.059227
Iter 40 of 180 Loss: 0.487880, L1(Flow): 0.429540, Reg: 0.058340
Iter 50 of 180 Loss: 0.498409, L1(Flow): 0.440794, Reg: 0.057615
Iter 60 of 180 Loss: 0.530641, L1(Flow): 0.468798, Reg: 0.061843
Iter 70 of 180 Loss: 0.460039, L1(Flow): 0.403889, Reg: 0.056150
Iter 80 of 180 Loss: 0.511666, L1(Flow): 0.450178, Reg: 0.061489
Iter 90 of 180 Loss: 0.494977, L1(Flow): 0.437806, Reg: 0.057172
Iter 100 of 180 Loss: 0.491303, L1(Flow): 0.432051, Reg: 0.059252
Iter 110 of 180 Loss: 0.472173, L1(Flow): 0.416235, Reg: 0.055938
Iter 120 of 180 Loss: 0.505522, L1(Flow): 0.443264, Reg: 0.062258
Iter 130 of 180 Loss: 0.484815, L1(Flow): 0.428678, Reg: 0.056137
Iter 140 of 180 Loss: 0.477589, L1(Flow): 0.419801, Reg: 0.057788
Iter 150 of 180 Loss: 0.464286, L1(Flow): 0.405832, Reg: 0.058454
Iter 160 of 180 Loss: 0.503466, L1(Flow): 0.445188, Reg: 0.058277
Iter 170 of 180 Loss: 0.505160, L1(Flow): 0.442574, Reg: 0.062586
Iter 180 of 180 Loss: 0.465842, L1(Flow): 0.408993, Reg: 0.056848
Epoch 110 Loss: 0.481041
Epoch 110 Validation: Mean EPE: 1.1232, Mean SSIM: 0.8213, Mean ZNCC: 0.9660
--> Saved to Top 5 best models (EPE: 1.1232)
--> New absolute BEST model updated with EPE: 1.1232
Epoch 111 starts
Iter 10 of 180 Loss: 0.484217, L1(Flow): 0.424328, Reg: 0.059889
Iter 20 of 180 Loss: 0.445956, L1(Flow): 0.392869, Reg: 0.053087
Iter 30 of 180 Loss: 0.531392, L1(Flow): 0.464606, Reg: 0.066785
Iter 40 of 180 Loss: 0.480501, L1(Flow): 0.426411, Reg: 0.054090
Iter 50 of 180 Loss: 0.458914, L1(Flow): 0.407569, Reg: 0.051344
Iter 60 of 180 Loss: 0.476875, L1(Flow): 0.418873, Reg: 0.058002
Iter 70 of 180 Loss: 0.490266, L1(Flow): 0.431572, Reg: 0.058694
Iter 80 of 180 Loss: 0.520318, L1(Flow): 0.460344, Reg: 0.059974
Iter 90 of 180 Loss: 0.483639, L1(Flow): 0.427520, Reg: 0.056119
Iter 100 of 180 Loss: 0.495242, L1(Flow): 0.438972, Reg: 0.056270
Iter 110 of 180 Loss: 0.483924, L1(Flow): 0.426894, Reg: 0.057030
Iter 120 of 180 Loss: 0.466862, L1(Flow): 0.412620, Reg: 0.054242
Iter 130 of 180 Loss: 0.458552, L1(Flow): 0.404316, Reg: 0.054236
Iter 140 of 180 Loss: 0.510804, L1(Flow): 0.450729, Reg: 0.060075
Iter 150 of 180 Loss: 0.508887, L1(Flow): 0.449847, Reg: 0.059040
Iter 160 of 180 Loss: 0.455020, L1(Flow): 0.402105, Reg: 0.052915
Iter 170 of 180 Loss: 0.481972, L1(Flow): 0.426212, Reg: 0.055760
Iter 180 of 180 Loss: 0.515052, L1(Flow): 0.454236, Reg: 0.060816
Epoch 111 Loss: 0.482013
Epoch 111 Validation: Mean EPE: 1.1214, Mean SSIM: 0.8212, Mean ZNCC: 0.9659
--> Saved to Top 5 best models (EPE: 1.1214)
--> New absolute BEST model updated with EPE: 1.1214
Epoch 112 starts
Iter 10 of 180 Loss: 0.442432, L1(Flow): 0.392425, Reg: 0.050008
Iter 20 of 180 Loss: 0.464850, L1(Flow): 0.412122, Reg: 0.052727
Iter 30 of 180 Loss: 0.478315, L1(Flow): 0.420789, Reg: 0.057526
Iter 40 of 180 Loss: 0.461178, L1(Flow): 0.409212, Reg: 0.051966
Iter 50 of 180 Loss: 0.449722, L1(Flow): 0.398474, Reg: 0.051248
Iter 60 of 180 Loss: 0.496998, L1(Flow): 0.440430, Reg: 0.056568
Iter 70 of 180 Loss: 0.513300, L1(Flow): 0.454053, Reg: 0.059247
Iter 80 of 180 Loss: 0.479287, L1(Flow): 0.424846, Reg: 0.054441
Iter 90 of 180 Loss: 0.500935, L1(Flow): 0.441599, Reg: 0.059336
Iter 100 of 180 Loss: 0.497606, L1(Flow): 0.439810, Reg: 0.057796
Iter 110 of 180 Loss: 0.479507, L1(Flow): 0.423940, Reg: 0.055566
Iter 120 of 180 Loss: 0.491345, L1(Flow): 0.432337, Reg: 0.059009
Iter 130 of 180 Loss: 0.480312, L1(Flow): 0.426348, Reg: 0.053963
Iter 140 of 180 Loss: 0.501043, L1(Flow): 0.441963, Reg: 0.059080
Iter 150 of 180 Loss: 0.477111, L1(Flow): 0.419228, Reg: 0.057883
Iter 160 of 180 Loss: 0.495674, L1(Flow): 0.439092, Reg: 0.056582
Iter 170 of 180 Loss: 0.496126, L1(Flow): 0.437216, Reg: 0.058910
Iter 180 of 180 Loss: 0.506896, L1(Flow): 0.446628, Reg: 0.060268
Epoch 112 Loss: 0.476696
Epoch 112 Validation: Mean EPE: 1.1167, Mean SSIM: 0.8209, Mean ZNCC: 0.9658
--> Saved to Top 5 best models (EPE: 1.1167)
--> New absolute BEST model updated with EPE: 1.1167
Epoch 113 starts
Iter 10 of 180 Loss: 0.508017, L1(Flow): 0.445211, Reg: 0.062807
Iter 20 of 180 Loss: 0.482855, L1(Flow): 0.426011, Reg: 0.056844
Iter 30 of 180 Loss: 0.478853, L1(Flow): 0.421053, Reg: 0.057800
Iter 40 of 180 Loss: 0.480884, L1(Flow): 0.424986, Reg: 0.055899
Iter 50 of 180 Loss: 0.486820, L1(Flow): 0.428152, Reg: 0.058669
Iter 60 of 180 Loss: 0.455876, L1(Flow): 0.398081, Reg: 0.057795
Iter 70 of 180 Loss: 0.483024, L1(Flow): 0.427176, Reg: 0.055848
Iter 80 of 180 Loss: 0.453619, L1(Flow): 0.405096, Reg: 0.048523
Iter 90 of 180 Loss: 0.477948, L1(Flow): 0.423625, Reg: 0.054323
Iter 100 of 180 Loss: 0.482382, L1(Flow): 0.426654, Reg: 0.055728
Iter 110 of 180 Loss: 0.433610, L1(Flow): 0.381829, Reg: 0.051780
Iter 120 of 180 Loss: 0.449305, L1(Flow): 0.394226, Reg: 0.055079
Iter 130 of 180 Loss: 0.452033, L1(Flow): 0.403822, Reg: 0.048210
Iter 140 of 180 Loss: 0.499673, L1(Flow): 0.444971, Reg: 0.054702
Iter 150 of 180 Loss: 0.505749, L1(Flow): 0.444331, Reg: 0.061418
Iter 160 of 180 Loss: 0.489578, L1(Flow): 0.433288, Reg: 0.056290
Iter 170 of 180 Loss: 0.510539, L1(Flow): 0.451142, Reg: 0.059397
Iter 180 of 180 Loss: 0.453956, L1(Flow): 0.402732, Reg: 0.051224
Epoch 113 Loss: 0.477188
Epoch 113 Validation: Mean EPE: 1.1235, Mean SSIM: 0.8208, Mean ZNCC: 0.9658
--> Saved to Top 5 best models (EPE: 1.1235)
Epoch 114 starts
Iter 10 of 180 Loss: 0.449870, L1(Flow): 0.394803, Reg: 0.055066
Iter 20 of 180 Loss: 0.437887, L1(Flow): 0.386723, Reg: 0.051164
Iter 30 of 180 Loss: 0.508668, L1(Flow): 0.446672, Reg: 0.061996
Iter 40 of 180 Loss: 0.502786, L1(Flow): 0.445585, Reg: 0.057200
Iter 50 of 180 Loss: 0.478121, L1(Flow): 0.420251, Reg: 0.057870
Iter 60 of 180 Loss: 0.491430, L1(Flow): 0.428506, Reg: 0.062924
Iter 70 of 180 Loss: 0.473162, L1(Flow): 0.416779, Reg: 0.056383
Iter 80 of 180 Loss: 0.471124, L1(Flow): 0.416344, Reg: 0.054780
Iter 90 of 180 Loss: 0.501485, L1(Flow): 0.444057, Reg: 0.057428
Iter 100 of 180 Loss: 0.440211, L1(Flow): 0.389290, Reg: 0.050921
Iter 110 of 180 Loss: 0.476625, L1(Flow): 0.421690, Reg: 0.054935
Iter 120 of 180 Loss: 0.461510, L1(Flow): 0.409017, Reg: 0.052493
Iter 130 of 180 Loss: 0.466048, L1(Flow): 0.412934, Reg: 0.053114
Iter 140 of 180 Loss: 0.489935, L1(Flow): 0.431624, Reg: 0.058311
Iter 150 of 180 Loss: 0.481534, L1(Flow): 0.422193, Reg: 0.059342
Iter 160 of 180 Loss: 0.519244, L1(Flow): 0.460036, Reg: 0.059208
Iter 170 of 180 Loss: 0.477835, L1(Flow): 0.421409, Reg: 0.056427
Iter 180 of 180 Loss: 0.463032, L1(Flow): 0.411360, Reg: 0.051673
Epoch 114 Loss: 0.475415
Epoch 114 Validation: Mean EPE: 1.1164, Mean SSIM: 0.8212, Mean ZNCC: 0.9657
--> Saved to Top 5 best models (EPE: 1.1164)
--> New absolute BEST model updated with EPE: 1.1164
Epoch 115 starts
Iter 10 of 180 Loss: 0.474502, L1(Flow): 0.418877, Reg: 0.055624
Iter 20 of 180 Loss: 0.466577, L1(Flow): 0.412330, Reg: 0.054246
Iter 30 of 180 Loss: 0.425087, L1(Flow): 0.376576, Reg: 0.048511
Iter 40 of 180 Loss: 0.472376, L1(Flow): 0.417237, Reg: 0.055139
Iter 50 of 180 Loss: 0.457486, L1(Flow): 0.404558, Reg: 0.052928
Iter 60 of 180 Loss: 0.477004, L1(Flow): 0.418581, Reg: 0.058423
Iter 70 of 180 Loss: 0.441791, L1(Flow): 0.389668, Reg: 0.052124
Iter 80 of 180 Loss: 0.456599, L1(Flow): 0.406386, Reg: 0.050213
Iter 90 of 180 Loss: 0.467649, L1(Flow): 0.413266, Reg: 0.054383
Iter 100 of 180 Loss: 0.426364, L1(Flow): 0.376729, Reg: 0.049635
Iter 110 of 180 Loss: 0.505123, L1(Flow): 0.448183, Reg: 0.056940
Iter 120 of 180 Loss: 0.482746, L1(Flow): 0.428014, Reg: 0.054732
Iter 130 of 180 Loss: 0.466033, L1(Flow): 0.411285, Reg: 0.054748
Iter 140 of 180 Loss: 0.466996, L1(Flow): 0.414097, Reg: 0.052899
Iter 150 of 180 Loss: 0.482014, L1(Flow): 0.425314, Reg: 0.056700
Iter 160 of 180 Loss: 0.484197, L1(Flow): 0.428529, Reg: 0.055667
Iter 170 of 180 Loss: 0.486578, L1(Flow): 0.427557, Reg: 0.059022
Iter 180 of 180 Loss: 0.527966, L1(Flow): 0.464867, Reg: 0.063098
Epoch 115 Loss: 0.470286
Epoch 115 Validation: Mean EPE: 1.1216, Mean SSIM: 0.8211, Mean ZNCC: 0.9659
--> Saved to Top 5 best models (EPE: 1.1216)
Epoch 116 starts
Iter 10 of 180 Loss: 0.434905, L1(Flow): 0.382661, Reg: 0.052245
Iter 20 of 180 Loss: 0.514161, L1(Flow): 0.450059, Reg: 0.064102
Iter 30 of 180 Loss: 0.443227, L1(Flow): 0.391393, Reg: 0.051834
Iter 40 of 180 Loss: 0.499413, L1(Flow): 0.440214, Reg: 0.059200
Iter 50 of 180 Loss: 0.477774, L1(Flow): 0.423425, Reg: 0.054348
Iter 60 of 180 Loss: 0.442136, L1(Flow): 0.394180, Reg: 0.047956
Iter 70 of 180 Loss: 0.496855, L1(Flow): 0.438394, Reg: 0.058460
Iter 80 of 180 Loss: 0.463781, L1(Flow): 0.409660, Reg: 0.054121
Iter 90 of 180 Loss: 0.450826, L1(Flow): 0.398702, Reg: 0.052124
Iter 100 of 180 Loss: 0.442808, L1(Flow): 0.388378, Reg: 0.054430
Iter 110 of 180 Loss: 0.495939, L1(Flow): 0.434031, Reg: 0.061908
Iter 120 of 180 Loss: 0.462237, L1(Flow): 0.409564, Reg: 0.052673
Iter 130 of 180 Loss: 0.477578, L1(Flow): 0.419585, Reg: 0.057994
Iter 140 of 180 Loss: 0.474471, L1(Flow): 0.419952, Reg: 0.054519
Iter 150 of 180 Loss: 0.454719, L1(Flow): 0.400994, Reg: 0.053725
Iter 160 of 180 Loss: 0.481283, L1(Flow): 0.424644, Reg: 0.056639
Iter 170 of 180 Loss: 0.470191, L1(Flow): 0.415220, Reg: 0.054971
Iter 180 of 180 Loss: 0.447937, L1(Flow): 0.396936, Reg: 0.051001
Epoch 116 Loss: 0.470130
Epoch 116 Validation: Mean EPE: 1.1139, Mean SSIM: 0.8219, Mean ZNCC: 0.9662
--> Saved to Top 5 best models (EPE: 1.1139)
--> New absolute BEST model updated with EPE: 1.1139
Epoch 117 starts
Iter 10 of 180 Loss: 0.490259, L1(Flow): 0.432597, Reg: 0.057663
Iter 20 of 180 Loss: 0.433275, L1(Flow): 0.381447, Reg: 0.051829
Iter 30 of 180 Loss: 0.446873, L1(Flow): 0.393865, Reg: 0.053008
Iter 40 of 180 Loss: 0.440653, L1(Flow): 0.386116, Reg: 0.054538
Iter 50 of 180 Loss: 0.485556, L1(Flow): 0.427841, Reg: 0.057716
Iter 60 of 180 Loss: 0.444444, L1(Flow): 0.391111, Reg: 0.053334
Iter 70 of 180 Loss: 0.496179, L1(Flow): 0.434447, Reg: 0.061732
Iter 80 of 180 Loss: 0.456105, L1(Flow): 0.405022, Reg: 0.051083
Iter 90 of 180 Loss: 0.506603, L1(Flow): 0.449519, Reg: 0.057083
Iter 100 of 180 Loss: 0.464643, L1(Flow): 0.408059, Reg: 0.056584
Iter 110 of 180 Loss: 0.494368, L1(Flow): 0.435648, Reg: 0.058721
Iter 120 of 180 Loss: 0.492936, L1(Flow): 0.435661, Reg: 0.057275
Iter 130 of 180 Loss: 0.501946, L1(Flow): 0.446897, Reg: 0.055049
Iter 140 of 180 Loss: 0.429671, L1(Flow): 0.379795, Reg: 0.049876
Iter 150 of 180 Loss: 0.471256, L1(Flow): 0.417536, Reg: 0.053720
Iter 160 of 180 Loss: 0.496825, L1(Flow): 0.439742, Reg: 0.057084
Iter 170 of 180 Loss: 0.498569, L1(Flow): 0.446412, Reg: 0.052157
Iter 180 of 180 Loss: 0.475222, L1(Flow): 0.418858, Reg: 0.056364
Epoch 117 Loss: 0.469548
Epoch 117 Validation: Mean EPE: 1.1171, Mean SSIM: 0.8219, Mean ZNCC: 0.9662
--> Saved to Top 5 best models (EPE: 1.1171)
Epoch 118 starts
Iter 10 of 180 Loss: 0.461533, L1(Flow): 0.404699, Reg: 0.056834
Iter 20 of 180 Loss: 0.488226, L1(Flow): 0.427836, Reg: 0.060390
Iter 30 of 180 Loss: 0.461526, L1(Flow): 0.409017, Reg: 0.052510
Iter 40 of 180 Loss: 0.528166, L1(Flow): 0.469822, Reg: 0.058345
Iter 50 of 180 Loss: 0.518677, L1(Flow): 0.460009, Reg: 0.058668
Iter 60 of 180 Loss: 0.460531, L1(Flow): 0.406211, Reg: 0.054320
Iter 70 of 180 Loss: 0.476248, L1(Flow): 0.423225, Reg: 0.053023
Iter 80 of 180 Loss: 0.472303, L1(Flow): 0.419893, Reg: 0.052410
Iter 90 of 180 Loss: 0.472175, L1(Flow): 0.413764, Reg: 0.058410
Iter 100 of 180 Loss: 0.470464, L1(Flow): 0.414373, Reg: 0.056091
Iter 110 of 180 Loss: 0.468223, L1(Flow): 0.410933, Reg: 0.057290
Iter 120 of 180 Loss: 0.484283, L1(Flow): 0.426558, Reg: 0.057724
Iter 130 of 180 Loss: 0.446300, L1(Flow): 0.392755, Reg: 0.053544
Iter 140 of 180 Loss: 0.465234, L1(Flow): 0.408731, Reg: 0.056503
Iter 150 of 180 Loss: 0.475801, L1(Flow): 0.416270, Reg: 0.059531
Iter 160 of 180 Loss: 0.457254, L1(Flow): 0.400586, Reg: 0.056667
Iter 170 of 180 Loss: 0.423943, L1(Flow): 0.374024, Reg: 0.049919
Iter 180 of 180 Loss: 0.459793, L1(Flow): 0.405537, Reg: 0.054257
Epoch 118 Loss: 0.469440
Epoch 118 Validation: Mean EPE: 1.1214, Mean SSIM: 0.8208, Mean ZNCC: 0.9659
Epoch 119 starts
Iter 10 of 180 Loss: 0.465568, L1(Flow): 0.410835, Reg: 0.054733
Iter 20 of 180 Loss: 0.451101, L1(Flow): 0.398793, Reg: 0.052308
Iter 30 of 180 Loss: 0.491192, L1(Flow): 0.435493, Reg: 0.055699
Iter 40 of 180 Loss: 0.450590, L1(Flow): 0.398251, Reg: 0.052339
Iter 50 of 180 Loss: 0.479146, L1(Flow): 0.421581, Reg: 0.057565
Iter 60 of 180 Loss: 0.464908, L1(Flow): 0.411403, Reg: 0.053505
Iter 70 of 180 Loss: 0.450649, L1(Flow): 0.400429, Reg: 0.050220
Iter 80 of 180 Loss: 0.461072, L1(Flow): 0.409647, Reg: 0.051424
Iter 90 of 180 Loss: 0.441906, L1(Flow): 0.392568, Reg: 0.049338
Iter 100 of 180 Loss: 0.474445, L1(Flow): 0.425311, Reg: 0.049134
Iter 110 of 180 Loss: 0.493253, L1(Flow): 0.433835, Reg: 0.059418
Iter 120 of 180 Loss: 0.466626, L1(Flow): 0.416795, Reg: 0.049831
Iter 130 of 180 Loss: 0.472227, L1(Flow): 0.419114, Reg: 0.053113
Iter 140 of 180 Loss: 0.482525, L1(Flow): 0.423526, Reg: 0.058998
Iter 150 of 180 Loss: 0.423484, L1(Flow): 0.371309, Reg: 0.052175
Iter 160 of 180 Loss: 0.432741, L1(Flow): 0.382578, Reg: 0.050163
Iter 170 of 180 Loss: 0.467241, L1(Flow): 0.412563, Reg: 0.054678
Iter 180 of 180 Loss: 0.447388, L1(Flow): 0.394987, Reg: 0.052400
Epoch 119 Loss: 0.463416
Epoch 119 Validation: Mean EPE: 1.1267, Mean SSIM: 0.8195, Mean ZNCC: 0.9656
Epoch 120 starts
Iter 10 of 180 Loss: 0.466898, L1(Flow): 0.411033, Reg: 0.055865
Iter 20 of 180 Loss: 0.508239, L1(Flow): 0.450094, Reg: 0.058145
Iter 30 of 180 Loss: 0.449115, L1(Flow): 0.398591, Reg: 0.050524
Iter 40 of 180 Loss: 0.458462, L1(Flow): 0.405049, Reg: 0.053413
Iter 50 of 180 Loss: 0.462044, L1(Flow): 0.407902, Reg: 0.054142
Iter 60 of 180 Loss: 0.459723, L1(Flow): 0.405832, Reg: 0.053891
Iter 70 of 180 Loss: 0.458092, L1(Flow): 0.403711, Reg: 0.054381
Iter 80 of 180 Loss: 0.456613, L1(Flow): 0.404023, Reg: 0.052590
Iter 90 of 180 Loss: 0.476506, L1(Flow): 0.424346, Reg: 0.052160
Iter 100 of 180 Loss: 0.467447, L1(Flow): 0.411944, Reg: 0.055503
Iter 110 of 180 Loss: 0.435715, L1(Flow): 0.384443, Reg: 0.051271
Iter 120 of 180 Loss: 0.478324, L1(Flow): 0.423482, Reg: 0.054842
Iter 130 of 180 Loss: 0.455062, L1(Flow): 0.402400, Reg: 0.052661
Iter 140 of 180 Loss: 0.471099, L1(Flow): 0.416223, Reg: 0.054877
Iter 150 of 180 Loss: 0.466873, L1(Flow): 0.414434, Reg: 0.052439
Iter 160 of 180 Loss: 0.446780, L1(Flow): 0.392284, Reg: 0.054495
Iter 170 of 180 Loss: 0.487018, L1(Flow): 0.427501, Reg: 0.059517
Iter 180 of 180 Loss: 0.448386, L1(Flow): 0.398105, Reg: 0.050281
Epoch 120 Loss: 0.465021
Epoch 120 Validation: Mean EPE: 1.1141, Mean SSIM: 0.8211, Mean ZNCC: 0.9662
--> Saved to Top 5 best models (EPE: 1.1141)
Epoch 121 starts
Iter 10 of 180 Loss: 0.442657, L1(Flow): 0.389941, Reg: 0.052716
Iter 20 of 180 Loss: 0.475869, L1(Flow): 0.421345, Reg: 0.054524
Iter 30 of 180 Loss: 0.492838, L1(Flow): 0.434329, Reg: 0.058509
Iter 40 of 180 Loss: 0.449649, L1(Flow): 0.398417, Reg: 0.051232
Iter 50 of 180 Loss: 0.480396, L1(Flow): 0.421768, Reg: 0.058628
Iter 60 of 180 Loss: 0.469261, L1(Flow): 0.416656, Reg: 0.052605
Iter 70 of 180 Loss: 0.509612, L1(Flow): 0.454082, Reg: 0.055530
Iter 80 of 180 Loss: 0.498351, L1(Flow): 0.447071, Reg: 0.051279
Iter 90 of 180 Loss: 0.463558, L1(Flow): 0.411056, Reg: 0.052502
Iter 100 of 180 Loss: 0.467662, L1(Flow): 0.416387, Reg: 0.051275
Iter 110 of 180 Loss: 0.451082, L1(Flow): 0.398337, Reg: 0.052745
Iter 120 of 180 Loss: 0.482679, L1(Flow): 0.424043, Reg: 0.058636
Iter 130 of 180 Loss: 0.468810, L1(Flow): 0.414370, Reg: 0.054440
Iter 140 of 180 Loss: 0.452840, L1(Flow): 0.398412, Reg: 0.054428
Iter 150 of 180 Loss: 0.493091, L1(Flow): 0.432062, Reg: 0.061029
Iter 160 of 180 Loss: 0.488190, L1(Flow): 0.428845, Reg: 0.059344
Iter 170 of 180 Loss: 0.440175, L1(Flow): 0.386246, Reg: 0.053929
Iter 180 of 180 Loss: 0.432131, L1(Flow): 0.384196, Reg: 0.047934
Epoch 121 Loss: 0.464819
Epoch 121 Validation: Mean EPE: 1.1107, Mean SSIM: 0.8223, Mean ZNCC: 0.9666
--> Saved to Top 5 best models (EPE: 1.1107)
--> New absolute BEST model updated with EPE: 1.1107
Epoch 122 starts
Iter 10 of 180 Loss: 0.448754, L1(Flow): 0.392881, Reg: 0.055873
Iter 20 of 180 Loss: 0.482606, L1(Flow): 0.422775, Reg: 0.059830
Iter 30 of 180 Loss: 0.471835, L1(Flow): 0.412369, Reg: 0.059466
Iter 40 of 180 Loss: 0.483689, L1(Flow): 0.425331, Reg: 0.058358
Iter 50 of 180 Loss: 0.449308, L1(Flow): 0.394076, Reg: 0.055232
Iter 60 of 180 Loss: 0.488110, L1(Flow): 0.430761, Reg: 0.057349
Iter 70 of 180 Loss: 0.451986, L1(Flow): 0.401721, Reg: 0.050265
Iter 80 of 180 Loss: 0.439964, L1(Flow): 0.387442, Reg: 0.052523
Iter 90 of 180 Loss: 0.449645, L1(Flow): 0.393664, Reg: 0.055982
Iter 100 of 180 Loss: 0.449403, L1(Flow): 0.397381, Reg: 0.052023
Iter 110 of 180 Loss: 0.458887, L1(Flow): 0.403434, Reg: 0.055453
Iter 120 of 180 Loss: 0.459904, L1(Flow): 0.405191, Reg: 0.054713
Iter 130 of 180 Loss: 0.474230, L1(Flow): 0.417349, Reg: 0.056881
Iter 140 of 180 Loss: 0.496429, L1(Flow): 0.439783, Reg: 0.056646
Iter 150 of 180 Loss: 0.453305, L1(Flow): 0.400352, Reg: 0.052954
Iter 160 of 180 Loss: 0.464968, L1(Flow): 0.413478, Reg: 0.051490
Iter 170 of 180 Loss: 0.458503, L1(Flow): 0.404352, Reg: 0.054150
Iter 180 of 180 Loss: 0.444603, L1(Flow): 0.391311, Reg: 0.053292
Epoch 122 Loss: 0.459247
Epoch 122 Validation: Mean EPE: 1.1023, Mean SSIM: 0.8244, Mean ZNCC: 0.9665
--> Saved to Top 5 best models (EPE: 1.1023)
--> New absolute BEST model updated with EPE: 1.1023
Epoch 123 starts
Iter 10 of 180 Loss: 0.478110, L1(Flow): 0.419619, Reg: 0.058492
Iter 20 of 180 Loss: 0.442809, L1(Flow): 0.389812, Reg: 0.052997
Iter 30 of 180 Loss: 0.491169, L1(Flow): 0.428578, Reg: 0.062591
Iter 40 of 180 Loss: 0.491861, L1(Flow): 0.438222, Reg: 0.053640
Iter 50 of 180 Loss: 0.464230, L1(Flow): 0.410931, Reg: 0.053300
Iter 60 of 180 Loss: 0.472456, L1(Flow): 0.418478, Reg: 0.053978
Iter 70 of 180 Loss: 0.427387, L1(Flow): 0.378403, Reg: 0.048983
Iter 80 of 180 Loss: 0.452734, L1(Flow): 0.399601, Reg: 0.053133
Iter 90 of 180 Loss: 0.482308, L1(Flow): 0.422077, Reg: 0.060231
Iter 100 of 180 Loss: 0.454173, L1(Flow): 0.401136, Reg: 0.053037
Iter 110 of 180 Loss: 0.424988, L1(Flow): 0.372729, Reg: 0.052259
Iter 120 of 180 Loss: 0.448010, L1(Flow): 0.393239, Reg: 0.054771
Iter 130 of 180 Loss: 0.447015, L1(Flow): 0.391478, Reg: 0.055538
Iter 140 of 180 Loss: 0.449214, L1(Flow): 0.394216, Reg: 0.054998
Iter 150 of 180 Loss: 0.439395, L1(Flow): 0.389156, Reg: 0.050239
Iter 160 of 180 Loss: 0.444414, L1(Flow): 0.391677, Reg: 0.052738
Iter 170 of 180 Loss: 0.462772, L1(Flow): 0.412182, Reg: 0.050590
Iter 180 of 180 Loss: 0.452880, L1(Flow): 0.399391, Reg: 0.053489
Epoch 123 Loss: 0.458170
Epoch 123 Validation: Mean EPE: 1.1060, Mean SSIM: 0.8233, Mean ZNCC: 0.9665
--> Saved to Top 5 best models (EPE: 1.1060)
Epoch 124 starts
Iter 10 of 180 Loss: 0.447571, L1(Flow): 0.392919, Reg: 0.054653
Iter 20 of 180 Loss: 0.436265, L1(Flow): 0.384248, Reg: 0.052018
Iter 30 of 180 Loss: 0.437644, L1(Flow): 0.388948, Reg: 0.048696
Iter 40 of 180 Loss: 0.444865, L1(Flow): 0.395394, Reg: 0.049471
Iter 50 of 180 Loss: 0.456409, L1(Flow): 0.400798, Reg: 0.055611
Iter 60 of 180 Loss: 0.447330, L1(Flow): 0.394553, Reg: 0.052777
Iter 70 of 180 Loss: 0.430072, L1(Flow): 0.378467, Reg: 0.051605
Iter 80 of 180 Loss: 0.444559, L1(Flow): 0.393297, Reg: 0.051262
Iter 90 of 180 Loss: 0.462334, L1(Flow): 0.410074, Reg: 0.052259
Iter 100 of 180 Loss: 0.449720, L1(Flow): 0.397361, Reg: 0.052359
Iter 110 of 180 Loss: 0.438268, L1(Flow): 0.383564, Reg: 0.054705
Iter 120 of 180 Loss: 0.444347, L1(Flow): 0.388880, Reg: 0.055467
Iter 130 of 180 Loss: 0.453304, L1(Flow): 0.401112, Reg: 0.052192
Iter 140 of 180 Loss: 0.473194, L1(Flow): 0.415395, Reg: 0.057799
Iter 150 of 180 Loss: 0.442904, L1(Flow): 0.387627, Reg: 0.055277
Iter 160 of 180 Loss: 0.429584, L1(Flow): 0.379961, Reg: 0.049623
Iter 170 of 180 Loss: 0.434516, L1(Flow): 0.388627, Reg: 0.045888
Iter 180 of 180 Loss: 0.426797, L1(Flow): 0.374449, Reg: 0.052348
Epoch 124 Loss: 0.453219
Epoch 124 Validation: Mean EPE: 1.1102, Mean SSIM: 0.8221, Mean ZNCC: 0.9663
--> Saved to Top 5 best models (EPE: 1.1102)
Epoch 125 starts
Iter 10 of 180 Loss: 0.459695, L1(Flow): 0.406016, Reg: 0.053679
Iter 20 of 180 Loss: 0.453927, L1(Flow): 0.399794, Reg: 0.054133
Iter 30 of 180 Loss: 0.445384, L1(Flow): 0.392266, Reg: 0.053118
Iter 40 of 180 Loss: 0.465933, L1(Flow): 0.413130, Reg: 0.052803
Iter 50 of 180 Loss: 0.465793, L1(Flow): 0.413466, Reg: 0.052326
Iter 60 of 180 Loss: 0.446065, L1(Flow): 0.393274, Reg: 0.052790
Iter 70 of 180 Loss: 0.445510, L1(Flow): 0.394195, Reg: 0.051316
Iter 80 of 180 Loss: 0.467158, L1(Flow): 0.409471, Reg: 0.057687
Iter 90 of 180 Loss: 0.471111, L1(Flow): 0.416302, Reg: 0.054809
Iter 100 of 180 Loss: 0.499732, L1(Flow): 0.441205, Reg: 0.058527
Iter 110 of 180 Loss: 0.434694, L1(Flow): 0.384080, Reg: 0.050614
Iter 120 of 180 Loss: 0.427732, L1(Flow): 0.376339, Reg: 0.051393
Iter 130 of 180 Loss: 0.444885, L1(Flow): 0.392683, Reg: 0.052202
Iter 140 of 180 Loss: 0.447096, L1(Flow): 0.397371, Reg: 0.049724
Iter 150 of 180 Loss: 0.420393, L1(Flow): 0.370012, Reg: 0.050380
Iter 160 of 180 Loss: 0.482005, L1(Flow): 0.425519, Reg: 0.056486
Iter 170 of 180 Loss: 0.467332, L1(Flow): 0.410149, Reg: 0.057183
Iter 180 of 180 Loss: 0.449247, L1(Flow): 0.397721, Reg: 0.051527
Epoch 125 Loss: 0.451303
Epoch 125 Validation: Mean EPE: 1.1145, Mean SSIM: 0.8214, Mean ZNCC: 0.9662
Epoch 126 starts
Iter 10 of 180 Loss: 0.482607, L1(Flow): 0.426449, Reg: 0.056158
Iter 20 of 180 Loss: 0.481534, L1(Flow): 0.431328, Reg: 0.050206
Iter 30 of 180 Loss: 0.451932, L1(Flow): 0.398759, Reg: 0.053173
Iter 40 of 180 Loss: 0.464166, L1(Flow): 0.412401, Reg: 0.051765
Iter 50 of 180 Loss: 0.426527, L1(Flow): 0.378881, Reg: 0.047647
Iter 60 of 180 Loss: 0.461115, L1(Flow): 0.408015, Reg: 0.053099
Iter 70 of 180 Loss: 0.454593, L1(Flow): 0.398108, Reg: 0.056485
Iter 80 of 180 Loss: 0.442256, L1(Flow): 0.384947, Reg: 0.057309
Iter 90 of 180 Loss: 0.470422, L1(Flow): 0.409928, Reg: 0.060494
Iter 100 of 180 Loss: 0.446799, L1(Flow): 0.394898, Reg: 0.051901
Iter 110 of 180 Loss: 0.449851, L1(Flow): 0.398376, Reg: 0.051476
Iter 120 of 180 Loss: 0.444771, L1(Flow): 0.392404, Reg: 0.052366
Iter 130 of 180 Loss: 0.415096, L1(Flow): 0.367988, Reg: 0.047108
Iter 140 of 180 Loss: 0.466071, L1(Flow): 0.411862, Reg: 0.054210
Iter 150 of 180 Loss: 0.495278, L1(Flow): 0.436065, Reg: 0.059213
Iter 160 of 180 Loss: 0.424212, L1(Flow): 0.377057, Reg: 0.047155
Iter 170 of 180 Loss: 0.450921, L1(Flow): 0.399713, Reg: 0.051209
Iter 180 of 180 Loss: 0.476800, L1(Flow): 0.423805, Reg: 0.052996
Epoch 126 Loss: 0.454454
Epoch 126 Validation: Mean EPE: 1.1068, Mean SSIM: 0.8244, Mean ZNCC: 0.9668
--> Saved to Top 5 best models (EPE: 1.1068)
Epoch 127 starts
Iter 10 of 180 Loss: 0.422012, L1(Flow): 0.373306, Reg: 0.048707
Iter 20 of 180 Loss: 0.426179, L1(Flow): 0.374176, Reg: 0.052003
Iter 30 of 180 Loss: 0.414500, L1(Flow): 0.364063, Reg: 0.050437
Iter 40 of 180 Loss: 0.446078, L1(Flow): 0.394314, Reg: 0.051764
Iter 50 of 180 Loss: 0.445602, L1(Flow): 0.395475, Reg: 0.050127
Iter 60 of 180 Loss: 0.486795, L1(Flow): 0.426361, Reg: 0.060435
Iter 70 of 180 Loss: 0.419987, L1(Flow): 0.369184, Reg: 0.050803
Iter 80 of 180 Loss: 0.450299, L1(Flow): 0.393235, Reg: 0.057064
Iter 90 of 180 Loss: 0.463091, L1(Flow): 0.410944, Reg: 0.052147
Iter 100 of 180 Loss: 0.427882, L1(Flow): 0.377855, Reg: 0.050027
Iter 110 of 180 Loss: 0.462842, L1(Flow): 0.409675, Reg: 0.053167
Iter 120 of 180 Loss: 0.427699, L1(Flow): 0.379384, Reg: 0.048315
Iter 130 of 180 Loss: 0.414327, L1(Flow): 0.365626, Reg: 0.048700
Iter 140 of 180 Loss: 0.492213, L1(Flow): 0.435852, Reg: 0.056361
Iter 150 of 180 Loss: 0.475245, L1(Flow): 0.419126, Reg: 0.056119
Iter 160 of 180 Loss: 0.470980, L1(Flow): 0.418450, Reg: 0.052530
Iter 170 of 180 Loss: 0.455630, L1(Flow): 0.400649, Reg: 0.054981
Iter 180 of 180 Loss: 0.446910, L1(Flow): 0.398755, Reg: 0.048156
Epoch 127 Loss: 0.447503
Epoch 127 Validation: Mean EPE: 1.1036, Mean SSIM: 0.8231, Mean ZNCC: 0.9666
--> Saved to Top 5 best models (EPE: 1.1036)
Epoch 128 starts
Iter 10 of 180 Loss: 0.424764, L1(Flow): 0.372802, Reg: 0.051961
Iter 20 of 180 Loss: 0.461439, L1(Flow): 0.406766, Reg: 0.054673
Iter 30 of 180 Loss: 0.451829, L1(Flow): 0.398816, Reg: 0.053013
Iter 40 of 180 Loss: 0.424117, L1(Flow): 0.372401, Reg: 0.051717
Iter 50 of 180 Loss: 0.487290, L1(Flow): 0.432542, Reg: 0.054748
Iter 60 of 180 Loss: 0.431981, L1(Flow): 0.377202, Reg: 0.054779
Iter 70 of 180 Loss: 0.437084, L1(Flow): 0.385758, Reg: 0.051326
Iter 80 of 180 Loss: 0.437103, L1(Flow): 0.386158, Reg: 0.050945
Iter 90 of 180 Loss: 0.451126, L1(Flow): 0.399231, Reg: 0.051894
Iter 100 of 180 Loss: 0.457704, L1(Flow): 0.402763, Reg: 0.054941
Iter 110 of 180 Loss: 0.457486, L1(Flow): 0.400987, Reg: 0.056498
Iter 120 of 180 Loss: 0.433044, L1(Flow): 0.380133, Reg: 0.052911
Iter 130 of 180 Loss: 0.471240, L1(Flow): 0.418111, Reg: 0.053130
Iter 140 of 180 Loss: 0.465929, L1(Flow): 0.412831, Reg: 0.053098
Iter 150 of 180 Loss: 0.462890, L1(Flow): 0.408382, Reg: 0.054508
Iter 160 of 180 Loss: 0.467451, L1(Flow): 0.410528, Reg: 0.056923
Iter 170 of 180 Loss: 0.412689, L1(Flow): 0.364615, Reg: 0.048074
Iter 180 of 180 Loss: 0.416434, L1(Flow): 0.363497, Reg: 0.052936
Epoch 128 Loss: 0.452013
Epoch 128 Validation: Mean EPE: 1.1069, Mean SSIM: 0.8239, Mean ZNCC: 0.9669
--> Saved to Top 5 best models (EPE: 1.1069)
Epoch 129 starts
Iter 10 of 180 Loss: 0.406086, L1(Flow): 0.359540, Reg: 0.046547
Iter 20 of 180 Loss: 0.428756, L1(Flow): 0.377404, Reg: 0.051352
Iter 30 of 180 Loss: 0.455827, L1(Flow): 0.403068, Reg: 0.052759
Iter 40 of 180 Loss: 0.461102, L1(Flow): 0.407699, Reg: 0.053403
Iter 50 of 180 Loss: 0.466431, L1(Flow): 0.414883, Reg: 0.051548
Iter 60 of 180 Loss: 0.442565, L1(Flow): 0.390386, Reg: 0.052179
Iter 70 of 180 Loss: 0.443178, L1(Flow): 0.391550, Reg: 0.051629
Iter 80 of 180 Loss: 0.448273, L1(Flow): 0.394022, Reg: 0.054251
Iter 90 of 180 Loss: 0.484082, L1(Flow): 0.421678, Reg: 0.062405
Iter 100 of 180 Loss: 0.441098, L1(Flow): 0.387062, Reg: 0.054037
Iter 110 of 180 Loss: 0.468264, L1(Flow): 0.413561, Reg: 0.054703
Iter 120 of 180 Loss: 0.447040, L1(Flow): 0.394700, Reg: 0.052340
Iter 130 of 180 Loss: 0.459625, L1(Flow): 0.403255, Reg: 0.056370
Iter 140 of 180 Loss: 0.454075, L1(Flow): 0.401447, Reg: 0.052628
Iter 150 of 180 Loss: 0.441365, L1(Flow): 0.389474, Reg: 0.051891
Iter 160 of 180 Loss: 0.453755, L1(Flow): 0.397862, Reg: 0.055893
Iter 170 of 180 Loss: 0.438873, L1(Flow): 0.387170, Reg: 0.051703
Iter 180 of 180 Loss: 0.409614, L1(Flow): 0.357844, Reg: 0.051771
Epoch 129 Loss: 0.444323
Epoch 129 Validation: Mean EPE: 1.0987, Mean SSIM: 0.8246, Mean ZNCC: 0.9669
--> Saved to Top 5 best models (EPE: 1.0987)
--> New absolute BEST model updated with EPE: 1.0987
Epoch 130 starts
Iter 10 of 180 Loss: 0.427979, L1(Flow): 0.374241, Reg: 0.053739
Iter 20 of 180 Loss: 0.442079, L1(Flow): 0.389054, Reg: 0.053025
Iter 30 of 180 Loss: 0.457567, L1(Flow): 0.403179, Reg: 0.054388
Iter 40 of 180 Loss: 0.424097, L1(Flow): 0.370323, Reg: 0.053774
Iter 50 of 180 Loss: 0.404001, L1(Flow): 0.355364, Reg: 0.048636
Iter 60 of 180 Loss: 0.437156, L1(Flow): 0.382503, Reg: 0.054654
Iter 70 of 180 Loss: 0.412122, L1(Flow): 0.363749, Reg: 0.048374
Iter 80 of 180 Loss: 0.434521, L1(Flow): 0.381761, Reg: 0.052761
Iter 90 of 180 Loss: 0.439012, L1(Flow): 0.388504, Reg: 0.050508
Iter 100 of 180 Loss: 0.429163, L1(Flow): 0.376592, Reg: 0.052571
Iter 110 of 180 Loss: 0.452121, L1(Flow): 0.398796, Reg: 0.053325
Iter 120 of 180 Loss: 0.420502, L1(Flow): 0.370368, Reg: 0.050134
Iter 130 of 180 Loss: 0.479404, L1(Flow): 0.420844, Reg: 0.058560
Iter 140 of 180 Loss: 0.449405, L1(Flow): 0.399078, Reg: 0.050327
Iter 150 of 180 Loss: 0.454442, L1(Flow): 0.397803, Reg: 0.056639
Iter 160 of 180 Loss: 0.465269, L1(Flow): 0.407461, Reg: 0.057808
Iter 170 of 180 Loss: 0.456328, L1(Flow): 0.399498, Reg: 0.056830
Iter 180 of 180 Loss: 0.461257, L1(Flow): 0.407713, Reg: 0.053545
Epoch 130 Loss: 0.442569
Epoch 130 Validation: Mean EPE: 1.0991, Mean SSIM: 0.8248, Mean ZNCC: 0.9671
--> Saved to Top 5 best models (EPE: 1.0991)
Epoch 131 starts
Iter 10 of 180 Loss: 0.461552, L1(Flow): 0.409223, Reg: 0.052329
Iter 20 of 180 Loss: 0.422448, L1(Flow): 0.372095, Reg: 0.050354
Iter 30 of 180 Loss: 0.417942, L1(Flow): 0.366600, Reg: 0.051342
Iter 40 of 180 Loss: 0.448510, L1(Flow): 0.397271, Reg: 0.051240
Iter 50 of 180 Loss: 0.442417, L1(Flow): 0.386411, Reg: 0.056006
Iter 60 of 180 Loss: 0.447589, L1(Flow): 0.395036, Reg: 0.052553
Iter 70 of 180 Loss: 0.437811, L1(Flow): 0.384821, Reg: 0.052990
Iter 80 of 180 Loss: 0.462174, L1(Flow): 0.406557, Reg: 0.055618
Iter 90 of 180 Loss: 0.417394, L1(Flow): 0.366890, Reg: 0.050504
Iter 100 of 180 Loss: 0.427056, L1(Flow): 0.375799, Reg: 0.051258
Iter 110 of 180 Loss: 0.455408, L1(Flow): 0.402534, Reg: 0.052874
Iter 120 of 180 Loss: 0.434267, L1(Flow): 0.380508, Reg: 0.053759
Iter 130 of 180 Loss: 0.445900, L1(Flow): 0.392635, Reg: 0.053265
Iter 140 of 180 Loss: 0.467626, L1(Flow): 0.411400, Reg: 0.056226
Iter 150 of 180 Loss: 0.458804, L1(Flow): 0.401467, Reg: 0.057337
Iter 160 of 180 Loss: 0.446883, L1(Flow): 0.391799, Reg: 0.055084
Iter 170 of 180 Loss: 0.460423, L1(Flow): 0.403481, Reg: 0.056942
Iter 180 of 180 Loss: 0.436761, L1(Flow): 0.391969, Reg: 0.044791
Epoch 131 Loss: 0.443241
Epoch 131 Validation: Mean EPE: 1.1193, Mean SSIM: 0.8220, Mean ZNCC: 0.9665
Epoch 132 starts
Iter 10 of 180 Loss: 0.395177, L1(Flow): 0.347986, Reg: 0.047191
Iter 20 of 180 Loss: 0.419310, L1(Flow): 0.371206, Reg: 0.048104
Iter 30 of 180 Loss: 0.432288, L1(Flow): 0.380938, Reg: 0.051350
Iter 40 of 180 Loss: 0.439005, L1(Flow): 0.385687, Reg: 0.053318
Iter 50 of 180 Loss: 0.427825, L1(Flow): 0.378314, Reg: 0.049511
Iter 60 of 180 Loss: 0.442256, L1(Flow): 0.387887, Reg: 0.054369
Iter 70 of 180 Loss: 0.447798, L1(Flow): 0.391693, Reg: 0.056105
Iter 80 of 180 Loss: 0.434212, L1(Flow): 0.381341, Reg: 0.052872
Iter 90 of 180 Loss: 0.431004, L1(Flow): 0.379972, Reg: 0.051031
Iter 100 of 180 Loss: 0.432571, L1(Flow): 0.378324, Reg: 0.054247
Iter 110 of 180 Loss: 0.437309, L1(Flow): 0.384746, Reg: 0.052563
Iter 120 of 180 Loss: 0.414034, L1(Flow): 0.364636, Reg: 0.049397
Iter 130 of 180 Loss: 0.436646, L1(Flow): 0.386385, Reg: 0.050261
Iter 140 of 180 Loss: 0.430984, L1(Flow): 0.377782, Reg: 0.053202
Iter 150 of 180 Loss: 0.437150, L1(Flow): 0.384243, Reg: 0.052907
Iter 160 of 180 Loss: 0.447144, L1(Flow): 0.391830, Reg: 0.055314
Iter 170 of 180 Loss: 0.434337, L1(Flow): 0.384338, Reg: 0.049999
Iter 180 of 180 Loss: 0.468457, L1(Flow): 0.413414, Reg: 0.055043
Epoch 132 Loss: 0.436047
Epoch 132 Validation: Mean EPE: 1.0968, Mean SSIM: 0.8259, Mean ZNCC: 0.9672
--> Saved to Top 5 best models (EPE: 1.0968)
--> New absolute BEST model updated with EPE: 1.0968
Epoch 133 starts
Iter 10 of 180 Loss: 0.419361, L1(Flow): 0.367732, Reg: 0.051629
Iter 20 of 180 Loss: 0.429832, L1(Flow): 0.379497, Reg: 0.050335
Iter 30 of 180 Loss: 0.415996, L1(Flow): 0.367623, Reg: 0.048373
Iter 40 of 180 Loss: 0.428862, L1(Flow): 0.375942, Reg: 0.052920
Iter 50 of 180 Loss: 0.466288, L1(Flow): 0.411077, Reg: 0.055211
Iter 60 of 180 Loss: 0.472954, L1(Flow): 0.416149, Reg: 0.056805
Iter 70 of 180 Loss: 0.421210, L1(Flow): 0.370090, Reg: 0.051120
Iter 80 of 180 Loss: 0.445579, L1(Flow): 0.391735, Reg: 0.053844
Iter 90 of 180 Loss: 0.448184, L1(Flow): 0.390867, Reg: 0.057318
Iter 100 of 180 Loss: 0.420423, L1(Flow): 0.368562, Reg: 0.051861
Iter 110 of 180 Loss: 0.415098, L1(Flow): 0.363931, Reg: 0.051168
Iter 120 of 180 Loss: 0.444485, L1(Flow): 0.390752, Reg: 0.053733
Iter 130 of 180 Loss: 0.469391, L1(Flow): 0.415199, Reg: 0.054192
Iter 140 of 180 Loss: 0.443277, L1(Flow): 0.389663, Reg: 0.053615
Iter 150 of 180 Loss: 0.422531, L1(Flow): 0.368059, Reg: 0.054471
Iter 160 of 180 Loss: 0.437927, L1(Flow): 0.385741, Reg: 0.052186
Iter 170 of 180 Loss: 0.429815, L1(Flow): 0.376081, Reg: 0.053735
Iter 180 of 180 Loss: 0.488240, L1(Flow): 0.430875, Reg: 0.057365
Epoch 133 Loss: 0.433436
Epoch 133 Validation: Mean EPE: 1.1019, Mean SSIM: 0.8241, Mean ZNCC: 0.9668
--> Saved to Top 5 best models (EPE: 1.1019)
Epoch 134 starts
Iter 10 of 180 Loss: 0.461381, L1(Flow): 0.405622, Reg: 0.055759
Iter 20 of 180 Loss: 0.425674, L1(Flow): 0.373245, Reg: 0.052429
Iter 30 of 180 Loss: 0.468788, L1(Flow): 0.414287, Reg: 0.054501
Iter 40 of 180 Loss: 0.409276, L1(Flow): 0.362900, Reg: 0.046376
Iter 50 of 180 Loss: 0.432490, L1(Flow): 0.383787, Reg: 0.048703
Iter 60 of 180 Loss: 0.435692, L1(Flow): 0.381881, Reg: 0.053811
Iter 70 of 180 Loss: 0.445330, L1(Flow): 0.390752, Reg: 0.054577
Iter 80 of 180 Loss: 0.442199, L1(Flow): 0.385759, Reg: 0.056440
Iter 90 of 180 Loss: 0.445599, L1(Flow): 0.393851, Reg: 0.051748
Iter 100 of 180 Loss: 0.437949, L1(Flow): 0.385674, Reg: 0.052275
Iter 110 of 180 Loss: 0.404617, L1(Flow): 0.358579, Reg: 0.046038
Iter 120 of 180 Loss: 0.434082, L1(Flow): 0.379499, Reg: 0.054582
Iter 130 of 180 Loss: 0.440553, L1(Flow): 0.386111, Reg: 0.054442
Iter 140 of 180 Loss: 0.405920, L1(Flow): 0.358488, Reg: 0.047433
Iter 150 of 180 Loss: 0.430765, L1(Flow): 0.379517, Reg: 0.051248
Iter 160 of 180 Loss: 0.427217, L1(Flow): 0.376501, Reg: 0.050716
Iter 170 of 180 Loss: 0.438814, L1(Flow): 0.382217, Reg: 0.056597
Iter 180 of 180 Loss: 0.431225, L1(Flow): 0.377795, Reg: 0.053430
Epoch 134 Loss: 0.433799
Epoch 134 Validation: Mean EPE: 1.0948, Mean SSIM: 0.8255, Mean ZNCC: 0.9668
--> Saved to Top 5 best models (EPE: 1.0948)
--> New absolute BEST model updated with EPE: 1.0948
Epoch 135 starts
Iter 10 of 180 Loss: 0.403030, L1(Flow): 0.355788, Reg: 0.047242
Iter 20 of 180 Loss: 0.440135, L1(Flow): 0.386433, Reg: 0.053702
Iter 30 of 180 Loss: 0.423673, L1(Flow): 0.372069, Reg: 0.051605
Iter 40 of 180 Loss: 0.443091, L1(Flow): 0.392081, Reg: 0.051011
Iter 50 of 180 Loss: 0.440547, L1(Flow): 0.387473, Reg: 0.053074
Iter 60 of 180 Loss: 0.391701, L1(Flow): 0.347454, Reg: 0.044247
Iter 70 of 180 Loss: 0.425640, L1(Flow): 0.371357, Reg: 0.054283
Iter 80 of 180 Loss: 0.413092, L1(Flow): 0.363532, Reg: 0.049560
Iter 90 of 180 Loss: 0.422741, L1(Flow): 0.371998, Reg: 0.050743
Iter 100 of 180 Loss: 0.438168, L1(Flow): 0.389052, Reg: 0.049116
Iter 110 of 180 Loss: 0.487563, L1(Flow): 0.426923, Reg: 0.060640
Iter 120 of 180 Loss: 0.429460, L1(Flow): 0.379154, Reg: 0.050305
Iter 130 of 180 Loss: 0.425205, L1(Flow): 0.371959, Reg: 0.053246
Iter 140 of 180 Loss: 0.433777, L1(Flow): 0.382220, Reg: 0.051557
Iter 150 of 180 Loss: 0.413968, L1(Flow): 0.364439, Reg: 0.049529
Iter 160 of 180 Loss: 0.449269, L1(Flow): 0.394666, Reg: 0.054603
Iter 170 of 180 Loss: 0.456618, L1(Flow): 0.401344, Reg: 0.055274
Iter 180 of 180 Loss: 0.444818, L1(Flow): 0.392504, Reg: 0.052315
Epoch 135 Loss: 0.433933
Epoch 135 Validation: Mean EPE: 1.1027, Mean SSIM: 0.8224, Mean ZNCC: 0.9665
Epoch 136 starts
Iter 10 of 180 Loss: 0.452946, L1(Flow): 0.401915, Reg: 0.051031
Iter 20 of 180 Loss: 0.479688, L1(Flow): 0.424303, Reg: 0.055385
Iter 30 of 180 Loss: 0.429665, L1(Flow): 0.377822, Reg: 0.051844
Iter 40 of 180 Loss: 0.435622, L1(Flow): 0.382877, Reg: 0.052745
Iter 50 of 180 Loss: 0.409580, L1(Flow): 0.363033, Reg: 0.046547
Iter 60 of 180 Loss: 0.429956, L1(Flow): 0.376467, Reg: 0.053488
Iter 70 of 180 Loss: 0.414971, L1(Flow): 0.363234, Reg: 0.051737
Iter 80 of 180 Loss: 0.422719, L1(Flow): 0.370054, Reg: 0.052665
Iter 90 of 180 Loss: 0.448062, L1(Flow): 0.397586, Reg: 0.050477
Iter 100 of 180 Loss: 0.442619, L1(Flow): 0.391974, Reg: 0.050645
Iter 110 of 180 Loss: 0.407331, L1(Flow): 0.359034, Reg: 0.048296
Iter 120 of 180 Loss: 0.424713, L1(Flow): 0.372257, Reg: 0.052455
Iter 130 of 180 Loss: 0.423375, L1(Flow): 0.374088, Reg: 0.049287
Iter 140 of 180 Loss: 0.419174, L1(Flow): 0.366284, Reg: 0.052890
Iter 150 of 180 Loss: 0.463158, L1(Flow): 0.408257, Reg: 0.054901
Iter 160 of 180 Loss: 0.441054, L1(Flow): 0.387031, Reg: 0.054023
Iter 170 of 180 Loss: 0.448206, L1(Flow): 0.397635, Reg: 0.050570
Iter 180 of 180 Loss: 0.443546, L1(Flow): 0.390209, Reg: 0.053337
Epoch 136 Loss: 0.440412
Epoch 136 Validation: Mean EPE: 1.0938, Mean SSIM: 0.8255, Mean ZNCC: 0.9672
--> Saved to Top 5 best models (EPE: 1.0938)
--> New absolute BEST model updated with EPE: 1.0938
Epoch 137 starts
Iter 10 of 180 Loss: 0.422933, L1(Flow): 0.368700, Reg: 0.054233
Iter 20 of 180 Loss: 0.412579, L1(Flow): 0.361974, Reg: 0.050606
Iter 30 of 180 Loss: 0.440176, L1(Flow): 0.385373, Reg: 0.054804
Iter 40 of 180 Loss: 0.405149, L1(Flow): 0.353392, Reg: 0.051757
Iter 50 of 180 Loss: 0.426219, L1(Flow): 0.377009, Reg: 0.049210
Iter 60 of 180 Loss: 0.434109, L1(Flow): 0.381410, Reg: 0.052699
Iter 70 of 180 Loss: 0.419455, L1(Flow): 0.371671, Reg: 0.047784
Iter 80 of 180 Loss: 0.449544, L1(Flow): 0.398040, Reg: 0.051504
Iter 90 of 180 Loss: 0.472390, L1(Flow): 0.414621, Reg: 0.057769
Iter 100 of 180 Loss: 0.422456, L1(Flow): 0.373741, Reg: 0.048715
Iter 110 of 180 Loss: 0.423981, L1(Flow): 0.376364, Reg: 0.047617
Iter 120 of 180 Loss: 0.455059, L1(Flow): 0.404055, Reg: 0.051004
Iter 130 of 180 Loss: 0.450684, L1(Flow): 0.393115, Reg: 0.057568
Iter 140 of 180 Loss: 0.435308, L1(Flow): 0.383127, Reg: 0.052180
Iter 150 of 180 Loss: 0.448144, L1(Flow): 0.395071, Reg: 0.053073
Iter 160 of 180 Loss: 0.422207, L1(Flow): 0.370600, Reg: 0.051607
Iter 170 of 180 Loss: 0.463596, L1(Flow): 0.409307, Reg: 0.054288
Iter 180 of 180 Loss: 0.467834, L1(Flow): 0.406960, Reg: 0.060874
Epoch 137 Loss: 0.435043
Epoch 137 Validation: Mean EPE: 1.0934, Mean SSIM: 0.8278, Mean ZNCC: 0.9677
--> Saved to Top 5 best models (EPE: 1.0934)
--> New absolute BEST model updated with EPE: 1.0934
Epoch 138 starts
Iter 10 of 180 Loss: 0.452851, L1(Flow): 0.400051, Reg: 0.052800
Iter 20 of 180 Loss: 0.460071, L1(Flow): 0.407748, Reg: 0.052323
Iter 30 of 180 Loss: 0.431452, L1(Flow): 0.380323, Reg: 0.051129
Iter 40 of 180 Loss: 0.423474, L1(Flow): 0.367876, Reg: 0.055597
Iter 50 of 180 Loss: 0.412671, L1(Flow): 0.363159, Reg: 0.049511
Iter 60 of 180 Loss: 0.469855, L1(Flow): 0.411507, Reg: 0.058347
Iter 70 of 180 Loss: 0.459016, L1(Flow): 0.410557, Reg: 0.048459
Iter 80 of 180 Loss: 0.412493, L1(Flow): 0.363526, Reg: 0.048966
Iter 90 of 180 Loss: 0.424061, L1(Flow): 0.372232, Reg: 0.051829
Iter 100 of 180 Loss: 0.432173, L1(Flow): 0.384253, Reg: 0.047920
Iter 110 of 180 Loss: 0.448273, L1(Flow): 0.395050, Reg: 0.053224
Iter 120 of 180 Loss: 0.455844, L1(Flow): 0.403306, Reg: 0.052538
Iter 130 of 180 Loss: 0.436834, L1(Flow): 0.386334, Reg: 0.050500
Iter 140 of 180 Loss: 0.473792, L1(Flow): 0.416670, Reg: 0.057121
Iter 150 of 180 Loss: 0.443257, L1(Flow): 0.390883, Reg: 0.052375
Iter 160 of 180 Loss: 0.438273, L1(Flow): 0.386692, Reg: 0.051581
Iter 170 of 180 Loss: 0.443671, L1(Flow): 0.393408, Reg: 0.050264
Iter 180 of 180 Loss: 0.440501, L1(Flow): 0.385302, Reg: 0.055199
Epoch 138 Loss: 0.435280
Epoch 138 Validation: Mean EPE: 1.1088, Mean SSIM: 0.8252, Mean ZNCC: 0.9671
Epoch 139 starts
Iter 10 of 180 Loss: 0.403143, L1(Flow): 0.353331, Reg: 0.049812
Iter 20 of 180 Loss: 0.408091, L1(Flow): 0.359871, Reg: 0.048220
Iter 30 of 180 Loss: 0.416908, L1(Flow): 0.367485, Reg: 0.049423
Iter 40 of 180 Loss: 0.435991, L1(Flow): 0.384231, Reg: 0.051760
Iter 50 of 180 Loss: 0.467611, L1(Flow): 0.411718, Reg: 0.055893
Iter 60 of 180 Loss: 0.441174, L1(Flow): 0.389259, Reg: 0.051916
Iter 70 of 180 Loss: 0.458693, L1(Flow): 0.403431, Reg: 0.055262
Iter 80 of 180 Loss: 0.465892, L1(Flow): 0.410444, Reg: 0.055448
Iter 90 of 180 Loss: 0.422932, L1(Flow): 0.371329, Reg: 0.051602
Iter 100 of 180 Loss: 0.449880, L1(Flow): 0.398869, Reg: 0.051011
Iter 110 of 180 Loss: 0.428161, L1(Flow): 0.376697, Reg: 0.051464
Iter 120 of 180 Loss: 0.447608, L1(Flow): 0.395437, Reg: 0.052171
Iter 130 of 180 Loss: 0.420655, L1(Flow): 0.371969, Reg: 0.048686
Iter 140 of 180 Loss: 0.452097, L1(Flow): 0.398450, Reg: 0.053647
Iter 150 of 180 Loss: 0.436714, L1(Flow): 0.387513, Reg: 0.049201
Iter 160 of 180 Loss: 0.426733, L1(Flow): 0.375549, Reg: 0.051184
Iter 170 of 180 Loss: 0.410233, L1(Flow): 0.359748, Reg: 0.050485
Iter 180 of 180 Loss: 0.429214, L1(Flow): 0.379533, Reg: 0.049681
Epoch 139 Loss: 0.435009
Epoch 139 Validation: Mean EPE: 1.0899, Mean SSIM: 0.8276, Mean ZNCC: 0.9674
--> Saved to Top 5 best models (EPE: 1.0899)
--> New absolute BEST model updated with EPE: 1.0899
Epoch 140 starts
Iter 10 of 180 Loss: 0.418285, L1(Flow): 0.366693, Reg: 0.051591
Iter 20 of 180 Loss: 0.413225, L1(Flow): 0.362434, Reg: 0.050791
Iter 30 of 180 Loss: 0.407000, L1(Flow): 0.356259, Reg: 0.050741
Iter 40 of 180 Loss: 0.447789, L1(Flow): 0.392859, Reg: 0.054931
Iter 50 of 180 Loss: 0.447246, L1(Flow): 0.395036, Reg: 0.052210
Iter 60 of 180 Loss: 0.417934, L1(Flow): 0.367611, Reg: 0.050323
Iter 70 of 180 Loss: 0.418889, L1(Flow): 0.365542, Reg: 0.053347
Iter 80 of 180 Loss: 0.414680, L1(Flow): 0.364413, Reg: 0.050266
Iter 90 of 180 Loss: 0.459703, L1(Flow): 0.402654, Reg: 0.057049
Iter 100 of 180 Loss: 0.427612, L1(Flow): 0.376168, Reg: 0.051444
Iter 110 of 180 Loss: 0.426093, L1(Flow): 0.374499, Reg: 0.051594
Iter 120 of 180 Loss: 0.449228, L1(Flow): 0.394949, Reg: 0.054279
Iter 130 of 180 Loss: 0.407778, L1(Flow): 0.359022, Reg: 0.048756
Iter 140 of 180 Loss: 0.410521, L1(Flow): 0.362290, Reg: 0.048231
Iter 150 of 180 Loss: 0.406898, L1(Flow): 0.357255, Reg: 0.049643
Iter 160 of 180 Loss: 0.424604, L1(Flow): 0.369884, Reg: 0.054720
Iter 170 of 180 Loss: 0.436549, L1(Flow): 0.383968, Reg: 0.052581
Iter 180 of 180 Loss: 0.445037, L1(Flow): 0.389040, Reg: 0.055997
Epoch 140 Loss: 0.426980
Epoch 140 Validation: Mean EPE: 1.0866, Mean SSIM: 0.8274, Mean ZNCC: 0.9677
--> Saved to Top 5 best models (EPE: 1.0866)
--> New absolute BEST model updated with EPE: 1.0866
Epoch 141 starts
Iter 10 of 180 Loss: 0.420736, L1(Flow): 0.371112, Reg: 0.049624
Iter 20 of 180 Loss: 0.416993, L1(Flow): 0.366486, Reg: 0.050508
Iter 30 of 180 Loss: 0.433253, L1(Flow): 0.380779, Reg: 0.052473
Iter 40 of 180 Loss: 0.395502, L1(Flow): 0.348391, Reg: 0.047111
Iter 50 of 180 Loss: 0.423963, L1(Flow): 0.372278, Reg: 0.051686
Iter 60 of 180 Loss: 0.399929, L1(Flow): 0.351442, Reg: 0.048488
Iter 70 of 180 Loss: 0.434596, L1(Flow): 0.380211, Reg: 0.054385
Iter 80 of 180 Loss: 0.434069, L1(Flow): 0.383065, Reg: 0.051004
Iter 90 of 180 Loss: 0.428001, L1(Flow): 0.377901, Reg: 0.050100
Iter 100 of 180 Loss: 0.410351, L1(Flow): 0.360530, Reg: 0.049821
Iter 110 of 180 Loss: 0.447776, L1(Flow): 0.393488, Reg: 0.054288
Iter 120 of 180 Loss: 0.452316, L1(Flow): 0.396582, Reg: 0.055734
Iter 130 of 180 Loss: 0.428814, L1(Flow): 0.375871, Reg: 0.052942
Iter 140 of 180 Loss: 0.427063, L1(Flow): 0.375242, Reg: 0.051821
Iter 150 of 180 Loss: 0.430717, L1(Flow): 0.379211, Reg: 0.051506
Iter 160 of 180 Loss: 0.482149, L1(Flow): 0.428542, Reg: 0.053607
Iter 170 of 180 Loss: 0.441794, L1(Flow): 0.387657, Reg: 0.054138
Iter 180 of 180 Loss: 0.424933, L1(Flow): 0.374705, Reg: 0.050228
Epoch 141 Loss: 0.429022
Epoch 141 Validation: Mean EPE: 1.1080, Mean SSIM: 0.8250, Mean ZNCC: 0.9671
Epoch 142 starts
Iter 10 of 180 Loss: 0.428043, L1(Flow): 0.375459, Reg: 0.052584
Iter 20 of 180 Loss: 0.424294, L1(Flow): 0.371904, Reg: 0.052390
Iter 30 of 180 Loss: 0.433474, L1(Flow): 0.381427, Reg: 0.052046
Iter 40 of 180 Loss: 0.433196, L1(Flow): 0.380700, Reg: 0.052497
Iter 50 of 180 Loss: 0.428226, L1(Flow): 0.378715, Reg: 0.049511
Iter 60 of 180 Loss: 0.431911, L1(Flow): 0.381294, Reg: 0.050617
Iter 70 of 180 Loss: 0.457849, L1(Flow): 0.401095, Reg: 0.056754
Iter 80 of 180 Loss: 0.428159, L1(Flow): 0.378559, Reg: 0.049600
Iter 90 of 180 Loss: 0.394046, L1(Flow): 0.347892, Reg: 0.046154
Iter 100 of 180 Loss: 0.444936, L1(Flow): 0.395928, Reg: 0.049008
Iter 110 of 180 Loss: 0.400600, L1(Flow): 0.350892, Reg: 0.049708
Iter 120 of 180 Loss: 0.425679, L1(Flow): 0.375503, Reg: 0.050176
Iter 130 of 180 Loss: 0.435461, L1(Flow): 0.382246, Reg: 0.053215
Iter 140 of 180 Loss: 0.423210, L1(Flow): 0.372231, Reg: 0.050979
Iter 150 of 180 Loss: 0.415497, L1(Flow): 0.363394, Reg: 0.052103
Iter 160 of 180 Loss: 0.408115, L1(Flow): 0.357210, Reg: 0.050905
Iter 170 of 180 Loss: 0.420348, L1(Flow): 0.368732, Reg: 0.051616
Iter 180 of 180 Loss: 0.411978, L1(Flow): 0.361692, Reg: 0.050286
Epoch 142 Loss: 0.425848
Epoch 142 Validation: Mean EPE: 1.0923, Mean SSIM: 0.8271, Mean ZNCC: 0.9674
--> Saved to Top 5 best models (EPE: 1.0923)
Epoch 143 starts
Iter 10 of 180 Loss: 0.417962, L1(Flow): 0.366872, Reg: 0.051090
Iter 20 of 180 Loss: 0.433540, L1(Flow): 0.377977, Reg: 0.055563
Iter 30 of 180 Loss: 0.409652, L1(Flow): 0.360213, Reg: 0.049439
Iter 40 of 180 Loss: 0.414151, L1(Flow): 0.363860, Reg: 0.050291
Iter 50 of 180 Loss: 0.420422, L1(Flow): 0.371609, Reg: 0.048814
Iter 60 of 180 Loss: 0.432224, L1(Flow): 0.381565, Reg: 0.050658
Iter 70 of 180 Loss: 0.393203, L1(Flow): 0.347309, Reg: 0.045895
Iter 80 of 180 Loss: 0.438189, L1(Flow): 0.389586, Reg: 0.048602
Iter 90 of 180 Loss: 0.402033, L1(Flow): 0.353659, Reg: 0.048374
Iter 100 of 180 Loss: 0.426788, L1(Flow): 0.375115, Reg: 0.051674
Iter 110 of 180 Loss: 0.414008, L1(Flow): 0.365089, Reg: 0.048919
Iter 120 of 180 Loss: 0.414866, L1(Flow): 0.363951, Reg: 0.050915
Iter 130 of 180 Loss: 0.416192, L1(Flow): 0.361893, Reg: 0.054298
Iter 140 of 180 Loss: 0.437225, L1(Flow): 0.384729, Reg: 0.052496
Iter 150 of 180 Loss: 0.414418, L1(Flow): 0.363522, Reg: 0.050896
Iter 160 of 180 Loss: 0.429636, L1(Flow): 0.379731, Reg: 0.049905
Iter 170 of 180 Loss: 0.439983, L1(Flow): 0.386809, Reg: 0.053174
Iter 180 of 180 Loss: 0.456042, L1(Flow): 0.406571, Reg: 0.049471
Epoch 143 Loss: 0.420278
Epoch 143 Validation: Mean EPE: 1.0978, Mean SSIM: 0.8244, Mean ZNCC: 0.9669
Epoch 144 starts
Iter 10 of 180 Loss: 0.418668, L1(Flow): 0.370617, Reg: 0.048050
Iter 20 of 180 Loss: 0.423221, L1(Flow): 0.373968, Reg: 0.049253
Iter 30 of 180 Loss: 0.455077, L1(Flow): 0.404677, Reg: 0.050400
Iter 40 of 180 Loss: 0.443224, L1(Flow): 0.390850, Reg: 0.052374
Iter 50 of 180 Loss: 0.432163, L1(Flow): 0.378482, Reg: 0.053681
Iter 60 of 180 Loss: 0.414560, L1(Flow): 0.367394, Reg: 0.047165
Iter 70 of 180 Loss: 0.413771, L1(Flow): 0.369422, Reg: 0.044349
Iter 80 of 180 Loss: 0.434517, L1(Flow): 0.380071, Reg: 0.054446
Iter 90 of 180 Loss: 0.392262, L1(Flow): 0.346586, Reg: 0.045676
Iter 100 of 180 Loss: 0.410363, L1(Flow): 0.357389, Reg: 0.052974
Iter 110 of 180 Loss: 0.420229, L1(Flow): 0.369300, Reg: 0.050929
Iter 120 of 180 Loss: 0.408138, L1(Flow): 0.359168, Reg: 0.048970
Iter 130 of 180 Loss: 0.396877, L1(Flow): 0.347640, Reg: 0.049237
Iter 140 of 180 Loss: 0.436709, L1(Flow): 0.382715, Reg: 0.053995
Iter 150 of 180 Loss: 0.415679, L1(Flow): 0.364349, Reg: 0.051330
Iter 160 of 180 Loss: 0.416010, L1(Flow): 0.362825, Reg: 0.053185
Iter 170 of 180 Loss: 0.422644, L1(Flow): 0.373353, Reg: 0.049291
Iter 180 of 180 Loss: 0.439830, L1(Flow): 0.387791, Reg: 0.052039
Epoch 144 Loss: 0.420513
Epoch 144 Validation: Mean EPE: 1.0875, Mean SSIM: 0.8273, Mean ZNCC: 0.9677
--> Saved to Top 5 best models (EPE: 1.0875)
Epoch 145 starts
Iter 10 of 180 Loss: 0.422849, L1(Flow): 0.368630, Reg: 0.054218
Iter 20 of 180 Loss: 0.392655, L1(Flow): 0.343929, Reg: 0.048726
Iter 30 of 180 Loss: 0.388210, L1(Flow): 0.339971, Reg: 0.048239
Iter 40 of 180 Loss: 0.419850, L1(Flow): 0.368639, Reg: 0.051210
Iter 50 of 180 Loss: 0.401229, L1(Flow): 0.354312, Reg: 0.046917
Iter 60 of 180 Loss: 0.423565, L1(Flow): 0.372400, Reg: 0.051164
Iter 70 of 180 Loss: 0.407211, L1(Flow): 0.357309, Reg: 0.049901
Iter 80 of 180 Loss: 0.416324, L1(Flow): 0.362697, Reg: 0.053628
Iter 90 of 180 Loss: 0.422400, L1(Flow): 0.373875, Reg: 0.048524
Iter 100 of 180 Loss: 0.439693, L1(Flow): 0.389863, Reg: 0.049831
Iter 110 of 180 Loss: 0.377296, L1(Flow): 0.332415, Reg: 0.044881
Iter 120 of 180 Loss: 0.409869, L1(Flow): 0.360500, Reg: 0.049369
Iter 130 of 180 Loss: 0.424929, L1(Flow): 0.376286, Reg: 0.048643
Iter 140 of 180 Loss: 0.449584, L1(Flow): 0.396515, Reg: 0.053068
Iter 150 of 180 Loss: 0.398354, L1(Flow): 0.349039, Reg: 0.049315
Iter 160 of 180 Loss: 0.390067, L1(Flow): 0.344334, Reg: 0.045733
Iter 170 of 180 Loss: 0.411387, L1(Flow): 0.360733, Reg: 0.050654
Iter 180 of 180 Loss: 0.404072, L1(Flow): 0.360048, Reg: 0.044024
Epoch 145 Loss: 0.418874
Epoch 145 Validation: Mean EPE: 1.0936, Mean SSIM: 0.8253, Mean ZNCC: 0.9672
Epoch 146 starts
Iter 10 of 180 Loss: 0.432704, L1(Flow): 0.380343, Reg: 0.052361
Iter 20 of 180 Loss: 0.412345, L1(Flow): 0.363639, Reg: 0.048705
Iter 30 of 180 Loss: 0.408344, L1(Flow): 0.359204, Reg: 0.049140
Iter 40 of 180 Loss: 0.422177, L1(Flow): 0.369022, Reg: 0.053155
Iter 50 of 180 Loss: 0.456806, L1(Flow): 0.403822, Reg: 0.052984
Iter 60 of 180 Loss: 0.435674, L1(Flow): 0.381074, Reg: 0.054600
Iter 70 of 180 Loss: 0.393728, L1(Flow): 0.342753, Reg: 0.050975
Iter 80 of 180 Loss: 0.388681, L1(Flow): 0.341166, Reg: 0.047514
Iter 90 of 180 Loss: 0.444887, L1(Flow): 0.392796, Reg: 0.052091
Iter 100 of 180 Loss: 0.417844, L1(Flow): 0.366907, Reg: 0.050938
Iter 110 of 180 Loss: 0.432152, L1(Flow): 0.379745, Reg: 0.052407
Iter 120 of 180 Loss: 0.401801, L1(Flow): 0.353318, Reg: 0.048483
Iter 130 of 180 Loss: 0.393027, L1(Flow): 0.348651, Reg: 0.044375
Iter 140 of 180 Loss: 0.424748, L1(Flow): 0.375809, Reg: 0.048938
Iter 150 of 180 Loss: 0.402330, L1(Flow): 0.352483, Reg: 0.049847
Iter 160 of 180 Loss: 0.420357, L1(Flow): 0.368672, Reg: 0.051686
Iter 170 of 180 Loss: 0.434786, L1(Flow): 0.380057, Reg: 0.054729
Iter 180 of 180 Loss: 0.403834, L1(Flow): 0.352610, Reg: 0.051224
Epoch 146 Loss: 0.418626
Epoch 146 Validation: Mean EPE: 1.0902, Mean SSIM: 0.8282, Mean ZNCC: 0.9677
--> Saved to Top 5 best models (EPE: 1.0902)
Epoch 147 starts
Iter 10 of 180 Loss: 0.411032, L1(Flow): 0.362079, Reg: 0.048953
Iter 20 of 180 Loss: 0.425412, L1(Flow): 0.372847, Reg: 0.052565
Iter 30 of 180 Loss: 0.425221, L1(Flow): 0.376440, Reg: 0.048780
Iter 40 of 180 Loss: 0.386992, L1(Flow): 0.342322, Reg: 0.044670
Iter 50 of 180 Loss: 0.448348, L1(Flow): 0.401968, Reg: 0.046380
Iter 60 of 180 Loss: 0.411050, L1(Flow): 0.363357, Reg: 0.047692
Iter 70 of 180 Loss: 0.438719, L1(Flow): 0.383630, Reg: 0.055090
Iter 80 of 180 Loss: 0.441255, L1(Flow): 0.392929, Reg: 0.048326
Iter 90 of 180 Loss: 0.405236, L1(Flow): 0.354848, Reg: 0.050388
Iter 100 of 180 Loss: 0.440238, L1(Flow): 0.391159, Reg: 0.049078
Iter 110 of 180 Loss: 0.423439, L1(Flow): 0.375155, Reg: 0.048284
Iter 120 of 180 Loss: 0.435940, L1(Flow): 0.386571, Reg: 0.049369
Iter 130 of 180 Loss: 0.462312, L1(Flow): 0.410513, Reg: 0.051800
Iter 140 of 180 Loss: 0.394530, L1(Flow): 0.348551, Reg: 0.045979
Iter 150 of 180 Loss: 0.418636, L1(Flow): 0.369312, Reg: 0.049324
Iter 160 of 180 Loss: 0.407554, L1(Flow): 0.360266, Reg: 0.047288
Iter 170 of 180 Loss: 0.417689, L1(Flow): 0.368625, Reg: 0.049064
Iter 180 of 180 Loss: 0.387244, L1(Flow): 0.344866, Reg: 0.042378
Epoch 147 Loss: 0.421605
Epoch 147 Validation: Mean EPE: 1.0863, Mean SSIM: 0.8280, Mean ZNCC: 0.9678
--> Saved to Top 5 best models (EPE: 1.0863)
--> New absolute BEST model updated with EPE: 1.0863
Epoch 148 starts
Iter 10 of 180 Loss: 0.434817, L1(Flow): 0.383513, Reg: 0.051303
Iter 20 of 180 Loss: 0.414080, L1(Flow): 0.362607, Reg: 0.051473
Iter 30 of 180 Loss: 0.389959, L1(Flow): 0.341840, Reg: 0.048119
Iter 40 of 180 Loss: 0.403278, L1(Flow): 0.352215, Reg: 0.051063
Iter 50 of 180 Loss: 0.401596, L1(Flow): 0.352223, Reg: 0.049373
Iter 60 of 180 Loss: 0.382270, L1(Flow): 0.337245, Reg: 0.045025
Iter 70 of 180 Loss: 0.396558, L1(Flow): 0.347324, Reg: 0.049233
Iter 80 of 180 Loss: 0.410737, L1(Flow): 0.362676, Reg: 0.048061
Iter 90 of 180 Loss: 0.409335, L1(Flow): 0.357005, Reg: 0.052330
Iter 100 of 180 Loss: 0.409716, L1(Flow): 0.358262, Reg: 0.051455
Iter 110 of 180 Loss: 0.410885, L1(Flow): 0.359078, Reg: 0.051807
Iter 120 of 180 Loss: 0.406127, L1(Flow): 0.358934, Reg: 0.047194
Iter 130 of 180 Loss: 0.423169, L1(Flow): 0.371086, Reg: 0.052083
Iter 140 of 180 Loss: 0.420632, L1(Flow): 0.366910, Reg: 0.053722
Iter 150 of 180 Loss: 0.383860, L1(Flow): 0.337345, Reg: 0.046515
Iter 160 of 180 Loss: 0.414568, L1(Flow): 0.364205, Reg: 0.050363
Iter 170 of 180 Loss: 0.418909, L1(Flow): 0.367367, Reg: 0.051542
Iter 180 of 180 Loss: 0.437238, L1(Flow): 0.384524, Reg: 0.052715
Epoch 148 Loss: 0.415112
Epoch 148 Validation: Mean EPE: 1.0792, Mean SSIM: 0.8287, Mean ZNCC: 0.9680
--> Saved to Top 5 best models (EPE: 1.0792)
--> New absolute BEST model updated with EPE: 1.0792
Epoch 149 starts
Iter 10 of 180 Loss: 0.432845, L1(Flow): 0.382217, Reg: 0.050629
Iter 20 of 180 Loss: 0.413974, L1(Flow): 0.363422, Reg: 0.050552
Iter 30 of 180 Loss: 0.412796, L1(Flow): 0.360945, Reg: 0.051850
Iter 40 of 180 Loss: 0.439281, L1(Flow): 0.392027, Reg: 0.047254
Iter 50 of 180 Loss: 0.435965, L1(Flow): 0.383386, Reg: 0.052579
Iter 60 of 180 Loss: 0.397994, L1(Flow): 0.350914, Reg: 0.047080
Iter 70 of 180 Loss: 0.392220, L1(Flow): 0.347445, Reg: 0.044775
Iter 80 of 180 Loss: 0.377245, L1(Flow): 0.332691, Reg: 0.044554
Iter 90 of 180 Loss: 0.417383, L1(Flow): 0.367089, Reg: 0.050294
Iter 100 of 180 Loss: 0.397376, L1(Flow): 0.349514, Reg: 0.047862
Iter 110 of 180 Loss: 0.425248, L1(Flow): 0.376175, Reg: 0.049073
Iter 120 of 180 Loss: 0.400788, L1(Flow): 0.353392, Reg: 0.047396
Iter 130 of 180 Loss: 0.404477, L1(Flow): 0.354462, Reg: 0.050016
Iter 140 of 180 Loss: 0.415758, L1(Flow): 0.363806, Reg: 0.051951
Iter 150 of 180 Loss: 0.422454, L1(Flow): 0.371317, Reg: 0.051137
Iter 160 of 180 Loss: 0.401028, L1(Flow): 0.350994, Reg: 0.050034
Iter 170 of 180 Loss: 0.399834, L1(Flow): 0.349239, Reg: 0.050595
Iter 180 of 180 Loss: 0.445122, L1(Flow): 0.391900, Reg: 0.053222
Epoch 149 Loss: 0.416202
Epoch 149 Validation: Mean EPE: 1.1052, Mean SSIM: 0.8228, Mean ZNCC: 0.9665
Epoch 150 starts
Iter 10 of 180 Loss: 0.422082, L1(Flow): 0.370890, Reg: 0.051192
Iter 20 of 180 Loss: 0.446810, L1(Flow): 0.393238, Reg: 0.053573
Iter 30 of 180 Loss: 0.408101, L1(Flow): 0.360490, Reg: 0.047612
Iter 40 of 180 Loss: 0.434524, L1(Flow): 0.382282, Reg: 0.052242
Iter 50 of 180 Loss: 0.414401, L1(Flow): 0.366673, Reg: 0.047729
Iter 60 of 180 Loss: 0.390252, L1(Flow): 0.347005, Reg: 0.043246
Iter 70 of 180 Loss: 0.421903, L1(Flow): 0.370017, Reg: 0.051886
Iter 80 of 180 Loss: 0.414019, L1(Flow): 0.362533, Reg: 0.051486
Iter 90 of 180 Loss: 0.421900, L1(Flow): 0.372065, Reg: 0.049835
Iter 100 of 180 Loss: 0.405036, L1(Flow): 0.356295, Reg: 0.048741
Iter 110 of 180 Loss: 0.415091, L1(Flow): 0.363908, Reg: 0.051183
Iter 120 of 180 Loss: 0.409725, L1(Flow): 0.359053, Reg: 0.050672
Iter 130 of 180 Loss: 0.400310, L1(Flow): 0.351711, Reg: 0.048599
Iter 140 of 180 Loss: 0.410380, L1(Flow): 0.358901, Reg: 0.051479
Iter 150 of 180 Loss: 0.419913, L1(Flow): 0.369425, Reg: 0.050488
Iter 160 of 180 Loss: 0.391670, L1(Flow): 0.343990, Reg: 0.047681
Iter 170 of 180 Loss: 0.413865, L1(Flow): 0.366272, Reg: 0.047593
Iter 180 of 180 Loss: 0.387365, L1(Flow): 0.344211, Reg: 0.043154
Epoch 150 Loss: 0.411653
Epoch 150 Validation: Mean EPE: 1.0959, Mean SSIM: 0.8249, Mean ZNCC: 0.9675
Epoch 151 starts
Iter 10 of 180 Loss: 0.420749, L1(Flow): 0.371413, Reg: 0.049336
Iter 20 of 180 Loss: 0.414816, L1(Flow): 0.362298, Reg: 0.052518
Iter 30 of 180 Loss: 0.449411, L1(Flow): 0.397347, Reg: 0.052064
Iter 40 of 180 Loss: 0.435450, L1(Flow): 0.381833, Reg: 0.053617
Iter 50 of 180 Loss: 0.422114, L1(Flow): 0.368211, Reg: 0.053903
Iter 60 of 180 Loss: 0.429573, L1(Flow): 0.374297, Reg: 0.055276
Iter 70 of 180 Loss: 0.396965, L1(Flow): 0.350320, Reg: 0.046645
Iter 80 of 180 Loss: 0.420347, L1(Flow): 0.368455, Reg: 0.051892
Iter 90 of 180 Loss: 0.399945, L1(Flow): 0.352081, Reg: 0.047863
Iter 100 of 180 Loss: 0.426890, L1(Flow): 0.373090, Reg: 0.053800
Iter 110 of 180 Loss: 0.381537, L1(Flow): 0.335146, Reg: 0.046392
Iter 120 of 180 Loss: 0.405342, L1(Flow): 0.357367, Reg: 0.047975
Iter 130 of 180 Loss: 0.382655, L1(Flow): 0.337981, Reg: 0.044674
Iter 140 of 180 Loss: 0.405752, L1(Flow): 0.354357, Reg: 0.051395
Iter 150 of 180 Loss: 0.437006, L1(Flow): 0.388945, Reg: 0.048060
Iter 160 of 180 Loss: 0.430895, L1(Flow): 0.378224, Reg: 0.052671
Iter 170 of 180 Loss: 0.437813, L1(Flow): 0.385499, Reg: 0.052314
Iter 180 of 180 Loss: 0.392417, L1(Flow): 0.344951, Reg: 0.047466
Epoch 151 Loss: 0.410500
Epoch 151 Validation: Mean EPE: 1.0811, Mean SSIM: 0.8288, Mean ZNCC: 0.9680
--> Saved to Top 5 best models (EPE: 1.0811)
Epoch 152 starts
Iter 10 of 180 Loss: 0.421192, L1(Flow): 0.369426, Reg: 0.051765
Iter 20 of 180 Loss: 0.392367, L1(Flow): 0.341930, Reg: 0.050437
Iter 30 of 180 Loss: 0.406914, L1(Flow): 0.357281, Reg: 0.049632
Iter 40 of 180 Loss: 0.407348, L1(Flow): 0.354335, Reg: 0.053013
Iter 50 of 180 Loss: 0.393895, L1(Flow): 0.348715, Reg: 0.045180
Iter 60 of 180 Loss: 0.387676, L1(Flow): 0.339631, Reg: 0.048046
Iter 70 of 180 Loss: 0.399198, L1(Flow): 0.347909, Reg: 0.051289
Iter 80 of 180 Loss: 0.399229, L1(Flow): 0.349950, Reg: 0.049279
Iter 90 of 180 Loss: 0.415633, L1(Flow): 0.364786, Reg: 0.050847
Iter 100 of 180 Loss: 0.386632, L1(Flow): 0.341648, Reg: 0.044984
Iter 110 of 180 Loss: 0.413848, L1(Flow): 0.361349, Reg: 0.052499
Iter 120 of 180 Loss: 0.408861, L1(Flow): 0.357685, Reg: 0.051176
Iter 130 of 180 Loss: 0.428916, L1(Flow): 0.378521, Reg: 0.050396
Iter 140 of 180 Loss: 0.389143, L1(Flow): 0.342916, Reg: 0.046227
Iter 150 of 180 Loss: 0.399238, L1(Flow): 0.348191, Reg: 0.051047
Iter 160 of 180 Loss: 0.407839, L1(Flow): 0.358554, Reg: 0.049286
Iter 170 of 180 Loss: 0.396146, L1(Flow): 0.348635, Reg: 0.047511
Iter 180 of 180 Loss: 0.393122, L1(Flow): 0.348184, Reg: 0.044938
Epoch 152 Loss: 0.407578
Epoch 152 Validation: Mean EPE: 1.0848, Mean SSIM: 0.8282, Mean ZNCC: 0.9678
--> Saved to Top 5 best models (EPE: 1.0848)
Epoch 153 starts
Iter 10 of 180 Loss: 0.402509, L1(Flow): 0.352893, Reg: 0.049616
Iter 20 of 180 Loss: 0.401365, L1(Flow): 0.350103, Reg: 0.051262
Iter 30 of 180 Loss: 0.427136, L1(Flow): 0.373094, Reg: 0.054042
Iter 40 of 180 Loss: 0.406506, L1(Flow): 0.360069, Reg: 0.046437
Iter 50 of 180 Loss: 0.438364, L1(Flow): 0.382384, Reg: 0.055980
Iter 60 of 180 Loss: 0.426022, L1(Flow): 0.372123, Reg: 0.053900
Iter 70 of 180 Loss: 0.449015, L1(Flow): 0.396751, Reg: 0.052263
Iter 80 of 180 Loss: 0.402374, L1(Flow): 0.354462, Reg: 0.047913
Iter 90 of 180 Loss: 0.432950, L1(Flow): 0.384698, Reg: 0.048253
Iter 100 of 180 Loss: 0.458632, L1(Flow): 0.408280, Reg: 0.050351
Iter 110 of 180 Loss: 0.426421, L1(Flow): 0.378277, Reg: 0.048144
Iter 120 of 180 Loss: 0.373528, L1(Flow): 0.329906, Reg: 0.043622
Iter 130 of 180 Loss: 0.427128, L1(Flow): 0.372912, Reg: 0.054216
Iter 140 of 180 Loss: 0.379944, L1(Flow): 0.331803, Reg: 0.048141
Iter 150 of 180 Loss: 0.379933, L1(Flow): 0.333566, Reg: 0.046366
Iter 160 of 180 Loss: 0.404473, L1(Flow): 0.354047, Reg: 0.050426
Iter 170 of 180 Loss: 0.403991, L1(Flow): 0.354415, Reg: 0.049577
Iter 180 of 180 Loss: 0.404881, L1(Flow): 0.353492, Reg: 0.051389
Epoch 153 Loss: 0.413249
Epoch 153 Validation: Mean EPE: 1.0779, Mean SSIM: 0.8302, Mean ZNCC: 0.9683
--> Saved to Top 5 best models (EPE: 1.0779)
--> New absolute BEST model updated with EPE: 1.0779
Epoch 154 starts
Iter 10 of 180 Loss: 0.404419, L1(Flow): 0.351122, Reg: 0.053297
Iter 20 of 180 Loss: 0.405624, L1(Flow): 0.356504, Reg: 0.049120
Iter 30 of 180 Loss: 0.432098, L1(Flow): 0.376776, Reg: 0.055322
Iter 40 of 180 Loss: 0.399568, L1(Flow): 0.350713, Reg: 0.048854
Iter 50 of 180 Loss: 0.419923, L1(Flow): 0.370422, Reg: 0.049501
Iter 60 of 180 Loss: 0.403320, L1(Flow): 0.356873, Reg: 0.046447
Iter 70 of 180 Loss: 0.393206, L1(Flow): 0.352771, Reg: 0.040435
Iter 80 of 180 Loss: 0.386408, L1(Flow): 0.338537, Reg: 0.047871
Iter 90 of 180 Loss: 0.408918, L1(Flow): 0.360901, Reg: 0.048016
Iter 100 of 180 Loss: 0.433093, L1(Flow): 0.379882, Reg: 0.053212
Iter 110 of 180 Loss: 0.415129, L1(Flow): 0.367740, Reg: 0.047389
Iter 120 of 180 Loss: 0.459169, L1(Flow): 0.409414, Reg: 0.049755
Iter 130 of 180 Loss: 0.508972, L1(Flow): 0.449366, Reg: 0.059606
Iter 140 of 180 Loss: 0.452689, L1(Flow): 0.404594, Reg: 0.048095
Iter 150 of 180 Loss: 0.454468, L1(Flow): 0.401561, Reg: 0.052907
Iter 160 of 180 Loss: 0.442132, L1(Flow): 0.390590, Reg: 0.051542
Iter 170 of 180 Loss: 0.445589, L1(Flow): 0.396463, Reg: 0.049126
Iter 180 of 180 Loss: 0.444302, L1(Flow): 0.389652, Reg: 0.054650
Epoch 154 Loss: 0.423632
Epoch 154 Validation: Mean EPE: 1.0944, Mean SSIM: 0.8260, Mean ZNCC: 0.9672
Epoch 155 starts
Iter 10 of 180 Loss: 0.395697, L1(Flow): 0.347434, Reg: 0.048263
Iter 20 of 180 Loss: 0.439829, L1(Flow): 0.389333, Reg: 0.050496
Iter 30 of 180 Loss: 0.412181, L1(Flow): 0.362709, Reg: 0.049472
Iter 40 of 180 Loss: 0.428239, L1(Flow): 0.378929, Reg: 0.049309
Iter 50 of 180 Loss: 0.368606, L1(Flow): 0.324438, Reg: 0.044168
Iter 60 of 180 Loss: 0.413936, L1(Flow): 0.362801, Reg: 0.051135
Iter 70 of 180 Loss: 0.421660, L1(Flow): 0.370256, Reg: 0.051404
Iter 80 of 180 Loss: 0.405472, L1(Flow): 0.355807, Reg: 0.049665
Iter 90 of 180 Loss: 0.438096, L1(Flow): 0.386822, Reg: 0.051274
Iter 100 of 180 Loss: 0.427400, L1(Flow): 0.374523, Reg: 0.052878
Iter 110 of 180 Loss: 0.406583, L1(Flow): 0.356447, Reg: 0.050136
Iter 120 of 180 Loss: 0.429828, L1(Flow): 0.375719, Reg: 0.054109
Iter 130 of 180 Loss: 0.402965, L1(Flow): 0.355466, Reg: 0.047498
Iter 140 of 180 Loss: 0.408578, L1(Flow): 0.360837, Reg: 0.047741
Iter 150 of 180 Loss: 0.424013, L1(Flow): 0.377404, Reg: 0.046609
Iter 160 of 180 Loss: 0.423810, L1(Flow): 0.373996, Reg: 0.049814
Iter 170 of 180 Loss: 0.397950, L1(Flow): 0.350916, Reg: 0.047034
Iter 180 of 180 Loss: 0.428596, L1(Flow): 0.376579, Reg: 0.052018
Epoch 155 Loss: 0.413203
Epoch 155 Validation: Mean EPE: 1.0882, Mean SSIM: 0.8277, Mean ZNCC: 0.9680
Epoch 156 starts
Iter 10 of 180 Loss: 0.416846, L1(Flow): 0.368767, Reg: 0.048079
Iter 20 of 180 Loss: 0.416243, L1(Flow): 0.367167, Reg: 0.049076
Iter 30 of 180 Loss: 0.415118, L1(Flow): 0.364618, Reg: 0.050501
Iter 40 of 180 Loss: 0.399352, L1(Flow): 0.350923, Reg: 0.048429
Iter 50 of 180 Loss: 0.413653, L1(Flow): 0.366585, Reg: 0.047068
Iter 60 of 180 Loss: 0.419707, L1(Flow): 0.368759, Reg: 0.050948
Iter 70 of 180 Loss: 0.386143, L1(Flow): 0.337059, Reg: 0.049083
Iter 80 of 180 Loss: 0.397837, L1(Flow): 0.351054, Reg: 0.046783
Iter 90 of 180 Loss: 0.393130, L1(Flow): 0.343851, Reg: 0.049278
Iter 100 of 180 Loss: 0.393846, L1(Flow): 0.346194, Reg: 0.047652
Iter 110 of 180 Loss: 0.387459, L1(Flow): 0.344445, Reg: 0.043014
Iter 120 of 180 Loss: 0.399130, L1(Flow): 0.352990, Reg: 0.046140
Iter 130 of 180 Loss: 0.397046, L1(Flow): 0.350741, Reg: 0.046305
Iter 140 of 180 Loss: 0.438364, L1(Flow): 0.384832, Reg: 0.053533
Iter 150 of 180 Loss: 0.400200, L1(Flow): 0.350565, Reg: 0.049635
Iter 160 of 180 Loss: 0.386150, L1(Flow): 0.340055, Reg: 0.046095
Iter 170 of 180 Loss: 0.393645, L1(Flow): 0.346987, Reg: 0.046659
Iter 180 of 180 Loss: 0.408831, L1(Flow): 0.358980, Reg: 0.049851
Epoch 156 Loss: 0.408212
Epoch 156 Validation: Mean EPE: 1.0862, Mean SSIM: 0.8268, Mean ZNCC: 0.9674
--> Saved to Top 5 best models (EPE: 1.0862)
Epoch 157 starts
Iter 10 of 180 Loss: 0.420828, L1(Flow): 0.372277, Reg: 0.048551
Iter 20 of 180 Loss: 0.407037, L1(Flow): 0.356600, Reg: 0.050437
Iter 30 of 180 Loss: 0.419549, L1(Flow): 0.365812, Reg: 0.053738
Iter 40 of 180 Loss: 0.413132, L1(Flow): 0.359101, Reg: 0.054031
Iter 50 of 180 Loss: 0.385427, L1(Flow): 0.338600, Reg: 0.046828
Iter 60 of 180 Loss: 0.414858, L1(Flow): 0.363563, Reg: 0.051295
Iter 70 of 180 Loss: 0.424113, L1(Flow): 0.373452, Reg: 0.050661
Iter 80 of 180 Loss: 0.404095, L1(Flow): 0.353055, Reg: 0.051040
Iter 90 of 180 Loss: 0.414596, L1(Flow): 0.363421, Reg: 0.051175
Iter 100 of 180 Loss: 0.404446, L1(Flow): 0.355910, Reg: 0.048536
Iter 110 of 180 Loss: 0.410678, L1(Flow): 0.362151, Reg: 0.048527
Iter 120 of 180 Loss: 0.415411, L1(Flow): 0.365044, Reg: 0.050367
Iter 130 of 180 Loss: 0.387075, L1(Flow): 0.338932, Reg: 0.048143
Iter 140 of 180 Loss: 0.382199, L1(Flow): 0.333873, Reg: 0.048326
Iter 150 of 180 Loss: 0.422844, L1(Flow): 0.367177, Reg: 0.055668
Iter 160 of 180 Loss: 0.428676, L1(Flow): 0.375713, Reg: 0.052963
Iter 170 of 180 Loss: 0.403371, L1(Flow): 0.352667, Reg: 0.050703
Iter 180 of 180 Loss: 0.420697, L1(Flow): 0.369965, Reg: 0.050731
Epoch 157 Loss: 0.402173
Epoch 157 Validation: Mean EPE: 1.0771, Mean SSIM: 0.8299, Mean ZNCC: 0.9683
--> Saved to Top 5 best models (EPE: 1.0771)
--> New absolute BEST model updated with EPE: 1.0771
Epoch 158 starts
Iter 10 of 180 Loss: 0.405809, L1(Flow): 0.356687, Reg: 0.049121
Iter 20 of 180 Loss: 0.400648, L1(Flow): 0.352946, Reg: 0.047702
Iter 30 of 180 Loss: 0.397021, L1(Flow): 0.349162, Reg: 0.047859
Iter 40 of 180 Loss: 0.421028, L1(Flow): 0.369801, Reg: 0.051227
Iter 50 of 180 Loss: 0.381677, L1(Flow): 0.333615, Reg: 0.048062
Iter 60 of 180 Loss: 0.421288, L1(Flow): 0.369817, Reg: 0.051471
Iter 70 of 180 Loss: 0.418122, L1(Flow): 0.369410, Reg: 0.048712
Iter 80 of 180 Loss: 0.396407, L1(Flow): 0.348204, Reg: 0.048203
Iter 90 of 180 Loss: 0.411193, L1(Flow): 0.361088, Reg: 0.050106
Iter 100 of 180 Loss: 0.433489, L1(Flow): 0.379296, Reg: 0.054193
Iter 110 of 180 Loss: 0.406655, L1(Flow): 0.356664, Reg: 0.049991
Iter 120 of 180 Loss: 0.399260, L1(Flow): 0.352338, Reg: 0.046922
Iter 130 of 180 Loss: 0.418808, L1(Flow): 0.370785, Reg: 0.048023
Iter 140 of 180 Loss: 0.394583, L1(Flow): 0.343470, Reg: 0.051114
Iter 150 of 180 Loss: 0.438034, L1(Flow): 0.383469, Reg: 0.054565
Iter 160 of 180 Loss: 0.403173, L1(Flow): 0.352835, Reg: 0.050337
Iter 170 of 180 Loss: 0.379524, L1(Flow): 0.333910, Reg: 0.045615
Iter 180 of 180 Loss: 0.403082, L1(Flow): 0.350989, Reg: 0.052093
Epoch 158 Loss: 0.406328
Epoch 158 Validation: Mean EPE: 1.0787, Mean SSIM: 0.8299, Mean ZNCC: 0.9682
--> Saved to Top 5 best models (EPE: 1.0787)
Epoch 159 starts
Iter 10 of 180 Loss: 0.395940, L1(Flow): 0.345304, Reg: 0.050636
Iter 20 of 180 Loss: 0.400697, L1(Flow): 0.350465, Reg: 0.050232
Iter 30 of 180 Loss: 0.421023, L1(Flow): 0.368116, Reg: 0.052907
Iter 40 of 180 Loss: 0.412251, L1(Flow): 0.361741, Reg: 0.050510
Iter 50 of 180 Loss: 0.396639, L1(Flow): 0.347789, Reg: 0.048850
Iter 60 of 180 Loss: 0.369506, L1(Flow): 0.323326, Reg: 0.046180
Iter 70 of 180 Loss: 0.392781, L1(Flow): 0.342313, Reg: 0.050468
Iter 80 of 180 Loss: 0.368847, L1(Flow): 0.323984, Reg: 0.044862
Iter 90 of 180 Loss: 0.415141, L1(Flow): 0.360523, Reg: 0.054617
Iter 100 of 180 Loss: 0.405874, L1(Flow): 0.351580, Reg: 0.054295
Iter 110 of 180 Loss: 0.370779, L1(Flow): 0.324917, Reg: 0.045861
Iter 120 of 180 Loss: 0.392766, L1(Flow): 0.343878, Reg: 0.048889
Iter 130 of 180 Loss: 0.417375, L1(Flow): 0.367456, Reg: 0.049919
Iter 140 of 180 Loss: 0.418815, L1(Flow): 0.369702, Reg: 0.049113
Iter 150 of 180 Loss: 0.397258, L1(Flow): 0.351102, Reg: 0.046157
Iter 160 of 180 Loss: 0.385827, L1(Flow): 0.341836, Reg: 0.043990
Iter 170 of 180 Loss: 0.397478, L1(Flow): 0.350319, Reg: 0.047159
Iter 180 of 180 Loss: 0.380490, L1(Flow): 0.331619, Reg: 0.048871
Epoch 159 Loss: 0.399881
Epoch 159 Validation: Mean EPE: 1.0721, Mean SSIM: 0.8304, Mean ZNCC: 0.9684
--> Saved to Top 5 best models (EPE: 1.0721)
--> New absolute BEST model updated with EPE: 1.0721
Epoch 160 starts
Iter 10 of 180 Loss: 0.405526, L1(Flow): 0.355695, Reg: 0.049830
Iter 20 of 180 Loss: 0.381007, L1(Flow): 0.335442, Reg: 0.045565
Iter 30 of 180 Loss: 0.407521, L1(Flow): 0.357120, Reg: 0.050401
Iter 40 of 180 Loss: 0.402013, L1(Flow): 0.351119, Reg: 0.050893
Iter 50 of 180 Loss: 0.385823, L1(Flow): 0.337569, Reg: 0.048255
Iter 60 of 180 Loss: 0.394750, L1(Flow): 0.344105, Reg: 0.050644
Iter 70 of 180 Loss: 0.397033, L1(Flow): 0.348130, Reg: 0.048904
Iter 80 of 180 Loss: 0.407133, L1(Flow): 0.358751, Reg: 0.048382
Iter 90 of 180 Loss: 0.399548, L1(Flow): 0.351994, Reg: 0.047554
Iter 100 of 180 Loss: 0.405124, L1(Flow): 0.353152, Reg: 0.051972
Iter 110 of 180 Loss: 0.394416, L1(Flow): 0.346793, Reg: 0.047623
Iter 120 of 180 Loss: 0.442894, L1(Flow): 0.391079, Reg: 0.051816
Iter 130 of 180 Loss: 0.414396, L1(Flow): 0.363979, Reg: 0.050417
Iter 140 of 180 Loss: 0.403239, L1(Flow): 0.352928, Reg: 0.050311
Iter 150 of 180 Loss: 0.404001, L1(Flow): 0.354882, Reg: 0.049119
Iter 160 of 180 Loss: 0.385172, L1(Flow): 0.340647, Reg: 0.044525
Iter 170 of 180 Loss: 0.372777, L1(Flow): 0.328015, Reg: 0.044762
Iter 180 of 180 Loss: 0.377240, L1(Flow): 0.327612, Reg: 0.049627
Epoch 160 Loss: 0.399606
Epoch 160 Validation: Mean EPE: 1.0707, Mean SSIM: 0.8305, Mean ZNCC: 0.9685
--> Saved to Top 5 best models (EPE: 1.0707)
--> New absolute BEST model updated with EPE: 1.0707
Epoch 161 starts
Iter 10 of 180 Loss: 0.375232, L1(Flow): 0.325998, Reg: 0.049234
Iter 20 of 180 Loss: 0.398606, L1(Flow): 0.347411, Reg: 0.051194
Iter 30 of 180 Loss: 0.410431, L1(Flow): 0.359076, Reg: 0.051355
Iter 40 of 180 Loss: 0.403987, L1(Flow): 0.351283, Reg: 0.052704
Iter 50 of 180 Loss: 0.428077, L1(Flow): 0.375820, Reg: 0.052257
Iter 60 of 180 Loss: 0.386682, L1(Flow): 0.336402, Reg: 0.050279
Iter 70 of 180 Loss: 0.378866, L1(Flow): 0.331043, Reg: 0.047823
Iter 80 of 180 Loss: 0.389329, L1(Flow): 0.340096, Reg: 0.049233
Iter 90 of 180 Loss: 0.406496, L1(Flow): 0.355829, Reg: 0.050667
Iter 100 of 180 Loss: 0.375231, L1(Flow): 0.328742, Reg: 0.046489
Iter 110 of 180 Loss: 0.395301, L1(Flow): 0.345363, Reg: 0.049938
Iter 120 of 180 Loss: 0.405557, L1(Flow): 0.354863, Reg: 0.050693
Iter 130 of 180 Loss: 0.421773, L1(Flow): 0.371126, Reg: 0.050647
Iter 140 of 180 Loss: 0.388199, L1(Flow): 0.338525, Reg: 0.049675
Iter 150 of 180 Loss: 0.392526, L1(Flow): 0.343730, Reg: 0.048796
Iter 160 of 180 Loss: 0.402345, L1(Flow): 0.355835, Reg: 0.046511
Iter 170 of 180 Loss: 0.384916, L1(Flow): 0.337130, Reg: 0.047786
Iter 180 of 180 Loss: 0.407579, L1(Flow): 0.360347, Reg: 0.047233
Epoch 161 Loss: 0.395243
Epoch 161 Validation: Mean EPE: 1.0758, Mean SSIM: 0.8297, Mean ZNCC: 0.9682
--> Saved to Top 5 best models (EPE: 1.0758)
Epoch 162 starts
Iter 10 of 180 Loss: 0.394946, L1(Flow): 0.345981, Reg: 0.048964
Iter 20 of 180 Loss: 0.409272, L1(Flow): 0.360580, Reg: 0.048692
Iter 30 of 180 Loss: 0.404122, L1(Flow): 0.351434, Reg: 0.052689
Iter 40 of 180 Loss: 0.420253, L1(Flow): 0.368061, Reg: 0.052192
Iter 50 of 180 Loss: 0.369049, L1(Flow): 0.325291, Reg: 0.043757
Iter 60 of 180 Loss: 0.410040, L1(Flow): 0.361669, Reg: 0.048371
Iter 70 of 180 Loss: 0.426490, L1(Flow): 0.374870, Reg: 0.051620
Iter 80 of 180 Loss: 0.379697, L1(Flow): 0.335304, Reg: 0.044393
Iter 90 of 180 Loss: 0.379379, L1(Flow): 0.333657, Reg: 0.045722
Iter 100 of 180 Loss: 0.416755, L1(Flow): 0.366025, Reg: 0.050730
Iter 110 of 180 Loss: 0.398312, L1(Flow): 0.353396, Reg: 0.044916
Iter 120 of 180 Loss: 0.383926, L1(Flow): 0.334493, Reg: 0.049433
Iter 130 of 180 Loss: 0.410150, L1(Flow): 0.359309, Reg: 0.050841
Iter 140 of 180 Loss: 0.389320, L1(Flow): 0.335960, Reg: 0.053360
Iter 150 of 180 Loss: 0.377201, L1(Flow): 0.331633, Reg: 0.045568
Iter 160 of 180 Loss: 0.385541, L1(Flow): 0.336932, Reg: 0.048610
Iter 170 of 180 Loss: 0.422204, L1(Flow): 0.371376, Reg: 0.050828
Iter 180 of 180 Loss: 0.398980, L1(Flow): 0.354081, Reg: 0.044898
Epoch 162 Loss: 0.398810
Epoch 162 Validation: Mean EPE: 1.0769, Mean SSIM: 0.8291, Mean ZNCC: 0.9681
--> Saved to Top 5 best models (EPE: 1.0769)
Epoch 163 starts
Iter 10 of 180 Loss: 0.396947, L1(Flow): 0.351496, Reg: 0.045451
Iter 20 of 180 Loss: 0.410894, L1(Flow): 0.358820, Reg: 0.052074
Iter 30 of 180 Loss: 0.397496, L1(Flow): 0.350961, Reg: 0.046535
Iter 40 of 180 Loss: 0.405020, L1(Flow): 0.354040, Reg: 0.050980
Iter 50 of 180 Loss: 0.406803, L1(Flow): 0.354463, Reg: 0.052340
Iter 60 of 180 Loss: 0.394555, L1(Flow): 0.348255, Reg: 0.046299
Iter 70 of 180 Loss: 0.371742, L1(Flow): 0.326714, Reg: 0.045028
Iter 80 of 180 Loss: 0.421001, L1(Flow): 0.368561, Reg: 0.052440
Iter 90 of 180 Loss: 0.384734, L1(Flow): 0.340069, Reg: 0.044664
Iter 100 of 180 Loss: 0.408040, L1(Flow): 0.355671, Reg: 0.052369
Iter 110 of 180 Loss: 0.398841, L1(Flow): 0.350156, Reg: 0.048685
Iter 120 of 180 Loss: 0.367028, L1(Flow): 0.319861, Reg: 0.047167
Iter 130 of 180 Loss: 0.382287, L1(Flow): 0.338278, Reg: 0.044010
Iter 140 of 180 Loss: 0.393971, L1(Flow): 0.343302, Reg: 0.050670
Iter 150 of 180 Loss: 0.421578, L1(Flow): 0.369044, Reg: 0.052534
Iter 160 of 180 Loss: 0.400164, L1(Flow): 0.351315, Reg: 0.048849
Iter 170 of 180 Loss: 0.390212, L1(Flow): 0.341131, Reg: 0.049081
Iter 180 of 180 Loss: 0.373243, L1(Flow): 0.326189, Reg: 0.047054
Epoch 163 Loss: 0.399023
Epoch 163 Validation: Mean EPE: 1.0723, Mean SSIM: 0.8297, Mean ZNCC: 0.9684
--> Saved to Top 5 best models (EPE: 1.0723)
Epoch 164 starts
Iter 10 of 180 Loss: 0.398932, L1(Flow): 0.352116, Reg: 0.046816
Iter 20 of 180 Loss: 0.382219, L1(Flow): 0.334996, Reg: 0.047223
Iter 30 of 180 Loss: 0.378180, L1(Flow): 0.332033, Reg: 0.046147
Iter 40 of 180 Loss: 0.390196, L1(Flow): 0.340498, Reg: 0.049698
Iter 50 of 180 Loss: 0.369888, L1(Flow): 0.325474, Reg: 0.044414
Iter 60 of 180 Loss: 0.386572, L1(Flow): 0.339510, Reg: 0.047062
Iter 70 of 180 Loss: 0.402550, L1(Flow): 0.353752, Reg: 0.048798
Iter 80 of 180 Loss: 0.407032, L1(Flow): 0.354684, Reg: 0.052348
Iter 90 of 180 Loss: 0.389227, L1(Flow): 0.340710, Reg: 0.048517
Iter 100 of 180 Loss: 0.377927, L1(Flow): 0.330663, Reg: 0.047263
Iter 110 of 180 Loss: 0.400753, L1(Flow): 0.348602, Reg: 0.052151
Iter 120 of 180 Loss: 0.410248, L1(Flow): 0.359597, Reg: 0.050651
Iter 130 of 180 Loss: 0.380884, L1(Flow): 0.336511, Reg: 0.044373
Iter 140 of 180 Loss: 0.414637, L1(Flow): 0.368306, Reg: 0.046332
Iter 150 of 180 Loss: 0.415134, L1(Flow): 0.364531, Reg: 0.050602
Iter 160 of 180 Loss: 0.400980, L1(Flow): 0.353087, Reg: 0.047893
Iter 170 of 180 Loss: 0.418926, L1(Flow): 0.366605, Reg: 0.052321
Iter 180 of 180 Loss: 0.404115, L1(Flow): 0.352699, Reg: 0.051416
Epoch 164 Loss: 0.395685
Epoch 164 Validation: Mean EPE: 1.0706, Mean SSIM: 0.8305, Mean ZNCC: 0.9685
--> Saved to Top 5 best models (EPE: 1.0706)
--> New absolute BEST model updated with EPE: 1.0706
Epoch 165 starts
Iter 10 of 180 Loss: 0.389058, L1(Flow): 0.343387, Reg: 0.045671
Iter 20 of 180 Loss: 0.390126, L1(Flow): 0.343063, Reg: 0.047063
Iter 30 of 180 Loss: 0.406135, L1(Flow): 0.356447, Reg: 0.049688
Iter 40 of 180 Loss: 0.384738, L1(Flow): 0.339885, Reg: 0.044853
Iter 50 of 180 Loss: 0.392337, L1(Flow): 0.345395, Reg: 0.046942
Iter 60 of 180 Loss: 0.415826, L1(Flow): 0.362781, Reg: 0.053045
Iter 70 of 180 Loss: 0.393774, L1(Flow): 0.344040, Reg: 0.049734
Iter 80 of 180 Loss: 0.394097, L1(Flow): 0.343281, Reg: 0.050816
Iter 90 of 180 Loss: 0.382110, L1(Flow): 0.331864, Reg: 0.050247
Iter 100 of 180 Loss: 0.386933, L1(Flow): 0.340963, Reg: 0.045970
Iter 110 of 180 Loss: 0.420429, L1(Flow): 0.371901, Reg: 0.048528
Iter 120 of 180 Loss: 0.406375, L1(Flow): 0.359496, Reg: 0.046879
Iter 130 of 180 Loss: 0.409744, L1(Flow): 0.359869, Reg: 0.049875
Iter 140 of 180 Loss: 0.395097, L1(Flow): 0.348023, Reg: 0.047075
Iter 150 of 180 Loss: 0.366961, L1(Flow): 0.320518, Reg: 0.046443
Iter 160 of 180 Loss: 0.416438, L1(Flow): 0.363168, Reg: 0.053270
Iter 170 of 180 Loss: 0.408148, L1(Flow): 0.356889, Reg: 0.051259
Iter 180 of 180 Loss: 0.389129, L1(Flow): 0.343788, Reg: 0.045342
Epoch 165 Loss: 0.395634
Epoch 165 Validation: Mean EPE: 1.0655, Mean SSIM: 0.8321, Mean ZNCC: 0.9687
--> Saved to Top 5 best models (EPE: 1.0655)
--> New absolute BEST model updated with EPE: 1.0655
Epoch 166 starts
Iter 10 of 180 Loss: 0.387114, L1(Flow): 0.334297, Reg: 0.052817
Iter 20 of 180 Loss: 0.384989, L1(Flow): 0.340854, Reg: 0.044134
Iter 30 of 180 Loss: 0.421275, L1(Flow): 0.374339, Reg: 0.046936
Iter 40 of 180 Loss: 0.402214, L1(Flow): 0.353022, Reg: 0.049192
Iter 50 of 180 Loss: 0.411949, L1(Flow): 0.364529, Reg: 0.047420
Iter 60 of 180 Loss: 0.409084, L1(Flow): 0.362576, Reg: 0.046508
Iter 70 of 180 Loss: 0.403380, L1(Flow): 0.353994, Reg: 0.049386
Iter 80 of 180 Loss: 0.414110, L1(Flow): 0.365727, Reg: 0.048383
Iter 90 of 180 Loss: 0.411218, L1(Flow): 0.364139, Reg: 0.047080
Iter 100 of 180 Loss: 0.403103, L1(Flow): 0.353463, Reg: 0.049641
Iter 110 of 180 Loss: 0.404896, L1(Flow): 0.354424, Reg: 0.050472
Iter 120 of 180 Loss: 0.388904, L1(Flow): 0.342493, Reg: 0.046411
Iter 130 of 180 Loss: 0.389284, L1(Flow): 0.341634, Reg: 0.047650
Iter 140 of 180 Loss: 0.415220, L1(Flow): 0.364046, Reg: 0.051174
Iter 150 of 180 Loss: 0.391228, L1(Flow): 0.343558, Reg: 0.047670
Iter 160 of 180 Loss: 0.414468, L1(Flow): 0.361629, Reg: 0.052839
Iter 170 of 180 Loss: 0.364643, L1(Flow): 0.320820, Reg: 0.043823
Iter 180 of 180 Loss: 0.384253, L1(Flow): 0.336586, Reg: 0.047667
Epoch 166 Loss: 0.396737
Epoch 166 Validation: Mean EPE: 1.0672, Mean SSIM: 0.8314, Mean ZNCC: 0.9686
--> Saved to Top 5 best models (EPE: 1.0672)
Epoch 167 starts
Iter 10 of 180 Loss: 0.396816, L1(Flow): 0.349030, Reg: 0.047785
Iter 20 of 180 Loss: 0.414076, L1(Flow): 0.362438, Reg: 0.051639
Iter 30 of 180 Loss: 0.412516, L1(Flow): 0.363161, Reg: 0.049355
Iter 40 of 180 Loss: 0.379436, L1(Flow): 0.332421, Reg: 0.047015
Iter 50 of 180 Loss: 0.412312, L1(Flow): 0.360353, Reg: 0.051960
Iter 60 of 180 Loss: 0.367130, L1(Flow): 0.325470, Reg: 0.041660
Iter 70 of 180 Loss: 0.388636, L1(Flow): 0.342976, Reg: 0.045660
Iter 80 of 180 Loss: 0.395673, L1(Flow): 0.347178, Reg: 0.048495
Iter 90 of 180 Loss: 0.392192, L1(Flow): 0.348280, Reg: 0.043912
Iter 100 of 180 Loss: 0.426829, L1(Flow): 0.378885, Reg: 0.047944
Iter 110 of 180 Loss: 0.428039, L1(Flow): 0.376940, Reg: 0.051099
Iter 120 of 180 Loss: 0.408301, L1(Flow): 0.357234, Reg: 0.051067
Iter 130 of 180 Loss: 0.404816, L1(Flow): 0.354652, Reg: 0.050164
Iter 140 of 180 Loss: 0.390074, L1(Flow): 0.342958, Reg: 0.047115
Iter 150 of 180 Loss: 0.378963, L1(Flow): 0.332472, Reg: 0.046491
Iter 160 of 180 Loss: 0.381337, L1(Flow): 0.334510, Reg: 0.046826
Iter 170 of 180 Loss: 0.385243, L1(Flow): 0.337014, Reg: 0.048229
Iter 180 of 180 Loss: 0.363868, L1(Flow): 0.317593, Reg: 0.046275
Epoch 167 Loss: 0.396071
Epoch 167 Validation: Mean EPE: 1.0789, Mean SSIM: 0.8298, Mean ZNCC: 0.9683
Epoch 168 starts
Iter 10 of 180 Loss: 0.404565, L1(Flow): 0.356592, Reg: 0.047973
Iter 20 of 180 Loss: 0.399788, L1(Flow): 0.349869, Reg: 0.049919
Iter 30 of 180 Loss: 0.384259, L1(Flow): 0.334780, Reg: 0.049479
Iter 40 of 180 Loss: 0.388964, L1(Flow): 0.337736, Reg: 0.051228
Iter 50 of 180 Loss: 0.389814, L1(Flow): 0.339758, Reg: 0.050056
Iter 60 of 180 Loss: 0.368655, L1(Flow): 0.324938, Reg: 0.043717
Iter 70 of 180 Loss: 0.393988, L1(Flow): 0.343941, Reg: 0.050047
Iter 80 of 180 Loss: 0.380331, L1(Flow): 0.332948, Reg: 0.047383
Iter 90 of 180 Loss: 0.385714, L1(Flow): 0.338635, Reg: 0.047079
Iter 100 of 180 Loss: 0.406792, L1(Flow): 0.356163, Reg: 0.050629
Iter 110 of 180 Loss: 0.373667, L1(Flow): 0.324249, Reg: 0.049417
Iter 120 of 180 Loss: 0.408384, L1(Flow): 0.359931, Reg: 0.048453
Iter 130 of 180 Loss: 0.413148, L1(Flow): 0.362885, Reg: 0.050263
Iter 140 of 180 Loss: 0.400450, L1(Flow): 0.349579, Reg: 0.050870
Iter 150 of 180 Loss: 0.389795, L1(Flow): 0.341138, Reg: 0.048657
Iter 160 of 180 Loss: 0.389190, L1(Flow): 0.342342, Reg: 0.046849
Iter 170 of 180 Loss: 0.369688, L1(Flow): 0.322345, Reg: 0.047344
Iter 180 of 180 Loss: 0.386844, L1(Flow): 0.338581, Reg: 0.048263
Epoch 168 Loss: 0.388179
Epoch 168 Validation: Mean EPE: 1.0723, Mean SSIM: 0.8307, Mean ZNCC: 0.9685
Epoch 169 starts
Iter 10 of 180 Loss: 0.389735, L1(Flow): 0.341632, Reg: 0.048103
Iter 20 of 180 Loss: 0.376444, L1(Flow): 0.331795, Reg: 0.044649
Iter 30 of 180 Loss: 0.361239, L1(Flow): 0.318697, Reg: 0.042542
Iter 40 of 180 Loss: 0.406918, L1(Flow): 0.358409, Reg: 0.048509
Iter 50 of 180 Loss: 0.402660, L1(Flow): 0.353656, Reg: 0.049004
Iter 60 of 180 Loss: 0.377077, L1(Flow): 0.329683, Reg: 0.047394
Iter 70 of 180 Loss: 0.398234, L1(Flow): 0.347379, Reg: 0.050855
Iter 80 of 180 Loss: 0.354252, L1(Flow): 0.310208, Reg: 0.044044
Iter 90 of 180 Loss: 0.372996, L1(Flow): 0.324733, Reg: 0.048263
Iter 100 of 180 Loss: 0.382924, L1(Flow): 0.336365, Reg: 0.046559
Iter 110 of 180 Loss: 0.371469, L1(Flow): 0.324324, Reg: 0.047144
Iter 120 of 180 Loss: 0.378759, L1(Flow): 0.334844, Reg: 0.043915
Iter 130 of 180 Loss: 0.406067, L1(Flow): 0.354465, Reg: 0.051602
Iter 140 of 180 Loss: 0.389002, L1(Flow): 0.337485, Reg: 0.051517
Iter 150 of 180 Loss: 0.354850, L1(Flow): 0.312090, Reg: 0.042761
Iter 160 of 180 Loss: 0.366634, L1(Flow): 0.321145, Reg: 0.045489
Iter 170 of 180 Loss: 0.380634, L1(Flow): 0.332802, Reg: 0.047831
Iter 180 of 180 Loss: 0.374610, L1(Flow): 0.327351, Reg: 0.047259
Epoch 169 Loss: 0.386525
Epoch 169 Validation: Mean EPE: 1.0720, Mean SSIM: 0.8316, Mean ZNCC: 0.9686
--> Saved to Top 5 best models (EPE: 1.0720)
Epoch 170 starts
Iter 10 of 180 Loss: 0.363419, L1(Flow): 0.318316, Reg: 0.045103
Iter 20 of 180 Loss: 0.369125, L1(Flow): 0.322103, Reg: 0.047022
Iter 30 of 180 Loss: 0.356166, L1(Flow): 0.313382, Reg: 0.042785
Iter 40 of 180 Loss: 0.395486, L1(Flow): 0.343884, Reg: 0.051603
Iter 50 of 180 Loss: 0.390129, L1(Flow): 0.340824, Reg: 0.049305
Iter 60 of 180 Loss: 0.387721, L1(Flow): 0.338300, Reg: 0.049421
Iter 70 of 180 Loss: 0.360899, L1(Flow): 0.312584, Reg: 0.048316
Iter 80 of 180 Loss: 0.379510, L1(Flow): 0.332647, Reg: 0.046863
Iter 90 of 180 Loss: 0.347966, L1(Flow): 0.303594, Reg: 0.044372
Iter 100 of 180 Loss: 0.361048, L1(Flow): 0.316220, Reg: 0.044828
Iter 110 of 180 Loss: 0.394429, L1(Flow): 0.343321, Reg: 0.051108
Iter 120 of 180 Loss: 0.394569, L1(Flow): 0.344519, Reg: 0.050051
Iter 130 of 180 Loss: 0.388616, L1(Flow): 0.340450, Reg: 0.048165
Iter 140 of 180 Loss: 0.377343, L1(Flow): 0.329999, Reg: 0.047343
Iter 150 of 180 Loss: 0.400708, L1(Flow): 0.349253, Reg: 0.051455
Iter 160 of 180 Loss: 0.396425, L1(Flow): 0.344927, Reg: 0.051498
Iter 170 of 180 Loss: 0.387531, L1(Flow): 0.338802, Reg: 0.048729
Iter 180 of 180 Loss: 0.439938, L1(Flow): 0.386770, Reg: 0.053169
Epoch 170 Loss: 0.386933
Epoch 170 Validation: Mean EPE: 1.0739, Mean SSIM: 0.8293, Mean ZNCC: 0.9681
Epoch 171 starts
Iter 10 of 180 Loss: 0.372005, L1(Flow): 0.325057, Reg: 0.046948
Iter 20 of 180 Loss: 0.414533, L1(Flow): 0.368997, Reg: 0.045536
Iter 30 of 180 Loss: 0.387254, L1(Flow): 0.343602, Reg: 0.043653
Iter 40 of 180 Loss: 0.396964, L1(Flow): 0.351734, Reg: 0.045230
Iter 50 of 180 Loss: 0.384014, L1(Flow): 0.336877, Reg: 0.047137
Iter 60 of 180 Loss: 0.429308, L1(Flow): 0.378216, Reg: 0.051092
Iter 70 of 180 Loss: 0.369571, L1(Flow): 0.323491, Reg: 0.046080
Iter 80 of 180 Loss: 0.371332, L1(Flow): 0.323325, Reg: 0.048007
Iter 90 of 180 Loss: 0.377627, L1(Flow): 0.331332, Reg: 0.046294
Iter 100 of 180 Loss: 0.405702, L1(Flow): 0.354670, Reg: 0.051032
Iter 110 of 180 Loss: 0.384553, L1(Flow): 0.335013, Reg: 0.049539
Iter 120 of 180 Loss: 0.415774, L1(Flow): 0.367671, Reg: 0.048103
Iter 130 of 180 Loss: 0.375190, L1(Flow): 0.325980, Reg: 0.049210
Iter 140 of 180 Loss: 0.367700, L1(Flow): 0.321381, Reg: 0.046319
Iter 150 of 180 Loss: 0.390478, L1(Flow): 0.343098, Reg: 0.047380
Iter 160 of 180 Loss: 0.386342, L1(Flow): 0.337672, Reg: 0.048671
Iter 170 of 180 Loss: 0.396958, L1(Flow): 0.347278, Reg: 0.049680
Iter 180 of 180 Loss: 0.399930, L1(Flow): 0.349207, Reg: 0.050724
Epoch 171 Loss: 0.390576
Epoch 171 Validation: Mean EPE: 1.0639, Mean SSIM: 0.8318, Mean ZNCC: 0.9687
--> Saved to Top 5 best models (EPE: 1.0639)
--> New absolute BEST model updated with EPE: 1.0639
Epoch 172 starts
Iter 10 of 180 Loss: 0.380804, L1(Flow): 0.333475, Reg: 0.047329
Iter 20 of 180 Loss: 0.375127, L1(Flow): 0.325152, Reg: 0.049975
Iter 30 of 180 Loss: 0.410968, L1(Flow): 0.364524, Reg: 0.046444
Iter 40 of 180 Loss: 0.394196, L1(Flow): 0.350926, Reg: 0.043270
Iter 50 of 180 Loss: 0.389252, L1(Flow): 0.342481, Reg: 0.046771
Iter 60 of 180 Loss: 0.396118, L1(Flow): 0.348407, Reg: 0.047710
Iter 70 of 180 Loss: 0.419778, L1(Flow): 0.369974, Reg: 0.049803
Iter 80 of 180 Loss: 0.400614, L1(Flow): 0.354176, Reg: 0.046438
Iter 90 of 180 Loss: 0.416311, L1(Flow): 0.366658, Reg: 0.049653
Iter 100 of 180 Loss: 0.387732, L1(Flow): 0.343991, Reg: 0.043741
Iter 110 of 180 Loss: 0.393297, L1(Flow): 0.344197, Reg: 0.049101
Iter 120 of 180 Loss: 0.386550, L1(Flow): 0.339258, Reg: 0.047292
Iter 130 of 180 Loss: 0.361656, L1(Flow): 0.317224, Reg: 0.044432
Iter 140 of 180 Loss: 0.388624, L1(Flow): 0.342107, Reg: 0.046517
Iter 150 of 180 Loss: 0.386105, L1(Flow): 0.338838, Reg: 0.047267
Iter 160 of 180 Loss: 0.419753, L1(Flow): 0.371151, Reg: 0.048602
Iter 170 of 180 Loss: 0.391079, L1(Flow): 0.340151, Reg: 0.050928
Iter 180 of 180 Loss: 0.424876, L1(Flow): 0.376854, Reg: 0.048022
Epoch 172 Loss: 0.394808
Epoch 172 Validation: Mean EPE: 1.0694, Mean SSIM: 0.8309, Mean ZNCC: 0.9683
--> Saved to Top 5 best models (EPE: 1.0694)
Epoch 173 starts
Iter 10 of 180 Loss: 0.406038, L1(Flow): 0.357229, Reg: 0.048809
Iter 20 of 180 Loss: 0.371613, L1(Flow): 0.327971, Reg: 0.043643
Iter 30 of 180 Loss: 0.380893, L1(Flow): 0.333417, Reg: 0.047477
Iter 40 of 180 Loss: 0.385196, L1(Flow): 0.336216, Reg: 0.048980
Iter 50 of 180 Loss: 0.389790, L1(Flow): 0.343946, Reg: 0.045844
Iter 60 of 180 Loss: 0.394905, L1(Flow): 0.344981, Reg: 0.049925
Iter 70 of 180 Loss: 0.382508, L1(Flow): 0.334503, Reg: 0.048005
Iter 80 of 180 Loss: 0.378372, L1(Flow): 0.330055, Reg: 0.048317
Iter 90 of 180 Loss: 0.384163, L1(Flow): 0.333946, Reg: 0.050216
Iter 100 of 180 Loss: 0.386873, L1(Flow): 0.336915, Reg: 0.049959
Iter 110 of 180 Loss: 0.378697, L1(Flow): 0.331154, Reg: 0.047542
Iter 120 of 180 Loss: 0.390004, L1(Flow): 0.339200, Reg: 0.050805
Iter 130 of 180 Loss: 0.407216, L1(Flow): 0.356779, Reg: 0.050437
Iter 140 of 180 Loss: 0.381390, L1(Flow): 0.333358, Reg: 0.048032
Iter 150 of 180 Loss: 0.392073, L1(Flow): 0.342652, Reg: 0.049421
Iter 160 of 180 Loss: 0.416027, L1(Flow): 0.365162, Reg: 0.050865
Iter 170 of 180 Loss: 0.364430, L1(Flow): 0.319536, Reg: 0.044894
Iter 180 of 180 Loss: 0.415185, L1(Flow): 0.368111, Reg: 0.047074
Epoch 173 Loss: 0.385515
Epoch 173 Validation: Mean EPE: 1.0664, Mean SSIM: 0.8313, Mean ZNCC: 0.9687
--> Saved to Top 5 best models (EPE: 1.0664)
Epoch 174 starts
Iter 10 of 180 Loss: 0.388422, L1(Flow): 0.338717, Reg: 0.049705
Iter 20 of 180 Loss: 0.405228, L1(Flow): 0.355878, Reg: 0.049350
Iter 30 of 180 Loss: 0.421395, L1(Flow): 0.370185, Reg: 0.051211
Iter 40 of 180 Loss: 0.389415, L1(Flow): 0.344921, Reg: 0.044494
Iter 50 of 180 Loss: 0.370746, L1(Flow): 0.326790, Reg: 0.043956
Iter 60 of 180 Loss: 0.371409, L1(Flow): 0.325015, Reg: 0.046393
Iter 70 of 180 Loss: 0.373238, L1(Flow): 0.330471, Reg: 0.042767
Iter 80 of 180 Loss: 0.388546, L1(Flow): 0.335820, Reg: 0.052726
Iter 90 of 180 Loss: 0.406010, L1(Flow): 0.355195, Reg: 0.050815
Iter 100 of 180 Loss: 0.401456, L1(Flow): 0.351116, Reg: 0.050340
Iter 110 of 180 Loss: 0.368789, L1(Flow): 0.323123, Reg: 0.045667
Iter 120 of 180 Loss: 0.395048, L1(Flow): 0.347556, Reg: 0.047492
Iter 130 of 180 Loss: 0.374807, L1(Flow): 0.327679, Reg: 0.047128
Iter 140 of 180 Loss: 0.397768, L1(Flow): 0.349414, Reg: 0.048354
Iter 150 of 180 Loss: 0.393308, L1(Flow): 0.342134, Reg: 0.051174
Iter 160 of 180 Loss: 0.376778, L1(Flow): 0.328680, Reg: 0.048099
Iter 170 of 180 Loss: 0.396407, L1(Flow): 0.344706, Reg: 0.051701
Iter 180 of 180 Loss: 0.369295, L1(Flow): 0.328018, Reg: 0.041278
Epoch 174 Loss: 0.386865
Epoch 174 Validation: Mean EPE: 1.1016, Mean SSIM: 0.8224, Mean ZNCC: 0.9665
Epoch 175 starts
Iter 10 of 180 Loss: 0.383180, L1(Flow): 0.337885, Reg: 0.045295
Iter 20 of 180 Loss: 0.365559, L1(Flow): 0.321676, Reg: 0.043883
Iter 30 of 180 Loss: 0.426542, L1(Flow): 0.376605, Reg: 0.049937
Iter 40 of 180 Loss: 0.407669, L1(Flow): 0.360088, Reg: 0.047581
Iter 50 of 180 Loss: 0.375739, L1(Flow): 0.333667, Reg: 0.042072
Iter 60 of 180 Loss: 0.349723, L1(Flow): 0.306091, Reg: 0.043632
Iter 70 of 180 Loss: 0.422930, L1(Flow): 0.375899, Reg: 0.047031
Iter 80 of 180 Loss: 0.375439, L1(Flow): 0.329401, Reg: 0.046038
Iter 90 of 180 Loss: 0.380082, L1(Flow): 0.330544, Reg: 0.049538
Iter 100 of 180 Loss: 0.362782, L1(Flow): 0.317727, Reg: 0.045055
Iter 110 of 180 Loss: 0.409428, L1(Flow): 0.364814, Reg: 0.044614
Iter 120 of 180 Loss: 0.401299, L1(Flow): 0.351857, Reg: 0.049442
Iter 130 of 180 Loss: 0.409849, L1(Flow): 0.359536, Reg: 0.050312
Iter 140 of 180 Loss: 0.405245, L1(Flow): 0.356512, Reg: 0.048734
Iter 150 of 180 Loss: 0.401741, L1(Flow): 0.357939, Reg: 0.043801
Iter 160 of 180 Loss: 0.380385, L1(Flow): 0.336603, Reg: 0.043782
Iter 170 of 180 Loss: 0.384234, L1(Flow): 0.337624, Reg: 0.046610
Iter 180 of 180 Loss: 0.445320, L1(Flow): 0.392415, Reg: 0.052905
Epoch 175 Loss: 0.394170
Epoch 175 Validation: Mean EPE: 1.0813, Mean SSIM: 0.8289, Mean ZNCC: 0.9681
Epoch 176 starts
Iter 10 of 180 Loss: 0.413125, L1(Flow): 0.360893, Reg: 0.052232
Iter 20 of 180 Loss: 0.372726, L1(Flow): 0.326021, Reg: 0.046705
Iter 30 of 180 Loss: 0.380983, L1(Flow): 0.334250, Reg: 0.046733
Iter 40 of 180 Loss: 0.361372, L1(Flow): 0.318285, Reg: 0.043087
Iter 50 of 180 Loss: 0.364423, L1(Flow): 0.319210, Reg: 0.045213
Iter 60 of 180 Loss: 0.359397, L1(Flow): 0.313135, Reg: 0.046262
Iter 70 of 180 Loss: 0.393306, L1(Flow): 0.342464, Reg: 0.050842
Iter 80 of 180 Loss: 0.381846, L1(Flow): 0.333676, Reg: 0.048170
Iter 90 of 180 Loss: 0.380772, L1(Flow): 0.331604, Reg: 0.049167
Iter 100 of 180 Loss: 0.398576, L1(Flow): 0.349521, Reg: 0.049055
Iter 110 of 180 Loss: 0.389651, L1(Flow): 0.341379, Reg: 0.048272
Iter 120 of 180 Loss: 0.388131, L1(Flow): 0.338423, Reg: 0.049708
Iter 130 of 180 Loss: 0.384418, L1(Flow): 0.338187, Reg: 0.046231
Iter 140 of 180 Loss: 0.391089, L1(Flow): 0.344085, Reg: 0.047004
Iter 150 of 180 Loss: 0.408974, L1(Flow): 0.359925, Reg: 0.049048
Iter 160 of 180 Loss: 0.397105, L1(Flow): 0.350476, Reg: 0.046629
Iter 170 of 180 Loss: 0.390613, L1(Flow): 0.340329, Reg: 0.050284
Iter 180 of 180 Loss: 0.376071, L1(Flow): 0.329819, Reg: 0.046253
Epoch 176 Loss: 0.383372
Epoch 176 Validation: Mean EPE: 1.0632, Mean SSIM: 0.8320, Mean ZNCC: 0.9687
--> Saved to Top 5 best models (EPE: 1.0632)
--> New absolute BEST model updated with EPE: 1.0632
Epoch 177 starts
Iter 10 of 180 Loss: 0.408377, L1(Flow): 0.359285, Reg: 0.049092
Iter 20 of 180 Loss: 0.361036, L1(Flow): 0.317411, Reg: 0.043625
Iter 30 of 180 Loss: 0.372538, L1(Flow): 0.325581, Reg: 0.046957
Iter 40 of 180 Loss: 0.375309, L1(Flow): 0.325215, Reg: 0.050094
Iter 50 of 180 Loss: 0.366639, L1(Flow): 0.318274, Reg: 0.048365
Iter 60 of 180 Loss: 0.374017, L1(Flow): 0.329955, Reg: 0.044063
Iter 70 of 180 Loss: 0.350689, L1(Flow): 0.306567, Reg: 0.044122
Iter 80 of 180 Loss: 0.397820, L1(Flow): 0.345530, Reg: 0.052290
Iter 90 of 180 Loss: 0.406796, L1(Flow): 0.353867, Reg: 0.052929
Iter 100 of 180 Loss: 0.405052, L1(Flow): 0.356385, Reg: 0.048668
Iter 110 of 180 Loss: 0.381730, L1(Flow): 0.334845, Reg: 0.046884
Iter 120 of 180 Loss: 0.384364, L1(Flow): 0.339035, Reg: 0.045329
Iter 130 of 180 Loss: 0.376418, L1(Flow): 0.331836, Reg: 0.044582
Iter 140 of 180 Loss: 0.389750, L1(Flow): 0.339820, Reg: 0.049930
Iter 150 of 180 Loss: 0.374054, L1(Flow): 0.327792, Reg: 0.046262
Iter 160 of 180 Loss: 0.392417, L1(Flow): 0.341923, Reg: 0.050494
Iter 170 of 180 Loss: 0.386433, L1(Flow): 0.339726, Reg: 0.046707
Iter 180 of 180 Loss: 0.365472, L1(Flow): 0.321695, Reg: 0.043777
Epoch 177 Loss: 0.381985
Epoch 177 Validation: Mean EPE: 1.0688, Mean SSIM: 0.8307, Mean ZNCC: 0.9685
Epoch 178 starts
Iter 10 of 180 Loss: 0.389104, L1(Flow): 0.343997, Reg: 0.045107
Iter 20 of 180 Loss: 0.373524, L1(Flow): 0.325657, Reg: 0.047867
Iter 30 of 180 Loss: 0.396357, L1(Flow): 0.346752, Reg: 0.049605
Iter 40 of 180 Loss: 0.374517, L1(Flow): 0.329076, Reg: 0.045440
Iter 50 of 180 Loss: 0.367174, L1(Flow): 0.321355, Reg: 0.045819
Iter 60 of 180 Loss: 0.368975, L1(Flow): 0.325420, Reg: 0.043555
Iter 70 of 180 Loss: 0.378784, L1(Flow): 0.334180, Reg: 0.044603
Iter 80 of 180 Loss: 0.379340, L1(Flow): 0.330188, Reg: 0.049152
Iter 90 of 180 Loss: 0.462634, L1(Flow): 0.412847, Reg: 0.049787
Iter 100 of 180 Loss: 0.412428, L1(Flow): 0.366839, Reg: 0.045590
Iter 110 of 180 Loss: 0.420589, L1(Flow): 0.369853, Reg: 0.050736
Iter 120 of 180 Loss: 0.418685, L1(Flow): 0.371082, Reg: 0.047603
Iter 130 of 180 Loss: 0.374918, L1(Flow): 0.327936, Reg: 0.046982
Iter 140 of 180 Loss: 0.380947, L1(Flow): 0.333029, Reg: 0.047919
Iter 150 of 180 Loss: 0.367174, L1(Flow): 0.325347, Reg: 0.041827
Iter 160 of 180 Loss: 0.388970, L1(Flow): 0.343186, Reg: 0.045784
Iter 170 of 180 Loss: 0.378596, L1(Flow): 0.328586, Reg: 0.050010
Iter 180 of 180 Loss: 0.393517, L1(Flow): 0.342532, Reg: 0.050985
Epoch 178 Loss: 0.386934
Epoch 178 Validation: Mean EPE: 1.0748, Mean SSIM: 0.8303, Mean ZNCC: 0.9684
Epoch 179 starts
Iter 10 of 180 Loss: 0.366550, L1(Flow): 0.318283, Reg: 0.048267
Iter 20 of 180 Loss: 0.384035, L1(Flow): 0.338741, Reg: 0.045293
Iter 30 of 180 Loss: 0.376677, L1(Flow): 0.326921, Reg: 0.049756
Iter 40 of 180 Loss: 0.380833, L1(Flow): 0.335553, Reg: 0.045280
Iter 50 of 180 Loss: 0.398354, L1(Flow): 0.349633, Reg: 0.048720
Iter 60 of 180 Loss: 0.371775, L1(Flow): 0.324962, Reg: 0.046813
Iter 70 of 180 Loss: 0.385296, L1(Flow): 0.338984, Reg: 0.046312
Iter 80 of 180 Loss: 0.364323, L1(Flow): 0.318839, Reg: 0.045484
Iter 90 of 180 Loss: 0.350344, L1(Flow): 0.307366, Reg: 0.042978
Iter 100 of 180 Loss: 0.390701, L1(Flow): 0.339802, Reg: 0.050898
Iter 110 of 180 Loss: 0.368942, L1(Flow): 0.322918, Reg: 0.046024
Iter 120 of 180 Loss: 0.384911, L1(Flow): 0.339393, Reg: 0.045518
Iter 130 of 180 Loss: 0.354792, L1(Flow): 0.312362, Reg: 0.042430
Iter 140 of 180 Loss: 0.404946, L1(Flow): 0.357263, Reg: 0.047683
Iter 150 of 180 Loss: 0.393926, L1(Flow): 0.347354, Reg: 0.046573
Iter 160 of 180 Loss: 0.353459, L1(Flow): 0.311108, Reg: 0.042351
Iter 170 of 180 Loss: 0.379785, L1(Flow): 0.335166, Reg: 0.044618
Iter 180 of 180 Loss: 0.395117, L1(Flow): 0.341276, Reg: 0.053840
Epoch 179 Loss: 0.385099
Epoch 179 Validation: Mean EPE: 1.0638, Mean SSIM: 0.8314, Mean ZNCC: 0.9685
--> Saved to Top 5 best models (EPE: 1.0638)
Epoch 180 starts
Iter 10 of 180 Loss: 0.376827, L1(Flow): 0.329147, Reg: 0.047680
Iter 20 of 180 Loss: 0.375307, L1(Flow): 0.329791, Reg: 0.045516
Iter 30 of 180 Loss: 0.376233, L1(Flow): 0.329581, Reg: 0.046652
Iter 40 of 180 Loss: 0.389983, L1(Flow): 0.344811, Reg: 0.045172
Iter 50 of 180 Loss: 0.393699, L1(Flow): 0.344620, Reg: 0.049078
Iter 60 of 180 Loss: 0.384073, L1(Flow): 0.337692, Reg: 0.046381
Iter 70 of 180 Loss: 0.363305, L1(Flow): 0.319781, Reg: 0.043524
Iter 80 of 180 Loss: 0.382378, L1(Flow): 0.338257, Reg: 0.044121
Iter 90 of 180 Loss: 0.380658, L1(Flow): 0.331394, Reg: 0.049264
Iter 100 of 180 Loss: 0.365532, L1(Flow): 0.321776, Reg: 0.043756
Iter 110 of 180 Loss: 0.386281, L1(Flow): 0.336907, Reg: 0.049374
Iter 120 of 180 Loss: 0.380851, L1(Flow): 0.333925, Reg: 0.046926
Iter 130 of 180 Loss: 0.390999, L1(Flow): 0.340460, Reg: 0.050540
Iter 140 of 180 Loss: 0.388598, L1(Flow): 0.337340, Reg: 0.051257
Iter 150 of 180 Loss: 0.400809, L1(Flow): 0.348781, Reg: 0.052028
Iter 160 of 180 Loss: 0.367071, L1(Flow): 0.323470, Reg: 0.043601
Iter 170 of 180 Loss: 0.364984, L1(Flow): 0.322658, Reg: 0.042326
Iter 180 of 180 Loss: 0.397994, L1(Flow): 0.351388, Reg: 0.046607
Epoch 180 Loss: 0.381531
Epoch 180 Validation: Mean EPE: 1.0637, Mean SSIM: 0.8323, Mean ZNCC: 0.9688
--> Saved to Top 5 best models (EPE: 1.0637)
Epoch 181 starts
Iter 10 of 180 Loss: 0.364180, L1(Flow): 0.319876, Reg: 0.044304
Iter 20 of 180 Loss: 0.394826, L1(Flow): 0.342943, Reg: 0.051883
Iter 30 of 180 Loss: 0.357187, L1(Flow): 0.311918, Reg: 0.045269
Iter 40 of 180 Loss: 0.371621, L1(Flow): 0.326743, Reg: 0.044879
Iter 50 of 180 Loss: 0.359763, L1(Flow): 0.313684, Reg: 0.046079
Iter 60 of 180 Loss: 0.367484, L1(Flow): 0.325635, Reg: 0.041849
Iter 70 of 180 Loss: 0.357245, L1(Flow): 0.311904, Reg: 0.045341
Iter 80 of 180 Loss: 0.389147, L1(Flow): 0.339694, Reg: 0.049452
Iter 90 of 180 Loss: 0.383180, L1(Flow): 0.332837, Reg: 0.050342
Iter 100 of 180 Loss: 0.388001, L1(Flow): 0.337536, Reg: 0.050465
Iter 110 of 180 Loss: 0.373682, L1(Flow): 0.325721, Reg: 0.047962
Iter 120 of 180 Loss: 0.391020, L1(Flow): 0.340431, Reg: 0.050589
Iter 130 of 180 Loss: 0.377143, L1(Flow): 0.332548, Reg: 0.044596
Iter 140 of 180 Loss: 0.379512, L1(Flow): 0.328555, Reg: 0.050957
Iter 150 of 180 Loss: 0.385769, L1(Flow): 0.338817, Reg: 0.046953
Iter 160 of 180 Loss: 0.389435, L1(Flow): 0.341385, Reg: 0.048050
Iter 170 of 180 Loss: 0.368074, L1(Flow): 0.326374, Reg: 0.041700
Iter 180 of 180 Loss: 0.372803, L1(Flow): 0.325301, Reg: 0.047501
Epoch 181 Loss: 0.375401
Epoch 181 Validation: Mean EPE: 1.0660, Mean SSIM: 0.8312, Mean ZNCC: 0.9685
Epoch 182 starts
Iter 10 of 180 Loss: 0.385888, L1(Flow): 0.339492, Reg: 0.046396
Iter 20 of 180 Loss: 0.353030, L1(Flow): 0.308378, Reg: 0.044652
Iter 30 of 180 Loss: 0.379026, L1(Flow): 0.330467, Reg: 0.048559
Iter 40 of 180 Loss: 0.385433, L1(Flow): 0.335900, Reg: 0.049532
Iter 50 of 180 Loss: 0.371112, L1(Flow): 0.325086, Reg: 0.046026
Iter 60 of 180 Loss: 0.376185, L1(Flow): 0.327856, Reg: 0.048329
Iter 70 of 180 Loss: 0.402521, L1(Flow): 0.351658, Reg: 0.050862
Iter 80 of 180 Loss: 0.385899, L1(Flow): 0.341054, Reg: 0.044845
Iter 90 of 180 Loss: 0.387719, L1(Flow): 0.343435, Reg: 0.044284
Iter 100 of 180 Loss: 0.401597, L1(Flow): 0.351295, Reg: 0.050302
Iter 110 of 180 Loss: 0.417420, L1(Flow): 0.366200, Reg: 0.051219
Iter 120 of 180 Loss: 0.455853, L1(Flow): 0.401365, Reg: 0.054489
Iter 130 of 180 Loss: 0.395854, L1(Flow): 0.347387, Reg: 0.048466
Iter 140 of 180 Loss: 0.380686, L1(Flow): 0.337561, Reg: 0.043126
Iter 150 of 180 Loss: 0.374919, L1(Flow): 0.328394, Reg: 0.046525
Iter 160 of 180 Loss: 0.388287, L1(Flow): 0.339425, Reg: 0.048862
Iter 170 of 180 Loss: 0.365001, L1(Flow): 0.320874, Reg: 0.044127
Iter 180 of 180 Loss: 0.368595, L1(Flow): 0.326187, Reg: 0.042408
Epoch 182 Loss: 0.385940
Epoch 182 Validation: Mean EPE: 1.0637, Mean SSIM: 0.8321, Mean ZNCC: 0.9688
--> Saved to Top 5 best models (EPE: 1.0637)
Epoch 183 starts
Iter 10 of 180 Loss: 0.357735, L1(Flow): 0.313553, Reg: 0.044182
Iter 20 of 180 Loss: 0.364300, L1(Flow): 0.321121, Reg: 0.043180
Iter 30 of 180 Loss: 0.342988, L1(Flow): 0.301026, Reg: 0.041962
Iter 40 of 180 Loss: 0.359005, L1(Flow): 0.314615, Reg: 0.044390
Iter 50 of 180 Loss: 0.394687, L1(Flow): 0.344156, Reg: 0.050531
Iter 60 of 180 Loss: 0.370486, L1(Flow): 0.324635, Reg: 0.045851
Iter 70 of 180 Loss: 0.374163, L1(Flow): 0.333079, Reg: 0.041084
Iter 80 of 180 Loss: 0.357597, L1(Flow): 0.313800, Reg: 0.043797
Iter 90 of 180 Loss: 0.392218, L1(Flow): 0.344566, Reg: 0.047652
Iter 100 of 180 Loss: 0.381323, L1(Flow): 0.334118, Reg: 0.047205
Iter 110 of 180 Loss: 0.386168, L1(Flow): 0.338058, Reg: 0.048110
Iter 120 of 180 Loss: 0.389843, L1(Flow): 0.347754, Reg: 0.042090
Iter 130 of 180 Loss: 0.376379, L1(Flow): 0.331869, Reg: 0.044510
Iter 140 of 180 Loss: 0.376955, L1(Flow): 0.334212, Reg: 0.042743
Iter 150 of 180 Loss: 0.340870, L1(Flow): 0.298977, Reg: 0.041893
Iter 160 of 180 Loss: 0.369591, L1(Flow): 0.321854, Reg: 0.047737
Iter 170 of 180 Loss: 0.385535, L1(Flow): 0.338191, Reg: 0.047344
Iter 180 of 180 Loss: 0.359256, L1(Flow): 0.315428, Reg: 0.043827
Epoch 183 Loss: 0.378327
Epoch 183 Validation: Mean EPE: 1.0695, Mean SSIM: 0.8294, Mean ZNCC: 0.9683
Epoch 184 starts
Iter 10 of 180 Loss: 0.383872, L1(Flow): 0.337423, Reg: 0.046448
Iter 20 of 180 Loss: 0.383650, L1(Flow): 0.332077, Reg: 0.051573
Iter 30 of 180 Loss: 0.387769, L1(Flow): 0.340664, Reg: 0.047106
Iter 40 of 180 Loss: 0.407516, L1(Flow): 0.353789, Reg: 0.053726
Iter 50 of 180 Loss: 0.357870, L1(Flow): 0.315352, Reg: 0.042519
Iter 60 of 180 Loss: 0.379465, L1(Flow): 0.332620, Reg: 0.046845
Iter 70 of 180 Loss: 0.371985, L1(Flow): 0.326070, Reg: 0.045915
Iter 80 of 180 Loss: 0.385620, L1(Flow): 0.335794, Reg: 0.049826
Iter 90 of 180 Loss: 0.358020, L1(Flow): 0.311417, Reg: 0.046603
Iter 100 of 180 Loss: 0.365325, L1(Flow): 0.319299, Reg: 0.046026
Iter 110 of 180 Loss: 0.403675, L1(Flow): 0.355763, Reg: 0.047912
Iter 120 of 180 Loss: 0.377616, L1(Flow): 0.327993, Reg: 0.049623
Iter 130 of 180 Loss: 0.356920, L1(Flow): 0.312309, Reg: 0.044612
Iter 140 of 180 Loss: 0.355948, L1(Flow): 0.312917, Reg: 0.043032
Iter 150 of 180 Loss: 0.386985, L1(Flow): 0.337086, Reg: 0.049899
Iter 160 of 180 Loss: 0.351455, L1(Flow): 0.311038, Reg: 0.040417
Iter 170 of 180 Loss: 0.375091, L1(Flow): 0.328123, Reg: 0.046968
Iter 180 of 180 Loss: 0.385401, L1(Flow): 0.336312, Reg: 0.049089
Epoch 184 Loss: 0.376998
Epoch 184 Validation: Mean EPE: 1.0631, Mean SSIM: 0.8311, Mean ZNCC: 0.9685
--> Saved to Top 5 best models (EPE: 1.0631)
--> New absolute BEST model updated with EPE: 1.0631
Epoch 185 starts
Iter 10 of 180 Loss: 0.359256, L1(Flow): 0.318241, Reg: 0.041015
Iter 20 of 180 Loss: 0.358301, L1(Flow): 0.314510, Reg: 0.043791
Iter 30 of 180 Loss: 0.363465, L1(Flow): 0.318123, Reg: 0.045343
Iter 40 of 180 Loss: 0.398017, L1(Flow): 0.346966, Reg: 0.051051
Iter 50 of 180 Loss: 0.369190, L1(Flow): 0.324291, Reg: 0.044899
Iter 60 of 180 Loss: 0.396887, L1(Flow): 0.349909, Reg: 0.046978
Iter 70 of 180 Loss: 0.372992, L1(Flow): 0.327180, Reg: 0.045812
Iter 80 of 180 Loss: 0.361529, L1(Flow): 0.320049, Reg: 0.041479
Iter 90 of 180 Loss: 0.360489, L1(Flow): 0.320132, Reg: 0.040357
Iter 100 of 180 Loss: 0.411190, L1(Flow): 0.368514, Reg: 0.042676
Iter 110 of 180 Loss: 0.363312, L1(Flow): 0.317651, Reg: 0.045661
Iter 120 of 180 Loss: 0.375249, L1(Flow): 0.330443, Reg: 0.044807
Iter 130 of 180 Loss: 0.393851, L1(Flow): 0.342754, Reg: 0.051097
Iter 140 of 180 Loss: 0.367820, L1(Flow): 0.325387, Reg: 0.042433
Iter 150 of 180 Loss: 0.351045, L1(Flow): 0.304842, Reg: 0.046203
Iter 160 of 180 Loss: 0.385709, L1(Flow): 0.338096, Reg: 0.047613
Iter 170 of 180 Loss: 0.369179, L1(Flow): 0.322119, Reg: 0.047060
Iter 180 of 180 Loss: 0.407484, L1(Flow): 0.355423, Reg: 0.052061
Epoch 185 Loss: 0.377318
Epoch 185 Validation: Mean EPE: 1.0599, Mean SSIM: 0.8337, Mean ZNCC: 0.9693
--> Saved to Top 5 best models (EPE: 1.0599)
--> New absolute BEST model updated with EPE: 1.0599
Epoch 186 starts
Iter 10 of 180 Loss: 0.368890, L1(Flow): 0.322354, Reg: 0.046536
Iter 20 of 180 Loss: 0.390113, L1(Flow): 0.341563, Reg: 0.048550
Iter 30 of 180 Loss: 0.379838, L1(Flow): 0.335858, Reg: 0.043981
Iter 40 of 180 Loss: 0.372336, L1(Flow): 0.327955, Reg: 0.044381
Iter 50 of 180 Loss: 0.353013, L1(Flow): 0.307083, Reg: 0.045930
Iter 60 of 180 Loss: 0.367057, L1(Flow): 0.321198, Reg: 0.045859
Iter 70 of 180 Loss: 0.383091, L1(Flow): 0.334976, Reg: 0.048114
Iter 80 of 180 Loss: 0.389181, L1(Flow): 0.343042, Reg: 0.046140
Iter 90 of 180 Loss: 0.388658, L1(Flow): 0.340118, Reg: 0.048540
Iter 100 of 180 Loss: 0.366817, L1(Flow): 0.321171, Reg: 0.045646
Iter 110 of 180 Loss: 0.370777, L1(Flow): 0.323429, Reg: 0.047349
Iter 120 of 180 Loss: 0.394878, L1(Flow): 0.347033, Reg: 0.047845
Iter 130 of 180 Loss: 0.362846, L1(Flow): 0.318021, Reg: 0.044824
Iter 140 of 180 Loss: 0.373374, L1(Flow): 0.330493, Reg: 0.042881
Iter 150 of 180 Loss: 0.397759, L1(Flow): 0.349410, Reg: 0.048349
Iter 160 of 180 Loss: 0.389634, L1(Flow): 0.344144, Reg: 0.045489
Iter 170 of 180 Loss: 0.377371, L1(Flow): 0.332575, Reg: 0.044796
Iter 180 of 180 Loss: 0.372305, L1(Flow): 0.328831, Reg: 0.043474
Epoch 186 Loss: 0.375373
Epoch 186 Validation: Mean EPE: 1.0636, Mean SSIM: 0.8319, Mean ZNCC: 0.9688
--> Saved to Top 5 best models (EPE: 1.0636)
Epoch 187 starts
Iter 10 of 180 Loss: 0.386335, L1(Flow): 0.340621, Reg: 0.045714
Iter 20 of 180 Loss: 0.373653, L1(Flow): 0.327702, Reg: 0.045952
Iter 30 of 180 Loss: 0.370605, L1(Flow): 0.322435, Reg: 0.048170
Iter 40 of 180 Loss: 0.370157, L1(Flow): 0.323244, Reg: 0.046913
Iter 50 of 180 Loss: 0.365767, L1(Flow): 0.321805, Reg: 0.043962
Iter 60 of 180 Loss: 0.369695, L1(Flow): 0.326123, Reg: 0.043572
Iter 70 of 180 Loss: 0.355158, L1(Flow): 0.315566, Reg: 0.039592
Iter 80 of 180 Loss: 0.363860, L1(Flow): 0.316931, Reg: 0.046930
Iter 90 of 180 Loss: 0.368021, L1(Flow): 0.324520, Reg: 0.043502
Iter 100 of 180 Loss: 0.382286, L1(Flow): 0.333901, Reg: 0.048384
Iter 110 of 180 Loss: 0.418069, L1(Flow): 0.367713, Reg: 0.050356
Iter 120 of 180 Loss: 0.364192, L1(Flow): 0.317766, Reg: 0.046426
Iter 130 of 180 Loss: 0.370946, L1(Flow): 0.324113, Reg: 0.046833
Iter 140 of 180 Loss: 0.380178, L1(Flow): 0.334415, Reg: 0.045763
Iter 150 of 180 Loss: 0.361098, L1(Flow): 0.313543, Reg: 0.047556
Iter 160 of 180 Loss: 0.374063, L1(Flow): 0.327862, Reg: 0.046201
Iter 170 of 180 Loss: 0.363206, L1(Flow): 0.317674, Reg: 0.045532
Iter 180 of 180 Loss: 0.369093, L1(Flow): 0.324772, Reg: 0.044321
Epoch 187 Loss: 0.372492
Epoch 187 Validation: Mean EPE: 1.0578, Mean SSIM: 0.8324, Mean ZNCC: 0.9691
--> Saved to Top 5 best models (EPE: 1.0578)
--> New absolute BEST model updated with EPE: 1.0578
Epoch 188 starts
Iter 10 of 180 Loss: 0.382684, L1(Flow): 0.337262, Reg: 0.045422
Iter 20 of 180 Loss: 0.376174, L1(Flow): 0.328167, Reg: 0.048007
Iter 30 of 180 Loss: 0.375849, L1(Flow): 0.329498, Reg: 0.046351
Iter 40 of 180 Loss: 0.402190, L1(Flow): 0.352488, Reg: 0.049703
Iter 50 of 180 Loss: 0.361056, L1(Flow): 0.318151, Reg: 0.042905
Iter 60 of 180 Loss: 0.376363, L1(Flow): 0.328202, Reg: 0.048161
Iter 70 of 180 Loss: 0.371232, L1(Flow): 0.322596, Reg: 0.048636
Iter 80 of 180 Loss: 0.359094, L1(Flow): 0.313732, Reg: 0.045361
Iter 90 of 180 Loss: 0.364510, L1(Flow): 0.319519, Reg: 0.044991
Iter 100 of 180 Loss: 0.373588, L1(Flow): 0.326515, Reg: 0.047073
Iter 110 of 180 Loss: 0.341774, L1(Flow): 0.298195, Reg: 0.043578
Iter 120 of 180 Loss: 0.365117, L1(Flow): 0.318501, Reg: 0.046616
Iter 130 of 180 Loss: 0.378735, L1(Flow): 0.332625, Reg: 0.046110
Iter 140 of 180 Loss: 0.394900, L1(Flow): 0.343804, Reg: 0.051097
Iter 150 of 180 Loss: 0.367118, L1(Flow): 0.322492, Reg: 0.044626
Iter 160 of 180 Loss: 0.387528, L1(Flow): 0.342626, Reg: 0.044901
Iter 170 of 180 Loss: 0.345533, L1(Flow): 0.300030, Reg: 0.045502
Iter 180 of 180 Loss: 0.383571, L1(Flow): 0.340158, Reg: 0.043413
Epoch 188 Loss: 0.370863
Epoch 188 Validation: Mean EPE: 1.0552, Mean SSIM: 0.8337, Mean ZNCC: 0.9692
--> Saved to Top 5 best models (EPE: 1.0552)
--> New absolute BEST model updated with EPE: 1.0552
Epoch 189 starts
Iter 10 of 180 Loss: 0.377324, L1(Flow): 0.330894, Reg: 0.046430
Iter 20 of 180 Loss: 0.337081, L1(Flow): 0.295169, Reg: 0.041912
Iter 30 of 180 Loss: 0.370896, L1(Flow): 0.324586, Reg: 0.046310
Iter 40 of 180 Loss: 0.382794, L1(Flow): 0.337051, Reg: 0.045744
Iter 50 of 180 Loss: 0.347084, L1(Flow): 0.301372, Reg: 0.045712
Iter 60 of 180 Loss: 0.375870, L1(Flow): 0.330040, Reg: 0.045829
Iter 70 of 180 Loss: 0.364349, L1(Flow): 0.315736, Reg: 0.048614
Iter 80 of 180 Loss: 0.375306, L1(Flow): 0.326166, Reg: 0.049140
Iter 90 of 180 Loss: 0.369093, L1(Flow): 0.324700, Reg: 0.044393
Iter 100 of 180 Loss: 0.391343, L1(Flow): 0.341878, Reg: 0.049465
Iter 110 of 180 Loss: 0.369906, L1(Flow): 0.322980, Reg: 0.046927
Iter 120 of 180 Loss: 0.372745, L1(Flow): 0.325522, Reg: 0.047222
Iter 130 of 180 Loss: 0.365939, L1(Flow): 0.316272, Reg: 0.049668
Iter 140 of 180 Loss: 0.375333, L1(Flow): 0.326243, Reg: 0.049090
Iter 150 of 180 Loss: 0.363652, L1(Flow): 0.318188, Reg: 0.045464
Iter 160 of 180 Loss: 0.359595, L1(Flow): 0.316990, Reg: 0.042605
Iter 170 of 180 Loss: 0.364017, L1(Flow): 0.318405, Reg: 0.045613
Iter 180 of 180 Loss: 0.364442, L1(Flow): 0.319060, Reg: 0.045382
Epoch 189 Loss: 0.370316
Epoch 189 Validation: Mean EPE: 1.0652, Mean SSIM: 0.8320, Mean ZNCC: 0.9691
Epoch 190 starts
Iter 10 of 180 Loss: 0.385272, L1(Flow): 0.336425, Reg: 0.048846
Iter 20 of 180 Loss: 0.377083, L1(Flow): 0.328571, Reg: 0.048512
Iter 30 of 180 Loss: 0.368949, L1(Flow): 0.323679, Reg: 0.045271
Iter 40 of 180 Loss: 0.360451, L1(Flow): 0.312404, Reg: 0.048047
Iter 50 of 180 Loss: 0.364091, L1(Flow): 0.319412, Reg: 0.044680
Iter 60 of 180 Loss: 0.376858, L1(Flow): 0.329093, Reg: 0.047765
Iter 70 of 180 Loss: 0.386661, L1(Flow): 0.335629, Reg: 0.051032
Iter 80 of 180 Loss: 0.387751, L1(Flow): 0.341439, Reg: 0.046312
Iter 90 of 180 Loss: 0.329422, L1(Flow): 0.289289, Reg: 0.040133
Iter 100 of 180 Loss: 0.365890, L1(Flow): 0.321619, Reg: 0.044271
Iter 110 of 180 Loss: 0.363543, L1(Flow): 0.315476, Reg: 0.048067
Iter 120 of 180 Loss: 0.390776, L1(Flow): 0.342006, Reg: 0.048770
Iter 130 of 180 Loss: 0.392374, L1(Flow): 0.344680, Reg: 0.047694
Iter 140 of 180 Loss: 0.424724, L1(Flow): 0.379304, Reg: 0.045421
Iter 150 of 180 Loss: 0.433580, L1(Flow): 0.380622, Reg: 0.052958
Iter 160 of 180 Loss: 0.401519, L1(Flow): 0.352576, Reg: 0.048943
Iter 170 of 180 Loss: 0.400579, L1(Flow): 0.350502, Reg: 0.050077
Iter 180 of 180 Loss: 0.357703, L1(Flow): 0.313521, Reg: 0.044182
Epoch 190 Loss: 0.377680
Epoch 190 Validation: Mean EPE: 1.0604, Mean SSIM: 0.8336, Mean ZNCC: 0.9691
--> Saved to Top 5 best models (EPE: 1.0604)
Epoch 191 starts
Iter 10 of 180 Loss: 0.393053, L1(Flow): 0.345783, Reg: 0.047270
Iter 20 of 180 Loss: 0.418761, L1(Flow): 0.369752, Reg: 0.049009
Iter 30 of 180 Loss: 0.380974, L1(Flow): 0.334052, Reg: 0.046922
Iter 40 of 180 Loss: 0.371173, L1(Flow): 0.321938, Reg: 0.049235
Iter 50 of 180 Loss: 0.381687, L1(Flow): 0.333820, Reg: 0.047867
Iter 60 of 180 Loss: 0.365293, L1(Flow): 0.321930, Reg: 0.043363
Iter 70 of 180 Loss: 0.391943, L1(Flow): 0.347270, Reg: 0.044673
Iter 80 of 180 Loss: 0.375085, L1(Flow): 0.328428, Reg: 0.046657
Iter 90 of 180 Loss: 0.358559, L1(Flow): 0.314578, Reg: 0.043981
Iter 100 of 180 Loss: 0.375782, L1(Flow): 0.331534, Reg: 0.044248
Iter 110 of 180 Loss: 0.359158, L1(Flow): 0.309386, Reg: 0.049771
Iter 120 of 180 Loss: 0.389385, L1(Flow): 0.342370, Reg: 0.047015
Iter 130 of 180 Loss: 0.352137, L1(Flow): 0.307049, Reg: 0.045088
Iter 140 of 180 Loss: 0.377183, L1(Flow): 0.332380, Reg: 0.044803
Iter 150 of 180 Loss: 0.362564, L1(Flow): 0.316627, Reg: 0.045937
Iter 160 of 180 Loss: 0.361068, L1(Flow): 0.317867, Reg: 0.043201
Iter 170 of 180 Loss: 0.361962, L1(Flow): 0.317487, Reg: 0.044475
Iter 180 of 180 Loss: 0.349194, L1(Flow): 0.305839, Reg: 0.043354
Epoch 191 Loss: 0.373419
Epoch 191 Validation: Mean EPE: 1.0523, Mean SSIM: 0.8346, Mean ZNCC: 0.9693
--> Saved to Top 5 best models (EPE: 1.0523)
--> New absolute BEST model updated with EPE: 1.0523
Epoch 192 starts
Iter 10 of 180 Loss: 0.378424, L1(Flow): 0.330735, Reg: 0.047689
Iter 20 of 180 Loss: 0.369055, L1(Flow): 0.326657, Reg: 0.042398
Iter 30 of 180 Loss: 0.370855, L1(Flow): 0.324442, Reg: 0.046414
Iter 40 of 180 Loss: 0.356483, L1(Flow): 0.316175, Reg: 0.040308
Iter 50 of 180 Loss: 0.368586, L1(Flow): 0.323717, Reg: 0.044868
Iter 60 of 180 Loss: 0.373966, L1(Flow): 0.325461, Reg: 0.048505
Iter 70 of 180 Loss: 0.396485, L1(Flow): 0.345679, Reg: 0.050806
Iter 80 of 180 Loss: 0.372730, L1(Flow): 0.325826, Reg: 0.046904
Iter 90 of 180 Loss: 0.371538, L1(Flow): 0.324134, Reg: 0.047403
Iter 100 of 180 Loss: 0.364236, L1(Flow): 0.319483, Reg: 0.044752
Iter 110 of 180 Loss: 0.362518, L1(Flow): 0.318247, Reg: 0.044270
Iter 120 of 180 Loss: 0.386825, L1(Flow): 0.342095, Reg: 0.044730
Iter 130 of 180 Loss: 0.363851, L1(Flow): 0.319457, Reg: 0.044394
Iter 140 of 180 Loss: 0.359939, L1(Flow): 0.315327, Reg: 0.044612
Iter 150 of 180 Loss: 0.367205, L1(Flow): 0.325520, Reg: 0.041685
Iter 160 of 180 Loss: 0.375386, L1(Flow): 0.325092, Reg: 0.050295
Iter 170 of 180 Loss: 0.386450, L1(Flow): 0.337021, Reg: 0.049428
Iter 180 of 180 Loss: 0.354632, L1(Flow): 0.310409, Reg: 0.044223
Epoch 192 Loss: 0.369183
Epoch 192 Validation: Mean EPE: 1.0498, Mean SSIM: 0.8339, Mean ZNCC: 0.9693
--> Saved to Top 5 best models (EPE: 1.0498)
--> New absolute BEST model updated with EPE: 1.0498
Epoch 193 starts
Iter 10 of 180 Loss: 0.365694, L1(Flow): 0.319273, Reg: 0.046422
Iter 20 of 180 Loss: 0.359259, L1(Flow): 0.311606, Reg: 0.047653
Iter 30 of 180 Loss: 0.379579, L1(Flow): 0.335314, Reg: 0.044265
Iter 40 of 180 Loss: 0.375884, L1(Flow): 0.325400, Reg: 0.050484
Iter 50 of 180 Loss: 0.368143, L1(Flow): 0.320060, Reg: 0.048083
Iter 60 of 180 Loss: 0.356305, L1(Flow): 0.309895, Reg: 0.046410
Iter 70 of 180 Loss: 0.383165, L1(Flow): 0.334907, Reg: 0.048257
Iter 80 of 180 Loss: 0.358830, L1(Flow): 0.315980, Reg: 0.042850
Iter 90 of 180 Loss: 0.354164, L1(Flow): 0.310623, Reg: 0.043541
Iter 100 of 180 Loss: 0.357188, L1(Flow): 0.314431, Reg: 0.042758
Iter 110 of 180 Loss: 0.363041, L1(Flow): 0.317702, Reg: 0.045339
Iter 120 of 180 Loss: 0.363063, L1(Flow): 0.318718, Reg: 0.044345
Iter 130 of 180 Loss: 0.359140, L1(Flow): 0.313959, Reg: 0.045181
Iter 140 of 180 Loss: 0.399617, L1(Flow): 0.348234, Reg: 0.051383
Iter 150 of 180 Loss: 0.349373, L1(Flow): 0.308298, Reg: 0.041075
Iter 160 of 180 Loss: 0.399963, L1(Flow): 0.353777, Reg: 0.046186
Iter 170 of 180 Loss: 0.377669, L1(Flow): 0.330654, Reg: 0.047016
Iter 180 of 180 Loss: 0.350859, L1(Flow): 0.306731, Reg: 0.044128
Epoch 193 Loss: 0.369171
Epoch 193 Validation: Mean EPE: 1.0613, Mean SSIM: 0.8322, Mean ZNCC: 0.9689
Epoch 194 starts
Iter 10 of 180 Loss: 0.363053, L1(Flow): 0.317913, Reg: 0.045140
Iter 20 of 180 Loss: 0.378431, L1(Flow): 0.330254, Reg: 0.048177
Iter 30 of 180 Loss: 0.369093, L1(Flow): 0.321226, Reg: 0.047867
Iter 40 of 180 Loss: 0.369167, L1(Flow): 0.321184, Reg: 0.047983
Iter 50 of 180 Loss: 0.381218, L1(Flow): 0.332416, Reg: 0.048802
Iter 60 of 180 Loss: 0.370673, L1(Flow): 0.325795, Reg: 0.044878
Iter 70 of 180 Loss: 0.370686, L1(Flow): 0.328280, Reg: 0.042406
Iter 80 of 180 Loss: 0.379427, L1(Flow): 0.330429, Reg: 0.048998
Iter 90 of 180 Loss: 0.391933, L1(Flow): 0.342525, Reg: 0.049408
Iter 100 of 180 Loss: 0.336908, L1(Flow): 0.295571, Reg: 0.041337
Iter 110 of 180 Loss: 0.352370, L1(Flow): 0.307753, Reg: 0.044617
Iter 120 of 180 Loss: 0.358207, L1(Flow): 0.310269, Reg: 0.047938
Iter 130 of 180 Loss: 0.371163, L1(Flow): 0.323536, Reg: 0.047627
Iter 140 of 180 Loss: 0.345107, L1(Flow): 0.300552, Reg: 0.044555
Iter 150 of 180 Loss: 0.366495, L1(Flow): 0.320023, Reg: 0.046472
Iter 160 of 180 Loss: 0.344176, L1(Flow): 0.300943, Reg: 0.043233
Iter 170 of 180 Loss: 0.396389, L1(Flow): 0.347703, Reg: 0.048686
Iter 180 of 180 Loss: 0.354240, L1(Flow): 0.311192, Reg: 0.043049
Epoch 194 Loss: 0.365972
Epoch 194 Validation: Mean EPE: 1.0562, Mean SSIM: 0.8329, Mean ZNCC: 0.9691
--> Saved to Top 5 best models (EPE: 1.0562)
Epoch 195 starts
Iter 10 of 180 Loss: 0.358357, L1(Flow): 0.315488, Reg: 0.042870
Iter 20 of 180 Loss: 0.354012, L1(Flow): 0.308250, Reg: 0.045762
Iter 30 of 180 Loss: 0.374753, L1(Flow): 0.326805, Reg: 0.047949
Iter 40 of 180 Loss: 0.348713, L1(Flow): 0.304107, Reg: 0.044606
Iter 50 of 180 Loss: 0.345782, L1(Flow): 0.301589, Reg: 0.044193
Iter 60 of 180 Loss: 0.404815, L1(Flow): 0.352451, Reg: 0.052365
Iter 70 of 180 Loss: 0.368199, L1(Flow): 0.320130, Reg: 0.048069
Iter 80 of 180 Loss: 0.402246, L1(Flow): 0.354574, Reg: 0.047672
Iter 90 of 180 Loss: 0.355662, L1(Flow): 0.310869, Reg: 0.044794
Iter 100 of 180 Loss: 0.351104, L1(Flow): 0.308624, Reg: 0.042481
Iter 110 of 180 Loss: 0.360333, L1(Flow): 0.315354, Reg: 0.044979
Iter 120 of 180 Loss: 0.387728, L1(Flow): 0.337353, Reg: 0.050374
Iter 130 of 180 Loss: 0.361681, L1(Flow): 0.313800, Reg: 0.047881
Iter 140 of 180 Loss: 0.346799, L1(Flow): 0.302403, Reg: 0.044396
Iter 150 of 180 Loss: 0.334758, L1(Flow): 0.292398, Reg: 0.042360
Iter 160 of 180 Loss: 0.374164, L1(Flow): 0.326507, Reg: 0.047657
Iter 170 of 180 Loss: 0.347979, L1(Flow): 0.302629, Reg: 0.045350
Iter 180 of 180 Loss: 0.372274, L1(Flow): 0.323504, Reg: 0.048770
Epoch 195 Loss: 0.364401
Epoch 195 Validation: Mean EPE: 1.0525, Mean SSIM: 0.8344, Mean ZNCC: 0.9692
--> Saved to Top 5 best models (EPE: 1.0525)
Epoch 196 starts
Iter 10 of 180 Loss: 0.367640, L1(Flow): 0.323083, Reg: 0.044557
Iter 20 of 180 Loss: 0.353532, L1(Flow): 0.308820, Reg: 0.044712
Iter 30 of 180 Loss: 0.356393, L1(Flow): 0.310988, Reg: 0.045406
Iter 40 of 180 Loss: 0.352062, L1(Flow): 0.308159, Reg: 0.043903
Iter 50 of 180 Loss: 0.365079, L1(Flow): 0.315493, Reg: 0.049586
Iter 60 of 180 Loss: 0.368655, L1(Flow): 0.323355, Reg: 0.045300
Iter 70 of 180 Loss: 0.379325, L1(Flow): 0.333537, Reg: 0.045788
Iter 80 of 180 Loss: 0.351800, L1(Flow): 0.307137, Reg: 0.044663
Iter 90 of 180 Loss: 0.381185, L1(Flow): 0.333263, Reg: 0.047922
Iter 100 of 180 Loss: 0.355500, L1(Flow): 0.310775, Reg: 0.044724
Iter 110 of 180 Loss: 0.364201, L1(Flow): 0.321335, Reg: 0.042866
Iter 120 of 180 Loss: 0.400508, L1(Flow): 0.350631, Reg: 0.049878
Iter 130 of 180 Loss: 0.395067, L1(Flow): 0.343420, Reg: 0.051647
Iter 140 of 180 Loss: 0.372601, L1(Flow): 0.328347, Reg: 0.044253
Iter 150 of 180 Loss: 0.360783, L1(Flow): 0.317760, Reg: 0.043023
Iter 160 of 180 Loss: 0.374748, L1(Flow): 0.331555, Reg: 0.043193
Iter 170 of 180 Loss: 0.377539, L1(Flow): 0.329388, Reg: 0.048150
Iter 180 of 180 Loss: 0.357169, L1(Flow): 0.310827, Reg: 0.046342
Epoch 196 Loss: 0.364586
Epoch 196 Validation: Mean EPE: 1.0654, Mean SSIM: 0.8323, Mean ZNCC: 0.9691
Epoch 197 starts
Iter 10 of 180 Loss: 0.349806, L1(Flow): 0.307070, Reg: 0.042735
Iter 20 of 180 Loss: 0.357848, L1(Flow): 0.310941, Reg: 0.046908
Iter 30 of 180 Loss: 0.359167, L1(Flow): 0.313579, Reg: 0.045587
Iter 40 of 180 Loss: 0.332218, L1(Flow): 0.291999, Reg: 0.040219
Iter 50 of 180 Loss: 0.354934, L1(Flow): 0.308704, Reg: 0.046230
Iter 60 of 180 Loss: 0.359865, L1(Flow): 0.315252, Reg: 0.044613
Iter 70 of 180 Loss: 0.351168, L1(Flow): 0.309121, Reg: 0.042048
Iter 80 of 180 Loss: 0.358391, L1(Flow): 0.312540, Reg: 0.045851
Iter 90 of 180 Loss: 0.358337, L1(Flow): 0.316401, Reg: 0.041936
Iter 100 of 180 Loss: 0.371539, L1(Flow): 0.323450, Reg: 0.048089
Iter 110 of 180 Loss: 0.361584, L1(Flow): 0.314905, Reg: 0.046679
Iter 120 of 180 Loss: 0.380077, L1(Flow): 0.329961, Reg: 0.050116
Iter 130 of 180 Loss: 0.356834, L1(Flow): 0.311444, Reg: 0.045389
Iter 140 of 180 Loss: 0.355286, L1(Flow): 0.310554, Reg: 0.044732
Iter 150 of 180 Loss: 0.386833, L1(Flow): 0.335605, Reg: 0.051228
Iter 160 of 180 Loss: 0.371833, L1(Flow): 0.323857, Reg: 0.047976
Iter 170 of 180 Loss: 0.366233, L1(Flow): 0.320229, Reg: 0.046005
Iter 180 of 180 Loss: 0.374215, L1(Flow): 0.328451, Reg: 0.045764
Epoch 197 Loss: 0.362126
Epoch 197 Validation: Mean EPE: 1.0604, Mean SSIM: 0.8311, Mean ZNCC: 0.9687
Epoch 198 starts
Iter 10 of 180 Loss: 0.351335, L1(Flow): 0.309077, Reg: 0.042258
Iter 20 of 180 Loss: 0.331665, L1(Flow): 0.293329, Reg: 0.038337
Iter 30 of 180 Loss: 0.381306, L1(Flow): 0.329503, Reg: 0.051803
Iter 40 of 180 Loss: 0.360074, L1(Flow): 0.312164, Reg: 0.047910
Iter 50 of 180 Loss: 0.372065, L1(Flow): 0.326418, Reg: 0.045646
Iter 60 of 180 Loss: 0.369635, L1(Flow): 0.325211, Reg: 0.044424
Iter 70 of 180 Loss: 0.368134, L1(Flow): 0.323843, Reg: 0.044291
Iter 80 of 180 Loss: 0.339810, L1(Flow): 0.296982, Reg: 0.042827
Iter 90 of 180 Loss: 0.329861, L1(Flow): 0.287827, Reg: 0.042034
Iter 100 of 180 Loss: 0.373177, L1(Flow): 0.323320, Reg: 0.049857
Iter 110 of 180 Loss: 0.354849, L1(Flow): 0.308892, Reg: 0.045957
Iter 120 of 180 Loss: 0.341903, L1(Flow): 0.301756, Reg: 0.040147
Iter 130 of 180 Loss: 0.354384, L1(Flow): 0.309163, Reg: 0.045221
Iter 140 of 180 Loss: 0.358523, L1(Flow): 0.310109, Reg: 0.048414
Iter 150 of 180 Loss: 0.361579, L1(Flow): 0.314455, Reg: 0.047124
Iter 160 of 180 Loss: 0.354065, L1(Flow): 0.312054, Reg: 0.042011
Iter 170 of 180 Loss: 0.373721, L1(Flow): 0.326868, Reg: 0.046853
Iter 180 of 180 Loss: 0.356227, L1(Flow): 0.314068, Reg: 0.042159
Epoch 198 Loss: 0.361831
Epoch 198 Validation: Mean EPE: 1.0607, Mean SSIM: 0.8328, Mean ZNCC: 0.9690
Epoch 199 starts
Iter 10 of 180 Loss: 0.344298, L1(Flow): 0.299868, Reg: 0.044430
Iter 20 of 180 Loss: 0.375131, L1(Flow): 0.327392, Reg: 0.047739
Iter 30 of 180 Loss: 0.339083, L1(Flow): 0.299321, Reg: 0.039762
Iter 40 of 180 Loss: 0.338123, L1(Flow): 0.296046, Reg: 0.042077
Iter 50 of 180 Loss: 0.352784, L1(Flow): 0.306670, Reg: 0.046115
Iter 60 of 180 Loss: 0.357497, L1(Flow): 0.308851, Reg: 0.048646
Iter 70 of 180 Loss: 0.373753, L1(Flow): 0.323607, Reg: 0.050146
Iter 80 of 180 Loss: 0.371916, L1(Flow): 0.326187, Reg: 0.045729
Iter 90 of 180 Loss: 0.345638, L1(Flow): 0.300030, Reg: 0.045608
Iter 100 of 180 Loss: 0.367966, L1(Flow): 0.322563, Reg: 0.045403
Iter 110 of 180 Loss: 0.351622, L1(Flow): 0.310290, Reg: 0.041331
Iter 120 of 180 Loss: 0.342992, L1(Flow): 0.298801, Reg: 0.044191
Iter 130 of 180 Loss: 0.344645, L1(Flow): 0.301508, Reg: 0.043136
Iter 140 of 180 Loss: 0.342169, L1(Flow): 0.294832, Reg: 0.047338
Iter 150 of 180 Loss: 0.375901, L1(Flow): 0.326266, Reg: 0.049635
Iter 160 of 180 Loss: 0.339404, L1(Flow): 0.297144, Reg: 0.042260
Iter 170 of 180 Loss: 0.360410, L1(Flow): 0.311837, Reg: 0.048573
Iter 180 of 180 Loss: 0.346318, L1(Flow): 0.301719, Reg: 0.044599
Epoch 199 Loss: 0.358137
Epoch 199 Validation: Mean EPE: 1.0537, Mean SSIM: 0.8347, Mean ZNCC: 0.9696
--> Saved to Top 5 best models (EPE: 1.0537)
Epoch 200 starts
Iter 10 of 180 Loss: 0.363815, L1(Flow): 0.316019, Reg: 0.047796
Iter 20 of 180 Loss: 0.363112, L1(Flow): 0.316749, Reg: 0.046364
Iter 30 of 180 Loss: 0.344623, L1(Flow): 0.300979, Reg: 0.043643
Iter 40 of 180 Loss: 0.338739, L1(Flow): 0.294744, Reg: 0.043995
Iter 50 of 180 Loss: 0.372486, L1(Flow): 0.322367, Reg: 0.050120
Iter 60 of 180 Loss: 0.376114, L1(Flow): 0.325284, Reg: 0.050829
Iter 70 of 180 Loss: 0.368280, L1(Flow): 0.321659, Reg: 0.046621
Iter 80 of 180 Loss: 0.367760, L1(Flow): 0.320901, Reg: 0.046859
Iter 90 of 180 Loss: 0.391058, L1(Flow): 0.345743, Reg: 0.045316
Iter 100 of 180 Loss: 0.342663, L1(Flow): 0.297465, Reg: 0.045198
Iter 110 of 180 Loss: 0.357920, L1(Flow): 0.312136, Reg: 0.045785
Iter 120 of 180 Loss: 0.359547, L1(Flow): 0.313508, Reg: 0.046039
Iter 130 of 180 Loss: 0.365898, L1(Flow): 0.318809, Reg: 0.047089
Iter 140 of 180 Loss: 0.361825, L1(Flow): 0.316002, Reg: 0.045823
Iter 150 of 180 Loss: 0.351885, L1(Flow): 0.305186, Reg: 0.046699
Iter 160 of 180 Loss: 0.347014, L1(Flow): 0.301301, Reg: 0.045713
Iter 170 of 180 Loss: 0.350835, L1(Flow): 0.305573, Reg: 0.045262
Iter 180 of 180 Loss: 0.363053, L1(Flow): 0.318088, Reg: 0.044965
Epoch 200 Loss: 0.359077
Epoch 200 Validation: Mean EPE: 1.0490, Mean SSIM: 0.8351, Mean ZNCC: 0.9694
--> Saved to Top 5 best models (EPE: 1.0490)
--> New absolute BEST model updated with EPE: 1.0490
Epoch 201 starts
Iter 10 of 180 Loss: 0.345523, L1(Flow): 0.300819, Reg: 0.044704
Iter 20 of 180 Loss: 0.315835, L1(Flow): 0.275049, Reg: 0.040786
Iter 30 of 180 Loss: 0.358822, L1(Flow): 0.314003, Reg: 0.044819
Iter 40 of 180 Loss: 0.383820, L1(Flow): 0.335583, Reg: 0.048237
Iter 50 of 180 Loss: 0.371857, L1(Flow): 0.329328, Reg: 0.042529
Iter 60 of 180 Loss: 0.370709, L1(Flow): 0.325851, Reg: 0.044858
Iter 70 of 180 Loss: 0.329373, L1(Flow): 0.285777, Reg: 0.043595
Iter 80 of 180 Loss: 0.346587, L1(Flow): 0.299706, Reg: 0.046881
Iter 90 of 180 Loss: 0.375615, L1(Flow): 0.329376, Reg: 0.046239
Iter 100 of 180 Loss: 0.366776, L1(Flow): 0.321013, Reg: 0.045763
Iter 110 of 180 Loss: 0.377305, L1(Flow): 0.329216, Reg: 0.048089
Iter 120 of 180 Loss: 0.355056, L1(Flow): 0.308783, Reg: 0.046273
Iter 130 of 180 Loss: 0.345311, L1(Flow): 0.300481, Reg: 0.044829
Iter 140 of 180 Loss: 0.365039, L1(Flow): 0.318840, Reg: 0.046199
Iter 150 of 180 Loss: 0.347185, L1(Flow): 0.298950, Reg: 0.048235
Iter 160 of 180 Loss: 0.362383, L1(Flow): 0.318381, Reg: 0.044002
Iter 170 of 180 Loss: 0.363388, L1(Flow): 0.317944, Reg: 0.045444
Iter 180 of 180 Loss: 0.361785, L1(Flow): 0.319764, Reg: 0.042020
Epoch 201 Loss: 0.358845
Epoch 201 Validation: Mean EPE: 1.0518, Mean SSIM: 0.8345, Mean ZNCC: 0.9692
--> Saved to Top 5 best models (EPE: 1.0518)
Epoch 202 starts
Iter 10 of 180 Loss: 0.345337, L1(Flow): 0.302372, Reg: 0.042965
Iter 20 of 180 Loss: 0.343654, L1(Flow): 0.300015, Reg: 0.043639
Iter 30 of 180 Loss: 0.375882, L1(Flow): 0.327070, Reg: 0.048811
Iter 40 of 180 Loss: 0.352883, L1(Flow): 0.308735, Reg: 0.044148
Iter 50 of 180 Loss: 0.363180, L1(Flow): 0.318950, Reg: 0.044230
Iter 60 of 180 Loss: 0.357964, L1(Flow): 0.316088, Reg: 0.041876
Iter 70 of 180 Loss: 0.357051, L1(Flow): 0.313230, Reg: 0.043821
Iter 80 of 180 Loss: 0.354263, L1(Flow): 0.306614, Reg: 0.047649
Iter 90 of 180 Loss: 0.335260, L1(Flow): 0.291945, Reg: 0.043315
Iter 100 of 180 Loss: 0.370421, L1(Flow): 0.320071, Reg: 0.050350
Iter 110 of 180 Loss: 0.384681, L1(Flow): 0.343514, Reg: 0.041166
Iter 120 of 180 Loss: 0.357289, L1(Flow): 0.312293, Reg: 0.044996
Iter 130 of 180 Loss: 0.360163, L1(Flow): 0.314196, Reg: 0.045967
Iter 140 of 180 Loss: 0.355413, L1(Flow): 0.314829, Reg: 0.040584
Iter 150 of 180 Loss: 0.380473, L1(Flow): 0.334556, Reg: 0.045917
Iter 160 of 180 Loss: 0.362407, L1(Flow): 0.322578, Reg: 0.039829
Iter 170 of 180 Loss: 0.354313, L1(Flow): 0.310308, Reg: 0.044005
Iter 180 of 180 Loss: 0.366301, L1(Flow): 0.317393, Reg: 0.048908
Epoch 202 Loss: 0.360920
Epoch 202 Validation: Mean EPE: 1.0470, Mean SSIM: 0.8359, Mean ZNCC: 0.9696
--> Saved to Top 5 best models (EPE: 1.0470)
--> New absolute BEST model updated with EPE: 1.0470
Epoch 203 starts
Iter 10 of 180 Loss: 0.342069, L1(Flow): 0.296785, Reg: 0.045283
Iter 20 of 180 Loss: 0.364995, L1(Flow): 0.318424, Reg: 0.046571
Iter 30 of 180 Loss: 0.346189, L1(Flow): 0.304951, Reg: 0.041238
Iter 40 of 180 Loss: 0.335893, L1(Flow): 0.293136, Reg: 0.042757
Iter 50 of 180 Loss: 0.367924, L1(Flow): 0.319190, Reg: 0.048734
Iter 60 of 180 Loss: 0.358827, L1(Flow): 0.312603, Reg: 0.046224
Iter 70 of 180 Loss: 0.364504, L1(Flow): 0.318346, Reg: 0.046157
Iter 80 of 180 Loss: 0.354189, L1(Flow): 0.307591, Reg: 0.046598
Iter 90 of 180 Loss: 0.337678, L1(Flow): 0.294254, Reg: 0.043424
Iter 100 of 180 Loss: 0.350621, L1(Flow): 0.305656, Reg: 0.044965
Iter 110 of 180 Loss: 0.346224, L1(Flow): 0.303487, Reg: 0.042737
Iter 120 of 180 Loss: 0.338340, L1(Flow): 0.295366, Reg: 0.042974
Iter 130 of 180 Loss: 0.330619, L1(Flow): 0.288626, Reg: 0.041993
Iter 140 of 180 Loss: 0.348695, L1(Flow): 0.305237, Reg: 0.043458
Iter 150 of 180 Loss: 0.352666, L1(Flow): 0.305690, Reg: 0.046977
Iter 160 of 180 Loss: 0.366025, L1(Flow): 0.317884, Reg: 0.048141
Iter 170 of 180 Loss: 0.352875, L1(Flow): 0.308285, Reg: 0.044590
Iter 180 of 180 Loss: 0.328615, L1(Flow): 0.288735, Reg: 0.039880
Epoch 203 Loss: 0.356519
Epoch 203 Validation: Mean EPE: 1.0466, Mean SSIM: 0.8349, Mean ZNCC: 0.9695
--> Saved to Top 5 best models (EPE: 1.0466)
--> New absolute BEST model updated with EPE: 1.0466
Epoch 204 starts
Iter 10 of 180 Loss: 0.354259, L1(Flow): 0.309983, Reg: 0.044276
Iter 20 of 180 Loss: 0.345016, L1(Flow): 0.301725, Reg: 0.043291
Iter 30 of 180 Loss: 0.331647, L1(Flow): 0.287917, Reg: 0.043730
Iter 40 of 180 Loss: 0.361814, L1(Flow): 0.317372, Reg: 0.044443
Iter 50 of 180 Loss: 0.361743, L1(Flow): 0.314485, Reg: 0.047258
Iter 60 of 180 Loss: 0.338541, L1(Flow): 0.293831, Reg: 0.044710
Iter 70 of 180 Loss: 0.390149, L1(Flow): 0.336575, Reg: 0.053574
Iter 80 of 180 Loss: 0.340134, L1(Flow): 0.295057, Reg: 0.045077
Iter 90 of 180 Loss: 0.373219, L1(Flow): 0.325264, Reg: 0.047955
Iter 100 of 180 Loss: 0.367188, L1(Flow): 0.324779, Reg: 0.042409
Iter 110 of 180 Loss: 0.375453, L1(Flow): 0.326755, Reg: 0.048698
Iter 120 of 180 Loss: 0.366106, L1(Flow): 0.325015, Reg: 0.041091
Iter 130 of 180 Loss: 0.366272, L1(Flow): 0.319321, Reg: 0.046951
Iter 140 of 180 Loss: 0.361096, L1(Flow): 0.311874, Reg: 0.049222
Iter 150 of 180 Loss: 0.374764, L1(Flow): 0.327083, Reg: 0.047681
Iter 160 of 180 Loss: 0.362441, L1(Flow): 0.315466, Reg: 0.046975
Iter 170 of 180 Loss: 0.399595, L1(Flow): 0.347519, Reg: 0.052075
Iter 180 of 180 Loss: 0.352291, L1(Flow): 0.308001, Reg: 0.044289
Epoch 204 Loss: 0.359162
Epoch 204 Validation: Mean EPE: 1.0471, Mean SSIM: 0.8353, Mean ZNCC: 0.9696
--> Saved to Top 5 best models (EPE: 1.0471)
Epoch 205 starts
Iter 10 of 180 Loss: 0.346473, L1(Flow): 0.306012, Reg: 0.040460
Iter 20 of 180 Loss: 0.381341, L1(Flow): 0.336262, Reg: 0.045078
Iter 30 of 180 Loss: 0.338223, L1(Flow): 0.295654, Reg: 0.042569
Iter 40 of 180 Loss: 0.365380, L1(Flow): 0.318445, Reg: 0.046935
Iter 50 of 180 Loss: 0.348862, L1(Flow): 0.303030, Reg: 0.045833
Iter 60 of 180 Loss: 0.365964, L1(Flow): 0.319515, Reg: 0.046449
Iter 70 of 180 Loss: 0.346119, L1(Flow): 0.301680, Reg: 0.044440
Iter 80 of 180 Loss: 0.335764, L1(Flow): 0.294704, Reg: 0.041061
Iter 90 of 180 Loss: 0.343927, L1(Flow): 0.301501, Reg: 0.042426
Iter 100 of 180 Loss: 0.346579, L1(Flow): 0.302344, Reg: 0.044235
Iter 110 of 180 Loss: 0.376360, L1(Flow): 0.327962, Reg: 0.048398
Iter 120 of 180 Loss: 0.349470, L1(Flow): 0.309694, Reg: 0.039776
Iter 130 of 180 Loss: 0.356739, L1(Flow): 0.312135, Reg: 0.044604
Iter 140 of 180 Loss: 0.347538, L1(Flow): 0.301982, Reg: 0.045556
Iter 150 of 180 Loss: 0.368620, L1(Flow): 0.320998, Reg: 0.047622
Iter 160 of 180 Loss: 0.341363, L1(Flow): 0.298522, Reg: 0.042841
Iter 170 of 180 Loss: 0.343016, L1(Flow): 0.300645, Reg: 0.042371
Iter 180 of 180 Loss: 0.367122, L1(Flow): 0.319304, Reg: 0.047818
Epoch 205 Loss: 0.356216
Epoch 205 Validation: Mean EPE: 1.0490, Mean SSIM: 0.8347, Mean ZNCC: 0.9693
--> Saved to Top 5 best models (EPE: 1.0490)
Epoch 206 starts
Iter 10 of 180 Loss: 0.344936, L1(Flow): 0.300539, Reg: 0.044397
Iter 20 of 180 Loss: 0.345938, L1(Flow): 0.300630, Reg: 0.045308
Iter 30 of 180 Loss: 0.336190, L1(Flow): 0.294011, Reg: 0.042179
Iter 40 of 180 Loss: 0.342890, L1(Flow): 0.299248, Reg: 0.043642
Iter 50 of 180 Loss: 0.350319, L1(Flow): 0.305348, Reg: 0.044971
Iter 60 of 180 Loss: 0.339513, L1(Flow): 0.295650, Reg: 0.043862
Iter 70 of 180 Loss: 0.342236, L1(Flow): 0.298401, Reg: 0.043835
Iter 80 of 180 Loss: 0.347726, L1(Flow): 0.305174, Reg: 0.042552
Iter 90 of 180 Loss: 0.374738, L1(Flow): 0.323182, Reg: 0.051555
Iter 100 of 180 Loss: 0.339787, L1(Flow): 0.294127, Reg: 0.045660
Iter 110 of 180 Loss: 0.368699, L1(Flow): 0.321401, Reg: 0.047298
Iter 120 of 180 Loss: 0.344571, L1(Flow): 0.303831, Reg: 0.040740
Iter 130 of 180 Loss: 0.344384, L1(Flow): 0.296890, Reg: 0.047494
Iter 140 of 180 Loss: 0.364496, L1(Flow): 0.317802, Reg: 0.046695
Iter 150 of 180 Loss: 0.347329, L1(Flow): 0.304772, Reg: 0.042557
Iter 160 of 180 Loss: 0.379491, L1(Flow): 0.330874, Reg: 0.048617
Iter 170 of 180 Loss: 0.353796, L1(Flow): 0.307057, Reg: 0.046739
Iter 180 of 180 Loss: 0.347160, L1(Flow): 0.302488, Reg: 0.044673
Epoch 206 Loss: 0.353932
Epoch 206 Validation: Mean EPE: 1.0490, Mean SSIM: 0.8357, Mean ZNCC: 0.9695
Epoch 207 starts
Iter 10 of 180 Loss: 0.347275, L1(Flow): 0.301989, Reg: 0.045287
Iter 20 of 180 Loss: 0.391272, L1(Flow): 0.340722, Reg: 0.050550
Iter 30 of 180 Loss: 0.352599, L1(Flow): 0.309010, Reg: 0.043590
Iter 40 of 180 Loss: 0.356931, L1(Flow): 0.312583, Reg: 0.044348
Iter 50 of 180 Loss: 0.369364, L1(Flow): 0.323714, Reg: 0.045650
Iter 60 of 180 Loss: 0.352525, L1(Flow): 0.306637, Reg: 0.045888
Iter 70 of 180 Loss: 0.374149, L1(Flow): 0.325890, Reg: 0.048259
Iter 80 of 180 Loss: 0.357256, L1(Flow): 0.312717, Reg: 0.044539
Iter 90 of 180 Loss: 0.372784, L1(Flow): 0.327008, Reg: 0.045776
Iter 100 of 180 Loss: 0.343994, L1(Flow): 0.300966, Reg: 0.043028
Iter 110 of 180 Loss: 0.367194, L1(Flow): 0.321799, Reg: 0.045395
Iter 120 of 180 Loss: 0.333468, L1(Flow): 0.291956, Reg: 0.041512
Iter 130 of 180 Loss: 0.358810, L1(Flow): 0.315560, Reg: 0.043250
Iter 140 of 180 Loss: 0.345194, L1(Flow): 0.305295, Reg: 0.039899
Iter 150 of 180 Loss: 0.356130, L1(Flow): 0.312907, Reg: 0.043223
Iter 160 of 180 Loss: 0.359582, L1(Flow): 0.315053, Reg: 0.044529
Iter 170 of 180 Loss: 0.387929, L1(Flow): 0.342953, Reg: 0.044976
Iter 180 of 180 Loss: 0.327939, L1(Flow): 0.284924, Reg: 0.043015
Epoch 207 Loss: 0.357938
Epoch 207 Validation: Mean EPE: 1.0686, Mean SSIM: 0.8308, Mean ZNCC: 0.9685
Epoch 208 starts
Iter 10 of 180 Loss: 0.369963, L1(Flow): 0.326579, Reg: 0.043384
Iter 20 of 180 Loss: 0.375945, L1(Flow): 0.330038, Reg: 0.045906
Iter 30 of 180 Loss: 0.339827, L1(Flow): 0.296730, Reg: 0.043097
Iter 40 of 180 Loss: 0.347593, L1(Flow): 0.302834, Reg: 0.044760
Iter 50 of 180 Loss: 0.346502, L1(Flow): 0.300885, Reg: 0.045617
Iter 60 of 180 Loss: 0.335810, L1(Flow): 0.291841, Reg: 0.043969
Iter 70 of 180 Loss: 0.353640, L1(Flow): 0.309066, Reg: 0.044575
Iter 80 of 180 Loss: 0.376563, L1(Flow): 0.329326, Reg: 0.047237
Iter 90 of 180 Loss: 0.357717, L1(Flow): 0.314106, Reg: 0.043611
Iter 100 of 180 Loss: 0.342444, L1(Flow): 0.298853, Reg: 0.043591
Iter 110 of 180 Loss: 0.369943, L1(Flow): 0.326671, Reg: 0.043272
Iter 120 of 180 Loss: 0.355792, L1(Flow): 0.310842, Reg: 0.044950
Iter 130 of 180 Loss: 0.355881, L1(Flow): 0.306955, Reg: 0.048926
Iter 140 of 180 Loss: 0.327504, L1(Flow): 0.289106, Reg: 0.038398
Iter 150 of 180 Loss: 0.347469, L1(Flow): 0.304263, Reg: 0.043206
Iter 160 of 180 Loss: 0.379511, L1(Flow): 0.329209, Reg: 0.050303
Iter 170 of 180 Loss: 0.359099, L1(Flow): 0.311821, Reg: 0.047278
Iter 180 of 180 Loss: 0.311026, L1(Flow): 0.274331, Reg: 0.036695
Epoch 208 Loss: 0.357996
Epoch 208 Validation: Mean EPE: 1.0595, Mean SSIM: 0.8335, Mean ZNCC: 0.9691
Epoch 209 starts
Iter 10 of 180 Loss: 0.381334, L1(Flow): 0.336750, Reg: 0.044584
Iter 20 of 180 Loss: 0.361002, L1(Flow): 0.317881, Reg: 0.043121
Iter 30 of 180 Loss: 0.362179, L1(Flow): 0.315860, Reg: 0.046319
Iter 40 of 180 Loss: 0.372516, L1(Flow): 0.323422, Reg: 0.049094
Iter 50 of 180 Loss: 0.369196, L1(Flow): 0.322028, Reg: 0.047168
Iter 60 of 180 Loss: 0.319914, L1(Flow): 0.280007, Reg: 0.039907
Iter 70 of 180 Loss: 0.349170, L1(Flow): 0.302555, Reg: 0.046615
Iter 80 of 180 Loss: 0.347339, L1(Flow): 0.304038, Reg: 0.043301
Iter 90 of 180 Loss: 0.363686, L1(Flow): 0.312341, Reg: 0.051345
Iter 100 of 180 Loss: 0.365323, L1(Flow): 0.318029, Reg: 0.047294
Iter 110 of 180 Loss: 0.343564, L1(Flow): 0.299585, Reg: 0.043979
Iter 120 of 180 Loss: 0.342803, L1(Flow): 0.298720, Reg: 0.044083
Iter 130 of 180 Loss: 0.380586, L1(Flow): 0.336533, Reg: 0.044053
Iter 140 of 180 Loss: 0.335237, L1(Flow): 0.293157, Reg: 0.042080
Iter 150 of 180 Loss: 0.365856, L1(Flow): 0.318446, Reg: 0.047410
Iter 160 of 180 Loss: 0.335101, L1(Flow): 0.293128, Reg: 0.041974
Iter 170 of 180 Loss: 0.367627, L1(Flow): 0.324213, Reg: 0.043414
Iter 180 of 180 Loss: 0.380395, L1(Flow): 0.329974, Reg: 0.050422
Epoch 209 Loss: 0.354269
Epoch 209 Validation: Mean EPE: 1.0476, Mean SSIM: 0.8360, Mean ZNCC: 0.9695
--> Saved to Top 5 best models (EPE: 1.0476)
Epoch 210 starts
Iter 10 of 180 Loss: 0.368426, L1(Flow): 0.317309, Reg: 0.051118
Iter 20 of 180 Loss: 0.345057, L1(Flow): 0.300837, Reg: 0.044221
Iter 30 of 180 Loss: 0.372132, L1(Flow): 0.326944, Reg: 0.045188
Iter 40 of 180 Loss: 0.353758, L1(Flow): 0.311739, Reg: 0.042019
Iter 50 of 180 Loss: 0.340713, L1(Flow): 0.294863, Reg: 0.045850
Iter 60 of 180 Loss: 0.343630, L1(Flow): 0.298867, Reg: 0.044763
Iter 70 of 180 Loss: 0.354070, L1(Flow): 0.307515, Reg: 0.046556
Iter 80 of 180 Loss: 0.329696, L1(Flow): 0.284576, Reg: 0.045120
Iter 90 of 180 Loss: 0.360030, L1(Flow): 0.313413, Reg: 0.046617
Iter 100 of 180 Loss: 0.332058, L1(Flow): 0.294148, Reg: 0.037910
Iter 110 of 180 Loss: 0.356602, L1(Flow): 0.312460, Reg: 0.044142
Iter 120 of 180 Loss: 0.339747, L1(Flow): 0.294745, Reg: 0.045002
Iter 130 of 180 Loss: 0.363037, L1(Flow): 0.317209, Reg: 0.045828
Iter 140 of 180 Loss: 0.380379, L1(Flow): 0.334840, Reg: 0.045539
Iter 150 of 180 Loss: 0.347064, L1(Flow): 0.301807, Reg: 0.045257
Iter 160 of 180 Loss: 0.378987, L1(Flow): 0.329937, Reg: 0.049050
Iter 170 of 180 Loss: 0.361747, L1(Flow): 0.314320, Reg: 0.047427
Iter 180 of 180 Loss: 0.354249, L1(Flow): 0.310948, Reg: 0.043301
Epoch 210 Loss: 0.355065
Epoch 210 Validation: Mean EPE: 1.0495, Mean SSIM: 0.8347, Mean ZNCC: 0.9693
Epoch 211 starts
Iter 10 of 180 Loss: 0.365316, L1(Flow): 0.321693, Reg: 0.043622
Iter 20 of 180 Loss: 0.341191, L1(Flow): 0.298178, Reg: 0.043013
Iter 30 of 180 Loss: 0.358030, L1(Flow): 0.312169, Reg: 0.045862
Iter 40 of 180 Loss: 0.383654, L1(Flow): 0.335643, Reg: 0.048011
Iter 50 of 180 Loss: 0.361088, L1(Flow): 0.317962, Reg: 0.043126
Iter 60 of 180 Loss: 0.344612, L1(Flow): 0.302966, Reg: 0.041646
Iter 70 of 180 Loss: 0.330333, L1(Flow): 0.289359, Reg: 0.040973
Iter 80 of 180 Loss: 0.360250, L1(Flow): 0.318002, Reg: 0.042248
Iter 90 of 180 Loss: 0.349967, L1(Flow): 0.306857, Reg: 0.043110
Iter 100 of 180 Loss: 0.353014, L1(Flow): 0.309225, Reg: 0.043789
Iter 110 of 180 Loss: 0.369110, L1(Flow): 0.326333, Reg: 0.042776
Iter 120 of 180 Loss: 0.356966, L1(Flow): 0.312368, Reg: 0.044598
Iter 130 of 180 Loss: 0.370979, L1(Flow): 0.328185, Reg: 0.042795
Iter 140 of 180 Loss: 0.359834, L1(Flow): 0.313335, Reg: 0.046499
Iter 150 of 180 Loss: 0.398709, L1(Flow): 0.350789, Reg: 0.047919
Iter 160 of 180 Loss: 0.338893, L1(Flow): 0.296432, Reg: 0.042462
Iter 170 of 180 Loss: 0.346912, L1(Flow): 0.301232, Reg: 0.045680
Iter 180 of 180 Loss: 0.340918, L1(Flow): 0.293978, Reg: 0.046940
Epoch 211 Loss: 0.359414
Epoch 211 Validation: Mean EPE: 1.0442, Mean SSIM: 0.8364, Mean ZNCC: 0.9697
--> Saved to Top 5 best models (EPE: 1.0442)
--> New absolute BEST model updated with EPE: 1.0442
Epoch 212 starts
Iter 10 of 180 Loss: 0.353467, L1(Flow): 0.309930, Reg: 0.043537
Iter 20 of 180 Loss: 0.335174, L1(Flow): 0.292443, Reg: 0.042731
Iter 30 of 180 Loss: 0.337043, L1(Flow): 0.294921, Reg: 0.042122
Iter 40 of 180 Loss: 0.378621, L1(Flow): 0.331221, Reg: 0.047400
Iter 50 of 180 Loss: 0.354192, L1(Flow): 0.308442, Reg: 0.045750
Iter 60 of 180 Loss: 0.343568, L1(Flow): 0.300267, Reg: 0.043301
Iter 70 of 180 Loss: 0.356368, L1(Flow): 0.311077, Reg: 0.045291
Iter 80 of 180 Loss: 0.337589, L1(Flow): 0.294526, Reg: 0.043063
Iter 90 of 180 Loss: 0.352170, L1(Flow): 0.304723, Reg: 0.047447
Iter 100 of 180 Loss: 0.361333, L1(Flow): 0.319979, Reg: 0.041353
Iter 110 of 180 Loss: 0.365946, L1(Flow): 0.320759, Reg: 0.045187
Iter 120 of 180 Loss: 0.335258, L1(Flow): 0.292896, Reg: 0.042362
Iter 130 of 180 Loss: 0.363048, L1(Flow): 0.317265, Reg: 0.045783
Iter 140 of 180 Loss: 0.357219, L1(Flow): 0.309987, Reg: 0.047232
Iter 150 of 180 Loss: 0.352204, L1(Flow): 0.310280, Reg: 0.041924
Iter 160 of 180 Loss: 0.356954, L1(Flow): 0.311991, Reg: 0.044964
Iter 170 of 180 Loss: 0.361892, L1(Flow): 0.316671, Reg: 0.045221
Iter 180 of 180 Loss: 0.368648, L1(Flow): 0.324667, Reg: 0.043981
Epoch 212 Loss: 0.356197
Epoch 212 Validation: Mean EPE: 1.0538, Mean SSIM: 0.8352, Mean ZNCC: 0.9697
Epoch 213 starts
Iter 10 of 180 Loss: 0.336462, L1(Flow): 0.293704, Reg: 0.042758
Iter 20 of 180 Loss: 0.361373, L1(Flow): 0.311887, Reg: 0.049487
Iter 30 of 180 Loss: 0.334707, L1(Flow): 0.291982, Reg: 0.042725
Iter 40 of 180 Loss: 0.360175, L1(Flow): 0.313701, Reg: 0.046475
Iter 50 of 180 Loss: 0.356823, L1(Flow): 0.311601, Reg: 0.045222
Iter 60 of 180 Loss: 0.354069, L1(Flow): 0.307928, Reg: 0.046141
Iter 70 of 180 Loss: 0.323808, L1(Flow): 0.282235, Reg: 0.041573
Iter 80 of 180 Loss: 0.346134, L1(Flow): 0.302646, Reg: 0.043488
Iter 90 of 180 Loss: 0.337205, L1(Flow): 0.293670, Reg: 0.043535
Iter 100 of 180 Loss: 0.318592, L1(Flow): 0.278396, Reg: 0.040195
Iter 110 of 180 Loss: 0.336110, L1(Flow): 0.292486, Reg: 0.043624
Iter 120 of 180 Loss: 0.323711, L1(Flow): 0.282199, Reg: 0.041512
Iter 130 of 180 Loss: 0.337438, L1(Flow): 0.291921, Reg: 0.045517
Iter 140 of 180 Loss: 0.333058, L1(Flow): 0.289823, Reg: 0.043235
Iter 150 of 180 Loss: 0.358759, L1(Flow): 0.314684, Reg: 0.044075
Iter 160 of 180 Loss: 0.331904, L1(Flow): 0.290382, Reg: 0.041522
Iter 170 of 180 Loss: 0.363780, L1(Flow): 0.319993, Reg: 0.043787
Iter 180 of 180 Loss: 0.336495, L1(Flow): 0.294379, Reg: 0.042116
Epoch 213 Loss: 0.350602
Epoch 213 Validation: Mean EPE: 1.0450, Mean SSIM: 0.8362, Mean ZNCC: 0.9698
--> Saved to Top 5 best models (EPE: 1.0450)
Epoch 214 starts
Iter 10 of 180 Loss: 0.364661, L1(Flow): 0.320813, Reg: 0.043848
Iter 20 of 180 Loss: 0.337717, L1(Flow): 0.292642, Reg: 0.045075
Iter 30 of 180 Loss: 0.353535, L1(Flow): 0.309640, Reg: 0.043896
Iter 40 of 180 Loss: 0.347481, L1(Flow): 0.307569, Reg: 0.039912
Iter 50 of 180 Loss: 0.340837, L1(Flow): 0.297065, Reg: 0.043772
Iter 60 of 180 Loss: 0.377284, L1(Flow): 0.332200, Reg: 0.045084
Iter 70 of 180 Loss: 0.354908, L1(Flow): 0.307605, Reg: 0.047303
Iter 80 of 180 Loss: 0.358091, L1(Flow): 0.312908, Reg: 0.045183
Iter 90 of 180 Loss: 0.330470, L1(Flow): 0.289685, Reg: 0.040785
Iter 100 of 180 Loss: 0.363573, L1(Flow): 0.317504, Reg: 0.046069
Iter 110 of 180 Loss: 0.365267, L1(Flow): 0.319955, Reg: 0.045313
Iter 120 of 180 Loss: 0.344022, L1(Flow): 0.300804, Reg: 0.043218
Iter 130 of 180 Loss: 0.329765, L1(Flow): 0.287832, Reg: 0.041933
Iter 140 of 180 Loss: 0.357464, L1(Flow): 0.312796, Reg: 0.044668
Iter 150 of 180 Loss: 0.347574, L1(Flow): 0.303732, Reg: 0.043842
Iter 160 of 180 Loss: 0.338370, L1(Flow): 0.297031, Reg: 0.041339
Iter 170 of 180 Loss: 0.328688, L1(Flow): 0.287802, Reg: 0.040886
Iter 180 of 180 Loss: 0.331684, L1(Flow): 0.288689, Reg: 0.042995
Epoch 214 Loss: 0.353824
Epoch 214 Validation: Mean EPE: 1.0406, Mean SSIM: 0.8366, Mean ZNCC: 0.9698
--> Saved to Top 5 best models (EPE: 1.0406)
--> New absolute BEST model updated with EPE: 1.0406
Epoch 215 starts
Iter 10 of 180 Loss: 0.356850, L1(Flow): 0.310605, Reg: 0.046245
Iter 20 of 180 Loss: 0.360395, L1(Flow): 0.320947, Reg: 0.039448
Iter 30 of 180 Loss: 0.340766, L1(Flow): 0.298079, Reg: 0.042687
Iter 40 of 180 Loss: 0.336005, L1(Flow): 0.293031, Reg: 0.042975
Iter 50 of 180 Loss: 0.339462, L1(Flow): 0.292383, Reg: 0.047079
Iter 60 of 180 Loss: 0.336948, L1(Flow): 0.294908, Reg: 0.042039
Iter 70 of 180 Loss: 0.334140, L1(Flow): 0.292262, Reg: 0.041878
Iter 80 of 180 Loss: 0.318684, L1(Flow): 0.276981, Reg: 0.041703
Iter 90 of 180 Loss: 0.350890, L1(Flow): 0.309071, Reg: 0.041820
Iter 100 of 180 Loss: 0.338028, L1(Flow): 0.298475, Reg: 0.039553
Iter 110 of 180 Loss: 0.371579, L1(Flow): 0.323164, Reg: 0.048414
Iter 120 of 180 Loss: 0.340731, L1(Flow): 0.296477, Reg: 0.044254
Iter 130 of 180 Loss: 0.355363, L1(Flow): 0.307982, Reg: 0.047381
Iter 140 of 180 Loss: 0.355534, L1(Flow): 0.310526, Reg: 0.045008
Iter 150 of 180 Loss: 0.337114, L1(Flow): 0.294879, Reg: 0.042235
Iter 160 of 180 Loss: 0.354995, L1(Flow): 0.310955, Reg: 0.044040
Iter 170 of 180 Loss: 0.368322, L1(Flow): 0.323867, Reg: 0.044455
Iter 180 of 180 Loss: 0.370229, L1(Flow): 0.323174, Reg: 0.047055
Epoch 215 Loss: 0.349685
Epoch 215 Validation: Mean EPE: 1.0524, Mean SSIM: 0.8342, Mean ZNCC: 0.9693
Epoch 216 starts
Iter 10 of 180 Loss: 0.336210, L1(Flow): 0.294079, Reg: 0.042132
Iter 20 of 180 Loss: 0.346470, L1(Flow): 0.301603, Reg: 0.044867
Iter 30 of 180 Loss: 0.341839, L1(Flow): 0.299071, Reg: 0.042768
Iter 40 of 180 Loss: 0.355055, L1(Flow): 0.311212, Reg: 0.043844
Iter 50 of 180 Loss: 0.329781, L1(Flow): 0.286162, Reg: 0.043619
Iter 60 of 180 Loss: 0.357965, L1(Flow): 0.313619, Reg: 0.044346
Iter 70 of 180 Loss: 0.359602, L1(Flow): 0.311489, Reg: 0.048113
Iter 80 of 180 Loss: 0.339811, L1(Flow): 0.294030, Reg: 0.045781
Iter 90 of 180 Loss: 0.349693, L1(Flow): 0.301688, Reg: 0.048005
Iter 100 of 180 Loss: 0.340853, L1(Flow): 0.297203, Reg: 0.043650
Iter 110 of 180 Loss: 0.356721, L1(Flow): 0.311838, Reg: 0.044883
Iter 120 of 180 Loss: 0.365727, L1(Flow): 0.316963, Reg: 0.048764
Iter 130 of 180 Loss: 0.351669, L1(Flow): 0.305579, Reg: 0.046090
Iter 140 of 180 Loss: 0.375073, L1(Flow): 0.326465, Reg: 0.048608
Iter 150 of 180 Loss: 0.367156, L1(Flow): 0.320123, Reg: 0.047033
Iter 160 of 180 Loss: 0.357072, L1(Flow): 0.310833, Reg: 0.046239
Iter 170 of 180 Loss: 0.356517, L1(Flow): 0.310466, Reg: 0.046051
Iter 180 of 180 Loss: 0.353776, L1(Flow): 0.308493, Reg: 0.045283
Epoch 216 Loss: 0.352841
Epoch 216 Validation: Mean EPE: 1.0492, Mean SSIM: 0.8365, Mean ZNCC: 0.9697
Epoch 217 starts
Iter 10 of 180 Loss: 0.359886, L1(Flow): 0.318760, Reg: 0.041125
Iter 20 of 180 Loss: 0.359324, L1(Flow): 0.310054, Reg: 0.049270
Iter 30 of 180 Loss: 0.364951, L1(Flow): 0.318610, Reg: 0.046342
Iter 40 of 180 Loss: 0.341377, L1(Flow): 0.298483, Reg: 0.042894
Iter 50 of 180 Loss: 0.348813, L1(Flow): 0.305143, Reg: 0.043670
Iter 60 of 180 Loss: 0.363475, L1(Flow): 0.317509, Reg: 0.045966
Iter 70 of 180 Loss: 0.361065, L1(Flow): 0.316796, Reg: 0.044269
Iter 80 of 180 Loss: 0.354056, L1(Flow): 0.309413, Reg: 0.044642
Iter 90 of 180 Loss: 0.357076, L1(Flow): 0.312625, Reg: 0.044450
Iter 100 of 180 Loss: 0.361176, L1(Flow): 0.318010, Reg: 0.043166
Iter 110 of 180 Loss: 0.363664, L1(Flow): 0.317298, Reg: 0.046366
Iter 120 of 180 Loss: 0.358527, L1(Flow): 0.311001, Reg: 0.047527
Iter 130 of 180 Loss: 0.358424, L1(Flow): 0.311185, Reg: 0.047239
Iter 140 of 180 Loss: 0.343720, L1(Flow): 0.304253, Reg: 0.039467
Iter 150 of 180 Loss: 0.360997, L1(Flow): 0.314388, Reg: 0.046609
Iter 160 of 180 Loss: 0.368774, L1(Flow): 0.322615, Reg: 0.046158
Iter 170 of 180 Loss: 0.337724, L1(Flow): 0.295596, Reg: 0.042129
Iter 180 of 180 Loss: 0.354061, L1(Flow): 0.306888, Reg: 0.047173
Epoch 217 Loss: 0.349421
Epoch 217 Validation: Mean EPE: 1.0427, Mean SSIM: 0.8369, Mean ZNCC: 0.9699
--> Saved to Top 5 best models (EPE: 1.0427)
Epoch 218 starts
Iter 10 of 180 Loss: 0.334460, L1(Flow): 0.292724, Reg: 0.041736
Iter 20 of 180 Loss: 0.331411, L1(Flow): 0.287046, Reg: 0.044365
Iter 30 of 180 Loss: 0.324536, L1(Flow): 0.281948, Reg: 0.042588
Iter 40 of 180 Loss: 0.329939, L1(Flow): 0.289993, Reg: 0.039945
Iter 50 of 180 Loss: 0.354485, L1(Flow): 0.308233, Reg: 0.046253
Iter 60 of 180 Loss: 0.368470, L1(Flow): 0.315828, Reg: 0.052642
Iter 70 of 180 Loss: 0.317217, L1(Flow): 0.273943, Reg: 0.043274
Iter 80 of 180 Loss: 0.352079, L1(Flow): 0.308359, Reg: 0.043720
Iter 90 of 180 Loss: 0.355448, L1(Flow): 0.309058, Reg: 0.046390
Iter 100 of 180 Loss: 0.370035, L1(Flow): 0.320674, Reg: 0.049361
Iter 110 of 180 Loss: 0.358462, L1(Flow): 0.315013, Reg: 0.043449
Iter 120 of 180 Loss: 0.352460, L1(Flow): 0.306069, Reg: 0.046391
Iter 130 of 180 Loss: 0.360757, L1(Flow): 0.316002, Reg: 0.044755
Iter 140 of 180 Loss: 0.348622, L1(Flow): 0.303810, Reg: 0.044813
Iter 150 of 180 Loss: 0.342826, L1(Flow): 0.299159, Reg: 0.043668
Iter 160 of 180 Loss: 0.361301, L1(Flow): 0.316897, Reg: 0.044404
Iter 170 of 180 Loss: 0.330442, L1(Flow): 0.286271, Reg: 0.044171
Iter 180 of 180 Loss: 0.317984, L1(Flow): 0.278092, Reg: 0.039892
Epoch 218 Loss: 0.345633
Epoch 218 Validation: Mean EPE: 1.0399, Mean SSIM: 0.8376, Mean ZNCC: 0.9700
--> Saved to Top 5 best models (EPE: 1.0399)
--> New absolute BEST model updated with EPE: 1.0399
Epoch 219 starts
Iter 10 of 180 Loss: 0.358864, L1(Flow): 0.312788, Reg: 0.046076
Iter 20 of 180 Loss: 0.319613, L1(Flow): 0.280964, Reg: 0.038649
Iter 30 of 180 Loss: 0.363990, L1(Flow): 0.318713, Reg: 0.045277
Iter 40 of 180 Loss: 0.324740, L1(Flow): 0.283189, Reg: 0.041551
Iter 50 of 180 Loss: 0.352886, L1(Flow): 0.307614, Reg: 0.045272
Iter 60 of 180 Loss: 0.343940, L1(Flow): 0.299646, Reg: 0.044294
Iter 70 of 180 Loss: 0.367973, L1(Flow): 0.322772, Reg: 0.045201
Iter 80 of 180 Loss: 0.333085, L1(Flow): 0.290701, Reg: 0.042384
Iter 90 of 180 Loss: 0.341632, L1(Flow): 0.297742, Reg: 0.043889
Iter 100 of 180 Loss: 0.330581, L1(Flow): 0.289342, Reg: 0.041239
Iter 110 of 180 Loss: 0.330266, L1(Flow): 0.288089, Reg: 0.042177
Iter 120 of 180 Loss: 0.344163, L1(Flow): 0.301551, Reg: 0.042612
Iter 130 of 180 Loss: 0.368872, L1(Flow): 0.319875, Reg: 0.048998
Iter 140 of 180 Loss: 0.346436, L1(Flow): 0.304928, Reg: 0.041508
Iter 150 of 180 Loss: 0.362255, L1(Flow): 0.314431, Reg: 0.047825
Iter 160 of 180 Loss: 0.344265, L1(Flow): 0.297987, Reg: 0.046278
Iter 170 of 180 Loss: 0.329179, L1(Flow): 0.287210, Reg: 0.041969
Iter 180 of 180 Loss: 0.321369, L1(Flow): 0.280308, Reg: 0.041061
Epoch 219 Loss: 0.343989
Epoch 219 Validation: Mean EPE: 1.0395, Mean SSIM: 0.8371, Mean ZNCC: 0.9700
--> Saved to Top 5 best models (EPE: 1.0395)
--> New absolute BEST model updated with EPE: 1.0395
Epoch 220 starts
Iter 10 of 180 Loss: 0.351039, L1(Flow): 0.308373, Reg: 0.042666
Iter 20 of 180 Loss: 0.352523, L1(Flow): 0.305599, Reg: 0.046924
Iter 30 of 180 Loss: 0.355416, L1(Flow): 0.308278, Reg: 0.047138
Iter 40 of 180 Loss: 0.353005, L1(Flow): 0.304198, Reg: 0.048807
Iter 50 of 180 Loss: 0.345425, L1(Flow): 0.306832, Reg: 0.038593
Iter 60 of 180 Loss: 0.345699, L1(Flow): 0.301214, Reg: 0.044485
Iter 70 of 180 Loss: 0.350444, L1(Flow): 0.306940, Reg: 0.043504
Iter 80 of 180 Loss: 0.352888, L1(Flow): 0.306293, Reg: 0.046595
Iter 90 of 180 Loss: 0.355819, L1(Flow): 0.310219, Reg: 0.045600
Iter 100 of 180 Loss: 0.352619, L1(Flow): 0.303519, Reg: 0.049099
Iter 110 of 180 Loss: 0.318172, L1(Flow): 0.276256, Reg: 0.041916
Iter 120 of 180 Loss: 0.365764, L1(Flow): 0.319901, Reg: 0.045862
Iter 130 of 180 Loss: 0.340225, L1(Flow): 0.299002, Reg: 0.041223
Iter 140 of 180 Loss: 0.324342, L1(Flow): 0.281403, Reg: 0.042940
Iter 150 of 180 Loss: 0.324803, L1(Flow): 0.278499, Reg: 0.046303
Iter 160 of 180 Loss: 0.337005, L1(Flow): 0.291489, Reg: 0.045517
Iter 170 of 180 Loss: 0.337077, L1(Flow): 0.292717, Reg: 0.044361
Iter 180 of 180 Loss: 0.356502, L1(Flow): 0.314329, Reg: 0.042173
Epoch 220 Loss: 0.343558
Epoch 220 Validation: Mean EPE: 1.0435, Mean SSIM: 0.8371, Mean ZNCC: 0.9699
--> Saved to Top 5 best models (EPE: 1.0435)
Epoch 221 starts
Iter 10 of 180 Loss: 0.341541, L1(Flow): 0.295240, Reg: 0.046301
Iter 20 of 180 Loss: 0.368128, L1(Flow): 0.321667, Reg: 0.046461
Iter 30 of 180 Loss: 0.328831, L1(Flow): 0.286307, Reg: 0.042524
Iter 40 of 180 Loss: 0.357130, L1(Flow): 0.311724, Reg: 0.045406
Iter 50 of 180 Loss: 0.338838, L1(Flow): 0.296684, Reg: 0.042154
Iter 60 of 180 Loss: 0.351722, L1(Flow): 0.307326, Reg: 0.044396
Iter 70 of 180 Loss: 0.357991, L1(Flow): 0.314618, Reg: 0.043373
Iter 80 of 180 Loss: 0.333772, L1(Flow): 0.289109, Reg: 0.044662
Iter 90 of 180 Loss: 0.335157, L1(Flow): 0.291750, Reg: 0.043407
Iter 100 of 180 Loss: 0.335443, L1(Flow): 0.291615, Reg: 0.043829
Iter 110 of 180 Loss: 0.349716, L1(Flow): 0.301870, Reg: 0.047846
Iter 120 of 180 Loss: 0.361219, L1(Flow): 0.317287, Reg: 0.043932
Iter 130 of 180 Loss: 0.324046, L1(Flow): 0.281142, Reg: 0.042904
Iter 140 of 180 Loss: 0.332569, L1(Flow): 0.289509, Reg: 0.043060
Iter 150 of 180 Loss: 0.342973, L1(Flow): 0.300440, Reg: 0.042533
Iter 160 of 180 Loss: 0.323730, L1(Flow): 0.282160, Reg: 0.041570
Iter 170 of 180 Loss: 0.352076, L1(Flow): 0.306210, Reg: 0.045865
Iter 180 of 180 Loss: 0.318131, L1(Flow): 0.272259, Reg: 0.045872
Epoch 221 Loss: 0.343232
Epoch 221 Validation: Mean EPE: 1.0453, Mean SSIM: 0.8351, Mean ZNCC: 0.9694
Epoch 222 starts
Iter 10 of 180 Loss: 0.323117, L1(Flow): 0.282243, Reg: 0.040874
Iter 20 of 180 Loss: 0.328234, L1(Flow): 0.288112, Reg: 0.040122
Iter 30 of 180 Loss: 0.366427, L1(Flow): 0.321817, Reg: 0.044610
Iter 40 of 180 Loss: 0.343220, L1(Flow): 0.298945, Reg: 0.044275
Iter 50 of 180 Loss: 0.333051, L1(Flow): 0.290085, Reg: 0.042966
Iter 60 of 180 Loss: 0.320685, L1(Flow): 0.277514, Reg: 0.043171
Iter 70 of 180 Loss: 0.344136, L1(Flow): 0.302606, Reg: 0.041530
Iter 80 of 180 Loss: 0.326633, L1(Flow): 0.283930, Reg: 0.042703
Iter 90 of 180 Loss: 0.353951, L1(Flow): 0.310785, Reg: 0.043166
Iter 100 of 180 Loss: 0.388903, L1(Flow): 0.343835, Reg: 0.045068
Iter 110 of 180 Loss: 0.378035, L1(Flow): 0.332393, Reg: 0.045642
Iter 120 of 180 Loss: 0.333846, L1(Flow): 0.293536, Reg: 0.040310
Iter 130 of 180 Loss: 0.335408, L1(Flow): 0.295547, Reg: 0.039860
Iter 140 of 180 Loss: 0.354664, L1(Flow): 0.313652, Reg: 0.041011
Iter 150 of 180 Loss: 0.369851, L1(Flow): 0.323563, Reg: 0.046289
Iter 160 of 180 Loss: 0.347460, L1(Flow): 0.307041, Reg: 0.040419
Iter 170 of 180 Loss: 0.334457, L1(Flow): 0.290964, Reg: 0.043493
Iter 180 of 180 Loss: 0.322679, L1(Flow): 0.281923, Reg: 0.040756
Epoch 222 Loss: 0.345993
Epoch 222 Validation: Mean EPE: 1.0407, Mean SSIM: 0.8368, Mean ZNCC: 0.9698
--> Saved to Top 5 best models (EPE: 1.0407)
Epoch 223 starts
Iter 10 of 180 Loss: 0.335516, L1(Flow): 0.294056, Reg: 0.041459
Iter 20 of 180 Loss: 0.383664, L1(Flow): 0.335673, Reg: 0.047991
Iter 30 of 180 Loss: 0.379559, L1(Flow): 0.331152, Reg: 0.048407
Iter 40 of 180 Loss: 0.361136, L1(Flow): 0.320986, Reg: 0.040150
Iter 50 of 180 Loss: 0.364770, L1(Flow): 0.320248, Reg: 0.044522
Iter 60 of 180 Loss: 0.370907, L1(Flow): 0.324591, Reg: 0.046316
Iter 70 of 180 Loss: 0.348200, L1(Flow): 0.306856, Reg: 0.041344
Iter 80 of 180 Loss: 0.347482, L1(Flow): 0.304670, Reg: 0.042812
Iter 90 of 180 Loss: 0.354137, L1(Flow): 0.307943, Reg: 0.046194
Iter 100 of 180 Loss: 0.343565, L1(Flow): 0.296338, Reg: 0.047227
Iter 110 of 180 Loss: 0.332318, L1(Flow): 0.288371, Reg: 0.043948
Iter 120 of 180 Loss: 0.369093, L1(Flow): 0.321829, Reg: 0.047264
Iter 130 of 180 Loss: 0.339592, L1(Flow): 0.295864, Reg: 0.043728
Iter 140 of 180 Loss: 0.340109, L1(Flow): 0.297014, Reg: 0.043095
Iter 150 of 180 Loss: 0.345817, L1(Flow): 0.300219, Reg: 0.045598
Iter 160 of 180 Loss: 0.343799, L1(Flow): 0.300002, Reg: 0.043797
Iter 170 of 180 Loss: 0.332221, L1(Flow): 0.290042, Reg: 0.042179
Iter 180 of 180 Loss: 0.320598, L1(Flow): 0.276336, Reg: 0.044262
Epoch 223 Loss: 0.347606
Epoch 223 Validation: Mean EPE: 1.0404, Mean SSIM: 0.8370, Mean ZNCC: 0.9698
--> Saved to Top 5 best models (EPE: 1.0404)
Epoch 224 starts
Iter 10 of 180 Loss: 0.337061, L1(Flow): 0.297797, Reg: 0.039263
Iter 20 of 180 Loss: 0.352090, L1(Flow): 0.310422, Reg: 0.041668
Iter 30 of 180 Loss: 0.332314, L1(Flow): 0.287053, Reg: 0.045260
Iter 40 of 180 Loss: 0.337176, L1(Flow): 0.293737, Reg: 0.043439
Iter 50 of 180 Loss: 0.337440, L1(Flow): 0.295430, Reg: 0.042010
Iter 60 of 180 Loss: 0.344398, L1(Flow): 0.302799, Reg: 0.041600
Iter 70 of 180 Loss: 0.342006, L1(Flow): 0.296464, Reg: 0.045542
Iter 80 of 180 Loss: 0.359464, L1(Flow): 0.312420, Reg: 0.047044
Iter 90 of 180 Loss: 0.379526, L1(Flow): 0.338588, Reg: 0.040938
Iter 100 of 180 Loss: 0.331105, L1(Flow): 0.288494, Reg: 0.042611
Iter 110 of 180 Loss: 0.357938, L1(Flow): 0.311723, Reg: 0.046215
Iter 120 of 180 Loss: 0.336042, L1(Flow): 0.292229, Reg: 0.043813
Iter 130 of 180 Loss: 0.353924, L1(Flow): 0.306479, Reg: 0.047446
Iter 140 of 180 Loss: 0.335042, L1(Flow): 0.291929, Reg: 0.043113
Iter 150 of 180 Loss: 0.324665, L1(Flow): 0.281890, Reg: 0.042775
Iter 160 of 180 Loss: 0.352149, L1(Flow): 0.307639, Reg: 0.044510
Iter 170 of 180 Loss: 0.355141, L1(Flow): 0.307890, Reg: 0.047251
Iter 180 of 180 Loss: 0.350588, L1(Flow): 0.306393, Reg: 0.044196
Epoch 224 Loss: 0.344526
Epoch 224 Validation: Mean EPE: 1.0383, Mean SSIM: 0.8377, Mean ZNCC: 0.9698
--> Saved to Top 5 best models (EPE: 1.0383)
--> New absolute BEST model updated with EPE: 1.0383
Epoch 225 starts
Iter 10 of 180 Loss: 0.371525, L1(Flow): 0.320735, Reg: 0.050790
Iter 20 of 180 Loss: 0.377639, L1(Flow): 0.330496, Reg: 0.047143
Iter 30 of 180 Loss: 0.338506, L1(Flow): 0.295907, Reg: 0.042599
Iter 40 of 180 Loss: 0.326597, L1(Flow): 0.284227, Reg: 0.042370
Iter 50 of 180 Loss: 0.341726, L1(Flow): 0.294573, Reg: 0.047153
Iter 60 of 180 Loss: 0.358899, L1(Flow): 0.311010, Reg: 0.047889
Iter 70 of 180 Loss: 0.317098, L1(Flow): 0.273805, Reg: 0.043294
Iter 80 of 180 Loss: 0.353483, L1(Flow): 0.307686, Reg: 0.045797
Iter 90 of 180 Loss: 0.344804, L1(Flow): 0.298780, Reg: 0.046024
Iter 100 of 180 Loss: 0.372205, L1(Flow): 0.323643, Reg: 0.048562
Iter 110 of 180 Loss: 0.330864, L1(Flow): 0.290611, Reg: 0.040253
Iter 120 of 180 Loss: 0.354119, L1(Flow): 0.307168, Reg: 0.046951
Iter 130 of 180 Loss: 0.333625, L1(Flow): 0.293479, Reg: 0.040146
Iter 140 of 180 Loss: 0.333610, L1(Flow): 0.293624, Reg: 0.039986
Iter 150 of 180 Loss: 0.328749, L1(Flow): 0.287993, Reg: 0.040756
Iter 160 of 180 Loss: 0.345063, L1(Flow): 0.299399, Reg: 0.045665
Iter 170 of 180 Loss: 0.332947, L1(Flow): 0.291010, Reg: 0.041937
Iter 180 of 180 Loss: 0.367966, L1(Flow): 0.318601, Reg: 0.049365
Epoch 225 Loss: 0.343245
Epoch 225 Validation: Mean EPE: 1.0430, Mean SSIM: 0.8363, Mean ZNCC: 0.9697
Epoch 226 starts
Iter 10 of 180 Loss: 0.365332, L1(Flow): 0.320417, Reg: 0.044915
Iter 20 of 180 Loss: 0.372099, L1(Flow): 0.325100, Reg: 0.046999
Iter 30 of 180 Loss: 0.356247, L1(Flow): 0.312953, Reg: 0.043294
Iter 40 of 180 Loss: 0.339867, L1(Flow): 0.295967, Reg: 0.043900
Iter 50 of 180 Loss: 0.323815, L1(Flow): 0.282883, Reg: 0.040932
Iter 60 of 180 Loss: 0.330762, L1(Flow): 0.289163, Reg: 0.041598
Iter 70 of 180 Loss: 0.325031, L1(Flow): 0.284992, Reg: 0.040039
Iter 80 of 180 Loss: 0.342078, L1(Flow): 0.302614, Reg: 0.039464
Iter 90 of 180 Loss: 0.390753, L1(Flow): 0.340229, Reg: 0.050524
Iter 100 of 180 Loss: 0.345331, L1(Flow): 0.301541, Reg: 0.043789
Iter 110 of 180 Loss: 0.371525, L1(Flow): 0.323349, Reg: 0.048176
Iter 120 of 180 Loss: 0.343450, L1(Flow): 0.300162, Reg: 0.043288
Iter 130 of 180 Loss: 0.361037, L1(Flow): 0.318648, Reg: 0.042389
Iter 140 of 180 Loss: 0.360413, L1(Flow): 0.313397, Reg: 0.047016
Iter 150 of 180 Loss: 0.372197, L1(Flow): 0.324914, Reg: 0.047283
Iter 160 of 180 Loss: 0.338229, L1(Flow): 0.293796, Reg: 0.044434
Iter 170 of 180 Loss: 0.372737, L1(Flow): 0.328411, Reg: 0.044326
Iter 180 of 180 Loss: 0.382003, L1(Flow): 0.338543, Reg: 0.043460
Epoch 226 Loss: 0.345445
Epoch 226 Validation: Mean EPE: 1.0438, Mean SSIM: 0.8364, Mean ZNCC: 0.9697
Epoch 227 starts
Iter 10 of 180 Loss: 0.324104, L1(Flow): 0.282436, Reg: 0.041668
Iter 20 of 180 Loss: 0.344206, L1(Flow): 0.302941, Reg: 0.041265
Iter 30 of 180 Loss: 0.346894, L1(Flow): 0.299529, Reg: 0.047366
Iter 40 of 180 Loss: 0.330442, L1(Flow): 0.286484, Reg: 0.043958
Iter 50 of 180 Loss: 0.348032, L1(Flow): 0.303595, Reg: 0.044437
Iter 60 of 180 Loss: 0.349484, L1(Flow): 0.302376, Reg: 0.047107
Iter 70 of 180 Loss: 0.347852, L1(Flow): 0.301055, Reg: 0.046797
Iter 80 of 180 Loss: 0.341390, L1(Flow): 0.297785, Reg: 0.043605
Iter 90 of 180 Loss: 0.339201, L1(Flow): 0.291832, Reg: 0.047368
Iter 100 of 180 Loss: 0.328660, L1(Flow): 0.286948, Reg: 0.041711
Iter 110 of 180 Loss: 0.357054, L1(Flow): 0.314318, Reg: 0.042736
Iter 120 of 180 Loss: 0.342690, L1(Flow): 0.295443, Reg: 0.047247
Iter 130 of 180 Loss: 0.313250, L1(Flow): 0.274013, Reg: 0.039237
Iter 140 of 180 Loss: 0.338524, L1(Flow): 0.296785, Reg: 0.041739
Iter 150 of 180 Loss: 0.359094, L1(Flow): 0.310268, Reg: 0.048826
Iter 160 of 180 Loss: 0.335176, L1(Flow): 0.293324, Reg: 0.041852
Iter 170 of 180 Loss: 0.322338, L1(Flow): 0.279151, Reg: 0.043187
Iter 180 of 180 Loss: 0.354407, L1(Flow): 0.311835, Reg: 0.042571
Epoch 227 Loss: 0.340552
Epoch 227 Validation: Mean EPE: 1.0436, Mean SSIM: 0.8373, Mean ZNCC: 0.9699
Epoch 228 starts
Iter 10 of 180 Loss: 0.342446, L1(Flow): 0.299127, Reg: 0.043319
Iter 20 of 180 Loss: 0.323890, L1(Flow): 0.282464, Reg: 0.041426
Iter 30 of 180 Loss: 0.358048, L1(Flow): 0.313293, Reg: 0.044755
Iter 40 of 180 Loss: 0.328212, L1(Flow): 0.285443, Reg: 0.042769
Iter 50 of 180 Loss: 0.332055, L1(Flow): 0.290388, Reg: 0.041667
Iter 60 of 180 Loss: 0.348627, L1(Flow): 0.303524, Reg: 0.045103
Iter 70 of 180 Loss: 0.336317, L1(Flow): 0.294046, Reg: 0.042271
Iter 80 of 180 Loss: 0.349985, L1(Flow): 0.304563, Reg: 0.045422
Iter 90 of 180 Loss: 0.363305, L1(Flow): 0.316901, Reg: 0.046404
Iter 100 of 180 Loss: 0.345486, L1(Flow): 0.303464, Reg: 0.042022
Iter 110 of 180 Loss: 0.366064, L1(Flow): 0.322277, Reg: 0.043787
Iter 120 of 180 Loss: 0.326729, L1(Flow): 0.285388, Reg: 0.041341
Iter 130 of 180 Loss: 0.316518, L1(Flow): 0.276016, Reg: 0.040501
Iter 140 of 180 Loss: 0.336530, L1(Flow): 0.293797, Reg: 0.042732
Iter 150 of 180 Loss: 0.355172, L1(Flow): 0.307893, Reg: 0.047278
Iter 160 of 180 Loss: 0.337114, L1(Flow): 0.293504, Reg: 0.043610
Iter 170 of 180 Loss: 0.390676, L1(Flow): 0.339147, Reg: 0.051528
Iter 180 of 180 Loss: 0.334853, L1(Flow): 0.289478, Reg: 0.045375
Epoch 228 Loss: 0.344281
Epoch 228 Validation: Mean EPE: 1.0353, Mean SSIM: 0.8378, Mean ZNCC: 0.9701
--> Saved to Top 5 best models (EPE: 1.0353)
--> New absolute BEST model updated with EPE: 1.0353
Epoch 229 starts
Iter 10 of 180 Loss: 0.334831, L1(Flow): 0.294030, Reg: 0.040801
Iter 20 of 180 Loss: 0.332894, L1(Flow): 0.292023, Reg: 0.040871
Iter 30 of 180 Loss: 0.315004, L1(Flow): 0.276431, Reg: 0.038573
Iter 40 of 180 Loss: 0.329946, L1(Flow): 0.284988, Reg: 0.044959
Iter 50 of 180 Loss: 0.337133, L1(Flow): 0.290782, Reg: 0.046350
Iter 60 of 180 Loss: 0.348464, L1(Flow): 0.300649, Reg: 0.047815
Iter 70 of 180 Loss: 0.327738, L1(Flow): 0.283052, Reg: 0.044686
Iter 80 of 180 Loss: 0.312943, L1(Flow): 0.273206, Reg: 0.039737
Iter 90 of 180 Loss: 0.318108, L1(Flow): 0.276848, Reg: 0.041259
Iter 100 of 180 Loss: 0.323861, L1(Flow): 0.282230, Reg: 0.041631
Iter 110 of 180 Loss: 0.337110, L1(Flow): 0.293593, Reg: 0.043517
Iter 120 of 180 Loss: 0.339685, L1(Flow): 0.294614, Reg: 0.045071
Iter 130 of 180 Loss: 0.325103, L1(Flow): 0.284158, Reg: 0.040944
Iter 140 of 180 Loss: 0.327825, L1(Flow): 0.284373, Reg: 0.043452
Iter 150 of 180 Loss: 0.350223, L1(Flow): 0.304852, Reg: 0.045370
Iter 160 of 180 Loss: 0.345031, L1(Flow): 0.300600, Reg: 0.044431
Iter 170 of 180 Loss: 0.334042, L1(Flow): 0.292480, Reg: 0.041562
Iter 180 of 180 Loss: 0.334582, L1(Flow): 0.288367, Reg: 0.046215
Epoch 229 Loss: 0.336864
Epoch 229 Validation: Mean EPE: 1.0382, Mean SSIM: 0.8379, Mean ZNCC: 0.9701
--> Saved to Top 5 best models (EPE: 1.0382)
Epoch 230 starts
Iter 10 of 180 Loss: 0.323557, L1(Flow): 0.282979, Reg: 0.040578
Iter 20 of 180 Loss: 0.359537, L1(Flow): 0.313663, Reg: 0.045873
Iter 30 of 180 Loss: 0.346971, L1(Flow): 0.297339, Reg: 0.049632
Iter 40 of 180 Loss: 0.362303, L1(Flow): 0.316037, Reg: 0.046265
Iter 50 of 180 Loss: 0.357870, L1(Flow): 0.314334, Reg: 0.043537
Iter 60 of 180 Loss: 0.350602, L1(Flow): 0.308724, Reg: 0.041878
Iter 70 of 180 Loss: 0.323987, L1(Flow): 0.281409, Reg: 0.042578
Iter 80 of 180 Loss: 0.335122, L1(Flow): 0.291511, Reg: 0.043611
Iter 90 of 180 Loss: 0.315207, L1(Flow): 0.274469, Reg: 0.040738
Iter 100 of 180 Loss: 0.313500, L1(Flow): 0.272961, Reg: 0.040539
Iter 110 of 180 Loss: 0.355878, L1(Flow): 0.309115, Reg: 0.046762
Iter 120 of 180 Loss: 0.333405, L1(Flow): 0.288621, Reg: 0.044784
Iter 130 of 180 Loss: 0.344464, L1(Flow): 0.303298, Reg: 0.041166
Iter 140 of 180 Loss: 0.301312, L1(Flow): 0.261335, Reg: 0.039976
Iter 150 of 180 Loss: 0.330143, L1(Flow): 0.286043, Reg: 0.044101
Iter 160 of 180 Loss: 0.347396, L1(Flow): 0.304311, Reg: 0.043085
Iter 170 of 180 Loss: 0.334310, L1(Flow): 0.291396, Reg: 0.042913
Iter 180 of 180 Loss: 0.344043, L1(Flow): 0.297365, Reg: 0.046678
Epoch 230 Loss: 0.337171
Epoch 230 Validation: Mean EPE: 1.0401, Mean SSIM: 0.8375, Mean ZNCC: 0.9698
Epoch 231 starts
Iter 10 of 180 Loss: 0.337680, L1(Flow): 0.299420, Reg: 0.038260
Iter 20 of 180 Loss: 0.343290, L1(Flow): 0.296789, Reg: 0.046501
Iter 30 of 180 Loss: 0.345613, L1(Flow): 0.297471, Reg: 0.048142
Iter 40 of 180 Loss: 0.345467, L1(Flow): 0.302298, Reg: 0.043169
Iter 50 of 180 Loss: 0.369943, L1(Flow): 0.318263, Reg: 0.051680
Iter 60 of 180 Loss: 0.337824, L1(Flow): 0.296187, Reg: 0.041637
Iter 70 of 180 Loss: 0.324770, L1(Flow): 0.283959, Reg: 0.040812
Iter 80 of 180 Loss: 0.344217, L1(Flow): 0.300355, Reg: 0.043863
Iter 90 of 180 Loss: 0.357767, L1(Flow): 0.316047, Reg: 0.041720
Iter 100 of 180 Loss: 0.358405, L1(Flow): 0.315606, Reg: 0.042799
Iter 110 of 180 Loss: 0.347767, L1(Flow): 0.300972, Reg: 0.046795
Iter 120 of 180 Loss: 0.343376, L1(Flow): 0.298307, Reg: 0.045069
Iter 130 of 180 Loss: 0.324877, L1(Flow): 0.281817, Reg: 0.043060
Iter 140 of 180 Loss: 0.325832, L1(Flow): 0.287018, Reg: 0.038814
Iter 150 of 180 Loss: 0.339188, L1(Flow): 0.297268, Reg: 0.041920
Iter 160 of 180 Loss: 0.340738, L1(Flow): 0.300879, Reg: 0.039859
Iter 170 of 180 Loss: 0.327249, L1(Flow): 0.286171, Reg: 0.041078
Iter 180 of 180 Loss: 0.340156, L1(Flow): 0.296033, Reg: 0.044123
Epoch 231 Loss: 0.337037
Epoch 231 Validation: Mean EPE: 1.0416, Mean SSIM: 0.8361, Mean ZNCC: 0.9698
Epoch 232 starts
Iter 10 of 180 Loss: 0.340922, L1(Flow): 0.294780, Reg: 0.046142
Iter 20 of 180 Loss: 0.328953, L1(Flow): 0.286007, Reg: 0.042946
Iter 30 of 180 Loss: 0.343688, L1(Flow): 0.296917, Reg: 0.046770
Iter 40 of 180 Loss: 0.336681, L1(Flow): 0.290588, Reg: 0.046093
Iter 50 of 180 Loss: 0.349634, L1(Flow): 0.306172, Reg: 0.043462
Iter 60 of 180 Loss: 0.341271, L1(Flow): 0.297681, Reg: 0.043590
Iter 70 of 180 Loss: 0.312902, L1(Flow): 0.276591, Reg: 0.036311
Iter 80 of 180 Loss: 0.361216, L1(Flow): 0.316395, Reg: 0.044821
Iter 90 of 180 Loss: 0.356594, L1(Flow): 0.312616, Reg: 0.043978
Iter 100 of 180 Loss: 0.341786, L1(Flow): 0.298468, Reg: 0.043319
Iter 110 of 180 Loss: 0.340025, L1(Flow): 0.297080, Reg: 0.042945
Iter 120 of 180 Loss: 0.326785, L1(Flow): 0.284633, Reg: 0.042152
Iter 130 of 180 Loss: 0.333286, L1(Flow): 0.292317, Reg: 0.040970
Iter 140 of 180 Loss: 0.317231, L1(Flow): 0.279372, Reg: 0.037859
Iter 150 of 180 Loss: 0.308724, L1(Flow): 0.268497, Reg: 0.040227
Iter 160 of 180 Loss: 0.351986, L1(Flow): 0.311048, Reg: 0.040938
Iter 170 of 180 Loss: 0.328831, L1(Flow): 0.288869, Reg: 0.039963
Iter 180 of 180 Loss: 0.342401, L1(Flow): 0.300622, Reg: 0.041779
Epoch 232 Loss: 0.338932
Epoch 232 Validation: Mean EPE: 1.0341, Mean SSIM: 0.8378, Mean ZNCC: 0.9700
--> Saved to Top 5 best models (EPE: 1.0341)
--> New absolute BEST model updated with EPE: 1.0341
Epoch 233 starts
Iter 10 of 180 Loss: 0.325820, L1(Flow): 0.284626, Reg: 0.041195
Iter 20 of 180 Loss: 0.328768, L1(Flow): 0.286225, Reg: 0.042543
Iter 30 of 180 Loss: 0.328472, L1(Flow): 0.286661, Reg: 0.041811
Iter 40 of 180 Loss: 0.343233, L1(Flow): 0.298934, Reg: 0.044299
Iter 50 of 180 Loss: 0.329415, L1(Flow): 0.287165, Reg: 0.042250
Iter 60 of 180 Loss: 0.332720, L1(Flow): 0.293787, Reg: 0.038933
Iter 70 of 180 Loss: 0.336017, L1(Flow): 0.294497, Reg: 0.041520
Iter 80 of 180 Loss: 0.336187, L1(Flow): 0.291660, Reg: 0.044527
Iter 90 of 180 Loss: 0.344963, L1(Flow): 0.300725, Reg: 0.044238
Iter 100 of 180 Loss: 0.357453, L1(Flow): 0.313498, Reg: 0.043955
Iter 110 of 180 Loss: 0.350283, L1(Flow): 0.304947, Reg: 0.045337
Iter 120 of 180 Loss: 0.341386, L1(Flow): 0.298238, Reg: 0.043147
Iter 130 of 180 Loss: 0.323054, L1(Flow): 0.279471, Reg: 0.043583
Iter 140 of 180 Loss: 0.312385, L1(Flow): 0.274303, Reg: 0.038082
Iter 150 of 180 Loss: 0.347915, L1(Flow): 0.301574, Reg: 0.046341
Iter 160 of 180 Loss: 0.366061, L1(Flow): 0.317105, Reg: 0.048956
Iter 170 of 180 Loss: 0.324678, L1(Flow): 0.282607, Reg: 0.042071
Iter 180 of 180 Loss: 0.314367, L1(Flow): 0.275083, Reg: 0.039284
Epoch 233 Loss: 0.337021
Epoch 233 Validation: Mean EPE: 1.0427, Mean SSIM: 0.8364, Mean ZNCC: 0.9700
Epoch 234 starts
Iter 10 of 180 Loss: 0.345296, L1(Flow): 0.300925, Reg: 0.044370
Iter 20 of 180 Loss: 0.328206, L1(Flow): 0.289014, Reg: 0.039192
Iter 30 of 180 Loss: 0.351306, L1(Flow): 0.307657, Reg: 0.043649
Iter 40 of 180 Loss: 0.345748, L1(Flow): 0.300475, Reg: 0.045273
Iter 50 of 180 Loss: 0.340187, L1(Flow): 0.296374, Reg: 0.043813
Iter 60 of 180 Loss: 0.332114, L1(Flow): 0.289680, Reg: 0.042434
Iter 70 of 180 Loss: 0.349494, L1(Flow): 0.309189, Reg: 0.040304
Iter 80 of 180 Loss: 0.339825, L1(Flow): 0.295859, Reg: 0.043966
Iter 90 of 180 Loss: 0.335270, L1(Flow): 0.290153, Reg: 0.045117
Iter 100 of 180 Loss: 0.337885, L1(Flow): 0.296684, Reg: 0.041201
Iter 110 of 180 Loss: 0.317525, L1(Flow): 0.274428, Reg: 0.043097
Iter 120 of 180 Loss: 0.327767, L1(Flow): 0.284425, Reg: 0.043342
Iter 130 of 180 Loss: 0.326003, L1(Flow): 0.286567, Reg: 0.039437
Iter 140 of 180 Loss: 0.339648, L1(Flow): 0.295680, Reg: 0.043968
Iter 150 of 180 Loss: 0.339141, L1(Flow): 0.294058, Reg: 0.045082
Iter 160 of 180 Loss: 0.328589, L1(Flow): 0.287035, Reg: 0.041554
Iter 170 of 180 Loss: 0.318263, L1(Flow): 0.279122, Reg: 0.039140
Iter 180 of 180 Loss: 0.339552, L1(Flow): 0.298033, Reg: 0.041519
Epoch 234 Loss: 0.336293
Epoch 234 Validation: Mean EPE: 1.0367, Mean SSIM: 0.8373, Mean ZNCC: 0.9699
--> Saved to Top 5 best models (EPE: 1.0367)
Epoch 235 starts
Iter 10 of 180 Loss: 0.344571, L1(Flow): 0.300981, Reg: 0.043590
Iter 20 of 180 Loss: 0.329792, L1(Flow): 0.288669, Reg: 0.041123
Iter 30 of 180 Loss: 0.321382, L1(Flow): 0.280165, Reg: 0.041217
Iter 40 of 180 Loss: 0.343202, L1(Flow): 0.301753, Reg: 0.041449
Iter 50 of 180 Loss: 0.324610, L1(Flow): 0.283824, Reg: 0.040787
Iter 60 of 180 Loss: 0.326014, L1(Flow): 0.283635, Reg: 0.042379
Iter 70 of 180 Loss: 0.324300, L1(Flow): 0.283088, Reg: 0.041212
Iter 80 of 180 Loss: 0.332345, L1(Flow): 0.286930, Reg: 0.045414
Iter 90 of 180 Loss: 0.349433, L1(Flow): 0.302769, Reg: 0.046664
Iter 100 of 180 Loss: 0.314104, L1(Flow): 0.276516, Reg: 0.037588
Iter 110 of 180 Loss: 0.323890, L1(Flow): 0.281235, Reg: 0.042655
Iter 120 of 180 Loss: 0.301099, L1(Flow): 0.262302, Reg: 0.038798
Iter 130 of 180 Loss: 0.330225, L1(Flow): 0.289642, Reg: 0.040583
Iter 140 of 180 Loss: 0.334517, L1(Flow): 0.292140, Reg: 0.042377
Iter 150 of 180 Loss: 0.365175, L1(Flow): 0.321340, Reg: 0.043836
Iter 160 of 180 Loss: 0.352933, L1(Flow): 0.310452, Reg: 0.042481
Iter 170 of 180 Loss: 0.363540, L1(Flow): 0.316554, Reg: 0.046986
Iter 180 of 180 Loss: 0.342571, L1(Flow): 0.301798, Reg: 0.040773
Epoch 235 Loss: 0.337371
Epoch 235 Validation: Mean EPE: 1.0441, Mean SSIM: 0.8356, Mean ZNCC: 0.9697
Epoch 236 starts
Iter 10 of 180 Loss: 0.364584, L1(Flow): 0.319122, Reg: 0.045462
Iter 20 of 180 Loss: 0.336850, L1(Flow): 0.293501, Reg: 0.043349
Iter 30 of 180 Loss: 0.323069, L1(Flow): 0.282857, Reg: 0.040212
Iter 40 of 180 Loss: 0.324956, L1(Flow): 0.283581, Reg: 0.041375
Iter 50 of 180 Loss: 0.343316, L1(Flow): 0.299345, Reg: 0.043970
Iter 60 of 180 Loss: 0.320307, L1(Flow): 0.278931, Reg: 0.041376
Iter 70 of 180 Loss: 0.345339, L1(Flow): 0.302486, Reg: 0.042853
Iter 80 of 180 Loss: 0.336283, L1(Flow): 0.293832, Reg: 0.042450
Iter 90 of 180 Loss: 0.310631, L1(Flow): 0.271417, Reg: 0.039214
Iter 100 of 180 Loss: 0.342880, L1(Flow): 0.299180, Reg: 0.043700
Iter 110 of 180 Loss: 0.344226, L1(Flow): 0.300443, Reg: 0.043783
Iter 120 of 180 Loss: 0.333708, L1(Flow): 0.288202, Reg: 0.045506
Iter 130 of 180 Loss: 0.324912, L1(Flow): 0.283863, Reg: 0.041049
Iter 140 of 180 Loss: 0.316895, L1(Flow): 0.275522, Reg: 0.041373
Iter 150 of 180 Loss: 0.352916, L1(Flow): 0.306318, Reg: 0.046598
Iter 160 of 180 Loss: 0.328666, L1(Flow): 0.286045, Reg: 0.042620
Iter 170 of 180 Loss: 0.369467, L1(Flow): 0.325061, Reg: 0.044406
Iter 180 of 180 Loss: 0.419871, L1(Flow): 0.375456, Reg: 0.044415
Epoch 236 Loss: 0.342171
Epoch 236 Validation: Mean EPE: 1.1005, Mean SSIM: 0.8209, Mean ZNCC: 0.9662
Epoch 237 starts
Iter 10 of 180 Loss: 0.398506, L1(Flow): 0.351852, Reg: 0.046654
Iter 20 of 180 Loss: 0.370182, L1(Flow): 0.328564, Reg: 0.041618
Iter 30 of 180 Loss: 0.351836, L1(Flow): 0.305086, Reg: 0.046750
Iter 40 of 180 Loss: 0.326143, L1(Flow): 0.285739, Reg: 0.040404
Iter 50 of 180 Loss: 0.360887, L1(Flow): 0.313030, Reg: 0.047857
Iter 60 of 180 Loss: 0.356640, L1(Flow): 0.314917, Reg: 0.041723
Iter 70 of 180 Loss: 0.341729, L1(Flow): 0.297968, Reg: 0.043761
Iter 80 of 180 Loss: 0.341481, L1(Flow): 0.299836, Reg: 0.041644
Iter 90 of 180 Loss: 0.354816, L1(Flow): 0.307754, Reg: 0.047062
Iter 100 of 180 Loss: 0.342060, L1(Flow): 0.296713, Reg: 0.045347
Iter 110 of 180 Loss: 0.325151, L1(Flow): 0.281793, Reg: 0.043358
Iter 120 of 180 Loss: 0.344275, L1(Flow): 0.300424, Reg: 0.043850
Iter 130 of 180 Loss: 0.342790, L1(Flow): 0.298317, Reg: 0.044473
Iter 140 of 180 Loss: 0.334279, L1(Flow): 0.291371, Reg: 0.042908
Iter 150 of 180 Loss: 0.335642, L1(Flow): 0.294275, Reg: 0.041367
Iter 160 of 180 Loss: 0.348384, L1(Flow): 0.304224, Reg: 0.044159
Iter 170 of 180 Loss: 0.327576, L1(Flow): 0.287868, Reg: 0.039708
Iter 180 of 180 Loss: 0.350060, L1(Flow): 0.307944, Reg: 0.042115
Epoch 237 Loss: 0.347133
Epoch 237 Validation: Mean EPE: 1.0464, Mean SSIM: 0.8354, Mean ZNCC: 0.9694
Epoch 238 starts
Iter 10 of 180 Loss: 0.357319, L1(Flow): 0.315199, Reg: 0.042120
Iter 20 of 180 Loss: 0.365793, L1(Flow): 0.321108, Reg: 0.044685
Iter 30 of 180 Loss: 0.323927, L1(Flow): 0.283002, Reg: 0.040925
Iter 40 of 180 Loss: 0.334800, L1(Flow): 0.291016, Reg: 0.043784
Iter 50 of 180 Loss: 0.353472, L1(Flow): 0.308005, Reg: 0.045466
Iter 60 of 180 Loss: 0.324987, L1(Flow): 0.285016, Reg: 0.039970
Iter 70 of 180 Loss: 0.340340, L1(Flow): 0.297890, Reg: 0.042450
Iter 80 of 180 Loss: 0.325599, L1(Flow): 0.281835, Reg: 0.043765
Iter 90 of 180 Loss: 0.329613, L1(Flow): 0.287007, Reg: 0.042606
Iter 100 of 180 Loss: 0.363927, L1(Flow): 0.319205, Reg: 0.044722
Iter 110 of 180 Loss: 0.331108, L1(Flow): 0.287831, Reg: 0.043276
Iter 120 of 180 Loss: 0.332564, L1(Flow): 0.292245, Reg: 0.040319
Iter 130 of 180 Loss: 0.328796, L1(Flow): 0.284114, Reg: 0.044681
Iter 140 of 180 Loss: 0.339926, L1(Flow): 0.296491, Reg: 0.043435
Iter 150 of 180 Loss: 0.333998, L1(Flow): 0.290853, Reg: 0.043145
Iter 160 of 180 Loss: 0.339599, L1(Flow): 0.296442, Reg: 0.043156
Iter 170 of 180 Loss: 0.335020, L1(Flow): 0.291894, Reg: 0.043127
Iter 180 of 180 Loss: 0.326738, L1(Flow): 0.285045, Reg: 0.041693
Epoch 238 Loss: 0.336597
Epoch 238 Validation: Mean EPE: 1.0335, Mean SSIM: 0.8385, Mean ZNCC: 0.9703
--> Saved to Top 5 best models (EPE: 1.0335)
--> New absolute BEST model updated with EPE: 1.0335
Epoch 239 starts
Iter 10 of 180 Loss: 0.322654, L1(Flow): 0.280356, Reg: 0.042298
Iter 20 of 180 Loss: 0.320493, L1(Flow): 0.275950, Reg: 0.044543
Iter 30 of 180 Loss: 0.339476, L1(Flow): 0.291995, Reg: 0.047481
Iter 40 of 180 Loss: 0.326729, L1(Flow): 0.284135, Reg: 0.042594
Iter 50 of 180 Loss: 0.327702, L1(Flow): 0.282423, Reg: 0.045279
Iter 60 of 180 Loss: 0.347133, L1(Flow): 0.301001, Reg: 0.046132
Iter 70 of 180 Loss: 0.347549, L1(Flow): 0.297522, Reg: 0.050027
Iter 80 of 180 Loss: 0.342607, L1(Flow): 0.298235, Reg: 0.044373
Iter 90 of 180 Loss: 0.316022, L1(Flow): 0.272240, Reg: 0.043782
Iter 100 of 180 Loss: 0.327083, L1(Flow): 0.285467, Reg: 0.041616
Iter 110 of 180 Loss: 0.319642, L1(Flow): 0.277719, Reg: 0.041923
Iter 120 of 180 Loss: 0.361052, L1(Flow): 0.318510, Reg: 0.042542
Iter 130 of 180 Loss: 0.342758, L1(Flow): 0.299541, Reg: 0.043217
Iter 140 of 180 Loss: 0.347679, L1(Flow): 0.303479, Reg: 0.044200
Iter 150 of 180 Loss: 0.330783, L1(Flow): 0.286404, Reg: 0.044379
Iter 160 of 180 Loss: 0.331199, L1(Flow): 0.289908, Reg: 0.041291
Iter 170 of 180 Loss: 0.323297, L1(Flow): 0.279054, Reg: 0.044243
Iter 180 of 180 Loss: 0.343263, L1(Flow): 0.299875, Reg: 0.043388
Epoch 239 Loss: 0.333956
Epoch 239 Validation: Mean EPE: 1.0368, Mean SSIM: 0.8375, Mean ZNCC: 0.9699
--> Saved to Top 5 best models (EPE: 1.0368)
Epoch 240 starts
Iter 10 of 180 Loss: 0.339388, L1(Flow): 0.293678, Reg: 0.045711
Iter 20 of 180 Loss: 0.333121, L1(Flow): 0.290277, Reg: 0.042844
Iter 30 of 180 Loss: 0.344093, L1(Flow): 0.301196, Reg: 0.042897
Iter 40 of 180 Loss: 0.318958, L1(Flow): 0.279707, Reg: 0.039250
Iter 50 of 180 Loss: 0.315890, L1(Flow): 0.275752, Reg: 0.040139
Iter 60 of 180 Loss: 0.332990, L1(Flow): 0.292135, Reg: 0.040856
Iter 70 of 180 Loss: 0.330170, L1(Flow): 0.287686, Reg: 0.042484
Iter 80 of 180 Loss: 0.365973, L1(Flow): 0.321344, Reg: 0.044629
Iter 90 of 180 Loss: 0.329524, L1(Flow): 0.288698, Reg: 0.040827
Iter 100 of 180 Loss: 0.330340, L1(Flow): 0.287299, Reg: 0.043041
Iter 110 of 180 Loss: 0.326090, L1(Flow): 0.288617, Reg: 0.037473
Iter 120 of 180 Loss: 0.359656, L1(Flow): 0.315261, Reg: 0.044396
Iter 130 of 180 Loss: 0.327722, L1(Flow): 0.286793, Reg: 0.040929
Iter 140 of 180 Loss: 0.353122, L1(Flow): 0.311032, Reg: 0.042090
Iter 150 of 180 Loss: 0.354561, L1(Flow): 0.306225, Reg: 0.048337
Iter 160 of 180 Loss: 0.358715, L1(Flow): 0.311349, Reg: 0.047365
Iter 170 of 180 Loss: 0.324442, L1(Flow): 0.278937, Reg: 0.045505
Iter 180 of 180 Loss: 0.338928, L1(Flow): 0.298357, Reg: 0.040571
Epoch 240 Loss: 0.337059
Epoch 240 Validation: Mean EPE: 1.0350, Mean SSIM: 0.8370, Mean ZNCC: 0.9698
--> Saved to Top 5 best models (EPE: 1.0350)
Epoch 241 starts
Iter 10 of 180 Loss: 0.337221, L1(Flow): 0.298858, Reg: 0.038363
Iter 20 of 180 Loss: 0.318842, L1(Flow): 0.275455, Reg: 0.043387
Iter 30 of 180 Loss: 0.332239, L1(Flow): 0.291879, Reg: 0.040360
Iter 40 of 180 Loss: 0.325579, L1(Flow): 0.283027, Reg: 0.042551
Iter 50 of 180 Loss: 0.317578, L1(Flow): 0.273148, Reg: 0.044429
Iter 60 of 180 Loss: 0.336482, L1(Flow): 0.296282, Reg: 0.040200
Iter 70 of 180 Loss: 0.347551, L1(Flow): 0.306025, Reg: 0.041526
Iter 80 of 180 Loss: 0.333123, L1(Flow): 0.291416, Reg: 0.041707
Iter 90 of 180 Loss: 0.342115, L1(Flow): 0.296287, Reg: 0.045828
Iter 100 of 180 Loss: 0.319343, L1(Flow): 0.277928, Reg: 0.041415
Iter 110 of 180 Loss: 0.340420, L1(Flow): 0.295802, Reg: 0.044618
Iter 120 of 180 Loss: 0.318935, L1(Flow): 0.278097, Reg: 0.040837
Iter 130 of 180 Loss: 0.316145, L1(Flow): 0.274440, Reg: 0.041705
Iter 140 of 180 Loss: 0.347484, L1(Flow): 0.302315, Reg: 0.045169
Iter 150 of 180 Loss: 0.334952, L1(Flow): 0.290299, Reg: 0.044653
Iter 160 of 180 Loss: 0.340122, L1(Flow): 0.296983, Reg: 0.043139
Iter 170 of 180 Loss: 0.357875, L1(Flow): 0.312930, Reg: 0.044945
Iter 180 of 180 Loss: 0.330398, L1(Flow): 0.289659, Reg: 0.040739
Epoch 241 Loss: 0.334299
Epoch 241 Validation: Mean EPE: 1.0347, Mean SSIM: 0.8387, Mean ZNCC: 0.9701
--> Saved to Top 5 best models (EPE: 1.0347)
Epoch 242 starts
Iter 10 of 180 Loss: 0.323184, L1(Flow): 0.280928, Reg: 0.042256
Iter 20 of 180 Loss: 0.320093, L1(Flow): 0.279309, Reg: 0.040785
Iter 30 of 180 Loss: 0.348027, L1(Flow): 0.303662, Reg: 0.044364
Iter 40 of 180 Loss: 0.350714, L1(Flow): 0.305511, Reg: 0.045204
Iter 50 of 180 Loss: 0.361110, L1(Flow): 0.315753, Reg: 0.045357
Iter 60 of 180 Loss: 0.330536, L1(Flow): 0.288700, Reg: 0.041836
Iter 70 of 180 Loss: 0.319426, L1(Flow): 0.277655, Reg: 0.041771
Iter 80 of 180 Loss: 0.334928, L1(Flow): 0.293053, Reg: 0.041875
Iter 90 of 180 Loss: 0.342263, L1(Flow): 0.297851, Reg: 0.044412
Iter 100 of 180 Loss: 0.320823, L1(Flow): 0.276579, Reg: 0.044244
Iter 110 of 180 Loss: 0.340588, L1(Flow): 0.299244, Reg: 0.041344
Iter 120 of 180 Loss: 0.341287, L1(Flow): 0.297967, Reg: 0.043320
Iter 130 of 180 Loss: 0.344102, L1(Flow): 0.299468, Reg: 0.044633
Iter 140 of 180 Loss: 0.321936, L1(Flow): 0.280623, Reg: 0.041314
Iter 150 of 180 Loss: 0.329743, L1(Flow): 0.288573, Reg: 0.041170
Iter 160 of 180 Loss: 0.325665, L1(Flow): 0.284387, Reg: 0.041278
Iter 170 of 180 Loss: 0.342918, L1(Flow): 0.297529, Reg: 0.045390
Iter 180 of 180 Loss: 0.327959, L1(Flow): 0.287190, Reg: 0.040770
Epoch 242 Loss: 0.331199
Epoch 242 Validation: Mean EPE: 1.0291, Mean SSIM: 0.8393, Mean ZNCC: 0.9703
--> Saved to Top 5 best models (EPE: 1.0291)
--> New absolute BEST model updated with EPE: 1.0291
Epoch 243 starts
Iter 10 of 180 Loss: 0.310600, L1(Flow): 0.268652, Reg: 0.041949
Iter 20 of 180 Loss: 0.321128, L1(Flow): 0.279313, Reg: 0.041814
Iter 30 of 180 Loss: 0.323431, L1(Flow): 0.282391, Reg: 0.041040
Iter 40 of 180 Loss: 0.325568, L1(Flow): 0.286886, Reg: 0.038682
Iter 50 of 180 Loss: 0.326176, L1(Flow): 0.282674, Reg: 0.043502
Iter 60 of 180 Loss: 0.325455, L1(Flow): 0.282871, Reg: 0.042584
Iter 70 of 180 Loss: 0.338785, L1(Flow): 0.294542, Reg: 0.044243
Iter 80 of 180 Loss: 0.319429, L1(Flow): 0.276894, Reg: 0.042535
Iter 90 of 180 Loss: 0.314024, L1(Flow): 0.272312, Reg: 0.041712
Iter 100 of 180 Loss: 0.316900, L1(Flow): 0.272228, Reg: 0.044672
Iter 110 of 180 Loss: 0.345367, L1(Flow): 0.300974, Reg: 0.044394
Iter 120 of 180 Loss: 0.347416, L1(Flow): 0.301539, Reg: 0.045877
Iter 130 of 180 Loss: 0.324899, L1(Flow): 0.282082, Reg: 0.042817
Iter 140 of 180 Loss: 0.349966, L1(Flow): 0.304183, Reg: 0.045784
Iter 150 of 180 Loss: 0.363725, L1(Flow): 0.317512, Reg: 0.046212
Iter 160 of 180 Loss: 0.337879, L1(Flow): 0.297520, Reg: 0.040359
Iter 170 of 180 Loss: 0.354810, L1(Flow): 0.314078, Reg: 0.040732
Iter 180 of 180 Loss: 0.358391, L1(Flow): 0.312169, Reg: 0.046222
Epoch 243 Loss: 0.331338
Epoch 243 Validation: Mean EPE: 1.0368, Mean SSIM: 0.8374, Mean ZNCC: 0.9699
Epoch 244 starts
Iter 10 of 180 Loss: 0.327299, L1(Flow): 0.286862, Reg: 0.040437
Iter 20 of 180 Loss: 0.325468, L1(Flow): 0.281159, Reg: 0.044309
Iter 30 of 180 Loss: 0.341225, L1(Flow): 0.297963, Reg: 0.043262
Iter 40 of 180 Loss: 0.316204, L1(Flow): 0.274213, Reg: 0.041990
Iter 50 of 180 Loss: 0.330019, L1(Flow): 0.285809, Reg: 0.044210
Iter 60 of 180 Loss: 0.315676, L1(Flow): 0.275518, Reg: 0.040158
Iter 70 of 180 Loss: 0.331749, L1(Flow): 0.288511, Reg: 0.043238
Iter 80 of 180 Loss: 0.343274, L1(Flow): 0.298439, Reg: 0.044835
Iter 90 of 180 Loss: 0.320815, L1(Flow): 0.278916, Reg: 0.041899
Iter 100 of 180 Loss: 0.319023, L1(Flow): 0.279428, Reg: 0.039595
Iter 110 of 180 Loss: 0.318264, L1(Flow): 0.276639, Reg: 0.041625
Iter 120 of 180 Loss: 0.303776, L1(Flow): 0.263867, Reg: 0.039909
Iter 130 of 180 Loss: 0.348856, L1(Flow): 0.305437, Reg: 0.043419
Iter 140 of 180 Loss: 0.326373, L1(Flow): 0.282825, Reg: 0.043547
Iter 150 of 180 Loss: 0.346907, L1(Flow): 0.300126, Reg: 0.046781
Iter 160 of 180 Loss: 0.331615, L1(Flow): 0.285830, Reg: 0.045785
Iter 170 of 180 Loss: 0.346757, L1(Flow): 0.300086, Reg: 0.046671
Iter 180 of 180 Loss: 0.355145, L1(Flow): 0.309704, Reg: 0.045441
Epoch 244 Loss: 0.329094
Epoch 244 Validation: Mean EPE: 1.0368, Mean SSIM: 0.8380, Mean ZNCC: 0.9702
Epoch 245 starts
Iter 10 of 180 Loss: 0.321384, L1(Flow): 0.280132, Reg: 0.041252
Iter 20 of 180 Loss: 0.339818, L1(Flow): 0.294362, Reg: 0.045456
Iter 30 of 180 Loss: 0.326300, L1(Flow): 0.285716, Reg: 0.040583
Iter 40 of 180 Loss: 0.321175, L1(Flow): 0.278880, Reg: 0.042294
Iter 50 of 180 Loss: 0.319506, L1(Flow): 0.277091, Reg: 0.042415
Iter 60 of 180 Loss: 0.318684, L1(Flow): 0.275981, Reg: 0.042703
Iter 70 of 180 Loss: 0.333134, L1(Flow): 0.288761, Reg: 0.044374
Iter 80 of 180 Loss: 0.330781, L1(Flow): 0.287447, Reg: 0.043334
Iter 90 of 180 Loss: 0.351519, L1(Flow): 0.305119, Reg: 0.046400
Iter 100 of 180 Loss: 0.339590, L1(Flow): 0.295681, Reg: 0.043909
Iter 110 of 180 Loss: 0.353935, L1(Flow): 0.312092, Reg: 0.041842
Iter 120 of 180 Loss: 0.333615, L1(Flow): 0.288237, Reg: 0.045378
Iter 130 of 180 Loss: 0.338011, L1(Flow): 0.293306, Reg: 0.044705
Iter 140 of 180 Loss: 0.318306, L1(Flow): 0.276338, Reg: 0.041968
Iter 150 of 180 Loss: 0.314533, L1(Flow): 0.273959, Reg: 0.040574
Iter 160 of 180 Loss: 0.327860, L1(Flow): 0.285267, Reg: 0.042593
Iter 170 of 180 Loss: 0.297529, L1(Flow): 0.259073, Reg: 0.038456
Iter 180 of 180 Loss: 0.329060, L1(Flow): 0.284641, Reg: 0.044419
Epoch 245 Loss: 0.327764
Epoch 245 Validation: Mean EPE: 1.0404, Mean SSIM: 0.8354, Mean ZNCC: 0.9697
Epoch 246 starts
Iter 10 of 180 Loss: 0.319669, L1(Flow): 0.279604, Reg: 0.040064
Iter 20 of 180 Loss: 0.346581, L1(Flow): 0.300579, Reg: 0.046003
Iter 30 of 180 Loss: 0.326937, L1(Flow): 0.287227, Reg: 0.039710
Iter 40 of 180 Loss: 0.325882, L1(Flow): 0.281593, Reg: 0.044289
Iter 50 of 180 Loss: 0.308808, L1(Flow): 0.267119, Reg: 0.041689
Iter 60 of 180 Loss: 0.373936, L1(Flow): 0.328016, Reg: 0.045921
Iter 70 of 180 Loss: 0.321146, L1(Flow): 0.280890, Reg: 0.040257
Iter 80 of 180 Loss: 0.320276, L1(Flow): 0.279460, Reg: 0.040816
Iter 90 of 180 Loss: 0.323893, L1(Flow): 0.280421, Reg: 0.043472
Iter 100 of 180 Loss: 0.336178, L1(Flow): 0.294020, Reg: 0.042158
Iter 110 of 180 Loss: 0.339796, L1(Flow): 0.296188, Reg: 0.043608
Iter 120 of 180 Loss: 0.352313, L1(Flow): 0.303010, Reg: 0.049303
Iter 130 of 180 Loss: 0.320123, L1(Flow): 0.277680, Reg: 0.042443
Iter 140 of 180 Loss: 0.342382, L1(Flow): 0.295431, Reg: 0.046951
Iter 150 of 180 Loss: 0.341608, L1(Flow): 0.297097, Reg: 0.044511
Iter 160 of 180 Loss: 0.318893, L1(Flow): 0.276943, Reg: 0.041950
Iter 170 of 180 Loss: 0.345171, L1(Flow): 0.301612, Reg: 0.043559
Iter 180 of 180 Loss: 0.331567, L1(Flow): 0.289107, Reg: 0.042460
Epoch 246 Loss: 0.329549
Epoch 246 Validation: Mean EPE: 1.0313, Mean SSIM: 0.8384, Mean ZNCC: 0.9702
--> Saved to Top 5 best models (EPE: 1.0313)
Epoch 247 starts
Iter 10 of 180 Loss: 0.334530, L1(Flow): 0.290195, Reg: 0.044335
Iter 20 of 180 Loss: 0.365543, L1(Flow): 0.320697, Reg: 0.044846
Iter 30 of 180 Loss: 0.332066, L1(Flow): 0.290140, Reg: 0.041926
Iter 40 of 180 Loss: 0.322600, L1(Flow): 0.280407, Reg: 0.042193
Iter 50 of 180 Loss: 0.325496, L1(Flow): 0.280471, Reg: 0.045025
Iter 60 of 180 Loss: 0.318632, L1(Flow): 0.275129, Reg: 0.043504
Iter 70 of 180 Loss: 0.327306, L1(Flow): 0.284772, Reg: 0.042535
Iter 80 of 180 Loss: 0.352833, L1(Flow): 0.308406, Reg: 0.044428
Iter 90 of 180 Loss: 0.316819, L1(Flow): 0.278928, Reg: 0.037891
Iter 100 of 180 Loss: 0.334926, L1(Flow): 0.293202, Reg: 0.041723
Iter 110 of 180 Loss: 0.339626, L1(Flow): 0.298091, Reg: 0.041535
Iter 120 of 180 Loss: 0.334559, L1(Flow): 0.293004, Reg: 0.041555
Iter 130 of 180 Loss: 0.334425, L1(Flow): 0.291121, Reg: 0.043303
Iter 140 of 180 Loss: 0.313608, L1(Flow): 0.271453, Reg: 0.042155
Iter 150 of 180 Loss: 0.335353, L1(Flow): 0.291899, Reg: 0.043454
Iter 160 of 180 Loss: 0.344048, L1(Flow): 0.298527, Reg: 0.045521
Iter 170 of 180 Loss: 0.329766, L1(Flow): 0.285865, Reg: 0.043901
Iter 180 of 180 Loss: 0.334256, L1(Flow): 0.293342, Reg: 0.040914
Epoch 247 Loss: 0.333217
Epoch 247 Validation: Mean EPE: 1.0343, Mean SSIM: 0.8374, Mean ZNCC: 0.9700
--> Saved to Top 5 best models (EPE: 1.0343)
Epoch 248 starts
Iter 10 of 180 Loss: 0.332232, L1(Flow): 0.285324, Reg: 0.046908
Iter 20 of 180 Loss: 0.316162, L1(Flow): 0.274313, Reg: 0.041849
Iter 30 of 180 Loss: 0.311730, L1(Flow): 0.269537, Reg: 0.042193
Iter 40 of 180 Loss: 0.309262, L1(Flow): 0.267117, Reg: 0.042146
Iter 50 of 180 Loss: 0.345534, L1(Flow): 0.300246, Reg: 0.045287
Iter 60 of 180 Loss: 0.306755, L1(Flow): 0.267240, Reg: 0.039515
Iter 70 of 180 Loss: 0.331558, L1(Flow): 0.291341, Reg: 0.040217
Iter 80 of 180 Loss: 0.326030, L1(Flow): 0.282107, Reg: 0.043923
Iter 90 of 180 Loss: 0.344214, L1(Flow): 0.297911, Reg: 0.046303
Iter 100 of 180 Loss: 0.311391, L1(Flow): 0.269531, Reg: 0.041860
Iter 110 of 180 Loss: 0.303881, L1(Flow): 0.265145, Reg: 0.038737
Iter 120 of 180 Loss: 0.326003, L1(Flow): 0.283094, Reg: 0.042909
Iter 130 of 180 Loss: 0.348015, L1(Flow): 0.302010, Reg: 0.046005
Iter 140 of 180 Loss: 0.311658, L1(Flow): 0.275033, Reg: 0.036625
Iter 150 of 180 Loss: 0.318064, L1(Flow): 0.277217, Reg: 0.040847
Iter 160 of 180 Loss: 0.343442, L1(Flow): 0.303979, Reg: 0.039463
Iter 170 of 180 Loss: 0.320904, L1(Flow): 0.280750, Reg: 0.040154
Iter 180 of 180 Loss: 0.366800, L1(Flow): 0.320624, Reg: 0.046176
Epoch 248 Loss: 0.327194
Epoch 248 Validation: Mean EPE: 1.0385, Mean SSIM: 0.8358, Mean ZNCC: 0.9696
Epoch 249 starts
Iter 10 of 180 Loss: 0.337405, L1(Flow): 0.297297, Reg: 0.040107
Iter 20 of 180 Loss: 0.342986, L1(Flow): 0.301631, Reg: 0.041356
Iter 30 of 180 Loss: 0.338439, L1(Flow): 0.292578, Reg: 0.045861
Iter 40 of 180 Loss: 0.356494, L1(Flow): 0.310651, Reg: 0.045842
Iter 50 of 180 Loss: 0.332574, L1(Flow): 0.289814, Reg: 0.042759
Iter 60 of 180 Loss: 0.341849, L1(Flow): 0.300671, Reg: 0.041178
Iter 70 of 180 Loss: 0.328096, L1(Flow): 0.284950, Reg: 0.043146
Iter 80 of 180 Loss: 0.297081, L1(Flow): 0.257435, Reg: 0.039646
Iter 90 of 180 Loss: 0.324990, L1(Flow): 0.285478, Reg: 0.039512
Iter 100 of 180 Loss: 0.303177, L1(Flow): 0.264730, Reg: 0.038447
Iter 110 of 180 Loss: 0.337794, L1(Flow): 0.295176, Reg: 0.042619
Iter 120 of 180 Loss: 0.354716, L1(Flow): 0.309965, Reg: 0.044751
Iter 130 of 180 Loss: 0.346467, L1(Flow): 0.301900, Reg: 0.044567
Iter 140 of 180 Loss: 0.375821, L1(Flow): 0.328035, Reg: 0.047785
Iter 150 of 180 Loss: 0.336080, L1(Flow): 0.292760, Reg: 0.043320
Iter 160 of 180 Loss: 0.325069, L1(Flow): 0.285719, Reg: 0.039350
Iter 170 of 180 Loss: 0.312560, L1(Flow): 0.274708, Reg: 0.037852
Iter 180 of 180 Loss: 0.309228, L1(Flow): 0.265705, Reg: 0.043523
Epoch 249 Loss: 0.332159
Epoch 249 Validation: Mean EPE: 1.0298, Mean SSIM: 0.8393, Mean ZNCC: 0.9702
--> Saved to Top 5 best models (EPE: 1.0298)
Epoch 250 starts
Iter 10 of 180 Loss: 0.326702, L1(Flow): 0.285320, Reg: 0.041383
Iter 20 of 180 Loss: 0.325652, L1(Flow): 0.283301, Reg: 0.042350
Iter 30 of 180 Loss: 0.319983, L1(Flow): 0.277525, Reg: 0.042458
Iter 40 of 180 Loss: 0.309367, L1(Flow): 0.266085, Reg: 0.043282
Iter 50 of 180 Loss: 0.328398, L1(Flow): 0.287151, Reg: 0.041247
Iter 60 of 180 Loss: 0.327369, L1(Flow): 0.285888, Reg: 0.041481
Iter 70 of 180 Loss: 0.343307, L1(Flow): 0.297169, Reg: 0.046138
Iter 80 of 180 Loss: 0.322468, L1(Flow): 0.281659, Reg: 0.040809
Iter 90 of 180 Loss: 0.315302, L1(Flow): 0.275271, Reg: 0.040031
Iter 100 of 180 Loss: 0.330445, L1(Flow): 0.285681, Reg: 0.044763
Iter 110 of 180 Loss: 0.322591, L1(Flow): 0.278673, Reg: 0.043918
Iter 120 of 180 Loss: 0.325229, L1(Flow): 0.282292, Reg: 0.042937
Iter 130 of 180 Loss: 0.333009, L1(Flow): 0.290999, Reg: 0.042010
Iter 140 of 180 Loss: 0.327631, L1(Flow): 0.284884, Reg: 0.042747
Iter 150 of 180 Loss: 0.308067, L1(Flow): 0.270631, Reg: 0.037437
Iter 160 of 180 Loss: 0.330054, L1(Flow): 0.288236, Reg: 0.041819
Iter 170 of 180 Loss: 0.324360, L1(Flow): 0.283229, Reg: 0.041131
Iter 180 of 180 Loss: 0.346159, L1(Flow): 0.302241, Reg: 0.043919
Epoch 250 Loss: 0.327826
Epoch 250 Validation: Mean EPE: 1.0347, Mean SSIM: 0.8373, Mean ZNCC: 0.9699
Epoch 251 starts
Iter 10 of 180 Loss: 0.336075, L1(Flow): 0.292250, Reg: 0.043825
Iter 20 of 180 Loss: 0.327322, L1(Flow): 0.283604, Reg: 0.043718
Iter 30 of 180 Loss: 0.329959, L1(Flow): 0.285802, Reg: 0.044157
Iter 40 of 180 Loss: 0.328551, L1(Flow): 0.285468, Reg: 0.043083
Iter 50 of 180 Loss: 0.337163, L1(Flow): 0.289160, Reg: 0.048003
Iter 60 of 180 Loss: 0.317510, L1(Flow): 0.278091, Reg: 0.039419
Iter 70 of 180 Loss: 0.321828, L1(Flow): 0.276875, Reg: 0.044953
Iter 80 of 180 Loss: 0.318237, L1(Flow): 0.276007, Reg: 0.042229
Iter 90 of 180 Loss: 0.319657, L1(Flow): 0.277446, Reg: 0.042211
Iter 100 of 180 Loss: 0.346239, L1(Flow): 0.301332, Reg: 0.044908
Iter 110 of 180 Loss: 0.322005, L1(Flow): 0.277571, Reg: 0.044434
Iter 120 of 180 Loss: 0.311067, L1(Flow): 0.271105, Reg: 0.039962
Iter 130 of 180 Loss: 0.305083, L1(Flow): 0.266575, Reg: 0.038508
Iter 140 of 180 Loss: 0.322865, L1(Flow): 0.279417, Reg: 0.043448
Iter 150 of 180 Loss: 0.324170, L1(Flow): 0.281060, Reg: 0.043110
Iter 160 of 180 Loss: 0.332826, L1(Flow): 0.287104, Reg: 0.045722
Iter 170 of 180 Loss: 0.331149, L1(Flow): 0.289346, Reg: 0.041803
Iter 180 of 180 Loss: 0.351889, L1(Flow): 0.305910, Reg: 0.045978
Epoch 251 Loss: 0.325456
Epoch 251 Validation: Mean EPE: 1.0298, Mean SSIM: 0.8397, Mean ZNCC: 0.9703
--> Saved to Top 5 best models (EPE: 1.0298)
Epoch 252 starts
Iter 10 of 180 Loss: 0.316617, L1(Flow): 0.277691, Reg: 0.038926
Iter 20 of 180 Loss: 0.320624, L1(Flow): 0.278875, Reg: 0.041748
Iter 30 of 180 Loss: 0.314098, L1(Flow): 0.272527, Reg: 0.041571
Iter 40 of 180 Loss: 0.319481, L1(Flow): 0.279126, Reg: 0.040355
Iter 50 of 180 Loss: 0.319195, L1(Flow): 0.275721, Reg: 0.043474
Iter 60 of 180 Loss: 0.334143, L1(Flow): 0.294741, Reg: 0.039402
Iter 70 of 180 Loss: 0.336765, L1(Flow): 0.294925, Reg: 0.041840
Iter 80 of 180 Loss: 0.345644, L1(Flow): 0.301929, Reg: 0.043715
Iter 90 of 180 Loss: 0.348455, L1(Flow): 0.304217, Reg: 0.044239
Iter 100 of 180 Loss: 0.332571, L1(Flow): 0.289478, Reg: 0.043093
Iter 110 of 180 Loss: 0.336143, L1(Flow): 0.293110, Reg: 0.043032
Iter 120 of 180 Loss: 0.349597, L1(Flow): 0.305415, Reg: 0.044182
Iter 130 of 180 Loss: 0.352660, L1(Flow): 0.308291, Reg: 0.044369
Iter 140 of 180 Loss: 0.332613, L1(Flow): 0.290421, Reg: 0.042192
Iter 150 of 180 Loss: 0.331591, L1(Flow): 0.288251, Reg: 0.043340
Iter 160 of 180 Loss: 0.314119, L1(Flow): 0.273691, Reg: 0.040428
Iter 170 of 180 Loss: 0.335460, L1(Flow): 0.291806, Reg: 0.043654
Iter 180 of 180 Loss: 0.327644, L1(Flow): 0.287894, Reg: 0.039750
Epoch 252 Loss: 0.331327
Epoch 252 Validation: Mean EPE: 1.0301, Mean SSIM: 0.8392, Mean ZNCC: 0.9703
--> Saved to Top 5 best models (EPE: 1.0301)
Epoch 253 starts
Iter 10 of 180 Loss: 0.343718, L1(Flow): 0.298669, Reg: 0.045049
Iter 20 of 180 Loss: 0.334945, L1(Flow): 0.291270, Reg: 0.043676
Iter 30 of 180 Loss: 0.326492, L1(Flow): 0.283824, Reg: 0.042668
Iter 40 of 180 Loss: 0.309936, L1(Flow): 0.269245, Reg: 0.040691
Iter 50 of 180 Loss: 0.324857, L1(Flow): 0.281608, Reg: 0.043248
Iter 60 of 180 Loss: 0.335983, L1(Flow): 0.288627, Reg: 0.047356
Iter 70 of 180 Loss: 0.333279, L1(Flow): 0.288319, Reg: 0.044960
Iter 80 of 180 Loss: 0.331581, L1(Flow): 0.288304, Reg: 0.043277
Iter 90 of 180 Loss: 0.306143, L1(Flow): 0.265445, Reg: 0.040698
Iter 100 of 180 Loss: 0.315846, L1(Flow): 0.273871, Reg: 0.041975
Iter 110 of 180 Loss: 0.324856, L1(Flow): 0.281977, Reg: 0.042879
Iter 120 of 180 Loss: 0.317403, L1(Flow): 0.275348, Reg: 0.042055
Iter 130 of 180 Loss: 0.291952, L1(Flow): 0.253615, Reg: 0.038337
Iter 140 of 180 Loss: 0.318090, L1(Flow): 0.274635, Reg: 0.043455
Iter 150 of 180 Loss: 0.336750, L1(Flow): 0.293348, Reg: 0.043403
Iter 160 of 180 Loss: 0.335079, L1(Flow): 0.291275, Reg: 0.043803
Iter 170 of 180 Loss: 0.320511, L1(Flow): 0.277231, Reg: 0.043279
Iter 180 of 180 Loss: 0.305329, L1(Flow): 0.266299, Reg: 0.039030
Epoch 253 Loss: 0.323440
Epoch 253 Validation: Mean EPE: 1.0274, Mean SSIM: 0.8402, Mean ZNCC: 0.9706
--> Saved to Top 5 best models (EPE: 1.0274)
--> New absolute BEST model updated with EPE: 1.0274
Epoch 254 starts
Iter 10 of 180 Loss: 0.316850, L1(Flow): 0.277288, Reg: 0.039562
Iter 20 of 180 Loss: 0.336074, L1(Flow): 0.293195, Reg: 0.042879
Iter 30 of 180 Loss: 0.329283, L1(Flow): 0.290059, Reg: 0.039223
Iter 40 of 180 Loss: 0.317302, L1(Flow): 0.276989, Reg: 0.040313
Iter 50 of 180 Loss: 0.331618, L1(Flow): 0.288472, Reg: 0.043146
Iter 60 of 180 Loss: 0.332283, L1(Flow): 0.289256, Reg: 0.043027
Iter 70 of 180 Loss: 0.317348, L1(Flow): 0.277002, Reg: 0.040346
Iter 80 of 180 Loss: 0.297249, L1(Flow): 0.257120, Reg: 0.040129
Iter 90 of 180 Loss: 0.301531, L1(Flow): 0.261005, Reg: 0.040527
Iter 100 of 180 Loss: 0.324640, L1(Flow): 0.282574, Reg: 0.042066
Iter 110 of 180 Loss: 0.314803, L1(Flow): 0.271340, Reg: 0.043463
Iter 120 of 180 Loss: 0.317434, L1(Flow): 0.277270, Reg: 0.040164
Iter 130 of 180 Loss: 0.299884, L1(Flow): 0.260769, Reg: 0.039115
Iter 140 of 180 Loss: 0.326167, L1(Flow): 0.282454, Reg: 0.043713
Iter 150 of 180 Loss: 0.312036, L1(Flow): 0.268474, Reg: 0.043562
Iter 160 of 180 Loss: 0.342537, L1(Flow): 0.294328, Reg: 0.048210
Iter 170 of 180 Loss: 0.327293, L1(Flow): 0.284134, Reg: 0.043160
Iter 180 of 180 Loss: 0.304520, L1(Flow): 0.265179, Reg: 0.039341
Epoch 254 Loss: 0.323295
Epoch 254 Validation: Mean EPE: 1.0343, Mean SSIM: 0.8373, Mean ZNCC: 0.9700
Epoch 255 starts
Iter 10 of 180 Loss: 0.333711, L1(Flow): 0.290674, Reg: 0.043037
Iter 20 of 180 Loss: 0.360446, L1(Flow): 0.309559, Reg: 0.050887
Iter 30 of 180 Loss: 0.350482, L1(Flow): 0.307022, Reg: 0.043459
Iter 40 of 180 Loss: 0.345117, L1(Flow): 0.304929, Reg: 0.040187
Iter 50 of 180 Loss: 0.328249, L1(Flow): 0.285300, Reg: 0.042949
Iter 60 of 180 Loss: 0.323890, L1(Flow): 0.277988, Reg: 0.045902
Iter 70 of 180 Loss: 0.320832, L1(Flow): 0.276683, Reg: 0.044148
Iter 80 of 180 Loss: 0.325239, L1(Flow): 0.282063, Reg: 0.043177
Iter 90 of 180 Loss: 0.331529, L1(Flow): 0.289131, Reg: 0.042397
Iter 100 of 180 Loss: 0.327318, L1(Flow): 0.282027, Reg: 0.045291
Iter 110 of 180 Loss: 0.282532, L1(Flow): 0.248420, Reg: 0.034112
Iter 120 of 180 Loss: 0.314606, L1(Flow): 0.272593, Reg: 0.042014
Iter 130 of 180 Loss: 0.323041, L1(Flow): 0.280167, Reg: 0.042875
Iter 140 of 180 Loss: 0.311713, L1(Flow): 0.270420, Reg: 0.041294
Iter 150 of 180 Loss: 0.355574, L1(Flow): 0.310480, Reg: 0.045094
Iter 160 of 180 Loss: 0.319483, L1(Flow): 0.276131, Reg: 0.043351
Iter 170 of 180 Loss: 0.332529, L1(Flow): 0.290713, Reg: 0.041816
Iter 180 of 180 Loss: 0.319512, L1(Flow): 0.276753, Reg: 0.042760
Epoch 255 Loss: 0.324649
Epoch 255 Validation: Mean EPE: 1.0357, Mean SSIM: 0.8373, Mean ZNCC: 0.9700
Epoch 256 starts
Iter 10 of 180 Loss: 0.318481, L1(Flow): 0.274429, Reg: 0.044051
Iter 20 of 180 Loss: 0.308763, L1(Flow): 0.267704, Reg: 0.041059
Iter 30 of 180 Loss: 0.340158, L1(Flow): 0.296601, Reg: 0.043557
Iter 40 of 180 Loss: 0.334781, L1(Flow): 0.289167, Reg: 0.045614
Iter 50 of 180 Loss: 0.350219, L1(Flow): 0.302199, Reg: 0.048020
Iter 60 of 180 Loss: 0.304353, L1(Flow): 0.263056, Reg: 0.041297
Iter 70 of 180 Loss: 0.309465, L1(Flow): 0.269326, Reg: 0.040139
Iter 80 of 180 Loss: 0.320130, L1(Flow): 0.276237, Reg: 0.043893
Iter 90 of 180 Loss: 0.323055, L1(Flow): 0.274891, Reg: 0.048164
Iter 100 of 180 Loss: 0.322834, L1(Flow): 0.280213, Reg: 0.042621
Iter 110 of 180 Loss: 0.317104, L1(Flow): 0.276975, Reg: 0.040129
Iter 120 of 180 Loss: 0.343475, L1(Flow): 0.301291, Reg: 0.042184
Iter 130 of 180 Loss: 0.312250, L1(Flow): 0.267457, Reg: 0.044793
Iter 140 of 180 Loss: 0.346070, L1(Flow): 0.298889, Reg: 0.047181
Iter 150 of 180 Loss: 0.319232, L1(Flow): 0.276562, Reg: 0.042670
Iter 160 of 180 Loss: 0.320906, L1(Flow): 0.276710, Reg: 0.044196
Iter 170 of 180 Loss: 0.328962, L1(Flow): 0.287743, Reg: 0.041219
Iter 180 of 180 Loss: 0.315970, L1(Flow): 0.275687, Reg: 0.040282
Epoch 256 Loss: 0.324641
Epoch 256 Validation: Mean EPE: 1.0367, Mean SSIM: 0.8378, Mean ZNCC: 0.9697
Epoch 257 starts
Iter 10 of 180 Loss: 0.326515, L1(Flow): 0.280656, Reg: 0.045859
Iter 20 of 180 Loss: 0.296735, L1(Flow): 0.260115, Reg: 0.036620
Iter 30 of 180 Loss: 0.310631, L1(Flow): 0.270051, Reg: 0.040581
Iter 40 of 180 Loss: 0.320689, L1(Flow): 0.275713, Reg: 0.044976
Iter 50 of 180 Loss: 0.326995, L1(Flow): 0.286507, Reg: 0.040487
Iter 60 of 180 Loss: 0.335927, L1(Flow): 0.293338, Reg: 0.042589
Iter 70 of 180 Loss: 0.328070, L1(Flow): 0.284730, Reg: 0.043340
Iter 80 of 180 Loss: 0.341713, L1(Flow): 0.297765, Reg: 0.043948
Iter 90 of 180 Loss: 0.311349, L1(Flow): 0.271737, Reg: 0.039613
Iter 100 of 180 Loss: 0.338952, L1(Flow): 0.299241, Reg: 0.039711
Iter 110 of 180 Loss: 0.305344, L1(Flow): 0.267454, Reg: 0.037890
Iter 120 of 180 Loss: 0.327716, L1(Flow): 0.286098, Reg: 0.041618
Iter 130 of 180 Loss: 0.310893, L1(Flow): 0.270063, Reg: 0.040830
Iter 140 of 180 Loss: 0.303056, L1(Flow): 0.264421, Reg: 0.038634
Iter 150 of 180 Loss: 0.316650, L1(Flow): 0.274411, Reg: 0.042239
Iter 160 of 180 Loss: 0.325103, L1(Flow): 0.280153, Reg: 0.044950
Iter 170 of 180 Loss: 0.330513, L1(Flow): 0.288196, Reg: 0.042317
Iter 180 of 180 Loss: 0.315038, L1(Flow): 0.272861, Reg: 0.042177
Epoch 257 Loss: 0.325310
Epoch 257 Validation: Mean EPE: 1.0297, Mean SSIM: 0.8389, Mean ZNCC: 0.9703
--> Saved to Top 5 best models (EPE: 1.0297)
Epoch 258 starts
Iter 10 of 180 Loss: 0.311802, L1(Flow): 0.272226, Reg: 0.039577
Iter 20 of 180 Loss: 0.340443, L1(Flow): 0.296752, Reg: 0.043692
Iter 30 of 180 Loss: 0.327645, L1(Flow): 0.286267, Reg: 0.041378
Iter 40 of 180 Loss: 0.357809, L1(Flow): 0.316888, Reg: 0.040921
Iter 50 of 180 Loss: 0.312471, L1(Flow): 0.272973, Reg: 0.039498
Iter 60 of 180 Loss: 0.335602, L1(Flow): 0.287643, Reg: 0.047959
Iter 70 of 180 Loss: 0.339895, L1(Flow): 0.295020, Reg: 0.044875
Iter 80 of 180 Loss: 0.342936, L1(Flow): 0.302427, Reg: 0.040509
Iter 90 of 180 Loss: 0.315017, L1(Flow): 0.274208, Reg: 0.040808
Iter 100 of 180 Loss: 0.330963, L1(Flow): 0.289555, Reg: 0.041409
Iter 110 of 180 Loss: 0.311880, L1(Flow): 0.270616, Reg: 0.041264
Iter 120 of 180 Loss: 0.288216, L1(Flow): 0.250617, Reg: 0.037599
Iter 130 of 180 Loss: 0.325809, L1(Flow): 0.283120, Reg: 0.042689
Iter 140 of 180 Loss: 0.316835, L1(Flow): 0.277480, Reg: 0.039355
Iter 150 of 180 Loss: 0.310011, L1(Flow): 0.267875, Reg: 0.042136
Iter 160 of 180 Loss: 0.306989, L1(Flow): 0.265723, Reg: 0.041265
Iter 170 of 180 Loss: 0.318814, L1(Flow): 0.277252, Reg: 0.041561
Iter 180 of 180 Loss: 0.330959, L1(Flow): 0.287105, Reg: 0.043855
Epoch 258 Loss: 0.326222
Epoch 258 Validation: Mean EPE: 1.0271, Mean SSIM: 0.8404, Mean ZNCC: 0.9705
--> Saved to Top 5 best models (EPE: 1.0271)
--> New absolute BEST model updated with EPE: 1.0271
Epoch 259 starts
Iter 10 of 180 Loss: 0.319771, L1(Flow): 0.277265, Reg: 0.042507
Iter 20 of 180 Loss: 0.307672, L1(Flow): 0.269034, Reg: 0.038638
Iter 30 of 180 Loss: 0.319970, L1(Flow): 0.275649, Reg: 0.044321
Iter 40 of 180 Loss: 0.324598, L1(Flow): 0.283723, Reg: 0.040875
Iter 50 of 180 Loss: 0.319179, L1(Flow): 0.275110, Reg: 0.044069
Iter 60 of 180 Loss: 0.334274, L1(Flow): 0.292601, Reg: 0.041673
Iter 70 of 180 Loss: 0.309063, L1(Flow): 0.267342, Reg: 0.041721
Iter 80 of 180 Loss: 0.308117, L1(Flow): 0.269429, Reg: 0.038687
Iter 90 of 180 Loss: 0.324341, L1(Flow): 0.282807, Reg: 0.041534
Iter 100 of 180 Loss: 0.338233, L1(Flow): 0.294087, Reg: 0.044145
Iter 110 of 180 Loss: 0.320948, L1(Flow): 0.279551, Reg: 0.041397
Iter 120 of 180 Loss: 0.327796, L1(Flow): 0.289496, Reg: 0.038301
Iter 130 of 180 Loss: 0.347326, L1(Flow): 0.307247, Reg: 0.040079
Iter 140 of 180 Loss: 0.316191, L1(Flow): 0.275574, Reg: 0.040617
Iter 150 of 180 Loss: 0.357642, L1(Flow): 0.313018, Reg: 0.044624
Iter 160 of 180 Loss: 0.345317, L1(Flow): 0.299319, Reg: 0.045998
Iter 170 of 180 Loss: 0.333065, L1(Flow): 0.291335, Reg: 0.041731
Iter 180 of 180 Loss: 0.335869, L1(Flow): 0.291082, Reg: 0.044787
Epoch 259 Loss: 0.328314
Epoch 259 Validation: Mean EPE: 1.0407, Mean SSIM: 0.8353, Mean ZNCC: 0.9694
Epoch 260 starts
Iter 10 of 180 Loss: 0.324993, L1(Flow): 0.281771, Reg: 0.043223
Iter 20 of 180 Loss: 0.328137, L1(Flow): 0.284487, Reg: 0.043650
Iter 30 of 180 Loss: 0.345642, L1(Flow): 0.305520, Reg: 0.040123
Iter 40 of 180 Loss: 0.337708, L1(Flow): 0.295239, Reg: 0.042469
Iter 50 of 180 Loss: 0.311589, L1(Flow): 0.270852, Reg: 0.040737
Iter 60 of 180 Loss: 0.321438, L1(Flow): 0.281000, Reg: 0.040438
Iter 70 of 180 Loss: 0.328205, L1(Flow): 0.287724, Reg: 0.040481
Iter 80 of 180 Loss: 0.336388, L1(Flow): 0.292877, Reg: 0.043511
Iter 90 of 180 Loss: 0.305921, L1(Flow): 0.265752, Reg: 0.040169
Iter 100 of 180 Loss: 0.316755, L1(Flow): 0.276412, Reg: 0.040343
Iter 110 of 180 Loss: 0.316051, L1(Flow): 0.273941, Reg: 0.042110
Iter 120 of 180 Loss: 0.298668, L1(Flow): 0.261761, Reg: 0.036907
Iter 130 of 180 Loss: 0.308396, L1(Flow): 0.266658, Reg: 0.041738
Iter 140 of 180 Loss: 0.343253, L1(Flow): 0.295946, Reg: 0.047307
Iter 150 of 180 Loss: 0.312475, L1(Flow): 0.269936, Reg: 0.042539
Iter 160 of 180 Loss: 0.334702, L1(Flow): 0.291342, Reg: 0.043360
Iter 170 of 180 Loss: 0.333063, L1(Flow): 0.287794, Reg: 0.045269
Iter 180 of 180 Loss: 0.325056, L1(Flow): 0.282850, Reg: 0.042206
Epoch 260 Loss: 0.324166
Epoch 260 Validation: Mean EPE: 1.0280, Mean SSIM: 0.8403, Mean ZNCC: 0.9706
--> Saved to Top 5 best models (EPE: 1.0280)
Epoch 261 starts
Iter 10 of 180 Loss: 0.333109, L1(Flow): 0.288947, Reg: 0.044162
Iter 20 of 180 Loss: 0.324746, L1(Flow): 0.281585, Reg: 0.043160
Iter 30 of 180 Loss: 0.349605, L1(Flow): 0.304462, Reg: 0.045143
Iter 40 of 180 Loss: 0.331724, L1(Flow): 0.290035, Reg: 0.041689
Iter 50 of 180 Loss: 0.305210, L1(Flow): 0.264479, Reg: 0.040731
Iter 60 of 180 Loss: 0.324654, L1(Flow): 0.279506, Reg: 0.045148
Iter 70 of 180 Loss: 0.319247, L1(Flow): 0.276840, Reg: 0.042407
Iter 80 of 180 Loss: 0.328550, L1(Flow): 0.284415, Reg: 0.044135
Iter 90 of 180 Loss: 0.322501, L1(Flow): 0.278495, Reg: 0.044006
Iter 100 of 180 Loss: 0.322931, L1(Flow): 0.281339, Reg: 0.041592
Iter 110 of 180 Loss: 0.334591, L1(Flow): 0.289508, Reg: 0.045083
Iter 120 of 180 Loss: 0.307277, L1(Flow): 0.268007, Reg: 0.039270
Iter 130 of 180 Loss: 0.310463, L1(Flow): 0.270205, Reg: 0.040258
Iter 140 of 180 Loss: 0.305228, L1(Flow): 0.266502, Reg: 0.038725
Iter 150 of 180 Loss: 0.333652, L1(Flow): 0.291190, Reg: 0.042461
Iter 160 of 180 Loss: 0.325404, L1(Flow): 0.280449, Reg: 0.044954
Iter 170 of 180 Loss: 0.327878, L1(Flow): 0.286110, Reg: 0.041769
Iter 180 of 180 Loss: 0.283224, L1(Flow): 0.243884, Reg: 0.039340
Epoch 261 Loss: 0.321932
Epoch 261 Validation: Mean EPE: 1.0310, Mean SSIM: 0.8396, Mean ZNCC: 0.9704
Epoch 262 starts
Iter 10 of 180 Loss: 0.324170, L1(Flow): 0.280530, Reg: 0.043641
Iter 20 of 180 Loss: 0.330135, L1(Flow): 0.287121, Reg: 0.043014
Iter 30 of 180 Loss: 0.326496, L1(Flow): 0.287949, Reg: 0.038547
Iter 40 of 180 Loss: 0.347227, L1(Flow): 0.301880, Reg: 0.045347
Iter 50 of 180 Loss: 0.319887, L1(Flow): 0.278958, Reg: 0.040929
Iter 60 of 180 Loss: 0.324660, L1(Flow): 0.283293, Reg: 0.041367
Iter 70 of 180 Loss: 0.351870, L1(Flow): 0.305262, Reg: 0.046607
Iter 80 of 180 Loss: 0.341392, L1(Flow): 0.296315, Reg: 0.045077
Iter 90 of 180 Loss: 0.332827, L1(Flow): 0.289594, Reg: 0.043233
Iter 100 of 180 Loss: 0.321707, L1(Flow): 0.277299, Reg: 0.044407
Iter 110 of 180 Loss: 0.329200, L1(Flow): 0.284927, Reg: 0.044273
Iter 120 of 180 Loss: 0.331324, L1(Flow): 0.286149, Reg: 0.045175
Iter 130 of 180 Loss: 0.315486, L1(Flow): 0.276834, Reg: 0.038651
Iter 140 of 180 Loss: 0.315530, L1(Flow): 0.274337, Reg: 0.041193
Iter 150 of 180 Loss: 0.314881, L1(Flow): 0.274085, Reg: 0.040796
Iter 160 of 180 Loss: 0.292484, L1(Flow): 0.253888, Reg: 0.038596
Iter 170 of 180 Loss: 0.322029, L1(Flow): 0.282889, Reg: 0.039140
Iter 180 of 180 Loss: 0.357175, L1(Flow): 0.312826, Reg: 0.044350
Epoch 262 Loss: 0.322874
Epoch 262 Validation: Mean EPE: 1.0472, Mean SSIM: 0.8352, Mean ZNCC: 0.9695
Epoch 263 starts
Iter 10 of 180 Loss: 0.334188, L1(Flow): 0.292950, Reg: 0.041239
Iter 20 of 180 Loss: 0.331021, L1(Flow): 0.288506, Reg: 0.042514
Iter 30 of 180 Loss: 0.307267, L1(Flow): 0.269226, Reg: 0.038042
Iter 40 of 180 Loss: 0.288900, L1(Flow): 0.251488, Reg: 0.037413
Iter 50 of 180 Loss: 0.324795, L1(Flow): 0.282702, Reg: 0.042093
Iter 60 of 180 Loss: 0.342372, L1(Flow): 0.294886, Reg: 0.047486
Iter 70 of 180 Loss: 0.336520, L1(Flow): 0.292667, Reg: 0.043853
Iter 80 of 180 Loss: 0.321013, L1(Flow): 0.278577, Reg: 0.042436
Iter 90 of 180 Loss: 0.318939, L1(Flow): 0.275760, Reg: 0.043179
Iter 100 of 180 Loss: 0.312241, L1(Flow): 0.269215, Reg: 0.043026
Iter 110 of 180 Loss: 0.325819, L1(Flow): 0.283154, Reg: 0.042665
Iter 120 of 180 Loss: 0.309086, L1(Flow): 0.268177, Reg: 0.040909
Iter 130 of 180 Loss: 0.300257, L1(Flow): 0.261581, Reg: 0.038676
Iter 140 of 180 Loss: 0.327982, L1(Flow): 0.287210, Reg: 0.040772
Iter 150 of 180 Loss: 0.343218, L1(Flow): 0.299991, Reg: 0.043226
Iter 160 of 180 Loss: 0.317814, L1(Flow): 0.273495, Reg: 0.044319
Iter 170 of 180 Loss: 0.322462, L1(Flow): 0.283449, Reg: 0.039013
Iter 180 of 180 Loss: 0.336658, L1(Flow): 0.293260, Reg: 0.043399
Epoch 263 Loss: 0.323928
Epoch 263 Validation: Mean EPE: 1.0330, Mean SSIM: 0.8376, Mean ZNCC: 0.9700
Epoch 264 starts
Iter 10 of 180 Loss: 0.321130, L1(Flow): 0.281346, Reg: 0.039783
Iter 20 of 180 Loss: 0.333968, L1(Flow): 0.289952, Reg: 0.044016
Iter 30 of 180 Loss: 0.318551, L1(Flow): 0.274481, Reg: 0.044070
Iter 40 of 180 Loss: 0.315620, L1(Flow): 0.274795, Reg: 0.040824
Iter 50 of 180 Loss: 0.304155, L1(Flow): 0.264132, Reg: 0.040022
Iter 60 of 180 Loss: 0.303642, L1(Flow): 0.262581, Reg: 0.041060
Iter 70 of 180 Loss: 0.306280, L1(Flow): 0.267425, Reg: 0.038855
Iter 80 of 180 Loss: 0.325867, L1(Flow): 0.287345, Reg: 0.038522
Iter 90 of 180 Loss: 0.345302, L1(Flow): 0.303230, Reg: 0.042072
Iter 100 of 180 Loss: 0.331738, L1(Flow): 0.286970, Reg: 0.044768
Iter 110 of 180 Loss: 0.326311, L1(Flow): 0.282979, Reg: 0.043331
Iter 120 of 180 Loss: 0.360126, L1(Flow): 0.317213, Reg: 0.042913
Iter 130 of 180 Loss: 0.335369, L1(Flow): 0.292955, Reg: 0.042413
Iter 140 of 180 Loss: 0.317246, L1(Flow): 0.278572, Reg: 0.038674
Iter 150 of 180 Loss: 0.329091, L1(Flow): 0.287131, Reg: 0.041960
Iter 160 of 180 Loss: 0.316608, L1(Flow): 0.276117, Reg: 0.040491
Iter 170 of 180 Loss: 0.307012, L1(Flow): 0.266674, Reg: 0.040338
Iter 180 of 180 Loss: 0.323225, L1(Flow): 0.280346, Reg: 0.042880
Epoch 264 Loss: 0.322327
Epoch 264 Validation: Mean EPE: 1.0257, Mean SSIM: 0.8403, Mean ZNCC: 0.9707
--> Saved to Top 5 best models (EPE: 1.0257)
--> New absolute BEST model updated with EPE: 1.0257
Epoch 265 starts
Iter 10 of 180 Loss: 0.287794, L1(Flow): 0.249790, Reg: 0.038004
Iter 20 of 180 Loss: 0.337057, L1(Flow): 0.289965, Reg: 0.047092
Iter 30 of 180 Loss: 0.313047, L1(Flow): 0.270134, Reg: 0.042913
Iter 40 of 180 Loss: 0.329959, L1(Flow): 0.285248, Reg: 0.044711
Iter 50 of 180 Loss: 0.328161, L1(Flow): 0.281845, Reg: 0.046316
Iter 60 of 180 Loss: 0.317550, L1(Flow): 0.274049, Reg: 0.043500
Iter 70 of 180 Loss: 0.353560, L1(Flow): 0.308174, Reg: 0.045386
Iter 80 of 180 Loss: 0.315893, L1(Flow): 0.275325, Reg: 0.040569
Iter 90 of 180 Loss: 0.322114, L1(Flow): 0.280529, Reg: 0.041585
Iter 100 of 180 Loss: 0.312517, L1(Flow): 0.267749, Reg: 0.044768
Iter 110 of 180 Loss: 0.346588, L1(Flow): 0.302099, Reg: 0.044489
Iter 120 of 180 Loss: 0.331680, L1(Flow): 0.289357, Reg: 0.042323
Iter 130 of 180 Loss: 0.349954, L1(Flow): 0.307324, Reg: 0.042630
Iter 140 of 180 Loss: 0.373052, L1(Flow): 0.327053, Reg: 0.045999
Iter 150 of 180 Loss: 0.332258, L1(Flow): 0.292100, Reg: 0.040158
Iter 160 of 180 Loss: 0.342475, L1(Flow): 0.296397, Reg: 0.046077
Iter 170 of 180 Loss: 0.321041, L1(Flow): 0.280286, Reg: 0.040754
Iter 180 of 180 Loss: 0.347786, L1(Flow): 0.301648, Reg: 0.046139
Epoch 265 Loss: 0.324888
Epoch 265 Validation: Mean EPE: 1.0272, Mean SSIM: 0.8398, Mean ZNCC: 0.9704
--> Saved to Top 5 best models (EPE: 1.0272)
Epoch 266 starts
Iter 10 of 180 Loss: 0.325185, L1(Flow): 0.282058, Reg: 0.043128
Iter 20 of 180 Loss: 0.312889, L1(Flow): 0.270022, Reg: 0.042867
Iter 30 of 180 Loss: 0.344870, L1(Flow): 0.301600, Reg: 0.043269
Iter 40 of 180 Loss: 0.302951, L1(Flow): 0.264734, Reg: 0.038218
Iter 50 of 180 Loss: 0.320089, L1(Flow): 0.277398, Reg: 0.042691
Iter 60 of 180 Loss: 0.324539, L1(Flow): 0.281899, Reg: 0.042640
Iter 70 of 180 Loss: 0.320313, L1(Flow): 0.280076, Reg: 0.040237
Iter 80 of 180 Loss: 0.315366, L1(Flow): 0.273101, Reg: 0.042265
Iter 90 of 180 Loss: 0.319922, L1(Flow): 0.277976, Reg: 0.041946
Iter 100 of 180 Loss: 0.307312, L1(Flow): 0.268294, Reg: 0.039018
Iter 110 of 180 Loss: 0.307038, L1(Flow): 0.264373, Reg: 0.042666
Iter 120 of 180 Loss: 0.312798, L1(Flow): 0.266881, Reg: 0.045917
Iter 130 of 180 Loss: 0.310727, L1(Flow): 0.269628, Reg: 0.041099
Iter 140 of 180 Loss: 0.314965, L1(Flow): 0.273355, Reg: 0.041610
Iter 150 of 180 Loss: 0.304949, L1(Flow): 0.262906, Reg: 0.042043
Iter 160 of 180 Loss: 0.307281, L1(Flow): 0.263675, Reg: 0.043606
Iter 170 of 180 Loss: 0.332240, L1(Flow): 0.287972, Reg: 0.044268
Iter 180 of 180 Loss: 0.306526, L1(Flow): 0.269311, Reg: 0.037214
Epoch 266 Loss: 0.319489
Epoch 266 Validation: Mean EPE: 1.0260, Mean SSIM: 0.8405, Mean ZNCC: 0.9704
--> Saved to Top 5 best models (EPE: 1.0260)
Epoch 267 starts
Iter 10 of 180 Loss: 0.299793, L1(Flow): 0.258130, Reg: 0.041663
Iter 20 of 180 Loss: 0.324843, L1(Flow): 0.283011, Reg: 0.041833
Iter 30 of 180 Loss: 0.311126, L1(Flow): 0.270757, Reg: 0.040369
Iter 40 of 180 Loss: 0.316720, L1(Flow): 0.272657, Reg: 0.044064
Iter 50 of 180 Loss: 0.304411, L1(Flow): 0.267237, Reg: 0.037174
Iter 60 of 180 Loss: 0.298156, L1(Flow): 0.260779, Reg: 0.037376
Iter 70 of 180 Loss: 0.296595, L1(Flow): 0.256546, Reg: 0.040049
Iter 80 of 180 Loss: 0.304300, L1(Flow): 0.263530, Reg: 0.040770
Iter 90 of 180 Loss: 0.319923, L1(Flow): 0.277696, Reg: 0.042227
Iter 100 of 180 Loss: 0.303494, L1(Flow): 0.262945, Reg: 0.040549
Iter 110 of 180 Loss: 0.325454, L1(Flow): 0.280723, Reg: 0.044731
Iter 120 of 180 Loss: 0.315974, L1(Flow): 0.270886, Reg: 0.045088
Iter 130 of 180 Loss: 0.322032, L1(Flow): 0.280937, Reg: 0.041096
Iter 140 of 180 Loss: 0.326393, L1(Flow): 0.284758, Reg: 0.041635
Iter 150 of 180 Loss: 0.342078, L1(Flow): 0.297476, Reg: 0.044603
Iter 160 of 180 Loss: 0.334392, L1(Flow): 0.292616, Reg: 0.041775
Iter 170 of 180 Loss: 0.349186, L1(Flow): 0.303279, Reg: 0.045907
Iter 180 of 180 Loss: 0.325818, L1(Flow): 0.284108, Reg: 0.041711
Epoch 267 Loss: 0.318650
Epoch 267 Validation: Mean EPE: 1.0365, Mean SSIM: 0.8378, Mean ZNCC: 0.9701
Epoch 268 starts
Iter 10 of 180 Loss: 0.311516, L1(Flow): 0.270666, Reg: 0.040850
Iter 20 of 180 Loss: 0.331947, L1(Flow): 0.289682, Reg: 0.042265
Iter 30 of 180 Loss: 0.328858, L1(Flow): 0.286837, Reg: 0.042021
Iter 40 of 180 Loss: 0.321430, L1(Flow): 0.281086, Reg: 0.040344
Iter 50 of 180 Loss: 0.310841, L1(Flow): 0.270538, Reg: 0.040303
Iter 60 of 180 Loss: 0.301786, L1(Flow): 0.265526, Reg: 0.036260
Iter 70 of 180 Loss: 0.313998, L1(Flow): 0.272092, Reg: 0.041907
Iter 80 of 180 Loss: 0.298795, L1(Flow): 0.261020, Reg: 0.037776
Iter 90 of 180 Loss: 0.324686, L1(Flow): 0.281659, Reg: 0.043027
Iter 100 of 180 Loss: 0.315738, L1(Flow): 0.274305, Reg: 0.041433
Iter 110 of 180 Loss: 0.304068, L1(Flow): 0.268298, Reg: 0.035770
Iter 120 of 180 Loss: 0.324352, L1(Flow): 0.283634, Reg: 0.040718
Iter 130 of 180 Loss: 0.301694, L1(Flow): 0.260686, Reg: 0.041008
Iter 140 of 180 Loss: 0.313179, L1(Flow): 0.268859, Reg: 0.044320
Iter 150 of 180 Loss: 0.313702, L1(Flow): 0.272057, Reg: 0.041645
Iter 160 of 180 Loss: 0.314642, L1(Flow): 0.271048, Reg: 0.043594
Iter 170 of 180 Loss: 0.332542, L1(Flow): 0.286796, Reg: 0.045745
Iter 180 of 180 Loss: 0.285409, L1(Flow): 0.249405, Reg: 0.036004
Epoch 268 Loss: 0.320000
Epoch 268 Validation: Mean EPE: 1.0279, Mean SSIM: 0.8402, Mean ZNCC: 0.9705
Epoch 269 starts
Iter 10 of 180 Loss: 0.333676, L1(Flow): 0.287160, Reg: 0.046516
Iter 20 of 180 Loss: 0.360429, L1(Flow): 0.320433, Reg: 0.039996
Iter 30 of 180 Loss: 0.327068, L1(Flow): 0.281938, Reg: 0.045130
Iter 40 of 180 Loss: 0.309126, L1(Flow): 0.265815, Reg: 0.043311
Iter 50 of 180 Loss: 0.305583, L1(Flow): 0.266860, Reg: 0.038722
Iter 60 of 180 Loss: 0.311921, L1(Flow): 0.273166, Reg: 0.038755
Iter 70 of 180 Loss: 0.332228, L1(Flow): 0.286476, Reg: 0.045752
Iter 80 of 180 Loss: 0.326255, L1(Flow): 0.286668, Reg: 0.039587
Iter 90 of 180 Loss: 0.337057, L1(Flow): 0.295348, Reg: 0.041709
Iter 100 of 180 Loss: 0.316349, L1(Flow): 0.273686, Reg: 0.042663
Iter 110 of 180 Loss: 0.315832, L1(Flow): 0.274491, Reg: 0.041341
Iter 120 of 180 Loss: 0.329603, L1(Flow): 0.290536, Reg: 0.039066
Iter 130 of 180 Loss: 0.321109, L1(Flow): 0.277806, Reg: 0.043303
Iter 140 of 180 Loss: 0.311434, L1(Flow): 0.268342, Reg: 0.043092
Iter 150 of 180 Loss: 0.319979, L1(Flow): 0.281690, Reg: 0.038289
Iter 160 of 180 Loss: 0.324161, L1(Flow): 0.281856, Reg: 0.042305
Iter 170 of 180 Loss: 0.342142, L1(Flow): 0.295944, Reg: 0.046198
Iter 180 of 180 Loss: 0.311955, L1(Flow): 0.271972, Reg: 0.039983
Epoch 269 Loss: 0.320699
Epoch 269 Validation: Mean EPE: 1.0247, Mean SSIM: 0.8410, Mean ZNCC: 0.9707
--> Saved to Top 5 best models (EPE: 1.0247)
--> New absolute BEST model updated with EPE: 1.0247
Epoch 270 starts
Iter 10 of 180 Loss: 0.335444, L1(Flow): 0.290964, Reg: 0.044480
Iter 20 of 180 Loss: 0.324470, L1(Flow): 0.284491, Reg: 0.039979
Iter 30 of 180 Loss: 0.310760, L1(Flow): 0.268903, Reg: 0.041857
Iter 40 of 180 Loss: 0.336313, L1(Flow): 0.291095, Reg: 0.045218
Iter 50 of 180 Loss: 0.327791, L1(Flow): 0.284282, Reg: 0.043509
Iter 60 of 180 Loss: 0.330903, L1(Flow): 0.286356, Reg: 0.044547
Iter 70 of 180 Loss: 0.333430, L1(Flow): 0.288209, Reg: 0.045221
Iter 80 of 180 Loss: 0.324776, L1(Flow): 0.285246, Reg: 0.039530
Iter 90 of 180 Loss: 0.313280, L1(Flow): 0.272469, Reg: 0.040811
Iter 100 of 180 Loss: 0.302516, L1(Flow): 0.262038, Reg: 0.040478
Iter 110 of 180 Loss: 0.322539, L1(Flow): 0.279730, Reg: 0.042808
Iter 120 of 180 Loss: 0.311128, L1(Flow): 0.273438, Reg: 0.037690
Iter 130 of 180 Loss: 0.324838, L1(Flow): 0.280588, Reg: 0.044250
Iter 140 of 180 Loss: 0.309167, L1(Flow): 0.268479, Reg: 0.040688
Iter 150 of 180 Loss: 0.327676, L1(Flow): 0.285042, Reg: 0.042634
Iter 160 of 180 Loss: 0.343981, L1(Flow): 0.298896, Reg: 0.045084
Iter 170 of 180 Loss: 0.324870, L1(Flow): 0.287108, Reg: 0.037762
Iter 180 of 180 Loss: 0.344784, L1(Flow): 0.305107, Reg: 0.039677
Epoch 270 Loss: 0.320113
Epoch 270 Validation: Mean EPE: 1.0286, Mean SSIM: 0.8407, Mean ZNCC: 0.9706
Epoch 271 starts
Iter 10 of 180 Loss: 0.332479, L1(Flow): 0.286851, Reg: 0.045628
Iter 20 of 180 Loss: 0.328243, L1(Flow): 0.283330, Reg: 0.044913
Iter 30 of 180 Loss: 0.346484, L1(Flow): 0.301924, Reg: 0.044560
Iter 40 of 180 Loss: 0.335151, L1(Flow): 0.293088, Reg: 0.042063
Iter 50 of 180 Loss: 0.329469, L1(Flow): 0.288616, Reg: 0.040853
Iter 60 of 180 Loss: 0.321451, L1(Flow): 0.276487, Reg: 0.044964
Iter 70 of 180 Loss: 0.335110, L1(Flow): 0.288819, Reg: 0.046291
Iter 80 of 180 Loss: 0.328673, L1(Flow): 0.285747, Reg: 0.042926
Iter 90 of 180 Loss: 0.314165, L1(Flow): 0.273870, Reg: 0.040295
Iter 100 of 180 Loss: 0.311173, L1(Flow): 0.272687, Reg: 0.038486
Iter 110 of 180 Loss: 0.330589, L1(Flow): 0.287786, Reg: 0.042804
Iter 120 of 180 Loss: 0.293941, L1(Flow): 0.254966, Reg: 0.038976
Iter 130 of 180 Loss: 0.310464, L1(Flow): 0.267259, Reg: 0.043204
Iter 140 of 180 Loss: 0.344981, L1(Flow): 0.299054, Reg: 0.045928
Iter 150 of 180 Loss: 0.322853, L1(Flow): 0.278045, Reg: 0.044808
Iter 160 of 180 Loss: 0.320705, L1(Flow): 0.278743, Reg: 0.041962
Iter 170 of 180 Loss: 0.297540, L1(Flow): 0.260029, Reg: 0.037511
Iter 180 of 180 Loss: 0.314533, L1(Flow): 0.272699, Reg: 0.041834
Epoch 271 Loss: 0.320495
Epoch 271 Validation: Mean EPE: 1.0280, Mean SSIM: 0.8409, Mean ZNCC: 0.9704
Epoch 272 starts
Iter 10 of 180 Loss: 0.300265, L1(Flow): 0.264168, Reg: 0.036096
Iter 20 of 180 Loss: 0.326515, L1(Flow): 0.284564, Reg: 0.041951
Iter 30 of 180 Loss: 0.324484, L1(Flow): 0.279536, Reg: 0.044947
Iter 40 of 180 Loss: 0.333084, L1(Flow): 0.289131, Reg: 0.043953
Iter 50 of 180 Loss: 0.306394, L1(Flow): 0.266009, Reg: 0.040385
Iter 60 of 180 Loss: 0.326070, L1(Flow): 0.285981, Reg: 0.040089
Iter 70 of 180 Loss: 0.309402, L1(Flow): 0.270491, Reg: 0.038911
Iter 80 of 180 Loss: 0.316914, L1(Flow): 0.273583, Reg: 0.043331
Iter 90 of 180 Loss: 0.324011, L1(Flow): 0.282990, Reg: 0.041020
Iter 100 of 180 Loss: 0.308883, L1(Flow): 0.269956, Reg: 0.038927
Iter 110 of 180 Loss: 0.311945, L1(Flow): 0.267730, Reg: 0.044215
Iter 120 of 180 Loss: 0.308414, L1(Flow): 0.269280, Reg: 0.039134
Iter 130 of 180 Loss: 0.312636, L1(Flow): 0.272353, Reg: 0.040283
Iter 140 of 180 Loss: 0.303033, L1(Flow): 0.263063, Reg: 0.039970
Iter 150 of 180 Loss: 0.303181, L1(Flow): 0.261872, Reg: 0.041309
Iter 160 of 180 Loss: 0.312307, L1(Flow): 0.269231, Reg: 0.043076
Iter 170 of 180 Loss: 0.318362, L1(Flow): 0.276269, Reg: 0.042094
Iter 180 of 180 Loss: 0.322458, L1(Flow): 0.279740, Reg: 0.042718
Epoch 272 Loss: 0.317467
Epoch 272 Validation: Mean EPE: 1.0299, Mean SSIM: 0.8380, Mean ZNCC: 0.9701
Epoch 273 starts
Iter 10 of 180 Loss: 0.307203, L1(Flow): 0.266617, Reg: 0.040586
Iter 20 of 180 Loss: 0.309311, L1(Flow): 0.268394, Reg: 0.040917
Iter 30 of 180 Loss: 0.316953, L1(Flow): 0.277741, Reg: 0.039212
Iter 40 of 180 Loss: 0.321076, L1(Flow): 0.278067, Reg: 0.043009
Iter 50 of 180 Loss: 0.306276, L1(Flow): 0.265132, Reg: 0.041143
Iter 60 of 180 Loss: 0.299882, L1(Flow): 0.260375, Reg: 0.039508
Iter 70 of 180 Loss: 0.325218, L1(Flow): 0.283015, Reg: 0.042203
Iter 80 of 180 Loss: 0.315273, L1(Flow): 0.272471, Reg: 0.042802
Iter 90 of 180 Loss: 0.314341, L1(Flow): 0.271773, Reg: 0.042567
Iter 100 of 180 Loss: 0.328848, L1(Flow): 0.286075, Reg: 0.042773
Iter 110 of 180 Loss: 0.317381, L1(Flow): 0.272643, Reg: 0.044738
Iter 120 of 180 Loss: 0.323636, L1(Flow): 0.281188, Reg: 0.042448
Iter 130 of 180 Loss: 0.302523, L1(Flow): 0.259938, Reg: 0.042585
Iter 140 of 180 Loss: 0.321373, L1(Flow): 0.280603, Reg: 0.040770
Iter 150 of 180 Loss: 0.336199, L1(Flow): 0.291511, Reg: 0.044689
Iter 160 of 180 Loss: 0.335566, L1(Flow): 0.293334, Reg: 0.042232
Iter 170 of 180 Loss: 0.308521, L1(Flow): 0.270048, Reg: 0.038473
Iter 180 of 180 Loss: 0.316562, L1(Flow): 0.271876, Reg: 0.044686
Epoch 273 Loss: 0.319838
Epoch 273 Validation: Mean EPE: 1.0250, Mean SSIM: 0.8412, Mean ZNCC: 0.9706
--> Saved to Top 5 best models (EPE: 1.0250)
Epoch 274 starts
Iter 10 of 180 Loss: 0.327364, L1(Flow): 0.285042, Reg: 0.042321
Iter 20 of 180 Loss: 0.344173, L1(Flow): 0.298943, Reg: 0.045230
Iter 30 of 180 Loss: 0.313435, L1(Flow): 0.273226, Reg: 0.040209
Iter 40 of 180 Loss: 0.335470, L1(Flow): 0.288329, Reg: 0.047141
Iter 50 of 180 Loss: 0.306023, L1(Flow): 0.267137, Reg: 0.038886
Iter 60 of 180 Loss: 0.308062, L1(Flow): 0.265074, Reg: 0.042988
Iter 70 of 180 Loss: 0.294896, L1(Flow): 0.256945, Reg: 0.037951
Iter 80 of 180 Loss: 0.301086, L1(Flow): 0.263000, Reg: 0.038085
Iter 90 of 180 Loss: 0.317324, L1(Flow): 0.277039, Reg: 0.040285
Iter 100 of 180 Loss: 0.301370, L1(Flow): 0.263134, Reg: 0.038236
Iter 110 of 180 Loss: 0.321084, L1(Flow): 0.278205, Reg: 0.042879
Iter 120 of 180 Loss: 0.324952, L1(Flow): 0.285239, Reg: 0.039713
Iter 130 of 180 Loss: 0.323510, L1(Flow): 0.280080, Reg: 0.043430
Iter 140 of 180 Loss: 0.315304, L1(Flow): 0.277578, Reg: 0.037726
Iter 150 of 180 Loss: 0.327528, L1(Flow): 0.285855, Reg: 0.041672
Iter 160 of 180 Loss: 0.304093, L1(Flow): 0.266298, Reg: 0.037795
Iter 170 of 180 Loss: 0.328899, L1(Flow): 0.286215, Reg: 0.042684
Iter 180 of 180 Loss: 0.320587, L1(Flow): 0.279367, Reg: 0.041220
Epoch 274 Loss: 0.320775
Epoch 274 Validation: Mean EPE: 1.0241, Mean SSIM: 0.8401, Mean ZNCC: 0.9706
--> Saved to Top 5 best models (EPE: 1.0241)
--> New absolute BEST model updated with EPE: 1.0241
Epoch 275 starts
Iter 10 of 180 Loss: 0.288715, L1(Flow): 0.249927, Reg: 0.038788
Iter 20 of 180 Loss: 0.314713, L1(Flow): 0.271063, Reg: 0.043649
Iter 30 of 180 Loss: 0.318928, L1(Flow): 0.273070, Reg: 0.045858
Iter 40 of 180 Loss: 0.313419, L1(Flow): 0.271336, Reg: 0.042082
Iter 50 of 180 Loss: 0.336448, L1(Flow): 0.290045, Reg: 0.046403
Iter 60 of 180 Loss: 0.309868, L1(Flow): 0.268744, Reg: 0.041124
Iter 70 of 180 Loss: 0.320207, L1(Flow): 0.275546, Reg: 0.044662
Iter 80 of 180 Loss: 0.286949, L1(Flow): 0.248829, Reg: 0.038121
Iter 90 of 180 Loss: 0.322485, L1(Flow): 0.282269, Reg: 0.040216
Iter 100 of 180 Loss: 0.303966, L1(Flow): 0.264507, Reg: 0.039459
Iter 110 of 180 Loss: 0.328536, L1(Flow): 0.287101, Reg: 0.041435
Iter 120 of 180 Loss: 0.298582, L1(Flow): 0.259422, Reg: 0.039161
Iter 130 of 180 Loss: 0.347315, L1(Flow): 0.301280, Reg: 0.046035
Iter 140 of 180 Loss: 0.311387, L1(Flow): 0.271945, Reg: 0.039442
Iter 150 of 180 Loss: 0.323468, L1(Flow): 0.282197, Reg: 0.041271
Iter 160 of 180 Loss: 0.329845, L1(Flow): 0.286620, Reg: 0.043225
Iter 170 of 180 Loss: 0.324502, L1(Flow): 0.279542, Reg: 0.044959
Iter 180 of 180 Loss: 0.316686, L1(Flow): 0.278296, Reg: 0.038390
Epoch 275 Loss: 0.315276
Epoch 275 Validation: Mean EPE: 1.0347, Mean SSIM: 0.8383, Mean ZNCC: 0.9701
Epoch 276 starts
Iter 10 of 180 Loss: 0.316845, L1(Flow): 0.275029, Reg: 0.041816
Iter 20 of 180 Loss: 0.321354, L1(Flow): 0.278157, Reg: 0.043198
Iter 30 of 180 Loss: 0.298725, L1(Flow): 0.258708, Reg: 0.040017
Iter 40 of 180 Loss: 0.295881, L1(Flow): 0.258760, Reg: 0.037120
Iter 50 of 180 Loss: 0.289409, L1(Flow): 0.250369, Reg: 0.039040
Iter 60 of 180 Loss: 0.308684, L1(Flow): 0.267542, Reg: 0.041142
Iter 70 of 180 Loss: 0.333194, L1(Flow): 0.288826, Reg: 0.044368
Iter 80 of 180 Loss: 0.306267, L1(Flow): 0.265053, Reg: 0.041213
Iter 90 of 180 Loss: 0.295865, L1(Flow): 0.256830, Reg: 0.039035
Iter 100 of 180 Loss: 0.318781, L1(Flow): 0.279131, Reg: 0.039650
Iter 110 of 180 Loss: 0.333471, L1(Flow): 0.288659, Reg: 0.044812
Iter 120 of 180 Loss: 0.292805, L1(Flow): 0.256974, Reg: 0.035830
Iter 130 of 180 Loss: 0.296684, L1(Flow): 0.257838, Reg: 0.038847
Iter 140 of 180 Loss: 0.314020, L1(Flow): 0.276140, Reg: 0.037880
Iter 150 of 180 Loss: 0.330196, L1(Flow): 0.284991, Reg: 0.045205
Iter 160 of 180 Loss: 0.309602, L1(Flow): 0.266593, Reg: 0.043008
Iter 170 of 180 Loss: 0.348381, L1(Flow): 0.301589, Reg: 0.046792
Iter 180 of 180 Loss: 0.309329, L1(Flow): 0.270804, Reg: 0.038525
Epoch 276 Loss: 0.315142
Epoch 276 Validation: Mean EPE: 1.0285, Mean SSIM: 0.8402, Mean ZNCC: 0.9704
Epoch 277 starts
Iter 10 of 180 Loss: 0.302071, L1(Flow): 0.264424, Reg: 0.037646
Iter 20 of 180 Loss: 0.313539, L1(Flow): 0.275934, Reg: 0.037605
Iter 30 of 180 Loss: 0.344133, L1(Flow): 0.297527, Reg: 0.046606
Iter 40 of 180 Loss: 0.313453, L1(Flow): 0.271434, Reg: 0.042018
Iter 50 of 180 Loss: 0.318786, L1(Flow): 0.274794, Reg: 0.043992
Iter 60 of 180 Loss: 0.303046, L1(Flow): 0.260801, Reg: 0.042244
Iter 70 of 180 Loss: 0.304835, L1(Flow): 0.262787, Reg: 0.042048
Iter 80 of 180 Loss: 0.298404, L1(Flow): 0.257158, Reg: 0.041246
Iter 90 of 180 Loss: 0.341040, L1(Flow): 0.291814, Reg: 0.049227
Iter 100 of 180 Loss: 0.309212, L1(Flow): 0.271313, Reg: 0.037900
Iter 110 of 180 Loss: 0.329618, L1(Flow): 0.283044, Reg: 0.046574
Iter 120 of 180 Loss: 0.306737, L1(Flow): 0.266710, Reg: 0.040028
Iter 130 of 180 Loss: 0.302321, L1(Flow): 0.259517, Reg: 0.042804
Iter 140 of 180 Loss: 0.308393, L1(Flow): 0.264745, Reg: 0.043647
Iter 150 of 180 Loss: 0.299826, L1(Flow): 0.261638, Reg: 0.038188
Iter 160 of 180 Loss: 0.326152, L1(Flow): 0.284240, Reg: 0.041912
Iter 170 of 180 Loss: 0.313263, L1(Flow): 0.269221, Reg: 0.044043
Iter 180 of 180 Loss: 0.297536, L1(Flow): 0.260285, Reg: 0.037251
Epoch 277 Loss: 0.312369
Epoch 277 Validation: Mean EPE: 1.0244, Mean SSIM: 0.8406, Mean ZNCC: 0.9705
--> Saved to Top 5 best models (EPE: 1.0244)
Epoch 278 starts
Iter 10 of 180 Loss: 0.294928, L1(Flow): 0.255605, Reg: 0.039323
Iter 20 of 180 Loss: 0.313422, L1(Flow): 0.272683, Reg: 0.040739
Iter 30 of 180 Loss: 0.296308, L1(Flow): 0.254653, Reg: 0.041655
Iter 40 of 180 Loss: 0.297051, L1(Flow): 0.258988, Reg: 0.038062
Iter 50 of 180 Loss: 0.317719, L1(Flow): 0.272970, Reg: 0.044749
Iter 60 of 180 Loss: 0.310747, L1(Flow): 0.272945, Reg: 0.037802
Iter 70 of 180 Loss: 0.323464, L1(Flow): 0.281781, Reg: 0.041682
Iter 80 of 180 Loss: 0.328239, L1(Flow): 0.285308, Reg: 0.042931
Iter 90 of 180 Loss: 0.304646, L1(Flow): 0.264190, Reg: 0.040456
Iter 100 of 180 Loss: 0.329977, L1(Flow): 0.286129, Reg: 0.043848
Iter 110 of 180 Loss: 0.329273, L1(Flow): 0.286541, Reg: 0.042732
Iter 120 of 180 Loss: 0.299609, L1(Flow): 0.258204, Reg: 0.041405
Iter 130 of 180 Loss: 0.329375, L1(Flow): 0.283010, Reg: 0.046365
Iter 140 of 180 Loss: 0.307006, L1(Flow): 0.265190, Reg: 0.041816
Iter 150 of 180 Loss: 0.329493, L1(Flow): 0.287617, Reg: 0.041876
Iter 160 of 180 Loss: 0.292426, L1(Flow): 0.252928, Reg: 0.039498
Iter 170 of 180 Loss: 0.300858, L1(Flow): 0.261331, Reg: 0.039527
Iter 180 of 180 Loss: 0.307836, L1(Flow): 0.266642, Reg: 0.041194
Epoch 278 Loss: 0.312250
Epoch 278 Validation: Mean EPE: 1.0349, Mean SSIM: 0.8390, Mean ZNCC: 0.9701
Epoch 279 starts
Iter 10 of 180 Loss: 0.328510, L1(Flow): 0.286707, Reg: 0.041803
Iter 20 of 180 Loss: 0.300437, L1(Flow): 0.259053, Reg: 0.041384
Iter 30 of 180 Loss: 0.319767, L1(Flow): 0.280484, Reg: 0.039283
Iter 40 of 180 Loss: 0.336173, L1(Flow): 0.296187, Reg: 0.039986
Iter 50 of 180 Loss: 0.324722, L1(Flow): 0.281413, Reg: 0.043309
Iter 60 of 180 Loss: 0.341216, L1(Flow): 0.292410, Reg: 0.048806
Iter 70 of 180 Loss: 0.331965, L1(Flow): 0.292991, Reg: 0.038974
Iter 80 of 180 Loss: 0.348348, L1(Flow): 0.305981, Reg: 0.042368
Iter 90 of 180 Loss: 0.328816, L1(Flow): 0.287910, Reg: 0.040906
Iter 100 of 180 Loss: 0.348942, L1(Flow): 0.306550, Reg: 0.042392
Iter 110 of 180 Loss: 0.353784, L1(Flow): 0.312044, Reg: 0.041740
Iter 120 of 180 Loss: 0.302300, L1(Flow): 0.263350, Reg: 0.038950
Iter 130 of 180 Loss: 0.324264, L1(Flow): 0.281604, Reg: 0.042660
Iter 140 of 180 Loss: 0.309660, L1(Flow): 0.266774, Reg: 0.042886
Iter 150 of 180 Loss: 0.310372, L1(Flow): 0.269757, Reg: 0.040615
Iter 160 of 180 Loss: 0.325142, L1(Flow): 0.283980, Reg: 0.041161
Iter 170 of 180 Loss: 0.345420, L1(Flow): 0.302170, Reg: 0.043250
Iter 180 of 180 Loss: 0.319702, L1(Flow): 0.276435, Reg: 0.043267
Epoch 279 Loss: 0.322578
Epoch 279 Validation: Mean EPE: 1.0400, Mean SSIM: 0.8356, Mean ZNCC: 0.9694
Epoch 280 starts
Iter 10 of 180 Loss: 0.314790, L1(Flow): 0.275258, Reg: 0.039533
Iter 20 of 180 Loss: 0.313363, L1(Flow): 0.274220, Reg: 0.039143
Iter 30 of 180 Loss: 0.317096, L1(Flow): 0.275869, Reg: 0.041227
Iter 40 of 180 Loss: 0.316294, L1(Flow): 0.275215, Reg: 0.041079
Iter 50 of 180 Loss: 0.321836, L1(Flow): 0.276628, Reg: 0.045208
Iter 60 of 180 Loss: 0.332280, L1(Flow): 0.286364, Reg: 0.045916
Iter 70 of 180 Loss: 0.315518, L1(Flow): 0.276605, Reg: 0.038913
Iter 80 of 180 Loss: 0.333901, L1(Flow): 0.292279, Reg: 0.041622
Iter 90 of 180 Loss: 0.295822, L1(Flow): 0.257407, Reg: 0.038415
Iter 100 of 180 Loss: 0.307589, L1(Flow): 0.266886, Reg: 0.040703
Iter 110 of 180 Loss: 0.285669, L1(Flow): 0.248218, Reg: 0.037451
Iter 120 of 180 Loss: 0.335689, L1(Flow): 0.295114, Reg: 0.040575
Iter 130 of 180 Loss: 0.345232, L1(Flow): 0.302873, Reg: 0.042359
Iter 140 of 180 Loss: 0.333560, L1(Flow): 0.295618, Reg: 0.037942
Iter 150 of 180 Loss: 0.296238, L1(Flow): 0.256846, Reg: 0.039393
Iter 160 of 180 Loss: 0.316349, L1(Flow): 0.274343, Reg: 0.042006
Iter 170 of 180 Loss: 0.300538, L1(Flow): 0.263374, Reg: 0.037163
Iter 180 of 180 Loss: 0.325919, L1(Flow): 0.283485, Reg: 0.042435
Epoch 280 Loss: 0.320384
Epoch 280 Validation: Mean EPE: 1.0228, Mean SSIM: 0.8412, Mean ZNCC: 0.9708
--> Saved to Top 5 best models (EPE: 1.0228)
--> New absolute BEST model updated with EPE: 1.0228
Epoch 281 starts
Iter 10 of 180 Loss: 0.326601, L1(Flow): 0.281579, Reg: 0.045022
Iter 20 of 180 Loss: 0.302375, L1(Flow): 0.264998, Reg: 0.037377
Iter 30 of 180 Loss: 0.317283, L1(Flow): 0.270786, Reg: 0.046498
Iter 40 of 180 Loss: 0.305226, L1(Flow): 0.264963, Reg: 0.040263
Iter 50 of 180 Loss: 0.371845, L1(Flow): 0.328984, Reg: 0.042861
Iter 60 of 180 Loss: 0.361175, L1(Flow): 0.319058, Reg: 0.042117
Iter 70 of 180 Loss: 0.333627, L1(Flow): 0.296631, Reg: 0.036996
Iter 80 of 180 Loss: 0.337935, L1(Flow): 0.294408, Reg: 0.043528
Iter 90 of 180 Loss: 0.312153, L1(Flow): 0.271468, Reg: 0.040684
Iter 100 of 180 Loss: 0.319774, L1(Flow): 0.281584, Reg: 0.038191
Iter 110 of 180 Loss: 0.332728, L1(Flow): 0.292218, Reg: 0.040510
Iter 120 of 180 Loss: 0.329681, L1(Flow): 0.288282, Reg: 0.041399
Iter 130 of 180 Loss: 0.336589, L1(Flow): 0.293187, Reg: 0.043403
Iter 140 of 180 Loss: 0.317450, L1(Flow): 0.276176, Reg: 0.041274
Iter 150 of 180 Loss: 0.307233, L1(Flow): 0.268298, Reg: 0.038934
Iter 160 of 180 Loss: 0.320437, L1(Flow): 0.276630, Reg: 0.043807
Iter 170 of 180 Loss: 0.305693, L1(Flow): 0.267799, Reg: 0.037894
Iter 180 of 180 Loss: 0.304741, L1(Flow): 0.266060, Reg: 0.038681
Epoch 281 Loss: 0.328061
Epoch 281 Validation: Mean EPE: 1.0246, Mean SSIM: 0.8408, Mean ZNCC: 0.9707
--> Saved to Top 5 best models (EPE: 1.0246)
Epoch 282 starts
Iter 10 of 180 Loss: 0.321410, L1(Flow): 0.279804, Reg: 0.041606
Iter 20 of 180 Loss: 0.336996, L1(Flow): 0.297147, Reg: 0.039849
Iter 30 of 180 Loss: 0.283240, L1(Flow): 0.247157, Reg: 0.036083
Iter 40 of 180 Loss: 0.307070, L1(Flow): 0.266246, Reg: 0.040824
Iter 50 of 180 Loss: 0.326131, L1(Flow): 0.285356, Reg: 0.040776
Iter 60 of 180 Loss: 0.323769, L1(Flow): 0.282084, Reg: 0.041685
Iter 70 of 180 Loss: 0.295705, L1(Flow): 0.258630, Reg: 0.037075
Iter 80 of 180 Loss: 0.331757, L1(Flow): 0.285003, Reg: 0.046754
Iter 90 of 180 Loss: 0.307965, L1(Flow): 0.266494, Reg: 0.041471
Iter 100 of 180 Loss: 0.299926, L1(Flow): 0.261336, Reg: 0.038590
Iter 110 of 180 Loss: 0.298713, L1(Flow): 0.258267, Reg: 0.040446
Iter 120 of 180 Loss: 0.309833, L1(Flow): 0.269223, Reg: 0.040610
Iter 130 of 180 Loss: 0.312779, L1(Flow): 0.272425, Reg: 0.040354
Iter 140 of 180 Loss: 0.304118, L1(Flow): 0.263344, Reg: 0.040774
Iter 150 of 180 Loss: 0.318337, L1(Flow): 0.274638, Reg: 0.043699
Iter 160 of 180 Loss: 0.315608, L1(Flow): 0.272867, Reg: 0.042740
Iter 170 of 180 Loss: 0.317002, L1(Flow): 0.274614, Reg: 0.042388
Iter 180 of 180 Loss: 0.301172, L1(Flow): 0.260431, Reg: 0.040741
Epoch 282 Loss: 0.314417
Epoch 282 Validation: Mean EPE: 1.0228, Mean SSIM: 0.8396, Mean ZNCC: 0.9705
--> Saved to Top 5 best models (EPE: 1.0228)
--> New absolute BEST model updated with EPE: 1.0228
Epoch 283 starts
Iter 10 of 180 Loss: 0.302752, L1(Flow): 0.262714, Reg: 0.040038
Iter 20 of 180 Loss: 0.313413, L1(Flow): 0.270094, Reg: 0.043319
Iter 30 of 180 Loss: 0.314585, L1(Flow): 0.274033, Reg: 0.040552
Iter 40 of 180 Loss: 0.297245, L1(Flow): 0.259837, Reg: 0.037408
Iter 50 of 180 Loss: 0.326063, L1(Flow): 0.283824, Reg: 0.042240
Iter 60 of 180 Loss: 0.315789, L1(Flow): 0.271116, Reg: 0.044673
Iter 70 of 180 Loss: 0.345365, L1(Flow): 0.300765, Reg: 0.044600
Iter 80 of 180 Loss: 0.282666, L1(Flow): 0.247714, Reg: 0.034952
Iter 90 of 180 Loss: 0.307080, L1(Flow): 0.266567, Reg: 0.040514
Iter 100 of 180 Loss: 0.290479, L1(Flow): 0.251318, Reg: 0.039161
Iter 110 of 180 Loss: 0.301368, L1(Flow): 0.261613, Reg: 0.039754
Iter 120 of 180 Loss: 0.314344, L1(Flow): 0.274574, Reg: 0.039770
Iter 130 of 180 Loss: 0.311836, L1(Flow): 0.272947, Reg: 0.038888
Iter 140 of 180 Loss: 0.325880, L1(Flow): 0.285718, Reg: 0.040162
Iter 150 of 180 Loss: 0.296438, L1(Flow): 0.260727, Reg: 0.035711
Iter 160 of 180 Loss: 0.306173, L1(Flow): 0.264091, Reg: 0.042082
Iter 170 of 180 Loss: 0.303067, L1(Flow): 0.263602, Reg: 0.039465
Iter 180 of 180 Loss: 0.301350, L1(Flow): 0.262780, Reg: 0.038570
Epoch 283 Loss: 0.312668
Epoch 283 Validation: Mean EPE: 1.0201, Mean SSIM: 0.8415, Mean ZNCC: 0.9708
--> Saved to Top 5 best models (EPE: 1.0201)
--> New absolute BEST model updated with EPE: 1.0201
Epoch 284 starts
Iter 10 of 180 Loss: 0.329650, L1(Flow): 0.284492, Reg: 0.045158
Iter 20 of 180 Loss: 0.300978, L1(Flow): 0.261181, Reg: 0.039797
Iter 30 of 180 Loss: 0.311449, L1(Flow): 0.270781, Reg: 0.040668
Iter 40 of 180 Loss: 0.334561, L1(Flow): 0.291387, Reg: 0.043174
Iter 50 of 180 Loss: 0.339263, L1(Flow): 0.299769, Reg: 0.039494
Iter 60 of 180 Loss: 0.298117, L1(Flow): 0.259282, Reg: 0.038835
Iter 70 of 180 Loss: 0.337474, L1(Flow): 0.291538, Reg: 0.045935
Iter 80 of 180 Loss: 0.304920, L1(Flow): 0.263981, Reg: 0.040939
Iter 90 of 180 Loss: 0.308164, L1(Flow): 0.269498, Reg: 0.038666
Iter 100 of 180 Loss: 0.323038, L1(Flow): 0.278807, Reg: 0.044231
Iter 110 of 180 Loss: 0.317230, L1(Flow): 0.276740, Reg: 0.040490
Iter 120 of 180 Loss: 0.323887, L1(Flow): 0.281671, Reg: 0.042217
Iter 130 of 180 Loss: 0.296942, L1(Flow): 0.258643, Reg: 0.038300
Iter 140 of 180 Loss: 0.306473, L1(Flow): 0.261954, Reg: 0.044518
Iter 150 of 180 Loss: 0.321418, L1(Flow): 0.279488, Reg: 0.041930
Iter 160 of 180 Loss: 0.328650, L1(Flow): 0.284689, Reg: 0.043960
Iter 170 of 180 Loss: 0.299198, L1(Flow): 0.258881, Reg: 0.040317
Iter 180 of 180 Loss: 0.312673, L1(Flow): 0.271024, Reg: 0.041649
Epoch 284 Loss: 0.314188
Epoch 284 Validation: Mean EPE: 1.0272, Mean SSIM: 0.8404, Mean ZNCC: 0.9706
Epoch 285 starts
Iter 10 of 180 Loss: 0.288956, L1(Flow): 0.249206, Reg: 0.039750
Iter 20 of 180 Loss: 0.286550, L1(Flow): 0.246972, Reg: 0.039578
Iter 30 of 180 Loss: 0.306354, L1(Flow): 0.264952, Reg: 0.041402
Iter 40 of 180 Loss: 0.290869, L1(Flow): 0.252839, Reg: 0.038030
Iter 50 of 180 Loss: 0.317387, L1(Flow): 0.279240, Reg: 0.038146
Iter 60 of 180 Loss: 0.309850, L1(Flow): 0.268989, Reg: 0.040861
Iter 70 of 180 Loss: 0.334540, L1(Flow): 0.290266, Reg: 0.044275
Iter 80 of 180 Loss: 0.303021, L1(Flow): 0.263111, Reg: 0.039910
Iter 90 of 180 Loss: 0.309449, L1(Flow): 0.268752, Reg: 0.040697
Iter 100 of 180 Loss: 0.323244, L1(Flow): 0.282470, Reg: 0.040774
Iter 110 of 180 Loss: 0.316773, L1(Flow): 0.275605, Reg: 0.041168
Iter 120 of 180 Loss: 0.307209, L1(Flow): 0.266724, Reg: 0.040486
Iter 130 of 180 Loss: 0.343257, L1(Flow): 0.297618, Reg: 0.045639
Iter 140 of 180 Loss: 0.324703, L1(Flow): 0.282406, Reg: 0.042297
Iter 150 of 180 Loss: 0.343372, L1(Flow): 0.299136, Reg: 0.044236
Iter 160 of 180 Loss: 0.305411, L1(Flow): 0.265705, Reg: 0.039706
Iter 170 of 180 Loss: 0.319454, L1(Flow): 0.275667, Reg: 0.043786
Iter 180 of 180 Loss: 0.354143, L1(Flow): 0.309292, Reg: 0.044851
Epoch 285 Loss: 0.312601
Epoch 285 Validation: Mean EPE: 1.0215, Mean SSIM: 0.8420, Mean ZNCC: 0.9708
--> Saved to Top 5 best models (EPE: 1.0215)
Epoch 286 starts
Iter 10 of 180 Loss: 0.315168, L1(Flow): 0.271745, Reg: 0.043423
Iter 20 of 180 Loss: 0.330135, L1(Flow): 0.284650, Reg: 0.045485
Iter 30 of 180 Loss: 0.294615, L1(Flow): 0.258716, Reg: 0.035899
Iter 40 of 180 Loss: 0.321150, L1(Flow): 0.286025, Reg: 0.035126
Iter 50 of 180 Loss: 0.303318, L1(Flow): 0.262969, Reg: 0.040348
Iter 60 of 180 Loss: 0.328232, L1(Flow): 0.285096, Reg: 0.043137
Iter 70 of 180 Loss: 0.317065, L1(Flow): 0.273782, Reg: 0.043283
Iter 80 of 180 Loss: 0.305983, L1(Flow): 0.262945, Reg: 0.043038
Iter 90 of 180 Loss: 0.303122, L1(Flow): 0.261069, Reg: 0.042053
Iter 100 of 180 Loss: 0.300931, L1(Flow): 0.261301, Reg: 0.039631
Iter 110 of 180 Loss: 0.310663, L1(Flow): 0.267133, Reg: 0.043531
Iter 120 of 180 Loss: 0.308725, L1(Flow): 0.265902, Reg: 0.042822
Iter 130 of 180 Loss: 0.306271, L1(Flow): 0.263234, Reg: 0.043036
Iter 140 of 180 Loss: 0.308125, L1(Flow): 0.266979, Reg: 0.041146
Iter 150 of 180 Loss: 0.297917, L1(Flow): 0.256575, Reg: 0.041342
Iter 160 of 180 Loss: 0.300169, L1(Flow): 0.259409, Reg: 0.040760
Iter 170 of 180 Loss: 0.330831, L1(Flow): 0.285451, Reg: 0.045380
Iter 180 of 180 Loss: 0.321568, L1(Flow): 0.280926, Reg: 0.040642
Epoch 286 Loss: 0.308524
Epoch 286 Validation: Mean EPE: 1.0209, Mean SSIM: 0.8414, Mean ZNCC: 0.9707
--> Saved to Top 5 best models (EPE: 1.0209)
Epoch 287 starts
Iter 10 of 180 Loss: 0.305980, L1(Flow): 0.268397, Reg: 0.037583
Iter 20 of 180 Loss: 0.318233, L1(Flow): 0.277901, Reg: 0.040333
Iter 30 of 180 Loss: 0.324747, L1(Flow): 0.284187, Reg: 0.040561
Iter 40 of 180 Loss: 0.313779, L1(Flow): 0.271898, Reg: 0.041881
Iter 50 of 180 Loss: 0.294210, L1(Flow): 0.255190, Reg: 0.039020
Iter 60 of 180 Loss: 0.304690, L1(Flow): 0.266189, Reg: 0.038501
Iter 70 of 180 Loss: 0.306565, L1(Flow): 0.264477, Reg: 0.042089
Iter 80 of 180 Loss: 0.310472, L1(Flow): 0.268626, Reg: 0.041847
Iter 90 of 180 Loss: 0.343001, L1(Flow): 0.299801, Reg: 0.043200
Iter 100 of 180 Loss: 0.323316, L1(Flow): 0.280293, Reg: 0.043023
Iter 110 of 180 Loss: 0.318428, L1(Flow): 0.275749, Reg: 0.042678
Iter 120 of 180 Loss: 0.307544, L1(Flow): 0.269568, Reg: 0.037977
Iter 130 of 180 Loss: 0.329675, L1(Flow): 0.285855, Reg: 0.043820
Iter 140 of 180 Loss: 0.323265, L1(Flow): 0.281165, Reg: 0.042100
Iter 150 of 180 Loss: 0.297732, L1(Flow): 0.260137, Reg: 0.037595
Iter 160 of 180 Loss: 0.310067, L1(Flow): 0.269260, Reg: 0.040807
Iter 170 of 180 Loss: 0.304292, L1(Flow): 0.262151, Reg: 0.042141
Iter 180 of 180 Loss: 0.289209, L1(Flow): 0.249140, Reg: 0.040069
Epoch 287 Loss: 0.315373
Epoch 287 Validation: Mean EPE: 1.0311, Mean SSIM: 0.8395, Mean ZNCC: 0.9703
Epoch 288 starts
Iter 10 of 180 Loss: 0.289894, L1(Flow): 0.250987, Reg: 0.038907
Iter 20 of 180 Loss: 0.310648, L1(Flow): 0.268875, Reg: 0.041773
Iter 30 of 180 Loss: 0.322041, L1(Flow): 0.280106, Reg: 0.041936
Iter 40 of 180 Loss: 0.298580, L1(Flow): 0.257433, Reg: 0.041147
Iter 50 of 180 Loss: 0.320504, L1(Flow): 0.279336, Reg: 0.041168
Iter 60 of 180 Loss: 0.342235, L1(Flow): 0.303191, Reg: 0.039044
Iter 70 of 180 Loss: 0.306563, L1(Flow): 0.262590, Reg: 0.043973
Iter 80 of 180 Loss: 0.302741, L1(Flow): 0.261946, Reg: 0.040795
Iter 90 of 180 Loss: 0.307307, L1(Flow): 0.268195, Reg: 0.039112
Iter 100 of 180 Loss: 0.294250, L1(Flow): 0.255219, Reg: 0.039031
Iter 110 of 180 Loss: 0.320467, L1(Flow): 0.277285, Reg: 0.043181
Iter 120 of 180 Loss: 0.307683, L1(Flow): 0.268936, Reg: 0.038748
Iter 130 of 180 Loss: 0.292143, L1(Flow): 0.256394, Reg: 0.035750
Iter 140 of 180 Loss: 0.319767, L1(Flow): 0.276956, Reg: 0.042811
Iter 150 of 180 Loss: 0.346002, L1(Flow): 0.301755, Reg: 0.044247
Iter 160 of 180 Loss: 0.306082, L1(Flow): 0.263381, Reg: 0.042701
Iter 170 of 180 Loss: 0.313392, L1(Flow): 0.272554, Reg: 0.040838
Iter 180 of 180 Loss: 0.290550, L1(Flow): 0.252994, Reg: 0.037557
Epoch 288 Loss: 0.314574
Epoch 288 Validation: Mean EPE: 1.0246, Mean SSIM: 0.8407, Mean ZNCC: 0.9702
Epoch 289 starts
Iter 10 of 180 Loss: 0.300054, L1(Flow): 0.262279, Reg: 0.037776
Iter 20 of 180 Loss: 0.306533, L1(Flow): 0.268042, Reg: 0.038491
Iter 30 of 180 Loss: 0.344282, L1(Flow): 0.301741, Reg: 0.042541
Iter 40 of 180 Loss: 0.333682, L1(Flow): 0.290854, Reg: 0.042828
Iter 50 of 180 Loss: 0.318608, L1(Flow): 0.278396, Reg: 0.040212
Iter 60 of 180 Loss: 0.294584, L1(Flow): 0.257012, Reg: 0.037573
Iter 70 of 180 Loss: 0.283485, L1(Flow): 0.245551, Reg: 0.037934
Iter 80 of 180 Loss: 0.322017, L1(Flow): 0.276945, Reg: 0.045072
Iter 90 of 180 Loss: 0.320424, L1(Flow): 0.278910, Reg: 0.041515
Iter 100 of 180 Loss: 0.321569, L1(Flow): 0.281474, Reg: 0.040096
Iter 110 of 180 Loss: 0.307294, L1(Flow): 0.266376, Reg: 0.040918
Iter 120 of 180 Loss: 0.324758, L1(Flow): 0.282580, Reg: 0.042178
Iter 130 of 180 Loss: 0.307699, L1(Flow): 0.270747, Reg: 0.036952
Iter 140 of 180 Loss: 0.315893, L1(Flow): 0.276485, Reg: 0.039408
Iter 150 of 180 Loss: 0.321068, L1(Flow): 0.279087, Reg: 0.041981
Iter 160 of 180 Loss: 0.301629, L1(Flow): 0.262606, Reg: 0.039024
Iter 170 of 180 Loss: 0.311381, L1(Flow): 0.268833, Reg: 0.042548
Iter 180 of 180 Loss: 0.322197, L1(Flow): 0.275776, Reg: 0.046421
Epoch 289 Loss: 0.310607
Epoch 289 Validation: Mean EPE: 1.0257, Mean SSIM: 0.8397, Mean ZNCC: 0.9705
Epoch 290 starts
Iter 10 of 180 Loss: 0.313652, L1(Flow): 0.272846, Reg: 0.040806
Iter 20 of 180 Loss: 0.299425, L1(Flow): 0.260318, Reg: 0.039108
Iter 30 of 180 Loss: 0.316495, L1(Flow): 0.274644, Reg: 0.041852
Iter 40 of 180 Loss: 0.313323, L1(Flow): 0.274910, Reg: 0.038413
Iter 50 of 180 Loss: 0.303734, L1(Flow): 0.264918, Reg: 0.038816
Iter 60 of 180 Loss: 0.332542, L1(Flow): 0.289487, Reg: 0.043055
Iter 70 of 180 Loss: 0.295835, L1(Flow): 0.256475, Reg: 0.039359
Iter 80 of 180 Loss: 0.282850, L1(Flow): 0.246720, Reg: 0.036130
Iter 90 of 180 Loss: 0.309735, L1(Flow): 0.268719, Reg: 0.041016
Iter 100 of 180 Loss: 0.302285, L1(Flow): 0.263940, Reg: 0.038345
Iter 110 of 180 Loss: 0.332823, L1(Flow): 0.288937, Reg: 0.043886
Iter 120 of 180 Loss: 0.351505, L1(Flow): 0.307000, Reg: 0.044505
Iter 130 of 180 Loss: 0.304105, L1(Flow): 0.263702, Reg: 0.040403
Iter 140 of 180 Loss: 0.288184, L1(Flow): 0.249704, Reg: 0.038479
Iter 150 of 180 Loss: 0.342178, L1(Flow): 0.299152, Reg: 0.043026
Iter 160 of 180 Loss: 0.316481, L1(Flow): 0.273872, Reg: 0.042609
Iter 170 of 180 Loss: 0.317764, L1(Flow): 0.275410, Reg: 0.042354
Iter 180 of 180 Loss: 0.325037, L1(Flow): 0.283732, Reg: 0.041304
Epoch 290 Loss: 0.311333
Epoch 290 Validation: Mean EPE: 1.0273, Mean SSIM: 0.8393, Mean ZNCC: 0.9703
Epoch 291 starts
Iter 10 of 180 Loss: 0.319035, L1(Flow): 0.280411, Reg: 0.038624
Iter 20 of 180 Loss: 0.314980, L1(Flow): 0.272969, Reg: 0.042012
Iter 30 of 180 Loss: 0.301663, L1(Flow): 0.263333, Reg: 0.038330
Iter 40 of 180 Loss: 0.286482, L1(Flow): 0.248587, Reg: 0.037895
Iter 50 of 180 Loss: 0.286091, L1(Flow): 0.245853, Reg: 0.040239
Iter 60 of 180 Loss: 0.311211, L1(Flow): 0.269874, Reg: 0.041338
Iter 70 of 180 Loss: 0.288075, L1(Flow): 0.250877, Reg: 0.037198
Iter 80 of 180 Loss: 0.341539, L1(Flow): 0.299117, Reg: 0.042422
Iter 90 of 180 Loss: 0.303064, L1(Flow): 0.262233, Reg: 0.040831
Iter 100 of 180 Loss: 0.299706, L1(Flow): 0.259281, Reg: 0.040425
Iter 110 of 180 Loss: 0.293803, L1(Flow): 0.255505, Reg: 0.038298
Iter 120 of 180 Loss: 0.301013, L1(Flow): 0.262275, Reg: 0.038738
Iter 130 of 180 Loss: 0.316071, L1(Flow): 0.274271, Reg: 0.041800
Iter 140 of 180 Loss: 0.313614, L1(Flow): 0.270713, Reg: 0.042901
Iter 150 of 180 Loss: 0.308169, L1(Flow): 0.265942, Reg: 0.042228
Iter 160 of 180 Loss: 0.296993, L1(Flow): 0.256562, Reg: 0.040431
Iter 170 of 180 Loss: 0.288089, L1(Flow): 0.249443, Reg: 0.038646
Iter 180 of 180 Loss: 0.310538, L1(Flow): 0.269033, Reg: 0.041504
Epoch 291 Loss: 0.307762
Epoch 291 Validation: Mean EPE: 1.0184, Mean SSIM: 0.8421, Mean ZNCC: 0.9708
--> Saved to Top 5 best models (EPE: 1.0184)
--> New absolute BEST model updated with EPE: 1.0184
Epoch 292 starts
Iter 10 of 180 Loss: 0.323743, L1(Flow): 0.281717, Reg: 0.042026
Iter 20 of 180 Loss: 0.318430, L1(Flow): 0.278850, Reg: 0.039580
Iter 30 of 180 Loss: 0.318111, L1(Flow): 0.272418, Reg: 0.045693
Iter 40 of 180 Loss: 0.314000, L1(Flow): 0.269190, Reg: 0.044809
Iter 50 of 180 Loss: 0.309213, L1(Flow): 0.271327, Reg: 0.037887
Iter 60 of 180 Loss: 0.303030, L1(Flow): 0.264211, Reg: 0.038819
Iter 70 of 180 Loss: 0.339218, L1(Flow): 0.295375, Reg: 0.043843
Iter 80 of 180 Loss: 0.302550, L1(Flow): 0.263226, Reg: 0.039324
Iter 90 of 180 Loss: 0.322217, L1(Flow): 0.277608, Reg: 0.044609
Iter 100 of 180 Loss: 0.324016, L1(Flow): 0.282220, Reg: 0.041795
Iter 110 of 180 Loss: 0.330586, L1(Flow): 0.289038, Reg: 0.041548
Iter 120 of 180 Loss: 0.318876, L1(Flow): 0.275914, Reg: 0.042961
Iter 130 of 180 Loss: 0.305540, L1(Flow): 0.265058, Reg: 0.040481
Iter 140 of 180 Loss: 0.291894, L1(Flow): 0.252691, Reg: 0.039204
Iter 150 of 180 Loss: 0.292437, L1(Flow): 0.256299, Reg: 0.036137
Iter 160 of 180 Loss: 0.320444, L1(Flow): 0.275025, Reg: 0.045419
Iter 170 of 180 Loss: 0.326498, L1(Flow): 0.282598, Reg: 0.043900
Iter 180 of 180 Loss: 0.282827, L1(Flow): 0.244173, Reg: 0.038653
Epoch 292 Loss: 0.309930
Epoch 292 Validation: Mean EPE: 1.0156, Mean SSIM: 0.8422, Mean ZNCC: 0.9710
--> Saved to Top 5 best models (EPE: 1.0156)
--> New absolute BEST model updated with EPE: 1.0156
Epoch 293 starts
Iter 10 of 180 Loss: 0.292604, L1(Flow): 0.252336, Reg: 0.040268
Iter 20 of 180 Loss: 0.278076, L1(Flow): 0.241228, Reg: 0.036848
Iter 30 of 180 Loss: 0.308042, L1(Flow): 0.269862, Reg: 0.038181
Iter 40 of 180 Loss: 0.300998, L1(Flow): 0.259495, Reg: 0.041503
Iter 50 of 180 Loss: 0.324935, L1(Flow): 0.281361, Reg: 0.043574
Iter 60 of 180 Loss: 0.288332, L1(Flow): 0.251030, Reg: 0.037302
Iter 70 of 180 Loss: 0.280736, L1(Flow): 0.242462, Reg: 0.038274
Iter 80 of 180 Loss: 0.284575, L1(Flow): 0.246232, Reg: 0.038343
Iter 90 of 180 Loss: 0.326634, L1(Flow): 0.283973, Reg: 0.042662
Iter 100 of 180 Loss: 0.304461, L1(Flow): 0.263723, Reg: 0.040738
Iter 110 of 180 Loss: 0.297873, L1(Flow): 0.258305, Reg: 0.039569
Iter 120 of 180 Loss: 0.294590, L1(Flow): 0.256473, Reg: 0.038117
Iter 130 of 180 Loss: 0.304155, L1(Flow): 0.266314, Reg: 0.037842
Iter 140 of 180 Loss: 0.295249, L1(Flow): 0.256304, Reg: 0.038945
Iter 150 of 180 Loss: 0.296641, L1(Flow): 0.253124, Reg: 0.043517
Iter 160 of 180 Loss: 0.308268, L1(Flow): 0.267248, Reg: 0.041020
Iter 170 of 180 Loss: 0.317175, L1(Flow): 0.273968, Reg: 0.043207
Iter 180 of 180 Loss: 0.291473, L1(Flow): 0.251810, Reg: 0.039663
Epoch 293 Loss: 0.306434
Epoch 293 Validation: Mean EPE: 1.0215, Mean SSIM: 0.8402, Mean ZNCC: 0.9704
Epoch 294 starts
Iter 10 of 180 Loss: 0.295858, L1(Flow): 0.257521, Reg: 0.038338
Iter 20 of 180 Loss: 0.308617, L1(Flow): 0.266213, Reg: 0.042404
Iter 30 of 180 Loss: 0.312858, L1(Flow): 0.272901, Reg: 0.039957
Iter 40 of 180 Loss: 0.316261, L1(Flow): 0.273145, Reg: 0.043116
Iter 50 of 180 Loss: 0.326348, L1(Flow): 0.281304, Reg: 0.045044
Iter 60 of 180 Loss: 0.313033, L1(Flow): 0.271669, Reg: 0.041364
Iter 70 of 180 Loss: 0.302069, L1(Flow): 0.262088, Reg: 0.039981
Iter 80 of 180 Loss: 0.291019, L1(Flow): 0.254922, Reg: 0.036097
Iter 90 of 180 Loss: 0.318570, L1(Flow): 0.276795, Reg: 0.041775
Iter 100 of 180 Loss: 0.294107, L1(Flow): 0.254462, Reg: 0.039644
Iter 110 of 180 Loss: 0.300579, L1(Flow): 0.263982, Reg: 0.036598
Iter 120 of 180 Loss: 0.320901, L1(Flow): 0.275641, Reg: 0.045260
Iter 130 of 180 Loss: 0.310424, L1(Flow): 0.266916, Reg: 0.043507
Iter 140 of 180 Loss: 0.293765, L1(Flow): 0.258034, Reg: 0.035732
Iter 150 of 180 Loss: 0.325298, L1(Flow): 0.286497, Reg: 0.038801
Iter 160 of 180 Loss: 0.316771, L1(Flow): 0.277629, Reg: 0.039142
Iter 170 of 180 Loss: 0.316887, L1(Flow): 0.272199, Reg: 0.044689
Iter 180 of 180 Loss: 0.286677, L1(Flow): 0.250645, Reg: 0.036032
Epoch 294 Loss: 0.306657
Epoch 294 Validation: Mean EPE: 1.0204, Mean SSIM: 0.8417, Mean ZNCC: 0.9707
--> Saved to Top 5 best models (EPE: 1.0204)
Epoch 295 starts
Iter 10 of 180 Loss: 0.309609, L1(Flow): 0.268204, Reg: 0.041405
Iter 20 of 180 Loss: 0.312159, L1(Flow): 0.268836, Reg: 0.043323
Iter 30 of 180 Loss: 0.288201, L1(Flow): 0.249649, Reg: 0.038552
Iter 40 of 180 Loss: 0.290851, L1(Flow): 0.251437, Reg: 0.039414
Iter 50 of 180 Loss: 0.317468, L1(Flow): 0.274216, Reg: 0.043252
Iter 60 of 180 Loss: 0.297589, L1(Flow): 0.256501, Reg: 0.041088
Iter 70 of 180 Loss: 0.301749, L1(Flow): 0.262513, Reg: 0.039236
Iter 80 of 180 Loss: 0.306991, L1(Flow): 0.267872, Reg: 0.039120
Iter 90 of 180 Loss: 0.288493, L1(Flow): 0.250683, Reg: 0.037810
Iter 100 of 180 Loss: 0.316233, L1(Flow): 0.272690, Reg: 0.043543
Iter 110 of 180 Loss: 0.306314, L1(Flow): 0.265207, Reg: 0.041106
Iter 120 of 180 Loss: 0.313052, L1(Flow): 0.272750, Reg: 0.040302
Iter 130 of 180 Loss: 0.298642, L1(Flow): 0.255491, Reg: 0.043150
Iter 140 of 180 Loss: 0.306283, L1(Flow): 0.265663, Reg: 0.040621
Iter 150 of 180 Loss: 0.301928, L1(Flow): 0.262599, Reg: 0.039329
Iter 160 of 180 Loss: 0.297389, L1(Flow): 0.255633, Reg: 0.041756
Iter 170 of 180 Loss: 0.305101, L1(Flow): 0.263951, Reg: 0.041150
Iter 180 of 180 Loss: 0.301904, L1(Flow): 0.260916, Reg: 0.040988
Epoch 295 Loss: 0.304507
Epoch 295 Validation: Mean EPE: 1.0190, Mean SSIM: 0.8422, Mean ZNCC: 0.9710
--> Saved to Top 5 best models (EPE: 1.0190)
Epoch 296 starts
Iter 10 of 180 Loss: 0.304668, L1(Flow): 0.262412, Reg: 0.042256
Iter 20 of 180 Loss: 0.320171, L1(Flow): 0.278422, Reg: 0.041749
Iter 30 of 180 Loss: 0.299490, L1(Flow): 0.259479, Reg: 0.040012
Iter 40 of 180 Loss: 0.297532, L1(Flow): 0.257846, Reg: 0.039687
Iter 50 of 180 Loss: 0.308448, L1(Flow): 0.263894, Reg: 0.044554
Iter 60 of 180 Loss: 0.276230, L1(Flow): 0.242737, Reg: 0.033493
Iter 70 of 180 Loss: 0.317813, L1(Flow): 0.277303, Reg: 0.040510
Iter 80 of 180 Loss: 0.298406, L1(Flow): 0.260720, Reg: 0.037687
Iter 90 of 180 Loss: 0.301457, L1(Flow): 0.258512, Reg: 0.042946
Iter 100 of 180 Loss: 0.317405, L1(Flow): 0.274895, Reg: 0.042510
Iter 110 of 180 Loss: 0.283920, L1(Flow): 0.248174, Reg: 0.035746
Iter 120 of 180 Loss: 0.319774, L1(Flow): 0.279355, Reg: 0.040418
Iter 130 of 180 Loss: 0.323084, L1(Flow): 0.282796, Reg: 0.040288
Iter 140 of 180 Loss: 0.300222, L1(Flow): 0.262285, Reg: 0.037936
Iter 150 of 180 Loss: 0.306889, L1(Flow): 0.265791, Reg: 0.041098
Iter 160 of 180 Loss: 0.302187, L1(Flow): 0.262244, Reg: 0.039943
Iter 170 of 180 Loss: 0.303369, L1(Flow): 0.262369, Reg: 0.041000
Iter 180 of 180 Loss: 0.316414, L1(Flow): 0.273982, Reg: 0.042432
Epoch 296 Loss: 0.306497
Epoch 296 Validation: Mean EPE: 1.0202, Mean SSIM: 0.8407, Mean ZNCC: 0.9707
--> Saved to Top 5 best models (EPE: 1.0202)
Epoch 297 starts
Iter 10 of 180 Loss: 0.324239, L1(Flow): 0.282489, Reg: 0.041750
Iter 20 of 180 Loss: 0.288320, L1(Flow): 0.249323, Reg: 0.038997
Iter 30 of 180 Loss: 0.304624, L1(Flow): 0.262215, Reg: 0.042410
Iter 40 of 180 Loss: 0.299409, L1(Flow): 0.259816, Reg: 0.039594
Iter 50 of 180 Loss: 0.289357, L1(Flow): 0.251030, Reg: 0.038327
Iter 60 of 180 Loss: 0.315463, L1(Flow): 0.271338, Reg: 0.044126
Iter 70 of 180 Loss: 0.303680, L1(Flow): 0.262690, Reg: 0.040990
Iter 80 of 180 Loss: 0.307511, L1(Flow): 0.266003, Reg: 0.041508
Iter 90 of 180 Loss: 0.302174, L1(Flow): 0.263341, Reg: 0.038833
Iter 100 of 180 Loss: 0.295086, L1(Flow): 0.255888, Reg: 0.039198
Iter 110 of 180 Loss: 0.305821, L1(Flow): 0.265221, Reg: 0.040600
Iter 120 of 180 Loss: 0.303140, L1(Flow): 0.260087, Reg: 0.043053
Iter 130 of 180 Loss: 0.312122, L1(Flow): 0.272735, Reg: 0.039387
Iter 140 of 180 Loss: 0.308696, L1(Flow): 0.268721, Reg: 0.039975
Iter 150 of 180 Loss: 0.308366, L1(Flow): 0.269828, Reg: 0.038538
Iter 160 of 180 Loss: 0.297161, L1(Flow): 0.257173, Reg: 0.039988
Iter 170 of 180 Loss: 0.285201, L1(Flow): 0.246386, Reg: 0.038815
Iter 180 of 180 Loss: 0.286311, L1(Flow): 0.250208, Reg: 0.036103
Epoch 297 Loss: 0.307688
Epoch 297 Validation: Mean EPE: 1.0271, Mean SSIM: 0.8392, Mean ZNCC: 0.9705
Epoch 298 starts
Iter 10 of 180 Loss: 0.306426, L1(Flow): 0.268979, Reg: 0.037446
Iter 20 of 180 Loss: 0.331088, L1(Flow): 0.289544, Reg: 0.041544
Iter 30 of 180 Loss: 0.298045, L1(Flow): 0.259562, Reg: 0.038483
Iter 40 of 180 Loss: 0.299315, L1(Flow): 0.259052, Reg: 0.040263
Iter 50 of 180 Loss: 0.303603, L1(Flow): 0.261947, Reg: 0.041657
Iter 60 of 180 Loss: 0.285639, L1(Flow): 0.246419, Reg: 0.039220
Iter 70 of 180 Loss: 0.285856, L1(Flow): 0.245648, Reg: 0.040208
Iter 80 of 180 Loss: 0.307795, L1(Flow): 0.265677, Reg: 0.042118
Iter 90 of 180 Loss: 0.306352, L1(Flow): 0.263383, Reg: 0.042969
Iter 100 of 180 Loss: 0.310025, L1(Flow): 0.267055, Reg: 0.042970
Iter 110 of 180 Loss: 0.320368, L1(Flow): 0.279150, Reg: 0.041219
Iter 120 of 180 Loss: 0.318812, L1(Flow): 0.272754, Reg: 0.046058
Iter 130 of 180 Loss: 0.299885, L1(Flow): 0.259440, Reg: 0.040445
Iter 140 of 180 Loss: 0.321293, L1(Flow): 0.275950, Reg: 0.045343
Iter 150 of 180 Loss: 0.323409, L1(Flow): 0.283580, Reg: 0.039829
Iter 160 of 180 Loss: 0.334432, L1(Flow): 0.290706, Reg: 0.043726
Iter 170 of 180 Loss: 0.319678, L1(Flow): 0.278972, Reg: 0.040706
Iter 180 of 180 Loss: 0.305255, L1(Flow): 0.265558, Reg: 0.039697
Epoch 298 Loss: 0.305332
Epoch 298 Validation: Mean EPE: 1.0251, Mean SSIM: 0.8417, Mean ZNCC: 0.9706
Epoch 299 starts
Iter 10 of 180 Loss: 0.307205, L1(Flow): 0.264520, Reg: 0.042685
Iter 20 of 180 Loss: 0.301116, L1(Flow): 0.262797, Reg: 0.038319
Iter 30 of 180 Loss: 0.298960, L1(Flow): 0.261319, Reg: 0.037641
Iter 40 of 180 Loss: 0.312427, L1(Flow): 0.269407, Reg: 0.043020
Iter 50 of 180 Loss: 0.311691, L1(Flow): 0.268033, Reg: 0.043659
Iter 60 of 180 Loss: 0.293056, L1(Flow): 0.256622, Reg: 0.036434
Iter 70 of 180 Loss: 0.315659, L1(Flow): 0.272620, Reg: 0.043038
Iter 80 of 180 Loss: 0.294195, L1(Flow): 0.256173, Reg: 0.038022
Iter 90 of 180 Loss: 0.309039, L1(Flow): 0.269510, Reg: 0.039529
Iter 100 of 180 Loss: 0.322912, L1(Flow): 0.281422, Reg: 0.041490
Iter 110 of 180 Loss: 0.298662, L1(Flow): 0.261015, Reg: 0.037646
Iter 120 of 180 Loss: 0.307136, L1(Flow): 0.267346, Reg: 0.039790
Iter 130 of 180 Loss: 0.298117, L1(Flow): 0.259043, Reg: 0.039074
Iter 140 of 180 Loss: 0.298959, L1(Flow): 0.259235, Reg: 0.039725
Iter 150 of 180 Loss: 0.318657, L1(Flow): 0.278977, Reg: 0.039680
Iter 160 of 180 Loss: 0.292128, L1(Flow): 0.253946, Reg: 0.038182
Iter 170 of 180 Loss: 0.313415, L1(Flow): 0.272759, Reg: 0.040655
Iter 180 of 180 Loss: 0.315307, L1(Flow): 0.277927, Reg: 0.037380
Epoch 299 Loss: 0.306871
Epoch 299 Validation: Mean EPE: 1.0332, Mean SSIM: 0.8374, Mean ZNCC: 0.9698
Epoch 300 starts
Iter 10 of 180 Loss: 0.327646, L1(Flow): 0.283813, Reg: 0.043833
Iter 20 of 180 Loss: 0.302948, L1(Flow): 0.263363, Reg: 0.039585
Iter 30 of 180 Loss: 0.313344, L1(Flow): 0.272495, Reg: 0.040849
Iter 40 of 180 Loss: 0.289222, L1(Flow): 0.250965, Reg: 0.038257
Iter 50 of 180 Loss: 0.308366, L1(Flow): 0.262037, Reg: 0.046328
Iter 60 of 180 Loss: 0.337725, L1(Flow): 0.292674, Reg: 0.045050
Iter 70 of 180 Loss: 0.299501, L1(Flow): 0.259137, Reg: 0.040365
Iter 80 of 180 Loss: 0.305532, L1(Flow): 0.261094, Reg: 0.044438
Iter 90 of 180 Loss: 0.339034, L1(Flow): 0.296882, Reg: 0.042152
Iter 100 of 180 Loss: 0.296086, L1(Flow): 0.257920, Reg: 0.038166
Iter 110 of 180 Loss: 0.287522, L1(Flow): 0.248821, Reg: 0.038700
Iter 120 of 180 Loss: 0.309150, L1(Flow): 0.267465, Reg: 0.041686
Iter 130 of 180 Loss: 0.305139, L1(Flow): 0.266863, Reg: 0.038276
Iter 140 of 180 Loss: 0.309561, L1(Flow): 0.267774, Reg: 0.041787
Iter 150 of 180 Loss: 0.290485, L1(Flow): 0.253775, Reg: 0.036710
Iter 160 of 180 Loss: 0.307710, L1(Flow): 0.263384, Reg: 0.044326
Iter 170 of 180 Loss: 0.296124, L1(Flow): 0.256518, Reg: 0.039606
Iter 180 of 180 Loss: 0.276255, L1(Flow): 0.237021, Reg: 0.039234
Epoch 300 Loss: 0.303893
Epoch 300 Validation: Mean EPE: 1.0218, Mean SSIM: 0.8410, Mean ZNCC: 0.9706
Epoch 301 starts
Iter 10 of 180 Loss: 0.297061, L1(Flow): 0.256521, Reg: 0.040540
Iter 20 of 180 Loss: 0.285967, L1(Flow): 0.250394, Reg: 0.035573
Iter 30 of 180 Loss: 0.302939, L1(Flow): 0.260802, Reg: 0.042137
Iter 40 of 180 Loss: 0.305379, L1(Flow): 0.267597, Reg: 0.037783
Iter 50 of 180 Loss: 0.302200, L1(Flow): 0.260726, Reg: 0.041475
Iter 60 of 180 Loss: 0.324527, L1(Flow): 0.279937, Reg: 0.044590
Iter 70 of 180 Loss: 0.314078, L1(Flow): 0.273760, Reg: 0.040318
Iter 80 of 180 Loss: 0.305458, L1(Flow): 0.263133, Reg: 0.042325
Iter 90 of 180 Loss: 0.301094, L1(Flow): 0.262247, Reg: 0.038847
Iter 100 of 180 Loss: 0.311012, L1(Flow): 0.273256, Reg: 0.037757
Iter 110 of 180 Loss: 0.317311, L1(Flow): 0.278151, Reg: 0.039160
Iter 120 of 180 Loss: 0.316411, L1(Flow): 0.274959, Reg: 0.041452
Iter 130 of 180 Loss: 0.305425, L1(Flow): 0.263334, Reg: 0.042091
Iter 140 of 180 Loss: 0.289476, L1(Flow): 0.250667, Reg: 0.038809
Iter 150 of 180 Loss: 0.300512, L1(Flow): 0.262745, Reg: 0.037767
Iter 160 of 180 Loss: 0.281912, L1(Flow): 0.243872, Reg: 0.038040
Iter 170 of 180 Loss: 0.305794, L1(Flow): 0.265066, Reg: 0.040728
Iter 180 of 180 Loss: 0.296896, L1(Flow): 0.257869, Reg: 0.039027
Epoch 301 Loss: 0.305555
Epoch 301 Validation: Mean EPE: 1.0261, Mean SSIM: 0.8412, Mean ZNCC: 0.9704
Epoch 302 starts
Iter 10 of 180 Loss: 0.305874, L1(Flow): 0.265164, Reg: 0.040710
Iter 20 of 180 Loss: 0.318167, L1(Flow): 0.275265, Reg: 0.042902
Iter 30 of 180 Loss: 0.295573, L1(Flow): 0.255002, Reg: 0.040571
Iter 40 of 180 Loss: 0.308093, L1(Flow): 0.268905, Reg: 0.039188
Iter 50 of 180 Loss: 0.315064, L1(Flow): 0.272637, Reg: 0.042427
Iter 60 of 180 Loss: 0.287510, L1(Flow): 0.249274, Reg: 0.038236
Iter 70 of 180 Loss: 0.309175, L1(Flow): 0.270130, Reg: 0.039045
Iter 80 of 180 Loss: 0.341759, L1(Flow): 0.295957, Reg: 0.045802
Iter 90 of 180 Loss: 0.298971, L1(Flow): 0.256895, Reg: 0.042076
Iter 100 of 180 Loss: 0.301156, L1(Flow): 0.258119, Reg: 0.043037
Iter 110 of 180 Loss: 0.295093, L1(Flow): 0.254844, Reg: 0.040248
Iter 120 of 180 Loss: 0.306003, L1(Flow): 0.266893, Reg: 0.039110
Iter 130 of 180 Loss: 0.296395, L1(Flow): 0.257318, Reg: 0.039077
Iter 140 of 180 Loss: 0.289115, L1(Flow): 0.250605, Reg: 0.038509
Iter 150 of 180 Loss: 0.281997, L1(Flow): 0.243656, Reg: 0.038342
Iter 160 of 180 Loss: 0.290093, L1(Flow): 0.249066, Reg: 0.041027
Iter 170 of 180 Loss: 0.305498, L1(Flow): 0.264681, Reg: 0.040817
Iter 180 of 180 Loss: 0.267507, L1(Flow): 0.232931, Reg: 0.034576
Epoch 302 Loss: 0.302038
Epoch 302 Validation: Mean EPE: 1.0212, Mean SSIM: 0.8420, Mean ZNCC: 0.9707
Epoch 303 starts
Iter 10 of 180 Loss: 0.317193, L1(Flow): 0.274563, Reg: 0.042630
Iter 20 of 180 Loss: 0.309404, L1(Flow): 0.267102, Reg: 0.042302
Iter 30 of 180 Loss: 0.312119, L1(Flow): 0.270083, Reg: 0.042036
Iter 40 of 180 Loss: 0.301582, L1(Flow): 0.263250, Reg: 0.038333
Iter 50 of 180 Loss: 0.289948, L1(Flow): 0.249873, Reg: 0.040075
Iter 60 of 180 Loss: 0.286210, L1(Flow): 0.247680, Reg: 0.038529
Iter 70 of 180 Loss: 0.273028, L1(Flow): 0.236479, Reg: 0.036549
Iter 80 of 180 Loss: 0.297974, L1(Flow): 0.255823, Reg: 0.042150
Iter 90 of 180 Loss: 0.314471, L1(Flow): 0.276439, Reg: 0.038032
Iter 100 of 180 Loss: 0.320046, L1(Flow): 0.276529, Reg: 0.043517
Iter 110 of 180 Loss: 0.311230, L1(Flow): 0.268748, Reg: 0.042482
Iter 120 of 180 Loss: 0.287834, L1(Flow): 0.251165, Reg: 0.036669
Iter 130 of 180 Loss: 0.306654, L1(Flow): 0.267903, Reg: 0.038751
Iter 140 of 180 Loss: 0.317466, L1(Flow): 0.279893, Reg: 0.037573
Iter 150 of 180 Loss: 0.302373, L1(Flow): 0.266905, Reg: 0.035467
Iter 160 of 180 Loss: 0.319129, L1(Flow): 0.281505, Reg: 0.037623
Iter 170 of 180 Loss: 0.303216, L1(Flow): 0.262415, Reg: 0.040802
Iter 180 of 180 Loss: 0.298605, L1(Flow): 0.258559, Reg: 0.040046
Epoch 303 Loss: 0.301577
Epoch 303 Validation: Mean EPE: 1.0186, Mean SSIM: 0.8421, Mean ZNCC: 0.9708
--> Saved to Top 5 best models (EPE: 1.0186)
Epoch 304 starts
Iter 10 of 180 Loss: 0.298399, L1(Flow): 0.257169, Reg: 0.041230
Iter 20 of 180 Loss: 0.295354, L1(Flow): 0.254120, Reg: 0.041233
Iter 30 of 180 Loss: 0.300974, L1(Flow): 0.262050, Reg: 0.038924
Iter 40 of 180 Loss: 0.313880, L1(Flow): 0.272407, Reg: 0.041472
Iter 50 of 180 Loss: 0.310835, L1(Flow): 0.269192, Reg: 0.041643
Iter 60 of 180 Loss: 0.307476, L1(Flow): 0.269128, Reg: 0.038349
Iter 70 of 180 Loss: 0.299454, L1(Flow): 0.261327, Reg: 0.038128
Iter 80 of 180 Loss: 0.312501, L1(Flow): 0.270911, Reg: 0.041590
Iter 90 of 180 Loss: 0.280191, L1(Flow): 0.242120, Reg: 0.038070
Iter 100 of 180 Loss: 0.304808, L1(Flow): 0.262589, Reg: 0.042220
Iter 110 of 180 Loss: 0.290941, L1(Flow): 0.254130, Reg: 0.036811
Iter 120 of 180 Loss: 0.288967, L1(Flow): 0.247833, Reg: 0.041133
Iter 130 of 180 Loss: 0.290625, L1(Flow): 0.252355, Reg: 0.038270
Iter 140 of 180 Loss: 0.307656, L1(Flow): 0.264434, Reg: 0.043221
Iter 150 of 180 Loss: 0.313854, L1(Flow): 0.272459, Reg: 0.041396
Iter 160 of 180 Loss: 0.300434, L1(Flow): 0.260369, Reg: 0.040065
Iter 170 of 180 Loss: 0.302538, L1(Flow): 0.262210, Reg: 0.040328
Iter 180 of 180 Loss: 0.275972, L1(Flow): 0.241221, Reg: 0.034751
Epoch 304 Loss: 0.301729
Epoch 304 Validation: Mean EPE: 1.0180, Mean SSIM: 0.8424, Mean ZNCC: 0.9709
--> Saved to Top 5 best models (EPE: 1.0180)
Epoch 305 starts
Iter 10 of 180 Loss: 0.308959, L1(Flow): 0.270646, Reg: 0.038313
Iter 20 of 180 Loss: 0.296723, L1(Flow): 0.258455, Reg: 0.038269
Iter 30 of 180 Loss: 0.302847, L1(Flow): 0.262024, Reg: 0.040823
Iter 40 of 180 Loss: 0.307514, L1(Flow): 0.263525, Reg: 0.043989
Iter 50 of 180 Loss: 0.314032, L1(Flow): 0.271159, Reg: 0.042873
Iter 60 of 180 Loss: 0.290506, L1(Flow): 0.251030, Reg: 0.039477
Iter 70 of 180 Loss: 0.300219, L1(Flow): 0.263192, Reg: 0.037027
Iter 80 of 180 Loss: 0.295028, L1(Flow): 0.251913, Reg: 0.043115
Iter 90 of 180 Loss: 0.314459, L1(Flow): 0.273808, Reg: 0.040652
Iter 100 of 180 Loss: 0.290537, L1(Flow): 0.254276, Reg: 0.036261
Iter 110 of 180 Loss: 0.304549, L1(Flow): 0.260960, Reg: 0.043589
Iter 120 of 180 Loss: 0.318782, L1(Flow): 0.274430, Reg: 0.044352
Iter 130 of 180 Loss: 0.315059, L1(Flow): 0.274913, Reg: 0.040146
Iter 140 of 180 Loss: 0.319091, L1(Flow): 0.275044, Reg: 0.044047
Iter 150 of 180 Loss: 0.304060, L1(Flow): 0.262832, Reg: 0.041228
Iter 160 of 180 Loss: 0.283194, L1(Flow): 0.243394, Reg: 0.039801
Iter 170 of 180 Loss: 0.289297, L1(Flow): 0.245815, Reg: 0.043482
Iter 180 of 180 Loss: 0.306747, L1(Flow): 0.265237, Reg: 0.041510
Epoch 305 Loss: 0.300533
Epoch 305 Validation: Mean EPE: 1.0191, Mean SSIM: 0.8417, Mean ZNCC: 0.9707
Epoch 306 starts
Iter 10 of 180 Loss: 0.318056, L1(Flow): 0.272781, Reg: 0.045274
Iter 20 of 180 Loss: 0.308165, L1(Flow): 0.268623, Reg: 0.039542
Iter 30 of 180 Loss: 0.360942, L1(Flow): 0.315952, Reg: 0.044990
Iter 40 of 180 Loss: 0.307166, L1(Flow): 0.268761, Reg: 0.038405
Iter 50 of 180 Loss: 0.287092, L1(Flow): 0.248200, Reg: 0.038892
Iter 60 of 180 Loss: 0.311892, L1(Flow): 0.270313, Reg: 0.041579
Iter 70 of 180 Loss: 0.329827, L1(Flow): 0.286799, Reg: 0.043027
Iter 80 of 180 Loss: 0.291863, L1(Flow): 0.254807, Reg: 0.037056
Iter 90 of 180 Loss: 0.303428, L1(Flow): 0.261409, Reg: 0.042019
Iter 100 of 180 Loss: 0.295818, L1(Flow): 0.259290, Reg: 0.036528
Iter 110 of 180 Loss: 0.276557, L1(Flow): 0.242241, Reg: 0.034315
Iter 120 of 180 Loss: 0.313508, L1(Flow): 0.271928, Reg: 0.041581
Iter 130 of 180 Loss: 0.316984, L1(Flow): 0.275926, Reg: 0.041058
Iter 140 of 180 Loss: 0.304574, L1(Flow): 0.265587, Reg: 0.038986
Iter 150 of 180 Loss: 0.302524, L1(Flow): 0.259285, Reg: 0.043239
Iter 160 of 180 Loss: 0.328301, L1(Flow): 0.285206, Reg: 0.043095
Iter 170 of 180 Loss: 0.295051, L1(Flow): 0.252837, Reg: 0.042214
Iter 180 of 180 Loss: 0.297808, L1(Flow): 0.257267, Reg: 0.040541
Epoch 306 Loss: 0.303558
Epoch 306 Validation: Mean EPE: 1.0201, Mean SSIM: 0.8428, Mean ZNCC: 0.9710
Epoch 307 starts
Iter 10 of 180 Loss: 0.323452, L1(Flow): 0.277505, Reg: 0.045946
Iter 20 of 180 Loss: 0.310158, L1(Flow): 0.266527, Reg: 0.043630
Iter 30 of 180 Loss: 0.302516, L1(Flow): 0.261404, Reg: 0.041112
Iter 40 of 180 Loss: 0.305230, L1(Flow): 0.265456, Reg: 0.039774
Iter 50 of 180 Loss: 0.299244, L1(Flow): 0.258761, Reg: 0.040483
Iter 60 of 180 Loss: 0.326336, L1(Flow): 0.284880, Reg: 0.041456
Iter 70 of 180 Loss: 0.319449, L1(Flow): 0.274966, Reg: 0.044484
Iter 80 of 180 Loss: 0.337035, L1(Flow): 0.294832, Reg: 0.042204
Iter 90 of 180 Loss: 0.327027, L1(Flow): 0.286796, Reg: 0.040231
Iter 100 of 180 Loss: 0.316232, L1(Flow): 0.273280, Reg: 0.042953
Iter 110 of 180 Loss: 0.304277, L1(Flow): 0.265175, Reg: 0.039102
Iter 120 of 180 Loss: 0.293742, L1(Flow): 0.256227, Reg: 0.037515
Iter 130 of 180 Loss: 0.317594, L1(Flow): 0.274337, Reg: 0.043257
Iter 140 of 180 Loss: 0.295782, L1(Flow): 0.259045, Reg: 0.036738
Iter 150 of 180 Loss: 0.297949, L1(Flow): 0.258385, Reg: 0.039563
Iter 160 of 180 Loss: 0.303547, L1(Flow): 0.263772, Reg: 0.039775
Iter 170 of 180 Loss: 0.303245, L1(Flow): 0.263581, Reg: 0.039664
Iter 180 of 180 Loss: 0.272509, L1(Flow): 0.241104, Reg: 0.031405
Epoch 307 Loss: 0.306558
Epoch 307 Validation: Mean EPE: 1.0178, Mean SSIM: 0.8421, Mean ZNCC: 0.9707
--> Saved to Top 5 best models (EPE: 1.0178)
Epoch 308 starts
Iter 10 of 180 Loss: 0.317796, L1(Flow): 0.277886, Reg: 0.039909
Iter 20 of 180 Loss: 0.324159, L1(Flow): 0.283144, Reg: 0.041015
Iter 30 of 180 Loss: 0.291863, L1(Flow): 0.255314, Reg: 0.036549
Iter 40 of 180 Loss: 0.309178, L1(Flow): 0.268358, Reg: 0.040819
Iter 50 of 180 Loss: 0.309835, L1(Flow): 0.268841, Reg: 0.040994
Iter 60 of 180 Loss: 0.301916, L1(Flow): 0.263994, Reg: 0.037922
Iter 70 of 180 Loss: 0.304471, L1(Flow): 0.263555, Reg: 0.040916
Iter 80 of 180 Loss: 0.328819, L1(Flow): 0.281192, Reg: 0.047627
Iter 90 of 180 Loss: 0.302595, L1(Flow): 0.261205, Reg: 0.041390
Iter 100 of 180 Loss: 0.279725, L1(Flow): 0.242080, Reg: 0.037644
Iter 110 of 180 Loss: 0.301660, L1(Flow): 0.262371, Reg: 0.039289
Iter 120 of 180 Loss: 0.306938, L1(Flow): 0.266039, Reg: 0.040900
Iter 130 of 180 Loss: 0.316927, L1(Flow): 0.278517, Reg: 0.038410
Iter 140 of 180 Loss: 0.295121, L1(Flow): 0.256058, Reg: 0.039063
Iter 150 of 180 Loss: 0.299004, L1(Flow): 0.255902, Reg: 0.043102
Iter 160 of 180 Loss: 0.317857, L1(Flow): 0.276737, Reg: 0.041120
Iter 170 of 180 Loss: 0.355325, L1(Flow): 0.309235, Reg: 0.046091
Iter 180 of 180 Loss: 0.326271, L1(Flow): 0.284654, Reg: 0.041617
Epoch 308 Loss: 0.304205
Epoch 308 Validation: Mean EPE: 1.0209, Mean SSIM: 0.8415, Mean ZNCC: 0.9706
Epoch 309 starts
Iter 10 of 180 Loss: 0.308707, L1(Flow): 0.269493, Reg: 0.039215
Iter 20 of 180 Loss: 0.320695, L1(Flow): 0.282024, Reg: 0.038672
Iter 30 of 180 Loss: 0.298342, L1(Flow): 0.259824, Reg: 0.038517
Iter 40 of 180 Loss: 0.306194, L1(Flow): 0.261721, Reg: 0.044473
Iter 50 of 180 Loss: 0.287143, L1(Flow): 0.251058, Reg: 0.036084
Iter 60 of 180 Loss: 0.316791, L1(Flow): 0.272409, Reg: 0.044382
Iter 70 of 180 Loss: 0.328051, L1(Flow): 0.285674, Reg: 0.042377
Iter 80 of 180 Loss: 0.300579, L1(Flow): 0.262835, Reg: 0.037744
Iter 90 of 180 Loss: 0.307526, L1(Flow): 0.271024, Reg: 0.036503
Iter 100 of 180 Loss: 0.321378, L1(Flow): 0.278281, Reg: 0.043098
Iter 110 of 180 Loss: 0.308542, L1(Flow): 0.270092, Reg: 0.038450
Iter 120 of 180 Loss: 0.305474, L1(Flow): 0.262754, Reg: 0.042720
Iter 130 of 180 Loss: 0.315566, L1(Flow): 0.274229, Reg: 0.041338
Iter 140 of 180 Loss: 0.319056, L1(Flow): 0.277996, Reg: 0.041060
Iter 150 of 180 Loss: 0.289306, L1(Flow): 0.249792, Reg: 0.039514
Iter 160 of 180 Loss: 0.280254, L1(Flow): 0.244359, Reg: 0.035895
Iter 170 of 180 Loss: 0.290101, L1(Flow): 0.251644, Reg: 0.038458
Iter 180 of 180 Loss: 0.305063, L1(Flow): 0.262941, Reg: 0.042122
Epoch 309 Loss: 0.306008
Epoch 309 Validation: Mean EPE: 1.0172, Mean SSIM: 0.8422, Mean ZNCC: 0.9709
--> Saved to Top 5 best models (EPE: 1.0172)
Epoch 310 starts
Iter 10 of 180 Loss: 0.291097, L1(Flow): 0.249769, Reg: 0.041329
Iter 20 of 180 Loss: 0.308955, L1(Flow): 0.266147, Reg: 0.042808
Iter 30 of 180 Loss: 0.319849, L1(Flow): 0.278200, Reg: 0.041649
Iter 40 of 180 Loss: 0.295779, L1(Flow): 0.254968, Reg: 0.040812
Iter 50 of 180 Loss: 0.303218, L1(Flow): 0.264278, Reg: 0.038940
Iter 60 of 180 Loss: 0.304815, L1(Flow): 0.264534, Reg: 0.040281
Iter 70 of 180 Loss: 0.310405, L1(Flow): 0.265383, Reg: 0.045022
Iter 80 of 180 Loss: 0.316697, L1(Flow): 0.276968, Reg: 0.039729
Iter 90 of 180 Loss: 0.290009, L1(Flow): 0.255336, Reg: 0.034673
Iter 100 of 180 Loss: 0.312128, L1(Flow): 0.273733, Reg: 0.038396
Iter 110 of 180 Loss: 0.312681, L1(Flow): 0.274874, Reg: 0.037808
Iter 120 of 180 Loss: 0.298742, L1(Flow): 0.259405, Reg: 0.039337
Iter 130 of 180 Loss: 0.292375, L1(Flow): 0.252855, Reg: 0.039520
Iter 140 of 180 Loss: 0.293379, L1(Flow): 0.254289, Reg: 0.039090
Iter 150 of 180 Loss: 0.289026, L1(Flow): 0.251419, Reg: 0.037607
Iter 160 of 180 Loss: 0.295878, L1(Flow): 0.259765, Reg: 0.036113
Iter 170 of 180 Loss: 0.297437, L1(Flow): 0.257772, Reg: 0.039665
Iter 180 of 180 Loss: 0.294164, L1(Flow): 0.253947, Reg: 0.040217
Epoch 310 Loss: 0.301681
Epoch 310 Validation: Mean EPE: 1.0175, Mean SSIM: 0.8422, Mean ZNCC: 0.9707
--> Saved to Top 5 best models (EPE: 1.0175)
Epoch 311 starts
Iter 10 of 180 Loss: 0.299969, L1(Flow): 0.261599, Reg: 0.038371
Iter 20 of 180 Loss: 0.297657, L1(Flow): 0.257579, Reg: 0.040078
Iter 30 of 180 Loss: 0.291604, L1(Flow): 0.253686, Reg: 0.037918
Iter 40 of 180 Loss: 0.285023, L1(Flow): 0.249679, Reg: 0.035345
Iter 50 of 180 Loss: 0.323970, L1(Flow): 0.279561, Reg: 0.044409
Iter 60 of 180 Loss: 0.289944, L1(Flow): 0.253930, Reg: 0.036014
Iter 70 of 180 Loss: 0.307729, L1(Flow): 0.267698, Reg: 0.040031
Iter 80 of 180 Loss: 0.298086, L1(Flow): 0.259538, Reg: 0.038548
Iter 90 of 180 Loss: 0.307334, L1(Flow): 0.267063, Reg: 0.040270
Iter 100 of 180 Loss: 0.303702, L1(Flow): 0.265199, Reg: 0.038503
Iter 110 of 180 Loss: 0.312677, L1(Flow): 0.270815, Reg: 0.041862
Iter 120 of 180 Loss: 0.299306, L1(Flow): 0.256590, Reg: 0.042716
Iter 130 of 180 Loss: 0.300454, L1(Flow): 0.262939, Reg: 0.037515
Iter 140 of 180 Loss: 0.320786, L1(Flow): 0.278049, Reg: 0.042737
Iter 150 of 180 Loss: 0.316662, L1(Flow): 0.276440, Reg: 0.040222
Iter 160 of 180 Loss: 0.301838, L1(Flow): 0.259171, Reg: 0.042666
Iter 170 of 180 Loss: 0.301495, L1(Flow): 0.258555, Reg: 0.042941
Iter 180 of 180 Loss: 0.285759, L1(Flow): 0.246279, Reg: 0.039479
Epoch 311 Loss: 0.300547
Epoch 311 Validation: Mean EPE: 1.0120, Mean SSIM: 0.8426, Mean ZNCC: 0.9708
--> Saved to Top 5 best models (EPE: 1.0120)
--> New absolute BEST model updated with EPE: 1.0120
Epoch 312 starts
Iter 10 of 180 Loss: 0.287444, L1(Flow): 0.246633, Reg: 0.040811
Iter 20 of 180 Loss: 0.283346, L1(Flow): 0.245835, Reg: 0.037511
Iter 30 of 180 Loss: 0.285663, L1(Flow): 0.247822, Reg: 0.037842
Iter 40 of 180 Loss: 0.276956, L1(Flow): 0.236903, Reg: 0.040053
Iter 50 of 180 Loss: 0.299845, L1(Flow): 0.259822, Reg: 0.040023
Iter 60 of 180 Loss: 0.300906, L1(Flow): 0.259409, Reg: 0.041496
Iter 70 of 180 Loss: 0.309143, L1(Flow): 0.265442, Reg: 0.043701
Iter 80 of 180 Loss: 0.281638, L1(Flow): 0.242055, Reg: 0.039583
Iter 90 of 180 Loss: 0.290339, L1(Flow): 0.249066, Reg: 0.041273
Iter 100 of 180 Loss: 0.313712, L1(Flow): 0.272970, Reg: 0.040742
Iter 110 of 180 Loss: 0.304312, L1(Flow): 0.260892, Reg: 0.043420
Iter 120 of 180 Loss: 0.293855, L1(Flow): 0.254467, Reg: 0.039388
Iter 130 of 180 Loss: 0.337310, L1(Flow): 0.294270, Reg: 0.043039
Iter 140 of 180 Loss: 0.302049, L1(Flow): 0.263712, Reg: 0.038337
Iter 150 of 180 Loss: 0.310258, L1(Flow): 0.271112, Reg: 0.039146
Iter 160 of 180 Loss: 0.311642, L1(Flow): 0.270962, Reg: 0.040680
Iter 170 of 180 Loss: 0.292982, L1(Flow): 0.256136, Reg: 0.036847
Iter 180 of 180 Loss: 0.278817, L1(Flow): 0.241970, Reg: 0.036846
Epoch 312 Loss: 0.299947
Epoch 312 Validation: Mean EPE: 1.0168, Mean SSIM: 0.8429, Mean ZNCC: 0.9711
--> Saved to Top 5 best models (EPE: 1.0168)
Epoch 313 starts
Iter 10 of 180 Loss: 0.275988, L1(Flow): 0.237931, Reg: 0.038057
Iter 20 of 180 Loss: 0.289712, L1(Flow): 0.251223, Reg: 0.038489
Iter 30 of 180 Loss: 0.288325, L1(Flow): 0.249928, Reg: 0.038397
Iter 40 of 180 Loss: 0.284065, L1(Flow): 0.247751, Reg: 0.036314
Iter 50 of 180 Loss: 0.299269, L1(Flow): 0.255055, Reg: 0.044213
Iter 60 of 180 Loss: 0.276269, L1(Flow): 0.239343, Reg: 0.036925
Iter 70 of 180 Loss: 0.299890, L1(Flow): 0.260969, Reg: 0.038921
Iter 80 of 180 Loss: 0.298099, L1(Flow): 0.260344, Reg: 0.037755
Iter 90 of 180 Loss: 0.309604, L1(Flow): 0.267807, Reg: 0.041797
Iter 100 of 180 Loss: 0.284499, L1(Flow): 0.246604, Reg: 0.037895
Iter 110 of 180 Loss: 0.291321, L1(Flow): 0.252917, Reg: 0.038404
Iter 120 of 180 Loss: 0.295452, L1(Flow): 0.256870, Reg: 0.038583
Iter 130 of 180 Loss: 0.288135, L1(Flow): 0.249097, Reg: 0.039038
Iter 140 of 180 Loss: 0.281405, L1(Flow): 0.244216, Reg: 0.037189
Iter 150 of 180 Loss: 0.305185, L1(Flow): 0.262880, Reg: 0.042305
Iter 160 of 180 Loss: 0.299963, L1(Flow): 0.257991, Reg: 0.041971
Iter 170 of 180 Loss: 0.314871, L1(Flow): 0.273793, Reg: 0.041079
Iter 180 of 180 Loss: 0.303563, L1(Flow): 0.264232, Reg: 0.039331
Epoch 313 Loss: 0.297526
Epoch 313 Validation: Mean EPE: 1.0219, Mean SSIM: 0.8418, Mean ZNCC: 0.9708
Epoch 314 starts
Iter 10 of 180 Loss: 0.284383, L1(Flow): 0.244923, Reg: 0.039460
Iter 20 of 180 Loss: 0.308870, L1(Flow): 0.266509, Reg: 0.042361
Iter 30 of 180 Loss: 0.305918, L1(Flow): 0.264856, Reg: 0.041062
Iter 40 of 180 Loss: 0.302945, L1(Flow): 0.261510, Reg: 0.041435
Iter 50 of 180 Loss: 0.291167, L1(Flow): 0.255496, Reg: 0.035671
Iter 60 of 180 Loss: 0.298972, L1(Flow): 0.258663, Reg: 0.040309
Iter 70 of 180 Loss: 0.286340, L1(Flow): 0.246495, Reg: 0.039845
Iter 80 of 180 Loss: 0.293788, L1(Flow): 0.247380, Reg: 0.046408
Iter 90 of 180 Loss: 0.275046, L1(Flow): 0.239174, Reg: 0.035872
Iter 100 of 180 Loss: 0.289442, L1(Flow): 0.248775, Reg: 0.040667
Iter 110 of 180 Loss: 0.267139, L1(Flow): 0.231192, Reg: 0.035947
Iter 120 of 180 Loss: 0.310091, L1(Flow): 0.268811, Reg: 0.041280
Iter 130 of 180 Loss: 0.287497, L1(Flow): 0.248657, Reg: 0.038840
Iter 140 of 180 Loss: 0.295355, L1(Flow): 0.257585, Reg: 0.037769
Iter 150 of 180 Loss: 0.297669, L1(Flow): 0.259836, Reg: 0.037833
Iter 160 of 180 Loss: 0.330295, L1(Flow): 0.288833, Reg: 0.041462
Iter 170 of 180 Loss: 0.281280, L1(Flow): 0.244719, Reg: 0.036561
Iter 180 of 180 Loss: 0.298058, L1(Flow): 0.258021, Reg: 0.040037
Epoch 314 Loss: 0.300745
Epoch 314 Validation: Mean EPE: 1.0337, Mean SSIM: 0.8386, Mean ZNCC: 0.9704
Epoch 315 starts
Iter 10 of 180 Loss: 0.285578, L1(Flow): 0.248693, Reg: 0.036885
Iter 20 of 180 Loss: 0.309447, L1(Flow): 0.267047, Reg: 0.042401
Iter 30 of 180 Loss: 0.292318, L1(Flow): 0.252138, Reg: 0.040181
Iter 40 of 180 Loss: 0.287504, L1(Flow): 0.251038, Reg: 0.036466
Iter 50 of 180 Loss: 0.273625, L1(Flow): 0.236373, Reg: 0.037252
Iter 60 of 180 Loss: 0.301152, L1(Flow): 0.261483, Reg: 0.039669
Iter 70 of 180 Loss: 0.288507, L1(Flow): 0.250670, Reg: 0.037837
Iter 80 of 180 Loss: 0.300290, L1(Flow): 0.258388, Reg: 0.041902
Iter 90 of 180 Loss: 0.315676, L1(Flow): 0.273649, Reg: 0.042027
Iter 100 of 180 Loss: 0.287366, L1(Flow): 0.249904, Reg: 0.037462
Iter 110 of 180 Loss: 0.298804, L1(Flow): 0.257428, Reg: 0.041377
Iter 120 of 180 Loss: 0.301133, L1(Flow): 0.262346, Reg: 0.038787
Iter 130 of 180 Loss: 0.285207, L1(Flow): 0.249758, Reg: 0.035449
Iter 140 of 180 Loss: 0.294825, L1(Flow): 0.253710, Reg: 0.041115
Iter 150 of 180 Loss: 0.304018, L1(Flow): 0.262371, Reg: 0.041647
Iter 160 of 180 Loss: 0.294194, L1(Flow): 0.255601, Reg: 0.038593
Iter 170 of 180 Loss: 0.291546, L1(Flow): 0.250345, Reg: 0.041202
Iter 180 of 180 Loss: 0.307282, L1(Flow): 0.264848, Reg: 0.042434
Epoch 315 Loss: 0.297616
Epoch 315 Validation: Mean EPE: 1.0157, Mean SSIM: 0.8427, Mean ZNCC: 0.9710
--> Saved to Top 5 best models (EPE: 1.0157)
Epoch 316 starts
Iter 10 of 180 Loss: 0.299006, L1(Flow): 0.260972, Reg: 0.038034
Iter 20 of 180 Loss: 0.328698, L1(Flow): 0.288315, Reg: 0.040383
Iter 30 of 180 Loss: 0.304857, L1(Flow): 0.262299, Reg: 0.042558
Iter 40 of 180 Loss: 0.278877, L1(Flow): 0.240128, Reg: 0.038749
Iter 50 of 180 Loss: 0.292037, L1(Flow): 0.251465, Reg: 0.040572
Iter 60 of 180 Loss: 0.287877, L1(Flow): 0.249345, Reg: 0.038532
Iter 70 of 180 Loss: 0.304892, L1(Flow): 0.260947, Reg: 0.043945
Iter 80 of 180 Loss: 0.288809, L1(Flow): 0.250208, Reg: 0.038601
Iter 90 of 180 Loss: 0.332495, L1(Flow): 0.289330, Reg: 0.043164
Iter 100 of 180 Loss: 0.304029, L1(Flow): 0.262740, Reg: 0.041289
Iter 110 of 180 Loss: 0.302716, L1(Flow): 0.266082, Reg: 0.036634
Iter 120 of 180 Loss: 0.298809, L1(Flow): 0.259402, Reg: 0.039407
Iter 130 of 180 Loss: 0.281790, L1(Flow): 0.243754, Reg: 0.038036
Iter 140 of 180 Loss: 0.294523, L1(Flow): 0.255596, Reg: 0.038927
Iter 150 of 180 Loss: 0.293162, L1(Flow): 0.253469, Reg: 0.039693
Iter 160 of 180 Loss: 0.312651, L1(Flow): 0.271402, Reg: 0.041249
Iter 170 of 180 Loss: 0.308853, L1(Flow): 0.268911, Reg: 0.039941
Iter 180 of 180 Loss: 0.305434, L1(Flow): 0.265859, Reg: 0.039575
Epoch 316 Loss: 0.299835
Epoch 316 Validation: Mean EPE: 1.0182, Mean SSIM: 0.8418, Mean ZNCC: 0.9708
Epoch 317 starts
Iter 10 of 180 Loss: 0.274771, L1(Flow): 0.234776, Reg: 0.039995
Iter 20 of 180 Loss: 0.293927, L1(Flow): 0.253813, Reg: 0.040114
Iter 30 of 180 Loss: 0.286662, L1(Flow): 0.247111, Reg: 0.039551
Iter 40 of 180 Loss: 0.287673, L1(Flow): 0.248193, Reg: 0.039481
Iter 50 of 180 Loss: 0.299454, L1(Flow): 0.258597, Reg: 0.040858
Iter 60 of 180 Loss: 0.281934, L1(Flow): 0.241438, Reg: 0.040496
Iter 70 of 180 Loss: 0.300093, L1(Flow): 0.259116, Reg: 0.040977
Iter 80 of 180 Loss: 0.291001, L1(Flow): 0.252348, Reg: 0.038652
Iter 90 of 180 Loss: 0.303231, L1(Flow): 0.266692, Reg: 0.036539
Iter 100 of 180 Loss: 0.281437, L1(Flow): 0.244210, Reg: 0.037227
Iter 110 of 180 Loss: 0.273942, L1(Flow): 0.238257, Reg: 0.035685
Iter 120 of 180 Loss: 0.288032, L1(Flow): 0.249844, Reg: 0.038189
Iter 130 of 180 Loss: 0.290924, L1(Flow): 0.251227, Reg: 0.039697
Iter 140 of 180 Loss: 0.292261, L1(Flow): 0.254885, Reg: 0.037376
Iter 150 of 180 Loss: 0.299638, L1(Flow): 0.258337, Reg: 0.041301
Iter 160 of 180 Loss: 0.287329, L1(Flow): 0.246335, Reg: 0.040994
Iter 170 of 180 Loss: 0.310286, L1(Flow): 0.266528, Reg: 0.043758
Iter 180 of 180 Loss: 0.302210, L1(Flow): 0.259573, Reg: 0.042637
Epoch 317 Loss: 0.298076
Epoch 317 Validation: Mean EPE: 1.0159, Mean SSIM: 0.8421, Mean ZNCC: 0.9707
--> Saved to Top 5 best models (EPE: 1.0159)
Epoch 318 starts
Iter 10 of 180 Loss: 0.290856, L1(Flow): 0.251427, Reg: 0.039429
Iter 20 of 180 Loss: 0.304364, L1(Flow): 0.263156, Reg: 0.041208
Iter 30 of 180 Loss: 0.307981, L1(Flow): 0.268399, Reg: 0.039582
Iter 40 of 180 Loss: 0.305696, L1(Flow): 0.264337, Reg: 0.041359
Iter 50 of 180 Loss: 0.299299, L1(Flow): 0.258244, Reg: 0.041055
Iter 60 of 180 Loss: 0.283297, L1(Flow): 0.247979, Reg: 0.035317
Iter 70 of 180 Loss: 0.305543, L1(Flow): 0.266655, Reg: 0.038888
Iter 80 of 180 Loss: 0.303047, L1(Flow): 0.264265, Reg: 0.038781
Iter 90 of 180 Loss: 0.330508, L1(Flow): 0.287604, Reg: 0.042904
Iter 100 of 180 Loss: 0.302575, L1(Flow): 0.263078, Reg: 0.039497
Iter 110 of 180 Loss: 0.278389, L1(Flow): 0.239068, Reg: 0.039322
Iter 120 of 180 Loss: 0.310244, L1(Flow): 0.267436, Reg: 0.042807
Iter 130 of 180 Loss: 0.309860, L1(Flow): 0.268842, Reg: 0.041018
Iter 140 of 180 Loss: 0.306751, L1(Flow): 0.264904, Reg: 0.041848
Iter 150 of 180 Loss: 0.306650, L1(Flow): 0.264777, Reg: 0.041874
Iter 160 of 180 Loss: 0.289498, L1(Flow): 0.251516, Reg: 0.037983
Iter 170 of 180 Loss: 0.288786, L1(Flow): 0.248703, Reg: 0.040082
Iter 180 of 180 Loss: 0.276856, L1(Flow): 0.240473, Reg: 0.036384
Epoch 318 Loss: 0.298517
Epoch 318 Validation: Mean EPE: 1.0158, Mean SSIM: 0.8425, Mean ZNCC: 0.9709
--> Saved to Top 5 best models (EPE: 1.0158)
Epoch 319 starts
Iter 10 of 180 Loss: 0.297131, L1(Flow): 0.257313, Reg: 0.039818
Iter 20 of 180 Loss: 0.283861, L1(Flow): 0.245769, Reg: 0.038092
Iter 30 of 180 Loss: 0.278805, L1(Flow): 0.240643, Reg: 0.038163
Iter 40 of 180 Loss: 0.301423, L1(Flow): 0.263237, Reg: 0.038185
Iter 50 of 180 Loss: 0.285411, L1(Flow): 0.249490, Reg: 0.035920
Iter 60 of 180 Loss: 0.292547, L1(Flow): 0.251952, Reg: 0.040594
Iter 70 of 180 Loss: 0.302740, L1(Flow): 0.262558, Reg: 0.040182
Iter 80 of 180 Loss: 0.311450, L1(Flow): 0.267018, Reg: 0.044432
Iter 90 of 180 Loss: 0.295512, L1(Flow): 0.257440, Reg: 0.038072
Iter 100 of 180 Loss: 0.283513, L1(Flow): 0.246902, Reg: 0.036611
Iter 110 of 180 Loss: 0.303178, L1(Flow): 0.263583, Reg: 0.039595
Iter 120 of 180 Loss: 0.312181, L1(Flow): 0.269887, Reg: 0.042294
Iter 130 of 180 Loss: 0.299182, L1(Flow): 0.260746, Reg: 0.038435
Iter 140 of 180 Loss: 0.328815, L1(Flow): 0.283529, Reg: 0.045285
Iter 150 of 180 Loss: 0.308230, L1(Flow): 0.265478, Reg: 0.042752
Iter 160 of 180 Loss: 0.287709, L1(Flow): 0.248023, Reg: 0.039686
Iter 170 of 180 Loss: 0.289845, L1(Flow): 0.249963, Reg: 0.039882
Iter 180 of 180 Loss: 0.302171, L1(Flow): 0.266290, Reg: 0.035881
Epoch 319 Loss: 0.299334
Epoch 319 Validation: Mean EPE: 1.0125, Mean SSIM: 0.8435, Mean ZNCC: 0.9710
--> Saved to Top 5 best models (EPE: 1.0125)
Epoch 320 starts
Iter 10 of 180 Loss: 0.327545, L1(Flow): 0.281641, Reg: 0.045903
Iter 20 of 180 Loss: 0.299931, L1(Flow): 0.259183, Reg: 0.040747
Iter 30 of 180 Loss: 0.310438, L1(Flow): 0.269482, Reg: 0.040956
Iter 40 of 180 Loss: 0.291043, L1(Flow): 0.253026, Reg: 0.038017
Iter 50 of 180 Loss: 0.305563, L1(Flow): 0.265875, Reg: 0.039688
Iter 60 of 180 Loss: 0.306679, L1(Flow): 0.266678, Reg: 0.040001
Iter 70 of 180 Loss: 0.290222, L1(Flow): 0.254331, Reg: 0.035891
Iter 80 of 180 Loss: 0.285860, L1(Flow): 0.245204, Reg: 0.040655
Iter 90 of 180 Loss: 0.289011, L1(Flow): 0.246648, Reg: 0.042363
Iter 100 of 180 Loss: 0.282174, L1(Flow): 0.241828, Reg: 0.040345
Iter 110 of 180 Loss: 0.302361, L1(Flow): 0.259208, Reg: 0.043153
Iter 120 of 180 Loss: 0.316279, L1(Flow): 0.273119, Reg: 0.043160
Iter 130 of 180 Loss: 0.291951, L1(Flow): 0.250611, Reg: 0.041340
Iter 140 of 180 Loss: 0.282549, L1(Flow): 0.242621, Reg: 0.039929
Iter 150 of 180 Loss: 0.290702, L1(Flow): 0.253051, Reg: 0.037651
Iter 160 of 180 Loss: 0.304923, L1(Flow): 0.264127, Reg: 0.040796
Iter 170 of 180 Loss: 0.275342, L1(Flow): 0.236851, Reg: 0.038491
Iter 180 of 180 Loss: 0.286505, L1(Flow): 0.244797, Reg: 0.041708
Epoch 320 Loss: 0.294820
Epoch 320 Validation: Mean EPE: 1.0191, Mean SSIM: 0.8426, Mean ZNCC: 0.9708
Epoch 321 starts
Iter 10 of 180 Loss: 0.308031, L1(Flow): 0.266477, Reg: 0.041554
Iter 20 of 180 Loss: 0.315787, L1(Flow): 0.270851, Reg: 0.044935
Iter 30 of 180 Loss: 0.284490, L1(Flow): 0.245079, Reg: 0.039411
Iter 40 of 180 Loss: 0.305268, L1(Flow): 0.263366, Reg: 0.041901
Iter 50 of 180 Loss: 0.272765, L1(Flow): 0.236895, Reg: 0.035871
Iter 60 of 180 Loss: 0.299728, L1(Flow): 0.258128, Reg: 0.041600
Iter 70 of 180 Loss: 0.283170, L1(Flow): 0.244637, Reg: 0.038533
Iter 80 of 180 Loss: 0.278883, L1(Flow): 0.240370, Reg: 0.038513
Iter 90 of 180 Loss: 0.305555, L1(Flow): 0.262159, Reg: 0.043396
Iter 100 of 180 Loss: 0.282683, L1(Flow): 0.246410, Reg: 0.036273
Iter 110 of 180 Loss: 0.304504, L1(Flow): 0.256224, Reg: 0.048280
Iter 120 of 180 Loss: 0.292866, L1(Flow): 0.253560, Reg: 0.039306
Iter 130 of 180 Loss: 0.297984, L1(Flow): 0.258386, Reg: 0.039597
Iter 140 of 180 Loss: 0.309014, L1(Flow): 0.266662, Reg: 0.042352
Iter 150 of 180 Loss: 0.317934, L1(Flow): 0.279627, Reg: 0.038307
Iter 160 of 180 Loss: 0.296756, L1(Flow): 0.257330, Reg: 0.039427
Iter 170 of 180 Loss: 0.276964, L1(Flow): 0.242270, Reg: 0.034694
Iter 180 of 180 Loss: 0.342095, L1(Flow): 0.300382, Reg: 0.041714
Epoch 321 Loss: 0.295334
Epoch 321 Validation: Mean EPE: 1.0188, Mean SSIM: 0.8424, Mean ZNCC: 0.9709
Epoch 322 starts
Iter 10 of 180 Loss: 0.291378, L1(Flow): 0.250848, Reg: 0.040530
Iter 20 of 180 Loss: 0.281786, L1(Flow): 0.243918, Reg: 0.037867
Iter 30 of 180 Loss: 0.296962, L1(Flow): 0.254522, Reg: 0.042441
Iter 40 of 180 Loss: 0.320406, L1(Flow): 0.278429, Reg: 0.041977
Iter 50 of 180 Loss: 0.280854, L1(Flow): 0.241998, Reg: 0.038856
Iter 60 of 180 Loss: 0.289118, L1(Flow): 0.250095, Reg: 0.039024
Iter 70 of 180 Loss: 0.313093, L1(Flow): 0.270939, Reg: 0.042154
Iter 80 of 180 Loss: 0.312795, L1(Flow): 0.271079, Reg: 0.041716
Iter 90 of 180 Loss: 0.306100, L1(Flow): 0.267010, Reg: 0.039090
Iter 100 of 180 Loss: 0.314653, L1(Flow): 0.272394, Reg: 0.042259
Iter 110 of 180 Loss: 0.295466, L1(Flow): 0.254892, Reg: 0.040574
Iter 120 of 180 Loss: 0.284464, L1(Flow): 0.244685, Reg: 0.039780
Iter 130 of 180 Loss: 0.276149, L1(Flow): 0.238022, Reg: 0.038127
Iter 140 of 180 Loss: 0.269505, L1(Flow): 0.230744, Reg: 0.038761
Iter 150 of 180 Loss: 0.302179, L1(Flow): 0.264144, Reg: 0.038035
Iter 160 of 180 Loss: 0.288710, L1(Flow): 0.246810, Reg: 0.041900
Iter 170 of 180 Loss: 0.302768, L1(Flow): 0.262341, Reg: 0.040427
Iter 180 of 180 Loss: 0.302092, L1(Flow): 0.259746, Reg: 0.042346
Epoch 322 Loss: 0.292263
Epoch 322 Validation: Mean EPE: 1.0162, Mean SSIM: 0.8418, Mean ZNCC: 0.9708
Epoch 323 starts
Iter 10 of 180 Loss: 0.321540, L1(Flow): 0.276273, Reg: 0.045267
Iter 20 of 180 Loss: 0.285339, L1(Flow): 0.247462, Reg: 0.037878
Iter 30 of 180 Loss: 0.297769, L1(Flow): 0.259452, Reg: 0.038317
Iter 40 of 180 Loss: 0.315186, L1(Flow): 0.273268, Reg: 0.041918
Iter 50 of 180 Loss: 0.299223, L1(Flow): 0.257959, Reg: 0.041264
Iter 60 of 180 Loss: 0.319425, L1(Flow): 0.275511, Reg: 0.043915
Iter 70 of 180 Loss: 0.288901, L1(Flow): 0.250046, Reg: 0.038855
Iter 80 of 180 Loss: 0.302902, L1(Flow): 0.259514, Reg: 0.043388
Iter 90 of 180 Loss: 0.287472, L1(Flow): 0.247592, Reg: 0.039879
Iter 100 of 180 Loss: 0.278311, L1(Flow): 0.237495, Reg: 0.040816
Iter 110 of 180 Loss: 0.303861, L1(Flow): 0.264017, Reg: 0.039844
Iter 120 of 180 Loss: 0.276501, L1(Flow): 0.240970, Reg: 0.035531
Iter 130 of 180 Loss: 0.327492, L1(Flow): 0.281582, Reg: 0.045910
Iter 140 of 180 Loss: 0.312427, L1(Flow): 0.269335, Reg: 0.043092
Iter 150 of 180 Loss: 0.282720, L1(Flow): 0.243503, Reg: 0.039217
Iter 160 of 180 Loss: 0.293895, L1(Flow): 0.252306, Reg: 0.041589
Iter 170 of 180 Loss: 0.310527, L1(Flow): 0.271556, Reg: 0.038972
Iter 180 of 180 Loss: 0.319989, L1(Flow): 0.282276, Reg: 0.037713
Epoch 323 Loss: 0.294770
Epoch 323 Validation: Mean EPE: 1.0232, Mean SSIM: 0.8415, Mean ZNCC: 0.9705
Epoch 324 starts
Iter 10 of 180 Loss: 0.312834, L1(Flow): 0.271360, Reg: 0.041474
Iter 20 of 180 Loss: 0.319028, L1(Flow): 0.275514, Reg: 0.043515
Iter 30 of 180 Loss: 0.290226, L1(Flow): 0.251695, Reg: 0.038531
Iter 40 of 180 Loss: 0.300803, L1(Flow): 0.260396, Reg: 0.040407
Iter 50 of 180 Loss: 0.280667, L1(Flow): 0.241285, Reg: 0.039382
Iter 60 of 180 Loss: 0.290269, L1(Flow): 0.250146, Reg: 0.040123
Iter 70 of 180 Loss: 0.295376, L1(Flow): 0.254433, Reg: 0.040943
Iter 80 of 180 Loss: 0.293039, L1(Flow): 0.252482, Reg: 0.040556
Iter 90 of 180 Loss: 0.276787, L1(Flow): 0.237388, Reg: 0.039399
Iter 100 of 180 Loss: 0.310747, L1(Flow): 0.265341, Reg: 0.045406
Iter 110 of 180 Loss: 0.279465, L1(Flow): 0.242799, Reg: 0.036667
Iter 120 of 180 Loss: 0.302042, L1(Flow): 0.261667, Reg: 0.040375
Iter 130 of 180 Loss: 0.281229, L1(Flow): 0.241967, Reg: 0.039262
Iter 140 of 180 Loss: 0.278686, L1(Flow): 0.241448, Reg: 0.037238
Iter 150 of 180 Loss: 0.300272, L1(Flow): 0.258809, Reg: 0.041463
Iter 160 of 180 Loss: 0.289946, L1(Flow): 0.252620, Reg: 0.037326
Iter 170 of 180 Loss: 0.308806, L1(Flow): 0.267679, Reg: 0.041128
Iter 180 of 180 Loss: 0.308953, L1(Flow): 0.268920, Reg: 0.040034
Epoch 324 Loss: 0.296966
Epoch 324 Validation: Mean EPE: 1.0312, Mean SSIM: 0.8397, Mean ZNCC: 0.9704
Epoch 325 starts
Iter 10 of 180 Loss: 0.286616, L1(Flow): 0.249920, Reg: 0.036696
Iter 20 of 180 Loss: 0.297353, L1(Flow): 0.259972, Reg: 0.037381
Iter 30 of 180 Loss: 0.290366, L1(Flow): 0.252371, Reg: 0.037995
Iter 40 of 180 Loss: 0.319137, L1(Flow): 0.277368, Reg: 0.041769
Iter 50 of 180 Loss: 0.295320, L1(Flow): 0.257227, Reg: 0.038093
Iter 60 of 180 Loss: 0.281200, L1(Flow): 0.243306, Reg: 0.037894
Iter 70 of 180 Loss: 0.291443, L1(Flow): 0.250373, Reg: 0.041069
Iter 80 of 180 Loss: 0.277776, L1(Flow): 0.240887, Reg: 0.036889
Iter 90 of 180 Loss: 0.276551, L1(Flow): 0.238785, Reg: 0.037767
Iter 100 of 180 Loss: 0.309672, L1(Flow): 0.270633, Reg: 0.039039
Iter 110 of 180 Loss: 0.294609, L1(Flow): 0.256502, Reg: 0.038108
Iter 120 of 180 Loss: 0.283178, L1(Flow): 0.245734, Reg: 0.037445
Iter 130 of 180 Loss: 0.284732, L1(Flow): 0.247036, Reg: 0.037697
Iter 140 of 180 Loss: 0.304340, L1(Flow): 0.258493, Reg: 0.045847
Iter 150 of 180 Loss: 0.303765, L1(Flow): 0.261367, Reg: 0.042398
Iter 160 of 180 Loss: 0.293274, L1(Flow): 0.253158, Reg: 0.040116
Iter 170 of 180 Loss: 0.275025, L1(Flow): 0.237293, Reg: 0.037732
Iter 180 of 180 Loss: 0.289312, L1(Flow): 0.248133, Reg: 0.041179
Epoch 325 Loss: 0.296831
Epoch 325 Validation: Mean EPE: 1.0108, Mean SSIM: 0.8435, Mean ZNCC: 0.9710
--> Saved to Top 5 best models (EPE: 1.0108)
--> New absolute BEST model updated with EPE: 1.0108
Epoch 326 starts
Iter 10 of 180 Loss: 0.288307, L1(Flow): 0.247206, Reg: 0.041101
Iter 20 of 180 Loss: 0.296993, L1(Flow): 0.254952, Reg: 0.042041
Iter 30 of 180 Loss: 0.289864, L1(Flow): 0.246900, Reg: 0.042965
Iter 40 of 180 Loss: 0.278261, L1(Flow): 0.242051, Reg: 0.036210
Iter 50 of 180 Loss: 0.303216, L1(Flow): 0.260754, Reg: 0.042461
Iter 60 of 180 Loss: 0.296395, L1(Flow): 0.255533, Reg: 0.040862
Iter 70 of 180 Loss: 0.313851, L1(Flow): 0.272589, Reg: 0.041263
Iter 80 of 180 Loss: 0.329230, L1(Flow): 0.286641, Reg: 0.042589
Iter 90 of 180 Loss: 0.315956, L1(Flow): 0.274865, Reg: 0.041091
Iter 100 of 180 Loss: 0.285581, L1(Flow): 0.248221, Reg: 0.037360
Iter 110 of 180 Loss: 0.274877, L1(Flow): 0.240199, Reg: 0.034678
Iter 120 of 180 Loss: 0.312995, L1(Flow): 0.275479, Reg: 0.037516
Iter 130 of 180 Loss: 0.311386, L1(Flow): 0.271867, Reg: 0.039519
Iter 140 of 180 Loss: 0.303716, L1(Flow): 0.263937, Reg: 0.039779
Iter 150 of 180 Loss: 0.303244, L1(Flow): 0.261899, Reg: 0.041345
Iter 160 of 180 Loss: 0.309484, L1(Flow): 0.270242, Reg: 0.039241
Iter 170 of 180 Loss: 0.287750, L1(Flow): 0.249642, Reg: 0.038107
Iter 180 of 180 Loss: 0.312685, L1(Flow): 0.268605, Reg: 0.044080
Epoch 326 Loss: 0.296986
Epoch 326 Validation: Mean EPE: 1.0386, Mean SSIM: 0.8385, Mean ZNCC: 0.9699
Epoch 327 starts
Iter 10 of 180 Loss: 0.282276, L1(Flow): 0.246968, Reg: 0.035308
Iter 20 of 180 Loss: 0.310761, L1(Flow): 0.269605, Reg: 0.041156
Iter 30 of 180 Loss: 0.305368, L1(Flow): 0.260881, Reg: 0.044487
Iter 40 of 180 Loss: 0.299580, L1(Flow): 0.257362, Reg: 0.042218
Iter 50 of 180 Loss: 0.306262, L1(Flow): 0.264681, Reg: 0.041581
Iter 60 of 180 Loss: 0.281698, L1(Flow): 0.243842, Reg: 0.037856
Iter 70 of 180 Loss: 0.304958, L1(Flow): 0.268463, Reg: 0.036495
Iter 80 of 180 Loss: 0.297227, L1(Flow): 0.257501, Reg: 0.039726
Iter 90 of 180 Loss: 0.306046, L1(Flow): 0.262451, Reg: 0.043594
Iter 100 of 180 Loss: 0.278965, L1(Flow): 0.243808, Reg: 0.035157
Iter 110 of 180 Loss: 0.297658, L1(Flow): 0.257133, Reg: 0.040525
Iter 120 of 180 Loss: 0.280149, L1(Flow): 0.243848, Reg: 0.036300
Iter 130 of 180 Loss: 0.301860, L1(Flow): 0.260702, Reg: 0.041157
Iter 140 of 180 Loss: 0.297350, L1(Flow): 0.257641, Reg: 0.039709
Iter 150 of 180 Loss: 0.285482, L1(Flow): 0.246022, Reg: 0.039459
Iter 160 of 180 Loss: 0.291722, L1(Flow): 0.250184, Reg: 0.041537
Iter 170 of 180 Loss: 0.299123, L1(Flow): 0.259403, Reg: 0.039720
Iter 180 of 180 Loss: 0.285447, L1(Flow): 0.246165, Reg: 0.039281
Epoch 327 Loss: 0.300060
Epoch 327 Validation: Mean EPE: 1.0100, Mean SSIM: 0.8433, Mean ZNCC: 0.9711
--> Saved to Top 5 best models (EPE: 1.0100)
--> New absolute BEST model updated with EPE: 1.0100
Epoch 328 starts
Iter 10 of 180 Loss: 0.300855, L1(Flow): 0.257007, Reg: 0.043848
Iter 20 of 180 Loss: 0.300959, L1(Flow): 0.260833, Reg: 0.040126
Iter 30 of 180 Loss: 0.282667, L1(Flow): 0.246450, Reg: 0.036217
Iter 40 of 180 Loss: 0.300036, L1(Flow): 0.261120, Reg: 0.038915
Iter 50 of 180 Loss: 0.300995, L1(Flow): 0.261111, Reg: 0.039884
Iter 60 of 180 Loss: 0.299416, L1(Flow): 0.258855, Reg: 0.040561
Iter 70 of 180 Loss: 0.296592, L1(Flow): 0.255359, Reg: 0.041233
Iter 80 of 180 Loss: 0.286469, L1(Flow): 0.247276, Reg: 0.039193
Iter 90 of 180 Loss: 0.268756, L1(Flow): 0.232873, Reg: 0.035882
Iter 100 of 180 Loss: 0.294317, L1(Flow): 0.252254, Reg: 0.042064
Iter 110 of 180 Loss: 0.285160, L1(Flow): 0.247629, Reg: 0.037531
Iter 120 of 180 Loss: 0.294498, L1(Flow): 0.255255, Reg: 0.039243
Iter 130 of 180 Loss: 0.291290, L1(Flow): 0.252290, Reg: 0.039001
Iter 140 of 180 Loss: 0.312947, L1(Flow): 0.271777, Reg: 0.041170
Iter 150 of 180 Loss: 0.292365, L1(Flow): 0.252066, Reg: 0.040299
Iter 160 of 180 Loss: 0.280912, L1(Flow): 0.241279, Reg: 0.039633
Iter 170 of 180 Loss: 0.311965, L1(Flow): 0.270940, Reg: 0.041024
Iter 180 of 180 Loss: 0.292516, L1(Flow): 0.253870, Reg: 0.038646
Epoch 328 Loss: 0.294589
Epoch 328 Validation: Mean EPE: 1.0180, Mean SSIM: 0.8419, Mean ZNCC: 0.9707
Epoch 329 starts
Iter 10 of 180 Loss: 0.291475, L1(Flow): 0.254008, Reg: 0.037467
Iter 20 of 180 Loss: 0.277708, L1(Flow): 0.241882, Reg: 0.035826
Iter 30 of 180 Loss: 0.297242, L1(Flow): 0.256856, Reg: 0.040386
Iter 40 of 180 Loss: 0.304567, L1(Flow): 0.261338, Reg: 0.043229
Iter 50 of 180 Loss: 0.274369, L1(Flow): 0.238089, Reg: 0.036280
Iter 60 of 180 Loss: 0.286008, L1(Flow): 0.249499, Reg: 0.036508
Iter 70 of 180 Loss: 0.290327, L1(Flow): 0.250640, Reg: 0.039688
Iter 80 of 180 Loss: 0.306178, L1(Flow): 0.265911, Reg: 0.040266
Iter 90 of 180 Loss: 0.294556, L1(Flow): 0.254298, Reg: 0.040258
Iter 100 of 180 Loss: 0.288087, L1(Flow): 0.249954, Reg: 0.038133
Iter 110 of 180 Loss: 0.316350, L1(Flow): 0.277595, Reg: 0.038755
Iter 120 of 180 Loss: 0.282620, L1(Flow): 0.244268, Reg: 0.038353
Iter 130 of 180 Loss: 0.275477, L1(Flow): 0.236350, Reg: 0.039127
Iter 140 of 180 Loss: 0.276975, L1(Flow): 0.238537, Reg: 0.038438
Iter 150 of 180 Loss: 0.318861, L1(Flow): 0.277606, Reg: 0.041254
Iter 160 of 180 Loss: 0.291922, L1(Flow): 0.249365, Reg: 0.042557
Iter 170 of 180 Loss: 0.282699, L1(Flow): 0.241415, Reg: 0.041284
Iter 180 of 180 Loss: 0.311769, L1(Flow): 0.267071, Reg: 0.044698
Epoch 329 Loss: 0.292288
Epoch 329 Validation: Mean EPE: 1.0119, Mean SSIM: 0.8433, Mean ZNCC: 0.9711
--> Saved to Top 5 best models (EPE: 1.0119)
Epoch 330 starts
Iter 10 of 180 Loss: 0.281718, L1(Flow): 0.242767, Reg: 0.038951
Iter 20 of 180 Loss: 0.270527, L1(Flow): 0.234292, Reg: 0.036234
Iter 30 of 180 Loss: 0.309611, L1(Flow): 0.266287, Reg: 0.043325
Iter 40 of 180 Loss: 0.288747, L1(Flow): 0.252620, Reg: 0.036127
Iter 50 of 180 Loss: 0.294406, L1(Flow): 0.251122, Reg: 0.043285
Iter 60 of 180 Loss: 0.284220, L1(Flow): 0.245063, Reg: 0.039157
Iter 70 of 180 Loss: 0.297897, L1(Flow): 0.257662, Reg: 0.040235
Iter 80 of 180 Loss: 0.286116, L1(Flow): 0.244550, Reg: 0.041565
Iter 90 of 180 Loss: 0.282439, L1(Flow): 0.245874, Reg: 0.036566
Iter 100 of 180 Loss: 0.288236, L1(Flow): 0.251107, Reg: 0.037130
Iter 110 of 180 Loss: 0.284968, L1(Flow): 0.246014, Reg: 0.038954
Iter 120 of 180 Loss: 0.282084, L1(Flow): 0.242133, Reg: 0.039951
Iter 130 of 180 Loss: 0.271326, L1(Flow): 0.232964, Reg: 0.038362
Iter 140 of 180 Loss: 0.288670, L1(Flow): 0.248676, Reg: 0.039994
Iter 150 of 180 Loss: 0.294127, L1(Flow): 0.254292, Reg: 0.039835
Iter 160 of 180 Loss: 0.299627, L1(Flow): 0.258050, Reg: 0.041577
Iter 170 of 180 Loss: 0.282901, L1(Flow): 0.245524, Reg: 0.037377
Iter 180 of 180 Loss: 0.286691, L1(Flow): 0.249777, Reg: 0.036914
Epoch 330 Loss: 0.291479
Epoch 330 Validation: Mean EPE: 1.0173, Mean SSIM: 0.8418, Mean ZNCC: 0.9707
Epoch 331 starts
Iter 10 of 180 Loss: 0.280128, L1(Flow): 0.241200, Reg: 0.038928
Iter 20 of 180 Loss: 0.299413, L1(Flow): 0.261290, Reg: 0.038124
Iter 30 of 180 Loss: 0.281924, L1(Flow): 0.243753, Reg: 0.038171
Iter 40 of 180 Loss: 0.296008, L1(Flow): 0.257248, Reg: 0.038760
Iter 50 of 180 Loss: 0.290673, L1(Flow): 0.252063, Reg: 0.038610
Iter 60 of 180 Loss: 0.274255, L1(Flow): 0.237278, Reg: 0.036977
Iter 70 of 180 Loss: 0.268199, L1(Flow): 0.227602, Reg: 0.040598
Iter 80 of 180 Loss: 0.269149, L1(Flow): 0.232126, Reg: 0.037023
Iter 90 of 180 Loss: 0.290569, L1(Flow): 0.250087, Reg: 0.040482
Iter 100 of 180 Loss: 0.273342, L1(Flow): 0.239452, Reg: 0.033890
Iter 110 of 180 Loss: 0.273924, L1(Flow): 0.236056, Reg: 0.037868
Iter 120 of 180 Loss: 0.286960, L1(Flow): 0.249604, Reg: 0.037357
Iter 130 of 180 Loss: 0.292281, L1(Flow): 0.254466, Reg: 0.037815
Iter 140 of 180 Loss: 0.307830, L1(Flow): 0.265585, Reg: 0.042245
Iter 150 of 180 Loss: 0.284275, L1(Flow): 0.242381, Reg: 0.041894
Iter 160 of 180 Loss: 0.272944, L1(Flow): 0.233203, Reg: 0.039741
Iter 170 of 180 Loss: 0.306259, L1(Flow): 0.266221, Reg: 0.040038
Iter 180 of 180 Loss: 0.265545, L1(Flow): 0.233028, Reg: 0.032517
Epoch 331 Loss: 0.290697
Epoch 331 Validation: Mean EPE: 1.0124, Mean SSIM: 0.8433, Mean ZNCC: 0.9709
--> Saved to Top 5 best models (EPE: 1.0124)
Epoch 332 starts
Iter 10 of 180 Loss: 0.287485, L1(Flow): 0.248420, Reg: 0.039065
Iter 20 of 180 Loss: 0.305699, L1(Flow): 0.263434, Reg: 0.042264
Iter 30 of 180 Loss: 0.294324, L1(Flow): 0.256518, Reg: 0.037806
Iter 40 of 180 Loss: 0.286047, L1(Flow): 0.247065, Reg: 0.038982
Iter 50 of 180 Loss: 0.302260, L1(Flow): 0.264098, Reg: 0.038162
Iter 60 of 180 Loss: 0.285231, L1(Flow): 0.243989, Reg: 0.041242
Iter 70 of 180 Loss: 0.302939, L1(Flow): 0.264554, Reg: 0.038386
Iter 80 of 180 Loss: 0.291677, L1(Flow): 0.255821, Reg: 0.035856
Iter 90 of 180 Loss: 0.309660, L1(Flow): 0.264125, Reg: 0.045535
Iter 100 of 180 Loss: 0.280348, L1(Flow): 0.242939, Reg: 0.037410
Iter 110 of 180 Loss: 0.300741, L1(Flow): 0.263140, Reg: 0.037601
Iter 120 of 180 Loss: 0.290321, L1(Flow): 0.250066, Reg: 0.040256
Iter 130 of 180 Loss: 0.269819, L1(Flow): 0.233954, Reg: 0.035865
Iter 140 of 180 Loss: 0.290004, L1(Flow): 0.249185, Reg: 0.040819
Iter 150 of 180 Loss: 0.291934, L1(Flow): 0.252272, Reg: 0.039662
Iter 160 of 180 Loss: 0.314835, L1(Flow): 0.273580, Reg: 0.041255
Iter 170 of 180 Loss: 0.306230, L1(Flow): 0.262412, Reg: 0.043818
Iter 180 of 180 Loss: 0.285882, L1(Flow): 0.244678, Reg: 0.041205
Epoch 332 Loss: 0.293601
Epoch 332 Validation: Mean EPE: 1.0283, Mean SSIM: 0.8395, Mean ZNCC: 0.9700
Epoch 333 starts
Iter 10 of 180 Loss: 0.322669, L1(Flow): 0.279609, Reg: 0.043060
Iter 20 of 180 Loss: 0.278107, L1(Flow): 0.240647, Reg: 0.037460
Iter 30 of 180 Loss: 0.311540, L1(Flow): 0.270298, Reg: 0.041242
Iter 40 of 180 Loss: 0.289266, L1(Flow): 0.248765, Reg: 0.040501
Iter 50 of 180 Loss: 0.290335, L1(Flow): 0.252754, Reg: 0.037580
Iter 60 of 180 Loss: 0.278718, L1(Flow): 0.241506, Reg: 0.037213
Iter 70 of 180 Loss: 0.300724, L1(Flow): 0.256581, Reg: 0.044142
Iter 80 of 180 Loss: 0.282148, L1(Flow): 0.241664, Reg: 0.040484
Iter 90 of 180 Loss: 0.313979, L1(Flow): 0.270848, Reg: 0.043131
Iter 100 of 180 Loss: 0.287094, L1(Flow): 0.249260, Reg: 0.037834
Iter 110 of 180 Loss: 0.289602, L1(Flow): 0.251195, Reg: 0.038408
Iter 120 of 180 Loss: 0.304397, L1(Flow): 0.263409, Reg: 0.040988
Iter 130 of 180 Loss: 0.287164, L1(Flow): 0.249689, Reg: 0.037475
Iter 140 of 180 Loss: 0.291826, L1(Flow): 0.252152, Reg: 0.039674
Iter 150 of 180 Loss: 0.286395, L1(Flow): 0.248034, Reg: 0.038361
Iter 160 of 180 Loss: 0.304218, L1(Flow): 0.261745, Reg: 0.042473
Iter 170 of 180 Loss: 0.280005, L1(Flow): 0.241433, Reg: 0.038572
Iter 180 of 180 Loss: 0.289317, L1(Flow): 0.250897, Reg: 0.038420
Epoch 333 Loss: 0.293867
Epoch 333 Validation: Mean EPE: 1.0094, Mean SSIM: 0.8437, Mean ZNCC: 0.9712
--> Saved to Top 5 best models (EPE: 1.0094)
--> New absolute BEST model updated with EPE: 1.0094
Epoch 334 starts
Iter 10 of 180 Loss: 0.294131, L1(Flow): 0.250769, Reg: 0.043362
Iter 20 of 180 Loss: 0.310657, L1(Flow): 0.265955, Reg: 0.044702
Iter 30 of 180 Loss: 0.301615, L1(Flow): 0.260617, Reg: 0.040998
Iter 40 of 180 Loss: 0.281855, L1(Flow): 0.247232, Reg: 0.034623
Iter 50 of 180 Loss: 0.311037, L1(Flow): 0.271925, Reg: 0.039112
Iter 60 of 180 Loss: 0.290056, L1(Flow): 0.252531, Reg: 0.037525
Iter 70 of 180 Loss: 0.303168, L1(Flow): 0.260269, Reg: 0.042899
Iter 80 of 180 Loss: 0.306476, L1(Flow): 0.265989, Reg: 0.040486
Iter 90 of 180 Loss: 0.284760, L1(Flow): 0.247232, Reg: 0.037528
Iter 100 of 180 Loss: 0.301916, L1(Flow): 0.260429, Reg: 0.041487
Iter 110 of 180 Loss: 0.281676, L1(Flow): 0.243676, Reg: 0.038000
Iter 120 of 180 Loss: 0.278639, L1(Flow): 0.241224, Reg: 0.037414
Iter 130 of 180 Loss: 0.289181, L1(Flow): 0.252839, Reg: 0.036342
Iter 140 of 180 Loss: 0.296275, L1(Flow): 0.257757, Reg: 0.038518
Iter 150 of 180 Loss: 0.324441, L1(Flow): 0.285001, Reg: 0.039440
Iter 160 of 180 Loss: 0.263503, L1(Flow): 0.227889, Reg: 0.035613
Iter 170 of 180 Loss: 0.301640, L1(Flow): 0.260874, Reg: 0.040766
Iter 180 of 180 Loss: 0.307301, L1(Flow): 0.261650, Reg: 0.045651
Epoch 334 Loss: 0.295366
Epoch 334 Validation: Mean EPE: 1.0146, Mean SSIM: 0.8433, Mean ZNCC: 0.9710
Epoch 335 starts
Iter 10 of 180 Loss: 0.300801, L1(Flow): 0.261138, Reg: 0.039662
Iter 20 of 180 Loss: 0.276835, L1(Flow): 0.238102, Reg: 0.038732
Iter 30 of 180 Loss: 0.320135, L1(Flow): 0.275555, Reg: 0.044580
Iter 40 of 180 Loss: 0.293481, L1(Flow): 0.256703, Reg: 0.036779
Iter 50 of 180 Loss: 0.299360, L1(Flow): 0.256413, Reg: 0.042947
Iter 60 of 180 Loss: 0.288993, L1(Flow): 0.250470, Reg: 0.038523
Iter 70 of 180 Loss: 0.300355, L1(Flow): 0.257898, Reg: 0.042457
Iter 80 of 180 Loss: 0.286435, L1(Flow): 0.248920, Reg: 0.037515
Iter 90 of 180 Loss: 0.296735, L1(Flow): 0.256216, Reg: 0.040519
Iter 100 of 180 Loss: 0.282557, L1(Flow): 0.243780, Reg: 0.038777
Iter 110 of 180 Loss: 0.280059, L1(Flow): 0.243672, Reg: 0.036387
Iter 120 of 180 Loss: 0.287843, L1(Flow): 0.248876, Reg: 0.038967
Iter 130 of 180 Loss: 0.282637, L1(Flow): 0.242811, Reg: 0.039827
Iter 140 of 180 Loss: 0.275530, L1(Flow): 0.238264, Reg: 0.037265
Iter 150 of 180 Loss: 0.316452, L1(Flow): 0.274695, Reg: 0.041758
Iter 160 of 180 Loss: 0.290901, L1(Flow): 0.253223, Reg: 0.037679
Iter 170 of 180 Loss: 0.290612, L1(Flow): 0.251794, Reg: 0.038818
Iter 180 of 180 Loss: 0.284249, L1(Flow): 0.245878, Reg: 0.038371
Epoch 335 Loss: 0.293755
Epoch 335 Validation: Mean EPE: 1.0078, Mean SSIM: 0.8442, Mean ZNCC: 0.9713
--> Saved to Top 5 best models (EPE: 1.0078)
--> New absolute BEST model updated with EPE: 1.0078
Epoch 336 starts
Iter 10 of 180 Loss: 0.296626, L1(Flow): 0.255796, Reg: 0.040830
Iter 20 of 180 Loss: 0.275151, L1(Flow): 0.236398, Reg: 0.038753
Iter 30 of 180 Loss: 0.291829, L1(Flow): 0.253500, Reg: 0.038329
Iter 40 of 180 Loss: 0.283972, L1(Flow): 0.248716, Reg: 0.035255
Iter 50 of 180 Loss: 0.279722, L1(Flow): 0.241424, Reg: 0.038298
Iter 60 of 180 Loss: 0.286529, L1(Flow): 0.249135, Reg: 0.037394
Iter 70 of 180 Loss: 0.294246, L1(Flow): 0.252782, Reg: 0.041464
Iter 80 of 180 Loss: 0.285355, L1(Flow): 0.243154, Reg: 0.042202
Iter 90 of 180 Loss: 0.305295, L1(Flow): 0.268195, Reg: 0.037101
Iter 100 of 180 Loss: 0.293876, L1(Flow): 0.255894, Reg: 0.037982
Iter 110 of 180 Loss: 0.278813, L1(Flow): 0.241861, Reg: 0.036952
Iter 120 of 180 Loss: 0.297495, L1(Flow): 0.255974, Reg: 0.041520
Iter 130 of 180 Loss: 0.288647, L1(Flow): 0.250845, Reg: 0.037801
Iter 140 of 180 Loss: 0.301569, L1(Flow): 0.260149, Reg: 0.041420
Iter 150 of 180 Loss: 0.284347, L1(Flow): 0.244145, Reg: 0.040203
Iter 160 of 180 Loss: 0.297752, L1(Flow): 0.255993, Reg: 0.041759
Iter 170 of 180 Loss: 0.262138, L1(Flow): 0.227697, Reg: 0.034441
Iter 180 of 180 Loss: 0.303643, L1(Flow): 0.265485, Reg: 0.038159
Epoch 336 Loss: 0.290695
Epoch 336 Validation: Mean EPE: 1.0139, Mean SSIM: 0.8424, Mean ZNCC: 0.9708
Epoch 337 starts
Iter 10 of 180 Loss: 0.297534, L1(Flow): 0.257085, Reg: 0.040449
Iter 20 of 180 Loss: 0.307601, L1(Flow): 0.263463, Reg: 0.044138
Iter 30 of 180 Loss: 0.305813, L1(Flow): 0.265223, Reg: 0.040589
Iter 40 of 180 Loss: 0.295467, L1(Flow): 0.255988, Reg: 0.039480
Iter 50 of 180 Loss: 0.294215, L1(Flow): 0.255513, Reg: 0.038703
Iter 60 of 180 Loss: 0.295582, L1(Flow): 0.255584, Reg: 0.039998
Iter 70 of 180 Loss: 0.284283, L1(Flow): 0.246358, Reg: 0.037925
Iter 80 of 180 Loss: 0.294054, L1(Flow): 0.253302, Reg: 0.040751
Iter 90 of 180 Loss: 0.284868, L1(Flow): 0.243759, Reg: 0.041109
Iter 100 of 180 Loss: 0.290575, L1(Flow): 0.248610, Reg: 0.041965
Iter 110 of 180 Loss: 0.293283, L1(Flow): 0.253374, Reg: 0.039909
Iter 120 of 180 Loss: 0.284687, L1(Flow): 0.247060, Reg: 0.037627
Iter 130 of 180 Loss: 0.308129, L1(Flow): 0.268668, Reg: 0.039462
Iter 140 of 180 Loss: 0.291039, L1(Flow): 0.253802, Reg: 0.037237
Iter 150 of 180 Loss: 0.286623, L1(Flow): 0.244620, Reg: 0.042003
Iter 160 of 180 Loss: 0.300923, L1(Flow): 0.259223, Reg: 0.041700
Iter 170 of 180 Loss: 0.293916, L1(Flow): 0.252894, Reg: 0.041022
Iter 180 of 180 Loss: 0.307809, L1(Flow): 0.268373, Reg: 0.039436
Epoch 337 Loss: 0.292917
Epoch 337 Validation: Mean EPE: 1.0211, Mean SSIM: 0.8417, Mean ZNCC: 0.9706
Epoch 338 starts
Iter 10 of 180 Loss: 0.292057, L1(Flow): 0.255064, Reg: 0.036994
Iter 20 of 180 Loss: 0.288998, L1(Flow): 0.253422, Reg: 0.035575
Iter 30 of 180 Loss: 0.285800, L1(Flow): 0.248159, Reg: 0.037641
Iter 40 of 180 Loss: 0.284288, L1(Flow): 0.242750, Reg: 0.041538
Iter 50 of 180 Loss: 0.299772, L1(Flow): 0.259984, Reg: 0.039787
Iter 60 of 180 Loss: 0.301847, L1(Flow): 0.262553, Reg: 0.039295
Iter 70 of 180 Loss: 0.275290, L1(Flow): 0.236391, Reg: 0.038900
Iter 80 of 180 Loss: 0.292185, L1(Flow): 0.248963, Reg: 0.043222
Iter 90 of 180 Loss: 0.305858, L1(Flow): 0.263271, Reg: 0.042588
Iter 100 of 180 Loss: 0.281304, L1(Flow): 0.247090, Reg: 0.034214
Iter 110 of 180 Loss: 0.287728, L1(Flow): 0.250838, Reg: 0.036890
Iter 120 of 180 Loss: 0.280559, L1(Flow): 0.242455, Reg: 0.038103
Iter 130 of 180 Loss: 0.296653, L1(Flow): 0.256037, Reg: 0.040616
Iter 140 of 180 Loss: 0.284229, L1(Flow): 0.244670, Reg: 0.039559
Iter 150 of 180 Loss: 0.286028, L1(Flow): 0.245858, Reg: 0.040170
Iter 160 of 180 Loss: 0.295188, L1(Flow): 0.255026, Reg: 0.040162
Iter 170 of 180 Loss: 0.298108, L1(Flow): 0.257993, Reg: 0.040115
Iter 180 of 180 Loss: 0.310193, L1(Flow): 0.266478, Reg: 0.043715
Epoch 338 Loss: 0.290159
Epoch 338 Validation: Mean EPE: 1.0141, Mean SSIM: 0.8434, Mean ZNCC: 0.9712
Epoch 339 starts
Iter 10 of 180 Loss: 0.276250, L1(Flow): 0.240162, Reg: 0.036088
Iter 20 of 180 Loss: 0.284752, L1(Flow): 0.245933, Reg: 0.038819
Iter 30 of 180 Loss: 0.310886, L1(Flow): 0.268015, Reg: 0.042871
Iter 40 of 180 Loss: 0.287873, L1(Flow): 0.250838, Reg: 0.037036
Iter 50 of 180 Loss: 0.286149, L1(Flow): 0.248306, Reg: 0.037843
Iter 60 of 180 Loss: 0.300706, L1(Flow): 0.258288, Reg: 0.042417
Iter 70 of 180 Loss: 0.293271, L1(Flow): 0.250566, Reg: 0.042705
Iter 80 of 180 Loss: 0.301404, L1(Flow): 0.261022, Reg: 0.040382
Iter 90 of 180 Loss: 0.317600, L1(Flow): 0.278321, Reg: 0.039279
Iter 100 of 180 Loss: 0.327353, L1(Flow): 0.283661, Reg: 0.043692
Iter 110 of 180 Loss: 0.294102, L1(Flow): 0.255048, Reg: 0.039054
Iter 120 of 180 Loss: 0.305416, L1(Flow): 0.266870, Reg: 0.038546
Iter 130 of 180 Loss: 0.295660, L1(Flow): 0.254461, Reg: 0.041199
Iter 140 of 180 Loss: 0.301866, L1(Flow): 0.259986, Reg: 0.041880
Iter 150 of 180 Loss: 0.289322, L1(Flow): 0.251251, Reg: 0.038071
Iter 160 of 180 Loss: 0.303133, L1(Flow): 0.262270, Reg: 0.040863
Iter 170 of 180 Loss: 0.309774, L1(Flow): 0.265673, Reg: 0.044101
Iter 180 of 180 Loss: 0.279525, L1(Flow): 0.241922, Reg: 0.037603
Epoch 339 Loss: 0.290120
Epoch 339 Validation: Mean EPE: 1.0261, Mean SSIM: 0.8408, Mean ZNCC: 0.9706
Epoch 340 starts
Iter 10 of 180 Loss: 0.298385, L1(Flow): 0.256929, Reg: 0.041455
Iter 20 of 180 Loss: 0.285519, L1(Flow): 0.244716, Reg: 0.040802
Iter 30 of 180 Loss: 0.283457, L1(Flow): 0.241624, Reg: 0.041833
Iter 40 of 180 Loss: 0.309523, L1(Flow): 0.268142, Reg: 0.041381
Iter 50 of 180 Loss: 0.294481, L1(Flow): 0.251197, Reg: 0.043284
Iter 60 of 180 Loss: 0.266293, L1(Flow): 0.227995, Reg: 0.038298
Iter 70 of 180 Loss: 0.286838, L1(Flow): 0.246252, Reg: 0.040586
Iter 80 of 180 Loss: 0.296584, L1(Flow): 0.255584, Reg: 0.040999
Iter 90 of 180 Loss: 0.321488, L1(Flow): 0.281511, Reg: 0.039977
Iter 100 of 180 Loss: 0.296140, L1(Flow): 0.258875, Reg: 0.037265
Iter 110 of 180 Loss: 0.289751, L1(Flow): 0.249169, Reg: 0.040582
Iter 120 of 180 Loss: 0.299675, L1(Flow): 0.258024, Reg: 0.041651
Iter 130 of 180 Loss: 0.277502, L1(Flow): 0.242499, Reg: 0.035002
Iter 140 of 180 Loss: 0.281159, L1(Flow): 0.242574, Reg: 0.038584
Iter 150 of 180 Loss: 0.276524, L1(Flow): 0.237407, Reg: 0.039116
Iter 160 of 180 Loss: 0.291541, L1(Flow): 0.250970, Reg: 0.040571
Iter 170 of 180 Loss: 0.277579, L1(Flow): 0.240176, Reg: 0.037403
Iter 180 of 180 Loss: 0.267679, L1(Flow): 0.228454, Reg: 0.039225
Epoch 340 Loss: 0.290389
Epoch 340 Validation: Mean EPE: 1.0093, Mean SSIM: 0.8442, Mean ZNCC: 0.9713
--> Saved to Top 5 best models (EPE: 1.0093)
Epoch 341 starts
Iter 10 of 180 Loss: 0.288646, L1(Flow): 0.249269, Reg: 0.039376
Iter 20 of 180 Loss: 0.283963, L1(Flow): 0.244765, Reg: 0.039198
Iter 30 of 180 Loss: 0.277000, L1(Flow): 0.238546, Reg: 0.038454
Iter 40 of 180 Loss: 0.301206, L1(Flow): 0.262090, Reg: 0.039115
Iter 50 of 180 Loss: 0.303029, L1(Flow): 0.262370, Reg: 0.040659
Iter 60 of 180 Loss: 0.285077, L1(Flow): 0.246305, Reg: 0.038772
Iter 70 of 180 Loss: 0.301859, L1(Flow): 0.260971, Reg: 0.040888
Iter 80 of 180 Loss: 0.296632, L1(Flow): 0.259702, Reg: 0.036930
Iter 90 of 180 Loss: 0.297347, L1(Flow): 0.256839, Reg: 0.040507
Iter 100 of 180 Loss: 0.301464, L1(Flow): 0.260662, Reg: 0.040802
Iter 110 of 180 Loss: 0.287842, L1(Flow): 0.248188, Reg: 0.039654
Iter 120 of 180 Loss: 0.293162, L1(Flow): 0.251446, Reg: 0.041716
Iter 130 of 180 Loss: 0.294295, L1(Flow): 0.255597, Reg: 0.038698
Iter 140 of 180 Loss: 0.285712, L1(Flow): 0.244138, Reg: 0.041574
Iter 150 of 180 Loss: 0.292339, L1(Flow): 0.250896, Reg: 0.041443
Iter 160 of 180 Loss: 0.281498, L1(Flow): 0.242788, Reg: 0.038710
Iter 170 of 180 Loss: 0.272159, L1(Flow): 0.235172, Reg: 0.036987
Iter 180 of 180 Loss: 0.271219, L1(Flow): 0.232185, Reg: 0.039034
Epoch 341 Loss: 0.291036
Epoch 341 Validation: Mean EPE: 1.0083, Mean SSIM: 0.8442, Mean ZNCC: 0.9712
--> Saved to Top 5 best models (EPE: 1.0083)
Epoch 342 starts
Iter 10 of 180 Loss: 0.301879, L1(Flow): 0.261234, Reg: 0.040645
Iter 20 of 180 Loss: 0.289205, L1(Flow): 0.251165, Reg: 0.038039
Iter 30 of 180 Loss: 0.273012, L1(Flow): 0.232210, Reg: 0.040801
Iter 40 of 180 Loss: 0.300315, L1(Flow): 0.259351, Reg: 0.040964
Iter 50 of 180 Loss: 0.284495, L1(Flow): 0.243944, Reg: 0.040552
Iter 60 of 180 Loss: 0.290107, L1(Flow): 0.250917, Reg: 0.039189
Iter 70 of 180 Loss: 0.320841, L1(Flow): 0.278126, Reg: 0.042716
Iter 80 of 180 Loss: 0.298617, L1(Flow): 0.258664, Reg: 0.039952
Iter 90 of 180 Loss: 0.285456, L1(Flow): 0.241901, Reg: 0.043555
Iter 100 of 180 Loss: 0.293417, L1(Flow): 0.253122, Reg: 0.040294
Iter 110 of 180 Loss: 0.288743, L1(Flow): 0.245554, Reg: 0.043190
Iter 120 of 180 Loss: 0.286567, L1(Flow): 0.247962, Reg: 0.038605
Iter 130 of 180 Loss: 0.285514, L1(Flow): 0.249597, Reg: 0.035917
Iter 140 of 180 Loss: 0.311381, L1(Flow): 0.271444, Reg: 0.039937
Iter 150 of 180 Loss: 0.302434, L1(Flow): 0.264442, Reg: 0.037992
Iter 160 of 180 Loss: 0.298602, L1(Flow): 0.258934, Reg: 0.039668
Iter 170 of 180 Loss: 0.284603, L1(Flow): 0.245164, Reg: 0.039439
Iter 180 of 180 Loss: 0.279253, L1(Flow): 0.240866, Reg: 0.038388
Epoch 342 Loss: 0.290910
Epoch 342 Validation: Mean EPE: 1.0119, Mean SSIM: 0.8434, Mean ZNCC: 0.9713
Epoch 343 starts
Iter 10 of 180 Loss: 0.281774, L1(Flow): 0.241690, Reg: 0.040084
Iter 20 of 180 Loss: 0.298312, L1(Flow): 0.256610, Reg: 0.041703
Iter 30 of 180 Loss: 0.292124, L1(Flow): 0.251267, Reg: 0.040857
Iter 40 of 180 Loss: 0.302514, L1(Flow): 0.264141, Reg: 0.038373
Iter 50 of 180 Loss: 0.283869, L1(Flow): 0.243030, Reg: 0.040839
Iter 60 of 180 Loss: 0.288771, L1(Flow): 0.248932, Reg: 0.039839
Iter 70 of 180 Loss: 0.306532, L1(Flow): 0.264986, Reg: 0.041546
Iter 80 of 180 Loss: 0.278821, L1(Flow): 0.239972, Reg: 0.038849
Iter 90 of 180 Loss: 0.296248, L1(Flow): 0.255553, Reg: 0.040694
Iter 100 of 180 Loss: 0.281667, L1(Flow): 0.243701, Reg: 0.037966
Iter 110 of 180 Loss: 0.288445, L1(Flow): 0.251948, Reg: 0.036497
Iter 120 of 180 Loss: 0.276782, L1(Flow): 0.237750, Reg: 0.039032
Iter 130 of 180 Loss: 0.285264, L1(Flow): 0.246631, Reg: 0.038633
Iter 140 of 180 Loss: 0.278913, L1(Flow): 0.242094, Reg: 0.036819
Iter 150 of 180 Loss: 0.297966, L1(Flow): 0.257010, Reg: 0.040955
Iter 160 of 180 Loss: 0.291482, L1(Flow): 0.249592, Reg: 0.041890
Iter 170 of 180 Loss: 0.307821, L1(Flow): 0.266748, Reg: 0.041073
Iter 180 of 180 Loss: 0.274827, L1(Flow): 0.233749, Reg: 0.041078
Epoch 343 Loss: 0.291207
Epoch 343 Validation: Mean EPE: 1.0111, Mean SSIM: 0.8439, Mean ZNCC: 0.9711
Epoch 344 starts
Iter 10 of 180 Loss: 0.276250, L1(Flow): 0.238006, Reg: 0.038244
Iter 20 of 180 Loss: 0.287779, L1(Flow): 0.248526, Reg: 0.039253
Iter 30 of 180 Loss: 0.300009, L1(Flow): 0.258970, Reg: 0.041038
Iter 40 of 180 Loss: 0.298930, L1(Flow): 0.259705, Reg: 0.039225
Iter 50 of 180 Loss: 0.288372, L1(Flow): 0.247437, Reg: 0.040935
Iter 60 of 180 Loss: 0.284833, L1(Flow): 0.243627, Reg: 0.041206
Iter 70 of 180 Loss: 0.301048, L1(Flow): 0.262058, Reg: 0.038990
Iter 80 of 180 Loss: 0.283839, L1(Flow): 0.248309, Reg: 0.035530
Iter 90 of 180 Loss: 0.273160, L1(Flow): 0.236555, Reg: 0.036605
Iter 100 of 180 Loss: 0.299641, L1(Flow): 0.263236, Reg: 0.036405
Iter 110 of 180 Loss: 0.261434, L1(Flow): 0.226493, Reg: 0.034941
Iter 120 of 180 Loss: 0.279972, L1(Flow): 0.241847, Reg: 0.038125
Iter 130 of 180 Loss: 0.286281, L1(Flow): 0.249515, Reg: 0.036765
Iter 140 of 180 Loss: 0.280680, L1(Flow): 0.240588, Reg: 0.040092
Iter 150 of 180 Loss: 0.286782, L1(Flow): 0.250188, Reg: 0.036594
Iter 160 of 180 Loss: 0.287282, L1(Flow): 0.249991, Reg: 0.037291
Iter 170 of 180 Loss: 0.288289, L1(Flow): 0.250267, Reg: 0.038022
Iter 180 of 180 Loss: 0.301660, L1(Flow): 0.255581, Reg: 0.046079
Epoch 344 Loss: 0.287439
Epoch 344 Validation: Mean EPE: 1.0077, Mean SSIM: 0.8445, Mean ZNCC: 0.9712
--> Saved to Top 5 best models (EPE: 1.0077)
--> New absolute BEST model updated with EPE: 1.0077
Epoch 345 starts
Iter 10 of 180 Loss: 0.278902, L1(Flow): 0.241071, Reg: 0.037831
Iter 20 of 180 Loss: 0.286086, L1(Flow): 0.245444, Reg: 0.040642
Iter 30 of 180 Loss: 0.295487, L1(Flow): 0.253733, Reg: 0.041754
Iter 40 of 180 Loss: 0.265452, L1(Flow): 0.230807, Reg: 0.034645
Iter 50 of 180 Loss: 0.310615, L1(Flow): 0.266856, Reg: 0.043759
Iter 60 of 180 Loss: 0.312185, L1(Flow): 0.274393, Reg: 0.037792
Iter 70 of 180 Loss: 0.292916, L1(Flow): 0.251882, Reg: 0.041034
Iter 80 of 180 Loss: 0.292143, L1(Flow): 0.255278, Reg: 0.036865
Iter 90 of 180 Loss: 0.268003, L1(Flow): 0.233222, Reg: 0.034781
Iter 100 of 180 Loss: 0.298486, L1(Flow): 0.254662, Reg: 0.043824
Iter 110 of 180 Loss: 0.282564, L1(Flow): 0.244791, Reg: 0.037773
Iter 120 of 180 Loss: 0.288807, L1(Flow): 0.247307, Reg: 0.041500
Iter 130 of 180 Loss: 0.325855, L1(Flow): 0.285909, Reg: 0.039946
Iter 140 of 180 Loss: 0.288048, L1(Flow): 0.247028, Reg: 0.041020
Iter 150 of 180 Loss: 0.310520, L1(Flow): 0.269353, Reg: 0.041167
Iter 160 of 180 Loss: 0.298143, L1(Flow): 0.259864, Reg: 0.038279
Iter 170 of 180 Loss: 0.299993, L1(Flow): 0.260956, Reg: 0.039037
Iter 180 of 180 Loss: 0.288837, L1(Flow): 0.248987, Reg: 0.039850
Epoch 345 Loss: 0.293849
Epoch 345 Validation: Mean EPE: 1.0065, Mean SSIM: 0.8455, Mean ZNCC: 0.9713
--> Saved to Top 5 best models (EPE: 1.0065)
--> New absolute BEST model updated with EPE: 1.0065
Epoch 346 starts
Iter 10 of 180 Loss: 0.286518, L1(Flow): 0.246513, Reg: 0.040006
Iter 20 of 180 Loss: 0.281211, L1(Flow): 0.244025, Reg: 0.037187
Iter 30 of 180 Loss: 0.300711, L1(Flow): 0.257831, Reg: 0.042880
Iter 40 of 180 Loss: 0.283577, L1(Flow): 0.243847, Reg: 0.039731
Iter 50 of 180 Loss: 0.295042, L1(Flow): 0.257887, Reg: 0.037155
Iter 60 of 180 Loss: 0.296825, L1(Flow): 0.255743, Reg: 0.041082
Iter 70 of 180 Loss: 0.303345, L1(Flow): 0.263524, Reg: 0.039821
Iter 80 of 180 Loss: 0.288865, L1(Flow): 0.249756, Reg: 0.039108
Iter 90 of 180 Loss: 0.284209, L1(Flow): 0.246649, Reg: 0.037560
Iter 100 of 180 Loss: 0.291188, L1(Flow): 0.250519, Reg: 0.040669
Iter 110 of 180 Loss: 0.292931, L1(Flow): 0.255794, Reg: 0.037137
Iter 120 of 180 Loss: 0.274298, L1(Flow): 0.235916, Reg: 0.038383
Iter 130 of 180 Loss: 0.275980, L1(Flow): 0.236816, Reg: 0.039164
Iter 140 of 180 Loss: 0.281494, L1(Flow): 0.243591, Reg: 0.037903
Iter 150 of 180 Loss: 0.274914, L1(Flow): 0.237820, Reg: 0.037094
Iter 160 of 180 Loss: 0.285440, L1(Flow): 0.248373, Reg: 0.037067
Iter 170 of 180 Loss: 0.267527, L1(Flow): 0.231771, Reg: 0.035756
Iter 180 of 180 Loss: 0.290549, L1(Flow): 0.252290, Reg: 0.038258
Epoch 346 Loss: 0.286409
Epoch 346 Validation: Mean EPE: 1.0155, Mean SSIM: 0.8430, Mean ZNCC: 0.9709
Epoch 347 starts
Iter 10 of 180 Loss: 0.292440, L1(Flow): 0.251593, Reg: 0.040847
Iter 20 of 180 Loss: 0.301785, L1(Flow): 0.258614, Reg: 0.043171
Iter 30 of 180 Loss: 0.295493, L1(Flow): 0.255925, Reg: 0.039568
Iter 40 of 180 Loss: 0.278537, L1(Flow): 0.239830, Reg: 0.038707
Iter 50 of 180 Loss: 0.278159, L1(Flow): 0.239098, Reg: 0.039061
Iter 60 of 180 Loss: 0.286659, L1(Flow): 0.248276, Reg: 0.038384
Iter 70 of 180 Loss: 0.294273, L1(Flow): 0.254312, Reg: 0.039961
Iter 80 of 180 Loss: 0.268105, L1(Flow): 0.233395, Reg: 0.034710
Iter 90 of 180 Loss: 0.295370, L1(Flow): 0.251200, Reg: 0.044170
Iter 100 of 180 Loss: 0.281720, L1(Flow): 0.241261, Reg: 0.040459
Iter 110 of 180 Loss: 0.295709, L1(Flow): 0.256588, Reg: 0.039121
Iter 120 of 180 Loss: 0.307896, L1(Flow): 0.268932, Reg: 0.038964
Iter 130 of 180 Loss: 0.294126, L1(Flow): 0.257998, Reg: 0.036129
Iter 140 of 180 Loss: 0.300126, L1(Flow): 0.258707, Reg: 0.041418
Iter 150 of 180 Loss: 0.274843, L1(Flow): 0.236278, Reg: 0.038565
Iter 160 of 180 Loss: 0.281245, L1(Flow): 0.243068, Reg: 0.038178
Iter 170 of 180 Loss: 0.288777, L1(Flow): 0.251670, Reg: 0.037107
Iter 180 of 180 Loss: 0.306992, L1(Flow): 0.261373, Reg: 0.045619
Epoch 347 Loss: 0.287885
Epoch 347 Validation: Mean EPE: 1.0182, Mean SSIM: 0.8424, Mean ZNCC: 0.9708
Epoch 348 starts
Iter 10 of 180 Loss: 0.299507, L1(Flow): 0.258510, Reg: 0.040997
Iter 20 of 180 Loss: 0.310473, L1(Flow): 0.267721, Reg: 0.042753
Iter 30 of 180 Loss: 0.287703, L1(Flow): 0.246980, Reg: 0.040723
Iter 40 of 180 Loss: 0.312309, L1(Flow): 0.274070, Reg: 0.038239
Iter 50 of 180 Loss: 0.328004, L1(Flow): 0.286153, Reg: 0.041851
Iter 60 of 180 Loss: 0.291404, L1(Flow): 0.250957, Reg: 0.040447
Iter 70 of 180 Loss: 0.283552, L1(Flow): 0.245729, Reg: 0.037823
Iter 80 of 180 Loss: 0.279508, L1(Flow): 0.240743, Reg: 0.038765
Iter 90 of 180 Loss: 0.289225, L1(Flow): 0.250238, Reg: 0.038988
Iter 100 of 180 Loss: 0.271987, L1(Flow): 0.236401, Reg: 0.035586
Iter 110 of 180 Loss: 0.285174, L1(Flow): 0.246533, Reg: 0.038641
Iter 120 of 180 Loss: 0.288616, L1(Flow): 0.248564, Reg: 0.040052
Iter 130 of 180 Loss: 0.290651, L1(Flow): 0.251147, Reg: 0.039504
Iter 140 of 180 Loss: 0.276684, L1(Flow): 0.236288, Reg: 0.040397
Iter 150 of 180 Loss: 0.282919, L1(Flow): 0.241329, Reg: 0.041591
Iter 160 of 180 Loss: 0.282528, L1(Flow): 0.246747, Reg: 0.035781
Iter 170 of 180 Loss: 0.278069, L1(Flow): 0.243371, Reg: 0.034699
Iter 180 of 180 Loss: 0.323170, L1(Flow): 0.282196, Reg: 0.040973
Epoch 348 Loss: 0.288653
Epoch 348 Validation: Mean EPE: 1.0114, Mean SSIM: 0.8438, Mean ZNCC: 0.9713
Epoch 349 starts
Iter 10 of 180 Loss: 0.283693, L1(Flow): 0.242302, Reg: 0.041392
Iter 20 of 180 Loss: 0.283250, L1(Flow): 0.246009, Reg: 0.037241
Iter 30 of 180 Loss: 0.278761, L1(Flow): 0.240024, Reg: 0.038737
Iter 40 of 180 Loss: 0.261714, L1(Flow): 0.227529, Reg: 0.034185
Iter 50 of 180 Loss: 0.293828, L1(Flow): 0.256018, Reg: 0.037811
Iter 60 of 180 Loss: 0.297450, L1(Flow): 0.258823, Reg: 0.038628
Iter 70 of 180 Loss: 0.293760, L1(Flow): 0.249444, Reg: 0.044316
Iter 80 of 180 Loss: 0.291504, L1(Flow): 0.251103, Reg: 0.040402
Iter 90 of 180 Loss: 0.291743, L1(Flow): 0.254421, Reg: 0.037322
Iter 100 of 180 Loss: 0.313204, L1(Flow): 0.274762, Reg: 0.038442
Iter 110 of 180 Loss: 0.294601, L1(Flow): 0.257044, Reg: 0.037557
Iter 120 of 180 Loss: 0.296039, L1(Flow): 0.255992, Reg: 0.040047
Iter 130 of 180 Loss: 0.288646, L1(Flow): 0.255115, Reg: 0.033532
Iter 140 of 180 Loss: 0.288616, L1(Flow): 0.249392, Reg: 0.039224
Iter 150 of 180 Loss: 0.271530, L1(Flow): 0.237139, Reg: 0.034391
Iter 160 of 180 Loss: 0.290183, L1(Flow): 0.246685, Reg: 0.043498
Iter 170 of 180 Loss: 0.260775, L1(Flow): 0.224100, Reg: 0.036676
Iter 180 of 180 Loss: 0.284432, L1(Flow): 0.249214, Reg: 0.035219
Epoch 349 Loss: 0.292843
Epoch 349 Validation: Mean EPE: 1.0086, Mean SSIM: 0.8452, Mean ZNCC: 0.9714
--> Saved to Top 5 best models (EPE: 1.0086)
Epoch 350 starts
Iter 10 of 180 Loss: 0.288180, L1(Flow): 0.251727, Reg: 0.036452
Iter 20 of 180 Loss: 0.290765, L1(Flow): 0.251979, Reg: 0.038786
Iter 30 of 180 Loss: 0.289017, L1(Flow): 0.250872, Reg: 0.038146
Iter 40 of 180 Loss: 0.298724, L1(Flow): 0.256917, Reg: 0.041808
Iter 50 of 180 Loss: 0.290897, L1(Flow): 0.251154, Reg: 0.039743
Iter 60 of 180 Loss: 0.276387, L1(Flow): 0.238120, Reg: 0.038267
Iter 70 of 180 Loss: 0.277048, L1(Flow): 0.239267, Reg: 0.037780
Iter 80 of 180 Loss: 0.296107, L1(Flow): 0.256756, Reg: 0.039350
Iter 90 of 180 Loss: 0.272150, L1(Flow): 0.235963, Reg: 0.036187
Iter 100 of 180 Loss: 0.280596, L1(Flow): 0.244442, Reg: 0.036154
Iter 110 of 180 Loss: 0.292313, L1(Flow): 0.250502, Reg: 0.041812
Iter 120 of 180 Loss: 0.299742, L1(Flow): 0.259763, Reg: 0.039979
Iter 130 of 180 Loss: 0.291480, L1(Flow): 0.251593, Reg: 0.039887
Iter 140 of 180 Loss: 0.293844, L1(Flow): 0.253664, Reg: 0.040180
Iter 150 of 180 Loss: 0.268582, L1(Flow): 0.233792, Reg: 0.034790
Iter 160 of 180 Loss: 0.280395, L1(Flow): 0.243397, Reg: 0.036998
Iter 170 of 180 Loss: 0.291771, L1(Flow): 0.254311, Reg: 0.037459
Iter 180 of 180 Loss: 0.266339, L1(Flow): 0.228499, Reg: 0.037840
Epoch 350 Loss: 0.286864
Epoch 350 Validation: Mean EPE: 1.0109, Mean SSIM: 0.8446, Mean ZNCC: 0.9713
Epoch 351 starts
Iter 10 of 180 Loss: 0.272152, L1(Flow): 0.234162, Reg: 0.037990
Iter 20 of 180 Loss: 0.290644, L1(Flow): 0.249783, Reg: 0.040861
Iter 30 of 180 Loss: 0.303211, L1(Flow): 0.262572, Reg: 0.040638
Iter 40 of 180 Loss: 0.296454, L1(Flow): 0.255554, Reg: 0.040900
Iter 50 of 180 Loss: 0.278514, L1(Flow): 0.239938, Reg: 0.038576
Iter 60 of 180 Loss: 0.265233, L1(Flow): 0.228635, Reg: 0.036598
Iter 70 of 180 Loss: 0.266931, L1(Flow): 0.230510, Reg: 0.036421
Iter 80 of 180 Loss: 0.276805, L1(Flow): 0.236547, Reg: 0.040258
Iter 90 of 180 Loss: 0.282417, L1(Flow): 0.242083, Reg: 0.040334
Iter 100 of 180 Loss: 0.277556, L1(Flow): 0.237493, Reg: 0.040063
Iter 110 of 180 Loss: 0.274821, L1(Flow): 0.236338, Reg: 0.038483
Iter 120 of 180 Loss: 0.289215, L1(Flow): 0.249682, Reg: 0.039533
Iter 130 of 180 Loss: 0.301913, L1(Flow): 0.256460, Reg: 0.045453
Iter 140 of 180 Loss: 0.279867, L1(Flow): 0.242007, Reg: 0.037860
Iter 150 of 180 Loss: 0.280456, L1(Flow): 0.240341, Reg: 0.040115
Iter 160 of 180 Loss: 0.279204, L1(Flow): 0.239062, Reg: 0.040142
Iter 170 of 180 Loss: 0.253979, L1(Flow): 0.219282, Reg: 0.034697
Iter 180 of 180 Loss: 0.278299, L1(Flow): 0.238192, Reg: 0.040107
Epoch 351 Loss: 0.285395
Epoch 351 Validation: Mean EPE: 1.0083, Mean SSIM: 0.8443, Mean ZNCC: 0.9713
--> Saved to Top 5 best models (EPE: 1.0083)
Epoch 352 starts
Iter 10 of 180 Loss: 0.282412, L1(Flow): 0.244182, Reg: 0.038229
Iter 20 of 180 Loss: 0.274323, L1(Flow): 0.234736, Reg: 0.039586
Iter 30 of 180 Loss: 0.254389, L1(Flow): 0.217552, Reg: 0.036837
Iter 40 of 180 Loss: 0.288649, L1(Flow): 0.247874, Reg: 0.040775
Iter 50 of 180 Loss: 0.272286, L1(Flow): 0.234952, Reg: 0.037334
Iter 60 of 180 Loss: 0.268347, L1(Flow): 0.233185, Reg: 0.035162
Iter 70 of 180 Loss: 0.290571, L1(Flow): 0.249761, Reg: 0.040809
Iter 80 of 180 Loss: 0.287596, L1(Flow): 0.248593, Reg: 0.039003
Iter 90 of 180 Loss: 0.279807, L1(Flow): 0.240264, Reg: 0.039543
Iter 100 of 180 Loss: 0.297998, L1(Flow): 0.257684, Reg: 0.040314
Iter 110 of 180 Loss: 0.283079, L1(Flow): 0.244983, Reg: 0.038096
Iter 120 of 180 Loss: 0.308720, L1(Flow): 0.268330, Reg: 0.040390
Iter 130 of 180 Loss: 0.273482, L1(Flow): 0.237452, Reg: 0.036030
Iter 140 of 180 Loss: 0.274981, L1(Flow): 0.239260, Reg: 0.035721
Iter 150 of 180 Loss: 0.297082, L1(Flow): 0.253617, Reg: 0.043465
Iter 160 of 180 Loss: 0.297751, L1(Flow): 0.257563, Reg: 0.040188
Iter 170 of 180 Loss: 0.300609, L1(Flow): 0.260575, Reg: 0.040034
Iter 180 of 180 Loss: 0.307868, L1(Flow): 0.267494, Reg: 0.040374
Epoch 352 Loss: 0.286769
Epoch 352 Validation: Mean EPE: 1.0189, Mean SSIM: 0.8432, Mean ZNCC: 0.9710
Epoch 353 starts
Iter 10 of 180 Loss: 0.284353, L1(Flow): 0.244379, Reg: 0.039974
Iter 20 of 180 Loss: 0.309293, L1(Flow): 0.266239, Reg: 0.043054
Iter 30 of 180 Loss: 0.275248, L1(Flow): 0.238754, Reg: 0.036494
Iter 40 of 180 Loss: 0.255787, L1(Flow): 0.220596, Reg: 0.035191
Iter 50 of 180 Loss: 0.298397, L1(Flow): 0.255146, Reg: 0.043251
Iter 60 of 180 Loss: 0.281902, L1(Flow): 0.241941, Reg: 0.039961
Iter 70 of 180 Loss: 0.283601, L1(Flow): 0.244358, Reg: 0.039244
Iter 80 of 180 Loss: 0.286218, L1(Flow): 0.247174, Reg: 0.039043
Iter 90 of 180 Loss: 0.282540, L1(Flow): 0.245821, Reg: 0.036719
Iter 100 of 180 Loss: 0.309103, L1(Flow): 0.270375, Reg: 0.038728
Iter 110 of 180 Loss: 0.297349, L1(Flow): 0.258397, Reg: 0.038952
Iter 120 of 180 Loss: 0.296863, L1(Flow): 0.258079, Reg: 0.038784
Iter 130 of 180 Loss: 0.290787, L1(Flow): 0.250957, Reg: 0.039830
Iter 140 of 180 Loss: 0.263467, L1(Flow): 0.224356, Reg: 0.039111
Iter 150 of 180 Loss: 0.286441, L1(Flow): 0.247765, Reg: 0.038676
Iter 160 of 180 Loss: 0.292084, L1(Flow): 0.250551, Reg: 0.041533
Iter 170 of 180 Loss: 0.286392, L1(Flow): 0.248221, Reg: 0.038171
Iter 180 of 180 Loss: 0.291484, L1(Flow): 0.249081, Reg: 0.042404
Epoch 353 Loss: 0.284157
Epoch 353 Validation: Mean EPE: 1.0063, Mean SSIM: 0.8447, Mean ZNCC: 0.9713
--> Saved to Top 5 best models (EPE: 1.0063)
--> New absolute BEST model updated with EPE: 1.0063
Epoch 354 starts
Iter 10 of 180 Loss: 0.286777, L1(Flow): 0.248869, Reg: 0.037908
Iter 20 of 180 Loss: 0.296700, L1(Flow): 0.260087, Reg: 0.036613
Iter 30 of 180 Loss: 0.290592, L1(Flow): 0.250251, Reg: 0.040341
Iter 40 of 180 Loss: 0.269510, L1(Flow): 0.235691, Reg: 0.033819
Iter 50 of 180 Loss: 0.296324, L1(Flow): 0.254531, Reg: 0.041793
Iter 60 of 180 Loss: 0.288845, L1(Flow): 0.250860, Reg: 0.037985
Iter 70 of 180 Loss: 0.287621, L1(Flow): 0.246672, Reg: 0.040949
Iter 80 of 180 Loss: 0.299608, L1(Flow): 0.259877, Reg: 0.039730
Iter 90 of 180 Loss: 0.268035, L1(Flow): 0.228693, Reg: 0.039342
Iter 100 of 180 Loss: 0.277133, L1(Flow): 0.234658, Reg: 0.042475
Iter 110 of 180 Loss: 0.282257, L1(Flow): 0.243886, Reg: 0.038371
Iter 120 of 180 Loss: 0.282073, L1(Flow): 0.240950, Reg: 0.041123
Iter 130 of 180 Loss: 0.281785, L1(Flow): 0.241224, Reg: 0.040561
Iter 140 of 180 Loss: 0.286987, L1(Flow): 0.250228, Reg: 0.036759
Iter 150 of 180 Loss: 0.302881, L1(Flow): 0.260579, Reg: 0.042302
Iter 160 of 180 Loss: 0.286879, L1(Flow): 0.247429, Reg: 0.039450
Iter 170 of 180 Loss: 0.280745, L1(Flow): 0.243571, Reg: 0.037173
Iter 180 of 180 Loss: 0.267875, L1(Flow): 0.230321, Reg: 0.037553
Epoch 354 Loss: 0.284591
Epoch 354 Validation: Mean EPE: 1.0082, Mean SSIM: 0.8442, Mean ZNCC: 0.9710
--> Saved to Top 5 best models (EPE: 1.0082)
Epoch 355 starts
Iter 10 of 180 Loss: 0.306162, L1(Flow): 0.266147, Reg: 0.040016
Iter 20 of 180 Loss: 0.269002, L1(Flow): 0.232369, Reg: 0.036633
Iter 30 of 180 Loss: 0.293629, L1(Flow): 0.250762, Reg: 0.042867
Iter 40 of 180 Loss: 0.288600, L1(Flow): 0.248923, Reg: 0.039676
Iter 50 of 180 Loss: 0.277276, L1(Flow): 0.242020, Reg: 0.035256
Iter 60 of 180 Loss: 0.277038, L1(Flow): 0.238570, Reg: 0.038468
Iter 70 of 180 Loss: 0.271150, L1(Flow): 0.234804, Reg: 0.036347
Iter 80 of 180 Loss: 0.282346, L1(Flow): 0.243481, Reg: 0.038866
Iter 90 of 180 Loss: 0.277521, L1(Flow): 0.239111, Reg: 0.038410
Iter 100 of 180 Loss: 0.263980, L1(Flow): 0.226727, Reg: 0.037252
Iter 110 of 180 Loss: 0.279056, L1(Flow): 0.240753, Reg: 0.038303
Iter 120 of 180 Loss: 0.285856, L1(Flow): 0.248130, Reg: 0.037725
Iter 130 of 180 Loss: 0.269637, L1(Flow): 0.232606, Reg: 0.037031
Iter 140 of 180 Loss: 0.289380, L1(Flow): 0.246885, Reg: 0.042495
Iter 150 of 180 Loss: 0.261184, L1(Flow): 0.225829, Reg: 0.035355
Iter 160 of 180 Loss: 0.279802, L1(Flow): 0.239567, Reg: 0.040235
Iter 170 of 180 Loss: 0.279214, L1(Flow): 0.240915, Reg: 0.038300
Iter 180 of 180 Loss: 0.284619, L1(Flow): 0.251213, Reg: 0.033406
Epoch 355 Loss: 0.282095
Epoch 355 Validation: Mean EPE: 1.0071, Mean SSIM: 0.8444, Mean ZNCC: 0.9711
--> Saved to Top 5 best models (EPE: 1.0071)
Epoch 356 starts
Iter 10 of 180 Loss: 0.288583, L1(Flow): 0.248449, Reg: 0.040134
Iter 20 of 180 Loss: 0.290822, L1(Flow): 0.250431, Reg: 0.040391
Iter 30 of 180 Loss: 0.284654, L1(Flow): 0.247525, Reg: 0.037129
Iter 40 of 180 Loss: 0.280526, L1(Flow): 0.240207, Reg: 0.040320
Iter 50 of 180 Loss: 0.290331, L1(Flow): 0.249539, Reg: 0.040792
Iter 60 of 180 Loss: 0.296506, L1(Flow): 0.258869, Reg: 0.037637
Iter 70 of 180 Loss: 0.272296, L1(Flow): 0.232086, Reg: 0.040210
Iter 80 of 180 Loss: 0.278557, L1(Flow): 0.240944, Reg: 0.037613
Iter 90 of 180 Loss: 0.298943, L1(Flow): 0.260232, Reg: 0.038711
Iter 100 of 180 Loss: 0.268578, L1(Flow): 0.230936, Reg: 0.037642
Iter 110 of 180 Loss: 0.306993, L1(Flow): 0.266983, Reg: 0.040010
Iter 120 of 180 Loss: 0.307080, L1(Flow): 0.268105, Reg: 0.038975
Iter 130 of 180 Loss: 0.283818, L1(Flow): 0.246709, Reg: 0.037109
Iter 140 of 180 Loss: 0.292467, L1(Flow): 0.256759, Reg: 0.035708
Iter 150 of 180 Loss: 0.311041, L1(Flow): 0.272451, Reg: 0.038589
Iter 160 of 180 Loss: 0.276207, L1(Flow): 0.238271, Reg: 0.037936
Iter 170 of 180 Loss: 0.286178, L1(Flow): 0.250720, Reg: 0.035458
Iter 180 of 180 Loss: 0.272105, L1(Flow): 0.234333, Reg: 0.037772
Epoch 356 Loss: 0.286906
Epoch 356 Validation: Mean EPE: 1.0153, Mean SSIM: 0.8439, Mean ZNCC: 0.9709
Epoch 357 starts
Iter 10 of 180 Loss: 0.277470, L1(Flow): 0.241113, Reg: 0.036356
Iter 20 of 180 Loss: 0.284703, L1(Flow): 0.246092, Reg: 0.038611
Iter 30 of 180 Loss: 0.281360, L1(Flow): 0.242200, Reg: 0.039160
Iter 40 of 180 Loss: 0.282553, L1(Flow): 0.242784, Reg: 0.039769
Iter 50 of 180 Loss: 0.274287, L1(Flow): 0.234491, Reg: 0.039796
Iter 60 of 180 Loss: 0.280543, L1(Flow): 0.238336, Reg: 0.042207
Iter 70 of 180 Loss: 0.284012, L1(Flow): 0.245730, Reg: 0.038282
Iter 80 of 180 Loss: 0.296795, L1(Flow): 0.255174, Reg: 0.041621
Iter 90 of 180 Loss: 0.296231, L1(Flow): 0.256934, Reg: 0.039297
Iter 100 of 180 Loss: 0.279609, L1(Flow): 0.242181, Reg: 0.037427
Iter 110 of 180 Loss: 0.272725, L1(Flow): 0.237885, Reg: 0.034841
Iter 120 of 180 Loss: 0.283041, L1(Flow): 0.246839, Reg: 0.036202
Iter 130 of 180 Loss: 0.285150, L1(Flow): 0.248850, Reg: 0.036300
Iter 140 of 180 Loss: 0.290046, L1(Flow): 0.249577, Reg: 0.040469
Iter 150 of 180 Loss: 0.275696, L1(Flow): 0.235885, Reg: 0.039811
Iter 160 of 180 Loss: 0.276730, L1(Flow): 0.237199, Reg: 0.039532
Iter 170 of 180 Loss: 0.283799, L1(Flow): 0.242031, Reg: 0.041768
Iter 180 of 180 Loss: 0.283268, L1(Flow): 0.244110, Reg: 0.039159
Epoch 357 Loss: 0.283564
Epoch 357 Validation: Mean EPE: 1.0090, Mean SSIM: 0.8453, Mean ZNCC: 0.9715
Epoch 358 starts
Iter 10 of 180 Loss: 0.295957, L1(Flow): 0.257370, Reg: 0.038587
Iter 20 of 180 Loss: 0.297795, L1(Flow): 0.257875, Reg: 0.039919
Iter 30 of 180 Loss: 0.284928, L1(Flow): 0.245832, Reg: 0.039096
Iter 40 of 180 Loss: 0.296884, L1(Flow): 0.254357, Reg: 0.042527
Iter 50 of 180 Loss: 0.300845, L1(Flow): 0.258437, Reg: 0.042408
Iter 60 of 180 Loss: 0.265252, L1(Flow): 0.228469, Reg: 0.036783
Iter 70 of 180 Loss: 0.278116, L1(Flow): 0.235580, Reg: 0.042536
Iter 80 of 180 Loss: 0.268444, L1(Flow): 0.229297, Reg: 0.039147
Iter 90 of 180 Loss: 0.293020, L1(Flow): 0.254618, Reg: 0.038402
Iter 100 of 180 Loss: 0.303774, L1(Flow): 0.263690, Reg: 0.040085
Iter 110 of 180 Loss: 0.282963, L1(Flow): 0.248234, Reg: 0.034729
Iter 120 of 180 Loss: 0.295248, L1(Flow): 0.257523, Reg: 0.037725
Iter 130 of 180 Loss: 0.306827, L1(Flow): 0.268150, Reg: 0.038677
Iter 140 of 180 Loss: 0.308323, L1(Flow): 0.267323, Reg: 0.041000
Iter 150 of 180 Loss: 0.281221, L1(Flow): 0.242118, Reg: 0.039103
Iter 160 of 180 Loss: 0.294022, L1(Flow): 0.255584, Reg: 0.038438
Iter 170 of 180 Loss: 0.272194, L1(Flow): 0.235488, Reg: 0.036706
Iter 180 of 180 Loss: 0.289896, L1(Flow): 0.251482, Reg: 0.038414
Epoch 358 Loss: 0.284551
Epoch 358 Validation: Mean EPE: 1.0075, Mean SSIM: 0.8452, Mean ZNCC: 0.9714
--> Saved to Top 5 best models (EPE: 1.0075)
Epoch 359 starts
Iter 10 of 180 Loss: 0.284457, L1(Flow): 0.246139, Reg: 0.038318
Iter 20 of 180 Loss: 0.274942, L1(Flow): 0.235161, Reg: 0.039781
Iter 30 of 180 Loss: 0.279662, L1(Flow): 0.240799, Reg: 0.038863
Iter 40 of 180 Loss: 0.294465, L1(Flow): 0.251813, Reg: 0.042652
Iter 50 of 180 Loss: 0.271131, L1(Flow): 0.235003, Reg: 0.036128
Iter 60 of 180 Loss: 0.290436, L1(Flow): 0.252544, Reg: 0.037892
Iter 70 of 180 Loss: 0.302494, L1(Flow): 0.259374, Reg: 0.043120
Iter 80 of 180 Loss: 0.299241, L1(Flow): 0.258203, Reg: 0.041038
Iter 90 of 180 Loss: 0.330090, L1(Flow): 0.288171, Reg: 0.041918
Iter 100 of 180 Loss: 0.288293, L1(Flow): 0.250761, Reg: 0.037531
Iter 110 of 180 Loss: 0.276584, L1(Flow): 0.239169, Reg: 0.037415
Iter 120 of 180 Loss: 0.275809, L1(Flow): 0.238925, Reg: 0.036883
Iter 130 of 180 Loss: 0.289316, L1(Flow): 0.249442, Reg: 0.039874
Iter 140 of 180 Loss: 0.276403, L1(Flow): 0.239589, Reg: 0.036814
Iter 150 of 180 Loss: 0.289120, L1(Flow): 0.251010, Reg: 0.038110
Iter 160 of 180 Loss: 0.279075, L1(Flow): 0.241634, Reg: 0.037442
Iter 170 of 180 Loss: 0.292078, L1(Flow): 0.251200, Reg: 0.040878
Iter 180 of 180 Loss: 0.288101, L1(Flow): 0.249067, Reg: 0.039034
Epoch 359 Loss: 0.282302
Epoch 359 Validation: Mean EPE: 1.0053, Mean SSIM: 0.8459, Mean ZNCC: 0.9715
--> Saved to Top 5 best models (EPE: 1.0053)
--> New absolute BEST model updated with EPE: 1.0053
Epoch 360 starts
Iter 10 of 180 Loss: 0.245303, L1(Flow): 0.210678, Reg: 0.034625
Iter 20 of 180 Loss: 0.294746, L1(Flow): 0.253769, Reg: 0.040977
Iter 30 of 180 Loss: 0.285029, L1(Flow): 0.244845, Reg: 0.040184
Iter 40 of 180 Loss: 0.264227, L1(Flow): 0.227194, Reg: 0.037033
Iter 50 of 180 Loss: 0.294732, L1(Flow): 0.253456, Reg: 0.041276
Iter 60 of 180 Loss: 0.283821, L1(Flow): 0.245258, Reg: 0.038563
Iter 70 of 180 Loss: 0.277368, L1(Flow): 0.241218, Reg: 0.036150
Iter 80 of 180 Loss: 0.286048, L1(Flow): 0.246450, Reg: 0.039597
Iter 90 of 180 Loss: 0.287802, L1(Flow): 0.248639, Reg: 0.039163
Iter 100 of 180 Loss: 0.313002, L1(Flow): 0.273656, Reg: 0.039346
Iter 110 of 180 Loss: 0.265507, L1(Flow): 0.230673, Reg: 0.034834
Iter 120 of 180 Loss: 0.292767, L1(Flow): 0.251354, Reg: 0.041414
Iter 130 of 180 Loss: 0.302554, L1(Flow): 0.260414, Reg: 0.042140
Iter 140 of 180 Loss: 0.293600, L1(Flow): 0.254274, Reg: 0.039326
Iter 150 of 180 Loss: 0.267017, L1(Flow): 0.231598, Reg: 0.035419
Iter 160 of 180 Loss: 0.269453, L1(Flow): 0.230606, Reg: 0.038847
Iter 170 of 180 Loss: 0.272336, L1(Flow): 0.236606, Reg: 0.035730
Iter 180 of 180 Loss: 0.243387, L1(Flow): 0.211354, Reg: 0.032033
Epoch 360 Loss: 0.283040
Epoch 360 Validation: Mean EPE: 1.0039, Mean SSIM: 0.8447, Mean ZNCC: 0.9713
--> Saved to Top 5 best models (EPE: 1.0039)
--> New absolute BEST model updated with EPE: 1.0039
Epoch 361 starts
Iter 10 of 180 Loss: 0.291294, L1(Flow): 0.249158, Reg: 0.042136
Iter 20 of 180 Loss: 0.281974, L1(Flow): 0.241106, Reg: 0.040867
Iter 30 of 180 Loss: 0.294045, L1(Flow): 0.251428, Reg: 0.042617
Iter 40 of 180 Loss: 0.266992, L1(Flow): 0.230391, Reg: 0.036601
Iter 50 of 180 Loss: 0.294106, L1(Flow): 0.254934, Reg: 0.039172
Iter 60 of 180 Loss: 0.284102, L1(Flow): 0.243030, Reg: 0.041072
Iter 70 of 180 Loss: 0.271832, L1(Flow): 0.235296, Reg: 0.036536
Iter 80 of 180 Loss: 0.261839, L1(Flow): 0.224425, Reg: 0.037415
Iter 90 of 180 Loss: 0.272677, L1(Flow): 0.232007, Reg: 0.040670
Iter 100 of 180 Loss: 0.281788, L1(Flow): 0.244068, Reg: 0.037720
Iter 110 of 180 Loss: 0.276827, L1(Flow): 0.239552, Reg: 0.037275
Iter 120 of 180 Loss: 0.278276, L1(Flow): 0.241005, Reg: 0.037272
Iter 130 of 180 Loss: 0.275912, L1(Flow): 0.236033, Reg: 0.039879
Iter 140 of 180 Loss: 0.281005, L1(Flow): 0.241341, Reg: 0.039664
Iter 150 of 180 Loss: 0.285263, L1(Flow): 0.245801, Reg: 0.039462
Iter 160 of 180 Loss: 0.282441, L1(Flow): 0.242817, Reg: 0.039624
Iter 170 of 180 Loss: 0.285411, L1(Flow): 0.245424, Reg: 0.039987
Iter 180 of 180 Loss: 0.277531, L1(Flow): 0.237013, Reg: 0.040518
Epoch 361 Loss: 0.281657
Epoch 361 Validation: Mean EPE: 1.0045, Mean SSIM: 0.8452, Mean ZNCC: 0.9715
--> Saved to Top 5 best models (EPE: 1.0045)
Epoch 362 starts
Iter 10 of 180 Loss: 0.278966, L1(Flow): 0.240377, Reg: 0.038589
Iter 20 of 180 Loss: 0.304251, L1(Flow): 0.265377, Reg: 0.038873
Iter 30 of 180 Loss: 0.278719, L1(Flow): 0.240592, Reg: 0.038127
Iter 40 of 180 Loss: 0.312794, L1(Flow): 0.270531, Reg: 0.042263
Iter 50 of 180 Loss: 0.275230, L1(Flow): 0.237604, Reg: 0.037627
Iter 60 of 180 Loss: 0.301426, L1(Flow): 0.263367, Reg: 0.038059
Iter 70 of 180 Loss: 0.289460, L1(Flow): 0.249091, Reg: 0.040369
Iter 80 of 180 Loss: 0.290152, L1(Flow): 0.251618, Reg: 0.038533
Iter 90 of 180 Loss: 0.289696, L1(Flow): 0.253565, Reg: 0.036131
Iter 100 of 180 Loss: 0.305256, L1(Flow): 0.262311, Reg: 0.042945
Iter 110 of 180 Loss: 0.273539, L1(Flow): 0.236072, Reg: 0.037468
Iter 120 of 180 Loss: 0.286423, L1(Flow): 0.246989, Reg: 0.039435
Iter 130 of 180 Loss: 0.311320, L1(Flow): 0.267118, Reg: 0.044202
Iter 140 of 180 Loss: 0.283006, L1(Flow): 0.245658, Reg: 0.037348
Iter 150 of 180 Loss: 0.283866, L1(Flow): 0.246857, Reg: 0.037010
Iter 160 of 180 Loss: 0.284361, L1(Flow): 0.248729, Reg: 0.035632
Iter 170 of 180 Loss: 0.278270, L1(Flow): 0.241840, Reg: 0.036430
Iter 180 of 180 Loss: 0.244437, L1(Flow): 0.213039, Reg: 0.031399
Epoch 362 Loss: 0.282718
Epoch 362 Validation: Mean EPE: 1.0087, Mean SSIM: 0.8447, Mean ZNCC: 0.9714
Epoch 363 starts
Iter 10 of 180 Loss: 0.288963, L1(Flow): 0.249621, Reg: 0.039342
Iter 20 of 180 Loss: 0.291636, L1(Flow): 0.247719, Reg: 0.043917
Iter 30 of 180 Loss: 0.312482, L1(Flow): 0.273435, Reg: 0.039047
Iter 40 of 180 Loss: 0.301612, L1(Flow): 0.259188, Reg: 0.042424
Iter 50 of 180 Loss: 0.267090, L1(Flow): 0.229999, Reg: 0.037092
Iter 60 of 180 Loss: 0.293352, L1(Flow): 0.250633, Reg: 0.042719
Iter 70 of 180 Loss: 0.276503, L1(Flow): 0.238192, Reg: 0.038311
Iter 80 of 180 Loss: 0.268653, L1(Flow): 0.234249, Reg: 0.034404
Iter 90 of 180 Loss: 0.261476, L1(Flow): 0.225163, Reg: 0.036313
Iter 100 of 180 Loss: 0.278083, L1(Flow): 0.242628, Reg: 0.035455
Iter 110 of 180 Loss: 0.281568, L1(Flow): 0.246086, Reg: 0.035482
Iter 120 of 180 Loss: 0.277628, L1(Flow): 0.239416, Reg: 0.038212
Iter 130 of 180 Loss: 0.272471, L1(Flow): 0.235491, Reg: 0.036980
Iter 140 of 180 Loss: 0.286719, L1(Flow): 0.246091, Reg: 0.040628
Iter 150 of 180 Loss: 0.276353, L1(Flow): 0.237385, Reg: 0.038968
Iter 160 of 180 Loss: 0.302984, L1(Flow): 0.257977, Reg: 0.045007
Iter 170 of 180 Loss: 0.299238, L1(Flow): 0.255728, Reg: 0.043510
Iter 180 of 180 Loss: 0.296731, L1(Flow): 0.256522, Reg: 0.040209
Epoch 363 Loss: 0.283564
Epoch 363 Validation: Mean EPE: 1.0091, Mean SSIM: 0.8439, Mean ZNCC: 0.9711
Epoch 364 starts
Iter 10 of 180 Loss: 0.262989, L1(Flow): 0.227153, Reg: 0.035836
Iter 20 of 180 Loss: 0.289870, L1(Flow): 0.248739, Reg: 0.041131
Iter 30 of 180 Loss: 0.277438, L1(Flow): 0.242546, Reg: 0.034892
Iter 40 of 180 Loss: 0.263769, L1(Flow): 0.226101, Reg: 0.037668
Iter 50 of 180 Loss: 0.285430, L1(Flow): 0.244056, Reg: 0.041374
Iter 60 of 180 Loss: 0.282287, L1(Flow): 0.243854, Reg: 0.038433
Iter 70 of 180 Loss: 0.291379, L1(Flow): 0.254325, Reg: 0.037054
Iter 80 of 180 Loss: 0.268183, L1(Flow): 0.233693, Reg: 0.034489
Iter 90 of 180 Loss: 0.269083, L1(Flow): 0.229169, Reg: 0.039914
Iter 100 of 180 Loss: 0.290480, L1(Flow): 0.248599, Reg: 0.041881
Iter 110 of 180 Loss: 0.266305, L1(Flow): 0.229053, Reg: 0.037252
Iter 120 of 180 Loss: 0.252005, L1(Flow): 0.216278, Reg: 0.035728
Iter 130 of 180 Loss: 0.261705, L1(Flow): 0.223848, Reg: 0.037857
Iter 140 of 180 Loss: 0.278207, L1(Flow): 0.238805, Reg: 0.039402
Iter 150 of 180 Loss: 0.291711, L1(Flow): 0.254112, Reg: 0.037599
Iter 160 of 180 Loss: 0.287066, L1(Flow): 0.247817, Reg: 0.039248
Iter 170 of 180 Loss: 0.289177, L1(Flow): 0.250211, Reg: 0.038966
Iter 180 of 180 Loss: 0.293140, L1(Flow): 0.251484, Reg: 0.041655
Epoch 364 Loss: 0.279448
Epoch 364 Validation: Mean EPE: 1.0083, Mean SSIM: 0.8444, Mean ZNCC: 0.9709
Epoch 365 starts
Iter 10 of 180 Loss: 0.263400, L1(Flow): 0.226135, Reg: 0.037265
Iter 20 of 180 Loss: 0.270139, L1(Flow): 0.234815, Reg: 0.035325
Iter 30 of 180 Loss: 0.276130, L1(Flow): 0.240716, Reg: 0.035414
Iter 40 of 180 Loss: 0.306757, L1(Flow): 0.265776, Reg: 0.040981
Iter 50 of 180 Loss: 0.283061, L1(Flow): 0.242329, Reg: 0.040732
Iter 60 of 180 Loss: 0.293709, L1(Flow): 0.256443, Reg: 0.037266
Iter 70 of 180 Loss: 0.268224, L1(Flow): 0.233211, Reg: 0.035013
Iter 80 of 180 Loss: 0.278222, L1(Flow): 0.237209, Reg: 0.041013
Iter 90 of 180 Loss: 0.258212, L1(Flow): 0.220593, Reg: 0.037619
Iter 100 of 180 Loss: 0.294167, L1(Flow): 0.252582, Reg: 0.041585
Iter 110 of 180 Loss: 0.272800, L1(Flow): 0.234984, Reg: 0.037816
Iter 120 of 180 Loss: 0.284604, L1(Flow): 0.245325, Reg: 0.039279
Iter 130 of 180 Loss: 0.284381, L1(Flow): 0.244944, Reg: 0.039437
Iter 140 of 180 Loss: 0.267439, L1(Flow): 0.232250, Reg: 0.035189
Iter 150 of 180 Loss: 0.295766, L1(Flow): 0.253059, Reg: 0.042707
Iter 160 of 180 Loss: 0.290100, L1(Flow): 0.249347, Reg: 0.040753
Iter 170 of 180 Loss: 0.280898, L1(Flow): 0.243600, Reg: 0.037298
Iter 180 of 180 Loss: 0.272730, L1(Flow): 0.236775, Reg: 0.035955
Epoch 365 Loss: 0.284441
Epoch 365 Validation: Mean EPE: 1.0069, Mean SSIM: 0.8455, Mean ZNCC: 0.9714
Epoch 366 starts
Iter 10 of 180 Loss: 0.280494, L1(Flow): 0.243710, Reg: 0.036784
Iter 20 of 180 Loss: 0.274133, L1(Flow): 0.236554, Reg: 0.037579
Iter 30 of 180 Loss: 0.298407, L1(Flow): 0.256551, Reg: 0.041857
Iter 40 of 180 Loss: 0.280264, L1(Flow): 0.244035, Reg: 0.036229
Iter 50 of 180 Loss: 0.285137, L1(Flow): 0.244608, Reg: 0.040529
Iter 60 of 180 Loss: 0.289661, L1(Flow): 0.250567, Reg: 0.039094
Iter 70 of 180 Loss: 0.271437, L1(Flow): 0.234665, Reg: 0.036771
Iter 80 of 180 Loss: 0.277825, L1(Flow): 0.242874, Reg: 0.034950
Iter 90 of 180 Loss: 0.277364, L1(Flow): 0.240194, Reg: 0.037170
Iter 100 of 180 Loss: 0.266519, L1(Flow): 0.230103, Reg: 0.036416
Iter 110 of 180 Loss: 0.284982, L1(Flow): 0.246200, Reg: 0.038782
Iter 120 of 180 Loss: 0.271674, L1(Flow): 0.235942, Reg: 0.035732
Iter 130 of 180 Loss: 0.261993, L1(Flow): 0.227619, Reg: 0.034375
Iter 140 of 180 Loss: 0.272874, L1(Flow): 0.235742, Reg: 0.037133
Iter 150 of 180 Loss: 0.297925, L1(Flow): 0.259906, Reg: 0.038020
Iter 160 of 180 Loss: 0.301430, L1(Flow): 0.263449, Reg: 0.037981
Iter 170 of 180 Loss: 0.297991, L1(Flow): 0.259051, Reg: 0.038939
Iter 180 of 180 Loss: 0.294647, L1(Flow): 0.255584, Reg: 0.039063
Epoch 366 Loss: 0.284385
Epoch 366 Validation: Mean EPE: 1.0158, Mean SSIM: 0.8439, Mean ZNCC: 0.9712
Epoch 367 starts
Iter 10 of 180 Loss: 0.290971, L1(Flow): 0.248140, Reg: 0.042831
Iter 20 of 180 Loss: 0.281511, L1(Flow): 0.241515, Reg: 0.039996
Iter 30 of 180 Loss: 0.285336, L1(Flow): 0.248475, Reg: 0.036862
Iter 40 of 180 Loss: 0.273190, L1(Flow): 0.238523, Reg: 0.034667
Iter 50 of 180 Loss: 0.290673, L1(Flow): 0.249401, Reg: 0.041272
Iter 60 of 180 Loss: 0.286838, L1(Flow): 0.250499, Reg: 0.036339
Iter 70 of 180 Loss: 0.285624, L1(Flow): 0.244930, Reg: 0.040694
Iter 80 of 180 Loss: 0.269859, L1(Flow): 0.234358, Reg: 0.035501
Iter 90 of 180 Loss: 0.276943, L1(Flow): 0.235789, Reg: 0.041155
Iter 100 of 180 Loss: 0.299355, L1(Flow): 0.260569, Reg: 0.038787
Iter 110 of 180 Loss: 0.293207, L1(Flow): 0.251011, Reg: 0.042195
Iter 120 of 180 Loss: 0.281349, L1(Flow): 0.243789, Reg: 0.037560
Iter 130 of 180 Loss: 0.276270, L1(Flow): 0.238655, Reg: 0.037614
Iter 140 of 180 Loss: 0.276995, L1(Flow): 0.236387, Reg: 0.040608
Iter 150 of 180 Loss: 0.270537, L1(Flow): 0.229861, Reg: 0.040676
Iter 160 of 180 Loss: 0.278529, L1(Flow): 0.239301, Reg: 0.039228
Iter 170 of 180 Loss: 0.269060, L1(Flow): 0.233232, Reg: 0.035828
Iter 180 of 180 Loss: 0.288948, L1(Flow): 0.252742, Reg: 0.036206
Epoch 367 Loss: 0.282612
Epoch 367 Validation: Mean EPE: 1.0122, Mean SSIM: 0.8441, Mean ZNCC: 0.9712
Epoch 368 starts
Iter 10 of 180 Loss: 0.267278, L1(Flow): 0.231593, Reg: 0.035685
Iter 20 of 180 Loss: 0.275339, L1(Flow): 0.238229, Reg: 0.037110
Iter 30 of 180 Loss: 0.272633, L1(Flow): 0.233125, Reg: 0.039509
Iter 40 of 180 Loss: 0.274002, L1(Flow): 0.238857, Reg: 0.035145
Iter 50 of 180 Loss: 0.284066, L1(Flow): 0.246507, Reg: 0.037559
Iter 60 of 180 Loss: 0.270653, L1(Flow): 0.231087, Reg: 0.039567
Iter 70 of 180 Loss: 0.287518, L1(Flow): 0.246989, Reg: 0.040529
Iter 80 of 180 Loss: 0.270480, L1(Flow): 0.231194, Reg: 0.039286
Iter 90 of 180 Loss: 0.275569, L1(Flow): 0.237598, Reg: 0.037971
Iter 100 of 180 Loss: 0.277273, L1(Flow): 0.238918, Reg: 0.038355
Iter 110 of 180 Loss: 0.286969, L1(Flow): 0.245315, Reg: 0.041654
Iter 120 of 180 Loss: 0.286566, L1(Flow): 0.247242, Reg: 0.039324
Iter 130 of 180 Loss: 0.276193, L1(Flow): 0.239783, Reg: 0.036410
Iter 140 of 180 Loss: 0.292712, L1(Flow): 0.249089, Reg: 0.043622
Iter 150 of 180 Loss: 0.277853, L1(Flow): 0.237597, Reg: 0.040256
Iter 160 of 180 Loss: 0.269286, L1(Flow): 0.233132, Reg: 0.036154
Iter 170 of 180 Loss: 0.257617, L1(Flow): 0.224634, Reg: 0.032982
Iter 180 of 180 Loss: 0.286533, L1(Flow): 0.248311, Reg: 0.038222
Epoch 368 Loss: 0.279564
Epoch 368 Validation: Mean EPE: 1.0054, Mean SSIM: 0.8450, Mean ZNCC: 0.9713
--> Saved to Top 5 best models (EPE: 1.0054)
Epoch 369 starts
Iter 10 of 180 Loss: 0.309515, L1(Flow): 0.267913, Reg: 0.041602
Iter 20 of 180 Loss: 0.291192, L1(Flow): 0.249109, Reg: 0.042083
Iter 30 of 180 Loss: 0.281459, L1(Flow): 0.240830, Reg: 0.040629
Iter 40 of 180 Loss: 0.286965, L1(Flow): 0.246930, Reg: 0.040035
Iter 50 of 180 Loss: 0.275887, L1(Flow): 0.240943, Reg: 0.034944
Iter 60 of 180 Loss: 0.281730, L1(Flow): 0.241517, Reg: 0.040212
Iter 70 of 180 Loss: 0.267718, L1(Flow): 0.226534, Reg: 0.041184
Iter 80 of 180 Loss: 0.255424, L1(Flow): 0.219149, Reg: 0.036275
Iter 90 of 180 Loss: 0.267752, L1(Flow): 0.232039, Reg: 0.035713
Iter 100 of 180 Loss: 0.294818, L1(Flow): 0.254617, Reg: 0.040201
Iter 110 of 180 Loss: 0.306481, L1(Flow): 0.266549, Reg: 0.039932
Iter 120 of 180 Loss: 0.297089, L1(Flow): 0.256204, Reg: 0.040884
Iter 130 of 180 Loss: 0.277011, L1(Flow): 0.237611, Reg: 0.039400
Iter 140 of 180 Loss: 0.272861, L1(Flow): 0.236053, Reg: 0.036808
Iter 150 of 180 Loss: 0.286668, L1(Flow): 0.246652, Reg: 0.040016
Iter 160 of 180 Loss: 0.286130, L1(Flow): 0.247007, Reg: 0.039123
Iter 170 of 180 Loss: 0.272457, L1(Flow): 0.237535, Reg: 0.034922
Iter 180 of 180 Loss: 0.300295, L1(Flow): 0.257408, Reg: 0.042887
Epoch 369 Loss: 0.279861
Epoch 369 Validation: Mean EPE: 1.0041, Mean SSIM: 0.8451, Mean ZNCC: 0.9714
--> Saved to Top 5 best models (EPE: 1.0041)
Epoch 370 starts
Iter 10 of 180 Loss: 0.280016, L1(Flow): 0.244355, Reg: 0.035661
Iter 20 of 180 Loss: 0.259888, L1(Flow): 0.223794, Reg: 0.036094
Iter 30 of 180 Loss: 0.267920, L1(Flow): 0.232221, Reg: 0.035699
Iter 40 of 180 Loss: 0.301012, L1(Flow): 0.259737, Reg: 0.041275
Iter 50 of 180 Loss: 0.278114, L1(Flow): 0.239521, Reg: 0.038593
Iter 60 of 180 Loss: 0.273486, L1(Flow): 0.236549, Reg: 0.036937
Iter 70 of 180 Loss: 0.298781, L1(Flow): 0.257637, Reg: 0.041144
Iter 80 of 180 Loss: 0.271026, L1(Flow): 0.235632, Reg: 0.035395
Iter 90 of 180 Loss: 0.274477, L1(Flow): 0.237748, Reg: 0.036729
Iter 100 of 180 Loss: 0.299774, L1(Flow): 0.259588, Reg: 0.040185
Iter 110 of 180 Loss: 0.285705, L1(Flow): 0.245637, Reg: 0.040068
Iter 120 of 180 Loss: 0.265567, L1(Flow): 0.230966, Reg: 0.034600
Iter 130 of 180 Loss: 0.261717, L1(Flow): 0.226694, Reg: 0.035024
Iter 140 of 180 Loss: 0.294033, L1(Flow): 0.254799, Reg: 0.039233
Iter 150 of 180 Loss: 0.297367, L1(Flow): 0.255136, Reg: 0.042231
Iter 160 of 180 Loss: 0.294656, L1(Flow): 0.251156, Reg: 0.043500
Iter 170 of 180 Loss: 0.270716, L1(Flow): 0.233063, Reg: 0.037652
Iter 180 of 180 Loss: 0.269996, L1(Flow): 0.232646, Reg: 0.037350
Epoch 370 Loss: 0.279080
Epoch 370 Validation: Mean EPE: 1.0023, Mean SSIM: 0.8456, Mean ZNCC: 0.9714
--> Saved to Top 5 best models (EPE: 1.0023)
--> New absolute BEST model updated with EPE: 1.0023
Epoch 371 starts
Iter 10 of 180 Loss: 0.260287, L1(Flow): 0.224606, Reg: 0.035682
Iter 20 of 180 Loss: 0.290423, L1(Flow): 0.250533, Reg: 0.039889
Iter 30 of 180 Loss: 0.273790, L1(Flow): 0.238619, Reg: 0.035171
Iter 40 of 180 Loss: 0.270511, L1(Flow): 0.232442, Reg: 0.038068
Iter 50 of 180 Loss: 0.272010, L1(Flow): 0.233954, Reg: 0.038056
Iter 60 of 180 Loss: 0.287148, L1(Flow): 0.245623, Reg: 0.041525
Iter 70 of 180 Loss: 0.277193, L1(Flow): 0.240938, Reg: 0.036256
Iter 80 of 180 Loss: 0.269364, L1(Flow): 0.232391, Reg: 0.036973
Iter 90 of 180 Loss: 0.258905, L1(Flow): 0.222650, Reg: 0.036255
Iter 100 of 180 Loss: 0.264735, L1(Flow): 0.227651, Reg: 0.037083
Iter 110 of 180 Loss: 0.288465, L1(Flow): 0.247552, Reg: 0.040914
Iter 120 of 180 Loss: 0.292184, L1(Flow): 0.254492, Reg: 0.037692
Iter 130 of 180 Loss: 0.285088, L1(Flow): 0.248451, Reg: 0.036636
Iter 140 of 180 Loss: 0.283951, L1(Flow): 0.245241, Reg: 0.038710
Iter 150 of 180 Loss: 0.300154, L1(Flow): 0.261714, Reg: 0.038440
Iter 160 of 180 Loss: 0.297864, L1(Flow): 0.255681, Reg: 0.042183
Iter 170 of 180 Loss: 0.279285, L1(Flow): 0.240416, Reg: 0.038869
Iter 180 of 180 Loss: 0.265233, L1(Flow): 0.227421, Reg: 0.037811
Epoch 371 Loss: 0.279783
Epoch 371 Validation: Mean EPE: 1.0070, Mean SSIM: 0.8448, Mean ZNCC: 0.9712
Epoch 372 starts
Iter 10 of 180 Loss: 0.260313, L1(Flow): 0.224902, Reg: 0.035410
Iter 20 of 180 Loss: 0.283201, L1(Flow): 0.247951, Reg: 0.035249
Iter 30 of 180 Loss: 0.251290, L1(Flow): 0.215279, Reg: 0.036011
Iter 40 of 180 Loss: 0.291153, L1(Flow): 0.248812, Reg: 0.042342
Iter 50 of 180 Loss: 0.276564, L1(Flow): 0.234867, Reg: 0.041697
Iter 60 of 180 Loss: 0.271503, L1(Flow): 0.233544, Reg: 0.037959
Iter 70 of 180 Loss: 0.281061, L1(Flow): 0.241030, Reg: 0.040031
Iter 80 of 180 Loss: 0.299663, L1(Flow): 0.255599, Reg: 0.044063
Iter 90 of 180 Loss: 0.288824, L1(Flow): 0.246824, Reg: 0.042000
Iter 100 of 180 Loss: 0.288396, L1(Flow): 0.250542, Reg: 0.037853
Iter 110 of 180 Loss: 0.278483, L1(Flow): 0.238854, Reg: 0.039629
Iter 120 of 180 Loss: 0.308781, L1(Flow): 0.268678, Reg: 0.040103
Iter 130 of 180 Loss: 0.291436, L1(Flow): 0.254815, Reg: 0.036621
Iter 140 of 180 Loss: 0.277003, L1(Flow): 0.243338, Reg: 0.033665
Iter 150 of 180 Loss: 0.280400, L1(Flow): 0.239809, Reg: 0.040591
Iter 160 of 180 Loss: 0.282232, L1(Flow): 0.241698, Reg: 0.040534
Iter 170 of 180 Loss: 0.300716, L1(Flow): 0.258340, Reg: 0.042376
Iter 180 of 180 Loss: 0.289015, L1(Flow): 0.252790, Reg: 0.036226
Epoch 372 Loss: 0.283556
Epoch 372 Validation: Mean EPE: 1.0062, Mean SSIM: 0.8452, Mean ZNCC: 0.9713
Epoch 373 starts
Iter 10 of 180 Loss: 0.293970, L1(Flow): 0.253823, Reg: 0.040147
Iter 20 of 180 Loss: 0.283320, L1(Flow): 0.245010, Reg: 0.038310
Iter 30 of 180 Loss: 0.275077, L1(Flow): 0.236916, Reg: 0.038161
Iter 40 of 180 Loss: 0.293514, L1(Flow): 0.255032, Reg: 0.038481
Iter 50 of 180 Loss: 0.284881, L1(Flow): 0.245102, Reg: 0.039779
Iter 60 of 180 Loss: 0.268389, L1(Flow): 0.234120, Reg: 0.034268
Iter 70 of 180 Loss: 0.263765, L1(Flow): 0.227183, Reg: 0.036582
Iter 80 of 180 Loss: 0.264776, L1(Flow): 0.230001, Reg: 0.034775
Iter 90 of 180 Loss: 0.284329, L1(Flow): 0.245804, Reg: 0.038525
Iter 100 of 180 Loss: 0.297336, L1(Flow): 0.256034, Reg: 0.041301
Iter 110 of 180 Loss: 0.292895, L1(Flow): 0.251522, Reg: 0.041373
Iter 120 of 180 Loss: 0.276375, L1(Flow): 0.239369, Reg: 0.037006
Iter 130 of 180 Loss: 0.278607, L1(Flow): 0.242114, Reg: 0.036493
Iter 140 of 180 Loss: 0.263352, L1(Flow): 0.227034, Reg: 0.036318
Iter 150 of 180 Loss: 0.282846, L1(Flow): 0.245287, Reg: 0.037559
Iter 160 of 180 Loss: 0.268287, L1(Flow): 0.230953, Reg: 0.037334
Iter 170 of 180 Loss: 0.275732, L1(Flow): 0.233272, Reg: 0.042461
Iter 180 of 180 Loss: 0.281955, L1(Flow): 0.244499, Reg: 0.037456
Epoch 373 Loss: 0.280045
Epoch 373 Validation: Mean EPE: 1.0036, Mean SSIM: 0.8455, Mean ZNCC: 0.9714
--> Saved to Top 5 best models (EPE: 1.0036)
Epoch 374 starts
Iter 10 of 180 Loss: 0.282358, L1(Flow): 0.240943, Reg: 0.041416
Iter 20 of 180 Loss: 0.263834, L1(Flow): 0.225723, Reg: 0.038111
Iter 30 of 180 Loss: 0.288696, L1(Flow): 0.251265, Reg: 0.037431
Iter 40 of 180 Loss: 0.279771, L1(Flow): 0.241743, Reg: 0.038028
Iter 50 of 180 Loss: 0.249328, L1(Flow): 0.214627, Reg: 0.034701
Iter 60 of 180 Loss: 0.276176, L1(Flow): 0.236123, Reg: 0.040053
Iter 70 of 180 Loss: 0.254560, L1(Flow): 0.218783, Reg: 0.035777
Iter 80 of 180 Loss: 0.260566, L1(Flow): 0.223316, Reg: 0.037250
Iter 90 of 180 Loss: 0.282598, L1(Flow): 0.248499, Reg: 0.034099
Iter 100 of 180 Loss: 0.271569, L1(Flow): 0.234224, Reg: 0.037345
Iter 110 of 180 Loss: 0.268095, L1(Flow): 0.232283, Reg: 0.035812
Iter 120 of 180 Loss: 0.291654, L1(Flow): 0.252847, Reg: 0.038808
Iter 130 of 180 Loss: 0.294733, L1(Flow): 0.253220, Reg: 0.041513
Iter 140 of 180 Loss: 0.293362, L1(Flow): 0.257095, Reg: 0.036266
Iter 150 of 180 Loss: 0.291658, L1(Flow): 0.255735, Reg: 0.035924
Iter 160 of 180 Loss: 0.285892, L1(Flow): 0.246714, Reg: 0.039178
Iter 170 of 180 Loss: 0.274055, L1(Flow): 0.236190, Reg: 0.037865
Iter 180 of 180 Loss: 0.291844, L1(Flow): 0.248499, Reg: 0.043345
Epoch 374 Loss: 0.278702
Epoch 374 Validation: Mean EPE: 1.0020, Mean SSIM: 0.8451, Mean ZNCC: 0.9714
--> Saved to Top 5 best models (EPE: 1.0020)
--> New absolute BEST model updated with EPE: 1.0020
Epoch 375 starts
Iter 10 of 180 Loss: 0.295554, L1(Flow): 0.254263, Reg: 0.041291
Iter 20 of 180 Loss: 0.287297, L1(Flow): 0.245869, Reg: 0.041428
Iter 30 of 180 Loss: 0.285495, L1(Flow): 0.244788, Reg: 0.040707
Iter 40 of 180 Loss: 0.250070, L1(Flow): 0.216630, Reg: 0.033440
Iter 50 of 180 Loss: 0.291401, L1(Flow): 0.252099, Reg: 0.039302
Iter 60 of 180 Loss: 0.295244, L1(Flow): 0.258164, Reg: 0.037080
Iter 70 of 180 Loss: 0.271520, L1(Flow): 0.234455, Reg: 0.037064
Iter 80 of 180 Loss: 0.271282, L1(Flow): 0.233605, Reg: 0.037677
Iter 90 of 180 Loss: 0.277277, L1(Flow): 0.240324, Reg: 0.036953
Iter 100 of 180 Loss: 0.258617, L1(Flow): 0.222650, Reg: 0.035967
Iter 110 of 180 Loss: 0.282178, L1(Flow): 0.240858, Reg: 0.041319
Iter 120 of 180 Loss: 0.281310, L1(Flow): 0.242809, Reg: 0.038501
Iter 130 of 180 Loss: 0.269510, L1(Flow): 0.231712, Reg: 0.037798
Iter 140 of 180 Loss: 0.279602, L1(Flow): 0.242628, Reg: 0.036973
Iter 150 of 180 Loss: 0.275496, L1(Flow): 0.240219, Reg: 0.035277
Iter 160 of 180 Loss: 0.283247, L1(Flow): 0.247207, Reg: 0.036040
Iter 170 of 180 Loss: 0.293918, L1(Flow): 0.255920, Reg: 0.037997
Iter 180 of 180 Loss: 0.305305, L1(Flow): 0.261611, Reg: 0.043694
Epoch 375 Loss: 0.278432
Epoch 375 Validation: Mean EPE: 1.0198, Mean SSIM: 0.8426, Mean ZNCC: 0.9710
Epoch 376 starts
Iter 10 of 180 Loss: 0.300696, L1(Flow): 0.259620, Reg: 0.041077
Iter 20 of 180 Loss: 0.274332, L1(Flow): 0.237200, Reg: 0.037132
Iter 30 of 180 Loss: 0.285055, L1(Flow): 0.245575, Reg: 0.039479
Iter 40 of 180 Loss: 0.262609, L1(Flow): 0.226014, Reg: 0.036595
Iter 50 of 180 Loss: 0.281582, L1(Flow): 0.242417, Reg: 0.039165
Iter 60 of 180 Loss: 0.279771, L1(Flow): 0.241570, Reg: 0.038201
Iter 70 of 180 Loss: 0.305870, L1(Flow): 0.265221, Reg: 0.040649
Iter 80 of 180 Loss: 0.292298, L1(Flow): 0.253849, Reg: 0.038449
Iter 90 of 180 Loss: 0.271535, L1(Flow): 0.235158, Reg: 0.036377
Iter 100 of 180 Loss: 0.298107, L1(Flow): 0.260466, Reg: 0.037641
Iter 110 of 180 Loss: 0.281979, L1(Flow): 0.244594, Reg: 0.037384
Iter 120 of 180 Loss: 0.291866, L1(Flow): 0.252276, Reg: 0.039591
Iter 130 of 180 Loss: 0.265256, L1(Flow): 0.227833, Reg: 0.037423
Iter 140 of 180 Loss: 0.277719, L1(Flow): 0.241950, Reg: 0.035769
Iter 150 of 180 Loss: 0.278023, L1(Flow): 0.237436, Reg: 0.040586
Iter 160 of 180 Loss: 0.276691, L1(Flow): 0.237304, Reg: 0.039387
Iter 170 of 180 Loss: 0.284964, L1(Flow): 0.246903, Reg: 0.038061
Iter 180 of 180 Loss: 0.272400, L1(Flow): 0.234374, Reg: 0.038027
Epoch 376 Loss: 0.280302
Epoch 376 Validation: Mean EPE: 1.0117, Mean SSIM: 0.8446, Mean ZNCC: 0.9715
Epoch 377 starts
Iter 10 of 180 Loss: 0.277809, L1(Flow): 0.238333, Reg: 0.039476
Iter 20 of 180 Loss: 0.285679, L1(Flow): 0.246109, Reg: 0.039571
Iter 30 of 180 Loss: 0.275269, L1(Flow): 0.236052, Reg: 0.039217
Iter 40 of 180 Loss: 0.291107, L1(Flow): 0.250527, Reg: 0.040580
Iter 50 of 180 Loss: 0.286870, L1(Flow): 0.246837, Reg: 0.040033
Iter 60 of 180 Loss: 0.281204, L1(Flow): 0.243995, Reg: 0.037209
Iter 70 of 180 Loss: 0.264187, L1(Flow): 0.227978, Reg: 0.036208
Iter 80 of 180 Loss: 0.282793, L1(Flow): 0.239865, Reg: 0.042927
Iter 90 of 180 Loss: 0.293244, L1(Flow): 0.255140, Reg: 0.038103
Iter 100 of 180 Loss: 0.293495, L1(Flow): 0.256505, Reg: 0.036991
Iter 110 of 180 Loss: 0.298131, L1(Flow): 0.256126, Reg: 0.042005
Iter 120 of 180 Loss: 0.285800, L1(Flow): 0.244478, Reg: 0.041321
Iter 130 of 180 Loss: 0.262565, L1(Flow): 0.224612, Reg: 0.037953
Iter 140 of 180 Loss: 0.284596, L1(Flow): 0.246544, Reg: 0.038052
Iter 150 of 180 Loss: 0.272872, L1(Flow): 0.234092, Reg: 0.038780
Iter 160 of 180 Loss: 0.282011, L1(Flow): 0.244209, Reg: 0.037802
Iter 170 of 180 Loss: 0.279920, L1(Flow): 0.241343, Reg: 0.038577
Iter 180 of 180 Loss: 0.259703, L1(Flow): 0.223912, Reg: 0.035790
Epoch 377 Loss: 0.279205
Epoch 377 Validation: Mean EPE: 1.0057, Mean SSIM: 0.8447, Mean ZNCC: 0.9713
Epoch 378 starts
Iter 10 of 180 Loss: 0.282589, L1(Flow): 0.244970, Reg: 0.037619
Iter 20 of 180 Loss: 0.276478, L1(Flow): 0.238532, Reg: 0.037946
Iter 30 of 180 Loss: 0.285735, L1(Flow): 0.246338, Reg: 0.039397
Iter 40 of 180 Loss: 0.281369, L1(Flow): 0.240710, Reg: 0.040659
Iter 50 of 180 Loss: 0.271668, L1(Flow): 0.234476, Reg: 0.037192
Iter 60 of 180 Loss: 0.287794, L1(Flow): 0.247800, Reg: 0.039994
Iter 70 of 180 Loss: 0.280518, L1(Flow): 0.244530, Reg: 0.035988
Iter 80 of 180 Loss: 0.279713, L1(Flow): 0.238678, Reg: 0.041036
Iter 90 of 180 Loss: 0.257740, L1(Flow): 0.221207, Reg: 0.036533
Iter 100 of 180 Loss: 0.284589, L1(Flow): 0.244676, Reg: 0.039912
Iter 110 of 180 Loss: 0.272787, L1(Flow): 0.235794, Reg: 0.036993
Iter 120 of 180 Loss: 0.268215, L1(Flow): 0.233144, Reg: 0.035071
Iter 130 of 180 Loss: 0.286326, L1(Flow): 0.246966, Reg: 0.039359
Iter 140 of 180 Loss: 0.281143, L1(Flow): 0.246125, Reg: 0.035017
Iter 150 of 180 Loss: 0.289435, L1(Flow): 0.248005, Reg: 0.041430
Iter 160 of 180 Loss: 0.284531, L1(Flow): 0.247450, Reg: 0.037081
Iter 170 of 180 Loss: 0.280125, L1(Flow): 0.241535, Reg: 0.038590
Iter 180 of 180 Loss: 0.279176, L1(Flow): 0.237956, Reg: 0.041220
Epoch 378 Loss: 0.276669
Epoch 378 Validation: Mean EPE: 1.0068, Mean SSIM: 0.8452, Mean ZNCC: 0.9713
Epoch 379 starts
Iter 10 of 180 Loss: 0.284383, L1(Flow): 0.244178, Reg: 0.040204
Iter 20 of 180 Loss: 0.272515, L1(Flow): 0.237241, Reg: 0.035273
Iter 30 of 180 Loss: 0.271426, L1(Flow): 0.234308, Reg: 0.037118
Iter 40 of 180 Loss: 0.311489, L1(Flow): 0.272018, Reg: 0.039471
Iter 50 of 180 Loss: 0.274937, L1(Flow): 0.234147, Reg: 0.040790
Iter 60 of 180 Loss: 0.269062, L1(Flow): 0.233570, Reg: 0.035492
Iter 70 of 180 Loss: 0.273301, L1(Flow): 0.237331, Reg: 0.035970
Iter 80 of 180 Loss: 0.277533, L1(Flow): 0.238293, Reg: 0.039241
Iter 90 of 180 Loss: 0.297552, L1(Flow): 0.259988, Reg: 0.037564
Iter 100 of 180 Loss: 0.286948, L1(Flow): 0.244223, Reg: 0.042725
Iter 110 of 180 Loss: 0.273658, L1(Flow): 0.237062, Reg: 0.036595
Iter 120 of 180 Loss: 0.261257, L1(Flow): 0.222209, Reg: 0.039049
Iter 130 of 180 Loss: 0.273706, L1(Flow): 0.240266, Reg: 0.033440
Iter 140 of 180 Loss: 0.284724, L1(Flow): 0.244488, Reg: 0.040235
Iter 150 of 180 Loss: 0.279579, L1(Flow): 0.241469, Reg: 0.038110
Iter 160 of 180 Loss: 0.268300, L1(Flow): 0.229125, Reg: 0.039175
Iter 170 of 180 Loss: 0.269896, L1(Flow): 0.230353, Reg: 0.039543
Iter 180 of 180 Loss: 0.276709, L1(Flow): 0.237732, Reg: 0.038977
Epoch 379 Loss: 0.275960
Epoch 379 Validation: Mean EPE: 1.0010, Mean SSIM: 0.8461, Mean ZNCC: 0.9716
--> Saved to Top 5 best models (EPE: 1.0010)
--> New absolute BEST model updated with EPE: 1.0010
Epoch 380 starts
Iter 10 of 180 Loss: 0.282875, L1(Flow): 0.243500, Reg: 0.039375
Iter 20 of 180 Loss: 0.275022, L1(Flow): 0.235721, Reg: 0.039301
Iter 30 of 180 Loss: 0.273815, L1(Flow): 0.237878, Reg: 0.035937
Iter 40 of 180 Loss: 0.274688, L1(Flow): 0.238820, Reg: 0.035868
Iter 50 of 180 Loss: 0.275989, L1(Flow): 0.242134, Reg: 0.033855
Iter 60 of 180 Loss: 0.286703, L1(Flow): 0.245854, Reg: 0.040848
Iter 70 of 180 Loss: 0.264410, L1(Flow): 0.228755, Reg: 0.035654
Iter 80 of 180 Loss: 0.281474, L1(Flow): 0.242362, Reg: 0.039112
Iter 90 of 180 Loss: 0.271880, L1(Flow): 0.233623, Reg: 0.038258
Iter 100 of 180 Loss: 0.292125, L1(Flow): 0.248374, Reg: 0.043750
Iter 110 of 180 Loss: 0.287167, L1(Flow): 0.245621, Reg: 0.041546
Iter 120 of 180 Loss: 0.262748, L1(Flow): 0.225737, Reg: 0.037011
Iter 130 of 180 Loss: 0.286731, L1(Flow): 0.248779, Reg: 0.037952
Iter 140 of 180 Loss: 0.297531, L1(Flow): 0.257252, Reg: 0.040279
Iter 150 of 180 Loss: 0.283968, L1(Flow): 0.245101, Reg: 0.038867
Iter 160 of 180 Loss: 0.278100, L1(Flow): 0.238029, Reg: 0.040071
Iter 170 of 180 Loss: 0.285983, L1(Flow): 0.243858, Reg: 0.042125
Iter 180 of 180 Loss: 0.291022, L1(Flow): 0.247946, Reg: 0.043076
Epoch 380 Loss: 0.275360
Epoch 380 Validation: Mean EPE: 1.0090, Mean SSIM: 0.8445, Mean ZNCC: 0.9713
Epoch 381 starts
Iter 10 of 180 Loss: 0.256633, L1(Flow): 0.220000, Reg: 0.036633
Iter 20 of 180 Loss: 0.261232, L1(Flow): 0.224207, Reg: 0.037024
Iter 30 of 180 Loss: 0.273855, L1(Flow): 0.234599, Reg: 0.039257
Iter 40 of 180 Loss: 0.261776, L1(Flow): 0.227454, Reg: 0.034321
Iter 50 of 180 Loss: 0.277000, L1(Flow): 0.241829, Reg: 0.035171
Iter 60 of 180 Loss: 0.274846, L1(Flow): 0.236711, Reg: 0.038135
Iter 70 of 180 Loss: 0.288585, L1(Flow): 0.249293, Reg: 0.039292
Iter 80 of 180 Loss: 0.263952, L1(Flow): 0.228476, Reg: 0.035476
Iter 90 of 180 Loss: 0.306531, L1(Flow): 0.268988, Reg: 0.037543
Iter 100 of 180 Loss: 0.286755, L1(Flow): 0.247134, Reg: 0.039621
Iter 110 of 180 Loss: 0.286638, L1(Flow): 0.249065, Reg: 0.037573
Iter 120 of 180 Loss: 0.288074, L1(Flow): 0.246612, Reg: 0.041462
Iter 130 of 180 Loss: 0.279340, L1(Flow): 0.236863, Reg: 0.042477
Iter 140 of 180 Loss: 0.293329, L1(Flow): 0.251784, Reg: 0.041545
Iter 150 of 180 Loss: 0.265224, L1(Flow): 0.229848, Reg: 0.035376
Iter 160 of 180 Loss: 0.289406, L1(Flow): 0.250329, Reg: 0.039077
Iter 170 of 180 Loss: 0.275449, L1(Flow): 0.237428, Reg: 0.038021
Iter 180 of 180 Loss: 0.265439, L1(Flow): 0.229911, Reg: 0.035529
Epoch 381 Loss: 0.279244
Epoch 381 Validation: Mean EPE: 1.0159, Mean SSIM: 0.8436, Mean ZNCC: 0.9711
Epoch 382 starts
Iter 10 of 180 Loss: 0.284146, L1(Flow): 0.244008, Reg: 0.040138
Iter 20 of 180 Loss: 0.287617, L1(Flow): 0.246558, Reg: 0.041059
Iter 30 of 180 Loss: 0.264307, L1(Flow): 0.227790, Reg: 0.036517
Iter 40 of 180 Loss: 0.289067, L1(Flow): 0.249762, Reg: 0.039305
Iter 50 of 180 Loss: 0.285566, L1(Flow): 0.243678, Reg: 0.041888
Iter 60 of 180 Loss: 0.281481, L1(Flow): 0.244739, Reg: 0.036742
Iter 70 of 180 Loss: 0.280739, L1(Flow): 0.241989, Reg: 0.038750
Iter 80 of 180 Loss: 0.282592, L1(Flow): 0.245950, Reg: 0.036642
Iter 90 of 180 Loss: 0.271301, L1(Flow): 0.232454, Reg: 0.038847
Iter 100 of 180 Loss: 0.251859, L1(Flow): 0.216886, Reg: 0.034973
Iter 110 of 180 Loss: 0.271578, L1(Flow): 0.234116, Reg: 0.037462
Iter 120 of 180 Loss: 0.286506, L1(Flow): 0.244391, Reg: 0.042114
Iter 130 of 180 Loss: 0.263994, L1(Flow): 0.227001, Reg: 0.036993
Iter 140 of 180 Loss: 0.299359, L1(Flow): 0.257428, Reg: 0.041931
Iter 150 of 180 Loss: 0.270445, L1(Flow): 0.232456, Reg: 0.037988
Iter 160 of 180 Loss: 0.253270, L1(Flow): 0.219963, Reg: 0.033306
Iter 170 of 180 Loss: 0.273113, L1(Flow): 0.236955, Reg: 0.036158
Iter 180 of 180 Loss: 0.279038, L1(Flow): 0.240051, Reg: 0.038987
Epoch 382 Loss: 0.276805
Epoch 382 Validation: Mean EPE: 1.0207, Mean SSIM: 0.8426, Mean ZNCC: 0.9706
Epoch 383 starts
Iter 10 of 180 Loss: 0.275315, L1(Flow): 0.238536, Reg: 0.036780
Iter 20 of 180 Loss: 0.284502, L1(Flow): 0.245296, Reg: 0.039206
Iter 30 of 180 Loss: 0.265583, L1(Flow): 0.226347, Reg: 0.039236
Iter 40 of 180 Loss: 0.284591, L1(Flow): 0.243646, Reg: 0.040946
Iter 50 of 180 Loss: 0.260093, L1(Flow): 0.223405, Reg: 0.036688
Iter 60 of 180 Loss: 0.260168, L1(Flow): 0.223773, Reg: 0.036394
Iter 70 of 180 Loss: 0.298495, L1(Flow): 0.259256, Reg: 0.039239
Iter 80 of 180 Loss: 0.279107, L1(Flow): 0.242179, Reg: 0.036928
Iter 90 of 180 Loss: 0.280551, L1(Flow): 0.242376, Reg: 0.038176
Iter 100 of 180 Loss: 0.266644, L1(Flow): 0.231641, Reg: 0.035003
Iter 110 of 180 Loss: 0.311751, L1(Flow): 0.274679, Reg: 0.037072
Iter 120 of 180 Loss: 0.295580, L1(Flow): 0.255287, Reg: 0.040292
Iter 130 of 180 Loss: 0.274693, L1(Flow): 0.236380, Reg: 0.038313
Iter 140 of 180 Loss: 0.272240, L1(Flow): 0.233662, Reg: 0.038578
Iter 150 of 180 Loss: 0.269659, L1(Flow): 0.231586, Reg: 0.038073
Iter 160 of 180 Loss: 0.281843, L1(Flow): 0.244794, Reg: 0.037049
Iter 170 of 180 Loss: 0.270430, L1(Flow): 0.236481, Reg: 0.033949
Iter 180 of 180 Loss: 0.290252, L1(Flow): 0.248713, Reg: 0.041539
Epoch 383 Loss: 0.279424
Epoch 383 Validation: Mean EPE: 1.0075, Mean SSIM: 0.8448, Mean ZNCC: 0.9712
Epoch 384 starts
Iter 10 of 180 Loss: 0.273985, L1(Flow): 0.238553, Reg: 0.035432
Iter 20 of 180 Loss: 0.294285, L1(Flow): 0.254580, Reg: 0.039705
Iter 30 of 180 Loss: 0.297199, L1(Flow): 0.256890, Reg: 0.040308
Iter 40 of 180 Loss: 0.273128, L1(Flow): 0.236885, Reg: 0.036243
Iter 50 of 180 Loss: 0.283707, L1(Flow): 0.245746, Reg: 0.037962
Iter 60 of 180 Loss: 0.270375, L1(Flow): 0.234225, Reg: 0.036150
Iter 70 of 180 Loss: 0.256266, L1(Flow): 0.217603, Reg: 0.038663
Iter 80 of 180 Loss: 0.258750, L1(Flow): 0.222257, Reg: 0.036493
Iter 90 of 180 Loss: 0.274385, L1(Flow): 0.236605, Reg: 0.037780
Iter 100 of 180 Loss: 0.265817, L1(Flow): 0.228854, Reg: 0.036963
Iter 110 of 180 Loss: 0.275814, L1(Flow): 0.239625, Reg: 0.036189
Iter 120 of 180 Loss: 0.293709, L1(Flow): 0.255666, Reg: 0.038043
Iter 130 of 180 Loss: 0.267256, L1(Flow): 0.230868, Reg: 0.036388
Iter 140 of 180 Loss: 0.257355, L1(Flow): 0.224222, Reg: 0.033133
Iter 150 of 180 Loss: 0.287632, L1(Flow): 0.249369, Reg: 0.038263
Iter 160 of 180 Loss: 0.269656, L1(Flow): 0.235291, Reg: 0.034365
Iter 170 of 180 Loss: 0.281396, L1(Flow): 0.244837, Reg: 0.036559
Iter 180 of 180 Loss: 0.296118, L1(Flow): 0.253081, Reg: 0.043037
Epoch 384 Loss: 0.279759
Epoch 384 Validation: Mean EPE: 1.0116, Mean SSIM: 0.8429, Mean ZNCC: 0.9710
Epoch 385 starts
Iter 10 of 180 Loss: 0.291962, L1(Flow): 0.252753, Reg: 0.039209
Iter 20 of 180 Loss: 0.289650, L1(Flow): 0.248537, Reg: 0.041114
Iter 30 of 180 Loss: 0.282304, L1(Flow): 0.243552, Reg: 0.038751
Iter 40 of 180 Loss: 0.260922, L1(Flow): 0.224658, Reg: 0.036263
Iter 50 of 180 Loss: 0.282858, L1(Flow): 0.243507, Reg: 0.039350
Iter 60 of 180 Loss: 0.282559, L1(Flow): 0.243595, Reg: 0.038965
Iter 70 of 180 Loss: 0.293966, L1(Flow): 0.255747, Reg: 0.038219
Iter 80 of 180 Loss: 0.281415, L1(Flow): 0.241346, Reg: 0.040069
Iter 90 of 180 Loss: 0.269506, L1(Flow): 0.231117, Reg: 0.038389
Iter 100 of 180 Loss: 0.290979, L1(Flow): 0.249589, Reg: 0.041390
Iter 110 of 180 Loss: 0.292020, L1(Flow): 0.251526, Reg: 0.040495
Iter 120 of 180 Loss: 0.294752, L1(Flow): 0.255061, Reg: 0.039692
Iter 130 of 180 Loss: 0.276388, L1(Flow): 0.237849, Reg: 0.038539
Iter 140 of 180 Loss: 0.277767, L1(Flow): 0.241111, Reg: 0.036656
Iter 150 of 180 Loss: 0.249426, L1(Flow): 0.216965, Reg: 0.032461
Iter 160 of 180 Loss: 0.276826, L1(Flow): 0.240739, Reg: 0.036087
Iter 170 of 180 Loss: 0.283216, L1(Flow): 0.240763, Reg: 0.042453
Iter 180 of 180 Loss: 0.274558, L1(Flow): 0.238932, Reg: 0.035625
Epoch 385 Loss: 0.277216
Epoch 385 Validation: Mean EPE: 1.0016, Mean SSIM: 0.8461, Mean ZNCC: 0.9714
--> Saved to Top 5 best models (EPE: 1.0016)
Epoch 386 starts
Iter 10 of 180 Loss: 0.282616, L1(Flow): 0.245266, Reg: 0.037351
Iter 20 of 180 Loss: 0.280218, L1(Flow): 0.243256, Reg: 0.036962
Iter 30 of 180 Loss: 0.277795, L1(Flow): 0.240118, Reg: 0.037677
Iter 40 of 180 Loss: 0.269928, L1(Flow): 0.231741, Reg: 0.038188
Iter 50 of 180 Loss: 0.264658, L1(Flow): 0.227473, Reg: 0.037185
Iter 60 of 180 Loss: 0.257799, L1(Flow): 0.221009, Reg: 0.036789
Iter 70 of 180 Loss: 0.280698, L1(Flow): 0.242982, Reg: 0.037716
Iter 80 of 180 Loss: 0.275177, L1(Flow): 0.239397, Reg: 0.035780
Iter 90 of 180 Loss: 0.276023, L1(Flow): 0.238183, Reg: 0.037840
Iter 100 of 180 Loss: 0.273524, L1(Flow): 0.237499, Reg: 0.036025
Iter 110 of 180 Loss: 0.282757, L1(Flow): 0.239976, Reg: 0.042780
Iter 120 of 180 Loss: 0.266390, L1(Flow): 0.228671, Reg: 0.037719
Iter 130 of 180 Loss: 0.262948, L1(Flow): 0.227342, Reg: 0.035606
Iter 140 of 180 Loss: 0.279026, L1(Flow): 0.242645, Reg: 0.036382
Iter 150 of 180 Loss: 0.265153, L1(Flow): 0.231358, Reg: 0.033795
Iter 160 of 180 Loss: 0.298536, L1(Flow): 0.259042, Reg: 0.039494
Iter 170 of 180 Loss: 0.261827, L1(Flow): 0.226075, Reg: 0.035752
Iter 180 of 180 Loss: 0.293689, L1(Flow): 0.254351, Reg: 0.039338
Epoch 386 Loss: 0.275031
Epoch 386 Validation: Mean EPE: 1.0079, Mean SSIM: 0.8439, Mean ZNCC: 0.9711
Epoch 387 starts
Iter 10 of 180 Loss: 0.259629, L1(Flow): 0.223099, Reg: 0.036530
Iter 20 of 180 Loss: 0.277639, L1(Flow): 0.236424, Reg: 0.041216
Iter 30 of 180 Loss: 0.279898, L1(Flow): 0.244111, Reg: 0.035787
Iter 40 of 180 Loss: 0.287864, L1(Flow): 0.248045, Reg: 0.039819
Iter 50 of 180 Loss: 0.284004, L1(Flow): 0.244416, Reg: 0.039588
Iter 60 of 180 Loss: 0.282619, L1(Flow): 0.239744, Reg: 0.042875
Iter 70 of 180 Loss: 0.279291, L1(Flow): 0.240651, Reg: 0.038640
Iter 80 of 180 Loss: 0.278494, L1(Flow): 0.239161, Reg: 0.039333
Iter 90 of 180 Loss: 0.271294, L1(Flow): 0.232782, Reg: 0.038512
Iter 100 of 180 Loss: 0.275707, L1(Flow): 0.237778, Reg: 0.037929
Iter 110 of 180 Loss: 0.283023, L1(Flow): 0.242852, Reg: 0.040171
Iter 120 of 180 Loss: 0.255213, L1(Flow): 0.219436, Reg: 0.035777
Iter 130 of 180 Loss: 0.268392, L1(Flow): 0.230591, Reg: 0.037801
Iter 140 of 180 Loss: 0.278360, L1(Flow): 0.241161, Reg: 0.037199
Iter 150 of 180 Loss: 0.278437, L1(Flow): 0.240797, Reg: 0.037640
Iter 160 of 180 Loss: 0.288411, L1(Flow): 0.247986, Reg: 0.040425
Iter 170 of 180 Loss: 0.260796, L1(Flow): 0.221840, Reg: 0.038957
Iter 180 of 180 Loss: 0.271849, L1(Flow): 0.234614, Reg: 0.037235
Epoch 387 Loss: 0.274566
Epoch 387 Validation: Mean EPE: 1.0038, Mean SSIM: 0.8458, Mean ZNCC: 0.9715
Epoch 388 starts
Iter 10 of 180 Loss: 0.273465, L1(Flow): 0.235088, Reg: 0.038378
Iter 20 of 180 Loss: 0.283810, L1(Flow): 0.243144, Reg: 0.040666
Iter 30 of 180 Loss: 0.268671, L1(Flow): 0.232014, Reg: 0.036657
Iter 40 of 180 Loss: 0.258508, L1(Flow): 0.222854, Reg: 0.035653
Iter 50 of 180 Loss: 0.263789, L1(Flow): 0.227291, Reg: 0.036498
Iter 60 of 180 Loss: 0.267745, L1(Flow): 0.229634, Reg: 0.038112
Iter 70 of 180 Loss: 0.288651, L1(Flow): 0.251427, Reg: 0.037224
Iter 80 of 180 Loss: 0.295040, L1(Flow): 0.254367, Reg: 0.040673
Iter 90 of 180 Loss: 0.286714, L1(Flow): 0.251998, Reg: 0.034716
Iter 100 of 180 Loss: 0.263691, L1(Flow): 0.227406, Reg: 0.036285
Iter 110 of 180 Loss: 0.281121, L1(Flow): 0.240266, Reg: 0.040855
Iter 120 of 180 Loss: 0.264690, L1(Flow): 0.226898, Reg: 0.037792
Iter 130 of 180 Loss: 0.299003, L1(Flow): 0.256031, Reg: 0.042972
Iter 140 of 180 Loss: 0.267603, L1(Flow): 0.229179, Reg: 0.038423
Iter 150 of 180 Loss: 0.281869, L1(Flow): 0.244103, Reg: 0.037765
Iter 160 of 180 Loss: 0.277879, L1(Flow): 0.237025, Reg: 0.040854
Iter 170 of 180 Loss: 0.260246, L1(Flow): 0.226383, Reg: 0.033863
Iter 180 of 180 Loss: 0.252633, L1(Flow): 0.218790, Reg: 0.033842
Epoch 388 Loss: 0.274686
Epoch 388 Validation: Mean EPE: 1.0038, Mean SSIM: 0.8449, Mean ZNCC: 0.9710
Epoch 389 starts
Iter 10 of 180 Loss: 0.293842, L1(Flow): 0.253406, Reg: 0.040435
Iter 20 of 180 Loss: 0.276470, L1(Flow): 0.238899, Reg: 0.037571
Iter 30 of 180 Loss: 0.279211, L1(Flow): 0.240950, Reg: 0.038261
Iter 40 of 180 Loss: 0.298862, L1(Flow): 0.258104, Reg: 0.040758
Iter 50 of 180 Loss: 0.271766, L1(Flow): 0.228624, Reg: 0.043142
Iter 60 of 180 Loss: 0.262313, L1(Flow): 0.224131, Reg: 0.038183
Iter 70 of 180 Loss: 0.270983, L1(Flow): 0.235628, Reg: 0.035355
Iter 80 of 180 Loss: 0.283024, L1(Flow): 0.243949, Reg: 0.039075
Iter 90 of 180 Loss: 0.267168, L1(Flow): 0.228133, Reg: 0.039036
Iter 100 of 180 Loss: 0.277185, L1(Flow): 0.238469, Reg: 0.038716
Iter 110 of 180 Loss: 0.273257, L1(Flow): 0.233839, Reg: 0.039418
Iter 120 of 180 Loss: 0.276642, L1(Flow): 0.241291, Reg: 0.035351
Iter 130 of 180 Loss: 0.268405, L1(Flow): 0.231508, Reg: 0.036897
Iter 140 of 180 Loss: 0.268946, L1(Flow): 0.231527, Reg: 0.037418
Iter 150 of 180 Loss: 0.289359, L1(Flow): 0.251396, Reg: 0.037963
Iter 160 of 180 Loss: 0.273518, L1(Flow): 0.233531, Reg: 0.039987
Iter 170 of 180 Loss: 0.270284, L1(Flow): 0.233296, Reg: 0.036989
Iter 180 of 180 Loss: 0.277046, L1(Flow): 0.238121, Reg: 0.038925
Epoch 389 Loss: 0.272943
Epoch 389 Validation: Mean EPE: 1.0001, Mean SSIM: 0.8460, Mean ZNCC: 0.9715
--> Saved to Top 5 best models (EPE: 1.0001)
--> New absolute BEST model updated with EPE: 1.0001
Epoch 390 starts
Iter 10 of 180 Loss: 0.276587, L1(Flow): 0.238996, Reg: 0.037591
Iter 20 of 180 Loss: 0.275537, L1(Flow): 0.237175, Reg: 0.038361
Iter 30 of 180 Loss: 0.300227, L1(Flow): 0.261231, Reg: 0.038996
Iter 40 of 180 Loss: 0.303730, L1(Flow): 0.266511, Reg: 0.037220
Iter 50 of 180 Loss: 0.318139, L1(Flow): 0.279792, Reg: 0.038347
Iter 60 of 180 Loss: 0.286331, L1(Flow): 0.250863, Reg: 0.035469
Iter 70 of 180 Loss: 0.284186, L1(Flow): 0.244443, Reg: 0.039743
Iter 80 of 180 Loss: 0.252616, L1(Flow): 0.216032, Reg: 0.036584
Iter 90 of 180 Loss: 0.264378, L1(Flow): 0.227061, Reg: 0.037317
Iter 100 of 180 Loss: 0.268516, L1(Flow): 0.231117, Reg: 0.037399
Iter 110 of 180 Loss: 0.266127, L1(Flow): 0.226744, Reg: 0.039383
Iter 120 of 180 Loss: 0.274943, L1(Flow): 0.237906, Reg: 0.037036
Iter 130 of 180 Loss: 0.277430, L1(Flow): 0.236064, Reg: 0.041366
Iter 140 of 180 Loss: 0.256215, L1(Flow): 0.223046, Reg: 0.033169
Iter 150 of 180 Loss: 0.280565, L1(Flow): 0.242871, Reg: 0.037693
Iter 160 of 180 Loss: 0.283324, L1(Flow): 0.245164, Reg: 0.038161
Iter 170 of 180 Loss: 0.273116, L1(Flow): 0.234162, Reg: 0.038955
Iter 180 of 180 Loss: 0.287324, L1(Flow): 0.246771, Reg: 0.040553
Epoch 390 Loss: 0.280419
Epoch 390 Validation: Mean EPE: 0.9972, Mean SSIM: 0.8468, Mean ZNCC: 0.9718
--> Saved to Top 5 best models (EPE: 0.9972)
--> New absolute BEST model updated with EPE: 0.9972
Epoch 391 starts
Iter 10 of 180 Loss: 0.278439, L1(Flow): 0.241222, Reg: 0.037218
Iter 20 of 180 Loss: 0.283306, L1(Flow): 0.240079, Reg: 0.043227
Iter 30 of 180 Loss: 0.262348, L1(Flow): 0.225079, Reg: 0.037269
Iter 40 of 180 Loss: 0.264517, L1(Flow): 0.227733, Reg: 0.036784
Iter 50 of 180 Loss: 0.285363, L1(Flow): 0.244253, Reg: 0.041110
Iter 60 of 180 Loss: 0.275840, L1(Flow): 0.236827, Reg: 0.039012
Iter 70 of 180 Loss: 0.279182, L1(Flow): 0.241727, Reg: 0.037454
Iter 80 of 180 Loss: 0.264820, L1(Flow): 0.227577, Reg: 0.037242
Iter 90 of 180 Loss: 0.282738, L1(Flow): 0.241994, Reg: 0.040744
Iter 100 of 180 Loss: 0.267031, L1(Flow): 0.233371, Reg: 0.033660
Iter 110 of 180 Loss: 0.258829, L1(Flow): 0.220876, Reg: 0.037953
Iter 120 of 180 Loss: 0.253071, L1(Flow): 0.220044, Reg: 0.033027
Iter 130 of 180 Loss: 0.274366, L1(Flow): 0.235728, Reg: 0.038639
Iter 140 of 180 Loss: 0.264519, L1(Flow): 0.227541, Reg: 0.036978
Iter 150 of 180 Loss: 0.277004, L1(Flow): 0.239453, Reg: 0.037551
Iter 160 of 180 Loss: 0.311117, L1(Flow): 0.274276, Reg: 0.036841
Iter 170 of 180 Loss: 0.263812, L1(Flow): 0.227047, Reg: 0.036765
Iter 180 of 180 Loss: 0.271435, L1(Flow): 0.233023, Reg: 0.038412
Epoch 391 Loss: 0.275540
Epoch 391 Validation: Mean EPE: 1.0012, Mean SSIM: 0.8460, Mean ZNCC: 0.9716
--> Saved to Top 5 best models (EPE: 1.0012)
Epoch 392 starts
Iter 10 of 180 Loss: 0.276218, L1(Flow): 0.237611, Reg: 0.038607
Iter 20 of 180 Loss: 0.285396, L1(Flow): 0.248433, Reg: 0.036963
Iter 30 of 180 Loss: 0.287544, L1(Flow): 0.248555, Reg: 0.038990
Iter 40 of 180 Loss: 0.274650, L1(Flow): 0.237867, Reg: 0.036782
Iter 50 of 180 Loss: 0.293131, L1(Flow): 0.252012, Reg: 0.041119
Iter 60 of 180 Loss: 0.265238, L1(Flow): 0.229390, Reg: 0.035848
Iter 70 of 180 Loss: 0.298508, L1(Flow): 0.258365, Reg: 0.040143
Iter 80 of 180 Loss: 0.267445, L1(Flow): 0.230762, Reg: 0.036683
Iter 90 of 180 Loss: 0.277185, L1(Flow): 0.237172, Reg: 0.040013
Iter 100 of 180 Loss: 0.289130, L1(Flow): 0.249028, Reg: 0.040102
Iter 110 of 180 Loss: 0.289049, L1(Flow): 0.251449, Reg: 0.037600
Iter 120 of 180 Loss: 0.289364, L1(Flow): 0.249650, Reg: 0.039714
Iter 130 of 180 Loss: 0.269277, L1(Flow): 0.230728, Reg: 0.038549
Iter 140 of 180 Loss: 0.268758, L1(Flow): 0.229601, Reg: 0.039157
Iter 150 of 180 Loss: 0.282444, L1(Flow): 0.242518, Reg: 0.039926
Iter 160 of 180 Loss: 0.268196, L1(Flow): 0.230614, Reg: 0.037582
Iter 170 of 180 Loss: 0.269681, L1(Flow): 0.232779, Reg: 0.036901
Iter 180 of 180 Loss: 0.298792, L1(Flow): 0.260700, Reg: 0.038092
Epoch 392 Loss: 0.278833
Epoch 392 Validation: Mean EPE: 0.9987, Mean SSIM: 0.8463, Mean ZNCC: 0.9716
--> Saved to Top 5 best models (EPE: 0.9987)
Epoch 393 starts
Iter 10 of 180 Loss: 0.260352, L1(Flow): 0.224721, Reg: 0.035632
Iter 20 of 180 Loss: 0.298456, L1(Flow): 0.257884, Reg: 0.040572
Iter 30 of 180 Loss: 0.278153, L1(Flow): 0.242639, Reg: 0.035514
Iter 40 of 180 Loss: 0.266070, L1(Flow): 0.230595, Reg: 0.035475
Iter 50 of 180 Loss: 0.285789, L1(Flow): 0.247574, Reg: 0.038215
Iter 60 of 180 Loss: 0.282159, L1(Flow): 0.244850, Reg: 0.037309
Iter 70 of 180 Loss: 0.277659, L1(Flow): 0.240702, Reg: 0.036956
Iter 80 of 180 Loss: 0.269837, L1(Flow): 0.231583, Reg: 0.038253
Iter 90 of 180 Loss: 0.274023, L1(Flow): 0.234066, Reg: 0.039957
Iter 100 of 180 Loss: 0.255541, L1(Flow): 0.217739, Reg: 0.037802
Iter 110 of 180 Loss: 0.274466, L1(Flow): 0.233054, Reg: 0.041412
Iter 120 of 180 Loss: 0.271161, L1(Flow): 0.231084, Reg: 0.040077
Iter 130 of 180 Loss: 0.296465, L1(Flow): 0.258407, Reg: 0.038058
Iter 140 of 180 Loss: 0.312664, L1(Flow): 0.272001, Reg: 0.040663
Iter 150 of 180 Loss: 0.263792, L1(Flow): 0.227605, Reg: 0.036188
Iter 160 of 180 Loss: 0.273031, L1(Flow): 0.237031, Reg: 0.035999
Iter 170 of 180 Loss: 0.296669, L1(Flow): 0.258189, Reg: 0.038480
Iter 180 of 180 Loss: 0.277844, L1(Flow): 0.246091, Reg: 0.031754
Epoch 393 Loss: 0.279463
Epoch 393 Validation: Mean EPE: 1.0050, Mean SSIM: 0.8452, Mean ZNCC: 0.9713
Epoch 394 starts
Iter 10 of 180 Loss: 0.276712, L1(Flow): 0.236876, Reg: 0.039836
Iter 20 of 180 Loss: 0.284091, L1(Flow): 0.244650, Reg: 0.039441
Iter 30 of 180 Loss: 0.271323, L1(Flow): 0.232002, Reg: 0.039321
Iter 40 of 180 Loss: 0.268098, L1(Flow): 0.228686, Reg: 0.039412
Iter 50 of 180 Loss: 0.287759, L1(Flow): 0.248113, Reg: 0.039646
Iter 60 of 180 Loss: 0.270159, L1(Flow): 0.233699, Reg: 0.036460
Iter 70 of 180 Loss: 0.274373, L1(Flow): 0.238052, Reg: 0.036321
Iter 80 of 180 Loss: 0.281072, L1(Flow): 0.241334, Reg: 0.039738
Iter 90 of 180 Loss: 0.278694, L1(Flow): 0.239760, Reg: 0.038934
Iter 100 of 180 Loss: 0.301743, L1(Flow): 0.263143, Reg: 0.038599
Iter 110 of 180 Loss: 0.270786, L1(Flow): 0.232927, Reg: 0.037859
Iter 120 of 180 Loss: 0.278405, L1(Flow): 0.239453, Reg: 0.038952
Iter 130 of 180 Loss: 0.259830, L1(Flow): 0.225374, Reg: 0.034457
Iter 140 of 180 Loss: 0.271676, L1(Flow): 0.233430, Reg: 0.038245
Iter 150 of 180 Loss: 0.275126, L1(Flow): 0.238943, Reg: 0.036182
Iter 160 of 180 Loss: 0.285106, L1(Flow): 0.243264, Reg: 0.041843
Iter 170 of 180 Loss: 0.288815, L1(Flow): 0.246967, Reg: 0.041848
Iter 180 of 180 Loss: 0.270894, L1(Flow): 0.236063, Reg: 0.034830
Epoch 394 Loss: 0.278586
Epoch 394 Validation: Mean EPE: 1.0027, Mean SSIM: 0.8445, Mean ZNCC: 0.9713
Epoch 395 starts
Iter 10 of 180 Loss: 0.272006, L1(Flow): 0.237471, Reg: 0.034536
Iter 20 of 180 Loss: 0.249794, L1(Flow): 0.213597, Reg: 0.036196
Iter 30 of 180 Loss: 0.263301, L1(Flow): 0.228466, Reg: 0.034835
Iter 40 of 180 Loss: 0.256330, L1(Flow): 0.221165, Reg: 0.035165
Iter 50 of 180 Loss: 0.295325, L1(Flow): 0.253861, Reg: 0.041464
Iter 60 of 180 Loss: 0.271173, L1(Flow): 0.232061, Reg: 0.039111
Iter 70 of 180 Loss: 0.286014, L1(Flow): 0.248646, Reg: 0.037368
Iter 80 of 180 Loss: 0.274815, L1(Flow): 0.239047, Reg: 0.035769
Iter 90 of 180 Loss: 0.288447, L1(Flow): 0.248727, Reg: 0.039720
Iter 100 of 180 Loss: 0.278700, L1(Flow): 0.237608, Reg: 0.041092
Iter 110 of 180 Loss: 0.284815, L1(Flow): 0.244260, Reg: 0.040555
Iter 120 of 180 Loss: 0.269321, L1(Flow): 0.229840, Reg: 0.039481
Iter 130 of 180 Loss: 0.282563, L1(Flow): 0.241374, Reg: 0.041189
Iter 140 of 180 Loss: 0.278136, L1(Flow): 0.237333, Reg: 0.040803
Iter 150 of 180 Loss: 0.268034, L1(Flow): 0.229925, Reg: 0.038109
Iter 160 of 180 Loss: 0.264838, L1(Flow): 0.227394, Reg: 0.037444
Iter 170 of 180 Loss: 0.277032, L1(Flow): 0.238012, Reg: 0.039020
Iter 180 of 180 Loss: 0.269840, L1(Flow): 0.235058, Reg: 0.034782
Epoch 395 Loss: 0.274228
Epoch 395 Validation: Mean EPE: 0.9987, Mean SSIM: 0.8469, Mean ZNCC: 0.9715
--> Saved to Top 5 best models (EPE: 0.9987)
Epoch 396 starts
Iter 10 of 180 Loss: 0.294522, L1(Flow): 0.250541, Reg: 0.043981
Iter 20 of 180 Loss: 0.285975, L1(Flow): 0.248406, Reg: 0.037569
Iter 30 of 180 Loss: 0.278510, L1(Flow): 0.237828, Reg: 0.040682
Iter 40 of 180 Loss: 0.282859, L1(Flow): 0.242793, Reg: 0.040066
Iter 50 of 180 Loss: 0.273091, L1(Flow): 0.234332, Reg: 0.038759
Iter 60 of 180 Loss: 0.270345, L1(Flow): 0.231042, Reg: 0.039302
Iter 70 of 180 Loss: 0.273690, L1(Flow): 0.235165, Reg: 0.038524
Iter 80 of 180 Loss: 0.277387, L1(Flow): 0.238965, Reg: 0.038421
Iter 90 of 180 Loss: 0.273919, L1(Flow): 0.236083, Reg: 0.037836
Iter 100 of 180 Loss: 0.281793, L1(Flow): 0.241341, Reg: 0.040452
Iter 110 of 180 Loss: 0.271304, L1(Flow): 0.230838, Reg: 0.040466
Iter 120 of 180 Loss: 0.274195, L1(Flow): 0.236878, Reg: 0.037317
Iter 130 of 180 Loss: 0.266130, L1(Flow): 0.229211, Reg: 0.036919
Iter 140 of 180 Loss: 0.288595, L1(Flow): 0.246516, Reg: 0.042079
Iter 150 of 180 Loss: 0.258158, L1(Flow): 0.223895, Reg: 0.034263
Iter 160 of 180 Loss: 0.271255, L1(Flow): 0.235447, Reg: 0.035807
Iter 170 of 180 Loss: 0.277969, L1(Flow): 0.239582, Reg: 0.038387
Iter 180 of 180 Loss: 0.281754, L1(Flow): 0.245750, Reg: 0.036005
Epoch 396 Loss: 0.273505
Epoch 396 Validation: Mean EPE: 1.0003, Mean SSIM: 0.8456, Mean ZNCC: 0.9714
--> Saved to Top 5 best models (EPE: 1.0003)
Epoch 397 starts
Iter 10 of 180 Loss: 0.268550, L1(Flow): 0.228206, Reg: 0.040344
Iter 20 of 180 Loss: 0.266181, L1(Flow): 0.226119, Reg: 0.040062
Iter 30 of 180 Loss: 0.281210, L1(Flow): 0.242447, Reg: 0.038763
Iter 40 of 180 Loss: 0.285528, L1(Flow): 0.248199, Reg: 0.037330
Iter 50 of 180 Loss: 0.261171, L1(Flow): 0.224629, Reg: 0.036542
Iter 60 of 180 Loss: 0.273273, L1(Flow): 0.235185, Reg: 0.038089
Iter 70 of 180 Loss: 0.250971, L1(Flow): 0.216626, Reg: 0.034345
Iter 80 of 180 Loss: 0.256526, L1(Flow): 0.219364, Reg: 0.037162
Iter 90 of 180 Loss: 0.267135, L1(Flow): 0.230923, Reg: 0.036212
Iter 100 of 180 Loss: 0.276587, L1(Flow): 0.237990, Reg: 0.038597
Iter 110 of 180 Loss: 0.282771, L1(Flow): 0.241899, Reg: 0.040872
Iter 120 of 180 Loss: 0.280130, L1(Flow): 0.241636, Reg: 0.038494
Iter 130 of 180 Loss: 0.278455, L1(Flow): 0.236771, Reg: 0.041683
Iter 140 of 180 Loss: 0.261326, L1(Flow): 0.227587, Reg: 0.033738
Iter 150 of 180 Loss: 0.275653, L1(Flow): 0.235988, Reg: 0.039666
Iter 160 of 180 Loss: 0.262241, L1(Flow): 0.227725, Reg: 0.034516
Iter 170 of 180 Loss: 0.257889, L1(Flow): 0.223006, Reg: 0.034883
Iter 180 of 180 Loss: 0.244931, L1(Flow): 0.211426, Reg: 0.033504
Epoch 397 Loss: 0.270726
Epoch 397 Validation: Mean EPE: 0.9982, Mean SSIM: 0.8465, Mean ZNCC: 0.9716
--> Saved to Top 5 best models (EPE: 0.9982)
Epoch 398 starts
Iter 10 of 180 Loss: 0.283599, L1(Flow): 0.243669, Reg: 0.039930
Iter 20 of 180 Loss: 0.266678, L1(Flow): 0.229045, Reg: 0.037633
Iter 30 of 180 Loss: 0.262777, L1(Flow): 0.224486, Reg: 0.038291
Iter 40 of 180 Loss: 0.264977, L1(Flow): 0.228197, Reg: 0.036780
Iter 50 of 180 Loss: 0.265350, L1(Flow): 0.226580, Reg: 0.038770
Iter 60 of 180 Loss: 0.283750, L1(Flow): 0.243740, Reg: 0.040010
Iter 70 of 180 Loss: 0.300438, L1(Flow): 0.259815, Reg: 0.040623
Iter 80 of 180 Loss: 0.299887, L1(Flow): 0.262174, Reg: 0.037714
Iter 90 of 180 Loss: 0.263745, L1(Flow): 0.227016, Reg: 0.036729
Iter 100 of 180 Loss: 0.270617, L1(Flow): 0.232389, Reg: 0.038228
Iter 110 of 180 Loss: 0.260322, L1(Flow): 0.225059, Reg: 0.035262
Iter 120 of 180 Loss: 0.260789, L1(Flow): 0.225188, Reg: 0.035601
Iter 130 of 180 Loss: 0.288280, L1(Flow): 0.250038, Reg: 0.038242
Iter 140 of 180 Loss: 0.274689, L1(Flow): 0.235551, Reg: 0.039138
Iter 150 of 180 Loss: 0.271137, L1(Flow): 0.231814, Reg: 0.039323
Iter 160 of 180 Loss: 0.263551, L1(Flow): 0.223842, Reg: 0.039710
Iter 170 of 180 Loss: 0.259694, L1(Flow): 0.225362, Reg: 0.034332
Iter 180 of 180 Loss: 0.268910, L1(Flow): 0.231895, Reg: 0.037015
Epoch 398 Loss: 0.271816
Epoch 398 Validation: Mean EPE: 1.0040, Mean SSIM: 0.8462, Mean ZNCC: 0.9715
Epoch 399 starts
Iter 10 of 180 Loss: 0.281028, L1(Flow): 0.240863, Reg: 0.040165
Iter 20 of 180 Loss: 0.255694, L1(Flow): 0.221579, Reg: 0.034115
Iter 30 of 180 Loss: 0.271444, L1(Flow): 0.235231, Reg: 0.036213
Iter 40 of 180 Loss: 0.261751, L1(Flow): 0.226528, Reg: 0.035223
Iter 50 of 180 Loss: 0.271240, L1(Flow): 0.234258, Reg: 0.036983
Iter 60 of 180 Loss: 0.255805, L1(Flow): 0.218733, Reg: 0.037072
Iter 70 of 180 Loss: 0.277930, L1(Flow): 0.239204, Reg: 0.038726
Iter 80 of 180 Loss: 0.273736, L1(Flow): 0.237903, Reg: 0.035833
Iter 90 of 180 Loss: 0.286148, L1(Flow): 0.248604, Reg: 0.037544
Iter 100 of 180 Loss: 0.257066, L1(Flow): 0.221167, Reg: 0.035899
Iter 110 of 180 Loss: 0.269754, L1(Flow): 0.233578, Reg: 0.036175
Iter 120 of 180 Loss: 0.276060, L1(Flow): 0.239253, Reg: 0.036807
Iter 130 of 180 Loss: 0.318166, L1(Flow): 0.276781, Reg: 0.041385
Iter 140 of 180 Loss: 0.272986, L1(Flow): 0.236546, Reg: 0.036440
Iter 150 of 180 Loss: 0.267107, L1(Flow): 0.229852, Reg: 0.037255
Iter 160 of 180 Loss: 0.274761, L1(Flow): 0.236074, Reg: 0.038687
Iter 170 of 180 Loss: 0.266146, L1(Flow): 0.226656, Reg: 0.039490
Iter 180 of 180 Loss: 0.256380, L1(Flow): 0.221268, Reg: 0.035113
Epoch 399 Loss: 0.272661
Epoch 399 Validation: Mean EPE: 1.0046, Mean SSIM: 0.8460, Mean ZNCC: 0.9715
