nohup: 忽略输入
/data2/xujr/conda-envs/transmorph/lib/python3.10/site-packages/timm/models/layers/__init__.py:49: FutureWarning: Importing from timm.models.layers is deprecated, please import via timm.layers
  warnings.warn(f"Importing from {__name__} is deprecated, please import via timm.layers", FutureWarning)
Diffeomorphic integration enabled: True
/data2/xujr/conda-envs/transmorph/lib/python3.10/site-packages/torch/functional.py:505: UserWarning: torch.meshgrid: in an upcoming release, it will be required to pass the indexing argument. (Triggered internally at /pytorch/aten/src/ATen/native/TensorShape.cpp:4317.)
  return _VF.meshgrid(tensors, **kwargs)  # type: ignore[attr-defined]
2 GPUs used
Epoch 0 starts
Iter 10 of 180 Loss: 0.000614, L1(Flow): 0.000614, Reg: 0.000000
Iter 20 of 180 Loss: 0.000307, L1(Flow): 0.000307, Reg: 0.000000
Iter 30 of 180 Loss: 0.000158, L1(Flow): 0.000158, Reg: 0.000000
Iter 40 of 180 Loss: 0.000113, L1(Flow): 0.000113, Reg: 0.000000
Iter 50 of 180 Loss: 0.000155, L1(Flow): 0.000155, Reg: 0.000000
Iter 60 of 180 Loss: 0.000213, L1(Flow): 0.000213, Reg: 0.000000
Iter 70 of 180 Loss: 0.000164, L1(Flow): 0.000164, Reg: 0.000000
Iter 80 of 180 Loss: 0.000150, L1(Flow): 0.000150, Reg: 0.000000
Iter 90 of 180 Loss: 0.000083, L1(Flow): 0.000083, Reg: 0.000000
Iter 100 of 180 Loss: 0.000131, L1(Flow): 0.000131, Reg: 0.000000
Iter 110 of 180 Loss: 0.000158, L1(Flow): 0.000158, Reg: 0.000000
Iter 120 of 180 Loss: 0.000132, L1(Flow): 0.000132, Reg: 0.000000
Iter 130 of 180 Loss: 0.000121, L1(Flow): 0.000121, Reg: 0.000000
Iter 140 of 180 Loss: 0.000083, L1(Flow): 0.000083, Reg: 0.000000
Iter 150 of 180 Loss: 0.000069, L1(Flow): 0.000069, Reg: 0.000000
Iter 160 of 180 Loss: 0.000143, L1(Flow): 0.000143, Reg: 0.000000
Iter 170 of 180 Loss: 0.000055, L1(Flow): 0.000055, Reg: 0.000000
Iter 180 of 180 Loss: 0.000098, L1(Flow): 0.000098, Reg: 0.000000
Epoch 0 Loss: 0.000200
Epoch 0 Validation: Mean EPE: 0.0002, Mean SSIM: 1.0000, Mean ZNCC: 1.0000
--> Saved to Top 5 best models (EPE: 0.0002)
--> New absolute BEST model updated with EPE: 0.0002
Epoch 1 starts
Iter 10 of 180 Loss: 0.000110, L1(Flow): 0.000110, Reg: 0.000000
Iter 20 of 180 Loss: 0.000116, L1(Flow): 0.000116, Reg: 0.000000
Iter 30 of 180 Loss: 0.000077, L1(Flow): 0.000077, Reg: 0.000000
Iter 40 of 180 Loss: 0.000050, L1(Flow): 0.000050, Reg: 0.000000
Iter 50 of 180 Loss: 0.000032, L1(Flow): 0.000032, Reg: 0.000000
Iter 60 of 180 Loss: 0.000042, L1(Flow): 0.000042, Reg: 0.000000
Iter 70 of 180 Loss: 0.000026, L1(Flow): 0.000026, Reg: 0.000000
Iter 80 of 180 Loss: 0.000038, L1(Flow): 0.000038, Reg: 0.000000
Iter 90 of 180 Loss: 0.000061, L1(Flow): 0.000061, Reg: 0.000000
Iter 100 of 180 Loss: 0.000041, L1(Flow): 0.000041, Reg: 0.000000
Iter 110 of 180 Loss: 0.000025, L1(Flow): 0.000025, Reg: 0.000000
Iter 120 of 180 Loss: 0.000046, L1(Flow): 0.000046, Reg: 0.000000
Iter 130 of 180 Loss: 0.000049, L1(Flow): 0.000049, Reg: 0.000000
Iter 140 of 180 Loss: 0.000033, L1(Flow): 0.000033, Reg: 0.000000
Iter 150 of 180 Loss: 0.000032, L1(Flow): 0.000032, Reg: 0.000000
Iter 160 of 180 Loss: 0.000035, L1(Flow): 0.000035, Reg: 0.000000
Iter 170 of 180 Loss: 0.000044, L1(Flow): 0.000044, Reg: 0.000000
Iter 180 of 180 Loss: 0.000046, L1(Flow): 0.000046, Reg: 0.000000
Epoch 1 Loss: 0.000046
Epoch 1 Validation: Mean EPE: 0.0000, Mean SSIM: 1.0000, Mean ZNCC: 1.0000
--> Saved to Top 5 best models (EPE: 0.0000)
--> New absolute BEST model updated with EPE: 0.0000
Epoch 2 starts
Iter 10 of 180 Loss: 0.000028, L1(Flow): 0.000028, Reg: 0.000000
Iter 20 of 180 Loss: 0.000052, L1(Flow): 0.000052, Reg: 0.000000
Iter 30 of 180 Loss: 0.000062, L1(Flow): 0.000062, Reg: 0.000000
Iter 40 of 180 Loss: 0.000029, L1(Flow): 0.000029, Reg: 0.000000
Iter 50 of 180 Loss: 0.000023, L1(Flow): 0.000023, Reg: 0.000000
Iter 60 of 180 Loss: 0.000020, L1(Flow): 0.000020, Reg: 0.000000
Iter 70 of 180 Loss: 0.000038, L1(Flow): 0.000038, Reg: 0.000000
Iter 80 of 180 Loss: 0.000031, L1(Flow): 0.000030, Reg: 0.000000
Iter 90 of 180 Loss: 0.000012, L1(Flow): 0.000012, Reg: 0.000000
Iter 100 of 180 Loss: 0.000014, L1(Flow): 0.000014, Reg: 0.000000
Iter 110 of 180 Loss: 0.000022, L1(Flow): 0.000022, Reg: 0.000000
Iter 120 of 180 Loss: 0.000035, L1(Flow): 0.000035, Reg: 0.000000
Iter 130 of 180 Loss: 0.000033, L1(Flow): 0.000033, Reg: 0.000000
Iter 140 of 180 Loss: 0.000033, L1(Flow): 0.000033, Reg: 0.000000
Iter 150 of 180 Loss: 0.000022, L1(Flow): 0.000022, Reg: 0.000000
Iter 160 of 180 Loss: 0.000049, L1(Flow): 0.000049, Reg: 0.000000
Iter 170 of 180 Loss: 0.000038, L1(Flow): 0.000038, Reg: 0.000000
Iter 180 of 180 Loss: 0.000055, L1(Flow): 0.000055, Reg: 0.000000
Epoch 2 Loss: 0.000037
Epoch 2 Validation: Mean EPE: 0.0001, Mean SSIM: 1.0000, Mean ZNCC: 1.0000
--> Saved to Top 5 best models (EPE: 0.0001)
Epoch 3 starts
Iter 10 of 180 Loss: 0.000028, L1(Flow): 0.000028, Reg: 0.000000
Iter 20 of 180 Loss: 0.000040, L1(Flow): 0.000040, Reg: 0.000000
Iter 30 of 180 Loss: 0.000011, L1(Flow): 0.000011, Reg: 0.000000
Iter 40 of 180 Loss: 0.000049, L1(Flow): 0.000049, Reg: 0.000000
Iter 50 of 180 Loss: 0.000023, L1(Flow): 0.000023, Reg: 0.000000
Iter 60 of 180 Loss: 0.000030, L1(Flow): 0.000030, Reg: 0.000000
Iter 70 of 180 Loss: 0.000021, L1(Flow): 0.000021, Reg: 0.000000
Iter 80 of 180 Loss: 0.000025, L1(Flow): 0.000025, Reg: 0.000000
Iter 90 of 180 Loss: 0.000009, L1(Flow): 0.000009, Reg: 0.000000
Iter 100 of 180 Loss: 0.000025, L1(Flow): 0.000025, Reg: 0.000000
Iter 110 of 180 Loss: 0.000028, L1(Flow): 0.000028, Reg: 0.000000
Iter 120 of 180 Loss: 0.000028, L1(Flow): 0.000028, Reg: 0.000000
Iter 130 of 180 Loss: 0.000052, L1(Flow): 0.000052, Reg: 0.000000
Iter 140 of 180 Loss: 0.000015, L1(Flow): 0.000015, Reg: 0.000000
Iter 150 of 180 Loss: 0.000036, L1(Flow): 0.000036, Reg: 0.000000
Iter 160 of 180 Loss: 0.000026, L1(Flow): 0.000026, Reg: 0.000000
Iter 170 of 180 Loss: 0.000027, L1(Flow): 0.000027, Reg: 0.000000
Iter 180 of 180 Loss: 0.000016, L1(Flow): 0.000016, Reg: 0.000000
Epoch 3 Loss: 0.000029
Epoch 3 Validation: Mean EPE: 0.0000, Mean SSIM: 1.0000, Mean ZNCC: 1.0000
--> Saved to Top 5 best models (EPE: 0.0000)
Epoch 4 starts
Iter 10 of 180 Loss: 0.000016, L1(Flow): 0.000016, Reg: 0.000000
Iter 20 of 180 Loss: 0.000036, L1(Flow): 0.000036, Reg: 0.000000
Iter 30 of 180 Loss: 0.000029, L1(Flow): 0.000029, Reg: 0.000000
Iter 40 of 180 Loss: 0.000056, L1(Flow): 0.000055, Reg: 0.000000
Iter 50 of 180 Loss: 0.000022, L1(Flow): 0.000022, Reg: 0.000000
Iter 60 of 180 Loss: 0.000067, L1(Flow): 0.000067, Reg: 0.000000
Iter 70 of 180 Loss: 0.000039, L1(Flow): 0.000039, Reg: 0.000000
Iter 80 of 180 Loss: 0.000016, L1(Flow): 0.000016, Reg: 0.000000
Iter 90 of 180 Loss: 0.000036, L1(Flow): 0.000036, Reg: 0.000000
Iter 100 of 180 Loss: 0.000017, L1(Flow): 0.000017, Reg: 0.000000
Iter 110 of 180 Loss: 0.000038, L1(Flow): 0.000038, Reg: 0.000000
Iter 120 of 180 Loss: 0.000024, L1(Flow): 0.000024, Reg: 0.000000
Iter 130 of 180 Loss: 0.000014, L1(Flow): 0.000014, Reg: 0.000000
Iter 140 of 180 Loss: 0.000009, L1(Flow): 0.000009, Reg: 0.000000
Iter 150 of 180 Loss: 0.000030, L1(Flow): 0.000030, Reg: 0.000000
Iter 160 of 180 Loss: 0.000045, L1(Flow): 0.000045, Reg: 0.000000
Iter 170 of 180 Loss: 0.000027, L1(Flow): 0.000027, Reg: 0.000000
Iter 180 of 180 Loss: 0.000026, L1(Flow): 0.000026, Reg: 0.000000
Epoch 4 Loss: 0.000030
Epoch 4 Validation: Mean EPE: 0.0000, Mean SSIM: 1.0000, Mean ZNCC: 1.0000
--> Saved to Top 5 best models (EPE: 0.0000)
--> New absolute BEST model updated with EPE: 0.0000
Epoch 5 starts
Iter 10 of 180 Loss: 0.000024, L1(Flow): 0.000024, Reg: 0.000000
Iter 20 of 180 Loss: 0.000020, L1(Flow): 0.000020, Reg: 0.000000
Iter 30 of 180 Loss: 0.000027, L1(Flow): 0.000027, Reg: 0.000000
Iter 40 of 180 Loss: 0.000045, L1(Flow): 0.000045, Reg: 0.000000
Iter 50 of 180 Loss: 0.000032, L1(Flow): 0.000032, Reg: 0.000000
Iter 60 of 180 Loss: 0.000015, L1(Flow): 0.000015, Reg: 0.000000
Iter 70 of 180 Loss: 0.000008, L1(Flow): 0.000008, Reg: 0.000000
Iter 80 of 180 Loss: 0.000012, L1(Flow): 0.000012, Reg: 0.000000
Iter 90 of 180 Loss: 0.000022, L1(Flow): 0.000022, Reg: 0.000000
Iter 100 of 180 Loss: 0.000009, L1(Flow): 0.000009, Reg: 0.000000
Iter 110 of 180 Loss: 0.000039, L1(Flow): 0.000039, Reg: 0.000000
Iter 120 of 180 Loss: 0.000034, L1(Flow): 0.000034, Reg: 0.000000
Iter 130 of 180 Loss: 0.000012, L1(Flow): 0.000012, Reg: 0.000000
Iter 140 of 180 Loss: 0.000024, L1(Flow): 0.000024, Reg: 0.000000
Iter 150 of 180 Loss: 0.000018, L1(Flow): 0.000018, Reg: 0.000000
Iter 160 of 180 Loss: 0.000023, L1(Flow): 0.000023, Reg: 0.000000
Iter 170 of 180 Loss: 0.000011, L1(Flow): 0.000011, Reg: 0.000000
Iter 180 of 180 Loss: 0.000021, L1(Flow): 0.000021, Reg: 0.000000
Epoch 5 Loss: 0.000022
Epoch 5 Validation: Mean EPE: 0.0000, Mean SSIM: 1.0000, Mean ZNCC: 1.0000
--> Saved to Top 5 best models (EPE: 0.0000)
--> New absolute BEST model updated with EPE: 0.0000
Epoch 6 starts
Iter 10 of 180 Loss: 0.000026, L1(Flow): 0.000026, Reg: 0.000000
Iter 20 of 180 Loss: 0.000041, L1(Flow): 0.000041, Reg: 0.000000
Iter 30 of 180 Loss: 0.000013, L1(Flow): 0.000013, Reg: 0.000000
Iter 40 of 180 Loss: 0.000032, L1(Flow): 0.000032, Reg: 0.000000
Iter 50 of 180 Loss: 0.000017, L1(Flow): 0.000017, Reg: 0.000000
Iter 60 of 180 Loss: 0.000021, L1(Flow): 0.000021, Reg: 0.000000
Iter 70 of 180 Loss: 0.000014, L1(Flow): 0.000014, Reg: 0.000000
Iter 80 of 180 Loss: 0.000015, L1(Flow): 0.000015, Reg: 0.000000
Iter 90 of 180 Loss: 0.000031, L1(Flow): 0.000031, Reg: 0.000000
Iter 100 of 180 Loss: 0.000018, L1(Flow): 0.000018, Reg: 0.000000
Iter 110 of 180 Loss: 0.000035, L1(Flow): 0.000035, Reg: 0.000000
Iter 120 of 180 Loss: 0.000022, L1(Flow): 0.000022, Reg: 0.000000
Iter 130 of 180 Loss: 0.000021, L1(Flow): 0.000021, Reg: 0.000000
Iter 140 of 180 Loss: 0.000018, L1(Flow): 0.000018, Reg: 0.000000
Iter 150 of 180 Loss: 0.000024, L1(Flow): 0.000024, Reg: 0.000000
Iter 160 of 180 Loss: 0.000032, L1(Flow): 0.000032, Reg: 0.000000
Iter 170 of 180 Loss: 0.000044, L1(Flow): 0.000044, Reg: 0.000000
Iter 180 of 180 Loss: 0.000045, L1(Flow): 0.000045, Reg: 0.000000
Epoch 6 Loss: 0.000023
Epoch 6 Validation: Mean EPE: 0.0001, Mean SSIM: 1.0000, Mean ZNCC: 1.0000
--> Saved to Top 5 best models (EPE: 0.0001)
Epoch 7 starts
Iter 10 of 180 Loss: 0.000029, L1(Flow): 0.000029, Reg: 0.000000
Iter 20 of 180 Loss: 0.000027, L1(Flow): 0.000027, Reg: 0.000000
Iter 30 of 180 Loss: 0.000020, L1(Flow): 0.000020, Reg: 0.000000
Iter 40 of 180 Loss: 0.000023, L1(Flow): 0.000023, Reg: 0.000000
Iter 50 of 180 Loss: 0.000019, L1(Flow): 0.000019, Reg: 0.000000
Iter 60 of 180 Loss: 0.000020, L1(Flow): 0.000020, Reg: 0.000000
Iter 70 of 180 Loss: 0.000024, L1(Flow): 0.000024, Reg: 0.000000
Iter 80 of 180 Loss: 0.000024, L1(Flow): 0.000024, Reg: 0.000000
Iter 90 of 180 Loss: 0.000009, L1(Flow): 0.000009, Reg: 0.000000
Iter 100 of 180 Loss: 0.000010, L1(Flow): 0.000010, Reg: 0.000000
Iter 110 of 180 Loss: 0.000017, L1(Flow): 0.000017, Reg: 0.000000
Iter 120 of 180 Loss: 0.000022, L1(Flow): 0.000022, Reg: 0.000000
Iter 130 of 180 Loss: 0.000018, L1(Flow): 0.000018, Reg: 0.000000
Iter 140 of 180 Loss: 0.000014, L1(Flow): 0.000014, Reg: 0.000000
Iter 150 of 180 Loss: 0.000021, L1(Flow): 0.000021, Reg: 0.000000
Iter 160 of 180 Loss: 0.000039, L1(Flow): 0.000039, Reg: 0.000000
Iter 170 of 180 Loss: 0.000015, L1(Flow): 0.000015, Reg: 0.000000
Iter 180 of 180 Loss: 0.000019, L1(Flow): 0.000019, Reg: 0.000000
Epoch 7 Loss: 0.000021
Epoch 7 Validation: Mean EPE: 0.0000, Mean SSIM: 1.0000, Mean ZNCC: 1.0000
--> Saved to Top 5 best models (EPE: 0.0000)
--> New absolute BEST model updated with EPE: 0.0000
Epoch 8 starts
Iter 10 of 180 Loss: 0.000011, L1(Flow): 0.000011, Reg: 0.000000
Iter 20 of 180 Loss: 0.000024, L1(Flow): 0.000024, Reg: 0.000000
Iter 30 of 180 Loss: 0.000033, L1(Flow): 0.000033, Reg: 0.000000
Iter 40 of 180 Loss: 0.000012, L1(Flow): 0.000012, Reg: 0.000000
Iter 50 of 180 Loss: 0.000040, L1(Flow): 0.000040, Reg: 0.000000
Iter 60 of 180 Loss: 0.000029, L1(Flow): 0.000029, Reg: 0.000000
Iter 70 of 180 Loss: 0.000017, L1(Flow): 0.000017, Reg: 0.000000
Iter 80 of 180 Loss: 0.000036, L1(Flow): 0.000036, Reg: 0.000000
Iter 90 of 180 Loss: 0.000017, L1(Flow): 0.000017, Reg: 0.000000
Iter 100 of 180 Loss: 0.000022, L1(Flow): 0.000022, Reg: 0.000000
Iter 110 of 180 Loss: 0.000016, L1(Flow): 0.000016, Reg: 0.000000
Iter 120 of 180 Loss: 0.000033, L1(Flow): 0.000033, Reg: 0.000000
Iter 130 of 180 Loss: 0.000008, L1(Flow): 0.000008, Reg: 0.000000
Iter 140 of 180 Loss: 0.000017, L1(Flow): 0.000017, Reg: 0.000000
Iter 150 of 180 Loss: 0.000029, L1(Flow): 0.000029, Reg: 0.000000
Iter 160 of 180 Loss: 0.000012, L1(Flow): 0.000012, Reg: 0.000000
Iter 170 of 180 Loss: 0.000024, L1(Flow): 0.000024, Reg: 0.000000
Iter 180 of 180 Loss: 0.000022, L1(Flow): 0.000022, Reg: 0.000000
Epoch 8 Loss: 0.000022
Epoch 8 Validation: Mean EPE: 0.0000, Mean SSIM: 1.0000, Mean ZNCC: 1.0000
--> Saved to Top 5 best models (EPE: 0.0000)
Epoch 9 starts
Iter 10 of 180 Loss: 0.000014, L1(Flow): 0.000014, Reg: 0.000000
Iter 20 of 180 Loss: 0.000021, L1(Flow): 0.000021, Reg: 0.000000
Iter 30 of 180 Loss: 0.000023, L1(Flow): 0.000023, Reg: 0.000000
Iter 40 of 180 Loss: 0.000010, L1(Flow): 0.000010, Reg: 0.000000
Iter 50 of 180 Loss: 0.000019, L1(Flow): 0.000019, Reg: 0.000000
Iter 60 of 180 Loss: 0.000027, L1(Flow): 0.000027, Reg: 0.000000
Iter 70 of 180 Loss: 0.000014, L1(Flow): 0.000014, Reg: 0.000000
Iter 80 of 180 Loss: 0.000013, L1(Flow): 0.000013, Reg: 0.000000
Iter 90 of 180 Loss: 0.000020, L1(Flow): 0.000020, Reg: 0.000000
Iter 100 of 180 Loss: 0.000020, L1(Flow): 0.000020, Reg: 0.000000
Iter 110 of 180 Loss: 0.000017, L1(Flow): 0.000017, Reg: 0.000000
Iter 120 of 180 Loss: 0.000042, L1(Flow): 0.000042, Reg: 0.000000
Iter 130 of 180 Loss: 0.000015, L1(Flow): 0.000015, Reg: 0.000000
Iter 140 of 180 Loss: 0.000026, L1(Flow): 0.000026, Reg: 0.000000
Iter 150 of 180 Loss: 0.000025, L1(Flow): 0.000025, Reg: 0.000000
Iter 160 of 180 Loss: 0.000017, L1(Flow): 0.000017, Reg: 0.000000
Iter 170 of 180 Loss: 0.000018, L1(Flow): 0.000018, Reg: 0.000000
Iter 180 of 180 Loss: 0.000028, L1(Flow): 0.000028, Reg: 0.000000
Epoch 9 Loss: 0.000022
Epoch 9 Validation: Mean EPE: 0.0000, Mean SSIM: 1.0000, Mean ZNCC: 1.0000
--> Saved to Top 5 best models (EPE: 0.0000)
Epoch 10 starts
Iter 10 of 180 Loss: 0.000011, L1(Flow): 0.000011, Reg: 0.000000
Iter 20 of 180 Loss: 0.000017, L1(Flow): 0.000017, Reg: 0.000000
Iter 30 of 180 Loss: 0.000027, L1(Flow): 0.000027, Reg: 0.000000
Iter 40 of 180 Loss: 0.000012, L1(Flow): 0.000012, Reg: 0.000000
Iter 50 of 180 Loss: 0.000027, L1(Flow): 0.000027, Reg: 0.000000
Iter 60 of 180 Loss: 0.000029, L1(Flow): 0.000029, Reg: 0.000000
Iter 70 of 180 Loss: 0.000012, L1(Flow): 0.000012, Reg: 0.000000
Iter 80 of 180 Loss: 0.000021, L1(Flow): 0.000021, Reg: 0.000000
Iter 90 of 180 Loss: 0.000033, L1(Flow): 0.000033, Reg: 0.000000
Iter 100 of 180 Loss: 0.000010, L1(Flow): 0.000010, Reg: 0.000000
Iter 110 of 180 Loss: 0.000018, L1(Flow): 0.000018, Reg: 0.000000
Iter 120 of 180 Loss: 0.000030, L1(Flow): 0.000030, Reg: 0.000000
Iter 130 of 180 Loss: 0.000012, L1(Flow): 0.000012, Reg: 0.000000
Iter 140 of 180 Loss: 0.000018, L1(Flow): 0.000018, Reg: 0.000000
Iter 150 of 180 Loss: 0.000029, L1(Flow): 0.000029, Reg: 0.000000
Iter 160 of 180 Loss: 0.000013, L1(Flow): 0.000013, Reg: 0.000000
Iter 170 of 180 Loss: 0.000024, L1(Flow): 0.000023, Reg: 0.000000
Iter 180 of 180 Loss: 0.000031, L1(Flow): 0.000031, Reg: 0.000000
Epoch 10 Loss: 0.000021
Epoch 10 Validation: Mean EPE: 0.0000, Mean SSIM: 1.0000, Mean ZNCC: 1.0000
Epoch 11 starts
Iter 10 of 180 Loss: 0.000014, L1(Flow): 0.000014, Reg: 0.000000
Iter 20 of 180 Loss: 0.000025, L1(Flow): 0.000025, Reg: 0.000000
Iter 30 of 180 Loss: 0.000028, L1(Flow): 0.000028, Reg: 0.000000
Iter 40 of 180 Loss: 0.000010, L1(Flow): 0.000010, Reg: 0.000000
Iter 50 of 180 Loss: 0.000029, L1(Flow): 0.000029, Reg: 0.000000
Iter 60 of 180 Loss: 0.000029, L1(Flow): 0.000029, Reg: 0.000000
Iter 70 of 180 Loss: 0.000010, L1(Flow): 0.000010, Reg: 0.000000
Iter 80 of 180 Loss: 0.000019, L1(Flow): 0.000019, Reg: 0.000000
Iter 90 of 180 Loss: 0.000030, L1(Flow): 0.000030, Reg: 0.000000
Iter 100 of 180 Loss: 0.000017, L1(Flow): 0.000017, Reg: 0.000000
Iter 110 of 180 Loss: 0.000028, L1(Flow): 0.000028, Reg: 0.000000
Iter 120 of 180 Loss: 0.000030, L1(Flow): 0.000030, Reg: 0.000000
Iter 130 of 180 Loss: 0.000010, L1(Flow): 0.000010, Reg: 0.000000
Iter 140 of 180 Loss: 0.000023, L1(Flow): 0.000023, Reg: 0.000000
Iter 150 of 180 Loss: 0.000016, L1(Flow): 0.000016, Reg: 0.000000
Iter 160 of 180 Loss: 0.000010, L1(Flow): 0.000010, Reg: 0.000000
Iter 170 of 180 Loss: 0.000018, L1(Flow): 0.000018, Reg: 0.000000
Iter 180 of 180 Loss: 0.000017, L1(Flow): 0.000017, Reg: 0.000000
Epoch 11 Loss: 0.000019
Epoch 11 Validation: Mean EPE: 0.0000, Mean SSIM: 1.0000, Mean ZNCC: 1.0000
--> Saved to Top 5 best models (EPE: 0.0000)
Epoch 12 starts
Iter 10 of 180 Loss: 0.000029, L1(Flow): 0.000029, Reg: 0.000000
Iter 20 of 180 Loss: 0.000015, L1(Flow): 0.000015, Reg: 0.000000
Iter 30 of 180 Loss: 0.000015, L1(Flow): 0.000015, Reg: 0.000000
Iter 40 of 180 Loss: 0.000010, L1(Flow): 0.000010, Reg: 0.000000
Iter 50 of 180 Loss: 0.000014, L1(Flow): 0.000014, Reg: 0.000000
Iter 60 of 180 Loss: 0.000020, L1(Flow): 0.000020, Reg: 0.000000
Iter 70 of 180 Loss: 0.000013, L1(Flow): 0.000013, Reg: 0.000000
Iter 80 of 180 Loss: 0.000016, L1(Flow): 0.000016, Reg: 0.000000
Iter 90 of 180 Loss: 0.000015, L1(Flow): 0.000015, Reg: 0.000000
Iter 100 of 180 Loss: 0.000014, L1(Flow): 0.000014, Reg: 0.000000
Iter 110 of 180 Loss: 0.000011, L1(Flow): 0.000011, Reg: 0.000000
Iter 120 of 180 Loss: 0.000015, L1(Flow): 0.000015, Reg: 0.000000
Iter 130 of 180 Loss: 0.000016, L1(Flow): 0.000016, Reg: 0.000000
Iter 140 of 180 Loss: 0.000028, L1(Flow): 0.000028, Reg: 0.000000
Iter 150 of 180 Loss: 0.000012, L1(Flow): 0.000012, Reg: 0.000000
Iter 160 of 180 Loss: 0.000008, L1(Flow): 0.000008, Reg: 0.000000
Iter 170 of 180 Loss: 0.000018, L1(Flow): 0.000018, Reg: 0.000000
Iter 180 of 180 Loss: 0.000015, L1(Flow): 0.000015, Reg: 0.000000
Epoch 12 Loss: 0.000015
Epoch 12 Validation: Mean EPE: 0.0000, Mean SSIM: 1.0000, Mean ZNCC: 1.0000
--> Saved to Top 5 best models (EPE: 0.0000)
Epoch 13 starts
Iter 10 of 180 Loss: 0.000017, L1(Flow): 0.000017, Reg: 0.000000
Iter 20 of 180 Loss: 0.000012, L1(Flow): 0.000012, Reg: 0.000000
Iter 30 of 180 Loss: 0.000012, L1(Flow): 0.000012, Reg: 0.000000
Iter 40 of 180 Loss: 0.000011, L1(Flow): 0.000011, Reg: 0.000000
Iter 50 of 180 Loss: 0.000010, L1(Flow): 0.000010, Reg: 0.000000
Iter 60 of 180 Loss: 0.000020, L1(Flow): 0.000020, Reg: 0.000000
Iter 70 of 180 Loss: 0.000013, L1(Flow): 0.000013, Reg: 0.000000
Iter 80 of 180 Loss: 0.000013, L1(Flow): 0.000013, Reg: 0.000000
Iter 90 of 180 Loss: 0.000014, L1(Flow): 0.000014, Reg: 0.000000
Iter 100 of 180 Loss: 0.000010, L1(Flow): 0.000010, Reg: 0.000000
Iter 110 of 180 Loss: 0.000010, L1(Flow): 0.000010, Reg: 0.000000
Iter 120 of 180 Loss: 0.000012, L1(Flow): 0.000012, Reg: 0.000000
Iter 130 of 180 Loss: 0.000030, L1(Flow): 0.000030, Reg: 0.000000
Iter 140 of 180 Loss: 0.000014, L1(Flow): 0.000014, Reg: 0.000000
Iter 150 of 180 Loss: 0.000038, L1(Flow): 0.000038, Reg: 0.000000
Iter 160 of 180 Loss: 0.000020, L1(Flow): 0.000020, Reg: 0.000000
Iter 170 of 180 Loss: 0.000008, L1(Flow): 0.000008, Reg: 0.000000
Iter 180 of 180 Loss: 0.000013, L1(Flow): 0.000013, Reg: 0.000000
Epoch 13 Loss: 0.000015
Epoch 13 Validation: Mean EPE: 0.0000, Mean SSIM: 1.0000, Mean ZNCC: 1.0000
--> Saved to Top 5 best models (EPE: 0.0000)
Epoch 14 starts
Iter 10 of 180 Loss: 0.000027, L1(Flow): 0.000027, Reg: 0.000000
Iter 20 of 180 Loss: 0.000021, L1(Flow): 0.000021, Reg: 0.000000
Iter 30 of 180 Loss: 0.000017, L1(Flow): 0.000017, Reg: 0.000000
Iter 40 of 180 Loss: 0.000020, L1(Flow): 0.000020, Reg: 0.000000
Iter 50 of 180 Loss: 0.000016, L1(Flow): 0.000016, Reg: 0.000000
Iter 60 of 180 Loss: 0.000014, L1(Flow): 0.000014, Reg: 0.000000
Iter 70 of 180 Loss: 0.000026, L1(Flow): 0.000026, Reg: 0.000000
Iter 80 of 180 Loss: 0.000013, L1(Flow): 0.000013, Reg: 0.000000
Iter 90 of 180 Loss: 0.000014, L1(Flow): 0.000014, Reg: 0.000000
Iter 100 of 180 Loss: 0.000023, L1(Flow): 0.000023, Reg: 0.000000
Iter 110 of 180 Loss: 0.000020, L1(Flow): 0.000020, Reg: 0.000000
Iter 120 of 180 Loss: 0.000016, L1(Flow): 0.000016, Reg: 0.000000
Iter 130 of 180 Loss: 0.000018, L1(Flow): 0.000018, Reg: 0.000000
Iter 140 of 180 Loss: 0.000019, L1(Flow): 0.000019, Reg: 0.000000
Iter 150 of 180 Loss: 0.000019, L1(Flow): 0.000019, Reg: 0.000000
Iter 160 of 180 Loss: 0.000018, L1(Flow): 0.000018, Reg: 0.000000
Iter 170 of 180 Loss: 0.000016, L1(Flow): 0.000016, Reg: 0.000000
Iter 180 of 180 Loss: 0.000020, L1(Flow): 0.000020, Reg: 0.000000
Epoch 14 Loss: 0.000019
Epoch 14 Validation: Mean EPE: 0.0000, Mean SSIM: 1.0000, Mean ZNCC: 1.0000
Epoch 15 starts
Iter 10 of 180 Loss: 0.000022, L1(Flow): 0.000022, Reg: 0.000000
Iter 20 of 180 Loss: 0.000020, L1(Flow): 0.000020, Reg: 0.000000
Iter 30 of 180 Loss: 0.000017, L1(Flow): 0.000017, Reg: 0.000000
Iter 40 of 180 Loss: 0.000022, L1(Flow): 0.000022, Reg: 0.000000
Iter 50 of 180 Loss: 0.000018, L1(Flow): 0.000018, Reg: 0.000000
Iter 60 of 180 Loss: 0.000016, L1(Flow): 0.000016, Reg: 0.000000
Iter 70 of 180 Loss: 0.000026, L1(Flow): 0.000026, Reg: 0.000000
Iter 80 of 180 Loss: 0.000016, L1(Flow): 0.000016, Reg: 0.000000
Iter 90 of 180 Loss: 0.000016, L1(Flow): 0.000015, Reg: 0.000000
Iter 100 of 180 Loss: 0.000026, L1(Flow): 0.000026, Reg: 0.000000
Iter 110 of 180 Loss: 0.000018, L1(Flow): 0.000018, Reg: 0.000000
Iter 120 of 180 Loss: 0.000015, L1(Flow): 0.000015, Reg: 0.000000
Iter 130 of 180 Loss: 0.000023, L1(Flow): 0.000023, Reg: 0.000000
Iter 140 of 180 Loss: 0.000018, L1(Flow): 0.000018, Reg: 0.000000
Iter 150 of 180 Loss: 0.000014, L1(Flow): 0.000014, Reg: 0.000000
Iter 160 of 180 Loss: 0.000019, L1(Flow): 0.000019, Reg: 0.000000
Iter 170 of 180 Loss: 0.000020, L1(Flow): 0.000020, Reg: 0.000000
Iter 180 of 180 Loss: 0.000015, L1(Flow): 0.000015, Reg: 0.000000
Epoch 15 Loss: 0.000018
Epoch 15 Validation: Mean EPE: 0.0000, Mean SSIM: 1.0000, Mean ZNCC: 1.0000
Epoch 16 starts
Iter 10 of 180 Loss: 0.000021, L1(Flow): 0.000021, Reg: 0.000000
Iter 20 of 180 Loss: 0.000018, L1(Flow): 0.000018, Reg: 0.000000
Iter 30 of 180 Loss: 0.000018, L1(Flow): 0.000018, Reg: 0.000000
Iter 40 of 180 Loss: 0.000022, L1(Flow): 0.000022, Reg: 0.000000
Iter 50 of 180 Loss: 0.000018, L1(Flow): 0.000018, Reg: 0.000000
Iter 60 of 180 Loss: 0.000015, L1(Flow): 0.000015, Reg: 0.000000
Iter 70 of 180 Loss: 0.000018, L1(Flow): 0.000018, Reg: 0.000000
Iter 80 of 180 Loss: 0.000016, L1(Flow): 0.000016, Reg: 0.000000
Iter 90 of 180 Loss: 0.000019, L1(Flow): 0.000019, Reg: 0.000000
Iter 100 of 180 Loss: 0.000017, L1(Flow): 0.000017, Reg: 0.000000
Iter 110 of 180 Loss: 0.000017, L1(Flow): 0.000017, Reg: 0.000000
Iter 120 of 180 Loss: 0.000019, L1(Flow): 0.000019, Reg: 0.000000
Iter 130 of 180 Loss: 0.000017, L1(Flow): 0.000017, Reg: 0.000000
Iter 140 of 180 Loss: 0.000019, L1(Flow): 0.000019, Reg: 0.000000
Iter 150 of 180 Loss: 0.000016, L1(Flow): 0.000016, Reg: 0.000000
Iter 160 of 180 Loss: 0.000017, L1(Flow): 0.000017, Reg: 0.000000
Iter 170 of 180 Loss: 0.000017, L1(Flow): 0.000017, Reg: 0.000000
Iter 180 of 180 Loss: 0.000017, L1(Flow): 0.000017, Reg: 0.000000
Epoch 16 Loss: 0.000018
Epoch 16 Validation: Mean EPE: 0.0000, Mean SSIM: 1.0000, Mean ZNCC: 1.0000
Epoch 17 starts
Iter 10 of 180 Loss: 0.000018, L1(Flow): 0.000018, Reg: 0.000000
Iter 20 of 180 Loss: 0.000018, L1(Flow): 0.000018, Reg: 0.000000
Iter 30 of 180 Loss: 0.000012, L1(Flow): 0.000012, Reg: 0.000000
Iter 40 of 180 Loss: 0.000020, L1(Flow): 0.000020, Reg: 0.000000
Iter 50 of 180 Loss: 0.000017, L1(Flow): 0.000017, Reg: 0.000000
Iter 60 of 180 Loss: 0.000017, L1(Flow): 0.000017, Reg: 0.000000
Iter 70 of 180 Loss: 0.000017, L1(Flow): 0.000017, Reg: 0.000000
Iter 80 of 180 Loss: 0.000021, L1(Flow): 0.000021, Reg: 0.000000
Iter 90 of 180 Loss: 0.000018, L1(Flow): 0.000018, Reg: 0.000000
Iter 100 of 180 Loss: 0.000022, L1(Flow): 0.000022, Reg: 0.000000
Iter 110 of 180 Loss: 0.000016, L1(Flow): 0.000016, Reg: 0.000000
Iter 120 of 180 Loss: 0.000018, L1(Flow): 0.000018, Reg: 0.000000
Iter 130 of 180 Loss: 0.000019, L1(Flow): 0.000019, Reg: 0.000000
Iter 140 of 180 Loss: 0.000022, L1(Flow): 0.000022, Reg: 0.000000
Iter 150 of 180 Loss: 0.000014, L1(Flow): 0.000014, Reg: 0.000000
Iter 160 of 180 Loss: 0.000019, L1(Flow): 0.000019, Reg: 0.000000
Iter 170 of 180 Loss: 0.000013, L1(Flow): 0.000013, Reg: 0.000000
Iter 180 of 180 Loss: 0.000023, L1(Flow): 0.000023, Reg: 0.000000
Epoch 17 Loss: 0.000018
Epoch 17 Validation: Mean EPE: 0.0000, Mean SSIM: 1.0000, Mean ZNCC: 1.0000
--> Saved to Top 5 best models (EPE: 0.0000)
Epoch 18 starts
Iter 10 of 180 Loss: 0.000013, L1(Flow): 0.000013, Reg: 0.000000
Iter 20 of 180 Loss: 0.000021, L1(Flow): 0.000021, Reg: 0.000000
Iter 30 of 180 Loss: 0.000018, L1(Flow): 0.000018, Reg: 0.000000
Iter 40 of 180 Loss: 0.000012, L1(Flow): 0.000012, Reg: 0.000000
Iter 50 of 180 Loss: 0.000019, L1(Flow): 0.000019, Reg: 0.000000
Iter 60 of 180 Loss: 0.000021, L1(Flow): 0.000021, Reg: 0.000000
Iter 70 of 180 Loss: 0.000010, L1(Flow): 0.000010, Reg: 0.000000
Iter 80 of 180 Loss: 0.000014, L1(Flow): 0.000014, Reg: 0.000000
Iter 90 of 180 Loss: 0.000016, L1(Flow): 0.000016, Reg: 0.000000
Iter 100 of 180 Loss: 0.000012, L1(Flow): 0.000012, Reg: 0.000000
Iter 110 of 180 Loss: 0.000022, L1(Flow): 0.000022, Reg: 0.000000
Iter 120 of 180 Loss: 0.000017, L1(Flow): 0.000017, Reg: 0.000000
Iter 130 of 180 Loss: 0.000011, L1(Flow): 0.000011, Reg: 0.000000
Iter 140 of 180 Loss: 0.000019, L1(Flow): 0.000019, Reg: 0.000000
Iter 150 of 180 Loss: 0.000014, L1(Flow): 0.000014, Reg: 0.000000
Iter 160 of 180 Loss: 0.000020, L1(Flow): 0.000020, Reg: 0.000000
Iter 170 of 180 Loss: 0.000020, L1(Flow): 0.000020, Reg: 0.000000
Iter 180 of 180 Loss: 0.000015, L1(Flow): 0.000015, Reg: 0.000000
Epoch 18 Loss: 0.000018
Epoch 18 Validation: Mean EPE: 0.0000, Mean SSIM: 1.0000, Mean ZNCC: 1.0000
--> Saved to Top 5 best models (EPE: 0.0000)
Epoch 19 starts
Iter 10 of 180 Loss: 0.000016, L1(Flow): 0.000016, Reg: 0.000000
Iter 20 of 180 Loss: 0.000021, L1(Flow): 0.000021, Reg: 0.000000
Iter 30 of 180 Loss: 0.000015, L1(Flow): 0.000015, Reg: 0.000000
Iter 40 of 180 Loss: 0.000015, L1(Flow): 0.000015, Reg: 0.000000
Iter 50 of 180 Loss: 0.000023, L1(Flow): 0.000022, Reg: 0.000000
Iter 60 of 180 Loss: 0.000022, L1(Flow): 0.000022, Reg: 0.000000
Iter 70 of 180 Loss: 0.000008, L1(Flow): 0.000008, Reg: 0.000000
Iter 80 of 180 Loss: 0.000013, L1(Flow): 0.000013, Reg: 0.000000
Iter 90 of 180 Loss: 0.000017, L1(Flow): 0.000017, Reg: 0.000000
Iter 100 of 180 Loss: 0.000011, L1(Flow): 0.000011, Reg: 0.000000
Iter 110 of 180 Loss: 0.000011, L1(Flow): 0.000011, Reg: 0.000000
Iter 120 of 180 Loss: 0.000022, L1(Flow): 0.000022, Reg: 0.000000
Iter 130 of 180 Loss: 0.000015, L1(Flow): 0.000015, Reg: 0.000000
Iter 140 of 180 Loss: 0.000009, L1(Flow): 0.000009, Reg: 0.000000
Iter 150 of 180 Loss: 0.000017, L1(Flow): 0.000017, Reg: 0.000000
Iter 160 of 180 Loss: 0.000019, L1(Flow): 0.000019, Reg: 0.000000
Iter 170 of 180 Loss: 0.000013, L1(Flow): 0.000013, Reg: 0.000000
Iter 180 of 180 Loss: 0.000014, L1(Flow): 0.000014, Reg: 0.000000
Epoch 19 Loss: 0.000015
Epoch 19 Validation: Mean EPE: 0.0000, Mean SSIM: 1.0000, Mean ZNCC: 1.0000
Epoch 20 starts
Iter 10 of 180 Loss: 0.000023, L1(Flow): 0.000023, Reg: 0.000000
Iter 20 of 180 Loss: 0.000016, L1(Flow): 0.000016, Reg: 0.000000
Iter 30 of 180 Loss: 0.000016, L1(Flow): 0.000016, Reg: 0.000000
Iter 40 of 180 Loss: 0.000022, L1(Flow): 0.000022, Reg: 0.000000
Iter 50 of 180 Loss: 0.000018, L1(Flow): 0.000018, Reg: 0.000000
Iter 60 of 180 Loss: 0.000017, L1(Flow): 0.000017, Reg: 0.000000
Iter 70 of 180 Loss: 0.000017, L1(Flow): 0.000017, Reg: 0.000000
Iter 80 of 180 Loss: 0.000014, L1(Flow): 0.000014, Reg: 0.000000
Iter 90 of 180 Loss: 0.000012, L1(Flow): 0.000012, Reg: 0.000000
Iter 100 of 180 Loss: 0.000020, L1(Flow): 0.000020, Reg: 0.000000
Iter 110 of 180 Loss: 0.000022, L1(Flow): 0.000022, Reg: 0.000000
Iter 120 of 180 Loss: 0.000010, L1(Flow): 0.000010, Reg: 0.000000
Iter 130 of 180 Loss: 0.000021, L1(Flow): 0.000021, Reg: 0.000000
Iter 140 of 180 Loss: 0.000022, L1(Flow): 0.000022, Reg: 0.000000
Iter 150 of 180 Loss: 0.000014, L1(Flow): 0.000014, Reg: 0.000000
Iter 160 of 180 Loss: 0.000017, L1(Flow): 0.000017, Reg: 0.000000
Iter 170 of 180 Loss: 0.000017, L1(Flow): 0.000017, Reg: 0.000000
Iter 180 of 180 Loss: 0.000014, L1(Flow): 0.000014, Reg: 0.000000
Epoch 20 Loss: 0.000017
Epoch 20 Validation: Mean EPE: 0.0000, Mean SSIM: 1.0000, Mean ZNCC: 1.0000
Epoch 21 starts
Iter 10 of 180 Loss: 0.000022, L1(Flow): 0.000022, Reg: 0.000000
Iter 20 of 180 Loss: 0.000016, L1(Flow): 0.000016, Reg: 0.000000
Iter 30 of 180 Loss: 0.000014, L1(Flow): 0.000014, Reg: 0.000000
Iter 40 of 180 Loss: 0.000020, L1(Flow): 0.000020, Reg: 0.000000
Iter 50 of 180 Loss: 0.000017, L1(Flow): 0.000017, Reg: 0.000000
Iter 60 of 180 Loss: 0.000013, L1(Flow): 0.000013, Reg: 0.000000
Iter 70 of 180 Loss: 0.000020, L1(Flow): 0.000020, Reg: 0.000000
Iter 80 of 180 Loss: 0.000018, L1(Flow): 0.000018, Reg: 0.000000
Iter 90 of 180 Loss: 0.000014, L1(Flow): 0.000014, Reg: 0.000000
Iter 100 of 180 Loss: 0.000019, L1(Flow): 0.000019, Reg: 0.000000
Iter 110 of 180 Loss: 0.000015, L1(Flow): 0.000015, Reg: 0.000000
Iter 120 of 180 Loss: 0.000013, L1(Flow): 0.000013, Reg: 0.000000
Iter 130 of 180 Loss: 0.000022, L1(Flow): 0.000022, Reg: 0.000000
Iter 140 of 180 Loss: 0.000016, L1(Flow): 0.000016, Reg: 0.000000
Iter 150 of 180 Loss: 0.000015, L1(Flow): 0.000015, Reg: 0.000000
Iter 160 of 180 Loss: 0.000017, L1(Flow): 0.000017, Reg: 0.000000
Iter 170 of 180 Loss: 0.000015, L1(Flow): 0.000015, Reg: 0.000000
Iter 180 of 180 Loss: 0.000017, L1(Flow): 0.000017, Reg: 0.000000
Epoch 21 Loss: 0.000017
Epoch 21 Validation: Mean EPE: 0.0000, Mean SSIM: 1.0000, Mean ZNCC: 1.0000
Epoch 22 starts
Iter 10 of 180 Loss: 0.000020, L1(Flow): 0.000020, Reg: 0.000000
Iter 20 of 180 Loss: 0.000024, L1(Flow): 0.000024, Reg: 0.000000
Iter 30 of 180 Loss: 0.000011, L1(Flow): 0.000011, Reg: 0.000000
Iter 40 of 180 Loss: 0.000026, L1(Flow): 0.000026, Reg: 0.000000
Iter 50 of 180 Loss: 0.000010, L1(Flow): 0.000010, Reg: 0.000000
Iter 60 of 180 Loss: 0.000016, L1(Flow): 0.000016, Reg: 0.000000
Iter 70 of 180 Loss: 0.000018, L1(Flow): 0.000018, Reg: 0.000000
Iter 80 of 180 Loss: 0.000012, L1(Flow): 0.000012, Reg: 0.000000
Iter 90 of 180 Loss: 0.000011, L1(Flow): 0.000011, Reg: 0.000000
Iter 100 of 180 Loss: 0.000019, L1(Flow): 0.000019, Reg: 0.000000
Iter 110 of 180 Loss: 0.000020, L1(Flow): 0.000020, Reg: 0.000000
Iter 120 of 180 Loss: 0.000012, L1(Flow): 0.000012, Reg: 0.000000
Iter 130 of 180 Loss: 0.000016, L1(Flow): 0.000016, Reg: 0.000000
Iter 140 of 180 Loss: 0.000020, L1(Flow): 0.000020, Reg: 0.000000
Iter 150 of 180 Loss: 0.000013, L1(Flow): 0.000013, Reg: 0.000000
Iter 160 of 180 Loss: 0.000015, L1(Flow): 0.000015, Reg: 0.000000
Iter 170 of 180 Loss: 0.000020, L1(Flow): 0.000020, Reg: 0.000000
Iter 180 of 180 Loss: 0.000014, L1(Flow): 0.000014, Reg: 0.000000
Epoch 22 Loss: 0.000017
Epoch 22 Validation: Mean EPE: 0.0000, Mean SSIM: 1.0000, Mean ZNCC: 1.0000
Epoch 23 starts
Iter 10 of 180 Loss: 0.000018, L1(Flow): 0.000018, Reg: 0.000000
Iter 20 of 180 Loss: 0.000019, L1(Flow): 0.000019, Reg: 0.000000
Iter 30 of 180 Loss: 0.000012, L1(Flow): 0.000012, Reg: 0.000000
Iter 40 of 180 Loss: 0.000019, L1(Flow): 0.000019, Reg: 0.000000
Iter 50 of 180 Loss: 0.000014, L1(Flow): 0.000014, Reg: 0.000000
Iter 60 of 180 Loss: 0.000015, L1(Flow): 0.000015, Reg: 0.000000
Iter 70 of 180 Loss: 0.000013, L1(Flow): 0.000013, Reg: 0.000000
Iter 80 of 180 Loss: 0.000030, L1(Flow): 0.000030, Reg: 0.000000
Iter 90 of 180 Loss: 0.000015, L1(Flow): 0.000015, Reg: 0.000000
Iter 100 of 180 Loss: 0.000013, L1(Flow): 0.000013, Reg: 0.000000
Iter 110 of 180 Loss: 0.000014, L1(Flow): 0.000014, Reg: 0.000000
Iter 120 of 180 Loss: 0.000008, L1(Flow): 0.000008, Reg: 0.000000
Iter 130 of 180 Loss: 0.000016, L1(Flow): 0.000016, Reg: 0.000000
Iter 140 of 180 Loss: 0.000025, L1(Flow): 0.000025, Reg: 0.000000
Iter 150 of 180 Loss: 0.000008, L1(Flow): 0.000008, Reg: 0.000000
Iter 160 of 180 Loss: 0.000017, L1(Flow): 0.000017, Reg: 0.000000
Iter 170 of 180 Loss: 0.000019, L1(Flow): 0.000019, Reg: 0.000000
Iter 180 of 180 Loss: 0.000011, L1(Flow): 0.000011, Reg: 0.000000
Epoch 23 Loss: 0.000016
Epoch 23 Validation: Mean EPE: 0.0000, Mean SSIM: 1.0000, Mean ZNCC: 1.0000
--> Saved to Top 5 best models (EPE: 0.0000)
Epoch 24 starts
Iter 10 of 180 Loss: 0.000017, L1(Flow): 0.000017, Reg: 0.000000
Iter 20 of 180 Loss: 0.000024, L1(Flow): 0.000024, Reg: 0.000000
Iter 30 of 180 Loss: 0.000007, L1(Flow): 0.000007, Reg: 0.000000
Iter 40 of 180 Loss: 0.000014, L1(Flow): 0.000014, Reg: 0.000000
Iter 50 of 180 Loss: 0.000022, L1(Flow): 0.000022, Reg: 0.000000
Iter 60 of 180 Loss: 0.000011, L1(Flow): 0.000011, Reg: 0.000000
Iter 70 of 180 Loss: 0.000015, L1(Flow): 0.000015, Reg: 0.000000
Iter 80 of 180 Loss: 0.000021, L1(Flow): 0.000021, Reg: 0.000000
Iter 90 of 180 Loss: 0.000012, L1(Flow): 0.000012, Reg: 0.000000
Iter 100 of 180 Loss: 0.000014, L1(Flow): 0.000014, Reg: 0.000000
Iter 110 of 180 Loss: 0.000022, L1(Flow): 0.000022, Reg: 0.000000
Iter 120 of 180 Loss: 0.000011, L1(Flow): 0.000011, Reg: 0.000000
Iter 130 of 180 Loss: 0.000015, L1(Flow): 0.000015, Reg: 0.000000
Iter 140 of 180 Loss: 0.000021, L1(Flow): 0.000021, Reg: 0.000000
Iter 150 of 180 Loss: 0.000011, L1(Flow): 0.000011, Reg: 0.000000
Iter 160 of 180 Loss: 0.000014, L1(Flow): 0.000014, Reg: 0.000000
Iter 170 of 180 Loss: 0.000021, L1(Flow): 0.000021, Reg: 0.000000
Iter 180 of 180 Loss: 0.000010, L1(Flow): 0.000010, Reg: 0.000000
Epoch 24 Loss: 0.000016
Epoch 24 Validation: Mean EPE: 0.0000, Mean SSIM: 1.0000, Mean ZNCC: 1.0000
Epoch 25 starts
Iter 10 of 180 Loss: 0.000015, L1(Flow): 0.000015, Reg: 0.000000
Iter 20 of 180 Loss: 0.000021, L1(Flow): 0.000021, Reg: 0.000000
Iter 30 of 180 Loss: 0.000010, L1(Flow): 0.000010, Reg: 0.000000
Iter 40 of 180 Loss: 0.000018, L1(Flow): 0.000018, Reg: 0.000000
Iter 50 of 180 Loss: 0.000021, L1(Flow): 0.000020, Reg: 0.000000
Iter 60 of 180 Loss: 0.000012, L1(Flow): 0.000012, Reg: 0.000000
Iter 70 of 180 Loss: 0.000012, L1(Flow): 0.000012, Reg: 0.000000
Iter 80 of 180 Loss: 0.000019, L1(Flow): 0.000019, Reg: 0.000000
Iter 90 of 180 Loss: 0.000014, L1(Flow): 0.000014, Reg: 0.000000
Iter 100 of 180 Loss: 0.000014, L1(Flow): 0.000014, Reg: 0.000000
Iter 110 of 180 Loss: 0.000023, L1(Flow): 0.000023, Reg: 0.000000
Iter 120 of 180 Loss: 0.000016, L1(Flow): 0.000016, Reg: 0.000000
Iter 130 of 180 Loss: 0.000016, L1(Flow): 0.000016, Reg: 0.000000
Iter 140 of 180 Loss: 0.000022, L1(Flow): 0.000022, Reg: 0.000000
Iter 150 of 180 Loss: 0.000011, L1(Flow): 0.000011, Reg: 0.000000
Iter 160 of 180 Loss: 0.000017, L1(Flow): 0.000017, Reg: 0.000000
Iter 170 of 180 Loss: 0.000019, L1(Flow): 0.000019, Reg: 0.000000
Iter 180 of 180 Loss: 0.000012, L1(Flow): 0.000012, Reg: 0.000000
Epoch 25 Loss: 0.000016
Epoch 25 Validation: Mean EPE: 0.0000, Mean SSIM: 1.0000, Mean ZNCC: 1.0000
Epoch 26 starts
Iter 10 of 180 Loss: 0.000014, L1(Flow): 0.000014, Reg: 0.000000
Iter 20 of 180 Loss: 0.000017, L1(Flow): 0.000017, Reg: 0.000000
Iter 30 of 180 Loss: 0.000016, L1(Flow): 0.000016, Reg: 0.000000
Iter 40 of 180 Loss: 0.000015, L1(Flow): 0.000015, Reg: 0.000000
Iter 50 of 180 Loss: 0.000020, L1(Flow): 0.000020, Reg: 0.000000
Iter 60 of 180 Loss: 0.000009, L1(Flow): 0.000009, Reg: 0.000000
Iter 70 of 180 Loss: 0.000018, L1(Flow): 0.000018, Reg: 0.000000
Iter 80 of 180 Loss: 0.000022, L1(Flow): 0.000022, Reg: 0.000000
Iter 90 of 180 Loss: 0.000012, L1(Flow): 0.000012, Reg: 0.000000
Iter 100 of 180 Loss: 0.000020, L1(Flow): 0.000020, Reg: 0.000000
Iter 110 of 180 Loss: 0.000019, L1(Flow): 0.000019, Reg: 0.000000
Iter 120 of 180 Loss: 0.000012, L1(Flow): 0.000012, Reg: 0.000000
Iter 130 of 180 Loss: 0.000015, L1(Flow): 0.000015, Reg: 0.000000
Iter 140 of 180 Loss: 0.000019, L1(Flow): 0.000019, Reg: 0.000000
Iter 150 of 180 Loss: 0.000012, L1(Flow): 0.000012, Reg: 0.000000
Iter 160 of 180 Loss: 0.000015, L1(Flow): 0.000015, Reg: 0.000000
Iter 170 of 180 Loss: 0.000023, L1(Flow): 0.000023, Reg: 0.000000
Iter 180 of 180 Loss: 0.000010, L1(Flow): 0.000010, Reg: 0.000000
Epoch 26 Loss: 0.000016
Epoch 26 Validation: Mean EPE: 0.0000, Mean SSIM: 1.0000, Mean ZNCC: 1.0000
Epoch 27 starts
Iter 10 of 180 Loss: 0.000017, L1(Flow): 0.000017, Reg: 0.000000
Iter 20 of 180 Loss: 0.000020, L1(Flow): 0.000020, Reg: 0.000000
Iter 30 of 180 Loss: 0.000010, L1(Flow): 0.000010, Reg: 0.000000
Iter 40 of 180 Loss: 0.000017, L1(Flow): 0.000017, Reg: 0.000000
Iter 50 of 180 Loss: 0.000022, L1(Flow): 0.000022, Reg: 0.000000
Iter 60 of 180 Loss: 0.000011, L1(Flow): 0.000011, Reg: 0.000000
Iter 70 of 180 Loss: 0.000015, L1(Flow): 0.000015, Reg: 0.000000
Iter 80 of 180 Loss: 0.000022, L1(Flow): 0.000022, Reg: 0.000000
Iter 90 of 180 Loss: 0.000013, L1(Flow): 0.000013, Reg: 0.000000
Iter 100 of 180 Loss: 0.000014, L1(Flow): 0.000014, Reg: 0.000000
Iter 110 of 180 Loss: 0.000020, L1(Flow): 0.000020, Reg: 0.000000
Iter 120 of 180 Loss: 0.000012, L1(Flow): 0.000012, Reg: 0.000000
Iter 130 of 180 Loss: 0.000017, L1(Flow): 0.000017, Reg: 0.000000
Iter 140 of 180 Loss: 0.000020, L1(Flow): 0.000020, Reg: 0.000000
Iter 150 of 180 Loss: 0.000014, L1(Flow): 0.000014, Reg: 0.000000
Iter 160 of 180 Loss: 0.000014, L1(Flow): 0.000014, Reg: 0.000000
Iter 170 of 180 Loss: 0.000020, L1(Flow): 0.000020, Reg: 0.000000
Iter 180 of 180 Loss: 0.000011, L1(Flow): 0.000011, Reg: 0.000000
Epoch 27 Loss: 0.000016
Epoch 27 Validation: Mean EPE: 0.0000, Mean SSIM: 1.0000, Mean ZNCC: 1.0000
Epoch 28 starts
Iter 10 of 180 Loss: 0.000017, L1(Flow): 0.000017, Reg: 0.000000
Iter 20 of 180 Loss: 0.000022, L1(Flow): 0.000022, Reg: 0.000000
Iter 30 of 180 Loss: 0.000011, L1(Flow): 0.000011, Reg: 0.000000
Iter 40 of 180 Loss: 0.000013, L1(Flow): 0.000013, Reg: 0.000000
Iter 50 of 180 Loss: 0.000021, L1(Flow): 0.000021, Reg: 0.000000
Iter 60 of 180 Loss: 0.000011, L1(Flow): 0.000011, Reg: 0.000000
Iter 70 of 180 Loss: 0.000016, L1(Flow): 0.000016, Reg: 0.000000
Iter 80 of 180 Loss: 0.000019, L1(Flow): 0.000019, Reg: 0.000000
Iter 90 of 180 Loss: 0.000008, L1(Flow): 0.000008, Reg: 0.000000
Iter 100 of 180 Loss: 0.000016, L1(Flow): 0.000016, Reg: 0.000000
Iter 110 of 180 Loss: 0.000018, L1(Flow): 0.000018, Reg: 0.000000
Iter 120 of 180 Loss: 0.000014, L1(Flow): 0.000014, Reg: 0.000000
Iter 130 of 180 Loss: 0.000018, L1(Flow): 0.000018, Reg: 0.000000
Iter 140 of 180 Loss: 0.000022, L1(Flow): 0.000022, Reg: 0.000000
Iter 150 of 180 Loss: 0.000010, L1(Flow): 0.000010, Reg: 0.000000
Iter 160 of 180 Loss: 0.000013, L1(Flow): 0.000013, Reg: 0.000000
Iter 170 of 180 Loss: 0.000018, L1(Flow): 0.000018, Reg: 0.000000
Iter 180 of 180 Loss: 0.000010, L1(Flow): 0.000010, Reg: 0.000000
Epoch 28 Loss: 0.000015
Epoch 28 Validation: Mean EPE: 0.0000, Mean SSIM: 1.0000, Mean ZNCC: 1.0000
Epoch 29 starts
Iter 10 of 180 Loss: 0.000020, L1(Flow): 0.000020, Reg: 0.000000
Iter 20 of 180 Loss: 0.000020, L1(Flow): 0.000020, Reg: 0.000000
Iter 30 of 180 Loss: 0.000011, L1(Flow): 0.000011, Reg: 0.000000
Iter 40 of 180 Loss: 0.000010, L1(Flow): 0.000010, Reg: 0.000000
Iter 50 of 180 Loss: 0.000015, L1(Flow): 0.000015, Reg: 0.000000
Iter 60 of 180 Loss: 0.000006, L1(Flow): 0.000006, Reg: 0.000000
Iter 70 of 180 Loss: 0.000012, L1(Flow): 0.000012, Reg: 0.000000
Iter 80 of 180 Loss: 0.000016, L1(Flow): 0.000016, Reg: 0.000000
Iter 90 of 180 Loss: 0.000009, L1(Flow): 0.000009, Reg: 0.000000
Iter 100 of 180 Loss: 0.000011, L1(Flow): 0.000011, Reg: 0.000000
Iter 110 of 180 Loss: 0.000015, L1(Flow): 0.000015, Reg: 0.000000
Iter 120 of 180 Loss: 0.000011, L1(Flow): 0.000011, Reg: 0.000000
Iter 130 of 180 Loss: 0.000010, L1(Flow): 0.000010, Reg: 0.000000
Iter 140 of 180 Loss: 0.000015, L1(Flow): 0.000015, Reg: 0.000000
Iter 150 of 180 Loss: 0.000008, L1(Flow): 0.000008, Reg: 0.000000
Iter 160 of 180 Loss: 0.000012, L1(Flow): 0.000012, Reg: 0.000000
Iter 170 of 180 Loss: 0.000013, L1(Flow): 0.000013, Reg: 0.000000
Iter 180 of 180 Loss: 0.000008, L1(Flow): 0.000008, Reg: 0.000000
Epoch 29 Loss: 0.000013
Epoch 29 Validation: Mean EPE: 0.0000, Mean SSIM: 1.0000, Mean ZNCC: 1.0000
Epoch 30 starts
Iter 10 of 180 Loss: 0.000012, L1(Flow): 0.000012, Reg: 0.000000
Iter 20 of 180 Loss: 0.000015, L1(Flow): 0.000015, Reg: 0.000000
Iter 30 of 180 Loss: 0.000009, L1(Flow): 0.000009, Reg: 0.000000
Iter 40 of 180 Loss: 0.000012, L1(Flow): 0.000012, Reg: 0.000000
Iter 50 of 180 Loss: 0.000014, L1(Flow): 0.000014, Reg: 0.000000
Iter 60 of 180 Loss: 0.000009, L1(Flow): 0.000009, Reg: 0.000000
Iter 70 of 180 Loss: 0.000010, L1(Flow): 0.000010, Reg: 0.000000
Iter 80 of 180 Loss: 0.000014, L1(Flow): 0.000014, Reg: 0.000000
Iter 90 of 180 Loss: 0.000009, L1(Flow): 0.000009, Reg: 0.000000
Iter 100 of 180 Loss: 0.000012, L1(Flow): 0.000012, Reg: 0.000000
Iter 110 of 180 Loss: 0.000015, L1(Flow): 0.000015, Reg: 0.000000
Iter 120 of 180 Loss: 0.000009, L1(Flow): 0.000009, Reg: 0.000000
Iter 130 of 180 Loss: 0.000012, L1(Flow): 0.000012, Reg: 0.000000
Iter 140 of 180 Loss: 0.000012, L1(Flow): 0.000012, Reg: 0.000000
Iter 150 of 180 Loss: 0.000010, L1(Flow): 0.000010, Reg: 0.000000
Iter 160 of 180 Loss: 0.000013, L1(Flow): 0.000013, Reg: 0.000000
Iter 170 of 180 Loss: 0.000016, L1(Flow): 0.000016, Reg: 0.000000
Iter 180 of 180 Loss: 0.000006, L1(Flow): 0.000006, Reg: 0.000000
Epoch 30 Loss: 0.000012
Epoch 30 Validation: Mean EPE: 0.0000, Mean SSIM: 1.0000, Mean ZNCC: 1.0000
Epoch 31 starts
Iter 10 of 180 Loss: 0.000010, L1(Flow): 0.000010, Reg: 0.000000
Iter 20 of 180 Loss: 0.000013, L1(Flow): 0.000013, Reg: 0.000000
Iter 30 of 180 Loss: 0.000011, L1(Flow): 0.000011, Reg: 0.000000
Iter 40 of 180 Loss: 0.000009, L1(Flow): 0.000009, Reg: 0.000000
Iter 50 of 180 Loss: 0.000016, L1(Flow): 0.000016, Reg: 0.000000
Iter 60 of 180 Loss: 0.000009, L1(Flow): 0.000009, Reg: 0.000000
Iter 70 of 180 Loss: 0.000013, L1(Flow): 0.000013, Reg: 0.000000
Iter 80 of 180 Loss: 0.000012, L1(Flow): 0.000012, Reg: 0.000000
Iter 90 of 180 Loss: 0.000010, L1(Flow): 0.000010, Reg: 0.000000
Iter 100 of 180 Loss: 0.000010, L1(Flow): 0.000010, Reg: 0.000000
Iter 110 of 180 Loss: 0.000013, L1(Flow): 0.000013, Reg: 0.000000
Iter 120 of 180 Loss: 0.000013, L1(Flow): 0.000013, Reg: 0.000000
Iter 130 of 180 Loss: 0.000009, L1(Flow): 0.000009, Reg: 0.000000
Iter 140 of 180 Loss: 0.000014, L1(Flow): 0.000014, Reg: 0.000000
Iter 150 of 180 Loss: 0.000010, L1(Flow): 0.000010, Reg: 0.000000
Iter 160 of 180 Loss: 0.000010, L1(Flow): 0.000010, Reg: 0.000000
Iter 170 of 180 Loss: 0.000016, L1(Flow): 0.000016, Reg: 0.000000
Iter 180 of 180 Loss: 0.000007, L1(Flow): 0.000007, Reg: 0.000000
Epoch 31 Loss: 0.000012
Epoch 31 Validation: Mean EPE: 0.0000, Mean SSIM: 1.0000, Mean ZNCC: 1.0000
--> Saved to Top 5 best models (EPE: 0.0000)
Epoch 32 starts
Iter 10 of 180 Loss: 0.000013, L1(Flow): 0.000013, Reg: 0.000000
Iter 20 of 180 Loss: 0.000014, L1(Flow): 0.000014, Reg: 0.000000
Iter 30 of 180 Loss: 0.000007, L1(Flow): 0.000007, Reg: 0.000000
Iter 40 of 180 Loss: 0.000012, L1(Flow): 0.000012, Reg: 0.000000
Iter 50 of 180 Loss: 0.000014, L1(Flow): 0.000014, Reg: 0.000000
Iter 60 of 180 Loss: 0.000010, L1(Flow): 0.000010, Reg: 0.000000
Iter 70 of 180 Loss: 0.000010, L1(Flow): 0.000010, Reg: 0.000000
Iter 80 of 180 Loss: 0.000013, L1(Flow): 0.000013, Reg: 0.000000
Iter 90 of 180 Loss: 0.000010, L1(Flow): 0.000010, Reg: 0.000000
Iter 100 of 180 Loss: 0.000011, L1(Flow): 0.000011, Reg: 0.000000
Iter 110 of 180 Loss: 0.000015, L1(Flow): 0.000015, Reg: 0.000000
Iter 120 of 180 Loss: 0.000009, L1(Flow): 0.000009, Reg: 0.000000
Iter 130 of 180 Loss: 0.000012, L1(Flow): 0.000012, Reg: 0.000000
Iter 140 of 180 Loss: 0.000015, L1(Flow): 0.000015, Reg: 0.000000
Iter 150 of 180 Loss: 0.000010, L1(Flow): 0.000010, Reg: 0.000000
Iter 160 of 180 Loss: 0.000011, L1(Flow): 0.000011, Reg: 0.000000
Iter 170 of 180 Loss: 0.000013, L1(Flow): 0.000013, Reg: 0.000000
Iter 180 of 180 Loss: 0.000012, L1(Flow): 0.000012, Reg: 0.000000
Epoch 32 Loss: 0.000012
Epoch 32 Validation: Mean EPE: 0.0000, Mean SSIM: 1.0000, Mean ZNCC: 1.0000
--> Saved to Top 5 best models (EPE: 0.0000)
Epoch 33 starts
Iter 10 of 180 Loss: 0.000013, L1(Flow): 0.000013, Reg: 0.000000
Iter 20 of 180 Loss: 0.000013, L1(Flow): 0.000013, Reg: 0.000000
Iter 30 of 180 Loss: 0.000009, L1(Flow): 0.000009, Reg: 0.000000
Iter 40 of 180 Loss: 0.000012, L1(Flow): 0.000012, Reg: 0.000000
Iter 50 of 180 Loss: 0.000015, L1(Flow): 0.000015, Reg: 0.000000
Iter 60 of 180 Loss: 0.000008, L1(Flow): 0.000008, Reg: 0.000000
Iter 70 of 180 Loss: 0.000013, L1(Flow): 0.000013, Reg: 0.000000
Iter 80 of 180 Loss: 0.000014, L1(Flow): 0.000014, Reg: 0.000000
Iter 90 of 180 Loss: 0.000007, L1(Flow): 0.000007, Reg: 0.000000
Iter 100 of 180 Loss: 0.000011, L1(Flow): 0.000011, Reg: 0.000000
Iter 110 of 180 Loss: 0.000017, L1(Flow): 0.000017, Reg: 0.000000
Iter 120 of 180 Loss: 0.000008, L1(Flow): 0.000008, Reg: 0.000000
Iter 130 of 180 Loss: 0.000011, L1(Flow): 0.000011, Reg: 0.000000
Iter 140 of 180 Loss: 0.000014, L1(Flow): 0.000014, Reg: 0.000000
Iter 150 of 180 Loss: 0.000011, L1(Flow): 0.000011, Reg: 0.000000
Iter 160 of 180 Loss: 0.000012, L1(Flow): 0.000012, Reg: 0.000000
Iter 170 of 180 Loss: 0.000013, L1(Flow): 0.000013, Reg: 0.000000
Iter 180 of 180 Loss: 0.000010, L1(Flow): 0.000010, Reg: 0.000000
Epoch 33 Loss: 0.000012
Epoch 33 Validation: Mean EPE: 0.0000, Mean SSIM: 1.0000, Mean ZNCC: 1.0000
--> Saved to Top 5 best models (EPE: 0.0000)
Epoch 34 starts
Iter 10 of 180 Loss: 0.000012, L1(Flow): 0.000012, Reg: 0.000000
Iter 20 of 180 Loss: 0.000015, L1(Flow): 0.000015, Reg: 0.000000
Iter 30 of 180 Loss: 0.000008, L1(Flow): 0.000008, Reg: 0.000000
Iter 40 of 180 Loss: 0.000013, L1(Flow): 0.000013, Reg: 0.000000
Iter 50 of 180 Loss: 0.000012, L1(Flow): 0.000012, Reg: 0.000000
Iter 60 of 180 Loss: 0.000007, L1(Flow): 0.000007, Reg: 0.000000
Iter 70 of 180 Loss: 0.000010, L1(Flow): 0.000010, Reg: 0.000000
Iter 80 of 180 Loss: 0.000011, L1(Flow): 0.000011, Reg: 0.000000
Iter 90 of 180 Loss: 0.000010, L1(Flow): 0.000010, Reg: 0.000000
Iter 100 of 180 Loss: 0.000011, L1(Flow): 0.000011, Reg: 0.000000
Iter 110 of 180 Loss: 0.000015, L1(Flow): 0.000015, Reg: 0.000000
Iter 120 of 180 Loss: 0.000007, L1(Flow): 0.000007, Reg: 0.000000
Iter 130 of 180 Loss: 0.000010, L1(Flow): 0.000010, Reg: 0.000000
Iter 140 of 180 Loss: 0.000013, L1(Flow): 0.000013, Reg: 0.000000
Iter 150 of 180 Loss: 0.000009, L1(Flow): 0.000009, Reg: 0.000000
Iter 160 of 180 Loss: 0.000011, L1(Flow): 0.000011, Reg: 0.000000
Iter 170 of 180 Loss: 0.000016, L1(Flow): 0.000016, Reg: 0.000000
Iter 180 of 180 Loss: 0.000009, L1(Flow): 0.000009, Reg: 0.000000
Epoch 34 Loss: 0.000011
Epoch 34 Validation: Mean EPE: 0.0000, Mean SSIM: 1.0000, Mean ZNCC: 1.0000
Epoch 35 starts
Iter 10 of 180 Loss: 0.000011, L1(Flow): 0.000011, Reg: 0.000000
Iter 20 of 180 Loss: 0.000013, L1(Flow): 0.000013, Reg: 0.000000
Iter 30 of 180 Loss: 0.000010, L1(Flow): 0.000010, Reg: 0.000000
Iter 40 of 180 Loss: 0.000012, L1(Flow): 0.000012, Reg: 0.000000
Iter 50 of 180 Loss: 0.000013, L1(Flow): 0.000013, Reg: 0.000000
Iter 60 of 180 Loss: 0.000010, L1(Flow): 0.000010, Reg: 0.000000
Iter 70 of 180 Loss: 0.000013, L1(Flow): 0.000013, Reg: 0.000000
Iter 80 of 180 Loss: 0.000010, L1(Flow): 0.000010, Reg: 0.000000
Iter 90 of 180 Loss: 0.000012, L1(Flow): 0.000012, Reg: 0.000000
Iter 100 of 180 Loss: 0.000008, L1(Flow): 0.000008, Reg: 0.000000
Iter 110 of 180 Loss: 0.000016, L1(Flow): 0.000016, Reg: 0.000000
Iter 120 of 180 Loss: 0.000008, L1(Flow): 0.000008, Reg: 0.000000
Iter 130 of 180 Loss: 0.000012, L1(Flow): 0.000012, Reg: 0.000000
Iter 140 of 180 Loss: 0.000013, L1(Flow): 0.000013, Reg: 0.000000
Iter 150 of 180 Loss: 0.000012, L1(Flow): 0.000012, Reg: 0.000000
Iter 160 of 180 Loss: 0.000010, L1(Flow): 0.000010, Reg: 0.000000
Iter 170 of 180 Loss: 0.000012, L1(Flow): 0.000012, Reg: 0.000000
Iter 180 of 180 Loss: 0.000011, L1(Flow): 0.000011, Reg: 0.000000
Epoch 35 Loss: 0.000011
Epoch 35 Validation: Mean EPE: 0.0000, Mean SSIM: 1.0000, Mean ZNCC: 1.0000
--> Saved to Top 5 best models (EPE: 0.0000)
Epoch 36 starts
Iter 10 of 180 Loss: 0.000011, L1(Flow): 0.000011, Reg: 0.000000
Iter 20 of 180 Loss: 0.000015, L1(Flow): 0.000015, Reg: 0.000000
Iter 30 of 180 Loss: 0.000007, L1(Flow): 0.000007, Reg: 0.000000
Iter 40 of 180 Loss: 0.000012, L1(Flow): 0.000012, Reg: 0.000000
Iter 50 of 180 Loss: 0.000013, L1(Flow): 0.000013, Reg: 0.000000
Iter 60 of 180 Loss: 0.000011, L1(Flow): 0.000011, Reg: 0.000000
Iter 70 of 180 Loss: 0.000009, L1(Flow): 0.000009, Reg: 0.000000
Iter 80 of 180 Loss: 0.000015, L1(Flow): 0.000015, Reg: 0.000000
Iter 90 of 180 Loss: 0.000007, L1(Flow): 0.000007, Reg: 0.000000
Iter 100 of 180 Loss: 0.000010, L1(Flow): 0.000010, Reg: 0.000000
Iter 110 of 180 Loss: 0.000013, L1(Flow): 0.000013, Reg: 0.000000
Iter 120 of 180 Loss: 0.000011, L1(Flow): 0.000011, Reg: 0.000000
Iter 130 of 180 Loss: 0.000011, L1(Flow): 0.000011, Reg: 0.000000
Iter 140 of 180 Loss: 0.000014, L1(Flow): 0.000014, Reg: 0.000000
Iter 150 of 180 Loss: 0.000007, L1(Flow): 0.000007, Reg: 0.000000
Iter 160 of 180 Loss: 0.000011, L1(Flow): 0.000011, Reg: 0.000000
Iter 170 of 180 Loss: 0.000017, L1(Flow): 0.000017, Reg: 0.000000
Iter 180 of 180 Loss: 0.000009, L1(Flow): 0.000009, Reg: 0.000000
Epoch 36 Loss: 0.000012
Epoch 36 Validation: Mean EPE: 0.0000, Mean SSIM: 1.0000, Mean ZNCC: 1.0000
Epoch 37 starts
Iter 10 of 180 Loss: 0.000007, L1(Flow): 0.000007, Reg: 0.000000
Iter 20 of 180 Loss: 0.000005, L1(Flow): 0.000005, Reg: 0.000000
Iter 30 of 180 Loss: 0.000008, L1(Flow): 0.000008, Reg: 0.000000
Iter 40 of 180 Loss: 0.000008, L1(Flow): 0.000008, Reg: 0.000000
Iter 50 of 180 Loss: 0.000008, L1(Flow): 0.000008, Reg: 0.000000
Iter 60 of 180 Loss: 0.000008, L1(Flow): 0.000008, Reg: 0.000000
Iter 70 of 180 Loss: 0.000007, L1(Flow): 0.000007, Reg: 0.000000
Iter 80 of 180 Loss: 0.000007, L1(Flow): 0.000007, Reg: 0.000000
Iter 90 of 180 Loss: 0.000009, L1(Flow): 0.000009, Reg: 0.000000
Iter 100 of 180 Loss: 0.000007, L1(Flow): 0.000007, Reg: 0.000000
Iter 110 of 180 Loss: 0.000008, L1(Flow): 0.000008, Reg: 0.000000
Iter 120 of 180 Loss: 0.000007, L1(Flow): 0.000007, Reg: 0.000000
Iter 130 of 180 Loss: 0.000009, L1(Flow): 0.000009, Reg: 0.000000
Iter 140 of 180 Loss: 0.000010, L1(Flow): 0.000010, Reg: 0.000000
Iter 150 of 180 Loss: 0.000007, L1(Flow): 0.000007, Reg: 0.000000
Iter 160 of 180 Loss: 0.000008, L1(Flow): 0.000008, Reg: 0.000000
Iter 170 of 180 Loss: 0.000007, L1(Flow): 0.000007, Reg: 0.000000
Iter 180 of 180 Loss: 0.000009, L1(Flow): 0.000009, Reg: 0.000000
Epoch 37 Loss: 0.000008
Epoch 37 Validation: Mean EPE: 0.0000, Mean SSIM: 1.0000, Mean ZNCC: 1.0000
--> Saved to Top 5 best models (EPE: 0.0000)
--> New absolute BEST model updated with EPE: 0.0000
Epoch 38 starts
Iter 10 of 180 Loss: 0.000007, L1(Flow): 0.000007, Reg: 0.000000
Iter 20 of 180 Loss: 0.000010, L1(Flow): 0.000010, Reg: 0.000000
Iter 30 of 180 Loss: 0.000006, L1(Flow): 0.000006, Reg: 0.000000
Iter 40 of 180 Loss: 0.000008, L1(Flow): 0.000008, Reg: 0.000000
Iter 50 of 180 Loss: 0.000007, L1(Flow): 0.000007, Reg: 0.000000
Iter 60 of 180 Loss: 0.000008, L1(Flow): 0.000008, Reg: 0.000000
Iter 70 of 180 Loss: 0.000008, L1(Flow): 0.000008, Reg: 0.000000
Iter 80 of 180 Loss: 0.000008, L1(Flow): 0.000008, Reg: 0.000000
Iter 90 of 180 Loss: 0.000007, L1(Flow): 0.000007, Reg: 0.000000
Iter 100 of 180 Loss: 0.000008, L1(Flow): 0.000008, Reg: 0.000000
Iter 110 of 180 Loss: 0.000006, L1(Flow): 0.000006, Reg: 0.000000
Iter 120 of 180 Loss: 0.000008, L1(Flow): 0.000008, Reg: 0.000000
Iter 130 of 180 Loss: 0.000008, L1(Flow): 0.000008, Reg: 0.000000
Iter 140 of 180 Loss: 0.000008, L1(Flow): 0.000008, Reg: 0.000000
Iter 150 of 180 Loss: 0.000009, L1(Flow): 0.000009, Reg: 0.000000
Iter 160 of 180 Loss: 0.000008, L1(Flow): 0.000008, Reg: 0.000000
Iter 170 of 180 Loss: 0.000010, L1(Flow): 0.000010, Reg: 0.000000
Iter 180 of 180 Loss: 0.000009, L1(Flow): 0.000009, Reg: 0.000000
Epoch 38 Loss: 0.000008
Epoch 38 Validation: Mean EPE: 0.0000, Mean SSIM: 1.0000, Mean ZNCC: 1.0000
--> Saved to Top 5 best models (EPE: 0.0000)
Epoch 39 starts
Iter 10 of 180 Loss: 0.000006, L1(Flow): 0.000006, Reg: 0.000000
Iter 20 of 180 Loss: 0.000007, L1(Flow): 0.000007, Reg: 0.000000
Iter 30 of 180 Loss: 0.000008, L1(Flow): 0.000008, Reg: 0.000000
Iter 40 of 180 Loss: 0.000007, L1(Flow): 0.000007, Reg: 0.000000
Iter 50 of 180 Loss: 0.000008, L1(Flow): 0.000008, Reg: 0.000000
Iter 60 of 180 Loss: 0.000005, L1(Flow): 0.000005, Reg: 0.000000
Iter 70 of 180 Loss: 0.000009, L1(Flow): 0.000009, Reg: 0.000000
Iter 80 of 180 Loss: 0.000006, L1(Flow): 0.000006, Reg: 0.000000
Iter 90 of 180 Loss: 0.000010, L1(Flow): 0.000010, Reg: 0.000000
Iter 100 of 180 Loss: 0.000006, L1(Flow): 0.000006, Reg: 0.000000
Iter 110 of 180 Loss: 0.000007, L1(Flow): 0.000007, Reg: 0.000000
Iter 120 of 180 Loss: 0.000008, L1(Flow): 0.000008, Reg: 0.000000
Iter 130 of 180 Loss: 0.000008, L1(Flow): 0.000008, Reg: 0.000000
Iter 140 of 180 Loss: 0.000006, L1(Flow): 0.000006, Reg: 0.000000
Iter 150 of 180 Loss: 0.000008, L1(Flow): 0.000008, Reg: 0.000000
Iter 160 of 180 Loss: 0.000007, L1(Flow): 0.000007, Reg: 0.000000
Iter 170 of 180 Loss: 0.000007, L1(Flow): 0.000007, Reg: 0.000000
Iter 180 of 180 Loss: 0.000005, L1(Flow): 0.000005, Reg: 0.000000
Epoch 39 Loss: 0.000008
Epoch 39 Validation: Mean EPE: 0.0000, Mean SSIM: 1.0000, Mean ZNCC: 1.0000
--> Saved to Top 5 best models (EPE: 0.0000)
Epoch 40 starts
Iter 10 of 180 Loss: 0.000009, L1(Flow): 0.000009, Reg: 0.000000
Iter 20 of 180 Loss: 0.000007, L1(Flow): 0.000007, Reg: 0.000000
Iter 30 of 180 Loss: 0.000009, L1(Flow): 0.000009, Reg: 0.000000
Iter 40 of 180 Loss: 0.000006, L1(Flow): 0.000006, Reg: 0.000000
Iter 50 of 180 Loss: 0.000009, L1(Flow): 0.000009, Reg: 0.000000
Iter 60 of 180 Loss: 0.000007, L1(Flow): 0.000007, Reg: 0.000000
Iter 70 of 180 Loss: 0.000008, L1(Flow): 0.000008, Reg: 0.000000
Iter 80 of 180 Loss: 0.000006, L1(Flow): 0.000006, Reg: 0.000000
Iter 90 of 180 Loss: 0.000006, L1(Flow): 0.000006, Reg: 0.000000
Iter 100 of 180 Loss: 0.000008, L1(Flow): 0.000008, Reg: 0.000000
Iter 110 of 180 Loss: 0.000007, L1(Flow): 0.000007, Reg: 0.000000
Iter 120 of 180 Loss: 0.000007, L1(Flow): 0.000007, Reg: 0.000000
Iter 130 of 180 Loss: 0.000006, L1(Flow): 0.000006, Reg: 0.000000
Iter 140 of 180 Loss: 0.000009, L1(Flow): 0.000009, Reg: 0.000000
Iter 150 of 180 Loss: 0.000007, L1(Flow): 0.000007, Reg: 0.000000
Iter 160 of 180 Loss: 0.000009, L1(Flow): 0.000009, Reg: 0.000000
Iter 170 of 180 Loss: 0.000008, L1(Flow): 0.000008, Reg: 0.000000
Iter 180 of 180 Loss: 0.000008, L1(Flow): 0.000008, Reg: 0.000000
Epoch 40 Loss: 0.000008
Epoch 40 Validation: Mean EPE: 0.0000, Mean SSIM: 1.0000, Mean ZNCC: 1.0000
--> Saved to Top 5 best models (EPE: 0.0000)
Epoch 41 starts
Iter 10 of 180 Loss: 0.000007, L1(Flow): 0.000007, Reg: 0.000000
Iter 20 of 180 Loss: 0.000008, L1(Flow): 0.000008, Reg: 0.000000
Iter 30 of 180 Loss: 0.000007, L1(Flow): 0.000007, Reg: 0.000000
Iter 40 of 180 Loss: 0.000008, L1(Flow): 0.000008, Reg: 0.000000
Iter 50 of 180 Loss: 0.000010, L1(Flow): 0.000010, Reg: 0.000000
Iter 60 of 180 Loss: 0.000007, L1(Flow): 0.000007, Reg: 0.000000
Iter 70 of 180 Loss: 0.000007, L1(Flow): 0.000007, Reg: 0.000000
Iter 80 of 180 Loss: 0.000006, L1(Flow): 0.000006, Reg: 0.000000
Iter 90 of 180 Loss: 0.000009, L1(Flow): 0.000009, Reg: 0.000000
Iter 100 of 180 Loss: 0.000006, L1(Flow): 0.000006, Reg: 0.000000
Iter 110 of 180 Loss: 0.000008, L1(Flow): 0.000008, Reg: 0.000000
Iter 120 of 180 Loss: 0.000009, L1(Flow): 0.000009, Reg: 0.000000
Iter 130 of 180 Loss: 0.000005, L1(Flow): 0.000005, Reg: 0.000000
Iter 140 of 180 Loss: 0.000009, L1(Flow): 0.000009, Reg: 0.000000
Iter 150 of 180 Loss: 0.000007, L1(Flow): 0.000007, Reg: 0.000000
Iter 160 of 180 Loss: 0.000009, L1(Flow): 0.000009, Reg: 0.000000
Iter 170 of 180 Loss: 0.000006, L1(Flow): 0.000006, Reg: 0.000000
Iter 180 of 180 Loss: 0.000008, L1(Flow): 0.000008, Reg: 0.000000
Epoch 41 Loss: 0.000008
Epoch 41 Validation: Mean EPE: 0.0000, Mean SSIM: 1.0000, Mean ZNCC: 1.0000
--> Saved to Top 5 best models (EPE: 0.0000)
Epoch 42 starts
Iter 10 of 180 Loss: 0.000006, L1(Flow): 0.000006, Reg: 0.000000
Iter 20 of 180 Loss: 0.000007, L1(Flow): 0.000007, Reg: 0.000000
Iter 30 of 180 Loss: 0.000006, L1(Flow): 0.000006, Reg: 0.000000
Iter 40 of 180 Loss: 0.000007, L1(Flow): 0.000007, Reg: 0.000000
Iter 50 of 180 Loss: 0.000009, L1(Flow): 0.000009, Reg: 0.000000
Iter 60 of 180 Loss: 0.000006, L1(Flow): 0.000006, Reg: 0.000000
Iter 70 of 180 Loss: 0.000006, L1(Flow): 0.000006, Reg: 0.000000
Iter 80 of 180 Loss: 0.000006, L1(Flow): 0.000006, Reg: 0.000000
Iter 90 of 180 Loss: 0.000008, L1(Flow): 0.000008, Reg: 0.000000
Iter 100 of 180 Loss: 0.000006, L1(Flow): 0.000006, Reg: 0.000000
Iter 110 of 180 Loss: 0.000008, L1(Flow): 0.000008, Reg: 0.000000
Iter 120 of 180 Loss: 0.000008, L1(Flow): 0.000008, Reg: 0.000000
Iter 130 of 180 Loss: 0.000008, L1(Flow): 0.000008, Reg: 0.000000
Iter 140 of 180 Loss: 0.000006, L1(Flow): 0.000006, Reg: 0.000000
Iter 150 of 180 Loss: 0.000006, L1(Flow): 0.000006, Reg: 0.000000
Iter 160 of 180 Loss: 0.000009, L1(Flow): 0.000009, Reg: 0.000000
Iter 170 of 180 Loss: 0.000008, L1(Flow): 0.000008, Reg: 0.000000
Iter 180 of 180 Loss: 0.000006, L1(Flow): 0.000006, Reg: 0.000000
Epoch 42 Loss: 0.000008
Epoch 42 Validation: Mean EPE: 0.0000, Mean SSIM: 1.0000, Mean ZNCC: 1.0000
--> Saved to Top 5 best models (EPE: 0.0000)
Epoch 43 starts
Iter 10 of 180 Loss: 0.000007, L1(Flow): 0.000007, Reg: 0.000000
Iter 20 of 180 Loss: 0.000009, L1(Flow): 0.000009, Reg: 0.000000
Iter 30 of 180 Loss: 0.000009, L1(Flow): 0.000009, Reg: 0.000000
Iter 40 of 180 Loss: 0.000008, L1(Flow): 0.000008, Reg: 0.000000
Iter 50 of 180 Loss: 0.000007, L1(Flow): 0.000007, Reg: 0.000000
Iter 60 of 180 Loss: 0.000007, L1(Flow): 0.000007, Reg: 0.000000
Iter 70 of 180 Loss: 0.000006, L1(Flow): 0.000006, Reg: 0.000000
Iter 80 of 180 Loss: 0.000008, L1(Flow): 0.000008, Reg: 0.000000
Iter 90 of 180 Loss: 0.000008, L1(Flow): 0.000008, Reg: 0.000000
Iter 100 of 180 Loss: 0.000009, L1(Flow): 0.000009, Reg: 0.000000
Iter 110 of 180 Loss: 0.000007, L1(Flow): 0.000007, Reg: 0.000000
Iter 120 of 180 Loss: 0.000007, L1(Flow): 0.000007, Reg: 0.000000
Iter 130 of 180 Loss: 0.000007, L1(Flow): 0.000007, Reg: 0.000000
Iter 140 of 180 Loss: 0.000007, L1(Flow): 0.000007, Reg: 0.000000
Iter 150 of 180 Loss: 0.000008, L1(Flow): 0.000008, Reg: 0.000000
Iter 160 of 180 Loss: 0.000008, L1(Flow): 0.000008, Reg: 0.000000
Iter 170 of 180 Loss: 0.000007, L1(Flow): 0.000007, Reg: 0.000000
Iter 180 of 180 Loss: 0.000006, L1(Flow): 0.000006, Reg: 0.000000
Epoch 43 Loss: 0.000008
Epoch 43 Validation: Mean EPE: 0.0000, Mean SSIM: 1.0000, Mean ZNCC: 1.0000
--> Saved to Top 5 best models (EPE: 0.0000)
Epoch 44 starts
Iter 10 of 180 Loss: 0.000009, L1(Flow): 0.000009, Reg: 0.000000
Iter 20 of 180 Loss: 0.000007, L1(Flow): 0.000007, Reg: 0.000000
Iter 30 of 180 Loss: 0.000007, L1(Flow): 0.000007, Reg: 0.000000
Iter 40 of 180 Loss: 0.000007, L1(Flow): 0.000007, Reg: 0.000000
Iter 50 of 180 Loss: 0.000006, L1(Flow): 0.000006, Reg: 0.000000
Iter 60 of 180 Loss: 0.000007, L1(Flow): 0.000007, Reg: 0.000000
Iter 70 of 180 Loss: 0.000008, L1(Flow): 0.000008, Reg: 0.000000
Iter 80 of 180 Loss: 0.000009, L1(Flow): 0.000009, Reg: 0.000000
Iter 90 of 180 Loss: 0.000007, L1(Flow): 0.000007, Reg: 0.000000
Iter 100 of 180 Loss: 0.000006, L1(Flow): 0.000006, Reg: 0.000000
Iter 110 of 180 Loss: 0.000007, L1(Flow): 0.000007, Reg: 0.000000
Iter 120 of 180 Loss: 0.000008, L1(Flow): 0.000008, Reg: 0.000000
Iter 130 of 180 Loss: 0.000008, L1(Flow): 0.000008, Reg: 0.000000
Iter 140 of 180 Loss: 0.000010, L1(Flow): 0.000010, Reg: 0.000000
Iter 150 of 180 Loss: 0.000005, L1(Flow): 0.000005, Reg: 0.000000
Iter 160 of 180 Loss: 0.000008, L1(Flow): 0.000008, Reg: 0.000000
Iter 170 of 180 Loss: 0.000006, L1(Flow): 0.000006, Reg: 0.000000
Iter 180 of 180 Loss: 0.000009, L1(Flow): 0.000009, Reg: 0.000000
Epoch 44 Loss: 0.000008
Epoch 44 Validation: Mean EPE: 0.0000, Mean SSIM: 1.0000, Mean ZNCC: 1.0000
--> Saved to Top 5 best models (EPE: 0.0000)
Epoch 45 starts
Iter 10 of 180 Loss: 0.000007, L1(Flow): 0.000007, Reg: 0.000000
Iter 20 of 180 Loss: 0.000007, L1(Flow): 0.000007, Reg: 0.000000
Iter 30 of 180 Loss: 0.000005, L1(Flow): 0.000005, Reg: 0.000000
Iter 40 of 180 Loss: 0.000009, L1(Flow): 0.000009, Reg: 0.000000
Iter 50 of 180 Loss: 0.000006, L1(Flow): 0.000006, Reg: 0.000000
Iter 60 of 180 Loss: 0.000006, L1(Flow): 0.000006, Reg: 0.000000
Iter 70 of 180 Loss: 0.000009, L1(Flow): 0.000009, Reg: 0.000000
Iter 80 of 180 Loss: 0.000005, L1(Flow): 0.000005, Reg: 0.000000
Iter 90 of 180 Loss: 0.000007, L1(Flow): 0.000007, Reg: 0.000000
Iter 100 of 180 Loss: 0.000008, L1(Flow): 0.000008, Reg: 0.000000
Iter 110 of 180 Loss: 0.000007, L1(Flow): 0.000007, Reg: 0.000000
Iter 120 of 180 Loss: 0.000007, L1(Flow): 0.000007, Reg: 0.000000
Iter 130 of 180 Loss: 0.000008, L1(Flow): 0.000008, Reg: 0.000000
Iter 140 of 180 Loss: 0.000005, L1(Flow): 0.000005, Reg: 0.000000
Iter 150 of 180 Loss: 0.000011, L1(Flow): 0.000011, Reg: 0.000000
Iter 160 of 180 Loss: 0.000006, L1(Flow): 0.000006, Reg: 0.000000
Iter 170 of 180 Loss: 0.000006, L1(Flow): 0.000006, Reg: 0.000000
Iter 180 of 180 Loss: 0.000008, L1(Flow): 0.000008, Reg: 0.000000
Epoch 45 Loss: 0.000008
Epoch 45 Validation: Mean EPE: 0.0000, Mean SSIM: 1.0000, Mean ZNCC: 1.0000
--> Saved to Top 5 best models (EPE: 0.0000)
Epoch 46 starts
Iter 10 of 180 Loss: 0.000008, L1(Flow): 0.000008, Reg: 0.000000
Iter 20 of 180 Loss: 0.000006, L1(Flow): 0.000006, Reg: 0.000000
Iter 30 of 180 Loss: 0.000009, L1(Flow): 0.000009, Reg: 0.000000
Iter 40 of 180 Loss: 0.000009, L1(Flow): 0.000009, Reg: 0.000000
Iter 50 of 180 Loss: 0.000005, L1(Flow): 0.000005, Reg: 0.000000
Iter 60 of 180 Loss: 0.000007, L1(Flow): 0.000007, Reg: 0.000000
Iter 70 of 180 Loss: 0.000009, L1(Flow): 0.000009, Reg: 0.000000
Iter 80 of 180 Loss: 0.000008, L1(Flow): 0.000008, Reg: 0.000000
Iter 90 of 180 Loss: 0.000007, L1(Flow): 0.000007, Reg: 0.000000
Iter 100 of 180 Loss: 0.000008, L1(Flow): 0.000008, Reg: 0.000000
Iter 110 of 180 Loss: 0.000005, L1(Flow): 0.000005, Reg: 0.000000
Iter 120 of 180 Loss: 0.000007, L1(Flow): 0.000007, Reg: 0.000000
Iter 130 of 180 Loss: 0.000004, L1(Flow): 0.000004, Reg: 0.000000
Iter 140 of 180 Loss: 0.000009, L1(Flow): 0.000009, Reg: 0.000000
Iter 150 of 180 Loss: 0.000011, L1(Flow): 0.000011, Reg: 0.000000
Iter 160 of 180 Loss: 0.000008, L1(Flow): 0.000008, Reg: 0.000000
Iter 170 of 180 Loss: 0.000008, L1(Flow): 0.000008, Reg: 0.000000
Iter 180 of 180 Loss: 0.000007, L1(Flow): 0.000007, Reg: 0.000000
Epoch 46 Loss: 0.000008
Epoch 46 Validation: Mean EPE: 0.0000, Mean SSIM: 1.0000, Mean ZNCC: 1.0000
Epoch 47 starts
Iter 10 of 180 Loss: 0.000011, L1(Flow): 0.000011, Reg: 0.000000
Iter 20 of 180 Loss: 0.000007, L1(Flow): 0.000007, Reg: 0.000000
Iter 30 of 180 Loss: 0.000016, L1(Flow): 0.000016, Reg: 0.000000
Iter 40 of 180 Loss: 0.000004, L1(Flow): 0.000004, Reg: 0.000000
Iter 50 of 180 Loss: 0.000006, L1(Flow): 0.000006, Reg: 0.000000
Iter 60 of 180 Loss: 0.000011, L1(Flow): 0.000011, Reg: 0.000000
Iter 70 of 180 Loss: 0.000009, L1(Flow): 0.000009, Reg: 0.000000
Iter 80 of 180 Loss: 0.000009, L1(Flow): 0.000009, Reg: 0.000000
Iter 90 of 180 Loss: 0.000010, L1(Flow): 0.000010, Reg: 0.000000
Iter 100 of 180 Loss: 0.000014, L1(Flow): 0.000014, Reg: 0.000000
Iter 110 of 180 Loss: 0.000012, L1(Flow): 0.000012, Reg: 0.000000
Iter 120 of 180 Loss: 0.000012, L1(Flow): 0.000012, Reg: 0.000000
Iter 130 of 180 Loss: 0.000008, L1(Flow): 0.000008, Reg: 0.000000
Iter 140 of 180 Loss: 0.000010, L1(Flow): 0.000010, Reg: 0.000000
Iter 150 of 180 Loss: 0.000014, L1(Flow): 0.000014, Reg: 0.000000
Iter 160 of 180 Loss: 0.000007, L1(Flow): 0.000007, Reg: 0.000000
Iter 170 of 180 Loss: 0.000008, L1(Flow): 0.000008, Reg: 0.000000
Iter 180 of 180 Loss: 0.000014, L1(Flow): 0.000014, Reg: 0.000000
Epoch 47 Loss: 0.000011
Epoch 47 Validation: Mean EPE: 0.0000, Mean SSIM: 1.0000, Mean ZNCC: 1.0000
Epoch 48 starts
Iter 10 of 180 Loss: 0.000006, L1(Flow): 0.000006, Reg: 0.000000
Iter 20 of 180 Loss: 0.000009, L1(Flow): 0.000009, Reg: 0.000000
Iter 30 of 180 Loss: 0.000015, L1(Flow): 0.000015, Reg: 0.000000
Iter 40 of 180 Loss: 0.000009, L1(Flow): 0.000009, Reg: 0.000000
Iter 50 of 180 Loss: 0.000010, L1(Flow): 0.000010, Reg: 0.000000
Iter 60 of 180 Loss: 0.000015, L1(Flow): 0.000015, Reg: 0.000000
Iter 70 of 180 Loss: 0.000009, L1(Flow): 0.000009, Reg: 0.000000
Iter 80 of 180 Loss: 0.000010, L1(Flow): 0.000010, Reg: 0.000000
Iter 90 of 180 Loss: 0.000013, L1(Flow): 0.000013, Reg: 0.000000
Iter 100 of 180 Loss: 0.000008, L1(Flow): 0.000008, Reg: 0.000000
Iter 110 of 180 Loss: 0.000010, L1(Flow): 0.000010, Reg: 0.000000
Iter 120 of 180 Loss: 0.000013, L1(Flow): 0.000013, Reg: 0.000000
Iter 130 of 180 Loss: 0.000009, L1(Flow): 0.000009, Reg: 0.000000
Iter 140 of 180 Loss: 0.000009, L1(Flow): 0.000009, Reg: 0.000000
Iter 150 of 180 Loss: 0.000015, L1(Flow): 0.000015, Reg: 0.000000
Iter 160 of 180 Loss: 0.000007, L1(Flow): 0.000007, Reg: 0.000000
Iter 170 of 180 Loss: 0.000011, L1(Flow): 0.000011, Reg: 0.000000
Iter 180 of 180 Loss: 0.000012, L1(Flow): 0.000012, Reg: 0.000000
Epoch 48 Loss: 0.000011
Epoch 48 Validation: Mean EPE: 0.0000, Mean SSIM: 1.0000, Mean ZNCC: 1.0000
Epoch 49 starts
Iter 10 of 180 Loss: 0.000008, L1(Flow): 0.000008, Reg: 0.000000
Iter 20 of 180 Loss: 0.000009, L1(Flow): 0.000009, Reg: 0.000000
Iter 30 of 180 Loss: 0.000013, L1(Flow): 0.000013, Reg: 0.000000
Iter 40 of 180 Loss: 0.000009, L1(Flow): 0.000009, Reg: 0.000000
Iter 50 of 180 Loss: 0.000009, L1(Flow): 0.000009, Reg: 0.000000
Iter 60 of 180 Loss: 0.000012, L1(Flow): 0.000012, Reg: 0.000000
Iter 70 of 180 Loss: 0.000008, L1(Flow): 0.000008, Reg: 0.000000
Iter 80 of 180 Loss: 0.000011, L1(Flow): 0.000011, Reg: 0.000000
Iter 90 of 180 Loss: 0.000013, L1(Flow): 0.000013, Reg: 0.000000
Iter 100 of 180 Loss: 0.000006, L1(Flow): 0.000006, Reg: 0.000000
Iter 110 of 180 Loss: 0.000010, L1(Flow): 0.000010, Reg: 0.000000
Iter 120 of 180 Loss: 0.000012, L1(Flow): 0.000012, Reg: 0.000000
Iter 130 of 180 Loss: 0.000008, L1(Flow): 0.000008, Reg: 0.000000
Iter 140 of 180 Loss: 0.000010, L1(Flow): 0.000010, Reg: 0.000000
Iter 150 of 180 Loss: 0.000014, L1(Flow): 0.000014, Reg: 0.000000
Iter 160 of 180 Loss: 0.000008, L1(Flow): 0.000008, Reg: 0.000000
Iter 170 of 180 Loss: 0.000010, L1(Flow): 0.000010, Reg: 0.000000
Iter 180 of 180 Loss: 0.000012, L1(Flow): 0.000012, Reg: 0.000000
Epoch 49 Loss: 0.000011
Epoch 49 Validation: Mean EPE: 0.0000, Mean SSIM: 1.0000, Mean ZNCC: 1.0000
--> Saved to Top 5 best models (EPE: 0.0000)
Epoch 50 starts
Iter 10 of 180 Loss: 0.000009, L1(Flow): 0.000009, Reg: 0.000000
Iter 20 of 180 Loss: 0.000010, L1(Flow): 0.000010, Reg: 0.000000
Iter 30 of 180 Loss: 0.000011, L1(Flow): 0.000011, Reg: 0.000000
Iter 40 of 180 Loss: 0.000010, L1(Flow): 0.000010, Reg: 0.000000
Iter 50 of 180 Loss: 0.000009, L1(Flow): 0.000009, Reg: 0.000000
Iter 60 of 180 Loss: 0.000015, L1(Flow): 0.000015, Reg: 0.000000
Iter 70 of 180 Loss: 0.000007, L1(Flow): 0.000007, Reg: 0.000000
Iter 80 of 180 Loss: 0.000012, L1(Flow): 0.000012, Reg: 0.000000
Iter 90 of 180 Loss: 0.000013, L1(Flow): 0.000013, Reg: 0.000000
Iter 100 of 180 Loss: 0.000008, L1(Flow): 0.000008, Reg: 0.000000
Iter 110 of 180 Loss: 0.000009, L1(Flow): 0.000009, Reg: 0.000000
Iter 120 of 180 Loss: 0.000014, L1(Flow): 0.000014, Reg: 0.000000
Iter 130 of 180 Loss: 0.000007, L1(Flow): 0.000007, Reg: 0.000000
Iter 140 of 180 Loss: 0.000009, L1(Flow): 0.000009, Reg: 0.000000
Iter 150 of 180 Loss: 0.000014, L1(Flow): 0.000014, Reg: 0.000000
Iter 160 of 180 Loss: 0.000006, L1(Flow): 0.000006, Reg: 0.000000
Iter 170 of 180 Loss: 0.000009, L1(Flow): 0.000009, Reg: 0.000000
Iter 180 of 180 Loss: 0.000013, L1(Flow): 0.000013, Reg: 0.000000
Epoch 50 Loss: 0.000011
Epoch 50 Validation: Mean EPE: 0.0000, Mean SSIM: 1.0000, Mean ZNCC: 1.0000
Epoch 51 starts
Iter 10 of 180 Loss: 0.000007, L1(Flow): 0.000007, Reg: 0.000000
Iter 20 of 180 Loss: 0.000008, L1(Flow): 0.000008, Reg: 0.000000
Iter 30 of 180 Loss: 0.000013, L1(Flow): 0.000013, Reg: 0.000000
Iter 40 of 180 Loss: 0.000010, L1(Flow): 0.000010, Reg: 0.000000
Iter 50 of 180 Loss: 0.000011, L1(Flow): 0.000011, Reg: 0.000000
Iter 60 of 180 Loss: 0.000011, L1(Flow): 0.000011, Reg: 0.000000
Iter 70 of 180 Loss: 0.000007, L1(Flow): 0.000007, Reg: 0.000000
Iter 80 of 180 Loss: 0.000008, L1(Flow): 0.000008, Reg: 0.000000
Iter 90 of 180 Loss: 0.000012, L1(Flow): 0.000012, Reg: 0.000000
Iter 100 of 180 Loss: 0.000008, L1(Flow): 0.000008, Reg: 0.000000
Iter 110 of 180 Loss: 0.000012, L1(Flow): 0.000012, Reg: 0.000000
Iter 120 of 180 Loss: 0.000016, L1(Flow): 0.000016, Reg: 0.000000
Iter 130 of 180 Loss: 0.000009, L1(Flow): 0.000009, Reg: 0.000000
Iter 140 of 180 Loss: 0.000010, L1(Flow): 0.000010, Reg: 0.000000
Iter 150 of 180 Loss: 0.000013, L1(Flow): 0.000013, Reg: 0.000000
Iter 160 of 180 Loss: 0.000009, L1(Flow): 0.000009, Reg: 0.000000
Iter 170 of 180 Loss: 0.000011, L1(Flow): 0.000011, Reg: 0.000000
Iter 180 of 180 Loss: 0.000013, L1(Flow): 0.000013, Reg: 0.000000
Epoch 51 Loss: 0.000011
Epoch 51 Validation: Mean EPE: 0.0000, Mean SSIM: 1.0000, Mean ZNCC: 1.0000
Epoch 52 starts
Iter 10 of 180 Loss: 0.000007, L1(Flow): 0.000007, Reg: 0.000000
Iter 20 of 180 Loss: 0.000011, L1(Flow): 0.000011, Reg: 0.000000
Iter 30 of 180 Loss: 0.000015, L1(Flow): 0.000015, Reg: 0.000000
Iter 40 of 180 Loss: 0.000008, L1(Flow): 0.000008, Reg: 0.000000
Iter 50 of 180 Loss: 0.000008, L1(Flow): 0.000008, Reg: 0.000000
Iter 60 of 180 Loss: 0.000011, L1(Flow): 0.000011, Reg: 0.000000
Iter 70 of 180 Loss: 0.000009, L1(Flow): 0.000009, Reg: 0.000000
Iter 80 of 180 Loss: 0.000011, L1(Flow): 0.000011, Reg: 0.000000
Iter 90 of 180 Loss: 0.000011, L1(Flow): 0.000011, Reg: 0.000000
Iter 100 of 180 Loss: 0.000011, L1(Flow): 0.000011, Reg: 0.000000
Iter 110 of 180 Loss: 0.000012, L1(Flow): 0.000012, Reg: 0.000000
Iter 120 of 180 Loss: 0.000013, L1(Flow): 0.000013, Reg: 0.000000
Iter 130 of 180 Loss: 0.000009, L1(Flow): 0.000008, Reg: 0.000000
Iter 140 of 180 Loss: 0.000013, L1(Flow): 0.000013, Reg: 0.000000
Iter 150 of 180 Loss: 0.000012, L1(Flow): 0.000012, Reg: 0.000000
Iter 160 of 180 Loss: 0.000007, L1(Flow): 0.000007, Reg: 0.000000
Iter 170 of 180 Loss: 0.000010, L1(Flow): 0.000010, Reg: 0.000000
Iter 180 of 180 Loss: 0.000012, L1(Flow): 0.000012, Reg: 0.000000
Epoch 52 Loss: 0.000011
Epoch 52 Validation: Mean EPE: 0.0000, Mean SSIM: 1.0000, Mean ZNCC: 1.0000
Epoch 53 starts
Iter 10 of 180 Loss: 0.000008, L1(Flow): 0.000008, Reg: 0.000000
Iter 20 of 180 Loss: 0.000010, L1(Flow): 0.000010, Reg: 0.000000
Iter 30 of 180 Loss: 0.000011, L1(Flow): 0.000011, Reg: 0.000000
Iter 40 of 180 Loss: 0.000009, L1(Flow): 0.000009, Reg: 0.000000
Iter 50 of 180 Loss: 0.000009, L1(Flow): 0.000009, Reg: 0.000000
Iter 60 of 180 Loss: 0.000012, L1(Flow): 0.000012, Reg: 0.000000
Iter 70 of 180 Loss: 0.000008, L1(Flow): 0.000008, Reg: 0.000000
Iter 80 of 180 Loss: 0.000010, L1(Flow): 0.000010, Reg: 0.000000
Iter 90 of 180 Loss: 0.000013, L1(Flow): 0.000013, Reg: 0.000000
Iter 100 of 180 Loss: 0.000009, L1(Flow): 0.000009, Reg: 0.000000
Iter 110 of 180 Loss: 0.000010, L1(Flow): 0.000010, Reg: 0.000000
Iter 120 of 180 Loss: 0.000012, L1(Flow): 0.000012, Reg: 0.000000
Iter 130 of 180 Loss: 0.000009, L1(Flow): 0.000009, Reg: 0.000000
Iter 140 of 180 Loss: 0.000011, L1(Flow): 0.000011, Reg: 0.000000
Iter 150 of 180 Loss: 0.000013, L1(Flow): 0.000013, Reg: 0.000000
Iter 160 of 180 Loss: 0.000009, L1(Flow): 0.000009, Reg: 0.000000
Iter 170 of 180 Loss: 0.000010, L1(Flow): 0.000010, Reg: 0.000000
Iter 180 of 180 Loss: 0.000014, L1(Flow): 0.000014, Reg: 0.000000
Epoch 53 Loss: 0.000011
Epoch 53 Validation: Mean EPE: 0.0000, Mean SSIM: 1.0000, Mean ZNCC: 1.0000
Epoch 54 starts
Iter 10 of 180 Loss: 0.000007, L1(Flow): 0.000007, Reg: 0.000000
Iter 20 of 180 Loss: 0.000009, L1(Flow): 0.000009, Reg: 0.000000
Iter 30 of 180 Loss: 0.000013, L1(Flow): 0.000013, Reg: 0.000000
Iter 40 of 180 Loss: 0.000009, L1(Flow): 0.000009, Reg: 0.000000
Iter 50 of 180 Loss: 0.000008, L1(Flow): 0.000008, Reg: 0.000000
Iter 60 of 180 Loss: 0.000015, L1(Flow): 0.000015, Reg: 0.000000
Iter 70 of 180 Loss: 0.000007, L1(Flow): 0.000007, Reg: 0.000000
Iter 80 of 180 Loss: 0.000009, L1(Flow): 0.000009, Reg: 0.000000
Iter 90 of 180 Loss: 0.000012, L1(Flow): 0.000012, Reg: 0.000000
Iter 100 of 180 Loss: 0.000008, L1(Flow): 0.000008, Reg: 0.000000
Iter 110 of 180 Loss: 0.000010, L1(Flow): 0.000010, Reg: 0.000000
Iter 120 of 180 Loss: 0.000013, L1(Flow): 0.000013, Reg: 0.000000
Iter 130 of 180 Loss: 0.000008, L1(Flow): 0.000008, Reg: 0.000000
Iter 140 of 180 Loss: 0.000009, L1(Flow): 0.000009, Reg: 0.000000
Iter 150 of 180 Loss: 0.000013, L1(Flow): 0.000013, Reg: 0.000000
Iter 160 of 180 Loss: 0.000009, L1(Flow): 0.000009, Reg: 0.000000
Iter 170 of 180 Loss: 0.000011, L1(Flow): 0.000011, Reg: 0.000000
Iter 180 of 180 Loss: 0.000011, L1(Flow): 0.000011, Reg: 0.000000
Epoch 54 Loss: 0.000011
Epoch 54 Validation: Mean EPE: 0.0000, Mean SSIM: 1.0000, Mean ZNCC: 1.0000
Epoch 55 starts
Iter 10 of 180 Loss: 0.000008, L1(Flow): 0.000008, Reg: 0.000000
Iter 20 of 180 Loss: 0.000009, L1(Flow): 0.000009, Reg: 0.000000
Iter 30 of 180 Loss: 0.000013, L1(Flow): 0.000013, Reg: 0.000000
Iter 40 of 180 Loss: 0.000007, L1(Flow): 0.000007, Reg: 0.000000
Iter 50 of 180 Loss: 0.000010, L1(Flow): 0.000010, Reg: 0.000000
Iter 60 of 180 Loss: 0.000013, L1(Flow): 0.000013, Reg: 0.000000
Iter 70 of 180 Loss: 0.000008, L1(Flow): 0.000008, Reg: 0.000000
Iter 80 of 180 Loss: 0.000010, L1(Flow): 0.000010, Reg: 0.000000
Iter 90 of 180 Loss: 0.000013, L1(Flow): 0.000013, Reg: 0.000000
Iter 100 of 180 Loss: 0.000007, L1(Flow): 0.000007, Reg: 0.000000
Iter 110 of 180 Loss: 0.000009, L1(Flow): 0.000009, Reg: 0.000000
Iter 120 of 180 Loss: 0.000014, L1(Flow): 0.000014, Reg: 0.000000
Iter 130 of 180 Loss: 0.000007, L1(Flow): 0.000007, Reg: 0.000000
Iter 140 of 180 Loss: 0.000010, L1(Flow): 0.000010, Reg: 0.000000
Iter 150 of 180 Loss: 0.000012, L1(Flow): 0.000012, Reg: 0.000000
Iter 160 of 180 Loss: 0.000009, L1(Flow): 0.000009, Reg: 0.000000
Iter 170 of 180 Loss: 0.000009, L1(Flow): 0.000009, Reg: 0.000000
Iter 180 of 180 Loss: 0.000015, L1(Flow): 0.000015, Reg: 0.000000
Epoch 55 Loss: 0.000011
Epoch 55 Validation: Mean EPE: 0.0000, Mean SSIM: 1.0000, Mean ZNCC: 1.0000
Epoch 56 starts
Iter 10 of 180 Loss: 0.000006, L1(Flow): 0.000006, Reg: 0.000000
Iter 20 of 180 Loss: 0.000010, L1(Flow): 0.000010, Reg: 0.000000
Iter 30 of 180 Loss: 0.000013, L1(Flow): 0.000013, Reg: 0.000000
Iter 40 of 180 Loss: 0.000009, L1(Flow): 0.000009, Reg: 0.000000
Iter 50 of 180 Loss: 0.000011, L1(Flow): 0.000011, Reg: 0.000000
Iter 60 of 180 Loss: 0.000013, L1(Flow): 0.000013, Reg: 0.000000
Iter 70 of 180 Loss: 0.000010, L1(Flow): 0.000010, Reg: 0.000000
Iter 80 of 180 Loss: 0.000011, L1(Flow): 0.000011, Reg: 0.000000
Iter 90 of 180 Loss: 0.000013, L1(Flow): 0.000013, Reg: 0.000000
Iter 100 of 180 Loss: 0.000008, L1(Flow): 0.000008, Reg: 0.000000
Iter 110 of 180 Loss: 0.000009, L1(Flow): 0.000009, Reg: 0.000000
Iter 120 of 180 Loss: 0.000015, L1(Flow): 0.000015, Reg: 0.000000
Iter 130 of 180 Loss: 0.000012, L1(Flow): 0.000012, Reg: 0.000000
Iter 140 of 180 Loss: 0.000010, L1(Flow): 0.000010, Reg: 0.000000
Iter 150 of 180 Loss: 0.000014, L1(Flow): 0.000014, Reg: 0.000000
Iter 160 of 180 Loss: 0.000008, L1(Flow): 0.000008, Reg: 0.000000
Iter 170 of 180 Loss: 0.000009, L1(Flow): 0.000009, Reg: 0.000000
Iter 180 of 180 Loss: 0.000013, L1(Flow): 0.000013, Reg: 0.000000
Epoch 56 Loss: 0.000011
Epoch 56 Validation: Mean EPE: 0.0000, Mean SSIM: 1.0000, Mean ZNCC: 1.0000
Epoch 57 starts
Iter 10 of 180 Loss: 0.000007, L1(Flow): 0.000007, Reg: 0.000000
Iter 20 of 180 Loss: 0.000009, L1(Flow): 0.000009, Reg: 0.000000
Iter 30 of 180 Loss: 0.000014, L1(Flow): 0.000014, Reg: 0.000000
Iter 40 of 180 Loss: 0.000008, L1(Flow): 0.000008, Reg: 0.000000
Iter 50 of 180 Loss: 0.000010, L1(Flow): 0.000010, Reg: 0.000000
Iter 60 of 180 Loss: 0.000012, L1(Flow): 0.000012, Reg: 0.000000
Iter 70 of 180 Loss: 0.000008, L1(Flow): 0.000008, Reg: 0.000000
Iter 80 of 180 Loss: 0.000010, L1(Flow): 0.000010, Reg: 0.000000
Iter 90 of 180 Loss: 0.000012, L1(Flow): 0.000012, Reg: 0.000000
Iter 100 of 180 Loss: 0.000007, L1(Flow): 0.000007, Reg: 0.000000
Iter 110 of 180 Loss: 0.000010, L1(Flow): 0.000010, Reg: 0.000000
Iter 120 of 180 Loss: 0.000014, L1(Flow): 0.000013, Reg: 0.000000
Iter 130 of 180 Loss: 0.000008, L1(Flow): 0.000008, Reg: 0.000000
Iter 140 of 180 Loss: 0.000010, L1(Flow): 0.000010, Reg: 0.000000
Iter 150 of 180 Loss: 0.000013, L1(Flow): 0.000013, Reg: 0.000000
Iter 160 of 180 Loss: 0.000008, L1(Flow): 0.000008, Reg: 0.000000
Iter 170 of 180 Loss: 0.000010, L1(Flow): 0.000010, Reg: 0.000000
Iter 180 of 180 Loss: 0.000012, L1(Flow): 0.000012, Reg: 0.000000
Epoch 57 Loss: 0.000011
Epoch 57 Validation: Mean EPE: 0.0000, Mean SSIM: 1.0000, Mean ZNCC: 1.0000
Epoch 58 starts
Iter 10 of 180 Loss: 0.000008, L1(Flow): 0.000008, Reg: 0.000000
Iter 20 of 180 Loss: 0.000010, L1(Flow): 0.000010, Reg: 0.000000
Iter 30 of 180 Loss: 0.000014, L1(Flow): 0.000014, Reg: 0.000000
Iter 40 of 180 Loss: 0.000006, L1(Flow): 0.000006, Reg: 0.000000
Iter 50 of 180 Loss: 0.000011, L1(Flow): 0.000011, Reg: 0.000000
Iter 60 of 180 Loss: 0.000012, L1(Flow): 0.000012, Reg: 0.000000
Iter 70 of 180 Loss: 0.000007, L1(Flow): 0.000007, Reg: 0.000000
Iter 80 of 180 Loss: 0.000011, L1(Flow): 0.000011, Reg: 0.000000
Iter 90 of 180 Loss: 0.000011, L1(Flow): 0.000011, Reg: 0.000000
Iter 100 of 180 Loss: 0.000007, L1(Flow): 0.000007, Reg: 0.000000
Iter 110 of 180 Loss: 0.000008, L1(Flow): 0.000008, Reg: 0.000000
Iter 120 of 180 Loss: 0.000013, L1(Flow): 0.000013, Reg: 0.000000
Iter 130 of 180 Loss: 0.000009, L1(Flow): 0.000009, Reg: 0.000000
Iter 140 of 180 Loss: 0.000008, L1(Flow): 0.000008, Reg: 0.000000
Iter 150 of 180 Loss: 0.000013, L1(Flow): 0.000013, Reg: 0.000000
Iter 160 of 180 Loss: 0.000009, L1(Flow): 0.000009, Reg: 0.000000
Iter 170 of 180 Loss: 0.000009, L1(Flow): 0.000009, Reg: 0.000000
Iter 180 of 180 Loss: 0.000015, L1(Flow): 0.000015, Reg: 0.000000
Epoch 58 Loss: 0.000011
Epoch 58 Validation: Mean EPE: 0.0000, Mean SSIM: 1.0000, Mean ZNCC: 1.0000
Epoch 59 starts
Iter 10 of 180 Loss: 0.000009, L1(Flow): 0.000009, Reg: 0.000000
Iter 20 of 180 Loss: 0.000009, L1(Flow): 0.000009, Reg: 0.000000
Iter 30 of 180 Loss: 0.000015, L1(Flow): 0.000015, Reg: 0.000000
Iter 40 of 180 Loss: 0.000008, L1(Flow): 0.000008, Reg: 0.000000
Iter 50 of 180 Loss: 0.000008, L1(Flow): 0.000008, Reg: 0.000000
Iter 60 of 180 Loss: 0.000014, L1(Flow): 0.000014, Reg: 0.000000
Iter 70 of 180 Loss: 0.000008, L1(Flow): 0.000008, Reg: 0.000000
Iter 80 of 180 Loss: 0.000009, L1(Flow): 0.000009, Reg: 0.000000
Iter 90 of 180 Loss: 0.000013, L1(Flow): 0.000013, Reg: 0.000000
Iter 100 of 180 Loss: 0.000007, L1(Flow): 0.000007, Reg: 0.000000
Iter 110 of 180 Loss: 0.000009, L1(Flow): 0.000009, Reg: 0.000000
Iter 120 of 180 Loss: 0.000012, L1(Flow): 0.000012, Reg: 0.000000
Iter 130 of 180 Loss: 0.000007, L1(Flow): 0.000007, Reg: 0.000000
Iter 140 of 180 Loss: 0.000010, L1(Flow): 0.000010, Reg: 0.000000
Iter 150 of 180 Loss: 0.000013, L1(Flow): 0.000013, Reg: 0.000000
Iter 160 of 180 Loss: 0.000008, L1(Flow): 0.000008, Reg: 0.000000
Iter 170 of 180 Loss: 0.000010, L1(Flow): 0.000010, Reg: 0.000000
Iter 180 of 180 Loss: 0.000013, L1(Flow): 0.000013, Reg: 0.000000
Epoch 59 Loss: 0.000010
Epoch 59 Validation: Mean EPE: 0.0000, Mean SSIM: 1.0000, Mean ZNCC: 1.0000
Epoch 60 starts
Iter 10 of 180 Loss: 0.000008, L1(Flow): 0.000008, Reg: 0.000000
Iter 20 of 180 Loss: 0.000011, L1(Flow): 0.000011, Reg: 0.000000
Iter 30 of 180 Loss: 0.000012, L1(Flow): 0.000012, Reg: 0.000000
Iter 40 of 180 Loss: 0.000007, L1(Flow): 0.000007, Reg: 0.000000
Iter 50 of 180 Loss: 0.000008, L1(Flow): 0.000008, Reg: 0.000000
Iter 60 of 180 Loss: 0.000011, L1(Flow): 0.000011, Reg: 0.000000
Iter 70 of 180 Loss: 0.000012, L1(Flow): 0.000012, Reg: 0.000000
Iter 80 of 180 Loss: 0.000011, L1(Flow): 0.000011, Reg: 0.000000
Iter 90 of 180 Loss: 0.000014, L1(Flow): 0.000014, Reg: 0.000000
Iter 100 of 180 Loss: 0.000008, L1(Flow): 0.000008, Reg: 0.000000
Iter 110 of 180 Loss: 0.000009, L1(Flow): 0.000009, Reg: 0.000000
Iter 120 of 180 Loss: 0.000014, L1(Flow): 0.000014, Reg: 0.000000
Iter 130 of 180 Loss: 0.000007, L1(Flow): 0.000007, Reg: 0.000000
Iter 140 of 180 Loss: 0.000012, L1(Flow): 0.000012, Reg: 0.000000
Iter 150 of 180 Loss: 0.000012, L1(Flow): 0.000012, Reg: 0.000000
Iter 160 of 180 Loss: 0.000010, L1(Flow): 0.000010, Reg: 0.000000
Iter 170 of 180 Loss: 0.000011, L1(Flow): 0.000011, Reg: 0.000000
Iter 180 of 180 Loss: 0.000013, L1(Flow): 0.000013, Reg: 0.000000
Epoch 60 Loss: 0.000010
Epoch 60 Validation: Mean EPE: 0.0000, Mean SSIM: 1.0000, Mean ZNCC: 1.0000
Epoch 61 starts
Iter 10 of 180 Loss: 0.000010, L1(Flow): 0.000010, Reg: 0.000000
Iter 20 of 180 Loss: 0.000011, L1(Flow): 0.000011, Reg: 0.000000
Iter 30 of 180 Loss: 0.000014, L1(Flow): 0.000014, Reg: 0.000000
Iter 40 of 180 Loss: 0.000009, L1(Flow): 0.000009, Reg: 0.000000
Iter 50 of 180 Loss: 0.000011, L1(Flow): 0.000011, Reg: 0.000000
Iter 60 of 180 Loss: 0.000011, L1(Flow): 0.000011, Reg: 0.000000
Iter 70 of 180 Loss: 0.000008, L1(Flow): 0.000008, Reg: 0.000000
Iter 80 of 180 Loss: 0.000008, L1(Flow): 0.000008, Reg: 0.000000
Iter 90 of 180 Loss: 0.000011, L1(Flow): 0.000011, Reg: 0.000000
Iter 100 of 180 Loss: 0.000010, L1(Flow): 0.000010, Reg: 0.000000
Iter 110 of 180 Loss: 0.000010, L1(Flow): 0.000010, Reg: 0.000000
Iter 120 of 180 Loss: 0.000012, L1(Flow): 0.000012, Reg: 0.000000
Iter 130 of 180 Loss: 0.000008, L1(Flow): 0.000008, Reg: 0.000000
Iter 140 of 180 Loss: 0.000008, L1(Flow): 0.000008, Reg: 0.000000
Iter 150 of 180 Loss: 0.000012, L1(Flow): 0.000012, Reg: 0.000000
Iter 160 of 180 Loss: 0.000011, L1(Flow): 0.000011, Reg: 0.000000
Iter 170 of 180 Loss: 0.000009, L1(Flow): 0.000009, Reg: 0.000000
Iter 180 of 180 Loss: 0.000013, L1(Flow): 0.000013, Reg: 0.000000
Epoch 61 Loss: 0.000010
Epoch 61 Validation: Mean EPE: 0.0000, Mean SSIM: 1.0000, Mean ZNCC: 1.0000
Epoch 62 starts
Iter 10 of 180 Loss: 0.000008, L1(Flow): 0.000008, Reg: 0.000000
Iter 20 of 180 Loss: 0.000008, L1(Flow): 0.000008, Reg: 0.000000
Iter 30 of 180 Loss: 0.000015, L1(Flow): 0.000014, Reg: 0.000000
Iter 40 of 180 Loss: 0.000008, L1(Flow): 0.000008, Reg: 0.000000
Iter 50 of 180 Loss: 0.000011, L1(Flow): 0.000011, Reg: 0.000000
Iter 60 of 180 Loss: 0.000013, L1(Flow): 0.000013, Reg: 0.000000
Iter 70 of 180 Loss: 0.000008, L1(Flow): 0.000008, Reg: 0.000000
Iter 80 of 180 Loss: 0.000010, L1(Flow): 0.000010, Reg: 0.000000
Iter 90 of 180 Loss: 0.000012, L1(Flow): 0.000012, Reg: 0.000000
Iter 100 of 180 Loss: 0.000009, L1(Flow): 0.000009, Reg: 0.000000
Iter 110 of 180 Loss: 0.000008, L1(Flow): 0.000008, Reg: 0.000000
Iter 120 of 180 Loss: 0.000010, L1(Flow): 0.000010, Reg: 0.000000
Iter 130 of 180 Loss: 0.000010, L1(Flow): 0.000010, Reg: 0.000000
Iter 140 of 180 Loss: 0.000011, L1(Flow): 0.000011, Reg: 0.000000
Iter 150 of 180 Loss: 0.000014, L1(Flow): 0.000014, Reg: 0.000000
Iter 160 of 180 Loss: 0.000007, L1(Flow): 0.000007, Reg: 0.000000
Iter 170 of 180 Loss: 0.000011, L1(Flow): 0.000011, Reg: 0.000000
Iter 180 of 180 Loss: 0.000011, L1(Flow): 0.000011, Reg: 0.000000
Epoch 62 Loss: 0.000010
Epoch 62 Validation: Mean EPE: 0.0000, Mean SSIM: 1.0000, Mean ZNCC: 1.0000
Epoch 63 starts
Iter 10 of 180 Loss: 0.000007, L1(Flow): 0.000007, Reg: 0.000000
Iter 20 of 180 Loss: 0.000009, L1(Flow): 0.000009, Reg: 0.000000
Iter 30 of 180 Loss: 0.000012, L1(Flow): 0.000012, Reg: 0.000000
Iter 40 of 180 Loss: 0.000009, L1(Flow): 0.000009, Reg: 0.000000
Iter 50 of 180 Loss: 0.000011, L1(Flow): 0.000011, Reg: 0.000000
Iter 60 of 180 Loss: 0.000012, L1(Flow): 0.000012, Reg: 0.000000
Iter 70 of 180 Loss: 0.000008, L1(Flow): 0.000008, Reg: 0.000000
Iter 80 of 180 Loss: 0.000009, L1(Flow): 0.000009, Reg: 0.000000
Iter 90 of 180 Loss: 0.000013, L1(Flow): 0.000013, Reg: 0.000000
Iter 100 of 180 Loss: 0.000009, L1(Flow): 0.000009, Reg: 0.000000
Iter 110 of 180 Loss: 0.000010, L1(Flow): 0.000010, Reg: 0.000000
Iter 120 of 180 Loss: 0.000013, L1(Flow): 0.000013, Reg: 0.000000
Iter 130 of 180 Loss: 0.000007, L1(Flow): 0.000007, Reg: 0.000000
Iter 140 of 180 Loss: 0.000010, L1(Flow): 0.000010, Reg: 0.000000
Iter 150 of 180 Loss: 0.000014, L1(Flow): 0.000014, Reg: 0.000000
Iter 160 of 180 Loss: 0.000007, L1(Flow): 0.000007, Reg: 0.000000
Iter 170 of 180 Loss: 0.000011, L1(Flow): 0.000011, Reg: 0.000000
Iter 180 of 180 Loss: 0.000012, L1(Flow): 0.000012, Reg: 0.000000
Epoch 63 Loss: 0.000010
Epoch 63 Validation: Mean EPE: 0.0000, Mean SSIM: 1.0000, Mean ZNCC: 1.0000
Epoch 64 starts
Iter 10 of 180 Loss: 0.000007, L1(Flow): 0.000007, Reg: 0.000000
Iter 20 of 180 Loss: 0.000009, L1(Flow): 0.000009, Reg: 0.000000
Iter 30 of 180 Loss: 0.000012, L1(Flow): 0.000012, Reg: 0.000000
Iter 40 of 180 Loss: 0.000009, L1(Flow): 0.000009, Reg: 0.000000
Iter 50 of 180 Loss: 0.000010, L1(Flow): 0.000010, Reg: 0.000000
Iter 60 of 180 Loss: 0.000011, L1(Flow): 0.000011, Reg: 0.000000
Iter 70 of 180 Loss: 0.000007, L1(Flow): 0.000007, Reg: 0.000000
Iter 80 of 180 Loss: 0.000008, L1(Flow): 0.000008, Reg: 0.000000
Iter 90 of 180 Loss: 0.000015, L1(Flow): 0.000015, Reg: 0.000000
Iter 100 of 180 Loss: 0.000008, L1(Flow): 0.000008, Reg: 0.000000
Iter 110 of 180 Loss: 0.000012, L1(Flow): 0.000012, Reg: 0.000000
Iter 120 of 180 Loss: 0.000011, L1(Flow): 0.000011, Reg: 0.000000
Iter 130 of 180 Loss: 0.000008, L1(Flow): 0.000008, Reg: 0.000000
Iter 140 of 180 Loss: 0.000008, L1(Flow): 0.000008, Reg: 0.000000
Iter 150 of 180 Loss: 0.000013, L1(Flow): 0.000013, Reg: 0.000000
Iter 160 of 180 Loss: 0.000007, L1(Flow): 0.000007, Reg: 0.000000
Iter 170 of 180 Loss: 0.000011, L1(Flow): 0.000011, Reg: 0.000000
Iter 180 of 180 Loss: 0.000013, L1(Flow): 0.000013, Reg: 0.000000
Epoch 64 Loss: 0.000010
Epoch 64 Validation: Mean EPE: 0.0000, Mean SSIM: 1.0000, Mean ZNCC: 1.0000
Epoch 65 starts
Iter 10 of 180 Loss: 0.000008, L1(Flow): 0.000008, Reg: 0.000000
Iter 20 of 180 Loss: 0.000009, L1(Flow): 0.000009, Reg: 0.000000
Iter 30 of 180 Loss: 0.000013, L1(Flow): 0.000013, Reg: 0.000000
Iter 40 of 180 Loss: 0.000008, L1(Flow): 0.000008, Reg: 0.000000
Iter 50 of 180 Loss: 0.000009, L1(Flow): 0.000009, Reg: 0.000000
Iter 60 of 180 Loss: 0.000011, L1(Flow): 0.000011, Reg: 0.000000
Iter 70 of 180 Loss: 0.000008, L1(Flow): 0.000008, Reg: 0.000000
Iter 80 of 180 Loss: 0.000009, L1(Flow): 0.000009, Reg: 0.000000
Iter 90 of 180 Loss: 0.000014, L1(Flow): 0.000014, Reg: 0.000000
Iter 100 of 180 Loss: 0.000007, L1(Flow): 0.000007, Reg: 0.000000
Iter 110 of 180 Loss: 0.000009, L1(Flow): 0.000009, Reg: 0.000000
Iter 120 of 180 Loss: 0.000012, L1(Flow): 0.000012, Reg: 0.000000
Iter 130 of 180 Loss: 0.000008, L1(Flow): 0.000008, Reg: 0.000000
Iter 140 of 180 Loss: 0.000008, L1(Flow): 0.000008, Reg: 0.000000
Iter 150 of 180 Loss: 0.000012, L1(Flow): 0.000012, Reg: 0.000000
Iter 160 of 180 Loss: 0.000009, L1(Flow): 0.000009, Reg: 0.000000
Iter 170 of 180 Loss: 0.000012, L1(Flow): 0.000012, Reg: 0.000000
Iter 180 of 180 Loss: 0.000015, L1(Flow): 0.000015, Reg: 0.000000
Epoch 65 Loss: 0.000010
Epoch 65 Validation: Mean EPE: 0.0000, Mean SSIM: 1.0000, Mean ZNCC: 1.0000
Epoch 66 starts
Iter 10 of 180 Loss: 0.000008, L1(Flow): 0.000008, Reg: 0.000000
Iter 20 of 180 Loss: 0.000010, L1(Flow): 0.000010, Reg: 0.000000
Iter 30 of 180 Loss: 0.000013, L1(Flow): 0.000013, Reg: 0.000000
Iter 40 of 180 Loss: 0.000007, L1(Flow): 0.000007, Reg: 0.000000
Iter 50 of 180 Loss: 0.000011, L1(Flow): 0.000011, Reg: 0.000000
Iter 60 of 180 Loss: 0.000014, L1(Flow): 0.000014, Reg: 0.000000
Iter 70 of 180 Loss: 0.000008, L1(Flow): 0.000008, Reg: 0.000000
Iter 80 of 180 Loss: 0.000010, L1(Flow): 0.000010, Reg: 0.000000
Iter 90 of 180 Loss: 0.000011, L1(Flow): 0.000011, Reg: 0.000000
Iter 100 of 180 Loss: 0.000007, L1(Flow): 0.000007, Reg: 0.000000
Iter 110 of 180 Loss: 0.000010, L1(Flow): 0.000010, Reg: 0.000000
Iter 120 of 180 Loss: 0.000012, L1(Flow): 0.000012, Reg: 0.000000
Iter 130 of 180 Loss: 0.000008, L1(Flow): 0.000008, Reg: 0.000000
Iter 140 of 180 Loss: 0.000010, L1(Flow): 0.000010, Reg: 0.000000
Iter 150 of 180 Loss: 0.000013, L1(Flow): 0.000013, Reg: 0.000000
Iter 160 of 180 Loss: 0.000008, L1(Flow): 0.000008, Reg: 0.000000
Iter 170 of 180 Loss: 0.000009, L1(Flow): 0.000009, Reg: 0.000000
Iter 180 of 180 Loss: 0.000012, L1(Flow): 0.000012, Reg: 0.000000
Epoch 66 Loss: 0.000010
Epoch 66 Validation: Mean EPE: 0.0000, Mean SSIM: 1.0000, Mean ZNCC: 1.0000
Epoch 67 starts
Iter 10 of 180 Loss: 0.000009, L1(Flow): 0.000009, Reg: 0.000000
Iter 20 of 180 Loss: 0.000010, L1(Flow): 0.000010, Reg: 0.000000
Iter 30 of 180 Loss: 0.000013, L1(Flow): 0.000013, Reg: 0.000000
Iter 40 of 180 Loss: 0.000007, L1(Flow): 0.000007, Reg: 0.000000
Iter 50 of 180 Loss: 0.000009, L1(Flow): 0.000009, Reg: 0.000000
Iter 60 of 180 Loss: 0.000013, L1(Flow): 0.000013, Reg: 0.000000
Iter 70 of 180 Loss: 0.000008, L1(Flow): 0.000008, Reg: 0.000000
Iter 80 of 180 Loss: 0.000010, L1(Flow): 0.000010, Reg: 0.000000
Iter 90 of 180 Loss: 0.000013, L1(Flow): 0.000013, Reg: 0.000000
Iter 100 of 180 Loss: 0.000006, L1(Flow): 0.000006, Reg: 0.000000
Iter 110 of 180 Loss: 0.000010, L1(Flow): 0.000010, Reg: 0.000000
Iter 120 of 180 Loss: 0.000013, L1(Flow): 0.000013, Reg: 0.000000
Iter 130 of 180 Loss: 0.000007, L1(Flow): 0.000007, Reg: 0.000000
Iter 140 of 180 Loss: 0.000008, L1(Flow): 0.000008, Reg: 0.000000
Iter 150 of 180 Loss: 0.000011, L1(Flow): 0.000011, Reg: 0.000000
Iter 160 of 180 Loss: 0.000010, L1(Flow): 0.000010, Reg: 0.000000
Iter 170 of 180 Loss: 0.000012, L1(Flow): 0.000012, Reg: 0.000000
Iter 180 of 180 Loss: 0.000013, L1(Flow): 0.000013, Reg: 0.000000
Epoch 67 Loss: 0.000010
Epoch 67 Validation: Mean EPE: 0.0000, Mean SSIM: 1.0000, Mean ZNCC: 1.0000
Epoch 68 starts
Iter 10 of 180 Loss: 0.000008, L1(Flow): 0.000008, Reg: 0.000000
Iter 20 of 180 Loss: 0.000011, L1(Flow): 0.000011, Reg: 0.000000
Iter 30 of 180 Loss: 0.000011, L1(Flow): 0.000011, Reg: 0.000000
Iter 40 of 180 Loss: 0.000009, L1(Flow): 0.000009, Reg: 0.000000
Iter 50 of 180 Loss: 0.000010, L1(Flow): 0.000010, Reg: 0.000000
Iter 60 of 180 Loss: 0.000012, L1(Flow): 0.000012, Reg: 0.000000
Iter 70 of 180 Loss: 0.000007, L1(Flow): 0.000007, Reg: 0.000000
Iter 80 of 180 Loss: 0.000009, L1(Flow): 0.000009, Reg: 0.000000
Iter 90 of 180 Loss: 0.000012, L1(Flow): 0.000012, Reg: 0.000000
Iter 100 of 180 Loss: 0.000007, L1(Flow): 0.000007, Reg: 0.000000
Iter 110 of 180 Loss: 0.000010, L1(Flow): 0.000010, Reg: 0.000000
Iter 120 of 180 Loss: 0.000012, L1(Flow): 0.000012, Reg: 0.000000
Iter 130 of 180 Loss: 0.000008, L1(Flow): 0.000008, Reg: 0.000000
Iter 140 of 180 Loss: 0.000009, L1(Flow): 0.000009, Reg: 0.000000
Iter 150 of 180 Loss: 0.000012, L1(Flow): 0.000012, Reg: 0.000000
Iter 160 of 180 Loss: 0.000007, L1(Flow): 0.000007, Reg: 0.000000
Iter 170 of 180 Loss: 0.000011, L1(Flow): 0.000011, Reg: 0.000000
Iter 180 of 180 Loss: 0.000012, L1(Flow): 0.000012, Reg: 0.000000
Epoch 68 Loss: 0.000010
Epoch 68 Validation: Mean EPE: 0.0000, Mean SSIM: 1.0000, Mean ZNCC: 1.0000
Epoch 69 starts
Iter 10 of 180 Loss: 0.000007, L1(Flow): 0.000007, Reg: 0.000000
Iter 20 of 180 Loss: 0.000009, L1(Flow): 0.000009, Reg: 0.000000
Iter 30 of 180 Loss: 0.000012, L1(Flow): 0.000012, Reg: 0.000000
Iter 40 of 180 Loss: 0.000008, L1(Flow): 0.000008, Reg: 0.000000
Iter 50 of 180 Loss: 0.000011, L1(Flow): 0.000011, Reg: 0.000000
Iter 60 of 180 Loss: 0.000012, L1(Flow): 0.000012, Reg: 0.000000
Iter 70 of 180 Loss: 0.000008, L1(Flow): 0.000008, Reg: 0.000000
Iter 80 of 180 Loss: 0.000009, L1(Flow): 0.000009, Reg: 0.000000
Iter 90 of 180 Loss: 0.000012, L1(Flow): 0.000012, Reg: 0.000000
Iter 100 of 180 Loss: 0.000008, L1(Flow): 0.000008, Reg: 0.000000
Iter 110 of 180 Loss: 0.000010, L1(Flow): 0.000010, Reg: 0.000000
Iter 120 of 180 Loss: 0.000012, L1(Flow): 0.000012, Reg: 0.000000
Iter 130 of 180 Loss: 0.000007, L1(Flow): 0.000007, Reg: 0.000000
Iter 140 of 180 Loss: 0.000009, L1(Flow): 0.000009, Reg: 0.000000
Iter 150 of 180 Loss: 0.000013, L1(Flow): 0.000012, Reg: 0.000000
Iter 160 of 180 Loss: 0.000008, L1(Flow): 0.000008, Reg: 0.000000
Iter 170 of 180 Loss: 0.000010, L1(Flow): 0.000010, Reg: 0.000000
Iter 180 of 180 Loss: 0.000012, L1(Flow): 0.000012, Reg: 0.000000
Epoch 69 Loss: 0.000010
Epoch 69 Validation: Mean EPE: 0.0000, Mean SSIM: 1.0000, Mean ZNCC: 1.0000
Epoch 70 starts
Iter 10 of 180 Loss: 0.000008, L1(Flow): 0.000008, Reg: 0.000000
Iter 20 of 180 Loss: 0.000011, L1(Flow): 0.000011, Reg: 0.000000
Iter 30 of 180 Loss: 0.000012, L1(Flow): 0.000012, Reg: 0.000000
Iter 40 of 180 Loss: 0.000008, L1(Flow): 0.000008, Reg: 0.000000
Iter 50 of 180 Loss: 0.000010, L1(Flow): 0.000010, Reg: 0.000000
Iter 60 of 180 Loss: 0.000012, L1(Flow): 0.000012, Reg: 0.000000
Iter 70 of 180 Loss: 0.000008, L1(Flow): 0.000008, Reg: 0.000000
Iter 80 of 180 Loss: 0.000009, L1(Flow): 0.000009, Reg: 0.000000
Iter 90 of 180 Loss: 0.000013, L1(Flow): 0.000013, Reg: 0.000000
Iter 100 of 180 Loss: 0.000007, L1(Flow): 0.000007, Reg: 0.000000
Iter 110 of 180 Loss: 0.000010, L1(Flow): 0.000010, Reg: 0.000000
Iter 120 of 180 Loss: 0.000012, L1(Flow): 0.000012, Reg: 0.000000
Iter 130 of 180 Loss: 0.000008, L1(Flow): 0.000008, Reg: 0.000000
Iter 140 of 180 Loss: 0.000009, L1(Flow): 0.000009, Reg: 0.000000
Iter 150 of 180 Loss: 0.000012, L1(Flow): 0.000012, Reg: 0.000000
Iter 160 of 180 Loss: 0.000007, L1(Flow): 0.000007, Reg: 0.000000
Iter 170 of 180 Loss: 0.000009, L1(Flow): 0.000009, Reg: 0.000000
Iter 180 of 180 Loss: 0.000013, L1(Flow): 0.000013, Reg: 0.000000
Epoch 70 Loss: 0.000010
Epoch 70 Validation: Mean EPE: 0.0000, Mean SSIM: 1.0000, Mean ZNCC: 1.0000
Epoch 71 starts
Iter 10 of 180 Loss: 0.000007, L1(Flow): 0.000007, Reg: 0.000000
Iter 20 of 180 Loss: 0.000011, L1(Flow): 0.000011, Reg: 0.000000
Iter 30 of 180 Loss: 0.000012, L1(Flow): 0.000012, Reg: 0.000000
Iter 40 of 180 Loss: 0.000007, L1(Flow): 0.000007, Reg: 0.000000
Iter 50 of 180 Loss: 0.000010, L1(Flow): 0.000010, Reg: 0.000000
Iter 60 of 180 Loss: 0.000013, L1(Flow): 0.000013, Reg: 0.000000
Iter 70 of 180 Loss: 0.000008, L1(Flow): 0.000008, Reg: 0.000000
Iter 80 of 180 Loss: 0.000009, L1(Flow): 0.000009, Reg: 0.000000
Iter 90 of 180 Loss: 0.000012, L1(Flow): 0.000012, Reg: 0.000000
Iter 100 of 180 Loss: 0.000010, L1(Flow): 0.000010, Reg: 0.000000
Iter 110 of 180 Loss: 0.000009, L1(Flow): 0.000009, Reg: 0.000000
Iter 120 of 180 Loss: 0.000011, L1(Flow): 0.000011, Reg: 0.000000
Iter 130 of 180 Loss: 0.000010, L1(Flow): 0.000010, Reg: 0.000000
Iter 140 of 180 Loss: 0.000009, L1(Flow): 0.000009, Reg: 0.000000
Iter 150 of 180 Loss: 0.000012, L1(Flow): 0.000012, Reg: 0.000000
Iter 160 of 180 Loss: 0.000008, L1(Flow): 0.000008, Reg: 0.000000
Iter 170 of 180 Loss: 0.000011, L1(Flow): 0.000011, Reg: 0.000000
Iter 180 of 180 Loss: 0.000011, L1(Flow): 0.000011, Reg: 0.000000
Epoch 71 Loss: 0.000010
Epoch 71 Validation: Mean EPE: 0.0000, Mean SSIM: 1.0000, Mean ZNCC: 1.0000
Epoch 72 starts
Iter 10 of 180 Loss: 0.000008, L1(Flow): 0.000008, Reg: 0.000000
Iter 20 of 180 Loss: 0.000009, L1(Flow): 0.000009, Reg: 0.000000
Iter 30 of 180 Loss: 0.000012, L1(Flow): 0.000012, Reg: 0.000000
Iter 40 of 180 Loss: 0.000007, L1(Flow): 0.000007, Reg: 0.000000
Iter 50 of 180 Loss: 0.000009, L1(Flow): 0.000009, Reg: 0.000000
Iter 60 of 180 Loss: 0.000012, L1(Flow): 0.000012, Reg: 0.000000
Iter 70 of 180 Loss: 0.000009, L1(Flow): 0.000009, Reg: 0.000000
Iter 80 of 180 Loss: 0.000010, L1(Flow): 0.000010, Reg: 0.000000
Iter 90 of 180 Loss: 0.000012, L1(Flow): 0.000012, Reg: 0.000000
Iter 100 of 180 Loss: 0.000007, L1(Flow): 0.000007, Reg: 0.000000
Iter 110 of 180 Loss: 0.000009, L1(Flow): 0.000009, Reg: 0.000000
Iter 120 of 180 Loss: 0.000011, L1(Flow): 0.000011, Reg: 0.000000
Iter 130 of 180 Loss: 0.000009, L1(Flow): 0.000009, Reg: 0.000000
Iter 140 of 180 Loss: 0.000009, L1(Flow): 0.000009, Reg: 0.000000
Iter 150 of 180 Loss: 0.000012, L1(Flow): 0.000012, Reg: 0.000000
Iter 160 of 180 Loss: 0.000007, L1(Flow): 0.000007, Reg: 0.000000
Iter 170 of 180 Loss: 0.000009, L1(Flow): 0.000009, Reg: 0.000000
Iter 180 of 180 Loss: 0.000012, L1(Flow): 0.000012, Reg: 0.000000
Epoch 72 Loss: 0.000010
Epoch 72 Validation: Mean EPE: 0.0000, Mean SSIM: 1.0000, Mean ZNCC: 1.0000
Epoch 73 starts
Iter 10 of 180 Loss: 0.000008, L1(Flow): 0.000008, Reg: 0.000000
Iter 20 of 180 Loss: 0.000010, L1(Flow): 0.000010, Reg: 0.000000
Iter 30 of 180 Loss: 0.000012, L1(Flow): 0.000012, Reg: 0.000000
Iter 40 of 180 Loss: 0.000006, L1(Flow): 0.000006, Reg: 0.000000
Iter 50 of 180 Loss: 0.000009, L1(Flow): 0.000009, Reg: 0.000000
Iter 60 of 180 Loss: 0.000012, L1(Flow): 0.000012, Reg: 0.000000
Iter 70 of 180 Loss: 0.000007, L1(Flow): 0.000007, Reg: 0.000000
Iter 80 of 180 Loss: 0.000009, L1(Flow): 0.000009, Reg: 0.000000
Iter 90 of 180 Loss: 0.000012, L1(Flow): 0.000012, Reg: 0.000000
Iter 100 of 180 Loss: 0.000007, L1(Flow): 0.000007, Reg: 0.000000
Iter 110 of 180 Loss: 0.000009, L1(Flow): 0.000009, Reg: 0.000000
Iter 120 of 180 Loss: 0.000011, L1(Flow): 0.000011, Reg: 0.000000
Iter 130 of 180 Loss: 0.000011, L1(Flow): 0.000011, Reg: 0.000000
Iter 140 of 180 Loss: 0.000008, L1(Flow): 0.000008, Reg: 0.000000
Iter 150 of 180 Loss: 0.000012, L1(Flow): 0.000012, Reg: 0.000000
Iter 160 of 180 Loss: 0.000011, L1(Flow): 0.000011, Reg: 0.000000
Iter 170 of 180 Loss: 0.000008, L1(Flow): 0.000008, Reg: 0.000000
Iter 180 of 180 Loss: 0.000011, L1(Flow): 0.000011, Reg: 0.000000
Epoch 73 Loss: 0.000010
Epoch 73 Validation: Mean EPE: 0.0000, Mean SSIM: 1.0000, Mean ZNCC: 1.0000
Epoch 74 starts
Iter 10 of 180 Loss: 0.000007, L1(Flow): 0.000007, Reg: 0.000000
Iter 20 of 180 Loss: 0.000007, L1(Flow): 0.000007, Reg: 0.000000
Iter 30 of 180 Loss: 0.000009, L1(Flow): 0.000009, Reg: 0.000000
Iter 40 of 180 Loss: 0.000007, L1(Flow): 0.000007, Reg: 0.000000
Iter 50 of 180 Loss: 0.000007, L1(Flow): 0.000007, Reg: 0.000000
Iter 60 of 180 Loss: 0.000004, L1(Flow): 0.000004, Reg: 0.000000
Iter 70 of 180 Loss: 0.000014, L1(Flow): 0.000014, Reg: 0.000000
Iter 80 of 180 Loss: 0.000014, L1(Flow): 0.000014, Reg: 0.000000
Iter 90 of 180 Loss: 0.000006, L1(Flow): 0.000006, Reg: 0.000000
Iter 100 of 180 Loss: 0.000010, L1(Flow): 0.000010, Reg: 0.000000
Iter 110 of 180 Loss: 0.000009, L1(Flow): 0.000009, Reg: 0.000000
Iter 120 of 180 Loss: 0.000020, L1(Flow): 0.000020, Reg: 0.000000
Iter 130 of 180 Loss: 0.000006, L1(Flow): 0.000006, Reg: 0.000000
Iter 140 of 180 Loss: 0.000006, L1(Flow): 0.000006, Reg: 0.000000
Iter 150 of 180 Loss: 0.000015, L1(Flow): 0.000015, Reg: 0.000000
Iter 160 of 180 Loss: 0.000014, L1(Flow): 0.000014, Reg: 0.000000
Iter 170 of 180 Loss: 0.000013, L1(Flow): 0.000013, Reg: 0.000000
Iter 180 of 180 Loss: 0.000012, L1(Flow): 0.000012, Reg: 0.000000
Epoch 74 Loss: 0.000009
Epoch 74 Validation: Mean EPE: 0.0000, Mean SSIM: 1.0000, Mean ZNCC: 1.0000
Epoch 75 starts
Iter 10 of 180 Loss: 0.000008, L1(Flow): 0.000008, Reg: 0.000000
Iter 20 of 180 Loss: 0.000017, L1(Flow): 0.000017, Reg: 0.000000
Iter 30 of 180 Loss: 0.000005, L1(Flow): 0.000005, Reg: 0.000000
Iter 40 of 180 Loss: 0.000010, L1(Flow): 0.000010, Reg: 0.000000
Iter 50 of 180 Loss: 0.000008, L1(Flow): 0.000008, Reg: 0.000000
Iter 60 of 180 Loss: 0.000009, L1(Flow): 0.000009, Reg: 0.000000
Iter 70 of 180 Loss: 0.000009, L1(Flow): 0.000009, Reg: 0.000000
Iter 80 of 180 Loss: 0.000010, L1(Flow): 0.000010, Reg: 0.000000
Iter 90 of 180 Loss: 0.000007, L1(Flow): 0.000007, Reg: 0.000000
Iter 100 of 180 Loss: 0.000013, L1(Flow): 0.000013, Reg: 0.000000
Iter 110 of 180 Loss: 0.000013, L1(Flow): 0.000013, Reg: 0.000000
Iter 120 of 180 Loss: 0.000010, L1(Flow): 0.000010, Reg: 0.000000
Iter 130 of 180 Loss: 0.000010, L1(Flow): 0.000010, Reg: 0.000000
Iter 140 of 180 Loss: 0.000008, L1(Flow): 0.000008, Reg: 0.000000
Iter 150 of 180 Loss: 0.000006, L1(Flow): 0.000006, Reg: 0.000000
Iter 160 of 180 Loss: 0.000007, L1(Flow): 0.000007, Reg: 0.000000
Iter 170 of 180 Loss: 0.000008, L1(Flow): 0.000008, Reg: 0.000000
Iter 180 of 180 Loss: 0.000005, L1(Flow): 0.000005, Reg: 0.000000
Epoch 75 Loss: 0.000008
Epoch 75 Validation: Mean EPE: 0.0000, Mean SSIM: 1.0000, Mean ZNCC: 1.0000
Epoch 76 starts
Iter 10 of 180 Loss: 0.000009, L1(Flow): 0.000009, Reg: 0.000000
Iter 20 of 180 Loss: 0.000006, L1(Flow): 0.000006, Reg: 0.000000
Iter 30 of 180 Loss: 0.000008, L1(Flow): 0.000008, Reg: 0.000000
Iter 40 of 180 Loss: 0.000008, L1(Flow): 0.000008, Reg: 0.000000
Iter 50 of 180 Loss: 0.000008, L1(Flow): 0.000008, Reg: 0.000000
Iter 60 of 180 Loss: 0.000008, L1(Flow): 0.000008, Reg: 0.000000
Iter 70 of 180 Loss: 0.000007, L1(Flow): 0.000007, Reg: 0.000000
Iter 80 of 180 Loss: 0.000006, L1(Flow): 0.000006, Reg: 0.000000
Iter 90 of 180 Loss: 0.000007, L1(Flow): 0.000007, Reg: 0.000000
Iter 100 of 180 Loss: 0.000008, L1(Flow): 0.000008, Reg: 0.000000
Iter 110 of 180 Loss: 0.000008, L1(Flow): 0.000008, Reg: 0.000000
Iter 120 of 180 Loss: 0.000007, L1(Flow): 0.000007, Reg: 0.000000
Iter 130 of 180 Loss: 0.000007, L1(Flow): 0.000007, Reg: 0.000000
Iter 140 of 180 Loss: 0.000008, L1(Flow): 0.000008, Reg: 0.000000
Iter 150 of 180 Loss: 0.000008, L1(Flow): 0.000008, Reg: 0.000000
Iter 160 of 180 Loss: 0.000006, L1(Flow): 0.000006, Reg: 0.000000
Iter 170 of 180 Loss: 0.000008, L1(Flow): 0.000008, Reg: 0.000000
Iter 180 of 180 Loss: 0.000006, L1(Flow): 0.000006, Reg: 0.000000
Epoch 76 Loss: 0.000007
Epoch 76 Validation: Mean EPE: 0.0000, Mean SSIM: 1.0000, Mean ZNCC: 1.0000
--> Saved to Top 5 best models (EPE: 0.0000)
Epoch 77 starts
Iter 10 of 180 Loss: 0.000007, L1(Flow): 0.000007, Reg: 0.000000
Iter 20 of 180 Loss: 0.000007, L1(Flow): 0.000007, Reg: 0.000000
Iter 30 of 180 Loss: 0.000007, L1(Flow): 0.000007, Reg: 0.000000
Iter 40 of 180 Loss: 0.000007, L1(Flow): 0.000007, Reg: 0.000000
Iter 50 of 180 Loss: 0.000007, L1(Flow): 0.000007, Reg: 0.000000
Iter 60 of 180 Loss: 0.000007, L1(Flow): 0.000007, Reg: 0.000000
Iter 70 of 180 Loss: 0.000007, L1(Flow): 0.000007, Reg: 0.000000
Iter 80 of 180 Loss: 0.000007, L1(Flow): 0.000007, Reg: 0.000000
Iter 90 of 180 Loss: 0.000007, L1(Flow): 0.000007, Reg: 0.000000
Iter 100 of 180 Loss: 0.000007, L1(Flow): 0.000007, Reg: 0.000000
Iter 110 of 180 Loss: 0.000007, L1(Flow): 0.000007, Reg: 0.000000
Iter 120 of 180 Loss: 0.000007, L1(Flow): 0.000007, Reg: 0.000000
Iter 130 of 180 Loss: 0.000006, L1(Flow): 0.000006, Reg: 0.000000
Iter 140 of 180 Loss: 0.000007, L1(Flow): 0.000007, Reg: 0.000000
Iter 150 of 180 Loss: 0.000008, L1(Flow): 0.000008, Reg: 0.000000
Iter 160 of 180 Loss: 0.000008, L1(Flow): 0.000008, Reg: 0.000000
Iter 170 of 180 Loss: 0.000007, L1(Flow): 0.000007, Reg: 0.000000
Iter 180 of 180 Loss: 0.000007, L1(Flow): 0.000007, Reg: 0.000000
Epoch 77 Loss: 0.000007
Epoch 77 Validation: Mean EPE: 0.0000, Mean SSIM: 1.0000, Mean ZNCC: 1.0000
--> Saved to Top 5 best models (EPE: 0.0000)
Epoch 78 starts
Iter 10 of 180 Loss: 0.000007, L1(Flow): 0.000007, Reg: 0.000000
Iter 20 of 180 Loss: 0.000007, L1(Flow): 0.000007, Reg: 0.000000
Iter 30 of 180 Loss: 0.000006, L1(Flow): 0.000006, Reg: 0.000000
Iter 40 of 180 Loss: 0.000006, L1(Flow): 0.000006, Reg: 0.000000
Iter 50 of 180 Loss: 0.000008, L1(Flow): 0.000008, Reg: 0.000000
Iter 60 of 180 Loss: 0.000007, L1(Flow): 0.000007, Reg: 0.000000
Iter 70 of 180 Loss: 0.000008, L1(Flow): 0.000008, Reg: 0.000000
Iter 80 of 180 Loss: 0.000006, L1(Flow): 0.000006, Reg: 0.000000
Iter 90 of 180 Loss: 0.000007, L1(Flow): 0.000007, Reg: 0.000000
Iter 100 of 180 Loss: 0.000008, L1(Flow): 0.000008, Reg: 0.000000
Iter 110 of 180 Loss: 0.000009, L1(Flow): 0.000009, Reg: 0.000000
Iter 120 of 180 Loss: 0.000007, L1(Flow): 0.000007, Reg: 0.000000
Iter 130 of 180 Loss: 0.000007, L1(Flow): 0.000007, Reg: 0.000000
Iter 140 of 180 Loss: 0.000009, L1(Flow): 0.000009, Reg: 0.000000
Iter 150 of 180 Loss: 0.000007, L1(Flow): 0.000007, Reg: 0.000000
Iter 160 of 180 Loss: 0.000006, L1(Flow): 0.000006, Reg: 0.000000
Iter 170 of 180 Loss: 0.000007, L1(Flow): 0.000007, Reg: 0.000000
Iter 180 of 180 Loss: 0.000006, L1(Flow): 0.000006, Reg: 0.000000
Epoch 78 Loss: 0.000007
Epoch 78 Validation: Mean EPE: 0.0000, Mean SSIM: 1.0000, Mean ZNCC: 1.0000
Epoch 79 starts
Iter 10 of 180 Loss: 0.000008, L1(Flow): 0.000008, Reg: 0.000000
Iter 20 of 180 Loss: 0.000006, L1(Flow): 0.000006, Reg: 0.000000
Iter 30 of 180 Loss: 0.000007, L1(Flow): 0.000007, Reg: 0.000000
Iter 40 of 180 Loss: 0.000007, L1(Flow): 0.000007, Reg: 0.000000
Iter 50 of 180 Loss: 0.000008, L1(Flow): 0.000008, Reg: 0.000000
Iter 60 of 180 Loss: 0.000007, L1(Flow): 0.000007, Reg: 0.000000
Iter 70 of 180 Loss: 0.000008, L1(Flow): 0.000008, Reg: 0.000000
Iter 80 of 180 Loss: 0.000006, L1(Flow): 0.000006, Reg: 0.000000
Iter 90 of 180 Loss: 0.000007, L1(Flow): 0.000007, Reg: 0.000000
Iter 100 of 180 Loss: 0.000009, L1(Flow): 0.000009, Reg: 0.000000
Iter 110 of 180 Loss: 0.000008, L1(Flow): 0.000008, Reg: 0.000000
Iter 120 of 180 Loss: 0.000006, L1(Flow): 0.000006, Reg: 0.000000
Iter 130 of 180 Loss: 0.000007, L1(Flow): 0.000007, Reg: 0.000000
Iter 140 of 180 Loss: 0.000009, L1(Flow): 0.000009, Reg: 0.000000
Iter 150 of 180 Loss: 0.000006, L1(Flow): 0.000006, Reg: 0.000000
Iter 160 of 180 Loss: 0.000009, L1(Flow): 0.000009, Reg: 0.000000
Iter 170 of 180 Loss: 0.000005, L1(Flow): 0.000005, Reg: 0.000000
Iter 180 of 180 Loss: 0.000011, L1(Flow): 0.000011, Reg: 0.000000
Epoch 79 Loss: 0.000007
Epoch 79 Validation: Mean EPE: 0.0000, Mean SSIM: 1.0000, Mean ZNCC: 1.0000
Epoch 80 starts
Iter 10 of 180 Loss: 0.000008, L1(Flow): 0.000008, Reg: 0.000000
Iter 20 of 180 Loss: 0.000005, L1(Flow): 0.000005, Reg: 0.000000
Iter 30 of 180 Loss: 0.000005, L1(Flow): 0.000005, Reg: 0.000000
Iter 40 of 180 Loss: 0.000006, L1(Flow): 0.000006, Reg: 0.000000
Iter 50 of 180 Loss: 0.000015, L1(Flow): 0.000015, Reg: 0.000000
Iter 60 of 180 Loss: 0.000006, L1(Flow): 0.000006, Reg: 0.000000
Iter 70 of 180 Loss: 0.000013, L1(Flow): 0.000013, Reg: 0.000000
Iter 80 of 180 Loss: 0.000015, L1(Flow): 0.000015, Reg: 0.000000
Iter 90 of 180 Loss: 0.000006, L1(Flow): 0.000006, Reg: 0.000000
Iter 100 of 180 Loss: 0.000006, L1(Flow): 0.000006, Reg: 0.000000
Iter 110 of 180 Loss: 0.000007, L1(Flow): 0.000007, Reg: 0.000000
Iter 120 of 180 Loss: 0.000004, L1(Flow): 0.000004, Reg: 0.000000
Iter 130 of 180 Loss: 0.000006, L1(Flow): 0.000006, Reg: 0.000000
Iter 140 of 180 Loss: 0.000005, L1(Flow): 0.000005, Reg: 0.000000
Iter 150 of 180 Loss: 0.000013, L1(Flow): 0.000013, Reg: 0.000000
Iter 160 of 180 Loss: 0.000008, L1(Flow): 0.000008, Reg: 0.000000
Iter 170 of 180 Loss: 0.000018, L1(Flow): 0.000018, Reg: 0.000000
Iter 180 of 180 Loss: 0.000014, L1(Flow): 0.000014, Reg: 0.000000
Epoch 80 Loss: 0.000009
Epoch 80 Validation: Mean EPE: 0.0000, Mean SSIM: 1.0000, Mean ZNCC: 1.0000
Epoch 81 starts
Iter 10 of 180 Loss: 0.000007, L1(Flow): 0.000007, Reg: 0.000000
Iter 20 of 180 Loss: 0.000005, L1(Flow): 0.000005, Reg: 0.000000
Iter 30 of 180 Loss: 0.000004, L1(Flow): 0.000004, Reg: 0.000000
Iter 40 of 180 Loss: 0.000006, L1(Flow): 0.000006, Reg: 0.000000
Iter 50 of 180 Loss: 0.000006, L1(Flow): 0.000006, Reg: 0.000000
Iter 60 of 180 Loss: 0.000010, L1(Flow): 0.000010, Reg: 0.000000
Iter 70 of 180 Loss: 0.000012, L1(Flow): 0.000012, Reg: 0.000000
Iter 80 of 180 Loss: 0.000012, L1(Flow): 0.000012, Reg: 0.000000
Iter 90 of 180 Loss: 0.000008, L1(Flow): 0.000008, Reg: 0.000000
Iter 100 of 180 Loss: 0.000007, L1(Flow): 0.000007, Reg: 0.000000
Iter 110 of 180 Loss: 0.000018, L1(Flow): 0.000018, Reg: 0.000000
Iter 120 of 180 Loss: 0.000008, L1(Flow): 0.000008, Reg: 0.000000
Iter 130 of 180 Loss: 0.000032, L1(Flow): 0.000032, Reg: 0.000000
Iter 140 of 180 Loss: 0.000011, L1(Flow): 0.000011, Reg: 0.000000
Iter 150 of 180 Loss: 0.000025, L1(Flow): 0.000025, Reg: 0.000000
Iter 160 of 180 Loss: 0.000008, L1(Flow): 0.000008, Reg: 0.000000
Iter 170 of 180 Loss: 0.000039, L1(Flow): 0.000039, Reg: 0.000000
Iter 180 of 180 Loss: 0.000016, L1(Flow): 0.000016, Reg: 0.000000
Epoch 81 Loss: 0.000015
Epoch 81 Validation: Mean EPE: 0.0000, Mean SSIM: 1.0000, Mean ZNCC: 1.0000
Epoch 82 starts
Iter 10 of 180 Loss: 0.000032, L1(Flow): 0.000032, Reg: 0.000000
Iter 20 of 180 Loss: 0.000007, L1(Flow): 0.000007, Reg: 0.000000
Iter 30 of 180 Loss: 0.000035, L1(Flow): 0.000035, Reg: 0.000000
Iter 40 of 180 Loss: 0.000019, L1(Flow): 0.000019, Reg: 0.000000
Iter 50 of 180 Loss: 0.000021, L1(Flow): 0.000021, Reg: 0.000000
Iter 60 of 180 Loss: 0.000009, L1(Flow): 0.000009, Reg: 0.000000
Iter 70 of 180 Loss: 0.000004, L1(Flow): 0.000004, Reg: 0.000000
Iter 80 of 180 Loss: 0.000015, L1(Flow): 0.000015, Reg: 0.000000
Iter 90 of 180 Loss: 0.000016, L1(Flow): 0.000016, Reg: 0.000000
Iter 100 of 180 Loss: 0.000012, L1(Flow): 0.000012, Reg: 0.000000
Iter 110 of 180 Loss: 0.000014, L1(Flow): 0.000014, Reg: 0.000000
Iter 120 of 180 Loss: 0.000016, L1(Flow): 0.000016, Reg: 0.000000
Iter 130 of 180 Loss: 0.000012, L1(Flow): 0.000012, Reg: 0.000000
Iter 140 of 180 Loss: 0.000015, L1(Flow): 0.000015, Reg: 0.000000
Iter 150 of 180 Loss: 0.000014, L1(Flow): 0.000014, Reg: 0.000000
Iter 160 of 180 Loss: 0.000015, L1(Flow): 0.000015, Reg: 0.000000
Iter 170 of 180 Loss: 0.000013, L1(Flow): 0.000013, Reg: 0.000000
Iter 180 of 180 Loss: 0.000015, L1(Flow): 0.000015, Reg: 0.000000
Epoch 82 Loss: 0.000016
Epoch 82 Validation: Mean EPE: 0.0000, Mean SSIM: 1.0000, Mean ZNCC: 1.0000
Epoch 83 starts
Iter 10 of 180 Loss: 0.000015, L1(Flow): 0.000015, Reg: 0.000000
Iter 20 of 180 Loss: 0.000013, L1(Flow): 0.000013, Reg: 0.000000
Iter 30 of 180 Loss: 0.000018, L1(Flow): 0.000018, Reg: 0.000000
Iter 40 of 180 Loss: 0.000013, L1(Flow): 0.000013, Reg: 0.000000
Iter 50 of 180 Loss: 0.000012, L1(Flow): 0.000012, Reg: 0.000000
Iter 60 of 180 Loss: 0.000015, L1(Flow): 0.000015, Reg: 0.000000
Iter 70 of 180 Loss: 0.000014, L1(Flow): 0.000014, Reg: 0.000000
Iter 80 of 180 Loss: 0.000010, L1(Flow): 0.000010, Reg: 0.000000
Iter 90 of 180 Loss: 0.000015, L1(Flow): 0.000015, Reg: 0.000000
Iter 100 of 180 Loss: 0.000015, L1(Flow): 0.000015, Reg: 0.000000
Iter 110 of 180 Loss: 0.000012, L1(Flow): 0.000012, Reg: 0.000000
Iter 120 of 180 Loss: 0.000014, L1(Flow): 0.000014, Reg: 0.000000
Iter 130 of 180 Loss: 0.000013, L1(Flow): 0.000013, Reg: 0.000000
Iter 140 of 180 Loss: 0.000012, L1(Flow): 0.000012, Reg: 0.000000
Iter 150 of 180 Loss: 0.000014, L1(Flow): 0.000014, Reg: 0.000000
Iter 160 of 180 Loss: 0.000013, L1(Flow): 0.000013, Reg: 0.000000
Iter 170 of 180 Loss: 0.000013, L1(Flow): 0.000013, Reg: 0.000000
Iter 180 of 180 Loss: 0.000015, L1(Flow): 0.000015, Reg: 0.000000
Epoch 83 Loss: 0.000013
Epoch 83 Validation: Mean EPE: 0.0000, Mean SSIM: 1.0000, Mean ZNCC: 1.0000
Epoch 84 starts
Iter 10 of 180 Loss: 0.000013, L1(Flow): 0.000013, Reg: 0.000000
Iter 20 of 180 Loss: 0.000013, L1(Flow): 0.000013, Reg: 0.000000
Iter 30 of 180 Loss: 0.000015, L1(Flow): 0.000015, Reg: 0.000000
Iter 40 of 180 Loss: 0.000014, L1(Flow): 0.000014, Reg: 0.000000
Iter 50 of 180 Loss: 0.000014, L1(Flow): 0.000014, Reg: 0.000000
Iter 60 of 180 Loss: 0.000015, L1(Flow): 0.000015, Reg: 0.000000
Iter 70 of 180 Loss: 0.000013, L1(Flow): 0.000013, Reg: 0.000000
Iter 80 of 180 Loss: 0.000012, L1(Flow): 0.000012, Reg: 0.000000
Iter 90 of 180 Loss: 0.000015, L1(Flow): 0.000015, Reg: 0.000000
Iter 100 of 180 Loss: 0.000014, L1(Flow): 0.000014, Reg: 0.000000
Iter 110 of 180 Loss: 0.000012, L1(Flow): 0.000012, Reg: 0.000000
Iter 120 of 180 Loss: 0.000016, L1(Flow): 0.000016, Reg: 0.000000
Iter 130 of 180 Loss: 0.000014, L1(Flow): 0.000014, Reg: 0.000000
Iter 140 of 180 Loss: 0.000011, L1(Flow): 0.000011, Reg: 0.000000
Iter 150 of 180 Loss: 0.000014, L1(Flow): 0.000014, Reg: 0.000000
Iter 160 of 180 Loss: 0.000014, L1(Flow): 0.000014, Reg: 0.000000
Iter 170 of 180 Loss: 0.000011, L1(Flow): 0.000011, Reg: 0.000000
Iter 180 of 180 Loss: 0.000016, L1(Flow): 0.000016, Reg: 0.000000
Epoch 84 Loss: 0.000013
Epoch 84 Validation: Mean EPE: 0.0000, Mean SSIM: 1.0000, Mean ZNCC: 1.0000
Epoch 85 starts
Iter 10 of 180 Loss: 0.000013, L1(Flow): 0.000013, Reg: 0.000000
Iter 20 of 180 Loss: 0.000011, L1(Flow): 0.000011, Reg: 0.000000
Iter 30 of 180 Loss: 0.000014, L1(Flow): 0.000014, Reg: 0.000000
Iter 40 of 180 Loss: 0.000015, L1(Flow): 0.000015, Reg: 0.000000
Iter 50 of 180 Loss: 0.000009, L1(Flow): 0.000009, Reg: 0.000000
Iter 60 of 180 Loss: 0.000015, L1(Flow): 0.000015, Reg: 0.000000
Iter 70 of 180 Loss: 0.000013, L1(Flow): 0.000013, Reg: 0.000000
Iter 80 of 180 Loss: 0.000011, L1(Flow): 0.000011, Reg: 0.000000
Iter 90 of 180 Loss: 0.000015, L1(Flow): 0.000015, Reg: 0.000000
Iter 100 of 180 Loss: 0.000013, L1(Flow): 0.000013, Reg: 0.000000
Iter 110 of 180 Loss: 0.000012, L1(Flow): 0.000012, Reg: 0.000000
Iter 120 of 180 Loss: 0.000016, L1(Flow): 0.000016, Reg: 0.000000
Iter 130 of 180 Loss: 0.000013, L1(Flow): 0.000013, Reg: 0.000000
Iter 140 of 180 Loss: 0.000014, L1(Flow): 0.000014, Reg: 0.000000
Iter 150 of 180 Loss: 0.000014, L1(Flow): 0.000014, Reg: 0.000000
Iter 160 of 180 Loss: 0.000014, L1(Flow): 0.000014, Reg: 0.000000
Iter 170 of 180 Loss: 0.000010, L1(Flow): 0.000010, Reg: 0.000000
Iter 180 of 180 Loss: 0.000015, L1(Flow): 0.000015, Reg: 0.000000
Epoch 85 Loss: 0.000013
Epoch 85 Validation: Mean EPE: 0.0000, Mean SSIM: 1.0000, Mean ZNCC: 1.0000
Epoch 86 starts
Iter 10 of 180 Loss: 0.000014, L1(Flow): 0.000014, Reg: 0.000000
Iter 20 of 180 Loss: 0.000012, L1(Flow): 0.000012, Reg: 0.000000
Iter 30 of 180 Loss: 0.000016, L1(Flow): 0.000016, Reg: 0.000000
Iter 40 of 180 Loss: 0.000012, L1(Flow): 0.000012, Reg: 0.000000
Iter 50 of 180 Loss: 0.000013, L1(Flow): 0.000013, Reg: 0.000000
Iter 60 of 180 Loss: 0.000016, L1(Flow): 0.000016, Reg: 0.000000
Iter 70 of 180 Loss: 0.000012, L1(Flow): 0.000012, Reg: 0.000000
Iter 80 of 180 Loss: 0.000011, L1(Flow): 0.000011, Reg: 0.000000
Iter 90 of 180 Loss: 0.000016, L1(Flow): 0.000016, Reg: 0.000000
Iter 100 of 180 Loss: 0.000014, L1(Flow): 0.000014, Reg: 0.000000
Iter 110 of 180 Loss: 0.000010, L1(Flow): 0.000010, Reg: 0.000000
Iter 120 of 180 Loss: 0.000015, L1(Flow): 0.000015, Reg: 0.000000
Iter 130 of 180 Loss: 0.000012, L1(Flow): 0.000012, Reg: 0.000000
Iter 140 of 180 Loss: 0.000011, L1(Flow): 0.000011, Reg: 0.000000
Iter 150 of 180 Loss: 0.000015, L1(Flow): 0.000015, Reg: 0.000000
Iter 160 of 180 Loss: 0.000014, L1(Flow): 0.000014, Reg: 0.000000
Iter 170 of 180 Loss: 0.000011, L1(Flow): 0.000011, Reg: 0.000000
Iter 180 of 180 Loss: 0.000016, L1(Flow): 0.000016, Reg: 0.000000
Epoch 86 Loss: 0.000013
Epoch 86 Validation: Mean EPE: 0.0000, Mean SSIM: 1.0000, Mean ZNCC: 1.0000
Epoch 87 starts
Iter 10 of 180 Loss: 0.000014, L1(Flow): 0.000014, Reg: 0.000000
Iter 20 of 180 Loss: 0.000012, L1(Flow): 0.000012, Reg: 0.000000
Iter 30 of 180 Loss: 0.000015, L1(Flow): 0.000015, Reg: 0.000000
Iter 40 of 180 Loss: 0.000014, L1(Flow): 0.000014, Reg: 0.000000
Iter 50 of 180 Loss: 0.000010, L1(Flow): 0.000010, Reg: 0.000000
Iter 60 of 180 Loss: 0.000015, L1(Flow): 0.000015, Reg: 0.000000
Iter 70 of 180 Loss: 0.000012, L1(Flow): 0.000012, Reg: 0.000000
Iter 80 of 180 Loss: 0.000012, L1(Flow): 0.000012, Reg: 0.000000
Iter 90 of 180 Loss: 0.000015, L1(Flow): 0.000015, Reg: 0.000000
Iter 100 of 180 Loss: 0.000013, L1(Flow): 0.000013, Reg: 0.000000
Iter 110 of 180 Loss: 0.000010, L1(Flow): 0.000010, Reg: 0.000000
Iter 120 of 180 Loss: 0.000016, L1(Flow): 0.000016, Reg: 0.000000
Iter 130 of 180 Loss: 0.000012, L1(Flow): 0.000012, Reg: 0.000000
Iter 140 of 180 Loss: 0.000012, L1(Flow): 0.000012, Reg: 0.000000
Iter 150 of 180 Loss: 0.000014, L1(Flow): 0.000014, Reg: 0.000000
Iter 160 of 180 Loss: 0.000012, L1(Flow): 0.000012, Reg: 0.000000
Iter 170 of 180 Loss: 0.000012, L1(Flow): 0.000012, Reg: 0.000000
Iter 180 of 180 Loss: 0.000016, L1(Flow): 0.000016, Reg: 0.000000
Epoch 87 Loss: 0.000013
Epoch 87 Validation: Mean EPE: 0.0000, Mean SSIM: 1.0000, Mean ZNCC: 1.0000
Epoch 88 starts
Iter 10 of 180 Loss: 0.000014, L1(Flow): 0.000014, Reg: 0.000000
Iter 20 of 180 Loss: 0.000012, L1(Flow): 0.000012, Reg: 0.000000
Iter 30 of 180 Loss: 0.000016, L1(Flow): 0.000016, Reg: 0.000000
Iter 40 of 180 Loss: 0.000013, L1(Flow): 0.000013, Reg: 0.000000
Iter 50 of 180 Loss: 0.000010, L1(Flow): 0.000010, Reg: 0.000000
Iter 60 of 180 Loss: 0.000016, L1(Flow): 0.000016, Reg: 0.000000
Iter 70 of 180 Loss: 0.000013, L1(Flow): 0.000013, Reg: 0.000000
Iter 80 of 180 Loss: 0.000011, L1(Flow): 0.000011, Reg: 0.000000
Iter 90 of 180 Loss: 0.000014, L1(Flow): 0.000014, Reg: 0.000000
Iter 100 of 180 Loss: 0.000013, L1(Flow): 0.000013, Reg: 0.000000
Iter 110 of 180 Loss: 0.000009, L1(Flow): 0.000009, Reg: 0.000000
Iter 120 of 180 Loss: 0.000013, L1(Flow): 0.000013, Reg: 0.000000
Iter 130 of 180 Loss: 0.000014, L1(Flow): 0.000014, Reg: 0.000000
Iter 140 of 180 Loss: 0.000011, L1(Flow): 0.000011, Reg: 0.000000
Iter 150 of 180 Loss: 0.000016, L1(Flow): 0.000016, Reg: 0.000000
Iter 160 of 180 Loss: 0.000013, L1(Flow): 0.000013, Reg: 0.000000
Iter 170 of 180 Loss: 0.000011, L1(Flow): 0.000011, Reg: 0.000000
Iter 180 of 180 Loss: 0.000014, L1(Flow): 0.000014, Reg: 0.000000
Epoch 88 Loss: 0.000013
Epoch 88 Validation: Mean EPE: 0.0000, Mean SSIM: 1.0000, Mean ZNCC: 1.0000
Epoch 89 starts
Iter 10 of 180 Loss: 0.000014, L1(Flow): 0.000014, Reg: 0.000000
Iter 20 of 180 Loss: 0.000011, L1(Flow): 0.000011, Reg: 0.000000
Iter 30 of 180 Loss: 0.000015, L1(Flow): 0.000015, Reg: 0.000000
Iter 40 of 180 Loss: 0.000015, L1(Flow): 0.000015, Reg: 0.000000
Iter 50 of 180 Loss: 0.000011, L1(Flow): 0.000011, Reg: 0.000000
Iter 60 of 180 Loss: 0.000015, L1(Flow): 0.000015, Reg: 0.000000
Iter 70 of 180 Loss: 0.000013, L1(Flow): 0.000013, Reg: 0.000000
Iter 80 of 180 Loss: 0.000011, L1(Flow): 0.000011, Reg: 0.000000
Iter 90 of 180 Loss: 0.000015, L1(Flow): 0.000015, Reg: 0.000000
Iter 100 of 180 Loss: 0.000013, L1(Flow): 0.000013, Reg: 0.000000
Iter 110 of 180 Loss: 0.000013, L1(Flow): 0.000013, Reg: 0.000000
Iter 120 of 180 Loss: 0.000014, L1(Flow): 0.000014, Reg: 0.000000
Iter 130 of 180 Loss: 0.000014, L1(Flow): 0.000014, Reg: 0.000000
Iter 140 of 180 Loss: 0.000011, L1(Flow): 0.000011, Reg: 0.000000
Iter 150 of 180 Loss: 0.000014, L1(Flow): 0.000014, Reg: 0.000000
Iter 160 of 180 Loss: 0.000013, L1(Flow): 0.000013, Reg: 0.000000
Iter 170 of 180 Loss: 0.000010, L1(Flow): 0.000010, Reg: 0.000000
Iter 180 of 180 Loss: 0.000015, L1(Flow): 0.000015, Reg: 0.000000
Epoch 89 Loss: 0.000013
Epoch 89 Validation: Mean EPE: 0.0000, Mean SSIM: 1.0000, Mean ZNCC: 1.0000
Epoch 90 starts
Iter 10 of 180 Loss: 0.000013, L1(Flow): 0.000013, Reg: 0.000000
Iter 20 of 180 Loss: 0.000012, L1(Flow): 0.000012, Reg: 0.000000
Iter 30 of 180 Loss: 0.000015, L1(Flow): 0.000015, Reg: 0.000000
Iter 40 of 180 Loss: 0.000013, L1(Flow): 0.000013, Reg: 0.000000
Iter 50 of 180 Loss: 0.000010, L1(Flow): 0.000010, Reg: 0.000000
Iter 60 of 180 Loss: 0.000016, L1(Flow): 0.000016, Reg: 0.000000
Iter 70 of 180 Loss: 0.000012, L1(Flow): 0.000012, Reg: 0.000000
Iter 80 of 180 Loss: 0.000011, L1(Flow): 0.000011, Reg: 0.000000
Iter 90 of 180 Loss: 0.000014, L1(Flow): 0.000014, Reg: 0.000000
Iter 100 of 180 Loss: 0.000013, L1(Flow): 0.000013, Reg: 0.000000
Iter 110 of 180 Loss: 0.000011, L1(Flow): 0.000011, Reg: 0.000000
Iter 120 of 180 Loss: 0.000015, L1(Flow): 0.000015, Reg: 0.000000
Iter 130 of 180 Loss: 0.000013, L1(Flow): 0.000013, Reg: 0.000000
Iter 140 of 180 Loss: 0.000011, L1(Flow): 0.000011, Reg: 0.000000
Iter 150 of 180 Loss: 0.000014, L1(Flow): 0.000014, Reg: 0.000000
Iter 160 of 180 Loss: 0.000014, L1(Flow): 0.000014, Reg: 0.000000
Iter 170 of 180 Loss: 0.000012, L1(Flow): 0.000012, Reg: 0.000000
Iter 180 of 180 Loss: 0.000015, L1(Flow): 0.000015, Reg: 0.000000
Epoch 90 Loss: 0.000013
Epoch 90 Validation: Mean EPE: 0.0000, Mean SSIM: 1.0000, Mean ZNCC: 1.0000
Epoch 91 starts
Iter 10 of 180 Loss: 0.000014, L1(Flow): 0.000014, Reg: 0.000000
Iter 20 of 180 Loss: 0.000014, L1(Flow): 0.000014, Reg: 0.000000
Iter 30 of 180 Loss: 0.000015, L1(Flow): 0.000015, Reg: 0.000000
Iter 40 of 180 Loss: 0.000013, L1(Flow): 0.000013, Reg: 0.000000
Iter 50 of 180 Loss: 0.000011, L1(Flow): 0.000011, Reg: 0.000000
Iter 60 of 180 Loss: 0.000013, L1(Flow): 0.000013, Reg: 0.000000
Iter 70 of 180 Loss: 0.000012, L1(Flow): 0.000012, Reg: 0.000000
Iter 80 of 180 Loss: 0.000010, L1(Flow): 0.000010, Reg: 0.000000
Iter 90 of 180 Loss: 0.000013, L1(Flow): 0.000013, Reg: 0.000000
Iter 100 of 180 Loss: 0.000014, L1(Flow): 0.000014, Reg: 0.000000
Iter 110 of 180 Loss: 0.000009, L1(Flow): 0.000009, Reg: 0.000000
Iter 120 of 180 Loss: 0.000014, L1(Flow): 0.000014, Reg: 0.000000
Iter 130 of 180 Loss: 0.000011, L1(Flow): 0.000011, Reg: 0.000000
Iter 140 of 180 Loss: 0.000009, L1(Flow): 0.000009, Reg: 0.000000
Iter 150 of 180 Loss: 0.000016, L1(Flow): 0.000016, Reg: 0.000000
Iter 160 of 180 Loss: 0.000011, L1(Flow): 0.000011, Reg: 0.000000
Iter 170 of 180 Loss: 0.000009, L1(Flow): 0.000009, Reg: 0.000000
Iter 180 of 180 Loss: 0.000016, L1(Flow): 0.000016, Reg: 0.000000
Epoch 91 Loss: 0.000013
Epoch 91 Validation: Mean EPE: 0.0000, Mean SSIM: 1.0000, Mean ZNCC: 1.0000
Epoch 92 starts
Iter 10 of 180 Loss: 0.000012, L1(Flow): 0.000012, Reg: 0.000000
Iter 20 of 180 Loss: 0.000010, L1(Flow): 0.000010, Reg: 0.000000
Iter 30 of 180 Loss: 0.000016, L1(Flow): 0.000016, Reg: 0.000000
Iter 40 of 180 Loss: 0.000014, L1(Flow): 0.000014, Reg: 0.000000
Iter 50 of 180 Loss: 0.000012, L1(Flow): 0.000012, Reg: 0.000000
Iter 60 of 180 Loss: 0.000015, L1(Flow): 0.000015, Reg: 0.000000
Iter 70 of 180 Loss: 0.000014, L1(Flow): 0.000014, Reg: 0.000000
Iter 80 of 180 Loss: 0.000012, L1(Flow): 0.000012, Reg: 0.000000
Iter 90 of 180 Loss: 0.000014, L1(Flow): 0.000014, Reg: 0.000000
Iter 100 of 180 Loss: 0.000012, L1(Flow): 0.000012, Reg: 0.000000
Iter 110 of 180 Loss: 0.000011, L1(Flow): 0.000011, Reg: 0.000000
Iter 120 of 180 Loss: 0.000015, L1(Flow): 0.000015, Reg: 0.000000
Iter 130 of 180 Loss: 0.000012, L1(Flow): 0.000012, Reg: 0.000000
Iter 140 of 180 Loss: 0.000010, L1(Flow): 0.000010, Reg: 0.000000
Iter 150 of 180 Loss: 0.000015, L1(Flow): 0.000015, Reg: 0.000000
Iter 160 of 180 Loss: 0.000012, L1(Flow): 0.000012, Reg: 0.000000
Iter 170 of 180 Loss: 0.000011, L1(Flow): 0.000011, Reg: 0.000000
Iter 180 of 180 Loss: 0.000014, L1(Flow): 0.000014, Reg: 0.000000
Epoch 92 Loss: 0.000013
Epoch 92 Validation: Mean EPE: 0.0000, Mean SSIM: 1.0000, Mean ZNCC: 1.0000
Epoch 93 starts
Iter 10 of 180 Loss: 0.000013, L1(Flow): 0.000013, Reg: 0.000000
Iter 20 of 180 Loss: 0.000010, L1(Flow): 0.000010, Reg: 0.000000
Iter 30 of 180 Loss: 0.000015, L1(Flow): 0.000015, Reg: 0.000000
Iter 40 of 180 Loss: 0.000012, L1(Flow): 0.000012, Reg: 0.000000
Iter 50 of 180 Loss: 0.000010, L1(Flow): 0.000010, Reg: 0.000000
Iter 60 of 180 Loss: 0.000016, L1(Flow): 0.000016, Reg: 0.000000
Iter 70 of 180 Loss: 0.000013, L1(Flow): 0.000013, Reg: 0.000000
Iter 80 of 180 Loss: 0.000012, L1(Flow): 0.000012, Reg: 0.000000
Iter 90 of 180 Loss: 0.000016, L1(Flow): 0.000016, Reg: 0.000000
Iter 100 of 180 Loss: 0.000012, L1(Flow): 0.000012, Reg: 0.000000
Iter 110 of 180 Loss: 0.000010, L1(Flow): 0.000010, Reg: 0.000000
Iter 120 of 180 Loss: 0.000016, L1(Flow): 0.000016, Reg: 0.000000
Iter 130 of 180 Loss: 0.000012, L1(Flow): 0.000012, Reg: 0.000000
Iter 140 of 180 Loss: 0.000010, L1(Flow): 0.000010, Reg: 0.000000
Iter 150 of 180 Loss: 0.000016, L1(Flow): 0.000016, Reg: 0.000000
Iter 160 of 180 Loss: 0.000011, L1(Flow): 0.000011, Reg: 0.000000
Iter 170 of 180 Loss: 0.000012, L1(Flow): 0.000012, Reg: 0.000000
Iter 180 of 180 Loss: 0.000016, L1(Flow): 0.000016, Reg: 0.000000
Epoch 93 Loss: 0.000013
Epoch 93 Validation: Mean EPE: 0.0000, Mean SSIM: 1.0000, Mean ZNCC: 1.0000
Epoch 94 starts
Iter 10 of 180 Loss: 0.000011, L1(Flow): 0.000011, Reg: 0.000000
Iter 20 of 180 Loss: 0.000010, L1(Flow): 0.000010, Reg: 0.000000
Iter 30 of 180 Loss: 0.000014, L1(Flow): 0.000014, Reg: 0.000000
Iter 40 of 180 Loss: 0.000012, L1(Flow): 0.000012, Reg: 0.000000
Iter 50 of 180 Loss: 0.000010, L1(Flow): 0.000010, Reg: 0.000000
Iter 60 of 180 Loss: 0.000016, L1(Flow): 0.000016, Reg: 0.000000
Iter 70 of 180 Loss: 0.000014, L1(Flow): 0.000014, Reg: 0.000000
Iter 80 of 180 Loss: 0.000011, L1(Flow): 0.000011, Reg: 0.000000
Iter 90 of 180 Loss: 0.000016, L1(Flow): 0.000016, Reg: 0.000000
Iter 100 of 180 Loss: 0.000012, L1(Flow): 0.000012, Reg: 0.000000
Iter 110 of 180 Loss: 0.000010, L1(Flow): 0.000010, Reg: 0.000000
Iter 120 of 180 Loss: 0.000016, L1(Flow): 0.000016, Reg: 0.000000
Iter 130 of 180 Loss: 0.000012, L1(Flow): 0.000012, Reg: 0.000000
Iter 140 of 180 Loss: 0.000010, L1(Flow): 0.000010, Reg: 0.000000
Iter 150 of 180 Loss: 0.000016, L1(Flow): 0.000016, Reg: 0.000000
Iter 160 of 180 Loss: 0.000013, L1(Flow): 0.000013, Reg: 0.000000
Iter 170 of 180 Loss: 0.000011, L1(Flow): 0.000011, Reg: 0.000000
Iter 180 of 180 Loss: 0.000015, L1(Flow): 0.000015, Reg: 0.000000
Epoch 94 Loss: 0.000013
Epoch 94 Validation: Mean EPE: 0.0000, Mean SSIM: 1.0000, Mean ZNCC: 1.0000
Epoch 95 starts
Iter 10 of 180 Loss: 0.000013, L1(Flow): 0.000013, Reg: 0.000000
Iter 20 of 180 Loss: 0.000012, L1(Flow): 0.000012, Reg: 0.000000
Iter 30 of 180 Loss: 0.000017, L1(Flow): 0.000017, Reg: 0.000000
Iter 40 of 180 Loss: 0.000012, L1(Flow): 0.000012, Reg: 0.000000
Iter 50 of 180 Loss: 0.000010, L1(Flow): 0.000010, Reg: 0.000000
Iter 60 of 180 Loss: 0.000015, L1(Flow): 0.000015, Reg: 0.000000
Iter 70 of 180 Loss: 0.000013, L1(Flow): 0.000013, Reg: 0.000000
Iter 80 of 180 Loss: 0.000013, L1(Flow): 0.000013, Reg: 0.000000
Iter 90 of 180 Loss: 0.000016, L1(Flow): 0.000016, Reg: 0.000000
Iter 100 of 180 Loss: 0.000012, L1(Flow): 0.000012, Reg: 0.000000
Iter 110 of 180 Loss: 0.000010, L1(Flow): 0.000010, Reg: 0.000000
Iter 120 of 180 Loss: 0.000016, L1(Flow): 0.000016, Reg: 0.000000
Iter 130 of 180 Loss: 0.000013, L1(Flow): 0.000013, Reg: 0.000000
Iter 140 of 180 Loss: 0.000010, L1(Flow): 0.000010, Reg: 0.000000
Iter 150 of 180 Loss: 0.000016, L1(Flow): 0.000016, Reg: 0.000000
Iter 160 of 180 Loss: 0.000012, L1(Flow): 0.000012, Reg: 0.000000
Iter 170 of 180 Loss: 0.000010, L1(Flow): 0.000010, Reg: 0.000000
Iter 180 of 180 Loss: 0.000015, L1(Flow): 0.000015, Reg: 0.000000
Epoch 95 Loss: 0.000013
Epoch 95 Validation: Mean EPE: 0.0000, Mean SSIM: 1.0000, Mean ZNCC: 1.0000
Epoch 96 starts
Iter 10 of 180 Loss: 0.000012, L1(Flow): 0.000012, Reg: 0.000000
Iter 20 of 180 Loss: 0.000011, L1(Flow): 0.000011, Reg: 0.000000
Iter 30 of 180 Loss: 0.000014, L1(Flow): 0.000014, Reg: 0.000000
Iter 40 of 180 Loss: 0.000013, L1(Flow): 0.000013, Reg: 0.000000
Iter 50 of 180 Loss: 0.000013, L1(Flow): 0.000013, Reg: 0.000000
Iter 60 of 180 Loss: 0.000016, L1(Flow): 0.000016, Reg: 0.000000
Iter 70 of 180 Loss: 0.000013, L1(Flow): 0.000013, Reg: 0.000000
Iter 80 of 180 Loss: 0.000011, L1(Flow): 0.000011, Reg: 0.000000
Iter 90 of 180 Loss: 0.000015, L1(Flow): 0.000015, Reg: 0.000000
Iter 100 of 180 Loss: 0.000012, L1(Flow): 0.000012, Reg: 0.000000
Iter 110 of 180 Loss: 0.000011, L1(Flow): 0.000011, Reg: 0.000000
Iter 120 of 180 Loss: 0.000015, L1(Flow): 0.000015, Reg: 0.000000
Iter 130 of 180 Loss: 0.000012, L1(Flow): 0.000012, Reg: 0.000000
Iter 140 of 180 Loss: 0.000011, L1(Flow): 0.000011, Reg: 0.000000
Iter 150 of 180 Loss: 0.000016, L1(Flow): 0.000016, Reg: 0.000000
Iter 160 of 180 Loss: 0.000012, L1(Flow): 0.000012, Reg: 0.000000
Iter 170 of 180 Loss: 0.000010, L1(Flow): 0.000010, Reg: 0.000000
Iter 180 of 180 Loss: 0.000015, L1(Flow): 0.000015, Reg: 0.000000
Epoch 96 Loss: 0.000013
Epoch 96 Validation: Mean EPE: 0.0000, Mean SSIM: 1.0000, Mean ZNCC: 1.0000
Epoch 97 starts
Iter 10 of 180 Loss: 0.000011, L1(Flow): 0.000011, Reg: 0.000000
Iter 20 of 180 Loss: 0.000011, L1(Flow): 0.000011, Reg: 0.000000
Iter 30 of 180 Loss: 0.000015, L1(Flow): 0.000015, Reg: 0.000000
Iter 40 of 180 Loss: 0.000012, L1(Flow): 0.000012, Reg: 0.000000
Iter 50 of 180 Loss: 0.000011, L1(Flow): 0.000011, Reg: 0.000000
Iter 60 of 180 Loss: 0.000015, L1(Flow): 0.000015, Reg: 0.000000
Iter 70 of 180 Loss: 0.000012, L1(Flow): 0.000012, Reg: 0.000000
Iter 80 of 180 Loss: 0.000011, L1(Flow): 0.000011, Reg: 0.000000
Iter 90 of 180 Loss: 0.000016, L1(Flow): 0.000016, Reg: 0.000000
Iter 100 of 180 Loss: 0.000012, L1(Flow): 0.000012, Reg: 0.000000
Iter 110 of 180 Loss: 0.000011, L1(Flow): 0.000011, Reg: 0.000000
Iter 120 of 180 Loss: 0.000015, L1(Flow): 0.000015, Reg: 0.000000
Iter 130 of 180 Loss: 0.000014, L1(Flow): 0.000014, Reg: 0.000000
Iter 140 of 180 Loss: 0.000010, L1(Flow): 0.000010, Reg: 0.000000
Iter 150 of 180 Loss: 0.000016, L1(Flow): 0.000016, Reg: 0.000000
Iter 160 of 180 Loss: 0.000012, L1(Flow): 0.000012, Reg: 0.000000
Iter 170 of 180 Loss: 0.000010, L1(Flow): 0.000010, Reg: 0.000000
Iter 180 of 180 Loss: 0.000014, L1(Flow): 0.000014, Reg: 0.000000
Epoch 97 Loss: 0.000013
Epoch 97 Validation: Mean EPE: 0.0000, Mean SSIM: 1.0000, Mean ZNCC: 1.0000
Epoch 98 starts
Iter 10 of 180 Loss: 0.000013, L1(Flow): 0.000013, Reg: 0.000000
Iter 20 of 180 Loss: 0.000010, L1(Flow): 0.000010, Reg: 0.000000
Iter 30 of 180 Loss: 0.000014, L1(Flow): 0.000014, Reg: 0.000000
Iter 40 of 180 Loss: 0.000013, L1(Flow): 0.000013, Reg: 0.000000
Iter 50 of 180 Loss: 0.000011, L1(Flow): 0.000011, Reg: 0.000000
Iter 60 of 180 Loss: 0.000015, L1(Flow): 0.000015, Reg: 0.000000
Iter 70 of 180 Loss: 0.000011, L1(Flow): 0.000011, Reg: 0.000000
Iter 80 of 180 Loss: 0.000011, L1(Flow): 0.000011, Reg: 0.000000
Iter 90 of 180 Loss: 0.000014, L1(Flow): 0.000014, Reg: 0.000000
Iter 100 of 180 Loss: 0.000012, L1(Flow): 0.000012, Reg: 0.000000
Iter 110 of 180 Loss: 0.000011, L1(Flow): 0.000011, Reg: 0.000000
Iter 120 of 180 Loss: 0.000014, L1(Flow): 0.000014, Reg: 0.000000
Iter 130 of 180 Loss: 0.000013, L1(Flow): 0.000013, Reg: 0.000000
Iter 140 of 180 Loss: 0.000010, L1(Flow): 0.000010, Reg: 0.000000
Iter 150 of 180 Loss: 0.000015, L1(Flow): 0.000015, Reg: 0.000000
Iter 160 of 180 Loss: 0.000013, L1(Flow): 0.000013, Reg: 0.000000
Iter 170 of 180 Loss: 0.000010, L1(Flow): 0.000010, Reg: 0.000000
Iter 180 of 180 Loss: 0.000016, L1(Flow): 0.000016, Reg: 0.000000
Epoch 98 Loss: 0.000013
Epoch 98 Validation: Mean EPE: 0.0000, Mean SSIM: 1.0000, Mean ZNCC: 1.0000
Epoch 99 starts
Iter 10 of 180 Loss: 0.000013, L1(Flow): 0.000013, Reg: 0.000000
Iter 20 of 180 Loss: 0.000010, L1(Flow): 0.000010, Reg: 0.000000
Iter 30 of 180 Loss: 0.000015, L1(Flow): 0.000015, Reg: 0.000000
Iter 40 of 180 Loss: 0.000011, L1(Flow): 0.000011, Reg: 0.000000
Iter 50 of 180 Loss: 0.000011, L1(Flow): 0.000011, Reg: 0.000000
Iter 60 of 180 Loss: 0.000016, L1(Flow): 0.000016, Reg: 0.000000
Iter 70 of 180 Loss: 0.000012, L1(Flow): 0.000012, Reg: 0.000000
Iter 80 of 180 Loss: 0.000011, L1(Flow): 0.000011, Reg: 0.000000
Iter 90 of 180 Loss: 0.000015, L1(Flow): 0.000015, Reg: 0.000000
Iter 100 of 180 Loss: 0.000013, L1(Flow): 0.000013, Reg: 0.000000
Iter 110 of 180 Loss: 0.000011, L1(Flow): 0.000011, Reg: 0.000000
Iter 120 of 180 Loss: 0.000017, L1(Flow): 0.000017, Reg: 0.000000
Iter 130 of 180 Loss: 0.000013, L1(Flow): 0.000013, Reg: 0.000000
Iter 140 of 180 Loss: 0.000010, L1(Flow): 0.000010, Reg: 0.000000
Iter 150 of 180 Loss: 0.000014, L1(Flow): 0.000014, Reg: 0.000000
Iter 160 of 180 Loss: 0.000014, L1(Flow): 0.000014, Reg: 0.000000
Iter 170 of 180 Loss: 0.000011, L1(Flow): 0.000011, Reg: 0.000000
Iter 180 of 180 Loss: 0.000014, L1(Flow): 0.000014, Reg: 0.000000
Epoch 99 Loss: 0.000013
Epoch 99 Validation: Mean EPE: 0.0000, Mean SSIM: 1.0000, Mean ZNCC: 1.0000
Epoch 100 starts
Iter 10 of 180 Loss: 0.000012, L1(Flow): 0.000012, Reg: 0.000000
Iter 20 of 180 Loss: 0.000011, L1(Flow): 0.000011, Reg: 0.000000
Iter 30 of 180 Loss: 0.000016, L1(Flow): 0.000016, Reg: 0.000000
Iter 40 of 180 Loss: 0.000011, L1(Flow): 0.000011, Reg: 0.000000
Iter 50 of 180 Loss: 0.000011, L1(Flow): 0.000011, Reg: 0.000000
Iter 60 of 180 Loss: 0.000015, L1(Flow): 0.000015, Reg: 0.000000
Iter 70 of 180 Loss: 0.000012, L1(Flow): 0.000012, Reg: 0.000000
Iter 80 of 180 Loss: 0.000011, L1(Flow): 0.000011, Reg: 0.000000
Iter 90 of 180 Loss: 0.000014, L1(Flow): 0.000014, Reg: 0.000000
Iter 100 of 180 Loss: 0.000013, L1(Flow): 0.000013, Reg: 0.000000
Iter 110 of 180 Loss: 0.000011, L1(Flow): 0.000011, Reg: 0.000000
Iter 120 of 180 Loss: 0.000014, L1(Flow): 0.000014, Reg: 0.000000
Iter 130 of 180 Loss: 0.000013, L1(Flow): 0.000013, Reg: 0.000000
Iter 140 of 180 Loss: 0.000011, L1(Flow): 0.000011, Reg: 0.000000
Iter 150 of 180 Loss: 0.000014, L1(Flow): 0.000014, Reg: 0.000000
Iter 160 of 180 Loss: 0.000013, L1(Flow): 0.000013, Reg: 0.000000
Iter 170 of 180 Loss: 0.000012, L1(Flow): 0.000012, Reg: 0.000000
Iter 180 of 180 Loss: 0.000013, L1(Flow): 0.000013, Reg: 0.000000
Epoch 100 Loss: 0.000013
Epoch 100 Validation: Mean EPE: 0.0000, Mean SSIM: 1.0000, Mean ZNCC: 1.0000
Epoch 101 starts
Iter 10 of 180 Loss: 0.000012, L1(Flow): 0.000012, Reg: 0.000000
Iter 20 of 180 Loss: 0.000011, L1(Flow): 0.000011, Reg: 0.000000
Iter 30 of 180 Loss: 0.000014, L1(Flow): 0.000014, Reg: 0.000000
Iter 40 of 180 Loss: 0.000014, L1(Flow): 0.000014, Reg: 0.000000
Iter 50 of 180 Loss: 0.000011, L1(Flow): 0.000011, Reg: 0.000000
Iter 60 of 180 Loss: 0.000014, L1(Flow): 0.000014, Reg: 0.000000
Iter 70 of 180 Loss: 0.000012, L1(Flow): 0.000012, Reg: 0.000000
Iter 80 of 180 Loss: 0.000011, L1(Flow): 0.000011, Reg: 0.000000
Iter 90 of 180 Loss: 0.000016, L1(Flow): 0.000016, Reg: 0.000000
Iter 100 of 180 Loss: 0.000013, L1(Flow): 0.000013, Reg: 0.000000
Iter 110 of 180 Loss: 0.000011, L1(Flow): 0.000011, Reg: 0.000000
Iter 120 of 180 Loss: 0.000017, L1(Flow): 0.000017, Reg: 0.000000
Iter 130 of 180 Loss: 0.000012, L1(Flow): 0.000012, Reg: 0.000000
Iter 140 of 180 Loss: 0.000011, L1(Flow): 0.000011, Reg: 0.000000
Iter 150 of 180 Loss: 0.000014, L1(Flow): 0.000014, Reg: 0.000000
Iter 160 of 180 Loss: 0.000014, L1(Flow): 0.000014, Reg: 0.000000
Iter 170 of 180 Loss: 0.000011, L1(Flow): 0.000011, Reg: 0.000000
Iter 180 of 180 Loss: 0.000015, L1(Flow): 0.000015, Reg: 0.000000
Epoch 101 Loss: 0.000013
Epoch 101 Validation: Mean EPE: 0.0000, Mean SSIM: 1.0000, Mean ZNCC: 1.0000
Epoch 102 starts
Iter 10 of 180 Loss: 0.000013, L1(Flow): 0.000013, Reg: 0.000000
Iter 20 of 180 Loss: 0.000010, L1(Flow): 0.000010, Reg: 0.000000
Iter 30 of 180 Loss: 0.000013, L1(Flow): 0.000013, Reg: 0.000000
Iter 40 of 180 Loss: 0.000013, L1(Flow): 0.000013, Reg: 0.000000
Iter 50 of 180 Loss: 0.000011, L1(Flow): 0.000011, Reg: 0.000000
Iter 60 of 180 Loss: 0.000014, L1(Flow): 0.000014, Reg: 0.000000
Iter 70 of 180 Loss: 0.000013, L1(Flow): 0.000013, Reg: 0.000000
Iter 80 of 180 Loss: 0.000011, L1(Flow): 0.000011, Reg: 0.000000
Iter 90 of 180 Loss: 0.000016, L1(Flow): 0.000016, Reg: 0.000000
Iter 100 of 180 Loss: 0.000011, L1(Flow): 0.000011, Reg: 0.000000
Iter 110 of 180 Loss: 0.000012, L1(Flow): 0.000012, Reg: 0.000000
Iter 120 of 180 Loss: 0.000015, L1(Flow): 0.000015, Reg: 0.000000
Iter 130 of 180 Loss: 0.000013, L1(Flow): 0.000013, Reg: 0.000000
Iter 140 of 180 Loss: 0.000011, L1(Flow): 0.000011, Reg: 0.000000
Iter 150 of 180 Loss: 0.000015, L1(Flow): 0.000015, Reg: 0.000000
Iter 160 of 180 Loss: 0.000012, L1(Flow): 0.000012, Reg: 0.000000
Iter 170 of 180 Loss: 0.000012, L1(Flow): 0.000012, Reg: 0.000000
Iter 180 of 180 Loss: 0.000014, L1(Flow): 0.000014, Reg: 0.000000
Epoch 102 Loss: 0.000013
Epoch 102 Validation: Mean EPE: 0.0000, Mean SSIM: 1.0000, Mean ZNCC: 1.0000
Epoch 103 starts
Iter 10 of 180 Loss: 0.000013, L1(Flow): 0.000013, Reg: 0.000000
Iter 20 of 180 Loss: 0.000010, L1(Flow): 0.000010, Reg: 0.000000
Iter 30 of 180 Loss: 0.000015, L1(Flow): 0.000015, Reg: 0.000000
Iter 40 of 180 Loss: 0.000012, L1(Flow): 0.000012, Reg: 0.000000
Iter 50 of 180 Loss: 0.000010, L1(Flow): 0.000010, Reg: 0.000000
Iter 60 of 180 Loss: 0.000015, L1(Flow): 0.000015, Reg: 0.000000
Iter 70 of 180 Loss: 0.000013, L1(Flow): 0.000013, Reg: 0.000000
Iter 80 of 180 Loss: 0.000010, L1(Flow): 0.000010, Reg: 0.000000
Iter 90 of 180 Loss: 0.000015, L1(Flow): 0.000015, Reg: 0.000000
Iter 100 of 180 Loss: 0.000011, L1(Flow): 0.000011, Reg: 0.000000
Iter 110 of 180 Loss: 0.000012, L1(Flow): 0.000012, Reg: 0.000000
Iter 120 of 180 Loss: 0.000014, L1(Flow): 0.000014, Reg: 0.000000
Iter 130 of 180 Loss: 0.000013, L1(Flow): 0.000013, Reg: 0.000000
Iter 140 of 180 Loss: 0.000010, L1(Flow): 0.000010, Reg: 0.000000
Iter 150 of 180 Loss: 0.000016, L1(Flow): 0.000016, Reg: 0.000000
Iter 160 of 180 Loss: 0.000011, L1(Flow): 0.000011, Reg: 0.000000
Iter 170 of 180 Loss: 0.000011, L1(Flow): 0.000011, Reg: 0.000000
Iter 180 of 180 Loss: 0.000015, L1(Flow): 0.000015, Reg: 0.000000
Epoch 103 Loss: 0.000012
Epoch 103 Validation: Mean EPE: 0.0000, Mean SSIM: 1.0000, Mean ZNCC: 1.0000
Epoch 104 starts
Iter 10 of 180 Loss: 0.000013, L1(Flow): 0.000013, Reg: 0.000000
Iter 20 of 180 Loss: 0.000011, L1(Flow): 0.000011, Reg: 0.000000
Iter 30 of 180 Loss: 0.000015, L1(Flow): 0.000015, Reg: 0.000000
Iter 40 of 180 Loss: 0.000013, L1(Flow): 0.000013, Reg: 0.000000
Iter 50 of 180 Loss: 0.000010, L1(Flow): 0.000010, Reg: 0.000000
Iter 60 of 180 Loss: 0.000014, L1(Flow): 0.000014, Reg: 0.000000
Iter 70 of 180 Loss: 0.000013, L1(Flow): 0.000013, Reg: 0.000000
Iter 80 of 180 Loss: 0.000011, L1(Flow): 0.000011, Reg: 0.000000
Iter 90 of 180 Loss: 0.000016, L1(Flow): 0.000016, Reg: 0.000000
Iter 100 of 180 Loss: 0.000013, L1(Flow): 0.000013, Reg: 0.000000
Iter 110 of 180 Loss: 0.000012, L1(Flow): 0.000012, Reg: 0.000000
Iter 120 of 180 Loss: 0.000015, L1(Flow): 0.000015, Reg: 0.000000
Iter 130 of 180 Loss: 0.000013, L1(Flow): 0.000013, Reg: 0.000000
Iter 140 of 180 Loss: 0.000010, L1(Flow): 0.000010, Reg: 0.000000
Iter 150 of 180 Loss: 0.000013, L1(Flow): 0.000013, Reg: 0.000000
Iter 160 of 180 Loss: 0.000013, L1(Flow): 0.000013, Reg: 0.000000
Iter 170 of 180 Loss: 0.000012, L1(Flow): 0.000012, Reg: 0.000000
Iter 180 of 180 Loss: 0.000015, L1(Flow): 0.000015, Reg: 0.000000
Epoch 104 Loss: 0.000013
Epoch 104 Validation: Mean EPE: 0.0000, Mean SSIM: 1.0000, Mean ZNCC: 1.0000
Epoch 105 starts
Iter 10 of 180 Loss: 0.000013, L1(Flow): 0.000013, Reg: 0.000000
Iter 20 of 180 Loss: 0.000011, L1(Flow): 0.000011, Reg: 0.000000
Iter 30 of 180 Loss: 0.000015, L1(Flow): 0.000015, Reg: 0.000000
Iter 40 of 180 Loss: 0.000013, L1(Flow): 0.000013, Reg: 0.000000
Iter 50 of 180 Loss: 0.000011, L1(Flow): 0.000011, Reg: 0.000000
Iter 60 of 180 Loss: 0.000015, L1(Flow): 0.000015, Reg: 0.000000
Iter 70 of 180 Loss: 0.000012, L1(Flow): 0.000012, Reg: 0.000000
Iter 80 of 180 Loss: 0.000011, L1(Flow): 0.000011, Reg: 0.000000
Iter 90 of 180 Loss: 0.000015, L1(Flow): 0.000015, Reg: 0.000000
Iter 100 of 180 Loss: 0.000014, L1(Flow): 0.000014, Reg: 0.000000
Iter 110 of 180 Loss: 0.000012, L1(Flow): 0.000012, Reg: 0.000000
Iter 120 of 180 Loss: 0.000014, L1(Flow): 0.000014, Reg: 0.000000
Iter 130 of 180 Loss: 0.000013, L1(Flow): 0.000013, Reg: 0.000000
Iter 140 of 180 Loss: 0.000011, L1(Flow): 0.000011, Reg: 0.000000
Iter 150 of 180 Loss: 0.000015, L1(Flow): 0.000015, Reg: 0.000000
Iter 160 of 180 Loss: 0.000013, L1(Flow): 0.000013, Reg: 0.000000
Iter 170 of 180 Loss: 0.000010, L1(Flow): 0.000010, Reg: 0.000000
Iter 180 of 180 Loss: 0.000014, L1(Flow): 0.000014, Reg: 0.000000
Epoch 105 Loss: 0.000013
Epoch 105 Validation: Mean EPE: 0.0000, Mean SSIM: 1.0000, Mean ZNCC: 1.0000
Epoch 106 starts
Iter 10 of 180 Loss: 0.000012, L1(Flow): 0.000012, Reg: 0.000000
Iter 20 of 180 Loss: 0.000011, L1(Flow): 0.000011, Reg: 0.000000
Iter 30 of 180 Loss: 0.000013, L1(Flow): 0.000013, Reg: 0.000000
Iter 40 of 180 Loss: 0.000013, L1(Flow): 0.000013, Reg: 0.000000
Iter 50 of 180 Loss: 0.000011, L1(Flow): 0.000011, Reg: 0.000000
Iter 60 of 180 Loss: 0.000014, L1(Flow): 0.000014, Reg: 0.000000
Iter 70 of 180 Loss: 0.000013, L1(Flow): 0.000013, Reg: 0.000000
Iter 80 of 180 Loss: 0.000010, L1(Flow): 0.000010, Reg: 0.000000
Iter 90 of 180 Loss: 0.000015, L1(Flow): 0.000015, Reg: 0.000000
Iter 100 of 180 Loss: 0.000013, L1(Flow): 0.000013, Reg: 0.000000
Iter 110 of 180 Loss: 0.000010, L1(Flow): 0.000010, Reg: 0.000000
Iter 120 of 180 Loss: 0.000015, L1(Flow): 0.000015, Reg: 0.000000
Iter 130 of 180 Loss: 0.000013, L1(Flow): 0.000013, Reg: 0.000000
Iter 140 of 180 Loss: 0.000010, L1(Flow): 0.000010, Reg: 0.000000
Iter 150 of 180 Loss: 0.000013, L1(Flow): 0.000013, Reg: 0.000000
Iter 160 of 180 Loss: 0.000012, L1(Flow): 0.000012, Reg: 0.000000
Iter 170 of 180 Loss: 0.000011, L1(Flow): 0.000011, Reg: 0.000000
Iter 180 of 180 Loss: 0.000014, L1(Flow): 0.000014, Reg: 0.000000
Epoch 106 Loss: 0.000012
Epoch 106 Validation: Mean EPE: 0.0000, Mean SSIM: 1.0000, Mean ZNCC: 1.0000
Epoch 107 starts
Iter 10 of 180 Loss: 0.000013, L1(Flow): 0.000013, Reg: 0.000000
Iter 20 of 180 Loss: 0.000010, L1(Flow): 0.000010, Reg: 0.000000
Iter 30 of 180 Loss: 0.000014, L1(Flow): 0.000014, Reg: 0.000000
Iter 40 of 180 Loss: 0.000013, L1(Flow): 0.000013, Reg: 0.000000
Iter 50 of 180 Loss: 0.000009, L1(Flow): 0.000009, Reg: 0.000000
Iter 60 of 180 Loss: 0.000015, L1(Flow): 0.000015, Reg: 0.000000
Iter 70 of 180 Loss: 0.000013, L1(Flow): 0.000013, Reg: 0.000000
Iter 80 of 180 Loss: 0.000011, L1(Flow): 0.000011, Reg: 0.000000
Iter 90 of 180 Loss: 0.000015, L1(Flow): 0.000015, Reg: 0.000000
Iter 100 of 180 Loss: 0.000012, L1(Flow): 0.000012, Reg: 0.000000
Iter 110 of 180 Loss: 0.000010, L1(Flow): 0.000010, Reg: 0.000000
Iter 120 of 180 Loss: 0.000014, L1(Flow): 0.000014, Reg: 0.000000
Iter 130 of 180 Loss: 0.000013, L1(Flow): 0.000013, Reg: 0.000000
Iter 140 of 180 Loss: 0.000011, L1(Flow): 0.000011, Reg: 0.000000
Iter 150 of 180 Loss: 0.000012, L1(Flow): 0.000012, Reg: 0.000000
Iter 160 of 180 Loss: 0.000013, L1(Flow): 0.000013, Reg: 0.000000
Iter 170 of 180 Loss: 0.000011, L1(Flow): 0.000011, Reg: 0.000000
Iter 180 of 180 Loss: 0.000013, L1(Flow): 0.000013, Reg: 0.000000
Epoch 107 Loss: 0.000012
Epoch 107 Validation: Mean EPE: 0.0000, Mean SSIM: 1.0000, Mean ZNCC: 1.0000
Epoch 108 starts
Iter 10 of 180 Loss: 0.000012, L1(Flow): 0.000012, Reg: 0.000000
Iter 20 of 180 Loss: 0.000010, L1(Flow): 0.000010, Reg: 0.000000
Iter 30 of 180 Loss: 0.000013, L1(Flow): 0.000013, Reg: 0.000000
Iter 40 of 180 Loss: 0.000013, L1(Flow): 0.000013, Reg: 0.000000
Iter 50 of 180 Loss: 0.000011, L1(Flow): 0.000011, Reg: 0.000000
Iter 60 of 180 Loss: 0.000014, L1(Flow): 0.000014, Reg: 0.000000
Iter 70 of 180 Loss: 0.000013, L1(Flow): 0.000013, Reg: 0.000000
Iter 80 of 180 Loss: 0.000010, L1(Flow): 0.000010, Reg: 0.000000
Iter 90 of 180 Loss: 0.000014, L1(Flow): 0.000014, Reg: 0.000000
Iter 100 of 180 Loss: 0.000013, L1(Flow): 0.000013, Reg: 0.000000
Iter 110 of 180 Loss: 0.000010, L1(Flow): 0.000010, Reg: 0.000000
Iter 120 of 180 Loss: 0.000015, L1(Flow): 0.000015, Reg: 0.000000
Iter 130 of 180 Loss: 0.000013, L1(Flow): 0.000013, Reg: 0.000000
Iter 140 of 180 Loss: 0.000010, L1(Flow): 0.000010, Reg: 0.000000
Iter 150 of 180 Loss: 0.000014, L1(Flow): 0.000014, Reg: 0.000000
Iter 160 of 180 Loss: 0.000014, L1(Flow): 0.000014, Reg: 0.000000
Iter 170 of 180 Loss: 0.000010, L1(Flow): 0.000010, Reg: 0.000000
Iter 180 of 180 Loss: 0.000015, L1(Flow): 0.000015, Reg: 0.000000
Epoch 108 Loss: 0.000012
Epoch 108 Validation: Mean EPE: 0.0000, Mean SSIM: 1.0000, Mean ZNCC: 1.0000
Epoch 109 starts
Iter 10 of 180 Loss: 0.000013, L1(Flow): 0.000013, Reg: 0.000000
Iter 20 of 180 Loss: 0.000011, L1(Flow): 0.000011, Reg: 0.000000
Iter 30 of 180 Loss: 0.000015, L1(Flow): 0.000015, Reg: 0.000000
Iter 40 of 180 Loss: 0.000013, L1(Flow): 0.000013, Reg: 0.000000
Iter 50 of 180 Loss: 0.000009, L1(Flow): 0.000009, Reg: 0.000000
Iter 60 of 180 Loss: 0.000015, L1(Flow): 0.000015, Reg: 0.000000
Iter 70 of 180 Loss: 0.000013, L1(Flow): 0.000013, Reg: 0.000000
Iter 80 of 180 Loss: 0.000010, L1(Flow): 0.000010, Reg: 0.000000
Iter 90 of 180 Loss: 0.000014, L1(Flow): 0.000014, Reg: 0.000000
Iter 100 of 180 Loss: 0.000015, L1(Flow): 0.000015, Reg: 0.000000
Iter 110 of 180 Loss: 0.000010, L1(Flow): 0.000010, Reg: 0.000000
Iter 120 of 180 Loss: 0.000015, L1(Flow): 0.000015, Reg: 0.000000
Iter 130 of 180 Loss: 0.000011, L1(Flow): 0.000011, Reg: 0.000000
Iter 140 of 180 Loss: 0.000011, L1(Flow): 0.000011, Reg: 0.000000
Iter 150 of 180 Loss: 0.000014, L1(Flow): 0.000014, Reg: 0.000000
Iter 160 of 180 Loss: 0.000013, L1(Flow): 0.000013, Reg: 0.000000
Iter 170 of 180 Loss: 0.000010, L1(Flow): 0.000010, Reg: 0.000000
Iter 180 of 180 Loss: 0.000013, L1(Flow): 0.000013, Reg: 0.000000
Epoch 109 Loss: 0.000012
Epoch 109 Validation: Mean EPE: 0.0000, Mean SSIM: 1.0000, Mean ZNCC: 1.0000
Epoch 110 starts
Iter 10 of 180 Loss: 0.000014, L1(Flow): 0.000014, Reg: 0.000000
Iter 20 of 180 Loss: 0.000010, L1(Flow): 0.000010, Reg: 0.000000
Iter 30 of 180 Loss: 0.000014, L1(Flow): 0.000014, Reg: 0.000000
Iter 40 of 180 Loss: 0.000012, L1(Flow): 0.000012, Reg: 0.000000
Iter 50 of 180 Loss: 0.000010, L1(Flow): 0.000010, Reg: 0.000000
Iter 60 of 180 Loss: 0.000013, L1(Flow): 0.000013, Reg: 0.000000
Iter 70 of 180 Loss: 0.000013, L1(Flow): 0.000013, Reg: 0.000000
Iter 80 of 180 Loss: 0.000010, L1(Flow): 0.000010, Reg: 0.000000
Iter 90 of 180 Loss: 0.000014, L1(Flow): 0.000014, Reg: 0.000000
Iter 100 of 180 Loss: 0.000014, L1(Flow): 0.000014, Reg: 0.000000
Iter 110 of 180 Loss: 0.000011, L1(Flow): 0.000011, Reg: 0.000000
Iter 120 of 180 Loss: 0.000014, L1(Flow): 0.000014, Reg: 0.000000
Iter 130 of 180 Loss: 0.000013, L1(Flow): 0.000013, Reg: 0.000000
Iter 140 of 180 Loss: 0.000009, L1(Flow): 0.000009, Reg: 0.000000
Iter 150 of 180 Loss: 0.000014, L1(Flow): 0.000014, Reg: 0.000000
Iter 160 of 180 Loss: 0.000013, L1(Flow): 0.000013, Reg: 0.000000
Iter 170 of 180 Loss: 0.000011, L1(Flow): 0.000011, Reg: 0.000000
Iter 180 of 180 Loss: 0.000014, L1(Flow): 0.000014, Reg: 0.000000
Epoch 110 Loss: 0.000012
Epoch 110 Validation: Mean EPE: 0.0000, Mean SSIM: 1.0000, Mean ZNCC: 1.0000
Epoch 111 starts
Iter 10 of 180 Loss: 0.000012, L1(Flow): 0.000012, Reg: 0.000000
Iter 20 of 180 Loss: 0.000009, L1(Flow): 0.000009, Reg: 0.000000
Iter 30 of 180 Loss: 0.000015, L1(Flow): 0.000015, Reg: 0.000000
Iter 40 of 180 Loss: 0.000012, L1(Flow): 0.000012, Reg: 0.000000
Iter 50 of 180 Loss: 0.000009, L1(Flow): 0.000009, Reg: 0.000000
Iter 60 of 180 Loss: 0.000014, L1(Flow): 0.000014, Reg: 0.000000
Iter 70 of 180 Loss: 0.000013, L1(Flow): 0.000013, Reg: 0.000000
Iter 80 of 180 Loss: 0.000011, L1(Flow): 0.000011, Reg: 0.000000
Iter 90 of 180 Loss: 0.000015, L1(Flow): 0.000015, Reg: 0.000000
Iter 100 of 180 Loss: 0.000012, L1(Flow): 0.000012, Reg: 0.000000
Iter 110 of 180 Loss: 0.000010, L1(Flow): 0.000010, Reg: 0.000000
Iter 120 of 180 Loss: 0.000015, L1(Flow): 0.000015, Reg: 0.000000
Iter 130 of 180 Loss: 0.000013, L1(Flow): 0.000013, Reg: 0.000000
Iter 140 of 180 Loss: 0.000011, L1(Flow): 0.000011, Reg: 0.000000
Iter 150 of 180 Loss: 0.000015, L1(Flow): 0.000015, Reg: 0.000000
Iter 160 of 180 Loss: 0.000012, L1(Flow): 0.000012, Reg: 0.000000
Iter 170 of 180 Loss: 0.000009, L1(Flow): 0.000009, Reg: 0.000000
Iter 180 of 180 Loss: 0.000014, L1(Flow): 0.000014, Reg: 0.000000
Epoch 111 Loss: 0.000012
Epoch 111 Validation: Mean EPE: 0.0000, Mean SSIM: 1.0000, Mean ZNCC: 1.0000
Epoch 112 starts
Iter 10 of 180 Loss: 0.000013, L1(Flow): 0.000013, Reg: 0.000000
Iter 20 of 180 Loss: 0.000010, L1(Flow): 0.000010, Reg: 0.000000
Iter 30 of 180 Loss: 0.000014, L1(Flow): 0.000014, Reg: 0.000000
Iter 40 of 180 Loss: 0.000012, L1(Flow): 0.000012, Reg: 0.000000
Iter 50 of 180 Loss: 0.000009, L1(Flow): 0.000009, Reg: 0.000000
Iter 60 of 180 Loss: 0.000015, L1(Flow): 0.000015, Reg: 0.000000
Iter 70 of 180 Loss: 0.000013, L1(Flow): 0.000013, Reg: 0.000000
Iter 80 of 180 Loss: 0.000011, L1(Flow): 0.000011, Reg: 0.000000
Iter 90 of 180 Loss: 0.000014, L1(Flow): 0.000014, Reg: 0.000000
Iter 100 of 180 Loss: 0.000015, L1(Flow): 0.000015, Reg: 0.000000
Iter 110 of 180 Loss: 0.000010, L1(Flow): 0.000010, Reg: 0.000000
Iter 120 of 180 Loss: 0.000014, L1(Flow): 0.000014, Reg: 0.000000
Iter 130 of 180 Loss: 0.000012, L1(Flow): 0.000012, Reg: 0.000000
Iter 140 of 180 Loss: 0.000010, L1(Flow): 0.000010, Reg: 0.000000
Iter 150 of 180 Loss: 0.000014, L1(Flow): 0.000014, Reg: 0.000000
Iter 160 of 180 Loss: 0.000012, L1(Flow): 0.000012, Reg: 0.000000
Iter 170 of 180 Loss: 0.000011, L1(Flow): 0.000011, Reg: 0.000000
Iter 180 of 180 Loss: 0.000015, L1(Flow): 0.000014, Reg: 0.000000
Epoch 112 Loss: 0.000012
Epoch 112 Validation: Mean EPE: 0.0000, Mean SSIM: 1.0000, Mean ZNCC: 1.0000
Epoch 113 starts
Iter 10 of 180 Loss: 0.000012, L1(Flow): 0.000012, Reg: 0.000000
Iter 20 of 180 Loss: 0.000012, L1(Flow): 0.000011, Reg: 0.000000
Iter 30 of 180 Loss: 0.000015, L1(Flow): 0.000015, Reg: 0.000000
Iter 40 of 180 Loss: 0.000012, L1(Flow): 0.000012, Reg: 0.000000
Iter 50 of 180 Loss: 0.000010, L1(Flow): 0.000010, Reg: 0.000000
Iter 60 of 180 Loss: 0.000014, L1(Flow): 0.000014, Reg: 0.000000
Iter 70 of 180 Loss: 0.000011, L1(Flow): 0.000011, Reg: 0.000000
Iter 80 of 180 Loss: 0.000011, L1(Flow): 0.000011, Reg: 0.000000
Iter 90 of 180 Loss: 0.000012, L1(Flow): 0.000012, Reg: 0.000000
Iter 100 of 180 Loss: 0.000013, L1(Flow): 0.000013, Reg: 0.000000
Iter 110 of 180 Loss: 0.000010, L1(Flow): 0.000010, Reg: 0.000000
Iter 120 of 180 Loss: 0.000013, L1(Flow): 0.000013, Reg: 0.000000
Iter 130 of 180 Loss: 0.000011, L1(Flow): 0.000011, Reg: 0.000000
Iter 140 of 180 Loss: 0.000011, L1(Flow): 0.000011, Reg: 0.000000
Iter 150 of 180 Loss: 0.000013, L1(Flow): 0.000013, Reg: 0.000000
Iter 160 of 180 Loss: 0.000012, L1(Flow): 0.000012, Reg: 0.000000
Iter 170 of 180 Loss: 0.000011, L1(Flow): 0.000011, Reg: 0.000000
Iter 180 of 180 Loss: 0.000016, L1(Flow): 0.000016, Reg: 0.000000
Epoch 113 Loss: 0.000012
Epoch 113 Validation: Mean EPE: 0.0000, Mean SSIM: 1.0000, Mean ZNCC: 1.0000
Epoch 114 starts
Iter 10 of 180 Loss: 0.000012, L1(Flow): 0.000012, Reg: 0.000000
Iter 20 of 180 Loss: 0.000010, L1(Flow): 0.000010, Reg: 0.000000
Iter 30 of 180 Loss: 0.000015, L1(Flow): 0.000015, Reg: 0.000000
Iter 40 of 180 Loss: 0.000012, L1(Flow): 0.000012, Reg: 0.000000
Iter 50 of 180 Loss: 0.000011, L1(Flow): 0.000011, Reg: 0.000000
Iter 60 of 180 Loss: 0.000014, L1(Flow): 0.000014, Reg: 0.000000
Iter 70 of 180 Loss: 0.000013, L1(Flow): 0.000013, Reg: 0.000000
Iter 80 of 180 Loss: 0.000011, L1(Flow): 0.000011, Reg: 0.000000
Iter 90 of 180 Loss: 0.000013, L1(Flow): 0.000013, Reg: 0.000000
Iter 100 of 180 Loss: 0.000013, L1(Flow): 0.000013, Reg: 0.000000
Iter 110 of 180 Loss: 0.000010, L1(Flow): 0.000010, Reg: 0.000000
Iter 120 of 180 Loss: 0.000014, L1(Flow): 0.000014, Reg: 0.000000
Iter 130 of 180 Loss: 0.000012, L1(Flow): 0.000012, Reg: 0.000000
Iter 140 of 180 Loss: 0.000011, L1(Flow): 0.000011, Reg: 0.000000
Iter 150 of 180 Loss: 0.000013, L1(Flow): 0.000013, Reg: 0.000000
Iter 160 of 180 Loss: 0.000012, L1(Flow): 0.000012, Reg: 0.000000
Iter 170 of 180 Loss: 0.000012, L1(Flow): 0.000012, Reg: 0.000000
Iter 180 of 180 Loss: 0.000015, L1(Flow): 0.000015, Reg: 0.000000
Epoch 114 Loss: 0.000012
Epoch 114 Validation: Mean EPE: 0.0000, Mean SSIM: 1.0000, Mean ZNCC: 1.0000
Epoch 115 starts
Iter 10 of 180 Loss: 0.000013, L1(Flow): 0.000013, Reg: 0.000000
Iter 20 of 180 Loss: 0.000011, L1(Flow): 0.000011, Reg: 0.000000
Iter 30 of 180 Loss: 0.000015, L1(Flow): 0.000015, Reg: 0.000000
Iter 40 of 180 Loss: 0.000012, L1(Flow): 0.000012, Reg: 0.000000
Iter 50 of 180 Loss: 0.000010, L1(Flow): 0.000010, Reg: 0.000000
Iter 60 of 180 Loss: 0.000014, L1(Flow): 0.000014, Reg: 0.000000
Iter 70 of 180 Loss: 0.000013, L1(Flow): 0.000013, Reg: 0.000000
Iter 80 of 180 Loss: 0.000010, L1(Flow): 0.000010, Reg: 0.000000
Iter 90 of 180 Loss: 0.000014, L1(Flow): 0.000014, Reg: 0.000000
Iter 100 of 180 Loss: 0.000014, L1(Flow): 0.000014, Reg: 0.000000
Iter 110 of 180 Loss: 0.000011, L1(Flow): 0.000011, Reg: 0.000000
Iter 120 of 180 Loss: 0.000014, L1(Flow): 0.000014, Reg: 0.000000
Iter 130 of 180 Loss: 0.000012, L1(Flow): 0.000012, Reg: 0.000000
Iter 140 of 180 Loss: 0.000011, L1(Flow): 0.000011, Reg: 0.000000
Iter 150 of 180 Loss: 0.000014, L1(Flow): 0.000014, Reg: 0.000000
Iter 160 of 180 Loss: 0.000013, L1(Flow): 0.000013, Reg: 0.000000
Iter 170 of 180 Loss: 0.000011, L1(Flow): 0.000011, Reg: 0.000000
Iter 180 of 180 Loss: 0.000014, L1(Flow): 0.000014, Reg: 0.000000
Epoch 115 Loss: 0.000012
Epoch 115 Validation: Mean EPE: 0.0000, Mean SSIM: 1.0000, Mean ZNCC: 1.0000
Epoch 116 starts
Iter 10 of 180 Loss: 0.000013, L1(Flow): 0.000013, Reg: 0.000000
Iter 20 of 180 Loss: 0.000010, L1(Flow): 0.000010, Reg: 0.000000
Iter 30 of 180 Loss: 0.000013, L1(Flow): 0.000013, Reg: 0.000000
Iter 40 of 180 Loss: 0.000012, L1(Flow): 0.000012, Reg: 0.000000
Iter 50 of 180 Loss: 0.000010, L1(Flow): 0.000010, Reg: 0.000000
Iter 60 of 180 Loss: 0.000015, L1(Flow): 0.000015, Reg: 0.000000
Iter 70 of 180 Loss: 0.000013, L1(Flow): 0.000013, Reg: 0.000000
Iter 80 of 180 Loss: 0.000010, L1(Flow): 0.000010, Reg: 0.000000
Iter 90 of 180 Loss: 0.000014, L1(Flow): 0.000014, Reg: 0.000000
Iter 100 of 180 Loss: 0.000013, L1(Flow): 0.000013, Reg: 0.000000
Iter 110 of 180 Loss: 0.000010, L1(Flow): 0.000010, Reg: 0.000000
Iter 120 of 180 Loss: 0.000015, L1(Flow): 0.000015, Reg: 0.000000
Iter 130 of 180 Loss: 0.000013, L1(Flow): 0.000013, Reg: 0.000000
Iter 140 of 180 Loss: 0.000011, L1(Flow): 0.000011, Reg: 0.000000
Iter 150 of 180 Loss: 0.000014, L1(Flow): 0.000014, Reg: 0.000000
Iter 160 of 180 Loss: 0.000013, L1(Flow): 0.000013, Reg: 0.000000
Iter 170 of 180 Loss: 0.000010, L1(Flow): 0.000010, Reg: 0.000000
Iter 180 of 180 Loss: 0.000014, L1(Flow): 0.000014, Reg: 0.000000
Epoch 116 Loss: 0.000012
Epoch 116 Validation: Mean EPE: 0.0000, Mean SSIM: 1.0000, Mean ZNCC: 1.0000
Epoch 117 starts
Iter 10 of 180 Loss: 0.000012, L1(Flow): 0.000012, Reg: 0.000000
Iter 20 of 180 Loss: 0.000011, L1(Flow): 0.000011, Reg: 0.000000
Iter 30 of 180 Loss: 0.000015, L1(Flow): 0.000015, Reg: 0.000000
Iter 40 of 180 Loss: 0.000013, L1(Flow): 0.000013, Reg: 0.000000
Iter 50 of 180 Loss: 0.000011, L1(Flow): 0.000011, Reg: 0.000000
Iter 60 of 180 Loss: 0.000014, L1(Flow): 0.000014, Reg: 0.000000
Iter 70 of 180 Loss: 0.000012, L1(Flow): 0.000012, Reg: 0.000000
Iter 80 of 180 Loss: 0.000010, L1(Flow): 0.000010, Reg: 0.000000
Iter 90 of 180 Loss: 0.000014, L1(Flow): 0.000014, Reg: 0.000000
Iter 100 of 180 Loss: 0.000013, L1(Flow): 0.000013, Reg: 0.000000
Iter 110 of 180 Loss: 0.000010, L1(Flow): 0.000010, Reg: 0.000000
Iter 120 of 180 Loss: 0.000014, L1(Flow): 0.000014, Reg: 0.000000
Iter 130 of 180 Loss: 0.000013, L1(Flow): 0.000013, Reg: 0.000000
Iter 140 of 180 Loss: 0.000010, L1(Flow): 0.000010, Reg: 0.000000
Iter 150 of 180 Loss: 0.000014, L1(Flow): 0.000014, Reg: 0.000000
Iter 160 of 180 Loss: 0.000012, L1(Flow): 0.000012, Reg: 0.000000
Iter 170 of 180 Loss: 0.000010, L1(Flow): 0.000010, Reg: 0.000000
Iter 180 of 180 Loss: 0.000013, L1(Flow): 0.000013, Reg: 0.000000
Epoch 117 Loss: 0.000012
Epoch 117 Validation: Mean EPE: 0.0000, Mean SSIM: 1.0000, Mean ZNCC: 1.0000
Epoch 118 starts
Iter 10 of 180 Loss: 0.000012, L1(Flow): 0.000012, Reg: 0.000000
Iter 20 of 180 Loss: 0.000011, L1(Flow): 0.000011, Reg: 0.000000
Iter 30 of 180 Loss: 0.000014, L1(Flow): 0.000014, Reg: 0.000000
Iter 40 of 180 Loss: 0.000012, L1(Flow): 0.000012, Reg: 0.000000
Iter 50 of 180 Loss: 0.000010, L1(Flow): 0.000010, Reg: 0.000000
Iter 60 of 180 Loss: 0.000014, L1(Flow): 0.000014, Reg: 0.000000
Iter 70 of 180 Loss: 0.000013, L1(Flow): 0.000013, Reg: 0.000000
Iter 80 of 180 Loss: 0.000011, L1(Flow): 0.000011, Reg: 0.000000
Iter 90 of 180 Loss: 0.000014, L1(Flow): 0.000014, Reg: 0.000000
Iter 100 of 180 Loss: 0.000013, L1(Flow): 0.000013, Reg: 0.000000
Iter 110 of 180 Loss: 0.000011, L1(Flow): 0.000011, Reg: 0.000000
Iter 120 of 180 Loss: 0.000015, L1(Flow): 0.000015, Reg: 0.000000
Iter 130 of 180 Loss: 0.000013, L1(Flow): 0.000013, Reg: 0.000000
Iter 140 of 180 Loss: 0.000010, L1(Flow): 0.000010, Reg: 0.000000
Iter 150 of 180 Loss: 0.000015, L1(Flow): 0.000015, Reg: 0.000000
Iter 160 of 180 Loss: 0.000013, L1(Flow): 0.000013, Reg: 0.000000
Iter 170 of 180 Loss: 0.000010, L1(Flow): 0.000010, Reg: 0.000000
Iter 180 of 180 Loss: 0.000014, L1(Flow): 0.000014, Reg: 0.000000
Epoch 118 Loss: 0.000012
Epoch 118 Validation: Mean EPE: 0.0000, Mean SSIM: 1.0000, Mean ZNCC: 1.0000
Epoch 119 starts
Iter 10 of 180 Loss: 0.000012, L1(Flow): 0.000012, Reg: 0.000000
Iter 20 of 180 Loss: 0.000010, L1(Flow): 0.000010, Reg: 0.000000
Iter 30 of 180 Loss: 0.000015, L1(Flow): 0.000015, Reg: 0.000000
Iter 40 of 180 Loss: 0.000012, L1(Flow): 0.000012, Reg: 0.000000
Iter 50 of 180 Loss: 0.000010, L1(Flow): 0.000010, Reg: 0.000000
Iter 60 of 180 Loss: 0.000013, L1(Flow): 0.000013, Reg: 0.000000
Iter 70 of 180 Loss: 0.000012, L1(Flow): 0.000012, Reg: 0.000000
Iter 80 of 180 Loss: 0.000010, L1(Flow): 0.000010, Reg: 0.000000
Iter 90 of 180 Loss: 0.000013, L1(Flow): 0.000013, Reg: 0.000000
Iter 100 of 180 Loss: 0.000013, L1(Flow): 0.000013, Reg: 0.000000
Iter 110 of 180 Loss: 0.000009, L1(Flow): 0.000009, Reg: 0.000000
Iter 120 of 180 Loss: 0.000015, L1(Flow): 0.000015, Reg: 0.000000
Iter 130 of 180 Loss: 0.000012, L1(Flow): 0.000012, Reg: 0.000000
Iter 140 of 180 Loss: 0.000011, L1(Flow): 0.000011, Reg: 0.000000
Iter 150 of 180 Loss: 0.000014, L1(Flow): 0.000014, Reg: 0.000000
Iter 160 of 180 Loss: 0.000011, L1(Flow): 0.000011, Reg: 0.000000
Iter 170 of 180 Loss: 0.000010, L1(Flow): 0.000010, Reg: 0.000000
Iter 180 of 180 Loss: 0.000015, L1(Flow): 0.000015, Reg: 0.000000
Epoch 119 Loss: 0.000012
Epoch 119 Validation: Mean EPE: 0.0000, Mean SSIM: 1.0000, Mean ZNCC: 1.0000
Epoch 120 starts
Iter 10 of 180 Loss: 0.000013, L1(Flow): 0.000013, Reg: 0.000000
Iter 20 of 180 Loss: 0.000011, L1(Flow): 0.000011, Reg: 0.000000
Iter 30 of 180 Loss: 0.000015, L1(Flow): 0.000015, Reg: 0.000000
Iter 40 of 180 Loss: 0.000013, L1(Flow): 0.000013, Reg: 0.000000
Iter 50 of 180 Loss: 0.000010, L1(Flow): 0.000010, Reg: 0.000000
Iter 60 of 180 Loss: 0.000014, L1(Flow): 0.000014, Reg: 0.000000
Iter 70 of 180 Loss: 0.000013, L1(Flow): 0.000013, Reg: 0.000000
Iter 80 of 180 Loss: 0.000010, L1(Flow): 0.000010, Reg: 0.000000
Iter 90 of 180 Loss: 0.000014, L1(Flow): 0.000014, Reg: 0.000000
Iter 100 of 180 Loss: 0.000011, L1(Flow): 0.000011, Reg: 0.000000
Iter 110 of 180 Loss: 0.000010, L1(Flow): 0.000010, Reg: 0.000000
Iter 120 of 180 Loss: 0.000014, L1(Flow): 0.000014, Reg: 0.000000
Iter 130 of 180 Loss: 0.000011, L1(Flow): 0.000011, Reg: 0.000000
Iter 140 of 180 Loss: 0.000010, L1(Flow): 0.000010, Reg: 0.000000
Iter 150 of 180 Loss: 0.000014, L1(Flow): 0.000014, Reg: 0.000000
Iter 160 of 180 Loss: 0.000012, L1(Flow): 0.000012, Reg: 0.000000
Iter 170 of 180 Loss: 0.000010, L1(Flow): 0.000010, Reg: 0.000000
Iter 180 of 180 Loss: 0.000014, L1(Flow): 0.000014, Reg: 0.000000
Epoch 120 Loss: 0.000012
Epoch 120 Validation: Mean EPE: 0.0000, Mean SSIM: 1.0000, Mean ZNCC: 1.0000
Epoch 121 starts
Iter 10 of 180 Loss: 0.000013, L1(Flow): 0.000013, Reg: 0.000000
Iter 20 of 180 Loss: 0.000010, L1(Flow): 0.000010, Reg: 0.000000
Iter 30 of 180 Loss: 0.000016, L1(Flow): 0.000016, Reg: 0.000000
Iter 40 of 180 Loss: 0.000012, L1(Flow): 0.000012, Reg: 0.000000
Iter 50 of 180 Loss: 0.000010, L1(Flow): 0.000010, Reg: 0.000000
Iter 60 of 180 Loss: 0.000015, L1(Flow): 0.000015, Reg: 0.000000
Iter 70 of 180 Loss: 0.000011, L1(Flow): 0.000011, Reg: 0.000000
Iter 80 of 180 Loss: 0.000010, L1(Flow): 0.000010, Reg: 0.000000
Iter 90 of 180 Loss: 0.000013, L1(Flow): 0.000013, Reg: 0.000000
Iter 100 of 180 Loss: 0.000012, L1(Flow): 0.000012, Reg: 0.000000
Iter 110 of 180 Loss: 0.000011, L1(Flow): 0.000011, Reg: 0.000000
Iter 120 of 180 Loss: 0.000015, L1(Flow): 0.000015, Reg: 0.000000
Iter 130 of 180 Loss: 0.000012, L1(Flow): 0.000012, Reg: 0.000000
Iter 140 of 180 Loss: 0.000010, L1(Flow): 0.000010, Reg: 0.000000
Iter 150 of 180 Loss: 0.000013, L1(Flow): 0.000013, Reg: 0.000000
Iter 160 of 180 Loss: 0.000013, L1(Flow): 0.000013, Reg: 0.000000
Iter 170 of 180 Loss: 0.000009, L1(Flow): 0.000009, Reg: 0.000000
Iter 180 of 180 Loss: 0.000015, L1(Flow): 0.000015, Reg: 0.000000
Epoch 121 Loss: 0.000012
Epoch 121 Validation: Mean EPE: 0.0000, Mean SSIM: 1.0000, Mean ZNCC: 1.0000
Epoch 122 starts
Iter 10 of 180 Loss: 0.000012, L1(Flow): 0.000012, Reg: 0.000000
Iter 20 of 180 Loss: 0.000010, L1(Flow): 0.000010, Reg: 0.000000
Iter 30 of 180 Loss: 0.000013, L1(Flow): 0.000013, Reg: 0.000000
Iter 40 of 180 Loss: 0.000012, L1(Flow): 0.000012, Reg: 0.000000
Iter 50 of 180 Loss: 0.000009, L1(Flow): 0.000009, Reg: 0.000000
Iter 60 of 180 Loss: 0.000013, L1(Flow): 0.000013, Reg: 0.000000
Iter 70 of 180 Loss: 0.000012, L1(Flow): 0.000012, Reg: 0.000000
Iter 80 of 180 Loss: 0.000009, L1(Flow): 0.000009, Reg: 0.000000
Iter 90 of 180 Loss: 0.000014, L1(Flow): 0.000014, Reg: 0.000000
Iter 100 of 180 Loss: 0.000012, L1(Flow): 0.000012, Reg: 0.000000
Iter 110 of 180 Loss: 0.000010, L1(Flow): 0.000010, Reg: 0.000000
Iter 120 of 180 Loss: 0.000014, L1(Flow): 0.000014, Reg: 0.000000
Iter 130 of 180 Loss: 0.000014, L1(Flow): 0.000014, Reg: 0.000000
Iter 140 of 180 Loss: 0.000009, L1(Flow): 0.000009, Reg: 0.000000
Iter 150 of 180 Loss: 0.000015, L1(Flow): 0.000015, Reg: 0.000000
Iter 160 of 180 Loss: 0.000012, L1(Flow): 0.000012, Reg: 0.000000
Iter 170 of 180 Loss: 0.000011, L1(Flow): 0.000011, Reg: 0.000000
Iter 180 of 180 Loss: 0.000013, L1(Flow): 0.000013, Reg: 0.000000
Epoch 122 Loss: 0.000012
Epoch 122 Validation: Mean EPE: 0.0000, Mean SSIM: 1.0000, Mean ZNCC: 1.0000
Epoch 123 starts
Iter 10 of 180 Loss: 0.000013, L1(Flow): 0.000013, Reg: 0.000000
Iter 20 of 180 Loss: 0.000010, L1(Flow): 0.000010, Reg: 0.000000
Iter 30 of 180 Loss: 0.000014, L1(Flow): 0.000014, Reg: 0.000000
Iter 40 of 180 Loss: 0.000012, L1(Flow): 0.000012, Reg: 0.000000
Iter 50 of 180 Loss: 0.000011, L1(Flow): 0.000011, Reg: 0.000000
Iter 60 of 180 Loss: 0.000014, L1(Flow): 0.000014, Reg: 0.000000
Iter 70 of 180 Loss: 0.000012, L1(Flow): 0.000012, Reg: 0.000000
Iter 80 of 180 Loss: 0.000009, L1(Flow): 0.000009, Reg: 0.000000
Iter 90 of 180 Loss: 0.000013, L1(Flow): 0.000013, Reg: 0.000000
Iter 100 of 180 Loss: 0.000012, L1(Flow): 0.000012, Reg: 0.000000
Iter 110 of 180 Loss: 0.000010, L1(Flow): 0.000010, Reg: 0.000000
Iter 120 of 180 Loss: 0.000015, L1(Flow): 0.000015, Reg: 0.000000
Iter 130 of 180 Loss: 0.000013, L1(Flow): 0.000013, Reg: 0.000000
Iter 140 of 180 Loss: 0.000010, L1(Flow): 0.000010, Reg: 0.000000
Iter 150 of 180 Loss: 0.000014, L1(Flow): 0.000014, Reg: 0.000000
Iter 160 of 180 Loss: 0.000014, L1(Flow): 0.000014, Reg: 0.000000
Iter 170 of 180 Loss: 0.000010, L1(Flow): 0.000010, Reg: 0.000000
Iter 180 of 180 Loss: 0.000014, L1(Flow): 0.000014, Reg: 0.000000
Epoch 123 Loss: 0.000012
Epoch 123 Validation: Mean EPE: 0.0000, Mean SSIM: 1.0000, Mean ZNCC: 1.0000
Epoch 124 starts
Iter 10 of 180 Loss: 0.000012, L1(Flow): 0.000012, Reg: 0.000000
Iter 20 of 180 Loss: 0.000010, L1(Flow): 0.000010, Reg: 0.000000
Iter 30 of 180 Loss: 0.000015, L1(Flow): 0.000015, Reg: 0.000000
Iter 40 of 180 Loss: 0.000013, L1(Flow): 0.000013, Reg: 0.000000
Iter 50 of 180 Loss: 0.000010, L1(Flow): 0.000010, Reg: 0.000000
Iter 60 of 180 Loss: 0.000013, L1(Flow): 0.000013, Reg: 0.000000
Iter 70 of 180 Loss: 0.000013, L1(Flow): 0.000013, Reg: 0.000000
Iter 80 of 180 Loss: 0.000009, L1(Flow): 0.000009, Reg: 0.000000
Iter 90 of 180 Loss: 0.000013, L1(Flow): 0.000013, Reg: 0.000000
Iter 100 of 180 Loss: 0.000013, L1(Flow): 0.000013, Reg: 0.000000
Iter 110 of 180 Loss: 0.000011, L1(Flow): 0.000011, Reg: 0.000000
Iter 120 of 180 Loss: 0.000013, L1(Flow): 0.000013, Reg: 0.000000
Iter 130 of 180 Loss: 0.000012, L1(Flow): 0.000012, Reg: 0.000000
Iter 140 of 180 Loss: 0.000010, L1(Flow): 0.000010, Reg: 0.000000
Iter 150 of 180 Loss: 0.000014, L1(Flow): 0.000014, Reg: 0.000000
Iter 160 of 180 Loss: 0.000013, L1(Flow): 0.000013, Reg: 0.000000
Iter 170 of 180 Loss: 0.000010, L1(Flow): 0.000010, Reg: 0.000000
Iter 180 of 180 Loss: 0.000014, L1(Flow): 0.000014, Reg: 0.000000
Epoch 124 Loss: 0.000012
Epoch 124 Validation: Mean EPE: 0.0000, Mean SSIM: 1.0000, Mean ZNCC: 1.0000
Epoch 125 starts
Iter 10 of 180 Loss: 0.000012, L1(Flow): 0.000012, Reg: 0.000000
Iter 20 of 180 Loss: 0.000011, L1(Flow): 0.000011, Reg: 0.000000
Iter 30 of 180 Loss: 0.000014, L1(Flow): 0.000014, Reg: 0.000000
Iter 40 of 180 Loss: 0.000013, L1(Flow): 0.000013, Reg: 0.000000
Iter 50 of 180 Loss: 0.000010, L1(Flow): 0.000010, Reg: 0.000000
Iter 60 of 180 Loss: 0.000014, L1(Flow): 0.000014, Reg: 0.000000
Iter 70 of 180 Loss: 0.000013, L1(Flow): 0.000013, Reg: 0.000000
Iter 80 of 180 Loss: 0.000011, L1(Flow): 0.000011, Reg: 0.000000
Iter 90 of 180 Loss: 0.000014, L1(Flow): 0.000014, Reg: 0.000000
Iter 100 of 180 Loss: 0.000013, L1(Flow): 0.000013, Reg: 0.000000
Iter 110 of 180 Loss: 0.000010, L1(Flow): 0.000010, Reg: 0.000000
Iter 120 of 180 Loss: 0.000014, L1(Flow): 0.000014, Reg: 0.000000
Iter 130 of 180 Loss: 0.000013, L1(Flow): 0.000013, Reg: 0.000000
Iter 140 of 180 Loss: 0.000011, L1(Flow): 0.000011, Reg: 0.000000
Iter 150 of 180 Loss: 0.000014, L1(Flow): 0.000014, Reg: 0.000000
Iter 160 of 180 Loss: 0.000012, L1(Flow): 0.000012, Reg: 0.000000
Iter 170 of 180 Loss: 0.000010, L1(Flow): 0.000010, Reg: 0.000000
Iter 180 of 180 Loss: 0.000013, L1(Flow): 0.000013, Reg: 0.000000
Epoch 125 Loss: 0.000012
Epoch 125 Validation: Mean EPE: 0.0000, Mean SSIM: 1.0000, Mean ZNCC: 1.0000
Epoch 126 starts
Iter 10 of 180 Loss: 0.000013, L1(Flow): 0.000013, Reg: 0.000000
Iter 20 of 180 Loss: 0.000011, L1(Flow): 0.000011, Reg: 0.000000
Iter 30 of 180 Loss: 0.000014, L1(Flow): 0.000014, Reg: 0.000000
Iter 40 of 180 Loss: 0.000013, L1(Flow): 0.000013, Reg: 0.000000
Iter 50 of 180 Loss: 0.000010, L1(Flow): 0.000010, Reg: 0.000000
Iter 60 of 180 Loss: 0.000014, L1(Flow): 0.000014, Reg: 0.000000
Iter 70 of 180 Loss: 0.000013, L1(Flow): 0.000013, Reg: 0.000000
Iter 80 of 180 Loss: 0.000010, L1(Flow): 0.000010, Reg: 0.000000
Iter 90 of 180 Loss: 0.000014, L1(Flow): 0.000014, Reg: 0.000000
Iter 100 of 180 Loss: 0.000013, L1(Flow): 0.000013, Reg: 0.000000
Iter 110 of 180 Loss: 0.000010, L1(Flow): 0.000010, Reg: 0.000000
Iter 120 of 180 Loss: 0.000013, L1(Flow): 0.000013, Reg: 0.000000
Iter 130 of 180 Loss: 0.000013, L1(Flow): 0.000013, Reg: 0.000000
Iter 140 of 180 Loss: 0.000010, L1(Flow): 0.000010, Reg: 0.000000
Iter 150 of 180 Loss: 0.000014, L1(Flow): 0.000014, Reg: 0.000000
Iter 160 of 180 Loss: 0.000013, L1(Flow): 0.000013, Reg: 0.000000
Iter 170 of 180 Loss: 0.000010, L1(Flow): 0.000010, Reg: 0.000000
Iter 180 of 180 Loss: 0.000014, L1(Flow): 0.000014, Reg: 0.000000
Epoch 126 Loss: 0.000012
Epoch 126 Validation: Mean EPE: 0.0000, Mean SSIM: 1.0000, Mean ZNCC: 1.0000
Epoch 127 starts
Iter 10 of 180 Loss: 0.000014, L1(Flow): 0.000014, Reg: 0.000000
Iter 20 of 180 Loss: 0.000010, L1(Flow): 0.000010, Reg: 0.000000
Iter 30 of 180 Loss: 0.000013, L1(Flow): 0.000013, Reg: 0.000000
Iter 40 of 180 Loss: 0.000013, L1(Flow): 0.000013, Reg: 0.000000
Iter 50 of 180 Loss: 0.000010, L1(Flow): 0.000010, Reg: 0.000000
Iter 60 of 180 Loss: 0.000012, L1(Flow): 0.000012, Reg: 0.000000
Iter 70 of 180 Loss: 0.000015, L1(Flow): 0.000015, Reg: 0.000000
Iter 80 of 180 Loss: 0.000009, L1(Flow): 0.000009, Reg: 0.000000
Iter 90 of 180 Loss: 0.000014, L1(Flow): 0.000014, Reg: 0.000000
Iter 100 of 180 Loss: 0.000013, L1(Flow): 0.000013, Reg: 0.000000
Iter 110 of 180 Loss: 0.000010, L1(Flow): 0.000010, Reg: 0.000000
Iter 120 of 180 Loss: 0.000013, L1(Flow): 0.000013, Reg: 0.000000
Iter 130 of 180 Loss: 0.000012, L1(Flow): 0.000012, Reg: 0.000000
Iter 140 of 180 Loss: 0.000011, L1(Flow): 0.000011, Reg: 0.000000
Iter 150 of 180 Loss: 0.000014, L1(Flow): 0.000014, Reg: 0.000000
Iter 160 of 180 Loss: 0.000014, L1(Flow): 0.000014, Reg: 0.000000
Iter 170 of 180 Loss: 0.000010, L1(Flow): 0.000010, Reg: 0.000000
Iter 180 of 180 Loss: 0.000016, L1(Flow): 0.000016, Reg: 0.000000
Epoch 127 Loss: 0.000012
Epoch 127 Validation: Mean EPE: 0.0000, Mean SSIM: 1.0000, Mean ZNCC: 1.0000
Epoch 128 starts
Iter 10 of 180 Loss: 0.000014, L1(Flow): 0.000014, Reg: 0.000000
Iter 20 of 180 Loss: 0.000010, L1(Flow): 0.000010, Reg: 0.000000
Iter 30 of 180 Loss: 0.000013, L1(Flow): 0.000013, Reg: 0.000000
Iter 40 of 180 Loss: 0.000013, L1(Flow): 0.000013, Reg: 0.000000
Iter 50 of 180 Loss: 0.000011, L1(Flow): 0.000011, Reg: 0.000000
Iter 60 of 180 Loss: 0.000014, L1(Flow): 0.000014, Reg: 0.000000
Iter 70 of 180 Loss: 0.000012, L1(Flow): 0.000012, Reg: 0.000000
Iter 80 of 180 Loss: 0.000010, L1(Flow): 0.000010, Reg: 0.000000
Iter 90 of 180 Loss: 0.000014, L1(Flow): 0.000014, Reg: 0.000000
Iter 100 of 180 Loss: 0.000012, L1(Flow): 0.000012, Reg: 0.000000
Iter 110 of 180 Loss: 0.000010, L1(Flow): 0.000010, Reg: 0.000000
Iter 120 of 180 Loss: 0.000013, L1(Flow): 0.000013, Reg: 0.000000
Iter 130 of 180 Loss: 0.000014, L1(Flow): 0.000014, Reg: 0.000000
Iter 140 of 180 Loss: 0.000010, L1(Flow): 0.000010, Reg: 0.000000
Iter 150 of 180 Loss: 0.000013, L1(Flow): 0.000013, Reg: 0.000000
Iter 160 of 180 Loss: 0.000012, L1(Flow): 0.000012, Reg: 0.000000
Iter 170 of 180 Loss: 0.000010, L1(Flow): 0.000010, Reg: 0.000000
Iter 180 of 180 Loss: 0.000015, L1(Flow): 0.000015, Reg: 0.000000
Epoch 128 Loss: 0.000012
Epoch 128 Validation: Mean EPE: 0.0000, Mean SSIM: 1.0000, Mean ZNCC: 1.0000
Epoch 129 starts
Iter 10 of 180 Loss: 0.000013, L1(Flow): 0.000013, Reg: 0.000000
Iter 20 of 180 Loss: 0.000010, L1(Flow): 0.000010, Reg: 0.000000
Iter 30 of 180 Loss: 0.000013, L1(Flow): 0.000013, Reg: 0.000000
Iter 40 of 180 Loss: 0.000013, L1(Flow): 0.000013, Reg: 0.000000
Iter 50 of 180 Loss: 0.000011, L1(Flow): 0.000011, Reg: 0.000000
Iter 60 of 180 Loss: 0.000013, L1(Flow): 0.000013, Reg: 0.000000
Iter 70 of 180 Loss: 0.000013, L1(Flow): 0.000013, Reg: 0.000000
Iter 80 of 180 Loss: 0.000010, L1(Flow): 0.000010, Reg: 0.000000
Iter 90 of 180 Loss: 0.000014, L1(Flow): 0.000014, Reg: 0.000000
Iter 100 of 180 Loss: 0.000012, L1(Flow): 0.000012, Reg: 0.000000
Iter 110 of 180 Loss: 0.000009, L1(Flow): 0.000009, Reg: 0.000000
Iter 120 of 180 Loss: 0.000013, L1(Flow): 0.000013, Reg: 0.000000
Iter 130 of 180 Loss: 0.000014, L1(Flow): 0.000014, Reg: 0.000000
Iter 140 of 180 Loss: 0.000009, L1(Flow): 0.000009, Reg: 0.000000
Iter 150 of 180 Loss: 0.000013, L1(Flow): 0.000013, Reg: 0.000000
Iter 160 of 180 Loss: 0.000014, L1(Flow): 0.000014, Reg: 0.000000
Iter 170 of 180 Loss: 0.000010, L1(Flow): 0.000010, Reg: 0.000000
Iter 180 of 180 Loss: 0.000013, L1(Flow): 0.000013, Reg: 0.000000
Epoch 129 Loss: 0.000012
Epoch 129 Validation: Mean EPE: 0.0000, Mean SSIM: 1.0000, Mean ZNCC: 1.0000
Epoch 130 starts
Iter 10 of 180 Loss: 0.000012, L1(Flow): 0.000012, Reg: 0.000000
Iter 20 of 180 Loss: 0.000009, L1(Flow): 0.000009, Reg: 0.000000
Iter 30 of 180 Loss: 0.000014, L1(Flow): 0.000014, Reg: 0.000000
Iter 40 of 180 Loss: 0.000013, L1(Flow): 0.000013, Reg: 0.000000
Iter 50 of 180 Loss: 0.000010, L1(Flow): 0.000010, Reg: 0.000000
Iter 60 of 180 Loss: 0.000015, L1(Flow): 0.000015, Reg: 0.000000
Iter 70 of 180 Loss: 0.000012, L1(Flow): 0.000012, Reg: 0.000000
Iter 80 of 180 Loss: 0.000009, L1(Flow): 0.000009, Reg: 0.000000
Iter 90 of 180 Loss: 0.000014, L1(Flow): 0.000014, Reg: 0.000000
Iter 100 of 180 Loss: 0.000012, L1(Flow): 0.000012, Reg: 0.000000
Iter 110 of 180 Loss: 0.000010, L1(Flow): 0.000010, Reg: 0.000000
Iter 120 of 180 Loss: 0.000013, L1(Flow): 0.000013, Reg: 0.000000
Iter 130 of 180 Loss: 0.000013, L1(Flow): 0.000013, Reg: 0.000000
Iter 140 of 180 Loss: 0.000011, L1(Flow): 0.000011, Reg: 0.000000
Iter 150 of 180 Loss: 0.000014, L1(Flow): 0.000014, Reg: 0.000000
Iter 160 of 180 Loss: 0.000012, L1(Flow): 0.000012, Reg: 0.000000
Iter 170 of 180 Loss: 0.000010, L1(Flow): 0.000010, Reg: 0.000000
Iter 180 of 180 Loss: 0.000014, L1(Flow): 0.000014, Reg: 0.000000
Epoch 130 Loss: 0.000012
Epoch 130 Validation: Mean EPE: 0.0000, Mean SSIM: 1.0000, Mean ZNCC: 1.0000
Epoch 131 starts
Iter 10 of 180 Loss: 0.000013, L1(Flow): 0.000013, Reg: 0.000000
Iter 20 of 180 Loss: 0.000009, L1(Flow): 0.000009, Reg: 0.000000
Iter 30 of 180 Loss: 0.000013, L1(Flow): 0.000013, Reg: 0.000000
Iter 40 of 180 Loss: 0.000013, L1(Flow): 0.000013, Reg: 0.000000
Iter 50 of 180 Loss: 0.000010, L1(Flow): 0.000010, Reg: 0.000000
Iter 60 of 180 Loss: 0.000013, L1(Flow): 0.000013, Reg: 0.000000
Iter 70 of 180 Loss: 0.000012, L1(Flow): 0.000012, Reg: 0.000000
Iter 80 of 180 Loss: 0.000010, L1(Flow): 0.000010, Reg: 0.000000
Iter 90 of 180 Loss: 0.000014, L1(Flow): 0.000014, Reg: 0.000000
Iter 100 of 180 Loss: 0.000012, L1(Flow): 0.000012, Reg: 0.000000
Iter 110 of 180 Loss: 0.000010, L1(Flow): 0.000010, Reg: 0.000000
Iter 120 of 180 Loss: 0.000014, L1(Flow): 0.000014, Reg: 0.000000
Iter 130 of 180 Loss: 0.000012, L1(Flow): 0.000012, Reg: 0.000000
Iter 140 of 180 Loss: 0.000011, L1(Flow): 0.000011, Reg: 0.000000
Iter 150 of 180 Loss: 0.000013, L1(Flow): 0.000013, Reg: 0.000000
Iter 160 of 180 Loss: 0.000012, L1(Flow): 0.000012, Reg: 0.000000
Iter 170 of 180 Loss: 0.000011, L1(Flow): 0.000011, Reg: 0.000000
Iter 180 of 180 Loss: 0.000013, L1(Flow): 0.000013, Reg: 0.000000
Epoch 131 Loss: 0.000012
Epoch 131 Validation: Mean EPE: 0.0000, Mean SSIM: 1.0000, Mean ZNCC: 1.0000
Epoch 132 starts
Iter 10 of 180 Loss: 0.000011, L1(Flow): 0.000011, Reg: 0.000000
Iter 20 of 180 Loss: 0.000010, L1(Flow): 0.000010, Reg: 0.000000
Iter 30 of 180 Loss: 0.000014, L1(Flow): 0.000014, Reg: 0.000000
Iter 40 of 180 Loss: 0.000012, L1(Flow): 0.000012, Reg: 0.000000
Iter 50 of 180 Loss: 0.000010, L1(Flow): 0.000010, Reg: 0.000000
Iter 60 of 180 Loss: 0.000013, L1(Flow): 0.000013, Reg: 0.000000
Iter 70 of 180 Loss: 0.000012, L1(Flow): 0.000012, Reg: 0.000000
Iter 80 of 180 Loss: 0.000009, L1(Flow): 0.000009, Reg: 0.000000
Iter 90 of 180 Loss: 0.000015, L1(Flow): 0.000015, Reg: 0.000000
Iter 100 of 180 Loss: 0.000012, L1(Flow): 0.000012, Reg: 0.000000
Iter 110 of 180 Loss: 0.000010, L1(Flow): 0.000010, Reg: 0.000000
Iter 120 of 180 Loss: 0.000014, L1(Flow): 0.000014, Reg: 0.000000
Iter 130 of 180 Loss: 0.000012, L1(Flow): 0.000012, Reg: 0.000000
Iter 140 of 180 Loss: 0.000009, L1(Flow): 0.000009, Reg: 0.000000
Iter 150 of 180 Loss: 0.000014, L1(Flow): 0.000014, Reg: 0.000000
Iter 160 of 180 Loss: 0.000012, L1(Flow): 0.000012, Reg: 0.000000
Iter 170 of 180 Loss: 0.000010, L1(Flow): 0.000010, Reg: 0.000000
Iter 180 of 180 Loss: 0.000013, L1(Flow): 0.000013, Reg: 0.000000
Epoch 132 Loss: 0.000012
Epoch 132 Validation: Mean EPE: 0.0000, Mean SSIM: 1.0000, Mean ZNCC: 1.0000
Epoch 133 starts
Iter 10 of 180 Loss: 0.000012, L1(Flow): 0.000012, Reg: 0.000000
Iter 20 of 180 Loss: 0.000010, L1(Flow): 0.000010, Reg: 0.000000
Iter 30 of 180 Loss: 0.000014, L1(Flow): 0.000014, Reg: 0.000000
Iter 40 of 180 Loss: 0.000012, L1(Flow): 0.000012, Reg: 0.000000
Iter 50 of 180 Loss: 0.000009, L1(Flow): 0.000009, Reg: 0.000000
Iter 60 of 180 Loss: 0.000013, L1(Flow): 0.000013, Reg: 0.000000
Iter 70 of 180 Loss: 0.000012, L1(Flow): 0.000012, Reg: 0.000000
Iter 80 of 180 Loss: 0.000011, L1(Flow): 0.000011, Reg: 0.000000
Iter 90 of 180 Loss: 0.000014, L1(Flow): 0.000014, Reg: 0.000000
Iter 100 of 180 Loss: 0.000013, L1(Flow): 0.000013, Reg: 0.000000
Iter 110 of 180 Loss: 0.000010, L1(Flow): 0.000010, Reg: 0.000000
Iter 120 of 180 Loss: 0.000013, L1(Flow): 0.000013, Reg: 0.000000
Iter 130 of 180 Loss: 0.000012, L1(Flow): 0.000012, Reg: 0.000000
Iter 140 of 180 Loss: 0.000010, L1(Flow): 0.000010, Reg: 0.000000
Iter 150 of 180 Loss: 0.000014, L1(Flow): 0.000014, Reg: 0.000000
Iter 160 of 180 Loss: 0.000012, L1(Flow): 0.000012, Reg: 0.000000
Iter 170 of 180 Loss: 0.000011, L1(Flow): 0.000011, Reg: 0.000000
Iter 180 of 180 Loss: 0.000012, L1(Flow): 0.000012, Reg: 0.000000
Epoch 133 Loss: 0.000012
Epoch 133 Validation: Mean EPE: 0.0000, Mean SSIM: 1.0000, Mean ZNCC: 1.0000
Epoch 134 starts
Iter 10 of 180 Loss: 0.000013, L1(Flow): 0.000013, Reg: 0.000000
Iter 20 of 180 Loss: 0.000010, L1(Flow): 0.000010, Reg: 0.000000
Iter 30 of 180 Loss: 0.000014, L1(Flow): 0.000014, Reg: 0.000000
Iter 40 of 180 Loss: 0.000012, L1(Flow): 0.000012, Reg: 0.000000
Iter 50 of 180 Loss: 0.000009, L1(Flow): 0.000009, Reg: 0.000000
Iter 60 of 180 Loss: 0.000013, L1(Flow): 0.000013, Reg: 0.000000
Iter 70 of 180 Loss: 0.000013, L1(Flow): 0.000013, Reg: 0.000000
Iter 80 of 180 Loss: 0.000011, L1(Flow): 0.000011, Reg: 0.000000
Iter 90 of 180 Loss: 0.000014, L1(Flow): 0.000014, Reg: 0.000000
Iter 100 of 180 Loss: 0.000013, L1(Flow): 0.000013, Reg: 0.000000
Iter 110 of 180 Loss: 0.000011, L1(Flow): 0.000011, Reg: 0.000000
Iter 120 of 180 Loss: 0.000013, L1(Flow): 0.000013, Reg: 0.000000
Iter 130 of 180 Loss: 0.000012, L1(Flow): 0.000012, Reg: 0.000000
Iter 140 of 180 Loss: 0.000010, L1(Flow): 0.000010, Reg: 0.000000
Iter 150 of 180 Loss: 0.000015, L1(Flow): 0.000015, Reg: 0.000000
Iter 160 of 180 Loss: 0.000014, L1(Flow): 0.000014, Reg: 0.000000
Iter 170 of 180 Loss: 0.000010, L1(Flow): 0.000010, Reg: 0.000000
Iter 180 of 180 Loss: 0.000016, L1(Flow): 0.000016, Reg: 0.000000
Epoch 134 Loss: 0.000012
Epoch 134 Validation: Mean EPE: 0.0000, Mean SSIM: 1.0000, Mean ZNCC: 1.0000
Epoch 135 starts
Iter 10 of 180 Loss: 0.000012, L1(Flow): 0.000012, Reg: 0.000000
Iter 20 of 180 Loss: 0.000011, L1(Flow): 0.000011, Reg: 0.000000
Iter 30 of 180 Loss: 0.000014, L1(Flow): 0.000014, Reg: 0.000000
Iter 40 of 180 Loss: 0.000012, L1(Flow): 0.000012, Reg: 0.000000
Iter 50 of 180 Loss: 0.000011, L1(Flow): 0.000011, Reg: 0.000000
Iter 60 of 180 Loss: 0.000014, L1(Flow): 0.000014, Reg: 0.000000
Iter 70 of 180 Loss: 0.000012, L1(Flow): 0.000012, Reg: 0.000000
Iter 80 of 180 Loss: 0.000011, L1(Flow): 0.000011, Reg: 0.000000
Iter 90 of 180 Loss: 0.000013, L1(Flow): 0.000013, Reg: 0.000000
Iter 100 of 180 Loss: 0.000012, L1(Flow): 0.000012, Reg: 0.000000
Iter 110 of 180 Loss: 0.000010, L1(Flow): 0.000010, Reg: 0.000000
Iter 120 of 180 Loss: 0.000013, L1(Flow): 0.000013, Reg: 0.000000
Iter 130 of 180 Loss: 0.000012, L1(Flow): 0.000012, Reg: 0.000000
Iter 140 of 180 Loss: 0.000010, L1(Flow): 0.000010, Reg: 0.000000
Iter 150 of 180 Loss: 0.000014, L1(Flow): 0.000014, Reg: 0.000000
Iter 160 of 180 Loss: 0.000012, L1(Flow): 0.000012, Reg: 0.000000
Iter 170 of 180 Loss: 0.000009, L1(Flow): 0.000009, Reg: 0.000000
Iter 180 of 180 Loss: 0.000014, L1(Flow): 0.000014, Reg: 0.000000
Epoch 135 Loss: 0.000012
Epoch 135 Validation: Mean EPE: 0.0000, Mean SSIM: 1.0000, Mean ZNCC: 1.0000
Epoch 136 starts
Iter 10 of 180 Loss: 0.000013, L1(Flow): 0.000013, Reg: 0.000000
Iter 20 of 180 Loss: 0.000011, L1(Flow): 0.000011, Reg: 0.000000
Iter 30 of 180 Loss: 0.000014, L1(Flow): 0.000014, Reg: 0.000000
Iter 40 of 180 Loss: 0.000012, L1(Flow): 0.000012, Reg: 0.000000
Iter 50 of 180 Loss: 0.000011, L1(Flow): 0.000011, Reg: 0.000000
Iter 60 of 180 Loss: 0.000013, L1(Flow): 0.000013, Reg: 0.000000
Iter 70 of 180 Loss: 0.000012, L1(Flow): 0.000012, Reg: 0.000000
Iter 80 of 180 Loss: 0.000010, L1(Flow): 0.000010, Reg: 0.000000
Iter 90 of 180 Loss: 0.000014, L1(Flow): 0.000014, Reg: 0.000000
Iter 100 of 180 Loss: 0.000013, L1(Flow): 0.000013, Reg: 0.000000
Iter 110 of 180 Loss: 0.000009, L1(Flow): 0.000009, Reg: 0.000000
Iter 120 of 180 Loss: 0.000014, L1(Flow): 0.000014, Reg: 0.000000
Iter 130 of 180 Loss: 0.000011, L1(Flow): 0.000011, Reg: 0.000000
Iter 140 of 180 Loss: 0.000010, L1(Flow): 0.000010, Reg: 0.000000
Iter 150 of 180 Loss: 0.000014, L1(Flow): 0.000014, Reg: 0.000000
Iter 160 of 180 Loss: 0.000012, L1(Flow): 0.000012, Reg: 0.000000
Iter 170 of 180 Loss: 0.000009, L1(Flow): 0.000009, Reg: 0.000000
Iter 180 of 180 Loss: 0.000014, L1(Flow): 0.000014, Reg: 0.000000
Epoch 136 Loss: 0.000012
Epoch 136 Validation: Mean EPE: 0.0000, Mean SSIM: 1.0000, Mean ZNCC: 1.0000
Epoch 137 starts
Iter 10 of 180 Loss: 0.000013, L1(Flow): 0.000013, Reg: 0.000000
Iter 20 of 180 Loss: 0.000009, L1(Flow): 0.000009, Reg: 0.000000
Iter 30 of 180 Loss: 0.000014, L1(Flow): 0.000014, Reg: 0.000000
Iter 40 of 180 Loss: 0.000013, L1(Flow): 0.000013, Reg: 0.000000
Iter 50 of 180 Loss: 0.000010, L1(Flow): 0.000010, Reg: 0.000000
Iter 60 of 180 Loss: 0.000015, L1(Flow): 0.000015, Reg: 0.000000
Iter 70 of 180 Loss: 0.000013, L1(Flow): 0.000013, Reg: 0.000000
Iter 80 of 180 Loss: 0.000011, L1(Flow): 0.000011, Reg: 0.000000
Iter 90 of 180 Loss: 0.000014, L1(Flow): 0.000014, Reg: 0.000000
Iter 100 of 180 Loss: 0.000013, L1(Flow): 0.000013, Reg: 0.000000
Iter 110 of 180 Loss: 0.000010, L1(Flow): 0.000010, Reg: 0.000000
Iter 120 of 180 Loss: 0.000014, L1(Flow): 0.000014, Reg: 0.000000
Iter 130 of 180 Loss: 0.000012, L1(Flow): 0.000012, Reg: 0.000000
Iter 140 of 180 Loss: 0.000010, L1(Flow): 0.000010, Reg: 0.000000
Iter 150 of 180 Loss: 0.000015, L1(Flow): 0.000015, Reg: 0.000000
Iter 160 of 180 Loss: 0.000011, L1(Flow): 0.000011, Reg: 0.000000
Iter 170 of 180 Loss: 0.000010, L1(Flow): 0.000010, Reg: 0.000000
Iter 180 of 180 Loss: 0.000013, L1(Flow): 0.000013, Reg: 0.000000
Epoch 137 Loss: 0.000012
Epoch 137 Validation: Mean EPE: 0.0000, Mean SSIM: 1.0000, Mean ZNCC: 1.0000
Epoch 138 starts
Iter 10 of 180 Loss: 0.000012, L1(Flow): 0.000012, Reg: 0.000000
Iter 20 of 180 Loss: 0.000010, L1(Flow): 0.000010, Reg: 0.000000
Iter 30 of 180 Loss: 0.000014, L1(Flow): 0.000014, Reg: 0.000000
Iter 40 of 180 Loss: 0.000012, L1(Flow): 0.000012, Reg: 0.000000
Iter 50 of 180 Loss: 0.000009, L1(Flow): 0.000009, Reg: 0.000000
Iter 60 of 180 Loss: 0.000013, L1(Flow): 0.000013, Reg: 0.000000
Iter 70 of 180 Loss: 0.000012, L1(Flow): 0.000012, Reg: 0.000000
Iter 80 of 180 Loss: 0.000011, L1(Flow): 0.000011, Reg: 0.000000
Iter 90 of 180 Loss: 0.000014, L1(Flow): 0.000014, Reg: 0.000000
Iter 100 of 180 Loss: 0.000013, L1(Flow): 0.000013, Reg: 0.000000
Iter 110 of 180 Loss: 0.000010, L1(Flow): 0.000010, Reg: 0.000000
Iter 120 of 180 Loss: 0.000015, L1(Flow): 0.000015, Reg: 0.000000
Iter 130 of 180 Loss: 0.000012, L1(Flow): 0.000012, Reg: 0.000000
Iter 140 of 180 Loss: 0.000011, L1(Flow): 0.000011, Reg: 0.000000
Iter 150 of 180 Loss: 0.000013, L1(Flow): 0.000013, Reg: 0.000000
Iter 160 of 180 Loss: 0.000012, L1(Flow): 0.000012, Reg: 0.000000
Iter 170 of 180 Loss: 0.000010, L1(Flow): 0.000010, Reg: 0.000000
Iter 180 of 180 Loss: 0.000013, L1(Flow): 0.000013, Reg: 0.000000
Epoch 138 Loss: 0.000012
Epoch 138 Validation: Mean EPE: 0.0000, Mean SSIM: 1.0000, Mean ZNCC: 1.0000
Epoch 139 starts
Iter 10 of 180 Loss: 0.000012, L1(Flow): 0.000012, Reg: 0.000000
Iter 20 of 180 Loss: 0.000009, L1(Flow): 0.000009, Reg: 0.000000
Iter 30 of 180 Loss: 0.000013, L1(Flow): 0.000013, Reg: 0.000000
Iter 40 of 180 Loss: 0.000012, L1(Flow): 0.000012, Reg: 0.000000
Iter 50 of 180 Loss: 0.000010, L1(Flow): 0.000010, Reg: 0.000000
Iter 60 of 180 Loss: 0.000014, L1(Flow): 0.000014, Reg: 0.000000
Iter 70 of 180 Loss: 0.000012, L1(Flow): 0.000012, Reg: 0.000000
Iter 80 of 180 Loss: 0.000011, L1(Flow): 0.000011, Reg: 0.000000
Iter 90 of 180 Loss: 0.000014, L1(Flow): 0.000014, Reg: 0.000000
Iter 100 of 180 Loss: 0.000012, L1(Flow): 0.000012, Reg: 0.000000
Iter 110 of 180 Loss: 0.000009, L1(Flow): 0.000009, Reg: 0.000000
Iter 120 of 180 Loss: 0.000013, L1(Flow): 0.000013, Reg: 0.000000
Iter 130 of 180 Loss: 0.000012, L1(Flow): 0.000012, Reg: 0.000000
Iter 140 of 180 Loss: 0.000010, L1(Flow): 0.000010, Reg: 0.000000
Iter 150 of 180 Loss: 0.000015, L1(Flow): 0.000015, Reg: 0.000000
Iter 160 of 180 Loss: 0.000012, L1(Flow): 0.000012, Reg: 0.000000
Iter 170 of 180 Loss: 0.000009, L1(Flow): 0.000009, Reg: 0.000000
Iter 180 of 180 Loss: 0.000014, L1(Flow): 0.000014, Reg: 0.000000
Epoch 139 Loss: 0.000012
Epoch 139 Validation: Mean EPE: 0.0000, Mean SSIM: 1.0000, Mean ZNCC: 1.0000
Epoch 140 starts
Iter 10 of 180 Loss: 0.000012, L1(Flow): 0.000012, Reg: 0.000000
Iter 20 of 180 Loss: 0.000010, L1(Flow): 0.000010, Reg: 0.000000
Iter 30 of 180 Loss: 0.000014, L1(Flow): 0.000014, Reg: 0.000000
Iter 40 of 180 Loss: 0.000012, L1(Flow): 0.000012, Reg: 0.000000
Iter 50 of 180 Loss: 0.000009, L1(Flow): 0.000009, Reg: 0.000000
Iter 60 of 180 Loss: 0.000015, L1(Flow): 0.000015, Reg: 0.000000
Iter 70 of 180 Loss: 0.000013, L1(Flow): 0.000013, Reg: 0.000000
Iter 80 of 180 Loss: 0.000010, L1(Flow): 0.000010, Reg: 0.000000
Iter 90 of 180 Loss: 0.000014, L1(Flow): 0.000014, Reg: 0.000000
Iter 100 of 180 Loss: 0.000011, L1(Flow): 0.000011, Reg: 0.000000
Iter 110 of 180 Loss: 0.000010, L1(Flow): 0.000010, Reg: 0.000000
Iter 120 of 180 Loss: 0.000015, L1(Flow): 0.000015, Reg: 0.000000
Iter 130 of 180 Loss: 0.000011, L1(Flow): 0.000011, Reg: 0.000000
Iter 140 of 180 Loss: 0.000009, L1(Flow): 0.000009, Reg: 0.000000
Iter 150 of 180 Loss: 0.000014, L1(Flow): 0.000014, Reg: 0.000000
Iter 160 of 180 Loss: 0.000012, L1(Flow): 0.000012, Reg: 0.000000
Iter 170 of 180 Loss: 0.000010, L1(Flow): 0.000010, Reg: 0.000000
Iter 180 of 180 Loss: 0.000014, L1(Flow): 0.000014, Reg: 0.000000
Epoch 140 Loss: 0.000012
Epoch 140 Validation: Mean EPE: 0.0000, Mean SSIM: 1.0000, Mean ZNCC: 1.0000
Epoch 141 starts
Iter 10 of 180 Loss: 0.000012, L1(Flow): 0.000012, Reg: 0.000000
Iter 20 of 180 Loss: 0.000010, L1(Flow): 0.000010, Reg: 0.000000
Iter 30 of 180 Loss: 0.000014, L1(Flow): 0.000014, Reg: 0.000000
Iter 40 of 180 Loss: 0.000013, L1(Flow): 0.000013, Reg: 0.000000
Iter 50 of 180 Loss: 0.000010, L1(Flow): 0.000010, Reg: 0.000000
Iter 60 of 180 Loss: 0.000014, L1(Flow): 0.000014, Reg: 0.000000
Iter 70 of 180 Loss: 0.000012, L1(Flow): 0.000012, Reg: 0.000000
Iter 80 of 180 Loss: 0.000010, L1(Flow): 0.000010, Reg: 0.000000
Iter 90 of 180 Loss: 0.000014, L1(Flow): 0.000014, Reg: 0.000000
Iter 100 of 180 Loss: 0.000012, L1(Flow): 0.000012, Reg: 0.000000
Iter 110 of 180 Loss: 0.000010, L1(Flow): 0.000010, Reg: 0.000000
Iter 120 of 180 Loss: 0.000014, L1(Flow): 0.000014, Reg: 0.000000
Iter 130 of 180 Loss: 0.000012, L1(Flow): 0.000012, Reg: 0.000000
Iter 140 of 180 Loss: 0.000009, L1(Flow): 0.000009, Reg: 0.000000
Iter 150 of 180 Loss: 0.000013, L1(Flow): 0.000013, Reg: 0.000000
Iter 160 of 180 Loss: 0.000012, L1(Flow): 0.000012, Reg: 0.000000
Iter 170 of 180 Loss: 0.000010, L1(Flow): 0.000010, Reg: 0.000000
Iter 180 of 180 Loss: 0.000013, L1(Flow): 0.000013, Reg: 0.000000
Epoch 141 Loss: 0.000012
Epoch 141 Validation: Mean EPE: 0.0000, Mean SSIM: 1.0000, Mean ZNCC: 1.0000
Epoch 142 starts
Iter 10 of 180 Loss: 0.000012, L1(Flow): 0.000012, Reg: 0.000000
Iter 20 of 180 Loss: 0.000008, L1(Flow): 0.000008, Reg: 0.000000
Iter 30 of 180 Loss: 0.000014, L1(Flow): 0.000014, Reg: 0.000000
Iter 40 of 180 Loss: 0.000011, L1(Flow): 0.000011, Reg: 0.000000
Iter 50 of 180 Loss: 0.000009, L1(Flow): 0.000009, Reg: 0.000000
Iter 60 of 180 Loss: 0.000013, L1(Flow): 0.000013, Reg: 0.000000
Iter 70 of 180 Loss: 0.000012, L1(Flow): 0.000012, Reg: 0.000000
Iter 80 of 180 Loss: 0.000009, L1(Flow): 0.000009, Reg: 0.000000
Iter 90 of 180 Loss: 0.000013, L1(Flow): 0.000013, Reg: 0.000000
Iter 100 of 180 Loss: 0.000013, L1(Flow): 0.000013, Reg: 0.000000
Iter 110 of 180 Loss: 0.000010, L1(Flow): 0.000010, Reg: 0.000000
Iter 120 of 180 Loss: 0.000013, L1(Flow): 0.000013, Reg: 0.000000
Iter 130 of 180 Loss: 0.000012, L1(Flow): 0.000012, Reg: 0.000000
Iter 140 of 180 Loss: 0.000009, L1(Flow): 0.000009, Reg: 0.000000
Iter 150 of 180 Loss: 0.000012, L1(Flow): 0.000012, Reg: 0.000000
Iter 160 of 180 Loss: 0.000014, L1(Flow): 0.000014, Reg: 0.000000
Iter 170 of 180 Loss: 0.000010, L1(Flow): 0.000010, Reg: 0.000000
Iter 180 of 180 Loss: 0.000014, L1(Flow): 0.000014, Reg: 0.000000
Epoch 142 Loss: 0.000012
Epoch 142 Validation: Mean EPE: 0.0000, Mean SSIM: 1.0000, Mean ZNCC: 1.0000
Epoch 143 starts
Iter 10 of 180 Loss: 0.000012, L1(Flow): 0.000012, Reg: 0.000000
Iter 20 of 180 Loss: 0.000011, L1(Flow): 0.000011, Reg: 0.000000
Iter 30 of 180 Loss: 0.000013, L1(Flow): 0.000013, Reg: 0.000000
Iter 40 of 180 Loss: 0.000012, L1(Flow): 0.000012, Reg: 0.000000
Iter 50 of 180 Loss: 0.000010, L1(Flow): 0.000010, Reg: 0.000000
Iter 60 of 180 Loss: 0.000014, L1(Flow): 0.000014, Reg: 0.000000
Iter 70 of 180 Loss: 0.000012, L1(Flow): 0.000012, Reg: 0.000000
Iter 80 of 180 Loss: 0.000011, L1(Flow): 0.000011, Reg: 0.000000
Iter 90 of 180 Loss: 0.000014, L1(Flow): 0.000014, Reg: 0.000000
Iter 100 of 180 Loss: 0.000013, L1(Flow): 0.000013, Reg: 0.000000
Iter 110 of 180 Loss: 0.000010, L1(Flow): 0.000010, Reg: 0.000000
Iter 120 of 180 Loss: 0.000015, L1(Flow): 0.000015, Reg: 0.000000
Iter 130 of 180 Loss: 0.000012, L1(Flow): 0.000012, Reg: 0.000000
Iter 140 of 180 Loss: 0.000010, L1(Flow): 0.000010, Reg: 0.000000
Iter 150 of 180 Loss: 0.000014, L1(Flow): 0.000013, Reg: 0.000000
Iter 160 of 180 Loss: 0.000012, L1(Flow): 0.000012, Reg: 0.000000
Iter 170 of 180 Loss: 0.000009, L1(Flow): 0.000009, Reg: 0.000000
Iter 180 of 180 Loss: 0.000013, L1(Flow): 0.000013, Reg: 0.000000
Epoch 143 Loss: 0.000012
Epoch 143 Validation: Mean EPE: 0.0000, Mean SSIM: 1.0000, Mean ZNCC: 1.0000
Epoch 144 starts
Iter 10 of 180 Loss: 0.000012, L1(Flow): 0.000012, Reg: 0.000000
Iter 20 of 180 Loss: 0.000010, L1(Flow): 0.000010, Reg: 0.000000
Iter 30 of 180 Loss: 0.000013, L1(Flow): 0.000013, Reg: 0.000000
Iter 40 of 180 Loss: 0.000012, L1(Flow): 0.000012, Reg: 0.000000
Iter 50 of 180 Loss: 0.000010, L1(Flow): 0.000010, Reg: 0.000000
Iter 60 of 180 Loss: 0.000013, L1(Flow): 0.000013, Reg: 0.000000
Iter 70 of 180 Loss: 0.000012, L1(Flow): 0.000012, Reg: 0.000000
Iter 80 of 180 Loss: 0.000010, L1(Flow): 0.000010, Reg: 0.000000
Iter 90 of 180 Loss: 0.000014, L1(Flow): 0.000014, Reg: 0.000000
Iter 100 of 180 Loss: 0.000012, L1(Flow): 0.000012, Reg: 0.000000
Iter 110 of 180 Loss: 0.000010, L1(Flow): 0.000010, Reg: 0.000000
Iter 120 of 180 Loss: 0.000013, L1(Flow): 0.000013, Reg: 0.000000
Iter 130 of 180 Loss: 0.000011, L1(Flow): 0.000011, Reg: 0.000000
Iter 140 of 180 Loss: 0.000010, L1(Flow): 0.000010, Reg: 0.000000
Iter 150 of 180 Loss: 0.000015, L1(Flow): 0.000015, Reg: 0.000000
Iter 160 of 180 Loss: 0.000011, L1(Flow): 0.000011, Reg: 0.000000
Iter 170 of 180 Loss: 0.000009, L1(Flow): 0.000009, Reg: 0.000000
Iter 180 of 180 Loss: 0.000013, L1(Flow): 0.000013, Reg: 0.000000
Epoch 144 Loss: 0.000012
Epoch 144 Validation: Mean EPE: 0.0000, Mean SSIM: 1.0000, Mean ZNCC: 1.0000
Epoch 145 starts
Iter 10 of 180 Loss: 0.000013, L1(Flow): 0.000013, Reg: 0.000000
Iter 20 of 180 Loss: 0.000009, L1(Flow): 0.000009, Reg: 0.000000
Iter 30 of 180 Loss: 0.000015, L1(Flow): 0.000015, Reg: 0.000000
Iter 40 of 180 Loss: 0.000012, L1(Flow): 0.000012, Reg: 0.000000
Iter 50 of 180 Loss: 0.000010, L1(Flow): 0.000010, Reg: 0.000000
Iter 60 of 180 Loss: 0.000013, L1(Flow): 0.000013, Reg: 0.000000
Iter 70 of 180 Loss: 0.000013, L1(Flow): 0.000013, Reg: 0.000000
Iter 80 of 180 Loss: 0.000009, L1(Flow): 0.000009, Reg: 0.000000
Iter 90 of 180 Loss: 0.000014, L1(Flow): 0.000014, Reg: 0.000000
Iter 100 of 180 Loss: 0.000012, L1(Flow): 0.000012, Reg: 0.000000
Iter 110 of 180 Loss: 0.000011, L1(Flow): 0.000011, Reg: 0.000000
Iter 120 of 180 Loss: 0.000013, L1(Flow): 0.000013, Reg: 0.000000
Iter 130 of 180 Loss: 0.000011, L1(Flow): 0.000011, Reg: 0.000000
Iter 140 of 180 Loss: 0.000011, L1(Flow): 0.000011, Reg: 0.000000
Iter 150 of 180 Loss: 0.000013, L1(Flow): 0.000013, Reg: 0.000000
Iter 160 of 180 Loss: 0.000014, L1(Flow): 0.000014, Reg: 0.000000
Iter 170 of 180 Loss: 0.000009, L1(Flow): 0.000009, Reg: 0.000000
Iter 180 of 180 Loss: 0.000016, L1(Flow): 0.000016, Reg: 0.000000
Epoch 145 Loss: 0.000012
Epoch 145 Validation: Mean EPE: 0.0000, Mean SSIM: 1.0000, Mean ZNCC: 1.0000
Epoch 146 starts
Iter 10 of 180 Loss: 0.000011, L1(Flow): 0.000011, Reg: 0.000000
Iter 20 of 180 Loss: 0.000010, L1(Flow): 0.000010, Reg: 0.000000
Iter 30 of 180 Loss: 0.000014, L1(Flow): 0.000014, Reg: 0.000000
Iter 40 of 180 Loss: 0.000013, L1(Flow): 0.000013, Reg: 0.000000
Iter 50 of 180 Loss: 0.000009, L1(Flow): 0.000009, Reg: 0.000000
Iter 60 of 180 Loss: 0.000014, L1(Flow): 0.000014, Reg: 0.000000
Iter 70 of 180 Loss: 0.000012, L1(Flow): 0.000012, Reg: 0.000000
Iter 80 of 180 Loss: 0.000009, L1(Flow): 0.000009, Reg: 0.000000
Iter 90 of 180 Loss: 0.000013, L1(Flow): 0.000013, Reg: 0.000000
Iter 100 of 180 Loss: 0.000012, L1(Flow): 0.000012, Reg: 0.000000
Iter 110 of 180 Loss: 0.000009, L1(Flow): 0.000009, Reg: 0.000000
Iter 120 of 180 Loss: 0.000014, L1(Flow): 0.000014, Reg: 0.000000
Iter 130 of 180 Loss: 0.000012, L1(Flow): 0.000012, Reg: 0.000000
Iter 140 of 180 Loss: 0.000009, L1(Flow): 0.000009, Reg: 0.000000
Iter 150 of 180 Loss: 0.000013, L1(Flow): 0.000013, Reg: 0.000000
Iter 160 of 180 Loss: 0.000011, L1(Flow): 0.000011, Reg: 0.000000
Iter 170 of 180 Loss: 0.000010, L1(Flow): 0.000010, Reg: 0.000000
Iter 180 of 180 Loss: 0.000013, L1(Flow): 0.000013, Reg: 0.000000
Epoch 146 Loss: 0.000012
Epoch 146 Validation: Mean EPE: 0.0000, Mean SSIM: 1.0000, Mean ZNCC: 1.0000
Epoch 147 starts
Iter 10 of 180 Loss: 0.000012, L1(Flow): 0.000012, Reg: 0.000000
Iter 20 of 180 Loss: 0.000010, L1(Flow): 0.000010, Reg: 0.000000
Iter 30 of 180 Loss: 0.000014, L1(Flow): 0.000014, Reg: 0.000000
Iter 40 of 180 Loss: 0.000012, L1(Flow): 0.000012, Reg: 0.000000
Iter 50 of 180 Loss: 0.000011, L1(Flow): 0.000011, Reg: 0.000000
Iter 60 of 180 Loss: 0.000013, L1(Flow): 0.000013, Reg: 0.000000
Iter 70 of 180 Loss: 0.000011, L1(Flow): 0.000011, Reg: 0.000000
Iter 80 of 180 Loss: 0.000009, L1(Flow): 0.000009, Reg: 0.000000
Iter 90 of 180 Loss: 0.000012, L1(Flow): 0.000012, Reg: 0.000000
Iter 100 of 180 Loss: 0.000013, L1(Flow): 0.000012, Reg: 0.000000
Iter 110 of 180 Loss: 0.000009, L1(Flow): 0.000009, Reg: 0.000000
Iter 120 of 180 Loss: 0.000012, L1(Flow): 0.000012, Reg: 0.000000
Iter 130 of 180 Loss: 0.000012, L1(Flow): 0.000012, Reg: 0.000000
Iter 140 of 180 Loss: 0.000009, L1(Flow): 0.000009, Reg: 0.000000
Iter 150 of 180 Loss: 0.000014, L1(Flow): 0.000014, Reg: 0.000000
Iter 160 of 180 Loss: 0.000011, L1(Flow): 0.000011, Reg: 0.000000
Iter 170 of 180 Loss: 0.000010, L1(Flow): 0.000010, Reg: 0.000000
Iter 180 of 180 Loss: 0.000014, L1(Flow): 0.000014, Reg: 0.000000
Epoch 147 Loss: 0.000012
Epoch 147 Validation: Mean EPE: 0.0000, Mean SSIM: 1.0000, Mean ZNCC: 1.0000
Epoch 148 starts
Iter 10 of 180 Loss: 0.000013, L1(Flow): 0.000013, Reg: 0.000000
Iter 20 of 180 Loss: 0.000010, L1(Flow): 0.000010, Reg: 0.000000
Iter 30 of 180 Loss: 0.000015, L1(Flow): 0.000015, Reg: 0.000000
Iter 40 of 180 Loss: 0.000012, L1(Flow): 0.000012, Reg: 0.000000
Iter 50 of 180 Loss: 0.000010, L1(Flow): 0.000010, Reg: 0.000000
Iter 60 of 180 Loss: 0.000014, L1(Flow): 0.000014, Reg: 0.000000
Iter 70 of 180 Loss: 0.000013, L1(Flow): 0.000013, Reg: 0.000000
Iter 80 of 180 Loss: 0.000011, L1(Flow): 0.000011, Reg: 0.000000
Iter 90 of 180 Loss: 0.000014, L1(Flow): 0.000014, Reg: 0.000000
Iter 100 of 180 Loss: 0.000012, L1(Flow): 0.000012, Reg: 0.000000
Iter 110 of 180 Loss: 0.000010, L1(Flow): 0.000010, Reg: 0.000000
Iter 120 of 180 Loss: 0.000014, L1(Flow): 0.000014, Reg: 0.000000
Iter 130 of 180 Loss: 0.000013, L1(Flow): 0.000013, Reg: 0.000000
Iter 140 of 180 Loss: 0.000009, L1(Flow): 0.000009, Reg: 0.000000
Iter 150 of 180 Loss: 0.000015, L1(Flow): 0.000015, Reg: 0.000000
Iter 160 of 180 Loss: 0.000012, L1(Flow): 0.000012, Reg: 0.000000
Iter 170 of 180 Loss: 0.000010, L1(Flow): 0.000010, Reg: 0.000000
Iter 180 of 180 Loss: 0.000013, L1(Flow): 0.000013, Reg: 0.000000
Epoch 148 Loss: 0.000012
Epoch 148 Validation: Mean EPE: 0.0000, Mean SSIM: 1.0000, Mean ZNCC: 1.0000
Epoch 149 starts
Iter 10 of 180 Loss: 0.000012, L1(Flow): 0.000012, Reg: 0.000000
Iter 20 of 180 Loss: 0.000009, L1(Flow): 0.000009, Reg: 0.000000
Iter 30 of 180 Loss: 0.000014, L1(Flow): 0.000014, Reg: 0.000000
Iter 40 of 180 Loss: 0.000012, L1(Flow): 0.000012, Reg: 0.000000
Iter 50 of 180 Loss: 0.000011, L1(Flow): 0.000011, Reg: 0.000000
Iter 60 of 180 Loss: 0.000013, L1(Flow): 0.000013, Reg: 0.000000
Iter 70 of 180 Loss: 0.000012, L1(Flow): 0.000012, Reg: 0.000000
Iter 80 of 180 Loss: 0.000009, L1(Flow): 0.000009, Reg: 0.000000
Iter 90 of 180 Loss: 0.000014, L1(Flow): 0.000014, Reg: 0.000000
Iter 100 of 180 Loss: 0.000013, L1(Flow): 0.000013, Reg: 0.000000
Iter 110 of 180 Loss: 0.000010, L1(Flow): 0.000010, Reg: 0.000000
Iter 120 of 180 Loss: 0.000014, L1(Flow): 0.000014, Reg: 0.000000
Iter 130 of 180 Loss: 0.000013, L1(Flow): 0.000013, Reg: 0.000000
Iter 140 of 180 Loss: 0.000010, L1(Flow): 0.000010, Reg: 0.000000
Iter 150 of 180 Loss: 0.000014, L1(Flow): 0.000014, Reg: 0.000000
Iter 160 of 180 Loss: 0.000012, L1(Flow): 0.000012, Reg: 0.000000
Iter 170 of 180 Loss: 0.000010, L1(Flow): 0.000010, Reg: 0.000000
Iter 180 of 180 Loss: 0.000015, L1(Flow): 0.000015, Reg: 0.000000
Epoch 149 Loss: 0.000012
Epoch 149 Validation: Mean EPE: 0.0000, Mean SSIM: 1.0000, Mean ZNCC: 1.0000
Epoch 150 starts
Iter 10 of 180 Loss: 0.000012, L1(Flow): 0.000012, Reg: 0.000000
Iter 20 of 180 Loss: 0.000010, L1(Flow): 0.000010, Reg: 0.000000
Iter 30 of 180 Loss: 0.000013, L1(Flow): 0.000013, Reg: 0.000000
Iter 40 of 180 Loss: 0.000012, L1(Flow): 0.000012, Reg: 0.000000
Iter 50 of 180 Loss: 0.000010, L1(Flow): 0.000010, Reg: 0.000000
Iter 60 of 180 Loss: 0.000014, L1(Flow): 0.000014, Reg: 0.000000
Iter 70 of 180 Loss: 0.000012, L1(Flow): 0.000012, Reg: 0.000000
Iter 80 of 180 Loss: 0.000009, L1(Flow): 0.000009, Reg: 0.000000
Iter 90 of 180 Loss: 0.000014, L1(Flow): 0.000014, Reg: 0.000000
Iter 100 of 180 Loss: 0.000012, L1(Flow): 0.000012, Reg: 0.000000
Iter 110 of 180 Loss: 0.000011, L1(Flow): 0.000011, Reg: 0.000000
Iter 120 of 180 Loss: 0.000013, L1(Flow): 0.000013, Reg: 0.000000
Iter 130 of 180 Loss: 0.000012, L1(Flow): 0.000012, Reg: 0.000000
Iter 140 of 180 Loss: 0.000009, L1(Flow): 0.000009, Reg: 0.000000
Iter 150 of 180 Loss: 0.000014, L1(Flow): 0.000014, Reg: 0.000000
Iter 160 of 180 Loss: 0.000012, L1(Flow): 0.000012, Reg: 0.000000
Iter 170 of 180 Loss: 0.000009, L1(Flow): 0.000009, Reg: 0.000000
Iter 180 of 180 Loss: 0.000014, L1(Flow): 0.000014, Reg: 0.000000
Epoch 150 Loss: 0.000012
Epoch 150 Validation: Mean EPE: 0.0000, Mean SSIM: 1.0000, Mean ZNCC: 1.0000
Epoch 151 starts
Iter 10 of 180 Loss: 0.000013, L1(Flow): 0.000013, Reg: 0.000000
Iter 20 of 180 Loss: 0.000011, L1(Flow): 0.000011, Reg: 0.000000
Iter 30 of 180 Loss: 0.000014, L1(Flow): 0.000014, Reg: 0.000000
Iter 40 of 180 Loss: 0.000012, L1(Flow): 0.000012, Reg: 0.000000
Iter 50 of 180 Loss: 0.000010, L1(Flow): 0.000010, Reg: 0.000000
Iter 60 of 180 Loss: 0.000013, L1(Flow): 0.000013, Reg: 0.000000
Iter 70 of 180 Loss: 0.000012, L1(Flow): 0.000012, Reg: 0.000000
Iter 80 of 180 Loss: 0.000009, L1(Flow): 0.000009, Reg: 0.000000
Iter 90 of 180 Loss: 0.000014, L1(Flow): 0.000014, Reg: 0.000000
Iter 100 of 180 Loss: 0.000013, L1(Flow): 0.000013, Reg: 0.000000
Iter 110 of 180 Loss: 0.000009, L1(Flow): 0.000009, Reg: 0.000000
Iter 120 of 180 Loss: 0.000014, L1(Flow): 0.000014, Reg: 0.000000
Iter 130 of 180 Loss: 0.000012, L1(Flow): 0.000012, Reg: 0.000000
Iter 140 of 180 Loss: 0.000010, L1(Flow): 0.000010, Reg: 0.000000
Iter 150 of 180 Loss: 0.000013, L1(Flow): 0.000013, Reg: 0.000000
Iter 160 of 180 Loss: 0.000012, L1(Flow): 0.000012, Reg: 0.000000
Iter 170 of 180 Loss: 0.000010, L1(Flow): 0.000010, Reg: 0.000000
Iter 180 of 180 Loss: 0.000015, L1(Flow): 0.000015, Reg: 0.000000
Epoch 151 Loss: 0.000012
Epoch 151 Validation: Mean EPE: 0.0000, Mean SSIM: 1.0000, Mean ZNCC: 1.0000
Epoch 152 starts
Iter 10 of 180 Loss: 0.000011, L1(Flow): 0.000011, Reg: 0.000000
Iter 20 of 180 Loss: 0.000009, L1(Flow): 0.000009, Reg: 0.000000
Iter 30 of 180 Loss: 0.000013, L1(Flow): 0.000013, Reg: 0.000000
Iter 40 of 180 Loss: 0.000012, L1(Flow): 0.000012, Reg: 0.000000
Iter 50 of 180 Loss: 0.000009, L1(Flow): 0.000009, Reg: 0.000000
Iter 60 of 180 Loss: 0.000012, L1(Flow): 0.000012, Reg: 0.000000
Iter 70 of 180 Loss: 0.000011, L1(Flow): 0.000011, Reg: 0.000000
Iter 80 of 180 Loss: 0.000009, L1(Flow): 0.000009, Reg: 0.000000
Iter 90 of 180 Loss: 0.000013, L1(Flow): 0.000013, Reg: 0.000000
Iter 100 of 180 Loss: 0.000013, L1(Flow): 0.000013, Reg: 0.000000
Iter 110 of 180 Loss: 0.000010, L1(Flow): 0.000010, Reg: 0.000000
Iter 120 of 180 Loss: 0.000014, L1(Flow): 0.000014, Reg: 0.000000
Iter 130 of 180 Loss: 0.000012, L1(Flow): 0.000012, Reg: 0.000000
Iter 140 of 180 Loss: 0.000011, L1(Flow): 0.000011, Reg: 0.000000
Iter 150 of 180 Loss: 0.000014, L1(Flow): 0.000014, Reg: 0.000000
Iter 160 of 180 Loss: 0.000012, L1(Flow): 0.000012, Reg: 0.000000
Iter 170 of 180 Loss: 0.000010, L1(Flow): 0.000010, Reg: 0.000000
Iter 180 of 180 Loss: 0.000013, L1(Flow): 0.000013, Reg: 0.000000
Epoch 152 Loss: 0.000012
Epoch 152 Validation: Mean EPE: 0.0000, Mean SSIM: 1.0000, Mean ZNCC: 1.0000
Epoch 153 starts
Iter 10 of 180 Loss: 0.000011, L1(Flow): 0.000011, Reg: 0.000000
Iter 20 of 180 Loss: 0.000010, L1(Flow): 0.000010, Reg: 0.000000
Iter 30 of 180 Loss: 0.000015, L1(Flow): 0.000015, Reg: 0.000000
Iter 40 of 180 Loss: 0.000013, L1(Flow): 0.000013, Reg: 0.000000
Iter 50 of 180 Loss: 0.000010, L1(Flow): 0.000010, Reg: 0.000000
Iter 60 of 180 Loss: 0.000014, L1(Flow): 0.000014, Reg: 0.000000
Iter 70 of 180 Loss: 0.000012, L1(Flow): 0.000012, Reg: 0.000000
Iter 80 of 180 Loss: 0.000010, L1(Flow): 0.000010, Reg: 0.000000
Iter 90 of 180 Loss: 0.000015, L1(Flow): 0.000015, Reg: 0.000000
Iter 100 of 180 Loss: 0.000011, L1(Flow): 0.000011, Reg: 0.000000
Iter 110 of 180 Loss: 0.000012, L1(Flow): 0.000011, Reg: 0.000000
Iter 120 of 180 Loss: 0.000015, L1(Flow): 0.000015, Reg: 0.000000
Iter 130 of 180 Loss: 0.000011, L1(Flow): 0.000011, Reg: 0.000000
Iter 140 of 180 Loss: 0.000009, L1(Flow): 0.000009, Reg: 0.000000
Iter 150 of 180 Loss: 0.000014, L1(Flow): 0.000014, Reg: 0.000000
Iter 160 of 180 Loss: 0.000012, L1(Flow): 0.000012, Reg: 0.000000
Iter 170 of 180 Loss: 0.000009, L1(Flow): 0.000009, Reg: 0.000000
Iter 180 of 180 Loss: 0.000014, L1(Flow): 0.000014, Reg: 0.000000
Epoch 153 Loss: 0.000012
Epoch 153 Validation: Mean EPE: 0.0000, Mean SSIM: 1.0000, Mean ZNCC: 1.0000
Epoch 154 starts
Iter 10 of 180 Loss: 0.000012, L1(Flow): 0.000012, Reg: 0.000000
Iter 20 of 180 Loss: 0.000011, L1(Flow): 0.000011, Reg: 0.000000
Iter 30 of 180 Loss: 0.000014, L1(Flow): 0.000014, Reg: 0.000000
Iter 40 of 180 Loss: 0.000012, L1(Flow): 0.000012, Reg: 0.000000
Iter 50 of 180 Loss: 0.000010, L1(Flow): 0.000010, Reg: 0.000000
Iter 60 of 180 Loss: 0.000015, L1(Flow): 0.000015, Reg: 0.000000
Iter 70 of 180 Loss: 0.000012, L1(Flow): 0.000012, Reg: 0.000000
Iter 80 of 180 Loss: 0.000011, L1(Flow): 0.000011, Reg: 0.000000
Iter 90 of 180 Loss: 0.000013, L1(Flow): 0.000013, Reg: 0.000000
Iter 100 of 180 Loss: 0.000012, L1(Flow): 0.000012, Reg: 0.000000
Iter 110 of 180 Loss: 0.000010, L1(Flow): 0.000010, Reg: 0.000000
Iter 120 of 180 Loss: 0.000013, L1(Flow): 0.000013, Reg: 0.000000
Iter 130 of 180 Loss: 0.000012, L1(Flow): 0.000012, Reg: 0.000000
Iter 140 of 180 Loss: 0.000010, L1(Flow): 0.000010, Reg: 0.000000
Iter 150 of 180 Loss: 0.000014, L1(Flow): 0.000014, Reg: 0.000000
Iter 160 of 180 Loss: 0.000013, L1(Flow): 0.000013, Reg: 0.000000
Iter 170 of 180 Loss: 0.000009, L1(Flow): 0.000009, Reg: 0.000000
Iter 180 of 180 Loss: 0.000014, L1(Flow): 0.000014, Reg: 0.000000
Epoch 154 Loss: 0.000012
Epoch 154 Validation: Mean EPE: 0.0000, Mean SSIM: 1.0000, Mean ZNCC: 1.0000
Epoch 155 starts
Iter 10 of 180 Loss: 0.000012, L1(Flow): 0.000012, Reg: 0.000000
Iter 20 of 180 Loss: 0.000012, L1(Flow): 0.000012, Reg: 0.000000
Iter 30 of 180 Loss: 0.000014, L1(Flow): 0.000014, Reg: 0.000000
Iter 40 of 180 Loss: 0.000011, L1(Flow): 0.000011, Reg: 0.000000
Iter 50 of 180 Loss: 0.000009, L1(Flow): 0.000009, Reg: 0.000000
Iter 60 of 180 Loss: 0.000013, L1(Flow): 0.000013, Reg: 0.000000
Iter 70 of 180 Loss: 0.000013, L1(Flow): 0.000013, Reg: 0.000000
Iter 80 of 180 Loss: 0.000010, L1(Flow): 0.000010, Reg: 0.000000
Iter 90 of 180 Loss: 0.000015, L1(Flow): 0.000015, Reg: 0.000000
Iter 100 of 180 Loss: 0.000012, L1(Flow): 0.000012, Reg: 0.000000
Iter 110 of 180 Loss: 0.000011, L1(Flow): 0.000011, Reg: 0.000000
Iter 120 of 180 Loss: 0.000013, L1(Flow): 0.000013, Reg: 0.000000
Iter 130 of 180 Loss: 0.000011, L1(Flow): 0.000011, Reg: 0.000000
Iter 140 of 180 Loss: 0.000010, L1(Flow): 0.000010, Reg: 0.000000
Iter 150 of 180 Loss: 0.000014, L1(Flow): 0.000014, Reg: 0.000000
Iter 160 of 180 Loss: 0.000012, L1(Flow): 0.000012, Reg: 0.000000
Iter 170 of 180 Loss: 0.000010, L1(Flow): 0.000010, Reg: 0.000000
Iter 180 of 180 Loss: 0.000014, L1(Flow): 0.000014, Reg: 0.000000
Epoch 155 Loss: 0.000012
Epoch 155 Validation: Mean EPE: 0.0000, Mean SSIM: 1.0000, Mean ZNCC: 1.0000
Epoch 156 starts
Iter 10 of 180 Loss: 0.000012, L1(Flow): 0.000012, Reg: 0.000000
Iter 20 of 180 Loss: 0.000010, L1(Flow): 0.000010, Reg: 0.000000
Iter 30 of 180 Loss: 0.000014, L1(Flow): 0.000014, Reg: 0.000000
Iter 40 of 180 Loss: 0.000011, L1(Flow): 0.000011, Reg: 0.000000
Iter 50 of 180 Loss: 0.000010, L1(Flow): 0.000010, Reg: 0.000000
Iter 60 of 180 Loss: 0.000014, L1(Flow): 0.000014, Reg: 0.000000
Iter 70 of 180 Loss: 0.000012, L1(Flow): 0.000012, Reg: 0.000000
Iter 80 of 180 Loss: 0.000011, L1(Flow): 0.000011, Reg: 0.000000
Iter 90 of 180 Loss: 0.000014, L1(Flow): 0.000014, Reg: 0.000000
Iter 100 of 180 Loss: 0.000013, L1(Flow): 0.000013, Reg: 0.000000
Iter 110 of 180 Loss: 0.000010, L1(Flow): 0.000010, Reg: 0.000000
Iter 120 of 180 Loss: 0.000014, L1(Flow): 0.000014, Reg: 0.000000
Iter 130 of 180 Loss: 0.000011, L1(Flow): 0.000011, Reg: 0.000000
Iter 140 of 180 Loss: 0.000010, L1(Flow): 0.000010, Reg: 0.000000
Iter 150 of 180 Loss: 0.000014, L1(Flow): 0.000014, Reg: 0.000000
Iter 160 of 180 Loss: 0.000011, L1(Flow): 0.000011, Reg: 0.000000
Iter 170 of 180 Loss: 0.000012, L1(Flow): 0.000012, Reg: 0.000000
Iter 180 of 180 Loss: 0.000013, L1(Flow): 0.000013, Reg: 0.000000
Epoch 156 Loss: 0.000012
Epoch 156 Validation: Mean EPE: 0.0000, Mean SSIM: 1.0000, Mean ZNCC: 1.0000
Epoch 157 starts
Iter 10 of 180 Loss: 0.000012, L1(Flow): 0.000012, Reg: 0.000000
Iter 20 of 180 Loss: 0.000010, L1(Flow): 0.000010, Reg: 0.000000
Iter 30 of 180 Loss: 0.000014, L1(Flow): 0.000014, Reg: 0.000000
Iter 40 of 180 Loss: 0.000012, L1(Flow): 0.000012, Reg: 0.000000
Iter 50 of 180 Loss: 0.000010, L1(Flow): 0.000010, Reg: 0.000000
Iter 60 of 180 Loss: 0.000014, L1(Flow): 0.000014, Reg: 0.000000
Iter 70 of 180 Loss: 0.000012, L1(Flow): 0.000012, Reg: 0.000000
Iter 80 of 180 Loss: 0.000009, L1(Flow): 0.000009, Reg: 0.000000
Iter 90 of 180 Loss: 0.000013, L1(Flow): 0.000013, Reg: 0.000000
Iter 100 of 180 Loss: 0.000012, L1(Flow): 0.000012, Reg: 0.000000
Iter 110 of 180 Loss: 0.000010, L1(Flow): 0.000010, Reg: 0.000000
Iter 120 of 180 Loss: 0.000013, L1(Flow): 0.000013, Reg: 0.000000
Iter 130 of 180 Loss: 0.000012, L1(Flow): 0.000012, Reg: 0.000000
Iter 140 of 180 Loss: 0.000009, L1(Flow): 0.000009, Reg: 0.000000
Iter 150 of 180 Loss: 0.000013, L1(Flow): 0.000013, Reg: 0.000000
Iter 160 of 180 Loss: 0.000012, L1(Flow): 0.000012, Reg: 0.000000
Iter 170 of 180 Loss: 0.000010, L1(Flow): 0.000010, Reg: 0.000000
Iter 180 of 180 Loss: 0.000014, L1(Flow): 0.000014, Reg: 0.000000
Epoch 157 Loss: 0.000012
Epoch 157 Validation: Mean EPE: 0.0000, Mean SSIM: 1.0000, Mean ZNCC: 1.0000
Epoch 158 starts
Iter 10 of 180 Loss: 0.000013, L1(Flow): 0.000013, Reg: 0.000000
Iter 20 of 180 Loss: 0.000010, L1(Flow): 0.000010, Reg: 0.000000
Iter 30 of 180 Loss: 0.000013, L1(Flow): 0.000013, Reg: 0.000000
Iter 40 of 180 Loss: 0.000011, L1(Flow): 0.000011, Reg: 0.000000
Iter 50 of 180 Loss: 0.000010, L1(Flow): 0.000010, Reg: 0.000000
Iter 60 of 180 Loss: 0.000013, L1(Flow): 0.000013, Reg: 0.000000
Iter 70 of 180 Loss: 0.000010, L1(Flow): 0.000010, Reg: 0.000000
Iter 80 of 180 Loss: 0.000011, L1(Flow): 0.000011, Reg: 0.000000
Iter 90 of 180 Loss: 0.000013, L1(Flow): 0.000013, Reg: 0.000000
Iter 100 of 180 Loss: 0.000012, L1(Flow): 0.000012, Reg: 0.000000
Iter 110 of 180 Loss: 0.000009, L1(Flow): 0.000009, Reg: 0.000000
Iter 120 of 180 Loss: 0.000014, L1(Flow): 0.000014, Reg: 0.000000
Iter 130 of 180 Loss: 0.000013, L1(Flow): 0.000013, Reg: 0.000000
Iter 140 of 180 Loss: 0.000011, L1(Flow): 0.000011, Reg: 0.000000
Iter 150 of 180 Loss: 0.000014, L1(Flow): 0.000014, Reg: 0.000000
Iter 160 of 180 Loss: 0.000012, L1(Flow): 0.000012, Reg: 0.000000
Iter 170 of 180 Loss: 0.000010, L1(Flow): 0.000010, Reg: 0.000000
Iter 180 of 180 Loss: 0.000015, L1(Flow): 0.000015, Reg: 0.000000
Epoch 158 Loss: 0.000012
Epoch 158 Validation: Mean EPE: 0.0000, Mean SSIM: 1.0000, Mean ZNCC: 1.0000
Epoch 159 starts
Iter 10 of 180 Loss: 0.000012, L1(Flow): 0.000012, Reg: 0.000000
Iter 20 of 180 Loss: 0.000010, L1(Flow): 0.000010, Reg: 0.000000
Iter 30 of 180 Loss: 0.000013, L1(Flow): 0.000013, Reg: 0.000000
Iter 40 of 180 Loss: 0.000012, L1(Flow): 0.000012, Reg: 0.000000
Iter 50 of 180 Loss: 0.000010, L1(Flow): 0.000010, Reg: 0.000000
Iter 60 of 180 Loss: 0.000013, L1(Flow): 0.000013, Reg: 0.000000
Iter 70 of 180 Loss: 0.000012, L1(Flow): 0.000012, Reg: 0.000000
Iter 80 of 180 Loss: 0.000010, L1(Flow): 0.000010, Reg: 0.000000
Iter 90 of 180 Loss: 0.000014, L1(Flow): 0.000014, Reg: 0.000000
Iter 100 of 180 Loss: 0.000013, L1(Flow): 0.000013, Reg: 0.000000
Iter 110 of 180 Loss: 0.000009, L1(Flow): 0.000009, Reg: 0.000000
Iter 120 of 180 Loss: 0.000014, L1(Flow): 0.000014, Reg: 0.000000
Iter 130 of 180 Loss: 0.000012, L1(Flow): 0.000012, Reg: 0.000000
Iter 140 of 180 Loss: 0.000010, L1(Flow): 0.000010, Reg: 0.000000
Iter 150 of 180 Loss: 0.000014, L1(Flow): 0.000014, Reg: 0.000000
Iter 160 of 180 Loss: 0.000012, L1(Flow): 0.000012, Reg: 0.000000
Iter 170 of 180 Loss: 0.000009, L1(Flow): 0.000009, Reg: 0.000000
Iter 180 of 180 Loss: 0.000013, L1(Flow): 0.000013, Reg: 0.000000
Epoch 159 Loss: 0.000012
Epoch 159 Validation: Mean EPE: 0.0000, Mean SSIM: 1.0000, Mean ZNCC: 1.0000
Epoch 160 starts
Iter 10 of 180 Loss: 0.000012, L1(Flow): 0.000012, Reg: 0.000000
Iter 20 of 180 Loss: 0.000010, L1(Flow): 0.000010, Reg: 0.000000
Iter 30 of 180 Loss: 0.000015, L1(Flow): 0.000015, Reg: 0.000000
Iter 40 of 180 Loss: 0.000013, L1(Flow): 0.000013, Reg: 0.000000
Iter 50 of 180 Loss: 0.000010, L1(Flow): 0.000010, Reg: 0.000000
Iter 60 of 180 Loss: 0.000015, L1(Flow): 0.000015, Reg: 0.000000
Iter 70 of 180 Loss: 0.000012, L1(Flow): 0.000012, Reg: 0.000000
Iter 80 of 180 Loss: 0.000009, L1(Flow): 0.000009, Reg: 0.000000
Iter 90 of 180 Loss: 0.000014, L1(Flow): 0.000014, Reg: 0.000000
Iter 100 of 180 Loss: 0.000012, L1(Flow): 0.000012, Reg: 0.000000
Iter 110 of 180 Loss: 0.000009, L1(Flow): 0.000009, Reg: 0.000000
Iter 120 of 180 Loss: 0.000014, L1(Flow): 0.000014, Reg: 0.000000
Iter 130 of 180 Loss: 0.000013, L1(Flow): 0.000013, Reg: 0.000000
Iter 140 of 180 Loss: 0.000010, L1(Flow): 0.000010, Reg: 0.000000
Iter 150 of 180 Loss: 0.000013, L1(Flow): 0.000013, Reg: 0.000000
Iter 160 of 180 Loss: 0.000013, L1(Flow): 0.000013, Reg: 0.000000
Iter 170 of 180 Loss: 0.000010, L1(Flow): 0.000010, Reg: 0.000000
Iter 180 of 180 Loss: 0.000014, L1(Flow): 0.000014, Reg: 0.000000
Epoch 160 Loss: 0.000012
Epoch 160 Validation: Mean EPE: 0.0000, Mean SSIM: 1.0000, Mean ZNCC: 1.0000
Epoch 161 starts
Iter 10 of 180 Loss: 0.000012, L1(Flow): 0.000012, Reg: 0.000000
Iter 20 of 180 Loss: 0.000009, L1(Flow): 0.000009, Reg: 0.000000
Iter 30 of 180 Loss: 0.000015, L1(Flow): 0.000015, Reg: 0.000000
Iter 40 of 180 Loss: 0.000012, L1(Flow): 0.000012, Reg: 0.000000
Iter 50 of 180 Loss: 0.000009, L1(Flow): 0.000009, Reg: 0.000000
Iter 60 of 180 Loss: 0.000014, L1(Flow): 0.000014, Reg: 0.000000
Iter 70 of 180 Loss: 0.000011, L1(Flow): 0.000011, Reg: 0.000000
Iter 80 of 180 Loss: 0.000011, L1(Flow): 0.000011, Reg: 0.000000
Iter 90 of 180 Loss: 0.000015, L1(Flow): 0.000015, Reg: 0.000000
Iter 100 of 180 Loss: 0.000012, L1(Flow): 0.000012, Reg: 0.000000
Iter 110 of 180 Loss: 0.000009, L1(Flow): 0.000009, Reg: 0.000000
Iter 120 of 180 Loss: 0.000013, L1(Flow): 0.000013, Reg: 0.000000
Iter 130 of 180 Loss: 0.000012, L1(Flow): 0.000012, Reg: 0.000000
Iter 140 of 180 Loss: 0.000009, L1(Flow): 0.000009, Reg: 0.000000
Iter 150 of 180 Loss: 0.000013, L1(Flow): 0.000013, Reg: 0.000000
Iter 160 of 180 Loss: 0.000011, L1(Flow): 0.000011, Reg: 0.000000
Iter 170 of 180 Loss: 0.000010, L1(Flow): 0.000010, Reg: 0.000000
Iter 180 of 180 Loss: 0.000014, L1(Flow): 0.000014, Reg: 0.000000
Epoch 161 Loss: 0.000012
Epoch 161 Validation: Mean EPE: 0.0000, Mean SSIM: 1.0000, Mean ZNCC: 1.0000
Epoch 162 starts
Iter 10 of 180 Loss: 0.000012, L1(Flow): 0.000012, Reg: 0.000000
Iter 20 of 180 Loss: 0.000010, L1(Flow): 0.000010, Reg: 0.000000
Iter 30 of 180 Loss: 0.000013, L1(Flow): 0.000013, Reg: 0.000000
Iter 40 of 180 Loss: 0.000012, L1(Flow): 0.000012, Reg: 0.000000
Iter 50 of 180 Loss: 0.000009, L1(Flow): 0.000009, Reg: 0.000000
Iter 60 of 180 Loss: 0.000013, L1(Flow): 0.000013, Reg: 0.000000
Iter 70 of 180 Loss: 0.000012, L1(Flow): 0.000012, Reg: 0.000000
Iter 80 of 180 Loss: 0.000010, L1(Flow): 0.000010, Reg: 0.000000
Iter 90 of 180 Loss: 0.000014, L1(Flow): 0.000014, Reg: 0.000000
Iter 100 of 180 Loss: 0.000011, L1(Flow): 0.000011, Reg: 0.000000
Iter 110 of 180 Loss: 0.000010, L1(Flow): 0.000010, Reg: 0.000000
Iter 120 of 180 Loss: 0.000013, L1(Flow): 0.000013, Reg: 0.000000
Iter 130 of 180 Loss: 0.000012, L1(Flow): 0.000012, Reg: 0.000000
Iter 140 of 180 Loss: 0.000011, L1(Flow): 0.000011, Reg: 0.000000
Iter 150 of 180 Loss: 0.000014, L1(Flow): 0.000014, Reg: 0.000000
Iter 160 of 180 Loss: 0.000013, L1(Flow): 0.000013, Reg: 0.000000
Iter 170 of 180 Loss: 0.000010, L1(Flow): 0.000010, Reg: 0.000000
Iter 180 of 180 Loss: 0.000014, L1(Flow): 0.000014, Reg: 0.000000
Epoch 162 Loss: 0.000012
Epoch 162 Validation: Mean EPE: 0.0000, Mean SSIM: 1.0000, Mean ZNCC: 1.0000
Epoch 163 starts
Iter 10 of 180 Loss: 0.000011, L1(Flow): 0.000011, Reg: 0.000000
Iter 20 of 180 Loss: 0.000009, L1(Flow): 0.000009, Reg: 0.000000
Iter 30 of 180 Loss: 0.000013, L1(Flow): 0.000013, Reg: 0.000000
Iter 40 of 180 Loss: 0.000013, L1(Flow): 0.000013, Reg: 0.000000
Iter 50 of 180 Loss: 0.000010, L1(Flow): 0.000010, Reg: 0.000000
Iter 60 of 180 Loss: 0.000014, L1(Flow): 0.000014, Reg: 0.000000
Iter 70 of 180 Loss: 0.000012, L1(Flow): 0.000012, Reg: 0.000000
Iter 80 of 180 Loss: 0.000010, L1(Flow): 0.000010, Reg: 0.000000
Iter 90 of 180 Loss: 0.000012, L1(Flow): 0.000012, Reg: 0.000000
Iter 100 of 180 Loss: 0.000014, L1(Flow): 0.000014, Reg: 0.000000
Iter 110 of 180 Loss: 0.000010, L1(Flow): 0.000010, Reg: 0.000000
Iter 120 of 180 Loss: 0.000013, L1(Flow): 0.000013, Reg: 0.000000
Iter 130 of 180 Loss: 0.000012, L1(Flow): 0.000012, Reg: 0.000000
Iter 140 of 180 Loss: 0.000010, L1(Flow): 0.000010, Reg: 0.000000
Iter 150 of 180 Loss: 0.000013, L1(Flow): 0.000013, Reg: 0.000000
Iter 160 of 180 Loss: 0.000011, L1(Flow): 0.000011, Reg: 0.000000
Iter 170 of 180 Loss: 0.000011, L1(Flow): 0.000011, Reg: 0.000000
Iter 180 of 180 Loss: 0.000013, L1(Flow): 0.000013, Reg: 0.000000
Epoch 163 Loss: 0.000012
Epoch 163 Validation: Mean EPE: 0.0000, Mean SSIM: 1.0000, Mean ZNCC: 1.0000
Epoch 164 starts
Iter 10 of 180 Loss: 0.000013, L1(Flow): 0.000013, Reg: 0.000000
Iter 20 of 180 Loss: 0.000009, L1(Flow): 0.000009, Reg: 0.000000
Iter 30 of 180 Loss: 0.000015, L1(Flow): 0.000015, Reg: 0.000000
Iter 40 of 180 Loss: 0.000012, L1(Flow): 0.000012, Reg: 0.000000
Iter 50 of 180 Loss: 0.000009, L1(Flow): 0.000009, Reg: 0.000000
Iter 60 of 180 Loss: 0.000014, L1(Flow): 0.000014, Reg: 0.000000
Iter 70 of 180 Loss: 0.000012, L1(Flow): 0.000012, Reg: 0.000000
Iter 80 of 180 Loss: 0.000009, L1(Flow): 0.000009, Reg: 0.000000
Iter 90 of 180 Loss: 0.000013, L1(Flow): 0.000013, Reg: 0.000000
Iter 100 of 180 Loss: 0.000012, L1(Flow): 0.000012, Reg: 0.000000
Iter 110 of 180 Loss: 0.000010, L1(Flow): 0.000010, Reg: 0.000000
Iter 120 of 180 Loss: 0.000014, L1(Flow): 0.000014, Reg: 0.000000
Iter 130 of 180 Loss: 0.000013, L1(Flow): 0.000013, Reg: 0.000000
Iter 140 of 180 Loss: 0.000010, L1(Flow): 0.000010, Reg: 0.000000
Iter 150 of 180 Loss: 0.000014, L1(Flow): 0.000014, Reg: 0.000000
Iter 160 of 180 Loss: 0.000012, L1(Flow): 0.000012, Reg: 0.000000
Iter 170 of 180 Loss: 0.000011, L1(Flow): 0.000011, Reg: 0.000000
Iter 180 of 180 Loss: 0.000013, L1(Flow): 0.000013, Reg: 0.000000
Epoch 164 Loss: 0.000012
Epoch 164 Validation: Mean EPE: 0.0000, Mean SSIM: 1.0000, Mean ZNCC: 1.0000
Epoch 165 starts
Iter 10 of 180 Loss: 0.000012, L1(Flow): 0.000012, Reg: 0.000000
Iter 20 of 180 Loss: 0.000010, L1(Flow): 0.000010, Reg: 0.000000
Iter 30 of 180 Loss: 0.000014, L1(Flow): 0.000014, Reg: 0.000000
Iter 40 of 180 Loss: 0.000012, L1(Flow): 0.000012, Reg: 0.000000
Iter 50 of 180 Loss: 0.000009, L1(Flow): 0.000009, Reg: 0.000000
Iter 60 of 180 Loss: 0.000012, L1(Flow): 0.000012, Reg: 0.000000
Iter 70 of 180 Loss: 0.000012, L1(Flow): 0.000012, Reg: 0.000000
Iter 80 of 180 Loss: 0.000008, L1(Flow): 0.000008, Reg: 0.000000
Iter 90 of 180 Loss: 0.000014, L1(Flow): 0.000014, Reg: 0.000000
Iter 100 of 180 Loss: 0.000012, L1(Flow): 0.000012, Reg: 0.000000
Iter 110 of 180 Loss: 0.000010, L1(Flow): 0.000010, Reg: 0.000000
Iter 120 of 180 Loss: 0.000012, L1(Flow): 0.000012, Reg: 0.000000
Iter 130 of 180 Loss: 0.000012, L1(Flow): 0.000012, Reg: 0.000000
Iter 140 of 180 Loss: 0.000009, L1(Flow): 0.000009, Reg: 0.000000
Iter 150 of 180 Loss: 0.000013, L1(Flow): 0.000013, Reg: 0.000000
Iter 160 of 180 Loss: 0.000012, L1(Flow): 0.000012, Reg: 0.000000
Iter 170 of 180 Loss: 0.000009, L1(Flow): 0.000009, Reg: 0.000000
Iter 180 of 180 Loss: 0.000012, L1(Flow): 0.000012, Reg: 0.000000
Epoch 165 Loss: 0.000012
Epoch 165 Validation: Mean EPE: 0.0000, Mean SSIM: 1.0000, Mean ZNCC: 1.0000
Epoch 166 starts
Iter 10 of 180 Loss: 0.000012, L1(Flow): 0.000012, Reg: 0.000000
Iter 20 of 180 Loss: 0.000010, L1(Flow): 0.000010, Reg: 0.000000
Iter 30 of 180 Loss: 0.000014, L1(Flow): 0.000014, Reg: 0.000000
Iter 40 of 180 Loss: 0.000013, L1(Flow): 0.000013, Reg: 0.000000
Iter 50 of 180 Loss: 0.000011, L1(Flow): 0.000011, Reg: 0.000000
Iter 60 of 180 Loss: 0.000014, L1(Flow): 0.000014, Reg: 0.000000
Iter 70 of 180 Loss: 0.000012, L1(Flow): 0.000012, Reg: 0.000000
Iter 80 of 180 Loss: 0.000010, L1(Flow): 0.000010, Reg: 0.000000
Iter 90 of 180 Loss: 0.000014, L1(Flow): 0.000014, Reg: 0.000000
Iter 100 of 180 Loss: 0.000013, L1(Flow): 0.000013, Reg: 0.000000
Iter 110 of 180 Loss: 0.000009, L1(Flow): 0.000009, Reg: 0.000000
Iter 120 of 180 Loss: 0.000014, L1(Flow): 0.000014, Reg: 0.000000
Iter 130 of 180 Loss: 0.000012, L1(Flow): 0.000012, Reg: 0.000000
Iter 140 of 180 Loss: 0.000011, L1(Flow): 0.000011, Reg: 0.000000
Iter 150 of 180 Loss: 0.000014, L1(Flow): 0.000014, Reg: 0.000000
Iter 160 of 180 Loss: 0.000012, L1(Flow): 0.000012, Reg: 0.000000
Iter 170 of 180 Loss: 0.000009, L1(Flow): 0.000009, Reg: 0.000000
Iter 180 of 180 Loss: 0.000014, L1(Flow): 0.000014, Reg: 0.000000
Epoch 166 Loss: 0.000012
Epoch 166 Validation: Mean EPE: 0.0000, Mean SSIM: 1.0000, Mean ZNCC: 1.0000
Epoch 167 starts
Iter 10 of 180 Loss: 0.000011, L1(Flow): 0.000011, Reg: 0.000000
Iter 20 of 180 Loss: 0.000010, L1(Flow): 0.000010, Reg: 0.000000
Iter 30 of 180 Loss: 0.000014, L1(Flow): 0.000014, Reg: 0.000000
Iter 40 of 180 Loss: 0.000011, L1(Flow): 0.000011, Reg: 0.000000
Iter 50 of 180 Loss: 0.000009, L1(Flow): 0.000009, Reg: 0.000000
Iter 60 of 180 Loss: 0.000014, L1(Flow): 0.000014, Reg: 0.000000
Iter 70 of 180 Loss: 0.000011, L1(Flow): 0.000011, Reg: 0.000000
Iter 80 of 180 Loss: 0.000011, L1(Flow): 0.000011, Reg: 0.000000
Iter 90 of 180 Loss: 0.000014, L1(Flow): 0.000014, Reg: 0.000000
Iter 100 of 180 Loss: 0.000011, L1(Flow): 0.000011, Reg: 0.000000
Iter 110 of 180 Loss: 0.000010, L1(Flow): 0.000010, Reg: 0.000000
Iter 120 of 180 Loss: 0.000015, L1(Flow): 0.000015, Reg: 0.000000
Iter 130 of 180 Loss: 0.000011, L1(Flow): 0.000011, Reg: 0.000000
Iter 140 of 180 Loss: 0.000011, L1(Flow): 0.000011, Reg: 0.000000
Iter 150 of 180 Loss: 0.000014, L1(Flow): 0.000014, Reg: 0.000000
Iter 160 of 180 Loss: 0.000011, L1(Flow): 0.000011, Reg: 0.000000
Iter 170 of 180 Loss: 0.000009, L1(Flow): 0.000009, Reg: 0.000000
Iter 180 of 180 Loss: 0.000014, L1(Flow): 0.000014, Reg: 0.000000
Epoch 167 Loss: 0.000012
Epoch 167 Validation: Mean EPE: 0.0000, Mean SSIM: 1.0000, Mean ZNCC: 1.0000
Epoch 168 starts
Iter 10 of 180 Loss: 0.000011, L1(Flow): 0.000011, Reg: 0.000000
Iter 20 of 180 Loss: 0.000010, L1(Flow): 0.000010, Reg: 0.000000
Iter 30 of 180 Loss: 0.000014, L1(Flow): 0.000014, Reg: 0.000000
Iter 40 of 180 Loss: 0.000012, L1(Flow): 0.000012, Reg: 0.000000
Iter 50 of 180 Loss: 0.000010, L1(Flow): 0.000010, Reg: 0.000000
Iter 60 of 180 Loss: 0.000014, L1(Flow): 0.000014, Reg: 0.000000
Iter 70 of 180 Loss: 0.000013, L1(Flow): 0.000013, Reg: 0.000000
Iter 80 of 180 Loss: 0.000010, L1(Flow): 0.000010, Reg: 0.000000
Iter 90 of 180 Loss: 0.000014, L1(Flow): 0.000014, Reg: 0.000000
Iter 100 of 180 Loss: 0.000013, L1(Flow): 0.000013, Reg: 0.000000
Iter 110 of 180 Loss: 0.000010, L1(Flow): 0.000010, Reg: 0.000000
Iter 120 of 180 Loss: 0.000015, L1(Flow): 0.000015, Reg: 0.000000
Iter 130 of 180 Loss: 0.000012, L1(Flow): 0.000012, Reg: 0.000000
Iter 140 of 180 Loss: 0.000010, L1(Flow): 0.000010, Reg: 0.000000
Iter 150 of 180 Loss: 0.000014, L1(Flow): 0.000014, Reg: 0.000000
Iter 160 of 180 Loss: 0.000011, L1(Flow): 0.000011, Reg: 0.000000
Iter 170 of 180 Loss: 0.000010, L1(Flow): 0.000010, Reg: 0.000000
Iter 180 of 180 Loss: 0.000013, L1(Flow): 0.000013, Reg: 0.000000
Epoch 168 Loss: 0.000012
Epoch 168 Validation: Mean EPE: 0.0000, Mean SSIM: 1.0000, Mean ZNCC: 1.0000
Epoch 169 starts
Iter 10 of 180 Loss: 0.000013, L1(Flow): 0.000013, Reg: 0.000000
Iter 20 of 180 Loss: 0.000009, L1(Flow): 0.000009, Reg: 0.000000
Iter 30 of 180 Loss: 0.000014, L1(Flow): 0.000014, Reg: 0.000000
Iter 40 of 180 Loss: 0.000011, L1(Flow): 0.000011, Reg: 0.000000
Iter 50 of 180 Loss: 0.000010, L1(Flow): 0.000010, Reg: 0.000000
Iter 60 of 180 Loss: 0.000013, L1(Flow): 0.000013, Reg: 0.000000
Iter 70 of 180 Loss: 0.000011, L1(Flow): 0.000011, Reg: 0.000000
Iter 80 of 180 Loss: 0.000009, L1(Flow): 0.000009, Reg: 0.000000
Iter 90 of 180 Loss: 0.000013, L1(Flow): 0.000013, Reg: 0.000000
Iter 100 of 180 Loss: 0.000013, L1(Flow): 0.000013, Reg: 0.000000
Iter 110 of 180 Loss: 0.000010, L1(Flow): 0.000010, Reg: 0.000000
Iter 120 of 180 Loss: 0.000014, L1(Flow): 0.000014, Reg: 0.000000
Iter 130 of 180 Loss: 0.000012, L1(Flow): 0.000012, Reg: 0.000000
Iter 140 of 180 Loss: 0.000011, L1(Flow): 0.000011, Reg: 0.000000
Iter 150 of 180 Loss: 0.000014, L1(Flow): 0.000014, Reg: 0.000000
Iter 160 of 180 Loss: 0.000011, L1(Flow): 0.000011, Reg: 0.000000
Iter 170 of 180 Loss: 0.000009, L1(Flow): 0.000009, Reg: 0.000000
Iter 180 of 180 Loss: 0.000013, L1(Flow): 0.000013, Reg: 0.000000
Epoch 169 Loss: 0.000012
Epoch 169 Validation: Mean EPE: 0.0000, Mean SSIM: 1.0000, Mean ZNCC: 1.0000
Epoch 170 starts
Iter 10 of 180 Loss: 0.000011, L1(Flow): 0.000011, Reg: 0.000000
Iter 20 of 180 Loss: 0.000011, L1(Flow): 0.000011, Reg: 0.000000
Iter 30 of 180 Loss: 0.000014, L1(Flow): 0.000014, Reg: 0.000000
Iter 40 of 180 Loss: 0.000012, L1(Flow): 0.000012, Reg: 0.000000
Iter 50 of 180 Loss: 0.000009, L1(Flow): 0.000009, Reg: 0.000000
Iter 60 of 180 Loss: 0.000014, L1(Flow): 0.000014, Reg: 0.000000
Iter 70 of 180 Loss: 0.000013, L1(Flow): 0.000013, Reg: 0.000000
Iter 80 of 180 Loss: 0.000009, L1(Flow): 0.000009, Reg: 0.000000
Iter 90 of 180 Loss: 0.000014, L1(Flow): 0.000014, Reg: 0.000000
Iter 100 of 180 Loss: 0.000013, L1(Flow): 0.000013, Reg: 0.000000
Iter 110 of 180 Loss: 0.000009, L1(Flow): 0.000009, Reg: 0.000000
Iter 120 of 180 Loss: 0.000014, L1(Flow): 0.000014, Reg: 0.000000
Iter 130 of 180 Loss: 0.000012, L1(Flow): 0.000012, Reg: 0.000000
Iter 140 of 180 Loss: 0.000009, L1(Flow): 0.000009, Reg: 0.000000
Iter 150 of 180 Loss: 0.000014, L1(Flow): 0.000014, Reg: 0.000000
Iter 160 of 180 Loss: 0.000013, L1(Flow): 0.000013, Reg: 0.000000
Iter 170 of 180 Loss: 0.000010, L1(Flow): 0.000010, Reg: 0.000000
Iter 180 of 180 Loss: 0.000013, L1(Flow): 0.000013, Reg: 0.000000
Epoch 170 Loss: 0.000012
Epoch 170 Validation: Mean EPE: 0.0000, Mean SSIM: 1.0000, Mean ZNCC: 1.0000
Epoch 171 starts
Iter 10 of 180 Loss: 0.000012, L1(Flow): 0.000012, Reg: 0.000000
Iter 20 of 180 Loss: 0.000009, L1(Flow): 0.000009, Reg: 0.000000
Iter 30 of 180 Loss: 0.000014, L1(Flow): 0.000014, Reg: 0.000000
Iter 40 of 180 Loss: 0.000011, L1(Flow): 0.000011, Reg: 0.000000
Iter 50 of 180 Loss: 0.000010, L1(Flow): 0.000010, Reg: 0.000000
Iter 60 of 180 Loss: 0.000013, L1(Flow): 0.000013, Reg: 0.000000
Iter 70 of 180 Loss: 0.000012, L1(Flow): 0.000012, Reg: 0.000000
Iter 80 of 180 Loss: 0.000010, L1(Flow): 0.000010, Reg: 0.000000
Iter 90 of 180 Loss: 0.000013, L1(Flow): 0.000013, Reg: 0.000000
Iter 100 of 180 Loss: 0.000011, L1(Flow): 0.000011, Reg: 0.000000
Iter 110 of 180 Loss: 0.000010, L1(Flow): 0.000010, Reg: 0.000000
Iter 120 of 180 Loss: 0.000015, L1(Flow): 0.000015, Reg: 0.000000
Iter 130 of 180 Loss: 0.000011, L1(Flow): 0.000011, Reg: 0.000000
Iter 140 of 180 Loss: 0.000010, L1(Flow): 0.000010, Reg: 0.000000
Iter 150 of 180 Loss: 0.000013, L1(Flow): 0.000013, Reg: 0.000000
Iter 160 of 180 Loss: 0.000011, L1(Flow): 0.000011, Reg: 0.000000
Iter 170 of 180 Loss: 0.000010, L1(Flow): 0.000010, Reg: 0.000000
Iter 180 of 180 Loss: 0.000014, L1(Flow): 0.000014, Reg: 0.000000
Epoch 171 Loss: 0.000012
Epoch 171 Validation: Mean EPE: 0.0000, Mean SSIM: 1.0000, Mean ZNCC: 1.0000
Epoch 172 starts
Iter 10 of 180 Loss: 0.000012, L1(Flow): 0.000012, Reg: 0.000000
Iter 20 of 180 Loss: 0.000009, L1(Flow): 0.000009, Reg: 0.000000
Iter 30 of 180 Loss: 0.000014, L1(Flow): 0.000014, Reg: 0.000000
Iter 40 of 180 Loss: 0.000012, L1(Flow): 0.000012, Reg: 0.000000
Iter 50 of 180 Loss: 0.000010, L1(Flow): 0.000010, Reg: 0.000000
Iter 60 of 180 Loss: 0.000014, L1(Flow): 0.000014, Reg: 0.000000
Iter 70 of 180 Loss: 0.000011, L1(Flow): 0.000011, Reg: 0.000000
Iter 80 of 180 Loss: 0.000010, L1(Flow): 0.000010, Reg: 0.000000
Iter 90 of 180 Loss: 0.000014, L1(Flow): 0.000014, Reg: 0.000000
Iter 100 of 180 Loss: 0.000012, L1(Flow): 0.000012, Reg: 0.000000
Iter 110 of 180 Loss: 0.000010, L1(Flow): 0.000010, Reg: 0.000000
Iter 120 of 180 Loss: 0.000014, L1(Flow): 0.000014, Reg: 0.000000
Iter 130 of 180 Loss: 0.000012, L1(Flow): 0.000012, Reg: 0.000000
Iter 140 of 180 Loss: 0.000009, L1(Flow): 0.000009, Reg: 0.000000
Iter 150 of 180 Loss: 0.000013, L1(Flow): 0.000013, Reg: 0.000000
Iter 160 of 180 Loss: 0.000011, L1(Flow): 0.000011, Reg: 0.000000
Iter 170 of 180 Loss: 0.000010, L1(Flow): 0.000010, Reg: 0.000000
Iter 180 of 180 Loss: 0.000014, L1(Flow): 0.000014, Reg: 0.000000
Epoch 172 Loss: 0.000012
Epoch 172 Validation: Mean EPE: 0.0000, Mean SSIM: 1.0000, Mean ZNCC: 1.0000
Epoch 173 starts
Iter 10 of 180 Loss: 0.000011, L1(Flow): 0.000011, Reg: 0.000000
Iter 20 of 180 Loss: 0.000010, L1(Flow): 0.000010, Reg: 0.000000
Iter 30 of 180 Loss: 0.000013, L1(Flow): 0.000013, Reg: 0.000000
Iter 40 of 180 Loss: 0.000012, L1(Flow): 0.000012, Reg: 0.000000
Iter 50 of 180 Loss: 0.000009, L1(Flow): 0.000009, Reg: 0.000000
Iter 60 of 180 Loss: 0.000013, L1(Flow): 0.000013, Reg: 0.000000
Iter 70 of 180 Loss: 0.000013, L1(Flow): 0.000013, Reg: 0.000000
Iter 80 of 180 Loss: 0.000010, L1(Flow): 0.000010, Reg: 0.000000
Iter 90 of 180 Loss: 0.000014, L1(Flow): 0.000014, Reg: 0.000000
Iter 100 of 180 Loss: 0.000011, L1(Flow): 0.000011, Reg: 0.000000
Iter 110 of 180 Loss: 0.000010, L1(Flow): 0.000010, Reg: 0.000000
Iter 120 of 180 Loss: 0.000013, L1(Flow): 0.000013, Reg: 0.000000
Iter 130 of 180 Loss: 0.000012, L1(Flow): 0.000012, Reg: 0.000000
Iter 140 of 180 Loss: 0.000010, L1(Flow): 0.000010, Reg: 0.000000
Iter 150 of 180 Loss: 0.000014, L1(Flow): 0.000014, Reg: 0.000000
Iter 160 of 180 Loss: 0.000012, L1(Flow): 0.000012, Reg: 0.000000
Iter 170 of 180 Loss: 0.000009, L1(Flow): 0.000009, Reg: 0.000000
Iter 180 of 180 Loss: 0.000015, L1(Flow): 0.000015, Reg: 0.000000
Epoch 173 Loss: 0.000012
Epoch 173 Validation: Mean EPE: 0.0000, Mean SSIM: 1.0000, Mean ZNCC: 1.0000
Epoch 174 starts
Iter 10 of 180 Loss: 0.000012, L1(Flow): 0.000012, Reg: 0.000000
Iter 20 of 180 Loss: 0.000009, L1(Flow): 0.000009, Reg: 0.000000
Iter 30 of 180 Loss: 0.000015, L1(Flow): 0.000015, Reg: 0.000000
Iter 40 of 180 Loss: 0.000012, L1(Flow): 0.000012, Reg: 0.000000
Iter 50 of 180 Loss: 0.000009, L1(Flow): 0.000009, Reg: 0.000000
Iter 60 of 180 Loss: 0.000014, L1(Flow): 0.000014, Reg: 0.000000
Iter 70 of 180 Loss: 0.000011, L1(Flow): 0.000011, Reg: 0.000000
Iter 80 of 180 Loss: 0.000010, L1(Flow): 0.000010, Reg: 0.000000
Iter 90 of 180 Loss: 0.000014, L1(Flow): 0.000014, Reg: 0.000000
Iter 100 of 180 Loss: 0.000012, L1(Flow): 0.000012, Reg: 0.000000
Iter 110 of 180 Loss: 0.000010, L1(Flow): 0.000010, Reg: 0.000000
Iter 120 of 180 Loss: 0.000015, L1(Flow): 0.000015, Reg: 0.000000
Iter 130 of 180 Loss: 0.000011, L1(Flow): 0.000011, Reg: 0.000000
Iter 140 of 180 Loss: 0.000010, L1(Flow): 0.000010, Reg: 0.000000
Iter 150 of 180 Loss: 0.000015, L1(Flow): 0.000015, Reg: 0.000000
Iter 160 of 180 Loss: 0.000011, L1(Flow): 0.000011, Reg: 0.000000
Iter 170 of 180 Loss: 0.000010, L1(Flow): 0.000010, Reg: 0.000000
Iter 180 of 180 Loss: 0.000015, L1(Flow): 0.000015, Reg: 0.000000
Epoch 174 Loss: 0.000012
Epoch 174 Validation: Mean EPE: 0.0000, Mean SSIM: 1.0000, Mean ZNCC: 1.0000
Epoch 175 starts
Iter 10 of 180 Loss: 0.000012, L1(Flow): 0.000012, Reg: 0.000000
Iter 20 of 180 Loss: 0.000009, L1(Flow): 0.000009, Reg: 0.000000
Iter 30 of 180 Loss: 0.000014, L1(Flow): 0.000014, Reg: 0.000000
Iter 40 of 180 Loss: 0.000011, L1(Flow): 0.000011, Reg: 0.000000
Iter 50 of 180 Loss: 0.000010, L1(Flow): 0.000010, Reg: 0.000000
Iter 60 of 180 Loss: 0.000013, L1(Flow): 0.000013, Reg: 0.000000
Iter 70 of 180 Loss: 0.000012, L1(Flow): 0.000012, Reg: 0.000000
Iter 80 of 180 Loss: 0.000010, L1(Flow): 0.000010, Reg: 0.000000
Iter 90 of 180 Loss: 0.000014, L1(Flow): 0.000014, Reg: 0.000000
Iter 100 of 180 Loss: 0.000012, L1(Flow): 0.000012, Reg: 0.000000
Iter 110 of 180 Loss: 0.000009, L1(Flow): 0.000009, Reg: 0.000000
Iter 120 of 180 Loss: 0.000013, L1(Flow): 0.000013, Reg: 0.000000
Iter 130 of 180 Loss: 0.000011, L1(Flow): 0.000011, Reg: 0.000000
Iter 140 of 180 Loss: 0.000009, L1(Flow): 0.000009, Reg: 0.000000
Iter 150 of 180 Loss: 0.000013, L1(Flow): 0.000013, Reg: 0.000000
Iter 160 of 180 Loss: 0.000012, L1(Flow): 0.000012, Reg: 0.000000
Iter 170 of 180 Loss: 0.000009, L1(Flow): 0.000009, Reg: 0.000000
Iter 180 of 180 Loss: 0.000013, L1(Flow): 0.000013, Reg: 0.000000
Epoch 175 Loss: 0.000012
Epoch 175 Validation: Mean EPE: 0.0000, Mean SSIM: 1.0000, Mean ZNCC: 1.0000
Epoch 176 starts
Iter 10 of 180 Loss: 0.000011, L1(Flow): 0.000011, Reg: 0.000000
Iter 20 of 180 Loss: 0.000010, L1(Flow): 0.000010, Reg: 0.000000
Iter 30 of 180 Loss: 0.000014, L1(Flow): 0.000014, Reg: 0.000000
Iter 40 of 180 Loss: 0.000012, L1(Flow): 0.000012, Reg: 0.000000
Iter 50 of 180 Loss: 0.000008, L1(Flow): 0.000008, Reg: 0.000000
Iter 60 of 180 Loss: 0.000014, L1(Flow): 0.000014, Reg: 0.000000
Iter 70 of 180 Loss: 0.000012, L1(Flow): 0.000012, Reg: 0.000000
Iter 80 of 180 Loss: 0.000009, L1(Flow): 0.000009, Reg: 0.000000
Iter 90 of 180 Loss: 0.000013, L1(Flow): 0.000013, Reg: 0.000000
Iter 100 of 180 Loss: 0.000011, L1(Flow): 0.000011, Reg: 0.000000
Iter 110 of 180 Loss: 0.000010, L1(Flow): 0.000010, Reg: 0.000000
Iter 120 of 180 Loss: 0.000013, L1(Flow): 0.000013, Reg: 0.000000
Iter 130 of 180 Loss: 0.000012, L1(Flow): 0.000012, Reg: 0.000000
Iter 140 of 180 Loss: 0.000009, L1(Flow): 0.000009, Reg: 0.000000
Iter 150 of 180 Loss: 0.000014, L1(Flow): 0.000014, Reg: 0.000000
Iter 160 of 180 Loss: 0.000012, L1(Flow): 0.000012, Reg: 0.000000
Iter 170 of 180 Loss: 0.000010, L1(Flow): 0.000010, Reg: 0.000000
Iter 180 of 180 Loss: 0.000013, L1(Flow): 0.000013, Reg: 0.000000
Epoch 176 Loss: 0.000012
Epoch 176 Validation: Mean EPE: 0.0000, Mean SSIM: 1.0000, Mean ZNCC: 1.0000
Epoch 177 starts
Iter 10 of 180 Loss: 0.000012, L1(Flow): 0.000012, Reg: 0.000000
Iter 20 of 180 Loss: 0.000010, L1(Flow): 0.000010, Reg: 0.000000
Iter 30 of 180 Loss: 0.000014, L1(Flow): 0.000014, Reg: 0.000000
Iter 40 of 180 Loss: 0.000011, L1(Flow): 0.000011, Reg: 0.000000
Iter 50 of 180 Loss: 0.000010, L1(Flow): 0.000010, Reg: 0.000000
Iter 60 of 180 Loss: 0.000014, L1(Flow): 0.000014, Reg: 0.000000
Iter 70 of 180 Loss: 0.000013, L1(Flow): 0.000013, Reg: 0.000000
Iter 80 of 180 Loss: 0.000009, L1(Flow): 0.000009, Reg: 0.000000
Iter 90 of 180 Loss: 0.000014, L1(Flow): 0.000014, Reg: 0.000000
Iter 100 of 180 Loss: 0.000011, L1(Flow): 0.000011, Reg: 0.000000
Iter 110 of 180 Loss: 0.000010, L1(Flow): 0.000010, Reg: 0.000000
Iter 120 of 180 Loss: 0.000013, L1(Flow): 0.000013, Reg: 0.000000
Iter 130 of 180 Loss: 0.000011, L1(Flow): 0.000011, Reg: 0.000000
Iter 140 of 180 Loss: 0.000009, L1(Flow): 0.000009, Reg: 0.000000
Iter 150 of 180 Loss: 0.000014, L1(Flow): 0.000014, Reg: 0.000000
Iter 160 of 180 Loss: 0.000012, L1(Flow): 0.000012, Reg: 0.000000
Iter 170 of 180 Loss: 0.000010, L1(Flow): 0.000010, Reg: 0.000000
Iter 180 of 180 Loss: 0.000014, L1(Flow): 0.000014, Reg: 0.000000
Epoch 177 Loss: 0.000012
Epoch 177 Validation: Mean EPE: 0.0000, Mean SSIM: 1.0000, Mean ZNCC: 1.0000
Epoch 178 starts
Iter 10 of 180 Loss: 0.000011, L1(Flow): 0.000011, Reg: 0.000000
Iter 20 of 180 Loss: 0.000009, L1(Flow): 0.000009, Reg: 0.000000
Iter 30 of 180 Loss: 0.000014, L1(Flow): 0.000014, Reg: 0.000000
Iter 40 of 180 Loss: 0.000013, L1(Flow): 0.000013, Reg: 0.000000
Iter 50 of 180 Loss: 0.000010, L1(Flow): 0.000010, Reg: 0.000000
Iter 60 of 180 Loss: 0.000014, L1(Flow): 0.000014, Reg: 0.000000
Iter 70 of 180 Loss: 0.000011, L1(Flow): 0.000011, Reg: 0.000000
Iter 80 of 180 Loss: 0.000010, L1(Flow): 0.000010, Reg: 0.000000
Iter 90 of 180 Loss: 0.000013, L1(Flow): 0.000013, Reg: 0.000000
Iter 100 of 180 Loss: 0.000011, L1(Flow): 0.000011, Reg: 0.000000
Iter 110 of 180 Loss: 0.000009, L1(Flow): 0.000009, Reg: 0.000000
Iter 120 of 180 Loss: 0.000013, L1(Flow): 0.000013, Reg: 0.000000
Iter 130 of 180 Loss: 0.000011, L1(Flow): 0.000011, Reg: 0.000000
Iter 140 of 180 Loss: 0.000010, L1(Flow): 0.000010, Reg: 0.000000
Iter 150 of 180 Loss: 0.000013, L1(Flow): 0.000013, Reg: 0.000000
Iter 160 of 180 Loss: 0.000012, L1(Flow): 0.000012, Reg: 0.000000
Iter 170 of 180 Loss: 0.000009, L1(Flow): 0.000009, Reg: 0.000000
Iter 180 of 180 Loss: 0.000014, L1(Flow): 0.000014, Reg: 0.000000
Epoch 178 Loss: 0.000012
Epoch 178 Validation: Mean EPE: 0.0000, Mean SSIM: 1.0000, Mean ZNCC: 1.0000
Epoch 179 starts
Iter 10 of 180 Loss: 0.000011, L1(Flow): 0.000011, Reg: 0.000000
Iter 20 of 180 Loss: 0.000009, L1(Flow): 0.000009, Reg: 0.000000
Iter 30 of 180 Loss: 0.000013, L1(Flow): 0.000013, Reg: 0.000000
Iter 40 of 180 Loss: 0.000013, L1(Flow): 0.000013, Reg: 0.000000
Iter 50 of 180 Loss: 0.000009, L1(Flow): 0.000009, Reg: 0.000000
Iter 60 of 180 Loss: 0.000014, L1(Flow): 0.000014, Reg: 0.000000
Iter 70 of 180 Loss: 0.000011, L1(Flow): 0.000011, Reg: 0.000000
Iter 80 of 180 Loss: 0.000010, L1(Flow): 0.000010, Reg: 0.000000
Iter 90 of 180 Loss: 0.000013, L1(Flow): 0.000013, Reg: 0.000000
Iter 100 of 180 Loss: 0.000012, L1(Flow): 0.000012, Reg: 0.000000
Iter 110 of 180 Loss: 0.000009, L1(Flow): 0.000009, Reg: 0.000000
Iter 120 of 180 Loss: 0.000013, L1(Flow): 0.000013, Reg: 0.000000
Iter 130 of 180 Loss: 0.000013, L1(Flow): 0.000013, Reg: 0.000000
Iter 140 of 180 Loss: 0.000009, L1(Flow): 0.000009, Reg: 0.000000
Iter 150 of 180 Loss: 0.000013, L1(Flow): 0.000013, Reg: 0.000000
Iter 160 of 180 Loss: 0.000011, L1(Flow): 0.000011, Reg: 0.000000
Iter 170 of 180 Loss: 0.000011, L1(Flow): 0.000011, Reg: 0.000000
Iter 180 of 180 Loss: 0.000013, L1(Flow): 0.000013, Reg: 0.000000
Epoch 179 Loss: 0.000012
Epoch 179 Validation: Mean EPE: 0.0000, Mean SSIM: 1.0000, Mean ZNCC: 1.0000
Epoch 180 starts
Iter 10 of 180 Loss: 0.000011, L1(Flow): 0.000011, Reg: 0.000000
Iter 20 of 180 Loss: 0.000010, L1(Flow): 0.000010, Reg: 0.000000
Iter 30 of 180 Loss: 0.000014, L1(Flow): 0.000014, Reg: 0.000000
Iter 40 of 180 Loss: 0.000012, L1(Flow): 0.000012, Reg: 0.000000
Iter 50 of 180 Loss: 0.000009, L1(Flow): 0.000009, Reg: 0.000000
Iter 60 of 180 Loss: 0.000013, L1(Flow): 0.000013, Reg: 0.000000
Iter 70 of 180 Loss: 0.000012, L1(Flow): 0.000012, Reg: 0.000000
Iter 80 of 180 Loss: 0.000011, L1(Flow): 0.000011, Reg: 0.000000
Iter 90 of 180 Loss: 0.000014, L1(Flow): 0.000014, Reg: 0.000000
Iter 100 of 180 Loss: 0.000011, L1(Flow): 0.000011, Reg: 0.000000
Iter 110 of 180 Loss: 0.000010, L1(Flow): 0.000010, Reg: 0.000000
Iter 120 of 180 Loss: 0.000013, L1(Flow): 0.000013, Reg: 0.000000
Iter 130 of 180 Loss: 0.000011, L1(Flow): 0.000011, Reg: 0.000000
Iter 140 of 180 Loss: 0.000011, L1(Flow): 0.000011, Reg: 0.000000
Iter 150 of 180 Loss: 0.000015, L1(Flow): 0.000015, Reg: 0.000000
Iter 160 of 180 Loss: 0.000013, L1(Flow): 0.000013, Reg: 0.000000
Iter 170 of 180 Loss: 0.000009, L1(Flow): 0.000009, Reg: 0.000000
Iter 180 of 180 Loss: 0.000014, L1(Flow): 0.000014, Reg: 0.000000
Epoch 180 Loss: 0.000012
Epoch 180 Validation: Mean EPE: 0.0000, Mean SSIM: 1.0000, Mean ZNCC: 1.0000
Epoch 181 starts
Iter 10 of 180 Loss: 0.000012, L1(Flow): 0.000012, Reg: 0.000000
Iter 20 of 180 Loss: 0.000009, L1(Flow): 0.000009, Reg: 0.000000
Iter 30 of 180 Loss: 0.000014, L1(Flow): 0.000014, Reg: 0.000000
Iter 40 of 180 Loss: 0.000012, L1(Flow): 0.000012, Reg: 0.000000
Iter 50 of 180 Loss: 0.000009, L1(Flow): 0.000009, Reg: 0.000000
Iter 60 of 180 Loss: 0.000013, L1(Flow): 0.000013, Reg: 0.000000
Iter 70 of 180 Loss: 0.000012, L1(Flow): 0.000012, Reg: 0.000000
Iter 80 of 180 Loss: 0.000009, L1(Flow): 0.000009, Reg: 0.000000
Iter 90 of 180 Loss: 0.000014, L1(Flow): 0.000014, Reg: 0.000000
Iter 100 of 180 Loss: 0.000013, L1(Flow): 0.000013, Reg: 0.000000
Iter 110 of 180 Loss: 0.000009, L1(Flow): 0.000009, Reg: 0.000000
Iter 120 of 180 Loss: 0.000013, L1(Flow): 0.000013, Reg: 0.000000
Iter 130 of 180 Loss: 0.000012, L1(Flow): 0.000012, Reg: 0.000000
Iter 140 of 180 Loss: 0.000009, L1(Flow): 0.000009, Reg: 0.000000
Iter 150 of 180 Loss: 0.000014, L1(Flow): 0.000014, Reg: 0.000000
Iter 160 of 180 Loss: 0.000011, L1(Flow): 0.000011, Reg: 0.000000
Iter 170 of 180 Loss: 0.000009, L1(Flow): 0.000009, Reg: 0.000000
Iter 180 of 180 Loss: 0.000015, L1(Flow): 0.000015, Reg: 0.000000
Epoch 181 Loss: 0.000012
Epoch 181 Validation: Mean EPE: 0.0000, Mean SSIM: 1.0000, Mean ZNCC: 1.0000
Epoch 182 starts
Iter 10 of 180 Loss: 0.000012, L1(Flow): 0.000012, Reg: 0.000000
Iter 20 of 180 Loss: 0.000011, L1(Flow): 0.000011, Reg: 0.000000
Iter 30 of 180 Loss: 0.000013, L1(Flow): 0.000013, Reg: 0.000000
Iter 40 of 180 Loss: 0.000013, L1(Flow): 0.000013, Reg: 0.000000
Iter 50 of 180 Loss: 0.000009, L1(Flow): 0.000009, Reg: 0.000000
Iter 60 of 180 Loss: 0.000014, L1(Flow): 0.000014, Reg: 0.000000
Iter 70 of 180 Loss: 0.000012, L1(Flow): 0.000012, Reg: 0.000000
Iter 80 of 180 Loss: 0.000009, L1(Flow): 0.000009, Reg: 0.000000
Iter 90 of 180 Loss: 0.000013, L1(Flow): 0.000013, Reg: 0.000000
Iter 100 of 180 Loss: 0.000011, L1(Flow): 0.000011, Reg: 0.000000
Iter 110 of 180 Loss: 0.000010, L1(Flow): 0.000010, Reg: 0.000000
Iter 120 of 180 Loss: 0.000013, L1(Flow): 0.000013, Reg: 0.000000
Iter 130 of 180 Loss: 0.000011, L1(Flow): 0.000011, Reg: 0.000000
Iter 140 of 180 Loss: 0.000010, L1(Flow): 0.000010, Reg: 0.000000
Iter 150 of 180 Loss: 0.000013, L1(Flow): 0.000013, Reg: 0.000000
Iter 160 of 180 Loss: 0.000012, L1(Flow): 0.000012, Reg: 0.000000
Iter 170 of 180 Loss: 0.000009, L1(Flow): 0.000009, Reg: 0.000000
Iter 180 of 180 Loss: 0.000014, L1(Flow): 0.000014, Reg: 0.000000
Epoch 182 Loss: 0.000012
Epoch 182 Validation: Mean EPE: 0.0000, Mean SSIM: 1.0000, Mean ZNCC: 1.0000
Epoch 183 starts
Iter 10 of 180 Loss: 0.000012, L1(Flow): 0.000012, Reg: 0.000000
Iter 20 of 180 Loss: 0.000009, L1(Flow): 0.000009, Reg: 0.000000
Iter 30 of 180 Loss: 0.000014, L1(Flow): 0.000014, Reg: 0.000000
Iter 40 of 180 Loss: 0.000012, L1(Flow): 0.000012, Reg: 0.000000
Iter 50 of 180 Loss: 0.000010, L1(Flow): 0.000010, Reg: 0.000000
Iter 60 of 180 Loss: 0.000013, L1(Flow): 0.000013, Reg: 0.000000
Iter 70 of 180 Loss: 0.000013, L1(Flow): 0.000013, Reg: 0.000000
Iter 80 of 180 Loss: 0.000010, L1(Flow): 0.000010, Reg: 0.000000
Iter 90 of 180 Loss: 0.000014, L1(Flow): 0.000014, Reg: 0.000000
Iter 100 of 180 Loss: 0.000012, L1(Flow): 0.000012, Reg: 0.000000
Iter 110 of 180 Loss: 0.000010, L1(Flow): 0.000010, Reg: 0.000000
Iter 120 of 180 Loss: 0.000013, L1(Flow): 0.000013, Reg: 0.000000
Iter 130 of 180 Loss: 0.000012, L1(Flow): 0.000012, Reg: 0.000000
Iter 140 of 180 Loss: 0.000010, L1(Flow): 0.000010, Reg: 0.000000
Iter 150 of 180 Loss: 0.000014, L1(Flow): 0.000014, Reg: 0.000000
Iter 160 of 180 Loss: 0.000011, L1(Flow): 0.000011, Reg: 0.000000
Iter 170 of 180 Loss: 0.000010, L1(Flow): 0.000010, Reg: 0.000000
Iter 180 of 180 Loss: 0.000014, L1(Flow): 0.000014, Reg: 0.000000
Epoch 183 Loss: 0.000012
Epoch 183 Validation: Mean EPE: 0.0000, Mean SSIM: 1.0000, Mean ZNCC: 1.0000
Epoch 184 starts
Iter 10 of 180 Loss: 0.000011, L1(Flow): 0.000011, Reg: 0.000000
Iter 20 of 180 Loss: 0.000009, L1(Flow): 0.000009, Reg: 0.000000
Iter 30 of 180 Loss: 0.000014, L1(Flow): 0.000014, Reg: 0.000000
Iter 40 of 180 Loss: 0.000010, L1(Flow): 0.000010, Reg: 0.000000
Iter 50 of 180 Loss: 0.000010, L1(Flow): 0.000010, Reg: 0.000000
Iter 60 of 180 Loss: 0.000014, L1(Flow): 0.000014, Reg: 0.000000
Iter 70 of 180 Loss: 0.000012, L1(Flow): 0.000012, Reg: 0.000000
Iter 80 of 180 Loss: 0.000010, L1(Flow): 0.000010, Reg: 0.000000
Iter 90 of 180 Loss: 0.000014, L1(Flow): 0.000014, Reg: 0.000000
Iter 100 of 180 Loss: 0.000012, L1(Flow): 0.000012, Reg: 0.000000
Iter 110 of 180 Loss: 0.000009, L1(Flow): 0.000009, Reg: 0.000000
Iter 120 of 180 Loss: 0.000014, L1(Flow): 0.000014, Reg: 0.000000
Iter 130 of 180 Loss: 0.000011, L1(Flow): 0.000011, Reg: 0.000000
Iter 140 of 180 Loss: 0.000010, L1(Flow): 0.000010, Reg: 0.000000
Iter 150 of 180 Loss: 0.000013, L1(Flow): 0.000013, Reg: 0.000000
Iter 160 of 180 Loss: 0.000012, L1(Flow): 0.000012, Reg: 0.000000
Iter 170 of 180 Loss: 0.000009, L1(Flow): 0.000009, Reg: 0.000000
Iter 180 of 180 Loss: 0.000014, L1(Flow): 0.000014, Reg: 0.000000
Epoch 184 Loss: 0.000012
Epoch 184 Validation: Mean EPE: 0.0000, Mean SSIM: 1.0000, Mean ZNCC: 1.0000
Epoch 185 starts
Iter 10 of 180 Loss: 0.000012, L1(Flow): 0.000012, Reg: 0.000000
Iter 20 of 180 Loss: 0.000010, L1(Flow): 0.000010, Reg: 0.000000
Iter 30 of 180 Loss: 0.000012, L1(Flow): 0.000012, Reg: 0.000000
Iter 40 of 180 Loss: 0.000012, L1(Flow): 0.000012, Reg: 0.000000
Iter 50 of 180 Loss: 0.000010, L1(Flow): 0.000010, Reg: 0.000000
Iter 60 of 180 Loss: 0.000014, L1(Flow): 0.000014, Reg: 0.000000
Iter 70 of 180 Loss: 0.000011, L1(Flow): 0.000011, Reg: 0.000000
Iter 80 of 180 Loss: 0.000010, L1(Flow): 0.000010, Reg: 0.000000
Iter 90 of 180 Loss: 0.000013, L1(Flow): 0.000013, Reg: 0.000000
Iter 100 of 180 Loss: 0.000012, L1(Flow): 0.000012, Reg: 0.000000
Iter 110 of 180 Loss: 0.000010, L1(Flow): 0.000010, Reg: 0.000000
Iter 120 of 180 Loss: 0.000013, L1(Flow): 0.000013, Reg: 0.000000
Iter 130 of 180 Loss: 0.000011, L1(Flow): 0.000011, Reg: 0.000000
Iter 140 of 180 Loss: 0.000010, L1(Flow): 0.000010, Reg: 0.000000
Iter 150 of 180 Loss: 0.000014, L1(Flow): 0.000014, Reg: 0.000000
Iter 160 of 180 Loss: 0.000011, L1(Flow): 0.000011, Reg: 0.000000
Iter 170 of 180 Loss: 0.000010, L1(Flow): 0.000010, Reg: 0.000000
Iter 180 of 180 Loss: 0.000013, L1(Flow): 0.000013, Reg: 0.000000
Epoch 185 Loss: 0.000012
Epoch 185 Validation: Mean EPE: 0.0000, Mean SSIM: 1.0000, Mean ZNCC: 1.0000
Epoch 186 starts
Iter 10 of 180 Loss: 0.000012, L1(Flow): 0.000012, Reg: 0.000000
Iter 20 of 180 Loss: 0.000009, L1(Flow): 0.000009, Reg: 0.000000
Iter 30 of 180 Loss: 0.000013, L1(Flow): 0.000013, Reg: 0.000000
Iter 40 of 180 Loss: 0.000012, L1(Flow): 0.000012, Reg: 0.000000
Iter 50 of 180 Loss: 0.000011, L1(Flow): 0.000011, Reg: 0.000000
Iter 60 of 180 Loss: 0.000014, L1(Flow): 0.000014, Reg: 0.000000
Iter 70 of 180 Loss: 0.000012, L1(Flow): 0.000012, Reg: 0.000000
Iter 80 of 180 Loss: 0.000011, L1(Flow): 0.000011, Reg: 0.000000
Iter 90 of 180 Loss: 0.000014, L1(Flow): 0.000014, Reg: 0.000000
Iter 100 of 180 Loss: 0.000012, L1(Flow): 0.000012, Reg: 0.000000
Iter 110 of 180 Loss: 0.000009, L1(Flow): 0.000009, Reg: 0.000000
Iter 120 of 180 Loss: 0.000012, L1(Flow): 0.000012, Reg: 0.000000
Iter 130 of 180 Loss: 0.000012, L1(Flow): 0.000012, Reg: 0.000000
Iter 140 of 180 Loss: 0.000010, L1(Flow): 0.000010, Reg: 0.000000
Iter 150 of 180 Loss: 0.000015, L1(Flow): 0.000015, Reg: 0.000000
Iter 160 of 180 Loss: 0.000012, L1(Flow): 0.000012, Reg: 0.000000
Iter 170 of 180 Loss: 0.000010, L1(Flow): 0.000010, Reg: 0.000000
Iter 180 of 180 Loss: 0.000014, L1(Flow): 0.000014, Reg: 0.000000
Epoch 186 Loss: 0.000012
Epoch 186 Validation: Mean EPE: 0.0000, Mean SSIM: 1.0000, Mean ZNCC: 1.0000
Epoch 187 starts
Iter 10 of 180 Loss: 0.000012, L1(Flow): 0.000012, Reg: 0.000000
Iter 20 of 180 Loss: 0.000010, L1(Flow): 0.000010, Reg: 0.000000
Iter 30 of 180 Loss: 0.000014, L1(Flow): 0.000014, Reg: 0.000000
Iter 40 of 180 Loss: 0.000011, L1(Flow): 0.000011, Reg: 0.000000
Iter 50 of 180 Loss: 0.000010, L1(Flow): 0.000010, Reg: 0.000000
Iter 60 of 180 Loss: 0.000013, L1(Flow): 0.000013, Reg: 0.000000
Iter 70 of 180 Loss: 0.000011, L1(Flow): 0.000011, Reg: 0.000000
Iter 80 of 180 Loss: 0.000010, L1(Flow): 0.000010, Reg: 0.000000
Iter 90 of 180 Loss: 0.000014, L1(Flow): 0.000014, Reg: 0.000000
Iter 100 of 180 Loss: 0.000012, L1(Flow): 0.000012, Reg: 0.000000
Iter 110 of 180 Loss: 0.000010, L1(Flow): 0.000010, Reg: 0.000000
Iter 120 of 180 Loss: 0.000013, L1(Flow): 0.000013, Reg: 0.000000
Iter 130 of 180 Loss: 0.000012, L1(Flow): 0.000012, Reg: 0.000000
Iter 140 of 180 Loss: 0.000011, L1(Flow): 0.000011, Reg: 0.000000
Iter 150 of 180 Loss: 0.000012, L1(Flow): 0.000012, Reg: 0.000000
Iter 160 of 180 Loss: 0.000012, L1(Flow): 0.000012, Reg: 0.000000
Iter 170 of 180 Loss: 0.000009, L1(Flow): 0.000009, Reg: 0.000000
Iter 180 of 180 Loss: 0.000013, L1(Flow): 0.000013, Reg: 0.000000
Epoch 187 Loss: 0.000011
Epoch 187 Validation: Mean EPE: 0.0000, Mean SSIM: 1.0000, Mean ZNCC: 1.0000
Epoch 188 starts
Iter 10 of 180 Loss: 0.000011, L1(Flow): 0.000011, Reg: 0.000000
Iter 20 of 180 Loss: 0.000010, L1(Flow): 0.000010, Reg: 0.000000
Iter 30 of 180 Loss: 0.000014, L1(Flow): 0.000014, Reg: 0.000000
Iter 40 of 180 Loss: 0.000012, L1(Flow): 0.000012, Reg: 0.000000
Iter 50 of 180 Loss: 0.000011, L1(Flow): 0.000011, Reg: 0.000000
Iter 60 of 180 Loss: 0.000013, L1(Flow): 0.000013, Reg: 0.000000
Iter 70 of 180 Loss: 0.000012, L1(Flow): 0.000012, Reg: 0.000000
Iter 80 of 180 Loss: 0.000010, L1(Flow): 0.000010, Reg: 0.000000
Iter 90 of 180 Loss: 0.000013, L1(Flow): 0.000013, Reg: 0.000000
Iter 100 of 180 Loss: 0.000012, L1(Flow): 0.000012, Reg: 0.000000
Iter 110 of 180 Loss: 0.000010, L1(Flow): 0.000010, Reg: 0.000000
Iter 120 of 180 Loss: 0.000013, L1(Flow): 0.000013, Reg: 0.000000
Iter 130 of 180 Loss: 0.000012, L1(Flow): 0.000012, Reg: 0.000000
Iter 140 of 180 Loss: 0.000010, L1(Flow): 0.000010, Reg: 0.000000
Iter 150 of 180 Loss: 0.000014, L1(Flow): 0.000014, Reg: 0.000000
Iter 160 of 180 Loss: 0.000012, L1(Flow): 0.000012, Reg: 0.000000
Iter 170 of 180 Loss: 0.000010, L1(Flow): 0.000010, Reg: 0.000000
Iter 180 of 180 Loss: 0.000013, L1(Flow): 0.000013, Reg: 0.000000
Epoch 188 Loss: 0.000012
Epoch 188 Validation: Mean EPE: 0.0000, Mean SSIM: 1.0000, Mean ZNCC: 1.0000
Epoch 189 starts
Iter 10 of 180 Loss: 0.000012, L1(Flow): 0.000012, Reg: 0.000000
Iter 20 of 180 Loss: 0.000010, L1(Flow): 0.000010, Reg: 0.000000
Iter 30 of 180 Loss: 0.000014, L1(Flow): 0.000014, Reg: 0.000000
Iter 40 of 180 Loss: 0.000012, L1(Flow): 0.000012, Reg: 0.000000
Iter 50 of 180 Loss: 0.000010, L1(Flow): 0.000010, Reg: 0.000000
Iter 60 of 180 Loss: 0.000013, L1(Flow): 0.000013, Reg: 0.000000
Iter 70 of 180 Loss: 0.000012, L1(Flow): 0.000012, Reg: 0.000000
Iter 80 of 180 Loss: 0.000010, L1(Flow): 0.000010, Reg: 0.000000
Iter 90 of 180 Loss: 0.000013, L1(Flow): 0.000013, Reg: 0.000000
Iter 100 of 180 Loss: 0.000012, L1(Flow): 0.000012, Reg: 0.000000
Iter 110 of 180 Loss: 0.000010, L1(Flow): 0.000010, Reg: 0.000000
Iter 120 of 180 Loss: 0.000013, L1(Flow): 0.000013, Reg: 0.000000
Iter 130 of 180 Loss: 0.000011, L1(Flow): 0.000011, Reg: 0.000000
Iter 140 of 180 Loss: 0.000010, L1(Flow): 0.000010, Reg: 0.000000
Iter 150 of 180 Loss: 0.000013, L1(Flow): 0.000013, Reg: 0.000000
Iter 160 of 180 Loss: 0.000011, L1(Flow): 0.000011, Reg: 0.000000
Iter 170 of 180 Loss: 0.000009, L1(Flow): 0.000009, Reg: 0.000000
Iter 180 of 180 Loss: 0.000013, L1(Flow): 0.000013, Reg: 0.000000
Epoch 189 Loss: 0.000011
Epoch 189 Validation: Mean EPE: 0.0000, Mean SSIM: 1.0000, Mean ZNCC: 1.0000
Epoch 190 starts
Iter 10 of 180 Loss: 0.000012, L1(Flow): 0.000012, Reg: 0.000000
Iter 20 of 180 Loss: 0.000010, L1(Flow): 0.000010, Reg: 0.000000
Iter 30 of 180 Loss: 0.000014, L1(Flow): 0.000014, Reg: 0.000000
Iter 40 of 180 Loss: 0.000012, L1(Flow): 0.000012, Reg: 0.000000
Iter 50 of 180 Loss: 0.000010, L1(Flow): 0.000010, Reg: 0.000000
Iter 60 of 180 Loss: 0.000013, L1(Flow): 0.000013, Reg: 0.000000
Iter 70 of 180 Loss: 0.000012, L1(Flow): 0.000012, Reg: 0.000000
Iter 80 of 180 Loss: 0.000009, L1(Flow): 0.000009, Reg: 0.000000
Iter 90 of 180 Loss: 0.000013, L1(Flow): 0.000013, Reg: 0.000000
Iter 100 of 180 Loss: 0.000012, L1(Flow): 0.000012, Reg: 0.000000
Iter 110 of 180 Loss: 0.000010, L1(Flow): 0.000010, Reg: 0.000000
Iter 120 of 180 Loss: 0.000013, L1(Flow): 0.000013, Reg: 0.000000
Iter 130 of 180 Loss: 0.000011, L1(Flow): 0.000011, Reg: 0.000000
Iter 140 of 180 Loss: 0.000010, L1(Flow): 0.000010, Reg: 0.000000
Iter 150 of 180 Loss: 0.000013, L1(Flow): 0.000013, Reg: 0.000000
Iter 160 of 180 Loss: 0.000012, L1(Flow): 0.000012, Reg: 0.000000
Iter 170 of 180 Loss: 0.000009, L1(Flow): 0.000009, Reg: 0.000000
Iter 180 of 180 Loss: 0.000013, L1(Flow): 0.000013, Reg: 0.000000
Epoch 190 Loss: 0.000012
Epoch 190 Validation: Mean EPE: 0.0000, Mean SSIM: 1.0000, Mean ZNCC: 1.0000
Epoch 191 starts
Iter 10 of 180 Loss: 0.000012, L1(Flow): 0.000012, Reg: 0.000000
Iter 20 of 180 Loss: 0.000010, L1(Flow): 0.000010, Reg: 0.000000
Iter 30 of 180 Loss: 0.000014, L1(Flow): 0.000014, Reg: 0.000000
Iter 40 of 180 Loss: 0.000011, L1(Flow): 0.000011, Reg: 0.000000
Iter 50 of 180 Loss: 0.000010, L1(Flow): 0.000010, Reg: 0.000000
Iter 60 of 180 Loss: 0.000014, L1(Flow): 0.000014, Reg: 0.000000
Iter 70 of 180 Loss: 0.000011, L1(Flow): 0.000011, Reg: 0.000000
Iter 80 of 180 Loss: 0.000010, L1(Flow): 0.000010, Reg: 0.000000
Iter 90 of 180 Loss: 0.000013, L1(Flow): 0.000013, Reg: 0.000000
Iter 100 of 180 Loss: 0.000011, L1(Flow): 0.000011, Reg: 0.000000
Iter 110 of 180 Loss: 0.000009, L1(Flow): 0.000009, Reg: 0.000000
Iter 120 of 180 Loss: 0.000015, L1(Flow): 0.000015, Reg: 0.000000
Iter 130 of 180 Loss: 0.000012, L1(Flow): 0.000012, Reg: 0.000000
Iter 140 of 180 Loss: 0.000010, L1(Flow): 0.000010, Reg: 0.000000
Iter 150 of 180 Loss: 0.000015, L1(Flow): 0.000015, Reg: 0.000000
Iter 160 of 180 Loss: 0.000011, L1(Flow): 0.000011, Reg: 0.000000
Iter 170 of 180 Loss: 0.000010, L1(Flow): 0.000010, Reg: 0.000000
Iter 180 of 180 Loss: 0.000013, L1(Flow): 0.000013, Reg: 0.000000
Epoch 191 Loss: 0.000012
Epoch 191 Validation: Mean EPE: 0.0000, Mean SSIM: 1.0000, Mean ZNCC: 1.0000
Epoch 192 starts
Iter 10 of 180 Loss: 0.000011, L1(Flow): 0.000011, Reg: 0.000000
Iter 20 of 180 Loss: 0.000009, L1(Flow): 0.000009, Reg: 0.000000
Iter 30 of 180 Loss: 0.000013, L1(Flow): 0.000013, Reg: 0.000000
Iter 40 of 180 Loss: 0.000013, L1(Flow): 0.000013, Reg: 0.000000
Iter 50 of 180 Loss: 0.000010, L1(Flow): 0.000010, Reg: 0.000000
Iter 60 of 180 Loss: 0.000014, L1(Flow): 0.000014, Reg: 0.000000
Iter 70 of 180 Loss: 0.000011, L1(Flow): 0.000011, Reg: 0.000000
Iter 80 of 180 Loss: 0.000010, L1(Flow): 0.000010, Reg: 0.000000
Iter 90 of 180 Loss: 0.000014, L1(Flow): 0.000014, Reg: 0.000000
Iter 100 of 180 Loss: 0.000010, L1(Flow): 0.000010, Reg: 0.000000
Iter 110 of 180 Loss: 0.000010, L1(Flow): 0.000010, Reg: 0.000000
Iter 120 of 180 Loss: 0.000014, L1(Flow): 0.000014, Reg: 0.000000
Iter 130 of 180 Loss: 0.000011, L1(Flow): 0.000011, Reg: 0.000000
Iter 140 of 180 Loss: 0.000010, L1(Flow): 0.000010, Reg: 0.000000
Iter 150 of 180 Loss: 0.000013, L1(Flow): 0.000013, Reg: 0.000000
Iter 160 of 180 Loss: 0.000011, L1(Flow): 0.000011, Reg: 0.000000
Iter 170 of 180 Loss: 0.000009, L1(Flow): 0.000009, Reg: 0.000000
Iter 180 of 180 Loss: 0.000013, L1(Flow): 0.000013, Reg: 0.000000
Epoch 192 Loss: 0.000011
Epoch 192 Validation: Mean EPE: 0.0000, Mean SSIM: 1.0000, Mean ZNCC: 1.0000
Epoch 193 starts
Iter 10 of 180 Loss: 0.000012, L1(Flow): 0.000012, Reg: 0.000000
Iter 20 of 180 Loss: 0.000009, L1(Flow): 0.000009, Reg: 0.000000
Iter 30 of 180 Loss: 0.000013, L1(Flow): 0.000013, Reg: 0.000000
Iter 40 of 180 Loss: 0.000010, L1(Flow): 0.000010, Reg: 0.000000
Iter 50 of 180 Loss: 0.000009, L1(Flow): 0.000009, Reg: 0.000000
Iter 60 of 180 Loss: 0.000013, L1(Flow): 0.000013, Reg: 0.000000
Iter 70 of 180 Loss: 0.000011, L1(Flow): 0.000011, Reg: 0.000000
Iter 80 of 180 Loss: 0.000010, L1(Flow): 0.000010, Reg: 0.000000
Iter 90 of 180 Loss: 0.000013, L1(Flow): 0.000013, Reg: 0.000000
Iter 100 of 180 Loss: 0.000012, L1(Flow): 0.000012, Reg: 0.000000
Iter 110 of 180 Loss: 0.000009, L1(Flow): 0.000009, Reg: 0.000000
Iter 120 of 180 Loss: 0.000013, L1(Flow): 0.000013, Reg: 0.000000
Iter 130 of 180 Loss: 0.000012, L1(Flow): 0.000012, Reg: 0.000000
Iter 140 of 180 Loss: 0.000009, L1(Flow): 0.000009, Reg: 0.000000
Iter 150 of 180 Loss: 0.000014, L1(Flow): 0.000014, Reg: 0.000000
Iter 160 of 180 Loss: 0.000012, L1(Flow): 0.000012, Reg: 0.000000
Iter 170 of 180 Loss: 0.000010, L1(Flow): 0.000010, Reg: 0.000000
Iter 180 of 180 Loss: 0.000014, L1(Flow): 0.000014, Reg: 0.000000
Epoch 193 Loss: 0.000012
Epoch 193 Validation: Mean EPE: 0.0000, Mean SSIM: 1.0000, Mean ZNCC: 1.0000
Epoch 194 starts
Iter 10 of 180 Loss: 0.000011, L1(Flow): 0.000011, Reg: 0.000000
Iter 20 of 180 Loss: 0.000009, L1(Flow): 0.000009, Reg: 0.000000
Iter 30 of 180 Loss: 0.000014, L1(Flow): 0.000014, Reg: 0.000000
Iter 40 of 180 Loss: 0.000011, L1(Flow): 0.000011, Reg: 0.000000
Iter 50 of 180 Loss: 0.000010, L1(Flow): 0.000010, Reg: 0.000000
Iter 60 of 180 Loss: 0.000013, L1(Flow): 0.000013, Reg: 0.000000
Iter 70 of 180 Loss: 0.000011, L1(Flow): 0.000011, Reg: 0.000000
Iter 80 of 180 Loss: 0.000009, L1(Flow): 0.000009, Reg: 0.000000
Iter 90 of 180 Loss: 0.000014, L1(Flow): 0.000014, Reg: 0.000000
Iter 100 of 180 Loss: 0.000012, L1(Flow): 0.000012, Reg: 0.000000
Iter 110 of 180 Loss: 0.000009, L1(Flow): 0.000009, Reg: 0.000000
Iter 120 of 180 Loss: 0.000013, L1(Flow): 0.000013, Reg: 0.000000
Iter 130 of 180 Loss: 0.000012, L1(Flow): 0.000012, Reg: 0.000000
Iter 140 of 180 Loss: 0.000009, L1(Flow): 0.000009, Reg: 0.000000
Iter 150 of 180 Loss: 0.000015, L1(Flow): 0.000015, Reg: 0.000000
Iter 160 of 180 Loss: 0.000012, L1(Flow): 0.000012, Reg: 0.000000
Iter 170 of 180 Loss: 0.000010, L1(Flow): 0.000010, Reg: 0.000000
Iter 180 of 180 Loss: 0.000014, L1(Flow): 0.000014, Reg: 0.000000
Epoch 194 Loss: 0.000012
Epoch 194 Validation: Mean EPE: 0.0000, Mean SSIM: 1.0000, Mean ZNCC: 1.0000
Epoch 195 starts
Iter 10 of 180 Loss: 0.000012, L1(Flow): 0.000012, Reg: 0.000000
Iter 20 of 180 Loss: 0.000010, L1(Flow): 0.000010, Reg: 0.000000
Iter 30 of 180 Loss: 0.000014, L1(Flow): 0.000014, Reg: 0.000000
Iter 40 of 180 Loss: 0.000012, L1(Flow): 0.000012, Reg: 0.000000
Iter 50 of 180 Loss: 0.000010, L1(Flow): 0.000010, Reg: 0.000000
Iter 60 of 180 Loss: 0.000014, L1(Flow): 0.000014, Reg: 0.000000
Iter 70 of 180 Loss: 0.000011, L1(Flow): 0.000011, Reg: 0.000000
Iter 80 of 180 Loss: 0.000009, L1(Flow): 0.000009, Reg: 0.000000
Iter 90 of 180 Loss: 0.000014, L1(Flow): 0.000014, Reg: 0.000000
Iter 100 of 180 Loss: 0.000012, L1(Flow): 0.000012, Reg: 0.000000
Iter 110 of 180 Loss: 0.000010, L1(Flow): 0.000010, Reg: 0.000000
Iter 120 of 180 Loss: 0.000014, L1(Flow): 0.000014, Reg: 0.000000
Iter 130 of 180 Loss: 0.000012, L1(Flow): 0.000012, Reg: 0.000000
Iter 140 of 180 Loss: 0.000009, L1(Flow): 0.000009, Reg: 0.000000
Iter 150 of 180 Loss: 0.000014, L1(Flow): 0.000014, Reg: 0.000000
Iter 160 of 180 Loss: 0.000012, L1(Flow): 0.000012, Reg: 0.000000
Iter 170 of 180 Loss: 0.000010, L1(Flow): 0.000010, Reg: 0.000000
Iter 180 of 180 Loss: 0.000014, L1(Flow): 0.000014, Reg: 0.000000
Epoch 195 Loss: 0.000012
Epoch 195 Validation: Mean EPE: 0.0000, Mean SSIM: 1.0000, Mean ZNCC: 1.0000
Epoch 196 starts
Iter 10 of 180 Loss: 0.000012, L1(Flow): 0.000012, Reg: 0.000000
Iter 20 of 180 Loss: 0.000009, L1(Flow): 0.000009, Reg: 0.000000
Iter 30 of 180 Loss: 0.000015, L1(Flow): 0.000015, Reg: 0.000000
Iter 40 of 180 Loss: 0.000011, L1(Flow): 0.000011, Reg: 0.000000
Iter 50 of 180 Loss: 0.000009, L1(Flow): 0.000009, Reg: 0.000000
Iter 60 of 180 Loss: 0.000013, L1(Flow): 0.000013, Reg: 0.000000
Iter 70 of 180 Loss: 0.000010, L1(Flow): 0.000010, Reg: 0.000000
Iter 80 of 180 Loss: 0.000009, L1(Flow): 0.000009, Reg: 0.000000
Iter 90 of 180 Loss: 0.000012, L1(Flow): 0.000012, Reg: 0.000000
Iter 100 of 180 Loss: 0.000011, L1(Flow): 0.000011, Reg: 0.000000
Iter 110 of 180 Loss: 0.000010, L1(Flow): 0.000010, Reg: 0.000000
Iter 120 of 180 Loss: 0.000014, L1(Flow): 0.000014, Reg: 0.000000
Iter 130 of 180 Loss: 0.000011, L1(Flow): 0.000011, Reg: 0.000000
Iter 140 of 180 Loss: 0.000010, L1(Flow): 0.000010, Reg: 0.000000
Iter 150 of 180 Loss: 0.000013, L1(Flow): 0.000013, Reg: 0.000000
Iter 160 of 180 Loss: 0.000011, L1(Flow): 0.000011, Reg: 0.000000
Iter 170 of 180 Loss: 0.000010, L1(Flow): 0.000010, Reg: 0.000000
Iter 180 of 180 Loss: 0.000014, L1(Flow): 0.000014, Reg: 0.000000
Epoch 196 Loss: 0.000011
Epoch 196 Validation: Mean EPE: 0.0000, Mean SSIM: 1.0000, Mean ZNCC: 1.0000
Epoch 197 starts
Iter 10 of 180 Loss: 0.000011, L1(Flow): 0.000011, Reg: 0.000000
Iter 20 of 180 Loss: 0.000010, L1(Flow): 0.000010, Reg: 0.000000
Iter 30 of 180 Loss: 0.000014, L1(Flow): 0.000014, Reg: 0.000000
Iter 40 of 180 Loss: 0.000011, L1(Flow): 0.000011, Reg: 0.000000
Iter 50 of 180 Loss: 0.000010, L1(Flow): 0.000010, Reg: 0.000000
Iter 60 of 180 Loss: 0.000013, L1(Flow): 0.000013, Reg: 0.000000
Iter 70 of 180 Loss: 0.000011, L1(Flow): 0.000011, Reg: 0.000000
Iter 80 of 180 Loss: 0.000011, L1(Flow): 0.000011, Reg: 0.000000
Iter 90 of 180 Loss: 0.000014, L1(Flow): 0.000014, Reg: 0.000000
Iter 100 of 180 Loss: 0.000011, L1(Flow): 0.000011, Reg: 0.000000
Iter 110 of 180 Loss: 0.000010, L1(Flow): 0.000010, Reg: 0.000000
Iter 120 of 180 Loss: 0.000013, L1(Flow): 0.000013, Reg: 0.000000
Iter 130 of 180 Loss: 0.000013, L1(Flow): 0.000013, Reg: 0.000000
Iter 140 of 180 Loss: 0.000010, L1(Flow): 0.000010, Reg: 0.000000
Iter 150 of 180 Loss: 0.000014, L1(Flow): 0.000014, Reg: 0.000000
Iter 160 of 180 Loss: 0.000012, L1(Flow): 0.000012, Reg: 0.000000
Iter 170 of 180 Loss: 0.000010, L1(Flow): 0.000010, Reg: 0.000000
Iter 180 of 180 Loss: 0.000013, L1(Flow): 0.000013, Reg: 0.000000
Epoch 197 Loss: 0.000012
Epoch 197 Validation: Mean EPE: 0.0000, Mean SSIM: 1.0000, Mean ZNCC: 1.0000
Epoch 198 starts
Iter 10 of 180 Loss: 0.000012, L1(Flow): 0.000012, Reg: 0.000000
Iter 20 of 180 Loss: 0.000010, L1(Flow): 0.000010, Reg: 0.000000
Iter 30 of 180 Loss: 0.000014, L1(Flow): 0.000014, Reg: 0.000000
Iter 40 of 180 Loss: 0.000012, L1(Flow): 0.000012, Reg: 0.000000
Iter 50 of 180 Loss: 0.000010, L1(Flow): 0.000010, Reg: 0.000000
Iter 60 of 180 Loss: 0.000013, L1(Flow): 0.000013, Reg: 0.000000
Iter 70 of 180 Loss: 0.000012, L1(Flow): 0.000012, Reg: 0.000000
Iter 80 of 180 Loss: 0.000010, L1(Flow): 0.000010, Reg: 0.000000
Iter 90 of 180 Loss: 0.000014, L1(Flow): 0.000014, Reg: 0.000000
Iter 100 of 180 Loss: 0.000012, L1(Flow): 0.000012, Reg: 0.000000
Iter 110 of 180 Loss: 0.000010, L1(Flow): 0.000010, Reg: 0.000000
Iter 120 of 180 Loss: 0.000014, L1(Flow): 0.000014, Reg: 0.000000
Iter 130 of 180 Loss: 0.000012, L1(Flow): 0.000012, Reg: 0.000000
Iter 140 of 180 Loss: 0.000010, L1(Flow): 0.000010, Reg: 0.000000
Iter 150 of 180 Loss: 0.000014, L1(Flow): 0.000014, Reg: 0.000000
Iter 160 of 180 Loss: 0.000011, L1(Flow): 0.000011, Reg: 0.000000
Iter 170 of 180 Loss: 0.000010, L1(Flow): 0.000010, Reg: 0.000000
Iter 180 of 180 Loss: 0.000013, L1(Flow): 0.000013, Reg: 0.000000
Epoch 198 Loss: 0.000012
Epoch 198 Validation: Mean EPE: 0.0000, Mean SSIM: 1.0000, Mean ZNCC: 1.0000
Epoch 199 starts
Iter 10 of 180 Loss: 0.000012, L1(Flow): 0.000012, Reg: 0.000000
Iter 20 of 180 Loss: 0.000010, L1(Flow): 0.000010, Reg: 0.000000
Iter 30 of 180 Loss: 0.000014, L1(Flow): 0.000014, Reg: 0.000000
Iter 40 of 180 Loss: 0.000011, L1(Flow): 0.000011, Reg: 0.000000
Iter 50 of 180 Loss: 0.000010, L1(Flow): 0.000010, Reg: 0.000000
Iter 60 of 180 Loss: 0.000014, L1(Flow): 0.000014, Reg: 0.000000
Iter 70 of 180 Loss: 0.000011, L1(Flow): 0.000011, Reg: 0.000000
Iter 80 of 180 Loss: 0.000011, L1(Flow): 0.000011, Reg: 0.000000
Iter 90 of 180 Loss: 0.000013, L1(Flow): 0.000013, Reg: 0.000000
Iter 100 of 180 Loss: 0.000011, L1(Flow): 0.000011, Reg: 0.000000
Iter 110 of 180 Loss: 0.000010, L1(Flow): 0.000010, Reg: 0.000000
Iter 120 of 180 Loss: 0.000014, L1(Flow): 0.000014, Reg: 0.000000
Iter 130 of 180 Loss: 0.000012, L1(Flow): 0.000012, Reg: 0.000000
Iter 140 of 180 Loss: 0.000010, L1(Flow): 0.000010, Reg: 0.000000
Iter 150 of 180 Loss: 0.000014, L1(Flow): 0.000014, Reg: 0.000000
Iter 160 of 180 Loss: 0.000012, L1(Flow): 0.000012, Reg: 0.000000
Iter 170 of 180 Loss: 0.000010, L1(Flow): 0.000010, Reg: 0.000000
Iter 180 of 180 Loss: 0.000014, L1(Flow): 0.000014, Reg: 0.000000
Epoch 199 Loss: 0.000012
Epoch 199 Validation: Mean EPE: 0.0000, Mean SSIM: 1.0000, Mean ZNCC: 1.0000
Epoch 200 starts
Iter 10 of 180 Loss: 0.000012, L1(Flow): 0.000012, Reg: 0.000000
Iter 20 of 180 Loss: 0.000010, L1(Flow): 0.000010, Reg: 0.000000
Iter 30 of 180 Loss: 0.000013, L1(Flow): 0.000013, Reg: 0.000000
Iter 40 of 180 Loss: 0.000012, L1(Flow): 0.000012, Reg: 0.000000
Iter 50 of 180 Loss: 0.000009, L1(Flow): 0.000009, Reg: 0.000000
Iter 60 of 180 Loss: 0.000015, L1(Flow): 0.000015, Reg: 0.000000
Iter 70 of 180 Loss: 0.000012, L1(Flow): 0.000012, Reg: 0.000000
Iter 80 of 180 Loss: 0.000009, L1(Flow): 0.000009, Reg: 0.000000
Iter 90 of 180 Loss: 0.000014, L1(Flow): 0.000014, Reg: 0.000000
Iter 100 of 180 Loss: 0.000011, L1(Flow): 0.000011, Reg: 0.000000
Iter 110 of 180 Loss: 0.000009, L1(Flow): 0.000009, Reg: 0.000000
Iter 120 of 180 Loss: 0.000014, L1(Flow): 0.000014, Reg: 0.000000
Iter 130 of 180 Loss: 0.000010, L1(Flow): 0.000010, Reg: 0.000000
Iter 140 of 180 Loss: 0.000009, L1(Flow): 0.000009, Reg: 0.000000
Iter 150 of 180 Loss: 0.000014, L1(Flow): 0.000014, Reg: 0.000000
Iter 160 of 180 Loss: 0.000012, L1(Flow): 0.000012, Reg: 0.000000
Iter 170 of 180 Loss: 0.000010, L1(Flow): 0.000009, Reg: 0.000000
Iter 180 of 180 Loss: 0.000014, L1(Flow): 0.000014, Reg: 0.000000
Epoch 200 Loss: 0.000012
Epoch 200 Validation: Mean EPE: 0.0000, Mean SSIM: 1.0000, Mean ZNCC: 1.0000
Epoch 201 starts
Iter 10 of 180 Loss: 0.000011, L1(Flow): 0.000011, Reg: 0.000000
Iter 20 of 180 Loss: 0.000009, L1(Flow): 0.000009, Reg: 0.000000
Iter 30 of 180 Loss: 0.000014, L1(Flow): 0.000014, Reg: 0.000000
Iter 40 of 180 Loss: 0.000011, L1(Flow): 0.000011, Reg: 0.000000
Iter 50 of 180 Loss: 0.000009, L1(Flow): 0.000009, Reg: 0.000000
Iter 60 of 180 Loss: 0.000014, L1(Flow): 0.000014, Reg: 0.000000
Iter 70 of 180 Loss: 0.000011, L1(Flow): 0.000011, Reg: 0.000000
Iter 80 of 180 Loss: 0.000010, L1(Flow): 0.000010, Reg: 0.000000
Iter 90 of 180 Loss: 0.000014, L1(Flow): 0.000014, Reg: 0.000000
Iter 100 of 180 Loss: 0.000012, L1(Flow): 0.000012, Reg: 0.000000
Iter 110 of 180 Loss: 0.000009, L1(Flow): 0.000009, Reg: 0.000000
Iter 120 of 180 Loss: 0.000014, L1(Flow): 0.000014, Reg: 0.000000
Iter 130 of 180 Loss: 0.000012, L1(Flow): 0.000012, Reg: 0.000000
Iter 140 of 180 Loss: 0.000010, L1(Flow): 0.000010, Reg: 0.000000
Iter 150 of 180 Loss: 0.000014, L1(Flow): 0.000014, Reg: 0.000000
Iter 160 of 180 Loss: 0.000011, L1(Flow): 0.000011, Reg: 0.000000
Iter 170 of 180 Loss: 0.000009, L1(Flow): 0.000009, Reg: 0.000000
Iter 180 of 180 Loss: 0.000014, L1(Flow): 0.000014, Reg: 0.000000
Epoch 201 Loss: 0.000012
Epoch 201 Validation: Mean EPE: 0.0000, Mean SSIM: 1.0000, Mean ZNCC: 1.0000
Epoch 202 starts
Iter 10 of 180 Loss: 0.000012, L1(Flow): 0.000012, Reg: 0.000000
Iter 20 of 180 Loss: 0.000009, L1(Flow): 0.000009, Reg: 0.000000
Iter 30 of 180 Loss: 0.000013, L1(Flow): 0.000013, Reg: 0.000000
Iter 40 of 180 Loss: 0.000011, L1(Flow): 0.000011, Reg: 0.000000
Iter 50 of 180 Loss: 0.000009, L1(Flow): 0.000009, Reg: 0.000000
Iter 60 of 180 Loss: 0.000013, L1(Flow): 0.000013, Reg: 0.000000
Iter 70 of 180 Loss: 0.000012, L1(Flow): 0.000012, Reg: 0.000000
Iter 80 of 180 Loss: 0.000010, L1(Flow): 0.000010, Reg: 0.000000
Iter 90 of 180 Loss: 0.000013, L1(Flow): 0.000013, Reg: 0.000000
Iter 100 of 180 Loss: 0.000012, L1(Flow): 0.000012, Reg: 0.000000
Iter 110 of 180 Loss: 0.000009, L1(Flow): 0.000009, Reg: 0.000000
Iter 120 of 180 Loss: 0.000013, L1(Flow): 0.000013, Reg: 0.000000
Iter 130 of 180 Loss: 0.000012, L1(Flow): 0.000012, Reg: 0.000000
Iter 140 of 180 Loss: 0.000010, L1(Flow): 0.000010, Reg: 0.000000
Iter 150 of 180 Loss: 0.000013, L1(Flow): 0.000013, Reg: 0.000000
Iter 160 of 180 Loss: 0.000012, L1(Flow): 0.000012, Reg: 0.000000
Iter 170 of 180 Loss: 0.000010, L1(Flow): 0.000010, Reg: 0.000000
Iter 180 of 180 Loss: 0.000013, L1(Flow): 0.000013, Reg: 0.000000
Epoch 202 Loss: 0.000011
Epoch 202 Validation: Mean EPE: 0.0000, Mean SSIM: 1.0000, Mean ZNCC: 1.0000
Epoch 203 starts
Iter 10 of 180 Loss: 0.000011, L1(Flow): 0.000011, Reg: 0.000000
Iter 20 of 180 Loss: 0.000009, L1(Flow): 0.000009, Reg: 0.000000
Iter 30 of 180 Loss: 0.000013, L1(Flow): 0.000013, Reg: 0.000000
Iter 40 of 180 Loss: 0.000012, L1(Flow): 0.000012, Reg: 0.000000
Iter 50 of 180 Loss: 0.000009, L1(Flow): 0.000009, Reg: 0.000000
Iter 60 of 180 Loss: 0.000014, L1(Flow): 0.000014, Reg: 0.000000
Iter 70 of 180 Loss: 0.000011, L1(Flow): 0.000011, Reg: 0.000000
Iter 80 of 180 Loss: 0.000010, L1(Flow): 0.000010, Reg: 0.000000
Iter 90 of 180 Loss: 0.000013, L1(Flow): 0.000013, Reg: 0.000000
Iter 100 of 180 Loss: 0.000011, L1(Flow): 0.000011, Reg: 0.000000
Iter 110 of 180 Loss: 0.000009, L1(Flow): 0.000009, Reg: 0.000000
Iter 120 of 180 Loss: 0.000013, L1(Flow): 0.000013, Reg: 0.000000
Iter 130 of 180 Loss: 0.000012, L1(Flow): 0.000012, Reg: 0.000000
Iter 140 of 180 Loss: 0.000009, L1(Flow): 0.000009, Reg: 0.000000
Iter 150 of 180 Loss: 0.000014, L1(Flow): 0.000014, Reg: 0.000000
Iter 160 of 180 Loss: 0.000011, L1(Flow): 0.000011, Reg: 0.000000
Iter 170 of 180 Loss: 0.000010, L1(Flow): 0.000010, Reg: 0.000000
Iter 180 of 180 Loss: 0.000012, L1(Flow): 0.000012, Reg: 0.000000
Epoch 203 Loss: 0.000011
Epoch 203 Validation: Mean EPE: 0.0000, Mean SSIM: 1.0000, Mean ZNCC: 1.0000
Epoch 204 starts
Iter 10 of 180 Loss: 0.000011, L1(Flow): 0.000011, Reg: 0.000000
Iter 20 of 180 Loss: 0.000009, L1(Flow): 0.000009, Reg: 0.000000
Iter 30 of 180 Loss: 0.000014, L1(Flow): 0.000014, Reg: 0.000000
Iter 40 of 180 Loss: 0.000013, L1(Flow): 0.000013, Reg: 0.000000
Iter 50 of 180 Loss: 0.000009, L1(Flow): 0.000009, Reg: 0.000000
Iter 60 of 180 Loss: 0.000014, L1(Flow): 0.000014, Reg: 0.000000
Iter 70 of 180 Loss: 0.000012, L1(Flow): 0.000012, Reg: 0.000000
Iter 80 of 180 Loss: 0.000010, L1(Flow): 0.000010, Reg: 0.000000
Iter 90 of 180 Loss: 0.000013, L1(Flow): 0.000013, Reg: 0.000000
Iter 100 of 180 Loss: 0.000012, L1(Flow): 0.000012, Reg: 0.000000
Iter 110 of 180 Loss: 0.000009, L1(Flow): 0.000009, Reg: 0.000000
Iter 120 of 180 Loss: 0.000013, L1(Flow): 0.000013, Reg: 0.000000
Iter 130 of 180 Loss: 0.000012, L1(Flow): 0.000012, Reg: 0.000000
Iter 140 of 180 Loss: 0.000010, L1(Flow): 0.000010, Reg: 0.000000
Iter 150 of 180 Loss: 0.000014, L1(Flow): 0.000014, Reg: 0.000000
Iter 160 of 180 Loss: 0.000012, L1(Flow): 0.000012, Reg: 0.000000
Iter 170 of 180 Loss: 0.000009, L1(Flow): 0.000009, Reg: 0.000000
Iter 180 of 180 Loss: 0.000014, L1(Flow): 0.000014, Reg: 0.000000
Epoch 204 Loss: 0.000011
Epoch 204 Validation: Mean EPE: 0.0000, Mean SSIM: 1.0000, Mean ZNCC: 1.0000
Epoch 205 starts
Iter 10 of 180 Loss: 0.000011, L1(Flow): 0.000011, Reg: 0.000000
Iter 20 of 180 Loss: 0.000009, L1(Flow): 0.000009, Reg: 0.000000
Iter 30 of 180 Loss: 0.000014, L1(Flow): 0.000014, Reg: 0.000000
Iter 40 of 180 Loss: 0.000012, L1(Flow): 0.000012, Reg: 0.000000
Iter 50 of 180 Loss: 0.000009, L1(Flow): 0.000009, Reg: 0.000000
Iter 60 of 180 Loss: 0.000013, L1(Flow): 0.000013, Reg: 0.000000
Iter 70 of 180 Loss: 0.000012, L1(Flow): 0.000012, Reg: 0.000000
Iter 80 of 180 Loss: 0.000009, L1(Flow): 0.000009, Reg: 0.000000
Iter 90 of 180 Loss: 0.000014, L1(Flow): 0.000014, Reg: 0.000000
Iter 100 of 180 Loss: 0.000012, L1(Flow): 0.000012, Reg: 0.000000
Iter 110 of 180 Loss: 0.000010, L1(Flow): 0.000010, Reg: 0.000000
Iter 120 of 180 Loss: 0.000013, L1(Flow): 0.000013, Reg: 0.000000
Iter 130 of 180 Loss: 0.000011, L1(Flow): 0.000011, Reg: 0.000000
Iter 140 of 180 Loss: 0.000010, L1(Flow): 0.000010, Reg: 0.000000
Iter 150 of 180 Loss: 0.000013, L1(Flow): 0.000013, Reg: 0.000000
Iter 160 of 180 Loss: 0.000012, L1(Flow): 0.000012, Reg: 0.000000
Iter 170 of 180 Loss: 0.000010, L1(Flow): 0.000010, Reg: 0.000000
Iter 180 of 180 Loss: 0.000013, L1(Flow): 0.000013, Reg: 0.000000
Epoch 205 Loss: 0.000012
Epoch 205 Validation: Mean EPE: 0.0000, Mean SSIM: 1.0000, Mean ZNCC: 1.0000
Epoch 206 starts
Iter 10 of 180 Loss: 0.000012, L1(Flow): 0.000012, Reg: 0.000000
Iter 20 of 180 Loss: 0.000010, L1(Flow): 0.000010, Reg: 0.000000
Iter 30 of 180 Loss: 0.000014, L1(Flow): 0.000014, Reg: 0.000000
Iter 40 of 180 Loss: 0.000012, L1(Flow): 0.000012, Reg: 0.000000
Iter 50 of 180 Loss: 0.000009, L1(Flow): 0.000009, Reg: 0.000000
Iter 60 of 180 Loss: 0.000014, L1(Flow): 0.000014, Reg: 0.000000
Iter 70 of 180 Loss: 0.000013, L1(Flow): 0.000013, Reg: 0.000000
Iter 80 of 180 Loss: 0.000010, L1(Flow): 0.000010, Reg: 0.000000
Iter 90 of 180 Loss: 0.000014, L1(Flow): 0.000014, Reg: 0.000000
Iter 100 of 180 Loss: 0.000012, L1(Flow): 0.000012, Reg: 0.000000
Iter 110 of 180 Loss: 0.000010, L1(Flow): 0.000010, Reg: 0.000000
Iter 120 of 180 Loss: 0.000013, L1(Flow): 0.000013, Reg: 0.000000
Iter 130 of 180 Loss: 0.000011, L1(Flow): 0.000011, Reg: 0.000000
Iter 140 of 180 Loss: 0.000010, L1(Flow): 0.000010, Reg: 0.000000
Iter 150 of 180 Loss: 0.000013, L1(Flow): 0.000013, Reg: 0.000000
Iter 160 of 180 Loss: 0.000011, L1(Flow): 0.000011, Reg: 0.000000
Iter 170 of 180 Loss: 0.000009, L1(Flow): 0.000009, Reg: 0.000000
Iter 180 of 180 Loss: 0.000013, L1(Flow): 0.000013, Reg: 0.000000
Epoch 206 Loss: 0.000011
Epoch 206 Validation: Mean EPE: 0.0000, Mean SSIM: 1.0000, Mean ZNCC: 1.0000
Epoch 207 starts
Iter 10 of 180 Loss: 0.000012, L1(Flow): 0.000012, Reg: 0.000000
Iter 20 of 180 Loss: 0.000010, L1(Flow): 0.000010, Reg: 0.000000
Iter 30 of 180 Loss: 0.000013, L1(Flow): 0.000013, Reg: 0.000000
Iter 40 of 180 Loss: 0.000012, L1(Flow): 0.000012, Reg: 0.000000
Iter 50 of 180 Loss: 0.000010, L1(Flow): 0.000010, Reg: 0.000000
Iter 60 of 180 Loss: 0.000014, L1(Flow): 0.000014, Reg: 0.000000
Iter 70 of 180 Loss: 0.000012, L1(Flow): 0.000012, Reg: 0.000000
Iter 80 of 180 Loss: 0.000009, L1(Flow): 0.000009, Reg: 0.000000
Iter 90 of 180 Loss: 0.000012, L1(Flow): 0.000012, Reg: 0.000000
Iter 100 of 180 Loss: 0.000011, L1(Flow): 0.000011, Reg: 0.000000
Iter 110 of 180 Loss: 0.000009, L1(Flow): 0.000009, Reg: 0.000000
Iter 120 of 180 Loss: 0.000012, L1(Flow): 0.000012, Reg: 0.000000
Iter 130 of 180 Loss: 0.000011, L1(Flow): 0.000011, Reg: 0.000000
Iter 140 of 180 Loss: 0.000010, L1(Flow): 0.000010, Reg: 0.000000
Iter 150 of 180 Loss: 0.000013, L1(Flow): 0.000013, Reg: 0.000000
Iter 160 of 180 Loss: 0.000011, L1(Flow): 0.000011, Reg: 0.000000
Iter 170 of 180 Loss: 0.000010, L1(Flow): 0.000010, Reg: 0.000000
Iter 180 of 180 Loss: 0.000013, L1(Flow): 0.000013, Reg: 0.000000
Epoch 207 Loss: 0.000011
Epoch 207 Validation: Mean EPE: 0.0000, Mean SSIM: 1.0000, Mean ZNCC: 1.0000
Epoch 208 starts
Iter 10 of 180 Loss: 0.000013, L1(Flow): 0.000013, Reg: 0.000000
Iter 20 of 180 Loss: 0.000009, L1(Flow): 0.000009, Reg: 0.000000
Iter 30 of 180 Loss: 0.000014, L1(Flow): 0.000014, Reg: 0.000000
Iter 40 of 180 Loss: 0.000011, L1(Flow): 0.000011, Reg: 0.000000
Iter 50 of 180 Loss: 0.000010, L1(Flow): 0.000010, Reg: 0.000000
Iter 60 of 180 Loss: 0.000014, L1(Flow): 0.000014, Reg: 0.000000
Iter 70 of 180 Loss: 0.000012, L1(Flow): 0.000012, Reg: 0.000000
Iter 80 of 180 Loss: 0.000010, L1(Flow): 0.000010, Reg: 0.000000
Iter 90 of 180 Loss: 0.000013, L1(Flow): 0.000013, Reg: 0.000000
Iter 100 of 180 Loss: 0.000011, L1(Flow): 0.000011, Reg: 0.000000
Iter 110 of 180 Loss: 0.000010, L1(Flow): 0.000010, Reg: 0.000000
Iter 120 of 180 Loss: 0.000013, L1(Flow): 0.000013, Reg: 0.000000
Iter 130 of 180 Loss: 0.000012, L1(Flow): 0.000012, Reg: 0.000000
Iter 140 of 180 Loss: 0.000009, L1(Flow): 0.000009, Reg: 0.000000
Iter 150 of 180 Loss: 0.000013, L1(Flow): 0.000013, Reg: 0.000000
Iter 160 of 180 Loss: 0.000012, L1(Flow): 0.000012, Reg: 0.000000
Iter 170 of 180 Loss: 0.000009, L1(Flow): 0.000009, Reg: 0.000000
Iter 180 of 180 Loss: 0.000013, L1(Flow): 0.000013, Reg: 0.000000
Epoch 208 Loss: 0.000011
Epoch 208 Validation: Mean EPE: 0.0000, Mean SSIM: 1.0000, Mean ZNCC: 1.0000
Epoch 209 starts
Iter 10 of 180 Loss: 0.000011, L1(Flow): 0.000011, Reg: 0.000000
Iter 20 of 180 Loss: 0.000011, L1(Flow): 0.000011, Reg: 0.000000
Iter 30 of 180 Loss: 0.000012, L1(Flow): 0.000012, Reg: 0.000000
Iter 40 of 180 Loss: 0.000013, L1(Flow): 0.000013, Reg: 0.000000
Iter 50 of 180 Loss: 0.000009, L1(Flow): 0.000009, Reg: 0.000000
Iter 60 of 180 Loss: 0.000013, L1(Flow): 0.000013, Reg: 0.000000
Iter 70 of 180 Loss: 0.000012, L1(Flow): 0.000012, Reg: 0.000000
Iter 80 of 180 Loss: 0.000010, L1(Flow): 0.000009, Reg: 0.000000
Iter 90 of 180 Loss: 0.000014, L1(Flow): 0.000014, Reg: 0.000000
Iter 100 of 180 Loss: 0.000011, L1(Flow): 0.000011, Reg: 0.000000
Iter 110 of 180 Loss: 0.000010, L1(Flow): 0.000010, Reg: 0.000000
Iter 120 of 180 Loss: 0.000013, L1(Flow): 0.000013, Reg: 0.000000
Iter 130 of 180 Loss: 0.000011, L1(Flow): 0.000011, Reg: 0.000000
Iter 140 of 180 Loss: 0.000010, L1(Flow): 0.000010, Reg: 0.000000
Iter 150 of 180 Loss: 0.000013, L1(Flow): 0.000013, Reg: 0.000000
Iter 160 of 180 Loss: 0.000011, L1(Flow): 0.000011, Reg: 0.000000
Iter 170 of 180 Loss: 0.000010, L1(Flow): 0.000010, Reg: 0.000000
Iter 180 of 180 Loss: 0.000013, L1(Flow): 0.000013, Reg: 0.000000
Epoch 209 Loss: 0.000011
Epoch 209 Validation: Mean EPE: 0.0000, Mean SSIM: 1.0000, Mean ZNCC: 1.0000
Epoch 210 starts
Iter 10 of 180 Loss: 0.000012, L1(Flow): 0.000012, Reg: 0.000000
Iter 20 of 180 Loss: 0.000009, L1(Flow): 0.000009, Reg: 0.000000
Iter 30 of 180 Loss: 0.000013, L1(Flow): 0.000013, Reg: 0.000000
Iter 40 of 180 Loss: 0.000012, L1(Flow): 0.000012, Reg: 0.000000
Iter 50 of 180 Loss: 0.000009, L1(Flow): 0.000009, Reg: 0.000000
Iter 60 of 180 Loss: 0.000014, L1(Flow): 0.000014, Reg: 0.000000
Iter 70 of 180 Loss: 0.000012, L1(Flow): 0.000012, Reg: 0.000000
Iter 80 of 180 Loss: 0.000009, L1(Flow): 0.000009, Reg: 0.000000
Iter 90 of 180 Loss: 0.000013, L1(Flow): 0.000013, Reg: 0.000000
Iter 100 of 180 Loss: 0.000012, L1(Flow): 0.000012, Reg: 0.000000
Iter 110 of 180 Loss: 0.000009, L1(Flow): 0.000009, Reg: 0.000000
Iter 120 of 180 Loss: 0.000013, L1(Flow): 0.000013, Reg: 0.000000
Iter 130 of 180 Loss: 0.000012, L1(Flow): 0.000012, Reg: 0.000000
Iter 140 of 180 Loss: 0.000009, L1(Flow): 0.000009, Reg: 0.000000
Iter 150 of 180 Loss: 0.000014, L1(Flow): 0.000014, Reg: 0.000000
Iter 160 of 180 Loss: 0.000012, L1(Flow): 0.000012, Reg: 0.000000
Iter 170 of 180 Loss: 0.000009, L1(Flow): 0.000009, Reg: 0.000000
Iter 180 of 180 Loss: 0.000014, L1(Flow): 0.000014, Reg: 0.000000
Epoch 210 Loss: 0.000011
Epoch 210 Validation: Mean EPE: 0.0000, Mean SSIM: 1.0000, Mean ZNCC: 1.0000
Epoch 211 starts
Iter 10 of 180 Loss: 0.000011, L1(Flow): 0.000011, Reg: 0.000000
Iter 20 of 180 Loss: 0.000010, L1(Flow): 0.000010, Reg: 0.000000
Iter 30 of 180 Loss: 0.000013, L1(Flow): 0.000013, Reg: 0.000000
Iter 40 of 180 Loss: 0.000012, L1(Flow): 0.000012, Reg: 0.000000
Iter 50 of 180 Loss: 0.000009, L1(Flow): 0.000009, Reg: 0.000000
Iter 60 of 180 Loss: 0.000014, L1(Flow): 0.000014, Reg: 0.000000
Iter 70 of 180 Loss: 0.000011, L1(Flow): 0.000011, Reg: 0.000000
Iter 80 of 180 Loss: 0.000009, L1(Flow): 0.000009, Reg: 0.000000
Iter 90 of 180 Loss: 0.000012, L1(Flow): 0.000012, Reg: 0.000000
Iter 100 of 180 Loss: 0.000011, L1(Flow): 0.000011, Reg: 0.000000
Iter 110 of 180 Loss: 0.000009, L1(Flow): 0.000009, Reg: 0.000000
Iter 120 of 180 Loss: 0.000013, L1(Flow): 0.000013, Reg: 0.000000
Iter 130 of 180 Loss: 0.000011, L1(Flow): 0.000011, Reg: 0.000000
Iter 140 of 180 Loss: 0.000009, L1(Flow): 0.000009, Reg: 0.000000
Iter 150 of 180 Loss: 0.000013, L1(Flow): 0.000013, Reg: 0.000000
Iter 160 of 180 Loss: 0.000011, L1(Flow): 0.000011, Reg: 0.000000
Iter 170 of 180 Loss: 0.000010, L1(Flow): 0.000010, Reg: 0.000000
Iter 180 of 180 Loss: 0.000013, L1(Flow): 0.000013, Reg: 0.000000
Epoch 211 Loss: 0.000011
Epoch 211 Validation: Mean EPE: 0.0000, Mean SSIM: 1.0000, Mean ZNCC: 1.0000
Epoch 212 starts
Iter 10 of 180 Loss: 0.000011, L1(Flow): 0.000011, Reg: 0.000000
Iter 20 of 180 Loss: 0.000010, L1(Flow): 0.000010, Reg: 0.000000
Iter 30 of 180 Loss: 0.000014, L1(Flow): 0.000014, Reg: 0.000000
Iter 40 of 180 Loss: 0.000013, L1(Flow): 0.000013, Reg: 0.000000
Iter 50 of 180 Loss: 0.000010, L1(Flow): 0.000010, Reg: 0.000000
Iter 60 of 180 Loss: 0.000013, L1(Flow): 0.000013, Reg: 0.000000
Iter 70 of 180 Loss: 0.000012, L1(Flow): 0.000012, Reg: 0.000000
Iter 80 of 180 Loss: 0.000009, L1(Flow): 0.000009, Reg: 0.000000
Iter 90 of 180 Loss: 0.000014, L1(Flow): 0.000014, Reg: 0.000000
Iter 100 of 180 Loss: 0.000011, L1(Flow): 0.000011, Reg: 0.000000
Iter 110 of 180 Loss: 0.000010, L1(Flow): 0.000010, Reg: 0.000000
Iter 120 of 180 Loss: 0.000014, L1(Flow): 0.000014, Reg: 0.000000
Iter 130 of 180 Loss: 0.000012, L1(Flow): 0.000012, Reg: 0.000000
Iter 140 of 180 Loss: 0.000009, L1(Flow): 0.000009, Reg: 0.000000
Iter 150 of 180 Loss: 0.000013, L1(Flow): 0.000013, Reg: 0.000000
Iter 160 of 180 Loss: 0.000011, L1(Flow): 0.000011, Reg: 0.000000
Iter 170 of 180 Loss: 0.000009, L1(Flow): 0.000009, Reg: 0.000000
Iter 180 of 180 Loss: 0.000013, L1(Flow): 0.000013, Reg: 0.000000
Epoch 212 Loss: 0.000012
Epoch 212 Validation: Mean EPE: 0.0000, Mean SSIM: 1.0000, Mean ZNCC: 1.0000
Epoch 213 starts
Iter 10 of 180 Loss: 0.000011, L1(Flow): 0.000011, Reg: 0.000000
Iter 20 of 180 Loss: 0.000010, L1(Flow): 0.000010, Reg: 0.000000
Iter 30 of 180 Loss: 0.000014, L1(Flow): 0.000014, Reg: 0.000000
Iter 40 of 180 Loss: 0.000012, L1(Flow): 0.000012, Reg: 0.000000
Iter 50 of 180 Loss: 0.000009, L1(Flow): 0.000009, Reg: 0.000000
Iter 60 of 180 Loss: 0.000013, L1(Flow): 0.000013, Reg: 0.000000
Iter 70 of 180 Loss: 0.000012, L1(Flow): 0.000012, Reg: 0.000000
Iter 80 of 180 Loss: 0.000009, L1(Flow): 0.000009, Reg: 0.000000
Iter 90 of 180 Loss: 0.000013, L1(Flow): 0.000013, Reg: 0.000000
Iter 100 of 180 Loss: 0.000012, L1(Flow): 0.000012, Reg: 0.000000
Iter 110 of 180 Loss: 0.000009, L1(Flow): 0.000009, Reg: 0.000000
Iter 120 of 180 Loss: 0.000013, L1(Flow): 0.000013, Reg: 0.000000
Iter 130 of 180 Loss: 0.000012, L1(Flow): 0.000012, Reg: 0.000000
Iter 140 of 180 Loss: 0.000009, L1(Flow): 0.000009, Reg: 0.000000
Iter 150 of 180 Loss: 0.000013, L1(Flow): 0.000013, Reg: 0.000000
Iter 160 of 180 Loss: 0.000012, L1(Flow): 0.000012, Reg: 0.000000
Iter 170 of 180 Loss: 0.000010, L1(Flow): 0.000010, Reg: 0.000000
Iter 180 of 180 Loss: 0.000013, L1(Flow): 0.000013, Reg: 0.000000
Epoch 213 Loss: 0.000011
Epoch 213 Validation: Mean EPE: 0.0000, Mean SSIM: 1.0000, Mean ZNCC: 1.0000
Epoch 214 starts
Iter 10 of 180 Loss: 0.000011, L1(Flow): 0.000011, Reg: 0.000000
Iter 20 of 180 Loss: 0.000008, L1(Flow): 0.000008, Reg: 0.000000
Iter 30 of 180 Loss: 0.000013, L1(Flow): 0.000013, Reg: 0.000000
Iter 40 of 180 Loss: 0.000011, L1(Flow): 0.000011, Reg: 0.000000
Iter 50 of 180 Loss: 0.000009, L1(Flow): 0.000009, Reg: 0.000000
Iter 60 of 180 Loss: 0.000012, L1(Flow): 0.000012, Reg: 0.000000
Iter 70 of 180 Loss: 0.000011, L1(Flow): 0.000011, Reg: 0.000000
Iter 80 of 180 Loss: 0.000009, L1(Flow): 0.000009, Reg: 0.000000
Iter 90 of 180 Loss: 0.000013, L1(Flow): 0.000013, Reg: 0.000000
Iter 100 of 180 Loss: 0.000011, L1(Flow): 0.000011, Reg: 0.000000
Iter 110 of 180 Loss: 0.000009, L1(Flow): 0.000009, Reg: 0.000000
Iter 120 of 180 Loss: 0.000012, L1(Flow): 0.000012, Reg: 0.000000
Iter 130 of 180 Loss: 0.000011, L1(Flow): 0.000011, Reg: 0.000000
Iter 140 of 180 Loss: 0.000009, L1(Flow): 0.000009, Reg: 0.000000
Iter 150 of 180 Loss: 0.000013, L1(Flow): 0.000013, Reg: 0.000000
Iter 160 of 180 Loss: 0.000011, L1(Flow): 0.000011, Reg: 0.000000
Iter 170 of 180 Loss: 0.000009, L1(Flow): 0.000009, Reg: 0.000000
Iter 180 of 180 Loss: 0.000014, L1(Flow): 0.000014, Reg: 0.000000
Epoch 214 Loss: 0.000011
Epoch 214 Validation: Mean EPE: 0.0000, Mean SSIM: 1.0000, Mean ZNCC: 1.0000
Epoch 215 starts
Iter 10 of 180 Loss: 0.000011, L1(Flow): 0.000011, Reg: 0.000000
Iter 20 of 180 Loss: 0.000010, L1(Flow): 0.000010, Reg: 0.000000
Iter 30 of 180 Loss: 0.000014, L1(Flow): 0.000014, Reg: 0.000000
Iter 40 of 180 Loss: 0.000012, L1(Flow): 0.000012, Reg: 0.000000
Iter 50 of 180 Loss: 0.000009, L1(Flow): 0.000009, Reg: 0.000000
Iter 60 of 180 Loss: 0.000014, L1(Flow): 0.000014, Reg: 0.000000
Iter 70 of 180 Loss: 0.000012, L1(Flow): 0.000012, Reg: 0.000000
Iter 80 of 180 Loss: 0.000010, L1(Flow): 0.000010, Reg: 0.000000
Iter 90 of 180 Loss: 0.000014, L1(Flow): 0.000014, Reg: 0.000000
Iter 100 of 180 Loss: 0.000011, L1(Flow): 0.000011, Reg: 0.000000
Iter 110 of 180 Loss: 0.000009, L1(Flow): 0.000009, Reg: 0.000000
Iter 120 of 180 Loss: 0.000013, L1(Flow): 0.000013, Reg: 0.000000
Iter 130 of 180 Loss: 0.000011, L1(Flow): 0.000011, Reg: 0.000000
Iter 140 of 180 Loss: 0.000009, L1(Flow): 0.000009, Reg: 0.000000
Iter 150 of 180 Loss: 0.000013, L1(Flow): 0.000013, Reg: 0.000000
Iter 160 of 180 Loss: 0.000011, L1(Flow): 0.000011, Reg: 0.000000
Iter 170 of 180 Loss: 0.000010, L1(Flow): 0.000010, Reg: 0.000000
Iter 180 of 180 Loss: 0.000013, L1(Flow): 0.000013, Reg: 0.000000
Epoch 215 Loss: 0.000011
Epoch 215 Validation: Mean EPE: 0.0000, Mean SSIM: 1.0000, Mean ZNCC: 1.0000
Epoch 216 starts
Iter 10 of 180 Loss: 0.000012, L1(Flow): 0.000012, Reg: 0.000000
Iter 20 of 180 Loss: 0.000009, L1(Flow): 0.000009, Reg: 0.000000
Iter 30 of 180 Loss: 0.000014, L1(Flow): 0.000014, Reg: 0.000000
Iter 40 of 180 Loss: 0.000012, L1(Flow): 0.000012, Reg: 0.000000
Iter 50 of 180 Loss: 0.000010, L1(Flow): 0.000010, Reg: 0.000000
Iter 60 of 180 Loss: 0.000012, L1(Flow): 0.000012, Reg: 0.000000
Iter 70 of 180 Loss: 0.000012, L1(Flow): 0.000012, Reg: 0.000000
Iter 80 of 180 Loss: 0.000009, L1(Flow): 0.000009, Reg: 0.000000
Iter 90 of 180 Loss: 0.000013, L1(Flow): 0.000013, Reg: 0.000000
Iter 100 of 180 Loss: 0.000012, L1(Flow): 0.000012, Reg: 0.000000
Iter 110 of 180 Loss: 0.000010, L1(Flow): 0.000010, Reg: 0.000000
Iter 120 of 180 Loss: 0.000012, L1(Flow): 0.000012, Reg: 0.000000
Iter 130 of 180 Loss: 0.000013, L1(Flow): 0.000013, Reg: 0.000000
Iter 140 of 180 Loss: 0.000011, L1(Flow): 0.000011, Reg: 0.000000
Iter 150 of 180 Loss: 0.000013, L1(Flow): 0.000013, Reg: 0.000000
Iter 160 of 180 Loss: 0.000012, L1(Flow): 0.000012, Reg: 0.000000
Iter 170 of 180 Loss: 0.000010, L1(Flow): 0.000010, Reg: 0.000000
Iter 180 of 180 Loss: 0.000012, L1(Flow): 0.000012, Reg: 0.000000
Epoch 216 Loss: 0.000011
Epoch 216 Validation: Mean EPE: 0.0000, Mean SSIM: 1.0000, Mean ZNCC: 1.0000
Epoch 217 starts
Iter 10 of 180 Loss: 0.000013, L1(Flow): 0.000013, Reg: 0.000000
Iter 20 of 180 Loss: 0.000010, L1(Flow): 0.000010, Reg: 0.000000
Iter 30 of 180 Loss: 0.000013, L1(Flow): 0.000013, Reg: 0.000000
Iter 40 of 180 Loss: 0.000011, L1(Flow): 0.000011, Reg: 0.000000
Iter 50 of 180 Loss: 0.000009, L1(Flow): 0.000009, Reg: 0.000000
Iter 60 of 180 Loss: 0.000014, L1(Flow): 0.000014, Reg: 0.000000
Iter 70 of 180 Loss: 0.000011, L1(Flow): 0.000011, Reg: 0.000000
Iter 80 of 180 Loss: 0.000009, L1(Flow): 0.000009, Reg: 0.000000
Iter 90 of 180 Loss: 0.000012, L1(Flow): 0.000012, Reg: 0.000000
Iter 100 of 180 Loss: 0.000011, L1(Flow): 0.000011, Reg: 0.000000
Iter 110 of 180 Loss: 0.000010, L1(Flow): 0.000010, Reg: 0.000000
Iter 120 of 180 Loss: 0.000013, L1(Flow): 0.000013, Reg: 0.000000
Iter 130 of 180 Loss: 0.000011, L1(Flow): 0.000011, Reg: 0.000000
Iter 140 of 180 Loss: 0.000009, L1(Flow): 0.000009, Reg: 0.000000
Iter 150 of 180 Loss: 0.000012, L1(Flow): 0.000012, Reg: 0.000000
Iter 160 of 180 Loss: 0.000012, L1(Flow): 0.000012, Reg: 0.000000
Iter 170 of 180 Loss: 0.000010, L1(Flow): 0.000010, Reg: 0.000000
Iter 180 of 180 Loss: 0.000014, L1(Flow): 0.000014, Reg: 0.000000
Epoch 217 Loss: 0.000011
Epoch 217 Validation: Mean EPE: 0.0000, Mean SSIM: 1.0000, Mean ZNCC: 1.0000
Epoch 218 starts
Iter 10 of 180 Loss: 0.000012, L1(Flow): 0.000012, Reg: 0.000000
Iter 20 of 180 Loss: 0.000010, L1(Flow): 0.000010, Reg: 0.000000
Iter 30 of 180 Loss: 0.000013, L1(Flow): 0.000013, Reg: 0.000000
Iter 40 of 180 Loss: 0.000012, L1(Flow): 0.000012, Reg: 0.000000
Iter 50 of 180 Loss: 0.000009, L1(Flow): 0.000009, Reg: 0.000000
Iter 60 of 180 Loss: 0.000013, L1(Flow): 0.000013, Reg: 0.000000
Iter 70 of 180 Loss: 0.000012, L1(Flow): 0.000012, Reg: 0.000000
Iter 80 of 180 Loss: 0.000009, L1(Flow): 0.000009, Reg: 0.000000
Iter 90 of 180 Loss: 0.000013, L1(Flow): 0.000013, Reg: 0.000000
Iter 100 of 180 Loss: 0.000011, L1(Flow): 0.000011, Reg: 0.000000
Iter 110 of 180 Loss: 0.000009, L1(Flow): 0.000009, Reg: 0.000000
Iter 120 of 180 Loss: 0.000013, L1(Flow): 0.000013, Reg: 0.000000
Iter 130 of 180 Loss: 0.000011, L1(Flow): 0.000011, Reg: 0.000000
Iter 140 of 180 Loss: 0.000009, L1(Flow): 0.000009, Reg: 0.000000
Iter 150 of 180 Loss: 0.000012, L1(Flow): 0.000012, Reg: 0.000000
Iter 160 of 180 Loss: 0.000012, L1(Flow): 0.000012, Reg: 0.000000
Iter 170 of 180 Loss: 0.000010, L1(Flow): 0.000010, Reg: 0.000000
Iter 180 of 180 Loss: 0.000014, L1(Flow): 0.000014, Reg: 0.000000
Epoch 218 Loss: 0.000011
Epoch 218 Validation: Mean EPE: 0.0000, Mean SSIM: 1.0000, Mean ZNCC: 1.0000
Epoch 219 starts
Iter 10 of 180 Loss: 0.000012, L1(Flow): 0.000012, Reg: 0.000000
Iter 20 of 180 Loss: 0.000010, L1(Flow): 0.000010, Reg: 0.000000
Iter 30 of 180 Loss: 0.000013, L1(Flow): 0.000013, Reg: 0.000000
Iter 40 of 180 Loss: 0.000011, L1(Flow): 0.000011, Reg: 0.000000
Iter 50 of 180 Loss: 0.000009, L1(Flow): 0.000009, Reg: 0.000000
Iter 60 of 180 Loss: 0.000013, L1(Flow): 0.000013, Reg: 0.000000
Iter 70 of 180 Loss: 0.000011, L1(Flow): 0.000011, Reg: 0.000000
Iter 80 of 180 Loss: 0.000010, L1(Flow): 0.000010, Reg: 0.000000
Iter 90 of 180 Loss: 0.000013, L1(Flow): 0.000013, Reg: 0.000000
Iter 100 of 180 Loss: 0.000012, L1(Flow): 0.000012, Reg: 0.000000
Iter 110 of 180 Loss: 0.000010, L1(Flow): 0.000010, Reg: 0.000000
Iter 120 of 180 Loss: 0.000013, L1(Flow): 0.000013, Reg: 0.000000
Iter 130 of 180 Loss: 0.000012, L1(Flow): 0.000012, Reg: 0.000000
Iter 140 of 180 Loss: 0.000009, L1(Flow): 0.000009, Reg: 0.000000
Iter 150 of 180 Loss: 0.000013, L1(Flow): 0.000013, Reg: 0.000000
Iter 160 of 180 Loss: 0.000011, L1(Flow): 0.000011, Reg: 0.000000
Iter 170 of 180 Loss: 0.000009, L1(Flow): 0.000009, Reg: 0.000000
Iter 180 of 180 Loss: 0.000014, L1(Flow): 0.000014, Reg: 0.000000
Epoch 219 Loss: 0.000011
Epoch 219 Validation: Mean EPE: 0.0000, Mean SSIM: 1.0000, Mean ZNCC: 1.0000
Epoch 220 starts
Iter 10 of 180 Loss: 0.000011, L1(Flow): 0.000011, Reg: 0.000000
Iter 20 of 180 Loss: 0.000010, L1(Flow): 0.000010, Reg: 0.000000
Iter 30 of 180 Loss: 0.000013, L1(Flow): 0.000013, Reg: 0.000000
Iter 40 of 180 Loss: 0.000011, L1(Flow): 0.000011, Reg: 0.000000
Iter 50 of 180 Loss: 0.000009, L1(Flow): 0.000009, Reg: 0.000000
Iter 60 of 180 Loss: 0.000013, L1(Flow): 0.000013, Reg: 0.000000
Iter 70 of 180 Loss: 0.000011, L1(Flow): 0.000011, Reg: 0.000000
Iter 80 of 180 Loss: 0.000009, L1(Flow): 0.000009, Reg: 0.000000
Iter 90 of 180 Loss: 0.000013, L1(Flow): 0.000013, Reg: 0.000000
Iter 100 of 180 Loss: 0.000011, L1(Flow): 0.000011, Reg: 0.000000
Iter 110 of 180 Loss: 0.000009, L1(Flow): 0.000009, Reg: 0.000000
Iter 120 of 180 Loss: 0.000013, L1(Flow): 0.000013, Reg: 0.000000
Iter 130 of 180 Loss: 0.000011, L1(Flow): 0.000011, Reg: 0.000000
Iter 140 of 180 Loss: 0.000010, L1(Flow): 0.000010, Reg: 0.000000
Iter 150 of 180 Loss: 0.000014, L1(Flow): 0.000014, Reg: 0.000000
Iter 160 of 180 Loss: 0.000011, L1(Flow): 0.000011, Reg: 0.000000
Iter 170 of 180 Loss: 0.000010, L1(Flow): 0.000010, Reg: 0.000000
Iter 180 of 180 Loss: 0.000013, L1(Flow): 0.000013, Reg: 0.000000
Epoch 220 Loss: 0.000011
Epoch 220 Validation: Mean EPE: 0.0000, Mean SSIM: 1.0000, Mean ZNCC: 1.0000
Epoch 221 starts
Iter 10 of 180 Loss: 0.000012, L1(Flow): 0.000012, Reg: 0.000000
Iter 20 of 180 Loss: 0.000009, L1(Flow): 0.000009, Reg: 0.000000
Iter 30 of 180 Loss: 0.000014, L1(Flow): 0.000014, Reg: 0.000000
Iter 40 of 180 Loss: 0.000012, L1(Flow): 0.000012, Reg: 0.000000
Iter 50 of 180 Loss: 0.000009, L1(Flow): 0.000009, Reg: 0.000000
Iter 60 of 180 Loss: 0.000013, L1(Flow): 0.000013, Reg: 0.000000
Iter 70 of 180 Loss: 0.000012, L1(Flow): 0.000012, Reg: 0.000000
Iter 80 of 180 Loss: 0.000010, L1(Flow): 0.000010, Reg: 0.000000
Iter 90 of 180 Loss: 0.000013, L1(Flow): 0.000013, Reg: 0.000000
Iter 100 of 180 Loss: 0.000012, L1(Flow): 0.000012, Reg: 0.000000
Iter 110 of 180 Loss: 0.000010, L1(Flow): 0.000010, Reg: 0.000000
Iter 120 of 180 Loss: 0.000013, L1(Flow): 0.000013, Reg: 0.000000
Iter 130 of 180 Loss: 0.000012, L1(Flow): 0.000012, Reg: 0.000000
Iter 140 of 180 Loss: 0.000009, L1(Flow): 0.000009, Reg: 0.000000
Iter 150 of 180 Loss: 0.000013, L1(Flow): 0.000013, Reg: 0.000000
Iter 160 of 180 Loss: 0.000012, L1(Flow): 0.000012, Reg: 0.000000
Iter 170 of 180 Loss: 0.000009, L1(Flow): 0.000009, Reg: 0.000000
Iter 180 of 180 Loss: 0.000013, L1(Flow): 0.000013, Reg: 0.000000
Epoch 221 Loss: 0.000011
Epoch 221 Validation: Mean EPE: 0.0000, Mean SSIM: 1.0000, Mean ZNCC: 1.0000
Epoch 222 starts
Iter 10 of 180 Loss: 0.000012, L1(Flow): 0.000012, Reg: 0.000000
Iter 20 of 180 Loss: 0.000009, L1(Flow): 0.000009, Reg: 0.000000
Iter 30 of 180 Loss: 0.000012, L1(Flow): 0.000012, Reg: 0.000000
Iter 40 of 180 Loss: 0.000012, L1(Flow): 0.000012, Reg: 0.000000
Iter 50 of 180 Loss: 0.000009, L1(Flow): 0.000009, Reg: 0.000000
Iter 60 of 180 Loss: 0.000012, L1(Flow): 0.000012, Reg: 0.000000
Iter 70 of 180 Loss: 0.000011, L1(Flow): 0.000011, Reg: 0.000000
Iter 80 of 180 Loss: 0.000009, L1(Flow): 0.000009, Reg: 0.000000
Iter 90 of 180 Loss: 0.000014, L1(Flow): 0.000014, Reg: 0.000000
Iter 100 of 180 Loss: 0.000012, L1(Flow): 0.000012, Reg: 0.000000
Iter 110 of 180 Loss: 0.000010, L1(Flow): 0.000010, Reg: 0.000000
Iter 120 of 180 Loss: 0.000013, L1(Flow): 0.000013, Reg: 0.000000
Iter 130 of 180 Loss: 0.000012, L1(Flow): 0.000012, Reg: 0.000000
Iter 140 of 180 Loss: 0.000009, L1(Flow): 0.000009, Reg: 0.000000
Iter 150 of 180 Loss: 0.000013, L1(Flow): 0.000013, Reg: 0.000000
Iter 160 of 180 Loss: 0.000012, L1(Flow): 0.000012, Reg: 0.000000
Iter 170 of 180 Loss: 0.000009, L1(Flow): 0.000009, Reg: 0.000000
Iter 180 of 180 Loss: 0.000013, L1(Flow): 0.000013, Reg: 0.000000
Epoch 222 Loss: 0.000011
Epoch 222 Validation: Mean EPE: 0.0000, Mean SSIM: 1.0000, Mean ZNCC: 1.0000
Epoch 223 starts
Iter 10 of 180 Loss: 0.000011, L1(Flow): 0.000011, Reg: 0.000000
Iter 20 of 180 Loss: 0.000009, L1(Flow): 0.000009, Reg: 0.000000
Iter 30 of 180 Loss: 0.000013, L1(Flow): 0.000013, Reg: 0.000000
Iter 40 of 180 Loss: 0.000012, L1(Flow): 0.000012, Reg: 0.000000
Iter 50 of 180 Loss: 0.000010, L1(Flow): 0.000010, Reg: 0.000000
Iter 60 of 180 Loss: 0.000014, L1(Flow): 0.000014, Reg: 0.000000
Iter 70 of 180 Loss: 0.000013, L1(Flow): 0.000013, Reg: 0.000000
Iter 80 of 180 Loss: 0.000008, L1(Flow): 0.000008, Reg: 0.000000
Iter 90 of 180 Loss: 0.000013, L1(Flow): 0.000013, Reg: 0.000000
Iter 100 of 180 Loss: 0.000012, L1(Flow): 0.000011, Reg: 0.000000
Iter 110 of 180 Loss: 0.000008, L1(Flow): 0.000008, Reg: 0.000000
Iter 120 of 180 Loss: 0.000012, L1(Flow): 0.000012, Reg: 0.000000
Iter 130 of 180 Loss: 0.000012, L1(Flow): 0.000012, Reg: 0.000000
Iter 140 of 180 Loss: 0.000009, L1(Flow): 0.000009, Reg: 0.000000
Iter 150 of 180 Loss: 0.000013, L1(Flow): 0.000013, Reg: 0.000000
Iter 160 of 180 Loss: 0.000012, L1(Flow): 0.000012, Reg: 0.000000
Iter 170 of 180 Loss: 0.000009, L1(Flow): 0.000009, Reg: 0.000000
Iter 180 of 180 Loss: 0.000012, L1(Flow): 0.000012, Reg: 0.000000
Epoch 223 Loss: 0.000012
Epoch 223 Validation: Mean EPE: 0.0000, Mean SSIM: 1.0000, Mean ZNCC: 1.0000
Epoch 224 starts
Iter 10 of 180 Loss: 0.000013, L1(Flow): 0.000013, Reg: 0.000000
Iter 20 of 180 Loss: 0.000009, L1(Flow): 0.000009, Reg: 0.000000
Iter 30 of 180 Loss: 0.000014, L1(Flow): 0.000014, Reg: 0.000000
Iter 40 of 180 Loss: 0.000012, L1(Flow): 0.000012, Reg: 0.000000
Iter 50 of 180 Loss: 0.000010, L1(Flow): 0.000010, Reg: 0.000000
Iter 60 of 180 Loss: 0.000012, L1(Flow): 0.000012, Reg: 0.000000
Iter 70 of 180 Loss: 0.000011, L1(Flow): 0.000011, Reg: 0.000000
Iter 80 of 180 Loss: 0.000008, L1(Flow): 0.000008, Reg: 0.000000
Iter 90 of 180 Loss: 0.000012, L1(Flow): 0.000012, Reg: 0.000000
Iter 100 of 180 Loss: 0.000012, L1(Flow): 0.000012, Reg: 0.000000
Iter 110 of 180 Loss: 0.000009, L1(Flow): 0.000009, Reg: 0.000000
Iter 120 of 180 Loss: 0.000012, L1(Flow): 0.000012, Reg: 0.000000
Iter 130 of 180 Loss: 0.000012, L1(Flow): 0.000012, Reg: 0.000000
Iter 140 of 180 Loss: 0.000009, L1(Flow): 0.000009, Reg: 0.000000
Iter 150 of 180 Loss: 0.000012, L1(Flow): 0.000012, Reg: 0.000000
Iter 160 of 180 Loss: 0.000012, L1(Flow): 0.000012, Reg: 0.000000
Iter 170 of 180 Loss: 0.000008, L1(Flow): 0.000008, Reg: 0.000000
Iter 180 of 180 Loss: 0.000013, L1(Flow): 0.000013, Reg: 0.000000
Epoch 224 Loss: 0.000011
Epoch 224 Validation: Mean EPE: 0.0000, Mean SSIM: 1.0000, Mean ZNCC: 1.0000
Epoch 225 starts
Iter 10 of 180 Loss: 0.000012, L1(Flow): 0.000012, Reg: 0.000000
Iter 20 of 180 Loss: 0.000009, L1(Flow): 0.000009, Reg: 0.000000
Iter 30 of 180 Loss: 0.000013, L1(Flow): 0.000013, Reg: 0.000000
Iter 40 of 180 Loss: 0.000012, L1(Flow): 0.000012, Reg: 0.000000
Iter 50 of 180 Loss: 0.000009, L1(Flow): 0.000009, Reg: 0.000000
Iter 60 of 180 Loss: 0.000013, L1(Flow): 0.000013, Reg: 0.000000
Iter 70 of 180 Loss: 0.000012, L1(Flow): 0.000012, Reg: 0.000000
Iter 80 of 180 Loss: 0.000009, L1(Flow): 0.000009, Reg: 0.000000
Iter 90 of 180 Loss: 0.000013, L1(Flow): 0.000013, Reg: 0.000000
Iter 100 of 180 Loss: 0.000011, L1(Flow): 0.000011, Reg: 0.000000
Iter 110 of 180 Loss: 0.000009, L1(Flow): 0.000009, Reg: 0.000000
Iter 120 of 180 Loss: 0.000012, L1(Flow): 0.000012, Reg: 0.000000
Iter 130 of 180 Loss: 0.000011, L1(Flow): 0.000011, Reg: 0.000000
Iter 140 of 180 Loss: 0.000009, L1(Flow): 0.000009, Reg: 0.000000
Iter 150 of 180 Loss: 0.000013, L1(Flow): 0.000013, Reg: 0.000000
Iter 160 of 180 Loss: 0.000012, L1(Flow): 0.000012, Reg: 0.000000
Iter 170 of 180 Loss: 0.000009, L1(Flow): 0.000009, Reg: 0.000000
Iter 180 of 180 Loss: 0.000013, L1(Flow): 0.000013, Reg: 0.000000
Epoch 225 Loss: 0.000011
Epoch 225 Validation: Mean EPE: 0.0000, Mean SSIM: 1.0000, Mean ZNCC: 1.0000
Epoch 226 starts
Iter 10 of 180 Loss: 0.000012, L1(Flow): 0.000012, Reg: 0.000000
Iter 20 of 180 Loss: 0.000009, L1(Flow): 0.000009, Reg: 0.000000
Iter 30 of 180 Loss: 0.000013, L1(Flow): 0.000013, Reg: 0.000000
Iter 40 of 180 Loss: 0.000011, L1(Flow): 0.000011, Reg: 0.000000
Iter 50 of 180 Loss: 0.000009, L1(Flow): 0.000009, Reg: 0.000000
Iter 60 of 180 Loss: 0.000014, L1(Flow): 0.000014, Reg: 0.000000
Iter 70 of 180 Loss: 0.000011, L1(Flow): 0.000011, Reg: 0.000000
Iter 80 of 180 Loss: 0.000009, L1(Flow): 0.000009, Reg: 0.000000
Iter 90 of 180 Loss: 0.000014, L1(Flow): 0.000014, Reg: 0.000000
Iter 100 of 180 Loss: 0.000011, L1(Flow): 0.000011, Reg: 0.000000
Iter 110 of 180 Loss: 0.000009, L1(Flow): 0.000009, Reg: 0.000000
Iter 120 of 180 Loss: 0.000013, L1(Flow): 0.000013, Reg: 0.000000
Iter 130 of 180 Loss: 0.000011, L1(Flow): 0.000011, Reg: 0.000000
Iter 140 of 180 Loss: 0.000009, L1(Flow): 0.000009, Reg: 0.000000
Iter 150 of 180 Loss: 0.000014, L1(Flow): 0.000014, Reg: 0.000000
Iter 160 of 180 Loss: 0.000011, L1(Flow): 0.000011, Reg: 0.000000
Iter 170 of 180 Loss: 0.000010, L1(Flow): 0.000010, Reg: 0.000000
Iter 180 of 180 Loss: 0.000013, L1(Flow): 0.000013, Reg: 0.000000
Epoch 226 Loss: 0.000011
Epoch 226 Validation: Mean EPE: 0.0000, Mean SSIM: 1.0000, Mean ZNCC: 1.0000
Epoch 227 starts
Iter 10 of 180 Loss: 0.000011, L1(Flow): 0.000011, Reg: 0.000000
Iter 20 of 180 Loss: 0.000009, L1(Flow): 0.000009, Reg: 0.000000
Iter 30 of 180 Loss: 0.000013, L1(Flow): 0.000013, Reg: 0.000000
Iter 40 of 180 Loss: 0.000011, L1(Flow): 0.000011, Reg: 0.000000
Iter 50 of 180 Loss: 0.000009, L1(Flow): 0.000009, Reg: 0.000000
Iter 60 of 180 Loss: 0.000013, L1(Flow): 0.000013, Reg: 0.000000
Iter 70 of 180 Loss: 0.000011, L1(Flow): 0.000011, Reg: 0.000000
Iter 80 of 180 Loss: 0.000010, L1(Flow): 0.000010, Reg: 0.000000
Iter 90 of 180 Loss: 0.000013, L1(Flow): 0.000013, Reg: 0.000000
Iter 100 of 180 Loss: 0.000012, L1(Flow): 0.000012, Reg: 0.000000
Iter 110 of 180 Loss: 0.000009, L1(Flow): 0.000009, Reg: 0.000000
Iter 120 of 180 Loss: 0.000014, L1(Flow): 0.000014, Reg: 0.000000
Iter 130 of 180 Loss: 0.000011, L1(Flow): 0.000011, Reg: 0.000000
Iter 140 of 180 Loss: 0.000008, L1(Flow): 0.000008, Reg: 0.000000
Iter 150 of 180 Loss: 0.000014, L1(Flow): 0.000014, Reg: 0.000000
Iter 160 of 180 Loss: 0.000011, L1(Flow): 0.000011, Reg: 0.000000
Iter 170 of 180 Loss: 0.000010, L1(Flow): 0.000010, Reg: 0.000000
Iter 180 of 180 Loss: 0.000012, L1(Flow): 0.000012, Reg: 0.000000
Epoch 227 Loss: 0.000011
Epoch 227 Validation: Mean EPE: 0.0000, Mean SSIM: 1.0000, Mean ZNCC: 1.0000
Epoch 228 starts
Iter 10 of 180 Loss: 0.000012, L1(Flow): 0.000012, Reg: 0.000000
Iter 20 of 180 Loss: 0.000009, L1(Flow): 0.000009, Reg: 0.000000
Iter 30 of 180 Loss: 0.000014, L1(Flow): 0.000014, Reg: 0.000000
Iter 40 of 180 Loss: 0.000012, L1(Flow): 0.000012, Reg: 0.000000
Iter 50 of 180 Loss: 0.000009, L1(Flow): 0.000009, Reg: 0.000000
Iter 60 of 180 Loss: 0.000013, L1(Flow): 0.000013, Reg: 0.000000
Iter 70 of 180 Loss: 0.000012, L1(Flow): 0.000012, Reg: 0.000000
Iter 80 of 180 Loss: 0.000010, L1(Flow): 0.000010, Reg: 0.000000
Iter 90 of 180 Loss: 0.000014, L1(Flow): 0.000014, Reg: 0.000000
Iter 100 of 180 Loss: 0.000011, L1(Flow): 0.000011, Reg: 0.000000
Iter 110 of 180 Loss: 0.000009, L1(Flow): 0.000009, Reg: 0.000000
Iter 120 of 180 Loss: 0.000013, L1(Flow): 0.000013, Reg: 0.000000
Iter 130 of 180 Loss: 0.000012, L1(Flow): 0.000012, Reg: 0.000000
Iter 140 of 180 Loss: 0.000009, L1(Flow): 0.000009, Reg: 0.000000
Iter 150 of 180 Loss: 0.000012, L1(Flow): 0.000012, Reg: 0.000000
Iter 160 of 180 Loss: 0.000012, L1(Flow): 0.000012, Reg: 0.000000
Iter 170 of 180 Loss: 0.000009, L1(Flow): 0.000009, Reg: 0.000000
Iter 180 of 180 Loss: 0.000013, L1(Flow): 0.000013, Reg: 0.000000
Epoch 228 Loss: 0.000011
Epoch 228 Validation: Mean EPE: 0.0000, Mean SSIM: 1.0000, Mean ZNCC: 1.0000
Epoch 229 starts
Iter 10 of 180 Loss: 0.000011, L1(Flow): 0.000011, Reg: 0.000000
Iter 20 of 180 Loss: 0.000008, L1(Flow): 0.000008, Reg: 0.000000
Iter 30 of 180 Loss: 0.000013, L1(Flow): 0.000013, Reg: 0.000000
Iter 40 of 180 Loss: 0.000012, L1(Flow): 0.000012, Reg: 0.000000
Iter 50 of 180 Loss: 0.000009, L1(Flow): 0.000009, Reg: 0.000000
Iter 60 of 180 Loss: 0.000013, L1(Flow): 0.000013, Reg: 0.000000
Iter 70 of 180 Loss: 0.000011, L1(Flow): 0.000011, Reg: 0.000000
Iter 80 of 180 Loss: 0.000009, L1(Flow): 0.000009, Reg: 0.000000
Iter 90 of 180 Loss: 0.000013, L1(Flow): 0.000013, Reg: 0.000000
Iter 100 of 180 Loss: 0.000012, L1(Flow): 0.000012, Reg: 0.000000
Iter 110 of 180 Loss: 0.000010, L1(Flow): 0.000010, Reg: 0.000000
Iter 120 of 180 Loss: 0.000014, L1(Flow): 0.000014, Reg: 0.000000
Iter 130 of 180 Loss: 0.000011, L1(Flow): 0.000011, Reg: 0.000000
Iter 140 of 180 Loss: 0.000009, L1(Flow): 0.000009, Reg: 0.000000
Iter 150 of 180 Loss: 0.000014, L1(Flow): 0.000014, Reg: 0.000000
Iter 160 of 180 Loss: 0.000012, L1(Flow): 0.000012, Reg: 0.000000
Iter 170 of 180 Loss: 0.000010, L1(Flow): 0.000010, Reg: 0.000000
Iter 180 of 180 Loss: 0.000013, L1(Flow): 0.000013, Reg: 0.000000
Epoch 229 Loss: 0.000011
Epoch 229 Validation: Mean EPE: 0.0000, Mean SSIM: 1.0000, Mean ZNCC: 1.0000
Epoch 230 starts
Iter 10 of 180 Loss: 0.000011, L1(Flow): 0.000011, Reg: 0.000000
Iter 20 of 180 Loss: 0.000008, L1(Flow): 0.000008, Reg: 0.000000
Iter 30 of 180 Loss: 0.000013, L1(Flow): 0.000013, Reg: 0.000000
Iter 40 of 180 Loss: 0.000012, L1(Flow): 0.000012, Reg: 0.000000
Iter 50 of 180 Loss: 0.000009, L1(Flow): 0.000009, Reg: 0.000000
Iter 60 of 180 Loss: 0.000013, L1(Flow): 0.000013, Reg: 0.000000
Iter 70 of 180 Loss: 0.000012, L1(Flow): 0.000012, Reg: 0.000000
Iter 80 of 180 Loss: 0.000009, L1(Flow): 0.000009, Reg: 0.000000
Iter 90 of 180 Loss: 0.000013, L1(Flow): 0.000013, Reg: 0.000000
Iter 100 of 180 Loss: 0.000012, L1(Flow): 0.000012, Reg: 0.000000
Iter 110 of 180 Loss: 0.000009, L1(Flow): 0.000009, Reg: 0.000000
Iter 120 of 180 Loss: 0.000013, L1(Flow): 0.000013, Reg: 0.000000
Iter 130 of 180 Loss: 0.000011, L1(Flow): 0.000011, Reg: 0.000000
Iter 140 of 180 Loss: 0.000008, L1(Flow): 0.000008, Reg: 0.000000
Iter 150 of 180 Loss: 0.000013, L1(Flow): 0.000013, Reg: 0.000000
Iter 160 of 180 Loss: 0.000012, L1(Flow): 0.000012, Reg: 0.000000
Iter 170 of 180 Loss: 0.000009, L1(Flow): 0.000009, Reg: 0.000000
Iter 180 of 180 Loss: 0.000013, L1(Flow): 0.000013, Reg: 0.000000
Epoch 230 Loss: 0.000011
Epoch 230 Validation: Mean EPE: 0.0000, Mean SSIM: 1.0000, Mean ZNCC: 1.0000
Epoch 231 starts
Iter 10 of 180 Loss: 0.000011, L1(Flow): 0.000011, Reg: 0.000000
Iter 20 of 180 Loss: 0.000009, L1(Flow): 0.000009, Reg: 0.000000
Iter 30 of 180 Loss: 0.000013, L1(Flow): 0.000013, Reg: 0.000000
Iter 40 of 180 Loss: 0.000011, L1(Flow): 0.000011, Reg: 0.000000
Iter 50 of 180 Loss: 0.000009, L1(Flow): 0.000009, Reg: 0.000000
Iter 60 of 180 Loss: 0.000013, L1(Flow): 0.000013, Reg: 0.000000
Iter 70 of 180 Loss: 0.000011, L1(Flow): 0.000011, Reg: 0.000000
Iter 80 of 180 Loss: 0.000009, L1(Flow): 0.000009, Reg: 0.000000
Iter 90 of 180 Loss: 0.000014, L1(Flow): 0.000014, Reg: 0.000000
Iter 100 of 180 Loss: 0.000013, L1(Flow): 0.000013, Reg: 0.000000
Iter 110 of 180 Loss: 0.000009, L1(Flow): 0.000009, Reg: 0.000000
Iter 120 of 180 Loss: 0.000014, L1(Flow): 0.000014, Reg: 0.000000
Iter 130 of 180 Loss: 0.000011, L1(Flow): 0.000011, Reg: 0.000000
Iter 140 of 180 Loss: 0.000010, L1(Flow): 0.000010, Reg: 0.000000
Iter 150 of 180 Loss: 0.000013, L1(Flow): 0.000013, Reg: 0.000000
Iter 160 of 180 Loss: 0.000011, L1(Flow): 0.000010, Reg: 0.000000
Iter 170 of 180 Loss: 0.000009, L1(Flow): 0.000009, Reg: 0.000000
Iter 180 of 180 Loss: 0.000014, L1(Flow): 0.000014, Reg: 0.000000
Epoch 231 Loss: 0.000011
Epoch 231 Validation: Mean EPE: 0.0000, Mean SSIM: 1.0000, Mean ZNCC: 1.0000
Epoch 232 starts
Iter 10 of 180 Loss: 0.000011, L1(Flow): 0.000011, Reg: 0.000000
Iter 20 of 180 Loss: 0.000009, L1(Flow): 0.000009, Reg: 0.000000
Iter 30 of 180 Loss: 0.000013, L1(Flow): 0.000013, Reg: 0.000000
Iter 40 of 180 Loss: 0.000011, L1(Flow): 0.000011, Reg: 0.000000
Iter 50 of 180 Loss: 0.000009, L1(Flow): 0.000009, Reg: 0.000000
Iter 60 of 180 Loss: 0.000013, L1(Flow): 0.000013, Reg: 0.000000
Iter 70 of 180 Loss: 0.000012, L1(Flow): 0.000012, Reg: 0.000000
Iter 80 of 180 Loss: 0.000009, L1(Flow): 0.000009, Reg: 0.000000
Iter 90 of 180 Loss: 0.000013, L1(Flow): 0.000013, Reg: 0.000000
Iter 100 of 180 Loss: 0.000011, L1(Flow): 0.000011, Reg: 0.000000
Iter 110 of 180 Loss: 0.000010, L1(Flow): 0.000010, Reg: 0.000000
Iter 120 of 180 Loss: 0.000014, L1(Flow): 0.000014, Reg: 0.000000
Iter 130 of 180 Loss: 0.000011, L1(Flow): 0.000011, Reg: 0.000000
Iter 140 of 180 Loss: 0.000009, L1(Flow): 0.000009, Reg: 0.000000
Iter 150 of 180 Loss: 0.000013, L1(Flow): 0.000013, Reg: 0.000000
Iter 160 of 180 Loss: 0.000013, L1(Flow): 0.000013, Reg: 0.000000
Iter 170 of 180 Loss: 0.000009, L1(Flow): 0.000009, Reg: 0.000000
Iter 180 of 180 Loss: 0.000013, L1(Flow): 0.000013, Reg: 0.000000
Epoch 232 Loss: 0.000011
Epoch 232 Validation: Mean EPE: 0.0000, Mean SSIM: 1.0000, Mean ZNCC: 1.0000
Epoch 233 starts
Iter 10 of 180 Loss: 0.000012, L1(Flow): 0.000012, Reg: 0.000000
Iter 20 of 180 Loss: 0.000009, L1(Flow): 0.000009, Reg: 0.000000
Iter 30 of 180 Loss: 0.000012, L1(Flow): 0.000012, Reg: 0.000000
Iter 40 of 180 Loss: 0.000012, L1(Flow): 0.000012, Reg: 0.000000
Iter 50 of 180 Loss: 0.000009, L1(Flow): 0.000009, Reg: 0.000000
Iter 60 of 180 Loss: 0.000014, L1(Flow): 0.000014, Reg: 0.000000
Iter 70 of 180 Loss: 0.000012, L1(Flow): 0.000012, Reg: 0.000000
Iter 80 of 180 Loss: 0.000010, L1(Flow): 0.000010, Reg: 0.000000
Iter 90 of 180 Loss: 0.000013, L1(Flow): 0.000013, Reg: 0.000000
Iter 100 of 180 Loss: 0.000011, L1(Flow): 0.000011, Reg: 0.000000
Iter 110 of 180 Loss: 0.000009, L1(Flow): 0.000009, Reg: 0.000000
Iter 120 of 180 Loss: 0.000013, L1(Flow): 0.000013, Reg: 0.000000
Iter 130 of 180 Loss: 0.000012, L1(Flow): 0.000012, Reg: 0.000000
Iter 140 of 180 Loss: 0.000009, L1(Flow): 0.000009, Reg: 0.000000
Iter 150 of 180 Loss: 0.000012, L1(Flow): 0.000012, Reg: 0.000000
Iter 160 of 180 Loss: 0.000011, L1(Flow): 0.000011, Reg: 0.000000
Iter 170 of 180 Loss: 0.000009, L1(Flow): 0.000009, Reg: 0.000000
Iter 180 of 180 Loss: 0.000013, L1(Flow): 0.000012, Reg: 0.000000
Epoch 233 Loss: 0.000011
Epoch 233 Validation: Mean EPE: 0.0000, Mean SSIM: 1.0000, Mean ZNCC: 1.0000
Epoch 234 starts
Iter 10 of 180 Loss: 0.000012, L1(Flow): 0.000012, Reg: 0.000000
Iter 20 of 180 Loss: 0.000009, L1(Flow): 0.000009, Reg: 0.000000
Iter 30 of 180 Loss: 0.000013, L1(Flow): 0.000013, Reg: 0.000000
Iter 40 of 180 Loss: 0.000012, L1(Flow): 0.000012, Reg: 0.000000
Iter 50 of 180 Loss: 0.000009, L1(Flow): 0.000009, Reg: 0.000000
Iter 60 of 180 Loss: 0.000013, L1(Flow): 0.000013, Reg: 0.000000
Iter 70 of 180 Loss: 0.000011, L1(Flow): 0.000011, Reg: 0.000000
Iter 80 of 180 Loss: 0.000009, L1(Flow): 0.000009, Reg: 0.000000
Iter 90 of 180 Loss: 0.000014, L1(Flow): 0.000014, Reg: 0.000000
Iter 100 of 180 Loss: 0.000011, L1(Flow): 0.000011, Reg: 0.000000
Iter 110 of 180 Loss: 0.000009, L1(Flow): 0.000009, Reg: 0.000000
Iter 120 of 180 Loss: 0.000013, L1(Flow): 0.000013, Reg: 0.000000
Iter 130 of 180 Loss: 0.000012, L1(Flow): 0.000012, Reg: 0.000000
Iter 140 of 180 Loss: 0.000010, L1(Flow): 0.000010, Reg: 0.000000
Iter 150 of 180 Loss: 0.000013, L1(Flow): 0.000013, Reg: 0.000000
Iter 160 of 180 Loss: 0.000011, L1(Flow): 0.000011, Reg: 0.000000
Iter 170 of 180 Loss: 0.000010, L1(Flow): 0.000010, Reg: 0.000000
Iter 180 of 180 Loss: 0.000013, L1(Flow): 0.000013, Reg: 0.000000
Epoch 234 Loss: 0.000011
Epoch 234 Validation: Mean EPE: 0.0000, Mean SSIM: 1.0000, Mean ZNCC: 1.0000
Epoch 235 starts
Iter 10 of 180 Loss: 0.000012, L1(Flow): 0.000012, Reg: 0.000000
Iter 20 of 180 Loss: 0.000009, L1(Flow): 0.000009, Reg: 0.000000
Iter 30 of 180 Loss: 0.000013, L1(Flow): 0.000013, Reg: 0.000000
Iter 40 of 180 Loss: 0.000012, L1(Flow): 0.000012, Reg: 0.000000
Iter 50 of 180 Loss: 0.000009, L1(Flow): 0.000009, Reg: 0.000000
Iter 60 of 180 Loss: 0.000013, L1(Flow): 0.000013, Reg: 0.000000
Iter 70 of 180 Loss: 0.000013, L1(Flow): 0.000013, Reg: 0.000000
Iter 80 of 180 Loss: 0.000010, L1(Flow): 0.000010, Reg: 0.000000
Iter 90 of 180 Loss: 0.000013, L1(Flow): 0.000013, Reg: 0.000000
Iter 100 of 180 Loss: 0.000011, L1(Flow): 0.000011, Reg: 0.000000
Iter 110 of 180 Loss: 0.000009, L1(Flow): 0.000009, Reg: 0.000000
Iter 120 of 180 Loss: 0.000013, L1(Flow): 0.000013, Reg: 0.000000
Iter 130 of 180 Loss: 0.000011, L1(Flow): 0.000011, Reg: 0.000000
Iter 140 of 180 Loss: 0.000009, L1(Flow): 0.000009, Reg: 0.000000
Iter 150 of 180 Loss: 0.000013, L1(Flow): 0.000013, Reg: 0.000000
Iter 160 of 180 Loss: 0.000013, L1(Flow): 0.000013, Reg: 0.000000
Iter 170 of 180 Loss: 0.000009, L1(Flow): 0.000009, Reg: 0.000000
Iter 180 of 180 Loss: 0.000013, L1(Flow): 0.000013, Reg: 0.000000
Epoch 235 Loss: 0.000011
Epoch 235 Validation: Mean EPE: 0.0000, Mean SSIM: 1.0000, Mean ZNCC: 1.0000
Epoch 236 starts
Iter 10 of 180 Loss: 0.000011, L1(Flow): 0.000011, Reg: 0.000000
Iter 20 of 180 Loss: 0.000009, L1(Flow): 0.000009, Reg: 0.000000
Iter 30 of 180 Loss: 0.000013, L1(Flow): 0.000013, Reg: 0.000000
Iter 40 of 180 Loss: 0.000012, L1(Flow): 0.000012, Reg: 0.000000
Iter 50 of 180 Loss: 0.000009, L1(Flow): 0.000009, Reg: 0.000000
Iter 60 of 180 Loss: 0.000013, L1(Flow): 0.000013, Reg: 0.000000
Iter 70 of 180 Loss: 0.000011, L1(Flow): 0.000011, Reg: 0.000000
Iter 80 of 180 Loss: 0.000010, L1(Flow): 0.000010, Reg: 0.000000
Iter 90 of 180 Loss: 0.000012, L1(Flow): 0.000012, Reg: 0.000000
Iter 100 of 180 Loss: 0.000012, L1(Flow): 0.000012, Reg: 0.000000
Iter 110 of 180 Loss: 0.000009, L1(Flow): 0.000009, Reg: 0.000000
Iter 120 of 180 Loss: 0.000013, L1(Flow): 0.000013, Reg: 0.000000
Iter 130 of 180 Loss: 0.000012, L1(Flow): 0.000012, Reg: 0.000000
Iter 140 of 180 Loss: 0.000010, L1(Flow): 0.000010, Reg: 0.000000
Iter 150 of 180 Loss: 0.000013, L1(Flow): 0.000013, Reg: 0.000000
Iter 160 of 180 Loss: 0.000012, L1(Flow): 0.000012, Reg: 0.000000
Iter 170 of 180 Loss: 0.000009, L1(Flow): 0.000009, Reg: 0.000000
Iter 180 of 180 Loss: 0.000013, L1(Flow): 0.000013, Reg: 0.000000
Epoch 236 Loss: 0.000011
Epoch 236 Validation: Mean EPE: 0.0000, Mean SSIM: 1.0000, Mean ZNCC: 1.0000
Epoch 237 starts
Iter 10 of 180 Loss: 0.000012, L1(Flow): 0.000012, Reg: 0.000000
Iter 20 of 180 Loss: 0.000009, L1(Flow): 0.000009, Reg: 0.000000
Iter 30 of 180 Loss: 0.000013, L1(Flow): 0.000013, Reg: 0.000000
Iter 40 of 180 Loss: 0.000011, L1(Flow): 0.000011, Reg: 0.000000
Iter 50 of 180 Loss: 0.000009, L1(Flow): 0.000009, Reg: 0.000000
Iter 60 of 180 Loss: 0.000013, L1(Flow): 0.000013, Reg: 0.000000
Iter 70 of 180 Loss: 0.000011, L1(Flow): 0.000011, Reg: 0.000000
Iter 80 of 180 Loss: 0.000009, L1(Flow): 0.000009, Reg: 0.000000
Iter 90 of 180 Loss: 0.000013, L1(Flow): 0.000013, Reg: 0.000000
Iter 100 of 180 Loss: 0.000011, L1(Flow): 0.000011, Reg: 0.000000
Iter 110 of 180 Loss: 0.000010, L1(Flow): 0.000010, Reg: 0.000000
Iter 120 of 180 Loss: 0.000013, L1(Flow): 0.000013, Reg: 0.000000
Iter 130 of 180 Loss: 0.000012, L1(Flow): 0.000012, Reg: 0.000000
Iter 140 of 180 Loss: 0.000009, L1(Flow): 0.000009, Reg: 0.000000
Iter 150 of 180 Loss: 0.000014, L1(Flow): 0.000014, Reg: 0.000000
Iter 160 of 180 Loss: 0.000011, L1(Flow): 0.000011, Reg: 0.000000
Iter 170 of 180 Loss: 0.000010, L1(Flow): 0.000010, Reg: 0.000000
Iter 180 of 180 Loss: 0.000013, L1(Flow): 0.000013, Reg: 0.000000
Epoch 237 Loss: 0.000011
Epoch 237 Validation: Mean EPE: 0.0000, Mean SSIM: 1.0000, Mean ZNCC: 1.0000
Epoch 238 starts
Iter 10 of 180 Loss: 0.000012, L1(Flow): 0.000012, Reg: 0.000000
Iter 20 of 180 Loss: 0.000009, L1(Flow): 0.000009, Reg: 0.000000
Iter 30 of 180 Loss: 0.000012, L1(Flow): 0.000012, Reg: 0.000000
Iter 40 of 180 Loss: 0.000011, L1(Flow): 0.000011, Reg: 0.000000
Iter 50 of 180 Loss: 0.000009, L1(Flow): 0.000009, Reg: 0.000000
Iter 60 of 180 Loss: 0.000012, L1(Flow): 0.000012, Reg: 0.000000
Iter 70 of 180 Loss: 0.000011, L1(Flow): 0.000011, Reg: 0.000000
Iter 80 of 180 Loss: 0.000009, L1(Flow): 0.000009, Reg: 0.000000
Iter 90 of 180 Loss: 0.000012, L1(Flow): 0.000012, Reg: 0.000000
Iter 100 of 180 Loss: 0.000012, L1(Flow): 0.000012, Reg: 0.000000
Iter 110 of 180 Loss: 0.000009, L1(Flow): 0.000009, Reg: 0.000000
Iter 120 of 180 Loss: 0.000013, L1(Flow): 0.000013, Reg: 0.000000
Iter 130 of 180 Loss: 0.000011, L1(Flow): 0.000011, Reg: 0.000000
Iter 140 of 180 Loss: 0.000009, L1(Flow): 0.000009, Reg: 0.000000
Iter 150 of 180 Loss: 0.000012, L1(Flow): 0.000012, Reg: 0.000000
Iter 160 of 180 Loss: 0.000010, L1(Flow): 0.000010, Reg: 0.000000
Iter 170 of 180 Loss: 0.000008, L1(Flow): 0.000008, Reg: 0.000000
Iter 180 of 180 Loss: 0.000013, L1(Flow): 0.000013, Reg: 0.000000
Epoch 238 Loss: 0.000011
Epoch 238 Validation: Mean EPE: 0.0000, Mean SSIM: 1.0000, Mean ZNCC: 1.0000
Epoch 239 starts
Iter 10 of 180 Loss: 0.000011, L1(Flow): 0.000011, Reg: 0.000000
Iter 20 of 180 Loss: 0.000010, L1(Flow): 0.000010, Reg: 0.000000
Iter 30 of 180 Loss: 0.000013, L1(Flow): 0.000013, Reg: 0.000000
Iter 40 of 180 Loss: 0.000011, L1(Flow): 0.000011, Reg: 0.000000
Iter 50 of 180 Loss: 0.000009, L1(Flow): 0.000009, Reg: 0.000000
Iter 60 of 180 Loss: 0.000013, L1(Flow): 0.000013, Reg: 0.000000
Iter 70 of 180 Loss: 0.000011, L1(Flow): 0.000011, Reg: 0.000000
Iter 80 of 180 Loss: 0.000008, L1(Flow): 0.000008, Reg: 0.000000
Iter 90 of 180 Loss: 0.000013, L1(Flow): 0.000013, Reg: 0.000000
Iter 100 of 180 Loss: 0.000012, L1(Flow): 0.000012, Reg: 0.000000
Iter 110 of 180 Loss: 0.000008, L1(Flow): 0.000008, Reg: 0.000000
Iter 120 of 180 Loss: 0.000013, L1(Flow): 0.000013, Reg: 0.000000
Iter 130 of 180 Loss: 0.000011, L1(Flow): 0.000011, Reg: 0.000000
Iter 140 of 180 Loss: 0.000009, L1(Flow): 0.000009, Reg: 0.000000
Iter 150 of 180 Loss: 0.000013, L1(Flow): 0.000013, Reg: 0.000000
Iter 160 of 180 Loss: 0.000011, L1(Flow): 0.000011, Reg: 0.000000
Iter 170 of 180 Loss: 0.000009, L1(Flow): 0.000009, Reg: 0.000000
Iter 180 of 180 Loss: 0.000013, L1(Flow): 0.000013, Reg: 0.000000
Epoch 239 Loss: 0.000011
Epoch 239 Validation: Mean EPE: 0.0000, Mean SSIM: 1.0000, Mean ZNCC: 1.0000
Epoch 240 starts
Iter 10 of 180 Loss: 0.000012, L1(Flow): 0.000012, Reg: 0.000000
Iter 20 of 180 Loss: 0.000009, L1(Flow): 0.000009, Reg: 0.000000
Iter 30 of 180 Loss: 0.000013, L1(Flow): 0.000013, Reg: 0.000000
Iter 40 of 180 Loss: 0.000012, L1(Flow): 0.000012, Reg: 0.000000
Iter 50 of 180 Loss: 0.000009, L1(Flow): 0.000009, Reg: 0.000000
Iter 60 of 180 Loss: 0.000013, L1(Flow): 0.000013, Reg: 0.000000
Iter 70 of 180 Loss: 0.000011, L1(Flow): 0.000011, Reg: 0.000000
Iter 80 of 180 Loss: 0.000010, L1(Flow): 0.000010, Reg: 0.000000
Iter 90 of 180 Loss: 0.000013, L1(Flow): 0.000013, Reg: 0.000000
Iter 100 of 180 Loss: 0.000011, L1(Flow): 0.000011, Reg: 0.000000
Iter 110 of 180 Loss: 0.000009, L1(Flow): 0.000009, Reg: 0.000000
Iter 120 of 180 Loss: 0.000013, L1(Flow): 0.000013, Reg: 0.000000
Iter 130 of 180 Loss: 0.000011, L1(Flow): 0.000011, Reg: 0.000000
Iter 140 of 180 Loss: 0.000009, L1(Flow): 0.000009, Reg: 0.000000
Iter 150 of 180 Loss: 0.000013, L1(Flow): 0.000013, Reg: 0.000000
Iter 160 of 180 Loss: 0.000012, L1(Flow): 0.000012, Reg: 0.000000
Iter 170 of 180 Loss: 0.000009, L1(Flow): 0.000009, Reg: 0.000000
Iter 180 of 180 Loss: 0.000013, L1(Flow): 0.000013, Reg: 0.000000
Epoch 240 Loss: 0.000011
Epoch 240 Validation: Mean EPE: 0.0000, Mean SSIM: 1.0000, Mean ZNCC: 1.0000
Epoch 241 starts
Iter 10 of 180 Loss: 0.000012, L1(Flow): 0.000012, Reg: 0.000000
Iter 20 of 180 Loss: 0.000009, L1(Flow): 0.000009, Reg: 0.000000
Iter 30 of 180 Loss: 0.000013, L1(Flow): 0.000013, Reg: 0.000000
Iter 40 of 180 Loss: 0.000011, L1(Flow): 0.000011, Reg: 0.000000
Iter 50 of 180 Loss: 0.000008, L1(Flow): 0.000008, Reg: 0.000000
Iter 60 of 180 Loss: 0.000013, L1(Flow): 0.000013, Reg: 0.000000
Iter 70 of 180 Loss: 0.000011, L1(Flow): 0.000011, Reg: 0.000000
Iter 80 of 180 Loss: 0.000008, L1(Flow): 0.000008, Reg: 0.000000
Iter 90 of 180 Loss: 0.000013, L1(Flow): 0.000013, Reg: 0.000000
Iter 100 of 180 Loss: 0.000011, L1(Flow): 0.000011, Reg: 0.000000
Iter 110 of 180 Loss: 0.000009, L1(Flow): 0.000009, Reg: 0.000000
Iter 120 of 180 Loss: 0.000014, L1(Flow): 0.000014, Reg: 0.000000
Iter 130 of 180 Loss: 0.000011, L1(Flow): 0.000011, Reg: 0.000000
Iter 140 of 180 Loss: 0.000009, L1(Flow): 0.000009, Reg: 0.000000
Iter 150 of 180 Loss: 0.000013, L1(Flow): 0.000013, Reg: 0.000000
Iter 160 of 180 Loss: 0.000011, L1(Flow): 0.000011, Reg: 0.000000
Iter 170 of 180 Loss: 0.000009, L1(Flow): 0.000009, Reg: 0.000000
Iter 180 of 180 Loss: 0.000012, L1(Flow): 0.000012, Reg: 0.000000
Epoch 241 Loss: 0.000011
Epoch 241 Validation: Mean EPE: 0.0000, Mean SSIM: 1.0000, Mean ZNCC: 1.0000
Epoch 242 starts
Iter 10 of 180 Loss: 0.000011, L1(Flow): 0.000011, Reg: 0.000000
Iter 20 of 180 Loss: 0.000009, L1(Flow): 0.000009, Reg: 0.000000
Iter 30 of 180 Loss: 0.000013, L1(Flow): 0.000013, Reg: 0.000000
Iter 40 of 180 Loss: 0.000012, L1(Flow): 0.000012, Reg: 0.000000
Iter 50 of 180 Loss: 0.000009, L1(Flow): 0.000009, Reg: 0.000000
Iter 60 of 180 Loss: 0.000013, L1(Flow): 0.000013, Reg: 0.000000
Iter 70 of 180 Loss: 0.000010, L1(Flow): 0.000010, Reg: 0.000000
Iter 80 of 180 Loss: 0.000009, L1(Flow): 0.000009, Reg: 0.000000
Iter 90 of 180 Loss: 0.000013, L1(Flow): 0.000013, Reg: 0.000000
Iter 100 of 180 Loss: 0.000011, L1(Flow): 0.000011, Reg: 0.000000
Iter 110 of 180 Loss: 0.000009, L1(Flow): 0.000009, Reg: 0.000000
Iter 120 of 180 Loss: 0.000013, L1(Flow): 0.000013, Reg: 0.000000
Iter 130 of 180 Loss: 0.000012, L1(Flow): 0.000012, Reg: 0.000000
Iter 140 of 180 Loss: 0.000009, L1(Flow): 0.000009, Reg: 0.000000
Iter 150 of 180 Loss: 0.000013, L1(Flow): 0.000013, Reg: 0.000000
Iter 160 of 180 Loss: 0.000011, L1(Flow): 0.000011, Reg: 0.000000
Iter 170 of 180 Loss: 0.000009, L1(Flow): 0.000009, Reg: 0.000000
Iter 180 of 180 Loss: 0.000013, L1(Flow): 0.000013, Reg: 0.000000
Epoch 242 Loss: 0.000011
Epoch 242 Validation: Mean EPE: 0.0000, Mean SSIM: 1.0000, Mean ZNCC: 1.0000
Epoch 243 starts
Iter 10 of 180 Loss: 0.000011, L1(Flow): 0.000011, Reg: 0.000000
Iter 20 of 180 Loss: 0.000009, L1(Flow): 0.000009, Reg: 0.000000
Iter 30 of 180 Loss: 0.000014, L1(Flow): 0.000014, Reg: 0.000000
Iter 40 of 180 Loss: 0.000011, L1(Flow): 0.000011, Reg: 0.000000
Iter 50 of 180 Loss: 0.000010, L1(Flow): 0.000010, Reg: 0.000000
Iter 60 of 180 Loss: 0.000013, L1(Flow): 0.000013, Reg: 0.000000
Iter 70 of 180 Loss: 0.000012, L1(Flow): 0.000012, Reg: 0.000000
Iter 80 of 180 Loss: 0.000009, L1(Flow): 0.000009, Reg: 0.000000
Iter 90 of 180 Loss: 0.000013, L1(Flow): 0.000013, Reg: 0.000000
Iter 100 of 180 Loss: 0.000011, L1(Flow): 0.000011, Reg: 0.000000
Iter 110 of 180 Loss: 0.000009, L1(Flow): 0.000009, Reg: 0.000000
Iter 120 of 180 Loss: 0.000014, L1(Flow): 0.000014, Reg: 0.000000
Iter 130 of 180 Loss: 0.000011, L1(Flow): 0.000011, Reg: 0.000000
Iter 140 of 180 Loss: 0.000009, L1(Flow): 0.000009, Reg: 0.000000
Iter 150 of 180 Loss: 0.000014, L1(Flow): 0.000014, Reg: 0.000000
Iter 160 of 180 Loss: 0.000011, L1(Flow): 0.000011, Reg: 0.000000
Iter 170 of 180 Loss: 0.000009, L1(Flow): 0.000009, Reg: 0.000000
Iter 180 of 180 Loss: 0.000013, L1(Flow): 0.000013, Reg: 0.000000
Epoch 243 Loss: 0.000011
Epoch 243 Validation: Mean EPE: 0.0000, Mean SSIM: 1.0000, Mean ZNCC: 1.0000
Epoch 244 starts
Iter 10 of 180 Loss: 0.000011, L1(Flow): 0.000011, Reg: 0.000000
Iter 20 of 180 Loss: 0.000009, L1(Flow): 0.000009, Reg: 0.000000
Iter 30 of 180 Loss: 0.000013, L1(Flow): 0.000013, Reg: 0.000000
Iter 40 of 180 Loss: 0.000012, L1(Flow): 0.000012, Reg: 0.000000
Iter 50 of 180 Loss: 0.000010, L1(Flow): 0.000010, Reg: 0.000000
Iter 60 of 180 Loss: 0.000012, L1(Flow): 0.000012, Reg: 0.000000
Iter 70 of 180 Loss: 0.000013, L1(Flow): 0.000013, Reg: 0.000000
Iter 80 of 180 Loss: 0.000009, L1(Flow): 0.000009, Reg: 0.000000
Iter 90 of 180 Loss: 0.000014, L1(Flow): 0.000014, Reg: 0.000000
Iter 100 of 180 Loss: 0.000011, L1(Flow): 0.000011, Reg: 0.000000
Iter 110 of 180 Loss: 0.000011, L1(Flow): 0.000011, Reg: 0.000000
Iter 120 of 180 Loss: 0.000013, L1(Flow): 0.000013, Reg: 0.000000
Iter 130 of 180 Loss: 0.000012, L1(Flow): 0.000012, Reg: 0.000000
Iter 140 of 180 Loss: 0.000009, L1(Flow): 0.000009, Reg: 0.000000
Iter 150 of 180 Loss: 0.000013, L1(Flow): 0.000013, Reg: 0.000000
Iter 160 of 180 Loss: 0.000011, L1(Flow): 0.000011, Reg: 0.000000
Iter 170 of 180 Loss: 0.000010, L1(Flow): 0.000010, Reg: 0.000000
Iter 180 of 180 Loss: 0.000013, L1(Flow): 0.000013, Reg: 0.000000
Epoch 244 Loss: 0.000011
Epoch 244 Validation: Mean EPE: 0.0000, Mean SSIM: 1.0000, Mean ZNCC: 1.0000
Epoch 245 starts
Iter 10 of 180 Loss: 0.000012, L1(Flow): 0.000012, Reg: 0.000000
Iter 20 of 180 Loss: 0.000009, L1(Flow): 0.000009, Reg: 0.000000
Iter 30 of 180 Loss: 0.000014, L1(Flow): 0.000014, Reg: 0.000000
Iter 40 of 180 Loss: 0.000012, L1(Flow): 0.000011, Reg: 0.000000
Iter 50 of 180 Loss: 0.000009, L1(Flow): 0.000009, Reg: 0.000000
Iter 60 of 180 Loss: 0.000013, L1(Flow): 0.000013, Reg: 0.000000
Iter 70 of 180 Loss: 0.000011, L1(Flow): 0.000011, Reg: 0.000000
Iter 80 of 180 Loss: 0.000009, L1(Flow): 0.000009, Reg: 0.000000
Iter 90 of 180 Loss: 0.000012, L1(Flow): 0.000012, Reg: 0.000000
Iter 100 of 180 Loss: 0.000011, L1(Flow): 0.000011, Reg: 0.000000
Iter 110 of 180 Loss: 0.000009, L1(Flow): 0.000009, Reg: 0.000000
Iter 120 of 180 Loss: 0.000013, L1(Flow): 0.000013, Reg: 0.000000
Iter 130 of 180 Loss: 0.000011, L1(Flow): 0.000011, Reg: 0.000000
Iter 140 of 180 Loss: 0.000009, L1(Flow): 0.000009, Reg: 0.000000
Iter 150 of 180 Loss: 0.000013, L1(Flow): 0.000013, Reg: 0.000000
Iter 160 of 180 Loss: 0.000012, L1(Flow): 0.000012, Reg: 0.000000
Iter 170 of 180 Loss: 0.000009, L1(Flow): 0.000009, Reg: 0.000000
Iter 180 of 180 Loss: 0.000013, L1(Flow): 0.000013, Reg: 0.000000
Epoch 245 Loss: 0.000011
Epoch 245 Validation: Mean EPE: 0.0000, Mean SSIM: 1.0000, Mean ZNCC: 1.0000
Epoch 246 starts
Iter 10 of 180 Loss: 0.000011, L1(Flow): 0.000011, Reg: 0.000000
Iter 20 of 180 Loss: 0.000009, L1(Flow): 0.000009, Reg: 0.000000
Iter 30 of 180 Loss: 0.000013, L1(Flow): 0.000013, Reg: 0.000000
Iter 40 of 180 Loss: 0.000011, L1(Flow): 0.000011, Reg: 0.000000
Iter 50 of 180 Loss: 0.000010, L1(Flow): 0.000010, Reg: 0.000000
Iter 60 of 180 Loss: 0.000013, L1(Flow): 0.000013, Reg: 0.000000
Iter 70 of 180 Loss: 0.000012, L1(Flow): 0.000012, Reg: 0.000000
Iter 80 of 180 Loss: 0.000010, L1(Flow): 0.000010, Reg: 0.000000
Iter 90 of 180 Loss: 0.000013, L1(Flow): 0.000013, Reg: 0.000000
Iter 100 of 180 Loss: 0.000011, L1(Flow): 0.000011, Reg: 0.000000
Iter 110 of 180 Loss: 0.000009, L1(Flow): 0.000009, Reg: 0.000000
Iter 120 of 180 Loss: 0.000013, L1(Flow): 0.000013, Reg: 0.000000
Iter 130 of 180 Loss: 0.000012, L1(Flow): 0.000012, Reg: 0.000000
Iter 140 of 180 Loss: 0.000009, L1(Flow): 0.000009, Reg: 0.000000
Iter 150 of 180 Loss: 0.000012, L1(Flow): 0.000012, Reg: 0.000000
Iter 160 of 180 Loss: 0.000011, L1(Flow): 0.000011, Reg: 0.000000
Iter 170 of 180 Loss: 0.000009, L1(Flow): 0.000009, Reg: 0.000000
Iter 180 of 180 Loss: 0.000014, L1(Flow): 0.000014, Reg: 0.000000
Epoch 246 Loss: 0.000011
Epoch 246 Validation: Mean EPE: 0.0000, Mean SSIM: 1.0000, Mean ZNCC: 1.0000
Epoch 247 starts
Iter 10 of 180 Loss: 0.000010, L1(Flow): 0.000010, Reg: 0.000000
Iter 20 of 180 Loss: 0.000009, L1(Flow): 0.000009, Reg: 0.000000
Iter 30 of 180 Loss: 0.000013, L1(Flow): 0.000013, Reg: 0.000000
Iter 40 of 180 Loss: 0.000011, L1(Flow): 0.000011, Reg: 0.000000
Iter 50 of 180 Loss: 0.000009, L1(Flow): 0.000009, Reg: 0.000000
Iter 60 of 180 Loss: 0.000013, L1(Flow): 0.000013, Reg: 0.000000
Iter 70 of 180 Loss: 0.000012, L1(Flow): 0.000012, Reg: 0.000000
Iter 80 of 180 Loss: 0.000009, L1(Flow): 0.000009, Reg: 0.000000
Iter 90 of 180 Loss: 0.000012, L1(Flow): 0.000012, Reg: 0.000000
Iter 100 of 180 Loss: 0.000011, L1(Flow): 0.000011, Reg: 0.000000
Iter 110 of 180 Loss: 0.000009, L1(Flow): 0.000009, Reg: 0.000000
Iter 120 of 180 Loss: 0.000013, L1(Flow): 0.000013, Reg: 0.000000
Iter 130 of 180 Loss: 0.000011, L1(Flow): 0.000011, Reg: 0.000000
Iter 140 of 180 Loss: 0.000010, L1(Flow): 0.000010, Reg: 0.000000
Iter 150 of 180 Loss: 0.000013, L1(Flow): 0.000013, Reg: 0.000000
Iter 160 of 180 Loss: 0.000012, L1(Flow): 0.000012, Reg: 0.000000
Iter 170 of 180 Loss: 0.000008, L1(Flow): 0.000008, Reg: 0.000000
Iter 180 of 180 Loss: 0.000014, L1(Flow): 0.000014, Reg: 0.000000
Epoch 247 Loss: 0.000011
Epoch 247 Validation: Mean EPE: 0.0000, Mean SSIM: 1.0000, Mean ZNCC: 1.0000
Epoch 248 starts
Iter 10 of 180 Loss: 0.000011, L1(Flow): 0.000011, Reg: 0.000000
Iter 20 of 180 Loss: 0.000008, L1(Flow): 0.000008, Reg: 0.000000
Iter 30 of 180 Loss: 0.000013, L1(Flow): 0.000013, Reg: 0.000000
Iter 40 of 180 Loss: 0.000011, L1(Flow): 0.000011, Reg: 0.000000
Iter 50 of 180 Loss: 0.000009, L1(Flow): 0.000009, Reg: 0.000000
Iter 60 of 180 Loss: 0.000013, L1(Flow): 0.000013, Reg: 0.000000
Iter 70 of 180 Loss: 0.000012, L1(Flow): 0.000012, Reg: 0.000000
Iter 80 of 180 Loss: 0.000009, L1(Flow): 0.000009, Reg: 0.000000
Iter 90 of 180 Loss: 0.000013, L1(Flow): 0.000013, Reg: 0.000000
Iter 100 of 180 Loss: 0.000010, L1(Flow): 0.000010, Reg: 0.000000
Iter 110 of 180 Loss: 0.000009, L1(Flow): 0.000009, Reg: 0.000000
Iter 120 of 180 Loss: 0.000013, L1(Flow): 0.000013, Reg: 0.000000
Iter 130 of 180 Loss: 0.000011, L1(Flow): 0.000011, Reg: 0.000000
Iter 140 of 180 Loss: 0.000009, L1(Flow): 0.000009, Reg: 0.000000
Iter 150 of 180 Loss: 0.000013, L1(Flow): 0.000013, Reg: 0.000000
Iter 160 of 180 Loss: 0.000011, L1(Flow): 0.000011, Reg: 0.000000
Iter 170 of 180 Loss: 0.000009, L1(Flow): 0.000009, Reg: 0.000000
Iter 180 of 180 Loss: 0.000013, L1(Flow): 0.000013, Reg: 0.000000
Epoch 248 Loss: 0.000011
Epoch 248 Validation: Mean EPE: 0.0000, Mean SSIM: 1.0000, Mean ZNCC: 1.0000
Epoch 249 starts
Iter 10 of 180 Loss: 0.000011, L1(Flow): 0.000011, Reg: 0.000000
Iter 20 of 180 Loss: 0.000009, L1(Flow): 0.000009, Reg: 0.000000
Iter 30 of 180 Loss: 0.000013, L1(Flow): 0.000013, Reg: 0.000000
Iter 40 of 180 Loss: 0.000011, L1(Flow): 0.000011, Reg: 0.000000
Iter 50 of 180 Loss: 0.000009, L1(Flow): 0.000009, Reg: 0.000000
Iter 60 of 180 Loss: 0.000012, L1(Flow): 0.000012, Reg: 0.000000
Iter 70 of 180 Loss: 0.000011, L1(Flow): 0.000011, Reg: 0.000000
Iter 80 of 180 Loss: 0.000009, L1(Flow): 0.000009, Reg: 0.000000
Iter 90 of 180 Loss: 0.000014, L1(Flow): 0.000014, Reg: 0.000000
Iter 100 of 180 Loss: 0.000011, L1(Flow): 0.000011, Reg: 0.000000
Iter 110 of 180 Loss: 0.000010, L1(Flow): 0.000010, Reg: 0.000000
Iter 120 of 180 Loss: 0.000013, L1(Flow): 0.000013, Reg: 0.000000
Iter 130 of 180 Loss: 0.000011, L1(Flow): 0.000011, Reg: 0.000000
Iter 140 of 180 Loss: 0.000009, L1(Flow): 0.000009, Reg: 0.000000
Iter 150 of 180 Loss: 0.000013, L1(Flow): 0.000013, Reg: 0.000000
Iter 160 of 180 Loss: 0.000011, L1(Flow): 0.000011, Reg: 0.000000
Iter 170 of 180 Loss: 0.000009, L1(Flow): 0.000009, Reg: 0.000000
Iter 180 of 180 Loss: 0.000013, L1(Flow): 0.000013, Reg: 0.000000
Epoch 249 Loss: 0.000011
Epoch 249 Validation: Mean EPE: 0.0000, Mean SSIM: 1.0000, Mean ZNCC: 1.0000
Epoch 250 starts
Iter 10 of 180 Loss: 0.000012, L1(Flow): 0.000012, Reg: 0.000000
Iter 20 of 180 Loss: 0.000009, L1(Flow): 0.000009, Reg: 0.000000
Iter 30 of 180 Loss: 0.000012, L1(Flow): 0.000012, Reg: 0.000000
Iter 40 of 180 Loss: 0.000012, L1(Flow): 0.000012, Reg: 0.000000
Iter 50 of 180 Loss: 0.000009, L1(Flow): 0.000009, Reg: 0.000000
Iter 60 of 180 Loss: 0.000012, L1(Flow): 0.000012, Reg: 0.000000
Iter 70 of 180 Loss: 0.000011, L1(Flow): 0.000011, Reg: 0.000000
Iter 80 of 180 Loss: 0.000009, L1(Flow): 0.000009, Reg: 0.000000
Iter 90 of 180 Loss: 0.000013, L1(Flow): 0.000013, Reg: 0.000000
Iter 100 of 180 Loss: 0.000011, L1(Flow): 0.000011, Reg: 0.000000
Iter 110 of 180 Loss: 0.000009, L1(Flow): 0.000009, Reg: 0.000000
Iter 120 of 180 Loss: 0.000013, L1(Flow): 0.000013, Reg: 0.000000
Iter 130 of 180 Loss: 0.000011, L1(Flow): 0.000011, Reg: 0.000000
Iter 140 of 180 Loss: 0.000010, L1(Flow): 0.000010, Reg: 0.000000
Iter 150 of 180 Loss: 0.000013, L1(Flow): 0.000013, Reg: 0.000000
Iter 160 of 180 Loss: 0.000012, L1(Flow): 0.000012, Reg: 0.000000
Iter 170 of 180 Loss: 0.000009, L1(Flow): 0.000009, Reg: 0.000000
Iter 180 of 180 Loss: 0.000013, L1(Flow): 0.000013, Reg: 0.000000
Epoch 250 Loss: 0.000011
Epoch 250 Validation: Mean EPE: 0.0000, Mean SSIM: 1.0000, Mean ZNCC: 1.0000
Epoch 251 starts
Iter 10 of 180 Loss: 0.000011, L1(Flow): 0.000011, Reg: 0.000000
Iter 20 of 180 Loss: 0.000009, L1(Flow): 0.000009, Reg: 0.000000
Iter 30 of 180 Loss: 0.000014, L1(Flow): 0.000013, Reg: 0.000000
Iter 40 of 180 Loss: 0.000011, L1(Flow): 0.000011, Reg: 0.000000
Iter 50 of 180 Loss: 0.000008, L1(Flow): 0.000008, Reg: 0.000000
Iter 60 of 180 Loss: 0.000012, L1(Flow): 0.000012, Reg: 0.000000
Iter 70 of 180 Loss: 0.000012, L1(Flow): 0.000012, Reg: 0.000000
Iter 80 of 180 Loss: 0.000009, L1(Flow): 0.000009, Reg: 0.000000
Iter 90 of 180 Loss: 0.000012, L1(Flow): 0.000012, Reg: 0.000000
Iter 100 of 180 Loss: 0.000011, L1(Flow): 0.000011, Reg: 0.000000
Iter 110 of 180 Loss: 0.000009, L1(Flow): 0.000009, Reg: 0.000000
Iter 120 of 180 Loss: 0.000014, L1(Flow): 0.000014, Reg: 0.000000
Iter 130 of 180 Loss: 0.000012, L1(Flow): 0.000012, Reg: 0.000000
Iter 140 of 180 Loss: 0.000009, L1(Flow): 0.000009, Reg: 0.000000
Iter 150 of 180 Loss: 0.000013, L1(Flow): 0.000013, Reg: 0.000000
Iter 160 of 180 Loss: 0.000011, L1(Flow): 0.000011, Reg: 0.000000
Iter 170 of 180 Loss: 0.000008, L1(Flow): 0.000008, Reg: 0.000000
Iter 180 of 180 Loss: 0.000013, L1(Flow): 0.000013, Reg: 0.000000
Epoch 251 Loss: 0.000011
Epoch 251 Validation: Mean EPE: 0.0000, Mean SSIM: 1.0000, Mean ZNCC: 1.0000
Epoch 252 starts
Iter 10 of 180 Loss: 0.000011, L1(Flow): 0.000011, Reg: 0.000000
Iter 20 of 180 Loss: 0.000009, L1(Flow): 0.000009, Reg: 0.000000
Iter 30 of 180 Loss: 0.000013, L1(Flow): 0.000013, Reg: 0.000000
Iter 40 of 180 Loss: 0.000011, L1(Flow): 0.000011, Reg: 0.000000
Iter 50 of 180 Loss: 0.000009, L1(Flow): 0.000009, Reg: 0.000000
Iter 60 of 180 Loss: 0.000013, L1(Flow): 0.000013, Reg: 0.000000
Iter 70 of 180 Loss: 0.000011, L1(Flow): 0.000011, Reg: 0.000000
Iter 80 of 180 Loss: 0.000009, L1(Flow): 0.000009, Reg: 0.000000
Iter 90 of 180 Loss: 0.000013, L1(Flow): 0.000013, Reg: 0.000000
Iter 100 of 180 Loss: 0.000012, L1(Flow): 0.000012, Reg: 0.000000
Iter 110 of 180 Loss: 0.000009, L1(Flow): 0.000009, Reg: 0.000000
Iter 120 of 180 Loss: 0.000014, L1(Flow): 0.000014, Reg: 0.000000
Iter 130 of 180 Loss: 0.000011, L1(Flow): 0.000011, Reg: 0.000000
Iter 140 of 180 Loss: 0.000009, L1(Flow): 0.000009, Reg: 0.000000
Iter 150 of 180 Loss: 0.000013, L1(Flow): 0.000013, Reg: 0.000000
Iter 160 of 180 Loss: 0.000011, L1(Flow): 0.000011, Reg: 0.000000
Iter 170 of 180 Loss: 0.000009, L1(Flow): 0.000009, Reg: 0.000000
Iter 180 of 180 Loss: 0.000013, L1(Flow): 0.000013, Reg: 0.000000
Epoch 252 Loss: 0.000011
Epoch 252 Validation: Mean EPE: 0.0000, Mean SSIM: 1.0000, Mean ZNCC: 1.0000
Epoch 253 starts
Iter 10 of 180 Loss: 0.000011, L1(Flow): 0.000011, Reg: 0.000000
Iter 20 of 180 Loss: 0.000009, L1(Flow): 0.000009, Reg: 0.000000
Iter 30 of 180 Loss: 0.000013, L1(Flow): 0.000013, Reg: 0.000000
Iter 40 of 180 Loss: 0.000011, L1(Flow): 0.000011, Reg: 0.000000
Iter 50 of 180 Loss: 0.000009, L1(Flow): 0.000009, Reg: 0.000000
Iter 60 of 180 Loss: 0.000013, L1(Flow): 0.000013, Reg: 0.000000
Iter 70 of 180 Loss: 0.000011, L1(Flow): 0.000011, Reg: 0.000000
Iter 80 of 180 Loss: 0.000009, L1(Flow): 0.000009, Reg: 0.000000
Iter 90 of 180 Loss: 0.000013, L1(Flow): 0.000013, Reg: 0.000000
Iter 100 of 180 Loss: 0.000011, L1(Flow): 0.000011, Reg: 0.000000
Iter 110 of 180 Loss: 0.000009, L1(Flow): 0.000009, Reg: 0.000000
Iter 120 of 180 Loss: 0.000013, L1(Flow): 0.000013, Reg: 0.000000
Iter 130 of 180 Loss: 0.000012, L1(Flow): 0.000012, Reg: 0.000000
Iter 140 of 180 Loss: 0.000009, L1(Flow): 0.000009, Reg: 0.000000
Iter 150 of 180 Loss: 0.000013, L1(Flow): 0.000013, Reg: 0.000000
Iter 160 of 180 Loss: 0.000011, L1(Flow): 0.000011, Reg: 0.000000
Iter 170 of 180 Loss: 0.000009, L1(Flow): 0.000009, Reg: 0.000000
Iter 180 of 180 Loss: 0.000013, L1(Flow): 0.000013, Reg: 0.000000
Epoch 253 Loss: 0.000011
Epoch 253 Validation: Mean EPE: 0.0000, Mean SSIM: 1.0000, Mean ZNCC: 1.0000
Epoch 254 starts
Iter 10 of 180 Loss: 0.000011, L1(Flow): 0.000011, Reg: 0.000000
Iter 20 of 180 Loss: 0.000009, L1(Flow): 0.000009, Reg: 0.000000
Iter 30 of 180 Loss: 0.000013, L1(Flow): 0.000013, Reg: 0.000000
Iter 40 of 180 Loss: 0.000011, L1(Flow): 0.000011, Reg: 0.000000
Iter 50 of 180 Loss: 0.000009, L1(Flow): 0.000009, Reg: 0.000000
Iter 60 of 180 Loss: 0.000013, L1(Flow): 0.000013, Reg: 0.000000
Iter 70 of 180 Loss: 0.000012, L1(Flow): 0.000012, Reg: 0.000000
Iter 80 of 180 Loss: 0.000009, L1(Flow): 0.000009, Reg: 0.000000
Iter 90 of 180 Loss: 0.000013, L1(Flow): 0.000013, Reg: 0.000000
Iter 100 of 180 Loss: 0.000011, L1(Flow): 0.000011, Reg: 0.000000
Iter 110 of 180 Loss: 0.000009, L1(Flow): 0.000009, Reg: 0.000000
Iter 120 of 180 Loss: 0.000013, L1(Flow): 0.000013, Reg: 0.000000
Iter 130 of 180 Loss: 0.000011, L1(Flow): 0.000011, Reg: 0.000000
Iter 140 of 180 Loss: 0.000010, L1(Flow): 0.000010, Reg: 0.000000
Iter 150 of 180 Loss: 0.000014, L1(Flow): 0.000014, Reg: 0.000000
Iter 160 of 180 Loss: 0.000012, L1(Flow): 0.000012, Reg: 0.000000
Iter 170 of 180 Loss: 0.000010, L1(Flow): 0.000010, Reg: 0.000000
Iter 180 of 180 Loss: 0.000015, L1(Flow): 0.000015, Reg: 0.000000
Epoch 254 Loss: 0.000011
Epoch 254 Validation: Mean EPE: 0.0000, Mean SSIM: 1.0000, Mean ZNCC: 1.0000
Epoch 255 starts
Iter 10 of 180 Loss: 0.000012, L1(Flow): 0.000012, Reg: 0.000000
Iter 20 of 180 Loss: 0.000009, L1(Flow): 0.000009, Reg: 0.000000
Iter 30 of 180 Loss: 0.000012, L1(Flow): 0.000012, Reg: 0.000000
Iter 40 of 180 Loss: 0.000010, L1(Flow): 0.000010, Reg: 0.000000
Iter 50 of 180 Loss: 0.000009, L1(Flow): 0.000009, Reg: 0.000000
Iter 60 of 180 Loss: 0.000014, L1(Flow): 0.000014, Reg: 0.000000
Iter 70 of 180 Loss: 0.000011, L1(Flow): 0.000011, Reg: 0.000000
Iter 80 of 180 Loss: 0.000010, L1(Flow): 0.000010, Reg: 0.000000
Iter 90 of 180 Loss: 0.000013, L1(Flow): 0.000013, Reg: 0.000000
Iter 100 of 180 Loss: 0.000011, L1(Flow): 0.000011, Reg: 0.000000
Iter 110 of 180 Loss: 0.000009, L1(Flow): 0.000009, Reg: 0.000000
Iter 120 of 180 Loss: 0.000013, L1(Flow): 0.000013, Reg: 0.000000
Iter 130 of 180 Loss: 0.000011, L1(Flow): 0.000011, Reg: 0.000000
Iter 140 of 180 Loss: 0.000008, L1(Flow): 0.000008, Reg: 0.000000
Iter 150 of 180 Loss: 0.000013, L1(Flow): 0.000013, Reg: 0.000000
Iter 160 of 180 Loss: 0.000011, L1(Flow): 0.000011, Reg: 0.000000
Iter 170 of 180 Loss: 0.000010, L1(Flow): 0.000010, Reg: 0.000000
Iter 180 of 180 Loss: 0.000012, L1(Flow): 0.000012, Reg: 0.000000
Epoch 255 Loss: 0.000011
Epoch 255 Validation: Mean EPE: 0.0000, Mean SSIM: 1.0000, Mean ZNCC: 1.0000
Epoch 256 starts
Iter 10 of 180 Loss: 0.000010, L1(Flow): 0.000010, Reg: 0.000000
Iter 20 of 180 Loss: 0.000010, L1(Flow): 0.000010, Reg: 0.000000
Iter 30 of 180 Loss: 0.000013, L1(Flow): 0.000013, Reg: 0.000000
Iter 40 of 180 Loss: 0.000011, L1(Flow): 0.000011, Reg: 0.000000
Iter 50 of 180 Loss: 0.000009, L1(Flow): 0.000009, Reg: 0.000000
Iter 60 of 180 Loss: 0.000014, L1(Flow): 0.000014, Reg: 0.000000
Iter 70 of 180 Loss: 0.000011, L1(Flow): 0.000011, Reg: 0.000000
Iter 80 of 180 Loss: 0.000009, L1(Flow): 0.000009, Reg: 0.000000
Iter 90 of 180 Loss: 0.000013, L1(Flow): 0.000013, Reg: 0.000000
Iter 100 of 180 Loss: 0.000010, L1(Flow): 0.000010, Reg: 0.000000
Iter 110 of 180 Loss: 0.000009, L1(Flow): 0.000009, Reg: 0.000000
Iter 120 of 180 Loss: 0.000013, L1(Flow): 0.000013, Reg: 0.000000
Iter 130 of 180 Loss: 0.000011, L1(Flow): 0.000011, Reg: 0.000000
Iter 140 of 180 Loss: 0.000009, L1(Flow): 0.000009, Reg: 0.000000
Iter 150 of 180 Loss: 0.000013, L1(Flow): 0.000013, Reg: 0.000000
Iter 160 of 180 Loss: 0.000011, L1(Flow): 0.000011, Reg: 0.000000
Iter 170 of 180 Loss: 0.000008, L1(Flow): 0.000008, Reg: 0.000000
Iter 180 of 180 Loss: 0.000013, L1(Flow): 0.000013, Reg: 0.000000
Epoch 256 Loss: 0.000011
Epoch 256 Validation: Mean EPE: 0.0000, Mean SSIM: 1.0000, Mean ZNCC: 1.0000
Epoch 257 starts
Iter 10 of 180 Loss: 0.000011, L1(Flow): 0.000011, Reg: 0.000000
Iter 20 of 180 Loss: 0.000009, L1(Flow): 0.000009, Reg: 0.000000
Iter 30 of 180 Loss: 0.000013, L1(Flow): 0.000013, Reg: 0.000000
Iter 40 of 180 Loss: 0.000011, L1(Flow): 0.000011, Reg: 0.000000
Iter 50 of 180 Loss: 0.000009, L1(Flow): 0.000009, Reg: 0.000000
Iter 60 of 180 Loss: 0.000013, L1(Flow): 0.000013, Reg: 0.000000
Iter 70 of 180 Loss: 0.000011, L1(Flow): 0.000011, Reg: 0.000000
Iter 80 of 180 Loss: 0.000009, L1(Flow): 0.000009, Reg: 0.000000
Iter 90 of 180 Loss: 0.000013, L1(Flow): 0.000013, Reg: 0.000000
Iter 100 of 180 Loss: 0.000011, L1(Flow): 0.000011, Reg: 0.000000
Iter 110 of 180 Loss: 0.000009, L1(Flow): 0.000009, Reg: 0.000000
Iter 120 of 180 Loss: 0.000014, L1(Flow): 0.000014, Reg: 0.000000
Iter 130 of 180 Loss: 0.000011, L1(Flow): 0.000011, Reg: 0.000000
Iter 140 of 180 Loss: 0.000009, L1(Flow): 0.000009, Reg: 0.000000
Iter 150 of 180 Loss: 0.000013, L1(Flow): 0.000013, Reg: 0.000000
Iter 160 of 180 Loss: 0.000012, L1(Flow): 0.000012, Reg: 0.000000
Iter 170 of 180 Loss: 0.000009, L1(Flow): 0.000009, Reg: 0.000000
Iter 180 of 180 Loss: 0.000013, L1(Flow): 0.000013, Reg: 0.000000
Epoch 257 Loss: 0.000011
Epoch 257 Validation: Mean EPE: 0.0000, Mean SSIM: 1.0000, Mean ZNCC: 1.0000
Epoch 258 starts
Iter 10 of 180 Loss: 0.000011, L1(Flow): 0.000011, Reg: 0.000000
Iter 20 of 180 Loss: 0.000010, L1(Flow): 0.000010, Reg: 0.000000
Iter 30 of 180 Loss: 0.000013, L1(Flow): 0.000013, Reg: 0.000000
Iter 40 of 180 Loss: 0.000011, L1(Flow): 0.000011, Reg: 0.000000
Iter 50 of 180 Loss: 0.000009, L1(Flow): 0.000009, Reg: 0.000000
Iter 60 of 180 Loss: 0.000013, L1(Flow): 0.000013, Reg: 0.000000
Iter 70 of 180 Loss: 0.000011, L1(Flow): 0.000011, Reg: 0.000000
Iter 80 of 180 Loss: 0.000010, L1(Flow): 0.000010, Reg: 0.000000
Iter 90 of 180 Loss: 0.000013, L1(Flow): 0.000013, Reg: 0.000000
Iter 100 of 180 Loss: 0.000011, L1(Flow): 0.000011, Reg: 0.000000
Iter 110 of 180 Loss: 0.000009, L1(Flow): 0.000009, Reg: 0.000000
Iter 120 of 180 Loss: 0.000013, L1(Flow): 0.000013, Reg: 0.000000
Iter 130 of 180 Loss: 0.000012, L1(Flow): 0.000012, Reg: 0.000000
Iter 140 of 180 Loss: 0.000010, L1(Flow): 0.000010, Reg: 0.000000
Iter 150 of 180 Loss: 0.000013, L1(Flow): 0.000013, Reg: 0.000000
Iter 160 of 180 Loss: 0.000012, L1(Flow): 0.000012, Reg: 0.000000
Iter 170 of 180 Loss: 0.000009, L1(Flow): 0.000009, Reg: 0.000000
Iter 180 of 180 Loss: 0.000013, L1(Flow): 0.000013, Reg: 0.000000
Epoch 258 Loss: 0.000011
Epoch 258 Validation: Mean EPE: 0.0000, Mean SSIM: 1.0000, Mean ZNCC: 1.0000
Epoch 259 starts
Iter 10 of 180 Loss: 0.000011, L1(Flow): 0.000011, Reg: 0.000000
Iter 20 of 180 Loss: 0.000010, L1(Flow): 0.000010, Reg: 0.000000
Iter 30 of 180 Loss: 0.000014, L1(Flow): 0.000014, Reg: 0.000000
Iter 40 of 180 Loss: 0.000011, L1(Flow): 0.000011, Reg: 0.000000
Iter 50 of 180 Loss: 0.000009, L1(Flow): 0.000009, Reg: 0.000000
Iter 60 of 180 Loss: 0.000012, L1(Flow): 0.000012, Reg: 0.000000
Iter 70 of 180 Loss: 0.000011, L1(Flow): 0.000011, Reg: 0.000000
Iter 80 of 180 Loss: 0.000009, L1(Flow): 0.000009, Reg: 0.000000
Iter 90 of 180 Loss: 0.000013, L1(Flow): 0.000013, Reg: 0.000000
Iter 100 of 180 Loss: 0.000011, L1(Flow): 0.000011, Reg: 0.000000
Iter 110 of 180 Loss: 0.000010, L1(Flow): 0.000010, Reg: 0.000000
Iter 120 of 180 Loss: 0.000013, L1(Flow): 0.000013, Reg: 0.000000
Iter 130 of 180 Loss: 0.000011, L1(Flow): 0.000011, Reg: 0.000000
Iter 140 of 180 Loss: 0.000009, L1(Flow): 0.000009, Reg: 0.000000
Iter 150 of 180 Loss: 0.000014, L1(Flow): 0.000014, Reg: 0.000000
Iter 160 of 180 Loss: 0.000011, L1(Flow): 0.000011, Reg: 0.000000
Iter 170 of 180 Loss: 0.000009, L1(Flow): 0.000009, Reg: 0.000000
Iter 180 of 180 Loss: 0.000013, L1(Flow): 0.000013, Reg: 0.000000
Epoch 259 Loss: 0.000011
Epoch 259 Validation: Mean EPE: 0.0000, Mean SSIM: 1.0000, Mean ZNCC: 1.0000
Epoch 260 starts
Iter 10 of 180 Loss: 0.000011, L1(Flow): 0.000011, Reg: 0.000000
Iter 20 of 180 Loss: 0.000009, L1(Flow): 0.000009, Reg: 0.000000
Iter 30 of 180 Loss: 0.000012, L1(Flow): 0.000012, Reg: 0.000000
Iter 40 of 180 Loss: 0.000011, L1(Flow): 0.000011, Reg: 0.000000
Iter 50 of 180 Loss: 0.000010, L1(Flow): 0.000010, Reg: 0.000000
Iter 60 of 180 Loss: 0.000013, L1(Flow): 0.000013, Reg: 0.000000
Iter 70 of 180 Loss: 0.000011, L1(Flow): 0.000011, Reg: 0.000000
Iter 80 of 180 Loss: 0.000009, L1(Flow): 0.000009, Reg: 0.000000
Iter 90 of 180 Loss: 0.000013, L1(Flow): 0.000013, Reg: 0.000000
Iter 100 of 180 Loss: 0.000012, L1(Flow): 0.000012, Reg: 0.000000
Iter 110 of 180 Loss: 0.000009, L1(Flow): 0.000009, Reg: 0.000000
Iter 120 of 180 Loss: 0.000014, L1(Flow): 0.000014, Reg: 0.000000
Iter 130 of 180 Loss: 0.000012, L1(Flow): 0.000012, Reg: 0.000000
Iter 140 of 180 Loss: 0.000009, L1(Flow): 0.000009, Reg: 0.000000
Iter 150 of 180 Loss: 0.000014, L1(Flow): 0.000014, Reg: 0.000000
Iter 160 of 180 Loss: 0.000011, L1(Flow): 0.000011, Reg: 0.000000
Iter 170 of 180 Loss: 0.000009, L1(Flow): 0.000009, Reg: 0.000000
Iter 180 of 180 Loss: 0.000013, L1(Flow): 0.000013, Reg: 0.000000
Epoch 260 Loss: 0.000011
Epoch 260 Validation: Mean EPE: 0.0000, Mean SSIM: 1.0000, Mean ZNCC: 1.0000
Epoch 261 starts
Iter 10 of 180 Loss: 0.000012, L1(Flow): 0.000012, Reg: 0.000000
Iter 20 of 180 Loss: 0.000008, L1(Flow): 0.000008, Reg: 0.000000
Iter 30 of 180 Loss: 0.000013, L1(Flow): 0.000013, Reg: 0.000000
Iter 40 of 180 Loss: 0.000012, L1(Flow): 0.000012, Reg: 0.000000
Iter 50 of 180 Loss: 0.000009, L1(Flow): 0.000009, Reg: 0.000000
Iter 60 of 180 Loss: 0.000013, L1(Flow): 0.000013, Reg: 0.000000
Iter 70 of 180 Loss: 0.000011, L1(Flow): 0.000011, Reg: 0.000000
Iter 80 of 180 Loss: 0.000009, L1(Flow): 0.000009, Reg: 0.000000
Iter 90 of 180 Loss: 0.000013, L1(Flow): 0.000013, Reg: 0.000000
Iter 100 of 180 Loss: 0.000011, L1(Flow): 0.000011, Reg: 0.000000
Iter 110 of 180 Loss: 0.000009, L1(Flow): 0.000009, Reg: 0.000000
Iter 120 of 180 Loss: 0.000013, L1(Flow): 0.000013, Reg: 0.000000
Iter 130 of 180 Loss: 0.000012, L1(Flow): 0.000012, Reg: 0.000000
Iter 140 of 180 Loss: 0.000009, L1(Flow): 0.000009, Reg: 0.000000
Iter 150 of 180 Loss: 0.000013, L1(Flow): 0.000013, Reg: 0.000000
Iter 160 of 180 Loss: 0.000012, L1(Flow): 0.000012, Reg: 0.000000
Iter 170 of 180 Loss: 0.000008, L1(Flow): 0.000008, Reg: 0.000000
Iter 180 of 180 Loss: 0.000013, L1(Flow): 0.000013, Reg: 0.000000
Epoch 261 Loss: 0.000011
Epoch 261 Validation: Mean EPE: 0.0000, Mean SSIM: 1.0000, Mean ZNCC: 1.0000
Epoch 262 starts
Iter 10 of 180 Loss: 0.000012, L1(Flow): 0.000012, Reg: 0.000000
Iter 20 of 180 Loss: 0.000009, L1(Flow): 0.000009, Reg: 0.000000
Iter 30 of 180 Loss: 0.000014, L1(Flow): 0.000014, Reg: 0.000000
Iter 40 of 180 Loss: 0.000011, L1(Flow): 0.000011, Reg: 0.000000
Iter 50 of 180 Loss: 0.000009, L1(Flow): 0.000009, Reg: 0.000000
Iter 60 of 180 Loss: 0.000013, L1(Flow): 0.000013, Reg: 0.000000
Iter 70 of 180 Loss: 0.000011, L1(Flow): 0.000011, Reg: 0.000000
Iter 80 of 180 Loss: 0.000010, L1(Flow): 0.000010, Reg: 0.000000
Iter 90 of 180 Loss: 0.000013, L1(Flow): 0.000013, Reg: 0.000000
Iter 100 of 180 Loss: 0.000011, L1(Flow): 0.000011, Reg: 0.000000
Iter 110 of 180 Loss: 0.000009, L1(Flow): 0.000009, Reg: 0.000000
Iter 120 of 180 Loss: 0.000012, L1(Flow): 0.000012, Reg: 0.000000
Iter 130 of 180 Loss: 0.000011, L1(Flow): 0.000011, Reg: 0.000000
Iter 140 of 180 Loss: 0.000009, L1(Flow): 0.000009, Reg: 0.000000
Iter 150 of 180 Loss: 0.000012, L1(Flow): 0.000012, Reg: 0.000000
Iter 160 of 180 Loss: 0.000011, L1(Flow): 0.000011, Reg: 0.000000
Iter 170 of 180 Loss: 0.000009, L1(Flow): 0.000009, Reg: 0.000000
Iter 180 of 180 Loss: 0.000013, L1(Flow): 0.000013, Reg: 0.000000
Epoch 262 Loss: 0.000011
Epoch 262 Validation: Mean EPE: 0.0000, Mean SSIM: 1.0000, Mean ZNCC: 1.0000
Epoch 263 starts
Iter 10 of 180 Loss: 0.000011, L1(Flow): 0.000011, Reg: 0.000000
Iter 20 of 180 Loss: 0.000009, L1(Flow): 0.000009, Reg: 0.000000
Iter 30 of 180 Loss: 0.000013, L1(Flow): 0.000013, Reg: 0.000000
Iter 40 of 180 Loss: 0.000011, L1(Flow): 0.000011, Reg: 0.000000
Iter 50 of 180 Loss: 0.000008, L1(Flow): 0.000008, Reg: 0.000000
Iter 60 of 180 Loss: 0.000013, L1(Flow): 0.000013, Reg: 0.000000
Iter 70 of 180 Loss: 0.000011, L1(Flow): 0.000011, Reg: 0.000000
Iter 80 of 180 Loss: 0.000010, L1(Flow): 0.000010, Reg: 0.000000
Iter 90 of 180 Loss: 0.000013, L1(Flow): 0.000013, Reg: 0.000000
Iter 100 of 180 Loss: 0.000011, L1(Flow): 0.000011, Reg: 0.000000
Iter 110 of 180 Loss: 0.000009, L1(Flow): 0.000009, Reg: 0.000000
Iter 120 of 180 Loss: 0.000013, L1(Flow): 0.000013, Reg: 0.000000
Iter 130 of 180 Loss: 0.000011, L1(Flow): 0.000011, Reg: 0.000000
Iter 140 of 180 Loss: 0.000010, L1(Flow): 0.000010, Reg: 0.000000
Iter 150 of 180 Loss: 0.000014, L1(Flow): 0.000014, Reg: 0.000000
Iter 160 of 180 Loss: 0.000011, L1(Flow): 0.000011, Reg: 0.000000
Iter 170 of 180 Loss: 0.000009, L1(Flow): 0.000009, Reg: 0.000000
Iter 180 of 180 Loss: 0.000014, L1(Flow): 0.000014, Reg: 0.000000
Epoch 263 Loss: 0.000011
Epoch 263 Validation: Mean EPE: 0.0000, Mean SSIM: 1.0000, Mean ZNCC: 1.0000
Epoch 264 starts
Iter 10 of 180 Loss: 0.000011, L1(Flow): 0.000011, Reg: 0.000000
Iter 20 of 180 Loss: 0.000009, L1(Flow): 0.000009, Reg: 0.000000
Iter 30 of 180 Loss: 0.000013, L1(Flow): 0.000013, Reg: 0.000000
Iter 40 of 180 Loss: 0.000011, L1(Flow): 0.000011, Reg: 0.000000
Iter 50 of 180 Loss: 0.000009, L1(Flow): 0.000009, Reg: 0.000000
Iter 60 of 180 Loss: 0.000013, L1(Flow): 0.000013, Reg: 0.000000
Iter 70 of 180 Loss: 0.000011, L1(Flow): 0.000011, Reg: 0.000000
Iter 80 of 180 Loss: 0.000008, L1(Flow): 0.000008, Reg: 0.000000
Iter 90 of 180 Loss: 0.000014, L1(Flow): 0.000014, Reg: 0.000000
Iter 100 of 180 Loss: 0.000011, L1(Flow): 0.000011, Reg: 0.000000
Iter 110 of 180 Loss: 0.000009, L1(Flow): 0.000009, Reg: 0.000000
Iter 120 of 180 Loss: 0.000013, L1(Flow): 0.000013, Reg: 0.000000
Iter 130 of 180 Loss: 0.000011, L1(Flow): 0.000011, Reg: 0.000000
Iter 140 of 180 Loss: 0.000009, L1(Flow): 0.000009, Reg: 0.000000
Iter 150 of 180 Loss: 0.000014, L1(Flow): 0.000014, Reg: 0.000000
Iter 160 of 180 Loss: 0.000011, L1(Flow): 0.000011, Reg: 0.000000
Iter 170 of 180 Loss: 0.000009, L1(Flow): 0.000009, Reg: 0.000000
Iter 180 of 180 Loss: 0.000013, L1(Flow): 0.000013, Reg: 0.000000
Epoch 264 Loss: 0.000011
Epoch 264 Validation: Mean EPE: 0.0000, Mean SSIM: 1.0000, Mean ZNCC: 1.0000
Epoch 265 starts
Iter 10 of 180 Loss: 0.000012, L1(Flow): 0.000012, Reg: 0.000000
Iter 20 of 180 Loss: 0.000009, L1(Flow): 0.000009, Reg: 0.000000
Iter 30 of 180 Loss: 0.000013, L1(Flow): 0.000012, Reg: 0.000000
Iter 40 of 180 Loss: 0.000012, L1(Flow): 0.000012, Reg: 0.000000
Iter 50 of 180 Loss: 0.000009, L1(Flow): 0.000009, Reg: 0.000000
Iter 60 of 180 Loss: 0.000013, L1(Flow): 0.000013, Reg: 0.000000
Iter 70 of 180 Loss: 0.000011, L1(Flow): 0.000011, Reg: 0.000000
Iter 80 of 180 Loss: 0.000009, L1(Flow): 0.000009, Reg: 0.000000
Iter 90 of 180 Loss: 0.000012, L1(Flow): 0.000012, Reg: 0.000000
Iter 100 of 180 Loss: 0.000012, L1(Flow): 0.000012, Reg: 0.000000
Iter 110 of 180 Loss: 0.000010, L1(Flow): 0.000010, Reg: 0.000000
Iter 120 of 180 Loss: 0.000013, L1(Flow): 0.000013, Reg: 0.000000
Iter 130 of 180 Loss: 0.000011, L1(Flow): 0.000011, Reg: 0.000000
Iter 140 of 180 Loss: 0.000010, L1(Flow): 0.000010, Reg: 0.000000
Iter 150 of 180 Loss: 0.000012, L1(Flow): 0.000012, Reg: 0.000000
Iter 160 of 180 Loss: 0.000012, L1(Flow): 0.000012, Reg: 0.000000
Iter 170 of 180 Loss: 0.000009, L1(Flow): 0.000009, Reg: 0.000000
Iter 180 of 180 Loss: 0.000013, L1(Flow): 0.000013, Reg: 0.000000
Epoch 265 Loss: 0.000011
Epoch 265 Validation: Mean EPE: 0.0000, Mean SSIM: 1.0000, Mean ZNCC: 1.0000
Epoch 266 starts
Iter 10 of 180 Loss: 0.000012, L1(Flow): 0.000012, Reg: 0.000000
Iter 20 of 180 Loss: 0.000008, L1(Flow): 0.000008, Reg: 0.000000
Iter 30 of 180 Loss: 0.000012, L1(Flow): 0.000012, Reg: 0.000000
Iter 40 of 180 Loss: 0.000011, L1(Flow): 0.000011, Reg: 0.000000
Iter 50 of 180 Loss: 0.000009, L1(Flow): 0.000009, Reg: 0.000000
Iter 60 of 180 Loss: 0.000012, L1(Flow): 0.000012, Reg: 0.000000
Iter 70 of 180 Loss: 0.000011, L1(Flow): 0.000011, Reg: 0.000000
Iter 80 of 180 Loss: 0.000009, L1(Flow): 0.000009, Reg: 0.000000
Iter 90 of 180 Loss: 0.000013, L1(Flow): 0.000013, Reg: 0.000000
Iter 100 of 180 Loss: 0.000011, L1(Flow): 0.000011, Reg: 0.000000
Iter 110 of 180 Loss: 0.000009, L1(Flow): 0.000009, Reg: 0.000000
Iter 120 of 180 Loss: 0.000013, L1(Flow): 0.000013, Reg: 0.000000
Iter 130 of 180 Loss: 0.000012, L1(Flow): 0.000012, Reg: 0.000000
Iter 140 of 180 Loss: 0.000009, L1(Flow): 0.000009, Reg: 0.000000
Iter 150 of 180 Loss: 0.000013, L1(Flow): 0.000013, Reg: 0.000000
Iter 160 of 180 Loss: 0.000012, L1(Flow): 0.000012, Reg: 0.000000
Iter 170 of 180 Loss: 0.000009, L1(Flow): 0.000009, Reg: 0.000000
Iter 180 of 180 Loss: 0.000013, L1(Flow): 0.000013, Reg: 0.000000
Epoch 266 Loss: 0.000011
Epoch 266 Validation: Mean EPE: 0.0000, Mean SSIM: 1.0000, Mean ZNCC: 1.0000
Epoch 267 starts
Iter 10 of 180 Loss: 0.000012, L1(Flow): 0.000012, Reg: 0.000000
Iter 20 of 180 Loss: 0.000009, L1(Flow): 0.000009, Reg: 0.000000
Iter 30 of 180 Loss: 0.000013, L1(Flow): 0.000013, Reg: 0.000000
Iter 40 of 180 Loss: 0.000011, L1(Flow): 0.000011, Reg: 0.000000
Iter 50 of 180 Loss: 0.000010, L1(Flow): 0.000010, Reg: 0.000000
Iter 60 of 180 Loss: 0.000013, L1(Flow): 0.000013, Reg: 0.000000
Iter 70 of 180 Loss: 0.000011, L1(Flow): 0.000011, Reg: 0.000000
Iter 80 of 180 Loss: 0.000009, L1(Flow): 0.000009, Reg: 0.000000
Iter 90 of 180 Loss: 0.000013, L1(Flow): 0.000013, Reg: 0.000000
Iter 100 of 180 Loss: 0.000012, L1(Flow): 0.000012, Reg: 0.000000
Iter 110 of 180 Loss: 0.000009, L1(Flow): 0.000009, Reg: 0.000000
Iter 120 of 180 Loss: 0.000014, L1(Flow): 0.000014, Reg: 0.000000
Iter 130 of 180 Loss: 0.000012, L1(Flow): 0.000012, Reg: 0.000000
Iter 140 of 180 Loss: 0.000008, L1(Flow): 0.000008, Reg: 0.000000
Iter 150 of 180 Loss: 0.000012, L1(Flow): 0.000012, Reg: 0.000000
Iter 160 of 180 Loss: 0.000012, L1(Flow): 0.000012, Reg: 0.000000
Iter 170 of 180 Loss: 0.000009, L1(Flow): 0.000009, Reg: 0.000000
Iter 180 of 180 Loss: 0.000013, L1(Flow): 0.000013, Reg: 0.000000
Epoch 267 Loss: 0.000011
Epoch 267 Validation: Mean EPE: 0.0000, Mean SSIM: 1.0000, Mean ZNCC: 1.0000
Epoch 268 starts
Iter 10 of 180 Loss: 0.000012, L1(Flow): 0.000012, Reg: 0.000000
Iter 20 of 180 Loss: 0.000009, L1(Flow): 0.000009, Reg: 0.000000
Iter 30 of 180 Loss: 0.000012, L1(Flow): 0.000012, Reg: 0.000000
Iter 40 of 180 Loss: 0.000012, L1(Flow): 0.000012, Reg: 0.000000
Iter 50 of 180 Loss: 0.000009, L1(Flow): 0.000009, Reg: 0.000000
Iter 60 of 180 Loss: 0.000013, L1(Flow): 0.000013, Reg: 0.000000
Iter 70 of 180 Loss: 0.000012, L1(Flow): 0.000012, Reg: 0.000000
Iter 80 of 180 Loss: 0.000009, L1(Flow): 0.000009, Reg: 0.000000
Iter 90 of 180 Loss: 0.000014, L1(Flow): 0.000014, Reg: 0.000000
Iter 100 of 180 Loss: 0.000012, L1(Flow): 0.000012, Reg: 0.000000
Iter 110 of 180 Loss: 0.000009, L1(Flow): 0.000009, Reg: 0.000000
Iter 120 of 180 Loss: 0.000013, L1(Flow): 0.000013, Reg: 0.000000
Iter 130 of 180 Loss: 0.000012, L1(Flow): 0.000012, Reg: 0.000000
Iter 140 of 180 Loss: 0.000009, L1(Flow): 0.000009, Reg: 0.000000
Iter 150 of 180 Loss: 0.000012, L1(Flow): 0.000012, Reg: 0.000000
Iter 160 of 180 Loss: 0.000011, L1(Flow): 0.000011, Reg: 0.000000
Iter 170 of 180 Loss: 0.000009, L1(Flow): 0.000009, Reg: 0.000000
Iter 180 of 180 Loss: 0.000013, L1(Flow): 0.000013, Reg: 0.000000
Epoch 268 Loss: 0.000011
Epoch 268 Validation: Mean EPE: 0.0000, Mean SSIM: 1.0000, Mean ZNCC: 1.0000
Epoch 269 starts
Iter 10 of 180 Loss: 0.000011, L1(Flow): 0.000011, Reg: 0.000000
Iter 20 of 180 Loss: 0.000009, L1(Flow): 0.000009, Reg: 0.000000
Iter 30 of 180 Loss: 0.000014, L1(Flow): 0.000014, Reg: 0.000000
Iter 40 of 180 Loss: 0.000011, L1(Flow): 0.000011, Reg: 0.000000
Iter 50 of 180 Loss: 0.000009, L1(Flow): 0.000009, Reg: 0.000000
Iter 60 of 180 Loss: 0.000013, L1(Flow): 0.000013, Reg: 0.000000
Iter 70 of 180 Loss: 0.000011, L1(Flow): 0.000011, Reg: 0.000000
Iter 80 of 180 Loss: 0.000010, L1(Flow): 0.000010, Reg: 0.000000
Iter 90 of 180 Loss: 0.000013, L1(Flow): 0.000013, Reg: 0.000000
Iter 100 of 180 Loss: 0.000011, L1(Flow): 0.000011, Reg: 0.000000
Iter 110 of 180 Loss: 0.000009, L1(Flow): 0.000009, Reg: 0.000000
Iter 120 of 180 Loss: 0.000013, L1(Flow): 0.000013, Reg: 0.000000
Iter 130 of 180 Loss: 0.000011, L1(Flow): 0.000011, Reg: 0.000000
Iter 140 of 180 Loss: 0.000009, L1(Flow): 0.000009, Reg: 0.000000
Iter 150 of 180 Loss: 0.000013, L1(Flow): 0.000013, Reg: 0.000000
Iter 160 of 180 Loss: 0.000011, L1(Flow): 0.000011, Reg: 0.000000
Iter 170 of 180 Loss: 0.000009, L1(Flow): 0.000009, Reg: 0.000000
Iter 180 of 180 Loss: 0.000013, L1(Flow): 0.000013, Reg: 0.000000
Epoch 269 Loss: 0.000011
Epoch 269 Validation: Mean EPE: 0.0000, Mean SSIM: 1.0000, Mean ZNCC: 1.0000
Epoch 270 starts
Iter 10 of 180 Loss: 0.000012, L1(Flow): 0.000012, Reg: 0.000000
Iter 20 of 180 Loss: 0.000008, L1(Flow): 0.000008, Reg: 0.000000
Iter 30 of 180 Loss: 0.000012, L1(Flow): 0.000012, Reg: 0.000000
Iter 40 of 180 Loss: 0.000012, L1(Flow): 0.000012, Reg: 0.000000
Iter 50 of 180 Loss: 0.000009, L1(Flow): 0.000009, Reg: 0.000000
Iter 60 of 180 Loss: 0.000013, L1(Flow): 0.000013, Reg: 0.000000
Iter 70 of 180 Loss: 0.000011, L1(Flow): 0.000011, Reg: 0.000000
Iter 80 of 180 Loss: 0.000009, L1(Flow): 0.000009, Reg: 0.000000
Iter 90 of 180 Loss: 0.000013, L1(Flow): 0.000013, Reg: 0.000000
Iter 100 of 180 Loss: 0.000011, L1(Flow): 0.000011, Reg: 0.000000
Iter 110 of 180 Loss: 0.000009, L1(Flow): 0.000009, Reg: 0.000000
Iter 120 of 180 Loss: 0.000012, L1(Flow): 0.000012, Reg: 0.000000
Iter 130 of 180 Loss: 0.000012, L1(Flow): 0.000012, Reg: 0.000000
Iter 140 of 180 Loss: 0.000009, L1(Flow): 0.000009, Reg: 0.000000
Iter 150 of 180 Loss: 0.000013, L1(Flow): 0.000013, Reg: 0.000000
Iter 160 of 180 Loss: 0.000012, L1(Flow): 0.000012, Reg: 0.000000
Iter 170 of 180 Loss: 0.000009, L1(Flow): 0.000009, Reg: 0.000000
Iter 180 of 180 Loss: 0.000012, L1(Flow): 0.000012, Reg: 0.000000
Epoch 270 Loss: 0.000011
Epoch 270 Validation: Mean EPE: 0.0000, Mean SSIM: 1.0000, Mean ZNCC: 1.0000
Epoch 271 starts
Iter 10 of 180 Loss: 0.000011, L1(Flow): 0.000011, Reg: 0.000000
Iter 20 of 180 Loss: 0.000009, L1(Flow): 0.000009, Reg: 0.000000
Iter 30 of 180 Loss: 0.000013, L1(Flow): 0.000013, Reg: 0.000000
Iter 40 of 180 Loss: 0.000011, L1(Flow): 0.000011, Reg: 0.000000
Iter 50 of 180 Loss: 0.000009, L1(Flow): 0.000009, Reg: 0.000000
Iter 60 of 180 Loss: 0.000013, L1(Flow): 0.000013, Reg: 0.000000
Iter 70 of 180 Loss: 0.000011, L1(Flow): 0.000011, Reg: 0.000000
Iter 80 of 180 Loss: 0.000009, L1(Flow): 0.000009, Reg: 0.000000
Iter 90 of 180 Loss: 0.000013, L1(Flow): 0.000013, Reg: 0.000000
Iter 100 of 180 Loss: 0.000012, L1(Flow): 0.000012, Reg: 0.000000
Iter 110 of 180 Loss: 0.000009, L1(Flow): 0.000009, Reg: 0.000000
Iter 120 of 180 Loss: 0.000013, L1(Flow): 0.000013, Reg: 0.000000
Iter 130 of 180 Loss: 0.000011, L1(Flow): 0.000011, Reg: 0.000000
Iter 140 of 180 Loss: 0.000009, L1(Flow): 0.000009, Reg: 0.000000
Iter 150 of 180 Loss: 0.000013, L1(Flow): 0.000013, Reg: 0.000000
Iter 160 of 180 Loss: 0.000011, L1(Flow): 0.000011, Reg: 0.000000
Iter 170 of 180 Loss: 0.000009, L1(Flow): 0.000009, Reg: 0.000000
Iter 180 of 180 Loss: 0.000012, L1(Flow): 0.000012, Reg: 0.000000
Epoch 271 Loss: 0.000011
Epoch 271 Validation: Mean EPE: 0.0000, Mean SSIM: 1.0000, Mean ZNCC: 1.0000
Epoch 272 starts
Iter 10 of 180 Loss: 0.000011, L1(Flow): 0.000011, Reg: 0.000000
Iter 20 of 180 Loss: 0.000008, L1(Flow): 0.000008, Reg: 0.000000
Iter 30 of 180 Loss: 0.000012, L1(Flow): 0.000012, Reg: 0.000000
Iter 40 of 180 Loss: 0.000012, L1(Flow): 0.000012, Reg: 0.000000
Iter 50 of 180 Loss: 0.000008, L1(Flow): 0.000008, Reg: 0.000000
Iter 60 of 180 Loss: 0.000013, L1(Flow): 0.000013, Reg: 0.000000
Iter 70 of 180 Loss: 0.000012, L1(Flow): 0.000012, Reg: 0.000000
Iter 80 of 180 Loss: 0.000009, L1(Flow): 0.000009, Reg: 0.000000
Iter 90 of 180 Loss: 0.000012, L1(Flow): 0.000012, Reg: 0.000000
Iter 100 of 180 Loss: 0.000011, L1(Flow): 0.000011, Reg: 0.000000
Iter 110 of 180 Loss: 0.000010, L1(Flow): 0.000010, Reg: 0.000000
Iter 120 of 180 Loss: 0.000012, L1(Flow): 0.000012, Reg: 0.000000
Iter 130 of 180 Loss: 0.000011, L1(Flow): 0.000011, Reg: 0.000000
Iter 140 of 180 Loss: 0.000009, L1(Flow): 0.000009, Reg: 0.000000
Iter 150 of 180 Loss: 0.000012, L1(Flow): 0.000012, Reg: 0.000000
Iter 160 of 180 Loss: 0.000012, L1(Flow): 0.000012, Reg: 0.000000
Iter 170 of 180 Loss: 0.000009, L1(Flow): 0.000009, Reg: 0.000000
Iter 180 of 180 Loss: 0.000013, L1(Flow): 0.000013, Reg: 0.000000
Epoch 272 Loss: 0.000011
Epoch 272 Validation: Mean EPE: 0.0000, Mean SSIM: 1.0000, Mean ZNCC: 1.0000
Epoch 273 starts
Iter 10 of 180 Loss: 0.000012, L1(Flow): 0.000012, Reg: 0.000000
Iter 20 of 180 Loss: 0.000009, L1(Flow): 0.000009, Reg: 0.000000
Iter 30 of 180 Loss: 0.000013, L1(Flow): 0.000013, Reg: 0.000000
Iter 40 of 180 Loss: 0.000011, L1(Flow): 0.000011, Reg: 0.000000
Iter 50 of 180 Loss: 0.000009, L1(Flow): 0.000009, Reg: 0.000000
Iter 60 of 180 Loss: 0.000013, L1(Flow): 0.000013, Reg: 0.000000
Iter 70 of 180 Loss: 0.000011, L1(Flow): 0.000011, Reg: 0.000000
Iter 80 of 180 Loss: 0.000009, L1(Flow): 0.000009, Reg: 0.000000
Iter 90 of 180 Loss: 0.000013, L1(Flow): 0.000013, Reg: 0.000000
Iter 100 of 180 Loss: 0.000011, L1(Flow): 0.000011, Reg: 0.000000
Iter 110 of 180 Loss: 0.000009, L1(Flow): 0.000009, Reg: 0.000000
Iter 120 of 180 Loss: 0.000012, L1(Flow): 0.000012, Reg: 0.000000
Iter 130 of 180 Loss: 0.000011, L1(Flow): 0.000011, Reg: 0.000000
Iter 140 of 180 Loss: 0.000009, L1(Flow): 0.000009, Reg: 0.000000
Iter 150 of 180 Loss: 0.000013, L1(Flow): 0.000013, Reg: 0.000000
Iter 160 of 180 Loss: 0.000011, L1(Flow): 0.000011, Reg: 0.000000
Iter 170 of 180 Loss: 0.000010, L1(Flow): 0.000010, Reg: 0.000000
Iter 180 of 180 Loss: 0.000013, L1(Flow): 0.000013, Reg: 0.000000
Epoch 273 Loss: 0.000011
Epoch 273 Validation: Mean EPE: 0.0000, Mean SSIM: 1.0000, Mean ZNCC: 1.0000
Epoch 274 starts
Iter 10 of 180 Loss: 0.000011, L1(Flow): 0.000011, Reg: 0.000000
Iter 20 of 180 Loss: 0.000010, L1(Flow): 0.000010, Reg: 0.000000
Iter 30 of 180 Loss: 0.000013, L1(Flow): 0.000013, Reg: 0.000000
Iter 40 of 180 Loss: 0.000012, L1(Flow): 0.000012, Reg: 0.000000
Iter 50 of 180 Loss: 0.000009, L1(Flow): 0.000009, Reg: 0.000000
Iter 60 of 180 Loss: 0.000013, L1(Flow): 0.000013, Reg: 0.000000
Iter 70 of 180 Loss: 0.000011, L1(Flow): 0.000011, Reg: 0.000000
Iter 80 of 180 Loss: 0.000009, L1(Flow): 0.000009, Reg: 0.000000
Iter 90 of 180 Loss: 0.000014, L1(Flow): 0.000013, Reg: 0.000000
Iter 100 of 180 Loss: 0.000011, L1(Flow): 0.000011, Reg: 0.000000
Iter 110 of 180 Loss: 0.000009, L1(Flow): 0.000009, Reg: 0.000000
Iter 120 of 180 Loss: 0.000013, L1(Flow): 0.000013, Reg: 0.000000
Iter 130 of 180 Loss: 0.000012, L1(Flow): 0.000012, Reg: 0.000000
Iter 140 of 180 Loss: 0.000009, L1(Flow): 0.000009, Reg: 0.000000
Iter 150 of 180 Loss: 0.000014, L1(Flow): 0.000014, Reg: 0.000000
Iter 160 of 180 Loss: 0.000011, L1(Flow): 0.000011, Reg: 0.000000
Iter 170 of 180 Loss: 0.000009, L1(Flow): 0.000009, Reg: 0.000000
Iter 180 of 180 Loss: 0.000013, L1(Flow): 0.000013, Reg: 0.000000
Epoch 274 Loss: 0.000011
Epoch 274 Validation: Mean EPE: 0.0000, Mean SSIM: 1.0000, Mean ZNCC: 1.0000
Epoch 275 starts
Iter 10 of 180 Loss: 0.000012, L1(Flow): 0.000012, Reg: 0.000000
Iter 20 of 180 Loss: 0.000010, L1(Flow): 0.000010, Reg: 0.000000
Iter 30 of 180 Loss: 0.000014, L1(Flow): 0.000014, Reg: 0.000000
Iter 40 of 180 Loss: 0.000011, L1(Flow): 0.000011, Reg: 0.000000
Iter 50 of 180 Loss: 0.000009, L1(Flow): 0.000009, Reg: 0.000000
Iter 60 of 180 Loss: 0.000013, L1(Flow): 0.000013, Reg: 0.000000
Iter 70 of 180 Loss: 0.000012, L1(Flow): 0.000012, Reg: 0.000000
Iter 80 of 180 Loss: 0.000008, L1(Flow): 0.000008, Reg: 0.000000
Iter 90 of 180 Loss: 0.000012, L1(Flow): 0.000012, Reg: 0.000000
Iter 100 of 180 Loss: 0.000011, L1(Flow): 0.000011, Reg: 0.000000
Iter 110 of 180 Loss: 0.000008, L1(Flow): 0.000008, Reg: 0.000000
Iter 120 of 180 Loss: 0.000012, L1(Flow): 0.000012, Reg: 0.000000
Iter 130 of 180 Loss: 0.000011, L1(Flow): 0.000011, Reg: 0.000000
Iter 140 of 180 Loss: 0.000009, L1(Flow): 0.000009, Reg: 0.000000
Iter 150 of 180 Loss: 0.000013, L1(Flow): 0.000013, Reg: 0.000000
Iter 160 of 180 Loss: 0.000011, L1(Flow): 0.000011, Reg: 0.000000
Iter 170 of 180 Loss: 0.000009, L1(Flow): 0.000009, Reg: 0.000000
Iter 180 of 180 Loss: 0.000013, L1(Flow): 0.000013, Reg: 0.000000
Epoch 275 Loss: 0.000011
Epoch 275 Validation: Mean EPE: 0.0000, Mean SSIM: 1.0000, Mean ZNCC: 1.0000
Epoch 276 starts
Iter 10 of 180 Loss: 0.000011, L1(Flow): 0.000011, Reg: 0.000000
Iter 20 of 180 Loss: 0.000009, L1(Flow): 0.000009, Reg: 0.000000
Iter 30 of 180 Loss: 0.000013, L1(Flow): 0.000013, Reg: 0.000000
Iter 40 of 180 Loss: 0.000011, L1(Flow): 0.000011, Reg: 0.000000
Iter 50 of 180 Loss: 0.000009, L1(Flow): 0.000009, Reg: 0.000000
Iter 60 of 180 Loss: 0.000013, L1(Flow): 0.000013, Reg: 0.000000
Iter 70 of 180 Loss: 0.000011, L1(Flow): 0.000011, Reg: 0.000000
Iter 80 of 180 Loss: 0.000009, L1(Flow): 0.000009, Reg: 0.000000
Iter 90 of 180 Loss: 0.000013, L1(Flow): 0.000013, Reg: 0.000000
Iter 100 of 180 Loss: 0.000011, L1(Flow): 0.000011, Reg: 0.000000
Iter 110 of 180 Loss: 0.000009, L1(Flow): 0.000009, Reg: 0.000000
Iter 120 of 180 Loss: 0.000014, L1(Flow): 0.000014, Reg: 0.000000
Iter 130 of 180 Loss: 0.000011, L1(Flow): 0.000011, Reg: 0.000000
Iter 140 of 180 Loss: 0.000009, L1(Flow): 0.000009, Reg: 0.000000
Iter 150 of 180 Loss: 0.000012, L1(Flow): 0.000012, Reg: 0.000000
Iter 160 of 180 Loss: 0.000011, L1(Flow): 0.000011, Reg: 0.000000
Iter 170 of 180 Loss: 0.000009, L1(Flow): 0.000009, Reg: 0.000000
Iter 180 of 180 Loss: 0.000013, L1(Flow): 0.000013, Reg: 0.000000
Epoch 276 Loss: 0.000011
Epoch 276 Validation: Mean EPE: 0.0000, Mean SSIM: 1.0000, Mean ZNCC: 1.0000
Epoch 277 starts
Iter 10 of 180 Loss: 0.000011, L1(Flow): 0.000011, Reg: 0.000000
Iter 20 of 180 Loss: 0.000009, L1(Flow): 0.000009, Reg: 0.000000
Iter 30 of 180 Loss: 0.000013, L1(Flow): 0.000013, Reg: 0.000000
Iter 40 of 180 Loss: 0.000011, L1(Flow): 0.000011, Reg: 0.000000
Iter 50 of 180 Loss: 0.000009, L1(Flow): 0.000009, Reg: 0.000000
Iter 60 of 180 Loss: 0.000013, L1(Flow): 0.000013, Reg: 0.000000
Iter 70 of 180 Loss: 0.000011, L1(Flow): 0.000011, Reg: 0.000000
Iter 80 of 180 Loss: 0.000009, L1(Flow): 0.000009, Reg: 0.000000
Iter 90 of 180 Loss: 0.000013, L1(Flow): 0.000013, Reg: 0.000000
Iter 100 of 180 Loss: 0.000012, L1(Flow): 0.000012, Reg: 0.000000
Iter 110 of 180 Loss: 0.000009, L1(Flow): 0.000009, Reg: 0.000000
Iter 120 of 180 Loss: 0.000013, L1(Flow): 0.000013, Reg: 0.000000
Iter 130 of 180 Loss: 0.000012, L1(Flow): 0.000012, Reg: 0.000000
Iter 140 of 180 Loss: 0.000009, L1(Flow): 0.000009, Reg: 0.000000
Iter 150 of 180 Loss: 0.000013, L1(Flow): 0.000013, Reg: 0.000000
Iter 160 of 180 Loss: 0.000011, L1(Flow): 0.000011, Reg: 0.000000
Iter 170 of 180 Loss: 0.000009, L1(Flow): 0.000009, Reg: 0.000000
Iter 180 of 180 Loss: 0.000013, L1(Flow): 0.000013, Reg: 0.000000
Epoch 277 Loss: 0.000011
Epoch 277 Validation: Mean EPE: 0.0000, Mean SSIM: 1.0000, Mean ZNCC: 1.0000
Epoch 278 starts
Iter 10 of 180 Loss: 0.000011, L1(Flow): 0.000011, Reg: 0.000000
Iter 20 of 180 Loss: 0.000010, L1(Flow): 0.000010, Reg: 0.000000
Iter 30 of 180 Loss: 0.000013, L1(Flow): 0.000013, Reg: 0.000000
Iter 40 of 180 Loss: 0.000011, L1(Flow): 0.000011, Reg: 0.000000
Iter 50 of 180 Loss: 0.000009, L1(Flow): 0.000009, Reg: 0.000000
Iter 60 of 180 Loss: 0.000013, L1(Flow): 0.000013, Reg: 0.000000
Iter 70 of 180 Loss: 0.000012, L1(Flow): 0.000012, Reg: 0.000000
Iter 80 of 180 Loss: 0.000008, L1(Flow): 0.000008, Reg: 0.000000
Iter 90 of 180 Loss: 0.000012, L1(Flow): 0.000012, Reg: 0.000000
Iter 100 of 180 Loss: 0.000011, L1(Flow): 0.000011, Reg: 0.000000
Iter 110 of 180 Loss: 0.000010, L1(Flow): 0.000010, Reg: 0.000000
Iter 120 of 180 Loss: 0.000013, L1(Flow): 0.000013, Reg: 0.000000
Iter 130 of 180 Loss: 0.000012, L1(Flow): 0.000012, Reg: 0.000000
Iter 140 of 180 Loss: 0.000009, L1(Flow): 0.000009, Reg: 0.000000
Iter 150 of 180 Loss: 0.000013, L1(Flow): 0.000013, Reg: 0.000000
Iter 160 of 180 Loss: 0.000011, L1(Flow): 0.000011, Reg: 0.000000
Iter 170 of 180 Loss: 0.000009, L1(Flow): 0.000009, Reg: 0.000000
Iter 180 of 180 Loss: 0.000012, L1(Flow): 0.000012, Reg: 0.000000
Epoch 278 Loss: 0.000011
Epoch 278 Validation: Mean EPE: 0.0000, Mean SSIM: 1.0000, Mean ZNCC: 1.0000
Epoch 279 starts
Iter 10 of 180 Loss: 0.000012, L1(Flow): 0.000012, Reg: 0.000000
Iter 20 of 180 Loss: 0.000009, L1(Flow): 0.000009, Reg: 0.000000
Iter 30 of 180 Loss: 0.000013, L1(Flow): 0.000013, Reg: 0.000000
Iter 40 of 180 Loss: 0.000011, L1(Flow): 0.000011, Reg: 0.000000
Iter 50 of 180 Loss: 0.000009, L1(Flow): 0.000009, Reg: 0.000000
Iter 60 of 180 Loss: 0.000013, L1(Flow): 0.000013, Reg: 0.000000
Iter 70 of 180 Loss: 0.000012, L1(Flow): 0.000012, Reg: 0.000000
Iter 80 of 180 Loss: 0.000009, L1(Flow): 0.000009, Reg: 0.000000
Iter 90 of 180 Loss: 0.000013, L1(Flow): 0.000013, Reg: 0.000000
Iter 100 of 180 Loss: 0.000012, L1(Flow): 0.000012, Reg: 0.000000
Iter 110 of 180 Loss: 0.000008, L1(Flow): 0.000008, Reg: 0.000000
Iter 120 of 180 Loss: 0.000013, L1(Flow): 0.000013, Reg: 0.000000
Iter 130 of 180 Loss: 0.000012, L1(Flow): 0.000012, Reg: 0.000000
Iter 140 of 180 Loss: 0.000009, L1(Flow): 0.000009, Reg: 0.000000
Iter 150 of 180 Loss: 0.000013, L1(Flow): 0.000013, Reg: 0.000000
Iter 160 of 180 Loss: 0.000012, L1(Flow): 0.000012, Reg: 0.000000
Iter 170 of 180 Loss: 0.000009, L1(Flow): 0.000009, Reg: 0.000000
Iter 180 of 180 Loss: 0.000014, L1(Flow): 0.000014, Reg: 0.000000
Epoch 279 Loss: 0.000011
Epoch 279 Validation: Mean EPE: 0.0000, Mean SSIM: 1.0000, Mean ZNCC: 1.0000
Epoch 280 starts
Iter 10 of 180 Loss: 0.000011, L1(Flow): 0.000011, Reg: 0.000000
Iter 20 of 180 Loss: 0.000009, L1(Flow): 0.000009, Reg: 0.000000
Iter 30 of 180 Loss: 0.000012, L1(Flow): 0.000012, Reg: 0.000000
Iter 40 of 180 Loss: 0.000012, L1(Flow): 0.000012, Reg: 0.000000
Iter 50 of 180 Loss: 0.000009, L1(Flow): 0.000009, Reg: 0.000000
Iter 60 of 180 Loss: 0.000012, L1(Flow): 0.000012, Reg: 0.000000
Iter 70 of 180 Loss: 0.000011, L1(Flow): 0.000011, Reg: 0.000000
Iter 80 of 180 Loss: 0.000010, L1(Flow): 0.000010, Reg: 0.000000
Iter 90 of 180 Loss: 0.000012, L1(Flow): 0.000012, Reg: 0.000000
Iter 100 of 180 Loss: 0.000011, L1(Flow): 0.000011, Reg: 0.000000
Iter 110 of 180 Loss: 0.000010, L1(Flow): 0.000010, Reg: 0.000000
Iter 120 of 180 Loss: 0.000013, L1(Flow): 0.000013, Reg: 0.000000
Iter 130 of 180 Loss: 0.000012, L1(Flow): 0.000012, Reg: 0.000000
Iter 140 of 180 Loss: 0.000009, L1(Flow): 0.000009, Reg: 0.000000
Iter 150 of 180 Loss: 0.000013, L1(Flow): 0.000013, Reg: 0.000000
Iter 160 of 180 Loss: 0.000011, L1(Flow): 0.000011, Reg: 0.000000
Iter 170 of 180 Loss: 0.000009, L1(Flow): 0.000009, Reg: 0.000000
Iter 180 of 180 Loss: 0.000012, L1(Flow): 0.000012, Reg: 0.000000
Epoch 280 Loss: 0.000011
Epoch 280 Validation: Mean EPE: 0.0000, Mean SSIM: 1.0000, Mean ZNCC: 1.0000
Epoch 281 starts
Iter 10 of 180 Loss: 0.000011, L1(Flow): 0.000011, Reg: 0.000000
Iter 20 of 180 Loss: 0.000009, L1(Flow): 0.000009, Reg: 0.000000
Iter 30 of 180 Loss: 0.000012, L1(Flow): 0.000012, Reg: 0.000000
Iter 40 of 180 Loss: 0.000011, L1(Flow): 0.000011, Reg: 0.000000
Iter 50 of 180 Loss: 0.000010, L1(Flow): 0.000010, Reg: 0.000000
Iter 60 of 180 Loss: 0.000013, L1(Flow): 0.000013, Reg: 0.000000
Iter 70 of 180 Loss: 0.000012, L1(Flow): 0.000012, Reg: 0.000000
Iter 80 of 180 Loss: 0.000009, L1(Flow): 0.000009, Reg: 0.000000
Iter 90 of 180 Loss: 0.000013, L1(Flow): 0.000013, Reg: 0.000000
Iter 100 of 180 Loss: 0.000011, L1(Flow): 0.000011, Reg: 0.000000
Iter 110 of 180 Loss: 0.000009, L1(Flow): 0.000009, Reg: 0.000000
Iter 120 of 180 Loss: 0.000013, L1(Flow): 0.000013, Reg: 0.000000
Iter 130 of 180 Loss: 0.000011, L1(Flow): 0.000011, Reg: 0.000000
Iter 140 of 180 Loss: 0.000009, L1(Flow): 0.000009, Reg: 0.000000
Iter 150 of 180 Loss: 0.000012, L1(Flow): 0.000012, Reg: 0.000000
Iter 160 of 180 Loss: 0.000012, L1(Flow): 0.000012, Reg: 0.000000
Iter 170 of 180 Loss: 0.000009, L1(Flow): 0.000009, Reg: 0.000000
Iter 180 of 180 Loss: 0.000012, L1(Flow): 0.000012, Reg: 0.000000
Epoch 281 Loss: 0.000011
Epoch 281 Validation: Mean EPE: 0.0000, Mean SSIM: 1.0000, Mean ZNCC: 1.0000
Epoch 282 starts
Iter 10 of 180 Loss: 0.000011, L1(Flow): 0.000011, Reg: 0.000000
Iter 20 of 180 Loss: 0.000009, L1(Flow): 0.000009, Reg: 0.000000
Iter 30 of 180 Loss: 0.000013, L1(Flow): 0.000013, Reg: 0.000000
Iter 40 of 180 Loss: 0.000012, L1(Flow): 0.000011, Reg: 0.000000
Iter 50 of 180 Loss: 0.000009, L1(Flow): 0.000009, Reg: 0.000000
Iter 60 of 180 Loss: 0.000013, L1(Flow): 0.000013, Reg: 0.000000
Iter 70 of 180 Loss: 0.000012, L1(Flow): 0.000012, Reg: 0.000000
Iter 80 of 180 Loss: 0.000009, L1(Flow): 0.000009, Reg: 0.000000
Iter 90 of 180 Loss: 0.000013, L1(Flow): 0.000013, Reg: 0.000000
Iter 100 of 180 Loss: 0.000012, L1(Flow): 0.000012, Reg: 0.000000
Iter 110 of 180 Loss: 0.000010, L1(Flow): 0.000010, Reg: 0.000000
Iter 120 of 180 Loss: 0.000013, L1(Flow): 0.000013, Reg: 0.000000
Iter 130 of 180 Loss: 0.000012, L1(Flow): 0.000012, Reg: 0.000000
Iter 140 of 180 Loss: 0.000009, L1(Flow): 0.000009, Reg: 0.000000
Iter 150 of 180 Loss: 0.000013, L1(Flow): 0.000013, Reg: 0.000000
Iter 160 of 180 Loss: 0.000012, L1(Flow): 0.000012, Reg: 0.000000
Iter 170 of 180 Loss: 0.000009, L1(Flow): 0.000009, Reg: 0.000000
Iter 180 of 180 Loss: 0.000013, L1(Flow): 0.000013, Reg: 0.000000
Epoch 282 Loss: 0.000011
Epoch 282 Validation: Mean EPE: 0.0000, Mean SSIM: 1.0000, Mean ZNCC: 1.0000
Epoch 283 starts
Iter 10 of 180 Loss: 0.000011, L1(Flow): 0.000011, Reg: 0.000000
Iter 20 of 180 Loss: 0.000010, L1(Flow): 0.000010, Reg: 0.000000
Iter 30 of 180 Loss: 0.000014, L1(Flow): 0.000014, Reg: 0.000000
Iter 40 of 180 Loss: 0.000011, L1(Flow): 0.000011, Reg: 0.000000
Iter 50 of 180 Loss: 0.000009, L1(Flow): 0.000009, Reg: 0.000000
Iter 60 of 180 Loss: 0.000013, L1(Flow): 0.000013, Reg: 0.000000
Iter 70 of 180 Loss: 0.000013, L1(Flow): 0.000013, Reg: 0.000000
Iter 80 of 180 Loss: 0.000009, L1(Flow): 0.000009, Reg: 0.000000
Iter 90 of 180 Loss: 0.000013, L1(Flow): 0.000013, Reg: 0.000000
Iter 100 of 180 Loss: 0.000012, L1(Flow): 0.000012, Reg: 0.000000
Iter 110 of 180 Loss: 0.000009, L1(Flow): 0.000009, Reg: 0.000000
Iter 120 of 180 Loss: 0.000012, L1(Flow): 0.000012, Reg: 0.000000
Iter 130 of 180 Loss: 0.000011, L1(Flow): 0.000011, Reg: 0.000000
Iter 140 of 180 Loss: 0.000010, L1(Flow): 0.000010, Reg: 0.000000
Iter 150 of 180 Loss: 0.000012, L1(Flow): 0.000012, Reg: 0.000000
Iter 160 of 180 Loss: 0.000011, L1(Flow): 0.000011, Reg: 0.000000
Iter 170 of 180 Loss: 0.000009, L1(Flow): 0.000009, Reg: 0.000000
Iter 180 of 180 Loss: 0.000013, L1(Flow): 0.000013, Reg: 0.000000
Epoch 283 Loss: 0.000011
Epoch 283 Validation: Mean EPE: 0.0000, Mean SSIM: 1.0000, Mean ZNCC: 1.0000
Epoch 284 starts
Iter 10 of 180 Loss: 0.000012, L1(Flow): 0.000012, Reg: 0.000000
Iter 20 of 180 Loss: 0.000009, L1(Flow): 0.000009, Reg: 0.000000
Iter 30 of 180 Loss: 0.000012, L1(Flow): 0.000012, Reg: 0.000000
Iter 40 of 180 Loss: 0.000012, L1(Flow): 0.000012, Reg: 0.000000
Iter 50 of 180 Loss: 0.000009, L1(Flow): 0.000009, Reg: 0.000000
Iter 60 of 180 Loss: 0.000012, L1(Flow): 0.000012, Reg: 0.000000
Iter 70 of 180 Loss: 0.000011, L1(Flow): 0.000011, Reg: 0.000000
Iter 80 of 180 Loss: 0.000009, L1(Flow): 0.000009, Reg: 0.000000
Iter 90 of 180 Loss: 0.000012, L1(Flow): 0.000012, Reg: 0.000000
Iter 100 of 180 Loss: 0.000011, L1(Flow): 0.000011, Reg: 0.000000
Iter 110 of 180 Loss: 0.000009, L1(Flow): 0.000009, Reg: 0.000000
Iter 120 of 180 Loss: 0.000012, L1(Flow): 0.000012, Reg: 0.000000
Iter 130 of 180 Loss: 0.000012, L1(Flow): 0.000012, Reg: 0.000000
Iter 140 of 180 Loss: 0.000009, L1(Flow): 0.000009, Reg: 0.000000
Iter 150 of 180 Loss: 0.000012, L1(Flow): 0.000012, Reg: 0.000000
Iter 160 of 180 Loss: 0.000011, L1(Flow): 0.000011, Reg: 0.000000
Iter 170 of 180 Loss: 0.000008, L1(Flow): 0.000008, Reg: 0.000000
Iter 180 of 180 Loss: 0.000013, L1(Flow): 0.000013, Reg: 0.000000
Epoch 284 Loss: 0.000011
Epoch 284 Validation: Mean EPE: 0.0000, Mean SSIM: 1.0000, Mean ZNCC: 1.0000
Epoch 285 starts
Iter 10 of 180 Loss: 0.000012, L1(Flow): 0.000012, Reg: 0.000000
Iter 20 of 180 Loss: 0.000009, L1(Flow): 0.000009, Reg: 0.000000
Iter 30 of 180 Loss: 0.000013, L1(Flow): 0.000013, Reg: 0.000000
Iter 40 of 180 Loss: 0.000012, L1(Flow): 0.000012, Reg: 0.000000
Iter 50 of 180 Loss: 0.000009, L1(Flow): 0.000009, Reg: 0.000000
Iter 60 of 180 Loss: 0.000013, L1(Flow): 0.000013, Reg: 0.000000
Iter 70 of 180 Loss: 0.000011, L1(Flow): 0.000011, Reg: 0.000000
Iter 80 of 180 Loss: 0.000009, L1(Flow): 0.000009, Reg: 0.000000
Iter 90 of 180 Loss: 0.000012, L1(Flow): 0.000012, Reg: 0.000000
Iter 100 of 180 Loss: 0.000011, L1(Flow): 0.000011, Reg: 0.000000
Iter 110 of 180 Loss: 0.000009, L1(Flow): 0.000009, Reg: 0.000000
Iter 120 of 180 Loss: 0.000012, L1(Flow): 0.000012, Reg: 0.000000
Iter 130 of 180 Loss: 0.000011, L1(Flow): 0.000011, Reg: 0.000000
Iter 140 of 180 Loss: 0.000009, L1(Flow): 0.000009, Reg: 0.000000
Iter 150 of 180 Loss: 0.000012, L1(Flow): 0.000012, Reg: 0.000000
Iter 160 of 180 Loss: 0.000011, L1(Flow): 0.000011, Reg: 0.000000
Iter 170 of 180 Loss: 0.000008, L1(Flow): 0.000008, Reg: 0.000000
Iter 180 of 180 Loss: 0.000012, L1(Flow): 0.000012, Reg: 0.000000
Epoch 285 Loss: 0.000011
Epoch 285 Validation: Mean EPE: 0.0000, Mean SSIM: 1.0000, Mean ZNCC: 1.0000
Epoch 286 starts
Iter 10 of 180 Loss: 0.000011, L1(Flow): 0.000011, Reg: 0.000000
Iter 20 of 180 Loss: 0.000009, L1(Flow): 0.000009, Reg: 0.000000
Iter 30 of 180 Loss: 0.000013, L1(Flow): 0.000013, Reg: 0.000000
Iter 40 of 180 Loss: 0.000011, L1(Flow): 0.000011, Reg: 0.000000
Iter 50 of 180 Loss: 0.000009, L1(Flow): 0.000009, Reg: 0.000000
Iter 60 of 180 Loss: 0.000013, L1(Flow): 0.000013, Reg: 0.000000
Iter 70 of 180 Loss: 0.000011, L1(Flow): 0.000011, Reg: 0.000000
Iter 80 of 180 Loss: 0.000008, L1(Flow): 0.000008, Reg: 0.000000
Iter 90 of 180 Loss: 0.000012, L1(Flow): 0.000012, Reg: 0.000000
Iter 100 of 180 Loss: 0.000011, L1(Flow): 0.000011, Reg: 0.000000
Iter 110 of 180 Loss: 0.000008, L1(Flow): 0.000008, Reg: 0.000000
Iter 120 of 180 Loss: 0.000013, L1(Flow): 0.000013, Reg: 0.000000
Iter 130 of 180 Loss: 0.000011, L1(Flow): 0.000011, Reg: 0.000000
Iter 140 of 180 Loss: 0.000009, L1(Flow): 0.000009, Reg: 0.000000
Iter 150 of 180 Loss: 0.000013, L1(Flow): 0.000013, Reg: 0.000000
Iter 160 of 180 Loss: 0.000011, L1(Flow): 0.000011, Reg: 0.000000
Iter 170 of 180 Loss: 0.000008, L1(Flow): 0.000008, Reg: 0.000000
Iter 180 of 180 Loss: 0.000013, L1(Flow): 0.000013, Reg: 0.000000
Epoch 286 Loss: 0.000011
Epoch 286 Validation: Mean EPE: 0.0000, Mean SSIM: 1.0000, Mean ZNCC: 1.0000
Epoch 287 starts
Iter 10 of 180 Loss: 0.000011, L1(Flow): 0.000011, Reg: 0.000000
Iter 20 of 180 Loss: 0.000009, L1(Flow): 0.000009, Reg: 0.000000
Iter 30 of 180 Loss: 0.000013, L1(Flow): 0.000013, Reg: 0.000000
Iter 40 of 180 Loss: 0.000011, L1(Flow): 0.000011, Reg: 0.000000
Iter 50 of 180 Loss: 0.000009, L1(Flow): 0.000009, Reg: 0.000000
Iter 60 of 180 Loss: 0.000012, L1(Flow): 0.000012, Reg: 0.000000
Iter 70 of 180 Loss: 0.000011, L1(Flow): 0.000011, Reg: 0.000000
Iter 80 of 180 Loss: 0.000009, L1(Flow): 0.000009, Reg: 0.000000
Iter 90 of 180 Loss: 0.000013, L1(Flow): 0.000013, Reg: 0.000000
Iter 100 of 180 Loss: 0.000011, L1(Flow): 0.000011, Reg: 0.000000
Iter 110 of 180 Loss: 0.000009, L1(Flow): 0.000009, Reg: 0.000000
Iter 120 of 180 Loss: 0.000013, L1(Flow): 0.000013, Reg: 0.000000
Iter 130 of 180 Loss: 0.000010, L1(Flow): 0.000010, Reg: 0.000000
Iter 140 of 180 Loss: 0.000009, L1(Flow): 0.000009, Reg: 0.000000
Iter 150 of 180 Loss: 0.000013, L1(Flow): 0.000013, Reg: 0.000000
Iter 160 of 180 Loss: 0.000011, L1(Flow): 0.000011, Reg: 0.000000
Iter 170 of 180 Loss: 0.000009, L1(Flow): 0.000009, Reg: 0.000000
Iter 180 of 180 Loss: 0.000013, L1(Flow): 0.000013, Reg: 0.000000
Epoch 287 Loss: 0.000011
Epoch 287 Validation: Mean EPE: 0.0000, Mean SSIM: 1.0000, Mean ZNCC: 1.0000
Epoch 288 starts
Iter 10 of 180 Loss: 0.000010, L1(Flow): 0.000010, Reg: 0.000000
Iter 20 of 180 Loss: 0.000009, L1(Flow): 0.000009, Reg: 0.000000
Iter 30 of 180 Loss: 0.000013, L1(Flow): 0.000013, Reg: 0.000000
Iter 40 of 180 Loss: 0.000011, L1(Flow): 0.000011, Reg: 0.000000
Iter 50 of 180 Loss: 0.000009, L1(Flow): 0.000009, Reg: 0.000000
Iter 60 of 180 Loss: 0.000013, L1(Flow): 0.000013, Reg: 0.000000
Iter 70 of 180 Loss: 0.000011, L1(Flow): 0.000011, Reg: 0.000000
Iter 80 of 180 Loss: 0.000009, L1(Flow): 0.000009, Reg: 0.000000
Iter 90 of 180 Loss: 0.000013, L1(Flow): 0.000013, Reg: 0.000000
Iter 100 of 180 Loss: 0.000012, L1(Flow): 0.000012, Reg: 0.000000
Iter 110 of 180 Loss: 0.000009, L1(Flow): 0.000009, Reg: 0.000000
Iter 120 of 180 Loss: 0.000013, L1(Flow): 0.000013, Reg: 0.000000
Iter 130 of 180 Loss: 0.000011, L1(Flow): 0.000011, Reg: 0.000000
Iter 140 of 180 Loss: 0.000009, L1(Flow): 0.000009, Reg: 0.000000
Iter 150 of 180 Loss: 0.000012, L1(Flow): 0.000012, Reg: 0.000000
Iter 160 of 180 Loss: 0.000010, L1(Flow): 0.000010, Reg: 0.000000
Iter 170 of 180 Loss: 0.000009, L1(Flow): 0.000009, Reg: 0.000000
Iter 180 of 180 Loss: 0.000012, L1(Flow): 0.000012, Reg: 0.000000
Epoch 288 Loss: 0.000011
Epoch 288 Validation: Mean EPE: 0.0000, Mean SSIM: 1.0000, Mean ZNCC: 1.0000
Epoch 289 starts
Iter 10 of 180 Loss: 0.000011, L1(Flow): 0.000011, Reg: 0.000000
Iter 20 of 180 Loss: 0.000009, L1(Flow): 0.000009, Reg: 0.000000
Iter 30 of 180 Loss: 0.000013, L1(Flow): 0.000013, Reg: 0.000000
Iter 40 of 180 Loss: 0.000011, L1(Flow): 0.000011, Reg: 0.000000
Iter 50 of 180 Loss: 0.000010, L1(Flow): 0.000010, Reg: 0.000000
Iter 60 of 180 Loss: 0.000013, L1(Flow): 0.000013, Reg: 0.000000
Iter 70 of 180 Loss: 0.000011, L1(Flow): 0.000011, Reg: 0.000000
Iter 80 of 180 Loss: 0.000009, L1(Flow): 0.000009, Reg: 0.000000
Iter 90 of 180 Loss: 0.000012, L1(Flow): 0.000012, Reg: 0.000000
Iter 100 of 180 Loss: 0.000011, L1(Flow): 0.000011, Reg: 0.000000
Iter 110 of 180 Loss: 0.000009, L1(Flow): 0.000009, Reg: 0.000000
Iter 120 of 180 Loss: 0.000013, L1(Flow): 0.000013, Reg: 0.000000
Iter 130 of 180 Loss: 0.000011, L1(Flow): 0.000011, Reg: 0.000000
Iter 140 of 180 Loss: 0.000009, L1(Flow): 0.000009, Reg: 0.000000
Iter 150 of 180 Loss: 0.000013, L1(Flow): 0.000013, Reg: 0.000000
Iter 160 of 180 Loss: 0.000012, L1(Flow): 0.000012, Reg: 0.000000
Iter 170 of 180 Loss: 0.000009, L1(Flow): 0.000009, Reg: 0.000000
Iter 180 of 180 Loss: 0.000013, L1(Flow): 0.000013, Reg: 0.000000
Epoch 289 Loss: 0.000011
Epoch 289 Validation: Mean EPE: 0.0000, Mean SSIM: 1.0000, Mean ZNCC: 1.0000
Epoch 290 starts
Iter 10 of 180 Loss: 0.000011, L1(Flow): 0.000011, Reg: 0.000000
Iter 20 of 180 Loss: 0.000009, L1(Flow): 0.000009, Reg: 0.000000
Iter 30 of 180 Loss: 0.000013, L1(Flow): 0.000013, Reg: 0.000000
Iter 40 of 180 Loss: 0.000011, L1(Flow): 0.000011, Reg: 0.000000
Iter 50 of 180 Loss: 0.000009, L1(Flow): 0.000009, Reg: 0.000000
Iter 60 of 180 Loss: 0.000013, L1(Flow): 0.000013, Reg: 0.000000
Iter 70 of 180 Loss: 0.000011, L1(Flow): 0.000011, Reg: 0.000000
Iter 80 of 180 Loss: 0.000009, L1(Flow): 0.000009, Reg: 0.000000
Iter 90 of 180 Loss: 0.000013, L1(Flow): 0.000013, Reg: 0.000000
Iter 100 of 180 Loss: 0.000011, L1(Flow): 0.000011, Reg: 0.000000
Iter 110 of 180 Loss: 0.000009, L1(Flow): 0.000009, Reg: 0.000000
Iter 120 of 180 Loss: 0.000013, L1(Flow): 0.000013, Reg: 0.000000
Iter 130 of 180 Loss: 0.000011, L1(Flow): 0.000011, Reg: 0.000000
Iter 140 of 180 Loss: 0.000009, L1(Flow): 0.000009, Reg: 0.000000
Iter 150 of 180 Loss: 0.000013, L1(Flow): 0.000013, Reg: 0.000000
Iter 160 of 180 Loss: 0.000011, L1(Flow): 0.000011, Reg: 0.000000
Iter 170 of 180 Loss: 0.000009, L1(Flow): 0.000009, Reg: 0.000000
Iter 180 of 180 Loss: 0.000013, L1(Flow): 0.000013, Reg: 0.000000
Epoch 290 Loss: 0.000011
Epoch 290 Validation: Mean EPE: 0.0000, Mean SSIM: 1.0000, Mean ZNCC: 1.0000
Epoch 291 starts
Iter 10 of 180 Loss: 0.000011, L1(Flow): 0.000011, Reg: 0.000000
Iter 20 of 180 Loss: 0.000009, L1(Flow): 0.000009, Reg: 0.000000
Iter 30 of 180 Loss: 0.000013, L1(Flow): 0.000013, Reg: 0.000000
Iter 40 of 180 Loss: 0.000011, L1(Flow): 0.000011, Reg: 0.000000
Iter 50 of 180 Loss: 0.000010, L1(Flow): 0.000010, Reg: 0.000000
Iter 60 of 180 Loss: 0.000013, L1(Flow): 0.000013, Reg: 0.000000
Iter 70 of 180 Loss: 0.000012, L1(Flow): 0.000012, Reg: 0.000000
Iter 80 of 180 Loss: 0.000009, L1(Flow): 0.000009, Reg: 0.000000
Iter 90 of 180 Loss: 0.000013, L1(Flow): 0.000013, Reg: 0.000000
Iter 100 of 180 Loss: 0.000011, L1(Flow): 0.000011, Reg: 0.000000
Iter 110 of 180 Loss: 0.000009, L1(Flow): 0.000009, Reg: 0.000000
Iter 120 of 180 Loss: 0.000013, L1(Flow): 0.000013, Reg: 0.000000
Iter 130 of 180 Loss: 0.000012, L1(Flow): 0.000012, Reg: 0.000000
Iter 140 of 180 Loss: 0.000009, L1(Flow): 0.000009, Reg: 0.000000
Iter 150 of 180 Loss: 0.000013, L1(Flow): 0.000013, Reg: 0.000000
Iter 160 of 180 Loss: 0.000010, L1(Flow): 0.000010, Reg: 0.000000
Iter 170 of 180 Loss: 0.000011, L1(Flow): 0.000011, Reg: 0.000000
Iter 180 of 180 Loss: 0.000012, L1(Flow): 0.000012, Reg: 0.000000
Epoch 291 Loss: 0.000011
Epoch 291 Validation: Mean EPE: 0.0000, Mean SSIM: 1.0000, Mean ZNCC: 1.0000
Epoch 292 starts
Iter 10 of 180 Loss: 0.000011, L1(Flow): 0.000011, Reg: 0.000000
Iter 20 of 180 Loss: 0.000009, L1(Flow): 0.000009, Reg: 0.000000
Iter 30 of 180 Loss: 0.000014, L1(Flow): 0.000014, Reg: 0.000000
Iter 40 of 180 Loss: 0.000011, L1(Flow): 0.000011, Reg: 0.000000
Iter 50 of 180 Loss: 0.000009, L1(Flow): 0.000009, Reg: 0.000000
Iter 60 of 180 Loss: 0.000014, L1(Flow): 0.000014, Reg: 0.000000
Iter 70 of 180 Loss: 0.000011, L1(Flow): 0.000011, Reg: 0.000000
Iter 80 of 180 Loss: 0.000009, L1(Flow): 0.000009, Reg: 0.000000
Iter 90 of 180 Loss: 0.000012, L1(Flow): 0.000012, Reg: 0.000000
Iter 100 of 180 Loss: 0.000011, L1(Flow): 0.000011, Reg: 0.000000
Iter 110 of 180 Loss: 0.000009, L1(Flow): 0.000009, Reg: 0.000000
Iter 120 of 180 Loss: 0.000013, L1(Flow): 0.000013, Reg: 0.000000
Iter 130 of 180 Loss: 0.000012, L1(Flow): 0.000012, Reg: 0.000000
Iter 140 of 180 Loss: 0.000009, L1(Flow): 0.000009, Reg: 0.000000
Iter 150 of 180 Loss: 0.000013, L1(Flow): 0.000013, Reg: 0.000000
Iter 160 of 180 Loss: 0.000012, L1(Flow): 0.000012, Reg: 0.000000
Iter 170 of 180 Loss: 0.000009, L1(Flow): 0.000009, Reg: 0.000000
Iter 180 of 180 Loss: 0.000013, L1(Flow): 0.000013, Reg: 0.000000
Epoch 292 Loss: 0.000011
Epoch 292 Validation: Mean EPE: 0.0000, Mean SSIM: 1.0000, Mean ZNCC: 1.0000
Epoch 293 starts
Iter 10 of 180 Loss: 0.000011, L1(Flow): 0.000011, Reg: 0.000000
Iter 20 of 180 Loss: 0.000009, L1(Flow): 0.000009, Reg: 0.000000
Iter 30 of 180 Loss: 0.000013, L1(Flow): 0.000013, Reg: 0.000000
Iter 40 of 180 Loss: 0.000012, L1(Flow): 0.000012, Reg: 0.000000
Iter 50 of 180 Loss: 0.000009, L1(Flow): 0.000009, Reg: 0.000000
Iter 60 of 180 Loss: 0.000013, L1(Flow): 0.000013, Reg: 0.000000
Iter 70 of 180 Loss: 0.000011, L1(Flow): 0.000011, Reg: 0.000000
Iter 80 of 180 Loss: 0.000009, L1(Flow): 0.000009, Reg: 0.000000
Iter 90 of 180 Loss: 0.000013, L1(Flow): 0.000013, Reg: 0.000000
Iter 100 of 180 Loss: 0.000011, L1(Flow): 0.000011, Reg: 0.000000
Iter 110 of 180 Loss: 0.000009, L1(Flow): 0.000009, Reg: 0.000000
Iter 120 of 180 Loss: 0.000014, L1(Flow): 0.000014, Reg: 0.000000
Iter 130 of 180 Loss: 0.000011, L1(Flow): 0.000011, Reg: 0.000000
Iter 140 of 180 Loss: 0.000009, L1(Flow): 0.000009, Reg: 0.000000
Iter 150 of 180 Loss: 0.000013, L1(Flow): 0.000013, Reg: 0.000000
Iter 160 of 180 Loss: 0.000011, L1(Flow): 0.000011, Reg: 0.000000
Iter 170 of 180 Loss: 0.000009, L1(Flow): 0.000009, Reg: 0.000000
Iter 180 of 180 Loss: 0.000013, L1(Flow): 0.000013, Reg: 0.000000
Epoch 293 Loss: 0.000011
Epoch 293 Validation: Mean EPE: 0.0000, Mean SSIM: 1.0000, Mean ZNCC: 1.0000
Epoch 294 starts
Iter 10 of 180 Loss: 0.000012, L1(Flow): 0.000012, Reg: 0.000000
Iter 20 of 180 Loss: 0.000009, L1(Flow): 0.000009, Reg: 0.000000
Iter 30 of 180 Loss: 0.000013, L1(Flow): 0.000013, Reg: 0.000000
Iter 40 of 180 Loss: 0.000011, L1(Flow): 0.000011, Reg: 0.000000
Iter 50 of 180 Loss: 0.000009, L1(Flow): 0.000009, Reg: 0.000000
Iter 60 of 180 Loss: 0.000013, L1(Flow): 0.000013, Reg: 0.000000
Iter 70 of 180 Loss: 0.000011, L1(Flow): 0.000011, Reg: 0.000000
Iter 80 of 180 Loss: 0.000009, L1(Flow): 0.000009, Reg: 0.000000
Iter 90 of 180 Loss: 0.000013, L1(Flow): 0.000013, Reg: 0.000000
Iter 100 of 180 Loss: 0.000012, L1(Flow): 0.000012, Reg: 0.000000
Iter 110 of 180 Loss: 0.000009, L1(Flow): 0.000009, Reg: 0.000000
Iter 120 of 180 Loss: 0.000014, L1(Flow): 0.000014, Reg: 0.000000
Iter 130 of 180 Loss: 0.000010, L1(Flow): 0.000010, Reg: 0.000000
Iter 140 of 180 Loss: 0.000009, L1(Flow): 0.000009, Reg: 0.000000
Iter 150 of 180 Loss: 0.000012, L1(Flow): 0.000012, Reg: 0.000000
Iter 160 of 180 Loss: 0.000011, L1(Flow): 0.000011, Reg: 0.000000
Iter 170 of 180 Loss: 0.000009, L1(Flow): 0.000009, Reg: 0.000000
Iter 180 of 180 Loss: 0.000013, L1(Flow): 0.000013, Reg: 0.000000
Epoch 294 Loss: 0.000011
Epoch 294 Validation: Mean EPE: 0.0000, Mean SSIM: 1.0000, Mean ZNCC: 1.0000
Epoch 295 starts
Iter 10 of 180 Loss: 0.000011, L1(Flow): 0.000011, Reg: 0.000000
Iter 20 of 180 Loss: 0.000009, L1(Flow): 0.000009, Reg: 0.000000
Iter 30 of 180 Loss: 0.000012, L1(Flow): 0.000012, Reg: 0.000000
Iter 40 of 180 Loss: 0.000011, L1(Flow): 0.000011, Reg: 0.000000
Iter 50 of 180 Loss: 0.000009, L1(Flow): 0.000009, Reg: 0.000000
Iter 60 of 180 Loss: 0.000013, L1(Flow): 0.000013, Reg: 0.000000
Iter 70 of 180 Loss: 0.000011, L1(Flow): 0.000011, Reg: 0.000000
Iter 80 of 180 Loss: 0.000009, L1(Flow): 0.000009, Reg: 0.000000
Iter 90 of 180 Loss: 0.000013, L1(Flow): 0.000013, Reg: 0.000000
Iter 100 of 180 Loss: 0.000011, L1(Flow): 0.000011, Reg: 0.000000
Iter 110 of 180 Loss: 0.000009, L1(Flow): 0.000009, Reg: 0.000000
Iter 120 of 180 Loss: 0.000013, L1(Flow): 0.000013, Reg: 0.000000
Iter 130 of 180 Loss: 0.000011, L1(Flow): 0.000011, Reg: 0.000000
Iter 140 of 180 Loss: 0.000010, L1(Flow): 0.000010, Reg: 0.000000
Iter 150 of 180 Loss: 0.000013, L1(Flow): 0.000013, Reg: 0.000000
Iter 160 of 180 Loss: 0.000011, L1(Flow): 0.000011, Reg: 0.000000
Iter 170 of 180 Loss: 0.000009, L1(Flow): 0.000009, Reg: 0.000000
Iter 180 of 180 Loss: 0.000013, L1(Flow): 0.000013, Reg: 0.000000
Epoch 295 Loss: 0.000011
Epoch 295 Validation: Mean EPE: 0.0000, Mean SSIM: 1.0000, Mean ZNCC: 1.0000
Epoch 296 starts
Iter 10 of 180 Loss: 0.000011, L1(Flow): 0.000011, Reg: 0.000000
Iter 20 of 180 Loss: 0.000009, L1(Flow): 0.000009, Reg: 0.000000
Iter 30 of 180 Loss: 0.000013, L1(Flow): 0.000013, Reg: 0.000000
Iter 40 of 180 Loss: 0.000011, L1(Flow): 0.000011, Reg: 0.000000
Iter 50 of 180 Loss: 0.000009, L1(Flow): 0.000009, Reg: 0.000000
Iter 60 of 180 Loss: 0.000012, L1(Flow): 0.000012, Reg: 0.000000
Iter 70 of 180 Loss: 0.000012, L1(Flow): 0.000012, Reg: 0.000000
Iter 80 of 180 Loss: 0.000009, L1(Flow): 0.000009, Reg: 0.000000
Iter 90 of 180 Loss: 0.000013, L1(Flow): 0.000013, Reg: 0.000000
Iter 100 of 180 Loss: 0.000012, L1(Flow): 0.000012, Reg: 0.000000
Iter 110 of 180 Loss: 0.000010, L1(Flow): 0.000010, Reg: 0.000000
Iter 120 of 180 Loss: 0.000013, L1(Flow): 0.000013, Reg: 0.000000
Iter 130 of 180 Loss: 0.000011, L1(Flow): 0.000011, Reg: 0.000000
Iter 140 of 180 Loss: 0.000009, L1(Flow): 0.000009, Reg: 0.000000
Iter 150 of 180 Loss: 0.000013, L1(Flow): 0.000013, Reg: 0.000000
Iter 160 of 180 Loss: 0.000011, L1(Flow): 0.000011, Reg: 0.000000
Iter 170 of 180 Loss: 0.000010, L1(Flow): 0.000010, Reg: 0.000000
Iter 180 of 180 Loss: 0.000013, L1(Flow): 0.000013, Reg: 0.000000
Epoch 296 Loss: 0.000011
Epoch 296 Validation: Mean EPE: 0.0000, Mean SSIM: 1.0000, Mean ZNCC: 1.0000
Epoch 297 starts
Iter 10 of 180 Loss: 0.000012, L1(Flow): 0.000012, Reg: 0.000000
Iter 20 of 180 Loss: 0.000009, L1(Flow): 0.000009, Reg: 0.000000
Iter 30 of 180 Loss: 0.000013, L1(Flow): 0.000013, Reg: 0.000000
Iter 40 of 180 Loss: 0.000011, L1(Flow): 0.000011, Reg: 0.000000
Iter 50 of 180 Loss: 0.000010, L1(Flow): 0.000010, Reg: 0.000000
Iter 60 of 180 Loss: 0.000012, L1(Flow): 0.000012, Reg: 0.000000
Iter 70 of 180 Loss: 0.000011, L1(Flow): 0.000011, Reg: 0.000000
Iter 80 of 180 Loss: 0.000009, L1(Flow): 0.000009, Reg: 0.000000
Iter 90 of 180 Loss: 0.000013, L1(Flow): 0.000013, Reg: 0.000000
Iter 100 of 180 Loss: 0.000011, L1(Flow): 0.000011, Reg: 0.000000
Iter 110 of 180 Loss: 0.000010, L1(Flow): 0.000010, Reg: 0.000000
Iter 120 of 180 Loss: 0.000012, L1(Flow): 0.000012, Reg: 0.000000
Iter 130 of 180 Loss: 0.000011, L1(Flow): 0.000011, Reg: 0.000000
Iter 140 of 180 Loss: 0.000010, L1(Flow): 0.000010, Reg: 0.000000
Iter 150 of 180 Loss: 0.000013, L1(Flow): 0.000013, Reg: 0.000000
Iter 160 of 180 Loss: 0.000011, L1(Flow): 0.000011, Reg: 0.000000
Iter 170 of 180 Loss: 0.000008, L1(Flow): 0.000008, Reg: 0.000000
Iter 180 of 180 Loss: 0.000013, L1(Flow): 0.000013, Reg: 0.000000
Epoch 297 Loss: 0.000011
Epoch 297 Validation: Mean EPE: 0.0000, Mean SSIM: 1.0000, Mean ZNCC: 1.0000
Epoch 298 starts
Iter 10 of 180 Loss: 0.000011, L1(Flow): 0.000011, Reg: 0.000000
Iter 20 of 180 Loss: 0.000010, L1(Flow): 0.000010, Reg: 0.000000
Iter 30 of 180 Loss: 0.000013, L1(Flow): 0.000013, Reg: 0.000000
Iter 40 of 180 Loss: 0.000012, L1(Flow): 0.000012, Reg: 0.000000
Iter 50 of 180 Loss: 0.000010, L1(Flow): 0.000010, Reg: 0.000000
Iter 60 of 180 Loss: 0.000013, L1(Flow): 0.000013, Reg: 0.000000
Iter 70 of 180 Loss: 0.000012, L1(Flow): 0.000012, Reg: 0.000000
Iter 80 of 180 Loss: 0.000009, L1(Flow): 0.000009, Reg: 0.000000
Iter 90 of 180 Loss: 0.000013, L1(Flow): 0.000013, Reg: 0.000000
Iter 100 of 180 Loss: 0.000011, L1(Flow): 0.000011, Reg: 0.000000
Iter 110 of 180 Loss: 0.000009, L1(Flow): 0.000009, Reg: 0.000000
Iter 120 of 180 Loss: 0.000012, L1(Flow): 0.000012, Reg: 0.000000
Iter 130 of 180 Loss: 0.000011, L1(Flow): 0.000011, Reg: 0.000000
Iter 140 of 180 Loss: 0.000009, L1(Flow): 0.000009, Reg: 0.000000
Iter 150 of 180 Loss: 0.000013, L1(Flow): 0.000013, Reg: 0.000000
Iter 160 of 180 Loss: 0.000010, L1(Flow): 0.000010, Reg: 0.000000
Iter 170 of 180 Loss: 0.000010, L1(Flow): 0.000010, Reg: 0.000000
Iter 180 of 180 Loss: 0.000012, L1(Flow): 0.000012, Reg: 0.000000
Epoch 298 Loss: 0.000011
Epoch 298 Validation: Mean EPE: 0.0000, Mean SSIM: 1.0000, Mean ZNCC: 1.0000
Epoch 299 starts
Iter 10 of 180 Loss: 0.000011, L1(Flow): 0.000011, Reg: 0.000000
Iter 20 of 180 Loss: 0.000010, L1(Flow): 0.000010, Reg: 0.000000
Iter 30 of 180 Loss: 0.000012, L1(Flow): 0.000012, Reg: 0.000000
Iter 40 of 180 Loss: 0.000011, L1(Flow): 0.000011, Reg: 0.000000
Iter 50 of 180 Loss: 0.000009, L1(Flow): 0.000009, Reg: 0.000000
Iter 60 of 180 Loss: 0.000013, L1(Flow): 0.000013, Reg: 0.000000
Iter 70 of 180 Loss: 0.000012, L1(Flow): 0.000012, Reg: 0.000000
Iter 80 of 180 Loss: 0.000009, L1(Flow): 0.000009, Reg: 0.000000
Iter 90 of 180 Loss: 0.000013, L1(Flow): 0.000013, Reg: 0.000000
Iter 100 of 180 Loss: 0.000011, L1(Flow): 0.000011, Reg: 0.000000
Iter 110 of 180 Loss: 0.000010, L1(Flow): 0.000010, Reg: 0.000000
Iter 120 of 180 Loss: 0.000013, L1(Flow): 0.000013, Reg: 0.000000
Iter 130 of 180 Loss: 0.000011, L1(Flow): 0.000011, Reg: 0.000000
Iter 140 of 180 Loss: 0.000009, L1(Flow): 0.000009, Reg: 0.000000
Iter 150 of 180 Loss: 0.000013, L1(Flow): 0.000013, Reg: 0.000000
Iter 160 of 180 Loss: 0.000011, L1(Flow): 0.000011, Reg: 0.000000
Iter 170 of 180 Loss: 0.000009, L1(Flow): 0.000009, Reg: 0.000000
Iter 180 of 180 Loss: 0.000012, L1(Flow): 0.000012, Reg: 0.000000
Epoch 299 Loss: 0.000011
Epoch 299 Validation: Mean EPE: 0.0000, Mean SSIM: 1.0000, Mean ZNCC: 1.0000
Epoch 300 starts
Iter 10 of 180 Loss: 0.000011, L1(Flow): 0.000011, Reg: 0.000000
Iter 20 of 180 Loss: 0.000010, L1(Flow): 0.000010, Reg: 0.000000
Iter 30 of 180 Loss: 0.000012, L1(Flow): 0.000012, Reg: 0.000000
Iter 40 of 180 Loss: 0.000011, L1(Flow): 0.000011, Reg: 0.000000
Iter 50 of 180 Loss: 0.000010, L1(Flow): 0.000010, Reg: 0.000000
Iter 60 of 180 Loss: 0.000012, L1(Flow): 0.000012, Reg: 0.000000
Iter 70 of 180 Loss: 0.000011, L1(Flow): 0.000011, Reg: 0.000000
Iter 80 of 180 Loss: 0.000009, L1(Flow): 0.000009, Reg: 0.000000
Iter 90 of 180 Loss: 0.000014, L1(Flow): 0.000014, Reg: 0.000000
Iter 100 of 180 Loss: 0.000011, L1(Flow): 0.000011, Reg: 0.000000
Iter 110 of 180 Loss: 0.000009, L1(Flow): 0.000009, Reg: 0.000000
Iter 120 of 180 Loss: 0.000012, L1(Flow): 0.000012, Reg: 0.000000
Iter 130 of 180 Loss: 0.000011, L1(Flow): 0.000011, Reg: 0.000000
Iter 140 of 180 Loss: 0.000009, L1(Flow): 0.000009, Reg: 0.000000
Iter 150 of 180 Loss: 0.000013, L1(Flow): 0.000013, Reg: 0.000000
Iter 160 of 180 Loss: 0.000011, L1(Flow): 0.000011, Reg: 0.000000
Iter 170 of 180 Loss: 0.000009, L1(Flow): 0.000009, Reg: 0.000000
Iter 180 of 180 Loss: 0.000012, L1(Flow): 0.000012, Reg: 0.000000
Epoch 300 Loss: 0.000011
Epoch 300 Validation: Mean EPE: 0.0000, Mean SSIM: 1.0000, Mean ZNCC: 1.0000
Epoch 301 starts
Iter 10 of 180 Loss: 0.000011, L1(Flow): 0.000011, Reg: 0.000000
Iter 20 of 180 Loss: 0.000009, L1(Flow): 0.000009, Reg: 0.000000
Iter 30 of 180 Loss: 0.000013, L1(Flow): 0.000013, Reg: 0.000000
Iter 40 of 180 Loss: 0.000011, L1(Flow): 0.000011, Reg: 0.000000
Iter 50 of 180 Loss: 0.000009, L1(Flow): 0.000009, Reg: 0.000000
Iter 60 of 180 Loss: 0.000013, L1(Flow): 0.000013, Reg: 0.000000
Iter 70 of 180 Loss: 0.000011, L1(Flow): 0.000011, Reg: 0.000000
Iter 80 of 180 Loss: 0.000010, L1(Flow): 0.000010, Reg: 0.000000
Iter 90 of 180 Loss: 0.000012, L1(Flow): 0.000012, Reg: 0.000000
Iter 100 of 180 Loss: 0.000011, L1(Flow): 0.000011, Reg: 0.000000
Iter 110 of 180 Loss: 0.000009, L1(Flow): 0.000009, Reg: 0.000000
Iter 120 of 180 Loss: 0.000013, L1(Flow): 0.000013, Reg: 0.000000
Iter 130 of 180 Loss: 0.000012, L1(Flow): 0.000012, Reg: 0.000000
Iter 140 of 180 Loss: 0.000009, L1(Flow): 0.000009, Reg: 0.000000
Iter 150 of 180 Loss: 0.000013, L1(Flow): 0.000013, Reg: 0.000000
Iter 160 of 180 Loss: 0.000011, L1(Flow): 0.000011, Reg: 0.000000
Iter 170 of 180 Loss: 0.000010, L1(Flow): 0.000010, Reg: 0.000000
Iter 180 of 180 Loss: 0.000013, L1(Flow): 0.000013, Reg: 0.000000
Epoch 301 Loss: 0.000011
Epoch 301 Validation: Mean EPE: 0.0000, Mean SSIM: 1.0000, Mean ZNCC: 1.0000
Epoch 302 starts
Iter 10 of 180 Loss: 0.000012, L1(Flow): 0.000012, Reg: 0.000000
Iter 20 of 180 Loss: 0.000009, L1(Flow): 0.000009, Reg: 0.000000
Iter 30 of 180 Loss: 0.000013, L1(Flow): 0.000013, Reg: 0.000000
Iter 40 of 180 Loss: 0.000011, L1(Flow): 0.000011, Reg: 0.000000
Iter 50 of 180 Loss: 0.000009, L1(Flow): 0.000009, Reg: 0.000000
Iter 60 of 180 Loss: 0.000012, L1(Flow): 0.000012, Reg: 0.000000
Iter 70 of 180 Loss: 0.000012, L1(Flow): 0.000012, Reg: 0.000000
Iter 80 of 180 Loss: 0.000009, L1(Flow): 0.000009, Reg: 0.000000
Iter 90 of 180 Loss: 0.000013, L1(Flow): 0.000013, Reg: 0.000000
Iter 100 of 180 Loss: 0.000011, L1(Flow): 0.000011, Reg: 0.000000
Iter 110 of 180 Loss: 0.000009, L1(Flow): 0.000009, Reg: 0.000000
Iter 120 of 180 Loss: 0.000013, L1(Flow): 0.000013, Reg: 0.000000
Iter 130 of 180 Loss: 0.000012, L1(Flow): 0.000012, Reg: 0.000000
Iter 140 of 180 Loss: 0.000009, L1(Flow): 0.000009, Reg: 0.000000
Iter 150 of 180 Loss: 0.000014, L1(Flow): 0.000014, Reg: 0.000000
Iter 160 of 180 Loss: 0.000012, L1(Flow): 0.000012, Reg: 0.000000
Iter 170 of 180 Loss: 0.000009, L1(Flow): 0.000009, Reg: 0.000000
Iter 180 of 180 Loss: 0.000013, L1(Flow): 0.000013, Reg: 0.000000
Epoch 302 Loss: 0.000011
Epoch 302 Validation: Mean EPE: 0.0000, Mean SSIM: 1.0000, Mean ZNCC: 1.0000
Epoch 303 starts
Iter 10 of 180 Loss: 0.000011, L1(Flow): 0.000011, Reg: 0.000000
Iter 20 of 180 Loss: 0.000010, L1(Flow): 0.000010, Reg: 0.000000
Iter 30 of 180 Loss: 0.000012, L1(Flow): 0.000012, Reg: 0.000000
Iter 40 of 180 Loss: 0.000011, L1(Flow): 0.000011, Reg: 0.000000
Iter 50 of 180 Loss: 0.000009, L1(Flow): 0.000009, Reg: 0.000000
Iter 60 of 180 Loss: 0.000012, L1(Flow): 0.000012, Reg: 0.000000
Iter 70 of 180 Loss: 0.000011, L1(Flow): 0.000011, Reg: 0.000000
Iter 80 of 180 Loss: 0.000009, L1(Flow): 0.000009, Reg: 0.000000
Iter 90 of 180 Loss: 0.000012, L1(Flow): 0.000012, Reg: 0.000000
Iter 100 of 180 Loss: 0.000012, L1(Flow): 0.000012, Reg: 0.000000
Iter 110 of 180 Loss: 0.000010, L1(Flow): 0.000010, Reg: 0.000000
Iter 120 of 180 Loss: 0.000012, L1(Flow): 0.000012, Reg: 0.000000
Iter 130 of 180 Loss: 0.000011, L1(Flow): 0.000011, Reg: 0.000000
Iter 140 of 180 Loss: 0.000009, L1(Flow): 0.000009, Reg: 0.000000
Iter 150 of 180 Loss: 0.000013, L1(Flow): 0.000013, Reg: 0.000000
Iter 160 of 180 Loss: 0.000011, L1(Flow): 0.000011, Reg: 0.000000
Iter 170 of 180 Loss: 0.000010, L1(Flow): 0.000010, Reg: 0.000000
Iter 180 of 180 Loss: 0.000012, L1(Flow): 0.000012, Reg: 0.000000
Epoch 303 Loss: 0.000011
Epoch 303 Validation: Mean EPE: 0.0000, Mean SSIM: 1.0000, Mean ZNCC: 1.0000
Epoch 304 starts
Iter 10 of 180 Loss: 0.000013, L1(Flow): 0.000013, Reg: 0.000000
Iter 20 of 180 Loss: 0.000009, L1(Flow): 0.000009, Reg: 0.000000
Iter 30 of 180 Loss: 0.000013, L1(Flow): 0.000013, Reg: 0.000000
Iter 40 of 180 Loss: 0.000011, L1(Flow): 0.000011, Reg: 0.000000
Iter 50 of 180 Loss: 0.000009, L1(Flow): 0.000009, Reg: 0.000000
Iter 60 of 180 Loss: 0.000013, L1(Flow): 0.000013, Reg: 0.000000
Iter 70 of 180 Loss: 0.000012, L1(Flow): 0.000012, Reg: 0.000000
Iter 80 of 180 Loss: 0.000010, L1(Flow): 0.000010, Reg: 0.000000
Iter 90 of 180 Loss: 0.000013, L1(Flow): 0.000013, Reg: 0.000000
Iter 100 of 180 Loss: 0.000012, L1(Flow): 0.000012, Reg: 0.000000
Iter 110 of 180 Loss: 0.000009, L1(Flow): 0.000009, Reg: 0.000000
Iter 120 of 180 Loss: 0.000013, L1(Flow): 0.000013, Reg: 0.000000
Iter 130 of 180 Loss: 0.000012, L1(Flow): 0.000012, Reg: 0.000000
Iter 140 of 180 Loss: 0.000010, L1(Flow): 0.000010, Reg: 0.000000
Iter 150 of 180 Loss: 0.000012, L1(Flow): 0.000012, Reg: 0.000000
Iter 160 of 180 Loss: 0.000011, L1(Flow): 0.000011, Reg: 0.000000
Iter 170 of 180 Loss: 0.000009, L1(Flow): 0.000009, Reg: 0.000000
Iter 180 of 180 Loss: 0.000012, L1(Flow): 0.000012, Reg: 0.000000
Epoch 304 Loss: 0.000011
Epoch 304 Validation: Mean EPE: 0.0000, Mean SSIM: 1.0000, Mean ZNCC: 1.0000
Epoch 305 starts
Iter 10 of 180 Loss: 0.000011, L1(Flow): 0.000011, Reg: 0.000000
Iter 20 of 180 Loss: 0.000009, L1(Flow): 0.000009, Reg: 0.000000
Iter 30 of 180 Loss: 0.000013, L1(Flow): 0.000013, Reg: 0.000000
Iter 40 of 180 Loss: 0.000012, L1(Flow): 0.000012, Reg: 0.000000
Iter 50 of 180 Loss: 0.000009, L1(Flow): 0.000009, Reg: 0.000000
Iter 60 of 180 Loss: 0.000013, L1(Flow): 0.000013, Reg: 0.000000
Iter 70 of 180 Loss: 0.000012, L1(Flow): 0.000012, Reg: 0.000000
Iter 80 of 180 Loss: 0.000009, L1(Flow): 0.000009, Reg: 0.000000
Iter 90 of 180 Loss: 0.000012, L1(Flow): 0.000012, Reg: 0.000000
Iter 100 of 180 Loss: 0.000011, L1(Flow): 0.000011, Reg: 0.000000
Iter 110 of 180 Loss: 0.000010, L1(Flow): 0.000010, Reg: 0.000000
Iter 120 of 180 Loss: 0.000013, L1(Flow): 0.000013, Reg: 0.000000
Iter 130 of 180 Loss: 0.000012, L1(Flow): 0.000012, Reg: 0.000000
Iter 140 of 180 Loss: 0.000009, L1(Flow): 0.000009, Reg: 0.000000
Iter 150 of 180 Loss: 0.000012, L1(Flow): 0.000012, Reg: 0.000000
Iter 160 of 180 Loss: 0.000011, L1(Flow): 0.000011, Reg: 0.000000
Iter 170 of 180 Loss: 0.000009, L1(Flow): 0.000009, Reg: 0.000000
Iter 180 of 180 Loss: 0.000013, L1(Flow): 0.000013, Reg: 0.000000
Epoch 305 Loss: 0.000011
Epoch 305 Validation: Mean EPE: 0.0000, Mean SSIM: 1.0000, Mean ZNCC: 1.0000
Epoch 306 starts
Iter 10 of 180 Loss: 0.000011, L1(Flow): 0.000011, Reg: 0.000000
Iter 20 of 180 Loss: 0.000009, L1(Flow): 0.000009, Reg: 0.000000
Iter 30 of 180 Loss: 0.000012, L1(Flow): 0.000012, Reg: 0.000000
Iter 40 of 180 Loss: 0.000011, L1(Flow): 0.000011, Reg: 0.000000
Iter 50 of 180 Loss: 0.000009, L1(Flow): 0.000009, Reg: 0.000000
Iter 60 of 180 Loss: 0.000013, L1(Flow): 0.000013, Reg: 0.000000
Iter 70 of 180 Loss: 0.000011, L1(Flow): 0.000011, Reg: 0.000000
Iter 80 of 180 Loss: 0.000009, L1(Flow): 0.000009, Reg: 0.000000
Iter 90 of 180 Loss: 0.000012, L1(Flow): 0.000012, Reg: 0.000000
Iter 100 of 180 Loss: 0.000012, L1(Flow): 0.000012, Reg: 0.000000
Iter 110 of 180 Loss: 0.000009, L1(Flow): 0.000009, Reg: 0.000000
Iter 120 of 180 Loss: 0.000013, L1(Flow): 0.000013, Reg: 0.000000
Iter 130 of 180 Loss: 0.000012, L1(Flow): 0.000012, Reg: 0.000000
Iter 140 of 180 Loss: 0.000009, L1(Flow): 0.000009, Reg: 0.000000
Iter 150 of 180 Loss: 0.000013, L1(Flow): 0.000013, Reg: 0.000000
Iter 160 of 180 Loss: 0.000012, L1(Flow): 0.000012, Reg: 0.000000
Iter 170 of 180 Loss: 0.000009, L1(Flow): 0.000009, Reg: 0.000000
Iter 180 of 180 Loss: 0.000013, L1(Flow): 0.000013, Reg: 0.000000
Epoch 306 Loss: 0.000011
Epoch 306 Validation: Mean EPE: 0.0000, Mean SSIM: 1.0000, Mean ZNCC: 1.0000
Epoch 307 starts
Iter 10 of 180 Loss: 0.000011, L1(Flow): 0.000011, Reg: 0.000000
Iter 20 of 180 Loss: 0.000009, L1(Flow): 0.000009, Reg: 0.000000
Iter 30 of 180 Loss: 0.000013, L1(Flow): 0.000013, Reg: 0.000000
Iter 40 of 180 Loss: 0.000011, L1(Flow): 0.000011, Reg: 0.000000
Iter 50 of 180 Loss: 0.000009, L1(Flow): 0.000009, Reg: 0.000000
Iter 60 of 180 Loss: 0.000012, L1(Flow): 0.000012, Reg: 0.000000
Iter 70 of 180 Loss: 0.000011, L1(Flow): 0.000011, Reg: 0.000000
Iter 80 of 180 Loss: 0.000008, L1(Flow): 0.000008, Reg: 0.000000
Iter 90 of 180 Loss: 0.000012, L1(Flow): 0.000012, Reg: 0.000000
Iter 100 of 180 Loss: 0.000012, L1(Flow): 0.000012, Reg: 0.000000
Iter 110 of 180 Loss: 0.000009, L1(Flow): 0.000009, Reg: 0.000000
Iter 120 of 180 Loss: 0.000013, L1(Flow): 0.000013, Reg: 0.000000
Iter 130 of 180 Loss: 0.000011, L1(Flow): 0.000011, Reg: 0.000000
Iter 140 of 180 Loss: 0.000010, L1(Flow): 0.000010, Reg: 0.000000
Iter 150 of 180 Loss: 0.000012, L1(Flow): 0.000012, Reg: 0.000000
Iter 160 of 180 Loss: 0.000011, L1(Flow): 0.000011, Reg: 0.000000
Iter 170 of 180 Loss: 0.000008, L1(Flow): 0.000008, Reg: 0.000000
Iter 180 of 180 Loss: 0.000012, L1(Flow): 0.000012, Reg: 0.000000
Epoch 307 Loss: 0.000011
Epoch 307 Validation: Mean EPE: 0.0000, Mean SSIM: 1.0000, Mean ZNCC: 1.0000
Epoch 308 starts
Iter 10 of 180 Loss: 0.000011, L1(Flow): 0.000011, Reg: 0.000000
Iter 20 of 180 Loss: 0.000009, L1(Flow): 0.000009, Reg: 0.000000
Iter 30 of 180 Loss: 0.000012, L1(Flow): 0.000012, Reg: 0.000000
Iter 40 of 180 Loss: 0.000011, L1(Flow): 0.000011, Reg: 0.000000
Iter 50 of 180 Loss: 0.000009, L1(Flow): 0.000009, Reg: 0.000000
Iter 60 of 180 Loss: 0.000013, L1(Flow): 0.000013, Reg: 0.000000
Iter 70 of 180 Loss: 0.000010, L1(Flow): 0.000010, Reg: 0.000000
Iter 80 of 180 Loss: 0.000010, L1(Flow): 0.000010, Reg: 0.000000
Iter 90 of 180 Loss: 0.000013, L1(Flow): 0.000013, Reg: 0.000000
Iter 100 of 180 Loss: 0.000011, L1(Flow): 0.000011, Reg: 0.000000
Iter 110 of 180 Loss: 0.000010, L1(Flow): 0.000010, Reg: 0.000000
Iter 120 of 180 Loss: 0.000013, L1(Flow): 0.000013, Reg: 0.000000
Iter 130 of 180 Loss: 0.000011, L1(Flow): 0.000011, Reg: 0.000000
Iter 140 of 180 Loss: 0.000009, L1(Flow): 0.000009, Reg: 0.000000
Iter 150 of 180 Loss: 0.000013, L1(Flow): 0.000013, Reg: 0.000000
Iter 160 of 180 Loss: 0.000011, L1(Flow): 0.000011, Reg: 0.000000
Iter 170 of 180 Loss: 0.000010, L1(Flow): 0.000010, Reg: 0.000000
Iter 180 of 180 Loss: 0.000012, L1(Flow): 0.000012, Reg: 0.000000
Epoch 308 Loss: 0.000011
Epoch 308 Validation: Mean EPE: 0.0000, Mean SSIM: 1.0000, Mean ZNCC: 1.0000
Epoch 309 starts
Iter 10 of 180 Loss: 0.000011, L1(Flow): 0.000011, Reg: 0.000000
Iter 20 of 180 Loss: 0.000009, L1(Flow): 0.000009, Reg: 0.000000
Iter 30 of 180 Loss: 0.000013, L1(Flow): 0.000013, Reg: 0.000000
Iter 40 of 180 Loss: 0.000011, L1(Flow): 0.000011, Reg: 0.000000
Iter 50 of 180 Loss: 0.000009, L1(Flow): 0.000009, Reg: 0.000000
Iter 60 of 180 Loss: 0.000013, L1(Flow): 0.000013, Reg: 0.000000
Iter 70 of 180 Loss: 0.000012, L1(Flow): 0.000012, Reg: 0.000000
Iter 80 of 180 Loss: 0.000009, L1(Flow): 0.000009, Reg: 0.000000
Iter 90 of 180 Loss: 0.000013, L1(Flow): 0.000013, Reg: 0.000000
Iter 100 of 180 Loss: 0.000011, L1(Flow): 0.000011, Reg: 0.000000
Iter 110 of 180 Loss: 0.000010, L1(Flow): 0.000010, Reg: 0.000000
Iter 120 of 180 Loss: 0.000013, L1(Flow): 0.000013, Reg: 0.000000
Iter 130 of 180 Loss: 0.000011, L1(Flow): 0.000011, Reg: 0.000000
Iter 140 of 180 Loss: 0.000009, L1(Flow): 0.000009, Reg: 0.000000
Iter 150 of 180 Loss: 0.000013, L1(Flow): 0.000013, Reg: 0.000000
Iter 160 of 180 Loss: 0.000011, L1(Flow): 0.000011, Reg: 0.000000
Iter 170 of 180 Loss: 0.000009, L1(Flow): 0.000009, Reg: 0.000000
Iter 180 of 180 Loss: 0.000013, L1(Flow): 0.000013, Reg: 0.000000
Epoch 309 Loss: 0.000011
Epoch 309 Validation: Mean EPE: 0.0000, Mean SSIM: 1.0000, Mean ZNCC: 1.0000
Epoch 310 starts
Iter 10 of 180 Loss: 0.000011, L1(Flow): 0.000011, Reg: 0.000000
Iter 20 of 180 Loss: 0.000009, L1(Flow): 0.000009, Reg: 0.000000
Iter 30 of 180 Loss: 0.000013, L1(Flow): 0.000013, Reg: 0.000000
Iter 40 of 180 Loss: 0.000011, L1(Flow): 0.000011, Reg: 0.000000
Iter 50 of 180 Loss: 0.000009, L1(Flow): 0.000009, Reg: 0.000000
Iter 60 of 180 Loss: 0.000013, L1(Flow): 0.000013, Reg: 0.000000
Iter 70 of 180 Loss: 0.000011, L1(Flow): 0.000011, Reg: 0.000000
Iter 80 of 180 Loss: 0.000009, L1(Flow): 0.000009, Reg: 0.000000
Iter 90 of 180 Loss: 0.000013, L1(Flow): 0.000013, Reg: 0.000000
Iter 100 of 180 Loss: 0.000011, L1(Flow): 0.000011, Reg: 0.000000
Iter 110 of 180 Loss: 0.000009, L1(Flow): 0.000009, Reg: 0.000000
Iter 120 of 180 Loss: 0.000013, L1(Flow): 0.000013, Reg: 0.000000
Iter 130 of 180 Loss: 0.000011, L1(Flow): 0.000011, Reg: 0.000000
Iter 140 of 180 Loss: 0.000009, L1(Flow): 0.000009, Reg: 0.000000
Iter 150 of 180 Loss: 0.000013, L1(Flow): 0.000013, Reg: 0.000000
Iter 160 of 180 Loss: 0.000011, L1(Flow): 0.000011, Reg: 0.000000
Iter 170 of 180 Loss: 0.000009, L1(Flow): 0.000009, Reg: 0.000000
Iter 180 of 180 Loss: 0.000013, L1(Flow): 0.000013, Reg: 0.000000
Epoch 310 Loss: 0.000011
Epoch 310 Validation: Mean EPE: 0.0000, Mean SSIM: 1.0000, Mean ZNCC: 1.0000
Epoch 311 starts
Iter 10 of 180 Loss: 0.000011, L1(Flow): 0.000011, Reg: 0.000000
Iter 20 of 180 Loss: 0.000009, L1(Flow): 0.000009, Reg: 0.000000
Iter 30 of 180 Loss: 0.000013, L1(Flow): 0.000013, Reg: 0.000000
Iter 40 of 180 Loss: 0.000011, L1(Flow): 0.000011, Reg: 0.000000
Iter 50 of 180 Loss: 0.000008, L1(Flow): 0.000008, Reg: 0.000000
Iter 60 of 180 Loss: 0.000014, L1(Flow): 0.000014, Reg: 0.000000
Iter 70 of 180 Loss: 0.000010, L1(Flow): 0.000010, Reg: 0.000000
Iter 80 of 180 Loss: 0.000009, L1(Flow): 0.000009, Reg: 0.000000
Iter 90 of 180 Loss: 0.000014, L1(Flow): 0.000014, Reg: 0.000000
Iter 100 of 180 Loss: 0.000010, L1(Flow): 0.000010, Reg: 0.000000
Iter 110 of 180 Loss: 0.000009, L1(Flow): 0.000009, Reg: 0.000000
Iter 120 of 180 Loss: 0.000014, L1(Flow): 0.000014, Reg: 0.000000
Iter 130 of 180 Loss: 0.000011, L1(Flow): 0.000011, Reg: 0.000000
Iter 140 of 180 Loss: 0.000009, L1(Flow): 0.000009, Reg: 0.000000
Iter 150 of 180 Loss: 0.000013, L1(Flow): 0.000013, Reg: 0.000000
Iter 160 of 180 Loss: 0.000010, L1(Flow): 0.000010, Reg: 0.000000
Iter 170 of 180 Loss: 0.000009, L1(Flow): 0.000009, Reg: 0.000000
Iter 180 of 180 Loss: 0.000013, L1(Flow): 0.000013, Reg: 0.000000
Epoch 311 Loss: 0.000011
Epoch 311 Validation: Mean EPE: 0.0000, Mean SSIM: 1.0000, Mean ZNCC: 1.0000
Epoch 312 starts
Iter 10 of 180 Loss: 0.000011, L1(Flow): 0.000011, Reg: 0.000000
Iter 20 of 180 Loss: 0.000009, L1(Flow): 0.000009, Reg: 0.000000
Iter 30 of 180 Loss: 0.000013, L1(Flow): 0.000013, Reg: 0.000000
Iter 40 of 180 Loss: 0.000011, L1(Flow): 0.000011, Reg: 0.000000
Iter 50 of 180 Loss: 0.000009, L1(Flow): 0.000009, Reg: 0.000000
Iter 60 of 180 Loss: 0.000013, L1(Flow): 0.000013, Reg: 0.000000
Iter 70 of 180 Loss: 0.000011, L1(Flow): 0.000011, Reg: 0.000000
Iter 80 of 180 Loss: 0.000009, L1(Flow): 0.000009, Reg: 0.000000
Iter 90 of 180 Loss: 0.000013, L1(Flow): 0.000013, Reg: 0.000000
Iter 100 of 180 Loss: 0.000011, L1(Flow): 0.000011, Reg: 0.000000
Iter 110 of 180 Loss: 0.000009, L1(Flow): 0.000009, Reg: 0.000000
Iter 120 of 180 Loss: 0.000013, L1(Flow): 0.000013, Reg: 0.000000
Iter 130 of 180 Loss: 0.000011, L1(Flow): 0.000011, Reg: 0.000000
Iter 140 of 180 Loss: 0.000009, L1(Flow): 0.000009, Reg: 0.000000
Iter 150 of 180 Loss: 0.000013, L1(Flow): 0.000013, Reg: 0.000000
Iter 160 of 180 Loss: 0.000011, L1(Flow): 0.000011, Reg: 0.000000
Iter 170 of 180 Loss: 0.000010, L1(Flow): 0.000010, Reg: 0.000000
Iter 180 of 180 Loss: 0.000013, L1(Flow): 0.000013, Reg: 0.000000
Epoch 312 Loss: 0.000011
Epoch 312 Validation: Mean EPE: 0.0000, Mean SSIM: 1.0000, Mean ZNCC: 1.0000
Epoch 313 starts
Iter 10 of 180 Loss: 0.000011, L1(Flow): 0.000011, Reg: 0.000000
Iter 20 of 180 Loss: 0.000009, L1(Flow): 0.000009, Reg: 0.000000
Iter 30 of 180 Loss: 0.000014, L1(Flow): 0.000014, Reg: 0.000000
Iter 40 of 180 Loss: 0.000011, L1(Flow): 0.000011, Reg: 0.000000
Iter 50 of 180 Loss: 0.000009, L1(Flow): 0.000009, Reg: 0.000000
Iter 60 of 180 Loss: 0.000013, L1(Flow): 0.000013, Reg: 0.000000
Iter 70 of 180 Loss: 0.000010, L1(Flow): 0.000010, Reg: 0.000000
Iter 80 of 180 Loss: 0.000009, L1(Flow): 0.000009, Reg: 0.000000
Iter 90 of 180 Loss: 0.000014, L1(Flow): 0.000014, Reg: 0.000000
Iter 100 of 180 Loss: 0.000012, L1(Flow): 0.000012, Reg: 0.000000
Iter 110 of 180 Loss: 0.000009, L1(Flow): 0.000009, Reg: 0.000000
Iter 120 of 180 Loss: 0.000013, L1(Flow): 0.000013, Reg: 0.000000
Iter 130 of 180 Loss: 0.000011, L1(Flow): 0.000011, Reg: 0.000000
Iter 140 of 180 Loss: 0.000009, L1(Flow): 0.000009, Reg: 0.000000
Iter 150 of 180 Loss: 0.000012, L1(Flow): 0.000012, Reg: 0.000000
Iter 160 of 180 Loss: 0.000011, L1(Flow): 0.000011, Reg: 0.000000
Iter 170 of 180 Loss: 0.000010, L1(Flow): 0.000010, Reg: 0.000000
Iter 180 of 180 Loss: 0.000013, L1(Flow): 0.000013, Reg: 0.000000
Epoch 313 Loss: 0.000011
Epoch 313 Validation: Mean EPE: 0.0000, Mean SSIM: 1.0000, Mean ZNCC: 1.0000
Epoch 314 starts
Iter 10 of 180 Loss: 0.000011, L1(Flow): 0.000011, Reg: 0.000000
Iter 20 of 180 Loss: 0.000009, L1(Flow): 0.000009, Reg: 0.000000
Iter 30 of 180 Loss: 0.000013, L1(Flow): 0.000013, Reg: 0.000000
Iter 40 of 180 Loss: 0.000011, L1(Flow): 0.000011, Reg: 0.000000
Iter 50 of 180 Loss: 0.000009, L1(Flow): 0.000009, Reg: 0.000000
Iter 60 of 180 Loss: 0.000014, L1(Flow): 0.000014, Reg: 0.000000
Iter 70 of 180 Loss: 0.000011, L1(Flow): 0.000011, Reg: 0.000000
Iter 80 of 180 Loss: 0.000009, L1(Flow): 0.000009, Reg: 0.000000
Iter 90 of 180 Loss: 0.000013, L1(Flow): 0.000013, Reg: 0.000000
Iter 100 of 180 Loss: 0.000011, L1(Flow): 0.000011, Reg: 0.000000
Iter 110 of 180 Loss: 0.000009, L1(Flow): 0.000009, Reg: 0.000000
Iter 120 of 180 Loss: 0.000013, L1(Flow): 0.000013, Reg: 0.000000
Iter 130 of 180 Loss: 0.000011, L1(Flow): 0.000011, Reg: 0.000000
Iter 140 of 180 Loss: 0.000010, L1(Flow): 0.000010, Reg: 0.000000
Iter 150 of 180 Loss: 0.000013, L1(Flow): 0.000013, Reg: 0.000000
Iter 160 of 180 Loss: 0.000012, L1(Flow): 0.000012, Reg: 0.000000
Iter 170 of 180 Loss: 0.000009, L1(Flow): 0.000009, Reg: 0.000000
Iter 180 of 180 Loss: 0.000014, L1(Flow): 0.000014, Reg: 0.000000
Epoch 314 Loss: 0.000011
Epoch 314 Validation: Mean EPE: 0.0000, Mean SSIM: 1.0000, Mean ZNCC: 1.0000
Epoch 315 starts
Iter 10 of 180 Loss: 0.000011, L1(Flow): 0.000011, Reg: 0.000000
Iter 20 of 180 Loss: 0.000009, L1(Flow): 0.000009, Reg: 0.000000
Iter 30 of 180 Loss: 0.000013, L1(Flow): 0.000013, Reg: 0.000000
Iter 40 of 180 Loss: 0.000010, L1(Flow): 0.000010, Reg: 0.000000
Iter 50 of 180 Loss: 0.000009, L1(Flow): 0.000009, Reg: 0.000000
Iter 60 of 180 Loss: 0.000013, L1(Flow): 0.000013, Reg: 0.000000
Iter 70 of 180 Loss: 0.000011, L1(Flow): 0.000011, Reg: 0.000000
Iter 80 of 180 Loss: 0.000009, L1(Flow): 0.000009, Reg: 0.000000
Iter 90 of 180 Loss: 0.000013, L1(Flow): 0.000013, Reg: 0.000000
Iter 100 of 180 Loss: 0.000011, L1(Flow): 0.000011, Reg: 0.000000
Iter 110 of 180 Loss: 0.000009, L1(Flow): 0.000009, Reg: 0.000000
Iter 120 of 180 Loss: 0.000013, L1(Flow): 0.000013, Reg: 0.000000
Iter 130 of 180 Loss: 0.000011, L1(Flow): 0.000011, Reg: 0.000000
Iter 140 of 180 Loss: 0.000009, L1(Flow): 0.000009, Reg: 0.000000
Iter 150 of 180 Loss: 0.000013, L1(Flow): 0.000013, Reg: 0.000000
Iter 160 of 180 Loss: 0.000011, L1(Flow): 0.000011, Reg: 0.000000
Iter 170 of 180 Loss: 0.000009, L1(Flow): 0.000009, Reg: 0.000000
Iter 180 of 180 Loss: 0.000013, L1(Flow): 0.000013, Reg: 0.000000
Epoch 315 Loss: 0.000011
Epoch 315 Validation: Mean EPE: 0.0000, Mean SSIM: 1.0000, Mean ZNCC: 1.0000
Epoch 316 starts
Iter 10 of 180 Loss: 0.000012, L1(Flow): 0.000012, Reg: 0.000000
Iter 20 of 180 Loss: 0.000009, L1(Flow): 0.000009, Reg: 0.000000
Iter 30 of 180 Loss: 0.000013, L1(Flow): 0.000013, Reg: 0.000000
Iter 40 of 180 Loss: 0.000011, L1(Flow): 0.000011, Reg: 0.000000
Iter 50 of 180 Loss: 0.000009, L1(Flow): 0.000009, Reg: 0.000000
Iter 60 of 180 Loss: 0.000012, L1(Flow): 0.000012, Reg: 0.000000
Iter 70 of 180 Loss: 0.000011, L1(Flow): 0.000011, Reg: 0.000000
Iter 80 of 180 Loss: 0.000009, L1(Flow): 0.000009, Reg: 0.000000
Iter 90 of 180 Loss: 0.000013, L1(Flow): 0.000013, Reg: 0.000000
Iter 100 of 180 Loss: 0.000011, L1(Flow): 0.000011, Reg: 0.000000
Iter 110 of 180 Loss: 0.000010, L1(Flow): 0.000010, Reg: 0.000000
Iter 120 of 180 Loss: 0.000012, L1(Flow): 0.000012, Reg: 0.000000
Iter 130 of 180 Loss: 0.000011, L1(Flow): 0.000011, Reg: 0.000000
Iter 140 of 180 Loss: 0.000009, L1(Flow): 0.000009, Reg: 0.000000
Iter 150 of 180 Loss: 0.000013, L1(Flow): 0.000013, Reg: 0.000000
Iter 160 of 180 Loss: 0.000011, L1(Flow): 0.000011, Reg: 0.000000
Iter 170 of 180 Loss: 0.000008, L1(Flow): 0.000008, Reg: 0.000000
Iter 180 of 180 Loss: 0.000012, L1(Flow): 0.000012, Reg: 0.000000
Epoch 316 Loss: 0.000011
Epoch 316 Validation: Mean EPE: 0.0000, Mean SSIM: 1.0000, Mean ZNCC: 1.0000
Epoch 317 starts
Iter 10 of 180 Loss: 0.000012, L1(Flow): 0.000012, Reg: 0.000000
Iter 20 of 180 Loss: 0.000009, L1(Flow): 0.000009, Reg: 0.000000
Iter 30 of 180 Loss: 0.000012, L1(Flow): 0.000012, Reg: 0.000000
Iter 40 of 180 Loss: 0.000011, L1(Flow): 0.000011, Reg: 0.000000
Iter 50 of 180 Loss: 0.000009, L1(Flow): 0.000009, Reg: 0.000000
Iter 60 of 180 Loss: 0.000012, L1(Flow): 0.000012, Reg: 0.000000
Iter 70 of 180 Loss: 0.000011, L1(Flow): 0.000011, Reg: 0.000000
Iter 80 of 180 Loss: 0.000009, L1(Flow): 0.000009, Reg: 0.000000
Iter 90 of 180 Loss: 0.000013, L1(Flow): 0.000013, Reg: 0.000000
Iter 100 of 180 Loss: 0.000011, L1(Flow): 0.000011, Reg: 0.000000
Iter 110 of 180 Loss: 0.000009, L1(Flow): 0.000009, Reg: 0.000000
Iter 120 of 180 Loss: 0.000012, L1(Flow): 0.000012, Reg: 0.000000
Iter 130 of 180 Loss: 0.000011, L1(Flow): 0.000011, Reg: 0.000000
Iter 140 of 180 Loss: 0.000010, L1(Flow): 0.000010, Reg: 0.000000
Iter 150 of 180 Loss: 0.000013, L1(Flow): 0.000013, Reg: 0.000000
Iter 160 of 180 Loss: 0.000011, L1(Flow): 0.000011, Reg: 0.000000
Iter 170 of 180 Loss: 0.000010, L1(Flow): 0.000010, Reg: 0.000000
Iter 180 of 180 Loss: 0.000013, L1(Flow): 0.000013, Reg: 0.000000
Epoch 317 Loss: 0.000011
Epoch 317 Validation: Mean EPE: 0.0000, Mean SSIM: 1.0000, Mean ZNCC: 1.0000
Epoch 318 starts
Iter 10 of 180 Loss: 0.000011, L1(Flow): 0.000011, Reg: 0.000000
Iter 20 of 180 Loss: 0.000009, L1(Flow): 0.000009, Reg: 0.000000
Iter 30 of 180 Loss: 0.000012, L1(Flow): 0.000012, Reg: 0.000000
Iter 40 of 180 Loss: 0.000011, L1(Flow): 0.000011, Reg: 0.000000
Iter 50 of 180 Loss: 0.000009, L1(Flow): 0.000009, Reg: 0.000000
Iter 60 of 180 Loss: 0.000013, L1(Flow): 0.000013, Reg: 0.000000
Iter 70 of 180 Loss: 0.000011, L1(Flow): 0.000011, Reg: 0.000000
Iter 80 of 180 Loss: 0.000010, L1(Flow): 0.000010, Reg: 0.000000
Iter 90 of 180 Loss: 0.000013, L1(Flow): 0.000013, Reg: 0.000000
Iter 100 of 180 Loss: 0.000011, L1(Flow): 0.000011, Reg: 0.000000
Iter 110 of 180 Loss: 0.000009, L1(Flow): 0.000009, Reg: 0.000000
Iter 120 of 180 Loss: 0.000013, L1(Flow): 0.000013, Reg: 0.000000
Iter 130 of 180 Loss: 0.000011, L1(Flow): 0.000011, Reg: 0.000000
Iter 140 of 180 Loss: 0.000009, L1(Flow): 0.000009, Reg: 0.000000
Iter 150 of 180 Loss: 0.000013, L1(Flow): 0.000013, Reg: 0.000000
Iter 160 of 180 Loss: 0.000011, L1(Flow): 0.000011, Reg: 0.000000
Iter 170 of 180 Loss: 0.000009, L1(Flow): 0.000009, Reg: 0.000000
Iter 180 of 180 Loss: 0.000012, L1(Flow): 0.000012, Reg: 0.000000
Epoch 318 Loss: 0.000011
Epoch 318 Validation: Mean EPE: 0.0000, Mean SSIM: 1.0000, Mean ZNCC: 1.0000
Epoch 319 starts
Iter 10 of 180 Loss: 0.000011, L1(Flow): 0.000011, Reg: 0.000000
Iter 20 of 180 Loss: 0.000010, L1(Flow): 0.000010, Reg: 0.000000
Iter 30 of 180 Loss: 0.000013, L1(Flow): 0.000013, Reg: 0.000000
Iter 40 of 180 Loss: 0.000011, L1(Flow): 0.000011, Reg: 0.000000
Iter 50 of 180 Loss: 0.000009, L1(Flow): 0.000009, Reg: 0.000000
Iter 60 of 180 Loss: 0.000013, L1(Flow): 0.000013, Reg: 0.000000
Iter 70 of 180 Loss: 0.000011, L1(Flow): 0.000011, Reg: 0.000000
Iter 80 of 180 Loss: 0.000009, L1(Flow): 0.000009, Reg: 0.000000
Iter 90 of 180 Loss: 0.000013, L1(Flow): 0.000013, Reg: 0.000000
Iter 100 of 180 Loss: 0.000011, L1(Flow): 0.000011, Reg: 0.000000
Iter 110 of 180 Loss: 0.000009, L1(Flow): 0.000009, Reg: 0.000000
Iter 120 of 180 Loss: 0.000013, L1(Flow): 0.000013, Reg: 0.000000
Iter 130 of 180 Loss: 0.000011, L1(Flow): 0.000010, Reg: 0.000000
Iter 140 of 180 Loss: 0.000009, L1(Flow): 0.000009, Reg: 0.000000
Iter 150 of 180 Loss: 0.000013, L1(Flow): 0.000013, Reg: 0.000000
Iter 160 of 180 Loss: 0.000011, L1(Flow): 0.000011, Reg: 0.000000
Iter 170 of 180 Loss: 0.000009, L1(Flow): 0.000009, Reg: 0.000000
Iter 180 of 180 Loss: 0.000013, L1(Flow): 0.000013, Reg: 0.000000
Epoch 319 Loss: 0.000011
Epoch 319 Validation: Mean EPE: 0.0000, Mean SSIM: 1.0000, Mean ZNCC: 1.0000
Epoch 320 starts
Iter 10 of 180 Loss: 0.000011, L1(Flow): 0.000011, Reg: 0.000000
Iter 20 of 180 Loss: 0.000009, L1(Flow): 0.000009, Reg: 0.000000
Iter 30 of 180 Loss: 0.000013, L1(Flow): 0.000013, Reg: 0.000000
Iter 40 of 180 Loss: 0.000011, L1(Flow): 0.000011, Reg: 0.000000
Iter 50 of 180 Loss: 0.000009, L1(Flow): 0.000009, Reg: 0.000000
Iter 60 of 180 Loss: 0.000013, L1(Flow): 0.000013, Reg: 0.000000
Iter 70 of 180 Loss: 0.000011, L1(Flow): 0.000011, Reg: 0.000000
Iter 80 of 180 Loss: 0.000009, L1(Flow): 0.000009, Reg: 0.000000
Iter 90 of 180 Loss: 0.000013, L1(Flow): 0.000013, Reg: 0.000000
Iter 100 of 180 Loss: 0.000011, L1(Flow): 0.000011, Reg: 0.000000
Iter 110 of 180 Loss: 0.000009, L1(Flow): 0.000009, Reg: 0.000000
Iter 120 of 180 Loss: 0.000012, L1(Flow): 0.000012, Reg: 0.000000
Iter 130 of 180 Loss: 0.000012, L1(Flow): 0.000012, Reg: 0.000000
Iter 140 of 180 Loss: 0.000009, L1(Flow): 0.000009, Reg: 0.000000
Iter 150 of 180 Loss: 0.000012, L1(Flow): 0.000012, Reg: 0.000000
Iter 160 of 180 Loss: 0.000012, L1(Flow): 0.000012, Reg: 0.000000
Iter 170 of 180 Loss: 0.000009, L1(Flow): 0.000009, Reg: 0.000000
Iter 180 of 180 Loss: 0.000013, L1(Flow): 0.000013, Reg: 0.000000
Epoch 320 Loss: 0.000011
Epoch 320 Validation: Mean EPE: 0.0000, Mean SSIM: 1.0000, Mean ZNCC: 1.0000
Epoch 321 starts
Iter 10 of 180 Loss: 0.000010, L1(Flow): 0.000010, Reg: 0.000000
Iter 20 of 180 Loss: 0.000010, L1(Flow): 0.000010, Reg: 0.000000
Iter 30 of 180 Loss: 0.000013, L1(Flow): 0.000013, Reg: 0.000000
Iter 40 of 180 Loss: 0.000011, L1(Flow): 0.000011, Reg: 0.000000
Iter 50 of 180 Loss: 0.000009, L1(Flow): 0.000009, Reg: 0.000000
Iter 60 of 180 Loss: 0.000013, L1(Flow): 0.000013, Reg: 0.000000
Iter 70 of 180 Loss: 0.000011, L1(Flow): 0.000011, Reg: 0.000000
Iter 80 of 180 Loss: 0.000009, L1(Flow): 0.000009, Reg: 0.000000
Iter 90 of 180 Loss: 0.000013, L1(Flow): 0.000013, Reg: 0.000000
Iter 100 of 180 Loss: 0.000011, L1(Flow): 0.000011, Reg: 0.000000
Iter 110 of 180 Loss: 0.000009, L1(Flow): 0.000009, Reg: 0.000000
Iter 120 of 180 Loss: 0.000013, L1(Flow): 0.000013, Reg: 0.000000
Iter 130 of 180 Loss: 0.000011, L1(Flow): 0.000011, Reg: 0.000000
Iter 140 of 180 Loss: 0.000009, L1(Flow): 0.000009, Reg: 0.000000
Iter 150 of 180 Loss: 0.000014, L1(Flow): 0.000014, Reg: 0.000000
Iter 160 of 180 Loss: 0.000011, L1(Flow): 0.000011, Reg: 0.000000
Iter 170 of 180 Loss: 0.000009, L1(Flow): 0.000009, Reg: 0.000000
Iter 180 of 180 Loss: 0.000013, L1(Flow): 0.000013, Reg: 0.000000
Epoch 321 Loss: 0.000011
Epoch 321 Validation: Mean EPE: 0.0000, Mean SSIM: 1.0000, Mean ZNCC: 1.0000
Epoch 322 starts
Iter 10 of 180 Loss: 0.000011, L1(Flow): 0.000011, Reg: 0.000000
Iter 20 of 180 Loss: 0.000009, L1(Flow): 0.000009, Reg: 0.000000
Iter 30 of 180 Loss: 0.000013, L1(Flow): 0.000013, Reg: 0.000000
Iter 40 of 180 Loss: 0.000011, L1(Flow): 0.000011, Reg: 0.000000
Iter 50 of 180 Loss: 0.000009, L1(Flow): 0.000009, Reg: 0.000000
Iter 60 of 180 Loss: 0.000013, L1(Flow): 0.000013, Reg: 0.000000
Iter 70 of 180 Loss: 0.000012, L1(Flow): 0.000012, Reg: 0.000000
Iter 80 of 180 Loss: 0.000010, L1(Flow): 0.000010, Reg: 0.000000
Iter 90 of 180 Loss: 0.000013, L1(Flow): 0.000013, Reg: 0.000000
Iter 100 of 180 Loss: 0.000011, L1(Flow): 0.000011, Reg: 0.000000
Iter 110 of 180 Loss: 0.000009, L1(Flow): 0.000009, Reg: 0.000000
Iter 120 of 180 Loss: 0.000013, L1(Flow): 0.000013, Reg: 0.000000
Iter 130 of 180 Loss: 0.000011, L1(Flow): 0.000011, Reg: 0.000000
Iter 140 of 180 Loss: 0.000009, L1(Flow): 0.000009, Reg: 0.000000
Iter 150 of 180 Loss: 0.000014, L1(Flow): 0.000014, Reg: 0.000000
Iter 160 of 180 Loss: 0.000011, L1(Flow): 0.000011, Reg: 0.000000
Iter 170 of 180 Loss: 0.000009, L1(Flow): 0.000009, Reg: 0.000000
Iter 180 of 180 Loss: 0.000013, L1(Flow): 0.000013, Reg: 0.000000
Epoch 322 Loss: 0.000011
Epoch 322 Validation: Mean EPE: 0.0000, Mean SSIM: 1.0000, Mean ZNCC: 1.0000
Epoch 323 starts
Iter 10 of 180 Loss: 0.000011, L1(Flow): 0.000011, Reg: 0.000000
Iter 20 of 180 Loss: 0.000009, L1(Flow): 0.000009, Reg: 0.000000
Iter 30 of 180 Loss: 0.000013, L1(Flow): 0.000013, Reg: 0.000000
Iter 40 of 180 Loss: 0.000012, L1(Flow): 0.000012, Reg: 0.000000
Iter 50 of 180 Loss: 0.000009, L1(Flow): 0.000009, Reg: 0.000000
Iter 60 of 180 Loss: 0.000013, L1(Flow): 0.000013, Reg: 0.000000
Iter 70 of 180 Loss: 0.000011, L1(Flow): 0.000011, Reg: 0.000000
Iter 80 of 180 Loss: 0.000009, L1(Flow): 0.000009, Reg: 0.000000
Iter 90 of 180 Loss: 0.000013, L1(Flow): 0.000013, Reg: 0.000000
Iter 100 of 180 Loss: 0.000011, L1(Flow): 0.000011, Reg: 0.000000
Iter 110 of 180 Loss: 0.000009, L1(Flow): 0.000009, Reg: 0.000000
Iter 120 of 180 Loss: 0.000012, L1(Flow): 0.000012, Reg: 0.000000
Iter 130 of 180 Loss: 0.000011, L1(Flow): 0.000011, Reg: 0.000000
Iter 140 of 180 Loss: 0.000009, L1(Flow): 0.000009, Reg: 0.000000
Iter 150 of 180 Loss: 0.000014, L1(Flow): 0.000014, Reg: 0.000000
Iter 160 of 180 Loss: 0.000012, L1(Flow): 0.000012, Reg: 0.000000
Iter 170 of 180 Loss: 0.000009, L1(Flow): 0.000009, Reg: 0.000000
Iter 180 of 180 Loss: 0.000013, L1(Flow): 0.000013, Reg: 0.000000
Epoch 323 Loss: 0.000011
Epoch 323 Validation: Mean EPE: 0.0000, Mean SSIM: 1.0000, Mean ZNCC: 1.0000
Epoch 324 starts
Iter 10 of 180 Loss: 0.000012, L1(Flow): 0.000012, Reg: 0.000000
Iter 20 of 180 Loss: 0.000010, L1(Flow): 0.000010, Reg: 0.000000
Iter 30 of 180 Loss: 0.000013, L1(Flow): 0.000012, Reg: 0.000000
Iter 40 of 180 Loss: 0.000011, L1(Flow): 0.000011, Reg: 0.000000
Iter 50 of 180 Loss: 0.000009, L1(Flow): 0.000009, Reg: 0.000000
Iter 60 of 180 Loss: 0.000013, L1(Flow): 0.000013, Reg: 0.000000
Iter 70 of 180 Loss: 0.000011, L1(Flow): 0.000011, Reg: 0.000000
Iter 80 of 180 Loss: 0.000009, L1(Flow): 0.000009, Reg: 0.000000
Iter 90 of 180 Loss: 0.000013, L1(Flow): 0.000013, Reg: 0.000000
Iter 100 of 180 Loss: 0.000011, L1(Flow): 0.000011, Reg: 0.000000
Iter 110 of 180 Loss: 0.000009, L1(Flow): 0.000009, Reg: 0.000000
Iter 120 of 180 Loss: 0.000012, L1(Flow): 0.000012, Reg: 0.000000
Iter 130 of 180 Loss: 0.000012, L1(Flow): 0.000012, Reg: 0.000000
Iter 140 of 180 Loss: 0.000009, L1(Flow): 0.000009, Reg: 0.000000
Iter 150 of 180 Loss: 0.000012, L1(Flow): 0.000012, Reg: 0.000000
Iter 160 of 180 Loss: 0.000012, L1(Flow): 0.000012, Reg: 0.000000
Iter 170 of 180 Loss: 0.000009, L1(Flow): 0.000009, Reg: 0.000000
Iter 180 of 180 Loss: 0.000013, L1(Flow): 0.000013, Reg: 0.000000
Epoch 324 Loss: 0.000011
Epoch 324 Validation: Mean EPE: 0.0000, Mean SSIM: 1.0000, Mean ZNCC: 1.0000
Epoch 325 starts
Iter 10 of 180 Loss: 0.000012, L1(Flow): 0.000012, Reg: 0.000000
Iter 20 of 180 Loss: 0.000009, L1(Flow): 0.000009, Reg: 0.000000
Iter 30 of 180 Loss: 0.000013, L1(Flow): 0.000013, Reg: 0.000000
Iter 40 of 180 Loss: 0.000012, L1(Flow): 0.000012, Reg: 0.000000
Iter 50 of 180 Loss: 0.000009, L1(Flow): 0.000009, Reg: 0.000000
Iter 60 of 180 Loss: 0.000013, L1(Flow): 0.000013, Reg: 0.000000
Iter 70 of 180 Loss: 0.000011, L1(Flow): 0.000011, Reg: 0.000000
Iter 80 of 180 Loss: 0.000009, L1(Flow): 0.000009, Reg: 0.000000
Iter 90 of 180 Loss: 0.000013, L1(Flow): 0.000013, Reg: 0.000000
Iter 100 of 180 Loss: 0.000011, L1(Flow): 0.000011, Reg: 0.000000
Iter 110 of 180 Loss: 0.000009, L1(Flow): 0.000009, Reg: 0.000000
Iter 120 of 180 Loss: 0.000012, L1(Flow): 0.000012, Reg: 0.000000
Iter 130 of 180 Loss: 0.000011, L1(Flow): 0.000011, Reg: 0.000000
Iter 140 of 180 Loss: 0.000010, L1(Flow): 0.000010, Reg: 0.000000
Iter 150 of 180 Loss: 0.000013, L1(Flow): 0.000013, Reg: 0.000000
Iter 160 of 180 Loss: 0.000011, L1(Flow): 0.000011, Reg: 0.000000
Iter 170 of 180 Loss: 0.000010, L1(Flow): 0.000010, Reg: 0.000000
Iter 180 of 180 Loss: 0.000013, L1(Flow): 0.000013, Reg: 0.000000
Epoch 325 Loss: 0.000011
Epoch 325 Validation: Mean EPE: 0.0000, Mean SSIM: 1.0000, Mean ZNCC: 1.0000
Epoch 326 starts
Iter 10 of 180 Loss: 0.000012, L1(Flow): 0.000012, Reg: 0.000000
Iter 20 of 180 Loss: 0.000009, L1(Flow): 0.000009, Reg: 0.000000
Iter 30 of 180 Loss: 0.000013, L1(Flow): 0.000013, Reg: 0.000000
Iter 40 of 180 Loss: 0.000013, L1(Flow): 0.000013, Reg: 0.000000
Iter 50 of 180 Loss: 0.000009, L1(Flow): 0.000009, Reg: 0.000000
Iter 60 of 180 Loss: 0.000013, L1(Flow): 0.000013, Reg: 0.000000
Iter 70 of 180 Loss: 0.000012, L1(Flow): 0.000012, Reg: 0.000000
Iter 80 of 180 Loss: 0.000009, L1(Flow): 0.000009, Reg: 0.000000
Iter 90 of 180 Loss: 0.000013, L1(Flow): 0.000013, Reg: 0.000000
Iter 100 of 180 Loss: 0.000011, L1(Flow): 0.000011, Reg: 0.000000
Iter 110 of 180 Loss: 0.000009, L1(Flow): 0.000009, Reg: 0.000000
Iter 120 of 180 Loss: 0.000012, L1(Flow): 0.000012, Reg: 0.000000
Iter 130 of 180 Loss: 0.000012, L1(Flow): 0.000012, Reg: 0.000000
Iter 140 of 180 Loss: 0.000010, L1(Flow): 0.000010, Reg: 0.000000
Iter 150 of 180 Loss: 0.000012, L1(Flow): 0.000012, Reg: 0.000000
Iter 160 of 180 Loss: 0.000011, L1(Flow): 0.000011, Reg: 0.000000
Iter 170 of 180 Loss: 0.000009, L1(Flow): 0.000009, Reg: 0.000000
Iter 180 of 180 Loss: 0.000012, L1(Flow): 0.000012, Reg: 0.000000
Epoch 326 Loss: 0.000011
Epoch 326 Validation: Mean EPE: 0.0000, Mean SSIM: 1.0000, Mean ZNCC: 1.0000
Epoch 327 starts
Iter 10 of 180 Loss: 0.000011, L1(Flow): 0.000011, Reg: 0.000000
Iter 20 of 180 Loss: 0.000011, L1(Flow): 0.000011, Reg: 0.000000
Iter 30 of 180 Loss: 0.000012, L1(Flow): 0.000012, Reg: 0.000000
Iter 40 of 180 Loss: 0.000011, L1(Flow): 0.000011, Reg: 0.000000
Iter 50 of 180 Loss: 0.000009, L1(Flow): 0.000009, Reg: 0.000000
Iter 60 of 180 Loss: 0.000012, L1(Flow): 0.000012, Reg: 0.000000
Iter 70 of 180 Loss: 0.000011, L1(Flow): 0.000011, Reg: 0.000000
Iter 80 of 180 Loss: 0.000009, L1(Flow): 0.000009, Reg: 0.000000
Iter 90 of 180 Loss: 0.000012, L1(Flow): 0.000012, Reg: 0.000000
Iter 100 of 180 Loss: 0.000011, L1(Flow): 0.000011, Reg: 0.000000
Iter 110 of 180 Loss: 0.000010, L1(Flow): 0.000010, Reg: 0.000000
Iter 120 of 180 Loss: 0.000012, L1(Flow): 0.000012, Reg: 0.000000
Iter 130 of 180 Loss: 0.000011, L1(Flow): 0.000011, Reg: 0.000000
Iter 140 of 180 Loss: 0.000009, L1(Flow): 0.000009, Reg: 0.000000
Iter 150 of 180 Loss: 0.000012, L1(Flow): 0.000012, Reg: 0.000000
Iter 160 of 180 Loss: 0.000011, L1(Flow): 0.000011, Reg: 0.000000
Iter 170 of 180 Loss: 0.000009, L1(Flow): 0.000009, Reg: 0.000000
Iter 180 of 180 Loss: 0.000013, L1(Flow): 0.000013, Reg: 0.000000
Epoch 327 Loss: 0.000011
Epoch 327 Validation: Mean EPE: 0.0000, Mean SSIM: 1.0000, Mean ZNCC: 1.0000
Epoch 328 starts
Iter 10 of 180 Loss: 0.000011, L1(Flow): 0.000011, Reg: 0.000000
Iter 20 of 180 Loss: 0.000009, L1(Flow): 0.000009, Reg: 0.000000
Iter 30 of 180 Loss: 0.000012, L1(Flow): 0.000012, Reg: 0.000000
Iter 40 of 180 Loss: 0.000011, L1(Flow): 0.000011, Reg: 0.000000
Iter 50 of 180 Loss: 0.000010, L1(Flow): 0.000010, Reg: 0.000000
Iter 60 of 180 Loss: 0.000012, L1(Flow): 0.000012, Reg: 0.000000
Iter 70 of 180 Loss: 0.000012, L1(Flow): 0.000012, Reg: 0.000000
Iter 80 of 180 Loss: 0.000009, L1(Flow): 0.000009, Reg: 0.000000
Iter 90 of 180 Loss: 0.000013, L1(Flow): 0.000013, Reg: 0.000000
Iter 100 of 180 Loss: 0.000011, L1(Flow): 0.000011, Reg: 0.000000
Iter 110 of 180 Loss: 0.000009, L1(Flow): 0.000009, Reg: 0.000000
Iter 120 of 180 Loss: 0.000012, L1(Flow): 0.000012, Reg: 0.000000
Iter 130 of 180 Loss: 0.000011, L1(Flow): 0.000011, Reg: 0.000000
Iter 140 of 180 Loss: 0.000009, L1(Flow): 0.000009, Reg: 0.000000
Iter 150 of 180 Loss: 0.000012, L1(Flow): 0.000012, Reg: 0.000000
Iter 160 of 180 Loss: 0.000012, L1(Flow): 0.000012, Reg: 0.000000
Iter 170 of 180 Loss: 0.000009, L1(Flow): 0.000009, Reg: 0.000000
Iter 180 of 180 Loss: 0.000012, L1(Flow): 0.000012, Reg: 0.000000
Epoch 328 Loss: 0.000011
Epoch 328 Validation: Mean EPE: 0.0000, Mean SSIM: 1.0000, Mean ZNCC: 1.0000
Epoch 329 starts
Iter 10 of 180 Loss: 0.000012, L1(Flow): 0.000012, Reg: 0.000000
Iter 20 of 180 Loss: 0.000009, L1(Flow): 0.000009, Reg: 0.000000
Iter 30 of 180 Loss: 0.000013, L1(Flow): 0.000013, Reg: 0.000000
Iter 40 of 180 Loss: 0.000012, L1(Flow): 0.000012, Reg: 0.000000
Iter 50 of 180 Loss: 0.000010, L1(Flow): 0.000010, Reg: 0.000000
Iter 60 of 180 Loss: 0.000013, L1(Flow): 0.000013, Reg: 0.000000
Iter 70 of 180 Loss: 0.000011, L1(Flow): 0.000011, Reg: 0.000000
Iter 80 of 180 Loss: 0.000009, L1(Flow): 0.000009, Reg: 0.000000
Iter 90 of 180 Loss: 0.000013, L1(Flow): 0.000013, Reg: 0.000000
Iter 100 of 180 Loss: 0.000011, L1(Flow): 0.000011, Reg: 0.000000
Iter 110 of 180 Loss: 0.000009, L1(Flow): 0.000009, Reg: 0.000000
Iter 120 of 180 Loss: 0.000012, L1(Flow): 0.000012, Reg: 0.000000
Iter 130 of 180 Loss: 0.000011, L1(Flow): 0.000011, Reg: 0.000000
Iter 140 of 180 Loss: 0.000009, L1(Flow): 0.000009, Reg: 0.000000
Iter 150 of 180 Loss: 0.000012, L1(Flow): 0.000012, Reg: 0.000000
Iter 160 of 180 Loss: 0.000012, L1(Flow): 0.000012, Reg: 0.000000
Iter 170 of 180 Loss: 0.000009, L1(Flow): 0.000009, Reg: 0.000000
Iter 180 of 180 Loss: 0.000013, L1(Flow): 0.000013, Reg: 0.000000
Epoch 329 Loss: 0.000011
Epoch 329 Validation: Mean EPE: 0.0000, Mean SSIM: 1.0000, Mean ZNCC: 1.0000
Epoch 330 starts
Iter 10 of 180 Loss: 0.000012, L1(Flow): 0.000012, Reg: 0.000000
Iter 20 of 180 Loss: 0.000009, L1(Flow): 0.000009, Reg: 0.000000
Iter 30 of 180 Loss: 0.000013, L1(Flow): 0.000013, Reg: 0.000000
Iter 40 of 180 Loss: 0.000011, L1(Flow): 0.000011, Reg: 0.000000
Iter 50 of 180 Loss: 0.000010, L1(Flow): 0.000010, Reg: 0.000000
Iter 60 of 180 Loss: 0.000012, L1(Flow): 0.000012, Reg: 0.000000
Iter 70 of 180 Loss: 0.000012, L1(Flow): 0.000012, Reg: 0.000000
Iter 80 of 180 Loss: 0.000009, L1(Flow): 0.000009, Reg: 0.000000
Iter 90 of 180 Loss: 0.000012, L1(Flow): 0.000012, Reg: 0.000000
Iter 100 of 180 Loss: 0.000012, L1(Flow): 0.000012, Reg: 0.000000
Iter 110 of 180 Loss: 0.000009, L1(Flow): 0.000009, Reg: 0.000000
Iter 120 of 180 Loss: 0.000013, L1(Flow): 0.000013, Reg: 0.000000
Iter 130 of 180 Loss: 0.000012, L1(Flow): 0.000012, Reg: 0.000000
Iter 140 of 180 Loss: 0.000009, L1(Flow): 0.000009, Reg: 0.000000
Iter 150 of 180 Loss: 0.000013, L1(Flow): 0.000013, Reg: 0.000000
Iter 160 of 180 Loss: 0.000011, L1(Flow): 0.000011, Reg: 0.000000
Iter 170 of 180 Loss: 0.000010, L1(Flow): 0.000010, Reg: 0.000000
Iter 180 of 180 Loss: 0.000012, L1(Flow): 0.000012, Reg: 0.000000
Epoch 330 Loss: 0.000011
Epoch 330 Validation: Mean EPE: 0.0000, Mean SSIM: 1.0000, Mean ZNCC: 1.0000
Epoch 331 starts
Iter 10 of 180 Loss: 0.000011, L1(Flow): 0.000011, Reg: 0.000000
Iter 20 of 180 Loss: 0.000009, L1(Flow): 0.000009, Reg: 0.000000
Iter 30 of 180 Loss: 0.000013, L1(Flow): 0.000013, Reg: 0.000000
Iter 40 of 180 Loss: 0.000012, L1(Flow): 0.000012, Reg: 0.000000
Iter 50 of 180 Loss: 0.000009, L1(Flow): 0.000009, Reg: 0.000000
Iter 60 of 180 Loss: 0.000013, L1(Flow): 0.000013, Reg: 0.000000
Iter 70 of 180 Loss: 0.000011, L1(Flow): 0.000011, Reg: 0.000000
Iter 80 of 180 Loss: 0.000010, L1(Flow): 0.000010, Reg: 0.000000
Iter 90 of 180 Loss: 0.000013, L1(Flow): 0.000013, Reg: 0.000000
Iter 100 of 180 Loss: 0.000011, L1(Flow): 0.000011, Reg: 0.000000
Iter 110 of 180 Loss: 0.000010, L1(Flow): 0.000010, Reg: 0.000000
Iter 120 of 180 Loss: 0.000013, L1(Flow): 0.000013, Reg: 0.000000
Iter 130 of 180 Loss: 0.000012, L1(Flow): 0.000012, Reg: 0.000000
Iter 140 of 180 Loss: 0.000009, L1(Flow): 0.000009, Reg: 0.000000
Iter 150 of 180 Loss: 0.000013, L1(Flow): 0.000013, Reg: 0.000000
Iter 160 of 180 Loss: 0.000011, L1(Flow): 0.000011, Reg: 0.000000
Iter 170 of 180 Loss: 0.000009, L1(Flow): 0.000009, Reg: 0.000000
Iter 180 of 180 Loss: 0.000013, L1(Flow): 0.000013, Reg: 0.000000
Epoch 331 Loss: 0.000011
Epoch 331 Validation: Mean EPE: 0.0000, Mean SSIM: 1.0000, Mean ZNCC: 1.0000
Epoch 332 starts
Iter 10 of 180 Loss: 0.000011, L1(Flow): 0.000011, Reg: 0.000000
Iter 20 of 180 Loss: 0.000009, L1(Flow): 0.000009, Reg: 0.000000
Iter 30 of 180 Loss: 0.000013, L1(Flow): 0.000013, Reg: 0.000000
Iter 40 of 180 Loss: 0.000011, L1(Flow): 0.000011, Reg: 0.000000
Iter 50 of 180 Loss: 0.000009, L1(Flow): 0.000009, Reg: 0.000000
Iter 60 of 180 Loss: 0.000013, L1(Flow): 0.000013, Reg: 0.000000
Iter 70 of 180 Loss: 0.000011, L1(Flow): 0.000011, Reg: 0.000000
Iter 80 of 180 Loss: 0.000009, L1(Flow): 0.000009, Reg: 0.000000
Iter 90 of 180 Loss: 0.000013, L1(Flow): 0.000013, Reg: 0.000000
Iter 100 of 180 Loss: 0.000011, L1(Flow): 0.000011, Reg: 0.000000
Iter 110 of 180 Loss: 0.000009, L1(Flow): 0.000009, Reg: 0.000000
Iter 120 of 180 Loss: 0.000012, L1(Flow): 0.000012, Reg: 0.000000
Iter 130 of 180 Loss: 0.000011, L1(Flow): 0.000011, Reg: 0.000000
Iter 140 of 180 Loss: 0.000009, L1(Flow): 0.000009, Reg: 0.000000
Iter 150 of 180 Loss: 0.000013, L1(Flow): 0.000013, Reg: 0.000000
Iter 160 of 180 Loss: 0.000011, L1(Flow): 0.000011, Reg: 0.000000
Iter 170 of 180 Loss: 0.000009, L1(Flow): 0.000009, Reg: 0.000000
Iter 180 of 180 Loss: 0.000013, L1(Flow): 0.000013, Reg: 0.000000
Epoch 332 Loss: 0.000011
Epoch 332 Validation: Mean EPE: 0.0000, Mean SSIM: 1.0000, Mean ZNCC: 1.0000
Epoch 333 starts
Iter 10 of 180 Loss: 0.000011, L1(Flow): 0.000011, Reg: 0.000000
Iter 20 of 180 Loss: 0.000009, L1(Flow): 0.000009, Reg: 0.000000
Iter 30 of 180 Loss: 0.000013, L1(Flow): 0.000013, Reg: 0.000000
Iter 40 of 180 Loss: 0.000011, L1(Flow): 0.000010, Reg: 0.000000
Iter 50 of 180 Loss: 0.000008, L1(Flow): 0.000008, Reg: 0.000000
Iter 60 of 180 Loss: 0.000012, L1(Flow): 0.000012, Reg: 0.000000
Iter 70 of 180 Loss: 0.000011, L1(Flow): 0.000011, Reg: 0.000000
Iter 80 of 180 Loss: 0.000009, L1(Flow): 0.000009, Reg: 0.000000
Iter 90 of 180 Loss: 0.000012, L1(Flow): 0.000012, Reg: 0.000000
Iter 100 of 180 Loss: 0.000012, L1(Flow): 0.000012, Reg: 0.000000
Iter 110 of 180 Loss: 0.000009, L1(Flow): 0.000009, Reg: 0.000000
Iter 120 of 180 Loss: 0.000012, L1(Flow): 0.000012, Reg: 0.000000
Iter 130 of 180 Loss: 0.000011, L1(Flow): 0.000011, Reg: 0.000000
Iter 140 of 180 Loss: 0.000009, L1(Flow): 0.000009, Reg: 0.000000
Iter 150 of 180 Loss: 0.000012, L1(Flow): 0.000012, Reg: 0.000000
Iter 160 of 180 Loss: 0.000012, L1(Flow): 0.000012, Reg: 0.000000
Iter 170 of 180 Loss: 0.000009, L1(Flow): 0.000009, Reg: 0.000000
Iter 180 of 180 Loss: 0.000013, L1(Flow): 0.000013, Reg: 0.000000
Epoch 333 Loss: 0.000011
Epoch 333 Validation: Mean EPE: 0.0000, Mean SSIM: 1.0000, Mean ZNCC: 1.0000
Epoch 334 starts
Iter 10 of 180 Loss: 0.000011, L1(Flow): 0.000011, Reg: 0.000000
Iter 20 of 180 Loss: 0.000010, L1(Flow): 0.000010, Reg: 0.000000
Iter 30 of 180 Loss: 0.000013, L1(Flow): 0.000013, Reg: 0.000000
Iter 40 of 180 Loss: 0.000012, L1(Flow): 0.000012, Reg: 0.000000
Iter 50 of 180 Loss: 0.000009, L1(Flow): 0.000009, Reg: 0.000000
Iter 60 of 180 Loss: 0.000013, L1(Flow): 0.000013, Reg: 0.000000
Iter 70 of 180 Loss: 0.000012, L1(Flow): 0.000012, Reg: 0.000000
Iter 80 of 180 Loss: 0.000009, L1(Flow): 0.000009, Reg: 0.000000
Iter 90 of 180 Loss: 0.000012, L1(Flow): 0.000012, Reg: 0.000000
Iter 100 of 180 Loss: 0.000012, L1(Flow): 0.000012, Reg: 0.000000
Iter 110 of 180 Loss: 0.000009, L1(Flow): 0.000009, Reg: 0.000000
Iter 120 of 180 Loss: 0.000012, L1(Flow): 0.000012, Reg: 0.000000
Iter 130 of 180 Loss: 0.000011, L1(Flow): 0.000011, Reg: 0.000000
Iter 140 of 180 Loss: 0.000009, L1(Flow): 0.000009, Reg: 0.000000
Iter 150 of 180 Loss: 0.000012, L1(Flow): 0.000012, Reg: 0.000000
Iter 160 of 180 Loss: 0.000011, L1(Flow): 0.000011, Reg: 0.000000
Iter 170 of 180 Loss: 0.000009, L1(Flow): 0.000009, Reg: 0.000000
Iter 180 of 180 Loss: 0.000013, L1(Flow): 0.000013, Reg: 0.000000
Epoch 334 Loss: 0.000011
Epoch 334 Validation: Mean EPE: 0.0000, Mean SSIM: 1.0000, Mean ZNCC: 1.0000
Epoch 335 starts
Iter 10 of 180 Loss: 0.000011, L1(Flow): 0.000011, Reg: 0.000000
Iter 20 of 180 Loss: 0.000009, L1(Flow): 0.000009, Reg: 0.000000
Iter 30 of 180 Loss: 0.000012, L1(Flow): 0.000012, Reg: 0.000000
Iter 40 of 180 Loss: 0.000011, L1(Flow): 0.000011, Reg: 0.000000
Iter 50 of 180 Loss: 0.000009, L1(Flow): 0.000009, Reg: 0.000000
Iter 60 of 180 Loss: 0.000013, L1(Flow): 0.000013, Reg: 0.000000
Iter 70 of 180 Loss: 0.000012, L1(Flow): 0.000012, Reg: 0.000000
Iter 80 of 180 Loss: 0.000010, L1(Flow): 0.000010, Reg: 0.000000
Iter 90 of 180 Loss: 0.000013, L1(Flow): 0.000013, Reg: 0.000000
Iter 100 of 180 Loss: 0.000012, L1(Flow): 0.000012, Reg: 0.000000
Iter 110 of 180 Loss: 0.000009, L1(Flow): 0.000009, Reg: 0.000000
Iter 120 of 180 Loss: 0.000012, L1(Flow): 0.000012, Reg: 0.000000
Iter 130 of 180 Loss: 0.000012, L1(Flow): 0.000012, Reg: 0.000000
Iter 140 of 180 Loss: 0.000009, L1(Flow): 0.000009, Reg: 0.000000
Iter 150 of 180 Loss: 0.000013, L1(Flow): 0.000013, Reg: 0.000000
Iter 160 of 180 Loss: 0.000011, L1(Flow): 0.000011, Reg: 0.000000
Iter 170 of 180 Loss: 0.000010, L1(Flow): 0.000010, Reg: 0.000000
Iter 180 of 180 Loss: 0.000013, L1(Flow): 0.000013, Reg: 0.000000
Epoch 335 Loss: 0.000011
Epoch 335 Validation: Mean EPE: 0.0000, Mean SSIM: 1.0000, Mean ZNCC: 1.0000
Epoch 336 starts
Iter 10 of 180 Loss: 0.000011, L1(Flow): 0.000011, Reg: 0.000000
Iter 20 of 180 Loss: 0.000009, L1(Flow): 0.000009, Reg: 0.000000
Iter 30 of 180 Loss: 0.000013, L1(Flow): 0.000013, Reg: 0.000000
Iter 40 of 180 Loss: 0.000011, L1(Flow): 0.000011, Reg: 0.000000
Iter 50 of 180 Loss: 0.000010, L1(Flow): 0.000010, Reg: 0.000000
Iter 60 of 180 Loss: 0.000013, L1(Flow): 0.000013, Reg: 0.000000
Iter 70 of 180 Loss: 0.000011, L1(Flow): 0.000011, Reg: 0.000000
Iter 80 of 180 Loss: 0.000009, L1(Flow): 0.000009, Reg: 0.000000
Iter 90 of 180 Loss: 0.000013, L1(Flow): 0.000013, Reg: 0.000000
Iter 100 of 180 Loss: 0.000011, L1(Flow): 0.000011, Reg: 0.000000
Iter 110 of 180 Loss: 0.000009, L1(Flow): 0.000009, Reg: 0.000000
Iter 120 of 180 Loss: 0.000014, L1(Flow): 0.000014, Reg: 0.000000
Iter 130 of 180 Loss: 0.000011, L1(Flow): 0.000011, Reg: 0.000000
Iter 140 of 180 Loss: 0.000009, L1(Flow): 0.000009, Reg: 0.000000
Iter 150 of 180 Loss: 0.000013, L1(Flow): 0.000013, Reg: 0.000000
Iter 160 of 180 Loss: 0.000011, L1(Flow): 0.000011, Reg: 0.000000
Iter 170 of 180 Loss: 0.000009, L1(Flow): 0.000009, Reg: 0.000000
Iter 180 of 180 Loss: 0.000013, L1(Flow): 0.000013, Reg: 0.000000
Epoch 336 Loss: 0.000011
Epoch 336 Validation: Mean EPE: 0.0000, Mean SSIM: 1.0000, Mean ZNCC: 1.0000
Epoch 337 starts
Iter 10 of 180 Loss: 0.000011, L1(Flow): 0.000011, Reg: 0.000000
Iter 20 of 180 Loss: 0.000009, L1(Flow): 0.000009, Reg: 0.000000
Iter 30 of 180 Loss: 0.000013, L1(Flow): 0.000013, Reg: 0.000000
Iter 40 of 180 Loss: 0.000011, L1(Flow): 0.000011, Reg: 0.000000
Iter 50 of 180 Loss: 0.000009, L1(Flow): 0.000009, Reg: 0.000000
Iter 60 of 180 Loss: 0.000013, L1(Flow): 0.000013, Reg: 0.000000
Iter 70 of 180 Loss: 0.000011, L1(Flow): 0.000011, Reg: 0.000000
Iter 80 of 180 Loss: 0.000009, L1(Flow): 0.000009, Reg: 0.000000
Iter 90 of 180 Loss: 0.000014, L1(Flow): 0.000014, Reg: 0.000000
Iter 100 of 180 Loss: 0.000010, L1(Flow): 0.000010, Reg: 0.000000
Iter 110 of 180 Loss: 0.000010, L1(Flow): 0.000010, Reg: 0.000000
Iter 120 of 180 Loss: 0.000012, L1(Flow): 0.000012, Reg: 0.000000
Iter 130 of 180 Loss: 0.000011, L1(Flow): 0.000011, Reg: 0.000000
Iter 140 of 180 Loss: 0.000009, L1(Flow): 0.000009, Reg: 0.000000
Iter 150 of 180 Loss: 0.000013, L1(Flow): 0.000013, Reg: 0.000000
Iter 160 of 180 Loss: 0.000011, L1(Flow): 0.000011, Reg: 0.000000
Iter 170 of 180 Loss: 0.000009, L1(Flow): 0.000009, Reg: 0.000000
Iter 180 of 180 Loss: 0.000013, L1(Flow): 0.000013, Reg: 0.000000
Epoch 337 Loss: 0.000011
Epoch 337 Validation: Mean EPE: 0.0000, Mean SSIM: 1.0000, Mean ZNCC: 1.0000
Epoch 338 starts
Iter 10 of 180 Loss: 0.000011, L1(Flow): 0.000011, Reg: 0.000000
Iter 20 of 180 Loss: 0.000010, L1(Flow): 0.000010, Reg: 0.000000
Iter 30 of 180 Loss: 0.000013, L1(Flow): 0.000013, Reg: 0.000000
Iter 40 of 180 Loss: 0.000012, L1(Flow): 0.000012, Reg: 0.000000
Iter 50 of 180 Loss: 0.000009, L1(Flow): 0.000009, Reg: 0.000000
Iter 60 of 180 Loss: 0.000013, L1(Flow): 0.000013, Reg: 0.000000
Iter 70 of 180 Loss: 0.000011, L1(Flow): 0.000011, Reg: 0.000000
Iter 80 of 180 Loss: 0.000010, L1(Flow): 0.000010, Reg: 0.000000
Iter 90 of 180 Loss: 0.000012, L1(Flow): 0.000012, Reg: 0.000000
Iter 100 of 180 Loss: 0.000011, L1(Flow): 0.000011, Reg: 0.000000
Iter 110 of 180 Loss: 0.000009, L1(Flow): 0.000009, Reg: 0.000000
Iter 120 of 180 Loss: 0.000013, L1(Flow): 0.000013, Reg: 0.000000
Iter 130 of 180 Loss: 0.000012, L1(Flow): 0.000012, Reg: 0.000000
Iter 140 of 180 Loss: 0.000009, L1(Flow): 0.000009, Reg: 0.000000
Iter 150 of 180 Loss: 0.000013, L1(Flow): 0.000013, Reg: 0.000000
Iter 160 of 180 Loss: 0.000011, L1(Flow): 0.000011, Reg: 0.000000
Iter 170 of 180 Loss: 0.000009, L1(Flow): 0.000009, Reg: 0.000000
Iter 180 of 180 Loss: 0.000013, L1(Flow): 0.000013, Reg: 0.000000
Epoch 338 Loss: 0.000011
Epoch 338 Validation: Mean EPE: 0.0000, Mean SSIM: 1.0000, Mean ZNCC: 1.0000
Epoch 339 starts
Iter 10 of 180 Loss: 0.000011, L1(Flow): 0.000011, Reg: 0.000000
Iter 20 of 180 Loss: 0.000009, L1(Flow): 0.000009, Reg: 0.000000
Iter 30 of 180 Loss: 0.000014, L1(Flow): 0.000014, Reg: 0.000000
Iter 40 of 180 Loss: 0.000011, L1(Flow): 0.000011, Reg: 0.000000
Iter 50 of 180 Loss: 0.000009, L1(Flow): 0.000009, Reg: 0.000000
Iter 60 of 180 Loss: 0.000013, L1(Flow): 0.000013, Reg: 0.000000
Iter 70 of 180 Loss: 0.000011, L1(Flow): 0.000011, Reg: 0.000000
Iter 80 of 180 Loss: 0.000010, L1(Flow): 0.000010, Reg: 0.000000
Iter 90 of 180 Loss: 0.000014, L1(Flow): 0.000014, Reg: 0.000000
Iter 100 of 180 Loss: 0.000011, L1(Flow): 0.000011, Reg: 0.000000
Iter 110 of 180 Loss: 0.000009, L1(Flow): 0.000009, Reg: 0.000000
Iter 120 of 180 Loss: 0.000013, L1(Flow): 0.000013, Reg: 0.000000
Iter 130 of 180 Loss: 0.000011, L1(Flow): 0.000011, Reg: 0.000000
Iter 140 of 180 Loss: 0.000009, L1(Flow): 0.000009, Reg: 0.000000
Iter 150 of 180 Loss: 0.000013, L1(Flow): 0.000013, Reg: 0.000000
Iter 160 of 180 Loss: 0.000011, L1(Flow): 0.000011, Reg: 0.000000
Iter 170 of 180 Loss: 0.000010, L1(Flow): 0.000010, Reg: 0.000000
Iter 180 of 180 Loss: 0.000013, L1(Flow): 0.000013, Reg: 0.000000
Epoch 339 Loss: 0.000011
Epoch 339 Validation: Mean EPE: 0.0000, Mean SSIM: 1.0000, Mean ZNCC: 1.0000
Epoch 340 starts
Iter 10 of 180 Loss: 0.000011, L1(Flow): 0.000011, Reg: 0.000000
Iter 20 of 180 Loss: 0.000009, L1(Flow): 0.000009, Reg: 0.000000
Iter 30 of 180 Loss: 0.000013, L1(Flow): 0.000013, Reg: 0.000000
Iter 40 of 180 Loss: 0.000011, L1(Flow): 0.000011, Reg: 0.000000
Iter 50 of 180 Loss: 0.000009, L1(Flow): 0.000009, Reg: 0.000000
Iter 60 of 180 Loss: 0.000014, L1(Flow): 0.000014, Reg: 0.000000
Iter 70 of 180 Loss: 0.000011, L1(Flow): 0.000011, Reg: 0.000000
Iter 80 of 180 Loss: 0.000009, L1(Flow): 0.000009, Reg: 0.000000
Iter 90 of 180 Loss: 0.000014, L1(Flow): 0.000014, Reg: 0.000000
Iter 100 of 180 Loss: 0.000011, L1(Flow): 0.000011, Reg: 0.000000
Iter 110 of 180 Loss: 0.000009, L1(Flow): 0.000009, Reg: 0.000000
Iter 120 of 180 Loss: 0.000013, L1(Flow): 0.000013, Reg: 0.000000
Iter 130 of 180 Loss: 0.000011, L1(Flow): 0.000011, Reg: 0.000000
Iter 140 of 180 Loss: 0.000009, L1(Flow): 0.000009, Reg: 0.000000
Iter 150 of 180 Loss: 0.000013, L1(Flow): 0.000013, Reg: 0.000000
Iter 160 of 180 Loss: 0.000011, L1(Flow): 0.000011, Reg: 0.000000
Iter 170 of 180 Loss: 0.000009, L1(Flow): 0.000009, Reg: 0.000000
Iter 180 of 180 Loss: 0.000013, L1(Flow): 0.000013, Reg: 0.000000
Epoch 340 Loss: 0.000011
Epoch 340 Validation: Mean EPE: 0.0000, Mean SSIM: 1.0000, Mean ZNCC: 1.0000
Epoch 341 starts
Iter 10 of 180 Loss: 0.000011, L1(Flow): 0.000011, Reg: 0.000000
Iter 20 of 180 Loss: 0.000009, L1(Flow): 0.000009, Reg: 0.000000
Iter 30 of 180 Loss: 0.000013, L1(Flow): 0.000013, Reg: 0.000000
Iter 40 of 180 Loss: 0.000011, L1(Flow): 0.000011, Reg: 0.000000
Iter 50 of 180 Loss: 0.000009, L1(Flow): 0.000009, Reg: 0.000000
Iter 60 of 180 Loss: 0.000013, L1(Flow): 0.000013, Reg: 0.000000
Iter 70 of 180 Loss: 0.000012, L1(Flow): 0.000012, Reg: 0.000000
Iter 80 of 180 Loss: 0.000010, L1(Flow): 0.000010, Reg: 0.000000
Iter 90 of 180 Loss: 0.000013, L1(Flow): 0.000013, Reg: 0.000000
Iter 100 of 180 Loss: 0.000011, L1(Flow): 0.000011, Reg: 0.000000
Iter 110 of 180 Loss: 0.000010, L1(Flow): 0.000010, Reg: 0.000000
Iter 120 of 180 Loss: 0.000013, L1(Flow): 0.000013, Reg: 0.000000
Iter 130 of 180 Loss: 0.000011, L1(Flow): 0.000011, Reg: 0.000000
Iter 140 of 180 Loss: 0.000009, L1(Flow): 0.000009, Reg: 0.000000
Iter 150 of 180 Loss: 0.000013, L1(Flow): 0.000013, Reg: 0.000000
Iter 160 of 180 Loss: 0.000011, L1(Flow): 0.000011, Reg: 0.000000
Iter 170 of 180 Loss: 0.000009, L1(Flow): 0.000009, Reg: 0.000000
Iter 180 of 180 Loss: 0.000013, L1(Flow): 0.000013, Reg: 0.000000
Epoch 341 Loss: 0.000011
Epoch 341 Validation: Mean EPE: 0.0000, Mean SSIM: 1.0000, Mean ZNCC: 1.0000
Epoch 342 starts
Iter 10 of 180 Loss: 0.000011, L1(Flow): 0.000011, Reg: 0.000000
Iter 20 of 180 Loss: 0.000009, L1(Flow): 0.000009, Reg: 0.000000
Iter 30 of 180 Loss: 0.000013, L1(Flow): 0.000013, Reg: 0.000000
Iter 40 of 180 Loss: 0.000011, L1(Flow): 0.000011, Reg: 0.000000
Iter 50 of 180 Loss: 0.000009, L1(Flow): 0.000009, Reg: 0.000000
Iter 60 of 180 Loss: 0.000013, L1(Flow): 0.000013, Reg: 0.000000
Iter 70 of 180 Loss: 0.000011, L1(Flow): 0.000011, Reg: 0.000000
Iter 80 of 180 Loss: 0.000009, L1(Flow): 0.000009, Reg: 0.000000
Iter 90 of 180 Loss: 0.000013, L1(Flow): 0.000013, Reg: 0.000000
Iter 100 of 180 Loss: 0.000011, L1(Flow): 0.000011, Reg: 0.000000
Iter 110 of 180 Loss: 0.000009, L1(Flow): 0.000009, Reg: 0.000000
Iter 120 of 180 Loss: 0.000013, L1(Flow): 0.000013, Reg: 0.000000
Iter 130 of 180 Loss: 0.000011, L1(Flow): 0.000011, Reg: 0.000000
Iter 140 of 180 Loss: 0.000009, L1(Flow): 0.000009, Reg: 0.000000
Iter 150 of 180 Loss: 0.000013, L1(Flow): 0.000013, Reg: 0.000000
Iter 160 of 180 Loss: 0.000012, L1(Flow): 0.000012, Reg: 0.000000
Iter 170 of 180 Loss: 0.000009, L1(Flow): 0.000009, Reg: 0.000000
Iter 180 of 180 Loss: 0.000012, L1(Flow): 0.000012, Reg: 0.000000
Epoch 342 Loss: 0.000011
Epoch 342 Validation: Mean EPE: 0.0000, Mean SSIM: 1.0000, Mean ZNCC: 1.0000
Epoch 343 starts
Iter 10 of 180 Loss: 0.000011, L1(Flow): 0.000011, Reg: 0.000000
Iter 20 of 180 Loss: 0.000009, L1(Flow): 0.000009, Reg: 0.000000
Iter 30 of 180 Loss: 0.000013, L1(Flow): 0.000013, Reg: 0.000000
Iter 40 of 180 Loss: 0.000011, L1(Flow): 0.000011, Reg: 0.000000
Iter 50 of 180 Loss: 0.000009, L1(Flow): 0.000009, Reg: 0.000000
Iter 60 of 180 Loss: 0.000012, L1(Flow): 0.000012, Reg: 0.000000
Iter 70 of 180 Loss: 0.000011, L1(Flow): 0.000011, Reg: 0.000000
Iter 80 of 180 Loss: 0.000009, L1(Flow): 0.000009, Reg: 0.000000
Iter 90 of 180 Loss: 0.000013, L1(Flow): 0.000013, Reg: 0.000000
Iter 100 of 180 Loss: 0.000011, L1(Flow): 0.000011, Reg: 0.000000
Iter 110 of 180 Loss: 0.000009, L1(Flow): 0.000009, Reg: 0.000000
Iter 120 of 180 Loss: 0.000013, L1(Flow): 0.000013, Reg: 0.000000
Iter 130 of 180 Loss: 0.000011, L1(Flow): 0.000011, Reg: 0.000000
Iter 140 of 180 Loss: 0.000009, L1(Flow): 0.000009, Reg: 0.000000
Iter 150 of 180 Loss: 0.000013, L1(Flow): 0.000013, Reg: 0.000000
Iter 160 of 180 Loss: 0.000011, L1(Flow): 0.000011, Reg: 0.000000
Iter 170 of 180 Loss: 0.000009, L1(Flow): 0.000009, Reg: 0.000000
Iter 180 of 180 Loss: 0.000013, L1(Flow): 0.000013, Reg: 0.000000
Epoch 343 Loss: 0.000011
Epoch 343 Validation: Mean EPE: 0.0000, Mean SSIM: 1.0000, Mean ZNCC: 1.0000
Epoch 344 starts
Iter 10 of 180 Loss: 0.000011, L1(Flow): 0.000011, Reg: 0.000000
Iter 20 of 180 Loss: 0.000009, L1(Flow): 0.000009, Reg: 0.000000
Iter 30 of 180 Loss: 0.000013, L1(Flow): 0.000013, Reg: 0.000000
Iter 40 of 180 Loss: 0.000011, L1(Flow): 0.000011, Reg: 0.000000
Iter 50 of 180 Loss: 0.000009, L1(Flow): 0.000009, Reg: 0.000000
Iter 60 of 180 Loss: 0.000013, L1(Flow): 0.000013, Reg: 0.000000
Iter 70 of 180 Loss: 0.000011, L1(Flow): 0.000011, Reg: 0.000000
Iter 80 of 180 Loss: 0.000010, L1(Flow): 0.000010, Reg: 0.000000
Iter 90 of 180 Loss: 0.000013, L1(Flow): 0.000013, Reg: 0.000000
Iter 100 of 180 Loss: 0.000012, L1(Flow): 0.000012, Reg: 0.000000
Iter 110 of 180 Loss: 0.000009, L1(Flow): 0.000009, Reg: 0.000000
Iter 120 of 180 Loss: 0.000014, L1(Flow): 0.000014, Reg: 0.000000
Iter 130 of 180 Loss: 0.000012, L1(Flow): 0.000012, Reg: 0.000000
Iter 140 of 180 Loss: 0.000009, L1(Flow): 0.000009, Reg: 0.000000
Iter 150 of 180 Loss: 0.000013, L1(Flow): 0.000013, Reg: 0.000000
Iter 160 of 180 Loss: 0.000011, L1(Flow): 0.000011, Reg: 0.000000
Iter 170 of 180 Loss: 0.000009, L1(Flow): 0.000009, Reg: 0.000000
Iter 180 of 180 Loss: 0.000014, L1(Flow): 0.000014, Reg: 0.000000
Epoch 344 Loss: 0.000011
Epoch 344 Validation: Mean EPE: 0.0000, Mean SSIM: 1.0000, Mean ZNCC: 1.0000
Epoch 345 starts
Iter 10 of 180 Loss: 0.000011, L1(Flow): 0.000011, Reg: 0.000000
Iter 20 of 180 Loss: 0.000009, L1(Flow): 0.000009, Reg: 0.000000
Iter 30 of 180 Loss: 0.000012, L1(Flow): 0.000012, Reg: 0.000000
Iter 40 of 180 Loss: 0.000011, L1(Flow): 0.000011, Reg: 0.000000
Iter 50 of 180 Loss: 0.000009, L1(Flow): 0.000009, Reg: 0.000000
Iter 60 of 180 Loss: 0.000013, L1(Flow): 0.000013, Reg: 0.000000
Iter 70 of 180 Loss: 0.000011, L1(Flow): 0.000011, Reg: 0.000000
Iter 80 of 180 Loss: 0.000010, L1(Flow): 0.000010, Reg: 0.000000
Iter 90 of 180 Loss: 0.000013, L1(Flow): 0.000013, Reg: 0.000000
Iter 100 of 180 Loss: 0.000011, L1(Flow): 0.000011, Reg: 0.000000
Iter 110 of 180 Loss: 0.000009, L1(Flow): 0.000009, Reg: 0.000000
Iter 120 of 180 Loss: 0.000012, L1(Flow): 0.000012, Reg: 0.000000
Iter 130 of 180 Loss: 0.000011, L1(Flow): 0.000011, Reg: 0.000000
Iter 140 of 180 Loss: 0.000009, L1(Flow): 0.000009, Reg: 0.000000
Iter 150 of 180 Loss: 0.000013, L1(Flow): 0.000013, Reg: 0.000000
Iter 160 of 180 Loss: 0.000011, L1(Flow): 0.000011, Reg: 0.000000
Iter 170 of 180 Loss: 0.000009, L1(Flow): 0.000009, Reg: 0.000000
Iter 180 of 180 Loss: 0.000013, L1(Flow): 0.000013, Reg: 0.000000
Epoch 345 Loss: 0.000011
Epoch 345 Validation: Mean EPE: 0.0000, Mean SSIM: 1.0000, Mean ZNCC: 1.0000
Epoch 346 starts
Iter 10 of 180 Loss: 0.000011, L1(Flow): 0.000011, Reg: 0.000000
Iter 20 of 180 Loss: 0.000009, L1(Flow): 0.000009, Reg: 0.000000
Iter 30 of 180 Loss: 0.000013, L1(Flow): 0.000013, Reg: 0.000000
Iter 40 of 180 Loss: 0.000011, L1(Flow): 0.000011, Reg: 0.000000
Iter 50 of 180 Loss: 0.000010, L1(Flow): 0.000010, Reg: 0.000000
Iter 60 of 180 Loss: 0.000013, L1(Flow): 0.000013, Reg: 0.000000
Iter 70 of 180 Loss: 0.000011, L1(Flow): 0.000011, Reg: 0.000000
Iter 80 of 180 Loss: 0.000009, L1(Flow): 0.000009, Reg: 0.000000
Iter 90 of 180 Loss: 0.000013, L1(Flow): 0.000013, Reg: 0.000000
Iter 100 of 180 Loss: 0.000011, L1(Flow): 0.000011, Reg: 0.000000
Iter 110 of 180 Loss: 0.000009, L1(Flow): 0.000009, Reg: 0.000000
Iter 120 of 180 Loss: 0.000013, L1(Flow): 0.000013, Reg: 0.000000
Iter 130 of 180 Loss: 0.000011, L1(Flow): 0.000011, Reg: 0.000000
Iter 140 of 180 Loss: 0.000009, L1(Flow): 0.000009, Reg: 0.000000
Iter 150 of 180 Loss: 0.000013, L1(Flow): 0.000013, Reg: 0.000000
Iter 160 of 180 Loss: 0.000011, L1(Flow): 0.000011, Reg: 0.000000
Iter 170 of 180 Loss: 0.000010, L1(Flow): 0.000010, Reg: 0.000000
Iter 180 of 180 Loss: 0.000014, L1(Flow): 0.000014, Reg: 0.000000
Epoch 346 Loss: 0.000011
Epoch 346 Validation: Mean EPE: 0.0000, Mean SSIM: 1.0000, Mean ZNCC: 1.0000
Epoch 347 starts
Iter 10 of 180 Loss: 0.000011, L1(Flow): 0.000011, Reg: 0.000000
Iter 20 of 180 Loss: 0.000010, L1(Flow): 0.000010, Reg: 0.000000
Iter 30 of 180 Loss: 0.000013, L1(Flow): 0.000013, Reg: 0.000000
Iter 40 of 180 Loss: 0.000011, L1(Flow): 0.000011, Reg: 0.000000
Iter 50 of 180 Loss: 0.000009, L1(Flow): 0.000009, Reg: 0.000000
Iter 60 of 180 Loss: 0.000013, L1(Flow): 0.000013, Reg: 0.000000
Iter 70 of 180 Loss: 0.000010, L1(Flow): 0.000010, Reg: 0.000000
Iter 80 of 180 Loss: 0.000009, L1(Flow): 0.000009, Reg: 0.000000
Iter 90 of 180 Loss: 0.000013, L1(Flow): 0.000013, Reg: 0.000000
Iter 100 of 180 Loss: 0.000011, L1(Flow): 0.000011, Reg: 0.000000
Iter 110 of 180 Loss: 0.000010, L1(Flow): 0.000010, Reg: 0.000000
Iter 120 of 180 Loss: 0.000013, L1(Flow): 0.000013, Reg: 0.000000
Iter 130 of 180 Loss: 0.000011, L1(Flow): 0.000011, Reg: 0.000000
Iter 140 of 180 Loss: 0.000009, L1(Flow): 0.000009, Reg: 0.000000
Iter 150 of 180 Loss: 0.000014, L1(Flow): 0.000014, Reg: 0.000000
Iter 160 of 180 Loss: 0.000011, L1(Flow): 0.000011, Reg: 0.000000
Iter 170 of 180 Loss: 0.000009, L1(Flow): 0.000009, Reg: 0.000000
Iter 180 of 180 Loss: 0.000013, L1(Flow): 0.000013, Reg: 0.000000
Epoch 347 Loss: 0.000011
Epoch 347 Validation: Mean EPE: 0.0000, Mean SSIM: 1.0000, Mean ZNCC: 1.0000
Epoch 348 starts
Iter 10 of 180 Loss: 0.000011, L1(Flow): 0.000011, Reg: 0.000000
Iter 20 of 180 Loss: 0.000009, L1(Flow): 0.000009, Reg: 0.000000
Iter 30 of 180 Loss: 0.000013, L1(Flow): 0.000013, Reg: 0.000000
Iter 40 of 180 Loss: 0.000011, L1(Flow): 0.000011, Reg: 0.000000
Iter 50 of 180 Loss: 0.000009, L1(Flow): 0.000009, Reg: 0.000000
Iter 60 of 180 Loss: 0.000012, L1(Flow): 0.000012, Reg: 0.000000
Iter 70 of 180 Loss: 0.000011, L1(Flow): 0.000011, Reg: 0.000000
Iter 80 of 180 Loss: 0.000009, L1(Flow): 0.000009, Reg: 0.000000
Iter 90 of 180 Loss: 0.000013, L1(Flow): 0.000013, Reg: 0.000000
Iter 100 of 180 Loss: 0.000011, L1(Flow): 0.000011, Reg: 0.000000
Iter 110 of 180 Loss: 0.000009, L1(Flow): 0.000009, Reg: 0.000000
Iter 120 of 180 Loss: 0.000013, L1(Flow): 0.000013, Reg: 0.000000
Iter 130 of 180 Loss: 0.000011, L1(Flow): 0.000011, Reg: 0.000000
Iter 140 of 180 Loss: 0.000009, L1(Flow): 0.000009, Reg: 0.000000
Iter 150 of 180 Loss: 0.000012, L1(Flow): 0.000012, Reg: 0.000000
Iter 160 of 180 Loss: 0.000011, L1(Flow): 0.000011, Reg: 0.000000
Iter 170 of 180 Loss: 0.000009, L1(Flow): 0.000009, Reg: 0.000000
Iter 180 of 180 Loss: 0.000012, L1(Flow): 0.000012, Reg: 0.000000
Epoch 348 Loss: 0.000011
Epoch 348 Validation: Mean EPE: 0.0000, Mean SSIM: 1.0000, Mean ZNCC: 1.0000
Epoch 349 starts
Iter 10 of 180 Loss: 0.000012, L1(Flow): 0.000012, Reg: 0.000000
Iter 20 of 180 Loss: 0.000009, L1(Flow): 0.000009, Reg: 0.000000
Iter 30 of 180 Loss: 0.000013, L1(Flow): 0.000013, Reg: 0.000000
Iter 40 of 180 Loss: 0.000012, L1(Flow): 0.000012, Reg: 0.000000
Iter 50 of 180 Loss: 0.000009, L1(Flow): 0.000009, Reg: 0.000000
Iter 60 of 180 Loss: 0.000013, L1(Flow): 0.000013, Reg: 0.000000
Iter 70 of 180 Loss: 0.000011, L1(Flow): 0.000011, Reg: 0.000000
Iter 80 of 180 Loss: 0.000009, L1(Flow): 0.000009, Reg: 0.000000
Iter 90 of 180 Loss: 0.000012, L1(Flow): 0.000012, Reg: 0.000000
Iter 100 of 180 Loss: 0.000011, L1(Flow): 0.000011, Reg: 0.000000
Iter 110 of 180 Loss: 0.000010, L1(Flow): 0.000010, Reg: 0.000000
Iter 120 of 180 Loss: 0.000013, L1(Flow): 0.000013, Reg: 0.000000
Iter 130 of 180 Loss: 0.000011, L1(Flow): 0.000011, Reg: 0.000000
Iter 140 of 180 Loss: 0.000009, L1(Flow): 0.000009, Reg: 0.000000
Iter 150 of 180 Loss: 0.000013, L1(Flow): 0.000013, Reg: 0.000000
Iter 160 of 180 Loss: 0.000011, L1(Flow): 0.000011, Reg: 0.000000
Iter 170 of 180 Loss: 0.000009, L1(Flow): 0.000009, Reg: 0.000000
Iter 180 of 180 Loss: 0.000013, L1(Flow): 0.000013, Reg: 0.000000
Epoch 349 Loss: 0.000011
Epoch 349 Validation: Mean EPE: 0.0000, Mean SSIM: 1.0000, Mean ZNCC: 1.0000
Epoch 350 starts
Iter 10 of 180 Loss: 0.000011, L1(Flow): 0.000011, Reg: 0.000000
Iter 20 of 180 Loss: 0.000009, L1(Flow): 0.000009, Reg: 0.000000
Iter 30 of 180 Loss: 0.000013, L1(Flow): 0.000013, Reg: 0.000000
Iter 40 of 180 Loss: 0.000011, L1(Flow): 0.000011, Reg: 0.000000
Iter 50 of 180 Loss: 0.000009, L1(Flow): 0.000009, Reg: 0.000000
Iter 60 of 180 Loss: 0.000013, L1(Flow): 0.000013, Reg: 0.000000
Iter 70 of 180 Loss: 0.000011, L1(Flow): 0.000011, Reg: 0.000000
Iter 80 of 180 Loss: 0.000009, L1(Flow): 0.000009, Reg: 0.000000
Iter 90 of 180 Loss: 0.000013, L1(Flow): 0.000013, Reg: 0.000000
Iter 100 of 180 Loss: 0.000011, L1(Flow): 0.000011, Reg: 0.000000
Iter 110 of 180 Loss: 0.000010, L1(Flow): 0.000010, Reg: 0.000000
Iter 120 of 180 Loss: 0.000013, L1(Flow): 0.000013, Reg: 0.000000
Iter 130 of 180 Loss: 0.000012, L1(Flow): 0.000012, Reg: 0.000000
Iter 140 of 180 Loss: 0.000009, L1(Flow): 0.000009, Reg: 0.000000
Iter 150 of 180 Loss: 0.000013, L1(Flow): 0.000013, Reg: 0.000000
Iter 160 of 180 Loss: 0.000011, L1(Flow): 0.000011, Reg: 0.000000
Iter 170 of 180 Loss: 0.000009, L1(Flow): 0.000009, Reg: 0.000000
Iter 180 of 180 Loss: 0.000013, L1(Flow): 0.000013, Reg: 0.000000
Epoch 350 Loss: 0.000011
Epoch 350 Validation: Mean EPE: 0.0000, Mean SSIM: 1.0000, Mean ZNCC: 1.0000
Epoch 351 starts
Iter 10 of 180 Loss: 0.000011, L1(Flow): 0.000011, Reg: 0.000000
Iter 20 of 180 Loss: 0.000009, L1(Flow): 0.000009, Reg: 0.000000
Iter 30 of 180 Loss: 0.000013, L1(Flow): 0.000013, Reg: 0.000000
Iter 40 of 180 Loss: 0.000011, L1(Flow): 0.000011, Reg: 0.000000
Iter 50 of 180 Loss: 0.000009, L1(Flow): 0.000009, Reg: 0.000000
Iter 60 of 180 Loss: 0.000013, L1(Flow): 0.000013, Reg: 0.000000
Iter 70 of 180 Loss: 0.000011, L1(Flow): 0.000011, Reg: 0.000000
Iter 80 of 180 Loss: 0.000009, L1(Flow): 0.000009, Reg: 0.000000
Iter 90 of 180 Loss: 0.000013, L1(Flow): 0.000013, Reg: 0.000000
Iter 100 of 180 Loss: 0.000011, L1(Flow): 0.000011, Reg: 0.000000
Iter 110 of 180 Loss: 0.000010, L1(Flow): 0.000010, Reg: 0.000000
Iter 120 of 180 Loss: 0.000013, L1(Flow): 0.000013, Reg: 0.000000
Iter 130 of 180 Loss: 0.000011, L1(Flow): 0.000011, Reg: 0.000000
Iter 140 of 180 Loss: 0.000009, L1(Flow): 0.000009, Reg: 0.000000
Iter 150 of 180 Loss: 0.000012, L1(Flow): 0.000012, Reg: 0.000000
Iter 160 of 180 Loss: 0.000011, L1(Flow): 0.000011, Reg: 0.000000
Iter 170 of 180 Loss: 0.000009, L1(Flow): 0.000009, Reg: 0.000000
Iter 180 of 180 Loss: 0.000012, L1(Flow): 0.000012, Reg: 0.000000
Epoch 351 Loss: 0.000011
Epoch 351 Validation: Mean EPE: 0.0000, Mean SSIM: 1.0000, Mean ZNCC: 1.0000
Epoch 352 starts
Iter 10 of 180 Loss: 0.000011, L1(Flow): 0.000011, Reg: 0.000000
Iter 20 of 180 Loss: 0.000009, L1(Flow): 0.000009, Reg: 0.000000
Iter 30 of 180 Loss: 0.000013, L1(Flow): 0.000013, Reg: 0.000000
Iter 40 of 180 Loss: 0.000011, L1(Flow): 0.000011, Reg: 0.000000
Iter 50 of 180 Loss: 0.000010, L1(Flow): 0.000010, Reg: 0.000000
Iter 60 of 180 Loss: 0.000013, L1(Flow): 0.000013, Reg: 0.000000
Iter 70 of 180 Loss: 0.000011, L1(Flow): 0.000011, Reg: 0.000000
Iter 80 of 180 Loss: 0.000009, L1(Flow): 0.000009, Reg: 0.000000
Iter 90 of 180 Loss: 0.000013, L1(Flow): 0.000013, Reg: 0.000000
Iter 100 of 180 Loss: 0.000011, L1(Flow): 0.000011, Reg: 0.000000
Iter 110 of 180 Loss: 0.000009, L1(Flow): 0.000009, Reg: 0.000000
Iter 120 of 180 Loss: 0.000014, L1(Flow): 0.000014, Reg: 0.000000
Iter 130 of 180 Loss: 0.000011, L1(Flow): 0.000011, Reg: 0.000000
Iter 140 of 180 Loss: 0.000008, L1(Flow): 0.000008, Reg: 0.000000
Iter 150 of 180 Loss: 0.000012, L1(Flow): 0.000012, Reg: 0.000000
Iter 160 of 180 Loss: 0.000011, L1(Flow): 0.000011, Reg: 0.000000
Iter 170 of 180 Loss: 0.000009, L1(Flow): 0.000009, Reg: 0.000000
Iter 180 of 180 Loss: 0.000012, L1(Flow): 0.000012, Reg: 0.000000
Epoch 352 Loss: 0.000011
Epoch 352 Validation: Mean EPE: 0.0000, Mean SSIM: 1.0000, Mean ZNCC: 1.0000
Epoch 353 starts
Iter 10 of 180 Loss: 0.000011, L1(Flow): 0.000011, Reg: 0.000000
Iter 20 of 180 Loss: 0.000010, L1(Flow): 0.000010, Reg: 0.000000
Iter 30 of 180 Loss: 0.000014, L1(Flow): 0.000014, Reg: 0.000000
Iter 40 of 180 Loss: 0.000011, L1(Flow): 0.000011, Reg: 0.000000
Iter 50 of 180 Loss: 0.000009, L1(Flow): 0.000009, Reg: 0.000000
Iter 60 of 180 Loss: 0.000013, L1(Flow): 0.000013, Reg: 0.000000
Iter 70 of 180 Loss: 0.000011, L1(Flow): 0.000011, Reg: 0.000000
Iter 80 of 180 Loss: 0.000009, L1(Flow): 0.000009, Reg: 0.000000
Iter 90 of 180 Loss: 0.000013, L1(Flow): 0.000013, Reg: 0.000000
Iter 100 of 180 Loss: 0.000011, L1(Flow): 0.000011, Reg: 0.000000
Iter 110 of 180 Loss: 0.000009, L1(Flow): 0.000009, Reg: 0.000000
Iter 120 of 180 Loss: 0.000014, L1(Flow): 0.000014, Reg: 0.000000
Iter 130 of 180 Loss: 0.000011, L1(Flow): 0.000011, Reg: 0.000000
Iter 140 of 180 Loss: 0.000008, L1(Flow): 0.000008, Reg: 0.000000
Iter 150 of 180 Loss: 0.000014, L1(Flow): 0.000014, Reg: 0.000000
Iter 160 of 180 Loss: 0.000011, L1(Flow): 0.000010, Reg: 0.000000
Iter 170 of 180 Loss: 0.000009, L1(Flow): 0.000009, Reg: 0.000000
Iter 180 of 180 Loss: 0.000013, L1(Flow): 0.000013, Reg: 0.000000
Epoch 353 Loss: 0.000011
Epoch 353 Validation: Mean EPE: 0.0000, Mean SSIM: 1.0000, Mean ZNCC: 1.0000
Epoch 354 starts
Iter 10 of 180 Loss: 0.000011, L1(Flow): 0.000011, Reg: 0.000000
Iter 20 of 180 Loss: 0.000009, L1(Flow): 0.000009, Reg: 0.000000
Iter 30 of 180 Loss: 0.000013, L1(Flow): 0.000013, Reg: 0.000000
Iter 40 of 180 Loss: 0.000012, L1(Flow): 0.000012, Reg: 0.000000
Iter 50 of 180 Loss: 0.000009, L1(Flow): 0.000009, Reg: 0.000000
Iter 60 of 180 Loss: 0.000013, L1(Flow): 0.000013, Reg: 0.000000
Iter 70 of 180 Loss: 0.000012, L1(Flow): 0.000012, Reg: 0.000000
Iter 80 of 180 Loss: 0.000009, L1(Flow): 0.000009, Reg: 0.000000
Iter 90 of 180 Loss: 0.000013, L1(Flow): 0.000013, Reg: 0.000000
Iter 100 of 180 Loss: 0.000011, L1(Flow): 0.000011, Reg: 0.000000
Iter 110 of 180 Loss: 0.000009, L1(Flow): 0.000009, Reg: 0.000000
Iter 120 of 180 Loss: 0.000014, L1(Flow): 0.000014, Reg: 0.000000
Iter 130 of 180 Loss: 0.000011, L1(Flow): 0.000011, Reg: 0.000000
Iter 140 of 180 Loss: 0.000009, L1(Flow): 0.000009, Reg: 0.000000
Iter 150 of 180 Loss: 0.000013, L1(Flow): 0.000013, Reg: 0.000000
Iter 160 of 180 Loss: 0.000011, L1(Flow): 0.000011, Reg: 0.000000
Iter 170 of 180 Loss: 0.000009, L1(Flow): 0.000009, Reg: 0.000000
Iter 180 of 180 Loss: 0.000013, L1(Flow): 0.000013, Reg: 0.000000
Epoch 354 Loss: 0.000011
Epoch 354 Validation: Mean EPE: 0.0000, Mean SSIM: 1.0000, Mean ZNCC: 1.0000
Epoch 355 starts
Iter 10 of 180 Loss: 0.000011, L1(Flow): 0.000011, Reg: 0.000000
Iter 20 of 180 Loss: 0.000009, L1(Flow): 0.000009, Reg: 0.000000
Iter 30 of 180 Loss: 0.000013, L1(Flow): 0.000013, Reg: 0.000000
Iter 40 of 180 Loss: 0.000011, L1(Flow): 0.000011, Reg: 0.000000
Iter 50 of 180 Loss: 0.000009, L1(Flow): 0.000009, Reg: 0.000000
Iter 60 of 180 Loss: 0.000013, L1(Flow): 0.000013, Reg: 0.000000
Iter 70 of 180 Loss: 0.000011, L1(Flow): 0.000011, Reg: 0.000000
Iter 80 of 180 Loss: 0.000009, L1(Flow): 0.000009, Reg: 0.000000
Iter 90 of 180 Loss: 0.000012, L1(Flow): 0.000012, Reg: 0.000000
Iter 100 of 180 Loss: 0.000012, L1(Flow): 0.000012, Reg: 0.000000
Iter 110 of 180 Loss: 0.000009, L1(Flow): 0.000009, Reg: 0.000000
Iter 120 of 180 Loss: 0.000013, L1(Flow): 0.000013, Reg: 0.000000
Iter 130 of 180 Loss: 0.000011, L1(Flow): 0.000011, Reg: 0.000000
Iter 140 of 180 Loss: 0.000009, L1(Flow): 0.000009, Reg: 0.000000
Iter 150 of 180 Loss: 0.000012, L1(Flow): 0.000012, Reg: 0.000000
Iter 160 of 180 Loss: 0.000012, L1(Flow): 0.000012, Reg: 0.000000
Iter 170 of 180 Loss: 0.000010, L1(Flow): 0.000010, Reg: 0.000000
Iter 180 of 180 Loss: 0.000013, L1(Flow): 0.000013, Reg: 0.000000
Epoch 355 Loss: 0.000011
Epoch 355 Validation: Mean EPE: 0.0000, Mean SSIM: 1.0000, Mean ZNCC: 1.0000
Epoch 356 starts
Iter 10 of 180 Loss: 0.000011, L1(Flow): 0.000011, Reg: 0.000000
Iter 20 of 180 Loss: 0.000009, L1(Flow): 0.000009, Reg: 0.000000
Iter 30 of 180 Loss: 0.000013, L1(Flow): 0.000013, Reg: 0.000000
Iter 40 of 180 Loss: 0.000011, L1(Flow): 0.000011, Reg: 0.000000
Iter 50 of 180 Loss: 0.000010, L1(Flow): 0.000010, Reg: 0.000000
Iter 60 of 180 Loss: 0.000013, L1(Flow): 0.000013, Reg: 0.000000
Iter 70 of 180 Loss: 0.000011, L1(Flow): 0.000011, Reg: 0.000000
Iter 80 of 180 Loss: 0.000009, L1(Flow): 0.000009, Reg: 0.000000
Iter 90 of 180 Loss: 0.000013, L1(Flow): 0.000013, Reg: 0.000000
Iter 100 of 180 Loss: 0.000012, L1(Flow): 0.000012, Reg: 0.000000
Iter 110 of 180 Loss: 0.000009, L1(Flow): 0.000009, Reg: 0.000000
Iter 120 of 180 Loss: 0.000012, L1(Flow): 0.000012, Reg: 0.000000
Iter 130 of 180 Loss: 0.000011, L1(Flow): 0.000011, Reg: 0.000000
Iter 140 of 180 Loss: 0.000009, L1(Flow): 0.000009, Reg: 0.000000
Iter 150 of 180 Loss: 0.000013, L1(Flow): 0.000013, Reg: 0.000000
Iter 160 of 180 Loss: 0.000011, L1(Flow): 0.000011, Reg: 0.000000
Iter 170 of 180 Loss: 0.000009, L1(Flow): 0.000009, Reg: 0.000000
Iter 180 of 180 Loss: 0.000013, L1(Flow): 0.000013, Reg: 0.000000
Epoch 356 Loss: 0.000011
Epoch 356 Validation: Mean EPE: 0.0000, Mean SSIM: 1.0000, Mean ZNCC: 1.0000
Epoch 357 starts
Iter 10 of 180 Loss: 0.000011, L1(Flow): 0.000011, Reg: 0.000000
Iter 20 of 180 Loss: 0.000009, L1(Flow): 0.000009, Reg: 0.000000
Iter 30 of 180 Loss: 0.000013, L1(Flow): 0.000013, Reg: 0.000000
Iter 40 of 180 Loss: 0.000011, L1(Flow): 0.000011, Reg: 0.000000
Iter 50 of 180 Loss: 0.000009, L1(Flow): 0.000009, Reg: 0.000000
Iter 60 of 180 Loss: 0.000013, L1(Flow): 0.000013, Reg: 0.000000
Iter 70 of 180 Loss: 0.000011, L1(Flow): 0.000011, Reg: 0.000000
Iter 80 of 180 Loss: 0.000010, L1(Flow): 0.000010, Reg: 0.000000
Iter 90 of 180 Loss: 0.000013, L1(Flow): 0.000013, Reg: 0.000000
Iter 100 of 180 Loss: 0.000011, L1(Flow): 0.000011, Reg: 0.000000
Iter 110 of 180 Loss: 0.000009, L1(Flow): 0.000009, Reg: 0.000000
Iter 120 of 180 Loss: 0.000012, L1(Flow): 0.000012, Reg: 0.000000
Iter 130 of 180 Loss: 0.000011, L1(Flow): 0.000011, Reg: 0.000000
Iter 140 of 180 Loss: 0.000009, L1(Flow): 0.000009, Reg: 0.000000
Iter 150 of 180 Loss: 0.000012, L1(Flow): 0.000012, Reg: 0.000000
Iter 160 of 180 Loss: 0.000011, L1(Flow): 0.000011, Reg: 0.000000
Iter 170 of 180 Loss: 0.000009, L1(Flow): 0.000009, Reg: 0.000000
Iter 180 of 180 Loss: 0.000013, L1(Flow): 0.000013, Reg: 0.000000
Epoch 357 Loss: 0.000011
Epoch 357 Validation: Mean EPE: 0.0000, Mean SSIM: 1.0000, Mean ZNCC: 1.0000
Epoch 358 starts
Iter 10 of 180 Loss: 0.000011, L1(Flow): 0.000011, Reg: 0.000000
Iter 20 of 180 Loss: 0.000009, L1(Flow): 0.000009, Reg: 0.000000
Iter 30 of 180 Loss: 0.000013, L1(Flow): 0.000013, Reg: 0.000000
Iter 40 of 180 Loss: 0.000012, L1(Flow): 0.000012, Reg: 0.000000
Iter 50 of 180 Loss: 0.000008, L1(Flow): 0.000008, Reg: 0.000000
Iter 60 of 180 Loss: 0.000013, L1(Flow): 0.000013, Reg: 0.000000
Iter 70 of 180 Loss: 0.000011, L1(Flow): 0.000011, Reg: 0.000000
Iter 80 of 180 Loss: 0.000009, L1(Flow): 0.000009, Reg: 0.000000
Iter 90 of 180 Loss: 0.000013, L1(Flow): 0.000013, Reg: 0.000000
Iter 100 of 180 Loss: 0.000011, L1(Flow): 0.000011, Reg: 0.000000
Iter 110 of 180 Loss: 0.000009, L1(Flow): 0.000009, Reg: 0.000000
Iter 120 of 180 Loss: 0.000013, L1(Flow): 0.000013, Reg: 0.000000
Iter 130 of 180 Loss: 0.000012, L1(Flow): 0.000012, Reg: 0.000000
Iter 140 of 180 Loss: 0.000009, L1(Flow): 0.000009, Reg: 0.000000
Iter 150 of 180 Loss: 0.000013, L1(Flow): 0.000013, Reg: 0.000000
Iter 160 of 180 Loss: 0.000011, L1(Flow): 0.000011, Reg: 0.000000
Iter 170 of 180 Loss: 0.000010, L1(Flow): 0.000010, Reg: 0.000000
Iter 180 of 180 Loss: 0.000012, L1(Flow): 0.000012, Reg: 0.000000
Epoch 358 Loss: 0.000011
Epoch 358 Validation: Mean EPE: 0.0000, Mean SSIM: 1.0000, Mean ZNCC: 1.0000
Epoch 359 starts
Iter 10 of 180 Loss: 0.000011, L1(Flow): 0.000011, Reg: 0.000000
Iter 20 of 180 Loss: 0.000008, L1(Flow): 0.000008, Reg: 0.000000
Iter 30 of 180 Loss: 0.000012, L1(Flow): 0.000012, Reg: 0.000000
Iter 40 of 180 Loss: 0.000011, L1(Flow): 0.000011, Reg: 0.000000
Iter 50 of 180 Loss: 0.000008, L1(Flow): 0.000008, Reg: 0.000000
Iter 60 of 180 Loss: 0.000013, L1(Flow): 0.000013, Reg: 0.000000
Iter 70 of 180 Loss: 0.000012, L1(Flow): 0.000012, Reg: 0.000000
Iter 80 of 180 Loss: 0.000009, L1(Flow): 0.000009, Reg: 0.000000
Iter 90 of 180 Loss: 0.000013, L1(Flow): 0.000013, Reg: 0.000000
Iter 100 of 180 Loss: 0.000011, L1(Flow): 0.000011, Reg: 0.000000
Iter 110 of 180 Loss: 0.000009, L1(Flow): 0.000009, Reg: 0.000000
Iter 120 of 180 Loss: 0.000013, L1(Flow): 0.000013, Reg: 0.000000
Iter 130 of 180 Loss: 0.000011, L1(Flow): 0.000011, Reg: 0.000000
Iter 140 of 180 Loss: 0.000009, L1(Flow): 0.000009, Reg: 0.000000
Iter 150 of 180 Loss: 0.000012, L1(Flow): 0.000012, Reg: 0.000000
Iter 160 of 180 Loss: 0.000012, L1(Flow): 0.000012, Reg: 0.000000
Iter 170 of 180 Loss: 0.000009, L1(Flow): 0.000009, Reg: 0.000000
Iter 180 of 180 Loss: 0.000013, L1(Flow): 0.000013, Reg: 0.000000
Epoch 359 Loss: 0.000011
Epoch 359 Validation: Mean EPE: 0.0000, Mean SSIM: 1.0000, Mean ZNCC: 1.0000
Epoch 360 starts
Iter 10 of 180 Loss: 0.000011, L1(Flow): 0.000011, Reg: 0.000000
Iter 20 of 180 Loss: 0.000009, L1(Flow): 0.000009, Reg: 0.000000
Iter 30 of 180 Loss: 0.000013, L1(Flow): 0.000013, Reg: 0.000000
Iter 40 of 180 Loss: 0.000011, L1(Flow): 0.000011, Reg: 0.000000
Iter 50 of 180 Loss: 0.000008, L1(Flow): 0.000008, Reg: 0.000000
Iter 60 of 180 Loss: 0.000012, L1(Flow): 0.000012, Reg: 0.000000
Iter 70 of 180 Loss: 0.000011, L1(Flow): 0.000011, Reg: 0.000000
Iter 80 of 180 Loss: 0.000009, L1(Flow): 0.000009, Reg: 0.000000
Iter 90 of 180 Loss: 0.000012, L1(Flow): 0.000012, Reg: 0.000000
Iter 100 of 180 Loss: 0.000011, L1(Flow): 0.000011, Reg: 0.000000
Iter 110 of 180 Loss: 0.000009, L1(Flow): 0.000009, Reg: 0.000000
Iter 120 of 180 Loss: 0.000012, L1(Flow): 0.000012, Reg: 0.000000
Iter 130 of 180 Loss: 0.000012, L1(Flow): 0.000012, Reg: 0.000000
Iter 140 of 180 Loss: 0.000009, L1(Flow): 0.000009, Reg: 0.000000
Iter 150 of 180 Loss: 0.000012, L1(Flow): 0.000012, Reg: 0.000000
Iter 160 of 180 Loss: 0.000012, L1(Flow): 0.000012, Reg: 0.000000
Iter 170 of 180 Loss: 0.000009, L1(Flow): 0.000009, Reg: 0.000000
Iter 180 of 180 Loss: 0.000012, L1(Flow): 0.000012, Reg: 0.000000
Epoch 360 Loss: 0.000011
Epoch 360 Validation: Mean EPE: 0.0000, Mean SSIM: 1.0000, Mean ZNCC: 1.0000
Epoch 361 starts
Iter 10 of 180 Loss: 0.000011, L1(Flow): 0.000011, Reg: 0.000000
Iter 20 of 180 Loss: 0.000009, L1(Flow): 0.000009, Reg: 0.000000
Iter 30 of 180 Loss: 0.000012, L1(Flow): 0.000012, Reg: 0.000000
Iter 40 of 180 Loss: 0.000011, L1(Flow): 0.000011, Reg: 0.000000
Iter 50 of 180 Loss: 0.000008, L1(Flow): 0.000008, Reg: 0.000000
Iter 60 of 180 Loss: 0.000012, L1(Flow): 0.000012, Reg: 0.000000
Iter 70 of 180 Loss: 0.000011, L1(Flow): 0.000011, Reg: 0.000000
Iter 80 of 180 Loss: 0.000008, L1(Flow): 0.000008, Reg: 0.000000
Iter 90 of 180 Loss: 0.000013, L1(Flow): 0.000013, Reg: 0.000000
Iter 100 of 180 Loss: 0.000011, L1(Flow): 0.000011, Reg: 0.000000
Iter 110 of 180 Loss: 0.000009, L1(Flow): 0.000009, Reg: 0.000000
Iter 120 of 180 Loss: 0.000013, L1(Flow): 0.000013, Reg: 0.000000
Iter 130 of 180 Loss: 0.000011, L1(Flow): 0.000011, Reg: 0.000000
Iter 140 of 180 Loss: 0.000009, L1(Flow): 0.000009, Reg: 0.000000
Iter 150 of 180 Loss: 0.000013, L1(Flow): 0.000013, Reg: 0.000000
Iter 160 of 180 Loss: 0.000012, L1(Flow): 0.000012, Reg: 0.000000
Iter 170 of 180 Loss: 0.000009, L1(Flow): 0.000009, Reg: 0.000000
Iter 180 of 180 Loss: 0.000013, L1(Flow): 0.000013, Reg: 0.000000
Epoch 361 Loss: 0.000011
Epoch 361 Validation: Mean EPE: 0.0000, Mean SSIM: 1.0000, Mean ZNCC: 1.0000
Epoch 362 starts
Iter 10 of 180 Loss: 0.000011, L1(Flow): 0.000011, Reg: 0.000000
Iter 20 of 180 Loss: 0.000009, L1(Flow): 0.000009, Reg: 0.000000
Iter 30 of 180 Loss: 0.000013, L1(Flow): 0.000013, Reg: 0.000000
Iter 40 of 180 Loss: 0.000011, L1(Flow): 0.000011, Reg: 0.000000
Iter 50 of 180 Loss: 0.000009, L1(Flow): 0.000009, Reg: 0.000000
Iter 60 of 180 Loss: 0.000013, L1(Flow): 0.000013, Reg: 0.000000
Iter 70 of 180 Loss: 0.000012, L1(Flow): 0.000012, Reg: 0.000000
Iter 80 of 180 Loss: 0.000009, L1(Flow): 0.000009, Reg: 0.000000
Iter 90 of 180 Loss: 0.000013, L1(Flow): 0.000013, Reg: 0.000000
Iter 100 of 180 Loss: 0.000012, L1(Flow): 0.000012, Reg: 0.000000
Iter 110 of 180 Loss: 0.000009, L1(Flow): 0.000009, Reg: 0.000000
Iter 120 of 180 Loss: 0.000013, L1(Flow): 0.000013, Reg: 0.000000
Iter 130 of 180 Loss: 0.000012, L1(Flow): 0.000012, Reg: 0.000000
Iter 140 of 180 Loss: 0.000009, L1(Flow): 0.000009, Reg: 0.000000
Iter 150 of 180 Loss: 0.000012, L1(Flow): 0.000012, Reg: 0.000000
Iter 160 of 180 Loss: 0.000011, L1(Flow): 0.000011, Reg: 0.000000
Iter 170 of 180 Loss: 0.000009, L1(Flow): 0.000009, Reg: 0.000000
Iter 180 of 180 Loss: 0.000013, L1(Flow): 0.000013, Reg: 0.000000
Epoch 362 Loss: 0.000011
Epoch 362 Validation: Mean EPE: 0.0000, Mean SSIM: 1.0000, Mean ZNCC: 1.0000
Epoch 363 starts
Iter 10 of 180 Loss: 0.000012, L1(Flow): 0.000012, Reg: 0.000000
Iter 20 of 180 Loss: 0.000010, L1(Flow): 0.000010, Reg: 0.000000
Iter 30 of 180 Loss: 0.000013, L1(Flow): 0.000013, Reg: 0.000000
Iter 40 of 180 Loss: 0.000011, L1(Flow): 0.000011, Reg: 0.000000
Iter 50 of 180 Loss: 0.000009, L1(Flow): 0.000009, Reg: 0.000000
Iter 60 of 180 Loss: 0.000013, L1(Flow): 0.000013, Reg: 0.000000
Iter 70 of 180 Loss: 0.000012, L1(Flow): 0.000012, Reg: 0.000000
Iter 80 of 180 Loss: 0.000009, L1(Flow): 0.000009, Reg: 0.000000
Iter 90 of 180 Loss: 0.000012, L1(Flow): 0.000012, Reg: 0.000000
Iter 100 of 180 Loss: 0.000011, L1(Flow): 0.000011, Reg: 0.000000
Iter 110 of 180 Loss: 0.000009, L1(Flow): 0.000009, Reg: 0.000000
Iter 120 of 180 Loss: 0.000013, L1(Flow): 0.000013, Reg: 0.000000
Iter 130 of 180 Loss: 0.000011, L1(Flow): 0.000011, Reg: 0.000000
Iter 140 of 180 Loss: 0.000009, L1(Flow): 0.000009, Reg: 0.000000
Iter 150 of 180 Loss: 0.000013, L1(Flow): 0.000013, Reg: 0.000000
Iter 160 of 180 Loss: 0.000011, L1(Flow): 0.000011, Reg: 0.000000
Iter 170 of 180 Loss: 0.000009, L1(Flow): 0.000009, Reg: 0.000000
Iter 180 of 180 Loss: 0.000013, L1(Flow): 0.000013, Reg: 0.000000
Epoch 363 Loss: 0.000011
Epoch 363 Validation: Mean EPE: 0.0000, Mean SSIM: 1.0000, Mean ZNCC: 1.0000
Epoch 364 starts
Iter 10 of 180 Loss: 0.000011, L1(Flow): 0.000011, Reg: 0.000000
Iter 20 of 180 Loss: 0.000009, L1(Flow): 0.000009, Reg: 0.000000
Iter 30 of 180 Loss: 0.000013, L1(Flow): 0.000013, Reg: 0.000000
Iter 40 of 180 Loss: 0.000012, L1(Flow): 0.000012, Reg: 0.000000
Iter 50 of 180 Loss: 0.000009, L1(Flow): 0.000009, Reg: 0.000000
Iter 60 of 180 Loss: 0.000012, L1(Flow): 0.000012, Reg: 0.000000
Iter 70 of 180 Loss: 0.000011, L1(Flow): 0.000011, Reg: 0.000000
Iter 80 of 180 Loss: 0.000009, L1(Flow): 0.000009, Reg: 0.000000
Iter 90 of 180 Loss: 0.000013, L1(Flow): 0.000013, Reg: 0.000000
Iter 100 of 180 Loss: 0.000011, L1(Flow): 0.000011, Reg: 0.000000
Iter 110 of 180 Loss: 0.000009, L1(Flow): 0.000009, Reg: 0.000000
Iter 120 of 180 Loss: 0.000013, L1(Flow): 0.000013, Reg: 0.000000
Iter 130 of 180 Loss: 0.000011, L1(Flow): 0.000011, Reg: 0.000000
Iter 140 of 180 Loss: 0.000009, L1(Flow): 0.000009, Reg: 0.000000
Iter 150 of 180 Loss: 0.000013, L1(Flow): 0.000013, Reg: 0.000000
Iter 160 of 180 Loss: 0.000012, L1(Flow): 0.000012, Reg: 0.000000
Iter 170 of 180 Loss: 0.000009, L1(Flow): 0.000009, Reg: 0.000000
Iter 180 of 180 Loss: 0.000012, L1(Flow): 0.000012, Reg: 0.000000
Epoch 364 Loss: 0.000011
Epoch 364 Validation: Mean EPE: 0.0000, Mean SSIM: 1.0000, Mean ZNCC: 1.0000
Epoch 365 starts
Iter 10 of 180 Loss: 0.000011, L1(Flow): 0.000011, Reg: 0.000000
Iter 20 of 180 Loss: 0.000009, L1(Flow): 0.000009, Reg: 0.000000
Iter 30 of 180 Loss: 0.000013, L1(Flow): 0.000013, Reg: 0.000000
Iter 40 of 180 Loss: 0.000011, L1(Flow): 0.000011, Reg: 0.000000
Iter 50 of 180 Loss: 0.000009, L1(Flow): 0.000009, Reg: 0.000000
Iter 60 of 180 Loss: 0.000012, L1(Flow): 0.000012, Reg: 0.000000
Iter 70 of 180 Loss: 0.000011, L1(Flow): 0.000011, Reg: 0.000000
Iter 80 of 180 Loss: 0.000010, L1(Flow): 0.000010, Reg: 0.000000
Iter 90 of 180 Loss: 0.000013, L1(Flow): 0.000013, Reg: 0.000000
Iter 100 of 180 Loss: 0.000011, L1(Flow): 0.000011, Reg: 0.000000
Iter 110 of 180 Loss: 0.000009, L1(Flow): 0.000009, Reg: 0.000000
Iter 120 of 180 Loss: 0.000013, L1(Flow): 0.000013, Reg: 0.000000
Iter 130 of 180 Loss: 0.000011, L1(Flow): 0.000011, Reg: 0.000000
Iter 140 of 180 Loss: 0.000009, L1(Flow): 0.000009, Reg: 0.000000
Iter 150 of 180 Loss: 0.000012, L1(Flow): 0.000012, Reg: 0.000000
Iter 160 of 180 Loss: 0.000011, L1(Flow): 0.000011, Reg: 0.000000
Iter 170 of 180 Loss: 0.000009, L1(Flow): 0.000009, Reg: 0.000000
Iter 180 of 180 Loss: 0.000013, L1(Flow): 0.000013, Reg: 0.000000
Epoch 365 Loss: 0.000011
Epoch 365 Validation: Mean EPE: 0.0000, Mean SSIM: 1.0000, Mean ZNCC: 1.0000
Epoch 366 starts
Iter 10 of 180 Loss: 0.000011, L1(Flow): 0.000011, Reg: 0.000000
Iter 20 of 180 Loss: 0.000009, L1(Flow): 0.000009, Reg: 0.000000
Iter 30 of 180 Loss: 0.000012, L1(Flow): 0.000012, Reg: 0.000000
Iter 40 of 180 Loss: 0.000010, L1(Flow): 0.000010, Reg: 0.000000
Iter 50 of 180 Loss: 0.000009, L1(Flow): 0.000009, Reg: 0.000000
Iter 60 of 180 Loss: 0.000013, L1(Flow): 0.000013, Reg: 0.000000
Iter 70 of 180 Loss: 0.000011, L1(Flow): 0.000011, Reg: 0.000000
Iter 80 of 180 Loss: 0.000009, L1(Flow): 0.000009, Reg: 0.000000
Iter 90 of 180 Loss: 0.000013, L1(Flow): 0.000013, Reg: 0.000000
Iter 100 of 180 Loss: 0.000011, L1(Flow): 0.000011, Reg: 0.000000
Iter 110 of 180 Loss: 0.000008, L1(Flow): 0.000008, Reg: 0.000000
Iter 120 of 180 Loss: 0.000012, L1(Flow): 0.000012, Reg: 0.000000
Iter 130 of 180 Loss: 0.000011, L1(Flow): 0.000011, Reg: 0.000000
Iter 140 of 180 Loss: 0.000009, L1(Flow): 0.000009, Reg: 0.000000
Iter 150 of 180 Loss: 0.000013, L1(Flow): 0.000013, Reg: 0.000000
Iter 160 of 180 Loss: 0.000011, L1(Flow): 0.000011, Reg: 0.000000
Iter 170 of 180 Loss: 0.000009, L1(Flow): 0.000009, Reg: 0.000000
Iter 180 of 180 Loss: 0.000012, L1(Flow): 0.000012, Reg: 0.000000
Epoch 366 Loss: 0.000011
Epoch 366 Validation: Mean EPE: 0.0000, Mean SSIM: 1.0000, Mean ZNCC: 1.0000
Epoch 367 starts
Iter 10 of 180 Loss: 0.000012, L1(Flow): 0.000012, Reg: 0.000000
Iter 20 of 180 Loss: 0.000008, L1(Flow): 0.000008, Reg: 0.000000
Iter 30 of 180 Loss: 0.000013, L1(Flow): 0.000013, Reg: 0.000000
Iter 40 of 180 Loss: 0.000011, L1(Flow): 0.000011, Reg: 0.000000
Iter 50 of 180 Loss: 0.000008, L1(Flow): 0.000008, Reg: 0.000000
Iter 60 of 180 Loss: 0.000013, L1(Flow): 0.000013, Reg: 0.000000
Iter 70 of 180 Loss: 0.000011, L1(Flow): 0.000011, Reg: 0.000000
Iter 80 of 180 Loss: 0.000008, L1(Flow): 0.000008, Reg: 0.000000
Iter 90 of 180 Loss: 0.000013, L1(Flow): 0.000013, Reg: 0.000000
Iter 100 of 180 Loss: 0.000011, L1(Flow): 0.000011, Reg: 0.000000
Iter 110 of 180 Loss: 0.000009, L1(Flow): 0.000009, Reg: 0.000000
Iter 120 of 180 Loss: 0.000013, L1(Flow): 0.000013, Reg: 0.000000
Iter 130 of 180 Loss: 0.000012, L1(Flow): 0.000012, Reg: 0.000000
Iter 140 of 180 Loss: 0.000009, L1(Flow): 0.000009, Reg: 0.000000
Iter 150 of 180 Loss: 0.000012, L1(Flow): 0.000012, Reg: 0.000000
Iter 160 of 180 Loss: 0.000011, L1(Flow): 0.000011, Reg: 0.000000
Iter 170 of 180 Loss: 0.000008, L1(Flow): 0.000008, Reg: 0.000000
Iter 180 of 180 Loss: 0.000013, L1(Flow): 0.000013, Reg: 0.000000
Epoch 367 Loss: 0.000011
Epoch 367 Validation: Mean EPE: 0.0000, Mean SSIM: 1.0000, Mean ZNCC: 1.0000
Epoch 368 starts
Iter 10 of 180 Loss: 0.000011, L1(Flow): 0.000011, Reg: 0.000000
Iter 20 of 180 Loss: 0.000009, L1(Flow): 0.000009, Reg: 0.000000
Iter 30 of 180 Loss: 0.000012, L1(Flow): 0.000012, Reg: 0.000000
Iter 40 of 180 Loss: 0.000011, L1(Flow): 0.000011, Reg: 0.000000
Iter 50 of 180 Loss: 0.000008, L1(Flow): 0.000008, Reg: 0.000000
Iter 60 of 180 Loss: 0.000012, L1(Flow): 0.000012, Reg: 0.000000
Iter 70 of 180 Loss: 0.000011, L1(Flow): 0.000011, Reg: 0.000000
Iter 80 of 180 Loss: 0.000009, L1(Flow): 0.000009, Reg: 0.000000
Iter 90 of 180 Loss: 0.000012, L1(Flow): 0.000012, Reg: 0.000000
Iter 100 of 180 Loss: 0.000011, L1(Flow): 0.000011, Reg: 0.000000
Iter 110 of 180 Loss: 0.000009, L1(Flow): 0.000009, Reg: 0.000000
Iter 120 of 180 Loss: 0.000012, L1(Flow): 0.000012, Reg: 0.000000
Iter 130 of 180 Loss: 0.000011, L1(Flow): 0.000011, Reg: 0.000000
Iter 140 of 180 Loss: 0.000009, L1(Flow): 0.000009, Reg: 0.000000
Iter 150 of 180 Loss: 0.000013, L1(Flow): 0.000013, Reg: 0.000000
Iter 160 of 180 Loss: 0.000011, L1(Flow): 0.000011, Reg: 0.000000
Iter 170 of 180 Loss: 0.000008, L1(Flow): 0.000008, Reg: 0.000000
Iter 180 of 180 Loss: 0.000013, L1(Flow): 0.000013, Reg: 0.000000
Epoch 368 Loss: 0.000011
Epoch 368 Validation: Mean EPE: 0.0000, Mean SSIM: 1.0000, Mean ZNCC: 1.0000
Epoch 369 starts
Iter 10 of 180 Loss: 0.000011, L1(Flow): 0.000011, Reg: 0.000000
Iter 20 of 180 Loss: 0.000009, L1(Flow): 0.000009, Reg: 0.000000
Iter 30 of 180 Loss: 0.000012, L1(Flow): 0.000012, Reg: 0.000000
Iter 40 of 180 Loss: 0.000011, L1(Flow): 0.000011, Reg: 0.000000
Iter 50 of 180 Loss: 0.000009, L1(Flow): 0.000009, Reg: 0.000000
Iter 60 of 180 Loss: 0.000013, L1(Flow): 0.000013, Reg: 0.000000
Iter 70 of 180 Loss: 0.000011, L1(Flow): 0.000011, Reg: 0.000000
Iter 80 of 180 Loss: 0.000009, L1(Flow): 0.000009, Reg: 0.000000
Iter 90 of 180 Loss: 0.000013, L1(Flow): 0.000013, Reg: 0.000000
Iter 100 of 180 Loss: 0.000011, L1(Flow): 0.000011, Reg: 0.000000
Iter 110 of 180 Loss: 0.000009, L1(Flow): 0.000009, Reg: 0.000000
Iter 120 of 180 Loss: 0.000012, L1(Flow): 0.000012, Reg: 0.000000
Iter 130 of 180 Loss: 0.000011, L1(Flow): 0.000011, Reg: 0.000000
Iter 140 of 180 Loss: 0.000008, L1(Flow): 0.000008, Reg: 0.000000
Iter 150 of 180 Loss: 0.000013, L1(Flow): 0.000013, Reg: 0.000000
Iter 160 of 180 Loss: 0.000011, L1(Flow): 0.000011, Reg: 0.000000
Iter 170 of 180 Loss: 0.000009, L1(Flow): 0.000009, Reg: 0.000000
Iter 180 of 180 Loss: 0.000013, L1(Flow): 0.000013, Reg: 0.000000
Epoch 369 Loss: 0.000011
Epoch 369 Validation: Mean EPE: 0.0000, Mean SSIM: 1.0000, Mean ZNCC: 1.0000
Epoch 370 starts
Iter 10 of 180 Loss: 0.000011, L1(Flow): 0.000011, Reg: 0.000000
Iter 20 of 180 Loss: 0.000009, L1(Flow): 0.000009, Reg: 0.000000
Iter 30 of 180 Loss: 0.000013, L1(Flow): 0.000013, Reg: 0.000000
Iter 40 of 180 Loss: 0.000011, L1(Flow): 0.000011, Reg: 0.000000
Iter 50 of 180 Loss: 0.000009, L1(Flow): 0.000009, Reg: 0.000000
Iter 60 of 180 Loss: 0.000012, L1(Flow): 0.000012, Reg: 0.000000
Iter 70 of 180 Loss: 0.000011, L1(Flow): 0.000011, Reg: 0.000000
Iter 80 of 180 Loss: 0.000009, L1(Flow): 0.000009, Reg: 0.000000
Iter 90 of 180 Loss: 0.000013, L1(Flow): 0.000013, Reg: 0.000000
Iter 100 of 180 Loss: 0.000011, L1(Flow): 0.000011, Reg: 0.000000
Iter 110 of 180 Loss: 0.000009, L1(Flow): 0.000009, Reg: 0.000000
Iter 120 of 180 Loss: 0.000013, L1(Flow): 0.000013, Reg: 0.000000
Iter 130 of 180 Loss: 0.000011, L1(Flow): 0.000011, Reg: 0.000000
Iter 140 of 180 Loss: 0.000009, L1(Flow): 0.000009, Reg: 0.000000
Iter 150 of 180 Loss: 0.000012, L1(Flow): 0.000012, Reg: 0.000000
Iter 160 of 180 Loss: 0.000011, L1(Flow): 0.000011, Reg: 0.000000
Iter 170 of 180 Loss: 0.000009, L1(Flow): 0.000009, Reg: 0.000000
Iter 180 of 180 Loss: 0.000012, L1(Flow): 0.000012, Reg: 0.000000
Epoch 370 Loss: 0.000011
Epoch 370 Validation: Mean EPE: 0.0000, Mean SSIM: 1.0000, Mean ZNCC: 1.0000
Epoch 371 starts
Iter 10 of 180 Loss: 0.000011, L1(Flow): 0.000011, Reg: 0.000000
Iter 20 of 180 Loss: 0.000009, L1(Flow): 0.000009, Reg: 0.000000
Iter 30 of 180 Loss: 0.000013, L1(Flow): 0.000013, Reg: 0.000000
Iter 40 of 180 Loss: 0.000011, L1(Flow): 0.000011, Reg: 0.000000
Iter 50 of 180 Loss: 0.000009, L1(Flow): 0.000009, Reg: 0.000000
Iter 60 of 180 Loss: 0.000013, L1(Flow): 0.000013, Reg: 0.000000
Iter 70 of 180 Loss: 0.000012, L1(Flow): 0.000012, Reg: 0.000000
Iter 80 of 180 Loss: 0.000009, L1(Flow): 0.000009, Reg: 0.000000
Iter 90 of 180 Loss: 0.000012, L1(Flow): 0.000012, Reg: 0.000000
Iter 100 of 180 Loss: 0.000011, L1(Flow): 0.000011, Reg: 0.000000
Iter 110 of 180 Loss: 0.000008, L1(Flow): 0.000008, Reg: 0.000000
Iter 120 of 180 Loss: 0.000012, L1(Flow): 0.000012, Reg: 0.000000
Iter 130 of 180 Loss: 0.000012, L1(Flow): 0.000012, Reg: 0.000000
Iter 140 of 180 Loss: 0.000008, L1(Flow): 0.000008, Reg: 0.000000
Iter 150 of 180 Loss: 0.000012, L1(Flow): 0.000012, Reg: 0.000000
Iter 160 of 180 Loss: 0.000012, L1(Flow): 0.000012, Reg: 0.000000
Iter 170 of 180 Loss: 0.000009, L1(Flow): 0.000009, Reg: 0.000000
Iter 180 of 180 Loss: 0.000013, L1(Flow): 0.000013, Reg: 0.000000
Epoch 371 Loss: 0.000011
Epoch 371 Validation: Mean EPE: 0.0000, Mean SSIM: 1.0000, Mean ZNCC: 1.0000
Epoch 372 starts
Iter 10 of 180 Loss: 0.000011, L1(Flow): 0.000011, Reg: 0.000000
Iter 20 of 180 Loss: 0.000010, L1(Flow): 0.000010, Reg: 0.000000
Iter 30 of 180 Loss: 0.000013, L1(Flow): 0.000013, Reg: 0.000000
Iter 40 of 180 Loss: 0.000012, L1(Flow): 0.000012, Reg: 0.000000
Iter 50 of 180 Loss: 0.000009, L1(Flow): 0.000009, Reg: 0.000000
Iter 60 of 180 Loss: 0.000013, L1(Flow): 0.000013, Reg: 0.000000
Iter 70 of 180 Loss: 0.000012, L1(Flow): 0.000012, Reg: 0.000000
Iter 80 of 180 Loss: 0.000009, L1(Flow): 0.000009, Reg: 0.000000
Iter 90 of 180 Loss: 0.000013, L1(Flow): 0.000013, Reg: 0.000000
Iter 100 of 180 Loss: 0.000011, L1(Flow): 0.000011, Reg: 0.000000
Iter 110 of 180 Loss: 0.000009, L1(Flow): 0.000009, Reg: 0.000000
Iter 120 of 180 Loss: 0.000012, L1(Flow): 0.000012, Reg: 0.000000
Iter 130 of 180 Loss: 0.000011, L1(Flow): 0.000011, Reg: 0.000000
Iter 140 of 180 Loss: 0.000010, L1(Flow): 0.000010, Reg: 0.000000
Iter 150 of 180 Loss: 0.000013, L1(Flow): 0.000013, Reg: 0.000000
Iter 160 of 180 Loss: 0.000012, L1(Flow): 0.000012, Reg: 0.000000
Iter 170 of 180 Loss: 0.000009, L1(Flow): 0.000009, Reg: 0.000000
Iter 180 of 180 Loss: 0.000012, L1(Flow): 0.000012, Reg: 0.000000
Epoch 372 Loss: 0.000011
Epoch 372 Validation: Mean EPE: 0.0000, Mean SSIM: 1.0000, Mean ZNCC: 1.0000
Epoch 373 starts
Iter 10 of 180 Loss: 0.000011, L1(Flow): 0.000011, Reg: 0.000000
Iter 20 of 180 Loss: 0.000009, L1(Flow): 0.000009, Reg: 0.000000
Iter 30 of 180 Loss: 0.000012, L1(Flow): 0.000012, Reg: 0.000000
Iter 40 of 180 Loss: 0.000011, L1(Flow): 0.000011, Reg: 0.000000
Iter 50 of 180 Loss: 0.000009, L1(Flow): 0.000009, Reg: 0.000000
Iter 60 of 180 Loss: 0.000012, L1(Flow): 0.000012, Reg: 0.000000
Iter 70 of 180 Loss: 0.000010, L1(Flow): 0.000010, Reg: 0.000000
Iter 80 of 180 Loss: 0.000010, L1(Flow): 0.000010, Reg: 0.000000
Iter 90 of 180 Loss: 0.000012, L1(Flow): 0.000012, Reg: 0.000000
Iter 100 of 180 Loss: 0.000011, L1(Flow): 0.000011, Reg: 0.000000
Iter 110 of 180 Loss: 0.000009, L1(Flow): 0.000009, Reg: 0.000000
Iter 120 of 180 Loss: 0.000012, L1(Flow): 0.000012, Reg: 0.000000
Iter 130 of 180 Loss: 0.000010, L1(Flow): 0.000010, Reg: 0.000000
Iter 140 of 180 Loss: 0.000009, L1(Flow): 0.000009, Reg: 0.000000
Iter 150 of 180 Loss: 0.000013, L1(Flow): 0.000013, Reg: 0.000000
Iter 160 of 180 Loss: 0.000011, L1(Flow): 0.000011, Reg: 0.000000
Iter 170 of 180 Loss: 0.000008, L1(Flow): 0.000008, Reg: 0.000000
Iter 180 of 180 Loss: 0.000013, L1(Flow): 0.000013, Reg: 0.000000
Epoch 373 Loss: 0.000011
Epoch 373 Validation: Mean EPE: 0.0000, Mean SSIM: 1.0000, Mean ZNCC: 1.0000
Epoch 374 starts
Iter 10 of 180 Loss: 0.000011, L1(Flow): 0.000011, Reg: 0.000000
Iter 20 of 180 Loss: 0.000009, L1(Flow): 0.000009, Reg: 0.000000
Iter 30 of 180 Loss: 0.000013, L1(Flow): 0.000013, Reg: 0.000000
Iter 40 of 180 Loss: 0.000011, L1(Flow): 0.000011, Reg: 0.000000
Iter 50 of 180 Loss: 0.000009, L1(Flow): 0.000009, Reg: 0.000000
Iter 60 of 180 Loss: 0.000013, L1(Flow): 0.000013, Reg: 0.000000
Iter 70 of 180 Loss: 0.000011, L1(Flow): 0.000011, Reg: 0.000000
Iter 80 of 180 Loss: 0.000009, L1(Flow): 0.000009, Reg: 0.000000
Iter 90 of 180 Loss: 0.000012, L1(Flow): 0.000012, Reg: 0.000000
Iter 100 of 180 Loss: 0.000011, L1(Flow): 0.000011, Reg: 0.000000
Iter 110 of 180 Loss: 0.000008, L1(Flow): 0.000008, Reg: 0.000000
Iter 120 of 180 Loss: 0.000013, L1(Flow): 0.000013, Reg: 0.000000
Iter 130 of 180 Loss: 0.000011, L1(Flow): 0.000011, Reg: 0.000000
Iter 140 of 180 Loss: 0.000008, L1(Flow): 0.000008, Reg: 0.000000
Iter 150 of 180 Loss: 0.000013, L1(Flow): 0.000013, Reg: 0.000000
Iter 160 of 180 Loss: 0.000011, L1(Flow): 0.000011, Reg: 0.000000
Iter 170 of 180 Loss: 0.000008, L1(Flow): 0.000008, Reg: 0.000000
Iter 180 of 180 Loss: 0.000012, L1(Flow): 0.000012, Reg: 0.000000
Epoch 374 Loss: 0.000011
Epoch 374 Validation: Mean EPE: 0.0000, Mean SSIM: 1.0000, Mean ZNCC: 1.0000
Epoch 375 starts
Iter 10 of 180 Loss: 0.000011, L1(Flow): 0.000011, Reg: 0.000000
Iter 20 of 180 Loss: 0.000009, L1(Flow): 0.000009, Reg: 0.000000
Iter 30 of 180 Loss: 0.000013, L1(Flow): 0.000013, Reg: 0.000000
Iter 40 of 180 Loss: 0.000011, L1(Flow): 0.000011, Reg: 0.000000
Iter 50 of 180 Loss: 0.000009, L1(Flow): 0.000009, Reg: 0.000000
Iter 60 of 180 Loss: 0.000013, L1(Flow): 0.000013, Reg: 0.000000
Iter 70 of 180 Loss: 0.000011, L1(Flow): 0.000011, Reg: 0.000000
Iter 80 of 180 Loss: 0.000008, L1(Flow): 0.000008, Reg: 0.000000
Iter 90 of 180 Loss: 0.000013, L1(Flow): 0.000013, Reg: 0.000000
Iter 100 of 180 Loss: 0.000011, L1(Flow): 0.000011, Reg: 0.000000
Iter 110 of 180 Loss: 0.000008, L1(Flow): 0.000008, Reg: 0.000000
Iter 120 of 180 Loss: 0.000013, L1(Flow): 0.000013, Reg: 0.000000
Iter 130 of 180 Loss: 0.000011, L1(Flow): 0.000011, Reg: 0.000000
Iter 140 of 180 Loss: 0.000009, L1(Flow): 0.000009, Reg: 0.000000
Iter 150 of 180 Loss: 0.000013, L1(Flow): 0.000013, Reg: 0.000000
Iter 160 of 180 Loss: 0.000011, L1(Flow): 0.000011, Reg: 0.000000
Iter 170 of 180 Loss: 0.000009, L1(Flow): 0.000009, Reg: 0.000000
Iter 180 of 180 Loss: 0.000013, L1(Flow): 0.000013, Reg: 0.000000
Epoch 375 Loss: 0.000011
Epoch 375 Validation: Mean EPE: 0.0000, Mean SSIM: 1.0000, Mean ZNCC: 1.0000
Epoch 376 starts
Iter 10 of 180 Loss: 0.000011, L1(Flow): 0.000011, Reg: 0.000000
Iter 20 of 180 Loss: 0.000008, L1(Flow): 0.000008, Reg: 0.000000
Iter 30 of 180 Loss: 0.000012, L1(Flow): 0.000012, Reg: 0.000000
Iter 40 of 180 Loss: 0.000011, L1(Flow): 0.000011, Reg: 0.000000
Iter 50 of 180 Loss: 0.000009, L1(Flow): 0.000009, Reg: 0.000000
Iter 60 of 180 Loss: 0.000013, L1(Flow): 0.000013, Reg: 0.000000
Iter 70 of 180 Loss: 0.000012, L1(Flow): 0.000012, Reg: 0.000000
Iter 80 of 180 Loss: 0.000009, L1(Flow): 0.000009, Reg: 0.000000
Iter 90 of 180 Loss: 0.000013, L1(Flow): 0.000013, Reg: 0.000000
Iter 100 of 180 Loss: 0.000012, L1(Flow): 0.000012, Reg: 0.000000
Iter 110 of 180 Loss: 0.000008, L1(Flow): 0.000008, Reg: 0.000000
Iter 120 of 180 Loss: 0.000013, L1(Flow): 0.000013, Reg: 0.000000
Iter 130 of 180 Loss: 0.000011, L1(Flow): 0.000011, Reg: 0.000000
Iter 140 of 180 Loss: 0.000010, L1(Flow): 0.000010, Reg: 0.000000
Iter 150 of 180 Loss: 0.000012, L1(Flow): 0.000012, Reg: 0.000000
Iter 160 of 180 Loss: 0.000011, L1(Flow): 0.000011, Reg: 0.000000
Iter 170 of 180 Loss: 0.000009, L1(Flow): 0.000009, Reg: 0.000000
Iter 180 of 180 Loss: 0.000012, L1(Flow): 0.000012, Reg: 0.000000
Epoch 376 Loss: 0.000011
Epoch 376 Validation: Mean EPE: 0.0000, Mean SSIM: 1.0000, Mean ZNCC: 1.0000
Epoch 377 starts
Iter 10 of 180 Loss: 0.000011, L1(Flow): 0.000011, Reg: 0.000000
Iter 20 of 180 Loss: 0.000009, L1(Flow): 0.000009, Reg: 0.000000
Iter 30 of 180 Loss: 0.000012, L1(Flow): 0.000012, Reg: 0.000000
Iter 40 of 180 Loss: 0.000012, L1(Flow): 0.000012, Reg: 0.000000
Iter 50 of 180 Loss: 0.000009, L1(Flow): 0.000009, Reg: 0.000000
Iter 60 of 180 Loss: 0.000012, L1(Flow): 0.000012, Reg: 0.000000
Iter 70 of 180 Loss: 0.000012, L1(Flow): 0.000012, Reg: 0.000000
Iter 80 of 180 Loss: 0.000009, L1(Flow): 0.000009, Reg: 0.000000
Iter 90 of 180 Loss: 0.000012, L1(Flow): 0.000012, Reg: 0.000000
Iter 100 of 180 Loss: 0.000011, L1(Flow): 0.000011, Reg: 0.000000
Iter 110 of 180 Loss: 0.000009, L1(Flow): 0.000009, Reg: 0.000000
Iter 120 of 180 Loss: 0.000012, L1(Flow): 0.000012, Reg: 0.000000
Iter 130 of 180 Loss: 0.000011, L1(Flow): 0.000011, Reg: 0.000000
Iter 140 of 180 Loss: 0.000009, L1(Flow): 0.000009, Reg: 0.000000
Iter 150 of 180 Loss: 0.000013, L1(Flow): 0.000013, Reg: 0.000000
Iter 160 of 180 Loss: 0.000012, L1(Flow): 0.000012, Reg: 0.000000
Iter 170 of 180 Loss: 0.000009, L1(Flow): 0.000009, Reg: 0.000000
Iter 180 of 180 Loss: 0.000012, L1(Flow): 0.000012, Reg: 0.000000
Epoch 377 Loss: 0.000011
Epoch 377 Validation: Mean EPE: 0.0000, Mean SSIM: 1.0000, Mean ZNCC: 1.0000
Epoch 378 starts
Iter 10 of 180 Loss: 0.000012, L1(Flow): 0.000012, Reg: 0.000000
Iter 20 of 180 Loss: 0.000009, L1(Flow): 0.000009, Reg: 0.000000
Iter 30 of 180 Loss: 0.000012, L1(Flow): 0.000012, Reg: 0.000000
Iter 40 of 180 Loss: 0.000012, L1(Flow): 0.000012, Reg: 0.000000
Iter 50 of 180 Loss: 0.000009, L1(Flow): 0.000009, Reg: 0.000000
Iter 60 of 180 Loss: 0.000012, L1(Flow): 0.000012, Reg: 0.000000
Iter 70 of 180 Loss: 0.000012, L1(Flow): 0.000012, Reg: 0.000000
Iter 80 of 180 Loss: 0.000009, L1(Flow): 0.000009, Reg: 0.000000
Iter 90 of 180 Loss: 0.000012, L1(Flow): 0.000012, Reg: 0.000000
Iter 100 of 180 Loss: 0.000011, L1(Flow): 0.000011, Reg: 0.000000
Iter 110 of 180 Loss: 0.000009, L1(Flow): 0.000009, Reg: 0.000000
Iter 120 of 180 Loss: 0.000012, L1(Flow): 0.000012, Reg: 0.000000
Iter 130 of 180 Loss: 0.000011, L1(Flow): 0.000011, Reg: 0.000000
Iter 140 of 180 Loss: 0.000009, L1(Flow): 0.000009, Reg: 0.000000
Iter 150 of 180 Loss: 0.000013, L1(Flow): 0.000013, Reg: 0.000000
Iter 160 of 180 Loss: 0.000011, L1(Flow): 0.000011, Reg: 0.000000
Iter 170 of 180 Loss: 0.000009, L1(Flow): 0.000009, Reg: 0.000000
Iter 180 of 180 Loss: 0.000013, L1(Flow): 0.000013, Reg: 0.000000
Epoch 378 Loss: 0.000011
Epoch 378 Validation: Mean EPE: 0.0000, Mean SSIM: 1.0000, Mean ZNCC: 1.0000
Epoch 379 starts
Iter 10 of 180 Loss: 0.000011, L1(Flow): 0.000011, Reg: 0.000000
Iter 20 of 180 Loss: 0.000009, L1(Flow): 0.000009, Reg: 0.000000
Iter 30 of 180 Loss: 0.000013, L1(Flow): 0.000013, Reg: 0.000000
Iter 40 of 180 Loss: 0.000011, L1(Flow): 0.000011, Reg: 0.000000
Iter 50 of 180 Loss: 0.000008, L1(Flow): 0.000008, Reg: 0.000000
Iter 60 of 180 Loss: 0.000014, L1(Flow): 0.000014, Reg: 0.000000
Iter 70 of 180 Loss: 0.000011, L1(Flow): 0.000011, Reg: 0.000000
Iter 80 of 180 Loss: 0.000009, L1(Flow): 0.000009, Reg: 0.000000
Iter 90 of 180 Loss: 0.000012, L1(Flow): 0.000012, Reg: 0.000000
Iter 100 of 180 Loss: 0.000011, L1(Flow): 0.000011, Reg: 0.000000
Iter 110 of 180 Loss: 0.000009, L1(Flow): 0.000009, Reg: 0.000000
Iter 120 of 180 Loss: 0.000013, L1(Flow): 0.000013, Reg: 0.000000
Iter 130 of 180 Loss: 0.000011, L1(Flow): 0.000011, Reg: 0.000000
Iter 140 of 180 Loss: 0.000008, L1(Flow): 0.000008, Reg: 0.000000
Iter 150 of 180 Loss: 0.000012, L1(Flow): 0.000012, Reg: 0.000000
Iter 160 of 180 Loss: 0.000012, L1(Flow): 0.000012, Reg: 0.000000
Iter 170 of 180 Loss: 0.000009, L1(Flow): 0.000009, Reg: 0.000000
Iter 180 of 180 Loss: 0.000012, L1(Flow): 0.000012, Reg: 0.000000
Epoch 379 Loss: 0.000011
Epoch 379 Validation: Mean EPE: 0.0000, Mean SSIM: 1.0000, Mean ZNCC: 1.0000
Epoch 380 starts
Iter 10 of 180 Loss: 0.000011, L1(Flow): 0.000011, Reg: 0.000000
Iter 20 of 180 Loss: 0.000008, L1(Flow): 0.000008, Reg: 0.000000
Iter 30 of 180 Loss: 0.000013, L1(Flow): 0.000013, Reg: 0.000000
Iter 40 of 180 Loss: 0.000011, L1(Flow): 0.000011, Reg: 0.000000
Iter 50 of 180 Loss: 0.000009, L1(Flow): 0.000009, Reg: 0.000000
Iter 60 of 180 Loss: 0.000012, L1(Flow): 0.000012, Reg: 0.000000
Iter 70 of 180 Loss: 0.000011, L1(Flow): 0.000011, Reg: 0.000000
Iter 80 of 180 Loss: 0.000009, L1(Flow): 0.000009, Reg: 0.000000
Iter 90 of 180 Loss: 0.000012, L1(Flow): 0.000012, Reg: 0.000000
Iter 100 of 180 Loss: 0.000012, L1(Flow): 0.000012, Reg: 0.000000
Iter 110 of 180 Loss: 0.000009, L1(Flow): 0.000009, Reg: 0.000000
Iter 120 of 180 Loss: 0.000013, L1(Flow): 0.000013, Reg: 0.000000
Iter 130 of 180 Loss: 0.000011, L1(Flow): 0.000011, Reg: 0.000000
Iter 140 of 180 Loss: 0.000009, L1(Flow): 0.000009, Reg: 0.000000
Iter 150 of 180 Loss: 0.000013, L1(Flow): 0.000013, Reg: 0.000000
Iter 160 of 180 Loss: 0.000011, L1(Flow): 0.000011, Reg: 0.000000
Iter 170 of 180 Loss: 0.000009, L1(Flow): 0.000009, Reg: 0.000000
Iter 180 of 180 Loss: 0.000012, L1(Flow): 0.000012, Reg: 0.000000
Epoch 380 Loss: 0.000011
Epoch 380 Validation: Mean EPE: 0.0000, Mean SSIM: 1.0000, Mean ZNCC: 1.0000
Epoch 381 starts
Iter 10 of 180 Loss: 0.000011, L1(Flow): 0.000011, Reg: 0.000000
Iter 20 of 180 Loss: 0.000009, L1(Flow): 0.000009, Reg: 0.000000
Iter 30 of 180 Loss: 0.000013, L1(Flow): 0.000013, Reg: 0.000000
Iter 40 of 180 Loss: 0.000012, L1(Flow): 0.000012, Reg: 0.000000
Iter 50 of 180 Loss: 0.000010, L1(Flow): 0.000010, Reg: 0.000000
Iter 60 of 180 Loss: 0.000013, L1(Flow): 0.000013, Reg: 0.000000
Iter 70 of 180 Loss: 0.000011, L1(Flow): 0.000011, Reg: 0.000000
Iter 80 of 180 Loss: 0.000010, L1(Flow): 0.000010, Reg: 0.000000
Iter 90 of 180 Loss: 0.000013, L1(Flow): 0.000013, Reg: 0.000000
Iter 100 of 180 Loss: 0.000011, L1(Flow): 0.000011, Reg: 0.000000
Iter 110 of 180 Loss: 0.000009, L1(Flow): 0.000009, Reg: 0.000000
Iter 120 of 180 Loss: 0.000013, L1(Flow): 0.000013, Reg: 0.000000
Iter 130 of 180 Loss: 0.000011, L1(Flow): 0.000011, Reg: 0.000000
Iter 140 of 180 Loss: 0.000010, L1(Flow): 0.000010, Reg: 0.000000
Iter 150 of 180 Loss: 0.000013, L1(Flow): 0.000013, Reg: 0.000000
Iter 160 of 180 Loss: 0.000011, L1(Flow): 0.000011, Reg: 0.000000
Iter 170 of 180 Loss: 0.000010, L1(Flow): 0.000010, Reg: 0.000000
Iter 180 of 180 Loss: 0.000013, L1(Flow): 0.000013, Reg: 0.000000
Epoch 381 Loss: 0.000011
Epoch 381 Validation: Mean EPE: 0.0000, Mean SSIM: 1.0000, Mean ZNCC: 1.0000
Epoch 382 starts
Iter 10 of 180 Loss: 0.000011, L1(Flow): 0.000011, Reg: 0.000000
Iter 20 of 180 Loss: 0.000009, L1(Flow): 0.000009, Reg: 0.000000
Iter 30 of 180 Loss: 0.000012, L1(Flow): 0.000012, Reg: 0.000000
Iter 40 of 180 Loss: 0.000011, L1(Flow): 0.000011, Reg: 0.000000
Iter 50 of 180 Loss: 0.000010, L1(Flow): 0.000010, Reg: 0.000000
Iter 60 of 180 Loss: 0.000013, L1(Flow): 0.000013, Reg: 0.000000
Iter 70 of 180 Loss: 0.000011, L1(Flow): 0.000011, Reg: 0.000000
Iter 80 of 180 Loss: 0.000010, L1(Flow): 0.000010, Reg: 0.000000
Iter 90 of 180 Loss: 0.000013, L1(Flow): 0.000013, Reg: 0.000000
Iter 100 of 180 Loss: 0.000011, L1(Flow): 0.000011, Reg: 0.000000
Iter 110 of 180 Loss: 0.000009, L1(Flow): 0.000009, Reg: 0.000000
Iter 120 of 180 Loss: 0.000012, L1(Flow): 0.000012, Reg: 0.000000
Iter 130 of 180 Loss: 0.000010, L1(Flow): 0.000010, Reg: 0.000000
Iter 140 of 180 Loss: 0.000009, L1(Flow): 0.000009, Reg: 0.000000
Iter 150 of 180 Loss: 0.000012, L1(Flow): 0.000012, Reg: 0.000000
Iter 160 of 180 Loss: 0.000010, L1(Flow): 0.000010, Reg: 0.000000
Iter 170 of 180 Loss: 0.000009, L1(Flow): 0.000009, Reg: 0.000000
Iter 180 of 180 Loss: 0.000012, L1(Flow): 0.000012, Reg: 0.000000
Epoch 382 Loss: 0.000011
Epoch 382 Validation: Mean EPE: 0.0000, Mean SSIM: 1.0000, Mean ZNCC: 1.0000
Epoch 383 starts
Iter 10 of 180 Loss: 0.000011, L1(Flow): 0.000011, Reg: 0.000000
Iter 20 of 180 Loss: 0.000009, L1(Flow): 0.000009, Reg: 0.000000
Iter 30 of 180 Loss: 0.000013, L1(Flow): 0.000013, Reg: 0.000000
Iter 40 of 180 Loss: 0.000011, L1(Flow): 0.000011, Reg: 0.000000
Iter 50 of 180 Loss: 0.000009, L1(Flow): 0.000009, Reg: 0.000000
Iter 60 of 180 Loss: 0.000013, L1(Flow): 0.000013, Reg: 0.000000
Iter 70 of 180 Loss: 0.000011, L1(Flow): 0.000011, Reg: 0.000000
Iter 80 of 180 Loss: 0.000009, L1(Flow): 0.000009, Reg: 0.000000
Iter 90 of 180 Loss: 0.000012, L1(Flow): 0.000012, Reg: 0.000000
Iter 100 of 180 Loss: 0.000011, L1(Flow): 0.000011, Reg: 0.000000
Iter 110 of 180 Loss: 0.000009, L1(Flow): 0.000009, Reg: 0.000000
Iter 120 of 180 Loss: 0.000012, L1(Flow): 0.000012, Reg: 0.000000
Iter 130 of 180 Loss: 0.000011, L1(Flow): 0.000011, Reg: 0.000000
Iter 140 of 180 Loss: 0.000010, L1(Flow): 0.000010, Reg: 0.000000
Iter 150 of 180 Loss: 0.000012, L1(Flow): 0.000012, Reg: 0.000000
Iter 160 of 180 Loss: 0.000011, L1(Flow): 0.000011, Reg: 0.000000
Iter 170 of 180 Loss: 0.000010, L1(Flow): 0.000010, Reg: 0.000000
Iter 180 of 180 Loss: 0.000012, L1(Flow): 0.000012, Reg: 0.000000
Epoch 383 Loss: 0.000011
Epoch 383 Validation: Mean EPE: 0.0000, Mean SSIM: 1.0000, Mean ZNCC: 1.0000
Epoch 384 starts
Iter 10 of 180 Loss: 0.000011, L1(Flow): 0.000011, Reg: 0.000000
Iter 20 of 180 Loss: 0.000009, L1(Flow): 0.000009, Reg: 0.000000
Iter 30 of 180 Loss: 0.000012, L1(Flow): 0.000012, Reg: 0.000000
Iter 40 of 180 Loss: 0.000011, L1(Flow): 0.000011, Reg: 0.000000
Iter 50 of 180 Loss: 0.000008, L1(Flow): 0.000008, Reg: 0.000000
Iter 60 of 180 Loss: 0.000012, L1(Flow): 0.000012, Reg: 0.000000
Iter 70 of 180 Loss: 0.000011, L1(Flow): 0.000011, Reg: 0.000000
Iter 80 of 180 Loss: 0.000009, L1(Flow): 0.000009, Reg: 0.000000
Iter 90 of 180 Loss: 0.000013, L1(Flow): 0.000013, Reg: 0.000000
Iter 100 of 180 Loss: 0.000011, L1(Flow): 0.000011, Reg: 0.000000
Iter 110 of 180 Loss: 0.000009, L1(Flow): 0.000009, Reg: 0.000000
Iter 120 of 180 Loss: 0.000013, L1(Flow): 0.000013, Reg: 0.000000
Iter 130 of 180 Loss: 0.000011, L1(Flow): 0.000011, Reg: 0.000000
Iter 140 of 180 Loss: 0.000009, L1(Flow): 0.000009, Reg: 0.000000
Iter 150 of 180 Loss: 0.000013, L1(Flow): 0.000013, Reg: 0.000000
Iter 160 of 180 Loss: 0.000011, L1(Flow): 0.000011, Reg: 0.000000
Iter 170 of 180 Loss: 0.000009, L1(Flow): 0.000009, Reg: 0.000000
Iter 180 of 180 Loss: 0.000013, L1(Flow): 0.000013, Reg: 0.000000
Epoch 384 Loss: 0.000011
Epoch 384 Validation: Mean EPE: 0.0000, Mean SSIM: 1.0000, Mean ZNCC: 1.0000
Epoch 385 starts
Iter 10 of 180 Loss: 0.000011, L1(Flow): 0.000011, Reg: 0.000000
Iter 20 of 180 Loss: 0.000009, L1(Flow): 0.000009, Reg: 0.000000
Iter 30 of 180 Loss: 0.000012, L1(Flow): 0.000012, Reg: 0.000000
Iter 40 of 180 Loss: 0.000012, L1(Flow): 0.000012, Reg: 0.000000
Iter 50 of 180 Loss: 0.000009, L1(Flow): 0.000009, Reg: 0.000000
Iter 60 of 180 Loss: 0.000013, L1(Flow): 0.000013, Reg: 0.000000
Iter 70 of 180 Loss: 0.000011, L1(Flow): 0.000011, Reg: 0.000000
Iter 80 of 180 Loss: 0.000010, L1(Flow): 0.000010, Reg: 0.000000
Iter 90 of 180 Loss: 0.000012, L1(Flow): 0.000012, Reg: 0.000000
Iter 100 of 180 Loss: 0.000011, L1(Flow): 0.000011, Reg: 0.000000
Iter 110 of 180 Loss: 0.000010, L1(Flow): 0.000010, Reg: 0.000000
Iter 120 of 180 Loss: 0.000013, L1(Flow): 0.000013, Reg: 0.000000
Iter 130 of 180 Loss: 0.000011, L1(Flow): 0.000011, Reg: 0.000000
Iter 140 of 180 Loss: 0.000009, L1(Flow): 0.000009, Reg: 0.000000
Iter 150 of 180 Loss: 0.000012, L1(Flow): 0.000012, Reg: 0.000000
Iter 160 of 180 Loss: 0.000011, L1(Flow): 0.000011, Reg: 0.000000
Iter 170 of 180 Loss: 0.000010, L1(Flow): 0.000010, Reg: 0.000000
Iter 180 of 180 Loss: 0.000013, L1(Flow): 0.000013, Reg: 0.000000
Epoch 385 Loss: 0.000011
Epoch 385 Validation: Mean EPE: 0.0000, Mean SSIM: 1.0000, Mean ZNCC: 1.0000
Epoch 386 starts
Iter 10 of 180 Loss: 0.000011, L1(Flow): 0.000011, Reg: 0.000000
Iter 20 of 180 Loss: 0.000009, L1(Flow): 0.000009, Reg: 0.000000
Iter 30 of 180 Loss: 0.000013, L1(Flow): 0.000013, Reg: 0.000000
Iter 40 of 180 Loss: 0.000011, L1(Flow): 0.000011, Reg: 0.000000
Iter 50 of 180 Loss: 0.000009, L1(Flow): 0.000009, Reg: 0.000000
Iter 60 of 180 Loss: 0.000013, L1(Flow): 0.000013, Reg: 0.000000
Iter 70 of 180 Loss: 0.000011, L1(Flow): 0.000011, Reg: 0.000000
Iter 80 of 180 Loss: 0.000009, L1(Flow): 0.000009, Reg: 0.000000
Iter 90 of 180 Loss: 0.000012, L1(Flow): 0.000012, Reg: 0.000000
Iter 100 of 180 Loss: 0.000011, L1(Flow): 0.000011, Reg: 0.000000
Iter 110 of 180 Loss: 0.000009, L1(Flow): 0.000009, Reg: 0.000000
Iter 120 of 180 Loss: 0.000013, L1(Flow): 0.000013, Reg: 0.000000
Iter 130 of 180 Loss: 0.000011, L1(Flow): 0.000011, Reg: 0.000000
Iter 140 of 180 Loss: 0.000009, L1(Flow): 0.000009, Reg: 0.000000
Iter 150 of 180 Loss: 0.000013, L1(Flow): 0.000013, Reg: 0.000000
Iter 160 of 180 Loss: 0.000012, L1(Flow): 0.000012, Reg: 0.000000
Iter 170 of 180 Loss: 0.000009, L1(Flow): 0.000009, Reg: 0.000000
Iter 180 of 180 Loss: 0.000012, L1(Flow): 0.000012, Reg: 0.000000
Epoch 386 Loss: 0.000011
Epoch 386 Validation: Mean EPE: 0.0000, Mean SSIM: 1.0000, Mean ZNCC: 1.0000
Epoch 387 starts
Iter 10 of 180 Loss: 0.000011, L1(Flow): 0.000011, Reg: 0.000000
Iter 20 of 180 Loss: 0.000009, L1(Flow): 0.000009, Reg: 0.000000
Iter 30 of 180 Loss: 0.000012, L1(Flow): 0.000012, Reg: 0.000000
Iter 40 of 180 Loss: 0.000011, L1(Flow): 0.000011, Reg: 0.000000
Iter 50 of 180 Loss: 0.000009, L1(Flow): 0.000009, Reg: 0.000000
Iter 60 of 180 Loss: 0.000013, L1(Flow): 0.000013, Reg: 0.000000
Iter 70 of 180 Loss: 0.000011, L1(Flow): 0.000011, Reg: 0.000000
Iter 80 of 180 Loss: 0.000009, L1(Flow): 0.000009, Reg: 0.000000
Iter 90 of 180 Loss: 0.000013, L1(Flow): 0.000013, Reg: 0.000000
Iter 100 of 180 Loss: 0.000011, L1(Flow): 0.000011, Reg: 0.000000
Iter 110 of 180 Loss: 0.000010, L1(Flow): 0.000010, Reg: 0.000000
Iter 120 of 180 Loss: 0.000013, L1(Flow): 0.000013, Reg: 0.000000
Iter 130 of 180 Loss: 0.000011, L1(Flow): 0.000011, Reg: 0.000000
Iter 140 of 180 Loss: 0.000009, L1(Flow): 0.000009, Reg: 0.000000
Iter 150 of 180 Loss: 0.000013, L1(Flow): 0.000013, Reg: 0.000000
Iter 160 of 180 Loss: 0.000011, L1(Flow): 0.000011, Reg: 0.000000
Iter 170 of 180 Loss: 0.000009, L1(Flow): 0.000009, Reg: 0.000000
Iter 180 of 180 Loss: 0.000012, L1(Flow): 0.000012, Reg: 0.000000
Epoch 387 Loss: 0.000011
Epoch 387 Validation: Mean EPE: 0.0000, Mean SSIM: 1.0000, Mean ZNCC: 1.0000
Epoch 388 starts
Iter 10 of 180 Loss: 0.000011, L1(Flow): 0.000011, Reg: 0.000000
Iter 20 of 180 Loss: 0.000009, L1(Flow): 0.000009, Reg: 0.000000
Iter 30 of 180 Loss: 0.000012, L1(Flow): 0.000012, Reg: 0.000000
Iter 40 of 180 Loss: 0.000011, L1(Flow): 0.000011, Reg: 0.000000
Iter 50 of 180 Loss: 0.000009, L1(Flow): 0.000009, Reg: 0.000000
Iter 60 of 180 Loss: 0.000013, L1(Flow): 0.000013, Reg: 0.000000
Iter 70 of 180 Loss: 0.000012, L1(Flow): 0.000012, Reg: 0.000000
Iter 80 of 180 Loss: 0.000010, L1(Flow): 0.000010, Reg: 0.000000
Iter 90 of 180 Loss: 0.000013, L1(Flow): 0.000013, Reg: 0.000000
Iter 100 of 180 Loss: 0.000012, L1(Flow): 0.000012, Reg: 0.000000
Iter 110 of 180 Loss: 0.000008, L1(Flow): 0.000008, Reg: 0.000000
Iter 120 of 180 Loss: 0.000012, L1(Flow): 0.000012, Reg: 0.000000
Iter 130 of 180 Loss: 0.000011, L1(Flow): 0.000011, Reg: 0.000000
Iter 140 of 180 Loss: 0.000009, L1(Flow): 0.000009, Reg: 0.000000
Iter 150 of 180 Loss: 0.000012, L1(Flow): 0.000012, Reg: 0.000000
Iter 160 of 180 Loss: 0.000011, L1(Flow): 0.000011, Reg: 0.000000
Iter 170 of 180 Loss: 0.000009, L1(Flow): 0.000009, Reg: 0.000000
Iter 180 of 180 Loss: 0.000012, L1(Flow): 0.000012, Reg: 0.000000
Epoch 388 Loss: 0.000011
Epoch 388 Validation: Mean EPE: 0.0000, Mean SSIM: 1.0000, Mean ZNCC: 1.0000
Epoch 389 starts
Iter 10 of 180 Loss: 0.000011, L1(Flow): 0.000011, Reg: 0.000000
Iter 20 of 180 Loss: 0.000009, L1(Flow): 0.000009, Reg: 0.000000
Iter 30 of 180 Loss: 0.000012, L1(Flow): 0.000012, Reg: 0.000000
Iter 40 of 180 Loss: 0.000011, L1(Flow): 0.000011, Reg: 0.000000
Iter 50 of 180 Loss: 0.000010, L1(Flow): 0.000010, Reg: 0.000000
Iter 60 of 180 Loss: 0.000012, L1(Flow): 0.000012, Reg: 0.000000
Iter 70 of 180 Loss: 0.000011, L1(Flow): 0.000011, Reg: 0.000000
Iter 80 of 180 Loss: 0.000010, L1(Flow): 0.000010, Reg: 0.000000
Iter 90 of 180 Loss: 0.000012, L1(Flow): 0.000012, Reg: 0.000000
Iter 100 of 180 Loss: 0.000011, L1(Flow): 0.000011, Reg: 0.000000
Iter 110 of 180 Loss: 0.000009, L1(Flow): 0.000009, Reg: 0.000000
Iter 120 of 180 Loss: 0.000013, L1(Flow): 0.000013, Reg: 0.000000
Iter 130 of 180 Loss: 0.000011, L1(Flow): 0.000011, Reg: 0.000000
Iter 140 of 180 Loss: 0.000009, L1(Flow): 0.000009, Reg: 0.000000
Iter 150 of 180 Loss: 0.000012, L1(Flow): 0.000012, Reg: 0.000000
Iter 160 of 180 Loss: 0.000011, L1(Flow): 0.000011, Reg: 0.000000
Iter 170 of 180 Loss: 0.000009, L1(Flow): 0.000009, Reg: 0.000000
Iter 180 of 180 Loss: 0.000013, L1(Flow): 0.000013, Reg: 0.000000
Epoch 389 Loss: 0.000011
Epoch 389 Validation: Mean EPE: 0.0000, Mean SSIM: 1.0000, Mean ZNCC: 1.0000
Epoch 390 starts
Iter 10 of 180 Loss: 0.000011, L1(Flow): 0.000011, Reg: 0.000000
Iter 20 of 180 Loss: 0.000008, L1(Flow): 0.000008, Reg: 0.000000
Iter 30 of 180 Loss: 0.000012, L1(Flow): 0.000012, Reg: 0.000000
Iter 40 of 180 Loss: 0.000011, L1(Flow): 0.000011, Reg: 0.000000
Iter 50 of 180 Loss: 0.000009, L1(Flow): 0.000009, Reg: 0.000000
Iter 60 of 180 Loss: 0.000012, L1(Flow): 0.000012, Reg: 0.000000
Iter 70 of 180 Loss: 0.000011, L1(Flow): 0.000011, Reg: 0.000000
Iter 80 of 180 Loss: 0.000009, L1(Flow): 0.000009, Reg: 0.000000
Iter 90 of 180 Loss: 0.000013, L1(Flow): 0.000013, Reg: 0.000000
Iter 100 of 180 Loss: 0.000011, L1(Flow): 0.000011, Reg: 0.000000
Iter 110 of 180 Loss: 0.000009, L1(Flow): 0.000009, Reg: 0.000000
Iter 120 of 180 Loss: 0.000013, L1(Flow): 0.000013, Reg: 0.000000
Iter 130 of 180 Loss: 0.000011, L1(Flow): 0.000011, Reg: 0.000000
Iter 140 of 180 Loss: 0.000008, L1(Flow): 0.000008, Reg: 0.000000
Iter 150 of 180 Loss: 0.000012, L1(Flow): 0.000012, Reg: 0.000000
Iter 160 of 180 Loss: 0.000011, L1(Flow): 0.000011, Reg: 0.000000
Iter 170 of 180 Loss: 0.000009, L1(Flow): 0.000009, Reg: 0.000000
Iter 180 of 180 Loss: 0.000012, L1(Flow): 0.000012, Reg: 0.000000
Epoch 390 Loss: 0.000011
Epoch 390 Validation: Mean EPE: 0.0000, Mean SSIM: 1.0000, Mean ZNCC: 1.0000
Epoch 391 starts
Iter 10 of 180 Loss: 0.000010, L1(Flow): 0.000010, Reg: 0.000000
Iter 20 of 180 Loss: 0.000009, L1(Flow): 0.000009, Reg: 0.000000
Iter 30 of 180 Loss: 0.000012, L1(Flow): 0.000012, Reg: 0.000000
Iter 40 of 180 Loss: 0.000011, L1(Flow): 0.000011, Reg: 0.000000
Iter 50 of 180 Loss: 0.000009, L1(Flow): 0.000009, Reg: 0.000000
Iter 60 of 180 Loss: 0.000012, L1(Flow): 0.000012, Reg: 0.000000
Iter 70 of 180 Loss: 0.000011, L1(Flow): 0.000011, Reg: 0.000000
Iter 80 of 180 Loss: 0.000009, L1(Flow): 0.000009, Reg: 0.000000
Iter 90 of 180 Loss: 0.000013, L1(Flow): 0.000013, Reg: 0.000000
Iter 100 of 180 Loss: 0.000011, L1(Flow): 0.000011, Reg: 0.000000
Iter 110 of 180 Loss: 0.000009, L1(Flow): 0.000009, Reg: 0.000000
Iter 120 of 180 Loss: 0.000012, L1(Flow): 0.000012, Reg: 0.000000
Iter 130 of 180 Loss: 0.000011, L1(Flow): 0.000011, Reg: 0.000000
Iter 140 of 180 Loss: 0.000009, L1(Flow): 0.000009, Reg: 0.000000
Iter 150 of 180 Loss: 0.000012, L1(Flow): 0.000012, Reg: 0.000000
Iter 160 of 180 Loss: 0.000011, L1(Flow): 0.000011, Reg: 0.000000
Iter 170 of 180 Loss: 0.000009, L1(Flow): 0.000009, Reg: 0.000000
Iter 180 of 180 Loss: 0.000012, L1(Flow): 0.000012, Reg: 0.000000
Epoch 391 Loss: 0.000011
Epoch 391 Validation: Mean EPE: 0.0000, Mean SSIM: 1.0000, Mean ZNCC: 1.0000
Epoch 392 starts
Iter 10 of 180 Loss: 0.000011, L1(Flow): 0.000011, Reg: 0.000000
Iter 20 of 180 Loss: 0.000009, L1(Flow): 0.000009, Reg: 0.000000
Iter 30 of 180 Loss: 0.000012, L1(Flow): 0.000012, Reg: 0.000000
Iter 40 of 180 Loss: 0.000011, L1(Flow): 0.000011, Reg: 0.000000
Iter 50 of 180 Loss: 0.000009, L1(Flow): 0.000009, Reg: 0.000000
Iter 60 of 180 Loss: 0.000012, L1(Flow): 0.000012, Reg: 0.000000
Iter 70 of 180 Loss: 0.000011, L1(Flow): 0.000011, Reg: 0.000000
Iter 80 of 180 Loss: 0.000009, L1(Flow): 0.000009, Reg: 0.000000
Iter 90 of 180 Loss: 0.000013, L1(Flow): 0.000013, Reg: 0.000000
Iter 100 of 180 Loss: 0.000011, L1(Flow): 0.000011, Reg: 0.000000
Iter 110 of 180 Loss: 0.000009, L1(Flow): 0.000009, Reg: 0.000000
Iter 120 of 180 Loss: 0.000013, L1(Flow): 0.000013, Reg: 0.000000
Iter 130 of 180 Loss: 0.000011, L1(Flow): 0.000011, Reg: 0.000000
Iter 140 of 180 Loss: 0.000009, L1(Flow): 0.000009, Reg: 0.000000
Iter 150 of 180 Loss: 0.000012, L1(Flow): 0.000012, Reg: 0.000000
Iter 160 of 180 Loss: 0.000011, L1(Flow): 0.000011, Reg: 0.000000
Iter 170 of 180 Loss: 0.000009, L1(Flow): 0.000009, Reg: 0.000000
Iter 180 of 180 Loss: 0.000012, L1(Flow): 0.000012, Reg: 0.000000
Epoch 392 Loss: 0.000011
Epoch 392 Validation: Mean EPE: 0.0000, Mean SSIM: 1.0000, Mean ZNCC: 1.0000
Epoch 393 starts
Iter 10 of 180 Loss: 0.000011, L1(Flow): 0.000011, Reg: 0.000000
Iter 20 of 180 Loss: 0.000010, L1(Flow): 0.000010, Reg: 0.000000
Iter 30 of 180 Loss: 0.000013, L1(Flow): 0.000013, Reg: 0.000000
Iter 40 of 180 Loss: 0.000011, L1(Flow): 0.000011, Reg: 0.000000
Iter 50 of 180 Loss: 0.000009, L1(Flow): 0.000009, Reg: 0.000000
Iter 60 of 180 Loss: 0.000013, L1(Flow): 0.000013, Reg: 0.000000
Iter 70 of 180 Loss: 0.000010, L1(Flow): 0.000010, Reg: 0.000000
Iter 80 of 180 Loss: 0.000009, L1(Flow): 0.000009, Reg: 0.000000
Iter 90 of 180 Loss: 0.000013, L1(Flow): 0.000013, Reg: 0.000000
Iter 100 of 180 Loss: 0.000010, L1(Flow): 0.000010, Reg: 0.000000
Iter 110 of 180 Loss: 0.000009, L1(Flow): 0.000009, Reg: 0.000000
Iter 120 of 180 Loss: 0.000013, L1(Flow): 0.000013, Reg: 0.000000
Iter 130 of 180 Loss: 0.000010, L1(Flow): 0.000010, Reg: 0.000000
Iter 140 of 180 Loss: 0.000009, L1(Flow): 0.000009, Reg: 0.000000
Iter 150 of 180 Loss: 0.000013, L1(Flow): 0.000013, Reg: 0.000000
Iter 160 of 180 Loss: 0.000011, L1(Flow): 0.000011, Reg: 0.000000
Iter 170 of 180 Loss: 0.000009, L1(Flow): 0.000009, Reg: 0.000000
Iter 180 of 180 Loss: 0.000013, L1(Flow): 0.000013, Reg: 0.000000
Epoch 393 Loss: 0.000011
Epoch 393 Validation: Mean EPE: 0.0000, Mean SSIM: 1.0000, Mean ZNCC: 1.0000
Epoch 394 starts
Iter 10 of 180 Loss: 0.000011, L1(Flow): 0.000011, Reg: 0.000000
Iter 20 of 180 Loss: 0.000009, L1(Flow): 0.000009, Reg: 0.000000
Iter 30 of 180 Loss: 0.000013, L1(Flow): 0.000013, Reg: 0.000000
Iter 40 of 180 Loss: 0.000010, L1(Flow): 0.000010, Reg: 0.000000
Iter 50 of 180 Loss: 0.000009, L1(Flow): 0.000009, Reg: 0.000000
Iter 60 of 180 Loss: 0.000013, L1(Flow): 0.000013, Reg: 0.000000
Iter 70 of 180 Loss: 0.000011, L1(Flow): 0.000011, Reg: 0.000000
Iter 80 of 180 Loss: 0.000009, L1(Flow): 0.000009, Reg: 0.000000
Iter 90 of 180 Loss: 0.000013, L1(Flow): 0.000013, Reg: 0.000000
Iter 100 of 180 Loss: 0.000011, L1(Flow): 0.000011, Reg: 0.000000
Iter 110 of 180 Loss: 0.000010, L1(Flow): 0.000010, Reg: 0.000000
Iter 120 of 180 Loss: 0.000013, L1(Flow): 0.000013, Reg: 0.000000
Iter 130 of 180 Loss: 0.000011, L1(Flow): 0.000011, Reg: 0.000000
Iter 140 of 180 Loss: 0.000009, L1(Flow): 0.000009, Reg: 0.000000
Iter 150 of 180 Loss: 0.000013, L1(Flow): 0.000013, Reg: 0.000000
Iter 160 of 180 Loss: 0.000010, L1(Flow): 0.000010, Reg: 0.000000
Iter 170 of 180 Loss: 0.000009, L1(Flow): 0.000009, Reg: 0.000000
Iter 180 of 180 Loss: 0.000012, L1(Flow): 0.000012, Reg: 0.000000
Epoch 394 Loss: 0.000011
Epoch 394 Validation: Mean EPE: 0.0000, Mean SSIM: 1.0000, Mean ZNCC: 1.0000
Epoch 395 starts
Iter 10 of 180 Loss: 0.000011, L1(Flow): 0.000011, Reg: 0.000000
Iter 20 of 180 Loss: 0.000010, L1(Flow): 0.000010, Reg: 0.000000
Iter 30 of 180 Loss: 0.000013, L1(Flow): 0.000013, Reg: 0.000000
Iter 40 of 180 Loss: 0.000011, L1(Flow): 0.000011, Reg: 0.000000
Iter 50 of 180 Loss: 0.000010, L1(Flow): 0.000010, Reg: 0.000000
Iter 60 of 180 Loss: 0.000013, L1(Flow): 0.000013, Reg: 0.000000
Iter 70 of 180 Loss: 0.000011, L1(Flow): 0.000011, Reg: 0.000000
Iter 80 of 180 Loss: 0.000009, L1(Flow): 0.000009, Reg: 0.000000
Iter 90 of 180 Loss: 0.000013, L1(Flow): 0.000013, Reg: 0.000000
Iter 100 of 180 Loss: 0.000011, L1(Flow): 0.000011, Reg: 0.000000
Iter 110 of 180 Loss: 0.000010, L1(Flow): 0.000010, Reg: 0.000000
Iter 120 of 180 Loss: 0.000013, L1(Flow): 0.000013, Reg: 0.000000
Iter 130 of 180 Loss: 0.000010, L1(Flow): 0.000010, Reg: 0.000000
Iter 140 of 180 Loss: 0.000009, L1(Flow): 0.000009, Reg: 0.000000
Iter 150 of 180 Loss: 0.000013, L1(Flow): 0.000013, Reg: 0.000000
Iter 160 of 180 Loss: 0.000010, L1(Flow): 0.000010, Reg: 0.000000
Iter 170 of 180 Loss: 0.000009, L1(Flow): 0.000009, Reg: 0.000000
Iter 180 of 180 Loss: 0.000013, L1(Flow): 0.000013, Reg: 0.000000
Epoch 395 Loss: 0.000011
Epoch 395 Validation: Mean EPE: 0.0000, Mean SSIM: 1.0000, Mean ZNCC: 1.0000
Epoch 396 starts
Iter 10 of 180 Loss: 0.000010, L1(Flow): 0.000010, Reg: 0.000000
Iter 20 of 180 Loss: 0.000009, L1(Flow): 0.000009, Reg: 0.000000
Iter 30 of 180 Loss: 0.000013, L1(Flow): 0.000013, Reg: 0.000000
Iter 40 of 180 Loss: 0.000011, L1(Flow): 0.000011, Reg: 0.000000
Iter 50 of 180 Loss: 0.000009, L1(Flow): 0.000009, Reg: 0.000000
Iter 60 of 180 Loss: 0.000013, L1(Flow): 0.000013, Reg: 0.000000
Iter 70 of 180 Loss: 0.000011, L1(Flow): 0.000011, Reg: 0.000000
Iter 80 of 180 Loss: 0.000009, L1(Flow): 0.000009, Reg: 0.000000
Iter 90 of 180 Loss: 0.000012, L1(Flow): 0.000012, Reg: 0.000000
Iter 100 of 180 Loss: 0.000011, L1(Flow): 0.000011, Reg: 0.000000
Iter 110 of 180 Loss: 0.000008, L1(Flow): 0.000008, Reg: 0.000000
Iter 120 of 180 Loss: 0.000012, L1(Flow): 0.000012, Reg: 0.000000
Iter 130 of 180 Loss: 0.000011, L1(Flow): 0.000011, Reg: 0.000000
Iter 140 of 180 Loss: 0.000008, L1(Flow): 0.000008, Reg: 0.000000
Iter 150 of 180 Loss: 0.000012, L1(Flow): 0.000012, Reg: 0.000000
Iter 160 of 180 Loss: 0.000011, L1(Flow): 0.000011, Reg: 0.000000
Iter 170 of 180 Loss: 0.000009, L1(Flow): 0.000009, Reg: 0.000000
Iter 180 of 180 Loss: 0.000013, L1(Flow): 0.000013, Reg: 0.000000
Epoch 396 Loss: 0.000011
Epoch 396 Validation: Mean EPE: 0.0000, Mean SSIM: 1.0000, Mean ZNCC: 1.0000
Epoch 397 starts
Iter 10 of 180 Loss: 0.000011, L1(Flow): 0.000011, Reg: 0.000000
Iter 20 of 180 Loss: 0.000009, L1(Flow): 0.000009, Reg: 0.000000
Iter 30 of 180 Loss: 0.000013, L1(Flow): 0.000013, Reg: 0.000000
Iter 40 of 180 Loss: 0.000011, L1(Flow): 0.000011, Reg: 0.000000
Iter 50 of 180 Loss: 0.000009, L1(Flow): 0.000009, Reg: 0.000000
Iter 60 of 180 Loss: 0.000013, L1(Flow): 0.000013, Reg: 0.000000
Iter 70 of 180 Loss: 0.000011, L1(Flow): 0.000011, Reg: 0.000000
Iter 80 of 180 Loss: 0.000009, L1(Flow): 0.000009, Reg: 0.000000
Iter 90 of 180 Loss: 0.000013, L1(Flow): 0.000013, Reg: 0.000000
Iter 100 of 180 Loss: 0.000011, L1(Flow): 0.000011, Reg: 0.000000
Iter 110 of 180 Loss: 0.000008, L1(Flow): 0.000008, Reg: 0.000000
Iter 120 of 180 Loss: 0.000013, L1(Flow): 0.000013, Reg: 0.000000
Iter 130 of 180 Loss: 0.000011, L1(Flow): 0.000011, Reg: 0.000000
Iter 140 of 180 Loss: 0.000009, L1(Flow): 0.000009, Reg: 0.000000
Iter 150 of 180 Loss: 0.000013, L1(Flow): 0.000013, Reg: 0.000000
Iter 160 of 180 Loss: 0.000011, L1(Flow): 0.000011, Reg: 0.000000
Iter 170 of 180 Loss: 0.000009, L1(Flow): 0.000009, Reg: 0.000000
Iter 180 of 180 Loss: 0.000013, L1(Flow): 0.000013, Reg: 0.000000
Epoch 397 Loss: 0.000011
Epoch 397 Validation: Mean EPE: 0.0000, Mean SSIM: 1.0000, Mean ZNCC: 1.0000
Epoch 398 starts
Iter 10 of 180 Loss: 0.000011, L1(Flow): 0.000011, Reg: 0.000000
Iter 20 of 180 Loss: 0.000009, L1(Flow): 0.000009, Reg: 0.000000
Iter 30 of 180 Loss: 0.000013, L1(Flow): 0.000013, Reg: 0.000000
Iter 40 of 180 Loss: 0.000011, L1(Flow): 0.000011, Reg: 0.000000
Iter 50 of 180 Loss: 0.000008, L1(Flow): 0.000008, Reg: 0.000000
Iter 60 of 180 Loss: 0.000012, L1(Flow): 0.000012, Reg: 0.000000
Iter 70 of 180 Loss: 0.000011, L1(Flow): 0.000011, Reg: 0.000000
Iter 80 of 180 Loss: 0.000009, L1(Flow): 0.000009, Reg: 0.000000
Iter 90 of 180 Loss: 0.000012, L1(Flow): 0.000012, Reg: 0.000000
Iter 100 of 180 Loss: 0.000011, L1(Flow): 0.000011, Reg: 0.000000
Iter 110 of 180 Loss: 0.000009, L1(Flow): 0.000009, Reg: 0.000000
Iter 120 of 180 Loss: 0.000012, L1(Flow): 0.000012, Reg: 0.000000
Iter 130 of 180 Loss: 0.000011, L1(Flow): 0.000011, Reg: 0.000000
Iter 140 of 180 Loss: 0.000009, L1(Flow): 0.000009, Reg: 0.000000
Iter 150 of 180 Loss: 0.000012, L1(Flow): 0.000012, Reg: 0.000000
Iter 160 of 180 Loss: 0.000011, L1(Flow): 0.000011, Reg: 0.000000
Iter 170 of 180 Loss: 0.000009, L1(Flow): 0.000009, Reg: 0.000000
Iter 180 of 180 Loss: 0.000012, L1(Flow): 0.000012, Reg: 0.000000
Epoch 398 Loss: 0.000011
Epoch 398 Validation: Mean EPE: 0.0000, Mean SSIM: 1.0000, Mean ZNCC: 1.0000
Epoch 399 starts
Iter 10 of 180 Loss: 0.000011, L1(Flow): 0.000011, Reg: 0.000000
Iter 20 of 180 Loss: 0.000009, L1(Flow): 0.000009, Reg: 0.000000
Iter 30 of 180 Loss: 0.000013, L1(Flow): 0.000013, Reg: 0.000000
Iter 40 of 180 Loss: 0.000011, L1(Flow): 0.000011, Reg: 0.000000
Iter 50 of 180 Loss: 0.000009, L1(Flow): 0.000009, Reg: 0.000000
Iter 60 of 180 Loss: 0.000013, L1(Flow): 0.000013, Reg: 0.000000
Iter 70 of 180 Loss: 0.000011, L1(Flow): 0.000011, Reg: 0.000000
Iter 80 of 180 Loss: 0.000010, L1(Flow): 0.000010, Reg: 0.000000
Iter 90 of 180 Loss: 0.000013, L1(Flow): 0.000013, Reg: 0.000000
Iter 100 of 180 Loss: 0.000011, L1(Flow): 0.000011, Reg: 0.000000
Iter 110 of 180 Loss: 0.000009, L1(Flow): 0.000009, Reg: 0.000000
Iter 120 of 180 Loss: 0.000013, L1(Flow): 0.000013, Reg: 0.000000
Iter 130 of 180 Loss: 0.000011, L1(Flow): 0.000011, Reg: 0.000000
Iter 140 of 180 Loss: 0.000009, L1(Flow): 0.000009, Reg: 0.000000
Iter 150 of 180 Loss: 0.000012, L1(Flow): 0.000012, Reg: 0.000000
Iter 160 of 180 Loss: 0.000010, L1(Flow): 0.000010, Reg: 0.000000
Iter 170 of 180 Loss: 0.000009, L1(Flow): 0.000009, Reg: 0.000000
Iter 180 of 180 Loss: 0.000013, L1(Flow): 0.000013, Reg: 0.000000
Epoch 399 Loss: 0.000011
Epoch 399 Validation: Mean EPE: 0.0000, Mean SSIM: 1.0000, Mean ZNCC: 1.0000
