nohup: 忽略输入
/data2/xujr/conda-envs/transmorph/lib/python3.10/site-packages/timm/models/layers/__init__.py:49: FutureWarning: Importing from timm.models.layers is deprecated, please import via timm.layers
  warnings.warn(f"Importing from {__name__} is deprecated, please import via timm.layers", FutureWarning)
Diffeomorphic integration enabled: True
/data2/xujr/conda-envs/transmorph/lib/python3.10/site-packages/torch/functional.py:505: UserWarning: torch.meshgrid: in an upcoming release, it will be required to pass the indexing argument. (Triggered internally at /pytorch/aten/src/ATen/native/TensorShape.cpp:4317.)
  return _VF.meshgrid(tensors, **kwargs)  # type: ignore[attr-defined]
2 GPUs used
Epoch 0 starts
Iter 10 of 180 Loss: 4.397600, L1(Flow): 4.397592, Reg: 0.000008
Iter 20 of 180 Loss: 4.572793, L1(Flow): 4.572731, Reg: 0.000063
Iter 30 of 180 Loss: 4.626783, L1(Flow): 4.626487, Reg: 0.000296
Iter 40 of 180 Loss: 4.700937, L1(Flow): 4.700243, Reg: 0.000694
Iter 50 of 180 Loss: 4.218604, L1(Flow): 4.217415, Reg: 0.001189
Iter 60 of 180 Loss: 4.713154, L1(Flow): 4.710813, Reg: 0.002341
Iter 70 of 180 Loss: 4.484447, L1(Flow): 4.481046, Reg: 0.003401
Iter 80 of 180 Loss: 4.533573, L1(Flow): 4.529264, Reg: 0.004309
Iter 90 of 180 Loss: 4.389323, L1(Flow): 4.384021, Reg: 0.005303
Iter 100 of 180 Loss: 4.234439, L1(Flow): 4.227614, Reg: 0.006825
Iter 110 of 180 Loss: 4.315132, L1(Flow): 4.305701, Reg: 0.009431
Iter 120 of 180 Loss: 4.166778, L1(Flow): 4.155689, Reg: 0.011089
Iter 130 of 180 Loss: 4.137858, L1(Flow): 4.127549, Reg: 0.010309
Iter 140 of 180 Loss: 4.323095, L1(Flow): 4.310189, Reg: 0.012907
Iter 150 of 180 Loss: 4.400532, L1(Flow): 4.389944, Reg: 0.010588
Iter 160 of 180 Loss: 4.385054, L1(Flow): 4.374702, Reg: 0.010351
Iter 170 of 180 Loss: 4.274291, L1(Flow): 4.261775, Reg: 0.012516
Iter 180 of 180 Loss: 4.244771, L1(Flow): 4.232966, Reg: 0.011804
Epoch 0 Loss: 4.467435
Epoch 0 Validation: Mean EPE: 6.7805, Mean SSIM: 0.2749, Mean ZNCC: 0.5025
--> Saved to Top 5 best models (EPE: 6.7805)
--> New absolute BEST model updated with EPE: 6.7805
Epoch 1 starts
Iter 10 of 180 Loss: 4.549879, L1(Flow): 4.539681, Reg: 0.010197
Iter 20 of 180 Loss: 4.017838, L1(Flow): 4.003411, Reg: 0.014426
Iter 30 of 180 Loss: 4.531669, L1(Flow): 4.518023, Reg: 0.013646
Iter 40 of 180 Loss: 4.479305, L1(Flow): 4.463523, Reg: 0.015782
Iter 50 of 180 Loss: 4.205751, L1(Flow): 4.189385, Reg: 0.016366
Iter 60 of 180 Loss: 4.370839, L1(Flow): 4.356366, Reg: 0.014473
Iter 70 of 180 Loss: 4.233347, L1(Flow): 4.220077, Reg: 0.013270
Iter 80 of 180 Loss: 3.947445, L1(Flow): 3.932456, Reg: 0.014989
Iter 90 of 180 Loss: 4.174164, L1(Flow): 4.160166, Reg: 0.013998
Iter 100 of 180 Loss: 4.288054, L1(Flow): 4.273003, Reg: 0.015051
Iter 110 of 180 Loss: 3.966095, L1(Flow): 3.952399, Reg: 0.013696
Iter 120 of 180 Loss: 4.259016, L1(Flow): 4.244956, Reg: 0.014060
Iter 130 of 180 Loss: 4.511377, L1(Flow): 4.497554, Reg: 0.013823
Iter 140 of 180 Loss: 3.787522, L1(Flow): 3.772434, Reg: 0.015088
Iter 150 of 180 Loss: 4.173285, L1(Flow): 4.159364, Reg: 0.013921
Iter 160 of 180 Loss: 4.413854, L1(Flow): 4.398201, Reg: 0.015653
Iter 170 of 180 Loss: 4.106722, L1(Flow): 4.090212, Reg: 0.016510
Iter 180 of 180 Loss: 3.828779, L1(Flow): 3.810375, Reg: 0.018404
Epoch 1 Loss: 4.230082
Epoch 1 Validation: Mean EPE: 6.4394, Mean SSIM: 0.2885, Mean ZNCC: 0.5119
--> Saved to Top 5 best models (EPE: 6.4394)
--> New absolute BEST model updated with EPE: 6.4394
Epoch 2 starts
Iter 10 of 180 Loss: 4.064129, L1(Flow): 4.047371, Reg: 0.016758
Iter 20 of 180 Loss: 4.043988, L1(Flow): 4.026883, Reg: 0.017105
Iter 30 of 180 Loss: 4.311040, L1(Flow): 4.290533, Reg: 0.020508
Iter 40 of 180 Loss: 4.207855, L1(Flow): 4.189374, Reg: 0.018481
Iter 50 of 180 Loss: 4.134840, L1(Flow): 4.116284, Reg: 0.018556
Iter 60 of 180 Loss: 4.251117, L1(Flow): 4.232292, Reg: 0.018825
Iter 70 of 180 Loss: 3.801880, L1(Flow): 3.780144, Reg: 0.021736
Iter 80 of 180 Loss: 4.601171, L1(Flow): 4.580239, Reg: 0.020932
Iter 90 of 180 Loss: 3.932866, L1(Flow): 3.909359, Reg: 0.023507
Iter 100 of 180 Loss: 4.086850, L1(Flow): 4.064105, Reg: 0.022745
Iter 110 of 180 Loss: 3.472323, L1(Flow): 3.451325, Reg: 0.020998
Iter 120 of 180 Loss: 3.883808, L1(Flow): 3.857738, Reg: 0.026070
Iter 130 of 180 Loss: 3.874943, L1(Flow): 3.852165, Reg: 0.022778
Iter 140 of 180 Loss: 4.099526, L1(Flow): 4.075424, Reg: 0.024103
Iter 150 of 180 Loss: 4.051146, L1(Flow): 4.025342, Reg: 0.025804
Iter 160 of 180 Loss: 4.161615, L1(Flow): 4.136298, Reg: 0.025317
Iter 170 of 180 Loss: 3.557216, L1(Flow): 3.530590, Reg: 0.026626
Iter 180 of 180 Loss: 3.734029, L1(Flow): 3.707879, Reg: 0.026150
Epoch 2 Loss: 3.988948
Epoch 2 Validation: Mean EPE: 6.0556, Mean SSIM: 0.3033, Mean ZNCC: 0.5214
--> Saved to Top 5 best models (EPE: 6.0556)
--> New absolute BEST model updated with EPE: 6.0556
Epoch 3 starts
Iter 10 of 180 Loss: 3.977815, L1(Flow): 3.953130, Reg: 0.024685
Iter 20 of 180 Loss: 3.523510, L1(Flow): 3.496375, Reg: 0.027135
Iter 30 of 180 Loss: 3.452628, L1(Flow): 3.424642, Reg: 0.027986
Iter 40 of 180 Loss: 3.825216, L1(Flow): 3.796278, Reg: 0.028939
Iter 50 of 180 Loss: 3.760756, L1(Flow): 3.732703, Reg: 0.028053
Iter 60 of 180 Loss: 3.856295, L1(Flow): 3.827151, Reg: 0.029144
Iter 70 of 180 Loss: 3.579380, L1(Flow): 3.551701, Reg: 0.027678
Iter 80 of 180 Loss: 3.756862, L1(Flow): 3.728181, Reg: 0.028681
Iter 90 of 180 Loss: 3.999940, L1(Flow): 3.970369, Reg: 0.029571
Iter 100 of 180 Loss: 3.619823, L1(Flow): 3.588740, Reg: 0.031083
Iter 110 of 180 Loss: 3.761781, L1(Flow): 3.731050, Reg: 0.030731
Iter 120 of 180 Loss: 3.667425, L1(Flow): 3.639168, Reg: 0.028257
Iter 130 of 180 Loss: 3.795122, L1(Flow): 3.758430, Reg: 0.036692
Iter 140 of 180 Loss: 3.691846, L1(Flow): 3.661884, Reg: 0.029962
Iter 150 of 180 Loss: 3.830003, L1(Flow): 3.795550, Reg: 0.034453
Iter 160 of 180 Loss: 3.587198, L1(Flow): 3.554997, Reg: 0.032202
Iter 170 of 180 Loss: 3.322302, L1(Flow): 3.288310, Reg: 0.033992
Iter 180 of 180 Loss: 3.651395, L1(Flow): 3.618721, Reg: 0.032675
Epoch 3 Loss: 3.734065
Epoch 3 Validation: Mean EPE: 5.7185, Mean SSIM: 0.3148, Mean ZNCC: 0.5287
--> Saved to Top 5 best models (EPE: 5.7185)
--> New absolute BEST model updated with EPE: 5.7185
Epoch 4 starts
Iter 10 of 180 Loss: 3.738610, L1(Flow): 3.703701, Reg: 0.034910
Iter 20 of 180 Loss: 3.535311, L1(Flow): 3.498791, Reg: 0.036520
Iter 30 of 180 Loss: 3.707721, L1(Flow): 3.671309, Reg: 0.036412
Iter 40 of 180 Loss: 3.540503, L1(Flow): 3.505657, Reg: 0.034845
Iter 50 of 180 Loss: 3.561833, L1(Flow): 3.526805, Reg: 0.035028
Iter 60 of 180 Loss: 3.841685, L1(Flow): 3.807156, Reg: 0.034529
Iter 70 of 180 Loss: 3.315187, L1(Flow): 3.279302, Reg: 0.035885
Iter 80 of 180 Loss: 3.714428, L1(Flow): 3.676090, Reg: 0.038337
Iter 90 of 180 Loss: 3.807852, L1(Flow): 3.771823, Reg: 0.036029
Iter 100 of 180 Loss: 3.497340, L1(Flow): 3.460972, Reg: 0.036368
Iter 110 of 180 Loss: 3.597844, L1(Flow): 3.560392, Reg: 0.037452
Iter 120 of 180 Loss: 3.645047, L1(Flow): 3.608948, Reg: 0.036099
Iter 130 of 180 Loss: 3.629734, L1(Flow): 3.591567, Reg: 0.038167
Iter 140 of 180 Loss: 3.656221, L1(Flow): 3.620666, Reg: 0.035556
Iter 150 of 180 Loss: 3.259643, L1(Flow): 3.220718, Reg: 0.038925
Iter 160 of 180 Loss: 3.318134, L1(Flow): 3.275331, Reg: 0.042803
Iter 170 of 180 Loss: 3.317276, L1(Flow): 3.280315, Reg: 0.036961
Iter 180 of 180 Loss: 3.153154, L1(Flow): 3.113345, Reg: 0.039809
Epoch 4 Loss: 3.531325
Epoch 4 Validation: Mean EPE: 5.4397, Mean SSIM: 0.3248, Mean ZNCC: 0.5355
--> Saved to Top 5 best models (EPE: 5.4397)
--> New absolute BEST model updated with EPE: 5.4397
Epoch 5 starts
Iter 10 of 180 Loss: 3.209735, L1(Flow): 3.173687, Reg: 0.036048
Iter 20 of 180 Loss: 3.658811, L1(Flow): 3.619969, Reg: 0.038842
Iter 30 of 180 Loss: 3.416677, L1(Flow): 3.377477, Reg: 0.039200
Iter 40 of 180 Loss: 3.563251, L1(Flow): 3.524742, Reg: 0.038509
Iter 50 of 180 Loss: 3.303061, L1(Flow): 3.264780, Reg: 0.038281
Iter 60 of 180 Loss: 3.531696, L1(Flow): 3.491529, Reg: 0.040166
Iter 70 of 180 Loss: 3.134499, L1(Flow): 3.097982, Reg: 0.036516
Iter 80 of 180 Loss: 3.516314, L1(Flow): 3.476410, Reg: 0.039904
Iter 90 of 180 Loss: 3.631605, L1(Flow): 3.591151, Reg: 0.040454
Iter 100 of 180 Loss: 3.433988, L1(Flow): 3.395344, Reg: 0.038644
Iter 110 of 180 Loss: 3.395980, L1(Flow): 3.356680, Reg: 0.039300
Iter 120 of 180 Loss: 3.262054, L1(Flow): 3.221323, Reg: 0.040731
Iter 130 of 180 Loss: 3.170316, L1(Flow): 3.129677, Reg: 0.040638
Iter 140 of 180 Loss: 3.261981, L1(Flow): 3.219024, Reg: 0.042957
Iter 150 of 180 Loss: 3.366092, L1(Flow): 3.325119, Reg: 0.040973
Iter 160 of 180 Loss: 3.457094, L1(Flow): 3.416786, Reg: 0.040308
Iter 170 of 180 Loss: 3.298497, L1(Flow): 3.258287, Reg: 0.040210
Iter 180 of 180 Loss: 3.800982, L1(Flow): 3.759799, Reg: 0.041184
Epoch 5 Loss: 3.361727
Epoch 5 Validation: Mean EPE: 5.1907, Mean SSIM: 0.3312, Mean ZNCC: 0.5390
--> Saved to Top 5 best models (EPE: 5.1907)
--> New absolute BEST model updated with EPE: 5.1907
Epoch 6 starts
Iter 10 of 180 Loss: 3.348322, L1(Flow): 3.305540, Reg: 0.042782
Iter 20 of 180 Loss: 3.385950, L1(Flow): 3.345001, Reg: 0.040948
Iter 30 of 180 Loss: 3.238833, L1(Flow): 3.197461, Reg: 0.041371
Iter 40 of 180 Loss: 3.050147, L1(Flow): 3.006240, Reg: 0.043906
Iter 50 of 180 Loss: 3.245975, L1(Flow): 3.200819, Reg: 0.045156
Iter 60 of 180 Loss: 3.485813, L1(Flow): 3.440449, Reg: 0.045364
Iter 70 of 180 Loss: 2.785833, L1(Flow): 2.742129, Reg: 0.043704
Iter 80 of 180 Loss: 3.377454, L1(Flow): 3.335852, Reg: 0.041602
Iter 90 of 180 Loss: 3.437770, L1(Flow): 3.397055, Reg: 0.040715
Iter 100 of 180 Loss: 3.143569, L1(Flow): 3.098585, Reg: 0.044984
Iter 110 of 180 Loss: 3.191367, L1(Flow): 3.144288, Reg: 0.047079
Iter 120 of 180 Loss: 3.139914, L1(Flow): 3.097709, Reg: 0.042205
Iter 130 of 180 Loss: 3.026934, L1(Flow): 2.980636, Reg: 0.046298
Iter 140 of 180 Loss: 3.497221, L1(Flow): 3.453197, Reg: 0.044024
Iter 150 of 180 Loss: 3.325172, L1(Flow): 3.283197, Reg: 0.041975
Iter 160 of 180 Loss: 3.005490, L1(Flow): 2.960900, Reg: 0.044590
Iter 170 of 180 Loss: 3.261023, L1(Flow): 3.215379, Reg: 0.045644
Iter 180 of 180 Loss: 3.049891, L1(Flow): 3.006883, Reg: 0.043008
Epoch 6 Loss: 3.217512
Epoch 6 Validation: Mean EPE: 4.9742, Mean SSIM: 0.3395, Mean ZNCC: 0.5458
--> Saved to Top 5 best models (EPE: 4.9742)
--> New absolute BEST model updated with EPE: 4.9742
Epoch 7 starts
Iter 10 of 180 Loss: 3.089480, L1(Flow): 3.042492, Reg: 0.046989
Iter 20 of 180 Loss: 3.279133, L1(Flow): 3.235813, Reg: 0.043320
Iter 30 of 180 Loss: 3.012530, L1(Flow): 2.963184, Reg: 0.049346
Iter 40 of 180 Loss: 2.987005, L1(Flow): 2.941559, Reg: 0.045447
Iter 50 of 180 Loss: 3.344787, L1(Flow): 3.297639, Reg: 0.047148
Iter 60 of 180 Loss: 3.050655, L1(Flow): 3.001446, Reg: 0.049209
Iter 70 of 180 Loss: 3.158578, L1(Flow): 3.114047, Reg: 0.044531
Iter 80 of 180 Loss: 3.072741, L1(Flow): 3.028247, Reg: 0.044494
Iter 90 of 180 Loss: 3.042703, L1(Flow): 2.997951, Reg: 0.044752
Iter 100 of 180 Loss: 3.112885, L1(Flow): 3.066627, Reg: 0.046257
Iter 110 of 180 Loss: 3.092462, L1(Flow): 3.046953, Reg: 0.045509
Iter 120 of 180 Loss: 3.148034, L1(Flow): 3.100699, Reg: 0.047335
Iter 130 of 180 Loss: 3.140965, L1(Flow): 3.093355, Reg: 0.047609
Iter 140 of 180 Loss: 3.273552, L1(Flow): 3.224384, Reg: 0.049168
Iter 150 of 180 Loss: 3.130504, L1(Flow): 3.083166, Reg: 0.047338
Iter 160 of 180 Loss: 3.198902, L1(Flow): 3.155375, Reg: 0.043527
Iter 170 of 180 Loss: 2.832003, L1(Flow): 2.781424, Reg: 0.050580
Iter 180 of 180 Loss: 3.211333, L1(Flow): 3.165849, Reg: 0.045484
Epoch 7 Loss: 3.081278
Epoch 7 Validation: Mean EPE: 4.7638, Mean SSIM: 0.3468, Mean ZNCC: 0.5501
--> Saved to Top 5 best models (EPE: 4.7638)
--> New absolute BEST model updated with EPE: 4.7638
Epoch 8 starts
Iter 10 of 180 Loss: 2.912830, L1(Flow): 2.864030, Reg: 0.048800
Iter 20 of 180 Loss: 3.185218, L1(Flow): 3.134360, Reg: 0.050857
Iter 30 of 180 Loss: 3.141309, L1(Flow): 3.094854, Reg: 0.046455
Iter 40 of 180 Loss: 2.903493, L1(Flow): 2.854221, Reg: 0.049271
Iter 50 of 180 Loss: 2.863611, L1(Flow): 2.815686, Reg: 0.047925
Iter 60 of 180 Loss: 2.935526, L1(Flow): 2.890841, Reg: 0.044686
Iter 70 of 180 Loss: 3.087599, L1(Flow): 3.040194, Reg: 0.047405
Iter 80 of 180 Loss: 3.131069, L1(Flow): 3.080372, Reg: 0.050698
Iter 90 of 180 Loss: 2.878781, L1(Flow): 2.826445, Reg: 0.052336
Iter 100 of 180 Loss: 2.878161, L1(Flow): 2.830059, Reg: 0.048102
Iter 110 of 180 Loss: 2.975241, L1(Flow): 2.926221, Reg: 0.049020
Iter 120 of 180 Loss: 2.849805, L1(Flow): 2.800134, Reg: 0.049671
Iter 130 of 180 Loss: 3.072444, L1(Flow): 3.020310, Reg: 0.052134
Iter 140 of 180 Loss: 3.178463, L1(Flow): 3.126866, Reg: 0.051596
Iter 150 of 180 Loss: 3.113603, L1(Flow): 3.067319, Reg: 0.046284
Iter 160 of 180 Loss: 2.818892, L1(Flow): 2.771818, Reg: 0.047074
Iter 170 of 180 Loss: 2.770827, L1(Flow): 2.724981, Reg: 0.045846
Iter 180 of 180 Loss: 3.008466, L1(Flow): 2.952437, Reg: 0.056029
Epoch 8 Loss: 2.947239
Epoch 8 Validation: Mean EPE: 4.5712, Mean SSIM: 0.3552, Mean ZNCC: 0.5553
--> Saved to Top 5 best models (EPE: 4.5712)
--> New absolute BEST model updated with EPE: 4.5712
Epoch 9 starts
Iter 10 of 180 Loss: 2.928806, L1(Flow): 2.869701, Reg: 0.059105
Iter 20 of 180 Loss: 2.893405, L1(Flow): 2.845300, Reg: 0.048105
Iter 30 of 180 Loss: 2.893906, L1(Flow): 2.847629, Reg: 0.046277
Iter 40 of 180 Loss: 3.040498, L1(Flow): 2.992563, Reg: 0.047935
Iter 50 of 180 Loss: 2.812502, L1(Flow): 2.769622, Reg: 0.042880
Iter 60 of 180 Loss: 2.643518, L1(Flow): 2.591497, Reg: 0.052022
Iter 70 of 180 Loss: 2.998271, L1(Flow): 2.947322, Reg: 0.050949
Iter 80 of 180 Loss: 2.805825, L1(Flow): 2.754585, Reg: 0.051240
Iter 90 of 180 Loss: 2.798907, L1(Flow): 2.747756, Reg: 0.051151
Iter 100 of 180 Loss: 2.802650, L1(Flow): 2.749355, Reg: 0.053296
Iter 110 of 180 Loss: 2.683288, L1(Flow): 2.637653, Reg: 0.045635
Iter 120 of 180 Loss: 2.712402, L1(Flow): 2.665306, Reg: 0.047096
Iter 130 of 180 Loss: 2.914456, L1(Flow): 2.869261, Reg: 0.045195
Iter 140 of 180 Loss: 2.895631, L1(Flow): 2.841257, Reg: 0.054374
Iter 150 of 180 Loss: 2.953445, L1(Flow): 2.902018, Reg: 0.051427
Iter 160 of 180 Loss: 3.042086, L1(Flow): 2.990771, Reg: 0.051316
Iter 170 of 180 Loss: 2.788244, L1(Flow): 2.734708, Reg: 0.053537
Iter 180 of 180 Loss: 2.621242, L1(Flow): 2.574260, Reg: 0.046982
Epoch 9 Loss: 2.834734
Epoch 9 Validation: Mean EPE: 4.3790, Mean SSIM: 0.3597, Mean ZNCC: 0.5581
--> Saved to Top 5 best models (EPE: 4.3790)
--> New absolute BEST model updated with EPE: 4.3790
Epoch 10 starts
Iter 10 of 180 Loss: 2.630906, L1(Flow): 2.577682, Reg: 0.053224
Iter 20 of 180 Loss: 2.698958, L1(Flow): 2.645430, Reg: 0.053529
Iter 30 of 180 Loss: 2.679527, L1(Flow): 2.628688, Reg: 0.050838
Iter 40 of 180 Loss: 2.848177, L1(Flow): 2.798391, Reg: 0.049786
Iter 50 of 180 Loss: 2.701831, L1(Flow): 2.644161, Reg: 0.057671
Iter 60 of 180 Loss: 2.637864, L1(Flow): 2.585853, Reg: 0.052011
Iter 70 of 180 Loss: 2.736665, L1(Flow): 2.683548, Reg: 0.053117
Iter 80 of 180 Loss: 2.686466, L1(Flow): 2.629830, Reg: 0.056636
Iter 90 of 180 Loss: 2.523268, L1(Flow): 2.467989, Reg: 0.055279
Iter 100 of 180 Loss: 2.647512, L1(Flow): 2.595546, Reg: 0.051966
Iter 110 of 180 Loss: 2.820205, L1(Flow): 2.768444, Reg: 0.051761
Iter 120 of 180 Loss: 2.637401, L1(Flow): 2.585240, Reg: 0.052161
Iter 130 of 180 Loss: 2.720634, L1(Flow): 2.666613, Reg: 0.054021
Iter 140 of 180 Loss: 2.655615, L1(Flow): 2.601847, Reg: 0.053768
Iter 150 of 180 Loss: 2.487023, L1(Flow): 2.436418, Reg: 0.050605
Iter 160 of 180 Loss: 2.562425, L1(Flow): 2.505742, Reg: 0.056683
Iter 170 of 180 Loss: 2.907650, L1(Flow): 2.847621, Reg: 0.060029
Iter 180 of 180 Loss: 2.216570, L1(Flow): 2.159122, Reg: 0.057448
Epoch 10 Loss: 2.720512
Epoch 10 Validation: Mean EPE: 4.2122, Mean SSIM: 0.3650, Mean ZNCC: 0.5622
--> Saved to Top 5 best models (EPE: 4.2122)
--> New absolute BEST model updated with EPE: 4.2122
Epoch 11 starts
Iter 10 of 180 Loss: 2.868953, L1(Flow): 2.810051, Reg: 0.058902
Iter 20 of 180 Loss: 2.752354, L1(Flow): 2.695814, Reg: 0.056540
Iter 30 of 180 Loss: 2.664717, L1(Flow): 2.608200, Reg: 0.056517
Iter 40 of 180 Loss: 2.401892, L1(Flow): 2.342862, Reg: 0.059029
Iter 50 of 180 Loss: 2.726038, L1(Flow): 2.664284, Reg: 0.061754
Iter 60 of 180 Loss: 2.830624, L1(Flow): 2.769308, Reg: 0.061316
Iter 70 of 180 Loss: 2.633601, L1(Flow): 2.569478, Reg: 0.064123
Iter 80 of 180 Loss: 2.806020, L1(Flow): 2.750818, Reg: 0.055202
Iter 90 of 180 Loss: 2.555019, L1(Flow): 2.493618, Reg: 0.061401
Iter 100 of 180 Loss: 2.559605, L1(Flow): 2.499137, Reg: 0.060468
Iter 110 of 180 Loss: 2.743253, L1(Flow): 2.684823, Reg: 0.058430
Iter 120 of 180 Loss: 2.512137, L1(Flow): 2.462744, Reg: 0.049392
Iter 130 of 180 Loss: 2.732727, L1(Flow): 2.673844, Reg: 0.058883
Iter 140 of 180 Loss: 2.696204, L1(Flow): 2.641351, Reg: 0.054853
Iter 150 of 180 Loss: 2.495621, L1(Flow): 2.443194, Reg: 0.052427
Iter 160 of 180 Loss: 2.413485, L1(Flow): 2.363499, Reg: 0.049986
Iter 170 of 180 Loss: 2.720962, L1(Flow): 2.666523, Reg: 0.054439
Iter 180 of 180 Loss: 2.780696, L1(Flow): 2.718791, Reg: 0.061906
Epoch 11 Loss: 2.617230
Epoch 11 Validation: Mean EPE: 4.0495, Mean SSIM: 0.3713, Mean ZNCC: 0.5664
--> Saved to Top 5 best models (EPE: 4.0495)
--> New absolute BEST model updated with EPE: 4.0495
Epoch 12 starts
Iter 10 of 180 Loss: 2.486589, L1(Flow): 2.420214, Reg: 0.066375
Iter 20 of 180 Loss: 2.669491, L1(Flow): 2.604471, Reg: 0.065020
Iter 30 of 180 Loss: 2.399942, L1(Flow): 2.346679, Reg: 0.053263
Iter 40 of 180 Loss: 2.324070, L1(Flow): 2.266581, Reg: 0.057488
Iter 50 of 180 Loss: 2.352774, L1(Flow): 2.300841, Reg: 0.051932
Iter 60 of 180 Loss: 2.457181, L1(Flow): 2.397116, Reg: 0.060065
Iter 70 of 180 Loss: 2.419792, L1(Flow): 2.363537, Reg: 0.056255
Iter 80 of 180 Loss: 2.518361, L1(Flow): 2.456378, Reg: 0.061983
Iter 90 of 180 Loss: 2.523298, L1(Flow): 2.463439, Reg: 0.059858
Iter 100 of 180 Loss: 2.539096, L1(Flow): 2.478076, Reg: 0.061020
Iter 110 of 180 Loss: 2.318428, L1(Flow): 2.258069, Reg: 0.060359
Iter 120 of 180 Loss: 2.618587, L1(Flow): 2.556652, Reg: 0.061935
Iter 130 of 180 Loss: 2.387072, L1(Flow): 2.327172, Reg: 0.059900
Iter 140 of 180 Loss: 2.453333, L1(Flow): 2.393031, Reg: 0.060302
Iter 150 of 180 Loss: 2.442337, L1(Flow): 2.381265, Reg: 0.061072
Iter 160 of 180 Loss: 2.591261, L1(Flow): 2.528644, Reg: 0.062617
Iter 170 of 180 Loss: 2.206952, L1(Flow): 2.146780, Reg: 0.060173
Iter 180 of 180 Loss: 2.648349, L1(Flow): 2.585655, Reg: 0.062694
Epoch 12 Loss: 2.514387
Epoch 12 Validation: Mean EPE: 3.9081, Mean SSIM: 0.3728, Mean ZNCC: 0.5678
--> Saved to Top 5 best models (EPE: 3.9081)
--> New absolute BEST model updated with EPE: 3.9081
Epoch 13 starts
Iter 10 of 180 Loss: 2.658163, L1(Flow): 2.599099, Reg: 0.059063
Iter 20 of 180 Loss: 2.482168, L1(Flow): 2.424736, Reg: 0.057433
Iter 30 of 180 Loss: 2.345704, L1(Flow): 2.288544, Reg: 0.057160
Iter 40 of 180 Loss: 2.401701, L1(Flow): 2.337296, Reg: 0.064405
Iter 50 of 180 Loss: 2.439192, L1(Flow): 2.370804, Reg: 0.068388
Iter 60 of 180 Loss: 2.525624, L1(Flow): 2.463875, Reg: 0.061749
Iter 70 of 180 Loss: 2.215363, L1(Flow): 2.151616, Reg: 0.063747
Iter 80 of 180 Loss: 2.527477, L1(Flow): 2.456275, Reg: 0.071202
Iter 90 of 180 Loss: 2.190117, L1(Flow): 2.131827, Reg: 0.058290
Iter 100 of 180 Loss: 2.459011, L1(Flow): 2.399082, Reg: 0.059929
Iter 110 of 180 Loss: 2.474295, L1(Flow): 2.410618, Reg: 0.063677
Iter 120 of 180 Loss: 2.283040, L1(Flow): 2.224688, Reg: 0.058352
Iter 130 of 180 Loss: 2.410709, L1(Flow): 2.345755, Reg: 0.064954
Iter 140 of 180 Loss: 2.513484, L1(Flow): 2.455022, Reg: 0.058461
Iter 150 of 180 Loss: 2.371825, L1(Flow): 2.308581, Reg: 0.063245
Iter 160 of 180 Loss: 2.374866, L1(Flow): 2.317311, Reg: 0.057555
Iter 170 of 180 Loss: 2.288465, L1(Flow): 2.229845, Reg: 0.058621
Iter 180 of 180 Loss: 2.489563, L1(Flow): 2.423627, Reg: 0.065936
Epoch 13 Loss: 2.419270
Epoch 13 Validation: Mean EPE: 3.7909, Mean SSIM: 0.3774, Mean ZNCC: 0.5711
--> Saved to Top 5 best models (EPE: 3.7909)
--> New absolute BEST model updated with EPE: 3.7909
Epoch 14 starts
Iter 10 of 180 Loss: 2.063253, L1(Flow): 2.011567, Reg: 0.051686
Iter 20 of 180 Loss: 2.310116, L1(Flow): 2.243181, Reg: 0.066935
Iter 30 of 180 Loss: 2.466741, L1(Flow): 2.402795, Reg: 0.063946
Iter 40 of 180 Loss: 2.331298, L1(Flow): 2.270979, Reg: 0.060319
Iter 50 of 180 Loss: 2.168273, L1(Flow): 2.106522, Reg: 0.061750
Iter 60 of 180 Loss: 2.394747, L1(Flow): 2.333498, Reg: 0.061249
Iter 70 of 180 Loss: 2.454689, L1(Flow): 2.395612, Reg: 0.059077
Iter 80 of 180 Loss: 2.852544, L1(Flow): 2.783963, Reg: 0.068581
Iter 90 of 180 Loss: 2.374011, L1(Flow): 2.310870, Reg: 0.063140
Iter 100 of 180 Loss: 2.505690, L1(Flow): 2.446189, Reg: 0.059501
Iter 110 of 180 Loss: 2.384177, L1(Flow): 2.316872, Reg: 0.067305
Iter 120 of 180 Loss: 2.367706, L1(Flow): 2.299544, Reg: 0.068162
Iter 130 of 180 Loss: 2.367118, L1(Flow): 2.299376, Reg: 0.067742
Iter 140 of 180 Loss: 2.176165, L1(Flow): 2.114285, Reg: 0.061880
Iter 150 of 180 Loss: 2.251931, L1(Flow): 2.183851, Reg: 0.068080
Iter 160 of 180 Loss: 2.253031, L1(Flow): 2.189627, Reg: 0.063404
Iter 170 of 180 Loss: 2.248496, L1(Flow): 2.180849, Reg: 0.067647
Iter 180 of 180 Loss: 2.439866, L1(Flow): 2.370466, Reg: 0.069399
Epoch 14 Loss: 2.329237
Epoch 14 Validation: Mean EPE: 3.6482, Mean SSIM: 0.3814, Mean ZNCC: 0.5739
--> Saved to Top 5 best models (EPE: 3.6482)
--> New absolute BEST model updated with EPE: 3.6482
Epoch 15 starts
Iter 10 of 180 Loss: 2.135114, L1(Flow): 2.074172, Reg: 0.060942
Iter 20 of 180 Loss: 2.221578, L1(Flow): 2.155799, Reg: 0.065779
Iter 30 of 180 Loss: 2.178263, L1(Flow): 2.108468, Reg: 0.069795
Iter 40 of 180 Loss: 2.371718, L1(Flow): 2.304496, Reg: 0.067222
Iter 50 of 180 Loss: 2.343923, L1(Flow): 2.278507, Reg: 0.065416
Iter 60 of 180 Loss: 2.176538, L1(Flow): 2.116991, Reg: 0.059547
Iter 70 of 180 Loss: 2.306600, L1(Flow): 2.242139, Reg: 0.064461
Iter 80 of 180 Loss: 2.307860, L1(Flow): 2.241859, Reg: 0.066001
Iter 90 of 180 Loss: 2.091637, L1(Flow): 2.029930, Reg: 0.061707
Iter 100 of 180 Loss: 2.374570, L1(Flow): 2.306600, Reg: 0.067970
Iter 110 of 180 Loss: 2.239465, L1(Flow): 2.178560, Reg: 0.060906
Iter 120 of 180 Loss: 2.421002, L1(Flow): 2.349410, Reg: 0.071592
Iter 130 of 180 Loss: 2.394662, L1(Flow): 2.323015, Reg: 0.071647
Iter 140 of 180 Loss: 2.206832, L1(Flow): 2.144849, Reg: 0.061983
Iter 150 of 180 Loss: 2.141520, L1(Flow): 2.077538, Reg: 0.063981
Iter 160 of 180 Loss: 2.393625, L1(Flow): 2.326728, Reg: 0.066898
Iter 170 of 180 Loss: 2.017668, L1(Flow): 1.951283, Reg: 0.066386
Iter 180 of 180 Loss: 2.129832, L1(Flow): 2.063471, Reg: 0.066361
Epoch 15 Loss: 2.244136
Epoch 15 Validation: Mean EPE: 3.5419, Mean SSIM: 0.3847, Mean ZNCC: 0.5766
--> Saved to Top 5 best models (EPE: 3.5419)
--> New absolute BEST model updated with EPE: 3.5419
Epoch 16 starts
Iter 10 of 180 Loss: 2.166449, L1(Flow): 2.104120, Reg: 0.062329
Iter 20 of 180 Loss: 2.251278, L1(Flow): 2.186689, Reg: 0.064589
Iter 30 of 180 Loss: 2.444979, L1(Flow): 2.374717, Reg: 0.070262
Iter 40 of 180 Loss: 2.234035, L1(Flow): 2.168899, Reg: 0.065137
Iter 50 of 180 Loss: 2.492155, L1(Flow): 2.419328, Reg: 0.072827
Iter 60 of 180 Loss: 2.112009, L1(Flow): 2.051821, Reg: 0.060188
Iter 70 of 180 Loss: 2.196927, L1(Flow): 2.130706, Reg: 0.066221
Iter 80 of 180 Loss: 2.050323, L1(Flow): 1.988511, Reg: 0.061812
Iter 90 of 180 Loss: 2.137843, L1(Flow): 2.066593, Reg: 0.071250
Iter 100 of 180 Loss: 2.161142, L1(Flow): 2.088855, Reg: 0.072287
Iter 110 of 180 Loss: 1.818851, L1(Flow): 1.754451, Reg: 0.064400
Iter 120 of 180 Loss: 2.021747, L1(Flow): 1.957136, Reg: 0.064612
Iter 130 of 180 Loss: 2.323464, L1(Flow): 2.253649, Reg: 0.069815
Iter 140 of 180 Loss: 2.135931, L1(Flow): 2.065501, Reg: 0.070429
Iter 150 of 180 Loss: 2.241346, L1(Flow): 2.171689, Reg: 0.069656
Iter 160 of 180 Loss: 2.126869, L1(Flow): 2.063569, Reg: 0.063300
Iter 170 of 180 Loss: 2.130659, L1(Flow): 2.069396, Reg: 0.061263
Iter 180 of 180 Loss: 2.111768, L1(Flow): 2.039816, Reg: 0.071953
Epoch 16 Loss: 2.160871
Epoch 16 Validation: Mean EPE: 3.4226, Mean SSIM: 0.3885, Mean ZNCC: 0.5786
--> Saved to Top 5 best models (EPE: 3.4226)
--> New absolute BEST model updated with EPE: 3.4226
Epoch 17 starts
Iter 10 of 180 Loss: 2.269764, L1(Flow): 2.198726, Reg: 0.071038
Iter 20 of 180 Loss: 2.095605, L1(Flow): 2.027633, Reg: 0.067972
Iter 30 of 180 Loss: 2.290426, L1(Flow): 2.221946, Reg: 0.068480
Iter 40 of 180 Loss: 2.158125, L1(Flow): 2.088812, Reg: 0.069314
Iter 50 of 180 Loss: 2.048144, L1(Flow): 1.979560, Reg: 0.068584
Iter 60 of 180 Loss: 2.073229, L1(Flow): 2.016517, Reg: 0.056712
Iter 70 of 180 Loss: 1.989749, L1(Flow): 1.924385, Reg: 0.065364
Iter 80 of 180 Loss: 2.085597, L1(Flow): 2.016618, Reg: 0.068978
Iter 90 of 180 Loss: 2.008808, L1(Flow): 1.945436, Reg: 0.063373
Iter 100 of 180 Loss: 2.148244, L1(Flow): 2.081508, Reg: 0.066736
Iter 110 of 180 Loss: 2.091908, L1(Flow): 2.020945, Reg: 0.070963
Iter 120 of 180 Loss: 2.170072, L1(Flow): 2.100182, Reg: 0.069890
Iter 130 of 180 Loss: 2.018478, L1(Flow): 1.948491, Reg: 0.069988
Iter 140 of 180 Loss: 2.023839, L1(Flow): 1.953797, Reg: 0.070043
Iter 150 of 180 Loss: 2.024726, L1(Flow): 1.955910, Reg: 0.068816
Iter 160 of 180 Loss: 2.163335, L1(Flow): 2.102024, Reg: 0.061310
Iter 170 of 180 Loss: 2.063821, L1(Flow): 1.998753, Reg: 0.065069
Iter 180 of 180 Loss: 2.122365, L1(Flow): 2.049976, Reg: 0.072388
Epoch 17 Loss: 2.089801
Epoch 17 Validation: Mean EPE: 3.3372, Mean SSIM: 0.3913, Mean ZNCC: 0.5805
--> Saved to Top 5 best models (EPE: 3.3372)
--> New absolute BEST model updated with EPE: 3.3372
Epoch 18 starts
Iter 10 of 180 Loss: 1.954607, L1(Flow): 1.887427, Reg: 0.067180
Iter 20 of 180 Loss: 2.102367, L1(Flow): 2.030973, Reg: 0.071393
Iter 30 of 180 Loss: 2.148121, L1(Flow): 2.072814, Reg: 0.075307
Iter 40 of 180 Loss: 2.135284, L1(Flow): 2.067153, Reg: 0.068131
Iter 50 of 180 Loss: 1.953585, L1(Flow): 1.891269, Reg: 0.062316
Iter 60 of 180 Loss: 2.092709, L1(Flow): 2.026338, Reg: 0.066372
Iter 70 of 180 Loss: 2.049793, L1(Flow): 1.982364, Reg: 0.067429
Iter 80 of 180 Loss: 1.787100, L1(Flow): 1.730239, Reg: 0.056862
Iter 90 of 180 Loss: 1.975642, L1(Flow): 1.914923, Reg: 0.060718
Iter 100 of 180 Loss: 1.980992, L1(Flow): 1.909986, Reg: 0.071006
Iter 110 of 180 Loss: 2.037271, L1(Flow): 1.967633, Reg: 0.069638
Iter 120 of 180 Loss: 2.029522, L1(Flow): 1.963421, Reg: 0.066101
Iter 130 of 180 Loss: 2.039191, L1(Flow): 1.980320, Reg: 0.058871
Iter 140 of 180 Loss: 1.919863, L1(Flow): 1.853708, Reg: 0.066155
Iter 150 of 180 Loss: 1.926730, L1(Flow): 1.868143, Reg: 0.058587
Iter 160 of 180 Loss: 1.988111, L1(Flow): 1.927834, Reg: 0.060277
Iter 170 of 180 Loss: 2.167130, L1(Flow): 2.095516, Reg: 0.071614
Iter 180 of 180 Loss: 2.109047, L1(Flow): 2.040759, Reg: 0.068288
Epoch 18 Loss: 2.032641
Epoch 18 Validation: Mean EPE: 3.2470, Mean SSIM: 0.3945, Mean ZNCC: 0.5822
--> Saved to Top 5 best models (EPE: 3.2470)
--> New absolute BEST model updated with EPE: 3.2470
Epoch 19 starts
Iter 10 of 180 Loss: 2.037316, L1(Flow): 1.966427, Reg: 0.070889
Iter 20 of 180 Loss: 1.981811, L1(Flow): 1.910238, Reg: 0.071573
Iter 30 of 180 Loss: 2.047643, L1(Flow): 1.978065, Reg: 0.069579
Iter 40 of 180 Loss: 1.966077, L1(Flow): 1.897820, Reg: 0.068257
Iter 50 of 180 Loss: 1.975248, L1(Flow): 1.909521, Reg: 0.065727
Iter 60 of 180 Loss: 1.896197, L1(Flow): 1.828769, Reg: 0.067428
Iter 70 of 180 Loss: 2.002007, L1(Flow): 1.931555, Reg: 0.070452
Iter 80 of 180 Loss: 1.959549, L1(Flow): 1.903217, Reg: 0.056332
Iter 90 of 180 Loss: 1.923033, L1(Flow): 1.864047, Reg: 0.058986
Iter 100 of 180 Loss: 2.005353, L1(Flow): 1.934367, Reg: 0.070987
Iter 110 of 180 Loss: 1.975693, L1(Flow): 1.890814, Reg: 0.084879
Iter 120 of 180 Loss: 2.043757, L1(Flow): 1.970191, Reg: 0.073566
Iter 130 of 180 Loss: 1.990584, L1(Flow): 1.927064, Reg: 0.063520
Iter 140 of 180 Loss: 1.947127, L1(Flow): 1.878786, Reg: 0.068341
Iter 150 of 180 Loss: 1.784286, L1(Flow): 1.719814, Reg: 0.064472
Iter 160 of 180 Loss: 2.002595, L1(Flow): 1.925736, Reg: 0.076859
Iter 170 of 180 Loss: 2.002109, L1(Flow): 1.932837, Reg: 0.069272
Iter 180 of 180 Loss: 2.035215, L1(Flow): 1.964616, Reg: 0.070599
Epoch 19 Loss: 1.974812
Epoch 19 Validation: Mean EPE: 3.1918, Mean SSIM: 0.3965, Mean ZNCC: 0.5837
--> Saved to Top 5 best models (EPE: 3.1918)
--> New absolute BEST model updated with EPE: 3.1918
Epoch 20 starts
Iter 10 of 180 Loss: 2.101047, L1(Flow): 2.028308, Reg: 0.072740
Iter 20 of 180 Loss: 1.845186, L1(Flow): 1.773329, Reg: 0.071857
Iter 30 of 180 Loss: 1.840999, L1(Flow): 1.767683, Reg: 0.073316
Iter 40 of 180 Loss: 1.994911, L1(Flow): 1.921092, Reg: 0.073818
Iter 50 of 180 Loss: 1.894996, L1(Flow): 1.821945, Reg: 0.073052
Iter 60 of 180 Loss: 1.963181, L1(Flow): 1.897240, Reg: 0.065941
Iter 70 of 180 Loss: 1.770666, L1(Flow): 1.707632, Reg: 0.063035
Iter 80 of 180 Loss: 1.766641, L1(Flow): 1.703785, Reg: 0.062856
Iter 90 of 180 Loss: 2.071149, L1(Flow): 2.001778, Reg: 0.069371
Iter 100 of 180 Loss: 1.932394, L1(Flow): 1.860614, Reg: 0.071781
Iter 110 of 180 Loss: 1.937447, L1(Flow): 1.861073, Reg: 0.076374
Iter 120 of 180 Loss: 1.891708, L1(Flow): 1.826874, Reg: 0.064834
Iter 130 of 180 Loss: 1.757983, L1(Flow): 1.702365, Reg: 0.055618
Iter 140 of 180 Loss: 1.833488, L1(Flow): 1.766883, Reg: 0.066604
Iter 150 of 180 Loss: 1.930618, L1(Flow): 1.854140, Reg: 0.076478
Iter 160 of 180 Loss: 2.108708, L1(Flow): 2.031330, Reg: 0.077378
Iter 170 of 180 Loss: 1.796771, L1(Flow): 1.734568, Reg: 0.062203
Iter 180 of 180 Loss: 1.867634, L1(Flow): 1.793308, Reg: 0.074326
Epoch 20 Loss: 1.923415
Epoch 20 Validation: Mean EPE: 3.1132, Mean SSIM: 0.3978, Mean ZNCC: 0.5839
--> Saved to Top 5 best models (EPE: 3.1132)
--> New absolute BEST model updated with EPE: 3.1132
Epoch 21 starts
Iter 10 of 180 Loss: 1.986778, L1(Flow): 1.913793, Reg: 0.072986
Iter 20 of 180 Loss: 1.961000, L1(Flow): 1.887604, Reg: 0.073396
Iter 30 of 180 Loss: 1.949352, L1(Flow): 1.875104, Reg: 0.074248
Iter 40 of 180 Loss: 1.810828, L1(Flow): 1.748522, Reg: 0.062307
Iter 50 of 180 Loss: 2.006024, L1(Flow): 1.940135, Reg: 0.065889
Iter 60 of 180 Loss: 1.941446, L1(Flow): 1.875356, Reg: 0.066091
Iter 70 of 180 Loss: 1.857758, L1(Flow): 1.791684, Reg: 0.066073
Iter 80 of 180 Loss: 1.895454, L1(Flow): 1.825383, Reg: 0.070071
Iter 90 of 180 Loss: 1.721931, L1(Flow): 1.661486, Reg: 0.060445
Iter 100 of 180 Loss: 1.952078, L1(Flow): 1.881169, Reg: 0.070909
Iter 110 of 180 Loss: 1.823644, L1(Flow): 1.764488, Reg: 0.059156
Iter 120 of 180 Loss: 1.954372, L1(Flow): 1.883366, Reg: 0.071006
Iter 130 of 180 Loss: 1.878421, L1(Flow): 1.811713, Reg: 0.066708
Iter 140 of 180 Loss: 2.025716, L1(Flow): 1.960713, Reg: 0.065002
Iter 150 of 180 Loss: 1.951326, L1(Flow): 1.878493, Reg: 0.072833
Iter 160 of 180 Loss: 1.840366, L1(Flow): 1.778569, Reg: 0.061797
Iter 170 of 180 Loss: 1.842970, L1(Flow): 1.784877, Reg: 0.058093
Iter 180 of 180 Loss: 1.918686, L1(Flow): 1.848367, Reg: 0.070319
Epoch 21 Loss: 1.881731
Epoch 21 Validation: Mean EPE: 3.0883, Mean SSIM: 0.4023, Mean ZNCC: 0.5872
--> Saved to Top 5 best models (EPE: 3.0883)
--> New absolute BEST model updated with EPE: 3.0883
Epoch 22 starts
Iter 10 of 180 Loss: 1.874923, L1(Flow): 1.802910, Reg: 0.072013
Iter 20 of 180 Loss: 1.857088, L1(Flow): 1.782891, Reg: 0.074197
Iter 30 of 180 Loss: 1.885231, L1(Flow): 1.813355, Reg: 0.071875
Iter 40 of 180 Loss: 1.805827, L1(Flow): 1.739365, Reg: 0.066462
Iter 50 of 180 Loss: 2.005788, L1(Flow): 1.932055, Reg: 0.073733
Iter 60 of 180 Loss: 1.850518, L1(Flow): 1.785341, Reg: 0.065176
Iter 70 of 180 Loss: 1.755425, L1(Flow): 1.688503, Reg: 0.066922
Iter 80 of 180 Loss: 1.933893, L1(Flow): 1.860320, Reg: 0.073573
Iter 90 of 180 Loss: 1.926868, L1(Flow): 1.856884, Reg: 0.069984
Iter 100 of 180 Loss: 1.814715, L1(Flow): 1.743979, Reg: 0.070736
Iter 110 of 180 Loss: 1.827335, L1(Flow): 1.760495, Reg: 0.066839
Iter 120 of 180 Loss: 1.808310, L1(Flow): 1.738984, Reg: 0.069327
Iter 130 of 180 Loss: 1.793914, L1(Flow): 1.731241, Reg: 0.062673
Iter 140 of 180 Loss: 1.703493, L1(Flow): 1.640570, Reg: 0.062923
Iter 150 of 180 Loss: 1.808601, L1(Flow): 1.738952, Reg: 0.069649
Iter 160 of 180 Loss: 1.836638, L1(Flow): 1.773447, Reg: 0.063192
Iter 170 of 180 Loss: 1.776027, L1(Flow): 1.712489, Reg: 0.063538
Iter 180 of 180 Loss: 1.732403, L1(Flow): 1.667931, Reg: 0.064472
Epoch 22 Loss: 1.835721
Epoch 22 Validation: Mean EPE: 3.0172, Mean SSIM: 0.4022, Mean ZNCC: 0.5872
--> Saved to Top 5 best models (EPE: 3.0172)
--> New absolute BEST model updated with EPE: 3.0172
Epoch 23 starts
Iter 10 of 180 Loss: 1.765400, L1(Flow): 1.697288, Reg: 0.068112
Iter 20 of 180 Loss: 1.876019, L1(Flow): 1.798148, Reg: 0.077871
Iter 30 of 180 Loss: 1.795330, L1(Flow): 1.727970, Reg: 0.067360
Iter 40 of 180 Loss: 1.800321, L1(Flow): 1.725841, Reg: 0.074480
Iter 50 of 180 Loss: 1.801490, L1(Flow): 1.737910, Reg: 0.063580
Iter 60 of 180 Loss: 1.872398, L1(Flow): 1.802129, Reg: 0.070270
Iter 70 of 180 Loss: 1.786716, L1(Flow): 1.720591, Reg: 0.066125
Iter 80 of 180 Loss: 1.765322, L1(Flow): 1.701135, Reg: 0.064187
Iter 90 of 180 Loss: 1.727756, L1(Flow): 1.658729, Reg: 0.069027
Iter 100 of 180 Loss: 1.901704, L1(Flow): 1.835755, Reg: 0.065949
Iter 110 of 180 Loss: 1.718514, L1(Flow): 1.658160, Reg: 0.060354
Iter 120 of 180 Loss: 1.811356, L1(Flow): 1.747388, Reg: 0.063968
Iter 130 of 180 Loss: 1.724087, L1(Flow): 1.662468, Reg: 0.061619
Iter 140 of 180 Loss: 1.683348, L1(Flow): 1.621355, Reg: 0.061993
Iter 150 of 180 Loss: 1.672056, L1(Flow): 1.610173, Reg: 0.061882
Iter 160 of 180 Loss: 1.853705, L1(Flow): 1.778749, Reg: 0.074955
Iter 170 of 180 Loss: 1.847869, L1(Flow): 1.774649, Reg: 0.073220
Iter 180 of 180 Loss: 1.920880, L1(Flow): 1.846536, Reg: 0.074345
Epoch 23 Loss: 1.797636
Epoch 23 Validation: Mean EPE: 2.9858, Mean SSIM: 0.4031, Mean ZNCC: 0.5869
--> Saved to Top 5 best models (EPE: 2.9858)
--> New absolute BEST model updated with EPE: 2.9858
Epoch 24 starts
Iter 10 of 180 Loss: 1.742141, L1(Flow): 1.670181, Reg: 0.071960
Iter 20 of 180 Loss: 1.943191, L1(Flow): 1.872768, Reg: 0.070424
Iter 30 of 180 Loss: 1.638597, L1(Flow): 1.571662, Reg: 0.066935
Iter 40 of 180 Loss: 1.703757, L1(Flow): 1.632771, Reg: 0.070986
Iter 50 of 180 Loss: 1.724039, L1(Flow): 1.655942, Reg: 0.068098
Iter 60 of 180 Loss: 1.730510, L1(Flow): 1.670213, Reg: 0.060297
Iter 70 of 180 Loss: 1.774502, L1(Flow): 1.705971, Reg: 0.068530
Iter 80 of 180 Loss: 1.674474, L1(Flow): 1.614421, Reg: 0.060053
Iter 90 of 180 Loss: 1.681116, L1(Flow): 1.618976, Reg: 0.062139
Iter 100 of 180 Loss: 1.716676, L1(Flow): 1.654012, Reg: 0.062664
Iter 110 of 180 Loss: 1.889313, L1(Flow): 1.815271, Reg: 0.074042
Iter 120 of 180 Loss: 1.728715, L1(Flow): 1.660706, Reg: 0.068009
Iter 130 of 180 Loss: 1.808554, L1(Flow): 1.737594, Reg: 0.070959
Iter 140 of 180 Loss: 1.809500, L1(Flow): 1.739591, Reg: 0.069909
Iter 150 of 180 Loss: 1.697467, L1(Flow): 1.631493, Reg: 0.065973
Iter 160 of 180 Loss: 1.731309, L1(Flow): 1.661644, Reg: 0.069664
Iter 170 of 180 Loss: 1.771415, L1(Flow): 1.705060, Reg: 0.066355
Iter 180 of 180 Loss: 1.704748, L1(Flow): 1.639917, Reg: 0.064831
Epoch 24 Loss: 1.762309
Epoch 24 Validation: Mean EPE: 2.9252, Mean SSIM: 0.4050, Mean ZNCC: 0.5881
--> Saved to Top 5 best models (EPE: 2.9252)
--> New absolute BEST model updated with EPE: 2.9252
Epoch 25 starts
Iter 10 of 180 Loss: 1.664677, L1(Flow): 1.602550, Reg: 0.062127
Iter 20 of 180 Loss: 1.800502, L1(Flow): 1.727155, Reg: 0.073347
Iter 30 of 180 Loss: 1.800532, L1(Flow): 1.729679, Reg: 0.070853
Iter 40 of 180 Loss: 1.775862, L1(Flow): 1.704872, Reg: 0.070989
Iter 50 of 180 Loss: 1.820009, L1(Flow): 1.746598, Reg: 0.073411
Iter 60 of 180 Loss: 1.625021, L1(Flow): 1.555816, Reg: 0.069204
Iter 70 of 180 Loss: 1.677749, L1(Flow): 1.606545, Reg: 0.071204
Iter 80 of 180 Loss: 1.672257, L1(Flow): 1.605604, Reg: 0.066653
Iter 90 of 180 Loss: 1.692870, L1(Flow): 1.627399, Reg: 0.065471
Iter 100 of 180 Loss: 1.945070, L1(Flow): 1.875022, Reg: 0.070048
Iter 110 of 180 Loss: 1.557091, L1(Flow): 1.495276, Reg: 0.061815
Iter 120 of 180 Loss: 1.739097, L1(Flow): 1.670840, Reg: 0.068257
Iter 130 of 180 Loss: 1.822466, L1(Flow): 1.750259, Reg: 0.072208
Iter 140 of 180 Loss: 1.889583, L1(Flow): 1.822489, Reg: 0.067095
Iter 150 of 180 Loss: 1.815075, L1(Flow): 1.737485, Reg: 0.077590
Iter 160 of 180 Loss: 1.725681, L1(Flow): 1.659489, Reg: 0.066193
Iter 170 of 180 Loss: 1.589824, L1(Flow): 1.532755, Reg: 0.057069
Iter 180 of 180 Loss: 1.645336, L1(Flow): 1.588011, Reg: 0.057325
Epoch 25 Loss: 1.727213
Epoch 25 Validation: Mean EPE: 2.8661, Mean SSIM: 0.4084, Mean ZNCC: 0.5900
--> Saved to Top 5 best models (EPE: 2.8661)
--> New absolute BEST model updated with EPE: 2.8661
Epoch 26 starts
Iter 10 of 180 Loss: 1.694244, L1(Flow): 1.628664, Reg: 0.065580
Iter 20 of 180 Loss: 1.801305, L1(Flow): 1.731239, Reg: 0.070066
Iter 30 of 180 Loss: 1.664157, L1(Flow): 1.600069, Reg: 0.064088
Iter 40 of 180 Loss: 1.749952, L1(Flow): 1.679196, Reg: 0.070756
Iter 50 of 180 Loss: 1.699440, L1(Flow): 1.627538, Reg: 0.071902
Iter 60 of 180 Loss: 1.769478, L1(Flow): 1.696094, Reg: 0.073384
Iter 70 of 180 Loss: 1.603318, L1(Flow): 1.541471, Reg: 0.061847
Iter 80 of 180 Loss: 1.682115, L1(Flow): 1.620432, Reg: 0.061683
Iter 90 of 180 Loss: 1.535768, L1(Flow): 1.476739, Reg: 0.059029
Iter 100 of 180 Loss: 1.749215, L1(Flow): 1.683576, Reg: 0.065639
Iter 110 of 180 Loss: 1.666301, L1(Flow): 1.601995, Reg: 0.064306
Iter 120 of 180 Loss: 1.695755, L1(Flow): 1.630662, Reg: 0.065093
Iter 130 of 180 Loss: 1.566447, L1(Flow): 1.509050, Reg: 0.057398
Iter 140 of 180 Loss: 1.637737, L1(Flow): 1.576614, Reg: 0.061123
Iter 150 of 180 Loss: 1.672183, L1(Flow): 1.607724, Reg: 0.064458
Iter 160 of 180 Loss: 1.683999, L1(Flow): 1.610933, Reg: 0.073066
Iter 170 of 180 Loss: 1.764663, L1(Flow): 1.695365, Reg: 0.069298
Iter 180 of 180 Loss: 1.641420, L1(Flow): 1.580834, Reg: 0.060586
Epoch 26 Loss: 1.694868
Epoch 26 Validation: Mean EPE: 2.8638, Mean SSIM: 0.4084, Mean ZNCC: 0.5902
--> Saved to Top 5 best models (EPE: 2.8638)
--> New absolute BEST model updated with EPE: 2.8638
Epoch 27 starts
Iter 10 of 180 Loss: 1.713462, L1(Flow): 1.648763, Reg: 0.064699
Iter 20 of 180 Loss: 1.723120, L1(Flow): 1.656891, Reg: 0.066229
Iter 30 of 180 Loss: 1.652774, L1(Flow): 1.584617, Reg: 0.068156
Iter 40 of 180 Loss: 1.673284, L1(Flow): 1.598191, Reg: 0.075092
Iter 50 of 180 Loss: 1.740970, L1(Flow): 1.669247, Reg: 0.071723
Iter 60 of 180 Loss: 1.629758, L1(Flow): 1.565248, Reg: 0.064509
Iter 70 of 180 Loss: 1.616478, L1(Flow): 1.555777, Reg: 0.060701
Iter 80 of 180 Loss: 1.630624, L1(Flow): 1.564126, Reg: 0.066498
Iter 90 of 180 Loss: 1.620421, L1(Flow): 1.561388, Reg: 0.059032
Iter 100 of 180 Loss: 1.601927, L1(Flow): 1.543787, Reg: 0.058141
Iter 110 of 180 Loss: 1.597529, L1(Flow): 1.527062, Reg: 0.070467
Iter 120 of 180 Loss: 1.786625, L1(Flow): 1.708598, Reg: 0.078027
Iter 130 of 180 Loss: 1.573750, L1(Flow): 1.510889, Reg: 0.062861
Iter 140 of 180 Loss: 1.630965, L1(Flow): 1.565558, Reg: 0.065407
Iter 150 of 180 Loss: 1.638370, L1(Flow): 1.571675, Reg: 0.066695
Iter 160 of 180 Loss: 1.727730, L1(Flow): 1.662311, Reg: 0.065418
Iter 170 of 180 Loss: 1.709890, L1(Flow): 1.644837, Reg: 0.065052
Iter 180 of 180 Loss: 1.625853, L1(Flow): 1.565401, Reg: 0.060451
Epoch 27 Loss: 1.663204
Epoch 27 Validation: Mean EPE: 2.8196, Mean SSIM: 0.4101, Mean ZNCC: 0.5911
--> Saved to Top 5 best models (EPE: 2.8196)
--> New absolute BEST model updated with EPE: 2.8196
Epoch 28 starts
Iter 10 of 180 Loss: 1.646557, L1(Flow): 1.579896, Reg: 0.066661
Iter 20 of 180 Loss: 1.610697, L1(Flow): 1.548244, Reg: 0.062453
Iter 30 of 180 Loss: 1.746943, L1(Flow): 1.683264, Reg: 0.063678
Iter 40 of 180 Loss: 1.539372, L1(Flow): 1.479511, Reg: 0.059861
Iter 50 of 180 Loss: 1.497995, L1(Flow): 1.434640, Reg: 0.063355
Iter 60 of 180 Loss: 1.568664, L1(Flow): 1.505911, Reg: 0.062752
Iter 70 of 180 Loss: 1.757757, L1(Flow): 1.678622, Reg: 0.079135
Iter 80 of 180 Loss: 1.749662, L1(Flow): 1.675388, Reg: 0.074274
Iter 90 of 180 Loss: 1.684119, L1(Flow): 1.611530, Reg: 0.072589
Iter 100 of 180 Loss: 1.507625, L1(Flow): 1.448434, Reg: 0.059191
Iter 110 of 180 Loss: 1.629529, L1(Flow): 1.563508, Reg: 0.066022
Iter 120 of 180 Loss: 1.616545, L1(Flow): 1.545996, Reg: 0.070549
Iter 130 of 180 Loss: 1.621492, L1(Flow): 1.558103, Reg: 0.063388
Iter 140 of 180 Loss: 1.617554, L1(Flow): 1.555187, Reg: 0.062367
Iter 150 of 180 Loss: 1.670627, L1(Flow): 1.608035, Reg: 0.062593
Iter 160 of 180 Loss: 1.609553, L1(Flow): 1.542711, Reg: 0.066842
Iter 170 of 180 Loss: 1.513095, L1(Flow): 1.453631, Reg: 0.059464
Iter 180 of 180 Loss: 1.811441, L1(Flow): 1.741058, Reg: 0.070383
Epoch 28 Loss: 1.630504
Epoch 28 Validation: Mean EPE: 2.7895, Mean SSIM: 0.4103, Mean ZNCC: 0.5914
--> Saved to Top 5 best models (EPE: 2.7895)
--> New absolute BEST model updated with EPE: 2.7895
Epoch 29 starts
Iter 10 of 180 Loss: 1.649276, L1(Flow): 1.583464, Reg: 0.065812
Iter 20 of 180 Loss: 1.663173, L1(Flow): 1.592812, Reg: 0.070360
Iter 30 of 180 Loss: 1.601952, L1(Flow): 1.542486, Reg: 0.059466
Iter 40 of 180 Loss: 1.654383, L1(Flow): 1.588532, Reg: 0.065851
Iter 50 of 180 Loss: 1.684611, L1(Flow): 1.614482, Reg: 0.070129
Iter 60 of 180 Loss: 1.612981, L1(Flow): 1.545637, Reg: 0.067343
Iter 70 of 180 Loss: 1.535038, L1(Flow): 1.470694, Reg: 0.064345
Iter 80 of 180 Loss: 1.568879, L1(Flow): 1.502732, Reg: 0.066147
Iter 90 of 180 Loss: 1.615063, L1(Flow): 1.554453, Reg: 0.060611
Iter 100 of 180 Loss: 1.650422, L1(Flow): 1.580454, Reg: 0.069968
Iter 110 of 180 Loss: 1.477804, L1(Flow): 1.417917, Reg: 0.059887
Iter 120 of 180 Loss: 1.550604, L1(Flow): 1.488362, Reg: 0.062241
Iter 130 of 180 Loss: 1.738363, L1(Flow): 1.668071, Reg: 0.070292
Iter 140 of 180 Loss: 1.544907, L1(Flow): 1.481682, Reg: 0.063226
Iter 150 of 180 Loss: 1.570110, L1(Flow): 1.509129, Reg: 0.060981
Iter 160 of 180 Loss: 1.516598, L1(Flow): 1.455185, Reg: 0.061413
Iter 170 of 180 Loss: 1.573407, L1(Flow): 1.514042, Reg: 0.059365
Iter 180 of 180 Loss: 1.613173, L1(Flow): 1.546212, Reg: 0.066961
Epoch 29 Loss: 1.598175
Epoch 29 Validation: Mean EPE: 2.7582, Mean SSIM: 0.4128, Mean ZNCC: 0.5923
--> Saved to Top 5 best models (EPE: 2.7582)
--> New absolute BEST model updated with EPE: 2.7582
Epoch 30 starts
Iter 10 of 180 Loss: 1.635581, L1(Flow): 1.572201, Reg: 0.063380
Iter 20 of 180 Loss: 1.580088, L1(Flow): 1.518174, Reg: 0.061914
Iter 30 of 180 Loss: 1.698186, L1(Flow): 1.629258, Reg: 0.068928
Iter 40 of 180 Loss: 1.495328, L1(Flow): 1.434327, Reg: 0.061000
Iter 50 of 180 Loss: 1.564306, L1(Flow): 1.498540, Reg: 0.065766
Iter 60 of 180 Loss: 1.540402, L1(Flow): 1.476610, Reg: 0.063793
Iter 70 of 180 Loss: 1.507060, L1(Flow): 1.442124, Reg: 0.064935
Iter 80 of 180 Loss: 1.670527, L1(Flow): 1.601915, Reg: 0.068612
Iter 90 of 180 Loss: 1.571220, L1(Flow): 1.504996, Reg: 0.066224
Iter 100 of 180 Loss: 1.584609, L1(Flow): 1.516556, Reg: 0.068053
Iter 110 of 180 Loss: 1.510551, L1(Flow): 1.444731, Reg: 0.065820
Iter 120 of 180 Loss: 1.533218, L1(Flow): 1.468101, Reg: 0.065117
Iter 130 of 180 Loss: 1.621179, L1(Flow): 1.548317, Reg: 0.072862
Iter 140 of 180 Loss: 1.434139, L1(Flow): 1.375847, Reg: 0.058292
Iter 150 of 180 Loss: 1.582145, L1(Flow): 1.516716, Reg: 0.065429
Iter 160 of 180 Loss: 1.511554, L1(Flow): 1.446466, Reg: 0.065089
Iter 170 of 180 Loss: 1.570159, L1(Flow): 1.504781, Reg: 0.065377
Iter 180 of 180 Loss: 1.621174, L1(Flow): 1.557532, Reg: 0.063642
Epoch 30 Loss: 1.575611
Epoch 30 Validation: Mean EPE: 2.7250, Mean SSIM: 0.4135, Mean ZNCC: 0.5927
--> Saved to Top 5 best models (EPE: 2.7250)
--> New absolute BEST model updated with EPE: 2.7250
Epoch 31 starts
Iter 10 of 180 Loss: 1.502105, L1(Flow): 1.442757, Reg: 0.059347
Iter 20 of 180 Loss: 1.533400, L1(Flow): 1.471721, Reg: 0.061679
Iter 30 of 180 Loss: 1.462230, L1(Flow): 1.403229, Reg: 0.059001
Iter 40 of 180 Loss: 1.484145, L1(Flow): 1.423448, Reg: 0.060697
Iter 50 of 180 Loss: 1.498254, L1(Flow): 1.437810, Reg: 0.060444
Iter 60 of 180 Loss: 1.506643, L1(Flow): 1.442062, Reg: 0.064580
Iter 70 of 180 Loss: 1.502846, L1(Flow): 1.442614, Reg: 0.060231
Iter 80 of 180 Loss: 1.460769, L1(Flow): 1.394954, Reg: 0.065814
Iter 90 of 180 Loss: 1.545757, L1(Flow): 1.479848, Reg: 0.065909
Iter 100 of 180 Loss: 1.636796, L1(Flow): 1.566046, Reg: 0.070751
Iter 110 of 180 Loss: 1.515562, L1(Flow): 1.454836, Reg: 0.060726
Iter 120 of 180 Loss: 1.529253, L1(Flow): 1.464719, Reg: 0.064534
Iter 130 of 180 Loss: 1.534750, L1(Flow): 1.471418, Reg: 0.063332
Iter 140 of 180 Loss: 1.580024, L1(Flow): 1.521186, Reg: 0.058838
Iter 150 of 180 Loss: 1.635954, L1(Flow): 1.573936, Reg: 0.062019
Iter 160 of 180 Loss: 1.561034, L1(Flow): 1.499268, Reg: 0.061766
Iter 170 of 180 Loss: 1.511733, L1(Flow): 1.451704, Reg: 0.060029
Iter 180 of 180 Loss: 1.557320, L1(Flow): 1.494053, Reg: 0.063267
Epoch 31 Loss: 1.549922
Epoch 31 Validation: Mean EPE: 2.7250, Mean SSIM: 0.4149, Mean ZNCC: 0.5939
--> Saved to Top 5 best models (EPE: 2.7250)
--> New absolute BEST model updated with EPE: 2.7250
Epoch 32 starts
Iter 10 of 180 Loss: 1.493015, L1(Flow): 1.430910, Reg: 0.062105
Iter 20 of 180 Loss: 1.527636, L1(Flow): 1.461194, Reg: 0.066443
Iter 30 of 180 Loss: 1.493972, L1(Flow): 1.428692, Reg: 0.065280
Iter 40 of 180 Loss: 1.429814, L1(Flow): 1.365596, Reg: 0.064218
Iter 50 of 180 Loss: 1.478736, L1(Flow): 1.414398, Reg: 0.064338
Iter 60 of 180 Loss: 1.530040, L1(Flow): 1.463608, Reg: 0.066432
Iter 70 of 180 Loss: 1.516664, L1(Flow): 1.454890, Reg: 0.061774
Iter 80 of 180 Loss: 1.414456, L1(Flow): 1.357950, Reg: 0.056506
Iter 90 of 180 Loss: 1.525526, L1(Flow): 1.459149, Reg: 0.066377
Iter 100 of 180 Loss: 1.472107, L1(Flow): 1.407710, Reg: 0.064397
Iter 110 of 180 Loss: 1.638088, L1(Flow): 1.577936, Reg: 0.060152
Iter 120 of 180 Loss: 1.518525, L1(Flow): 1.457454, Reg: 0.061071
Iter 130 of 180 Loss: 1.534534, L1(Flow): 1.467586, Reg: 0.066948
Iter 140 of 180 Loss: 1.477042, L1(Flow): 1.419479, Reg: 0.057563
Iter 150 of 180 Loss: 1.491611, L1(Flow): 1.427683, Reg: 0.063928
Iter 160 of 180 Loss: 1.484195, L1(Flow): 1.421604, Reg: 0.062592
Iter 170 of 180 Loss: 1.479265, L1(Flow): 1.420126, Reg: 0.059140
Iter 180 of 180 Loss: 1.505350, L1(Flow): 1.442383, Reg: 0.062967
Epoch 32 Loss: 1.519613
Epoch 32 Validation: Mean EPE: 2.7054, Mean SSIM: 0.4147, Mean ZNCC: 0.5936
--> Saved to Top 5 best models (EPE: 2.7054)
--> New absolute BEST model updated with EPE: 2.7054
Epoch 33 starts
Iter 10 of 180 Loss: 1.442577, L1(Flow): 1.380532, Reg: 0.062045
Iter 20 of 180 Loss: 1.591857, L1(Flow): 1.529884, Reg: 0.061973
Iter 30 of 180 Loss: 1.618717, L1(Flow): 1.551905, Reg: 0.066813
Iter 40 of 180 Loss: 1.481979, L1(Flow): 1.421908, Reg: 0.060071
Iter 50 of 180 Loss: 1.405352, L1(Flow): 1.345287, Reg: 0.060064
Iter 60 of 180 Loss: 1.402658, L1(Flow): 1.346884, Reg: 0.055774
Iter 70 of 180 Loss: 1.478946, L1(Flow): 1.414785, Reg: 0.064161
Iter 80 of 180 Loss: 1.459010, L1(Flow): 1.392432, Reg: 0.066578
Iter 90 of 180 Loss: 1.542062, L1(Flow): 1.482447, Reg: 0.059615
Iter 100 of 180 Loss: 1.519231, L1(Flow): 1.452780, Reg: 0.066450
Iter 110 of 180 Loss: 1.545298, L1(Flow): 1.481922, Reg: 0.063376
Iter 120 of 180 Loss: 1.517307, L1(Flow): 1.452146, Reg: 0.065162
Iter 130 of 180 Loss: 1.492460, L1(Flow): 1.431670, Reg: 0.060790
Iter 140 of 180 Loss: 1.512997, L1(Flow): 1.444850, Reg: 0.068147
Iter 150 of 180 Loss: 1.384997, L1(Flow): 1.328648, Reg: 0.056348
Iter 160 of 180 Loss: 1.431333, L1(Flow): 1.368512, Reg: 0.062821
Iter 170 of 180 Loss: 1.459420, L1(Flow): 1.392783, Reg: 0.066637
Iter 180 of 180 Loss: 1.530982, L1(Flow): 1.462709, Reg: 0.068273
Epoch 33 Loss: 1.501249
Epoch 33 Validation: Mean EPE: 2.6859, Mean SSIM: 0.4160, Mean ZNCC: 0.5940
--> Saved to Top 5 best models (EPE: 2.6859)
--> New absolute BEST model updated with EPE: 2.6859
Epoch 34 starts
Iter 10 of 180 Loss: 1.441083, L1(Flow): 1.383065, Reg: 0.058018
Iter 20 of 180 Loss: 1.499963, L1(Flow): 1.436961, Reg: 0.063002
Iter 30 of 180 Loss: 1.500202, L1(Flow): 1.438803, Reg: 0.061399
Iter 40 of 180 Loss: 1.467398, L1(Flow): 1.402014, Reg: 0.065384
Iter 50 of 180 Loss: 1.522783, L1(Flow): 1.456160, Reg: 0.066623
Iter 60 of 180 Loss: 1.496826, L1(Flow): 1.426725, Reg: 0.070101
Iter 70 of 180 Loss: 1.443816, L1(Flow): 1.377652, Reg: 0.066164
Iter 80 of 180 Loss: 1.394065, L1(Flow): 1.330355, Reg: 0.063711
Iter 90 of 180 Loss: 1.423403, L1(Flow): 1.360699, Reg: 0.062703
Iter 100 of 180 Loss: 1.389371, L1(Flow): 1.326134, Reg: 0.063237
Iter 110 of 180 Loss: 1.566117, L1(Flow): 1.499550, Reg: 0.066567
Iter 120 of 180 Loss: 1.465519, L1(Flow): 1.402637, Reg: 0.062881
Iter 130 of 180 Loss: 1.341820, L1(Flow): 1.283093, Reg: 0.058727
Iter 140 of 180 Loss: 1.521632, L1(Flow): 1.457993, Reg: 0.063640
Iter 150 of 180 Loss: 1.456002, L1(Flow): 1.397861, Reg: 0.058140
Iter 160 of 180 Loss: 1.470548, L1(Flow): 1.408358, Reg: 0.062190
Iter 170 of 180 Loss: 1.519644, L1(Flow): 1.458168, Reg: 0.061476
Iter 180 of 180 Loss: 1.518926, L1(Flow): 1.457443, Reg: 0.061483
Epoch 34 Loss: 1.475139
Epoch 34 Validation: Mean EPE: 2.6565, Mean SSIM: 0.4172, Mean ZNCC: 0.5946
--> Saved to Top 5 best models (EPE: 2.6565)
--> New absolute BEST model updated with EPE: 2.6565
Epoch 35 starts
Iter 10 of 180 Loss: 1.462991, L1(Flow): 1.398160, Reg: 0.064831
Iter 20 of 180 Loss: 1.472222, L1(Flow): 1.412180, Reg: 0.060042
Iter 30 of 180 Loss: 1.495850, L1(Flow): 1.432929, Reg: 0.062921
Iter 40 of 180 Loss: 1.618386, L1(Flow): 1.555430, Reg: 0.062955
Iter 50 of 180 Loss: 1.391474, L1(Flow): 1.331342, Reg: 0.060132
Iter 60 of 180 Loss: 1.331904, L1(Flow): 1.274426, Reg: 0.057478
Iter 70 of 180 Loss: 1.428073, L1(Flow): 1.362861, Reg: 0.065212
Iter 80 of 180 Loss: 1.444881, L1(Flow): 1.378720, Reg: 0.066162
Iter 90 of 180 Loss: 1.513619, L1(Flow): 1.447084, Reg: 0.066535
Iter 100 of 180 Loss: 1.424868, L1(Flow): 1.360160, Reg: 0.064708
Iter 110 of 180 Loss: 1.354155, L1(Flow): 1.292497, Reg: 0.061659
Iter 120 of 180 Loss: 1.501262, L1(Flow): 1.438607, Reg: 0.062655
Iter 130 of 180 Loss: 1.451783, L1(Flow): 1.390096, Reg: 0.061688
Iter 140 of 180 Loss: 1.433916, L1(Flow): 1.368302, Reg: 0.065613
Iter 150 of 180 Loss: 1.424464, L1(Flow): 1.358262, Reg: 0.066201
Iter 160 of 180 Loss: 1.448420, L1(Flow): 1.385449, Reg: 0.062971
Iter 170 of 180 Loss: 1.476536, L1(Flow): 1.412249, Reg: 0.064287
Iter 180 of 180 Loss: 1.354345, L1(Flow): 1.289693, Reg: 0.064653
Epoch 35 Loss: 1.450616
Epoch 35 Validation: Mean EPE: 2.6361, Mean SSIM: 0.4181, Mean ZNCC: 0.5951
--> Saved to Top 5 best models (EPE: 2.6361)
--> New absolute BEST model updated with EPE: 2.6361
Epoch 36 starts
Iter 10 of 180 Loss: 1.445602, L1(Flow): 1.376020, Reg: 0.069582
Iter 20 of 180 Loss: 1.417081, L1(Flow): 1.349587, Reg: 0.067494
Iter 30 of 180 Loss: 1.488419, L1(Flow): 1.419378, Reg: 0.069041
Iter 40 of 180 Loss: 1.473648, L1(Flow): 1.410131, Reg: 0.063516
Iter 50 of 180 Loss: 1.355509, L1(Flow): 1.297268, Reg: 0.058241
Iter 60 of 180 Loss: 1.470728, L1(Flow): 1.407965, Reg: 0.062763
Iter 70 of 180 Loss: 1.424923, L1(Flow): 1.369379, Reg: 0.055544
Iter 80 of 180 Loss: 1.454871, L1(Flow): 1.391492, Reg: 0.063379
Iter 90 of 180 Loss: 1.460068, L1(Flow): 1.395468, Reg: 0.064599
Iter 100 of 180 Loss: 1.455170, L1(Flow): 1.395599, Reg: 0.059571
Iter 110 of 180 Loss: 1.511203, L1(Flow): 1.445612, Reg: 0.065591
Iter 120 of 180 Loss: 1.434189, L1(Flow): 1.368286, Reg: 0.065903
Iter 130 of 180 Loss: 1.465419, L1(Flow): 1.394701, Reg: 0.070718
Iter 140 of 180 Loss: 1.364994, L1(Flow): 1.302480, Reg: 0.062514
Iter 150 of 180 Loss: 1.510239, L1(Flow): 1.444405, Reg: 0.065834
Iter 160 of 180 Loss: 1.465104, L1(Flow): 1.402369, Reg: 0.062735
Iter 170 of 180 Loss: 1.437151, L1(Flow): 1.374520, Reg: 0.062631
Iter 180 of 180 Loss: 1.416940, L1(Flow): 1.352046, Reg: 0.064894
Epoch 36 Loss: 1.430491
Epoch 36 Validation: Mean EPE: 2.6369, Mean SSIM: 0.4188, Mean ZNCC: 0.5957
--> Saved to Top 5 best models (EPE: 2.6369)
Epoch 37 starts
Iter 10 of 180 Loss: 1.373349, L1(Flow): 1.314795, Reg: 0.058554
Iter 20 of 180 Loss: 1.314010, L1(Flow): 1.254075, Reg: 0.059935
Iter 30 of 180 Loss: 1.472535, L1(Flow): 1.401174, Reg: 0.071361
Iter 40 of 180 Loss: 1.419198, L1(Flow): 1.358017, Reg: 0.061181
Iter 50 of 180 Loss: 1.343653, L1(Flow): 1.283365, Reg: 0.060289
Iter 60 of 180 Loss: 1.405477, L1(Flow): 1.344397, Reg: 0.061080
Iter 70 of 180 Loss: 1.357198, L1(Flow): 1.296339, Reg: 0.060860
Iter 80 of 180 Loss: 1.339884, L1(Flow): 1.280256, Reg: 0.059628
Iter 90 of 180 Loss: 1.328447, L1(Flow): 1.267500, Reg: 0.060947
Iter 100 of 180 Loss: 1.359128, L1(Flow): 1.300130, Reg: 0.058997
Iter 110 of 180 Loss: 1.416082, L1(Flow): 1.356802, Reg: 0.059280
Iter 120 of 180 Loss: 1.446872, L1(Flow): 1.381637, Reg: 0.065235
Iter 130 of 180 Loss: 1.460368, L1(Flow): 1.392016, Reg: 0.068352
Iter 140 of 180 Loss: 1.325969, L1(Flow): 1.267946, Reg: 0.058023
Iter 150 of 180 Loss: 1.442263, L1(Flow): 1.377073, Reg: 0.065189
Iter 160 of 180 Loss: 1.389438, L1(Flow): 1.323281, Reg: 0.066157
Iter 170 of 180 Loss: 1.378168, L1(Flow): 1.314817, Reg: 0.063351
Iter 180 of 180 Loss: 1.396884, L1(Flow): 1.333755, Reg: 0.063129
Epoch 37 Loss: 1.405790
Epoch 37 Validation: Mean EPE: 2.6187, Mean SSIM: 0.4190, Mean ZNCC: 0.5955
--> Saved to Top 5 best models (EPE: 2.6187)
--> New absolute BEST model updated with EPE: 2.6187
Epoch 38 starts
Iter 10 of 180 Loss: 1.340470, L1(Flow): 1.282240, Reg: 0.058230
Iter 20 of 180 Loss: 1.353777, L1(Flow): 1.292547, Reg: 0.061230
Iter 30 of 180 Loss: 1.340074, L1(Flow): 1.278418, Reg: 0.061657
Iter 40 of 180 Loss: 1.492688, L1(Flow): 1.417800, Reg: 0.074888
Iter 50 of 180 Loss: 1.330087, L1(Flow): 1.271833, Reg: 0.058254
Iter 60 of 180 Loss: 1.323910, L1(Flow): 1.264290, Reg: 0.059621
Iter 70 of 180 Loss: 1.391479, L1(Flow): 1.326697, Reg: 0.064782
Iter 80 of 180 Loss: 1.326642, L1(Flow): 1.263401, Reg: 0.063240
Iter 90 of 180 Loss: 1.329233, L1(Flow): 1.267259, Reg: 0.061974
Iter 100 of 180 Loss: 1.376597, L1(Flow): 1.314441, Reg: 0.062156
Iter 110 of 180 Loss: 1.432128, L1(Flow): 1.367944, Reg: 0.064184
Iter 120 of 180 Loss: 1.461040, L1(Flow): 1.399855, Reg: 0.061185
Iter 130 of 180 Loss: 1.421791, L1(Flow): 1.360139, Reg: 0.061652
Iter 140 of 180 Loss: 1.353673, L1(Flow): 1.294023, Reg: 0.059651
Iter 150 of 180 Loss: 1.475836, L1(Flow): 1.410191, Reg: 0.065645
Iter 160 of 180 Loss: 1.365554, L1(Flow): 1.307224, Reg: 0.058330
Iter 170 of 180 Loss: 1.419968, L1(Flow): 1.361205, Reg: 0.058763
Iter 180 of 180 Loss: 1.331304, L1(Flow): 1.267231, Reg: 0.064073
Epoch 38 Loss: 1.388822
Epoch 38 Validation: Mean EPE: 2.6007, Mean SSIM: 0.4201, Mean ZNCC: 0.5960
--> Saved to Top 5 best models (EPE: 2.6007)
--> New absolute BEST model updated with EPE: 2.6007
Epoch 39 starts
Iter 10 of 180 Loss: 1.407770, L1(Flow): 1.344362, Reg: 0.063408
Iter 20 of 180 Loss: 1.315959, L1(Flow): 1.254839, Reg: 0.061120
Iter 30 of 180 Loss: 1.382586, L1(Flow): 1.327294, Reg: 0.055292
Iter 40 of 180 Loss: 1.378955, L1(Flow): 1.315562, Reg: 0.063394
Iter 50 of 180 Loss: 1.380777, L1(Flow): 1.313748, Reg: 0.067029
Iter 60 of 180 Loss: 1.347412, L1(Flow): 1.286424, Reg: 0.060988
Iter 70 of 180 Loss: 1.386233, L1(Flow): 1.329413, Reg: 0.056820
Iter 80 of 180 Loss: 1.464391, L1(Flow): 1.400013, Reg: 0.064378
Iter 90 of 180 Loss: 1.358419, L1(Flow): 1.293434, Reg: 0.064985
Iter 100 of 180 Loss: 1.390326, L1(Flow): 1.327397, Reg: 0.062929
Iter 110 of 180 Loss: 1.360967, L1(Flow): 1.298757, Reg: 0.062209
Iter 120 of 180 Loss: 1.338228, L1(Flow): 1.279081, Reg: 0.059148
Iter 130 of 180 Loss: 1.375759, L1(Flow): 1.317387, Reg: 0.058372
Iter 140 of 180 Loss: 1.367452, L1(Flow): 1.307110, Reg: 0.060343
Iter 150 of 180 Loss: 1.389537, L1(Flow): 1.321516, Reg: 0.068021
Iter 160 of 180 Loss: 1.351925, L1(Flow): 1.293393, Reg: 0.058533
Iter 170 of 180 Loss: 1.384461, L1(Flow): 1.317666, Reg: 0.066795
Iter 180 of 180 Loss: 1.417448, L1(Flow): 1.353748, Reg: 0.063700
Epoch 39 Loss: 1.369993
Epoch 39 Validation: Mean EPE: 2.6061, Mean SSIM: 0.4197, Mean ZNCC: 0.5958
--> Saved to Top 5 best models (EPE: 2.6061)
Epoch 40 starts
Iter 10 of 180 Loss: 1.417776, L1(Flow): 1.354804, Reg: 0.062972
Iter 20 of 180 Loss: 1.419762, L1(Flow): 1.351835, Reg: 0.067927
Iter 30 of 180 Loss: 1.409577, L1(Flow): 1.343924, Reg: 0.065653
Iter 40 of 180 Loss: 1.334511, L1(Flow): 1.267333, Reg: 0.067178
Iter 50 of 180 Loss: 1.419864, L1(Flow): 1.351694, Reg: 0.068169
Iter 60 of 180 Loss: 1.363155, L1(Flow): 1.297874, Reg: 0.065281
Iter 70 of 180 Loss: 1.377062, L1(Flow): 1.308656, Reg: 0.068406
Iter 80 of 180 Loss: 1.303819, L1(Flow): 1.243877, Reg: 0.059942
Iter 90 of 180 Loss: 1.313282, L1(Flow): 1.251341, Reg: 0.061941
Iter 100 of 180 Loss: 1.310462, L1(Flow): 1.246579, Reg: 0.063883
Iter 110 of 180 Loss: 1.327808, L1(Flow): 1.269610, Reg: 0.058198
Iter 120 of 180 Loss: 1.435883, L1(Flow): 1.373588, Reg: 0.062294
Iter 130 of 180 Loss: 1.324514, L1(Flow): 1.267074, Reg: 0.057440
Iter 140 of 180 Loss: 1.293210, L1(Flow): 1.233831, Reg: 0.059379
Iter 150 of 180 Loss: 1.398287, L1(Flow): 1.335478, Reg: 0.062810
Iter 160 of 180 Loss: 1.430338, L1(Flow): 1.360268, Reg: 0.070070
Iter 170 of 180 Loss: 1.422410, L1(Flow): 1.355997, Reg: 0.066412
Iter 180 of 180 Loss: 1.399065, L1(Flow): 1.335895, Reg: 0.063170
Epoch 40 Loss: 1.349003
Epoch 40 Validation: Mean EPE: 2.6024, Mean SSIM: 0.4209, Mean ZNCC: 0.5966
--> Saved to Top 5 best models (EPE: 2.6024)
Epoch 41 starts
Iter 10 of 180 Loss: 1.377281, L1(Flow): 1.311605, Reg: 0.065676
Iter 20 of 180 Loss: 1.272847, L1(Flow): 1.209195, Reg: 0.063652
Iter 30 of 180 Loss: 1.316210, L1(Flow): 1.256261, Reg: 0.059949
Iter 40 of 180 Loss: 1.308368, L1(Flow): 1.249464, Reg: 0.058905
Iter 50 of 180 Loss: 1.285536, L1(Flow): 1.225384, Reg: 0.060152
Iter 60 of 180 Loss: 1.324749, L1(Flow): 1.256754, Reg: 0.067995
Iter 70 of 180 Loss: 1.345727, L1(Flow): 1.287797, Reg: 0.057930
Iter 80 of 180 Loss: 1.333750, L1(Flow): 1.268612, Reg: 0.065138
Iter 90 of 180 Loss: 1.359446, L1(Flow): 1.297340, Reg: 0.062107
Iter 100 of 180 Loss: 1.231986, L1(Flow): 1.175193, Reg: 0.056793
Iter 110 of 180 Loss: 1.378009, L1(Flow): 1.312199, Reg: 0.065811
Iter 120 of 180 Loss: 1.348231, L1(Flow): 1.287337, Reg: 0.060894
Iter 130 of 180 Loss: 1.436503, L1(Flow): 1.367437, Reg: 0.069067
Iter 140 of 180 Loss: 1.379355, L1(Flow): 1.315176, Reg: 0.064179
Iter 150 of 180 Loss: 1.371280, L1(Flow): 1.307142, Reg: 0.064138
Iter 160 of 180 Loss: 1.382176, L1(Flow): 1.318057, Reg: 0.064119
Iter 170 of 180 Loss: 1.353325, L1(Flow): 1.294378, Reg: 0.058947
Iter 180 of 180 Loss: 1.283514, L1(Flow): 1.220841, Reg: 0.062673
Epoch 41 Loss: 1.334698
Epoch 41 Validation: Mean EPE: 2.5769, Mean SSIM: 0.4218, Mean ZNCC: 0.5969
--> Saved to Top 5 best models (EPE: 2.5769)
--> New absolute BEST model updated with EPE: 2.5769
Epoch 42 starts
Iter 10 of 180 Loss: 1.284338, L1(Flow): 1.223396, Reg: 0.060942
Iter 20 of 180 Loss: 1.290527, L1(Flow): 1.230094, Reg: 0.060433
Iter 30 of 180 Loss: 1.342620, L1(Flow): 1.278284, Reg: 0.064336
Iter 40 of 180 Loss: 1.279218, L1(Flow): 1.217155, Reg: 0.062063
Iter 50 of 180 Loss: 1.261925, L1(Flow): 1.206537, Reg: 0.055388
Iter 60 of 180 Loss: 1.394275, L1(Flow): 1.334340, Reg: 0.059935
Iter 70 of 180 Loss: 1.370095, L1(Flow): 1.308623, Reg: 0.061472
Iter 80 of 180 Loss: 1.348824, L1(Flow): 1.282983, Reg: 0.065841
Iter 90 of 180 Loss: 1.415099, L1(Flow): 1.349213, Reg: 0.065887
Iter 100 of 180 Loss: 1.238522, L1(Flow): 1.182212, Reg: 0.056310
Iter 110 of 180 Loss: 1.350302, L1(Flow): 1.288411, Reg: 0.061892
Iter 120 of 180 Loss: 1.335128, L1(Flow): 1.275082, Reg: 0.060046
Iter 130 of 180 Loss: 1.316079, L1(Flow): 1.254422, Reg: 0.061657
Iter 140 of 180 Loss: 1.318039, L1(Flow): 1.259399, Reg: 0.058640
Iter 150 of 180 Loss: 1.314309, L1(Flow): 1.250396, Reg: 0.063913
Iter 160 of 180 Loss: 1.307866, L1(Flow): 1.248453, Reg: 0.059413
Iter 170 of 180 Loss: 1.277197, L1(Flow): 1.213768, Reg: 0.063429
Iter 180 of 180 Loss: 1.419272, L1(Flow): 1.352184, Reg: 0.067088
Epoch 42 Loss: 1.314168
Epoch 42 Validation: Mean EPE: 2.5743, Mean SSIM: 0.4215, Mean ZNCC: 0.5967
--> Saved to Top 5 best models (EPE: 2.5743)
--> New absolute BEST model updated with EPE: 2.5743
Epoch 43 starts
Iter 10 of 180 Loss: 1.259861, L1(Flow): 1.199093, Reg: 0.060768
Iter 20 of 180 Loss: 1.320266, L1(Flow): 1.257865, Reg: 0.062401
Iter 30 of 180 Loss: 1.366066, L1(Flow): 1.299353, Reg: 0.066713
Iter 40 of 180 Loss: 1.292124, L1(Flow): 1.234947, Reg: 0.057177
Iter 50 of 180 Loss: 1.308090, L1(Flow): 1.249233, Reg: 0.058857
Iter 60 of 180 Loss: 1.296706, L1(Flow): 1.233335, Reg: 0.063371
Iter 70 of 180 Loss: 1.339170, L1(Flow): 1.269022, Reg: 0.070148
Iter 80 of 180 Loss: 1.328783, L1(Flow): 1.264204, Reg: 0.064579
Iter 90 of 180 Loss: 1.267365, L1(Flow): 1.198904, Reg: 0.068460
Iter 100 of 180 Loss: 1.319630, L1(Flow): 1.256524, Reg: 0.063105
Iter 110 of 180 Loss: 1.256458, L1(Flow): 1.195093, Reg: 0.061364
Iter 120 of 180 Loss: 1.331313, L1(Flow): 1.269760, Reg: 0.061552
Iter 130 of 180 Loss: 1.222364, L1(Flow): 1.165556, Reg: 0.056808
Iter 140 of 180 Loss: 1.227748, L1(Flow): 1.170107, Reg: 0.057641
Iter 150 of 180 Loss: 1.363371, L1(Flow): 1.298059, Reg: 0.065312
Iter 160 of 180 Loss: 1.280867, L1(Flow): 1.223660, Reg: 0.057206
Iter 170 of 180 Loss: 1.415044, L1(Flow): 1.347789, Reg: 0.067255
Iter 180 of 180 Loss: 1.366837, L1(Flow): 1.298425, Reg: 0.068412
Epoch 43 Loss: 1.301959
Epoch 43 Validation: Mean EPE: 2.5877, Mean SSIM: 0.4202, Mean ZNCC: 0.5964
--> Saved to Top 5 best models (EPE: 2.5877)
Epoch 44 starts
Iter 10 of 180 Loss: 1.293562, L1(Flow): 1.229369, Reg: 0.064193
Iter 20 of 180 Loss: 1.345985, L1(Flow): 1.280948, Reg: 0.065037
Iter 30 of 180 Loss: 1.287978, L1(Flow): 1.233332, Reg: 0.054646
Iter 40 of 180 Loss: 1.329208, L1(Flow): 1.261052, Reg: 0.068157
Iter 50 of 180 Loss: 1.182403, L1(Flow): 1.128203, Reg: 0.054200
Iter 60 of 180 Loss: 1.230350, L1(Flow): 1.175873, Reg: 0.054477
Iter 70 of 180 Loss: 1.307231, L1(Flow): 1.245400, Reg: 0.061831
Iter 80 of 180 Loss: 1.313129, L1(Flow): 1.253621, Reg: 0.059508
Iter 90 of 180 Loss: 1.242986, L1(Flow): 1.189288, Reg: 0.053699
Iter 100 of 180 Loss: 1.179536, L1(Flow): 1.121309, Reg: 0.058228
Iter 110 of 180 Loss: 1.302848, L1(Flow): 1.242143, Reg: 0.060705
Iter 120 of 180 Loss: 1.234635, L1(Flow): 1.179029, Reg: 0.055606
Iter 130 of 180 Loss: 1.261762, L1(Flow): 1.199226, Reg: 0.062536
Iter 140 of 180 Loss: 1.215099, L1(Flow): 1.155740, Reg: 0.059359
Iter 150 of 180 Loss: 1.254488, L1(Flow): 1.189804, Reg: 0.064684
Iter 160 of 180 Loss: 1.259270, L1(Flow): 1.199914, Reg: 0.059356
Iter 170 of 180 Loss: 1.284153, L1(Flow): 1.223679, Reg: 0.060474
Iter 180 of 180 Loss: 1.339920, L1(Flow): 1.277627, Reg: 0.062294
Epoch 44 Loss: 1.279058
Epoch 44 Validation: Mean EPE: 2.5684, Mean SSIM: 0.4220, Mean ZNCC: 0.5969
--> Saved to Top 5 best models (EPE: 2.5684)
--> New absolute BEST model updated with EPE: 2.5684
Epoch 45 starts
Iter 10 of 180 Loss: 1.313873, L1(Flow): 1.250825, Reg: 0.063048
Iter 20 of 180 Loss: 1.206775, L1(Flow): 1.148983, Reg: 0.057792
Iter 30 of 180 Loss: 1.205340, L1(Flow): 1.144698, Reg: 0.060642
Iter 40 of 180 Loss: 1.201053, L1(Flow): 1.144529, Reg: 0.056524
Iter 50 of 180 Loss: 1.275167, L1(Flow): 1.217872, Reg: 0.057295
Iter 60 of 180 Loss: 1.363301, L1(Flow): 1.305792, Reg: 0.057509
Iter 70 of 180 Loss: 1.225775, L1(Flow): 1.162356, Reg: 0.063419
Iter 80 of 180 Loss: 1.334494, L1(Flow): 1.269720, Reg: 0.064774
Iter 90 of 180 Loss: 1.307712, L1(Flow): 1.243497, Reg: 0.064215
Iter 100 of 180 Loss: 1.214273, L1(Flow): 1.162716, Reg: 0.051558
Iter 110 of 180 Loss: 1.204262, L1(Flow): 1.147697, Reg: 0.056565
Iter 120 of 180 Loss: 1.252995, L1(Flow): 1.193540, Reg: 0.059455
Iter 130 of 180 Loss: 1.326926, L1(Flow): 1.261831, Reg: 0.065095
Iter 140 of 180 Loss: 1.223472, L1(Flow): 1.164118, Reg: 0.059353
Iter 150 of 180 Loss: 1.215424, L1(Flow): 1.156601, Reg: 0.058823
Iter 160 of 180 Loss: 1.311488, L1(Flow): 1.252322, Reg: 0.059166
Iter 170 of 180 Loss: 1.283140, L1(Flow): 1.219804, Reg: 0.063335
Iter 180 of 180 Loss: 1.207060, L1(Flow): 1.146623, Reg: 0.060437
Epoch 45 Loss: 1.262907
Epoch 45 Validation: Mean EPE: 2.5502, Mean SSIM: 0.4222, Mean ZNCC: 0.5974
--> Saved to Top 5 best models (EPE: 2.5502)
--> New absolute BEST model updated with EPE: 2.5502
Epoch 46 starts
Iter 10 of 180 Loss: 1.300830, L1(Flow): 1.237357, Reg: 0.063473
Iter 20 of 180 Loss: 1.253554, L1(Flow): 1.196192, Reg: 0.057362
Iter 30 of 180 Loss: 1.305505, L1(Flow): 1.240786, Reg: 0.064719
Iter 40 of 180 Loss: 1.256013, L1(Flow): 1.195975, Reg: 0.060038
Iter 50 of 180 Loss: 1.288689, L1(Flow): 1.226122, Reg: 0.062567
Iter 60 of 180 Loss: 1.262990, L1(Flow): 1.202453, Reg: 0.060537
Iter 70 of 180 Loss: 1.271894, L1(Flow): 1.213041, Reg: 0.058853
Iter 80 of 180 Loss: 1.334487, L1(Flow): 1.272002, Reg: 0.062485
Iter 90 of 180 Loss: 1.205329, L1(Flow): 1.152678, Reg: 0.052651
Iter 100 of 180 Loss: 1.251177, L1(Flow): 1.191695, Reg: 0.059482
Iter 110 of 180 Loss: 1.239414, L1(Flow): 1.176827, Reg: 0.062587
Iter 120 of 180 Loss: 1.245275, L1(Flow): 1.187770, Reg: 0.057506
Iter 130 of 180 Loss: 1.288302, L1(Flow): 1.224266, Reg: 0.064036
Iter 140 of 180 Loss: 1.240993, L1(Flow): 1.187971, Reg: 0.053021
Iter 150 of 180 Loss: 1.278849, L1(Flow): 1.222779, Reg: 0.056070
Iter 160 of 180 Loss: 1.363401, L1(Flow): 1.297387, Reg: 0.066014
Iter 170 of 180 Loss: 1.201970, L1(Flow): 1.140522, Reg: 0.061448
Iter 180 of 180 Loss: 1.131803, L1(Flow): 1.071212, Reg: 0.060591
Epoch 46 Loss: 1.257432
Epoch 46 Validation: Mean EPE: 2.5409, Mean SSIM: 0.4232, Mean ZNCC: 0.5975
--> Saved to Top 5 best models (EPE: 2.5409)
--> New absolute BEST model updated with EPE: 2.5409
Epoch 47 starts
Iter 10 of 180 Loss: 1.206906, L1(Flow): 1.147342, Reg: 0.059564
Iter 20 of 180 Loss: 1.212411, L1(Flow): 1.152514, Reg: 0.059897
Iter 30 of 180 Loss: 1.164217, L1(Flow): 1.107728, Reg: 0.056488
Iter 40 of 180 Loss: 1.204154, L1(Flow): 1.139434, Reg: 0.064720
Iter 50 of 180 Loss: 1.165466, L1(Flow): 1.109126, Reg: 0.056340
Iter 60 of 180 Loss: 1.198526, L1(Flow): 1.139877, Reg: 0.058649
Iter 70 of 180 Loss: 1.284731, L1(Flow): 1.216635, Reg: 0.068096
Iter 80 of 180 Loss: 1.118545, L1(Flow): 1.065246, Reg: 0.053299
Iter 90 of 180 Loss: 1.187037, L1(Flow): 1.131690, Reg: 0.055347
Iter 100 of 180 Loss: 1.206969, L1(Flow): 1.142936, Reg: 0.064032
Iter 110 of 180 Loss: 1.269504, L1(Flow): 1.212890, Reg: 0.056614
Iter 120 of 180 Loss: 1.288930, L1(Flow): 1.225854, Reg: 0.063076
Iter 130 of 180 Loss: 1.260429, L1(Flow): 1.197240, Reg: 0.063189
Iter 140 of 180 Loss: 1.246490, L1(Flow): 1.185922, Reg: 0.060568
Iter 150 of 180 Loss: 1.191177, L1(Flow): 1.134041, Reg: 0.057136
Iter 160 of 180 Loss: 1.250763, L1(Flow): 1.189356, Reg: 0.061407
Iter 170 of 180 Loss: 1.225589, L1(Flow): 1.162782, Reg: 0.062807
Iter 180 of 180 Loss: 1.233004, L1(Flow): 1.174111, Reg: 0.058893
Epoch 47 Loss: 1.232234
Epoch 47 Validation: Mean EPE: 2.5416, Mean SSIM: 0.4241, Mean ZNCC: 0.5982
--> Saved to Top 5 best models (EPE: 2.5416)
Epoch 48 starts
Iter 10 of 180 Loss: 1.184668, L1(Flow): 1.127793, Reg: 0.056875
Iter 20 of 180 Loss: 1.185141, L1(Flow): 1.127608, Reg: 0.057533
Iter 30 of 180 Loss: 1.204084, L1(Flow): 1.145552, Reg: 0.058532
Iter 40 of 180 Loss: 1.177190, L1(Flow): 1.118062, Reg: 0.059128
Iter 50 of 180 Loss: 1.238157, L1(Flow): 1.177487, Reg: 0.060670
Iter 60 of 180 Loss: 1.249035, L1(Flow): 1.191947, Reg: 0.057087
Iter 70 of 180 Loss: 1.138009, L1(Flow): 1.081736, Reg: 0.056272
Iter 80 of 180 Loss: 1.153531, L1(Flow): 1.102806, Reg: 0.050725
Iter 90 of 180 Loss: 1.265688, L1(Flow): 1.198746, Reg: 0.066942
Iter 100 of 180 Loss: 1.139631, L1(Flow): 1.079775, Reg: 0.059856
Iter 110 of 180 Loss: 1.232010, L1(Flow): 1.170529, Reg: 0.061481
Iter 120 of 180 Loss: 1.270753, L1(Flow): 1.206921, Reg: 0.063833
Iter 130 of 180 Loss: 1.264960, L1(Flow): 1.199845, Reg: 0.065114
Iter 140 of 180 Loss: 1.194930, L1(Flow): 1.140688, Reg: 0.054242
Iter 150 of 180 Loss: 1.137163, L1(Flow): 1.082710, Reg: 0.054453
Iter 160 of 180 Loss: 1.243903, L1(Flow): 1.178772, Reg: 0.065131
Iter 170 of 180 Loss: 1.167602, L1(Flow): 1.114640, Reg: 0.052962
Iter 180 of 180 Loss: 1.195884, L1(Flow): 1.138975, Reg: 0.056910
Epoch 48 Loss: 1.219066
Epoch 48 Validation: Mean EPE: 2.5364, Mean SSIM: 0.4246, Mean ZNCC: 0.5983
--> Saved to Top 5 best models (EPE: 2.5364)
--> New absolute BEST model updated with EPE: 2.5364
Epoch 49 starts
Iter 10 of 180 Loss: 1.181838, L1(Flow): 1.117511, Reg: 0.064328
Iter 20 of 180 Loss: 1.296442, L1(Flow): 1.237735, Reg: 0.058707
Iter 30 of 180 Loss: 1.230906, L1(Flow): 1.165996, Reg: 0.064910
Iter 40 of 180 Loss: 1.251995, L1(Flow): 1.190902, Reg: 0.061093
Iter 50 of 180 Loss: 1.223996, L1(Flow): 1.164712, Reg: 0.059284
Iter 60 of 180 Loss: 1.175345, L1(Flow): 1.109754, Reg: 0.065591
Iter 70 of 180 Loss: 1.158476, L1(Flow): 1.095142, Reg: 0.063334
Iter 80 of 180 Loss: 1.195498, L1(Flow): 1.138857, Reg: 0.056641
Iter 90 of 180 Loss: 1.228239, L1(Flow): 1.161698, Reg: 0.066541
Iter 100 of 180 Loss: 1.303749, L1(Flow): 1.242341, Reg: 0.061408
Iter 110 of 180 Loss: 1.248991, L1(Flow): 1.189760, Reg: 0.059231
Iter 120 of 180 Loss: 1.171135, L1(Flow): 1.112197, Reg: 0.058939
Iter 130 of 180 Loss: 1.187671, L1(Flow): 1.128761, Reg: 0.058911
Iter 140 of 180 Loss: 1.305376, L1(Flow): 1.240831, Reg: 0.064545
Iter 150 of 180 Loss: 1.234535, L1(Flow): 1.176473, Reg: 0.058062
Iter 160 of 180 Loss: 1.150232, L1(Flow): 1.091852, Reg: 0.058380
Iter 170 of 180 Loss: 1.212621, L1(Flow): 1.156835, Reg: 0.055786
Iter 180 of 180 Loss: 1.141681, L1(Flow): 1.087343, Reg: 0.054338
Epoch 49 Loss: 1.199895
Epoch 49 Validation: Mean EPE: 2.5343, Mean SSIM: 0.4244, Mean ZNCC: 0.5983
--> Saved to Top 5 best models (EPE: 2.5343)
--> New absolute BEST model updated with EPE: 2.5343
Epoch 50 starts
Iter 10 of 180 Loss: 1.188827, L1(Flow): 1.124688, Reg: 0.064139
Iter 20 of 180 Loss: 1.183589, L1(Flow): 1.125542, Reg: 0.058047
Iter 30 of 180 Loss: 1.171238, L1(Flow): 1.109664, Reg: 0.061575
Iter 40 of 180 Loss: 1.183502, L1(Flow): 1.122385, Reg: 0.061116
Iter 50 of 180 Loss: 1.167748, L1(Flow): 1.111229, Reg: 0.056519
Iter 60 of 180 Loss: 1.221073, L1(Flow): 1.160309, Reg: 0.060764
Iter 70 of 180 Loss: 1.170430, L1(Flow): 1.116796, Reg: 0.053634
Iter 80 of 180 Loss: 1.172723, L1(Flow): 1.114026, Reg: 0.058697
Iter 90 of 180 Loss: 1.161338, L1(Flow): 1.103907, Reg: 0.057432
Iter 100 of 180 Loss: 1.240111, L1(Flow): 1.177573, Reg: 0.062538
Iter 110 of 180 Loss: 1.183687, L1(Flow): 1.120202, Reg: 0.063485
Iter 120 of 180 Loss: 1.132522, L1(Flow): 1.078293, Reg: 0.054228
Iter 130 of 180 Loss: 1.189100, L1(Flow): 1.132769, Reg: 0.056331
Iter 140 of 180 Loss: 1.178066, L1(Flow): 1.119640, Reg: 0.058426
Iter 150 of 180 Loss: 1.247077, L1(Flow): 1.181201, Reg: 0.065875
Iter 160 of 180 Loss: 1.177074, L1(Flow): 1.116540, Reg: 0.060533
Iter 170 of 180 Loss: 1.260687, L1(Flow): 1.198149, Reg: 0.062537
Iter 180 of 180 Loss: 1.321844, L1(Flow): 1.256285, Reg: 0.065558
Epoch 50 Loss: 1.192377
Epoch 50 Validation: Mean EPE: 2.5294, Mean SSIM: 0.4243, Mean ZNCC: 0.5983
--> Saved to Top 5 best models (EPE: 2.5294)
--> New absolute BEST model updated with EPE: 2.5294
Epoch 51 starts
Iter 10 of 180 Loss: 1.154669, L1(Flow): 1.097620, Reg: 0.057049
Iter 20 of 180 Loss: 1.177704, L1(Flow): 1.120598, Reg: 0.057106
Iter 30 of 180 Loss: 1.218791, L1(Flow): 1.160388, Reg: 0.058404
Iter 40 of 180 Loss: 1.100623, L1(Flow): 1.048850, Reg: 0.051773
Iter 50 of 180 Loss: 1.217921, L1(Flow): 1.159585, Reg: 0.058336
Iter 60 of 180 Loss: 1.226970, L1(Flow): 1.164608, Reg: 0.062363
Iter 70 of 180 Loss: 1.219046, L1(Flow): 1.160061, Reg: 0.058984
Iter 80 of 180 Loss: 1.126304, L1(Flow): 1.067186, Reg: 0.059118
Iter 90 of 180 Loss: 1.179219, L1(Flow): 1.117671, Reg: 0.061548
Iter 100 of 180 Loss: 1.168330, L1(Flow): 1.109026, Reg: 0.059304
Iter 110 of 180 Loss: 1.160273, L1(Flow): 1.106621, Reg: 0.053653
Iter 120 of 180 Loss: 1.233697, L1(Flow): 1.172034, Reg: 0.061662
Iter 130 of 180 Loss: 1.210080, L1(Flow): 1.148362, Reg: 0.061718
Iter 140 of 180 Loss: 1.215075, L1(Flow): 1.156250, Reg: 0.058825
Iter 150 of 180 Loss: 1.199526, L1(Flow): 1.134052, Reg: 0.065474
Iter 160 of 180 Loss: 1.179893, L1(Flow): 1.120741, Reg: 0.059152
Iter 170 of 180 Loss: 1.181853, L1(Flow): 1.123598, Reg: 0.058255
Iter 180 of 180 Loss: 1.193162, L1(Flow): 1.126648, Reg: 0.066514
Epoch 51 Loss: 1.174909
Epoch 51 Validation: Mean EPE: 2.5087, Mean SSIM: 0.4255, Mean ZNCC: 0.5989
--> Saved to Top 5 best models (EPE: 2.5087)
--> New absolute BEST model updated with EPE: 2.5087
Epoch 52 starts
Iter 10 of 180 Loss: 1.134521, L1(Flow): 1.076142, Reg: 0.058380
Iter 20 of 180 Loss: 1.178183, L1(Flow): 1.116444, Reg: 0.061739
Iter 30 of 180 Loss: 1.197262, L1(Flow): 1.139530, Reg: 0.057732
Iter 40 of 180 Loss: 1.187976, L1(Flow): 1.125819, Reg: 0.062157
Iter 50 of 180 Loss: 1.189859, L1(Flow): 1.130378, Reg: 0.059481
Iter 60 of 180 Loss: 1.166121, L1(Flow): 1.105951, Reg: 0.060170
Iter 70 of 180 Loss: 1.204313, L1(Flow): 1.143334, Reg: 0.060980
Iter 80 of 180 Loss: 1.193359, L1(Flow): 1.133381, Reg: 0.059978
Iter 90 of 180 Loss: 1.200016, L1(Flow): 1.138096, Reg: 0.061920
Iter 100 of 180 Loss: 1.111687, L1(Flow): 1.059729, Reg: 0.051959
Iter 110 of 180 Loss: 1.197146, L1(Flow): 1.136432, Reg: 0.060714
Iter 120 of 180 Loss: 1.220753, L1(Flow): 1.156845, Reg: 0.063908
Iter 130 of 180 Loss: 1.140704, L1(Flow): 1.088981, Reg: 0.051724
Iter 140 of 180 Loss: 1.087809, L1(Flow): 1.033111, Reg: 0.054697
Iter 150 of 180 Loss: 1.172011, L1(Flow): 1.113364, Reg: 0.058648
Iter 160 of 180 Loss: 1.183306, L1(Flow): 1.126042, Reg: 0.057264
Iter 170 of 180 Loss: 1.169877, L1(Flow): 1.108919, Reg: 0.060958
Iter 180 of 180 Loss: 1.086766, L1(Flow): 1.035813, Reg: 0.050954
Epoch 52 Loss: 1.162049
Epoch 52 Validation: Mean EPE: 2.5082, Mean SSIM: 0.4259, Mean ZNCC: 0.5989
--> Saved to Top 5 best models (EPE: 2.5082)
--> New absolute BEST model updated with EPE: 2.5082
Epoch 53 starts
Iter 10 of 180 Loss: 1.074303, L1(Flow): 1.020385, Reg: 0.053917
Iter 20 of 180 Loss: 1.159318, L1(Flow): 1.097888, Reg: 0.061430
Iter 30 of 180 Loss: 1.125231, L1(Flow): 1.063055, Reg: 0.062176
Iter 40 of 180 Loss: 1.099420, L1(Flow): 1.046121, Reg: 0.053298
Iter 50 of 180 Loss: 1.145481, L1(Flow): 1.092593, Reg: 0.052888
Iter 60 of 180 Loss: 1.147665, L1(Flow): 1.088442, Reg: 0.059222
Iter 70 of 180 Loss: 1.121050, L1(Flow): 1.063048, Reg: 0.058001
Iter 80 of 180 Loss: 1.176301, L1(Flow): 1.119653, Reg: 0.056648
Iter 90 of 180 Loss: 1.235787, L1(Flow): 1.173671, Reg: 0.062116
Iter 100 of 180 Loss: 1.130032, L1(Flow): 1.073952, Reg: 0.056080
Iter 110 of 180 Loss: 1.127515, L1(Flow): 1.072945, Reg: 0.054570
Iter 120 of 180 Loss: 1.164492, L1(Flow): 1.104444, Reg: 0.060048
Iter 130 of 180 Loss: 1.208123, L1(Flow): 1.143417, Reg: 0.064706
Iter 140 of 180 Loss: 1.138664, L1(Flow): 1.082570, Reg: 0.056095
Iter 150 of 180 Loss: 1.169960, L1(Flow): 1.113564, Reg: 0.056397
Iter 160 of 180 Loss: 1.144846, L1(Flow): 1.087240, Reg: 0.057606
Iter 170 of 180 Loss: 1.181776, L1(Flow): 1.118849, Reg: 0.062927
Iter 180 of 180 Loss: 1.248755, L1(Flow): 1.190492, Reg: 0.058263
Epoch 53 Loss: 1.155206
Epoch 53 Validation: Mean EPE: 2.5162, Mean SSIM: 0.4250, Mean ZNCC: 0.5985
--> Saved to Top 5 best models (EPE: 2.5162)
Epoch 54 starts
Iter 10 of 180 Loss: 1.101285, L1(Flow): 1.041514, Reg: 0.059771
Iter 20 of 180 Loss: 1.181979, L1(Flow): 1.121481, Reg: 0.060498
Iter 30 of 180 Loss: 1.167057, L1(Flow): 1.109878, Reg: 0.057179
Iter 40 of 180 Loss: 1.045831, L1(Flow): 0.992459, Reg: 0.053372
Iter 50 of 180 Loss: 1.194821, L1(Flow): 1.133342, Reg: 0.061478
Iter 60 of 180 Loss: 1.082823, L1(Flow): 1.027046, Reg: 0.055777
Iter 70 of 180 Loss: 1.132243, L1(Flow): 1.076328, Reg: 0.055915
Iter 80 of 180 Loss: 1.173744, L1(Flow): 1.113855, Reg: 0.059889
Iter 90 of 180 Loss: 1.156087, L1(Flow): 1.094471, Reg: 0.061615
Iter 100 of 180 Loss: 1.157555, L1(Flow): 1.098131, Reg: 0.059424
Iter 110 of 180 Loss: 1.174542, L1(Flow): 1.116039, Reg: 0.058503
Iter 120 of 180 Loss: 1.078868, L1(Flow): 1.021406, Reg: 0.057462
Iter 130 of 180 Loss: 1.158575, L1(Flow): 1.098785, Reg: 0.059791
Iter 140 of 180 Loss: 1.078744, L1(Flow): 1.026190, Reg: 0.052554
Iter 150 of 180 Loss: 1.178459, L1(Flow): 1.117269, Reg: 0.061190
Iter 160 of 180 Loss: 1.170688, L1(Flow): 1.115609, Reg: 0.055080
Iter 170 of 180 Loss: 1.166997, L1(Flow): 1.108524, Reg: 0.058473
Iter 180 of 180 Loss: 1.129651, L1(Flow): 1.069284, Reg: 0.060367
Epoch 54 Loss: 1.144806
Epoch 54 Validation: Mean EPE: 2.5106, Mean SSIM: 0.4252, Mean ZNCC: 0.5986
--> Saved to Top 5 best models (EPE: 2.5106)
Epoch 55 starts
Iter 10 of 180 Loss: 1.124547, L1(Flow): 1.064066, Reg: 0.060481
Iter 20 of 180 Loss: 1.113506, L1(Flow): 1.057265, Reg: 0.056241
Iter 30 of 180 Loss: 1.222215, L1(Flow): 1.156997, Reg: 0.065218
Iter 40 of 180 Loss: 1.115450, L1(Flow): 1.057487, Reg: 0.057963
Iter 50 of 180 Loss: 1.101081, L1(Flow): 1.043532, Reg: 0.057549
Iter 60 of 180 Loss: 1.138794, L1(Flow): 1.079820, Reg: 0.058974
Iter 70 of 180 Loss: 1.164475, L1(Flow): 1.104046, Reg: 0.060429
Iter 80 of 180 Loss: 1.175068, L1(Flow): 1.111463, Reg: 0.063605
Iter 90 of 180 Loss: 1.097742, L1(Flow): 1.038155, Reg: 0.059587
Iter 100 of 180 Loss: 1.133484, L1(Flow): 1.077600, Reg: 0.055884
Iter 110 of 180 Loss: 1.093424, L1(Flow): 1.032803, Reg: 0.060621
Iter 120 of 180 Loss: 1.158194, L1(Flow): 1.101827, Reg: 0.056367
Iter 130 of 180 Loss: 1.100763, L1(Flow): 1.044215, Reg: 0.056547
Iter 140 of 180 Loss: 1.094333, L1(Flow): 1.041805, Reg: 0.052528
Iter 150 of 180 Loss: 1.108106, L1(Flow): 1.052175, Reg: 0.055931
Iter 160 of 180 Loss: 1.283041, L1(Flow): 1.215589, Reg: 0.067452
Iter 170 of 180 Loss: 1.072199, L1(Flow): 1.015763, Reg: 0.056436
Iter 180 of 180 Loss: 1.080247, L1(Flow): 1.022999, Reg: 0.057248
Epoch 55 Loss: 1.128562
Epoch 55 Validation: Mean EPE: 2.5015, Mean SSIM: 0.4254, Mean ZNCC: 0.5989
--> Saved to Top 5 best models (EPE: 2.5015)
--> New absolute BEST model updated with EPE: 2.5015
Epoch 56 starts
Iter 10 of 180 Loss: 1.134210, L1(Flow): 1.074779, Reg: 0.059430
Iter 20 of 180 Loss: 1.062541, L1(Flow): 1.006108, Reg: 0.056433
Iter 30 of 180 Loss: 1.087538, L1(Flow): 1.026916, Reg: 0.060622
Iter 40 of 180 Loss: 1.101936, L1(Flow): 1.040847, Reg: 0.061088
Iter 50 of 180 Loss: 1.080310, L1(Flow): 1.022755, Reg: 0.057555
Iter 60 of 180 Loss: 1.121447, L1(Flow): 1.062407, Reg: 0.059040
Iter 70 of 180 Loss: 1.109135, L1(Flow): 1.056190, Reg: 0.052945
Iter 80 of 180 Loss: 1.158961, L1(Flow): 1.105143, Reg: 0.053818
Iter 90 of 180 Loss: 1.123660, L1(Flow): 1.062014, Reg: 0.061646
Iter 100 of 180 Loss: 1.143635, L1(Flow): 1.082758, Reg: 0.060877
Iter 110 of 180 Loss: 1.086885, L1(Flow): 1.032939, Reg: 0.053947
Iter 120 of 180 Loss: 1.083153, L1(Flow): 1.025715, Reg: 0.057438
Iter 130 of 180 Loss: 1.064924, L1(Flow): 1.010202, Reg: 0.054722
Iter 140 of 180 Loss: 1.120149, L1(Flow): 1.067770, Reg: 0.052379
Iter 150 of 180 Loss: 1.128232, L1(Flow): 1.071270, Reg: 0.056961
Iter 160 of 180 Loss: 1.097616, L1(Flow): 1.038562, Reg: 0.059054
Iter 170 of 180 Loss: 1.149829, L1(Flow): 1.087244, Reg: 0.062585
Iter 180 of 180 Loss: 1.126851, L1(Flow): 1.072831, Reg: 0.054020
Epoch 56 Loss: 1.116327
Epoch 56 Validation: Mean EPE: 2.4931, Mean SSIM: 0.4267, Mean ZNCC: 0.5996
--> Saved to Top 5 best models (EPE: 2.4931)
--> New absolute BEST model updated with EPE: 2.4931
Epoch 57 starts
Iter 10 of 180 Loss: 1.088684, L1(Flow): 1.032700, Reg: 0.055984
Iter 20 of 180 Loss: 1.110300, L1(Flow): 1.048876, Reg: 0.061424
Iter 30 of 180 Loss: 1.074156, L1(Flow): 1.018473, Reg: 0.055683
Iter 40 of 180 Loss: 1.120975, L1(Flow): 1.061316, Reg: 0.059659
Iter 50 of 180 Loss: 1.137596, L1(Flow): 1.080609, Reg: 0.056986
Iter 60 of 180 Loss: 1.153226, L1(Flow): 1.093186, Reg: 0.060040
Iter 70 of 180 Loss: 1.136986, L1(Flow): 1.072703, Reg: 0.064284
Iter 80 of 180 Loss: 1.111301, L1(Flow): 1.056672, Reg: 0.054629
Iter 90 of 180 Loss: 1.125514, L1(Flow): 1.065878, Reg: 0.059636
Iter 100 of 180 Loss: 1.062239, L1(Flow): 1.007729, Reg: 0.054510
Iter 110 of 180 Loss: 1.106002, L1(Flow): 1.050618, Reg: 0.055384
Iter 120 of 180 Loss: 1.107860, L1(Flow): 1.052027, Reg: 0.055833
Iter 130 of 180 Loss: 1.131238, L1(Flow): 1.073644, Reg: 0.057594
Iter 140 of 180 Loss: 1.080891, L1(Flow): 1.023197, Reg: 0.057694
Iter 150 of 180 Loss: 1.090971, L1(Flow): 1.037604, Reg: 0.053366
Iter 160 of 180 Loss: 1.085786, L1(Flow): 1.030404, Reg: 0.055381
Iter 170 of 180 Loss: 1.110409, L1(Flow): 1.054643, Reg: 0.055766
Iter 180 of 180 Loss: 1.073788, L1(Flow): 1.016929, Reg: 0.056859
Epoch 57 Loss: 1.102146
Epoch 57 Validation: Mean EPE: 2.4896, Mean SSIM: 0.4269, Mean ZNCC: 0.5993
--> Saved to Top 5 best models (EPE: 2.4896)
--> New absolute BEST model updated with EPE: 2.4896
Epoch 58 starts
Iter 10 of 180 Loss: 0.998910, L1(Flow): 0.948951, Reg: 0.049959
Iter 20 of 180 Loss: 1.065507, L1(Flow): 1.008987, Reg: 0.056520
Iter 30 of 180 Loss: 1.091210, L1(Flow): 1.031641, Reg: 0.059569
Iter 40 of 180 Loss: 1.117206, L1(Flow): 1.060309, Reg: 0.056897
Iter 50 of 180 Loss: 1.128831, L1(Flow): 1.069501, Reg: 0.059329
Iter 60 of 180 Loss: 1.152387, L1(Flow): 1.086564, Reg: 0.065823
Iter 70 of 180 Loss: 1.017035, L1(Flow): 0.962772, Reg: 0.054263
Iter 80 of 180 Loss: 1.066532, L1(Flow): 1.014628, Reg: 0.051904
Iter 90 of 180 Loss: 1.121318, L1(Flow): 1.057996, Reg: 0.063322
Iter 100 of 180 Loss: 1.099083, L1(Flow): 1.039899, Reg: 0.059184
Iter 110 of 180 Loss: 1.079854, L1(Flow): 1.025766, Reg: 0.054088
Iter 120 of 180 Loss: 1.124915, L1(Flow): 1.065531, Reg: 0.059384
Iter 130 of 180 Loss: 1.234477, L1(Flow): 1.169073, Reg: 0.065405
Iter 140 of 180 Loss: 1.121939, L1(Flow): 1.061605, Reg: 0.060334
Iter 150 of 180 Loss: 1.171379, L1(Flow): 1.106707, Reg: 0.064672
Iter 160 of 180 Loss: 1.072832, L1(Flow): 1.019001, Reg: 0.053831
Iter 170 of 180 Loss: 1.031994, L1(Flow): 0.981687, Reg: 0.050306
Iter 180 of 180 Loss: 1.001053, L1(Flow): 0.956160, Reg: 0.044893
Epoch 58 Loss: 1.089990
Epoch 58 Validation: Mean EPE: 2.5101, Mean SSIM: 0.4262, Mean ZNCC: 0.5993
Epoch 59 starts
Iter 10 of 180 Loss: 1.063416, L1(Flow): 1.007151, Reg: 0.056265
Iter 20 of 180 Loss: 1.068383, L1(Flow): 1.010578, Reg: 0.057805
Iter 30 of 180 Loss: 0.977817, L1(Flow): 0.924718, Reg: 0.053099
Iter 40 of 180 Loss: 1.015014, L1(Flow): 0.960388, Reg: 0.054626
Iter 50 of 180 Loss: 0.995936, L1(Flow): 0.942756, Reg: 0.053181
Iter 60 of 180 Loss: 1.021108, L1(Flow): 0.967449, Reg: 0.053659
Iter 70 of 180 Loss: 1.041376, L1(Flow): 0.985988, Reg: 0.055389
Iter 80 of 180 Loss: 1.102313, L1(Flow): 1.041560, Reg: 0.060754
Iter 90 of 180 Loss: 1.107282, L1(Flow): 1.047475, Reg: 0.059807
Iter 100 of 180 Loss: 1.100811, L1(Flow): 1.042705, Reg: 0.058106
Iter 110 of 180 Loss: 1.017134, L1(Flow): 0.965994, Reg: 0.051140
Iter 120 of 180 Loss: 1.125572, L1(Flow): 1.069024, Reg: 0.056548
Iter 130 of 180 Loss: 1.092478, L1(Flow): 1.031141, Reg: 0.061337
Iter 140 of 180 Loss: 1.030193, L1(Flow): 0.974810, Reg: 0.055383
Iter 150 of 180 Loss: 1.059181, L1(Flow): 1.003997, Reg: 0.055184
Iter 160 of 180 Loss: 1.063950, L1(Flow): 1.007375, Reg: 0.056575
Iter 170 of 180 Loss: 1.074612, L1(Flow): 1.020472, Reg: 0.054141
Iter 180 of 180 Loss: 1.198136, L1(Flow): 1.135950, Reg: 0.062186
Epoch 59 Loss: 1.077239
Epoch 59 Validation: Mean EPE: 2.4951, Mean SSIM: 0.4273, Mean ZNCC: 0.5996
--> Saved to Top 5 best models (EPE: 2.4951)
Epoch 60 starts
Iter 10 of 180 Loss: 1.033476, L1(Flow): 0.976440, Reg: 0.057036
Iter 20 of 180 Loss: 1.094079, L1(Flow): 1.035429, Reg: 0.058650
Iter 30 of 180 Loss: 1.039201, L1(Flow): 0.983289, Reg: 0.055912
Iter 40 of 180 Loss: 1.083893, L1(Flow): 1.024555, Reg: 0.059337
Iter 50 of 180 Loss: 1.079633, L1(Flow): 1.028053, Reg: 0.051580
Iter 60 of 180 Loss: 1.051127, L1(Flow): 0.993523, Reg: 0.057604
Iter 70 of 180 Loss: 1.040086, L1(Flow): 0.978782, Reg: 0.061304
Iter 80 of 180 Loss: 1.065205, L1(Flow): 1.003857, Reg: 0.061348
Iter 90 of 180 Loss: 1.088748, L1(Flow): 1.033189, Reg: 0.055559
Iter 100 of 180 Loss: 0.997373, L1(Flow): 0.939254, Reg: 0.058120
Iter 110 of 180 Loss: 1.098246, L1(Flow): 1.040123, Reg: 0.058123
Iter 120 of 180 Loss: 1.017560, L1(Flow): 0.963065, Reg: 0.054495
Iter 130 of 180 Loss: 1.123328, L1(Flow): 1.064393, Reg: 0.058935
Iter 140 of 180 Loss: 1.078927, L1(Flow): 1.028403, Reg: 0.050524
Iter 150 of 180 Loss: 1.015686, L1(Flow): 0.960310, Reg: 0.055376
Iter 160 of 180 Loss: 1.136367, L1(Flow): 1.073137, Reg: 0.063229
Iter 170 of 180 Loss: 1.033464, L1(Flow): 0.981182, Reg: 0.052282
Iter 180 of 180 Loss: 1.055594, L1(Flow): 1.002198, Reg: 0.053396
Epoch 60 Loss: 1.069728
Epoch 60 Validation: Mean EPE: 2.5151, Mean SSIM: 0.4268, Mean ZNCC: 0.5994
Epoch 61 starts
Iter 10 of 180 Loss: 0.998522, L1(Flow): 0.945866, Reg: 0.052656
Iter 20 of 180 Loss: 1.058419, L1(Flow): 1.000495, Reg: 0.057924
Iter 30 of 180 Loss: 1.068192, L1(Flow): 1.009132, Reg: 0.059060
Iter 40 of 180 Loss: 1.042811, L1(Flow): 0.984967, Reg: 0.057843
Iter 50 of 180 Loss: 1.142044, L1(Flow): 1.082895, Reg: 0.059149
Iter 60 of 180 Loss: 1.104152, L1(Flow): 1.044232, Reg: 0.059920
Iter 70 of 180 Loss: 1.059246, L1(Flow): 1.001527, Reg: 0.057719
Iter 80 of 180 Loss: 1.061931, L1(Flow): 1.004786, Reg: 0.057145
Iter 90 of 180 Loss: 1.005303, L1(Flow): 0.948977, Reg: 0.056326
Iter 100 of 180 Loss: 1.061927, L1(Flow): 1.006244, Reg: 0.055684
Iter 110 of 180 Loss: 1.100148, L1(Flow): 1.041784, Reg: 0.058364
Iter 120 of 180 Loss: 1.090262, L1(Flow): 1.034608, Reg: 0.055653
Iter 130 of 180 Loss: 1.079583, L1(Flow): 1.026206, Reg: 0.053377
Iter 140 of 180 Loss: 1.090615, L1(Flow): 1.033402, Reg: 0.057212
Iter 150 of 180 Loss: 1.062487, L1(Flow): 1.009059, Reg: 0.053427
Iter 160 of 180 Loss: 1.061449, L1(Flow): 1.002573, Reg: 0.058877
Iter 170 of 180 Loss: 0.970225, L1(Flow): 0.921241, Reg: 0.048984
Iter 180 of 180 Loss: 1.068429, L1(Flow): 1.007927, Reg: 0.060502
Epoch 61 Loss: 1.061984
Epoch 61 Validation: Mean EPE: 2.4917, Mean SSIM: 0.4282, Mean ZNCC: 0.6000
--> Saved to Top 5 best models (EPE: 2.4917)
Epoch 62 starts
Iter 10 of 180 Loss: 1.020852, L1(Flow): 0.962400, Reg: 0.058452
Iter 20 of 180 Loss: 1.045665, L1(Flow): 0.991522, Reg: 0.054143
Iter 30 of 180 Loss: 1.044683, L1(Flow): 0.986957, Reg: 0.057727
Iter 40 of 180 Loss: 1.066386, L1(Flow): 1.015888, Reg: 0.050499
Iter 50 of 180 Loss: 0.966920, L1(Flow): 0.914207, Reg: 0.052713
Iter 60 of 180 Loss: 1.010956, L1(Flow): 0.954702, Reg: 0.056254
Iter 70 of 180 Loss: 1.070372, L1(Flow): 1.015846, Reg: 0.054526
Iter 80 of 180 Loss: 1.062573, L1(Flow): 1.003842, Reg: 0.058731
Iter 90 of 180 Loss: 1.085456, L1(Flow): 1.027626, Reg: 0.057830
Iter 100 of 180 Loss: 1.052070, L1(Flow): 0.997974, Reg: 0.054096
Iter 110 of 180 Loss: 1.054557, L1(Flow): 0.996064, Reg: 0.058492
Iter 120 of 180 Loss: 0.999670, L1(Flow): 0.944832, Reg: 0.054838
Iter 130 of 180 Loss: 1.039105, L1(Flow): 0.983421, Reg: 0.055684
Iter 140 of 180 Loss: 1.081378, L1(Flow): 1.022607, Reg: 0.058770
Iter 150 of 180 Loss: 1.077343, L1(Flow): 1.019861, Reg: 0.057482
Iter 160 of 180 Loss: 1.016820, L1(Flow): 0.961480, Reg: 0.055340
Iter 170 of 180 Loss: 1.078317, L1(Flow): 1.021872, Reg: 0.056445
Iter 180 of 180 Loss: 1.126977, L1(Flow): 1.068511, Reg: 0.058467
Epoch 62 Loss: 1.045699
Epoch 62 Validation: Mean EPE: 2.5112, Mean SSIM: 0.4271, Mean ZNCC: 0.5996
Epoch 63 starts
Iter 10 of 180 Loss: 1.043328, L1(Flow): 0.984385, Reg: 0.058943
Iter 20 of 180 Loss: 1.024772, L1(Flow): 0.969322, Reg: 0.055449
Iter 30 of 180 Loss: 1.098970, L1(Flow): 1.039791, Reg: 0.059179
Iter 40 of 180 Loss: 1.045547, L1(Flow): 0.990045, Reg: 0.055502
Iter 50 of 180 Loss: 1.037121, L1(Flow): 0.982410, Reg: 0.054711
Iter 60 of 180 Loss: 1.088045, L1(Flow): 1.028715, Reg: 0.059330
Iter 70 of 180 Loss: 1.003805, L1(Flow): 0.950067, Reg: 0.053738
Iter 80 of 180 Loss: 1.038353, L1(Flow): 0.981902, Reg: 0.056451
Iter 90 of 180 Loss: 1.078714, L1(Flow): 1.020783, Reg: 0.057931
Iter 100 of 180 Loss: 1.068351, L1(Flow): 1.010286, Reg: 0.058065
Iter 110 of 180 Loss: 1.041805, L1(Flow): 0.988942, Reg: 0.052863
Iter 120 of 180 Loss: 1.010048, L1(Flow): 0.953268, Reg: 0.056779
Iter 130 of 180 Loss: 1.025778, L1(Flow): 0.969698, Reg: 0.056079
Iter 140 of 180 Loss: 1.087761, L1(Flow): 1.029429, Reg: 0.058332
Iter 150 of 180 Loss: 1.001168, L1(Flow): 0.945955, Reg: 0.055213
Iter 160 of 180 Loss: 1.108534, L1(Flow): 1.045076, Reg: 0.063457
Iter 170 of 180 Loss: 1.051604, L1(Flow): 0.994544, Reg: 0.057060
Iter 180 of 180 Loss: 1.013690, L1(Flow): 0.963531, Reg: 0.050159
Epoch 63 Loss: 1.038643
Epoch 63 Validation: Mean EPE: 2.4806, Mean SSIM: 0.4283, Mean ZNCC: 0.6005
--> Saved to Top 5 best models (EPE: 2.4806)
--> New absolute BEST model updated with EPE: 2.4806
Epoch 64 starts
Iter 10 of 180 Loss: 0.993824, L1(Flow): 0.941400, Reg: 0.052424
Iter 20 of 180 Loss: 1.050076, L1(Flow): 0.994224, Reg: 0.055852
Iter 30 of 180 Loss: 1.061395, L1(Flow): 1.001486, Reg: 0.059909
Iter 40 of 180 Loss: 1.061072, L1(Flow): 1.000910, Reg: 0.060162
Iter 50 of 180 Loss: 0.995665, L1(Flow): 0.943226, Reg: 0.052439
Iter 60 of 180 Loss: 1.090529, L1(Flow): 1.029841, Reg: 0.060688
Iter 70 of 180 Loss: 1.058874, L1(Flow): 0.998172, Reg: 0.060702
Iter 80 of 180 Loss: 1.063359, L1(Flow): 1.004527, Reg: 0.058832
Iter 90 of 180 Loss: 1.035285, L1(Flow): 0.977484, Reg: 0.057801
Iter 100 of 180 Loss: 1.037528, L1(Flow): 0.977100, Reg: 0.060427
Iter 110 of 180 Loss: 1.049845, L1(Flow): 0.996797, Reg: 0.053049
Iter 120 of 180 Loss: 1.026388, L1(Flow): 0.969015, Reg: 0.057373
Iter 130 of 180 Loss: 0.967007, L1(Flow): 0.910270, Reg: 0.056737
Iter 140 of 180 Loss: 1.033224, L1(Flow): 0.980525, Reg: 0.052700
Iter 150 of 180 Loss: 0.990976, L1(Flow): 0.938648, Reg: 0.052328
Iter 160 of 180 Loss: 1.069548, L1(Flow): 1.011937, Reg: 0.057611
Iter 170 of 180 Loss: 1.032803, L1(Flow): 0.976360, Reg: 0.056443
Iter 180 of 180 Loss: 1.055692, L1(Flow): 1.002143, Reg: 0.053550
Epoch 64 Loss: 1.035583
Epoch 64 Validation: Mean EPE: 2.4861, Mean SSIM: 0.4282, Mean ZNCC: 0.5999
--> Saved to Top 5 best models (EPE: 2.4861)
Epoch 65 starts
Iter 10 of 180 Loss: 1.022104, L1(Flow): 0.966711, Reg: 0.055393
Iter 20 of 180 Loss: 1.030997, L1(Flow): 0.971033, Reg: 0.059964
Iter 30 of 180 Loss: 1.013520, L1(Flow): 0.961874, Reg: 0.051646
Iter 40 of 180 Loss: 1.007930, L1(Flow): 0.948776, Reg: 0.059154
Iter 50 of 180 Loss: 1.063310, L1(Flow): 1.002871, Reg: 0.060439
Iter 60 of 180 Loss: 0.998245, L1(Flow): 0.946166, Reg: 0.052079
Iter 70 of 180 Loss: 1.023929, L1(Flow): 0.963577, Reg: 0.060352
Iter 80 of 180 Loss: 0.998002, L1(Flow): 0.944553, Reg: 0.053449
Iter 90 of 180 Loss: 1.009417, L1(Flow): 0.954001, Reg: 0.055416
Iter 100 of 180 Loss: 0.983454, L1(Flow): 0.927610, Reg: 0.055844
Iter 110 of 180 Loss: 1.035004, L1(Flow): 0.974954, Reg: 0.060050
Iter 120 of 180 Loss: 0.979682, L1(Flow): 0.923446, Reg: 0.056236
Iter 130 of 180 Loss: 1.052564, L1(Flow): 0.994214, Reg: 0.058350
Iter 140 of 180 Loss: 1.026753, L1(Flow): 0.970096, Reg: 0.056656
Iter 150 of 180 Loss: 1.042606, L1(Flow): 0.987488, Reg: 0.055118
Iter 160 of 180 Loss: 1.020262, L1(Flow): 0.970162, Reg: 0.050100
Iter 170 of 180 Loss: 1.061886, L1(Flow): 1.001559, Reg: 0.060326
Iter 180 of 180 Loss: 1.026967, L1(Flow): 0.970033, Reg: 0.056934
Epoch 65 Loss: 1.016671
Epoch 65 Validation: Mean EPE: 2.4842, Mean SSIM: 0.4286, Mean ZNCC: 0.6002
--> Saved to Top 5 best models (EPE: 2.4842)
Epoch 66 starts
Iter 10 of 180 Loss: 1.040887, L1(Flow): 0.983757, Reg: 0.057129
Iter 20 of 180 Loss: 1.019646, L1(Flow): 0.965351, Reg: 0.054295
Iter 30 of 180 Loss: 1.049223, L1(Flow): 0.988168, Reg: 0.061055
Iter 40 of 180 Loss: 0.986728, L1(Flow): 0.934591, Reg: 0.052137
Iter 50 of 180 Loss: 0.904582, L1(Flow): 0.853497, Reg: 0.051085
Iter 60 of 180 Loss: 1.001033, L1(Flow): 0.940622, Reg: 0.060410
Iter 70 of 180 Loss: 0.936389, L1(Flow): 0.880798, Reg: 0.055592
Iter 80 of 180 Loss: 0.979589, L1(Flow): 0.927377, Reg: 0.052212
Iter 90 of 180 Loss: 1.033034, L1(Flow): 0.977532, Reg: 0.055502
Iter 100 of 180 Loss: 1.053669, L1(Flow): 0.994152, Reg: 0.059517
Iter 110 of 180 Loss: 1.005154, L1(Flow): 0.950558, Reg: 0.054597
Iter 120 of 180 Loss: 0.992819, L1(Flow): 0.939536, Reg: 0.053283
Iter 130 of 180 Loss: 1.008623, L1(Flow): 0.955330, Reg: 0.053293
Iter 140 of 180 Loss: 0.970712, L1(Flow): 0.915484, Reg: 0.055228
Iter 150 of 180 Loss: 0.975312, L1(Flow): 0.928350, Reg: 0.046963
Iter 160 of 180 Loss: 1.034861, L1(Flow): 0.979543, Reg: 0.055319
Iter 170 of 180 Loss: 1.053604, L1(Flow): 0.996055, Reg: 0.057549
Iter 180 of 180 Loss: 1.003095, L1(Flow): 0.951654, Reg: 0.051441
Epoch 66 Loss: 1.012844
Epoch 66 Validation: Mean EPE: 2.4784, Mean SSIM: 0.4290, Mean ZNCC: 0.6000
--> Saved to Top 5 best models (EPE: 2.4784)
--> New absolute BEST model updated with EPE: 2.4784
Epoch 67 starts
Iter 10 of 180 Loss: 0.997710, L1(Flow): 0.938810, Reg: 0.058900
Iter 20 of 180 Loss: 1.008174, L1(Flow): 0.948710, Reg: 0.059465
Iter 30 of 180 Loss: 0.998172, L1(Flow): 0.943727, Reg: 0.054445
Iter 40 of 180 Loss: 1.025465, L1(Flow): 0.971100, Reg: 0.054366
Iter 50 of 180 Loss: 1.007692, L1(Flow): 0.951423, Reg: 0.056269
Iter 60 of 180 Loss: 1.056808, L1(Flow): 0.999249, Reg: 0.057559
Iter 70 of 180 Loss: 1.011684, L1(Flow): 0.956035, Reg: 0.055648
Iter 80 of 180 Loss: 0.990406, L1(Flow): 0.935345, Reg: 0.055061
Iter 90 of 180 Loss: 1.037533, L1(Flow): 0.980180, Reg: 0.057353
Iter 100 of 180 Loss: 1.032529, L1(Flow): 0.973648, Reg: 0.058881
Iter 110 of 180 Loss: 1.041115, L1(Flow): 0.984975, Reg: 0.056141
Iter 120 of 180 Loss: 0.974694, L1(Flow): 0.922624, Reg: 0.052069
Iter 130 of 180 Loss: 1.003606, L1(Flow): 0.945201, Reg: 0.058405
Iter 140 of 180 Loss: 0.986845, L1(Flow): 0.933092, Reg: 0.053753
Iter 150 of 180 Loss: 1.010353, L1(Flow): 0.957317, Reg: 0.053035
Iter 160 of 180 Loss: 0.984566, L1(Flow): 0.930402, Reg: 0.054164
Iter 170 of 180 Loss: 1.004569, L1(Flow): 0.946793, Reg: 0.057777
Iter 180 of 180 Loss: 0.947024, L1(Flow): 0.898724, Reg: 0.048300
Epoch 67 Loss: 1.004126
Epoch 67 Validation: Mean EPE: 2.4707, Mean SSIM: 0.4290, Mean ZNCC: 0.6003
--> Saved to Top 5 best models (EPE: 2.4707)
--> New absolute BEST model updated with EPE: 2.4707
Epoch 68 starts
Iter 10 of 180 Loss: 0.925839, L1(Flow): 0.868870, Reg: 0.056969
Iter 20 of 180 Loss: 0.962506, L1(Flow): 0.907204, Reg: 0.055302
Iter 30 of 180 Loss: 0.997222, L1(Flow): 0.944568, Reg: 0.052654
Iter 40 of 180 Loss: 1.034631, L1(Flow): 0.977260, Reg: 0.057370
Iter 50 of 180 Loss: 0.958703, L1(Flow): 0.904736, Reg: 0.053967
Iter 60 of 180 Loss: 0.984928, L1(Flow): 0.932717, Reg: 0.052211
Iter 70 of 180 Loss: 0.943523, L1(Flow): 0.889325, Reg: 0.054198
Iter 80 of 180 Loss: 0.990075, L1(Flow): 0.937997, Reg: 0.052079
Iter 90 of 180 Loss: 1.025761, L1(Flow): 0.970117, Reg: 0.055643
Iter 100 of 180 Loss: 0.997701, L1(Flow): 0.944774, Reg: 0.052927
Iter 110 of 180 Loss: 1.003379, L1(Flow): 0.944798, Reg: 0.058581
Iter 120 of 180 Loss: 0.961573, L1(Flow): 0.909960, Reg: 0.051613
Iter 130 of 180 Loss: 1.029023, L1(Flow): 0.970030, Reg: 0.058993
Iter 140 of 180 Loss: 0.989538, L1(Flow): 0.929520, Reg: 0.060018
Iter 150 of 180 Loss: 0.942052, L1(Flow): 0.889105, Reg: 0.052947
Iter 160 of 180 Loss: 0.968411, L1(Flow): 0.915756, Reg: 0.052655
Iter 170 of 180 Loss: 1.006607, L1(Flow): 0.951764, Reg: 0.054843
Iter 180 of 180 Loss: 0.949583, L1(Flow): 0.890963, Reg: 0.058620
Epoch 68 Loss: 0.994334
Epoch 68 Validation: Mean EPE: 2.4870, Mean SSIM: 0.4289, Mean ZNCC: 0.6004
Epoch 69 starts
Iter 10 of 180 Loss: 0.987423, L1(Flow): 0.933525, Reg: 0.053899
Iter 20 of 180 Loss: 0.978677, L1(Flow): 0.921136, Reg: 0.057541
Iter 30 of 180 Loss: 0.987582, L1(Flow): 0.930867, Reg: 0.056716
Iter 40 of 180 Loss: 0.984881, L1(Flow): 0.930780, Reg: 0.054101
Iter 50 of 180 Loss: 0.913369, L1(Flow): 0.862424, Reg: 0.050945
Iter 60 of 180 Loss: 0.960403, L1(Flow): 0.902425, Reg: 0.057978
Iter 70 of 180 Loss: 1.017595, L1(Flow): 0.963998, Reg: 0.053597
Iter 80 of 180 Loss: 0.989317, L1(Flow): 0.933888, Reg: 0.055429
Iter 90 of 180 Loss: 1.003420, L1(Flow): 0.944150, Reg: 0.059270
Iter 100 of 180 Loss: 0.973082, L1(Flow): 0.918600, Reg: 0.054482
Iter 110 of 180 Loss: 1.035115, L1(Flow): 0.982015, Reg: 0.053100
Iter 120 of 180 Loss: 1.054621, L1(Flow): 0.995941, Reg: 0.058680
Iter 130 of 180 Loss: 0.987585, L1(Flow): 0.934057, Reg: 0.053527
Iter 140 of 180 Loss: 0.998376, L1(Flow): 0.944192, Reg: 0.054184
Iter 150 of 180 Loss: 0.986753, L1(Flow): 0.934140, Reg: 0.052613
Iter 160 of 180 Loss: 0.947180, L1(Flow): 0.898265, Reg: 0.048916
Iter 170 of 180 Loss: 0.982469, L1(Flow): 0.925824, Reg: 0.056645
Iter 180 of 180 Loss: 0.998531, L1(Flow): 0.946494, Reg: 0.052037
Epoch 69 Loss: 0.985097
Epoch 69 Validation: Mean EPE: 2.4765, Mean SSIM: 0.4289, Mean ZNCC: 0.6003
--> Saved to Top 5 best models (EPE: 2.4765)
Epoch 70 starts
Iter 10 of 180 Loss: 1.020062, L1(Flow): 0.959601, Reg: 0.060461
Iter 20 of 180 Loss: 0.926049, L1(Flow): 0.874526, Reg: 0.051523
Iter 30 of 180 Loss: 0.951955, L1(Flow): 0.897553, Reg: 0.054402
Iter 40 of 180 Loss: 0.999299, L1(Flow): 0.942119, Reg: 0.057180
Iter 50 of 180 Loss: 0.979308, L1(Flow): 0.918803, Reg: 0.060506
Iter 60 of 180 Loss: 0.977727, L1(Flow): 0.929963, Reg: 0.047763
Iter 70 of 180 Loss: 0.987035, L1(Flow): 0.932094, Reg: 0.054941
Iter 80 of 180 Loss: 0.934873, L1(Flow): 0.881199, Reg: 0.053674
Iter 90 of 180 Loss: 0.984794, L1(Flow): 0.929749, Reg: 0.055045
Iter 100 of 180 Loss: 0.920831, L1(Flow): 0.870833, Reg: 0.049998
Iter 110 of 180 Loss: 0.987864, L1(Flow): 0.929001, Reg: 0.058863
Iter 120 of 180 Loss: 1.020681, L1(Flow): 0.961720, Reg: 0.058961
Iter 130 of 180 Loss: 0.998308, L1(Flow): 0.946244, Reg: 0.052064
Iter 140 of 180 Loss: 1.034048, L1(Flow): 0.975813, Reg: 0.058234
Iter 150 of 180 Loss: 1.021991, L1(Flow): 0.962168, Reg: 0.059824
Iter 160 of 180 Loss: 0.958483, L1(Flow): 0.901320, Reg: 0.057162
Iter 170 of 180 Loss: 0.935190, L1(Flow): 0.885558, Reg: 0.049632
Iter 180 of 180 Loss: 0.992344, L1(Flow): 0.937475, Reg: 0.054869
Epoch 70 Loss: 0.977676
Epoch 70 Validation: Mean EPE: 2.5029, Mean SSIM: 0.4274, Mean ZNCC: 0.5999
Epoch 71 starts
Iter 10 of 180 Loss: 0.953075, L1(Flow): 0.898439, Reg: 0.054637
Iter 20 of 180 Loss: 0.952532, L1(Flow): 0.901803, Reg: 0.050728
Iter 30 of 180 Loss: 0.940014, L1(Flow): 0.887696, Reg: 0.052318
Iter 40 of 180 Loss: 0.982943, L1(Flow): 0.932487, Reg: 0.050457
Iter 50 of 180 Loss: 0.964338, L1(Flow): 0.909285, Reg: 0.055053
Iter 60 of 180 Loss: 0.983343, L1(Flow): 0.928408, Reg: 0.054935
Iter 70 of 180 Loss: 1.011304, L1(Flow): 0.955091, Reg: 0.056213
Iter 80 of 180 Loss: 0.944621, L1(Flow): 0.892457, Reg: 0.052164
Iter 90 of 180 Loss: 0.942852, L1(Flow): 0.889783, Reg: 0.053069
Iter 100 of 180 Loss: 0.938336, L1(Flow): 0.890945, Reg: 0.047391
Iter 110 of 180 Loss: 0.895575, L1(Flow): 0.838872, Reg: 0.056704
Iter 120 of 180 Loss: 0.957104, L1(Flow): 0.903556, Reg: 0.053548
Iter 130 of 180 Loss: 0.894918, L1(Flow): 0.847431, Reg: 0.047486
Iter 140 of 180 Loss: 0.989173, L1(Flow): 0.931541, Reg: 0.057632
Iter 150 of 180 Loss: 0.946984, L1(Flow): 0.888677, Reg: 0.058307
Iter 160 of 180 Loss: 1.016724, L1(Flow): 0.959179, Reg: 0.057544
Iter 170 of 180 Loss: 0.982859, L1(Flow): 0.928046, Reg: 0.054813
Iter 180 of 180 Loss: 1.018844, L1(Flow): 0.962181, Reg: 0.056663
Epoch 71 Loss: 0.972801
Epoch 71 Validation: Mean EPE: 2.4991, Mean SSIM: 0.4291, Mean ZNCC: 0.6006
Epoch 72 starts
Iter 10 of 180 Loss: 1.012768, L1(Flow): 0.953570, Reg: 0.059199
Iter 20 of 180 Loss: 0.996801, L1(Flow): 0.938905, Reg: 0.057896
Iter 30 of 180 Loss: 0.954253, L1(Flow): 0.901154, Reg: 0.053098
Iter 40 of 180 Loss: 1.022814, L1(Flow): 0.963921, Reg: 0.058893
Iter 50 of 180 Loss: 0.947631, L1(Flow): 0.892863, Reg: 0.054769
Iter 60 of 180 Loss: 0.954034, L1(Flow): 0.899673, Reg: 0.054361
Iter 70 of 180 Loss: 0.996986, L1(Flow): 0.935443, Reg: 0.061543
Iter 80 of 180 Loss: 0.915129, L1(Flow): 0.864017, Reg: 0.051112
Iter 90 of 180 Loss: 0.951115, L1(Flow): 0.897380, Reg: 0.053735
Iter 100 of 180 Loss: 0.944701, L1(Flow): 0.889658, Reg: 0.055043
Iter 110 of 180 Loss: 1.004357, L1(Flow): 0.941477, Reg: 0.062880
Iter 120 of 180 Loss: 0.922127, L1(Flow): 0.871271, Reg: 0.050856
Iter 130 of 180 Loss: 0.987004, L1(Flow): 0.930759, Reg: 0.056245
Iter 140 of 180 Loss: 0.907925, L1(Flow): 0.857326, Reg: 0.050599
Iter 150 of 180 Loss: 0.911822, L1(Flow): 0.862468, Reg: 0.049354
Iter 160 of 180 Loss: 0.992278, L1(Flow): 0.936790, Reg: 0.055488
Iter 170 of 180 Loss: 0.983425, L1(Flow): 0.930046, Reg: 0.053379
Iter 180 of 180 Loss: 0.986486, L1(Flow): 0.930137, Reg: 0.056348
Epoch 72 Loss: 0.961922
Epoch 72 Validation: Mean EPE: 2.4785, Mean SSIM: 0.4289, Mean ZNCC: 0.6004
--> Saved to Top 5 best models (EPE: 2.4785)
Epoch 73 starts
Iter 10 of 180 Loss: 0.990093, L1(Flow): 0.935089, Reg: 0.055003
Iter 20 of 180 Loss: 0.941858, L1(Flow): 0.885445, Reg: 0.056413
Iter 30 of 180 Loss: 0.947481, L1(Flow): 0.888872, Reg: 0.058609
Iter 40 of 180 Loss: 1.013045, L1(Flow): 0.960637, Reg: 0.052408
Iter 50 of 180 Loss: 0.948618, L1(Flow): 0.891205, Reg: 0.057413
Iter 60 of 180 Loss: 0.903528, L1(Flow): 0.849557, Reg: 0.053971
Iter 70 of 180 Loss: 0.918515, L1(Flow): 0.862729, Reg: 0.055786
Iter 80 of 180 Loss: 0.936875, L1(Flow): 0.884922, Reg: 0.051954
Iter 90 of 180 Loss: 0.979261, L1(Flow): 0.921499, Reg: 0.057762
Iter 100 of 180 Loss: 1.006049, L1(Flow): 0.947902, Reg: 0.058147
Iter 110 of 180 Loss: 0.944110, L1(Flow): 0.890573, Reg: 0.053537
Iter 120 of 180 Loss: 0.984416, L1(Flow): 0.927587, Reg: 0.056829
Iter 130 of 180 Loss: 0.980571, L1(Flow): 0.925140, Reg: 0.055431
Iter 140 of 180 Loss: 0.928189, L1(Flow): 0.871560, Reg: 0.056630
Iter 150 of 180 Loss: 0.975959, L1(Flow): 0.917425, Reg: 0.058534
Iter 160 of 180 Loss: 0.987015, L1(Flow): 0.932502, Reg: 0.054513
Iter 170 of 180 Loss: 0.908385, L1(Flow): 0.852195, Reg: 0.056190
Iter 180 of 180 Loss: 0.942590, L1(Flow): 0.887986, Reg: 0.054603
Epoch 73 Loss: 0.953904
Epoch 73 Validation: Mean EPE: 2.4750, Mean SSIM: 0.4300, Mean ZNCC: 0.6009
--> Saved to Top 5 best models (EPE: 2.4750)
Epoch 74 starts
Iter 10 of 180 Loss: 1.019033, L1(Flow): 0.961117, Reg: 0.057916
Iter 20 of 180 Loss: 0.916315, L1(Flow): 0.861575, Reg: 0.054741
Iter 30 of 180 Loss: 0.893179, L1(Flow): 0.842378, Reg: 0.050800
Iter 40 of 180 Loss: 0.912506, L1(Flow): 0.856645, Reg: 0.055861
Iter 50 of 180 Loss: 0.878575, L1(Flow): 0.829091, Reg: 0.049484
Iter 60 of 180 Loss: 0.970120, L1(Flow): 0.913352, Reg: 0.056768
Iter 70 of 180 Loss: 0.944406, L1(Flow): 0.890812, Reg: 0.053593
Iter 80 of 180 Loss: 0.919410, L1(Flow): 0.865510, Reg: 0.053900
Iter 90 of 180 Loss: 1.004375, L1(Flow): 0.941570, Reg: 0.062804
Iter 100 of 180 Loss: 0.926989, L1(Flow): 0.879377, Reg: 0.047612
Iter 110 of 180 Loss: 1.039672, L1(Flow): 0.980226, Reg: 0.059446
Iter 120 of 180 Loss: 0.893718, L1(Flow): 0.841261, Reg: 0.052457
Iter 130 of 180 Loss: 0.933399, L1(Flow): 0.875606, Reg: 0.057792
Iter 140 of 180 Loss: 0.892803, L1(Flow): 0.840728, Reg: 0.052075
Iter 150 of 180 Loss: 0.938160, L1(Flow): 0.882612, Reg: 0.055547
Iter 160 of 180 Loss: 0.971027, L1(Flow): 0.919083, Reg: 0.051943
Iter 170 of 180 Loss: 0.945694, L1(Flow): 0.894259, Reg: 0.051435
Iter 180 of 180 Loss: 1.017046, L1(Flow): 0.957496, Reg: 0.059550
Epoch 74 Loss: 0.944689
Epoch 74 Validation: Mean EPE: 2.4703, Mean SSIM: 0.4293, Mean ZNCC: 0.6002
--> Saved to Top 5 best models (EPE: 2.4703)
--> New absolute BEST model updated with EPE: 2.4703
Epoch 75 starts
Iter 10 of 180 Loss: 1.007060, L1(Flow): 0.950904, Reg: 0.056157
Iter 20 of 180 Loss: 0.956480, L1(Flow): 0.898617, Reg: 0.057863
Iter 30 of 180 Loss: 0.940869, L1(Flow): 0.882901, Reg: 0.057968
Iter 40 of 180 Loss: 0.951798, L1(Flow): 0.897193, Reg: 0.054605
Iter 50 of 180 Loss: 0.927112, L1(Flow): 0.880227, Reg: 0.046885
Iter 60 of 180 Loss: 0.929978, L1(Flow): 0.876937, Reg: 0.053042
Iter 70 of 180 Loss: 0.956583, L1(Flow): 0.902610, Reg: 0.053973
Iter 80 of 180 Loss: 0.906801, L1(Flow): 0.854658, Reg: 0.052143
Iter 90 of 180 Loss: 0.961900, L1(Flow): 0.906056, Reg: 0.055843
Iter 100 of 180 Loss: 0.898890, L1(Flow): 0.849138, Reg: 0.049751
Iter 110 of 180 Loss: 0.948199, L1(Flow): 0.890466, Reg: 0.057733
Iter 120 of 180 Loss: 0.968641, L1(Flow): 0.914096, Reg: 0.054546
Iter 130 of 180 Loss: 0.960042, L1(Flow): 0.908598, Reg: 0.051444
Iter 140 of 180 Loss: 0.933633, L1(Flow): 0.879120, Reg: 0.054513
Iter 150 of 180 Loss: 0.936326, L1(Flow): 0.879712, Reg: 0.056614
Iter 160 of 180 Loss: 0.945831, L1(Flow): 0.890904, Reg: 0.054927
Iter 170 of 180 Loss: 0.918789, L1(Flow): 0.868311, Reg: 0.050479
Iter 180 of 180 Loss: 0.959994, L1(Flow): 0.903739, Reg: 0.056255
Epoch 75 Loss: 0.940426
Epoch 75 Validation: Mean EPE: 2.4788, Mean SSIM: 0.4297, Mean ZNCC: 0.6007
Epoch 76 starts
Iter 10 of 180 Loss: 0.972969, L1(Flow): 0.916326, Reg: 0.056643
Iter 20 of 180 Loss: 0.899716, L1(Flow): 0.848199, Reg: 0.051517
Iter 30 of 180 Loss: 0.900991, L1(Flow): 0.851534, Reg: 0.049458
Iter 40 of 180 Loss: 0.890218, L1(Flow): 0.839382, Reg: 0.050836
Iter 50 of 180 Loss: 0.928233, L1(Flow): 0.878408, Reg: 0.049825
Iter 60 of 180 Loss: 0.907054, L1(Flow): 0.855486, Reg: 0.051568
Iter 70 of 180 Loss: 0.966134, L1(Flow): 0.908899, Reg: 0.057236
Iter 80 of 180 Loss: 1.002480, L1(Flow): 0.948683, Reg: 0.053797
Iter 90 of 180 Loss: 1.000833, L1(Flow): 0.941634, Reg: 0.059199
Iter 100 of 180 Loss: 0.964585, L1(Flow): 0.909721, Reg: 0.054864
Iter 110 of 180 Loss: 0.950795, L1(Flow): 0.893186, Reg: 0.057609
Iter 120 of 180 Loss: 0.926648, L1(Flow): 0.868735, Reg: 0.057913
Iter 130 of 180 Loss: 0.904001, L1(Flow): 0.851376, Reg: 0.052625
Iter 140 of 180 Loss: 0.930632, L1(Flow): 0.876739, Reg: 0.053893
Iter 150 of 180 Loss: 0.921226, L1(Flow): 0.869549, Reg: 0.051677
Iter 160 of 180 Loss: 0.898775, L1(Flow): 0.849302, Reg: 0.049473
Iter 170 of 180 Loss: 0.911883, L1(Flow): 0.854524, Reg: 0.057360
Iter 180 of 180 Loss: 1.006932, L1(Flow): 0.951508, Reg: 0.055424
Epoch 76 Loss: 0.932146
Epoch 76 Validation: Mean EPE: 2.4666, Mean SSIM: 0.4292, Mean ZNCC: 0.6001
--> Saved to Top 5 best models (EPE: 2.4666)
--> New absolute BEST model updated with EPE: 2.4666
Epoch 77 starts
Iter 10 of 180 Loss: 0.979149, L1(Flow): 0.924286, Reg: 0.054862
Iter 20 of 180 Loss: 0.897531, L1(Flow): 0.843600, Reg: 0.053931
Iter 30 of 180 Loss: 0.905569, L1(Flow): 0.850258, Reg: 0.055311
Iter 40 of 180 Loss: 0.942083, L1(Flow): 0.885289, Reg: 0.056794
Iter 50 of 180 Loss: 0.951191, L1(Flow): 0.896832, Reg: 0.054359
Iter 60 of 180 Loss: 0.916361, L1(Flow): 0.859829, Reg: 0.056532
Iter 70 of 180 Loss: 0.896879, L1(Flow): 0.845774, Reg: 0.051105
Iter 80 of 180 Loss: 0.950974, L1(Flow): 0.894159, Reg: 0.056815
Iter 90 of 180 Loss: 0.864655, L1(Flow): 0.813303, Reg: 0.051352
Iter 100 of 180 Loss: 0.947034, L1(Flow): 0.888237, Reg: 0.058797
Iter 110 of 180 Loss: 0.928432, L1(Flow): 0.875958, Reg: 0.052474
Iter 120 of 180 Loss: 0.983754, L1(Flow): 0.927074, Reg: 0.056680
Iter 130 of 180 Loss: 0.913413, L1(Flow): 0.856047, Reg: 0.057366
Iter 140 of 180 Loss: 0.862201, L1(Flow): 0.810662, Reg: 0.051539
Iter 150 of 180 Loss: 0.928583, L1(Flow): 0.875187, Reg: 0.053396
Iter 160 of 180 Loss: 0.968227, L1(Flow): 0.913173, Reg: 0.055054
Iter 170 of 180 Loss: 0.955040, L1(Flow): 0.894022, Reg: 0.061018
Iter 180 of 180 Loss: 1.017400, L1(Flow): 0.963768, Reg: 0.053632
Epoch 77 Loss: 0.924305
Epoch 77 Validation: Mean EPE: 2.4629, Mean SSIM: 0.4297, Mean ZNCC: 0.6006
--> Saved to Top 5 best models (EPE: 2.4629)
--> New absolute BEST model updated with EPE: 2.4629
Epoch 78 starts
Iter 10 of 180 Loss: 0.874573, L1(Flow): 0.824667, Reg: 0.049905
Iter 20 of 180 Loss: 0.904246, L1(Flow): 0.849344, Reg: 0.054903
Iter 30 of 180 Loss: 0.913276, L1(Flow): 0.866280, Reg: 0.046996
Iter 40 of 180 Loss: 0.911503, L1(Flow): 0.858339, Reg: 0.053164
Iter 50 of 180 Loss: 0.888201, L1(Flow): 0.835613, Reg: 0.052588
Iter 60 of 180 Loss: 0.897493, L1(Flow): 0.847044, Reg: 0.050450
Iter 70 of 180 Loss: 0.897958, L1(Flow): 0.842565, Reg: 0.055393
Iter 80 of 180 Loss: 0.913704, L1(Flow): 0.862042, Reg: 0.051662
Iter 90 of 180 Loss: 0.929237, L1(Flow): 0.871560, Reg: 0.057676
Iter 100 of 180 Loss: 0.865293, L1(Flow): 0.811657, Reg: 0.053635
Iter 110 of 180 Loss: 0.904203, L1(Flow): 0.853934, Reg: 0.050268
Iter 120 of 180 Loss: 0.917975, L1(Flow): 0.864440, Reg: 0.053535
Iter 130 of 180 Loss: 0.924288, L1(Flow): 0.871732, Reg: 0.052556
Iter 140 of 180 Loss: 0.977179, L1(Flow): 0.921184, Reg: 0.055996
Iter 150 of 180 Loss: 0.942183, L1(Flow): 0.887405, Reg: 0.054778
Iter 160 of 180 Loss: 0.937551, L1(Flow): 0.884171, Reg: 0.053381
Iter 170 of 180 Loss: 0.904618, L1(Flow): 0.855792, Reg: 0.048826
Iter 180 of 180 Loss: 0.929322, L1(Flow): 0.871747, Reg: 0.057575
Epoch 78 Loss: 0.915878
Epoch 78 Validation: Mean EPE: 2.4835, Mean SSIM: 0.4296, Mean ZNCC: 0.6007
Epoch 79 starts
Iter 10 of 180 Loss: 0.922776, L1(Flow): 0.865056, Reg: 0.057720
Iter 20 of 180 Loss: 0.858323, L1(Flow): 0.812619, Reg: 0.045704
Iter 30 of 180 Loss: 0.881179, L1(Flow): 0.829669, Reg: 0.051510
Iter 40 of 180 Loss: 0.935204, L1(Flow): 0.881051, Reg: 0.054153
Iter 50 of 180 Loss: 0.964155, L1(Flow): 0.910155, Reg: 0.054000
Iter 60 of 180 Loss: 0.868070, L1(Flow): 0.815468, Reg: 0.052603
Iter 70 of 180 Loss: 0.942471, L1(Flow): 0.888393, Reg: 0.054078
Iter 80 of 180 Loss: 0.895253, L1(Flow): 0.839158, Reg: 0.056095
Iter 90 of 180 Loss: 0.912605, L1(Flow): 0.860879, Reg: 0.051725
Iter 100 of 180 Loss: 0.924066, L1(Flow): 0.870090, Reg: 0.053976
Iter 110 of 180 Loss: 0.909951, L1(Flow): 0.851302, Reg: 0.058649
Iter 120 of 180 Loss: 0.937077, L1(Flow): 0.882334, Reg: 0.054743
Iter 130 of 180 Loss: 0.966274, L1(Flow): 0.913248, Reg: 0.053026
Iter 140 of 180 Loss: 0.944209, L1(Flow): 0.886217, Reg: 0.057993
Iter 150 of 180 Loss: 0.940815, L1(Flow): 0.885671, Reg: 0.055144
Iter 160 of 180 Loss: 0.857884, L1(Flow): 0.805935, Reg: 0.051949
Iter 170 of 180 Loss: 0.901488, L1(Flow): 0.847075, Reg: 0.054413
Iter 180 of 180 Loss: 0.923339, L1(Flow): 0.868919, Reg: 0.054421
Epoch 79 Loss: 0.910860
Epoch 79 Validation: Mean EPE: 2.4563, Mean SSIM: 0.4306, Mean ZNCC: 0.6011
--> Saved to Top 5 best models (EPE: 2.4563)
--> New absolute BEST model updated with EPE: 2.4563
Epoch 80 starts
Iter 10 of 180 Loss: 0.889578, L1(Flow): 0.834657, Reg: 0.054921
Iter 20 of 180 Loss: 0.870815, L1(Flow): 0.819086, Reg: 0.051729
Iter 30 of 180 Loss: 0.860637, L1(Flow): 0.809461, Reg: 0.051175
Iter 40 of 180 Loss: 0.876892, L1(Flow): 0.822691, Reg: 0.054201
Iter 50 of 180 Loss: 0.869555, L1(Flow): 0.816202, Reg: 0.053353
Iter 60 of 180 Loss: 0.907297, L1(Flow): 0.853956, Reg: 0.053341
Iter 70 of 180 Loss: 0.895777, L1(Flow): 0.839550, Reg: 0.056227
Iter 80 of 180 Loss: 0.865253, L1(Flow): 0.815788, Reg: 0.049466
Iter 90 of 180 Loss: 0.889169, L1(Flow): 0.834153, Reg: 0.055015
Iter 100 of 180 Loss: 0.903956, L1(Flow): 0.846633, Reg: 0.057323
Iter 110 of 180 Loss: 0.869110, L1(Flow): 0.818282, Reg: 0.050828
Iter 120 of 180 Loss: 0.917082, L1(Flow): 0.860932, Reg: 0.056149
Iter 130 of 180 Loss: 0.862797, L1(Flow): 0.808601, Reg: 0.054197
Iter 140 of 180 Loss: 0.911112, L1(Flow): 0.854536, Reg: 0.056576
Iter 150 of 180 Loss: 0.882805, L1(Flow): 0.830218, Reg: 0.052587
Iter 160 of 180 Loss: 0.932975, L1(Flow): 0.880354, Reg: 0.052621
Iter 170 of 180 Loss: 0.892679, L1(Flow): 0.840371, Reg: 0.052308
Iter 180 of 180 Loss: 0.833673, L1(Flow): 0.782359, Reg: 0.051315
Epoch 80 Loss: 0.900539
Epoch 80 Validation: Mean EPE: 2.4710, Mean SSIM: 0.4308, Mean ZNCC: 0.6012
Epoch 81 starts
Iter 10 of 180 Loss: 0.900939, L1(Flow): 0.850609, Reg: 0.050330
Iter 20 of 180 Loss: 0.901534, L1(Flow): 0.852391, Reg: 0.049143
Iter 30 of 180 Loss: 0.914316, L1(Flow): 0.859992, Reg: 0.054324
Iter 40 of 180 Loss: 0.904417, L1(Flow): 0.850775, Reg: 0.053642
Iter 50 of 180 Loss: 0.928627, L1(Flow): 0.871626, Reg: 0.057000
Iter 60 of 180 Loss: 0.915128, L1(Flow): 0.862486, Reg: 0.052642
Iter 70 of 180 Loss: 0.943509, L1(Flow): 0.882585, Reg: 0.060924
Iter 80 of 180 Loss: 0.902380, L1(Flow): 0.848250, Reg: 0.054130
Iter 90 of 180 Loss: 0.869091, L1(Flow): 0.815245, Reg: 0.053846
Iter 100 of 180 Loss: 0.868162, L1(Flow): 0.816975, Reg: 0.051187
Iter 110 of 180 Loss: 0.867181, L1(Flow): 0.813585, Reg: 0.053595
Iter 120 of 180 Loss: 0.904568, L1(Flow): 0.850029, Reg: 0.054539
Iter 130 of 180 Loss: 0.905848, L1(Flow): 0.852578, Reg: 0.053270
Iter 140 of 180 Loss: 0.919620, L1(Flow): 0.866575, Reg: 0.053045
Iter 150 of 180 Loss: 0.937078, L1(Flow): 0.882573, Reg: 0.054506
Iter 160 of 180 Loss: 0.896859, L1(Flow): 0.838883, Reg: 0.057977
Iter 170 of 180 Loss: 0.884566, L1(Flow): 0.832888, Reg: 0.051678
Iter 180 of 180 Loss: 0.910628, L1(Flow): 0.859133, Reg: 0.051495
Epoch 81 Loss: 0.895091
Epoch 81 Validation: Mean EPE: 2.4712, Mean SSIM: 0.4315, Mean ZNCC: 0.6013
Epoch 82 starts
Iter 10 of 180 Loss: 0.855774, L1(Flow): 0.803556, Reg: 0.052218
Iter 20 of 180 Loss: 0.885502, L1(Flow): 0.831849, Reg: 0.053653
Iter 30 of 180 Loss: 0.884358, L1(Flow): 0.832655, Reg: 0.051704
Iter 40 of 180 Loss: 0.918174, L1(Flow): 0.863846, Reg: 0.054328
Iter 50 of 180 Loss: 0.882567, L1(Flow): 0.832317, Reg: 0.050250
Iter 60 of 180 Loss: 0.890151, L1(Flow): 0.835653, Reg: 0.054498
Iter 70 of 180 Loss: 0.894198, L1(Flow): 0.843562, Reg: 0.050636
Iter 80 of 180 Loss: 0.894526, L1(Flow): 0.839407, Reg: 0.055119
Iter 90 of 180 Loss: 0.871626, L1(Flow): 0.818863, Reg: 0.052763
Iter 100 of 180 Loss: 0.899009, L1(Flow): 0.846117, Reg: 0.052893
Iter 110 of 180 Loss: 0.906560, L1(Flow): 0.853771, Reg: 0.052789
Iter 120 of 180 Loss: 0.825500, L1(Flow): 0.773614, Reg: 0.051886
Iter 130 of 180 Loss: 0.897942, L1(Flow): 0.843197, Reg: 0.054745
Iter 140 of 180 Loss: 0.856686, L1(Flow): 0.801350, Reg: 0.055336
Iter 150 of 180 Loss: 0.911311, L1(Flow): 0.859559, Reg: 0.051752
Iter 160 of 180 Loss: 0.843078, L1(Flow): 0.795663, Reg: 0.047415
Iter 170 of 180 Loss: 0.897288, L1(Flow): 0.842777, Reg: 0.054511
Iter 180 of 180 Loss: 0.887545, L1(Flow): 0.835196, Reg: 0.052349
Epoch 82 Loss: 0.891351
Epoch 82 Validation: Mean EPE: 2.4796, Mean SSIM: 0.4299, Mean ZNCC: 0.6009
Epoch 83 starts
Iter 10 of 180 Loss: 0.921990, L1(Flow): 0.870270, Reg: 0.051720
Iter 20 of 180 Loss: 0.867843, L1(Flow): 0.812931, Reg: 0.054912
Iter 30 of 180 Loss: 0.892082, L1(Flow): 0.834654, Reg: 0.057428
Iter 40 of 180 Loss: 0.876837, L1(Flow): 0.826478, Reg: 0.050360
Iter 50 of 180 Loss: 0.870890, L1(Flow): 0.815843, Reg: 0.055048
Iter 60 of 180 Loss: 0.868939, L1(Flow): 0.816541, Reg: 0.052398
Iter 70 of 180 Loss: 0.862121, L1(Flow): 0.806051, Reg: 0.056070
Iter 80 of 180 Loss: 0.889564, L1(Flow): 0.838742, Reg: 0.050821
Iter 90 of 180 Loss: 0.883029, L1(Flow): 0.828597, Reg: 0.054432
Iter 100 of 180 Loss: 0.908660, L1(Flow): 0.854749, Reg: 0.053911
Iter 110 of 180 Loss: 0.861207, L1(Flow): 0.809380, Reg: 0.051828
Iter 120 of 180 Loss: 0.907306, L1(Flow): 0.851978, Reg: 0.055328
Iter 130 of 180 Loss: 0.868317, L1(Flow): 0.813311, Reg: 0.055006
Iter 140 of 180 Loss: 0.852152, L1(Flow): 0.806181, Reg: 0.045970
Iter 150 of 180 Loss: 0.838948, L1(Flow): 0.785785, Reg: 0.053163
Iter 160 of 180 Loss: 0.829291, L1(Flow): 0.782888, Reg: 0.046403
Iter 170 of 180 Loss: 0.949521, L1(Flow): 0.891706, Reg: 0.057815
Iter 180 of 180 Loss: 0.943222, L1(Flow): 0.890138, Reg: 0.053085
Epoch 83 Loss: 0.884265
Epoch 83 Validation: Mean EPE: 2.4673, Mean SSIM: 0.4306, Mean ZNCC: 0.6010
--> Saved to Top 5 best models (EPE: 2.4673)
Epoch 84 starts
Iter 10 of 180 Loss: 0.864615, L1(Flow): 0.813601, Reg: 0.051014
Iter 20 of 180 Loss: 0.878506, L1(Flow): 0.826044, Reg: 0.052462
Iter 30 of 180 Loss: 0.895369, L1(Flow): 0.838414, Reg: 0.056955
Iter 40 of 180 Loss: 0.840750, L1(Flow): 0.789040, Reg: 0.051710
Iter 50 of 180 Loss: 0.936662, L1(Flow): 0.882145, Reg: 0.054517
Iter 60 of 180 Loss: 0.901379, L1(Flow): 0.844480, Reg: 0.056899
Iter 70 of 180 Loss: 0.872685, L1(Flow): 0.819041, Reg: 0.053644
Iter 80 of 180 Loss: 0.949029, L1(Flow): 0.894959, Reg: 0.054070
Iter 90 of 180 Loss: 0.923150, L1(Flow): 0.868844, Reg: 0.054305
Iter 100 of 180 Loss: 0.890086, L1(Flow): 0.837501, Reg: 0.052585
Iter 110 of 180 Loss: 0.921045, L1(Flow): 0.867488, Reg: 0.053557
Iter 120 of 180 Loss: 0.849006, L1(Flow): 0.797613, Reg: 0.051392
Iter 130 of 180 Loss: 0.840312, L1(Flow): 0.790511, Reg: 0.049801
Iter 140 of 180 Loss: 0.845383, L1(Flow): 0.795346, Reg: 0.050037
Iter 150 of 180 Loss: 0.850985, L1(Flow): 0.796796, Reg: 0.054189
Iter 160 of 180 Loss: 0.870938, L1(Flow): 0.822646, Reg: 0.048292
Iter 170 of 180 Loss: 0.883843, L1(Flow): 0.827023, Reg: 0.056821
Iter 180 of 180 Loss: 0.834748, L1(Flow): 0.787258, Reg: 0.047490
Epoch 84 Loss: 0.879040
Epoch 84 Validation: Mean EPE: 2.4665, Mean SSIM: 0.4311, Mean ZNCC: 0.6013
--> Saved to Top 5 best models (EPE: 2.4665)
Epoch 85 starts
Iter 10 of 180 Loss: 0.929500, L1(Flow): 0.871652, Reg: 0.057848
Iter 20 of 180 Loss: 0.909330, L1(Flow): 0.857684, Reg: 0.051647
Iter 30 of 180 Loss: 0.870886, L1(Flow): 0.819978, Reg: 0.050909
Iter 40 of 180 Loss: 0.860086, L1(Flow): 0.802795, Reg: 0.057291
Iter 50 of 180 Loss: 0.868935, L1(Flow): 0.815573, Reg: 0.053361
Iter 60 of 180 Loss: 0.890499, L1(Flow): 0.832914, Reg: 0.057585
Iter 70 of 180 Loss: 0.865902, L1(Flow): 0.815224, Reg: 0.050677
Iter 80 of 180 Loss: 0.874140, L1(Flow): 0.822834, Reg: 0.051306
Iter 90 of 180 Loss: 0.871606, L1(Flow): 0.820275, Reg: 0.051332
Iter 100 of 180 Loss: 0.886985, L1(Flow): 0.833989, Reg: 0.052996
Iter 110 of 180 Loss: 0.896042, L1(Flow): 0.842482, Reg: 0.053560
Iter 120 of 180 Loss: 0.861544, L1(Flow): 0.813995, Reg: 0.047550
Iter 130 of 180 Loss: 0.855111, L1(Flow): 0.805256, Reg: 0.049855
Iter 140 of 180 Loss: 0.882963, L1(Flow): 0.831183, Reg: 0.051780
Iter 150 of 180 Loss: 0.879850, L1(Flow): 0.826763, Reg: 0.053087
Iter 160 of 180 Loss: 0.922699, L1(Flow): 0.867104, Reg: 0.055595
Iter 170 of 180 Loss: 0.844874, L1(Flow): 0.794329, Reg: 0.050544
Iter 180 of 180 Loss: 0.834428, L1(Flow): 0.788418, Reg: 0.046011
Epoch 85 Loss: 0.877903
Epoch 85 Validation: Mean EPE: 2.4685, Mean SSIM: 0.4311, Mean ZNCC: 0.6012
Epoch 86 starts
Iter 10 of 180 Loss: 0.840088, L1(Flow): 0.789926, Reg: 0.050162
Iter 20 of 180 Loss: 0.874484, L1(Flow): 0.823589, Reg: 0.050896
Iter 30 of 180 Loss: 0.817184, L1(Flow): 0.763643, Reg: 0.053541
Iter 40 of 180 Loss: 0.835038, L1(Flow): 0.785418, Reg: 0.049620
Iter 50 of 180 Loss: 0.921573, L1(Flow): 0.870738, Reg: 0.050835
Iter 60 of 180 Loss: 0.861320, L1(Flow): 0.809771, Reg: 0.051549
Iter 70 of 180 Loss: 0.826532, L1(Flow): 0.775965, Reg: 0.050567
Iter 80 of 180 Loss: 0.872677, L1(Flow): 0.821037, Reg: 0.051640
Iter 90 of 180 Loss: 0.916712, L1(Flow): 0.860588, Reg: 0.056125
Iter 100 of 180 Loss: 0.903906, L1(Flow): 0.854288, Reg: 0.049618
Iter 110 of 180 Loss: 0.926034, L1(Flow): 0.867458, Reg: 0.058576
Iter 120 of 180 Loss: 0.844014, L1(Flow): 0.791157, Reg: 0.052856
Iter 130 of 180 Loss: 0.959928, L1(Flow): 0.907599, Reg: 0.052329
Iter 140 of 180 Loss: 0.850265, L1(Flow): 0.802444, Reg: 0.047821
Iter 150 of 180 Loss: 0.904335, L1(Flow): 0.849118, Reg: 0.055217
Iter 160 of 180 Loss: 0.928765, L1(Flow): 0.876036, Reg: 0.052730
Iter 170 of 180 Loss: 0.890561, L1(Flow): 0.837137, Reg: 0.053424
Iter 180 of 180 Loss: 0.853320, L1(Flow): 0.803771, Reg: 0.049549
Epoch 86 Loss: 0.874186
Epoch 86 Validation: Mean EPE: 2.4573, Mean SSIM: 0.4315, Mean ZNCC: 0.6015
--> Saved to Top 5 best models (EPE: 2.4573)
Epoch 87 starts
Iter 10 of 180 Loss: 0.861769, L1(Flow): 0.809338, Reg: 0.052431
Iter 20 of 180 Loss: 0.836441, L1(Flow): 0.786354, Reg: 0.050087
Iter 30 of 180 Loss: 0.872106, L1(Flow): 0.823616, Reg: 0.048490
Iter 40 of 180 Loss: 0.862772, L1(Flow): 0.813125, Reg: 0.049647
Iter 50 of 180 Loss: 0.865854, L1(Flow): 0.811066, Reg: 0.054788
Iter 60 of 180 Loss: 0.820173, L1(Flow): 0.769005, Reg: 0.051168
Iter 70 of 180 Loss: 0.850147, L1(Flow): 0.797150, Reg: 0.052997
Iter 80 of 180 Loss: 0.878785, L1(Flow): 0.824034, Reg: 0.054750
Iter 90 of 180 Loss: 0.847420, L1(Flow): 0.800397, Reg: 0.047023
Iter 100 of 180 Loss: 0.931128, L1(Flow): 0.878645, Reg: 0.052482
Iter 110 of 180 Loss: 0.892640, L1(Flow): 0.836331, Reg: 0.056309
Iter 120 of 180 Loss: 0.876107, L1(Flow): 0.827191, Reg: 0.048916
Iter 130 of 180 Loss: 0.841245, L1(Flow): 0.789118, Reg: 0.052127
Iter 140 of 180 Loss: 0.871698, L1(Flow): 0.820604, Reg: 0.051094
Iter 150 of 180 Loss: 0.849217, L1(Flow): 0.798205, Reg: 0.051012
Iter 160 of 180 Loss: 0.854217, L1(Flow): 0.800343, Reg: 0.053874
Iter 170 of 180 Loss: 0.828046, L1(Flow): 0.778072, Reg: 0.049974
Iter 180 of 180 Loss: 0.881734, L1(Flow): 0.825836, Reg: 0.055898
Epoch 87 Loss: 0.865105
Epoch 87 Validation: Mean EPE: 2.4624, Mean SSIM: 0.4311, Mean ZNCC: 0.6012
--> Saved to Top 5 best models (EPE: 2.4624)
Epoch 88 starts
Iter 10 of 180 Loss: 0.824610, L1(Flow): 0.775722, Reg: 0.048888
Iter 20 of 180 Loss: 0.864380, L1(Flow): 0.811615, Reg: 0.052765
Iter 30 of 180 Loss: 0.860709, L1(Flow): 0.807299, Reg: 0.053410
Iter 40 of 180 Loss: 0.844628, L1(Flow): 0.793898, Reg: 0.050730
Iter 50 of 180 Loss: 0.835965, L1(Flow): 0.787708, Reg: 0.048258
Iter 60 of 180 Loss: 0.925248, L1(Flow): 0.867475, Reg: 0.057772
Iter 70 of 180 Loss: 0.879019, L1(Flow): 0.827267, Reg: 0.051753
Iter 80 of 180 Loss: 0.864449, L1(Flow): 0.808354, Reg: 0.056094
Iter 90 of 180 Loss: 0.816905, L1(Flow): 0.763810, Reg: 0.053095
Iter 100 of 180 Loss: 0.875291, L1(Flow): 0.821724, Reg: 0.053567
Iter 110 of 180 Loss: 0.848376, L1(Flow): 0.795543, Reg: 0.052833
Iter 120 of 180 Loss: 0.832593, L1(Flow): 0.781549, Reg: 0.051044
Iter 130 of 180 Loss: 0.856224, L1(Flow): 0.805768, Reg: 0.050456
Iter 140 of 180 Loss: 0.844786, L1(Flow): 0.793891, Reg: 0.050895
Iter 150 of 180 Loss: 0.812942, L1(Flow): 0.757245, Reg: 0.055697
Iter 160 of 180 Loss: 0.899064, L1(Flow): 0.845245, Reg: 0.053819
Iter 170 of 180 Loss: 0.822341, L1(Flow): 0.773915, Reg: 0.048426
Iter 180 of 180 Loss: 0.842713, L1(Flow): 0.790479, Reg: 0.052234
Epoch 88 Loss: 0.852066
Epoch 88 Validation: Mean EPE: 2.4561, Mean SSIM: 0.4315, Mean ZNCC: 0.6015
--> Saved to Top 5 best models (EPE: 2.4561)
--> New absolute BEST model updated with EPE: 2.4561
Epoch 89 starts
Iter 10 of 180 Loss: 0.821791, L1(Flow): 0.773365, Reg: 0.048427
Iter 20 of 180 Loss: 0.819643, L1(Flow): 0.771454, Reg: 0.048189
Iter 30 of 180 Loss: 0.874117, L1(Flow): 0.818588, Reg: 0.055529
Iter 40 of 180 Loss: 0.841229, L1(Flow): 0.787360, Reg: 0.053868
Iter 50 of 180 Loss: 0.842930, L1(Flow): 0.790163, Reg: 0.052767
Iter 60 of 180 Loss: 0.802644, L1(Flow): 0.751313, Reg: 0.051331
Iter 70 of 180 Loss: 0.898213, L1(Flow): 0.842974, Reg: 0.055239
Iter 80 of 180 Loss: 0.854838, L1(Flow): 0.799367, Reg: 0.055471
Iter 90 of 180 Loss: 0.823621, L1(Flow): 0.767258, Reg: 0.056364
Iter 100 of 180 Loss: 0.779375, L1(Flow): 0.732988, Reg: 0.046387
Iter 110 of 180 Loss: 0.900350, L1(Flow): 0.844751, Reg: 0.055599
Iter 120 of 180 Loss: 0.848134, L1(Flow): 0.795890, Reg: 0.052244
Iter 130 of 180 Loss: 0.807682, L1(Flow): 0.757074, Reg: 0.050608
Iter 140 of 180 Loss: 0.898461, L1(Flow): 0.844760, Reg: 0.053701
Iter 150 of 180 Loss: 0.849342, L1(Flow): 0.798640, Reg: 0.050702
Iter 160 of 180 Loss: 0.885982, L1(Flow): 0.831708, Reg: 0.054275
Iter 170 of 180 Loss: 0.925375, L1(Flow): 0.870410, Reg: 0.054964
Iter 180 of 180 Loss: 0.814023, L1(Flow): 0.762418, Reg: 0.051605
Epoch 89 Loss: 0.847900
Epoch 89 Validation: Mean EPE: 2.4657, Mean SSIM: 0.4304, Mean ZNCC: 0.6011
Epoch 90 starts
Iter 10 of 180 Loss: 0.868887, L1(Flow): 0.812532, Reg: 0.056355
Iter 20 of 180 Loss: 0.858085, L1(Flow): 0.805946, Reg: 0.052139
Iter 30 of 180 Loss: 0.850445, L1(Flow): 0.798475, Reg: 0.051970
Iter 40 of 180 Loss: 0.899400, L1(Flow): 0.844538, Reg: 0.054862
Iter 50 of 180 Loss: 0.871108, L1(Flow): 0.817007, Reg: 0.054101
Iter 60 of 180 Loss: 0.807423, L1(Flow): 0.759208, Reg: 0.048215
Iter 70 of 180 Loss: 0.821472, L1(Flow): 0.773136, Reg: 0.048337
Iter 80 of 180 Loss: 0.817056, L1(Flow): 0.767998, Reg: 0.049058
Iter 90 of 180 Loss: 0.842713, L1(Flow): 0.792702, Reg: 0.050011
Iter 100 of 180 Loss: 0.815997, L1(Flow): 0.760876, Reg: 0.055121
Iter 110 of 180 Loss: 0.839342, L1(Flow): 0.791461, Reg: 0.047880
Iter 120 of 180 Loss: 0.839283, L1(Flow): 0.782339, Reg: 0.056944
Iter 130 of 180 Loss: 0.843494, L1(Flow): 0.798213, Reg: 0.045281
Iter 140 of 180 Loss: 0.918178, L1(Flow): 0.859933, Reg: 0.058245
Iter 150 of 180 Loss: 0.915861, L1(Flow): 0.862583, Reg: 0.053279
Iter 160 of 180 Loss: 0.875957, L1(Flow): 0.825810, Reg: 0.050147
Iter 170 of 180 Loss: 0.835408, L1(Flow): 0.781260, Reg: 0.054148
Iter 180 of 180 Loss: 0.890798, L1(Flow): 0.840900, Reg: 0.049898
Epoch 90 Loss: 0.846336
Epoch 90 Validation: Mean EPE: 2.4505, Mean SSIM: 0.4321, Mean ZNCC: 0.6016
--> Saved to Top 5 best models (EPE: 2.4505)
--> New absolute BEST model updated with EPE: 2.4505
Epoch 91 starts
Iter 10 of 180 Loss: 0.825042, L1(Flow): 0.771725, Reg: 0.053317
Iter 20 of 180 Loss: 0.823629, L1(Flow): 0.771721, Reg: 0.051908
Iter 30 of 180 Loss: 0.830429, L1(Flow): 0.775418, Reg: 0.055010
Iter 40 of 180 Loss: 0.813249, L1(Flow): 0.762054, Reg: 0.051195
Iter 50 of 180 Loss: 0.794662, L1(Flow): 0.745848, Reg: 0.048814
Iter 60 of 180 Loss: 0.832315, L1(Flow): 0.782104, Reg: 0.050210
Iter 70 of 180 Loss: 0.867554, L1(Flow): 0.816851, Reg: 0.050704
Iter 80 of 180 Loss: 0.837118, L1(Flow): 0.783154, Reg: 0.053964
Iter 90 of 180 Loss: 0.834211, L1(Flow): 0.784483, Reg: 0.049728
Iter 100 of 180 Loss: 0.837913, L1(Flow): 0.787494, Reg: 0.050419
Iter 110 of 180 Loss: 0.813308, L1(Flow): 0.764606, Reg: 0.048701
Iter 120 of 180 Loss: 0.822034, L1(Flow): 0.767900, Reg: 0.054134
Iter 130 of 180 Loss: 0.854289, L1(Flow): 0.800221, Reg: 0.054068
Iter 140 of 180 Loss: 0.795729, L1(Flow): 0.746006, Reg: 0.049723
Iter 150 of 180 Loss: 0.855652, L1(Flow): 0.801404, Reg: 0.054248
Iter 160 of 180 Loss: 0.856718, L1(Flow): 0.803486, Reg: 0.053233
Iter 170 of 180 Loss: 0.838080, L1(Flow): 0.786909, Reg: 0.051171
Iter 180 of 180 Loss: 0.844746, L1(Flow): 0.792501, Reg: 0.052245
Epoch 91 Loss: 0.838881
Epoch 91 Validation: Mean EPE: 2.4494, Mean SSIM: 0.4323, Mean ZNCC: 0.6018
--> Saved to Top 5 best models (EPE: 2.4494)
--> New absolute BEST model updated with EPE: 2.4494
Epoch 92 starts
Iter 10 of 180 Loss: 0.819967, L1(Flow): 0.765964, Reg: 0.054003
Iter 20 of 180 Loss: 0.833795, L1(Flow): 0.781414, Reg: 0.052382
Iter 30 of 180 Loss: 0.803419, L1(Flow): 0.752370, Reg: 0.051050
Iter 40 of 180 Loss: 0.834518, L1(Flow): 0.780348, Reg: 0.054170
Iter 50 of 180 Loss: 0.870353, L1(Flow): 0.810962, Reg: 0.059391
Iter 60 of 180 Loss: 0.830322, L1(Flow): 0.782167, Reg: 0.048155
Iter 70 of 180 Loss: 0.793747, L1(Flow): 0.745262, Reg: 0.048484
Iter 80 of 180 Loss: 0.825069, L1(Flow): 0.772236, Reg: 0.052834
Iter 90 of 180 Loss: 0.857656, L1(Flow): 0.804558, Reg: 0.053099
Iter 100 of 180 Loss: 0.832960, L1(Flow): 0.777144, Reg: 0.055816
Iter 110 of 180 Loss: 0.791762, L1(Flow): 0.743275, Reg: 0.048486
Iter 120 of 180 Loss: 0.815740, L1(Flow): 0.765612, Reg: 0.050129
Iter 130 of 180 Loss: 0.835666, L1(Flow): 0.783893, Reg: 0.051773
Iter 140 of 180 Loss: 0.848574, L1(Flow): 0.796520, Reg: 0.052053
Iter 150 of 180 Loss: 0.883913, L1(Flow): 0.829551, Reg: 0.054363
Iter 160 of 180 Loss: 0.843356, L1(Flow): 0.787136, Reg: 0.056220
Iter 170 of 180 Loss: 0.829692, L1(Flow): 0.779180, Reg: 0.050512
Iter 180 of 180 Loss: 0.841309, L1(Flow): 0.791204, Reg: 0.050105
Epoch 92 Loss: 0.828130
Epoch 92 Validation: Mean EPE: 2.4576, Mean SSIM: 0.4315, Mean ZNCC: 0.6013
Epoch 93 starts
Iter 10 of 180 Loss: 0.820450, L1(Flow): 0.767615, Reg: 0.052835
Iter 20 of 180 Loss: 0.840676, L1(Flow): 0.784750, Reg: 0.055926
Iter 30 of 180 Loss: 0.894702, L1(Flow): 0.840468, Reg: 0.054234
Iter 40 of 180 Loss: 0.850455, L1(Flow): 0.796083, Reg: 0.054372
Iter 50 of 180 Loss: 0.828621, L1(Flow): 0.777110, Reg: 0.051511
Iter 60 of 180 Loss: 0.842761, L1(Flow): 0.790371, Reg: 0.052390
Iter 70 of 180 Loss: 0.878302, L1(Flow): 0.822791, Reg: 0.055511
Iter 80 of 180 Loss: 0.833267, L1(Flow): 0.781658, Reg: 0.051609
Iter 90 of 180 Loss: 0.773839, L1(Flow): 0.724815, Reg: 0.049025
Iter 100 of 180 Loss: 0.862551, L1(Flow): 0.808087, Reg: 0.054465
Iter 110 of 180 Loss: 0.850683, L1(Flow): 0.797599, Reg: 0.053084
Iter 120 of 180 Loss: 0.828974, L1(Flow): 0.775767, Reg: 0.053208
Iter 130 of 180 Loss: 0.833156, L1(Flow): 0.778206, Reg: 0.054950
Iter 140 of 180 Loss: 0.839017, L1(Flow): 0.788962, Reg: 0.050055
Iter 150 of 180 Loss: 0.838114, L1(Flow): 0.785177, Reg: 0.052938
Iter 160 of 180 Loss: 0.884857, L1(Flow): 0.830566, Reg: 0.054290
Iter 170 of 180 Loss: 0.806740, L1(Flow): 0.753344, Reg: 0.053396
Iter 180 of 180 Loss: 0.806253, L1(Flow): 0.755827, Reg: 0.050426
Epoch 93 Loss: 0.827649
Epoch 93 Validation: Mean EPE: 2.4597, Mean SSIM: 0.4318, Mean ZNCC: 0.6015
Epoch 94 starts
Iter 10 of 180 Loss: 0.855509, L1(Flow): 0.801672, Reg: 0.053837
Iter 20 of 180 Loss: 0.818750, L1(Flow): 0.769435, Reg: 0.049316
Iter 30 of 180 Loss: 0.845417, L1(Flow): 0.791614, Reg: 0.053803
Iter 40 of 180 Loss: 0.804603, L1(Flow): 0.748288, Reg: 0.056315
Iter 50 of 180 Loss: 0.864136, L1(Flow): 0.809469, Reg: 0.054668
Iter 60 of 180 Loss: 0.821034, L1(Flow): 0.768967, Reg: 0.052067
Iter 70 of 180 Loss: 0.842258, L1(Flow): 0.788051, Reg: 0.054207
Iter 80 of 180 Loss: 0.809505, L1(Flow): 0.758350, Reg: 0.051155
Iter 90 of 180 Loss: 0.831367, L1(Flow): 0.780604, Reg: 0.050763
Iter 100 of 180 Loss: 0.796829, L1(Flow): 0.747180, Reg: 0.049650
Iter 110 of 180 Loss: 0.826469, L1(Flow): 0.772116, Reg: 0.054353
Iter 120 of 180 Loss: 0.847259, L1(Flow): 0.796523, Reg: 0.050737
Iter 130 of 180 Loss: 0.855619, L1(Flow): 0.803405, Reg: 0.052214
Iter 140 of 180 Loss: 0.860476, L1(Flow): 0.804323, Reg: 0.056153
Iter 150 of 180 Loss: 0.812272, L1(Flow): 0.761491, Reg: 0.050781
Iter 160 of 180 Loss: 0.876054, L1(Flow): 0.821330, Reg: 0.054724
Iter 170 of 180 Loss: 0.803621, L1(Flow): 0.750152, Reg: 0.053470
Iter 180 of 180 Loss: 0.924623, L1(Flow): 0.871049, Reg: 0.053573
Epoch 94 Loss: 0.821674
Epoch 94 Validation: Mean EPE: 2.4621, Mean SSIM: 0.4317, Mean ZNCC: 0.6014
Epoch 95 starts
Iter 10 of 180 Loss: 0.838570, L1(Flow): 0.789201, Reg: 0.049369
Iter 20 of 180 Loss: 0.813182, L1(Flow): 0.760483, Reg: 0.052699
Iter 30 of 180 Loss: 0.767721, L1(Flow): 0.718462, Reg: 0.049259
Iter 40 of 180 Loss: 0.823316, L1(Flow): 0.771056, Reg: 0.052261
Iter 50 of 180 Loss: 0.770457, L1(Flow): 0.723421, Reg: 0.047036
Iter 60 of 180 Loss: 0.817622, L1(Flow): 0.765457, Reg: 0.052166
Iter 70 of 180 Loss: 0.821953, L1(Flow): 0.769440, Reg: 0.052513
Iter 80 of 180 Loss: 0.793077, L1(Flow): 0.740837, Reg: 0.052240
Iter 90 of 180 Loss: 0.787054, L1(Flow): 0.740648, Reg: 0.046407
Iter 100 of 180 Loss: 0.846345, L1(Flow): 0.793109, Reg: 0.053236
Iter 110 of 180 Loss: 0.802026, L1(Flow): 0.752998, Reg: 0.049028
Iter 120 of 180 Loss: 0.836076, L1(Flow): 0.783052, Reg: 0.053025
Iter 130 of 180 Loss: 0.816477, L1(Flow): 0.763356, Reg: 0.053120
Iter 140 of 180 Loss: 0.845407, L1(Flow): 0.791720, Reg: 0.053686
Iter 150 of 180 Loss: 0.838036, L1(Flow): 0.782972, Reg: 0.055064
Iter 160 of 180 Loss: 0.813311, L1(Flow): 0.760865, Reg: 0.052446
Iter 170 of 180 Loss: 0.828118, L1(Flow): 0.775302, Reg: 0.052816
Iter 180 of 180 Loss: 0.857177, L1(Flow): 0.804448, Reg: 0.052729
Epoch 95 Loss: 0.816317
Epoch 95 Validation: Mean EPE: 2.4566, Mean SSIM: 0.4323, Mean ZNCC: 0.6016
--> Saved to Top 5 best models (EPE: 2.4566)
Epoch 96 starts
Iter 10 of 180 Loss: 0.791917, L1(Flow): 0.742070, Reg: 0.049846
Iter 20 of 180 Loss: 0.809793, L1(Flow): 0.758674, Reg: 0.051119
Iter 30 of 180 Loss: 0.775878, L1(Flow): 0.729229, Reg: 0.046650
Iter 40 of 180 Loss: 0.819816, L1(Flow): 0.767435, Reg: 0.052381
Iter 50 of 180 Loss: 0.759186, L1(Flow): 0.707583, Reg: 0.051603
Iter 60 of 180 Loss: 0.831358, L1(Flow): 0.777692, Reg: 0.053666
Iter 70 of 180 Loss: 0.787114, L1(Flow): 0.739051, Reg: 0.048063
Iter 80 of 180 Loss: 0.797644, L1(Flow): 0.749147, Reg: 0.048497
Iter 90 of 180 Loss: 0.804742, L1(Flow): 0.755975, Reg: 0.048766
Iter 100 of 180 Loss: 0.786696, L1(Flow): 0.739980, Reg: 0.046716
Iter 110 of 180 Loss: 0.809378, L1(Flow): 0.757782, Reg: 0.051597
Iter 120 of 180 Loss: 0.802043, L1(Flow): 0.750968, Reg: 0.051074
Iter 130 of 180 Loss: 0.771736, L1(Flow): 0.723984, Reg: 0.047751
Iter 140 of 180 Loss: 0.825735, L1(Flow): 0.774340, Reg: 0.051395
Iter 150 of 180 Loss: 0.805662, L1(Flow): 0.756426, Reg: 0.049236
Iter 160 of 180 Loss: 0.897362, L1(Flow): 0.839419, Reg: 0.057943
Iter 170 of 180 Loss: 0.767196, L1(Flow): 0.722048, Reg: 0.045147
Iter 180 of 180 Loss: 0.863997, L1(Flow): 0.811436, Reg: 0.052560
Epoch 96 Loss: 0.807851
Epoch 96 Validation: Mean EPE: 2.4571, Mean SSIM: 0.4320, Mean ZNCC: 0.6013
Epoch 97 starts
Iter 10 of 180 Loss: 0.806861, L1(Flow): 0.755789, Reg: 0.051072
Iter 20 of 180 Loss: 0.778515, L1(Flow): 0.730917, Reg: 0.047597
Iter 30 of 180 Loss: 0.789384, L1(Flow): 0.737070, Reg: 0.052314
Iter 40 of 180 Loss: 0.854018, L1(Flow): 0.796139, Reg: 0.057879
Iter 50 of 180 Loss: 0.804672, L1(Flow): 0.751492, Reg: 0.053179
Iter 60 of 180 Loss: 0.824570, L1(Flow): 0.770910, Reg: 0.053660
Iter 70 of 180 Loss: 0.862623, L1(Flow): 0.811590, Reg: 0.051033
Iter 80 of 180 Loss: 0.789363, L1(Flow): 0.740532, Reg: 0.048831
Iter 90 of 180 Loss: 0.821501, L1(Flow): 0.770238, Reg: 0.051263
Iter 100 of 180 Loss: 0.852352, L1(Flow): 0.805715, Reg: 0.046637
Iter 110 of 180 Loss: 0.815423, L1(Flow): 0.764617, Reg: 0.050806
Iter 120 of 180 Loss: 0.780134, L1(Flow): 0.731359, Reg: 0.048775
Iter 130 of 180 Loss: 0.825421, L1(Flow): 0.773273, Reg: 0.052149
Iter 140 of 180 Loss: 0.807668, L1(Flow): 0.752787, Reg: 0.054881
Iter 150 of 180 Loss: 0.823227, L1(Flow): 0.769980, Reg: 0.053247
Iter 160 of 180 Loss: 0.826093, L1(Flow): 0.772562, Reg: 0.053531
Iter 170 of 180 Loss: 0.827611, L1(Flow): 0.776453, Reg: 0.051159
Iter 180 of 180 Loss: 0.806260, L1(Flow): 0.751156, Reg: 0.055105
Epoch 97 Loss: 0.807988
Epoch 97 Validation: Mean EPE: 2.4496, Mean SSIM: 0.4327, Mean ZNCC: 0.6017
--> Saved to Top 5 best models (EPE: 2.4496)
Epoch 98 starts
Iter 10 of 180 Loss: 0.849351, L1(Flow): 0.797124, Reg: 0.052227
Iter 20 of 180 Loss: 0.752076, L1(Flow): 0.702355, Reg: 0.049721
Iter 30 of 180 Loss: 0.834216, L1(Flow): 0.776929, Reg: 0.057286
Iter 40 of 180 Loss: 0.784589, L1(Flow): 0.734422, Reg: 0.050167
Iter 50 of 180 Loss: 0.804689, L1(Flow): 0.752947, Reg: 0.051742
Iter 60 of 180 Loss: 0.791530, L1(Flow): 0.740307, Reg: 0.051223
Iter 70 of 180 Loss: 0.785634, L1(Flow): 0.736817, Reg: 0.048817
Iter 80 of 180 Loss: 0.805445, L1(Flow): 0.753860, Reg: 0.051585
Iter 90 of 180 Loss: 0.849768, L1(Flow): 0.798532, Reg: 0.051235
Iter 100 of 180 Loss: 0.774985, L1(Flow): 0.728006, Reg: 0.046979
Iter 110 of 180 Loss: 0.808932, L1(Flow): 0.757557, Reg: 0.051375
Iter 120 of 180 Loss: 0.829286, L1(Flow): 0.776721, Reg: 0.052565
Iter 130 of 180 Loss: 0.796009, L1(Flow): 0.745428, Reg: 0.050581
Iter 140 of 180 Loss: 0.830609, L1(Flow): 0.777317, Reg: 0.053292
Iter 150 of 180 Loss: 0.770266, L1(Flow): 0.722042, Reg: 0.048223
Iter 160 of 180 Loss: 0.782227, L1(Flow): 0.734427, Reg: 0.047800
Iter 170 of 180 Loss: 0.784587, L1(Flow): 0.732200, Reg: 0.052388
Iter 180 of 180 Loss: 0.790863, L1(Flow): 0.738089, Reg: 0.052774
Epoch 98 Loss: 0.805372
Epoch 98 Validation: Mean EPE: 2.4531, Mean SSIM: 0.4321, Mean ZNCC: 0.6015
--> Saved to Top 5 best models (EPE: 2.4531)
Epoch 99 starts
Iter 10 of 180 Loss: 0.741028, L1(Flow): 0.693518, Reg: 0.047509
Iter 20 of 180 Loss: 0.758378, L1(Flow): 0.708524, Reg: 0.049854
Iter 30 of 180 Loss: 0.814415, L1(Flow): 0.765982, Reg: 0.048433
Iter 40 of 180 Loss: 0.812916, L1(Flow): 0.759694, Reg: 0.053222
Iter 50 of 180 Loss: 0.844270, L1(Flow): 0.793595, Reg: 0.050674
Iter 60 of 180 Loss: 0.778165, L1(Flow): 0.725078, Reg: 0.053087
Iter 70 of 180 Loss: 0.818499, L1(Flow): 0.766771, Reg: 0.051728
Iter 80 of 180 Loss: 0.814059, L1(Flow): 0.758806, Reg: 0.055253
Iter 90 of 180 Loss: 0.842704, L1(Flow): 0.786424, Reg: 0.056280
Iter 100 of 180 Loss: 0.822079, L1(Flow): 0.768762, Reg: 0.053318
Iter 110 of 180 Loss: 0.768990, L1(Flow): 0.716926, Reg: 0.052064
Iter 120 of 180 Loss: 0.812803, L1(Flow): 0.762415, Reg: 0.050387
Iter 130 of 180 Loss: 0.787513, L1(Flow): 0.736777, Reg: 0.050737
Iter 140 of 180 Loss: 0.776140, L1(Flow): 0.728106, Reg: 0.048034
Iter 150 of 180 Loss: 0.796992, L1(Flow): 0.745297, Reg: 0.051695
Iter 160 of 180 Loss: 0.783834, L1(Flow): 0.731238, Reg: 0.052595
Iter 170 of 180 Loss: 0.785638, L1(Flow): 0.735175, Reg: 0.050463
Iter 180 of 180 Loss: 0.761886, L1(Flow): 0.715400, Reg: 0.046486
Epoch 99 Loss: 0.800917
Epoch 99 Validation: Mean EPE: 2.4598, Mean SSIM: 0.4322, Mean ZNCC: 0.6015
Epoch 100 starts
Iter 10 of 180 Loss: 0.799135, L1(Flow): 0.748688, Reg: 0.050448
Iter 20 of 180 Loss: 0.797733, L1(Flow): 0.748866, Reg: 0.048867
Iter 30 of 180 Loss: 0.791565, L1(Flow): 0.737610, Reg: 0.053955
Iter 40 of 180 Loss: 0.813207, L1(Flow): 0.763803, Reg: 0.049403
Iter 50 of 180 Loss: 0.834228, L1(Flow): 0.784163, Reg: 0.050065
Iter 60 of 180 Loss: 0.793891, L1(Flow): 0.744852, Reg: 0.049039
Iter 70 of 180 Loss: 0.777673, L1(Flow): 0.728254, Reg: 0.049418
Iter 80 of 180 Loss: 0.803274, L1(Flow): 0.749930, Reg: 0.053344
Iter 90 of 180 Loss: 0.778933, L1(Flow): 0.727397, Reg: 0.051537
Iter 100 of 180 Loss: 0.782961, L1(Flow): 0.736814, Reg: 0.046146
Iter 110 of 180 Loss: 0.810623, L1(Flow): 0.759536, Reg: 0.051087
Iter 120 of 180 Loss: 0.799347, L1(Flow): 0.751876, Reg: 0.047471
Iter 130 of 180 Loss: 0.779311, L1(Flow): 0.725443, Reg: 0.053868
Iter 140 of 180 Loss: 0.786402, L1(Flow): 0.737835, Reg: 0.048566
Iter 150 of 180 Loss: 0.793555, L1(Flow): 0.746005, Reg: 0.047550
Iter 160 of 180 Loss: 0.758509, L1(Flow): 0.710851, Reg: 0.047658
Iter 170 of 180 Loss: 0.757913, L1(Flow): 0.711825, Reg: 0.046088
Iter 180 of 180 Loss: 0.800530, L1(Flow): 0.743200, Reg: 0.057330
Epoch 100 Loss: 0.797894
Epoch 100 Validation: Mean EPE: 2.4651, Mean SSIM: 0.4307, Mean ZNCC: 0.6009
Epoch 101 starts
Iter 10 of 180 Loss: 0.798816, L1(Flow): 0.746157, Reg: 0.052659
Iter 20 of 180 Loss: 0.769430, L1(Flow): 0.717225, Reg: 0.052205
Iter 30 of 180 Loss: 0.812791, L1(Flow): 0.761044, Reg: 0.051746
Iter 40 of 180 Loss: 0.755004, L1(Flow): 0.708858, Reg: 0.046146
Iter 50 of 180 Loss: 0.786632, L1(Flow): 0.734544, Reg: 0.052089
Iter 60 of 180 Loss: 0.773576, L1(Flow): 0.723818, Reg: 0.049758
Iter 70 of 180 Loss: 0.731928, L1(Flow): 0.686488, Reg: 0.045439
Iter 80 of 180 Loss: 0.844209, L1(Flow): 0.792449, Reg: 0.051759
Iter 90 of 180 Loss: 0.829201, L1(Flow): 0.778078, Reg: 0.051123
Iter 100 of 180 Loss: 0.805782, L1(Flow): 0.754506, Reg: 0.051276
Iter 110 of 180 Loss: 0.798125, L1(Flow): 0.743036, Reg: 0.055089
Iter 120 of 180 Loss: 0.700743, L1(Flow): 0.655689, Reg: 0.045055
Iter 130 of 180 Loss: 0.800528, L1(Flow): 0.749050, Reg: 0.051477
Iter 140 of 180 Loss: 0.778219, L1(Flow): 0.731100, Reg: 0.047119
Iter 150 of 180 Loss: 0.772583, L1(Flow): 0.721814, Reg: 0.050768
Iter 160 of 180 Loss: 0.776051, L1(Flow): 0.724317, Reg: 0.051733
Iter 170 of 180 Loss: 0.781284, L1(Flow): 0.732600, Reg: 0.048683
Iter 180 of 180 Loss: 0.754938, L1(Flow): 0.706536, Reg: 0.048403
Epoch 101 Loss: 0.791238
Epoch 101 Validation: Mean EPE: 2.4623, Mean SSIM: 0.4320, Mean ZNCC: 0.6017
Epoch 102 starts
Iter 10 of 180 Loss: 0.802256, L1(Flow): 0.750252, Reg: 0.052003
Iter 20 of 180 Loss: 0.761567, L1(Flow): 0.710210, Reg: 0.051357
Iter 30 of 180 Loss: 0.820844, L1(Flow): 0.766684, Reg: 0.054160
Iter 40 of 180 Loss: 0.810380, L1(Flow): 0.759797, Reg: 0.050583
Iter 50 of 180 Loss: 0.742778, L1(Flow): 0.694147, Reg: 0.048632
Iter 60 of 180 Loss: 0.805448, L1(Flow): 0.752487, Reg: 0.052961
Iter 70 of 180 Loss: 0.773671, L1(Flow): 0.722513, Reg: 0.051158
Iter 80 of 180 Loss: 0.721594, L1(Flow): 0.679344, Reg: 0.042250
Iter 90 of 180 Loss: 0.759957, L1(Flow): 0.711691, Reg: 0.048266
Iter 100 of 180 Loss: 0.787885, L1(Flow): 0.737529, Reg: 0.050357
Iter 110 of 180 Loss: 0.780452, L1(Flow): 0.727574, Reg: 0.052878
Iter 120 of 180 Loss: 0.782597, L1(Flow): 0.735396, Reg: 0.047201
Iter 130 of 180 Loss: 0.764899, L1(Flow): 0.715334, Reg: 0.049565
Iter 140 of 180 Loss: 0.751976, L1(Flow): 0.698940, Reg: 0.053036
Iter 150 of 180 Loss: 0.808275, L1(Flow): 0.757966, Reg: 0.050309
Iter 160 of 180 Loss: 0.828814, L1(Flow): 0.772832, Reg: 0.055983
Iter 170 of 180 Loss: 0.785217, L1(Flow): 0.734498, Reg: 0.050719
Iter 180 of 180 Loss: 0.920719, L1(Flow): 0.868173, Reg: 0.052546
Epoch 102 Loss: 0.782537
Epoch 102 Validation: Mean EPE: 2.4549, Mean SSIM: 0.4321, Mean ZNCC: 0.6016
--> Saved to Top 5 best models (EPE: 2.4549)
Epoch 103 starts
Iter 10 of 180 Loss: 0.824402, L1(Flow): 0.774011, Reg: 0.050392
Iter 20 of 180 Loss: 0.814223, L1(Flow): 0.758472, Reg: 0.055751
Iter 30 of 180 Loss: 0.767583, L1(Flow): 0.719337, Reg: 0.048246
Iter 40 of 180 Loss: 0.829312, L1(Flow): 0.772330, Reg: 0.056982
Iter 50 of 180 Loss: 0.780270, L1(Flow): 0.730551, Reg: 0.049719
Iter 60 of 180 Loss: 0.734507, L1(Flow): 0.683401, Reg: 0.051105
Iter 70 of 180 Loss: 0.777656, L1(Flow): 0.729133, Reg: 0.048522
Iter 80 of 180 Loss: 0.810458, L1(Flow): 0.757977, Reg: 0.052482
Iter 90 of 180 Loss: 0.793518, L1(Flow): 0.741741, Reg: 0.051778
Iter 100 of 180 Loss: 0.778146, L1(Flow): 0.731348, Reg: 0.046798
Iter 110 of 180 Loss: 0.752936, L1(Flow): 0.704516, Reg: 0.048420
Iter 120 of 180 Loss: 0.762702, L1(Flow): 0.715025, Reg: 0.047677
Iter 130 of 180 Loss: 0.802140, L1(Flow): 0.756028, Reg: 0.046112
Iter 140 of 180 Loss: 0.789983, L1(Flow): 0.744070, Reg: 0.045913
Iter 150 of 180 Loss: 0.778820, L1(Flow): 0.729407, Reg: 0.049412
Iter 160 of 180 Loss: 0.819020, L1(Flow): 0.766052, Reg: 0.052968
Iter 170 of 180 Loss: 0.793773, L1(Flow): 0.745877, Reg: 0.047895
Iter 180 of 180 Loss: 0.751737, L1(Flow): 0.701031, Reg: 0.050705
Epoch 103 Loss: 0.780168
Epoch 103 Validation: Mean EPE: 2.4501, Mean SSIM: 0.4328, Mean ZNCC: 0.6016
--> Saved to Top 5 best models (EPE: 2.4501)
Epoch 104 starts
Iter 10 of 180 Loss: 0.761052, L1(Flow): 0.712242, Reg: 0.048810
Iter 20 of 180 Loss: 0.801791, L1(Flow): 0.752540, Reg: 0.049251
Iter 30 of 180 Loss: 0.726685, L1(Flow): 0.680036, Reg: 0.046649
Iter 40 of 180 Loss: 0.760919, L1(Flow): 0.710644, Reg: 0.050274
Iter 50 of 180 Loss: 0.739737, L1(Flow): 0.691676, Reg: 0.048061
Iter 60 of 180 Loss: 0.765180, L1(Flow): 0.712565, Reg: 0.052616
Iter 70 of 180 Loss: 0.821972, L1(Flow): 0.765725, Reg: 0.056247
Iter 80 of 180 Loss: 0.681690, L1(Flow): 0.637908, Reg: 0.043782
Iter 90 of 180 Loss: 0.785689, L1(Flow): 0.731151, Reg: 0.054538
Iter 100 of 180 Loss: 0.806850, L1(Flow): 0.751897, Reg: 0.054953
Iter 110 of 180 Loss: 0.788153, L1(Flow): 0.736778, Reg: 0.051376
Iter 120 of 180 Loss: 0.765596, L1(Flow): 0.720186, Reg: 0.045410
Iter 130 of 180 Loss: 0.765492, L1(Flow): 0.715560, Reg: 0.049932
Iter 140 of 180 Loss: 0.770045, L1(Flow): 0.720846, Reg: 0.049199
Iter 150 of 180 Loss: 0.730221, L1(Flow): 0.686234, Reg: 0.043986
Iter 160 of 180 Loss: 0.797878, L1(Flow): 0.748106, Reg: 0.049772
Iter 170 of 180 Loss: 0.803626, L1(Flow): 0.751353, Reg: 0.052273
Iter 180 of 180 Loss: 0.782589, L1(Flow): 0.731214, Reg: 0.051375
Epoch 104 Loss: 0.772186
Epoch 104 Validation: Mean EPE: 2.4376, Mean SSIM: 0.4330, Mean ZNCC: 0.6017
--> Saved to Top 5 best models (EPE: 2.4376)
--> New absolute BEST model updated with EPE: 2.4376
Epoch 105 starts
Iter 10 of 180 Loss: 0.725217, L1(Flow): 0.681061, Reg: 0.044156
Iter 20 of 180 Loss: 0.718714, L1(Flow): 0.672162, Reg: 0.046551
Iter 30 of 180 Loss: 0.722717, L1(Flow): 0.672754, Reg: 0.049963
Iter 40 of 180 Loss: 0.762940, L1(Flow): 0.711261, Reg: 0.051679
Iter 50 of 180 Loss: 0.740536, L1(Flow): 0.691535, Reg: 0.049001
Iter 60 of 180 Loss: 0.796620, L1(Flow): 0.743310, Reg: 0.053310
Iter 70 of 180 Loss: 0.759629, L1(Flow): 0.710582, Reg: 0.049047
Iter 80 of 180 Loss: 0.736345, L1(Flow): 0.688931, Reg: 0.047414
Iter 90 of 180 Loss: 0.751711, L1(Flow): 0.705091, Reg: 0.046620
Iter 100 of 180 Loss: 0.796458, L1(Flow): 0.744826, Reg: 0.051632
Iter 110 of 180 Loss: 0.742797, L1(Flow): 0.695349, Reg: 0.047448
Iter 120 of 180 Loss: 0.766376, L1(Flow): 0.716996, Reg: 0.049380
Iter 130 of 180 Loss: 0.774865, L1(Flow): 0.721296, Reg: 0.053569
Iter 140 of 180 Loss: 0.778133, L1(Flow): 0.725611, Reg: 0.052522
Iter 150 of 180 Loss: 0.783085, L1(Flow): 0.735117, Reg: 0.047968
Iter 160 of 180 Loss: 0.771762, L1(Flow): 0.721672, Reg: 0.050090
Iter 170 of 180 Loss: 0.782017, L1(Flow): 0.732700, Reg: 0.049317
Iter 180 of 180 Loss: 0.809354, L1(Flow): 0.754494, Reg: 0.054860
Epoch 105 Loss: 0.772121
Epoch 105 Validation: Mean EPE: 2.4602, Mean SSIM: 0.4326, Mean ZNCC: 0.6017
Epoch 106 starts
Iter 10 of 180 Loss: 0.836943, L1(Flow): 0.789232, Reg: 0.047711
Iter 20 of 180 Loss: 0.804811, L1(Flow): 0.747942, Reg: 0.056869
Iter 30 of 180 Loss: 0.785694, L1(Flow): 0.735770, Reg: 0.049924
Iter 40 of 180 Loss: 0.747421, L1(Flow): 0.701330, Reg: 0.046091
Iter 50 of 180 Loss: 0.745154, L1(Flow): 0.700137, Reg: 0.045017
Iter 60 of 180 Loss: 0.749110, L1(Flow): 0.700970, Reg: 0.048141
Iter 70 of 180 Loss: 0.795621, L1(Flow): 0.747760, Reg: 0.047861
Iter 80 of 180 Loss: 0.768817, L1(Flow): 0.716890, Reg: 0.051927
Iter 90 of 180 Loss: 0.734281, L1(Flow): 0.688362, Reg: 0.045919
Iter 100 of 180 Loss: 0.738240, L1(Flow): 0.686126, Reg: 0.052115
Iter 110 of 180 Loss: 0.769058, L1(Flow): 0.715794, Reg: 0.053264
Iter 120 of 180 Loss: 0.772222, L1(Flow): 0.721864, Reg: 0.050358
Iter 130 of 180 Loss: 0.796833, L1(Flow): 0.744881, Reg: 0.051952
Iter 140 of 180 Loss: 0.759453, L1(Flow): 0.709185, Reg: 0.050267
Iter 150 of 180 Loss: 0.769242, L1(Flow): 0.717034, Reg: 0.052209
Iter 160 of 180 Loss: 0.749558, L1(Flow): 0.703657, Reg: 0.045901
Iter 170 of 180 Loss: 0.769769, L1(Flow): 0.722108, Reg: 0.047661
Iter 180 of 180 Loss: 0.755187, L1(Flow): 0.707790, Reg: 0.047397
Epoch 106 Loss: 0.770551
Epoch 106 Validation: Mean EPE: 2.4451, Mean SSIM: 0.4327, Mean ZNCC: 0.6018
--> Saved to Top 5 best models (EPE: 2.4451)
Epoch 107 starts
Iter 10 of 180 Loss: 0.751723, L1(Flow): 0.703727, Reg: 0.047996
Iter 20 of 180 Loss: 0.804883, L1(Flow): 0.749664, Reg: 0.055220
Iter 30 of 180 Loss: 0.704143, L1(Flow): 0.659689, Reg: 0.044454
Iter 40 of 180 Loss: 0.809650, L1(Flow): 0.757852, Reg: 0.051798
Iter 50 of 180 Loss: 0.807028, L1(Flow): 0.754411, Reg: 0.052617
Iter 60 of 180 Loss: 0.739111, L1(Flow): 0.688065, Reg: 0.051047
Iter 70 of 180 Loss: 0.774122, L1(Flow): 0.724174, Reg: 0.049948
Iter 80 of 180 Loss: 0.790430, L1(Flow): 0.737820, Reg: 0.052610
Iter 90 of 180 Loss: 0.775198, L1(Flow): 0.723870, Reg: 0.051329
Iter 100 of 180 Loss: 0.764824, L1(Flow): 0.719544, Reg: 0.045280
Iter 110 of 180 Loss: 0.790888, L1(Flow): 0.738428, Reg: 0.052459
Iter 120 of 180 Loss: 0.757074, L1(Flow): 0.708178, Reg: 0.048896
Iter 130 of 180 Loss: 0.777491, L1(Flow): 0.726834, Reg: 0.050657
Iter 140 of 180 Loss: 0.734572, L1(Flow): 0.683576, Reg: 0.050996
Iter 150 of 180 Loss: 0.746383, L1(Flow): 0.698367, Reg: 0.048016
Iter 160 of 180 Loss: 0.836141, L1(Flow): 0.784679, Reg: 0.051461
Iter 170 of 180 Loss: 0.777552, L1(Flow): 0.728670, Reg: 0.048882
Iter 180 of 180 Loss: 0.774014, L1(Flow): 0.720184, Reg: 0.053830
Epoch 107 Loss: 0.766162
Epoch 107 Validation: Mean EPE: 2.4556, Mean SSIM: 0.4330, Mean ZNCC: 0.6018
Epoch 108 starts
Iter 10 of 180 Loss: 0.760201, L1(Flow): 0.713751, Reg: 0.046450
Iter 20 of 180 Loss: 0.775492, L1(Flow): 0.726360, Reg: 0.049132
Iter 30 of 180 Loss: 0.752107, L1(Flow): 0.702133, Reg: 0.049974
Iter 40 of 180 Loss: 0.745448, L1(Flow): 0.695897, Reg: 0.049551
Iter 50 of 180 Loss: 0.744680, L1(Flow): 0.693505, Reg: 0.051175
Iter 60 of 180 Loss: 0.752421, L1(Flow): 0.704049, Reg: 0.048372
Iter 70 of 180 Loss: 0.799120, L1(Flow): 0.748405, Reg: 0.050715
Iter 80 of 180 Loss: 0.730285, L1(Flow): 0.683131, Reg: 0.047154
Iter 90 of 180 Loss: 0.743634, L1(Flow): 0.697685, Reg: 0.045949
Iter 100 of 180 Loss: 0.761592, L1(Flow): 0.709523, Reg: 0.052069
Iter 110 of 180 Loss: 0.737296, L1(Flow): 0.691090, Reg: 0.046206
Iter 120 of 180 Loss: 0.809497, L1(Flow): 0.757596, Reg: 0.051901
Iter 130 of 180 Loss: 0.803024, L1(Flow): 0.753302, Reg: 0.049723
Iter 140 of 180 Loss: 0.743756, L1(Flow): 0.693599, Reg: 0.050157
Iter 150 of 180 Loss: 0.731331, L1(Flow): 0.680105, Reg: 0.051227
Iter 160 of 180 Loss: 0.715950, L1(Flow): 0.667700, Reg: 0.048249
Iter 170 of 180 Loss: 0.749471, L1(Flow): 0.701622, Reg: 0.047849
Iter 180 of 180 Loss: 0.769025, L1(Flow): 0.724156, Reg: 0.044870
Epoch 108 Loss: 0.760205
Epoch 108 Validation: Mean EPE: 2.4404, Mean SSIM: 0.4337, Mean ZNCC: 0.6022
--> Saved to Top 5 best models (EPE: 2.4404)
Epoch 109 starts
Iter 10 of 180 Loss: 0.751330, L1(Flow): 0.701891, Reg: 0.049439
Iter 20 of 180 Loss: 0.778068, L1(Flow): 0.728620, Reg: 0.049447
Iter 30 of 180 Loss: 0.748092, L1(Flow): 0.701311, Reg: 0.046781
Iter 40 of 180 Loss: 0.744855, L1(Flow): 0.694784, Reg: 0.050071
Iter 50 of 180 Loss: 0.761194, L1(Flow): 0.713546, Reg: 0.047647
Iter 60 of 180 Loss: 0.721006, L1(Flow): 0.675280, Reg: 0.045726
Iter 70 of 180 Loss: 0.760469, L1(Flow): 0.709730, Reg: 0.050739
Iter 80 of 180 Loss: 0.710533, L1(Flow): 0.662751, Reg: 0.047782
Iter 90 of 180 Loss: 0.753024, L1(Flow): 0.704868, Reg: 0.048156
Iter 100 of 180 Loss: 0.753242, L1(Flow): 0.702001, Reg: 0.051241
Iter 110 of 180 Loss: 0.749576, L1(Flow): 0.701068, Reg: 0.048507
Iter 120 of 180 Loss: 0.728710, L1(Flow): 0.679075, Reg: 0.049635
Iter 130 of 180 Loss: 0.706913, L1(Flow): 0.665501, Reg: 0.041412
Iter 140 of 180 Loss: 0.759313, L1(Flow): 0.708824, Reg: 0.050489
Iter 150 of 180 Loss: 0.703167, L1(Flow): 0.658978, Reg: 0.044189
Iter 160 of 180 Loss: 0.762026, L1(Flow): 0.713031, Reg: 0.048996
Iter 170 of 180 Loss: 0.732380, L1(Flow): 0.685817, Reg: 0.046564
Iter 180 of 180 Loss: 0.790283, L1(Flow): 0.739838, Reg: 0.050444
Epoch 109 Loss: 0.753628
Epoch 109 Validation: Mean EPE: 2.4396, Mean SSIM: 0.4331, Mean ZNCC: 0.6018
--> Saved to Top 5 best models (EPE: 2.4396)
Epoch 110 starts
Iter 10 of 180 Loss: 0.736836, L1(Flow): 0.688364, Reg: 0.048472
Iter 20 of 180 Loss: 0.751313, L1(Flow): 0.698750, Reg: 0.052562
Iter 30 of 180 Loss: 0.744805, L1(Flow): 0.694255, Reg: 0.050551
Iter 40 of 180 Loss: 0.731763, L1(Flow): 0.683199, Reg: 0.048564
Iter 50 of 180 Loss: 0.752879, L1(Flow): 0.702779, Reg: 0.050100
Iter 60 of 180 Loss: 0.763786, L1(Flow): 0.715247, Reg: 0.048539
Iter 70 of 180 Loss: 0.734246, L1(Flow): 0.686995, Reg: 0.047252
Iter 80 of 180 Loss: 0.731580, L1(Flow): 0.688131, Reg: 0.043449
Iter 90 of 180 Loss: 0.761539, L1(Flow): 0.710154, Reg: 0.051384
Iter 100 of 180 Loss: 0.766703, L1(Flow): 0.717883, Reg: 0.048820
Iter 110 of 180 Loss: 0.749689, L1(Flow): 0.697016, Reg: 0.052673
Iter 120 of 180 Loss: 0.769206, L1(Flow): 0.721964, Reg: 0.047243
Iter 130 of 180 Loss: 0.744175, L1(Flow): 0.697724, Reg: 0.046451
Iter 140 of 180 Loss: 0.749965, L1(Flow): 0.698754, Reg: 0.051211
Iter 150 of 180 Loss: 0.796983, L1(Flow): 0.740988, Reg: 0.055995
Iter 160 of 180 Loss: 0.806747, L1(Flow): 0.755348, Reg: 0.051399
Iter 170 of 180 Loss: 0.774584, L1(Flow): 0.722902, Reg: 0.051682
Iter 180 of 180 Loss: 0.714078, L1(Flow): 0.673188, Reg: 0.040890
Epoch 110 Loss: 0.757485
Epoch 110 Validation: Mean EPE: 2.4437, Mean SSIM: 0.4339, Mean ZNCC: 0.6020
--> Saved to Top 5 best models (EPE: 2.4437)
Epoch 111 starts
Iter 10 of 180 Loss: 0.724926, L1(Flow): 0.673409, Reg: 0.051518
Iter 20 of 180 Loss: 0.707843, L1(Flow): 0.657856, Reg: 0.049987
Iter 30 of 180 Loss: 0.801978, L1(Flow): 0.746978, Reg: 0.055000
Iter 40 of 180 Loss: 0.723268, L1(Flow): 0.675671, Reg: 0.047598
Iter 50 of 180 Loss: 0.765997, L1(Flow): 0.713402, Reg: 0.052595
Iter 60 of 180 Loss: 0.692349, L1(Flow): 0.646509, Reg: 0.045840
Iter 70 of 180 Loss: 0.705201, L1(Flow): 0.659471, Reg: 0.045731
Iter 80 of 180 Loss: 0.776961, L1(Flow): 0.730193, Reg: 0.046768
Iter 90 of 180 Loss: 0.762993, L1(Flow): 0.709851, Reg: 0.053142
Iter 100 of 180 Loss: 0.745839, L1(Flow): 0.698744, Reg: 0.047094
Iter 110 of 180 Loss: 0.762273, L1(Flow): 0.712677, Reg: 0.049597
Iter 120 of 180 Loss: 0.733511, L1(Flow): 0.685729, Reg: 0.047782
Iter 130 of 180 Loss: 0.746759, L1(Flow): 0.696775, Reg: 0.049984
Iter 140 of 180 Loss: 0.822960, L1(Flow): 0.770592, Reg: 0.052368
Iter 150 of 180 Loss: 0.728138, L1(Flow): 0.681342, Reg: 0.046796
Iter 160 of 180 Loss: 0.756417, L1(Flow): 0.703346, Reg: 0.053071
Iter 170 of 180 Loss: 0.730783, L1(Flow): 0.681075, Reg: 0.049709
Iter 180 of 180 Loss: 0.676802, L1(Flow): 0.634512, Reg: 0.042290
Epoch 111 Loss: 0.754728
Epoch 111 Validation: Mean EPE: 2.4455, Mean SSIM: 0.4332, Mean ZNCC: 0.6018
Epoch 112 starts
Iter 10 of 180 Loss: 0.772304, L1(Flow): 0.720417, Reg: 0.051887
Iter 20 of 180 Loss: 0.744563, L1(Flow): 0.694060, Reg: 0.050503
Iter 30 of 180 Loss: 0.808596, L1(Flow): 0.754510, Reg: 0.054086
Iter 40 of 180 Loss: 0.702673, L1(Flow): 0.657969, Reg: 0.044705
Iter 50 of 180 Loss: 0.700057, L1(Flow): 0.652811, Reg: 0.047247
Iter 60 of 180 Loss: 0.714160, L1(Flow): 0.670719, Reg: 0.043441
Iter 70 of 180 Loss: 0.724604, L1(Flow): 0.676522, Reg: 0.048082
Iter 80 of 180 Loss: 0.768426, L1(Flow): 0.716911, Reg: 0.051515
Iter 90 of 180 Loss: 0.784538, L1(Flow): 0.729307, Reg: 0.055231
Iter 100 of 180 Loss: 0.775987, L1(Flow): 0.725998, Reg: 0.049990
Iter 110 of 180 Loss: 0.733264, L1(Flow): 0.683264, Reg: 0.050000
Iter 120 of 180 Loss: 0.756107, L1(Flow): 0.707568, Reg: 0.048538
Iter 130 of 180 Loss: 0.752153, L1(Flow): 0.702785, Reg: 0.049368
Iter 140 of 180 Loss: 0.751274, L1(Flow): 0.702657, Reg: 0.048616
Iter 150 of 180 Loss: 0.764222, L1(Flow): 0.717906, Reg: 0.046316
Iter 160 of 180 Loss: 0.707253, L1(Flow): 0.660617, Reg: 0.046636
Iter 170 of 180 Loss: 0.738571, L1(Flow): 0.687828, Reg: 0.050743
Iter 180 of 180 Loss: 0.736203, L1(Flow): 0.692978, Reg: 0.043224
Epoch 112 Loss: 0.747163
Epoch 112 Validation: Mean EPE: 2.4631, Mean SSIM: 0.4325, Mean ZNCC: 0.6015
Epoch 113 starts
Iter 10 of 180 Loss: 0.702413, L1(Flow): 0.655353, Reg: 0.047060
Iter 20 of 180 Loss: 0.768082, L1(Flow): 0.714493, Reg: 0.053590
Iter 30 of 180 Loss: 0.778777, L1(Flow): 0.724258, Reg: 0.054519
Iter 40 of 180 Loss: 0.749675, L1(Flow): 0.706072, Reg: 0.043604
Iter 50 of 180 Loss: 0.727669, L1(Flow): 0.678738, Reg: 0.048931
Iter 60 of 180 Loss: 0.694639, L1(Flow): 0.647333, Reg: 0.047307
Iter 70 of 180 Loss: 0.764318, L1(Flow): 0.716435, Reg: 0.047882
Iter 80 of 180 Loss: 0.757430, L1(Flow): 0.707811, Reg: 0.049619
Iter 90 of 180 Loss: 0.712807, L1(Flow): 0.669278, Reg: 0.043529
Iter 100 of 180 Loss: 0.716443, L1(Flow): 0.672634, Reg: 0.043809
Iter 110 of 180 Loss: 0.703904, L1(Flow): 0.658160, Reg: 0.045744
Iter 120 of 180 Loss: 0.703983, L1(Flow): 0.656536, Reg: 0.047447
Iter 130 of 180 Loss: 0.783732, L1(Flow): 0.735838, Reg: 0.047894
Iter 140 of 180 Loss: 0.724562, L1(Flow): 0.676653, Reg: 0.047909
Iter 150 of 180 Loss: 0.746597, L1(Flow): 0.697418, Reg: 0.049180
Iter 160 of 180 Loss: 0.742496, L1(Flow): 0.690636, Reg: 0.051860
Iter 170 of 180 Loss: 0.744657, L1(Flow): 0.692774, Reg: 0.051883
Iter 180 of 180 Loss: 0.765802, L1(Flow): 0.715429, Reg: 0.050373
Epoch 113 Loss: 0.747729
Epoch 113 Validation: Mean EPE: 2.4590, Mean SSIM: 0.4330, Mean ZNCC: 0.6018
Epoch 114 starts
Iter 10 of 180 Loss: 0.742263, L1(Flow): 0.692693, Reg: 0.049571
Iter 20 of 180 Loss: 0.748821, L1(Flow): 0.696375, Reg: 0.052445
Iter 30 of 180 Loss: 0.698528, L1(Flow): 0.653305, Reg: 0.045224
Iter 40 of 180 Loss: 0.788435, L1(Flow): 0.738285, Reg: 0.050150
Iter 50 of 180 Loss: 0.757379, L1(Flow): 0.707108, Reg: 0.050271
Iter 60 of 180 Loss: 0.781131, L1(Flow): 0.733049, Reg: 0.048082
Iter 70 of 180 Loss: 0.719116, L1(Flow): 0.672507, Reg: 0.046609
Iter 80 of 180 Loss: 0.766972, L1(Flow): 0.713349, Reg: 0.053623
Iter 90 of 180 Loss: 0.772542, L1(Flow): 0.725021, Reg: 0.047521
Iter 100 of 180 Loss: 0.739132, L1(Flow): 0.688437, Reg: 0.050696
Iter 110 of 180 Loss: 0.751683, L1(Flow): 0.704877, Reg: 0.046806
Iter 120 of 180 Loss: 0.716973, L1(Flow): 0.667055, Reg: 0.049918
Iter 130 of 180 Loss: 0.708416, L1(Flow): 0.665110, Reg: 0.043306
Iter 140 of 180 Loss: 0.742286, L1(Flow): 0.695091, Reg: 0.047194
Iter 150 of 180 Loss: 0.770897, L1(Flow): 0.718476, Reg: 0.052421
Iter 160 of 180 Loss: 0.746688, L1(Flow): 0.701504, Reg: 0.045185
Iter 170 of 180 Loss: 0.731854, L1(Flow): 0.682777, Reg: 0.049077
Iter 180 of 180 Loss: 0.757911, L1(Flow): 0.707830, Reg: 0.050081
Epoch 114 Loss: 0.745935
Epoch 114 Validation: Mean EPE: 2.4427, Mean SSIM: 0.4333, Mean ZNCC: 0.6020
--> Saved to Top 5 best models (EPE: 2.4427)
Epoch 115 starts
Iter 10 of 180 Loss: 0.768212, L1(Flow): 0.717139, Reg: 0.051073
Iter 20 of 180 Loss: 0.723761, L1(Flow): 0.676929, Reg: 0.046832
Iter 30 of 180 Loss: 0.694673, L1(Flow): 0.649737, Reg: 0.044936
Iter 40 of 180 Loss: 0.733476, L1(Flow): 0.682628, Reg: 0.050848
Iter 50 of 180 Loss: 0.769238, L1(Flow): 0.721512, Reg: 0.047727
Iter 60 of 180 Loss: 0.712999, L1(Flow): 0.666172, Reg: 0.046827
Iter 70 of 180 Loss: 0.699557, L1(Flow): 0.650271, Reg: 0.049285
Iter 80 of 180 Loss: 0.767401, L1(Flow): 0.714514, Reg: 0.052887
Iter 90 of 180 Loss: 0.782661, L1(Flow): 0.730824, Reg: 0.051837
Iter 100 of 180 Loss: 0.716568, L1(Flow): 0.669398, Reg: 0.047171
Iter 110 of 180 Loss: 0.746608, L1(Flow): 0.698732, Reg: 0.047876
Iter 120 of 180 Loss: 0.752466, L1(Flow): 0.706402, Reg: 0.046064
Iter 130 of 180 Loss: 0.712403, L1(Flow): 0.659781, Reg: 0.052621
Iter 140 of 180 Loss: 0.762925, L1(Flow): 0.710236, Reg: 0.052689
Iter 150 of 180 Loss: 0.752675, L1(Flow): 0.702769, Reg: 0.049906
Iter 160 of 180 Loss: 0.758358, L1(Flow): 0.703698, Reg: 0.054661
Iter 170 of 180 Loss: 0.744492, L1(Flow): 0.692633, Reg: 0.051859
Iter 180 of 180 Loss: 0.692620, L1(Flow): 0.648486, Reg: 0.044134
Epoch 115 Loss: 0.735166
Epoch 115 Validation: Mean EPE: 2.4329, Mean SSIM: 0.4337, Mean ZNCC: 0.6021
--> Saved to Top 5 best models (EPE: 2.4329)
--> New absolute BEST model updated with EPE: 2.4329
Epoch 116 starts
Iter 10 of 180 Loss: 0.720350, L1(Flow): 0.673836, Reg: 0.046514
Iter 20 of 180 Loss: 0.704547, L1(Flow): 0.661235, Reg: 0.043313
Iter 30 of 180 Loss: 0.719511, L1(Flow): 0.669342, Reg: 0.050169
Iter 40 of 180 Loss: 0.743397, L1(Flow): 0.693625, Reg: 0.049773
Iter 50 of 180 Loss: 0.734331, L1(Flow): 0.687148, Reg: 0.047184
Iter 60 of 180 Loss: 0.751971, L1(Flow): 0.701112, Reg: 0.050859
Iter 70 of 180 Loss: 0.713642, L1(Flow): 0.669155, Reg: 0.044487
Iter 80 of 180 Loss: 0.723752, L1(Flow): 0.672393, Reg: 0.051359
Iter 90 of 180 Loss: 0.734541, L1(Flow): 0.690622, Reg: 0.043919
Iter 100 of 180 Loss: 0.731161, L1(Flow): 0.678766, Reg: 0.052395
Iter 110 of 180 Loss: 0.742370, L1(Flow): 0.694812, Reg: 0.047558
Iter 120 of 180 Loss: 0.784272, L1(Flow): 0.734778, Reg: 0.049493
Iter 130 of 180 Loss: 0.786796, L1(Flow): 0.733693, Reg: 0.053103
Iter 140 of 180 Loss: 0.724969, L1(Flow): 0.675295, Reg: 0.049674
Iter 150 of 180 Loss: 0.759540, L1(Flow): 0.711941, Reg: 0.047599
Iter 160 of 180 Loss: 0.718843, L1(Flow): 0.672495, Reg: 0.046348
Iter 170 of 180 Loss: 0.701714, L1(Flow): 0.657047, Reg: 0.044667
Iter 180 of 180 Loss: 0.695242, L1(Flow): 0.646466, Reg: 0.048776
Epoch 116 Loss: 0.731241
Epoch 116 Validation: Mean EPE: 2.4487, Mean SSIM: 0.4337, Mean ZNCC: 0.6021
Epoch 117 starts
Iter 10 of 180 Loss: 0.722805, L1(Flow): 0.673310, Reg: 0.049495
Iter 20 of 180 Loss: 0.714781, L1(Flow): 0.664202, Reg: 0.050579
Iter 30 of 180 Loss: 0.761912, L1(Flow): 0.712932, Reg: 0.048980
Iter 40 of 180 Loss: 0.706135, L1(Flow): 0.658548, Reg: 0.047587
Iter 50 of 180 Loss: 0.689959, L1(Flow): 0.644478, Reg: 0.045481
Iter 60 of 180 Loss: 0.747095, L1(Flow): 0.698618, Reg: 0.048477
Iter 70 of 180 Loss: 0.712070, L1(Flow): 0.663024, Reg: 0.049046
Iter 80 of 180 Loss: 0.759485, L1(Flow): 0.708042, Reg: 0.051444
Iter 90 of 180 Loss: 0.749081, L1(Flow): 0.701835, Reg: 0.047247
Iter 100 of 180 Loss: 0.715022, L1(Flow): 0.669257, Reg: 0.045764
Iter 110 of 180 Loss: 0.779760, L1(Flow): 0.732517, Reg: 0.047243
Iter 120 of 180 Loss: 0.753344, L1(Flow): 0.701200, Reg: 0.052144
Iter 130 of 180 Loss: 0.797156, L1(Flow): 0.747646, Reg: 0.049510
Iter 140 of 180 Loss: 0.694256, L1(Flow): 0.649812, Reg: 0.044444
Iter 150 of 180 Loss: 0.718608, L1(Flow): 0.670104, Reg: 0.048505
Iter 160 of 180 Loss: 0.722200, L1(Flow): 0.675222, Reg: 0.046978
Iter 170 of 180 Loss: 0.762741, L1(Flow): 0.710882, Reg: 0.051859
Iter 180 of 180 Loss: 0.738542, L1(Flow): 0.687109, Reg: 0.051433
Epoch 117 Loss: 0.728676
Epoch 117 Validation: Mean EPE: 2.4554, Mean SSIM: 0.4331, Mean ZNCC: 0.6020
Epoch 118 starts
Iter 10 of 180 Loss: 0.733876, L1(Flow): 0.679379, Reg: 0.054496
Iter 20 of 180 Loss: 0.723782, L1(Flow): 0.676881, Reg: 0.046901
Iter 30 of 180 Loss: 0.676681, L1(Flow): 0.630482, Reg: 0.046199
Iter 40 of 180 Loss: 0.727521, L1(Flow): 0.679606, Reg: 0.047914
Iter 50 of 180 Loss: 0.733210, L1(Flow): 0.685895, Reg: 0.047314
Iter 60 of 180 Loss: 0.721223, L1(Flow): 0.674036, Reg: 0.047187
Iter 70 of 180 Loss: 0.687101, L1(Flow): 0.641659, Reg: 0.045443
Iter 80 of 180 Loss: 0.749497, L1(Flow): 0.700335, Reg: 0.049162
Iter 90 of 180 Loss: 0.737627, L1(Flow): 0.686841, Reg: 0.050786
Iter 100 of 180 Loss: 0.746701, L1(Flow): 0.695201, Reg: 0.051499
Iter 110 of 180 Loss: 0.753982, L1(Flow): 0.702079, Reg: 0.051903
Iter 120 of 180 Loss: 0.695074, L1(Flow): 0.649752, Reg: 0.045322
Iter 130 of 180 Loss: 0.741153, L1(Flow): 0.693951, Reg: 0.047203
Iter 140 of 180 Loss: 0.683597, L1(Flow): 0.638026, Reg: 0.045570
Iter 150 of 180 Loss: 0.725924, L1(Flow): 0.681180, Reg: 0.044743
Iter 160 of 180 Loss: 0.730204, L1(Flow): 0.680138, Reg: 0.050066
Iter 170 of 180 Loss: 0.705267, L1(Flow): 0.655930, Reg: 0.049337
Iter 180 of 180 Loss: 0.712873, L1(Flow): 0.665864, Reg: 0.047010
Epoch 118 Loss: 0.725245
Epoch 118 Validation: Mean EPE: 2.4452, Mean SSIM: 0.4333, Mean ZNCC: 0.6019
Epoch 119 starts
Iter 10 of 180 Loss: 0.723329, L1(Flow): 0.673758, Reg: 0.049570
Iter 20 of 180 Loss: 0.740731, L1(Flow): 0.687839, Reg: 0.052892
Iter 30 of 180 Loss: 0.693006, L1(Flow): 0.649703, Reg: 0.043303
Iter 40 of 180 Loss: 0.756397, L1(Flow): 0.704917, Reg: 0.051479
Iter 50 of 180 Loss: 0.728801, L1(Flow): 0.680402, Reg: 0.048399
Iter 60 of 180 Loss: 0.731886, L1(Flow): 0.682286, Reg: 0.049600
Iter 70 of 180 Loss: 0.686157, L1(Flow): 0.638932, Reg: 0.047225
Iter 80 of 180 Loss: 0.760591, L1(Flow): 0.710997, Reg: 0.049594
Iter 90 of 180 Loss: 0.689577, L1(Flow): 0.646551, Reg: 0.043026
Iter 100 of 180 Loss: 0.759576, L1(Flow): 0.708902, Reg: 0.050674
Iter 110 of 180 Loss: 0.710671, L1(Flow): 0.666205, Reg: 0.044466
Iter 120 of 180 Loss: 0.735706, L1(Flow): 0.688592, Reg: 0.047114
Iter 130 of 180 Loss: 0.754045, L1(Flow): 0.703816, Reg: 0.050229
Iter 140 of 180 Loss: 0.750800, L1(Flow): 0.700240, Reg: 0.050560
Iter 150 of 180 Loss: 0.666547, L1(Flow): 0.620919, Reg: 0.045629
Iter 160 of 180 Loss: 0.665407, L1(Flow): 0.619980, Reg: 0.045427
Iter 170 of 180 Loss: 0.770673, L1(Flow): 0.720544, Reg: 0.050129
Iter 180 of 180 Loss: 0.699039, L1(Flow): 0.647622, Reg: 0.051417
Epoch 119 Loss: 0.723553
Epoch 119 Validation: Mean EPE: 2.4353, Mean SSIM: 0.4335, Mean ZNCC: 0.6021
--> Saved to Top 5 best models (EPE: 2.4353)
Epoch 120 starts
Iter 10 of 180 Loss: 0.738789, L1(Flow): 0.692139, Reg: 0.046650
Iter 20 of 180 Loss: 0.718296, L1(Flow): 0.670376, Reg: 0.047921
Iter 30 of 180 Loss: 0.737888, L1(Flow): 0.688823, Reg: 0.049064
Iter 40 of 180 Loss: 0.749848, L1(Flow): 0.701194, Reg: 0.048654
Iter 50 of 180 Loss: 0.704087, L1(Flow): 0.659824, Reg: 0.044263
Iter 60 of 180 Loss: 0.734298, L1(Flow): 0.684566, Reg: 0.049732
Iter 70 of 180 Loss: 0.720648, L1(Flow): 0.671735, Reg: 0.048913
Iter 80 of 180 Loss: 0.744602, L1(Flow): 0.697545, Reg: 0.047057
Iter 90 of 180 Loss: 0.703853, L1(Flow): 0.657054, Reg: 0.046799
Iter 100 of 180 Loss: 0.705180, L1(Flow): 0.660136, Reg: 0.045044
Iter 110 of 180 Loss: 0.763192, L1(Flow): 0.710144, Reg: 0.053048
Iter 120 of 180 Loss: 0.770992, L1(Flow): 0.719789, Reg: 0.051203
Iter 130 of 180 Loss: 0.754158, L1(Flow): 0.701190, Reg: 0.052967
Iter 140 of 180 Loss: 0.756487, L1(Flow): 0.703096, Reg: 0.053391
Iter 150 of 180 Loss: 0.705747, L1(Flow): 0.662603, Reg: 0.043145
Iter 160 of 180 Loss: 0.702477, L1(Flow): 0.652334, Reg: 0.050143
Iter 170 of 180 Loss: 0.727728, L1(Flow): 0.678897, Reg: 0.048831
Iter 180 of 180 Loss: 0.733758, L1(Flow): 0.686207, Reg: 0.047551
Epoch 120 Loss: 0.725386
Epoch 120 Validation: Mean EPE: 2.4364, Mean SSIM: 0.4343, Mean ZNCC: 0.6022
--> Saved to Top 5 best models (EPE: 2.4364)
Epoch 121 starts
Iter 10 of 180 Loss: 0.701445, L1(Flow): 0.655256, Reg: 0.046189
Iter 20 of 180 Loss: 0.705987, L1(Flow): 0.659533, Reg: 0.046454
Iter 30 of 180 Loss: 0.749352, L1(Flow): 0.701315, Reg: 0.048037
Iter 40 of 180 Loss: 0.670881, L1(Flow): 0.622735, Reg: 0.048147
Iter 50 of 180 Loss: 0.691545, L1(Flow): 0.643328, Reg: 0.048217
Iter 60 of 180 Loss: 0.730199, L1(Flow): 0.679225, Reg: 0.050973
Iter 70 of 180 Loss: 0.739880, L1(Flow): 0.692730, Reg: 0.047150
Iter 80 of 180 Loss: 0.751424, L1(Flow): 0.703880, Reg: 0.047544
Iter 90 of 180 Loss: 0.719189, L1(Flow): 0.670192, Reg: 0.048997
Iter 100 of 180 Loss: 0.694634, L1(Flow): 0.652112, Reg: 0.042522
Iter 110 of 180 Loss: 0.740617, L1(Flow): 0.692371, Reg: 0.048247
Iter 120 of 180 Loss: 0.693433, L1(Flow): 0.646807, Reg: 0.046626
Iter 130 of 180 Loss: 0.728181, L1(Flow): 0.678767, Reg: 0.049414
Iter 140 of 180 Loss: 0.693526, L1(Flow): 0.645616, Reg: 0.047910
Iter 150 of 180 Loss: 0.683066, L1(Flow): 0.639216, Reg: 0.043850
Iter 160 of 180 Loss: 0.722928, L1(Flow): 0.672944, Reg: 0.049984
Iter 170 of 180 Loss: 0.706855, L1(Flow): 0.661977, Reg: 0.044878
Iter 180 of 180 Loss: 0.692912, L1(Flow): 0.647123, Reg: 0.045789
Epoch 121 Loss: 0.718193
Epoch 121 Validation: Mean EPE: 2.4454, Mean SSIM: 0.4338, Mean ZNCC: 0.6020
Epoch 122 starts
Iter 10 of 180 Loss: 0.660245, L1(Flow): 0.614138, Reg: 0.046107
Iter 20 of 180 Loss: 0.683883, L1(Flow): 0.636888, Reg: 0.046995
Iter 30 of 180 Loss: 0.724988, L1(Flow): 0.672207, Reg: 0.052781
Iter 40 of 180 Loss: 0.709939, L1(Flow): 0.661529, Reg: 0.048410
Iter 50 of 180 Loss: 0.708014, L1(Flow): 0.659531, Reg: 0.048483
Iter 60 of 180 Loss: 0.695941, L1(Flow): 0.652059, Reg: 0.043882
Iter 70 of 180 Loss: 0.674348, L1(Flow): 0.630704, Reg: 0.043644
Iter 80 of 180 Loss: 0.706780, L1(Flow): 0.658527, Reg: 0.048252
Iter 90 of 180 Loss: 0.706040, L1(Flow): 0.660675, Reg: 0.045365
Iter 100 of 180 Loss: 0.686818, L1(Flow): 0.639378, Reg: 0.047440
Iter 110 of 180 Loss: 0.704073, L1(Flow): 0.657073, Reg: 0.047000
Iter 120 of 180 Loss: 0.673703, L1(Flow): 0.628616, Reg: 0.045087
Iter 130 of 180 Loss: 0.747806, L1(Flow): 0.699617, Reg: 0.048188
Iter 140 of 180 Loss: 0.722325, L1(Flow): 0.672987, Reg: 0.049338
Iter 150 of 180 Loss: 0.723433, L1(Flow): 0.672332, Reg: 0.051101
Iter 160 of 180 Loss: 0.719757, L1(Flow): 0.672474, Reg: 0.047284
Iter 170 of 180 Loss: 0.738409, L1(Flow): 0.684467, Reg: 0.053942
Iter 180 of 180 Loss: 0.697242, L1(Flow): 0.648158, Reg: 0.049084
Epoch 122 Loss: 0.711920
Epoch 122 Validation: Mean EPE: 2.4390, Mean SSIM: 0.4346, Mean ZNCC: 0.6023
--> Saved to Top 5 best models (EPE: 2.4390)
Epoch 123 starts
Iter 10 of 180 Loss: 0.703424, L1(Flow): 0.652462, Reg: 0.050962
Iter 20 of 180 Loss: 0.708987, L1(Flow): 0.660393, Reg: 0.048594
Iter 30 of 180 Loss: 0.678156, L1(Flow): 0.630518, Reg: 0.047639
Iter 40 of 180 Loss: 0.698039, L1(Flow): 0.650409, Reg: 0.047630
Iter 50 of 180 Loss: 0.732287, L1(Flow): 0.679463, Reg: 0.052824
Iter 60 of 180 Loss: 0.691808, L1(Flow): 0.646125, Reg: 0.045683
Iter 70 of 180 Loss: 0.675007, L1(Flow): 0.627459, Reg: 0.047548
Iter 80 of 180 Loss: 0.776710, L1(Flow): 0.726912, Reg: 0.049798
Iter 90 of 180 Loss: 0.699148, L1(Flow): 0.652508, Reg: 0.046640
Iter 100 of 180 Loss: 0.713397, L1(Flow): 0.666106, Reg: 0.047291
Iter 110 of 180 Loss: 0.689342, L1(Flow): 0.638239, Reg: 0.051103
Iter 120 of 180 Loss: 0.726868, L1(Flow): 0.679762, Reg: 0.047105
Iter 130 of 180 Loss: 0.697811, L1(Flow): 0.646883, Reg: 0.050927
Iter 140 of 180 Loss: 0.694748, L1(Flow): 0.650957, Reg: 0.043791
Iter 150 of 180 Loss: 0.721271, L1(Flow): 0.673397, Reg: 0.047874
Iter 160 of 180 Loss: 0.698912, L1(Flow): 0.655013, Reg: 0.043898
Iter 170 of 180 Loss: 0.722229, L1(Flow): 0.675384, Reg: 0.046845
Iter 180 of 180 Loss: 0.677253, L1(Flow): 0.630634, Reg: 0.046619
Epoch 123 Loss: 0.706817
Epoch 123 Validation: Mean EPE: 2.4259, Mean SSIM: 0.4347, Mean ZNCC: 0.6024
--> Saved to Top 5 best models (EPE: 2.4259)
--> New absolute BEST model updated with EPE: 2.4259
Epoch 124 starts
Iter 10 of 180 Loss: 0.700161, L1(Flow): 0.651222, Reg: 0.048939
Iter 20 of 180 Loss: 0.671990, L1(Flow): 0.626488, Reg: 0.045502
Iter 30 of 180 Loss: 0.687494, L1(Flow): 0.640278, Reg: 0.047216
Iter 40 of 180 Loss: 0.721154, L1(Flow): 0.669728, Reg: 0.051426
Iter 50 of 180 Loss: 0.684403, L1(Flow): 0.636429, Reg: 0.047974
Iter 60 of 180 Loss: 0.706525, L1(Flow): 0.657728, Reg: 0.048798
Iter 70 of 180 Loss: 0.708732, L1(Flow): 0.661101, Reg: 0.047631
Iter 80 of 180 Loss: 0.693529, L1(Flow): 0.643896, Reg: 0.049633
Iter 90 of 180 Loss: 0.711667, L1(Flow): 0.660596, Reg: 0.051071
Iter 100 of 180 Loss: 0.706026, L1(Flow): 0.655757, Reg: 0.050270
Iter 110 of 180 Loss: 0.691103, L1(Flow): 0.644213, Reg: 0.046890
Iter 120 of 180 Loss: 0.709155, L1(Flow): 0.661495, Reg: 0.047660
Iter 130 of 180 Loss: 0.723698, L1(Flow): 0.677595, Reg: 0.046102
Iter 140 of 180 Loss: 0.672128, L1(Flow): 0.627017, Reg: 0.045112
Iter 150 of 180 Loss: 0.719858, L1(Flow): 0.670890, Reg: 0.048968
Iter 160 of 180 Loss: 0.741653, L1(Flow): 0.689962, Reg: 0.051691
Iter 170 of 180 Loss: 0.692185, L1(Flow): 0.647963, Reg: 0.044221
Iter 180 of 180 Loss: 0.734267, L1(Flow): 0.684540, Reg: 0.049727
Epoch 124 Loss: 0.701920
Epoch 124 Validation: Mean EPE: 2.4313, Mean SSIM: 0.4341, Mean ZNCC: 0.6022
--> Saved to Top 5 best models (EPE: 2.4313)
Epoch 125 starts
Iter 10 of 180 Loss: 0.705107, L1(Flow): 0.659078, Reg: 0.046029
Iter 20 of 180 Loss: 0.729835, L1(Flow): 0.676628, Reg: 0.053208
Iter 30 of 180 Loss: 0.703161, L1(Flow): 0.658883, Reg: 0.044278
Iter 40 of 180 Loss: 0.728903, L1(Flow): 0.678772, Reg: 0.050131
Iter 50 of 180 Loss: 0.685561, L1(Flow): 0.640334, Reg: 0.045226
Iter 60 of 180 Loss: 0.709569, L1(Flow): 0.658071, Reg: 0.051498
Iter 70 of 180 Loss: 0.731607, L1(Flow): 0.683153, Reg: 0.048454
Iter 80 of 180 Loss: 0.688698, L1(Flow): 0.637226, Reg: 0.051472
Iter 90 of 180 Loss: 0.716753, L1(Flow): 0.669972, Reg: 0.046781
Iter 100 of 180 Loss: 0.700527, L1(Flow): 0.656017, Reg: 0.044510
Iter 110 of 180 Loss: 0.706612, L1(Flow): 0.661579, Reg: 0.045033
Iter 120 of 180 Loss: 0.725899, L1(Flow): 0.680065, Reg: 0.045834
Iter 130 of 180 Loss: 0.661289, L1(Flow): 0.619784, Reg: 0.041504
Iter 140 of 180 Loss: 0.729003, L1(Flow): 0.684698, Reg: 0.044305
Iter 150 of 180 Loss: 0.637240, L1(Flow): 0.597017, Reg: 0.040223
Iter 160 of 180 Loss: 0.698312, L1(Flow): 0.651724, Reg: 0.046588
Iter 170 of 180 Loss: 0.692250, L1(Flow): 0.645684, Reg: 0.046567
Iter 180 of 180 Loss: 0.732423, L1(Flow): 0.683923, Reg: 0.048500
Epoch 125 Loss: 0.704048
Epoch 125 Validation: Mean EPE: 2.4400, Mean SSIM: 0.4339, Mean ZNCC: 0.6020
Epoch 126 starts
Iter 10 of 180 Loss: 0.710479, L1(Flow): 0.665338, Reg: 0.045140
Iter 20 of 180 Loss: 0.715342, L1(Flow): 0.665433, Reg: 0.049909
Iter 30 of 180 Loss: 0.696019, L1(Flow): 0.650765, Reg: 0.045254
Iter 40 of 180 Loss: 0.701810, L1(Flow): 0.651743, Reg: 0.050068
Iter 50 of 180 Loss: 0.695350, L1(Flow): 0.649392, Reg: 0.045958
Iter 60 of 180 Loss: 0.688107, L1(Flow): 0.644438, Reg: 0.043669
Iter 70 of 180 Loss: 0.669004, L1(Flow): 0.622175, Reg: 0.046829
Iter 80 of 180 Loss: 0.668852, L1(Flow): 0.622581, Reg: 0.046271
Iter 90 of 180 Loss: 0.727365, L1(Flow): 0.681270, Reg: 0.046095
Iter 100 of 180 Loss: 0.745249, L1(Flow): 0.691356, Reg: 0.053892
Iter 110 of 180 Loss: 0.727846, L1(Flow): 0.678388, Reg: 0.049458
Iter 120 of 180 Loss: 0.701448, L1(Flow): 0.655319, Reg: 0.046129
Iter 130 of 180 Loss: 0.727491, L1(Flow): 0.673866, Reg: 0.053625
Iter 140 of 180 Loss: 0.689414, L1(Flow): 0.647309, Reg: 0.042105
Iter 150 of 180 Loss: 0.689682, L1(Flow): 0.641868, Reg: 0.047815
Iter 160 of 180 Loss: 0.664329, L1(Flow): 0.618138, Reg: 0.046191
Iter 170 of 180 Loss: 0.675542, L1(Flow): 0.631713, Reg: 0.043828
Iter 180 of 180 Loss: 0.668904, L1(Flow): 0.623972, Reg: 0.044932
Epoch 126 Loss: 0.697785
Epoch 126 Validation: Mean EPE: 2.4293, Mean SSIM: 0.4348, Mean ZNCC: 0.6024
--> Saved to Top 5 best models (EPE: 2.4293)
Epoch 127 starts
Iter 10 of 180 Loss: 0.704170, L1(Flow): 0.655903, Reg: 0.048267
Iter 20 of 180 Loss: 0.685412, L1(Flow): 0.633707, Reg: 0.051705
Iter 30 of 180 Loss: 0.711498, L1(Flow): 0.661931, Reg: 0.049567
Iter 40 of 180 Loss: 0.728099, L1(Flow): 0.680052, Reg: 0.048047
Iter 50 of 180 Loss: 0.717864, L1(Flow): 0.670346, Reg: 0.047518
Iter 60 of 180 Loss: 0.736926, L1(Flow): 0.687032, Reg: 0.049894
Iter 70 of 180 Loss: 0.679134, L1(Flow): 0.629581, Reg: 0.049553
Iter 80 of 180 Loss: 0.656584, L1(Flow): 0.612002, Reg: 0.044582
Iter 90 of 180 Loss: 0.699084, L1(Flow): 0.649433, Reg: 0.049651
Iter 100 of 180 Loss: 0.734670, L1(Flow): 0.682869, Reg: 0.051801
Iter 110 of 180 Loss: 0.708805, L1(Flow): 0.660075, Reg: 0.048730
Iter 120 of 180 Loss: 0.753990, L1(Flow): 0.701710, Reg: 0.052280
Iter 130 of 180 Loss: 0.699583, L1(Flow): 0.650318, Reg: 0.049265
Iter 140 of 180 Loss: 0.785937, L1(Flow): 0.733489, Reg: 0.052448
Iter 150 of 180 Loss: 0.705282, L1(Flow): 0.660266, Reg: 0.045016
Iter 160 of 180 Loss: 0.757235, L1(Flow): 0.709919, Reg: 0.047315
Iter 170 of 180 Loss: 0.659242, L1(Flow): 0.612506, Reg: 0.046736
Iter 180 of 180 Loss: 0.704883, L1(Flow): 0.660936, Reg: 0.043947
Epoch 127 Loss: 0.694097
Epoch 127 Validation: Mean EPE: 2.4352, Mean SSIM: 0.4343, Mean ZNCC: 0.6023
--> Saved to Top 5 best models (EPE: 2.4352)
Epoch 128 starts
Iter 10 of 180 Loss: 0.732884, L1(Flow): 0.681179, Reg: 0.051705
Iter 20 of 180 Loss: 0.748639, L1(Flow): 0.700832, Reg: 0.047807
Iter 30 of 180 Loss: 0.661431, L1(Flow): 0.619510, Reg: 0.041921
Iter 40 of 180 Loss: 0.669173, L1(Flow): 0.625089, Reg: 0.044084
Iter 50 of 180 Loss: 0.678914, L1(Flow): 0.631828, Reg: 0.047085
Iter 60 of 180 Loss: 0.708851, L1(Flow): 0.657527, Reg: 0.051324
Iter 70 of 180 Loss: 0.723311, L1(Flow): 0.673651, Reg: 0.049660
Iter 80 of 180 Loss: 0.721811, L1(Flow): 0.677954, Reg: 0.043856
Iter 90 of 180 Loss: 0.715046, L1(Flow): 0.665770, Reg: 0.049277
Iter 100 of 180 Loss: 0.712537, L1(Flow): 0.663528, Reg: 0.049008
Iter 110 of 180 Loss: 0.683149, L1(Flow): 0.636914, Reg: 0.046235
Iter 120 of 180 Loss: 0.700149, L1(Flow): 0.651821, Reg: 0.048328
Iter 130 of 180 Loss: 0.677006, L1(Flow): 0.630592, Reg: 0.046414
Iter 140 of 180 Loss: 0.660865, L1(Flow): 0.615970, Reg: 0.044895
Iter 150 of 180 Loss: 0.702692, L1(Flow): 0.657452, Reg: 0.045241
Iter 160 of 180 Loss: 0.679485, L1(Flow): 0.635899, Reg: 0.043587
Iter 170 of 180 Loss: 0.682670, L1(Flow): 0.638492, Reg: 0.044179
Iter 180 of 180 Loss: 0.658796, L1(Flow): 0.612436, Reg: 0.046361
Epoch 128 Loss: 0.699050
Epoch 128 Validation: Mean EPE: 2.4505, Mean SSIM: 0.4335, Mean ZNCC: 0.6019
Epoch 129 starts
Iter 10 of 180 Loss: 0.695880, L1(Flow): 0.650348, Reg: 0.045533
Iter 20 of 180 Loss: 0.670526, L1(Flow): 0.624273, Reg: 0.046254
Iter 30 of 180 Loss: 0.700109, L1(Flow): 0.651345, Reg: 0.048764
Iter 40 of 180 Loss: 0.709491, L1(Flow): 0.662654, Reg: 0.046836
Iter 50 of 180 Loss: 0.702815, L1(Flow): 0.653963, Reg: 0.048852
Iter 60 of 180 Loss: 0.687240, L1(Flow): 0.644825, Reg: 0.042415
Iter 70 of 180 Loss: 0.683102, L1(Flow): 0.636798, Reg: 0.046303
Iter 80 of 180 Loss: 0.724975, L1(Flow): 0.674159, Reg: 0.050816
Iter 90 of 180 Loss: 0.684049, L1(Flow): 0.641533, Reg: 0.042516
Iter 100 of 180 Loss: 0.671011, L1(Flow): 0.624430, Reg: 0.046581
Iter 110 of 180 Loss: 0.724068, L1(Flow): 0.678053, Reg: 0.046015
Iter 120 of 180 Loss: 0.644922, L1(Flow): 0.600487, Reg: 0.044436
Iter 130 of 180 Loss: 0.728626, L1(Flow): 0.679479, Reg: 0.049146
Iter 140 of 180 Loss: 0.695009, L1(Flow): 0.649282, Reg: 0.045727
Iter 150 of 180 Loss: 0.708497, L1(Flow): 0.661258, Reg: 0.047239
Iter 160 of 180 Loss: 0.670452, L1(Flow): 0.623732, Reg: 0.046720
Iter 170 of 180 Loss: 0.717471, L1(Flow): 0.669463, Reg: 0.048007
Iter 180 of 180 Loss: 0.649960, L1(Flow): 0.606982, Reg: 0.042978
Epoch 129 Loss: 0.694940
Epoch 129 Validation: Mean EPE: 2.4443, Mean SSIM: 0.4351, Mean ZNCC: 0.6023
Epoch 130 starts
Iter 10 of 180 Loss: 0.674227, L1(Flow): 0.626245, Reg: 0.047982
Iter 20 of 180 Loss: 0.642480, L1(Flow): 0.598446, Reg: 0.044034
Iter 30 of 180 Loss: 0.736830, L1(Flow): 0.688313, Reg: 0.048517
Iter 40 of 180 Loss: 0.654795, L1(Flow): 0.606290, Reg: 0.048505
Iter 50 of 180 Loss: 0.641351, L1(Flow): 0.598334, Reg: 0.043017
Iter 60 of 180 Loss: 0.651921, L1(Flow): 0.606229, Reg: 0.045692
Iter 70 of 180 Loss: 0.660658, L1(Flow): 0.615912, Reg: 0.044745
Iter 80 of 180 Loss: 0.707068, L1(Flow): 0.660420, Reg: 0.046648
Iter 90 of 180 Loss: 0.685919, L1(Flow): 0.643132, Reg: 0.042787
Iter 100 of 180 Loss: 0.689424, L1(Flow): 0.644749, Reg: 0.044674
Iter 110 of 180 Loss: 0.699999, L1(Flow): 0.654188, Reg: 0.045811
Iter 120 of 180 Loss: 0.701513, L1(Flow): 0.652323, Reg: 0.049190
Iter 130 of 180 Loss: 0.724854, L1(Flow): 0.673163, Reg: 0.051691
Iter 140 of 180 Loss: 0.629894, L1(Flow): 0.589154, Reg: 0.040740
Iter 150 of 180 Loss: 0.676520, L1(Flow): 0.631146, Reg: 0.045374
Iter 160 of 180 Loss: 0.648689, L1(Flow): 0.603214, Reg: 0.045475
Iter 170 of 180 Loss: 0.711998, L1(Flow): 0.665511, Reg: 0.046487
Iter 180 of 180 Loss: 0.649296, L1(Flow): 0.603094, Reg: 0.046201
Epoch 130 Loss: 0.687707
Epoch 130 Validation: Mean EPE: 2.4393, Mean SSIM: 0.4345, Mean ZNCC: 0.6022
Epoch 131 starts
Iter 10 of 180 Loss: 0.686057, L1(Flow): 0.638415, Reg: 0.047642
Iter 20 of 180 Loss: 0.678087, L1(Flow): 0.630027, Reg: 0.048060
Iter 30 of 180 Loss: 0.666802, L1(Flow): 0.618617, Reg: 0.048184
Iter 40 of 180 Loss: 0.637098, L1(Flow): 0.591752, Reg: 0.045347
Iter 50 of 180 Loss: 0.650090, L1(Flow): 0.604538, Reg: 0.045552
Iter 60 of 180 Loss: 0.671975, L1(Flow): 0.627607, Reg: 0.044368
Iter 70 of 180 Loss: 0.690744, L1(Flow): 0.640739, Reg: 0.050004
Iter 80 of 180 Loss: 0.693718, L1(Flow): 0.648931, Reg: 0.044787
Iter 90 of 180 Loss: 0.667631, L1(Flow): 0.620856, Reg: 0.046775
Iter 100 of 180 Loss: 0.690467, L1(Flow): 0.640560, Reg: 0.049908
Iter 110 of 180 Loss: 0.673832, L1(Flow): 0.631338, Reg: 0.042494
Iter 120 of 180 Loss: 0.725938, L1(Flow): 0.675321, Reg: 0.050617
Iter 130 of 180 Loss: 0.683042, L1(Flow): 0.635641, Reg: 0.047401
Iter 140 of 180 Loss: 0.673754, L1(Flow): 0.630328, Reg: 0.043426
Iter 150 of 180 Loss: 0.683728, L1(Flow): 0.635060, Reg: 0.048667
Iter 160 of 180 Loss: 0.728419, L1(Flow): 0.681564, Reg: 0.046855
Iter 170 of 180 Loss: 0.719002, L1(Flow): 0.667767, Reg: 0.051235
Iter 180 of 180 Loss: 0.811812, L1(Flow): 0.760827, Reg: 0.050986
Epoch 131 Loss: 0.689076
Epoch 131 Validation: Mean EPE: 2.4257, Mean SSIM: 0.4348, Mean ZNCC: 0.6022
--> Saved to Top 5 best models (EPE: 2.4257)
--> New absolute BEST model updated with EPE: 2.4257
Epoch 132 starts
Iter 10 of 180 Loss: 0.720417, L1(Flow): 0.673653, Reg: 0.046764
Iter 20 of 180 Loss: 0.688551, L1(Flow): 0.637359, Reg: 0.051192
Iter 30 of 180 Loss: 0.691363, L1(Flow): 0.644414, Reg: 0.046949
Iter 40 of 180 Loss: 0.703299, L1(Flow): 0.654550, Reg: 0.048750
Iter 50 of 180 Loss: 0.731174, L1(Flow): 0.682459, Reg: 0.048714
Iter 60 of 180 Loss: 0.653448, L1(Flow): 0.607582, Reg: 0.045866
Iter 70 of 180 Loss: 0.703127, L1(Flow): 0.655501, Reg: 0.047625
Iter 80 of 180 Loss: 0.670646, L1(Flow): 0.625517, Reg: 0.045129
Iter 90 of 180 Loss: 0.703313, L1(Flow): 0.651280, Reg: 0.052033
Iter 100 of 180 Loss: 0.672987, L1(Flow): 0.621512, Reg: 0.051476
Iter 110 of 180 Loss: 0.682151, L1(Flow): 0.634141, Reg: 0.048010
Iter 120 of 180 Loss: 0.656929, L1(Flow): 0.614883, Reg: 0.042046
Iter 130 of 180 Loss: 0.697714, L1(Flow): 0.651842, Reg: 0.045872
Iter 140 of 180 Loss: 0.661572, L1(Flow): 0.612439, Reg: 0.049133
Iter 150 of 180 Loss: 0.672607, L1(Flow): 0.628584, Reg: 0.044023
Iter 160 of 180 Loss: 0.707538, L1(Flow): 0.660427, Reg: 0.047111
Iter 170 of 180 Loss: 0.708859, L1(Flow): 0.662419, Reg: 0.046440
Iter 180 of 180 Loss: 0.685299, L1(Flow): 0.641376, Reg: 0.043923
Epoch 132 Loss: 0.685057
Epoch 132 Validation: Mean EPE: 2.4431, Mean SSIM: 0.4342, Mean ZNCC: 0.6020
Epoch 133 starts
Iter 10 of 180 Loss: 0.680872, L1(Flow): 0.629440, Reg: 0.051432
Iter 20 of 180 Loss: 0.662352, L1(Flow): 0.617406, Reg: 0.044946
Iter 30 of 180 Loss: 0.668848, L1(Flow): 0.625372, Reg: 0.043476
Iter 40 of 180 Loss: 0.713112, L1(Flow): 0.663937, Reg: 0.049175
Iter 50 of 180 Loss: 0.667453, L1(Flow): 0.622190, Reg: 0.045263
Iter 60 of 180 Loss: 0.724765, L1(Flow): 0.671796, Reg: 0.052969
Iter 70 of 180 Loss: 0.689040, L1(Flow): 0.646130, Reg: 0.042910
Iter 80 of 180 Loss: 0.657265, L1(Flow): 0.610927, Reg: 0.046338
Iter 90 of 180 Loss: 0.657017, L1(Flow): 0.610628, Reg: 0.046388
Iter 100 of 180 Loss: 0.693163, L1(Flow): 0.645017, Reg: 0.048146
Iter 110 of 180 Loss: 0.674512, L1(Flow): 0.626138, Reg: 0.048375
Iter 120 of 180 Loss: 0.694848, L1(Flow): 0.649888, Reg: 0.044960
Iter 130 of 180 Loss: 0.691791, L1(Flow): 0.645556, Reg: 0.046235
Iter 140 of 180 Loss: 0.689542, L1(Flow): 0.644956, Reg: 0.044587
Iter 150 of 180 Loss: 0.639194, L1(Flow): 0.598076, Reg: 0.041118
Iter 160 of 180 Loss: 0.701319, L1(Flow): 0.654118, Reg: 0.047201
Iter 170 of 180 Loss: 0.647579, L1(Flow): 0.604976, Reg: 0.042604
Iter 180 of 180 Loss: 0.663826, L1(Flow): 0.616471, Reg: 0.047355
Epoch 133 Loss: 0.679123
Epoch 133 Validation: Mean EPE: 2.4281, Mean SSIM: 0.4350, Mean ZNCC: 0.6024
--> Saved to Top 5 best models (EPE: 2.4281)
Epoch 134 starts
Iter 10 of 180 Loss: 0.682180, L1(Flow): 0.637239, Reg: 0.044941
Iter 20 of 180 Loss: 0.708081, L1(Flow): 0.663353, Reg: 0.044728
Iter 30 of 180 Loss: 0.659176, L1(Flow): 0.613214, Reg: 0.045962
Iter 40 of 180 Loss: 0.671703, L1(Flow): 0.627067, Reg: 0.044636
Iter 50 of 180 Loss: 0.668587, L1(Flow): 0.624387, Reg: 0.044200
Iter 60 of 180 Loss: 0.669670, L1(Flow): 0.628166, Reg: 0.041504
Iter 70 of 180 Loss: 0.676171, L1(Flow): 0.628880, Reg: 0.047291
Iter 80 of 180 Loss: 0.685451, L1(Flow): 0.640205, Reg: 0.045247
Iter 90 of 180 Loss: 0.658869, L1(Flow): 0.617227, Reg: 0.041642
Iter 100 of 180 Loss: 0.680829, L1(Flow): 0.631400, Reg: 0.049429
Iter 110 of 180 Loss: 0.655002, L1(Flow): 0.611641, Reg: 0.043361
Iter 120 of 180 Loss: 0.646283, L1(Flow): 0.597782, Reg: 0.048500
Iter 130 of 180 Loss: 0.717900, L1(Flow): 0.666753, Reg: 0.051148
Iter 140 of 180 Loss: 0.675567, L1(Flow): 0.629097, Reg: 0.046471
Iter 150 of 180 Loss: 0.685104, L1(Flow): 0.639334, Reg: 0.045770
Iter 160 of 180 Loss: 0.711720, L1(Flow): 0.663829, Reg: 0.047891
Iter 170 of 180 Loss: 0.676585, L1(Flow): 0.626224, Reg: 0.050361
Iter 180 of 180 Loss: 0.667477, L1(Flow): 0.616663, Reg: 0.050814
Epoch 134 Loss: 0.677651
Epoch 134 Validation: Mean EPE: 2.4276, Mean SSIM: 0.4349, Mean ZNCC: 0.6024
--> Saved to Top 5 best models (EPE: 2.4276)
Epoch 135 starts
Iter 10 of 180 Loss: 0.730026, L1(Flow): 0.681134, Reg: 0.048892
Iter 20 of 180 Loss: 0.654211, L1(Flow): 0.610094, Reg: 0.044117
Iter 30 of 180 Loss: 0.670474, L1(Flow): 0.622699, Reg: 0.047775
Iter 40 of 180 Loss: 0.688783, L1(Flow): 0.645538, Reg: 0.043245
Iter 50 of 180 Loss: 0.635538, L1(Flow): 0.589860, Reg: 0.045678
Iter 60 of 180 Loss: 0.682804, L1(Flow): 0.636752, Reg: 0.046052
Iter 70 of 180 Loss: 0.669096, L1(Flow): 0.618521, Reg: 0.050576
Iter 80 of 180 Loss: 0.689439, L1(Flow): 0.641856, Reg: 0.047583
Iter 90 of 180 Loss: 0.650723, L1(Flow): 0.605407, Reg: 0.045316
Iter 100 of 180 Loss: 0.652162, L1(Flow): 0.607753, Reg: 0.044409
Iter 110 of 180 Loss: 0.669518, L1(Flow): 0.618918, Reg: 0.050600
Iter 120 of 180 Loss: 0.663981, L1(Flow): 0.619353, Reg: 0.044629
Iter 130 of 180 Loss: 0.679578, L1(Flow): 0.632175, Reg: 0.047403
Iter 140 of 180 Loss: 0.675953, L1(Flow): 0.629336, Reg: 0.046617
Iter 150 of 180 Loss: 0.687719, L1(Flow): 0.641270, Reg: 0.046448
Iter 160 of 180 Loss: 0.703538, L1(Flow): 0.653690, Reg: 0.049848
Iter 170 of 180 Loss: 0.678847, L1(Flow): 0.635499, Reg: 0.043348
Iter 180 of 180 Loss: 0.655056, L1(Flow): 0.611167, Reg: 0.043889
Epoch 135 Loss: 0.669952
Epoch 135 Validation: Mean EPE: 2.4296, Mean SSIM: 0.4355, Mean ZNCC: 0.6024
Epoch 136 starts
Iter 10 of 180 Loss: 0.665341, L1(Flow): 0.623520, Reg: 0.041821
Iter 20 of 180 Loss: 0.717322, L1(Flow): 0.667331, Reg: 0.049990
Iter 30 of 180 Loss: 0.664890, L1(Flow): 0.617300, Reg: 0.047590
Iter 40 of 180 Loss: 0.635022, L1(Flow): 0.592548, Reg: 0.042474
Iter 50 of 180 Loss: 0.669522, L1(Flow): 0.622631, Reg: 0.046892
Iter 60 of 180 Loss: 0.634261, L1(Flow): 0.588218, Reg: 0.046044
Iter 70 of 180 Loss: 0.648142, L1(Flow): 0.606143, Reg: 0.041999
Iter 80 of 180 Loss: 0.677098, L1(Flow): 0.627846, Reg: 0.049252
Iter 90 of 180 Loss: 0.744893, L1(Flow): 0.691835, Reg: 0.053058
Iter 100 of 180 Loss: 0.702845, L1(Flow): 0.651352, Reg: 0.051494
Iter 110 of 180 Loss: 0.685814, L1(Flow): 0.637918, Reg: 0.047896
Iter 120 of 180 Loss: 0.663098, L1(Flow): 0.617438, Reg: 0.045660
Iter 130 of 180 Loss: 0.694828, L1(Flow): 0.648324, Reg: 0.046504
Iter 140 of 180 Loss: 0.640454, L1(Flow): 0.594154, Reg: 0.046300
Iter 150 of 180 Loss: 0.717995, L1(Flow): 0.668151, Reg: 0.049845
Iter 160 of 180 Loss: 0.665430, L1(Flow): 0.621583, Reg: 0.043846
Iter 170 of 180 Loss: 0.667697, L1(Flow): 0.621650, Reg: 0.046047
Iter 180 of 180 Loss: 0.626731, L1(Flow): 0.583170, Reg: 0.043561
Epoch 136 Loss: 0.671623
Epoch 136 Validation: Mean EPE: 2.4327, Mean SSIM: 0.4349, Mean ZNCC: 0.6022
Epoch 137 starts
Iter 10 of 180 Loss: 0.670583, L1(Flow): 0.624060, Reg: 0.046523
Iter 20 of 180 Loss: 0.657408, L1(Flow): 0.610864, Reg: 0.046544
Iter 30 of 180 Loss: 0.656414, L1(Flow): 0.613167, Reg: 0.043246
Iter 40 of 180 Loss: 0.640070, L1(Flow): 0.590471, Reg: 0.049599
Iter 50 of 180 Loss: 0.668787, L1(Flow): 0.623099, Reg: 0.045688
Iter 60 of 180 Loss: 0.609123, L1(Flow): 0.567195, Reg: 0.041928
Iter 70 of 180 Loss: 0.654338, L1(Flow): 0.614638, Reg: 0.039700
Iter 80 of 180 Loss: 0.661755, L1(Flow): 0.615807, Reg: 0.045947
Iter 90 of 180 Loss: 0.685903, L1(Flow): 0.636504, Reg: 0.049398
Iter 100 of 180 Loss: 0.659267, L1(Flow): 0.610806, Reg: 0.048461
Iter 110 of 180 Loss: 0.706179, L1(Flow): 0.658735, Reg: 0.047444
Iter 120 of 180 Loss: 0.671524, L1(Flow): 0.623221, Reg: 0.048302
Iter 130 of 180 Loss: 0.669267, L1(Flow): 0.621001, Reg: 0.048266
Iter 140 of 180 Loss: 0.644167, L1(Flow): 0.599744, Reg: 0.044422
Iter 150 of 180 Loss: 0.634570, L1(Flow): 0.594956, Reg: 0.039614
Iter 160 of 180 Loss: 0.713751, L1(Flow): 0.664037, Reg: 0.049715
Iter 170 of 180 Loss: 0.701501, L1(Flow): 0.656689, Reg: 0.044811
Iter 180 of 180 Loss: 0.707533, L1(Flow): 0.661410, Reg: 0.046123
Epoch 137 Loss: 0.668763
Epoch 137 Validation: Mean EPE: 2.4330, Mean SSIM: 0.4348, Mean ZNCC: 0.6024
Epoch 138 starts
Iter 10 of 180 Loss: 0.650865, L1(Flow): 0.606430, Reg: 0.044435
Iter 20 of 180 Loss: 0.768244, L1(Flow): 0.721745, Reg: 0.046499
Iter 30 of 180 Loss: 0.662270, L1(Flow): 0.617726, Reg: 0.044545
Iter 40 of 180 Loss: 0.629132, L1(Flow): 0.586104, Reg: 0.043029
Iter 50 of 180 Loss: 0.660787, L1(Flow): 0.609845, Reg: 0.050942
Iter 60 of 180 Loss: 0.717193, L1(Flow): 0.667513, Reg: 0.049680
Iter 70 of 180 Loss: 0.687434, L1(Flow): 0.639309, Reg: 0.048125
Iter 80 of 180 Loss: 0.665342, L1(Flow): 0.618197, Reg: 0.047145
Iter 90 of 180 Loss: 0.650247, L1(Flow): 0.602406, Reg: 0.047841
Iter 100 of 180 Loss: 0.661362, L1(Flow): 0.616989, Reg: 0.044373
Iter 110 of 180 Loss: 0.674238, L1(Flow): 0.627935, Reg: 0.046302
Iter 120 of 180 Loss: 0.631405, L1(Flow): 0.587754, Reg: 0.043651
Iter 130 of 180 Loss: 0.701070, L1(Flow): 0.652289, Reg: 0.048780
Iter 140 of 180 Loss: 0.732207, L1(Flow): 0.681340, Reg: 0.050867
Iter 150 of 180 Loss: 0.631289, L1(Flow): 0.587014, Reg: 0.044275
Iter 160 of 180 Loss: 0.689549, L1(Flow): 0.645840, Reg: 0.043709
Iter 170 of 180 Loss: 0.687731, L1(Flow): 0.637677, Reg: 0.050054
Iter 180 of 180 Loss: 0.715590, L1(Flow): 0.665208, Reg: 0.050381
Epoch 138 Loss: 0.665746
Epoch 138 Validation: Mean EPE: 2.4248, Mean SSIM: 0.4351, Mean ZNCC: 0.6023
--> Saved to Top 5 best models (EPE: 2.4248)
--> New absolute BEST model updated with EPE: 2.4248
Epoch 139 starts
Iter 10 of 180 Loss: 0.666156, L1(Flow): 0.620232, Reg: 0.045924
Iter 20 of 180 Loss: 0.682890, L1(Flow): 0.631582, Reg: 0.051307
Iter 30 of 180 Loss: 0.653219, L1(Flow): 0.609792, Reg: 0.043427
Iter 40 of 180 Loss: 0.671729, L1(Flow): 0.627553, Reg: 0.044177
Iter 50 of 180 Loss: 0.685382, L1(Flow): 0.637861, Reg: 0.047520
Iter 60 of 180 Loss: 0.687791, L1(Flow): 0.639129, Reg: 0.048662
Iter 70 of 180 Loss: 0.684783, L1(Flow): 0.632813, Reg: 0.051970
Iter 80 of 180 Loss: 0.645917, L1(Flow): 0.600488, Reg: 0.045429
Iter 90 of 180 Loss: 0.648881, L1(Flow): 0.607193, Reg: 0.041688
Iter 100 of 180 Loss: 0.721167, L1(Flow): 0.667822, Reg: 0.053345
Iter 110 of 180 Loss: 0.669325, L1(Flow): 0.627859, Reg: 0.041466
Iter 120 of 180 Loss: 0.692060, L1(Flow): 0.644475, Reg: 0.047585
Iter 130 of 180 Loss: 0.665954, L1(Flow): 0.617590, Reg: 0.048364
Iter 140 of 180 Loss: 0.709046, L1(Flow): 0.662561, Reg: 0.046486
Iter 150 of 180 Loss: 0.702999, L1(Flow): 0.655049, Reg: 0.047950
Iter 160 of 180 Loss: 0.665619, L1(Flow): 0.619886, Reg: 0.045733
Iter 170 of 180 Loss: 0.639625, L1(Flow): 0.594429, Reg: 0.045195
Iter 180 of 180 Loss: 0.714518, L1(Flow): 0.673215, Reg: 0.041304
Epoch 139 Loss: 0.669642
Epoch 139 Validation: Mean EPE: 2.4251, Mean SSIM: 0.4354, Mean ZNCC: 0.6025
--> Saved to Top 5 best models (EPE: 2.4251)
Epoch 140 starts
Iter 10 of 180 Loss: 0.663481, L1(Flow): 0.614347, Reg: 0.049134
Iter 20 of 180 Loss: 0.716253, L1(Flow): 0.667256, Reg: 0.048997
Iter 30 of 180 Loss: 0.659956, L1(Flow): 0.613623, Reg: 0.046333
Iter 40 of 180 Loss: 0.686792, L1(Flow): 0.637108, Reg: 0.049684
Iter 50 of 180 Loss: 0.702349, L1(Flow): 0.657142, Reg: 0.045207
Iter 60 of 180 Loss: 0.671236, L1(Flow): 0.622176, Reg: 0.049061
Iter 70 of 180 Loss: 0.653817, L1(Flow): 0.609102, Reg: 0.044715
Iter 80 of 180 Loss: 0.660119, L1(Flow): 0.612660, Reg: 0.047459
Iter 90 of 180 Loss: 0.652040, L1(Flow): 0.605504, Reg: 0.046536
Iter 100 of 180 Loss: 0.700035, L1(Flow): 0.649754, Reg: 0.050281
Iter 110 of 180 Loss: 0.663732, L1(Flow): 0.616728, Reg: 0.047004
Iter 120 of 180 Loss: 0.638593, L1(Flow): 0.594269, Reg: 0.044324
Iter 130 of 180 Loss: 0.697888, L1(Flow): 0.650194, Reg: 0.047695
Iter 140 of 180 Loss: 0.642808, L1(Flow): 0.595722, Reg: 0.047086
Iter 150 of 180 Loss: 0.643599, L1(Flow): 0.595897, Reg: 0.047702
Iter 160 of 180 Loss: 0.680640, L1(Flow): 0.632862, Reg: 0.047779
Iter 170 of 180 Loss: 0.644789, L1(Flow): 0.602380, Reg: 0.042409
Iter 180 of 180 Loss: 0.606855, L1(Flow): 0.563242, Reg: 0.043613
Epoch 140 Loss: 0.664075
Epoch 140 Validation: Mean EPE: 2.4294, Mean SSIM: 0.4352, Mean ZNCC: 0.6026
Epoch 141 starts
Iter 10 of 180 Loss: 0.666550, L1(Flow): 0.621551, Reg: 0.044999
Iter 20 of 180 Loss: 0.680132, L1(Flow): 0.631469, Reg: 0.048663
Iter 30 of 180 Loss: 0.659864, L1(Flow): 0.615822, Reg: 0.044041
Iter 40 of 180 Loss: 0.662739, L1(Flow): 0.614201, Reg: 0.048538
Iter 50 of 180 Loss: 0.649630, L1(Flow): 0.606593, Reg: 0.043038
Iter 60 of 180 Loss: 0.632692, L1(Flow): 0.588776, Reg: 0.043916
Iter 70 of 180 Loss: 0.661100, L1(Flow): 0.617351, Reg: 0.043749
Iter 80 of 180 Loss: 0.641208, L1(Flow): 0.598359, Reg: 0.042849
Iter 90 of 180 Loss: 0.677418, L1(Flow): 0.632376, Reg: 0.045043
Iter 100 of 180 Loss: 0.623122, L1(Flow): 0.580248, Reg: 0.042873
Iter 110 of 180 Loss: 0.639665, L1(Flow): 0.592850, Reg: 0.046815
Iter 120 of 180 Loss: 0.663539, L1(Flow): 0.615195, Reg: 0.048343
Iter 130 of 180 Loss: 0.643646, L1(Flow): 0.597521, Reg: 0.046125
Iter 140 of 180 Loss: 0.664471, L1(Flow): 0.620323, Reg: 0.044148
Iter 150 of 180 Loss: 0.668331, L1(Flow): 0.621551, Reg: 0.046780
Iter 160 of 180 Loss: 0.676291, L1(Flow): 0.628658, Reg: 0.047633
Iter 170 of 180 Loss: 0.635596, L1(Flow): 0.590012, Reg: 0.045584
Iter 180 of 180 Loss: 0.635335, L1(Flow): 0.594187, Reg: 0.041148
Epoch 141 Loss: 0.654896
Epoch 141 Validation: Mean EPE: 2.4316, Mean SSIM: 0.4348, Mean ZNCC: 0.6023
Epoch 142 starts
Iter 10 of 180 Loss: 0.697348, L1(Flow): 0.648003, Reg: 0.049346
Iter 20 of 180 Loss: 0.619367, L1(Flow): 0.580754, Reg: 0.038614
Iter 30 of 180 Loss: 0.682544, L1(Flow): 0.635546, Reg: 0.046998
Iter 40 of 180 Loss: 0.651426, L1(Flow): 0.605568, Reg: 0.045857
Iter 50 of 180 Loss: 0.662934, L1(Flow): 0.615008, Reg: 0.047926
Iter 60 of 180 Loss: 0.660281, L1(Flow): 0.611078, Reg: 0.049203
Iter 70 of 180 Loss: 0.637275, L1(Flow): 0.593334, Reg: 0.043940
Iter 80 of 180 Loss: 0.625135, L1(Flow): 0.582452, Reg: 0.042683
Iter 90 of 180 Loss: 0.621684, L1(Flow): 0.579909, Reg: 0.041774
Iter 100 of 180 Loss: 0.692409, L1(Flow): 0.645964, Reg: 0.046445
Iter 110 of 180 Loss: 0.633141, L1(Flow): 0.589244, Reg: 0.043897
Iter 120 of 180 Loss: 0.646285, L1(Flow): 0.603753, Reg: 0.042532
Iter 130 of 180 Loss: 0.714992, L1(Flow): 0.668396, Reg: 0.046596
Iter 140 of 180 Loss: 0.665355, L1(Flow): 0.617692, Reg: 0.047663
Iter 150 of 180 Loss: 0.650725, L1(Flow): 0.600804, Reg: 0.049921
Iter 160 of 180 Loss: 0.658152, L1(Flow): 0.612736, Reg: 0.045415
Iter 170 of 180 Loss: 0.666086, L1(Flow): 0.617983, Reg: 0.048103
Iter 180 of 180 Loss: 0.654290, L1(Flow): 0.606474, Reg: 0.047817
Epoch 142 Loss: 0.657121
Epoch 142 Validation: Mean EPE: 2.4316, Mean SSIM: 0.4357, Mean ZNCC: 0.6025
Epoch 143 starts
Iter 10 of 180 Loss: 0.689757, L1(Flow): 0.638460, Reg: 0.051297
Iter 20 of 180 Loss: 0.666169, L1(Flow): 0.617546, Reg: 0.048623
Iter 30 of 180 Loss: 0.640257, L1(Flow): 0.597640, Reg: 0.042617
Iter 40 of 180 Loss: 0.661554, L1(Flow): 0.610930, Reg: 0.050624
Iter 50 of 180 Loss: 0.668512, L1(Flow): 0.621751, Reg: 0.046761
Iter 60 of 180 Loss: 0.660655, L1(Flow): 0.610711, Reg: 0.049944
Iter 70 of 180 Loss: 0.666150, L1(Flow): 0.618151, Reg: 0.047999
Iter 80 of 180 Loss: 0.681540, L1(Flow): 0.640145, Reg: 0.041394
Iter 90 of 180 Loss: 0.660222, L1(Flow): 0.611274, Reg: 0.048948
Iter 100 of 180 Loss: 0.657681, L1(Flow): 0.612373, Reg: 0.045308
Iter 110 of 180 Loss: 0.678373, L1(Flow): 0.632138, Reg: 0.046236
Iter 120 of 180 Loss: 0.642223, L1(Flow): 0.596919, Reg: 0.045305
Iter 130 of 180 Loss: 0.618946, L1(Flow): 0.574211, Reg: 0.044735
Iter 140 of 180 Loss: 0.701662, L1(Flow): 0.657625, Reg: 0.044037
Iter 150 of 180 Loss: 0.647349, L1(Flow): 0.601440, Reg: 0.045909
Iter 160 of 180 Loss: 0.623796, L1(Flow): 0.584305, Reg: 0.039490
Iter 170 of 180 Loss: 0.660540, L1(Flow): 0.615726, Reg: 0.044813
Iter 180 of 180 Loss: 0.673773, L1(Flow): 0.627533, Reg: 0.046240
Epoch 143 Loss: 0.657164
Epoch 143 Validation: Mean EPE: 2.4311, Mean SSIM: 0.4349, Mean ZNCC: 0.6023
Epoch 144 starts
Iter 10 of 180 Loss: 0.641003, L1(Flow): 0.592704, Reg: 0.048299
Iter 20 of 180 Loss: 0.626193, L1(Flow): 0.583946, Reg: 0.042246
Iter 30 of 180 Loss: 0.669586, L1(Flow): 0.624264, Reg: 0.045322
Iter 40 of 180 Loss: 0.653745, L1(Flow): 0.611173, Reg: 0.042573
Iter 50 of 180 Loss: 0.638648, L1(Flow): 0.593655, Reg: 0.044993
Iter 60 of 180 Loss: 0.655311, L1(Flow): 0.608749, Reg: 0.046561
Iter 70 of 180 Loss: 0.676389, L1(Flow): 0.631288, Reg: 0.045101
Iter 80 of 180 Loss: 0.653566, L1(Flow): 0.608490, Reg: 0.045077
Iter 90 of 180 Loss: 0.629182, L1(Flow): 0.585510, Reg: 0.043673
Iter 100 of 180 Loss: 0.662059, L1(Flow): 0.614345, Reg: 0.047715
Iter 110 of 180 Loss: 0.658108, L1(Flow): 0.610688, Reg: 0.047419
Iter 120 of 180 Loss: 0.676813, L1(Flow): 0.632598, Reg: 0.044216
Iter 130 of 180 Loss: 0.655580, L1(Flow): 0.611870, Reg: 0.043710
Iter 140 of 180 Loss: 0.641256, L1(Flow): 0.596682, Reg: 0.044574
Iter 150 of 180 Loss: 0.686519, L1(Flow): 0.639260, Reg: 0.047259
Iter 160 of 180 Loss: 0.645937, L1(Flow): 0.598619, Reg: 0.047318
Iter 170 of 180 Loss: 0.683048, L1(Flow): 0.633270, Reg: 0.049778
Iter 180 of 180 Loss: 0.715432, L1(Flow): 0.668385, Reg: 0.047047
Epoch 144 Loss: 0.655773
Epoch 144 Validation: Mean EPE: 2.4379, Mean SSIM: 0.4347, Mean ZNCC: 0.6024
Epoch 145 starts
Iter 10 of 180 Loss: 0.637748, L1(Flow): 0.589573, Reg: 0.048175
Iter 20 of 180 Loss: 0.627442, L1(Flow): 0.583156, Reg: 0.044286
Iter 30 of 180 Loss: 0.684212, L1(Flow): 0.633503, Reg: 0.050708
Iter 40 of 180 Loss: 0.660687, L1(Flow): 0.615566, Reg: 0.045121
Iter 50 of 180 Loss: 0.637258, L1(Flow): 0.591994, Reg: 0.045264
Iter 60 of 180 Loss: 0.640393, L1(Flow): 0.593724, Reg: 0.046668
Iter 70 of 180 Loss: 0.626934, L1(Flow): 0.583573, Reg: 0.043361
Iter 80 of 180 Loss: 0.643742, L1(Flow): 0.596884, Reg: 0.046859
Iter 90 of 180 Loss: 0.640254, L1(Flow): 0.596187, Reg: 0.044067
Iter 100 of 180 Loss: 0.655727, L1(Flow): 0.608224, Reg: 0.047503
Iter 110 of 180 Loss: 0.589545, L1(Flow): 0.547860, Reg: 0.041684
Iter 120 of 180 Loss: 0.648990, L1(Flow): 0.602003, Reg: 0.046987
Iter 130 of 180 Loss: 0.637242, L1(Flow): 0.591650, Reg: 0.045592
Iter 140 of 180 Loss: 0.630748, L1(Flow): 0.586655, Reg: 0.044093
Iter 150 of 180 Loss: 0.605713, L1(Flow): 0.562285, Reg: 0.043428
Iter 160 of 180 Loss: 0.661703, L1(Flow): 0.613724, Reg: 0.047979
Iter 170 of 180 Loss: 0.654922, L1(Flow): 0.612041, Reg: 0.042881
Iter 180 of 180 Loss: 0.681763, L1(Flow): 0.634214, Reg: 0.047550
Epoch 145 Loss: 0.650628
Epoch 145 Validation: Mean EPE: 2.4428, Mean SSIM: 0.4349, Mean ZNCC: 0.6024
Epoch 146 starts
Iter 10 of 180 Loss: 0.623189, L1(Flow): 0.581343, Reg: 0.041846
Iter 20 of 180 Loss: 0.676080, L1(Flow): 0.632330, Reg: 0.043750
Iter 30 of 180 Loss: 0.685544, L1(Flow): 0.636802, Reg: 0.048742
Iter 40 of 180 Loss: 0.655557, L1(Flow): 0.609722, Reg: 0.045835
Iter 50 of 180 Loss: 0.649589, L1(Flow): 0.602488, Reg: 0.047101
Iter 60 of 180 Loss: 0.604033, L1(Flow): 0.563843, Reg: 0.040191
Iter 70 of 180 Loss: 0.624684, L1(Flow): 0.583418, Reg: 0.041265
Iter 80 of 180 Loss: 0.622817, L1(Flow): 0.577808, Reg: 0.045010
Iter 90 of 180 Loss: 0.648003, L1(Flow): 0.601429, Reg: 0.046574
Iter 100 of 180 Loss: 0.633678, L1(Flow): 0.588542, Reg: 0.045136
Iter 110 of 180 Loss: 0.666156, L1(Flow): 0.618728, Reg: 0.047428
Iter 120 of 180 Loss: 0.637839, L1(Flow): 0.597865, Reg: 0.039974
Iter 130 of 180 Loss: 0.630926, L1(Flow): 0.584409, Reg: 0.046516
Iter 140 of 180 Loss: 0.656402, L1(Flow): 0.613179, Reg: 0.043222
Iter 150 of 180 Loss: 0.637526, L1(Flow): 0.591944, Reg: 0.045582
Iter 160 of 180 Loss: 0.645151, L1(Flow): 0.598250, Reg: 0.046900
Iter 170 of 180 Loss: 0.663411, L1(Flow): 0.616574, Reg: 0.046836
Iter 180 of 180 Loss: 0.709180, L1(Flow): 0.659501, Reg: 0.049678
Epoch 146 Loss: 0.646770
Epoch 146 Validation: Mean EPE: 2.4222, Mean SSIM: 0.4352, Mean ZNCC: 0.6024
--> Saved to Top 5 best models (EPE: 2.4222)
--> New absolute BEST model updated with EPE: 2.4222
Epoch 147 starts
Iter 10 of 180 Loss: 0.677724, L1(Flow): 0.633245, Reg: 0.044479
Iter 20 of 180 Loss: 0.674563, L1(Flow): 0.624527, Reg: 0.050035
Iter 30 of 180 Loss: 0.709350, L1(Flow): 0.661651, Reg: 0.047699
Iter 40 of 180 Loss: 0.663607, L1(Flow): 0.618536, Reg: 0.045071
Iter 50 of 180 Loss: 0.635381, L1(Flow): 0.592747, Reg: 0.042635
Iter 60 of 180 Loss: 0.592187, L1(Flow): 0.550324, Reg: 0.041863
Iter 70 of 180 Loss: 0.637814, L1(Flow): 0.592186, Reg: 0.045627
Iter 80 of 180 Loss: 0.708375, L1(Flow): 0.662943, Reg: 0.045432
Iter 90 of 180 Loss: 0.645375, L1(Flow): 0.598321, Reg: 0.047055
Iter 100 of 180 Loss: 0.658870, L1(Flow): 0.611186, Reg: 0.047684
Iter 110 of 180 Loss: 0.626485, L1(Flow): 0.583482, Reg: 0.043003
Iter 120 of 180 Loss: 0.601583, L1(Flow): 0.560181, Reg: 0.041402
Iter 130 of 180 Loss: 0.686623, L1(Flow): 0.641794, Reg: 0.044829
Iter 140 of 180 Loss: 0.628792, L1(Flow): 0.582790, Reg: 0.046002
Iter 150 of 180 Loss: 0.721783, L1(Flow): 0.674475, Reg: 0.047308
Iter 160 of 180 Loss: 0.634420, L1(Flow): 0.590060, Reg: 0.044361
Iter 170 of 180 Loss: 0.638620, L1(Flow): 0.593085, Reg: 0.045535
Iter 180 of 180 Loss: 0.635349, L1(Flow): 0.589244, Reg: 0.046106
Epoch 147 Loss: 0.648071
Epoch 147 Validation: Mean EPE: 2.4236, Mean SSIM: 0.4355, Mean ZNCC: 0.6026
--> Saved to Top 5 best models (EPE: 2.4236)
Epoch 148 starts
Iter 10 of 180 Loss: 0.648397, L1(Flow): 0.602417, Reg: 0.045980
Iter 20 of 180 Loss: 0.676617, L1(Flow): 0.628097, Reg: 0.048520
Iter 30 of 180 Loss: 0.649208, L1(Flow): 0.603402, Reg: 0.045806
Iter 40 of 180 Loss: 0.624702, L1(Flow): 0.580072, Reg: 0.044630
Iter 50 of 180 Loss: 0.642653, L1(Flow): 0.594938, Reg: 0.047715
Iter 60 of 180 Loss: 0.650457, L1(Flow): 0.601701, Reg: 0.048756
Iter 70 of 180 Loss: 0.630275, L1(Flow): 0.583855, Reg: 0.046420
Iter 80 of 180 Loss: 0.646029, L1(Flow): 0.599102, Reg: 0.046927
Iter 90 of 180 Loss: 0.593584, L1(Flow): 0.552344, Reg: 0.041240
Iter 100 of 180 Loss: 0.677365, L1(Flow): 0.627650, Reg: 0.049715
Iter 110 of 180 Loss: 0.630424, L1(Flow): 0.585972, Reg: 0.044452
Iter 120 of 180 Loss: 0.642154, L1(Flow): 0.597094, Reg: 0.045061
Iter 130 of 180 Loss: 0.639795, L1(Flow): 0.591691, Reg: 0.048103
Iter 140 of 180 Loss: 0.646097, L1(Flow): 0.598098, Reg: 0.047999
Iter 150 of 180 Loss: 0.616616, L1(Flow): 0.573035, Reg: 0.043581
Iter 160 of 180 Loss: 0.685250, L1(Flow): 0.639762, Reg: 0.045488
Iter 170 of 180 Loss: 0.688475, L1(Flow): 0.641580, Reg: 0.046896
Iter 180 of 180 Loss: 0.635948, L1(Flow): 0.587943, Reg: 0.048005
Epoch 148 Loss: 0.646014
Epoch 148 Validation: Mean EPE: 2.4368, Mean SSIM: 0.4352, Mean ZNCC: 0.6022
Epoch 149 starts
Iter 10 of 180 Loss: 0.653130, L1(Flow): 0.606804, Reg: 0.046327
Iter 20 of 180 Loss: 0.685291, L1(Flow): 0.636877, Reg: 0.048414
Iter 30 of 180 Loss: 0.648655, L1(Flow): 0.603951, Reg: 0.044704
Iter 40 of 180 Loss: 0.642505, L1(Flow): 0.597874, Reg: 0.044631
Iter 50 of 180 Loss: 0.690457, L1(Flow): 0.644429, Reg: 0.046028
Iter 60 of 180 Loss: 0.661095, L1(Flow): 0.616058, Reg: 0.045037
Iter 70 of 180 Loss: 0.612260, L1(Flow): 0.571115, Reg: 0.041145
Iter 80 of 180 Loss: 0.594388, L1(Flow): 0.550571, Reg: 0.043816
Iter 90 of 180 Loss: 0.659681, L1(Flow): 0.616313, Reg: 0.043368
Iter 100 of 180 Loss: 0.597198, L1(Flow): 0.553956, Reg: 0.043242
Iter 110 of 180 Loss: 0.658336, L1(Flow): 0.611056, Reg: 0.047281
Iter 120 of 180 Loss: 0.600307, L1(Flow): 0.555366, Reg: 0.044941
Iter 130 of 180 Loss: 0.615691, L1(Flow): 0.572175, Reg: 0.043516
Iter 140 of 180 Loss: 0.658776, L1(Flow): 0.613484, Reg: 0.045292
Iter 150 of 180 Loss: 0.604392, L1(Flow): 0.563030, Reg: 0.041362
Iter 160 of 180 Loss: 0.631649, L1(Flow): 0.584965, Reg: 0.046683
Iter 170 of 180 Loss: 0.636629, L1(Flow): 0.593083, Reg: 0.043546
Iter 180 of 180 Loss: 0.686267, L1(Flow): 0.638080, Reg: 0.048187
Epoch 149 Loss: 0.643500
Epoch 149 Validation: Mean EPE: 2.4468, Mean SSIM: 0.4345, Mean ZNCC: 0.6019
Epoch 150 starts
Iter 10 of 180 Loss: 0.619543, L1(Flow): 0.578005, Reg: 0.041538
Iter 20 of 180 Loss: 0.665498, L1(Flow): 0.621266, Reg: 0.044232
Iter 30 of 180 Loss: 0.629917, L1(Flow): 0.589095, Reg: 0.040823
Iter 40 of 180 Loss: 0.655975, L1(Flow): 0.609124, Reg: 0.046851
Iter 50 of 180 Loss: 0.638313, L1(Flow): 0.592849, Reg: 0.045465
Iter 60 of 180 Loss: 0.647629, L1(Flow): 0.604326, Reg: 0.043304
Iter 70 of 180 Loss: 0.634095, L1(Flow): 0.588561, Reg: 0.045534
Iter 80 of 180 Loss: 0.669460, L1(Flow): 0.623601, Reg: 0.045859
Iter 90 of 180 Loss: 0.637794, L1(Flow): 0.592914, Reg: 0.044880
Iter 100 of 180 Loss: 0.627291, L1(Flow): 0.583222, Reg: 0.044070
Iter 110 of 180 Loss: 0.647336, L1(Flow): 0.598604, Reg: 0.048732
Iter 120 of 180 Loss: 0.631882, L1(Flow): 0.586362, Reg: 0.045520
Iter 130 of 180 Loss: 0.630129, L1(Flow): 0.585425, Reg: 0.044705
Iter 140 of 180 Loss: 0.630685, L1(Flow): 0.584571, Reg: 0.046113
Iter 150 of 180 Loss: 0.653614, L1(Flow): 0.606279, Reg: 0.047335
Iter 160 of 180 Loss: 0.623409, L1(Flow): 0.580026, Reg: 0.043383
Iter 170 of 180 Loss: 0.689369, L1(Flow): 0.639219, Reg: 0.050150
Iter 180 of 180 Loss: 0.642872, L1(Flow): 0.599364, Reg: 0.043508
Epoch 150 Loss: 0.641873
Epoch 150 Validation: Mean EPE: 2.4232, Mean SSIM: 0.4352, Mean ZNCC: 0.6025
--> Saved to Top 5 best models (EPE: 2.4232)
Epoch 151 starts
Iter 10 of 180 Loss: 0.645159, L1(Flow): 0.599567, Reg: 0.045592
Iter 20 of 180 Loss: 0.620554, L1(Flow): 0.578418, Reg: 0.042136
Iter 30 of 180 Loss: 0.670544, L1(Flow): 0.627351, Reg: 0.043193
Iter 40 of 180 Loss: 0.653259, L1(Flow): 0.608488, Reg: 0.044771
Iter 50 of 180 Loss: 0.618388, L1(Flow): 0.575569, Reg: 0.042819
Iter 60 of 180 Loss: 0.599976, L1(Flow): 0.558187, Reg: 0.041789
Iter 70 of 180 Loss: 0.671157, L1(Flow): 0.622881, Reg: 0.048276
Iter 80 of 180 Loss: 0.686183, L1(Flow): 0.643229, Reg: 0.042954
Iter 90 of 180 Loss: 0.647035, L1(Flow): 0.601555, Reg: 0.045480
Iter 100 of 180 Loss: 0.654932, L1(Flow): 0.608630, Reg: 0.046301
Iter 110 of 180 Loss: 0.652333, L1(Flow): 0.605077, Reg: 0.047255
Iter 120 of 180 Loss: 0.686285, L1(Flow): 0.641228, Reg: 0.045056
Iter 130 of 180 Loss: 0.667246, L1(Flow): 0.617846, Reg: 0.049401
Iter 140 of 180 Loss: 0.619505, L1(Flow): 0.574714, Reg: 0.044791
Iter 150 of 180 Loss: 0.634639, L1(Flow): 0.590091, Reg: 0.044548
Iter 160 of 180 Loss: 0.666551, L1(Flow): 0.617725, Reg: 0.048826
Iter 170 of 180 Loss: 0.663723, L1(Flow): 0.616794, Reg: 0.046930
Iter 180 of 180 Loss: 0.571491, L1(Flow): 0.531330, Reg: 0.040162
Epoch 151 Loss: 0.637788
Epoch 151 Validation: Mean EPE: 2.4242, Mean SSIM: 0.4360, Mean ZNCC: 0.6025
--> Saved to Top 5 best models (EPE: 2.4242)
Epoch 152 starts
Iter 10 of 180 Loss: 0.611479, L1(Flow): 0.564846, Reg: 0.046633
Iter 20 of 180 Loss: 0.628339, L1(Flow): 0.580354, Reg: 0.047985
Iter 30 of 180 Loss: 0.629338, L1(Flow): 0.584065, Reg: 0.045273
Iter 40 of 180 Loss: 0.657697, L1(Flow): 0.612617, Reg: 0.045080
Iter 50 of 180 Loss: 0.607853, L1(Flow): 0.563706, Reg: 0.044148
Iter 60 of 180 Loss: 0.615231, L1(Flow): 0.570293, Reg: 0.044938
Iter 70 of 180 Loss: 0.649730, L1(Flow): 0.603791, Reg: 0.045939
Iter 80 of 180 Loss: 0.638061, L1(Flow): 0.592890, Reg: 0.045171
Iter 90 of 180 Loss: 0.642120, L1(Flow): 0.598780, Reg: 0.043341
Iter 100 of 180 Loss: 0.683412, L1(Flow): 0.635654, Reg: 0.047758
Iter 110 of 180 Loss: 0.611781, L1(Flow): 0.569301, Reg: 0.042479
Iter 120 of 180 Loss: 0.636083, L1(Flow): 0.592336, Reg: 0.043748
Iter 130 of 180 Loss: 0.647123, L1(Flow): 0.605678, Reg: 0.041445
Iter 140 of 180 Loss: 0.632192, L1(Flow): 0.584766, Reg: 0.047427
Iter 150 of 180 Loss: 0.643399, L1(Flow): 0.596790, Reg: 0.046609
Iter 160 of 180 Loss: 0.658783, L1(Flow): 0.610403, Reg: 0.048380
Iter 170 of 180 Loss: 0.614190, L1(Flow): 0.570409, Reg: 0.043781
Iter 180 of 180 Loss: 0.669214, L1(Flow): 0.620993, Reg: 0.048221
Epoch 152 Loss: 0.637121
Epoch 152 Validation: Mean EPE: 2.4375, Mean SSIM: 0.4349, Mean ZNCC: 0.6021
Epoch 153 starts
Iter 10 of 180 Loss: 0.610023, L1(Flow): 0.564602, Reg: 0.045422
Iter 20 of 180 Loss: 0.618168, L1(Flow): 0.574811, Reg: 0.043357
Iter 30 of 180 Loss: 0.622162, L1(Flow): 0.577650, Reg: 0.044512
Iter 40 of 180 Loss: 0.689285, L1(Flow): 0.645008, Reg: 0.044276
Iter 50 of 180 Loss: 0.636497, L1(Flow): 0.591218, Reg: 0.045279
Iter 60 of 180 Loss: 0.608562, L1(Flow): 0.567826, Reg: 0.040735
Iter 70 of 180 Loss: 0.665850, L1(Flow): 0.620511, Reg: 0.045339
Iter 80 of 180 Loss: 0.662219, L1(Flow): 0.613569, Reg: 0.048649
Iter 90 of 180 Loss: 0.658115, L1(Flow): 0.608926, Reg: 0.049189
Iter 100 of 180 Loss: 0.672649, L1(Flow): 0.623124, Reg: 0.049525
Iter 110 of 180 Loss: 0.638281, L1(Flow): 0.595361, Reg: 0.042920
Iter 120 of 180 Loss: 0.608388, L1(Flow): 0.562883, Reg: 0.045505
Iter 130 of 180 Loss: 0.628161, L1(Flow): 0.588311, Reg: 0.039850
Iter 140 of 180 Loss: 0.603649, L1(Flow): 0.558939, Reg: 0.044710
Iter 150 of 180 Loss: 0.638843, L1(Flow): 0.596407, Reg: 0.042437
Iter 160 of 180 Loss: 0.613438, L1(Flow): 0.573624, Reg: 0.039814
Iter 170 of 180 Loss: 0.599796, L1(Flow): 0.559147, Reg: 0.040649
Iter 180 of 180 Loss: 0.621378, L1(Flow): 0.575587, Reg: 0.045790
Epoch 153 Loss: 0.638042
Epoch 153 Validation: Mean EPE: 2.4222, Mean SSIM: 0.4361, Mean ZNCC: 0.6026
--> Saved to Top 5 best models (EPE: 2.4222)
Epoch 154 starts
Iter 10 of 180 Loss: 0.621914, L1(Flow): 0.580910, Reg: 0.041004
Iter 20 of 180 Loss: 0.618528, L1(Flow): 0.575548, Reg: 0.042980
Iter 30 of 180 Loss: 0.632155, L1(Flow): 0.581479, Reg: 0.050676
Iter 40 of 180 Loss: 0.624798, L1(Flow): 0.582409, Reg: 0.042390
Iter 50 of 180 Loss: 0.642427, L1(Flow): 0.594805, Reg: 0.047623
Iter 60 of 180 Loss: 0.631580, L1(Flow): 0.585376, Reg: 0.046204
Iter 70 of 180 Loss: 0.634257, L1(Flow): 0.591461, Reg: 0.042796
Iter 80 of 180 Loss: 0.639382, L1(Flow): 0.592458, Reg: 0.046924
Iter 90 of 180 Loss: 0.633777, L1(Flow): 0.588166, Reg: 0.045611
Iter 100 of 180 Loss: 0.617296, L1(Flow): 0.571227, Reg: 0.046069
Iter 110 of 180 Loss: 0.634579, L1(Flow): 0.592460, Reg: 0.042120
Iter 120 of 180 Loss: 0.651614, L1(Flow): 0.607818, Reg: 0.043796
Iter 130 of 180 Loss: 0.650989, L1(Flow): 0.601622, Reg: 0.049367
Iter 140 of 180 Loss: 0.645891, L1(Flow): 0.604218, Reg: 0.041674
Iter 150 of 180 Loss: 0.656768, L1(Flow): 0.608509, Reg: 0.048258
Iter 160 of 180 Loss: 0.611081, L1(Flow): 0.565029, Reg: 0.046051
Iter 170 of 180 Loss: 0.592910, L1(Flow): 0.550335, Reg: 0.042575
Iter 180 of 180 Loss: 0.662672, L1(Flow): 0.613972, Reg: 0.048700
Epoch 154 Loss: 0.637513
Epoch 154 Validation: Mean EPE: 2.4204, Mean SSIM: 0.4362, Mean ZNCC: 0.6027
--> Saved to Top 5 best models (EPE: 2.4204)
--> New absolute BEST model updated with EPE: 2.4204
Epoch 155 starts
Iter 10 of 180 Loss: 0.612741, L1(Flow): 0.567320, Reg: 0.045421
Iter 20 of 180 Loss: 0.660867, L1(Flow): 0.614899, Reg: 0.045968
Iter 30 of 180 Loss: 0.620818, L1(Flow): 0.577249, Reg: 0.043569
Iter 40 of 180 Loss: 0.621344, L1(Flow): 0.575765, Reg: 0.045580
Iter 50 of 180 Loss: 0.654480, L1(Flow): 0.607879, Reg: 0.046602
Iter 60 of 180 Loss: 0.611900, L1(Flow): 0.567901, Reg: 0.043999
Iter 70 of 180 Loss: 0.629465, L1(Flow): 0.584463, Reg: 0.045002
Iter 80 of 180 Loss: 0.581482, L1(Flow): 0.539916, Reg: 0.041566
Iter 90 of 180 Loss: 0.700977, L1(Flow): 0.653632, Reg: 0.047345
Iter 100 of 180 Loss: 0.626236, L1(Flow): 0.582308, Reg: 0.043928
Iter 110 of 180 Loss: 0.585594, L1(Flow): 0.541597, Reg: 0.043997
Iter 120 of 180 Loss: 0.631439, L1(Flow): 0.585065, Reg: 0.046373
Iter 130 of 180 Loss: 0.622972, L1(Flow): 0.580283, Reg: 0.042689
Iter 140 of 180 Loss: 0.596313, L1(Flow): 0.554084, Reg: 0.042229
Iter 150 of 180 Loss: 0.648345, L1(Flow): 0.604224, Reg: 0.044122
Iter 160 of 180 Loss: 0.652758, L1(Flow): 0.608522, Reg: 0.044236
Iter 170 of 180 Loss: 0.594893, L1(Flow): 0.551758, Reg: 0.043136
Iter 180 of 180 Loss: 0.628298, L1(Flow): 0.583246, Reg: 0.045052
Epoch 155 Loss: 0.627771
Epoch 155 Validation: Mean EPE: 2.4196, Mean SSIM: 0.4362, Mean ZNCC: 0.6027
--> Saved to Top 5 best models (EPE: 2.4196)
--> New absolute BEST model updated with EPE: 2.4196
Epoch 156 starts
Iter 10 of 180 Loss: 0.679845, L1(Flow): 0.634001, Reg: 0.045844
Iter 20 of 180 Loss: 0.628669, L1(Flow): 0.581246, Reg: 0.047423
Iter 30 of 180 Loss: 0.581798, L1(Flow): 0.543066, Reg: 0.038732
Iter 40 of 180 Loss: 0.639467, L1(Flow): 0.592952, Reg: 0.046515
Iter 50 of 180 Loss: 0.580245, L1(Flow): 0.541455, Reg: 0.038790
Iter 60 of 180 Loss: 0.618135, L1(Flow): 0.573499, Reg: 0.044636
Iter 70 of 180 Loss: 0.655340, L1(Flow): 0.608787, Reg: 0.046553
Iter 80 of 180 Loss: 0.624608, L1(Flow): 0.580931, Reg: 0.043678
Iter 90 of 180 Loss: 0.615144, L1(Flow): 0.572945, Reg: 0.042199
Iter 100 of 180 Loss: 0.627719, L1(Flow): 0.583597, Reg: 0.044123
Iter 110 of 180 Loss: 0.639814, L1(Flow): 0.596358, Reg: 0.043456
Iter 120 of 180 Loss: 0.656976, L1(Flow): 0.612067, Reg: 0.044909
Iter 130 of 180 Loss: 0.655326, L1(Flow): 0.609806, Reg: 0.045520
Iter 140 of 180 Loss: 0.653770, L1(Flow): 0.608983, Reg: 0.044787
Iter 150 of 180 Loss: 0.626447, L1(Flow): 0.581796, Reg: 0.044651
Iter 160 of 180 Loss: 0.615745, L1(Flow): 0.572948, Reg: 0.042797
Iter 170 of 180 Loss: 0.601967, L1(Flow): 0.557051, Reg: 0.044916
Iter 180 of 180 Loss: 0.677582, L1(Flow): 0.634028, Reg: 0.043554
Epoch 156 Loss: 0.625961
Epoch 156 Validation: Mean EPE: 2.4306, Mean SSIM: 0.4355, Mean ZNCC: 0.6024
Epoch 157 starts
Iter 10 of 180 Loss: 0.670547, L1(Flow): 0.619565, Reg: 0.050982
Iter 20 of 180 Loss: 0.640661, L1(Flow): 0.597922, Reg: 0.042740
Iter 30 of 180 Loss: 0.646022, L1(Flow): 0.595716, Reg: 0.050306
Iter 40 of 180 Loss: 0.607561, L1(Flow): 0.563279, Reg: 0.044282
Iter 50 of 180 Loss: 0.607015, L1(Flow): 0.566006, Reg: 0.041009
Iter 60 of 180 Loss: 0.609241, L1(Flow): 0.563047, Reg: 0.046193
Iter 70 of 180 Loss: 0.637615, L1(Flow): 0.588338, Reg: 0.049277
Iter 80 of 180 Loss: 0.605212, L1(Flow): 0.563523, Reg: 0.041690
Iter 90 of 180 Loss: 0.628207, L1(Flow): 0.584380, Reg: 0.043827
Iter 100 of 180 Loss: 0.613624, L1(Flow): 0.570574, Reg: 0.043050
Iter 110 of 180 Loss: 0.624050, L1(Flow): 0.582555, Reg: 0.041495
Iter 120 of 180 Loss: 0.613109, L1(Flow): 0.569062, Reg: 0.044047
Iter 130 of 180 Loss: 0.603310, L1(Flow): 0.563229, Reg: 0.040081
Iter 140 of 180 Loss: 0.623441, L1(Flow): 0.576590, Reg: 0.046851
Iter 150 of 180 Loss: 0.607922, L1(Flow): 0.564578, Reg: 0.043344
Iter 160 of 180 Loss: 0.611059, L1(Flow): 0.566681, Reg: 0.044377
Iter 170 of 180 Loss: 0.609530, L1(Flow): 0.565987, Reg: 0.043543
Iter 180 of 180 Loss: 0.610904, L1(Flow): 0.568368, Reg: 0.042536
Epoch 157 Loss: 0.625754
Epoch 157 Validation: Mean EPE: 2.4218, Mean SSIM: 0.4359, Mean ZNCC: 0.6026
--> Saved to Top 5 best models (EPE: 2.4218)
Epoch 158 starts
Iter 10 of 180 Loss: 0.621689, L1(Flow): 0.578617, Reg: 0.043073
Iter 20 of 180 Loss: 0.640266, L1(Flow): 0.590714, Reg: 0.049552
Iter 30 of 180 Loss: 0.601255, L1(Flow): 0.556633, Reg: 0.044622
Iter 40 of 180 Loss: 0.597445, L1(Flow): 0.556497, Reg: 0.040948
Iter 50 of 180 Loss: 0.602324, L1(Flow): 0.559014, Reg: 0.043310
Iter 60 of 180 Loss: 0.636515, L1(Flow): 0.590731, Reg: 0.045784
Iter 70 of 180 Loss: 0.682311, L1(Flow): 0.636500, Reg: 0.045812
Iter 80 of 180 Loss: 0.603261, L1(Flow): 0.561558, Reg: 0.041703
Iter 90 of 180 Loss: 0.601778, L1(Flow): 0.558967, Reg: 0.042811
Iter 100 of 180 Loss: 0.636491, L1(Flow): 0.592095, Reg: 0.044397
Iter 110 of 180 Loss: 0.622127, L1(Flow): 0.578174, Reg: 0.043953
Iter 120 of 180 Loss: 0.667989, L1(Flow): 0.623239, Reg: 0.044750
Iter 130 of 180 Loss: 0.591499, L1(Flow): 0.551540, Reg: 0.039959
Iter 140 of 180 Loss: 0.580992, L1(Flow): 0.539046, Reg: 0.041946
Iter 150 of 180 Loss: 0.613041, L1(Flow): 0.572167, Reg: 0.040874
Iter 160 of 180 Loss: 0.615208, L1(Flow): 0.571624, Reg: 0.043584
Iter 170 of 180 Loss: 0.598733, L1(Flow): 0.557383, Reg: 0.041350
Iter 180 of 180 Loss: 0.596809, L1(Flow): 0.556519, Reg: 0.040290
Epoch 158 Loss: 0.625932
Epoch 158 Validation: Mean EPE: 2.4127, Mean SSIM: 0.4361, Mean ZNCC: 0.6028
--> Saved to Top 5 best models (EPE: 2.4127)
--> New absolute BEST model updated with EPE: 2.4127
Epoch 159 starts
Iter 10 of 180 Loss: 0.588312, L1(Flow): 0.547776, Reg: 0.040536
Iter 20 of 180 Loss: 0.635189, L1(Flow): 0.592655, Reg: 0.042534
Iter 30 of 180 Loss: 0.599399, L1(Flow): 0.558060, Reg: 0.041339
Iter 40 of 180 Loss: 0.623038, L1(Flow): 0.575817, Reg: 0.047221
Iter 50 of 180 Loss: 0.616999, L1(Flow): 0.568589, Reg: 0.048410
Iter 60 of 180 Loss: 0.585442, L1(Flow): 0.542774, Reg: 0.042668
Iter 70 of 180 Loss: 0.602879, L1(Flow): 0.561110, Reg: 0.041769
Iter 80 of 180 Loss: 0.583256, L1(Flow): 0.541400, Reg: 0.041857
Iter 90 of 180 Loss: 0.608868, L1(Flow): 0.565320, Reg: 0.043548
Iter 100 of 180 Loss: 0.593690, L1(Flow): 0.550111, Reg: 0.043579
Iter 110 of 180 Loss: 0.580695, L1(Flow): 0.540564, Reg: 0.040131
Iter 120 of 180 Loss: 0.627229, L1(Flow): 0.583718, Reg: 0.043512
Iter 130 of 180 Loss: 0.590352, L1(Flow): 0.547710, Reg: 0.042642
Iter 140 of 180 Loss: 0.680201, L1(Flow): 0.635865, Reg: 0.044336
Iter 150 of 180 Loss: 0.581062, L1(Flow): 0.540229, Reg: 0.040833
Iter 160 of 180 Loss: 0.650257, L1(Flow): 0.604467, Reg: 0.045790
Iter 170 of 180 Loss: 0.633684, L1(Flow): 0.587109, Reg: 0.046575
Iter 180 of 180 Loss: 0.588816, L1(Flow): 0.548694, Reg: 0.040122
Epoch 159 Loss: 0.619374
Epoch 159 Validation: Mean EPE: 2.4246, Mean SSIM: 0.4360, Mean ZNCC: 0.6028
Epoch 160 starts
Iter 10 of 180 Loss: 0.644435, L1(Flow): 0.600582, Reg: 0.043853
Iter 20 of 180 Loss: 0.602499, L1(Flow): 0.562071, Reg: 0.040428
Iter 30 of 180 Loss: 0.604276, L1(Flow): 0.560139, Reg: 0.044137
Iter 40 of 180 Loss: 0.624402, L1(Flow): 0.580426, Reg: 0.043976
Iter 50 of 180 Loss: 0.603520, L1(Flow): 0.557511, Reg: 0.046009
Iter 60 of 180 Loss: 0.621134, L1(Flow): 0.577604, Reg: 0.043531
Iter 70 of 180 Loss: 0.616004, L1(Flow): 0.572158, Reg: 0.043846
Iter 80 of 180 Loss: 0.623038, L1(Flow): 0.579617, Reg: 0.043421
Iter 90 of 180 Loss: 0.602377, L1(Flow): 0.556593, Reg: 0.045784
Iter 100 of 180 Loss: 0.590975, L1(Flow): 0.547454, Reg: 0.043521
Iter 110 of 180 Loss: 0.588817, L1(Flow): 0.547602, Reg: 0.041215
Iter 120 of 180 Loss: 0.614280, L1(Flow): 0.571656, Reg: 0.042624
Iter 130 of 180 Loss: 0.612937, L1(Flow): 0.567838, Reg: 0.045099
Iter 140 of 180 Loss: 0.589919, L1(Flow): 0.548359, Reg: 0.041560
Iter 150 of 180 Loss: 0.606876, L1(Flow): 0.564577, Reg: 0.042300
Iter 160 of 180 Loss: 0.616285, L1(Flow): 0.570768, Reg: 0.045517
Iter 170 of 180 Loss: 0.637468, L1(Flow): 0.589710, Reg: 0.047758
Iter 180 of 180 Loss: 0.613202, L1(Flow): 0.567644, Reg: 0.045557
Epoch 160 Loss: 0.616896
Epoch 160 Validation: Mean EPE: 2.4185, Mean SSIM: 0.4359, Mean ZNCC: 0.6026
--> Saved to Top 5 best models (EPE: 2.4185)
Epoch 161 starts
Iter 10 of 180 Loss: 0.590814, L1(Flow): 0.545485, Reg: 0.045329
Iter 20 of 180 Loss: 0.615035, L1(Flow): 0.570528, Reg: 0.044508
Iter 30 of 180 Loss: 0.619949, L1(Flow): 0.574777, Reg: 0.045172
Iter 40 of 180 Loss: 0.613000, L1(Flow): 0.569589, Reg: 0.043411
Iter 50 of 180 Loss: 0.673270, L1(Flow): 0.626629, Reg: 0.046641
Iter 60 of 180 Loss: 0.617089, L1(Flow): 0.570458, Reg: 0.046632
Iter 70 of 180 Loss: 0.560501, L1(Flow): 0.524141, Reg: 0.036361
Iter 80 of 180 Loss: 0.590906, L1(Flow): 0.546955, Reg: 0.043951
Iter 90 of 180 Loss: 0.615450, L1(Flow): 0.569049, Reg: 0.046401
Iter 100 of 180 Loss: 0.632405, L1(Flow): 0.586418, Reg: 0.045988
Iter 110 of 180 Loss: 0.593572, L1(Flow): 0.550515, Reg: 0.043057
Iter 120 of 180 Loss: 0.615934, L1(Flow): 0.570242, Reg: 0.045691
Iter 130 of 180 Loss: 0.608368, L1(Flow): 0.566842, Reg: 0.041527
Iter 140 of 180 Loss: 0.612374, L1(Flow): 0.567241, Reg: 0.045134
Iter 150 of 180 Loss: 0.647860, L1(Flow): 0.599361, Reg: 0.048499
Iter 160 of 180 Loss: 0.650822, L1(Flow): 0.604915, Reg: 0.045907
Iter 170 of 180 Loss: 0.610767, L1(Flow): 0.567169, Reg: 0.043598
Iter 180 of 180 Loss: 0.597076, L1(Flow): 0.559850, Reg: 0.037225
Epoch 161 Loss: 0.613521
Epoch 161 Validation: Mean EPE: 2.4289, Mean SSIM: 0.4354, Mean ZNCC: 0.6025
Epoch 162 starts
Iter 10 of 180 Loss: 0.638961, L1(Flow): 0.593604, Reg: 0.045357
Iter 20 of 180 Loss: 0.619242, L1(Flow): 0.571819, Reg: 0.047423
Iter 30 of 180 Loss: 0.592732, L1(Flow): 0.546417, Reg: 0.046315
Iter 40 of 180 Loss: 0.598426, L1(Flow): 0.556904, Reg: 0.041523
Iter 50 of 180 Loss: 0.622743, L1(Flow): 0.576906, Reg: 0.045837
Iter 60 of 180 Loss: 0.636618, L1(Flow): 0.596749, Reg: 0.039869
Iter 70 of 180 Loss: 0.635003, L1(Flow): 0.593671, Reg: 0.041332
Iter 80 of 180 Loss: 0.587701, L1(Flow): 0.545962, Reg: 0.041739
Iter 90 of 180 Loss: 0.609509, L1(Flow): 0.568762, Reg: 0.040747
Iter 100 of 180 Loss: 0.607247, L1(Flow): 0.563910, Reg: 0.043336
Iter 110 of 180 Loss: 0.635509, L1(Flow): 0.592637, Reg: 0.042871
Iter 120 of 180 Loss: 0.602806, L1(Flow): 0.560105, Reg: 0.042701
Iter 130 of 180 Loss: 0.601290, L1(Flow): 0.558184, Reg: 0.043105
Iter 140 of 180 Loss: 0.598029, L1(Flow): 0.552949, Reg: 0.045081
Iter 150 of 180 Loss: 0.655178, L1(Flow): 0.610640, Reg: 0.044538
Iter 160 of 180 Loss: 0.601415, L1(Flow): 0.558179, Reg: 0.043236
Iter 170 of 180 Loss: 0.561610, L1(Flow): 0.523643, Reg: 0.037967
Iter 180 of 180 Loss: 0.683990, L1(Flow): 0.637024, Reg: 0.046965
Epoch 162 Loss: 0.615368
Epoch 162 Validation: Mean EPE: 2.4209, Mean SSIM: 0.4368, Mean ZNCC: 0.6028
--> Saved to Top 5 best models (EPE: 2.4209)
Epoch 163 starts
Iter 10 of 180 Loss: 0.608679, L1(Flow): 0.565248, Reg: 0.043432
Iter 20 of 180 Loss: 0.613267, L1(Flow): 0.568978, Reg: 0.044289
Iter 30 of 180 Loss: 0.636996, L1(Flow): 0.590453, Reg: 0.046543
Iter 40 of 180 Loss: 0.628202, L1(Flow): 0.583624, Reg: 0.044578
Iter 50 of 180 Loss: 0.598585, L1(Flow): 0.558225, Reg: 0.040361
Iter 60 of 180 Loss: 0.627216, L1(Flow): 0.584282, Reg: 0.042934
Iter 70 of 180 Loss: 0.591200, L1(Flow): 0.547413, Reg: 0.043787
Iter 80 of 180 Loss: 0.650292, L1(Flow): 0.603861, Reg: 0.046431
Iter 90 of 180 Loss: 0.663083, L1(Flow): 0.613656, Reg: 0.049427
Iter 100 of 180 Loss: 0.610303, L1(Flow): 0.567133, Reg: 0.043170
Iter 110 of 180 Loss: 0.625841, L1(Flow): 0.582067, Reg: 0.043774
Iter 120 of 180 Loss: 0.586391, L1(Flow): 0.544508, Reg: 0.041883
Iter 130 of 180 Loss: 0.627143, L1(Flow): 0.581837, Reg: 0.045307
Iter 140 of 180 Loss: 0.615043, L1(Flow): 0.570628, Reg: 0.044415
Iter 150 of 180 Loss: 0.630192, L1(Flow): 0.588978, Reg: 0.041215
Iter 160 of 180 Loss: 0.636107, L1(Flow): 0.585422, Reg: 0.050685
Iter 170 of 180 Loss: 0.618478, L1(Flow): 0.573053, Reg: 0.045426
Iter 180 of 180 Loss: 0.600428, L1(Flow): 0.554155, Reg: 0.046274
Epoch 163 Loss: 0.614518
Epoch 163 Validation: Mean EPE: 2.4154, Mean SSIM: 0.4362, Mean ZNCC: 0.6028
--> Saved to Top 5 best models (EPE: 2.4154)
Epoch 164 starts
Iter 10 of 180 Loss: 0.631253, L1(Flow): 0.584064, Reg: 0.047189
Iter 20 of 180 Loss: 0.564426, L1(Flow): 0.526267, Reg: 0.038158
Iter 30 of 180 Loss: 0.610487, L1(Flow): 0.564907, Reg: 0.045580
Iter 40 of 180 Loss: 0.610008, L1(Flow): 0.565643, Reg: 0.044366
Iter 50 of 180 Loss: 0.642641, L1(Flow): 0.593942, Reg: 0.048699
Iter 60 of 180 Loss: 0.590937, L1(Flow): 0.548883, Reg: 0.042054
Iter 70 of 180 Loss: 0.621554, L1(Flow): 0.577104, Reg: 0.044450
Iter 80 of 180 Loss: 0.587829, L1(Flow): 0.546575, Reg: 0.041254
Iter 90 of 180 Loss: 0.631978, L1(Flow): 0.585042, Reg: 0.046936
Iter 100 of 180 Loss: 0.593668, L1(Flow): 0.549083, Reg: 0.044585
Iter 110 of 180 Loss: 0.592667, L1(Flow): 0.550390, Reg: 0.042277
Iter 120 of 180 Loss: 0.628113, L1(Flow): 0.581819, Reg: 0.046293
Iter 130 of 180 Loss: 0.589188, L1(Flow): 0.548153, Reg: 0.041035
Iter 140 of 180 Loss: 0.604947, L1(Flow): 0.562658, Reg: 0.042289
Iter 150 of 180 Loss: 0.600421, L1(Flow): 0.556518, Reg: 0.043903
Iter 160 of 180 Loss: 0.584203, L1(Flow): 0.541841, Reg: 0.042362
Iter 170 of 180 Loss: 0.607240, L1(Flow): 0.561142, Reg: 0.046098
Iter 180 of 180 Loss: 0.580982, L1(Flow): 0.539758, Reg: 0.041225
Epoch 164 Loss: 0.607940
Epoch 164 Validation: Mean EPE: 2.4161, Mean SSIM: 0.4361, Mean ZNCC: 0.6026
--> Saved to Top 5 best models (EPE: 2.4161)
Epoch 165 starts
Iter 10 of 180 Loss: 0.610834, L1(Flow): 0.567670, Reg: 0.043163
Iter 20 of 180 Loss: 0.602080, L1(Flow): 0.558459, Reg: 0.043621
Iter 30 of 180 Loss: 0.609094, L1(Flow): 0.567560, Reg: 0.041534
Iter 40 of 180 Loss: 0.628959, L1(Flow): 0.585165, Reg: 0.043794
Iter 50 of 180 Loss: 0.615691, L1(Flow): 0.569713, Reg: 0.045977
Iter 60 of 180 Loss: 0.614956, L1(Flow): 0.570668, Reg: 0.044288
Iter 70 of 180 Loss: 0.628165, L1(Flow): 0.582433, Reg: 0.045731
Iter 80 of 180 Loss: 0.595883, L1(Flow): 0.553207, Reg: 0.042675
Iter 90 of 180 Loss: 0.629742, L1(Flow): 0.583983, Reg: 0.045759
Iter 100 of 180 Loss: 0.630810, L1(Flow): 0.588872, Reg: 0.041938
Iter 110 of 180 Loss: 0.608406, L1(Flow): 0.566226, Reg: 0.042180
Iter 120 of 180 Loss: 0.588179, L1(Flow): 0.546262, Reg: 0.041916
Iter 130 of 180 Loss: 0.605870, L1(Flow): 0.560982, Reg: 0.044888
Iter 140 of 180 Loss: 0.596205, L1(Flow): 0.553911, Reg: 0.042293
Iter 150 of 180 Loss: 0.582485, L1(Flow): 0.537459, Reg: 0.045026
Iter 160 of 180 Loss: 0.579334, L1(Flow): 0.539735, Reg: 0.039599
Iter 170 of 180 Loss: 0.633135, L1(Flow): 0.586406, Reg: 0.046729
Iter 180 of 180 Loss: 0.622134, L1(Flow): 0.578670, Reg: 0.043464
Epoch 165 Loss: 0.603944
Epoch 165 Validation: Mean EPE: 2.4217, Mean SSIM: 0.4359, Mean ZNCC: 0.6025
Epoch 166 starts
Iter 10 of 180 Loss: 0.600010, L1(Flow): 0.554394, Reg: 0.045616
Iter 20 of 180 Loss: 0.627418, L1(Flow): 0.582938, Reg: 0.044480
Iter 30 of 180 Loss: 0.620835, L1(Flow): 0.574877, Reg: 0.045958
Iter 40 of 180 Loss: 0.615204, L1(Flow): 0.571299, Reg: 0.043906
Iter 50 of 180 Loss: 0.628589, L1(Flow): 0.581882, Reg: 0.046707
Iter 60 of 180 Loss: 0.614274, L1(Flow): 0.568539, Reg: 0.045735
Iter 70 of 180 Loss: 0.577493, L1(Flow): 0.537972, Reg: 0.039522
Iter 80 of 180 Loss: 0.584998, L1(Flow): 0.542728, Reg: 0.042270
Iter 90 of 180 Loss: 0.595346, L1(Flow): 0.554273, Reg: 0.041073
Iter 100 of 180 Loss: 0.615035, L1(Flow): 0.569007, Reg: 0.046027
Iter 110 of 180 Loss: 0.618526, L1(Flow): 0.574228, Reg: 0.044298
Iter 120 of 180 Loss: 0.585590, L1(Flow): 0.542916, Reg: 0.042673
Iter 130 of 180 Loss: 0.609806, L1(Flow): 0.566466, Reg: 0.043339
Iter 140 of 180 Loss: 0.620954, L1(Flow): 0.573075, Reg: 0.047879
Iter 150 of 180 Loss: 0.616507, L1(Flow): 0.573142, Reg: 0.043365
Iter 160 of 180 Loss: 0.631989, L1(Flow): 0.589507, Reg: 0.042483
Iter 170 of 180 Loss: 0.618447, L1(Flow): 0.574815, Reg: 0.043632
Iter 180 of 180 Loss: 0.635605, L1(Flow): 0.588372, Reg: 0.047233
Epoch 166 Loss: 0.602755
Epoch 166 Validation: Mean EPE: 2.4218, Mean SSIM: 0.4361, Mean ZNCC: 0.6025
Epoch 167 starts
Iter 10 of 180 Loss: 0.595214, L1(Flow): 0.555092, Reg: 0.040122
Iter 20 of 180 Loss: 0.593771, L1(Flow): 0.549896, Reg: 0.043875
Iter 30 of 180 Loss: 0.670891, L1(Flow): 0.624146, Reg: 0.046745
Iter 40 of 180 Loss: 0.566760, L1(Flow): 0.528315, Reg: 0.038445
Iter 50 of 180 Loss: 0.553597, L1(Flow): 0.517257, Reg: 0.036340
Iter 60 of 180 Loss: 0.656022, L1(Flow): 0.609405, Reg: 0.046617
Iter 70 of 180 Loss: 0.603114, L1(Flow): 0.559276, Reg: 0.043838
Iter 80 of 180 Loss: 0.580117, L1(Flow): 0.538909, Reg: 0.041207
Iter 90 of 180 Loss: 0.609920, L1(Flow): 0.570171, Reg: 0.039749
Iter 100 of 180 Loss: 0.622634, L1(Flow): 0.579097, Reg: 0.043537
Iter 110 of 180 Loss: 0.646138, L1(Flow): 0.598717, Reg: 0.047422
Iter 120 of 180 Loss: 0.638028, L1(Flow): 0.593428, Reg: 0.044600
Iter 130 of 180 Loss: 0.607334, L1(Flow): 0.565103, Reg: 0.042232
Iter 140 of 180 Loss: 0.600637, L1(Flow): 0.555275, Reg: 0.045362
Iter 150 of 180 Loss: 0.590457, L1(Flow): 0.548277, Reg: 0.042181
Iter 160 of 180 Loss: 0.634721, L1(Flow): 0.587135, Reg: 0.047586
Iter 170 of 180 Loss: 0.567974, L1(Flow): 0.526146, Reg: 0.041828
Iter 180 of 180 Loss: 0.577811, L1(Flow): 0.534344, Reg: 0.043467
Epoch 167 Loss: 0.606652
Epoch 167 Validation: Mean EPE: 2.4196, Mean SSIM: 0.4361, Mean ZNCC: 0.6026
--> Saved to Top 5 best models (EPE: 2.4196)
Epoch 168 starts
Iter 10 of 180 Loss: 0.604509, L1(Flow): 0.563114, Reg: 0.041395
Iter 20 of 180 Loss: 0.614035, L1(Flow): 0.570357, Reg: 0.043678
Iter 30 of 180 Loss: 0.635267, L1(Flow): 0.591637, Reg: 0.043629
Iter 40 of 180 Loss: 0.592786, L1(Flow): 0.550047, Reg: 0.042740
Iter 50 of 180 Loss: 0.601494, L1(Flow): 0.559450, Reg: 0.042044
Iter 60 of 180 Loss: 0.584183, L1(Flow): 0.543533, Reg: 0.040649
Iter 70 of 180 Loss: 0.584687, L1(Flow): 0.541875, Reg: 0.042812
Iter 80 of 180 Loss: 0.599746, L1(Flow): 0.557433, Reg: 0.042312
Iter 90 of 180 Loss: 0.615573, L1(Flow): 0.568654, Reg: 0.046919
Iter 100 of 180 Loss: 0.652439, L1(Flow): 0.605607, Reg: 0.046832
Iter 110 of 180 Loss: 0.601812, L1(Flow): 0.556394, Reg: 0.045419
Iter 120 of 180 Loss: 0.621091, L1(Flow): 0.576221, Reg: 0.044870
Iter 130 of 180 Loss: 0.612974, L1(Flow): 0.571446, Reg: 0.041528
Iter 140 of 180 Loss: 0.587509, L1(Flow): 0.546279, Reg: 0.041229
Iter 150 of 180 Loss: 0.611420, L1(Flow): 0.568671, Reg: 0.042749
Iter 160 of 180 Loss: 0.605848, L1(Flow): 0.564777, Reg: 0.041071
Iter 170 of 180 Loss: 0.612536, L1(Flow): 0.567987, Reg: 0.044549
Iter 180 of 180 Loss: 0.648645, L1(Flow): 0.600886, Reg: 0.047758
Epoch 168 Loss: 0.603614
Epoch 168 Validation: Mean EPE: 2.4269, Mean SSIM: 0.4355, Mean ZNCC: 0.6023
Epoch 169 starts
Iter 10 of 180 Loss: 0.590075, L1(Flow): 0.546814, Reg: 0.043261
Iter 20 of 180 Loss: 0.624311, L1(Flow): 0.581328, Reg: 0.042983
Iter 30 of 180 Loss: 0.592629, L1(Flow): 0.546834, Reg: 0.045794
Iter 40 of 180 Loss: 0.606479, L1(Flow): 0.563525, Reg: 0.042954
Iter 50 of 180 Loss: 0.585517, L1(Flow): 0.544542, Reg: 0.040975
Iter 60 of 180 Loss: 0.630610, L1(Flow): 0.586002, Reg: 0.044609
Iter 70 of 180 Loss: 0.595252, L1(Flow): 0.549682, Reg: 0.045570
Iter 80 of 180 Loss: 0.612080, L1(Flow): 0.566533, Reg: 0.045546
Iter 90 of 180 Loss: 0.586620, L1(Flow): 0.542616, Reg: 0.044004
Iter 100 of 180 Loss: 0.600558, L1(Flow): 0.557880, Reg: 0.042678
Iter 110 of 180 Loss: 0.562395, L1(Flow): 0.522090, Reg: 0.040305
Iter 120 of 180 Loss: 0.599258, L1(Flow): 0.554302, Reg: 0.044956
Iter 130 of 180 Loss: 0.589126, L1(Flow): 0.545219, Reg: 0.043907
Iter 140 of 180 Loss: 0.615022, L1(Flow): 0.568721, Reg: 0.046301
Iter 150 of 180 Loss: 0.599990, L1(Flow): 0.556098, Reg: 0.043893
Iter 160 of 180 Loss: 0.628257, L1(Flow): 0.585570, Reg: 0.042688
Iter 170 of 180 Loss: 0.589565, L1(Flow): 0.545494, Reg: 0.044071
Iter 180 of 180 Loss: 0.518881, L1(Flow): 0.483282, Reg: 0.035599
Epoch 169 Loss: 0.602375
Epoch 169 Validation: Mean EPE: 2.4223, Mean SSIM: 0.4363, Mean ZNCC: 0.6027
Epoch 170 starts
Iter 10 of 180 Loss: 0.623093, L1(Flow): 0.575913, Reg: 0.047180
Iter 20 of 180 Loss: 0.611635, L1(Flow): 0.568030, Reg: 0.043605
Iter 30 of 180 Loss: 0.583044, L1(Flow): 0.539169, Reg: 0.043874
Iter 40 of 180 Loss: 0.572695, L1(Flow): 0.531324, Reg: 0.041371
Iter 50 of 180 Loss: 0.574750, L1(Flow): 0.532256, Reg: 0.042495
Iter 60 of 180 Loss: 0.615045, L1(Flow): 0.569120, Reg: 0.045924
Iter 70 of 180 Loss: 0.559995, L1(Flow): 0.519573, Reg: 0.040422
Iter 80 of 180 Loss: 0.596332, L1(Flow): 0.553361, Reg: 0.042972
Iter 90 of 180 Loss: 0.600590, L1(Flow): 0.555879, Reg: 0.044711
Iter 100 of 180 Loss: 0.583293, L1(Flow): 0.541090, Reg: 0.042202
Iter 110 of 180 Loss: 0.591468, L1(Flow): 0.548533, Reg: 0.042935
Iter 120 of 180 Loss: 0.609106, L1(Flow): 0.565348, Reg: 0.043758
Iter 130 of 180 Loss: 0.614323, L1(Flow): 0.570301, Reg: 0.044022
Iter 140 of 180 Loss: 0.629662, L1(Flow): 0.579781, Reg: 0.049881
Iter 150 of 180 Loss: 0.591130, L1(Flow): 0.549828, Reg: 0.041303
Iter 160 of 180 Loss: 0.593105, L1(Flow): 0.545421, Reg: 0.047683
Iter 170 of 180 Loss: 0.592653, L1(Flow): 0.551563, Reg: 0.041090
Iter 180 of 180 Loss: 0.632923, L1(Flow): 0.591014, Reg: 0.041909
Epoch 170 Loss: 0.596434
Epoch 170 Validation: Mean EPE: 2.4116, Mean SSIM: 0.4369, Mean ZNCC: 0.6028
--> Saved to Top 5 best models (EPE: 2.4116)
--> New absolute BEST model updated with EPE: 2.4116
Epoch 171 starts
Iter 10 of 180 Loss: 0.606578, L1(Flow): 0.564438, Reg: 0.042140
Iter 20 of 180 Loss: 0.629346, L1(Flow): 0.584599, Reg: 0.044747
Iter 30 of 180 Loss: 0.622526, L1(Flow): 0.573078, Reg: 0.049448
Iter 40 of 180 Loss: 0.624058, L1(Flow): 0.584208, Reg: 0.039850
Iter 50 of 180 Loss: 0.654612, L1(Flow): 0.606370, Reg: 0.048241
Iter 60 of 180 Loss: 0.632873, L1(Flow): 0.588833, Reg: 0.044040
Iter 70 of 180 Loss: 0.570606, L1(Flow): 0.528350, Reg: 0.042257
Iter 80 of 180 Loss: 0.591961, L1(Flow): 0.546776, Reg: 0.045185
Iter 90 of 180 Loss: 0.584866, L1(Flow): 0.544388, Reg: 0.040478
Iter 100 of 180 Loss: 0.612364, L1(Flow): 0.568907, Reg: 0.043457
Iter 110 of 180 Loss: 0.576071, L1(Flow): 0.533944, Reg: 0.042127
Iter 120 of 180 Loss: 0.629513, L1(Flow): 0.586963, Reg: 0.042550
Iter 130 of 180 Loss: 0.585990, L1(Flow): 0.541970, Reg: 0.044021
Iter 140 of 180 Loss: 0.619506, L1(Flow): 0.573511, Reg: 0.045994
Iter 150 of 180 Loss: 0.604236, L1(Flow): 0.561903, Reg: 0.042333
Iter 160 of 180 Loss: 0.582283, L1(Flow): 0.543599, Reg: 0.038684
Iter 170 of 180 Loss: 0.617734, L1(Flow): 0.575743, Reg: 0.041991
Iter 180 of 180 Loss: 0.619720, L1(Flow): 0.575205, Reg: 0.044515
Epoch 171 Loss: 0.604285
Epoch 171 Validation: Mean EPE: 2.4211, Mean SSIM: 0.4365, Mean ZNCC: 0.6027
Epoch 172 starts
Iter 10 of 180 Loss: 0.600215, L1(Flow): 0.560424, Reg: 0.039791
Iter 20 of 180 Loss: 0.579414, L1(Flow): 0.536515, Reg: 0.042899
Iter 30 of 180 Loss: 0.620206, L1(Flow): 0.574676, Reg: 0.045530
Iter 40 of 180 Loss: 0.584436, L1(Flow): 0.541184, Reg: 0.043252
Iter 50 of 180 Loss: 0.570123, L1(Flow): 0.527444, Reg: 0.042679
Iter 60 of 180 Loss: 0.582988, L1(Flow): 0.539761, Reg: 0.043227
Iter 70 of 180 Loss: 0.607320, L1(Flow): 0.562941, Reg: 0.044379
Iter 80 of 180 Loss: 0.605460, L1(Flow): 0.557757, Reg: 0.047702
Iter 90 of 180 Loss: 0.577372, L1(Flow): 0.533726, Reg: 0.043646
Iter 100 of 180 Loss: 0.597604, L1(Flow): 0.553815, Reg: 0.043789
Iter 110 of 180 Loss: 0.608431, L1(Flow): 0.562781, Reg: 0.045651
Iter 120 of 180 Loss: 0.593012, L1(Flow): 0.552676, Reg: 0.040336
Iter 130 of 180 Loss: 0.614985, L1(Flow): 0.569711, Reg: 0.045273
Iter 140 of 180 Loss: 0.600720, L1(Flow): 0.559997, Reg: 0.040723
Iter 150 of 180 Loss: 0.589589, L1(Flow): 0.548090, Reg: 0.041499
Iter 160 of 180 Loss: 0.616967, L1(Flow): 0.574856, Reg: 0.042111
Iter 170 of 180 Loss: 0.602558, L1(Flow): 0.557228, Reg: 0.045330
Iter 180 of 180 Loss: 0.590454, L1(Flow): 0.546134, Reg: 0.044320
Epoch 172 Loss: 0.596601
Epoch 172 Validation: Mean EPE: 2.4364, Mean SSIM: 0.4353, Mean ZNCC: 0.6021
Epoch 173 starts
Iter 10 of 180 Loss: 0.617286, L1(Flow): 0.573941, Reg: 0.043346
Iter 20 of 180 Loss: 0.613665, L1(Flow): 0.572535, Reg: 0.041130
Iter 30 of 180 Loss: 0.579299, L1(Flow): 0.536700, Reg: 0.042599
Iter 40 of 180 Loss: 0.596771, L1(Flow): 0.551374, Reg: 0.045397
Iter 50 of 180 Loss: 0.635521, L1(Flow): 0.593106, Reg: 0.042415
Iter 60 of 180 Loss: 0.582575, L1(Flow): 0.540476, Reg: 0.042099
Iter 70 of 180 Loss: 0.620972, L1(Flow): 0.574148, Reg: 0.046824
Iter 80 of 180 Loss: 0.591592, L1(Flow): 0.549379, Reg: 0.042213
Iter 90 of 180 Loss: 0.564520, L1(Flow): 0.525764, Reg: 0.038756
Iter 100 of 180 Loss: 0.586395, L1(Flow): 0.540815, Reg: 0.045580
Iter 110 of 180 Loss: 0.623879, L1(Flow): 0.578514, Reg: 0.045365
Iter 120 of 180 Loss: 0.602690, L1(Flow): 0.557985, Reg: 0.044705
Iter 130 of 180 Loss: 0.585121, L1(Flow): 0.541097, Reg: 0.044024
Iter 140 of 180 Loss: 0.571187, L1(Flow): 0.529748, Reg: 0.041439
Iter 150 of 180 Loss: 0.608972, L1(Flow): 0.563483, Reg: 0.045489
Iter 160 of 180 Loss: 0.605754, L1(Flow): 0.565903, Reg: 0.039851
Iter 170 of 180 Loss: 0.604060, L1(Flow): 0.561759, Reg: 0.042302
Iter 180 of 180 Loss: 0.657150, L1(Flow): 0.612059, Reg: 0.045091
Epoch 173 Loss: 0.597189
Epoch 173 Validation: Mean EPE: 2.4362, Mean SSIM: 0.4352, Mean ZNCC: 0.6025
Epoch 174 starts
Iter 10 of 180 Loss: 0.583542, L1(Flow): 0.539584, Reg: 0.043958
Iter 20 of 180 Loss: 0.594389, L1(Flow): 0.553453, Reg: 0.040936
Iter 30 of 180 Loss: 0.659141, L1(Flow): 0.614380, Reg: 0.044760
Iter 40 of 180 Loss: 0.596270, L1(Flow): 0.552418, Reg: 0.043852
Iter 50 of 180 Loss: 0.582453, L1(Flow): 0.540245, Reg: 0.042208
Iter 60 of 180 Loss: 0.561757, L1(Flow): 0.520132, Reg: 0.041625
Iter 70 of 180 Loss: 0.580503, L1(Flow): 0.538444, Reg: 0.042059
Iter 80 of 180 Loss: 0.582031, L1(Flow): 0.537046, Reg: 0.044986
Iter 90 of 180 Loss: 0.591932, L1(Flow): 0.550146, Reg: 0.041786
Iter 100 of 180 Loss: 0.602429, L1(Flow): 0.555976, Reg: 0.046453
Iter 110 of 180 Loss: 0.605934, L1(Flow): 0.563928, Reg: 0.042005
Iter 120 of 180 Loss: 0.625257, L1(Flow): 0.579840, Reg: 0.045417
Iter 130 of 180 Loss: 0.612743, L1(Flow): 0.569752, Reg: 0.042991
Iter 140 of 180 Loss: 0.601672, L1(Flow): 0.558985, Reg: 0.042688
Iter 150 of 180 Loss: 0.603638, L1(Flow): 0.557948, Reg: 0.045690
Iter 160 of 180 Loss: 0.581670, L1(Flow): 0.540814, Reg: 0.040855
Iter 170 of 180 Loss: 0.595330, L1(Flow): 0.552440, Reg: 0.042890
Iter 180 of 180 Loss: 0.532599, L1(Flow): 0.495809, Reg: 0.036789
Epoch 174 Loss: 0.595578
Epoch 174 Validation: Mean EPE: 2.4216, Mean SSIM: 0.4363, Mean ZNCC: 0.6028
Epoch 175 starts
Iter 10 of 180 Loss: 0.573227, L1(Flow): 0.531134, Reg: 0.042092
Iter 20 of 180 Loss: 0.576917, L1(Flow): 0.535486, Reg: 0.041432
Iter 30 of 180 Loss: 0.620859, L1(Flow): 0.578942, Reg: 0.041918
Iter 40 of 180 Loss: 0.629937, L1(Flow): 0.586570, Reg: 0.043367
Iter 50 of 180 Loss: 0.601684, L1(Flow): 0.558647, Reg: 0.043037
Iter 60 of 180 Loss: 0.582967, L1(Flow): 0.540230, Reg: 0.042737
Iter 70 of 180 Loss: 0.604116, L1(Flow): 0.559052, Reg: 0.045064
Iter 80 of 180 Loss: 0.616776, L1(Flow): 0.569666, Reg: 0.047110
Iter 90 of 180 Loss: 0.558019, L1(Flow): 0.517914, Reg: 0.040104
Iter 100 of 180 Loss: 0.578457, L1(Flow): 0.537730, Reg: 0.040727
Iter 110 of 180 Loss: 0.618088, L1(Flow): 0.574561, Reg: 0.043527
Iter 120 of 180 Loss: 0.576610, L1(Flow): 0.531451, Reg: 0.045159
Iter 130 of 180 Loss: 0.608020, L1(Flow): 0.567081, Reg: 0.040939
Iter 140 of 180 Loss: 0.621423, L1(Flow): 0.576300, Reg: 0.045123
Iter 150 of 180 Loss: 0.647149, L1(Flow): 0.602491, Reg: 0.044658
Iter 160 of 180 Loss: 0.588955, L1(Flow): 0.546731, Reg: 0.042224
Iter 170 of 180 Loss: 0.591354, L1(Flow): 0.549632, Reg: 0.041723
Iter 180 of 180 Loss: 0.637474, L1(Flow): 0.591968, Reg: 0.045506
Epoch 175 Loss: 0.589829
Epoch 175 Validation: Mean EPE: 2.4126, Mean SSIM: 0.4368, Mean ZNCC: 0.6029
--> Saved to Top 5 best models (EPE: 2.4126)
Epoch 176 starts
Iter 10 of 180 Loss: 0.562960, L1(Flow): 0.524048, Reg: 0.038912
Iter 20 of 180 Loss: 0.598891, L1(Flow): 0.557003, Reg: 0.041888
Iter 30 of 180 Loss: 0.596456, L1(Flow): 0.552911, Reg: 0.043545
Iter 40 of 180 Loss: 0.577947, L1(Flow): 0.536493, Reg: 0.041454
Iter 50 of 180 Loss: 0.562958, L1(Flow): 0.524066, Reg: 0.038893
Iter 60 of 180 Loss: 0.575374, L1(Flow): 0.533155, Reg: 0.042218
Iter 70 of 180 Loss: 0.584273, L1(Flow): 0.540835, Reg: 0.043438
Iter 80 of 180 Loss: 0.593504, L1(Flow): 0.548214, Reg: 0.045289
Iter 90 of 180 Loss: 0.593969, L1(Flow): 0.552294, Reg: 0.041675
Iter 100 of 180 Loss: 0.601885, L1(Flow): 0.560666, Reg: 0.041219
Iter 110 of 180 Loss: 0.591343, L1(Flow): 0.551045, Reg: 0.040298
Iter 120 of 180 Loss: 0.581109, L1(Flow): 0.540038, Reg: 0.041070
Iter 130 of 180 Loss: 0.553808, L1(Flow): 0.510623, Reg: 0.043185
Iter 140 of 180 Loss: 0.610415, L1(Flow): 0.564429, Reg: 0.045986
Iter 150 of 180 Loss: 0.620227, L1(Flow): 0.577955, Reg: 0.042271
Iter 160 of 180 Loss: 0.568669, L1(Flow): 0.527912, Reg: 0.040757
Iter 170 of 180 Loss: 0.587897, L1(Flow): 0.544191, Reg: 0.043706
Iter 180 of 180 Loss: 0.624395, L1(Flow): 0.581849, Reg: 0.042547
Epoch 176 Loss: 0.589044
Epoch 176 Validation: Mean EPE: 2.4274, Mean SSIM: 0.4368, Mean ZNCC: 0.6027
Epoch 177 starts
Iter 10 of 180 Loss: 0.601522, L1(Flow): 0.563622, Reg: 0.037900
Iter 20 of 180 Loss: 0.556047, L1(Flow): 0.517049, Reg: 0.038998
Iter 30 of 180 Loss: 0.561190, L1(Flow): 0.516395, Reg: 0.044795
Iter 40 of 180 Loss: 0.580381, L1(Flow): 0.536950, Reg: 0.043431
Iter 50 of 180 Loss: 0.564228, L1(Flow): 0.522059, Reg: 0.042169
Iter 60 of 180 Loss: 0.612020, L1(Flow): 0.566921, Reg: 0.045099
Iter 70 of 180 Loss: 0.575887, L1(Flow): 0.533816, Reg: 0.042071
Iter 80 of 180 Loss: 0.582791, L1(Flow): 0.539403, Reg: 0.043387
Iter 90 of 180 Loss: 0.570584, L1(Flow): 0.528119, Reg: 0.042465
Iter 100 of 180 Loss: 0.586635, L1(Flow): 0.543679, Reg: 0.042956
Iter 110 of 180 Loss: 0.590627, L1(Flow): 0.545653, Reg: 0.044974
Iter 120 of 180 Loss: 0.589281, L1(Flow): 0.548665, Reg: 0.040615
Iter 130 of 180 Loss: 0.580087, L1(Flow): 0.537104, Reg: 0.042983
Iter 140 of 180 Loss: 0.582118, L1(Flow): 0.538793, Reg: 0.043325
Iter 150 of 180 Loss: 0.559187, L1(Flow): 0.519926, Reg: 0.039261
Iter 160 of 180 Loss: 0.595098, L1(Flow): 0.552171, Reg: 0.042927
Iter 170 of 180 Loss: 0.561716, L1(Flow): 0.521092, Reg: 0.040624
Iter 180 of 180 Loss: 0.581497, L1(Flow): 0.537739, Reg: 0.043758
Epoch 177 Loss: 0.590324
Epoch 177 Validation: Mean EPE: 2.4302, Mean SSIM: 0.4361, Mean ZNCC: 0.6026
Epoch 178 starts
Iter 10 of 180 Loss: 0.592201, L1(Flow): 0.552434, Reg: 0.039767
Iter 20 of 180 Loss: 0.533004, L1(Flow): 0.492234, Reg: 0.040771
Iter 30 of 180 Loss: 0.570496, L1(Flow): 0.530421, Reg: 0.040076
Iter 40 of 180 Loss: 0.586154, L1(Flow): 0.544121, Reg: 0.042033
Iter 50 of 180 Loss: 0.584487, L1(Flow): 0.540594, Reg: 0.043894
Iter 60 of 180 Loss: 0.553109, L1(Flow): 0.513726, Reg: 0.039383
Iter 70 of 180 Loss: 0.601926, L1(Flow): 0.560176, Reg: 0.041750
Iter 80 of 180 Loss: 0.576805, L1(Flow): 0.535940, Reg: 0.040865
Iter 90 of 180 Loss: 0.552799, L1(Flow): 0.513162, Reg: 0.039637
Iter 100 of 180 Loss: 0.558700, L1(Flow): 0.517075, Reg: 0.041625
Iter 110 of 180 Loss: 0.568152, L1(Flow): 0.527629, Reg: 0.040522
Iter 120 of 180 Loss: 0.593940, L1(Flow): 0.551812, Reg: 0.042129
Iter 130 of 180 Loss: 0.579030, L1(Flow): 0.537448, Reg: 0.041582
Iter 140 of 180 Loss: 0.567085, L1(Flow): 0.527799, Reg: 0.039285
Iter 150 of 180 Loss: 0.566365, L1(Flow): 0.523945, Reg: 0.042419
Iter 160 of 180 Loss: 0.566463, L1(Flow): 0.527599, Reg: 0.038864
Iter 170 of 180 Loss: 0.567629, L1(Flow): 0.525415, Reg: 0.042214
Iter 180 of 180 Loss: 0.588322, L1(Flow): 0.544873, Reg: 0.043449
Epoch 178 Loss: 0.585116
Epoch 178 Validation: Mean EPE: 2.4252, Mean SSIM: 0.4360, Mean ZNCC: 0.6024
Epoch 179 starts
Iter 10 of 180 Loss: 0.598074, L1(Flow): 0.557638, Reg: 0.040436
Iter 20 of 180 Loss: 0.611229, L1(Flow): 0.566998, Reg: 0.044231
Iter 30 of 180 Loss: 0.573367, L1(Flow): 0.536086, Reg: 0.037281
Iter 40 of 180 Loss: 0.593438, L1(Flow): 0.550413, Reg: 0.043025
Iter 50 of 180 Loss: 0.554242, L1(Flow): 0.514933, Reg: 0.039309
Iter 60 of 180 Loss: 0.594235, L1(Flow): 0.549602, Reg: 0.044634
Iter 70 of 180 Loss: 0.605259, L1(Flow): 0.561566, Reg: 0.043693
Iter 80 of 180 Loss: 0.554007, L1(Flow): 0.512482, Reg: 0.041525
Iter 90 of 180 Loss: 0.578532, L1(Flow): 0.534517, Reg: 0.044015
Iter 100 of 180 Loss: 0.577964, L1(Flow): 0.533381, Reg: 0.044584
Iter 110 of 180 Loss: 0.576310, L1(Flow): 0.531083, Reg: 0.045228
Iter 120 of 180 Loss: 0.611651, L1(Flow): 0.567359, Reg: 0.044292
Iter 130 of 180 Loss: 0.584292, L1(Flow): 0.541488, Reg: 0.042804
Iter 140 of 180 Loss: 0.570567, L1(Flow): 0.530338, Reg: 0.040229
Iter 150 of 180 Loss: 0.599369, L1(Flow): 0.555240, Reg: 0.044129
Iter 160 of 180 Loss: 0.581673, L1(Flow): 0.538778, Reg: 0.042895
Iter 170 of 180 Loss: 0.578610, L1(Flow): 0.534672, Reg: 0.043939
Iter 180 of 180 Loss: 0.572800, L1(Flow): 0.531480, Reg: 0.041320
Epoch 179 Loss: 0.586430
Epoch 179 Validation: Mean EPE: 2.4249, Mean SSIM: 0.4364, Mean ZNCC: 0.6026
Epoch 180 starts
Iter 10 of 180 Loss: 0.557100, L1(Flow): 0.513492, Reg: 0.043609
Iter 20 of 180 Loss: 0.554605, L1(Flow): 0.510544, Reg: 0.044061
Iter 30 of 180 Loss: 0.568204, L1(Flow): 0.527376, Reg: 0.040828
Iter 40 of 180 Loss: 0.579553, L1(Flow): 0.538225, Reg: 0.041328
Iter 50 of 180 Loss: 0.577480, L1(Flow): 0.534666, Reg: 0.042814
Iter 60 of 180 Loss: 0.572050, L1(Flow): 0.532526, Reg: 0.039524
Iter 70 of 180 Loss: 0.606858, L1(Flow): 0.563678, Reg: 0.043180
Iter 80 of 180 Loss: 0.606002, L1(Flow): 0.559935, Reg: 0.046067
Iter 90 of 180 Loss: 0.566264, L1(Flow): 0.521953, Reg: 0.044311
Iter 100 of 180 Loss: 0.623053, L1(Flow): 0.578640, Reg: 0.044413
Iter 110 of 180 Loss: 0.592228, L1(Flow): 0.548551, Reg: 0.043678
Iter 120 of 180 Loss: 0.591370, L1(Flow): 0.546130, Reg: 0.045241
Iter 130 of 180 Loss: 0.596255, L1(Flow): 0.552305, Reg: 0.043950
Iter 140 of 180 Loss: 0.585596, L1(Flow): 0.544668, Reg: 0.040928
Iter 150 of 180 Loss: 0.576652, L1(Flow): 0.537492, Reg: 0.039160
Iter 160 of 180 Loss: 0.602306, L1(Flow): 0.558565, Reg: 0.043741
Iter 170 of 180 Loss: 0.627618, L1(Flow): 0.585145, Reg: 0.042473
Iter 180 of 180 Loss: 0.620631, L1(Flow): 0.578966, Reg: 0.041665
Epoch 180 Loss: 0.585255
Epoch 180 Validation: Mean EPE: 2.4107, Mean SSIM: 0.4376, Mean ZNCC: 0.6030
--> Saved to Top 5 best models (EPE: 2.4107)
--> New absolute BEST model updated with EPE: 2.4107
Epoch 181 starts
Iter 10 of 180 Loss: 0.542520, L1(Flow): 0.503865, Reg: 0.038655
Iter 20 of 180 Loss: 0.547370, L1(Flow): 0.505674, Reg: 0.041696
Iter 30 of 180 Loss: 0.576881, L1(Flow): 0.532871, Reg: 0.044011
Iter 40 of 180 Loss: 0.572626, L1(Flow): 0.531491, Reg: 0.041136
Iter 50 of 180 Loss: 0.594496, L1(Flow): 0.550572, Reg: 0.043924
Iter 60 of 180 Loss: 0.606297, L1(Flow): 0.561332, Reg: 0.044964
Iter 70 of 180 Loss: 0.596370, L1(Flow): 0.553665, Reg: 0.042705
Iter 80 of 180 Loss: 0.599020, L1(Flow): 0.557584, Reg: 0.041437
Iter 90 of 180 Loss: 0.578621, L1(Flow): 0.538457, Reg: 0.040164
Iter 100 of 180 Loss: 0.627073, L1(Flow): 0.576188, Reg: 0.050885
Iter 110 of 180 Loss: 0.595542, L1(Flow): 0.552358, Reg: 0.043184
Iter 120 of 180 Loss: 0.565088, L1(Flow): 0.522041, Reg: 0.043047
Iter 130 of 180 Loss: 0.606644, L1(Flow): 0.563821, Reg: 0.042823
Iter 140 of 180 Loss: 0.565964, L1(Flow): 0.525330, Reg: 0.040634
Iter 150 of 180 Loss: 0.579159, L1(Flow): 0.537266, Reg: 0.041894
Iter 160 of 180 Loss: 0.572861, L1(Flow): 0.530676, Reg: 0.042186
Iter 170 of 180 Loss: 0.609955, L1(Flow): 0.563826, Reg: 0.046128
Iter 180 of 180 Loss: 0.585501, L1(Flow): 0.543120, Reg: 0.042381
Epoch 181 Loss: 0.584223
Epoch 181 Validation: Mean EPE: 2.4192, Mean SSIM: 0.4364, Mean ZNCC: 0.6026
Epoch 182 starts
Iter 10 of 180 Loss: 0.548801, L1(Flow): 0.508300, Reg: 0.040501
Iter 20 of 180 Loss: 0.560508, L1(Flow): 0.519863, Reg: 0.040645
Iter 30 of 180 Loss: 0.559935, L1(Flow): 0.516001, Reg: 0.043934
Iter 40 of 180 Loss: 0.576475, L1(Flow): 0.537220, Reg: 0.039255
Iter 50 of 180 Loss: 0.577105, L1(Flow): 0.534491, Reg: 0.042614
Iter 60 of 180 Loss: 0.610633, L1(Flow): 0.563132, Reg: 0.047501
Iter 70 of 180 Loss: 0.578104, L1(Flow): 0.536355, Reg: 0.041749
Iter 80 of 180 Loss: 0.569513, L1(Flow): 0.525566, Reg: 0.043947
Iter 90 of 180 Loss: 0.581141, L1(Flow): 0.537191, Reg: 0.043950
Iter 100 of 180 Loss: 0.594814, L1(Flow): 0.550084, Reg: 0.044730
Iter 110 of 180 Loss: 0.575255, L1(Flow): 0.533432, Reg: 0.041823
Iter 120 of 180 Loss: 0.596101, L1(Flow): 0.551280, Reg: 0.044821
Iter 130 of 180 Loss: 0.571264, L1(Flow): 0.531868, Reg: 0.039395
Iter 140 of 180 Loss: 0.611181, L1(Flow): 0.565276, Reg: 0.045905
Iter 150 of 180 Loss: 0.598349, L1(Flow): 0.556512, Reg: 0.041837
Iter 160 of 180 Loss: 0.562437, L1(Flow): 0.521305, Reg: 0.041132
Iter 170 of 180 Loss: 0.568427, L1(Flow): 0.525697, Reg: 0.042730
Iter 180 of 180 Loss: 0.585074, L1(Flow): 0.541566, Reg: 0.043508
Epoch 182 Loss: 0.581963
Epoch 182 Validation: Mean EPE: 2.4129, Mean SSIM: 0.4370, Mean ZNCC: 0.6028
--> Saved to Top 5 best models (EPE: 2.4129)
Epoch 183 starts
Iter 10 of 180 Loss: 0.538860, L1(Flow): 0.500695, Reg: 0.038164
Iter 20 of 180 Loss: 0.560612, L1(Flow): 0.518163, Reg: 0.042449
Iter 30 of 180 Loss: 0.569643, L1(Flow): 0.526972, Reg: 0.042671
Iter 40 of 180 Loss: 0.587761, L1(Flow): 0.546289, Reg: 0.041472
Iter 50 of 180 Loss: 0.583348, L1(Flow): 0.538877, Reg: 0.044471
Iter 60 of 180 Loss: 0.625247, L1(Flow): 0.579171, Reg: 0.046075
Iter 70 of 180 Loss: 0.612890, L1(Flow): 0.566951, Reg: 0.045939
Iter 80 of 180 Loss: 0.594453, L1(Flow): 0.552758, Reg: 0.041695
Iter 90 of 180 Loss: 0.568313, L1(Flow): 0.528730, Reg: 0.039582
Iter 100 of 180 Loss: 0.591585, L1(Flow): 0.548428, Reg: 0.043157
Iter 110 of 180 Loss: 0.582859, L1(Flow): 0.541831, Reg: 0.041028
Iter 120 of 180 Loss: 0.590813, L1(Flow): 0.546955, Reg: 0.043858
Iter 130 of 180 Loss: 0.567708, L1(Flow): 0.526981, Reg: 0.040727
Iter 140 of 180 Loss: 0.614289, L1(Flow): 0.566809, Reg: 0.047479
Iter 150 of 180 Loss: 0.572199, L1(Flow): 0.525961, Reg: 0.046238
Iter 160 of 180 Loss: 0.569092, L1(Flow): 0.524402, Reg: 0.044690
Iter 170 of 180 Loss: 0.582271, L1(Flow): 0.542314, Reg: 0.039957
Iter 180 of 180 Loss: 0.565709, L1(Flow): 0.523205, Reg: 0.042504
Epoch 183 Loss: 0.577757
Epoch 183 Validation: Mean EPE: 2.4172, Mean SSIM: 0.4374, Mean ZNCC: 0.6028
Epoch 184 starts
Iter 10 of 180 Loss: 0.542563, L1(Flow): 0.501093, Reg: 0.041470
Iter 20 of 180 Loss: 0.577453, L1(Flow): 0.536537, Reg: 0.040916
Iter 30 of 180 Loss: 0.576400, L1(Flow): 0.534138, Reg: 0.042262
Iter 40 of 180 Loss: 0.567473, L1(Flow): 0.526628, Reg: 0.040845
Iter 50 of 180 Loss: 0.581859, L1(Flow): 0.536196, Reg: 0.045663
Iter 60 of 180 Loss: 0.579018, L1(Flow): 0.535923, Reg: 0.043095
Iter 70 of 180 Loss: 0.581311, L1(Flow): 0.540433, Reg: 0.040878
Iter 80 of 180 Loss: 0.558606, L1(Flow): 0.517948, Reg: 0.040658
Iter 90 of 180 Loss: 0.529838, L1(Flow): 0.491835, Reg: 0.038003
Iter 100 of 180 Loss: 0.588649, L1(Flow): 0.545658, Reg: 0.042991
Iter 110 of 180 Loss: 0.629286, L1(Flow): 0.581535, Reg: 0.047751
Iter 120 of 180 Loss: 0.569332, L1(Flow): 0.527440, Reg: 0.041893
Iter 130 of 180 Loss: 0.544759, L1(Flow): 0.506244, Reg: 0.038515
Iter 140 of 180 Loss: 0.547856, L1(Flow): 0.507428, Reg: 0.040428
Iter 150 of 180 Loss: 0.535573, L1(Flow): 0.501170, Reg: 0.034403
Iter 160 of 180 Loss: 0.573332, L1(Flow): 0.531772, Reg: 0.041560
Iter 170 of 180 Loss: 0.549128, L1(Flow): 0.512479, Reg: 0.036649
Iter 180 of 180 Loss: 0.561198, L1(Flow): 0.519154, Reg: 0.042044
Epoch 184 Loss: 0.576165
Epoch 184 Validation: Mean EPE: 2.4141, Mean SSIM: 0.4371, Mean ZNCC: 0.6030
Epoch 185 starts
Iter 10 of 180 Loss: 0.546980, L1(Flow): 0.504819, Reg: 0.042161
Iter 20 of 180 Loss: 0.566679, L1(Flow): 0.526614, Reg: 0.040065
Iter 30 of 180 Loss: 0.542723, L1(Flow): 0.499703, Reg: 0.043020
Iter 40 of 180 Loss: 0.597911, L1(Flow): 0.555558, Reg: 0.042353
Iter 50 of 180 Loss: 0.571940, L1(Flow): 0.529823, Reg: 0.042117
Iter 60 of 180 Loss: 0.602139, L1(Flow): 0.559467, Reg: 0.042673
Iter 70 of 180 Loss: 0.549394, L1(Flow): 0.508885, Reg: 0.040509
Iter 80 of 180 Loss: 0.577147, L1(Flow): 0.534449, Reg: 0.042699
Iter 90 of 180 Loss: 0.624002, L1(Flow): 0.579915, Reg: 0.044087
Iter 100 of 180 Loss: 0.584742, L1(Flow): 0.537067, Reg: 0.047675
Iter 110 of 180 Loss: 0.582097, L1(Flow): 0.538313, Reg: 0.043783
Iter 120 of 180 Loss: 0.565799, L1(Flow): 0.521991, Reg: 0.043808
Iter 130 of 180 Loss: 0.570566, L1(Flow): 0.529930, Reg: 0.040636
Iter 140 of 180 Loss: 0.590338, L1(Flow): 0.549924, Reg: 0.040413
Iter 150 of 180 Loss: 0.553014, L1(Flow): 0.511182, Reg: 0.041832
Iter 160 of 180 Loss: 0.577668, L1(Flow): 0.532351, Reg: 0.045317
Iter 170 of 180 Loss: 0.567666, L1(Flow): 0.526146, Reg: 0.041520
Iter 180 of 180 Loss: 0.603561, L1(Flow): 0.560274, Reg: 0.043287
Epoch 185 Loss: 0.575647
Epoch 185 Validation: Mean EPE: 2.4189, Mean SSIM: 0.4365, Mean ZNCC: 0.6027
Epoch 186 starts
Iter 10 of 180 Loss: 0.556046, L1(Flow): 0.515016, Reg: 0.041030
Iter 20 of 180 Loss: 0.570419, L1(Flow): 0.527084, Reg: 0.043334
Iter 30 of 180 Loss: 0.563442, L1(Flow): 0.520532, Reg: 0.042910
Iter 40 of 180 Loss: 0.586003, L1(Flow): 0.543879, Reg: 0.042124
Iter 50 of 180 Loss: 0.563617, L1(Flow): 0.520917, Reg: 0.042699
Iter 60 of 180 Loss: 0.597322, L1(Flow): 0.556035, Reg: 0.041287
Iter 70 of 180 Loss: 0.615245, L1(Flow): 0.568927, Reg: 0.046318
Iter 80 of 180 Loss: 0.589121, L1(Flow): 0.548689, Reg: 0.040432
Iter 90 of 180 Loss: 0.587355, L1(Flow): 0.544988, Reg: 0.042367
Iter 100 of 180 Loss: 0.565115, L1(Flow): 0.521645, Reg: 0.043470
Iter 110 of 180 Loss: 0.542553, L1(Flow): 0.503100, Reg: 0.039454
Iter 120 of 180 Loss: 0.590906, L1(Flow): 0.547334, Reg: 0.043572
Iter 130 of 180 Loss: 0.586246, L1(Flow): 0.545309, Reg: 0.040937
Iter 140 of 180 Loss: 0.615108, L1(Flow): 0.568089, Reg: 0.047019
Iter 150 of 180 Loss: 0.585537, L1(Flow): 0.543571, Reg: 0.041967
Iter 160 of 180 Loss: 0.574065, L1(Flow): 0.534385, Reg: 0.039680
Iter 170 of 180 Loss: 0.598518, L1(Flow): 0.553674, Reg: 0.044844
Iter 180 of 180 Loss: 0.560013, L1(Flow): 0.521129, Reg: 0.038884
Epoch 186 Loss: 0.578305
Epoch 186 Validation: Mean EPE: 2.4183, Mean SSIM: 0.4367, Mean ZNCC: 0.6027
Epoch 187 starts
Iter 10 of 180 Loss: 0.623610, L1(Flow): 0.578053, Reg: 0.045557
Iter 20 of 180 Loss: 0.595148, L1(Flow): 0.547149, Reg: 0.048000
Iter 30 of 180 Loss: 0.594544, L1(Flow): 0.551331, Reg: 0.043213
Iter 40 of 180 Loss: 0.587955, L1(Flow): 0.542386, Reg: 0.045569
Iter 50 of 180 Loss: 0.554346, L1(Flow): 0.511019, Reg: 0.043327
Iter 60 of 180 Loss: 0.551254, L1(Flow): 0.512224, Reg: 0.039029
Iter 70 of 180 Loss: 0.610767, L1(Flow): 0.567485, Reg: 0.043282
Iter 80 of 180 Loss: 0.595805, L1(Flow): 0.552755, Reg: 0.043050
Iter 90 of 180 Loss: 0.577798, L1(Flow): 0.535989, Reg: 0.041809
Iter 100 of 180 Loss: 0.565134, L1(Flow): 0.523510, Reg: 0.041624
Iter 110 of 180 Loss: 0.559960, L1(Flow): 0.519212, Reg: 0.040747
Iter 120 of 180 Loss: 0.577877, L1(Flow): 0.538881, Reg: 0.038996
Iter 130 of 180 Loss: 0.586856, L1(Flow): 0.542781, Reg: 0.044075
Iter 140 of 180 Loss: 0.596877, L1(Flow): 0.556197, Reg: 0.040680
Iter 150 of 180 Loss: 0.589206, L1(Flow): 0.545215, Reg: 0.043991
Iter 160 of 180 Loss: 0.566290, L1(Flow): 0.525779, Reg: 0.040511
Iter 170 of 180 Loss: 0.576110, L1(Flow): 0.533496, Reg: 0.042614
Iter 180 of 180 Loss: 0.611701, L1(Flow): 0.570064, Reg: 0.041637
Epoch 187 Loss: 0.572464
Epoch 187 Validation: Mean EPE: 2.4127, Mean SSIM: 0.4371, Mean ZNCC: 0.6027
--> Saved to Top 5 best models (EPE: 2.4127)
Epoch 188 starts
Iter 10 of 180 Loss: 0.609858, L1(Flow): 0.567405, Reg: 0.042453
Iter 20 of 180 Loss: 0.578911, L1(Flow): 0.539912, Reg: 0.038999
Iter 30 of 180 Loss: 0.538734, L1(Flow): 0.500433, Reg: 0.038301
Iter 40 of 180 Loss: 0.601437, L1(Flow): 0.555375, Reg: 0.046062
Iter 50 of 180 Loss: 0.584669, L1(Flow): 0.545359, Reg: 0.039310
Iter 60 of 180 Loss: 0.560897, L1(Flow): 0.517863, Reg: 0.043035
Iter 70 of 180 Loss: 0.578967, L1(Flow): 0.537269, Reg: 0.041698
Iter 80 of 180 Loss: 0.581987, L1(Flow): 0.539594, Reg: 0.042393
Iter 90 of 180 Loss: 0.575901, L1(Flow): 0.534432, Reg: 0.041469
Iter 100 of 180 Loss: 0.607460, L1(Flow): 0.563625, Reg: 0.043835
Iter 110 of 180 Loss: 0.524921, L1(Flow): 0.485752, Reg: 0.039169
Iter 120 of 180 Loss: 0.577815, L1(Flow): 0.533062, Reg: 0.044753
Iter 130 of 180 Loss: 0.598020, L1(Flow): 0.554925, Reg: 0.043095
Iter 140 of 180 Loss: 0.543943, L1(Flow): 0.502433, Reg: 0.041510
Iter 150 of 180 Loss: 0.542267, L1(Flow): 0.503916, Reg: 0.038351
Iter 160 of 180 Loss: 0.603566, L1(Flow): 0.560081, Reg: 0.043485
Iter 170 of 180 Loss: 0.536259, L1(Flow): 0.492709, Reg: 0.043550
Iter 180 of 180 Loss: 0.609442, L1(Flow): 0.562479, Reg: 0.046962
Epoch 188 Loss: 0.568715
Epoch 188 Validation: Mean EPE: 2.4105, Mean SSIM: 0.4368, Mean ZNCC: 0.6028
--> Saved to Top 5 best models (EPE: 2.4105)
--> New absolute BEST model updated with EPE: 2.4105
Epoch 189 starts
Iter 10 of 180 Loss: 0.565113, L1(Flow): 0.523537, Reg: 0.041576
Iter 20 of 180 Loss: 0.584335, L1(Flow): 0.542529, Reg: 0.041806
Iter 30 of 180 Loss: 0.584984, L1(Flow): 0.539509, Reg: 0.045476
Iter 40 of 180 Loss: 0.598296, L1(Flow): 0.555597, Reg: 0.042699
Iter 50 of 180 Loss: 0.547563, L1(Flow): 0.502185, Reg: 0.045378
Iter 60 of 180 Loss: 0.558980, L1(Flow): 0.522538, Reg: 0.036441
Iter 70 of 180 Loss: 0.535737, L1(Flow): 0.495410, Reg: 0.040327
Iter 80 of 180 Loss: 0.541965, L1(Flow): 0.499580, Reg: 0.042385
Iter 90 of 180 Loss: 0.539032, L1(Flow): 0.499986, Reg: 0.039046
Iter 100 of 180 Loss: 0.560256, L1(Flow): 0.517051, Reg: 0.043205
Iter 110 of 180 Loss: 0.596318, L1(Flow): 0.551752, Reg: 0.044567
Iter 120 of 180 Loss: 0.612369, L1(Flow): 0.568127, Reg: 0.044243
Iter 130 of 180 Loss: 0.550050, L1(Flow): 0.509354, Reg: 0.040696
Iter 140 of 180 Loss: 0.566557, L1(Flow): 0.527212, Reg: 0.039345
Iter 150 of 180 Loss: 0.575241, L1(Flow): 0.532481, Reg: 0.042761
Iter 160 of 180 Loss: 0.565522, L1(Flow): 0.521895, Reg: 0.043628
Iter 170 of 180 Loss: 0.583396, L1(Flow): 0.538119, Reg: 0.045277
Iter 180 of 180 Loss: 0.566688, L1(Flow): 0.528223, Reg: 0.038465
Epoch 189 Loss: 0.568514
Epoch 189 Validation: Mean EPE: 2.4024, Mean SSIM: 0.4374, Mean ZNCC: 0.6028
--> Saved to Top 5 best models (EPE: 2.4024)
--> New absolute BEST model updated with EPE: 2.4024
Epoch 190 starts
Iter 10 of 180 Loss: 0.597953, L1(Flow): 0.554067, Reg: 0.043886
Iter 20 of 180 Loss: 0.558502, L1(Flow): 0.514930, Reg: 0.043572
Iter 30 of 180 Loss: 0.581345, L1(Flow): 0.543481, Reg: 0.037864
Iter 40 of 180 Loss: 0.558818, L1(Flow): 0.517754, Reg: 0.041064
Iter 50 of 180 Loss: 0.568350, L1(Flow): 0.527136, Reg: 0.041214
Iter 60 of 180 Loss: 0.587543, L1(Flow): 0.541420, Reg: 0.046123
Iter 70 of 180 Loss: 0.610235, L1(Flow): 0.566828, Reg: 0.043407
Iter 80 of 180 Loss: 0.577280, L1(Flow): 0.535703, Reg: 0.041577
Iter 90 of 180 Loss: 0.553237, L1(Flow): 0.513022, Reg: 0.040214
Iter 100 of 180 Loss: 0.583969, L1(Flow): 0.545236, Reg: 0.038733
Iter 110 of 180 Loss: 0.574810, L1(Flow): 0.531875, Reg: 0.042935
Iter 120 of 180 Loss: 0.577126, L1(Flow): 0.533129, Reg: 0.043997
Iter 130 of 180 Loss: 0.596834, L1(Flow): 0.555346, Reg: 0.041489
Iter 140 of 180 Loss: 0.564284, L1(Flow): 0.521463, Reg: 0.042822
Iter 150 of 180 Loss: 0.612397, L1(Flow): 0.567214, Reg: 0.045182
Iter 160 of 180 Loss: 0.557933, L1(Flow): 0.514780, Reg: 0.043153
Iter 170 of 180 Loss: 0.579520, L1(Flow): 0.539259, Reg: 0.040261
Iter 180 of 180 Loss: 0.550504, L1(Flow): 0.508229, Reg: 0.042274
Epoch 190 Loss: 0.573225
Epoch 190 Validation: Mean EPE: 2.4152, Mean SSIM: 0.4369, Mean ZNCC: 0.6028
Epoch 191 starts
Iter 10 of 180 Loss: 0.570901, L1(Flow): 0.531955, Reg: 0.038946
Iter 20 of 180 Loss: 0.558046, L1(Flow): 0.519455, Reg: 0.038591
Iter 30 of 180 Loss: 0.578450, L1(Flow): 0.534891, Reg: 0.043558
Iter 40 of 180 Loss: 0.564634, L1(Flow): 0.524997, Reg: 0.039637
Iter 50 of 180 Loss: 0.603392, L1(Flow): 0.559867, Reg: 0.043525
Iter 60 of 180 Loss: 0.582426, L1(Flow): 0.542198, Reg: 0.040228
Iter 70 of 180 Loss: 0.589742, L1(Flow): 0.545976, Reg: 0.043766
Iter 80 of 180 Loss: 0.577457, L1(Flow): 0.535379, Reg: 0.042078
Iter 90 of 180 Loss: 0.599968, L1(Flow): 0.553819, Reg: 0.046149
Iter 100 of 180 Loss: 0.569859, L1(Flow): 0.527426, Reg: 0.042433
Iter 110 of 180 Loss: 0.556240, L1(Flow): 0.513710, Reg: 0.042530
Iter 120 of 180 Loss: 0.557279, L1(Flow): 0.516948, Reg: 0.040330
Iter 130 of 180 Loss: 0.529959, L1(Flow): 0.494143, Reg: 0.035816
Iter 140 of 180 Loss: 0.573818, L1(Flow): 0.532761, Reg: 0.041057
Iter 150 of 180 Loss: 0.559004, L1(Flow): 0.520749, Reg: 0.038255
Iter 160 of 180 Loss: 0.572790, L1(Flow): 0.531183, Reg: 0.041607
Iter 170 of 180 Loss: 0.567443, L1(Flow): 0.524932, Reg: 0.042511
Iter 180 of 180 Loss: 0.559987, L1(Flow): 0.518430, Reg: 0.041557
Epoch 191 Loss: 0.569773
Epoch 191 Validation: Mean EPE: 2.4290, Mean SSIM: 0.4364, Mean ZNCC: 0.6025
Epoch 192 starts
Iter 10 of 180 Loss: 0.571124, L1(Flow): 0.529362, Reg: 0.041763
Iter 20 of 180 Loss: 0.601542, L1(Flow): 0.558255, Reg: 0.043286
Iter 30 of 180 Loss: 0.605418, L1(Flow): 0.561229, Reg: 0.044190
Iter 40 of 180 Loss: 0.560485, L1(Flow): 0.518932, Reg: 0.041553
Iter 50 of 180 Loss: 0.584641, L1(Flow): 0.543418, Reg: 0.041223
Iter 60 of 180 Loss: 0.587893, L1(Flow): 0.541995, Reg: 0.045899
Iter 70 of 180 Loss: 0.606314, L1(Flow): 0.563476, Reg: 0.042838
Iter 80 of 180 Loss: 0.559463, L1(Flow): 0.516358, Reg: 0.043105
Iter 90 of 180 Loss: 0.567681, L1(Flow): 0.525885, Reg: 0.041796
Iter 100 of 180 Loss: 0.569688, L1(Flow): 0.526392, Reg: 0.043296
Iter 110 of 180 Loss: 0.586418, L1(Flow): 0.544150, Reg: 0.042268
Iter 120 of 180 Loss: 0.562526, L1(Flow): 0.523433, Reg: 0.039093
Iter 130 of 180 Loss: 0.546377, L1(Flow): 0.507348, Reg: 0.039029
Iter 140 of 180 Loss: 0.567922, L1(Flow): 0.527141, Reg: 0.040782
Iter 150 of 180 Loss: 0.587975, L1(Flow): 0.543200, Reg: 0.044775
Iter 160 of 180 Loss: 0.549462, L1(Flow): 0.510712, Reg: 0.038750
Iter 170 of 180 Loss: 0.569323, L1(Flow): 0.528171, Reg: 0.041152
Iter 180 of 180 Loss: 0.538351, L1(Flow): 0.502434, Reg: 0.035917
Epoch 192 Loss: 0.570744
Epoch 192 Validation: Mean EPE: 2.4154, Mean SSIM: 0.4375, Mean ZNCC: 0.6030
Epoch 193 starts
Iter 10 of 180 Loss: 0.579407, L1(Flow): 0.534668, Reg: 0.044739
Iter 20 of 180 Loss: 0.537292, L1(Flow): 0.496377, Reg: 0.040916
Iter 30 of 180 Loss: 0.613112, L1(Flow): 0.574357, Reg: 0.038755
Iter 40 of 180 Loss: 0.539477, L1(Flow): 0.495901, Reg: 0.043576
Iter 50 of 180 Loss: 0.537446, L1(Flow): 0.500067, Reg: 0.037380
Iter 60 of 180 Loss: 0.611691, L1(Flow): 0.561356, Reg: 0.050335
Iter 70 of 180 Loss: 0.596611, L1(Flow): 0.553027, Reg: 0.043584
Iter 80 of 180 Loss: 0.560708, L1(Flow): 0.522037, Reg: 0.038671
Iter 90 of 180 Loss: 0.562302, L1(Flow): 0.523703, Reg: 0.038599
Iter 100 of 180 Loss: 0.553008, L1(Flow): 0.513572, Reg: 0.039436
Iter 110 of 180 Loss: 0.525319, L1(Flow): 0.489687, Reg: 0.035632
Iter 120 of 180 Loss: 0.555357, L1(Flow): 0.513880, Reg: 0.041476
Iter 130 of 180 Loss: 0.568875, L1(Flow): 0.527847, Reg: 0.041028
Iter 140 of 180 Loss: 0.550150, L1(Flow): 0.506744, Reg: 0.043405
Iter 150 of 180 Loss: 0.537467, L1(Flow): 0.498316, Reg: 0.039150
Iter 160 of 180 Loss: 0.534398, L1(Flow): 0.497782, Reg: 0.036616
Iter 170 of 180 Loss: 0.550736, L1(Flow): 0.514023, Reg: 0.036713
Iter 180 of 180 Loss: 0.540432, L1(Flow): 0.500306, Reg: 0.040126
Epoch 193 Loss: 0.568469
Epoch 193 Validation: Mean EPE: 2.4093, Mean SSIM: 0.4372, Mean ZNCC: 0.6030
--> Saved to Top 5 best models (EPE: 2.4093)
Epoch 194 starts
Iter 10 of 180 Loss: 0.570924, L1(Flow): 0.526698, Reg: 0.044226
Iter 20 of 180 Loss: 0.555236, L1(Flow): 0.511008, Reg: 0.044228
Iter 30 of 180 Loss: 0.569005, L1(Flow): 0.528846, Reg: 0.040160
Iter 40 of 180 Loss: 0.542234, L1(Flow): 0.500546, Reg: 0.041688
Iter 50 of 180 Loss: 0.598386, L1(Flow): 0.553589, Reg: 0.044796
Iter 60 of 180 Loss: 0.550011, L1(Flow): 0.509248, Reg: 0.040763
Iter 70 of 180 Loss: 0.567397, L1(Flow): 0.529724, Reg: 0.037673
Iter 80 of 180 Loss: 0.555944, L1(Flow): 0.512975, Reg: 0.042969
Iter 90 of 180 Loss: 0.588620, L1(Flow): 0.545417, Reg: 0.043204
Iter 100 of 180 Loss: 0.533873, L1(Flow): 0.494139, Reg: 0.039734
Iter 110 of 180 Loss: 0.549609, L1(Flow): 0.511058, Reg: 0.038551
Iter 120 of 180 Loss: 0.530235, L1(Flow): 0.487674, Reg: 0.042562
Iter 130 of 180 Loss: 0.564145, L1(Flow): 0.521684, Reg: 0.042461
Iter 140 of 180 Loss: 0.565930, L1(Flow): 0.524894, Reg: 0.041035
Iter 150 of 180 Loss: 0.556142, L1(Flow): 0.514504, Reg: 0.041638
Iter 160 of 180 Loss: 0.557703, L1(Flow): 0.515940, Reg: 0.041763
Iter 170 of 180 Loss: 0.549223, L1(Flow): 0.505999, Reg: 0.043224
Iter 180 of 180 Loss: 0.548707, L1(Flow): 0.508930, Reg: 0.039776
Epoch 194 Loss: 0.562394
Epoch 194 Validation: Mean EPE: 2.4175, Mean SSIM: 0.4372, Mean ZNCC: 0.6028
Epoch 195 starts
Iter 10 of 180 Loss: 0.556937, L1(Flow): 0.515750, Reg: 0.041187
Iter 20 of 180 Loss: 0.537862, L1(Flow): 0.499807, Reg: 0.038055
Iter 30 of 180 Loss: 0.546362, L1(Flow): 0.507497, Reg: 0.038865
Iter 40 of 180 Loss: 0.568069, L1(Flow): 0.520591, Reg: 0.047479
Iter 50 of 180 Loss: 0.546888, L1(Flow): 0.507932, Reg: 0.038957
Iter 60 of 180 Loss: 0.557854, L1(Flow): 0.518175, Reg: 0.039679
Iter 70 of 180 Loss: 0.536150, L1(Flow): 0.497790, Reg: 0.038361
Iter 80 of 180 Loss: 0.561686, L1(Flow): 0.522211, Reg: 0.039475
Iter 90 of 180 Loss: 0.553203, L1(Flow): 0.508945, Reg: 0.044258
Iter 100 of 180 Loss: 0.529943, L1(Flow): 0.491905, Reg: 0.038038
Iter 110 of 180 Loss: 0.550619, L1(Flow): 0.509407, Reg: 0.041212
Iter 120 of 180 Loss: 0.614480, L1(Flow): 0.568214, Reg: 0.046266
Iter 130 of 180 Loss: 0.545744, L1(Flow): 0.503665, Reg: 0.042078
Iter 140 of 180 Loss: 0.568407, L1(Flow): 0.524155, Reg: 0.044251
Iter 150 of 180 Loss: 0.559074, L1(Flow): 0.515621, Reg: 0.043453
Iter 160 of 180 Loss: 0.547344, L1(Flow): 0.507064, Reg: 0.040279
Iter 170 of 180 Loss: 0.551068, L1(Flow): 0.507695, Reg: 0.043373
Iter 180 of 180 Loss: 0.568738, L1(Flow): 0.530384, Reg: 0.038354
Epoch 195 Loss: 0.562617
Epoch 195 Validation: Mean EPE: 2.3986, Mean SSIM: 0.4378, Mean ZNCC: 0.6030
--> Saved to Top 5 best models (EPE: 2.3986)
--> New absolute BEST model updated with EPE: 2.3986
Epoch 196 starts
Iter 10 of 180 Loss: 0.594606, L1(Flow): 0.551987, Reg: 0.042619
Iter 20 of 180 Loss: 0.538193, L1(Flow): 0.500656, Reg: 0.037537
Iter 30 of 180 Loss: 0.563742, L1(Flow): 0.521051, Reg: 0.042691
Iter 40 of 180 Loss: 0.559507, L1(Flow): 0.519315, Reg: 0.040191
Iter 50 of 180 Loss: 0.541584, L1(Flow): 0.501740, Reg: 0.039844
Iter 60 of 180 Loss: 0.592748, L1(Flow): 0.548544, Reg: 0.044204
Iter 70 of 180 Loss: 0.591898, L1(Flow): 0.550605, Reg: 0.041293
Iter 80 of 180 Loss: 0.569574, L1(Flow): 0.525360, Reg: 0.044214
Iter 90 of 180 Loss: 0.531737, L1(Flow): 0.492446, Reg: 0.039291
Iter 100 of 180 Loss: 0.558700, L1(Flow): 0.514154, Reg: 0.044546
Iter 110 of 180 Loss: 0.593793, L1(Flow): 0.556686, Reg: 0.037107
Iter 120 of 180 Loss: 0.575524, L1(Flow): 0.535430, Reg: 0.040094
Iter 130 of 180 Loss: 0.590147, L1(Flow): 0.542610, Reg: 0.047538
Iter 140 of 180 Loss: 0.553147, L1(Flow): 0.512938, Reg: 0.040209
Iter 150 of 180 Loss: 0.566453, L1(Flow): 0.524177, Reg: 0.042276
Iter 160 of 180 Loss: 0.604036, L1(Flow): 0.560603, Reg: 0.043433
Iter 170 of 180 Loss: 0.560945, L1(Flow): 0.519576, Reg: 0.041369
Iter 180 of 180 Loss: 0.557214, L1(Flow): 0.513183, Reg: 0.044031
Epoch 196 Loss: 0.560503
Epoch 196 Validation: Mean EPE: 2.4041, Mean SSIM: 0.4376, Mean ZNCC: 0.6029
--> Saved to Top 5 best models (EPE: 2.4041)
Epoch 197 starts
Iter 10 of 180 Loss: 0.567821, L1(Flow): 0.528853, Reg: 0.038969
Iter 20 of 180 Loss: 0.521159, L1(Flow): 0.482957, Reg: 0.038202
Iter 30 of 180 Loss: 0.576733, L1(Flow): 0.533355, Reg: 0.043378
Iter 40 of 180 Loss: 0.516469, L1(Flow): 0.477907, Reg: 0.038562
Iter 50 of 180 Loss: 0.557097, L1(Flow): 0.514100, Reg: 0.042996
Iter 60 of 180 Loss: 0.574232, L1(Flow): 0.533341, Reg: 0.040891
Iter 70 of 180 Loss: 0.573241, L1(Flow): 0.529125, Reg: 0.044116
Iter 80 of 180 Loss: 0.576311, L1(Flow): 0.532314, Reg: 0.043997
Iter 90 of 180 Loss: 0.535194, L1(Flow): 0.496795, Reg: 0.038398
Iter 100 of 180 Loss: 0.551902, L1(Flow): 0.509795, Reg: 0.042107
Iter 110 of 180 Loss: 0.561239, L1(Flow): 0.515529, Reg: 0.045710
Iter 120 of 180 Loss: 0.541037, L1(Flow): 0.501709, Reg: 0.039328
Iter 130 of 180 Loss: 0.580501, L1(Flow): 0.536570, Reg: 0.043931
Iter 140 of 180 Loss: 0.547250, L1(Flow): 0.510595, Reg: 0.036655
Iter 150 of 180 Loss: 0.564008, L1(Flow): 0.522066, Reg: 0.041942
Iter 160 of 180 Loss: 0.584467, L1(Flow): 0.538401, Reg: 0.046067
Iter 170 of 180 Loss: 0.558165, L1(Flow): 0.519535, Reg: 0.038630
Iter 180 of 180 Loss: 0.586309, L1(Flow): 0.546604, Reg: 0.039705
Epoch 197 Loss: 0.558746
Epoch 197 Validation: Mean EPE: 2.4187, Mean SSIM: 0.4373, Mean ZNCC: 0.6028
Epoch 198 starts
Iter 10 of 180 Loss: 0.499266, L1(Flow): 0.462018, Reg: 0.037248
Iter 20 of 180 Loss: 0.591855, L1(Flow): 0.547530, Reg: 0.044324
Iter 30 of 180 Loss: 0.569051, L1(Flow): 0.525746, Reg: 0.043305
Iter 40 of 180 Loss: 0.533573, L1(Flow): 0.493882, Reg: 0.039690
Iter 50 of 180 Loss: 0.570932, L1(Flow): 0.527658, Reg: 0.043274
Iter 60 of 180 Loss: 0.558600, L1(Flow): 0.518178, Reg: 0.040422
Iter 70 of 180 Loss: 0.597006, L1(Flow): 0.555004, Reg: 0.042002
Iter 80 of 180 Loss: 0.534871, L1(Flow): 0.493962, Reg: 0.040909
Iter 90 of 180 Loss: 0.568278, L1(Flow): 0.524524, Reg: 0.043753
Iter 100 of 180 Loss: 0.559045, L1(Flow): 0.521461, Reg: 0.037583
Iter 110 of 180 Loss: 0.578878, L1(Flow): 0.533325, Reg: 0.045553
Iter 120 of 180 Loss: 0.585705, L1(Flow): 0.541468, Reg: 0.044237
Iter 130 of 180 Loss: 0.572841, L1(Flow): 0.529858, Reg: 0.042983
Iter 140 of 180 Loss: 0.531534, L1(Flow): 0.489048, Reg: 0.042486
Iter 150 of 180 Loss: 0.579454, L1(Flow): 0.534104, Reg: 0.045350
Iter 160 of 180 Loss: 0.570103, L1(Flow): 0.524766, Reg: 0.045336
Iter 170 of 180 Loss: 0.524804, L1(Flow): 0.485080, Reg: 0.039724
Iter 180 of 180 Loss: 0.560873, L1(Flow): 0.518100, Reg: 0.042772
Epoch 198 Loss: 0.558674
Epoch 198 Validation: Mean EPE: 2.4103, Mean SSIM: 0.4373, Mean ZNCC: 0.6028
--> Saved to Top 5 best models (EPE: 2.4103)
Epoch 199 starts
Iter 10 of 180 Loss: 0.534929, L1(Flow): 0.492203, Reg: 0.042726
Iter 20 of 180 Loss: 0.550284, L1(Flow): 0.510872, Reg: 0.039413
Iter 30 of 180 Loss: 0.538091, L1(Flow): 0.495631, Reg: 0.042460
Iter 40 of 180 Loss: 0.561217, L1(Flow): 0.519742, Reg: 0.041475
Iter 50 of 180 Loss: 0.571138, L1(Flow): 0.525750, Reg: 0.045388
Iter 60 of 180 Loss: 0.556586, L1(Flow): 0.513197, Reg: 0.043389
Iter 70 of 180 Loss: 0.581900, L1(Flow): 0.536652, Reg: 0.045248
Iter 80 of 180 Loss: 0.570175, L1(Flow): 0.533706, Reg: 0.036470
Iter 90 of 180 Loss: 0.543368, L1(Flow): 0.500974, Reg: 0.042394
Iter 100 of 180 Loss: 0.573518, L1(Flow): 0.532025, Reg: 0.041493
Iter 110 of 180 Loss: 0.548419, L1(Flow): 0.510150, Reg: 0.038269
Iter 120 of 180 Loss: 0.563720, L1(Flow): 0.519505, Reg: 0.044215
Iter 130 of 180 Loss: 0.564365, L1(Flow): 0.521114, Reg: 0.043251
Iter 140 of 180 Loss: 0.526476, L1(Flow): 0.487030, Reg: 0.039446
Iter 150 of 180 Loss: 0.545841, L1(Flow): 0.504366, Reg: 0.041475
Iter 160 of 180 Loss: 0.555354, L1(Flow): 0.515921, Reg: 0.039433
Iter 170 of 180 Loss: 0.563297, L1(Flow): 0.519641, Reg: 0.043656
Iter 180 of 180 Loss: 0.522888, L1(Flow): 0.483266, Reg: 0.039621
Epoch 199 Loss: 0.557266
Epoch 199 Validation: Mean EPE: 2.4146, Mean SSIM: 0.4373, Mean ZNCC: 0.6027
Epoch 200 starts
Iter 10 of 180 Loss: 0.569111, L1(Flow): 0.528352, Reg: 0.040758
Iter 20 of 180 Loss: 0.556026, L1(Flow): 0.516634, Reg: 0.039393
Iter 30 of 180 Loss: 0.564176, L1(Flow): 0.522202, Reg: 0.041975
Iter 40 of 180 Loss: 0.562820, L1(Flow): 0.521149, Reg: 0.041671
Iter 50 of 180 Loss: 0.569182, L1(Flow): 0.524028, Reg: 0.045153
Iter 60 of 180 Loss: 0.551440, L1(Flow): 0.511216, Reg: 0.040223
Iter 70 of 180 Loss: 0.540781, L1(Flow): 0.500000, Reg: 0.040780
Iter 80 of 180 Loss: 0.559698, L1(Flow): 0.519091, Reg: 0.040606
Iter 90 of 180 Loss: 0.535586, L1(Flow): 0.499048, Reg: 0.036537
Iter 100 of 180 Loss: 0.549848, L1(Flow): 0.508225, Reg: 0.041622
Iter 110 of 180 Loss: 0.528004, L1(Flow): 0.490321, Reg: 0.037682
Iter 120 of 180 Loss: 0.561823, L1(Flow): 0.516717, Reg: 0.045106
Iter 130 of 180 Loss: 0.574698, L1(Flow): 0.532570, Reg: 0.042128
Iter 140 of 180 Loss: 0.566828, L1(Flow): 0.525055, Reg: 0.041773
Iter 150 of 180 Loss: 0.572881, L1(Flow): 0.531605, Reg: 0.041277
Iter 160 of 180 Loss: 0.538277, L1(Flow): 0.497094, Reg: 0.041183
Iter 170 of 180 Loss: 0.554413, L1(Flow): 0.511809, Reg: 0.042605
Iter 180 of 180 Loss: 0.507619, L1(Flow): 0.470290, Reg: 0.037328
Epoch 200 Loss: 0.560522
Epoch 200 Validation: Mean EPE: 2.4077, Mean SSIM: 0.4378, Mean ZNCC: 0.6031
--> Saved to Top 5 best models (EPE: 2.4077)
Epoch 201 starts
Iter 10 of 180 Loss: 0.554260, L1(Flow): 0.514062, Reg: 0.040198
Iter 20 of 180 Loss: 0.533459, L1(Flow): 0.490464, Reg: 0.042994
Iter 30 of 180 Loss: 0.557925, L1(Flow): 0.517376, Reg: 0.040549
Iter 40 of 180 Loss: 0.575478, L1(Flow): 0.531992, Reg: 0.043486
Iter 50 of 180 Loss: 0.555238, L1(Flow): 0.515022, Reg: 0.040216
Iter 60 of 180 Loss: 0.556440, L1(Flow): 0.514659, Reg: 0.041781
Iter 70 of 180 Loss: 0.539096, L1(Flow): 0.500906, Reg: 0.038190
Iter 80 of 180 Loss: 0.515686, L1(Flow): 0.478834, Reg: 0.036852
Iter 90 of 180 Loss: 0.545771, L1(Flow): 0.507416, Reg: 0.038354
Iter 100 of 180 Loss: 0.568213, L1(Flow): 0.529893, Reg: 0.038320
Iter 110 of 180 Loss: 0.570423, L1(Flow): 0.530709, Reg: 0.039715
Iter 120 of 180 Loss: 0.547843, L1(Flow): 0.507599, Reg: 0.040245
Iter 130 of 180 Loss: 0.546664, L1(Flow): 0.506185, Reg: 0.040478
Iter 140 of 180 Loss: 0.604601, L1(Flow): 0.561070, Reg: 0.043532
Iter 150 of 180 Loss: 0.540672, L1(Flow): 0.500179, Reg: 0.040493
Iter 160 of 180 Loss: 0.591136, L1(Flow): 0.551757, Reg: 0.039378
Iter 170 of 180 Loss: 0.545415, L1(Flow): 0.506645, Reg: 0.038769
Iter 180 of 180 Loss: 0.575437, L1(Flow): 0.530990, Reg: 0.044447
Epoch 201 Loss: 0.554315
Epoch 201 Validation: Mean EPE: 2.4202, Mean SSIM: 0.4374, Mean ZNCC: 0.6029
Epoch 202 starts
Iter 10 of 180 Loss: 0.569517, L1(Flow): 0.526015, Reg: 0.043501
Iter 20 of 180 Loss: 0.544774, L1(Flow): 0.501311, Reg: 0.043463
Iter 30 of 180 Loss: 0.527869, L1(Flow): 0.490476, Reg: 0.037393
Iter 40 of 180 Loss: 0.582295, L1(Flow): 0.539054, Reg: 0.043241
Iter 50 of 180 Loss: 0.571001, L1(Flow): 0.528063, Reg: 0.042938
Iter 60 of 180 Loss: 0.534935, L1(Flow): 0.495692, Reg: 0.039242
Iter 70 of 180 Loss: 0.549897, L1(Flow): 0.509481, Reg: 0.040416
Iter 80 of 180 Loss: 0.532832, L1(Flow): 0.490207, Reg: 0.042625
Iter 90 of 180 Loss: 0.535997, L1(Flow): 0.496358, Reg: 0.039639
Iter 100 of 180 Loss: 0.512606, L1(Flow): 0.475934, Reg: 0.036672
Iter 110 of 180 Loss: 0.554747, L1(Flow): 0.515771, Reg: 0.038976
Iter 120 of 180 Loss: 0.531288, L1(Flow): 0.491109, Reg: 0.040179
Iter 130 of 180 Loss: 0.572914, L1(Flow): 0.533406, Reg: 0.039508
Iter 140 of 180 Loss: 0.589669, L1(Flow): 0.544557, Reg: 0.045113
Iter 150 of 180 Loss: 0.543955, L1(Flow): 0.503192, Reg: 0.040763
Iter 160 of 180 Loss: 0.580767, L1(Flow): 0.536727, Reg: 0.044040
Iter 170 of 180 Loss: 0.554323, L1(Flow): 0.513747, Reg: 0.040576
Iter 180 of 180 Loss: 0.591125, L1(Flow): 0.550803, Reg: 0.040322
Epoch 202 Loss: 0.551634
Epoch 202 Validation: Mean EPE: 2.4092, Mean SSIM: 0.4373, Mean ZNCC: 0.6029
--> Saved to Top 5 best models (EPE: 2.4092)
Epoch 203 starts
Iter 10 of 180 Loss: 0.538480, L1(Flow): 0.496118, Reg: 0.042363
Iter 20 of 180 Loss: 0.529141, L1(Flow): 0.491540, Reg: 0.037600
Iter 30 of 180 Loss: 0.526734, L1(Flow): 0.487793, Reg: 0.038940
Iter 40 of 180 Loss: 0.553196, L1(Flow): 0.508683, Reg: 0.044513
Iter 50 of 180 Loss: 0.524827, L1(Flow): 0.484810, Reg: 0.040017
Iter 60 of 180 Loss: 0.539019, L1(Flow): 0.499314, Reg: 0.039705
Iter 70 of 180 Loss: 0.548124, L1(Flow): 0.508417, Reg: 0.039707
Iter 80 of 180 Loss: 0.519906, L1(Flow): 0.481223, Reg: 0.038682
Iter 90 of 180 Loss: 0.539056, L1(Flow): 0.497488, Reg: 0.041568
Iter 100 of 180 Loss: 0.557884, L1(Flow): 0.514155, Reg: 0.043730
Iter 110 of 180 Loss: 0.530123, L1(Flow): 0.490218, Reg: 0.039905
Iter 120 of 180 Loss: 0.540904, L1(Flow): 0.501671, Reg: 0.039233
Iter 130 of 180 Loss: 0.586920, L1(Flow): 0.545999, Reg: 0.040920
Iter 140 of 180 Loss: 0.560986, L1(Flow): 0.512326, Reg: 0.048660
Iter 150 of 180 Loss: 0.511024, L1(Flow): 0.469809, Reg: 0.041215
Iter 160 of 180 Loss: 0.546417, L1(Flow): 0.505616, Reg: 0.040802
Iter 170 of 180 Loss: 0.560469, L1(Flow): 0.518709, Reg: 0.041760
Iter 180 of 180 Loss: 0.533674, L1(Flow): 0.495411, Reg: 0.038263
Epoch 203 Loss: 0.551403
Epoch 203 Validation: Mean EPE: 2.4094, Mean SSIM: 0.4372, Mean ZNCC: 0.6028
Epoch 204 starts
Iter 10 of 180 Loss: 0.538909, L1(Flow): 0.502620, Reg: 0.036289
Iter 20 of 180 Loss: 0.517807, L1(Flow): 0.475691, Reg: 0.042116
Iter 30 of 180 Loss: 0.553485, L1(Flow): 0.511548, Reg: 0.041937
Iter 40 of 180 Loss: 0.566781, L1(Flow): 0.522808, Reg: 0.043973
Iter 50 of 180 Loss: 0.521713, L1(Flow): 0.482831, Reg: 0.038882
Iter 60 of 180 Loss: 0.520260, L1(Flow): 0.480377, Reg: 0.039883
Iter 70 of 180 Loss: 0.536648, L1(Flow): 0.498184, Reg: 0.038464
Iter 80 of 180 Loss: 0.552209, L1(Flow): 0.511475, Reg: 0.040734
Iter 90 of 180 Loss: 0.554971, L1(Flow): 0.510927, Reg: 0.044045
Iter 100 of 180 Loss: 0.568628, L1(Flow): 0.527957, Reg: 0.040672
Iter 110 of 180 Loss: 0.519050, L1(Flow): 0.482354, Reg: 0.036696
Iter 120 of 180 Loss: 0.579961, L1(Flow): 0.539063, Reg: 0.040898
Iter 130 of 180 Loss: 0.580595, L1(Flow): 0.540724, Reg: 0.039871
Iter 140 of 180 Loss: 0.508405, L1(Flow): 0.469016, Reg: 0.039389
Iter 150 of 180 Loss: 0.543133, L1(Flow): 0.501046, Reg: 0.042087
Iter 160 of 180 Loss: 0.568757, L1(Flow): 0.527045, Reg: 0.041712
Iter 170 of 180 Loss: 0.595690, L1(Flow): 0.553191, Reg: 0.042499
Iter 180 of 180 Loss: 0.579970, L1(Flow): 0.540209, Reg: 0.039760
Epoch 204 Loss: 0.550104
Epoch 204 Validation: Mean EPE: 2.4178, Mean SSIM: 0.4375, Mean ZNCC: 0.6028
Epoch 205 starts
Iter 10 of 180 Loss: 0.598603, L1(Flow): 0.554136, Reg: 0.044467
Iter 20 of 180 Loss: 0.520685, L1(Flow): 0.480114, Reg: 0.040570
Iter 30 of 180 Loss: 0.537337, L1(Flow): 0.498781, Reg: 0.038556
Iter 40 of 180 Loss: 0.538529, L1(Flow): 0.498328, Reg: 0.040201
Iter 50 of 180 Loss: 0.533139, L1(Flow): 0.490514, Reg: 0.042625
Iter 60 of 180 Loss: 0.562053, L1(Flow): 0.519651, Reg: 0.042403
Iter 70 of 180 Loss: 0.546959, L1(Flow): 0.503699, Reg: 0.043260
Iter 80 of 180 Loss: 0.543484, L1(Flow): 0.506918, Reg: 0.036566
Iter 90 of 180 Loss: 0.558975, L1(Flow): 0.517887, Reg: 0.041088
Iter 100 of 180 Loss: 0.531646, L1(Flow): 0.491051, Reg: 0.040595
Iter 110 of 180 Loss: 0.562958, L1(Flow): 0.517283, Reg: 0.045675
Iter 120 of 180 Loss: 0.520925, L1(Flow): 0.483954, Reg: 0.036971
Iter 130 of 180 Loss: 0.534522, L1(Flow): 0.491953, Reg: 0.042569
Iter 140 of 180 Loss: 0.545660, L1(Flow): 0.505959, Reg: 0.039701
Iter 150 of 180 Loss: 0.560157, L1(Flow): 0.518112, Reg: 0.042044
Iter 160 of 180 Loss: 0.538382, L1(Flow): 0.501618, Reg: 0.036764
Iter 170 of 180 Loss: 0.532579, L1(Flow): 0.492884, Reg: 0.039695
Iter 180 of 180 Loss: 0.523636, L1(Flow): 0.481088, Reg: 0.042548
Epoch 205 Loss: 0.546788
Epoch 205 Validation: Mean EPE: 2.4116, Mean SSIM: 0.4375, Mean ZNCC: 0.6029
Epoch 206 starts
Iter 10 of 180 Loss: 0.538903, L1(Flow): 0.499097, Reg: 0.039806
Iter 20 of 180 Loss: 0.537062, L1(Flow): 0.494791, Reg: 0.042271
Iter 30 of 180 Loss: 0.550168, L1(Flow): 0.507769, Reg: 0.042399
Iter 40 of 180 Loss: 0.530787, L1(Flow): 0.492484, Reg: 0.038303
Iter 50 of 180 Loss: 0.548411, L1(Flow): 0.505314, Reg: 0.043097
Iter 60 of 180 Loss: 0.530179, L1(Flow): 0.489744, Reg: 0.040434
Iter 70 of 180 Loss: 0.535875, L1(Flow): 0.496429, Reg: 0.039446
Iter 80 of 180 Loss: 0.547194, L1(Flow): 0.502962, Reg: 0.044232
Iter 90 of 180 Loss: 0.547491, L1(Flow): 0.507651, Reg: 0.039841
Iter 100 of 180 Loss: 0.546182, L1(Flow): 0.505808, Reg: 0.040374
Iter 110 of 180 Loss: 0.557257, L1(Flow): 0.517183, Reg: 0.040074
Iter 120 of 180 Loss: 0.576281, L1(Flow): 0.535689, Reg: 0.040592
Iter 130 of 180 Loss: 0.554147, L1(Flow): 0.511281, Reg: 0.042866
Iter 140 of 180 Loss: 0.574391, L1(Flow): 0.533530, Reg: 0.040861
Iter 150 of 180 Loss: 0.523607, L1(Flow): 0.485807, Reg: 0.037801
Iter 160 of 180 Loss: 0.566055, L1(Flow): 0.526058, Reg: 0.039998
Iter 170 of 180 Loss: 0.517704, L1(Flow): 0.478525, Reg: 0.039179
Iter 180 of 180 Loss: 0.545454, L1(Flow): 0.506100, Reg: 0.039354
Epoch 206 Loss: 0.549773
Epoch 206 Validation: Mean EPE: 2.4096, Mean SSIM: 0.4373, Mean ZNCC: 0.6029
Epoch 207 starts
Iter 10 of 180 Loss: 0.541261, L1(Flow): 0.498640, Reg: 0.042621
Iter 20 of 180 Loss: 0.563365, L1(Flow): 0.520551, Reg: 0.042815
Iter 30 of 180 Loss: 0.566573, L1(Flow): 0.525130, Reg: 0.041443
Iter 40 of 180 Loss: 0.522640, L1(Flow): 0.485291, Reg: 0.037349
Iter 50 of 180 Loss: 0.544191, L1(Flow): 0.502479, Reg: 0.041712
Iter 60 of 180 Loss: 0.530790, L1(Flow): 0.492246, Reg: 0.038544
Iter 70 of 180 Loss: 0.539044, L1(Flow): 0.500210, Reg: 0.038834
Iter 80 of 180 Loss: 0.544127, L1(Flow): 0.503272, Reg: 0.040855
Iter 90 of 180 Loss: 0.539604, L1(Flow): 0.496181, Reg: 0.043423
Iter 100 of 180 Loss: 0.535701, L1(Flow): 0.494353, Reg: 0.041348
Iter 110 of 180 Loss: 0.570457, L1(Flow): 0.527490, Reg: 0.042967
Iter 120 of 180 Loss: 0.520371, L1(Flow): 0.480325, Reg: 0.040046
Iter 130 of 180 Loss: 0.540491, L1(Flow): 0.502554, Reg: 0.037937
Iter 140 of 180 Loss: 0.584513, L1(Flow): 0.543040, Reg: 0.041473
Iter 150 of 180 Loss: 0.558122, L1(Flow): 0.513681, Reg: 0.044441
Iter 160 of 180 Loss: 0.529619, L1(Flow): 0.489542, Reg: 0.040077
Iter 170 of 180 Loss: 0.571521, L1(Flow): 0.529165, Reg: 0.042356
Iter 180 of 180 Loss: 0.553506, L1(Flow): 0.510440, Reg: 0.043065
Epoch 207 Loss: 0.546259
Epoch 207 Validation: Mean EPE: 2.4234, Mean SSIM: 0.4372, Mean ZNCC: 0.6028
Epoch 208 starts
Iter 10 of 180 Loss: 0.641682, L1(Flow): 0.599613, Reg: 0.042069
Iter 20 of 180 Loss: 0.585479, L1(Flow): 0.541479, Reg: 0.044001
Iter 30 of 180 Loss: 0.546130, L1(Flow): 0.505158, Reg: 0.040972
Iter 40 of 180 Loss: 0.517281, L1(Flow): 0.479072, Reg: 0.038209
Iter 50 of 180 Loss: 0.555090, L1(Flow): 0.514112, Reg: 0.040978
Iter 60 of 180 Loss: 0.567001, L1(Flow): 0.526331, Reg: 0.040670
Iter 70 of 180 Loss: 0.533596, L1(Flow): 0.492923, Reg: 0.040673
Iter 80 of 180 Loss: 0.562018, L1(Flow): 0.521324, Reg: 0.040694
Iter 90 of 180 Loss: 0.578893, L1(Flow): 0.538256, Reg: 0.040636
Iter 100 of 180 Loss: 0.557052, L1(Flow): 0.514747, Reg: 0.042305
Iter 110 of 180 Loss: 0.543401, L1(Flow): 0.502119, Reg: 0.041283
Iter 120 of 180 Loss: 0.564380, L1(Flow): 0.525326, Reg: 0.039054
Iter 130 of 180 Loss: 0.554946, L1(Flow): 0.507005, Reg: 0.047941
Iter 140 of 180 Loss: 0.527103, L1(Flow): 0.486126, Reg: 0.040977
Iter 150 of 180 Loss: 0.557008, L1(Flow): 0.514695, Reg: 0.042313
Iter 160 of 180 Loss: 0.509197, L1(Flow): 0.470091, Reg: 0.039106
Iter 170 of 180 Loss: 0.556635, L1(Flow): 0.514146, Reg: 0.042489
Iter 180 of 180 Loss: 0.556102, L1(Flow): 0.517757, Reg: 0.038344
Epoch 208 Loss: 0.550344
Epoch 208 Validation: Mean EPE: 2.4146, Mean SSIM: 0.4377, Mean ZNCC: 0.6029
Epoch 209 starts
Iter 10 of 180 Loss: 0.555709, L1(Flow): 0.513222, Reg: 0.042486
Iter 20 of 180 Loss: 0.554112, L1(Flow): 0.513057, Reg: 0.041054
Iter 30 of 180 Loss: 0.551242, L1(Flow): 0.508000, Reg: 0.043242
Iter 40 of 180 Loss: 0.531448, L1(Flow): 0.489986, Reg: 0.041462
Iter 50 of 180 Loss: 0.552943, L1(Flow): 0.510239, Reg: 0.042703
Iter 60 of 180 Loss: 0.515884, L1(Flow): 0.475127, Reg: 0.040757
Iter 70 of 180 Loss: 0.527599, L1(Flow): 0.487433, Reg: 0.040166
Iter 80 of 180 Loss: 0.511481, L1(Flow): 0.471510, Reg: 0.039971
Iter 90 of 180 Loss: 0.514112, L1(Flow): 0.479121, Reg: 0.034991
Iter 100 of 180 Loss: 0.566107, L1(Flow): 0.522543, Reg: 0.043564
Iter 110 of 180 Loss: 0.544431, L1(Flow): 0.500887, Reg: 0.043545
Iter 120 of 180 Loss: 0.562181, L1(Flow): 0.516506, Reg: 0.045675
Iter 130 of 180 Loss: 0.565943, L1(Flow): 0.526438, Reg: 0.039505
Iter 140 of 180 Loss: 0.546461, L1(Flow): 0.505422, Reg: 0.041038
Iter 150 of 180 Loss: 0.535111, L1(Flow): 0.496942, Reg: 0.038169
Iter 160 of 180 Loss: 0.566424, L1(Flow): 0.519922, Reg: 0.046502
Iter 170 of 180 Loss: 0.563179, L1(Flow): 0.520161, Reg: 0.043019
Iter 180 of 180 Loss: 0.549690, L1(Flow): 0.511713, Reg: 0.037977
Epoch 209 Loss: 0.547835
Epoch 209 Validation: Mean EPE: 2.4159, Mean SSIM: 0.4372, Mean ZNCC: 0.6027
Epoch 210 starts
Iter 10 of 180 Loss: 0.545828, L1(Flow): 0.506663, Reg: 0.039165
Iter 20 of 180 Loss: 0.530739, L1(Flow): 0.489936, Reg: 0.040803
Iter 30 of 180 Loss: 0.562429, L1(Flow): 0.522042, Reg: 0.040387
Iter 40 of 180 Loss: 0.534403, L1(Flow): 0.493880, Reg: 0.040523
Iter 50 of 180 Loss: 0.543732, L1(Flow): 0.501890, Reg: 0.041841
Iter 60 of 180 Loss: 0.521807, L1(Flow): 0.483447, Reg: 0.038360
Iter 70 of 180 Loss: 0.539528, L1(Flow): 0.498911, Reg: 0.040617
Iter 80 of 180 Loss: 0.513270, L1(Flow): 0.474457, Reg: 0.038814
Iter 90 of 180 Loss: 0.521242, L1(Flow): 0.484793, Reg: 0.036449
Iter 100 of 180 Loss: 0.531620, L1(Flow): 0.492834, Reg: 0.038787
Iter 110 of 180 Loss: 0.534192, L1(Flow): 0.495679, Reg: 0.038513
Iter 120 of 180 Loss: 0.529731, L1(Flow): 0.487384, Reg: 0.042347
Iter 130 of 180 Loss: 0.545434, L1(Flow): 0.505225, Reg: 0.040209
Iter 140 of 180 Loss: 0.546323, L1(Flow): 0.504090, Reg: 0.042233
Iter 150 of 180 Loss: 0.536629, L1(Flow): 0.493129, Reg: 0.043500
Iter 160 of 180 Loss: 0.559434, L1(Flow): 0.516337, Reg: 0.043097
Iter 170 of 180 Loss: 0.568655, L1(Flow): 0.522440, Reg: 0.046214
Iter 180 of 180 Loss: 0.481208, L1(Flow): 0.445430, Reg: 0.035778
Epoch 210 Loss: 0.541155
Epoch 210 Validation: Mean EPE: 2.4122, Mean SSIM: 0.4374, Mean ZNCC: 0.6029
Epoch 211 starts
Iter 10 of 180 Loss: 0.552319, L1(Flow): 0.509549, Reg: 0.042770
Iter 20 of 180 Loss: 0.555035, L1(Flow): 0.513534, Reg: 0.041500
Iter 30 of 180 Loss: 0.546782, L1(Flow): 0.504751, Reg: 0.042031
Iter 40 of 180 Loss: 0.531452, L1(Flow): 0.491459, Reg: 0.039993
Iter 50 of 180 Loss: 0.545588, L1(Flow): 0.506617, Reg: 0.038971
Iter 60 of 180 Loss: 0.543585, L1(Flow): 0.501499, Reg: 0.042085
Iter 70 of 180 Loss: 0.553439, L1(Flow): 0.514111, Reg: 0.039328
Iter 80 of 180 Loss: 0.576809, L1(Flow): 0.533603, Reg: 0.043205
Iter 90 of 180 Loss: 0.523411, L1(Flow): 0.482873, Reg: 0.040538
Iter 100 of 180 Loss: 0.539134, L1(Flow): 0.499122, Reg: 0.040012
Iter 110 of 180 Loss: 0.564215, L1(Flow): 0.525797, Reg: 0.038419
Iter 120 of 180 Loss: 0.513876, L1(Flow): 0.474632, Reg: 0.039244
Iter 130 of 180 Loss: 0.564861, L1(Flow): 0.521810, Reg: 0.043051
Iter 140 of 180 Loss: 0.538472, L1(Flow): 0.499039, Reg: 0.039434
Iter 150 of 180 Loss: 0.573209, L1(Flow): 0.533671, Reg: 0.039538
Iter 160 of 180 Loss: 0.587376, L1(Flow): 0.547221, Reg: 0.040155
Iter 170 of 180 Loss: 0.560367, L1(Flow): 0.518234, Reg: 0.042134
Iter 180 of 180 Loss: 0.557292, L1(Flow): 0.516779, Reg: 0.040513
Epoch 211 Loss: 0.540500
Epoch 211 Validation: Mean EPE: 2.4123, Mean SSIM: 0.4377, Mean ZNCC: 0.6029
Epoch 212 starts
Iter 10 of 180 Loss: 0.548625, L1(Flow): 0.508481, Reg: 0.040144
Iter 20 of 180 Loss: 0.548840, L1(Flow): 0.504620, Reg: 0.044219
Iter 30 of 180 Loss: 0.535053, L1(Flow): 0.493281, Reg: 0.041772
Iter 40 of 180 Loss: 0.527004, L1(Flow): 0.485701, Reg: 0.041303
Iter 50 of 180 Loss: 0.523656, L1(Flow): 0.481968, Reg: 0.041688
Iter 60 of 180 Loss: 0.541651, L1(Flow): 0.501178, Reg: 0.040473
Iter 70 of 180 Loss: 0.513045, L1(Flow): 0.474681, Reg: 0.038364
Iter 80 of 180 Loss: 0.534636, L1(Flow): 0.495806, Reg: 0.038830
Iter 90 of 180 Loss: 0.517643, L1(Flow): 0.478672, Reg: 0.038971
Iter 100 of 180 Loss: 0.572842, L1(Flow): 0.530343, Reg: 0.042499
Iter 110 of 180 Loss: 0.538426, L1(Flow): 0.499111, Reg: 0.039315
Iter 120 of 180 Loss: 0.526594, L1(Flow): 0.484302, Reg: 0.042292
Iter 130 of 180 Loss: 0.542307, L1(Flow): 0.503140, Reg: 0.039167
Iter 140 of 180 Loss: 0.522402, L1(Flow): 0.480762, Reg: 0.041640
Iter 150 of 180 Loss: 0.556583, L1(Flow): 0.513495, Reg: 0.043088
Iter 160 of 180 Loss: 0.566055, L1(Flow): 0.523650, Reg: 0.042405
Iter 170 of 180 Loss: 0.548545, L1(Flow): 0.507081, Reg: 0.041464
Iter 180 of 180 Loss: 0.526243, L1(Flow): 0.491375, Reg: 0.034868
Epoch 212 Loss: 0.540086
Epoch 212 Validation: Mean EPE: 2.4089, Mean SSIM: 0.4383, Mean ZNCC: 0.6030
--> Saved to Top 5 best models (EPE: 2.4089)
Epoch 213 starts
Iter 10 of 180 Loss: 0.520472, L1(Flow): 0.479160, Reg: 0.041312
Iter 20 of 180 Loss: 0.509837, L1(Flow): 0.467979, Reg: 0.041858
Iter 30 of 180 Loss: 0.504087, L1(Flow): 0.469504, Reg: 0.034584
Iter 40 of 180 Loss: 0.560763, L1(Flow): 0.519875, Reg: 0.040888
Iter 50 of 180 Loss: 0.539045, L1(Flow): 0.498320, Reg: 0.040725
Iter 60 of 180 Loss: 0.538813, L1(Flow): 0.494641, Reg: 0.044171
Iter 70 of 180 Loss: 0.531686, L1(Flow): 0.489611, Reg: 0.042075
Iter 80 of 180 Loss: 0.548568, L1(Flow): 0.505692, Reg: 0.042876
Iter 90 of 180 Loss: 0.526525, L1(Flow): 0.486362, Reg: 0.040163
Iter 100 of 180 Loss: 0.537485, L1(Flow): 0.496884, Reg: 0.040602
Iter 110 of 180 Loss: 0.536453, L1(Flow): 0.493758, Reg: 0.042695
Iter 120 of 180 Loss: 0.512341, L1(Flow): 0.474262, Reg: 0.038079
Iter 130 of 180 Loss: 0.516614, L1(Flow): 0.476233, Reg: 0.040381
Iter 140 of 180 Loss: 0.509118, L1(Flow): 0.467841, Reg: 0.041277
Iter 150 of 180 Loss: 0.529501, L1(Flow): 0.488778, Reg: 0.040724
Iter 160 of 180 Loss: 0.516009, L1(Flow): 0.476458, Reg: 0.039551
Iter 170 of 180 Loss: 0.578323, L1(Flow): 0.536221, Reg: 0.042102
Iter 180 of 180 Loss: 0.546447, L1(Flow): 0.502553, Reg: 0.043894
Epoch 213 Loss: 0.536443
Epoch 213 Validation: Mean EPE: 2.4102, Mean SSIM: 0.4378, Mean ZNCC: 0.6029
Epoch 214 starts
Iter 10 of 180 Loss: 0.543805, L1(Flow): 0.503246, Reg: 0.040559
Iter 20 of 180 Loss: 0.510451, L1(Flow): 0.469639, Reg: 0.040812
Iter 30 of 180 Loss: 0.539589, L1(Flow): 0.500974, Reg: 0.038616
Iter 40 of 180 Loss: 0.513479, L1(Flow): 0.474300, Reg: 0.039179
Iter 50 of 180 Loss: 0.540524, L1(Flow): 0.500520, Reg: 0.040004
Iter 60 of 180 Loss: 0.524710, L1(Flow): 0.487016, Reg: 0.037694
Iter 70 of 180 Loss: 0.518225, L1(Flow): 0.476165, Reg: 0.042060
Iter 80 of 180 Loss: 0.577782, L1(Flow): 0.535198, Reg: 0.042584
Iter 90 of 180 Loss: 0.532442, L1(Flow): 0.489273, Reg: 0.043169
Iter 100 of 180 Loss: 0.534146, L1(Flow): 0.497086, Reg: 0.037059
Iter 110 of 180 Loss: 0.519102, L1(Flow): 0.483421, Reg: 0.035681
Iter 120 of 180 Loss: 0.535474, L1(Flow): 0.494047, Reg: 0.041428
Iter 130 of 180 Loss: 0.567584, L1(Flow): 0.519478, Reg: 0.048106
Iter 140 of 180 Loss: 0.524061, L1(Flow): 0.484920, Reg: 0.039141
Iter 150 of 180 Loss: 0.527949, L1(Flow): 0.491139, Reg: 0.036810
Iter 160 of 180 Loss: 0.542498, L1(Flow): 0.501144, Reg: 0.041354
Iter 170 of 180 Loss: 0.556790, L1(Flow): 0.513312, Reg: 0.043477
Iter 180 of 180 Loss: 0.543123, L1(Flow): 0.505073, Reg: 0.038050
Epoch 214 Loss: 0.540318
Epoch 214 Validation: Mean EPE: 2.4175, Mean SSIM: 0.4375, Mean ZNCC: 0.6029
Epoch 215 starts
Iter 10 of 180 Loss: 0.536766, L1(Flow): 0.496991, Reg: 0.039775
Iter 20 of 180 Loss: 0.563691, L1(Flow): 0.521850, Reg: 0.041841
Iter 30 of 180 Loss: 0.541184, L1(Flow): 0.500217, Reg: 0.040967
Iter 40 of 180 Loss: 0.547376, L1(Flow): 0.504886, Reg: 0.042490
Iter 50 of 180 Loss: 0.528482, L1(Flow): 0.488427, Reg: 0.040055
Iter 60 of 180 Loss: 0.516842, L1(Flow): 0.476260, Reg: 0.040581
Iter 70 of 180 Loss: 0.509275, L1(Flow): 0.471411, Reg: 0.037864
Iter 80 of 180 Loss: 0.541070, L1(Flow): 0.498075, Reg: 0.042995
Iter 90 of 180 Loss: 0.525791, L1(Flow): 0.487285, Reg: 0.038506
Iter 100 of 180 Loss: 0.504802, L1(Flow): 0.466257, Reg: 0.038545
Iter 110 of 180 Loss: 0.555235, L1(Flow): 0.514386, Reg: 0.040848
Iter 120 of 180 Loss: 0.515595, L1(Flow): 0.478168, Reg: 0.037427
Iter 130 of 180 Loss: 0.551958, L1(Flow): 0.506560, Reg: 0.045399
Iter 140 of 180 Loss: 0.543020, L1(Flow): 0.502147, Reg: 0.040873
Iter 150 of 180 Loss: 0.544562, L1(Flow): 0.504354, Reg: 0.040208
Iter 160 of 180 Loss: 0.581611, L1(Flow): 0.545090, Reg: 0.036521
Iter 170 of 180 Loss: 0.539523, L1(Flow): 0.500748, Reg: 0.038775
Iter 180 of 180 Loss: 0.526841, L1(Flow): 0.490553, Reg: 0.036288
Epoch 215 Loss: 0.540210
Epoch 215 Validation: Mean EPE: 2.3995, Mean SSIM: 0.4385, Mean ZNCC: 0.6032
--> Saved to Top 5 best models (EPE: 2.3995)
Epoch 216 starts
Iter 10 of 180 Loss: 0.555927, L1(Flow): 0.512880, Reg: 0.043047
Iter 20 of 180 Loss: 0.536520, L1(Flow): 0.498256, Reg: 0.038263
Iter 30 of 180 Loss: 0.574002, L1(Flow): 0.533041, Reg: 0.040961
Iter 40 of 180 Loss: 0.568965, L1(Flow): 0.523944, Reg: 0.045021
Iter 50 of 180 Loss: 0.519188, L1(Flow): 0.482205, Reg: 0.036983
Iter 60 of 180 Loss: 0.537142, L1(Flow): 0.497117, Reg: 0.040025
Iter 70 of 180 Loss: 0.531083, L1(Flow): 0.491748, Reg: 0.039335
Iter 80 of 180 Loss: 0.521524, L1(Flow): 0.481944, Reg: 0.039580
Iter 90 of 180 Loss: 0.519328, L1(Flow): 0.479966, Reg: 0.039363
Iter 100 of 180 Loss: 0.531792, L1(Flow): 0.493297, Reg: 0.038495
Iter 110 of 180 Loss: 0.566369, L1(Flow): 0.517628, Reg: 0.048741
Iter 120 of 180 Loss: 0.541201, L1(Flow): 0.502523, Reg: 0.038678
Iter 130 of 180 Loss: 0.551383, L1(Flow): 0.509040, Reg: 0.042343
Iter 140 of 180 Loss: 0.507154, L1(Flow): 0.469737, Reg: 0.037417
Iter 150 of 180 Loss: 0.527015, L1(Flow): 0.487913, Reg: 0.039101
Iter 160 of 180 Loss: 0.521523, L1(Flow): 0.480717, Reg: 0.040807
Iter 170 of 180 Loss: 0.530660, L1(Flow): 0.489531, Reg: 0.041128
Iter 180 of 180 Loss: 0.574999, L1(Flow): 0.533725, Reg: 0.041275
Epoch 216 Loss: 0.544676
Epoch 216 Validation: Mean EPE: 2.4143, Mean SSIM: 0.4374, Mean ZNCC: 0.6028
Epoch 217 starts
Iter 10 of 180 Loss: 0.509061, L1(Flow): 0.473223, Reg: 0.035838
Iter 20 of 180 Loss: 0.520088, L1(Flow): 0.475823, Reg: 0.044264
Iter 30 of 180 Loss: 0.564671, L1(Flow): 0.524063, Reg: 0.040608
Iter 40 of 180 Loss: 0.531442, L1(Flow): 0.492471, Reg: 0.038971
Iter 50 of 180 Loss: 0.550525, L1(Flow): 0.508745, Reg: 0.041780
Iter 60 of 180 Loss: 0.582192, L1(Flow): 0.537762, Reg: 0.044429
Iter 70 of 180 Loss: 0.545877, L1(Flow): 0.503902, Reg: 0.041975
Iter 80 of 180 Loss: 0.540423, L1(Flow): 0.499899, Reg: 0.040523
Iter 90 of 180 Loss: 0.514435, L1(Flow): 0.478580, Reg: 0.035855
Iter 100 of 180 Loss: 0.554556, L1(Flow): 0.515316, Reg: 0.039240
Iter 110 of 180 Loss: 0.538788, L1(Flow): 0.499068, Reg: 0.039719
Iter 120 of 180 Loss: 0.528700, L1(Flow): 0.489537, Reg: 0.039163
Iter 130 of 180 Loss: 0.544559, L1(Flow): 0.501117, Reg: 0.043442
Iter 140 of 180 Loss: 0.553445, L1(Flow): 0.514095, Reg: 0.039350
Iter 150 of 180 Loss: 0.560458, L1(Flow): 0.514202, Reg: 0.046256
Iter 160 of 180 Loss: 0.582806, L1(Flow): 0.543352, Reg: 0.039454
Iter 170 of 180 Loss: 0.541922, L1(Flow): 0.502633, Reg: 0.039289
Iter 180 of 180 Loss: 0.541114, L1(Flow): 0.502057, Reg: 0.039058
Epoch 217 Loss: 0.538531
Epoch 217 Validation: Mean EPE: 2.4057, Mean SSIM: 0.4380, Mean ZNCC: 0.6030
--> Saved to Top 5 best models (EPE: 2.4057)
Epoch 218 starts
Iter 10 of 180 Loss: 0.537903, L1(Flow): 0.494916, Reg: 0.042987
Iter 20 of 180 Loss: 0.539204, L1(Flow): 0.497475, Reg: 0.041729
Iter 30 of 180 Loss: 0.517493, L1(Flow): 0.477866, Reg: 0.039627
Iter 40 of 180 Loss: 0.519163, L1(Flow): 0.482478, Reg: 0.036684
Iter 50 of 180 Loss: 0.568894, L1(Flow): 0.527239, Reg: 0.041655
Iter 60 of 180 Loss: 0.538621, L1(Flow): 0.498811, Reg: 0.039810
Iter 70 of 180 Loss: 0.531488, L1(Flow): 0.490239, Reg: 0.041249
Iter 80 of 180 Loss: 0.535142, L1(Flow): 0.498237, Reg: 0.036905
Iter 90 of 180 Loss: 0.533360, L1(Flow): 0.495230, Reg: 0.038129
Iter 100 of 180 Loss: 0.547414, L1(Flow): 0.503468, Reg: 0.043947
Iter 110 of 180 Loss: 0.543532, L1(Flow): 0.504333, Reg: 0.039198
Iter 120 of 180 Loss: 0.558969, L1(Flow): 0.515128, Reg: 0.043840
Iter 130 of 180 Loss: 0.560098, L1(Flow): 0.515622, Reg: 0.044476
Iter 140 of 180 Loss: 0.513319, L1(Flow): 0.474782, Reg: 0.038536
Iter 150 of 180 Loss: 0.541489, L1(Flow): 0.499549, Reg: 0.041940
Iter 160 of 180 Loss: 0.576437, L1(Flow): 0.536671, Reg: 0.039766
Iter 170 of 180 Loss: 0.533214, L1(Flow): 0.488357, Reg: 0.044857
Iter 180 of 180 Loss: 0.531477, L1(Flow): 0.489857, Reg: 0.041620
Epoch 218 Loss: 0.537240
Epoch 218 Validation: Mean EPE: 2.4149, Mean SSIM: 0.4381, Mean ZNCC: 0.6030
Epoch 219 starts
Iter 10 of 180 Loss: 0.519995, L1(Flow): 0.483318, Reg: 0.036677
Iter 20 of 180 Loss: 0.539241, L1(Flow): 0.500992, Reg: 0.038249
Iter 30 of 180 Loss: 0.547707, L1(Flow): 0.507598, Reg: 0.040109
Iter 40 of 180 Loss: 0.537437, L1(Flow): 0.493976, Reg: 0.043461
Iter 50 of 180 Loss: 0.506949, L1(Flow): 0.469836, Reg: 0.037113
Iter 60 of 180 Loss: 0.545407, L1(Flow): 0.504011, Reg: 0.041395
Iter 70 of 180 Loss: 0.561231, L1(Flow): 0.522995, Reg: 0.038236
Iter 80 of 180 Loss: 0.553294, L1(Flow): 0.511589, Reg: 0.041705
Iter 90 of 180 Loss: 0.524728, L1(Flow): 0.486650, Reg: 0.038078
Iter 100 of 180 Loss: 0.548708, L1(Flow): 0.510296, Reg: 0.038412
Iter 110 of 180 Loss: 0.560347, L1(Flow): 0.516756, Reg: 0.043591
Iter 120 of 180 Loss: 0.523150, L1(Flow): 0.479630, Reg: 0.043520
Iter 130 of 180 Loss: 0.550984, L1(Flow): 0.509325, Reg: 0.041659
Iter 140 of 180 Loss: 0.554939, L1(Flow): 0.515691, Reg: 0.039249
Iter 150 of 180 Loss: 0.523027, L1(Flow): 0.481976, Reg: 0.041051
Iter 160 of 180 Loss: 0.531821, L1(Flow): 0.487654, Reg: 0.044166
Iter 170 of 180 Loss: 0.526063, L1(Flow): 0.485366, Reg: 0.040698
Iter 180 of 180 Loss: 0.528042, L1(Flow): 0.489376, Reg: 0.038666
Epoch 219 Loss: 0.537229
Epoch 219 Validation: Mean EPE: 2.4055, Mean SSIM: 0.4382, Mean ZNCC: 0.6031
--> Saved to Top 5 best models (EPE: 2.4055)
Epoch 220 starts
Iter 10 of 180 Loss: 0.551760, L1(Flow): 0.512746, Reg: 0.039013
Iter 20 of 180 Loss: 0.535635, L1(Flow): 0.496254, Reg: 0.039381
Iter 30 of 180 Loss: 0.543830, L1(Flow): 0.501026, Reg: 0.042805
Iter 40 of 180 Loss: 0.500295, L1(Flow): 0.460948, Reg: 0.039347
Iter 50 of 180 Loss: 0.557397, L1(Flow): 0.517941, Reg: 0.039456
Iter 60 of 180 Loss: 0.530930, L1(Flow): 0.489194, Reg: 0.041735
Iter 70 of 180 Loss: 0.559074, L1(Flow): 0.519147, Reg: 0.039927
Iter 80 of 180 Loss: 0.561609, L1(Flow): 0.516127, Reg: 0.045482
Iter 90 of 180 Loss: 0.591776, L1(Flow): 0.548445, Reg: 0.043330
Iter 100 of 180 Loss: 0.507395, L1(Flow): 0.469873, Reg: 0.037521
Iter 110 of 180 Loss: 0.497121, L1(Flow): 0.458294, Reg: 0.038826
Iter 120 of 180 Loss: 0.561710, L1(Flow): 0.519089, Reg: 0.042621
Iter 130 of 180 Loss: 0.549054, L1(Flow): 0.506539, Reg: 0.042516
Iter 140 of 180 Loss: 0.562451, L1(Flow): 0.523487, Reg: 0.038964
Iter 150 of 180 Loss: 0.524911, L1(Flow): 0.482807, Reg: 0.042104
Iter 160 of 180 Loss: 0.547700, L1(Flow): 0.506753, Reg: 0.040947
Iter 170 of 180 Loss: 0.498780, L1(Flow): 0.458324, Reg: 0.040456
Iter 180 of 180 Loss: 0.575500, L1(Flow): 0.536443, Reg: 0.039056
Epoch 220 Loss: 0.534924
Epoch 220 Validation: Mean EPE: 2.4100, Mean SSIM: 0.4385, Mean ZNCC: 0.6031
Epoch 221 starts
Iter 10 of 180 Loss: 0.549343, L1(Flow): 0.509817, Reg: 0.039525
Iter 20 of 180 Loss: 0.562675, L1(Flow): 0.518726, Reg: 0.043949
Iter 30 of 180 Loss: 0.501628, L1(Flow): 0.464534, Reg: 0.037094
Iter 40 of 180 Loss: 0.507491, L1(Flow): 0.468935, Reg: 0.038555
Iter 50 of 180 Loss: 0.543200, L1(Flow): 0.503040, Reg: 0.040160
Iter 60 of 180 Loss: 0.561409, L1(Flow): 0.518893, Reg: 0.042516
Iter 70 of 180 Loss: 0.541306, L1(Flow): 0.503719, Reg: 0.037587
Iter 80 of 180 Loss: 0.529561, L1(Flow): 0.487784, Reg: 0.041777
Iter 90 of 180 Loss: 0.534366, L1(Flow): 0.493652, Reg: 0.040714
Iter 100 of 180 Loss: 0.529877, L1(Flow): 0.488815, Reg: 0.041062
Iter 110 of 180 Loss: 0.507873, L1(Flow): 0.470876, Reg: 0.036997
Iter 120 of 180 Loss: 0.550064, L1(Flow): 0.509873, Reg: 0.040192
Iter 130 of 180 Loss: 0.500674, L1(Flow): 0.459960, Reg: 0.040714
Iter 140 of 180 Loss: 0.548326, L1(Flow): 0.504003, Reg: 0.044324
Iter 150 of 180 Loss: 0.517062, L1(Flow): 0.478588, Reg: 0.038474
Iter 160 of 180 Loss: 0.540625, L1(Flow): 0.502063, Reg: 0.038562
Iter 170 of 180 Loss: 0.557096, L1(Flow): 0.514098, Reg: 0.042998
Iter 180 of 180 Loss: 0.516121, L1(Flow): 0.475624, Reg: 0.040497
Epoch 221 Loss: 0.531589
Epoch 221 Validation: Mean EPE: 2.4137, Mean SSIM: 0.4381, Mean ZNCC: 0.6032
Epoch 222 starts
Iter 10 of 180 Loss: 0.501092, L1(Flow): 0.461464, Reg: 0.039628
Iter 20 of 180 Loss: 0.540245, L1(Flow): 0.498339, Reg: 0.041906
Iter 30 of 180 Loss: 0.532484, L1(Flow): 0.493587, Reg: 0.038898
Iter 40 of 180 Loss: 0.519584, L1(Flow): 0.478487, Reg: 0.041097
Iter 50 of 180 Loss: 0.549614, L1(Flow): 0.510020, Reg: 0.039594
Iter 60 of 180 Loss: 0.508998, L1(Flow): 0.468675, Reg: 0.040323
Iter 70 of 180 Loss: 0.519883, L1(Flow): 0.480480, Reg: 0.039403
Iter 80 of 180 Loss: 0.538993, L1(Flow): 0.497791, Reg: 0.041203
Iter 90 of 180 Loss: 0.546858, L1(Flow): 0.507592, Reg: 0.039266
Iter 100 of 180 Loss: 0.560908, L1(Flow): 0.519628, Reg: 0.041280
Iter 110 of 180 Loss: 0.515147, L1(Flow): 0.476736, Reg: 0.038411
Iter 120 of 180 Loss: 0.549826, L1(Flow): 0.510366, Reg: 0.039460
Iter 130 of 180 Loss: 0.532382, L1(Flow): 0.488979, Reg: 0.043403
Iter 140 of 180 Loss: 0.563048, L1(Flow): 0.521097, Reg: 0.041951
Iter 150 of 180 Loss: 0.581868, L1(Flow): 0.537306, Reg: 0.044562
Iter 160 of 180 Loss: 0.531283, L1(Flow): 0.490102, Reg: 0.041181
Iter 170 of 180 Loss: 0.513877, L1(Flow): 0.474342, Reg: 0.039535
Iter 180 of 180 Loss: 0.549844, L1(Flow): 0.505914, Reg: 0.043930
Epoch 222 Loss: 0.527468
Epoch 222 Validation: Mean EPE: 2.4110, Mean SSIM: 0.4382, Mean ZNCC: 0.6031
Epoch 223 starts
Iter 10 of 180 Loss: 0.523368, L1(Flow): 0.486305, Reg: 0.037063
Iter 20 of 180 Loss: 0.568395, L1(Flow): 0.530921, Reg: 0.037474
Iter 30 of 180 Loss: 0.527587, L1(Flow): 0.485583, Reg: 0.042004
Iter 40 of 180 Loss: 0.559585, L1(Flow): 0.520446, Reg: 0.039139
Iter 50 of 180 Loss: 0.491545, L1(Flow): 0.454681, Reg: 0.036864
Iter 60 of 180 Loss: 0.537873, L1(Flow): 0.499036, Reg: 0.038837
Iter 70 of 180 Loss: 0.535978, L1(Flow): 0.497375, Reg: 0.038603
Iter 80 of 180 Loss: 0.543363, L1(Flow): 0.505504, Reg: 0.037859
Iter 90 of 180 Loss: 0.532621, L1(Flow): 0.490949, Reg: 0.041672
Iter 100 of 180 Loss: 0.532440, L1(Flow): 0.489731, Reg: 0.042709
Iter 110 of 180 Loss: 0.527601, L1(Flow): 0.485733, Reg: 0.041868
Iter 120 of 180 Loss: 0.507508, L1(Flow): 0.470894, Reg: 0.036613
Iter 130 of 180 Loss: 0.506717, L1(Flow): 0.469118, Reg: 0.037598
Iter 140 of 180 Loss: 0.544083, L1(Flow): 0.502902, Reg: 0.041181
Iter 150 of 180 Loss: 0.531394, L1(Flow): 0.494225, Reg: 0.037170
Iter 160 of 180 Loss: 0.511479, L1(Flow): 0.472447, Reg: 0.039032
Iter 170 of 180 Loss: 0.510291, L1(Flow): 0.472587, Reg: 0.037704
Iter 180 of 180 Loss: 0.570982, L1(Flow): 0.526377, Reg: 0.044606
Epoch 223 Loss: 0.528378
Epoch 223 Validation: Mean EPE: 2.4255, Mean SSIM: 0.4373, Mean ZNCC: 0.6028
Epoch 224 starts
Iter 10 of 180 Loss: 0.539979, L1(Flow): 0.501915, Reg: 0.038065
Iter 20 of 180 Loss: 0.557047, L1(Flow): 0.514443, Reg: 0.042604
Iter 30 of 180 Loss: 0.514662, L1(Flow): 0.471447, Reg: 0.043214
Iter 40 of 180 Loss: 0.513286, L1(Flow): 0.475110, Reg: 0.038176
Iter 50 of 180 Loss: 0.583527, L1(Flow): 0.536971, Reg: 0.046556
Iter 60 of 180 Loss: 0.528881, L1(Flow): 0.484482, Reg: 0.044399
Iter 70 of 180 Loss: 0.536827, L1(Flow): 0.492468, Reg: 0.044359
Iter 80 of 180 Loss: 0.558644, L1(Flow): 0.511256, Reg: 0.047388
Iter 90 of 180 Loss: 0.565420, L1(Flow): 0.526972, Reg: 0.038449
Iter 100 of 180 Loss: 0.515018, L1(Flow): 0.477814, Reg: 0.037203
Iter 110 of 180 Loss: 0.550662, L1(Flow): 0.508756, Reg: 0.041906
Iter 120 of 180 Loss: 0.495412, L1(Flow): 0.453947, Reg: 0.041465
Iter 130 of 180 Loss: 0.507358, L1(Flow): 0.469755, Reg: 0.037604
Iter 140 of 180 Loss: 0.547085, L1(Flow): 0.507717, Reg: 0.039368
Iter 150 of 180 Loss: 0.533998, L1(Flow): 0.492780, Reg: 0.041218
Iter 160 of 180 Loss: 0.507920, L1(Flow): 0.471334, Reg: 0.036586
Iter 170 of 180 Loss: 0.516148, L1(Flow): 0.476654, Reg: 0.039494
Iter 180 of 180 Loss: 0.555755, L1(Flow): 0.517298, Reg: 0.038458
Epoch 224 Loss: 0.529724
Epoch 224 Validation: Mean EPE: 2.4016, Mean SSIM: 0.4387, Mean ZNCC: 0.6032
--> Saved to Top 5 best models (EPE: 2.4016)
Epoch 225 starts
Iter 10 of 180 Loss: 0.557221, L1(Flow): 0.516946, Reg: 0.040275
Iter 20 of 180 Loss: 0.545811, L1(Flow): 0.507258, Reg: 0.038553
Iter 30 of 180 Loss: 0.554098, L1(Flow): 0.509901, Reg: 0.044197
Iter 40 of 180 Loss: 0.529210, L1(Flow): 0.489792, Reg: 0.039418
Iter 50 of 180 Loss: 0.539075, L1(Flow): 0.495089, Reg: 0.043986
Iter 60 of 180 Loss: 0.576685, L1(Flow): 0.533323, Reg: 0.043362
Iter 70 of 180 Loss: 0.500993, L1(Flow): 0.461688, Reg: 0.039305
Iter 80 of 180 Loss: 0.524974, L1(Flow): 0.483180, Reg: 0.041794
Iter 90 of 180 Loss: 0.545283, L1(Flow): 0.503724, Reg: 0.041559
Iter 100 of 180 Loss: 0.555903, L1(Flow): 0.515154, Reg: 0.040749
Iter 110 of 180 Loss: 0.511139, L1(Flow): 0.473068, Reg: 0.038071
Iter 120 of 180 Loss: 0.544430, L1(Flow): 0.499327, Reg: 0.045103
Iter 130 of 180 Loss: 0.535904, L1(Flow): 0.493713, Reg: 0.042192
Iter 140 of 180 Loss: 0.531115, L1(Flow): 0.492160, Reg: 0.038955
Iter 150 of 180 Loss: 0.541800, L1(Flow): 0.503990, Reg: 0.037810
Iter 160 of 180 Loss: 0.513431, L1(Flow): 0.474958, Reg: 0.038473
Iter 170 of 180 Loss: 0.592764, L1(Flow): 0.546796, Reg: 0.045968
Iter 180 of 180 Loss: 0.541424, L1(Flow): 0.500683, Reg: 0.040741
Epoch 225 Loss: 0.526611
Epoch 225 Validation: Mean EPE: 2.4076, Mean SSIM: 0.4377, Mean ZNCC: 0.6027
Epoch 226 starts
Iter 10 of 180 Loss: 0.569825, L1(Flow): 0.528619, Reg: 0.041205
Iter 20 of 180 Loss: 0.549091, L1(Flow): 0.504501, Reg: 0.044591
Iter 30 of 180 Loss: 0.583176, L1(Flow): 0.539711, Reg: 0.043465
Iter 40 of 180 Loss: 0.520247, L1(Flow): 0.481565, Reg: 0.038682
Iter 50 of 180 Loss: 0.502218, L1(Flow): 0.463553, Reg: 0.038665
Iter 60 of 180 Loss: 0.521758, L1(Flow): 0.482841, Reg: 0.038917
Iter 70 of 180 Loss: 0.498964, L1(Flow): 0.461071, Reg: 0.037893
Iter 80 of 180 Loss: 0.499239, L1(Flow): 0.460262, Reg: 0.038977
Iter 90 of 180 Loss: 0.542029, L1(Flow): 0.502629, Reg: 0.039400
Iter 100 of 180 Loss: 0.529811, L1(Flow): 0.491060, Reg: 0.038750
Iter 110 of 180 Loss: 0.516949, L1(Flow): 0.477969, Reg: 0.038980
Iter 120 of 180 Loss: 0.543431, L1(Flow): 0.501836, Reg: 0.041595
Iter 130 of 180 Loss: 0.536891, L1(Flow): 0.497532, Reg: 0.039359
Iter 140 of 180 Loss: 0.542667, L1(Flow): 0.500801, Reg: 0.041866
Iter 150 of 180 Loss: 0.559743, L1(Flow): 0.523200, Reg: 0.036543
Iter 160 of 180 Loss: 0.507869, L1(Flow): 0.469075, Reg: 0.038794
Iter 170 of 180 Loss: 0.524723, L1(Flow): 0.487401, Reg: 0.037322
Iter 180 of 180 Loss: 0.538936, L1(Flow): 0.502204, Reg: 0.036731
Epoch 226 Loss: 0.529305
Epoch 226 Validation: Mean EPE: 2.4132, Mean SSIM: 0.4378, Mean ZNCC: 0.6030
Epoch 227 starts
Iter 10 of 180 Loss: 0.475178, L1(Flow): 0.439428, Reg: 0.035750
Iter 20 of 180 Loss: 0.514891, L1(Flow): 0.477995, Reg: 0.036896
Iter 30 of 180 Loss: 0.541748, L1(Flow): 0.499539, Reg: 0.042209
Iter 40 of 180 Loss: 0.531058, L1(Flow): 0.492162, Reg: 0.038896
Iter 50 of 180 Loss: 0.513427, L1(Flow): 0.474268, Reg: 0.039159
Iter 60 of 180 Loss: 0.525570, L1(Flow): 0.481932, Reg: 0.043638
Iter 70 of 180 Loss: 0.528140, L1(Flow): 0.488316, Reg: 0.039825
Iter 80 of 180 Loss: 0.522764, L1(Flow): 0.483131, Reg: 0.039633
Iter 90 of 180 Loss: 0.521063, L1(Flow): 0.480154, Reg: 0.040910
Iter 100 of 180 Loss: 0.559047, L1(Flow): 0.517338, Reg: 0.041709
Iter 110 of 180 Loss: 0.555810, L1(Flow): 0.516084, Reg: 0.039726
Iter 120 of 180 Loss: 0.512546, L1(Flow): 0.473420, Reg: 0.039126
Iter 130 of 180 Loss: 0.540467, L1(Flow): 0.500027, Reg: 0.040440
Iter 140 of 180 Loss: 0.542108, L1(Flow): 0.503825, Reg: 0.038283
Iter 150 of 180 Loss: 0.520862, L1(Flow): 0.481352, Reg: 0.039510
Iter 160 of 180 Loss: 0.543154, L1(Flow): 0.504447, Reg: 0.038707
Iter 170 of 180 Loss: 0.505255, L1(Flow): 0.463752, Reg: 0.041503
Iter 180 of 180 Loss: 0.528952, L1(Flow): 0.491135, Reg: 0.037817
Epoch 227 Loss: 0.527357
Epoch 227 Validation: Mean EPE: 2.4078, Mean SSIM: 0.4386, Mean ZNCC: 0.6031
Epoch 228 starts
Iter 10 of 180 Loss: 0.513207, L1(Flow): 0.475643, Reg: 0.037565
Iter 20 of 180 Loss: 0.520117, L1(Flow): 0.481656, Reg: 0.038461
Iter 30 of 180 Loss: 0.517691, L1(Flow): 0.479917, Reg: 0.037774
Iter 40 of 180 Loss: 0.491947, L1(Flow): 0.453079, Reg: 0.038868
Iter 50 of 180 Loss: 0.528633, L1(Flow): 0.489769, Reg: 0.038865
Iter 60 of 180 Loss: 0.548934, L1(Flow): 0.506125, Reg: 0.042809
Iter 70 of 180 Loss: 0.521542, L1(Flow): 0.479565, Reg: 0.041977
Iter 80 of 180 Loss: 0.520100, L1(Flow): 0.478900, Reg: 0.041200
Iter 90 of 180 Loss: 0.503618, L1(Flow): 0.466224, Reg: 0.037393
Iter 100 of 180 Loss: 0.502294, L1(Flow): 0.463088, Reg: 0.039207
Iter 110 of 180 Loss: 0.529588, L1(Flow): 0.491838, Reg: 0.037750
Iter 120 of 180 Loss: 0.523531, L1(Flow): 0.481950, Reg: 0.041581
Iter 130 of 180 Loss: 0.541019, L1(Flow): 0.499531, Reg: 0.041488
Iter 140 of 180 Loss: 0.554924, L1(Flow): 0.509993, Reg: 0.044931
Iter 150 of 180 Loss: 0.515229, L1(Flow): 0.476611, Reg: 0.038618
Iter 160 of 180 Loss: 0.508520, L1(Flow): 0.472363, Reg: 0.036157
Iter 170 of 180 Loss: 0.519151, L1(Flow): 0.476324, Reg: 0.042827
Iter 180 of 180 Loss: 0.494525, L1(Flow): 0.456263, Reg: 0.038262
Epoch 228 Loss: 0.520888
Epoch 228 Validation: Mean EPE: 2.4044, Mean SSIM: 0.4391, Mean ZNCC: 0.6033
Epoch 229 starts
Iter 10 of 180 Loss: 0.532844, L1(Flow): 0.491935, Reg: 0.040909
Iter 20 of 180 Loss: 0.492096, L1(Flow): 0.453914, Reg: 0.038183
Iter 30 of 180 Loss: 0.535851, L1(Flow): 0.491333, Reg: 0.044518
Iter 40 of 180 Loss: 0.528332, L1(Flow): 0.488997, Reg: 0.039334
Iter 50 of 180 Loss: 0.547451, L1(Flow): 0.507276, Reg: 0.040175
Iter 60 of 180 Loss: 0.507527, L1(Flow): 0.467172, Reg: 0.040356
Iter 70 of 180 Loss: 0.510992, L1(Flow): 0.471165, Reg: 0.039826
Iter 80 of 180 Loss: 0.516668, L1(Flow): 0.478808, Reg: 0.037861
Iter 90 of 180 Loss: 0.500479, L1(Flow): 0.461986, Reg: 0.038493
Iter 100 of 180 Loss: 0.483575, L1(Flow): 0.448185, Reg: 0.035391
Iter 110 of 180 Loss: 0.521387, L1(Flow): 0.478736, Reg: 0.042650
Iter 120 of 180 Loss: 0.533810, L1(Flow): 0.494501, Reg: 0.039309
Iter 130 of 180 Loss: 0.523735, L1(Flow): 0.485876, Reg: 0.037859
Iter 140 of 180 Loss: 0.498170, L1(Flow): 0.459406, Reg: 0.038764
Iter 150 of 180 Loss: 0.492512, L1(Flow): 0.457078, Reg: 0.035433
Iter 160 of 180 Loss: 0.545108, L1(Flow): 0.502797, Reg: 0.042310
Iter 170 of 180 Loss: 0.523445, L1(Flow): 0.486162, Reg: 0.037283
Iter 180 of 180 Loss: 0.469014, L1(Flow): 0.429667, Reg: 0.039347
Epoch 229 Loss: 0.521485
Epoch 229 Validation: Mean EPE: 2.4083, Mean SSIM: 0.4386, Mean ZNCC: 0.6034
Epoch 230 starts
Iter 10 of 180 Loss: 0.512161, L1(Flow): 0.472796, Reg: 0.039366
Iter 20 of 180 Loss: 0.489669, L1(Flow): 0.451998, Reg: 0.037671
Iter 30 of 180 Loss: 0.547836, L1(Flow): 0.504326, Reg: 0.043510
Iter 40 of 180 Loss: 0.531742, L1(Flow): 0.491525, Reg: 0.040218
Iter 50 of 180 Loss: 0.550842, L1(Flow): 0.512520, Reg: 0.038322
Iter 60 of 180 Loss: 0.517533, L1(Flow): 0.478076, Reg: 0.039457
Iter 70 of 180 Loss: 0.514012, L1(Flow): 0.473308, Reg: 0.040703
Iter 80 of 180 Loss: 0.492989, L1(Flow): 0.456163, Reg: 0.036825
Iter 90 of 180 Loss: 0.511748, L1(Flow): 0.471557, Reg: 0.040191
Iter 100 of 180 Loss: 0.525949, L1(Flow): 0.486030, Reg: 0.039920
Iter 110 of 180 Loss: 0.515692, L1(Flow): 0.478577, Reg: 0.037115
Iter 120 of 180 Loss: 0.526461, L1(Flow): 0.486666, Reg: 0.039795
Iter 130 of 180 Loss: 0.526276, L1(Flow): 0.489543, Reg: 0.036733
Iter 140 of 180 Loss: 0.527425, L1(Flow): 0.484194, Reg: 0.043231
Iter 150 of 180 Loss: 0.521196, L1(Flow): 0.477721, Reg: 0.043474
Iter 160 of 180 Loss: 0.509573, L1(Flow): 0.472763, Reg: 0.036811
Iter 170 of 180 Loss: 0.518289, L1(Flow): 0.478460, Reg: 0.039828
Iter 180 of 180 Loss: 0.486670, L1(Flow): 0.448344, Reg: 0.038326
Epoch 230 Loss: 0.518381
Epoch 230 Validation: Mean EPE: 2.4064, Mean SSIM: 0.4383, Mean ZNCC: 0.6030
Epoch 231 starts
Iter 10 of 180 Loss: 0.555473, L1(Flow): 0.514541, Reg: 0.040933
Iter 20 of 180 Loss: 0.499716, L1(Flow): 0.462270, Reg: 0.037446
Iter 30 of 180 Loss: 0.516632, L1(Flow): 0.475776, Reg: 0.040856
Iter 40 of 180 Loss: 0.499485, L1(Flow): 0.462925, Reg: 0.036560
Iter 50 of 180 Loss: 0.563843, L1(Flow): 0.524409, Reg: 0.039434
Iter 60 of 180 Loss: 0.548910, L1(Flow): 0.509442, Reg: 0.039468
Iter 70 of 180 Loss: 0.499431, L1(Flow): 0.462226, Reg: 0.037204
Iter 80 of 180 Loss: 0.554598, L1(Flow): 0.509721, Reg: 0.044877
Iter 90 of 180 Loss: 0.518950, L1(Flow): 0.481680, Reg: 0.037270
Iter 100 of 180 Loss: 0.555977, L1(Flow): 0.516196, Reg: 0.039781
Iter 110 of 180 Loss: 0.542658, L1(Flow): 0.500553, Reg: 0.042105
Iter 120 of 180 Loss: 0.495187, L1(Flow): 0.460482, Reg: 0.034705
Iter 130 of 180 Loss: 0.526851, L1(Flow): 0.483740, Reg: 0.043111
Iter 140 of 180 Loss: 0.511506, L1(Flow): 0.475172, Reg: 0.036334
Iter 150 of 180 Loss: 0.527370, L1(Flow): 0.488643, Reg: 0.038727
Iter 160 of 180 Loss: 0.517948, L1(Flow): 0.480549, Reg: 0.037399
Iter 170 of 180 Loss: 0.514489, L1(Flow): 0.474197, Reg: 0.040292
Iter 180 of 180 Loss: 0.514721, L1(Flow): 0.477106, Reg: 0.037615
Epoch 231 Loss: 0.520430
Epoch 231 Validation: Mean EPE: 2.4039, Mean SSIM: 0.4386, Mean ZNCC: 0.6032
--> Saved to Top 5 best models (EPE: 2.4039)
Epoch 232 starts
Iter 10 of 180 Loss: 0.485904, L1(Flow): 0.446440, Reg: 0.039465
Iter 20 of 180 Loss: 0.475531, L1(Flow): 0.436816, Reg: 0.038715
Iter 30 of 180 Loss: 0.497375, L1(Flow): 0.458103, Reg: 0.039273
Iter 40 of 180 Loss: 0.509552, L1(Flow): 0.468488, Reg: 0.041064
Iter 50 of 180 Loss: 0.505588, L1(Flow): 0.464644, Reg: 0.040944
Iter 60 of 180 Loss: 0.503237, L1(Flow): 0.464018, Reg: 0.039220
Iter 70 of 180 Loss: 0.511455, L1(Flow): 0.477229, Reg: 0.034226
Iter 80 of 180 Loss: 0.548056, L1(Flow): 0.502522, Reg: 0.045534
Iter 90 of 180 Loss: 0.536348, L1(Flow): 0.499208, Reg: 0.037140
Iter 100 of 180 Loss: 0.537228, L1(Flow): 0.493458, Reg: 0.043770
Iter 110 of 180 Loss: 0.501812, L1(Flow): 0.463792, Reg: 0.038020
Iter 120 of 180 Loss: 0.519959, L1(Flow): 0.478278, Reg: 0.041681
Iter 130 of 180 Loss: 0.517097, L1(Flow): 0.478040, Reg: 0.039057
Iter 140 of 180 Loss: 0.516126, L1(Flow): 0.476666, Reg: 0.039460
Iter 150 of 180 Loss: 0.525882, L1(Flow): 0.486990, Reg: 0.038893
Iter 160 of 180 Loss: 0.550437, L1(Flow): 0.510437, Reg: 0.040000
Iter 170 of 180 Loss: 0.530718, L1(Flow): 0.490767, Reg: 0.039951
Iter 180 of 180 Loss: 0.540465, L1(Flow): 0.497202, Reg: 0.043264
Epoch 232 Loss: 0.515308
Epoch 232 Validation: Mean EPE: 2.4104, Mean SSIM: 0.4384, Mean ZNCC: 0.6029
Epoch 233 starts
Iter 10 of 180 Loss: 0.548018, L1(Flow): 0.504601, Reg: 0.043417
Iter 20 of 180 Loss: 0.508873, L1(Flow): 0.471255, Reg: 0.037618
Iter 30 of 180 Loss: 0.553491, L1(Flow): 0.509754, Reg: 0.043737
Iter 40 of 180 Loss: 0.504234, L1(Flow): 0.465761, Reg: 0.038472
Iter 50 of 180 Loss: 0.502545, L1(Flow): 0.463701, Reg: 0.038845
Iter 60 of 180 Loss: 0.485839, L1(Flow): 0.448801, Reg: 0.037038
Iter 70 of 180 Loss: 0.509340, L1(Flow): 0.469521, Reg: 0.039819
Iter 80 of 180 Loss: 0.491986, L1(Flow): 0.457372, Reg: 0.034614
Iter 90 of 180 Loss: 0.508667, L1(Flow): 0.473220, Reg: 0.035447
Iter 100 of 180 Loss: 0.527926, L1(Flow): 0.489080, Reg: 0.038846
Iter 110 of 180 Loss: 0.550741, L1(Flow): 0.508326, Reg: 0.042415
Iter 120 of 180 Loss: 0.549162, L1(Flow): 0.504754, Reg: 0.044408
Iter 130 of 180 Loss: 0.515807, L1(Flow): 0.476132, Reg: 0.039675
Iter 140 of 180 Loss: 0.499954, L1(Flow): 0.459788, Reg: 0.040165
Iter 150 of 180 Loss: 0.523477, L1(Flow): 0.485260, Reg: 0.038217
Iter 160 of 180 Loss: 0.509819, L1(Flow): 0.471609, Reg: 0.038210
Iter 170 of 180 Loss: 0.506513, L1(Flow): 0.465060, Reg: 0.041452
Iter 180 of 180 Loss: 0.499779, L1(Flow): 0.463011, Reg: 0.036768
Epoch 233 Loss: 0.519552
Epoch 233 Validation: Mean EPE: 2.4172, Mean SSIM: 0.4378, Mean ZNCC: 0.6030
Epoch 234 starts
Iter 10 of 180 Loss: 0.520707, L1(Flow): 0.482239, Reg: 0.038468
Iter 20 of 180 Loss: 0.514959, L1(Flow): 0.475730, Reg: 0.039229
Iter 30 of 180 Loss: 0.496676, L1(Flow): 0.460543, Reg: 0.036133
Iter 40 of 180 Loss: 0.513326, L1(Flow): 0.473411, Reg: 0.039915
Iter 50 of 180 Loss: 0.491093, L1(Flow): 0.453080, Reg: 0.038012
Iter 60 of 180 Loss: 0.497352, L1(Flow): 0.456928, Reg: 0.040424
Iter 70 of 180 Loss: 0.505289, L1(Flow): 0.466377, Reg: 0.038911
Iter 80 of 180 Loss: 0.515483, L1(Flow): 0.475334, Reg: 0.040149
Iter 90 of 180 Loss: 0.515023, L1(Flow): 0.475152, Reg: 0.039871
Iter 100 of 180 Loss: 0.526689, L1(Flow): 0.488209, Reg: 0.038480
Iter 110 of 180 Loss: 0.488458, L1(Flow): 0.451151, Reg: 0.037307
Iter 120 of 180 Loss: 0.512265, L1(Flow): 0.472052, Reg: 0.040213
Iter 130 of 180 Loss: 0.485976, L1(Flow): 0.450578, Reg: 0.035399
Iter 140 of 180 Loss: 0.532449, L1(Flow): 0.495381, Reg: 0.037069
Iter 150 of 180 Loss: 0.530989, L1(Flow): 0.488944, Reg: 0.042045
Iter 160 of 180 Loss: 0.504279, L1(Flow): 0.468870, Reg: 0.035409
Iter 170 of 180 Loss: 0.509972, L1(Flow): 0.470528, Reg: 0.039443
Iter 180 of 180 Loss: 0.527433, L1(Flow): 0.489282, Reg: 0.038151
Epoch 234 Loss: 0.514662
Epoch 234 Validation: Mean EPE: 2.4175, Mean SSIM: 0.4380, Mean ZNCC: 0.6028
Epoch 235 starts
Iter 10 of 180 Loss: 0.504328, L1(Flow): 0.465688, Reg: 0.038640
Iter 20 of 180 Loss: 0.515032, L1(Flow): 0.472988, Reg: 0.042045
Iter 30 of 180 Loss: 0.515900, L1(Flow): 0.477206, Reg: 0.038695
Iter 40 of 180 Loss: 0.517373, L1(Flow): 0.477501, Reg: 0.039872
Iter 50 of 180 Loss: 0.532291, L1(Flow): 0.490859, Reg: 0.041432
Iter 60 of 180 Loss: 0.495900, L1(Flow): 0.455266, Reg: 0.040633
Iter 70 of 180 Loss: 0.502841, L1(Flow): 0.466406, Reg: 0.036435
Iter 80 of 180 Loss: 0.472495, L1(Flow): 0.435316, Reg: 0.037179
Iter 90 of 180 Loss: 0.542350, L1(Flow): 0.496658, Reg: 0.045692
Iter 100 of 180 Loss: 0.522312, L1(Flow): 0.479432, Reg: 0.042880
Iter 110 of 180 Loss: 0.516238, L1(Flow): 0.474141, Reg: 0.042097
Iter 120 of 180 Loss: 0.494238, L1(Flow): 0.455074, Reg: 0.039163
Iter 130 of 180 Loss: 0.529882, L1(Flow): 0.489551, Reg: 0.040331
Iter 140 of 180 Loss: 0.527087, L1(Flow): 0.488728, Reg: 0.038359
Iter 150 of 180 Loss: 0.538310, L1(Flow): 0.498682, Reg: 0.039627
Iter 160 of 180 Loss: 0.552427, L1(Flow): 0.511036, Reg: 0.041391
Iter 170 of 180 Loss: 0.524818, L1(Flow): 0.484319, Reg: 0.040499
Iter 180 of 180 Loss: 0.500253, L1(Flow): 0.462404, Reg: 0.037849
Epoch 235 Loss: 0.514720
Epoch 235 Validation: Mean EPE: 2.4062, Mean SSIM: 0.4389, Mean ZNCC: 0.6033
Epoch 236 starts
Iter 10 of 180 Loss: 0.487476, L1(Flow): 0.451987, Reg: 0.035489
Iter 20 of 180 Loss: 0.499428, L1(Flow): 0.463121, Reg: 0.036307
Iter 30 of 180 Loss: 0.507151, L1(Flow): 0.466631, Reg: 0.040520
Iter 40 of 180 Loss: 0.484191, L1(Flow): 0.443305, Reg: 0.040886
Iter 50 of 180 Loss: 0.522209, L1(Flow): 0.482346, Reg: 0.039863
Iter 60 of 180 Loss: 0.554740, L1(Flow): 0.509439, Reg: 0.045300
Iter 70 of 180 Loss: 0.518784, L1(Flow): 0.482400, Reg: 0.036383
Iter 80 of 180 Loss: 0.492036, L1(Flow): 0.452356, Reg: 0.039680
Iter 90 of 180 Loss: 0.496803, L1(Flow): 0.457750, Reg: 0.039053
Iter 100 of 180 Loss: 0.481905, L1(Flow): 0.442121, Reg: 0.039783
Iter 110 of 180 Loss: 0.488114, L1(Flow): 0.451081, Reg: 0.037033
Iter 120 of 180 Loss: 0.512720, L1(Flow): 0.473177, Reg: 0.039543
Iter 130 of 180 Loss: 0.522527, L1(Flow): 0.481579, Reg: 0.040948
Iter 140 of 180 Loss: 0.529404, L1(Flow): 0.486590, Reg: 0.042814
Iter 150 of 180 Loss: 0.562773, L1(Flow): 0.523106, Reg: 0.039667
Iter 160 of 180 Loss: 0.532943, L1(Flow): 0.489343, Reg: 0.043600
Iter 170 of 180 Loss: 0.555254, L1(Flow): 0.512591, Reg: 0.042663
Iter 180 of 180 Loss: 0.551920, L1(Flow): 0.509465, Reg: 0.042455
Epoch 236 Loss: 0.512635
Epoch 236 Validation: Mean EPE: 2.4066, Mean SSIM: 0.4387, Mean ZNCC: 0.6033
Epoch 237 starts
Iter 10 of 180 Loss: 0.504755, L1(Flow): 0.463028, Reg: 0.041727
Iter 20 of 180 Loss: 0.518416, L1(Flow): 0.479367, Reg: 0.039049
Iter 30 of 180 Loss: 0.514903, L1(Flow): 0.473936, Reg: 0.040967
Iter 40 of 180 Loss: 0.504076, L1(Flow): 0.464027, Reg: 0.040049
Iter 50 of 180 Loss: 0.513682, L1(Flow): 0.476808, Reg: 0.036874
Iter 60 of 180 Loss: 0.530334, L1(Flow): 0.491814, Reg: 0.038520
Iter 70 of 180 Loss: 0.511065, L1(Flow): 0.470542, Reg: 0.040524
Iter 80 of 180 Loss: 0.545553, L1(Flow): 0.506326, Reg: 0.039227
Iter 90 of 180 Loss: 0.510791, L1(Flow): 0.471898, Reg: 0.038894
Iter 100 of 180 Loss: 0.535409, L1(Flow): 0.492688, Reg: 0.042722
Iter 110 of 180 Loss: 0.490505, L1(Flow): 0.450956, Reg: 0.039549
Iter 120 of 180 Loss: 0.521262, L1(Flow): 0.480208, Reg: 0.041053
Iter 130 of 180 Loss: 0.523287, L1(Flow): 0.485106, Reg: 0.038180
Iter 140 of 180 Loss: 0.487481, L1(Flow): 0.449269, Reg: 0.038212
Iter 150 of 180 Loss: 0.491483, L1(Flow): 0.456181, Reg: 0.035302
Iter 160 of 180 Loss: 0.522866, L1(Flow): 0.482090, Reg: 0.040776
Iter 170 of 180 Loss: 0.496307, L1(Flow): 0.460159, Reg: 0.036148
Iter 180 of 180 Loss: 0.566735, L1(Flow): 0.528371, Reg: 0.038364
Epoch 237 Loss: 0.513856
Epoch 237 Validation: Mean EPE: 2.4039, Mean SSIM: 0.4383, Mean ZNCC: 0.6029
--> Saved to Top 5 best models (EPE: 2.4039)
Epoch 238 starts
Iter 10 of 180 Loss: 0.507791, L1(Flow): 0.469479, Reg: 0.038312
Iter 20 of 180 Loss: 0.528938, L1(Flow): 0.488580, Reg: 0.040358
Iter 30 of 180 Loss: 0.499980, L1(Flow): 0.460684, Reg: 0.039297
Iter 40 of 180 Loss: 0.487331, L1(Flow): 0.447522, Reg: 0.039809
Iter 50 of 180 Loss: 0.482873, L1(Flow): 0.449107, Reg: 0.033766
Iter 60 of 180 Loss: 0.516212, L1(Flow): 0.476955, Reg: 0.039257
Iter 70 of 180 Loss: 0.531609, L1(Flow): 0.490780, Reg: 0.040829
Iter 80 of 180 Loss: 0.525349, L1(Flow): 0.483911, Reg: 0.041438
Iter 90 of 180 Loss: 0.501633, L1(Flow): 0.463221, Reg: 0.038411
Iter 100 of 180 Loss: 0.561826, L1(Flow): 0.522042, Reg: 0.039784
Iter 110 of 180 Loss: 0.505143, L1(Flow): 0.466128, Reg: 0.039016
Iter 120 of 180 Loss: 0.528789, L1(Flow): 0.490449, Reg: 0.038340
Iter 130 of 180 Loss: 0.503474, L1(Flow): 0.462372, Reg: 0.041102
Iter 140 of 180 Loss: 0.521722, L1(Flow): 0.481384, Reg: 0.040338
Iter 150 of 180 Loss: 0.493824, L1(Flow): 0.452942, Reg: 0.040882
Iter 160 of 180 Loss: 0.504720, L1(Flow): 0.468070, Reg: 0.036650
Iter 170 of 180 Loss: 0.501318, L1(Flow): 0.462462, Reg: 0.038855
Iter 180 of 180 Loss: 0.492805, L1(Flow): 0.454270, Reg: 0.038535
Epoch 238 Loss: 0.511131
Epoch 238 Validation: Mean EPE: 2.4054, Mean SSIM: 0.4386, Mean ZNCC: 0.6030
Epoch 239 starts
Iter 10 of 180 Loss: 0.504682, L1(Flow): 0.463507, Reg: 0.041175
Iter 20 of 180 Loss: 0.516556, L1(Flow): 0.472329, Reg: 0.044227
Iter 30 of 180 Loss: 0.490692, L1(Flow): 0.451934, Reg: 0.038758
Iter 40 of 180 Loss: 0.522197, L1(Flow): 0.483799, Reg: 0.038398
Iter 50 of 180 Loss: 0.542976, L1(Flow): 0.502690, Reg: 0.040286
Iter 60 of 180 Loss: 0.502483, L1(Flow): 0.466068, Reg: 0.036415
Iter 70 of 180 Loss: 0.495962, L1(Flow): 0.455531, Reg: 0.040431
Iter 80 of 180 Loss: 0.485327, L1(Flow): 0.449402, Reg: 0.035925
Iter 90 of 180 Loss: 0.502956, L1(Flow): 0.460038, Reg: 0.042918
Iter 100 of 180 Loss: 0.494379, L1(Flow): 0.455920, Reg: 0.038459
Iter 110 of 180 Loss: 0.521535, L1(Flow): 0.478759, Reg: 0.042776
Iter 120 of 180 Loss: 0.502445, L1(Flow): 0.464086, Reg: 0.038358
Iter 130 of 180 Loss: 0.521881, L1(Flow): 0.480737, Reg: 0.041145
Iter 140 of 180 Loss: 0.534999, L1(Flow): 0.493926, Reg: 0.041073
Iter 150 of 180 Loss: 0.500503, L1(Flow): 0.460374, Reg: 0.040129
Iter 160 of 180 Loss: 0.509905, L1(Flow): 0.473425, Reg: 0.036481
Iter 170 of 180 Loss: 0.512450, L1(Flow): 0.470563, Reg: 0.041887
Iter 180 of 180 Loss: 0.496463, L1(Flow): 0.458340, Reg: 0.038123
Epoch 239 Loss: 0.510624
Epoch 239 Validation: Mean EPE: 2.4094, Mean SSIM: 0.4388, Mean ZNCC: 0.6032
Epoch 240 starts
Iter 10 of 180 Loss: 0.518692, L1(Flow): 0.478575, Reg: 0.040117
Iter 20 of 180 Loss: 0.525688, L1(Flow): 0.483159, Reg: 0.042529
Iter 30 of 180 Loss: 0.513312, L1(Flow): 0.473852, Reg: 0.039459
Iter 40 of 180 Loss: 0.519413, L1(Flow): 0.481063, Reg: 0.038349
Iter 50 of 180 Loss: 0.516662, L1(Flow): 0.478313, Reg: 0.038350
Iter 60 of 180 Loss: 0.493801, L1(Flow): 0.456357, Reg: 0.037444
Iter 70 of 180 Loss: 0.502712, L1(Flow): 0.466079, Reg: 0.036633
Iter 80 of 180 Loss: 0.524651, L1(Flow): 0.485184, Reg: 0.039467
Iter 90 of 180 Loss: 0.494566, L1(Flow): 0.460081, Reg: 0.034485
Iter 100 of 180 Loss: 0.542060, L1(Flow): 0.501643, Reg: 0.040418
Iter 110 of 180 Loss: 0.526682, L1(Flow): 0.485364, Reg: 0.041319
Iter 120 of 180 Loss: 0.511787, L1(Flow): 0.471637, Reg: 0.040150
Iter 130 of 180 Loss: 0.489748, L1(Flow): 0.450924, Reg: 0.038824
Iter 140 of 180 Loss: 0.521143, L1(Flow): 0.483965, Reg: 0.037178
Iter 150 of 180 Loss: 0.523630, L1(Flow): 0.480569, Reg: 0.043061
Iter 160 of 180 Loss: 0.501495, L1(Flow): 0.464772, Reg: 0.036723
Iter 170 of 180 Loss: 0.497332, L1(Flow): 0.457490, Reg: 0.039842
Iter 180 of 180 Loss: 0.510425, L1(Flow): 0.473213, Reg: 0.037212
Epoch 240 Loss: 0.513580
Epoch 240 Validation: Mean EPE: 2.4131, Mean SSIM: 0.4387, Mean ZNCC: 0.6030
Epoch 241 starts
Iter 10 of 180 Loss: 0.563146, L1(Flow): 0.525226, Reg: 0.037920
Iter 20 of 180 Loss: 0.506902, L1(Flow): 0.467733, Reg: 0.039169
Iter 30 of 180 Loss: 0.496287, L1(Flow): 0.458468, Reg: 0.037819
Iter 40 of 180 Loss: 0.526422, L1(Flow): 0.485907, Reg: 0.040515
Iter 50 of 180 Loss: 0.527402, L1(Flow): 0.483681, Reg: 0.043720
Iter 60 of 180 Loss: 0.495437, L1(Flow): 0.461152, Reg: 0.034285
Iter 70 of 180 Loss: 0.512344, L1(Flow): 0.472425, Reg: 0.039919
Iter 80 of 180 Loss: 0.502596, L1(Flow): 0.464081, Reg: 0.038515
Iter 90 of 180 Loss: 0.482462, L1(Flow): 0.447485, Reg: 0.034977
Iter 100 of 180 Loss: 0.493660, L1(Flow): 0.454677, Reg: 0.038983
Iter 110 of 180 Loss: 0.501279, L1(Flow): 0.462962, Reg: 0.038316
Iter 120 of 180 Loss: 0.478270, L1(Flow): 0.443321, Reg: 0.034949
Iter 130 of 180 Loss: 0.505179, L1(Flow): 0.463108, Reg: 0.042071
Iter 140 of 180 Loss: 0.524921, L1(Flow): 0.484361, Reg: 0.040560
Iter 150 of 180 Loss: 0.521569, L1(Flow): 0.480572, Reg: 0.040997
Iter 160 of 180 Loss: 0.525979, L1(Flow): 0.488691, Reg: 0.037288
Iter 170 of 180 Loss: 0.517027, L1(Flow): 0.478300, Reg: 0.038726
Iter 180 of 180 Loss: 0.503548, L1(Flow): 0.465835, Reg: 0.037713
Epoch 241 Loss: 0.513029
Epoch 241 Validation: Mean EPE: 2.4044, Mean SSIM: 0.4390, Mean ZNCC: 0.6034
Epoch 242 starts
Iter 10 of 180 Loss: 0.509614, L1(Flow): 0.470719, Reg: 0.038895
Iter 20 of 180 Loss: 0.503346, L1(Flow): 0.463211, Reg: 0.040134
Iter 30 of 180 Loss: 0.514427, L1(Flow): 0.475900, Reg: 0.038528
Iter 40 of 180 Loss: 0.528126, L1(Flow): 0.492559, Reg: 0.035567
Iter 50 of 180 Loss: 0.512900, L1(Flow): 0.476580, Reg: 0.036321
Iter 60 of 180 Loss: 0.491328, L1(Flow): 0.453596, Reg: 0.037733
Iter 70 of 180 Loss: 0.484740, L1(Flow): 0.448042, Reg: 0.036698
Iter 80 of 180 Loss: 0.525496, L1(Flow): 0.484307, Reg: 0.041189
Iter 90 of 180 Loss: 0.479914, L1(Flow): 0.441697, Reg: 0.038217
Iter 100 of 180 Loss: 0.501247, L1(Flow): 0.459888, Reg: 0.041359
Iter 110 of 180 Loss: 0.492959, L1(Flow): 0.457235, Reg: 0.035725
Iter 120 of 180 Loss: 0.535288, L1(Flow): 0.495023, Reg: 0.040265
Iter 130 of 180 Loss: 0.531149, L1(Flow): 0.489909, Reg: 0.041240
Iter 140 of 180 Loss: 0.510368, L1(Flow): 0.470734, Reg: 0.039635
Iter 150 of 180 Loss: 0.507895, L1(Flow): 0.469659, Reg: 0.038237
Iter 160 of 180 Loss: 0.530777, L1(Flow): 0.486575, Reg: 0.044202
Iter 170 of 180 Loss: 0.533662, L1(Flow): 0.492688, Reg: 0.040974
Iter 180 of 180 Loss: 0.513982, L1(Flow): 0.476739, Reg: 0.037243
Epoch 242 Loss: 0.507759
Epoch 242 Validation: Mean EPE: 2.4073, Mean SSIM: 0.4384, Mean ZNCC: 0.6030
Epoch 243 starts
Iter 10 of 180 Loss: 0.485509, L1(Flow): 0.446463, Reg: 0.039046
Iter 20 of 180 Loss: 0.488880, L1(Flow): 0.449571, Reg: 0.039309
Iter 30 of 180 Loss: 0.528451, L1(Flow): 0.488110, Reg: 0.040341
Iter 40 of 180 Loss: 0.539931, L1(Flow): 0.497690, Reg: 0.042242
Iter 50 of 180 Loss: 0.495410, L1(Flow): 0.458632, Reg: 0.036777
Iter 60 of 180 Loss: 0.513157, L1(Flow): 0.474367, Reg: 0.038791
Iter 70 of 180 Loss: 0.518155, L1(Flow): 0.476562, Reg: 0.041594
Iter 80 of 180 Loss: 0.497768, L1(Flow): 0.458091, Reg: 0.039677
Iter 90 of 180 Loss: 0.500352, L1(Flow): 0.460832, Reg: 0.039520
Iter 100 of 180 Loss: 0.502359, L1(Flow): 0.459789, Reg: 0.042570
Iter 110 of 180 Loss: 0.509760, L1(Flow): 0.473614, Reg: 0.036146
Iter 120 of 180 Loss: 0.511481, L1(Flow): 0.471095, Reg: 0.040386
Iter 130 of 180 Loss: 0.483395, L1(Flow): 0.446327, Reg: 0.037068
Iter 140 of 180 Loss: 0.539275, L1(Flow): 0.496883, Reg: 0.042392
Iter 150 of 180 Loss: 0.516145, L1(Flow): 0.478261, Reg: 0.037885
Iter 160 of 180 Loss: 0.507416, L1(Flow): 0.467882, Reg: 0.039534
Iter 170 of 180 Loss: 0.538172, L1(Flow): 0.496935, Reg: 0.041237
Iter 180 of 180 Loss: 0.522066, L1(Flow): 0.479659, Reg: 0.042407
Epoch 243 Loss: 0.506280
Epoch 243 Validation: Mean EPE: 2.4040, Mean SSIM: 0.4391, Mean ZNCC: 0.6033
Epoch 244 starts
Iter 10 of 180 Loss: 0.496907, L1(Flow): 0.456632, Reg: 0.040275
Iter 20 of 180 Loss: 0.480539, L1(Flow): 0.441853, Reg: 0.038686
Iter 30 of 180 Loss: 0.503268, L1(Flow): 0.463439, Reg: 0.039830
Iter 40 of 180 Loss: 0.472667, L1(Flow): 0.434132, Reg: 0.038535
Iter 50 of 180 Loss: 0.498993, L1(Flow): 0.461277, Reg: 0.037715
Iter 60 of 180 Loss: 0.514020, L1(Flow): 0.475357, Reg: 0.038662
Iter 70 of 180 Loss: 0.490049, L1(Flow): 0.450313, Reg: 0.039735
Iter 80 of 180 Loss: 0.495919, L1(Flow): 0.458172, Reg: 0.037747
Iter 90 of 180 Loss: 0.510125, L1(Flow): 0.470512, Reg: 0.039613
Iter 100 of 180 Loss: 0.485478, L1(Flow): 0.446228, Reg: 0.039249
Iter 110 of 180 Loss: 0.480982, L1(Flow): 0.445024, Reg: 0.035958
Iter 120 of 180 Loss: 0.493679, L1(Flow): 0.453644, Reg: 0.040035
Iter 130 of 180 Loss: 0.531063, L1(Flow): 0.491172, Reg: 0.039891
Iter 140 of 180 Loss: 0.506134, L1(Flow): 0.465146, Reg: 0.040987
Iter 150 of 180 Loss: 0.556064, L1(Flow): 0.514006, Reg: 0.042059
Iter 160 of 180 Loss: 0.537487, L1(Flow): 0.495188, Reg: 0.042299
Iter 170 of 180 Loss: 0.510254, L1(Flow): 0.472122, Reg: 0.038132
Iter 180 of 180 Loss: 0.532516, L1(Flow): 0.493692, Reg: 0.038824
Epoch 244 Loss: 0.504912
Epoch 244 Validation: Mean EPE: 2.4108, Mean SSIM: 0.4387, Mean ZNCC: 0.6033
Epoch 245 starts
Iter 10 of 180 Loss: 0.505992, L1(Flow): 0.468836, Reg: 0.037156
Iter 20 of 180 Loss: 0.541249, L1(Flow): 0.500529, Reg: 0.040720
Iter 30 of 180 Loss: 0.472935, L1(Flow): 0.437470, Reg: 0.035465
Iter 40 of 180 Loss: 0.535836, L1(Flow): 0.493675, Reg: 0.042161
Iter 50 of 180 Loss: 0.479918, L1(Flow): 0.442638, Reg: 0.037280
Iter 60 of 180 Loss: 0.506006, L1(Flow): 0.464741, Reg: 0.041265
Iter 70 of 180 Loss: 0.494856, L1(Flow): 0.454746, Reg: 0.040111
Iter 80 of 180 Loss: 0.560825, L1(Flow): 0.519477, Reg: 0.041348
Iter 90 of 180 Loss: 0.532101, L1(Flow): 0.492178, Reg: 0.039923
Iter 100 of 180 Loss: 0.503702, L1(Flow): 0.462870, Reg: 0.040832
Iter 110 of 180 Loss: 0.520851, L1(Flow): 0.484020, Reg: 0.036831
Iter 120 of 180 Loss: 0.487242, L1(Flow): 0.451397, Reg: 0.035845
Iter 130 of 180 Loss: 0.481489, L1(Flow): 0.442899, Reg: 0.038590
Iter 140 of 180 Loss: 0.551635, L1(Flow): 0.509997, Reg: 0.041639
Iter 150 of 180 Loss: 0.494997, L1(Flow): 0.454628, Reg: 0.040369
Iter 160 of 180 Loss: 0.508368, L1(Flow): 0.469573, Reg: 0.038796
Iter 170 of 180 Loss: 0.495122, L1(Flow): 0.453765, Reg: 0.041357
Iter 180 of 180 Loss: 0.486918, L1(Flow): 0.449207, Reg: 0.037711
Epoch 245 Loss: 0.505360
Epoch 245 Validation: Mean EPE: 2.4091, Mean SSIM: 0.4391, Mean ZNCC: 0.6031
Epoch 246 starts
Iter 10 of 180 Loss: 0.508059, L1(Flow): 0.470185, Reg: 0.037873
Iter 20 of 180 Loss: 0.510383, L1(Flow): 0.473157, Reg: 0.037226
Iter 30 of 180 Loss: 0.525791, L1(Flow): 0.487415, Reg: 0.038376
Iter 40 of 180 Loss: 0.499187, L1(Flow): 0.460313, Reg: 0.038875
Iter 50 of 180 Loss: 0.521578, L1(Flow): 0.481916, Reg: 0.039662
Iter 60 of 180 Loss: 0.493539, L1(Flow): 0.457217, Reg: 0.036322
Iter 70 of 180 Loss: 0.467361, L1(Flow): 0.431431, Reg: 0.035930
Iter 80 of 180 Loss: 0.527461, L1(Flow): 0.485944, Reg: 0.041517
Iter 90 of 180 Loss: 0.482794, L1(Flow): 0.444350, Reg: 0.038444
Iter 100 of 180 Loss: 0.514225, L1(Flow): 0.476130, Reg: 0.038095
Iter 110 of 180 Loss: 0.552820, L1(Flow): 0.508192, Reg: 0.044629
Iter 120 of 180 Loss: 0.526442, L1(Flow): 0.485227, Reg: 0.041215
Iter 130 of 180 Loss: 0.460258, L1(Flow): 0.426983, Reg: 0.033274
Iter 140 of 180 Loss: 0.501081, L1(Flow): 0.461211, Reg: 0.039870
Iter 150 of 180 Loss: 0.498438, L1(Flow): 0.461822, Reg: 0.036616
Iter 160 of 180 Loss: 0.513746, L1(Flow): 0.476438, Reg: 0.037308
Iter 170 of 180 Loss: 0.508393, L1(Flow): 0.468061, Reg: 0.040332
Iter 180 of 180 Loss: 0.496373, L1(Flow): 0.458477, Reg: 0.037895
Epoch 246 Loss: 0.506368
Epoch 246 Validation: Mean EPE: 2.4178, Mean SSIM: 0.4383, Mean ZNCC: 0.6030
Epoch 247 starts
Iter 10 of 180 Loss: 0.526971, L1(Flow): 0.485196, Reg: 0.041774
Iter 20 of 180 Loss: 0.526678, L1(Flow): 0.487912, Reg: 0.038766
Iter 30 of 180 Loss: 0.519114, L1(Flow): 0.476767, Reg: 0.042347
Iter 40 of 180 Loss: 0.470454, L1(Flow): 0.432718, Reg: 0.037736
Iter 50 of 180 Loss: 0.516850, L1(Flow): 0.474338, Reg: 0.042512
Iter 60 of 180 Loss: 0.481630, L1(Flow): 0.445357, Reg: 0.036272
Iter 70 of 180 Loss: 0.485913, L1(Flow): 0.449078, Reg: 0.036835
Iter 80 of 180 Loss: 0.536966, L1(Flow): 0.496467, Reg: 0.040499
Iter 90 of 180 Loss: 0.515178, L1(Flow): 0.476191, Reg: 0.038987
Iter 100 of 180 Loss: 0.477192, L1(Flow): 0.440564, Reg: 0.036628
Iter 110 of 180 Loss: 0.484205, L1(Flow): 0.447339, Reg: 0.036866
Iter 120 of 180 Loss: 0.489780, L1(Flow): 0.450959, Reg: 0.038822
Iter 130 of 180 Loss: 0.481295, L1(Flow): 0.445418, Reg: 0.035877
Iter 140 of 180 Loss: 0.505945, L1(Flow): 0.465218, Reg: 0.040727
Iter 150 of 180 Loss: 0.523401, L1(Flow): 0.480694, Reg: 0.042708
Iter 160 of 180 Loss: 0.510443, L1(Flow): 0.472839, Reg: 0.037604
Iter 170 of 180 Loss: 0.481699, L1(Flow): 0.443588, Reg: 0.038112
Iter 180 of 180 Loss: 0.509410, L1(Flow): 0.472101, Reg: 0.037309
Epoch 247 Loss: 0.506148
Epoch 247 Validation: Mean EPE: 2.4080, Mean SSIM: 0.4384, Mean ZNCC: 0.6031
Epoch 248 starts
Iter 10 of 180 Loss: 0.485798, L1(Flow): 0.449716, Reg: 0.036082
Iter 20 of 180 Loss: 0.492499, L1(Flow): 0.455722, Reg: 0.036777
Iter 30 of 180 Loss: 0.520470, L1(Flow): 0.479767, Reg: 0.040703
Iter 40 of 180 Loss: 0.482455, L1(Flow): 0.442629, Reg: 0.039827
Iter 50 of 180 Loss: 0.523070, L1(Flow): 0.485422, Reg: 0.037648
Iter 60 of 180 Loss: 0.475301, L1(Flow): 0.440042, Reg: 0.035259
Iter 70 of 180 Loss: 0.525009, L1(Flow): 0.487642, Reg: 0.037366
Iter 80 of 180 Loss: 0.475058, L1(Flow): 0.435568, Reg: 0.039490
Iter 90 of 180 Loss: 0.517689, L1(Flow): 0.478320, Reg: 0.039368
Iter 100 of 180 Loss: 0.493916, L1(Flow): 0.454695, Reg: 0.039221
Iter 110 of 180 Loss: 0.470250, L1(Flow): 0.432715, Reg: 0.037536
Iter 120 of 180 Loss: 0.479808, L1(Flow): 0.443383, Reg: 0.036425
Iter 130 of 180 Loss: 0.509932, L1(Flow): 0.475800, Reg: 0.034132
Iter 140 of 180 Loss: 0.520609, L1(Flow): 0.477330, Reg: 0.043279
Iter 150 of 180 Loss: 0.480631, L1(Flow): 0.445638, Reg: 0.034993
Iter 160 of 180 Loss: 0.526199, L1(Flow): 0.486666, Reg: 0.039533
Iter 170 of 180 Loss: 0.489347, L1(Flow): 0.449367, Reg: 0.039979
Iter 180 of 180 Loss: 0.500682, L1(Flow): 0.459853, Reg: 0.040830
Epoch 248 Loss: 0.503495
Epoch 248 Validation: Mean EPE: 2.4117, Mean SSIM: 0.4393, Mean ZNCC: 0.6033
Epoch 249 starts
Iter 10 of 180 Loss: 0.506243, L1(Flow): 0.469267, Reg: 0.036976
Iter 20 of 180 Loss: 0.559546, L1(Flow): 0.518903, Reg: 0.040642
Iter 30 of 180 Loss: 0.490709, L1(Flow): 0.452385, Reg: 0.038324
Iter 40 of 180 Loss: 0.534328, L1(Flow): 0.490317, Reg: 0.044011
Iter 50 of 180 Loss: 0.507754, L1(Flow): 0.468226, Reg: 0.039528
Iter 60 of 180 Loss: 0.522972, L1(Flow): 0.485142, Reg: 0.037830
Iter 70 of 180 Loss: 0.508111, L1(Flow): 0.467797, Reg: 0.040315
Iter 80 of 180 Loss: 0.482883, L1(Flow): 0.442979, Reg: 0.039903
Iter 90 of 180 Loss: 0.518697, L1(Flow): 0.476794, Reg: 0.041903
Iter 100 of 180 Loss: 0.496412, L1(Flow): 0.457609, Reg: 0.038803
Iter 110 of 180 Loss: 0.477181, L1(Flow): 0.443735, Reg: 0.033446
Iter 120 of 180 Loss: 0.484740, L1(Flow): 0.446683, Reg: 0.038058
Iter 130 of 180 Loss: 0.532865, L1(Flow): 0.490575, Reg: 0.042290
Iter 140 of 180 Loss: 0.546655, L1(Flow): 0.506241, Reg: 0.040414
Iter 150 of 180 Loss: 0.499730, L1(Flow): 0.462460, Reg: 0.037270
Iter 160 of 180 Loss: 0.507293, L1(Flow): 0.468561, Reg: 0.038732
Iter 170 of 180 Loss: 0.521083, L1(Flow): 0.484086, Reg: 0.036997
Iter 180 of 180 Loss: 0.468231, L1(Flow): 0.433421, Reg: 0.034809
Epoch 249 Loss: 0.505190
Epoch 249 Validation: Mean EPE: 2.4016, Mean SSIM: 0.4385, Mean ZNCC: 0.6030
--> Saved to Top 5 best models (EPE: 2.4016)
Epoch 250 starts
Iter 10 of 180 Loss: 0.495845, L1(Flow): 0.457538, Reg: 0.038308
Iter 20 of 180 Loss: 0.479366, L1(Flow): 0.443115, Reg: 0.036251
Iter 30 of 180 Loss: 0.513356, L1(Flow): 0.473202, Reg: 0.040154
Iter 40 of 180 Loss: 0.503401, L1(Flow): 0.461204, Reg: 0.042197
Iter 50 of 180 Loss: 0.504989, L1(Flow): 0.463264, Reg: 0.041725
Iter 60 of 180 Loss: 0.507733, L1(Flow): 0.471325, Reg: 0.036407
Iter 70 of 180 Loss: 0.512627, L1(Flow): 0.469628, Reg: 0.042999
Iter 80 of 180 Loss: 0.503569, L1(Flow): 0.465173, Reg: 0.038396
Iter 90 of 180 Loss: 0.497221, L1(Flow): 0.460469, Reg: 0.036752
Iter 100 of 180 Loss: 0.488941, L1(Flow): 0.446974, Reg: 0.041966
Iter 110 of 180 Loss: 0.494500, L1(Flow): 0.453103, Reg: 0.041397
Iter 120 of 180 Loss: 0.523429, L1(Flow): 0.479985, Reg: 0.043444
Iter 130 of 180 Loss: 0.489436, L1(Flow): 0.452737, Reg: 0.036699
Iter 140 of 180 Loss: 0.498275, L1(Flow): 0.458931, Reg: 0.039344
Iter 150 of 180 Loss: 0.493167, L1(Flow): 0.453322, Reg: 0.039845
Iter 160 of 180 Loss: 0.516160, L1(Flow): 0.477187, Reg: 0.038972
Iter 170 of 180 Loss: 0.496989, L1(Flow): 0.455666, Reg: 0.041323
Iter 180 of 180 Loss: 0.499594, L1(Flow): 0.462207, Reg: 0.037387
Epoch 250 Loss: 0.498110
Epoch 250 Validation: Mean EPE: 2.4167, Mean SSIM: 0.4379, Mean ZNCC: 0.6028
Epoch 251 starts
Iter 10 of 180 Loss: 0.498141, L1(Flow): 0.461654, Reg: 0.036487
Iter 20 of 180 Loss: 0.491713, L1(Flow): 0.451649, Reg: 0.040065
Iter 30 of 180 Loss: 0.476444, L1(Flow): 0.439697, Reg: 0.036747
Iter 40 of 180 Loss: 0.550052, L1(Flow): 0.506261, Reg: 0.043791
Iter 50 of 180 Loss: 0.517415, L1(Flow): 0.476166, Reg: 0.041249
Iter 60 of 180 Loss: 0.562421, L1(Flow): 0.521121, Reg: 0.041300
Iter 70 of 180 Loss: 0.496847, L1(Flow): 0.458849, Reg: 0.037998
Iter 80 of 180 Loss: 0.537731, L1(Flow): 0.494276, Reg: 0.043455
Iter 90 of 180 Loss: 0.480997, L1(Flow): 0.443350, Reg: 0.037647
Iter 100 of 180 Loss: 0.527780, L1(Flow): 0.491061, Reg: 0.036719
Iter 110 of 180 Loss: 0.472839, L1(Flow): 0.433169, Reg: 0.039670
Iter 120 of 180 Loss: 0.518050, L1(Flow): 0.479381, Reg: 0.038669
Iter 130 of 180 Loss: 0.506232, L1(Flow): 0.466513, Reg: 0.039719
Iter 140 of 180 Loss: 0.497038, L1(Flow): 0.456098, Reg: 0.040939
Iter 150 of 180 Loss: 0.491943, L1(Flow): 0.453152, Reg: 0.038791
Iter 160 of 180 Loss: 0.500293, L1(Flow): 0.456707, Reg: 0.043586
Iter 170 of 180 Loss: 0.504673, L1(Flow): 0.463243, Reg: 0.041429
Iter 180 of 180 Loss: 0.498556, L1(Flow): 0.462272, Reg: 0.036284
Epoch 251 Loss: 0.499224
Epoch 251 Validation: Mean EPE: 2.4013, Mean SSIM: 0.4394, Mean ZNCC: 0.6031
--> Saved to Top 5 best models (EPE: 2.4013)
Epoch 252 starts
Iter 10 of 180 Loss: 0.488012, L1(Flow): 0.446964, Reg: 0.041047
Iter 20 of 180 Loss: 0.509382, L1(Flow): 0.469161, Reg: 0.040221
Iter 30 of 180 Loss: 0.495461, L1(Flow): 0.454486, Reg: 0.040975
Iter 40 of 180 Loss: 0.463582, L1(Flow): 0.427005, Reg: 0.036577
Iter 50 of 180 Loss: 0.476821, L1(Flow): 0.438040, Reg: 0.038781
Iter 60 of 180 Loss: 0.501016, L1(Flow): 0.461434, Reg: 0.039582
Iter 70 of 180 Loss: 0.512966, L1(Flow): 0.472874, Reg: 0.040092
Iter 80 of 180 Loss: 0.498684, L1(Flow): 0.461305, Reg: 0.037379
Iter 90 of 180 Loss: 0.513301, L1(Flow): 0.471310, Reg: 0.041991
Iter 100 of 180 Loss: 0.497811, L1(Flow): 0.458381, Reg: 0.039430
Iter 110 of 180 Loss: 0.550262, L1(Flow): 0.507470, Reg: 0.042792
Iter 120 of 180 Loss: 0.540695, L1(Flow): 0.499865, Reg: 0.040830
Iter 130 of 180 Loss: 0.503311, L1(Flow): 0.466383, Reg: 0.036927
Iter 140 of 180 Loss: 0.515612, L1(Flow): 0.472037, Reg: 0.043575
Iter 150 of 180 Loss: 0.487160, L1(Flow): 0.448419, Reg: 0.038741
Iter 160 of 180 Loss: 0.499302, L1(Flow): 0.458249, Reg: 0.041053
Iter 170 of 180 Loss: 0.544907, L1(Flow): 0.503645, Reg: 0.041262
Iter 180 of 180 Loss: 0.534493, L1(Flow): 0.497690, Reg: 0.036803
Epoch 252 Loss: 0.498510
Epoch 252 Validation: Mean EPE: 2.4050, Mean SSIM: 0.4394, Mean ZNCC: 0.6033
Epoch 253 starts
Iter 10 of 180 Loss: 0.511936, L1(Flow): 0.474513, Reg: 0.037422
Iter 20 of 180 Loss: 0.504708, L1(Flow): 0.465565, Reg: 0.039143
Iter 30 of 180 Loss: 0.470650, L1(Flow): 0.435276, Reg: 0.035374
Iter 40 of 180 Loss: 0.454105, L1(Flow): 0.416410, Reg: 0.037696
Iter 50 of 180 Loss: 0.501171, L1(Flow): 0.461066, Reg: 0.040104
Iter 60 of 180 Loss: 0.480508, L1(Flow): 0.441097, Reg: 0.039411
Iter 70 of 180 Loss: 0.493449, L1(Flow): 0.452926, Reg: 0.040523
Iter 80 of 180 Loss: 0.522359, L1(Flow): 0.480524, Reg: 0.041835
Iter 90 of 180 Loss: 0.489332, L1(Flow): 0.452327, Reg: 0.037004
Iter 100 of 180 Loss: 0.508048, L1(Flow): 0.468939, Reg: 0.039109
Iter 110 of 180 Loss: 0.492580, L1(Flow): 0.452885, Reg: 0.039695
Iter 120 of 180 Loss: 0.497528, L1(Flow): 0.457977, Reg: 0.039551
Iter 130 of 180 Loss: 0.516049, L1(Flow): 0.475595, Reg: 0.040454
Iter 140 of 180 Loss: 0.491571, L1(Flow): 0.452568, Reg: 0.039003
Iter 150 of 180 Loss: 0.484778, L1(Flow): 0.447112, Reg: 0.037667
Iter 160 of 180 Loss: 0.523228, L1(Flow): 0.481566, Reg: 0.041661
Iter 170 of 180 Loss: 0.486781, L1(Flow): 0.447664, Reg: 0.039116
Iter 180 of 180 Loss: 0.496686, L1(Flow): 0.457786, Reg: 0.038900
Epoch 253 Loss: 0.494150
Epoch 253 Validation: Mean EPE: 2.4094, Mean SSIM: 0.4388, Mean ZNCC: 0.6033
Epoch 254 starts
Iter 10 of 180 Loss: 0.555224, L1(Flow): 0.515505, Reg: 0.039719
Iter 20 of 180 Loss: 0.511416, L1(Flow): 0.469731, Reg: 0.041685
Iter 30 of 180 Loss: 0.516633, L1(Flow): 0.479573, Reg: 0.037059
Iter 40 of 180 Loss: 0.479611, L1(Flow): 0.441924, Reg: 0.037687
Iter 50 of 180 Loss: 0.467619, L1(Flow): 0.432768, Reg: 0.034851
Iter 60 of 180 Loss: 0.488503, L1(Flow): 0.448662, Reg: 0.039841
Iter 70 of 180 Loss: 0.493989, L1(Flow): 0.453378, Reg: 0.040610
Iter 80 of 180 Loss: 0.482157, L1(Flow): 0.442323, Reg: 0.039834
Iter 90 of 180 Loss: 0.516659, L1(Flow): 0.477627, Reg: 0.039033
Iter 100 of 180 Loss: 0.526851, L1(Flow): 0.484488, Reg: 0.042363
Iter 110 of 180 Loss: 0.449181, L1(Flow): 0.412891, Reg: 0.036290
Iter 120 of 180 Loss: 0.489014, L1(Flow): 0.451535, Reg: 0.037478
Iter 130 of 180 Loss: 0.507846, L1(Flow): 0.466462, Reg: 0.041384
Iter 140 of 180 Loss: 0.493830, L1(Flow): 0.456623, Reg: 0.037206
Iter 150 of 180 Loss: 0.465887, L1(Flow): 0.429024, Reg: 0.036863
Iter 160 of 180 Loss: 0.509663, L1(Flow): 0.471176, Reg: 0.038486
Iter 170 of 180 Loss: 0.485727, L1(Flow): 0.446629, Reg: 0.039097
Iter 180 of 180 Loss: 0.499145, L1(Flow): 0.462720, Reg: 0.036426
Epoch 254 Loss: 0.498599
Epoch 254 Validation: Mean EPE: 2.4060, Mean SSIM: 0.4389, Mean ZNCC: 0.6030
Epoch 255 starts
Iter 10 of 180 Loss: 0.491444, L1(Flow): 0.449659, Reg: 0.041785
Iter 20 of 180 Loss: 0.498730, L1(Flow): 0.459994, Reg: 0.038736
Iter 30 of 180 Loss: 0.512834, L1(Flow): 0.473012, Reg: 0.039822
Iter 40 of 180 Loss: 0.494026, L1(Flow): 0.453216, Reg: 0.040810
Iter 50 of 180 Loss: 0.501870, L1(Flow): 0.460637, Reg: 0.041233
Iter 60 of 180 Loss: 0.459978, L1(Flow): 0.423239, Reg: 0.036739
Iter 70 of 180 Loss: 0.467211, L1(Flow): 0.429170, Reg: 0.038041
Iter 80 of 180 Loss: 0.524290, L1(Flow): 0.481056, Reg: 0.043234
Iter 90 of 180 Loss: 0.516814, L1(Flow): 0.475849, Reg: 0.040965
Iter 100 of 180 Loss: 0.486751, L1(Flow): 0.447081, Reg: 0.039670
Iter 110 of 180 Loss: 0.478441, L1(Flow): 0.441822, Reg: 0.036619
Iter 120 of 180 Loss: 0.547808, L1(Flow): 0.504724, Reg: 0.043085
Iter 130 of 180 Loss: 0.507164, L1(Flow): 0.468120, Reg: 0.039044
Iter 140 of 180 Loss: 0.466760, L1(Flow): 0.429965, Reg: 0.036795
Iter 150 of 180 Loss: 0.516352, L1(Flow): 0.478380, Reg: 0.037973
Iter 160 of 180 Loss: 0.492693, L1(Flow): 0.455529, Reg: 0.037164
Iter 170 of 180 Loss: 0.496025, L1(Flow): 0.457136, Reg: 0.038890
Iter 180 of 180 Loss: 0.452872, L1(Flow): 0.416302, Reg: 0.036571
Epoch 255 Loss: 0.492983
Epoch 255 Validation: Mean EPE: 2.3978, Mean SSIM: 0.4394, Mean ZNCC: 0.6033
--> Saved to Top 5 best models (EPE: 2.3978)
--> New absolute BEST model updated with EPE: 2.3978
Epoch 256 starts
Iter 10 of 180 Loss: 0.495340, L1(Flow): 0.455856, Reg: 0.039484
Iter 20 of 180 Loss: 0.461880, L1(Flow): 0.422897, Reg: 0.038983
Iter 30 of 180 Loss: 0.527596, L1(Flow): 0.488984, Reg: 0.038611
Iter 40 of 180 Loss: 0.534873, L1(Flow): 0.495061, Reg: 0.039812
Iter 50 of 180 Loss: 0.488232, L1(Flow): 0.451306, Reg: 0.036927
Iter 60 of 180 Loss: 0.506160, L1(Flow): 0.469276, Reg: 0.036884
Iter 70 of 180 Loss: 0.522635, L1(Flow): 0.481636, Reg: 0.040999
Iter 80 of 180 Loss: 0.506230, L1(Flow): 0.465698, Reg: 0.040532
Iter 90 of 180 Loss: 0.463838, L1(Flow): 0.425192, Reg: 0.038646
Iter 100 of 180 Loss: 0.489301, L1(Flow): 0.450648, Reg: 0.038653
Iter 110 of 180 Loss: 0.517492, L1(Flow): 0.475498, Reg: 0.041994
Iter 120 of 180 Loss: 0.510633, L1(Flow): 0.471118, Reg: 0.039515
Iter 130 of 180 Loss: 0.479248, L1(Flow): 0.438057, Reg: 0.041191
Iter 140 of 180 Loss: 0.501127, L1(Flow): 0.462000, Reg: 0.039127
Iter 150 of 180 Loss: 0.456538, L1(Flow): 0.419638, Reg: 0.036900
Iter 160 of 180 Loss: 0.470022, L1(Flow): 0.433391, Reg: 0.036630
Iter 170 of 180 Loss: 0.500093, L1(Flow): 0.461823, Reg: 0.038269
Iter 180 of 180 Loss: 0.500703, L1(Flow): 0.459989, Reg: 0.040713
Epoch 256 Loss: 0.495401
Epoch 256 Validation: Mean EPE: 2.4017, Mean SSIM: 0.4388, Mean ZNCC: 0.6032
Epoch 257 starts
Iter 10 of 180 Loss: 0.478145, L1(Flow): 0.442893, Reg: 0.035252
Iter 20 of 180 Loss: 0.505057, L1(Flow): 0.462878, Reg: 0.042180
Iter 30 of 180 Loss: 0.499424, L1(Flow): 0.460627, Reg: 0.038797
Iter 40 of 180 Loss: 0.469335, L1(Flow): 0.431276, Reg: 0.038060
Iter 50 of 180 Loss: 0.494883, L1(Flow): 0.459118, Reg: 0.035765
Iter 60 of 180 Loss: 0.494620, L1(Flow): 0.458122, Reg: 0.036498
Iter 70 of 180 Loss: 0.497960, L1(Flow): 0.458915, Reg: 0.039045
Iter 80 of 180 Loss: 0.488844, L1(Flow): 0.449935, Reg: 0.038909
Iter 90 of 180 Loss: 0.503781, L1(Flow): 0.464327, Reg: 0.039454
Iter 100 of 180 Loss: 0.508279, L1(Flow): 0.468729, Reg: 0.039550
Iter 110 of 180 Loss: 0.480086, L1(Flow): 0.444308, Reg: 0.035778
Iter 120 of 180 Loss: 0.516463, L1(Flow): 0.477645, Reg: 0.038817
Iter 130 of 180 Loss: 0.529610, L1(Flow): 0.489476, Reg: 0.040134
Iter 140 of 180 Loss: 0.503440, L1(Flow): 0.463915, Reg: 0.039526
Iter 150 of 180 Loss: 0.488945, L1(Flow): 0.450974, Reg: 0.037971
Iter 160 of 180 Loss: 0.479667, L1(Flow): 0.441354, Reg: 0.038313
Iter 170 of 180 Loss: 0.500710, L1(Flow): 0.463547, Reg: 0.037162
Iter 180 of 180 Loss: 0.497299, L1(Flow): 0.457095, Reg: 0.040205
Epoch 257 Loss: 0.495788
Epoch 257 Validation: Mean EPE: 2.4075, Mean SSIM: 0.4391, Mean ZNCC: 0.6032
Epoch 258 starts
Iter 10 of 180 Loss: 0.494112, L1(Flow): 0.456220, Reg: 0.037892
Iter 20 of 180 Loss: 0.488998, L1(Flow): 0.451434, Reg: 0.037564
Iter 30 of 180 Loss: 0.444831, L1(Flow): 0.411358, Reg: 0.033473
Iter 40 of 180 Loss: 0.517034, L1(Flow): 0.479460, Reg: 0.037574
Iter 50 of 180 Loss: 0.469027, L1(Flow): 0.432619, Reg: 0.036407
Iter 60 of 180 Loss: 0.481169, L1(Flow): 0.441677, Reg: 0.039492
Iter 70 of 180 Loss: 0.480727, L1(Flow): 0.440243, Reg: 0.040484
Iter 80 of 180 Loss: 0.535032, L1(Flow): 0.494577, Reg: 0.040456
Iter 90 of 180 Loss: 0.518899, L1(Flow): 0.480868, Reg: 0.038032
Iter 100 of 180 Loss: 0.534851, L1(Flow): 0.492785, Reg: 0.042065
Iter 110 of 180 Loss: 0.477828, L1(Flow): 0.440937, Reg: 0.036892
Iter 120 of 180 Loss: 0.459844, L1(Flow): 0.420956, Reg: 0.038888
Iter 130 of 180 Loss: 0.487779, L1(Flow): 0.450039, Reg: 0.037739
Iter 140 of 180 Loss: 0.473441, L1(Flow): 0.436810, Reg: 0.036630
Iter 150 of 180 Loss: 0.483391, L1(Flow): 0.445354, Reg: 0.038037
Iter 160 of 180 Loss: 0.492449, L1(Flow): 0.456275, Reg: 0.036174
Iter 170 of 180 Loss: 0.488769, L1(Flow): 0.451900, Reg: 0.036869
Iter 180 of 180 Loss: 0.445444, L1(Flow): 0.412791, Reg: 0.032653
Epoch 258 Loss: 0.493394
Epoch 258 Validation: Mean EPE: 2.4182, Mean SSIM: 0.4383, Mean ZNCC: 0.6029
Epoch 259 starts
Iter 10 of 180 Loss: 0.525014, L1(Flow): 0.486095, Reg: 0.038919
Iter 20 of 180 Loss: 0.535927, L1(Flow): 0.494186, Reg: 0.041740
Iter 30 of 180 Loss: 0.474764, L1(Flow): 0.438180, Reg: 0.036583
Iter 40 of 180 Loss: 0.540936, L1(Flow): 0.498451, Reg: 0.042485
Iter 50 of 180 Loss: 0.495928, L1(Flow): 0.457205, Reg: 0.038723
Iter 60 of 180 Loss: 0.501965, L1(Flow): 0.461011, Reg: 0.040954
Iter 70 of 180 Loss: 0.463224, L1(Flow): 0.428266, Reg: 0.034958
Iter 80 of 180 Loss: 0.484461, L1(Flow): 0.448966, Reg: 0.035495
Iter 90 of 180 Loss: 0.492999, L1(Flow): 0.457743, Reg: 0.035257
Iter 100 of 180 Loss: 0.509109, L1(Flow): 0.472606, Reg: 0.036503
Iter 110 of 180 Loss: 0.507417, L1(Flow): 0.468635, Reg: 0.038782
Iter 120 of 180 Loss: 0.511333, L1(Flow): 0.472850, Reg: 0.038483
Iter 130 of 180 Loss: 0.515279, L1(Flow): 0.474271, Reg: 0.041008
Iter 140 of 180 Loss: 0.499789, L1(Flow): 0.462940, Reg: 0.036850
Iter 150 of 180 Loss: 0.511957, L1(Flow): 0.472066, Reg: 0.039891
Iter 160 of 180 Loss: 0.508873, L1(Flow): 0.471626, Reg: 0.037247
Iter 170 of 180 Loss: 0.492064, L1(Flow): 0.455141, Reg: 0.036923
Iter 180 of 180 Loss: 0.490364, L1(Flow): 0.447789, Reg: 0.042575
Epoch 259 Loss: 0.504871
Epoch 259 Validation: Mean EPE: 2.4039, Mean SSIM: 0.4392, Mean ZNCC: 0.6033
Epoch 260 starts
Iter 10 of 180 Loss: 0.511800, L1(Flow): 0.471268, Reg: 0.040532
Iter 20 of 180 Loss: 0.506026, L1(Flow): 0.465571, Reg: 0.040454
Iter 30 of 180 Loss: 0.499017, L1(Flow): 0.463939, Reg: 0.035078
Iter 40 of 180 Loss: 0.470165, L1(Flow): 0.432566, Reg: 0.037599
Iter 50 of 180 Loss: 0.485969, L1(Flow): 0.448031, Reg: 0.037938
Iter 60 of 180 Loss: 0.512390, L1(Flow): 0.475853, Reg: 0.036537
Iter 70 of 180 Loss: 0.527750, L1(Flow): 0.488917, Reg: 0.038833
Iter 80 of 180 Loss: 0.490475, L1(Flow): 0.455076, Reg: 0.035399
Iter 90 of 180 Loss: 0.482715, L1(Flow): 0.443030, Reg: 0.039685
Iter 100 of 180 Loss: 0.488278, L1(Flow): 0.449576, Reg: 0.038703
Iter 110 of 180 Loss: 0.517834, L1(Flow): 0.477140, Reg: 0.040694
Iter 120 of 180 Loss: 0.516545, L1(Flow): 0.478470, Reg: 0.038074
Iter 130 of 180 Loss: 0.492943, L1(Flow): 0.453935, Reg: 0.039009
Iter 140 of 180 Loss: 0.522789, L1(Flow): 0.481027, Reg: 0.041762
Iter 150 of 180 Loss: 0.496647, L1(Flow): 0.458318, Reg: 0.038330
Iter 160 of 180 Loss: 0.536728, L1(Flow): 0.496113, Reg: 0.040614
Iter 170 of 180 Loss: 0.502084, L1(Flow): 0.463818, Reg: 0.038266
Iter 180 of 180 Loss: 0.529042, L1(Flow): 0.486917, Reg: 0.042125
Epoch 260 Loss: 0.498361
Epoch 260 Validation: Mean EPE: 2.4115, Mean SSIM: 0.4389, Mean ZNCC: 0.6033
Epoch 261 starts
Iter 10 of 180 Loss: 0.505453, L1(Flow): 0.464834, Reg: 0.040619
Iter 20 of 180 Loss: 0.490395, L1(Flow): 0.453419, Reg: 0.036977
Iter 30 of 180 Loss: 0.532526, L1(Flow): 0.493759, Reg: 0.038767
Iter 40 of 180 Loss: 0.511532, L1(Flow): 0.471631, Reg: 0.039901
Iter 50 of 180 Loss: 0.489736, L1(Flow): 0.449803, Reg: 0.039933
Iter 60 of 180 Loss: 0.508798, L1(Flow): 0.466790, Reg: 0.042008
Iter 70 of 180 Loss: 0.481735, L1(Flow): 0.442906, Reg: 0.038829
Iter 80 of 180 Loss: 0.479979, L1(Flow): 0.442367, Reg: 0.037612
Iter 90 of 180 Loss: 0.489590, L1(Flow): 0.451445, Reg: 0.038145
Iter 100 of 180 Loss: 0.526316, L1(Flow): 0.483604, Reg: 0.042712
Iter 110 of 180 Loss: 0.506080, L1(Flow): 0.465610, Reg: 0.040470
Iter 120 of 180 Loss: 0.458682, L1(Flow): 0.421296, Reg: 0.037386
Iter 130 of 180 Loss: 0.447116, L1(Flow): 0.411835, Reg: 0.035281
Iter 140 of 180 Loss: 0.488916, L1(Flow): 0.448880, Reg: 0.040036
Iter 150 of 180 Loss: 0.475182, L1(Flow): 0.437426, Reg: 0.037756
Iter 160 of 180 Loss: 0.466405, L1(Flow): 0.429414, Reg: 0.036991
Iter 170 of 180 Loss: 0.479600, L1(Flow): 0.444565, Reg: 0.035034
Iter 180 of 180 Loss: 0.480435, L1(Flow): 0.440600, Reg: 0.039835
Epoch 261 Loss: 0.492081
Epoch 261 Validation: Mean EPE: 2.3962, Mean SSIM: 0.4396, Mean ZNCC: 0.6034
--> Saved to Top 5 best models (EPE: 2.3962)
--> New absolute BEST model updated with EPE: 2.3962
Epoch 262 starts
Iter 10 of 180 Loss: 0.488120, L1(Flow): 0.449262, Reg: 0.038858
Iter 20 of 180 Loss: 0.492586, L1(Flow): 0.451771, Reg: 0.040815
Iter 30 of 180 Loss: 0.493428, L1(Flow): 0.456179, Reg: 0.037249
Iter 40 of 180 Loss: 0.502635, L1(Flow): 0.463943, Reg: 0.038692
Iter 50 of 180 Loss: 0.504519, L1(Flow): 0.464980, Reg: 0.039539
Iter 60 of 180 Loss: 0.481363, L1(Flow): 0.442393, Reg: 0.038970
Iter 70 of 180 Loss: 0.513725, L1(Flow): 0.474925, Reg: 0.038800
Iter 80 of 180 Loss: 0.478371, L1(Flow): 0.438033, Reg: 0.040337
Iter 90 of 180 Loss: 0.491365, L1(Flow): 0.452123, Reg: 0.039242
Iter 100 of 180 Loss: 0.471307, L1(Flow): 0.433702, Reg: 0.037606
Iter 110 of 180 Loss: 0.508826, L1(Flow): 0.467367, Reg: 0.041460
Iter 120 of 180 Loss: 0.477606, L1(Flow): 0.439612, Reg: 0.037994
Iter 130 of 180 Loss: 0.462990, L1(Flow): 0.429362, Reg: 0.033628
Iter 140 of 180 Loss: 0.470355, L1(Flow): 0.433178, Reg: 0.037177
Iter 150 of 180 Loss: 0.493926, L1(Flow): 0.455638, Reg: 0.038288
Iter 160 of 180 Loss: 0.473267, L1(Flow): 0.437668, Reg: 0.035599
Iter 170 of 180 Loss: 0.513147, L1(Flow): 0.472372, Reg: 0.040775
Iter 180 of 180 Loss: 0.498687, L1(Flow): 0.460925, Reg: 0.037762
Epoch 262 Loss: 0.487556
Epoch 262 Validation: Mean EPE: 2.4080, Mean SSIM: 0.4395, Mean ZNCC: 0.6033
Epoch 263 starts
Iter 10 of 180 Loss: 0.547811, L1(Flow): 0.503607, Reg: 0.044204
Iter 20 of 180 Loss: 0.481242, L1(Flow): 0.444115, Reg: 0.037127
Iter 30 of 180 Loss: 0.462196, L1(Flow): 0.425074, Reg: 0.037122
Iter 40 of 180 Loss: 0.473851, L1(Flow): 0.436238, Reg: 0.037613
Iter 50 of 180 Loss: 0.457103, L1(Flow): 0.419347, Reg: 0.037756
Iter 60 of 180 Loss: 0.472894, L1(Flow): 0.437338, Reg: 0.035556
Iter 70 of 180 Loss: 0.526107, L1(Flow): 0.486260, Reg: 0.039847
Iter 80 of 180 Loss: 0.494881, L1(Flow): 0.457579, Reg: 0.037302
Iter 90 of 180 Loss: 0.505226, L1(Flow): 0.464710, Reg: 0.040517
Iter 100 of 180 Loss: 0.501280, L1(Flow): 0.461184, Reg: 0.040096
Iter 110 of 180 Loss: 0.491250, L1(Flow): 0.456581, Reg: 0.034669
Iter 120 of 180 Loss: 0.518050, L1(Flow): 0.477778, Reg: 0.040272
Iter 130 of 180 Loss: 0.506153, L1(Flow): 0.465875, Reg: 0.040277
Iter 140 of 180 Loss: 0.488557, L1(Flow): 0.448741, Reg: 0.039816
Iter 150 of 180 Loss: 0.505385, L1(Flow): 0.462679, Reg: 0.042706
Iter 160 of 180 Loss: 0.460722, L1(Flow): 0.423145, Reg: 0.037577
Iter 170 of 180 Loss: 0.508320, L1(Flow): 0.471214, Reg: 0.037107
Iter 180 of 180 Loss: 0.477392, L1(Flow): 0.438452, Reg: 0.038939
Epoch 263 Loss: 0.486553
Epoch 263 Validation: Mean EPE: 2.4066, Mean SSIM: 0.4393, Mean ZNCC: 0.6032
Epoch 264 starts
Iter 10 of 180 Loss: 0.537850, L1(Flow): 0.496865, Reg: 0.040985
Iter 20 of 180 Loss: 0.491815, L1(Flow): 0.453636, Reg: 0.038179
Iter 30 of 180 Loss: 0.475389, L1(Flow): 0.435435, Reg: 0.039954
Iter 40 of 180 Loss: 0.499339, L1(Flow): 0.462555, Reg: 0.036784
Iter 50 of 180 Loss: 0.480832, L1(Flow): 0.445100, Reg: 0.035732
Iter 60 of 180 Loss: 0.472663, L1(Flow): 0.436639, Reg: 0.036024
Iter 70 of 180 Loss: 0.462828, L1(Flow): 0.425623, Reg: 0.037206
Iter 80 of 180 Loss: 0.501412, L1(Flow): 0.464907, Reg: 0.036506
Iter 90 of 180 Loss: 0.542518, L1(Flow): 0.502850, Reg: 0.039668
Iter 100 of 180 Loss: 0.551476, L1(Flow): 0.509724, Reg: 0.041752
Iter 110 of 180 Loss: 0.495276, L1(Flow): 0.454848, Reg: 0.040428
Iter 120 of 180 Loss: 0.535406, L1(Flow): 0.494383, Reg: 0.041024
Iter 130 of 180 Loss: 0.479513, L1(Flow): 0.441638, Reg: 0.037875
Iter 140 of 180 Loss: 0.449400, L1(Flow): 0.415221, Reg: 0.034180
Iter 150 of 180 Loss: 0.476649, L1(Flow): 0.439358, Reg: 0.037291
Iter 160 of 180 Loss: 0.480699, L1(Flow): 0.443404, Reg: 0.037295
Iter 170 of 180 Loss: 0.455749, L1(Flow): 0.421940, Reg: 0.033809
Iter 180 of 180 Loss: 0.486648, L1(Flow): 0.449269, Reg: 0.037379
Epoch 264 Loss: 0.493697
Epoch 264 Validation: Mean EPE: 2.4132, Mean SSIM: 0.4389, Mean ZNCC: 0.6031
Epoch 265 starts
Iter 10 of 180 Loss: 0.467445, L1(Flow): 0.429970, Reg: 0.037475
Iter 20 of 180 Loss: 0.498235, L1(Flow): 0.461794, Reg: 0.036441
Iter 30 of 180 Loss: 0.477446, L1(Flow): 0.439398, Reg: 0.038048
Iter 40 of 180 Loss: 0.487428, L1(Flow): 0.452556, Reg: 0.034872
Iter 50 of 180 Loss: 0.454451, L1(Flow): 0.418623, Reg: 0.035829
Iter 60 of 180 Loss: 0.466085, L1(Flow): 0.426127, Reg: 0.039959
Iter 70 of 180 Loss: 0.505261, L1(Flow): 0.466316, Reg: 0.038945
Iter 80 of 180 Loss: 0.486140, L1(Flow): 0.448278, Reg: 0.037862
Iter 90 of 180 Loss: 0.499541, L1(Flow): 0.462234, Reg: 0.037307
Iter 100 of 180 Loss: 0.521241, L1(Flow): 0.480660, Reg: 0.040581
Iter 110 of 180 Loss: 0.531625, L1(Flow): 0.490816, Reg: 0.040808
Iter 120 of 180 Loss: 0.503888, L1(Flow): 0.467580, Reg: 0.036307
Iter 130 of 180 Loss: 0.528372, L1(Flow): 0.485588, Reg: 0.042785
Iter 140 of 180 Loss: 0.502167, L1(Flow): 0.462367, Reg: 0.039800
Iter 150 of 180 Loss: 0.520835, L1(Flow): 0.481971, Reg: 0.038863
Iter 160 of 180 Loss: 0.473658, L1(Flow): 0.435397, Reg: 0.038262
Iter 170 of 180 Loss: 0.492836, L1(Flow): 0.454452, Reg: 0.038383
Iter 180 of 180 Loss: 0.517839, L1(Flow): 0.481268, Reg: 0.036571
Epoch 265 Loss: 0.488386
Epoch 265 Validation: Mean EPE: 2.4058, Mean SSIM: 0.4394, Mean ZNCC: 0.6032
Epoch 266 starts
Iter 10 of 180 Loss: 0.497754, L1(Flow): 0.456998, Reg: 0.040756
Iter 20 of 180 Loss: 0.484326, L1(Flow): 0.444588, Reg: 0.039738
Iter 30 of 180 Loss: 0.493326, L1(Flow): 0.457360, Reg: 0.035966
Iter 40 of 180 Loss: 0.475694, L1(Flow): 0.438377, Reg: 0.037317
Iter 50 of 180 Loss: 0.522997, L1(Flow): 0.479901, Reg: 0.043095
Iter 60 of 180 Loss: 0.513736, L1(Flow): 0.470154, Reg: 0.043582
Iter 70 of 180 Loss: 0.506739, L1(Flow): 0.470321, Reg: 0.036419
Iter 80 of 180 Loss: 0.493904, L1(Flow): 0.452280, Reg: 0.041624
Iter 90 of 180 Loss: 0.499072, L1(Flow): 0.461527, Reg: 0.037546
Iter 100 of 180 Loss: 0.495898, L1(Flow): 0.456110, Reg: 0.039789
Iter 110 of 180 Loss: 0.464641, L1(Flow): 0.428278, Reg: 0.036363
Iter 120 of 180 Loss: 0.450222, L1(Flow): 0.411496, Reg: 0.038726
Iter 130 of 180 Loss: 0.457277, L1(Flow): 0.419534, Reg: 0.037743
Iter 140 of 180 Loss: 0.499760, L1(Flow): 0.459420, Reg: 0.040340
Iter 150 of 180 Loss: 0.481736, L1(Flow): 0.443947, Reg: 0.037789
Iter 160 of 180 Loss: 0.470156, L1(Flow): 0.433267, Reg: 0.036889
Iter 170 of 180 Loss: 0.472411, L1(Flow): 0.435283, Reg: 0.037128
Iter 180 of 180 Loss: 0.494868, L1(Flow): 0.452390, Reg: 0.042478
Epoch 266 Loss: 0.487013
Epoch 266 Validation: Mean EPE: 2.4068, Mean SSIM: 0.4392, Mean ZNCC: 0.6032
Epoch 267 starts
Iter 10 of 180 Loss: 0.489970, L1(Flow): 0.450099, Reg: 0.039871
Iter 20 of 180 Loss: 0.509547, L1(Flow): 0.471554, Reg: 0.037994
Iter 30 of 180 Loss: 0.487362, L1(Flow): 0.450543, Reg: 0.036819
Iter 40 of 180 Loss: 0.483916, L1(Flow): 0.446284, Reg: 0.037633
Iter 50 of 180 Loss: 0.496569, L1(Flow): 0.457983, Reg: 0.038586
Iter 60 of 180 Loss: 0.503782, L1(Flow): 0.464586, Reg: 0.039196
Iter 70 of 180 Loss: 0.459846, L1(Flow): 0.421190, Reg: 0.038656
Iter 80 of 180 Loss: 0.459074, L1(Flow): 0.422964, Reg: 0.036111
Iter 90 of 180 Loss: 0.494968, L1(Flow): 0.454810, Reg: 0.040158
Iter 100 of 180 Loss: 0.487124, L1(Flow): 0.448604, Reg: 0.038519
Iter 110 of 180 Loss: 0.522156, L1(Flow): 0.480135, Reg: 0.042022
Iter 120 of 180 Loss: 0.493805, L1(Flow): 0.457559, Reg: 0.036246
Iter 130 of 180 Loss: 0.516518, L1(Flow): 0.472872, Reg: 0.043646
Iter 140 of 180 Loss: 0.498771, L1(Flow): 0.458586, Reg: 0.040185
Iter 150 of 180 Loss: 0.520225, L1(Flow): 0.480999, Reg: 0.039227
Iter 160 of 180 Loss: 0.526997, L1(Flow): 0.485699, Reg: 0.041299
Iter 170 of 180 Loss: 0.495773, L1(Flow): 0.460702, Reg: 0.035072
Iter 180 of 180 Loss: 0.489822, L1(Flow): 0.453690, Reg: 0.036132
Epoch 267 Loss: 0.490726
Epoch 267 Validation: Mean EPE: 2.4066, Mean SSIM: 0.4397, Mean ZNCC: 0.6035
Epoch 268 starts
Iter 10 of 180 Loss: 0.449280, L1(Flow): 0.412453, Reg: 0.036827
Iter 20 of 180 Loss: 0.511991, L1(Flow): 0.470879, Reg: 0.041112
Iter 30 of 180 Loss: 0.484014, L1(Flow): 0.444731, Reg: 0.039284
Iter 40 of 180 Loss: 0.485705, L1(Flow): 0.446723, Reg: 0.038982
Iter 50 of 180 Loss: 0.521244, L1(Flow): 0.482132, Reg: 0.039112
Iter 60 of 180 Loss: 0.500027, L1(Flow): 0.459237, Reg: 0.040790
Iter 70 of 180 Loss: 0.448857, L1(Flow): 0.415389, Reg: 0.033468
Iter 80 of 180 Loss: 0.470450, L1(Flow): 0.434258, Reg: 0.036192
Iter 90 of 180 Loss: 0.513188, L1(Flow): 0.474955, Reg: 0.038232
Iter 100 of 180 Loss: 0.485058, L1(Flow): 0.445668, Reg: 0.039390
Iter 110 of 180 Loss: 0.497413, L1(Flow): 0.458941, Reg: 0.038472
Iter 120 of 180 Loss: 0.509087, L1(Flow): 0.469136, Reg: 0.039951
Iter 130 of 180 Loss: 0.494313, L1(Flow): 0.453078, Reg: 0.041234
Iter 140 of 180 Loss: 0.487158, L1(Flow): 0.448063, Reg: 0.039095
Iter 150 of 180 Loss: 0.483999, L1(Flow): 0.445054, Reg: 0.038946
Iter 160 of 180 Loss: 0.508839, L1(Flow): 0.468423, Reg: 0.040417
Iter 170 of 180 Loss: 0.485553, L1(Flow): 0.447794, Reg: 0.037759
Iter 180 of 180 Loss: 0.478067, L1(Flow): 0.439347, Reg: 0.038720
Epoch 268 Loss: 0.488136
Epoch 268 Validation: Mean EPE: 2.4133, Mean SSIM: 0.4386, Mean ZNCC: 0.6030
Epoch 269 starts
Iter 10 of 180 Loss: 0.490106, L1(Flow): 0.454718, Reg: 0.035388
Iter 20 of 180 Loss: 0.501977, L1(Flow): 0.465849, Reg: 0.036128
Iter 30 of 180 Loss: 0.487821, L1(Flow): 0.445946, Reg: 0.041875
Iter 40 of 180 Loss: 0.453234, L1(Flow): 0.416645, Reg: 0.036589
Iter 50 of 180 Loss: 0.485463, L1(Flow): 0.447704, Reg: 0.037759
Iter 60 of 180 Loss: 0.496283, L1(Flow): 0.459159, Reg: 0.037124
Iter 70 of 180 Loss: 0.470765, L1(Flow): 0.434433, Reg: 0.036331
Iter 80 of 180 Loss: 0.534582, L1(Flow): 0.496199, Reg: 0.038383
Iter 90 of 180 Loss: 0.507704, L1(Flow): 0.471534, Reg: 0.036170
Iter 100 of 180 Loss: 0.477620, L1(Flow): 0.437462, Reg: 0.040158
Iter 110 of 180 Loss: 0.492864, L1(Flow): 0.457267, Reg: 0.035597
Iter 120 of 180 Loss: 0.492714, L1(Flow): 0.457260, Reg: 0.035454
Iter 130 of 180 Loss: 0.488462, L1(Flow): 0.448087, Reg: 0.040374
Iter 140 of 180 Loss: 0.491362, L1(Flow): 0.450684, Reg: 0.040678
Iter 150 of 180 Loss: 0.496863, L1(Flow): 0.459180, Reg: 0.037682
Iter 160 of 180 Loss: 0.503473, L1(Flow): 0.466019, Reg: 0.037454
Iter 170 of 180 Loss: 0.523044, L1(Flow): 0.483859, Reg: 0.039185
Iter 180 of 180 Loss: 0.504737, L1(Flow): 0.468262, Reg: 0.036475
Epoch 269 Loss: 0.487247
Epoch 269 Validation: Mean EPE: 2.4144, Mean SSIM: 0.4392, Mean ZNCC: 0.6033
Epoch 270 starts
Iter 10 of 180 Loss: 0.489086, L1(Flow): 0.453033, Reg: 0.036054
Iter 20 of 180 Loss: 0.485912, L1(Flow): 0.447534, Reg: 0.038378
Iter 30 of 180 Loss: 0.473625, L1(Flow): 0.440358, Reg: 0.033267
Iter 40 of 180 Loss: 0.469101, L1(Flow): 0.434232, Reg: 0.034870
Iter 50 of 180 Loss: 0.484061, L1(Flow): 0.446628, Reg: 0.037433
Iter 60 of 180 Loss: 0.483487, L1(Flow): 0.447517, Reg: 0.035969
Iter 70 of 180 Loss: 0.505869, L1(Flow): 0.465007, Reg: 0.040861
Iter 80 of 180 Loss: 0.465995, L1(Flow): 0.432412, Reg: 0.033583
Iter 90 of 180 Loss: 0.471796, L1(Flow): 0.434358, Reg: 0.037438
Iter 100 of 180 Loss: 0.478077, L1(Flow): 0.440468, Reg: 0.037608
Iter 110 of 180 Loss: 0.506147, L1(Flow): 0.465532, Reg: 0.040615
Iter 120 of 180 Loss: 0.487438, L1(Flow): 0.452085, Reg: 0.035354
Iter 130 of 180 Loss: 0.484511, L1(Flow): 0.444019, Reg: 0.040492
Iter 140 of 180 Loss: 0.482454, L1(Flow): 0.445232, Reg: 0.037222
Iter 150 of 180 Loss: 0.522499, L1(Flow): 0.479784, Reg: 0.042716
Iter 160 of 180 Loss: 0.471235, L1(Flow): 0.434430, Reg: 0.036805
Iter 170 of 180 Loss: 0.524197, L1(Flow): 0.481774, Reg: 0.042423
Iter 180 of 180 Loss: 0.532948, L1(Flow): 0.493145, Reg: 0.039803
Epoch 270 Loss: 0.484122
Epoch 270 Validation: Mean EPE: 2.4097, Mean SSIM: 0.4395, Mean ZNCC: 0.6033
Epoch 271 starts
Iter 10 of 180 Loss: 0.481581, L1(Flow): 0.444615, Reg: 0.036966
Iter 20 of 180 Loss: 0.468145, L1(Flow): 0.431105, Reg: 0.037041
Iter 30 of 180 Loss: 0.484775, L1(Flow): 0.447518, Reg: 0.037257
Iter 40 of 180 Loss: 0.524033, L1(Flow): 0.484032, Reg: 0.040000
Iter 50 of 180 Loss: 0.475283, L1(Flow): 0.441015, Reg: 0.034268
Iter 60 of 180 Loss: 0.466004, L1(Flow): 0.426583, Reg: 0.039421
Iter 70 of 180 Loss: 0.472797, L1(Flow): 0.435182, Reg: 0.037615
Iter 80 of 180 Loss: 0.476308, L1(Flow): 0.439247, Reg: 0.037060
Iter 90 of 180 Loss: 0.473929, L1(Flow): 0.436045, Reg: 0.037883
Iter 100 of 180 Loss: 0.479121, L1(Flow): 0.440445, Reg: 0.038676
Iter 110 of 180 Loss: 0.498503, L1(Flow): 0.460340, Reg: 0.038163
Iter 120 of 180 Loss: 0.528220, L1(Flow): 0.488042, Reg: 0.040178
Iter 130 of 180 Loss: 0.502625, L1(Flow): 0.460827, Reg: 0.041797
Iter 140 of 180 Loss: 0.498566, L1(Flow): 0.462291, Reg: 0.036275
Iter 150 of 180 Loss: 0.483704, L1(Flow): 0.444365, Reg: 0.039338
Iter 160 of 180 Loss: 0.470822, L1(Flow): 0.433898, Reg: 0.036924
Iter 170 of 180 Loss: 0.484234, L1(Flow): 0.445010, Reg: 0.039224
Iter 180 of 180 Loss: 0.464806, L1(Flow): 0.422755, Reg: 0.042052
Epoch 271 Loss: 0.486747
Epoch 271 Validation: Mean EPE: 2.4039, Mean SSIM: 0.4390, Mean ZNCC: 0.6033
Epoch 272 starts
Iter 10 of 180 Loss: 0.473921, L1(Flow): 0.435249, Reg: 0.038672
Iter 20 of 180 Loss: 0.463481, L1(Flow): 0.427983, Reg: 0.035498
Iter 30 of 180 Loss: 0.493350, L1(Flow): 0.454977, Reg: 0.038372
Iter 40 of 180 Loss: 0.491772, L1(Flow): 0.448376, Reg: 0.043396
Iter 50 of 180 Loss: 0.481516, L1(Flow): 0.441337, Reg: 0.040179
Iter 60 of 180 Loss: 0.497725, L1(Flow): 0.457425, Reg: 0.040299
Iter 70 of 180 Loss: 0.478190, L1(Flow): 0.441306, Reg: 0.036885
Iter 80 of 180 Loss: 0.459642, L1(Flow): 0.423266, Reg: 0.036376
Iter 90 of 180 Loss: 0.474936, L1(Flow): 0.438713, Reg: 0.036223
Iter 100 of 180 Loss: 0.470044, L1(Flow): 0.433705, Reg: 0.036339
Iter 110 of 180 Loss: 0.473504, L1(Flow): 0.433181, Reg: 0.040323
Iter 120 of 180 Loss: 0.465421, L1(Flow): 0.428699, Reg: 0.036722
Iter 130 of 180 Loss: 0.455972, L1(Flow): 0.417117, Reg: 0.038856
Iter 140 of 180 Loss: 0.501584, L1(Flow): 0.463248, Reg: 0.038336
Iter 150 of 180 Loss: 0.483854, L1(Flow): 0.442498, Reg: 0.041356
Iter 160 of 180 Loss: 0.458713, L1(Flow): 0.422066, Reg: 0.036647
Iter 170 of 180 Loss: 0.526070, L1(Flow): 0.485254, Reg: 0.040816
Iter 180 of 180 Loss: 0.460291, L1(Flow): 0.420615, Reg: 0.039676
Epoch 272 Loss: 0.484141
Epoch 272 Validation: Mean EPE: 2.3994, Mean SSIM: 0.4397, Mean ZNCC: 0.6034
--> Saved to Top 5 best models (EPE: 2.3994)
Epoch 273 starts
Iter 10 of 180 Loss: 0.441658, L1(Flow): 0.407377, Reg: 0.034280
Iter 20 of 180 Loss: 0.482865, L1(Flow): 0.443894, Reg: 0.038971
Iter 30 of 180 Loss: 0.509720, L1(Flow): 0.470830, Reg: 0.038890
Iter 40 of 180 Loss: 0.491149, L1(Flow): 0.452475, Reg: 0.038674
Iter 50 of 180 Loss: 0.472182, L1(Flow): 0.435723, Reg: 0.036459
Iter 60 of 180 Loss: 0.487202, L1(Flow): 0.447443, Reg: 0.039759
Iter 70 of 180 Loss: 0.505418, L1(Flow): 0.463240, Reg: 0.042179
Iter 80 of 180 Loss: 0.484970, L1(Flow): 0.445873, Reg: 0.039098
Iter 90 of 180 Loss: 0.466152, L1(Flow): 0.429915, Reg: 0.036237
Iter 100 of 180 Loss: 0.493528, L1(Flow): 0.454310, Reg: 0.039217
Iter 110 of 180 Loss: 0.477097, L1(Flow): 0.434220, Reg: 0.042877
Iter 120 of 180 Loss: 0.493192, L1(Flow): 0.455684, Reg: 0.037508
Iter 130 of 180 Loss: 0.465676, L1(Flow): 0.428263, Reg: 0.037413
Iter 140 of 180 Loss: 0.492419, L1(Flow): 0.455304, Reg: 0.037114
Iter 150 of 180 Loss: 0.482332, L1(Flow): 0.440798, Reg: 0.041534
Iter 160 of 180 Loss: 0.488638, L1(Flow): 0.449996, Reg: 0.038642
Iter 170 of 180 Loss: 0.470471, L1(Flow): 0.433296, Reg: 0.037175
Iter 180 of 180 Loss: 0.486364, L1(Flow): 0.447142, Reg: 0.039223
Epoch 273 Loss: 0.480158
Epoch 273 Validation: Mean EPE: 2.4095, Mean SSIM: 0.4393, Mean ZNCC: 0.6032
Epoch 274 starts
Iter 10 of 180 Loss: 0.482690, L1(Flow): 0.443784, Reg: 0.038906
Iter 20 of 180 Loss: 0.449049, L1(Flow): 0.411943, Reg: 0.037106
Iter 30 of 180 Loss: 0.475737, L1(Flow): 0.436729, Reg: 0.039009
Iter 40 of 180 Loss: 0.504908, L1(Flow): 0.466640, Reg: 0.038269
Iter 50 of 180 Loss: 0.459273, L1(Flow): 0.422490, Reg: 0.036783
Iter 60 of 180 Loss: 0.457666, L1(Flow): 0.419141, Reg: 0.038525
Iter 70 of 180 Loss: 0.474421, L1(Flow): 0.434415, Reg: 0.040007
Iter 80 of 180 Loss: 0.489022, L1(Flow): 0.450234, Reg: 0.038788
Iter 90 of 180 Loss: 0.481769, L1(Flow): 0.440928, Reg: 0.040841
Iter 100 of 180 Loss: 0.493432, L1(Flow): 0.456946, Reg: 0.036486
Iter 110 of 180 Loss: 0.471271, L1(Flow): 0.432843, Reg: 0.038427
Iter 120 of 180 Loss: 0.479321, L1(Flow): 0.439507, Reg: 0.039814
Iter 130 of 180 Loss: 0.439625, L1(Flow): 0.407851, Reg: 0.031774
Iter 140 of 180 Loss: 0.488391, L1(Flow): 0.450888, Reg: 0.037503
Iter 150 of 180 Loss: 0.474791, L1(Flow): 0.435515, Reg: 0.039276
Iter 160 of 180 Loss: 0.489407, L1(Flow): 0.452510, Reg: 0.036897
Iter 170 of 180 Loss: 0.501848, L1(Flow): 0.464177, Reg: 0.037670
Iter 180 of 180 Loss: 0.516598, L1(Flow): 0.483143, Reg: 0.033455
Epoch 274 Loss: 0.479101
Epoch 274 Validation: Mean EPE: 2.4023, Mean SSIM: 0.4397, Mean ZNCC: 0.6032
Epoch 275 starts
Iter 10 of 180 Loss: 0.487598, L1(Flow): 0.449589, Reg: 0.038009
Iter 20 of 180 Loss: 0.494751, L1(Flow): 0.456504, Reg: 0.038247
Iter 30 of 180 Loss: 0.463392, L1(Flow): 0.426435, Reg: 0.036957
Iter 40 of 180 Loss: 0.439104, L1(Flow): 0.405170, Reg: 0.033934
Iter 50 of 180 Loss: 0.481847, L1(Flow): 0.442666, Reg: 0.039181
Iter 60 of 180 Loss: 0.488291, L1(Flow): 0.446822, Reg: 0.041468
Iter 70 of 180 Loss: 0.470045, L1(Flow): 0.436484, Reg: 0.033560
Iter 80 of 180 Loss: 0.458477, L1(Flow): 0.419873, Reg: 0.038605
Iter 90 of 180 Loss: 0.510530, L1(Flow): 0.471854, Reg: 0.038675
Iter 100 of 180 Loss: 0.498222, L1(Flow): 0.458378, Reg: 0.039844
Iter 110 of 180 Loss: 0.504497, L1(Flow): 0.469146, Reg: 0.035351
Iter 120 of 180 Loss: 0.463000, L1(Flow): 0.426880, Reg: 0.036120
Iter 130 of 180 Loss: 0.513259, L1(Flow): 0.478840, Reg: 0.034419
Iter 140 of 180 Loss: 0.475633, L1(Flow): 0.438489, Reg: 0.037144
Iter 150 of 180 Loss: 0.485693, L1(Flow): 0.448442, Reg: 0.037251
Iter 160 of 180 Loss: 0.484554, L1(Flow): 0.446595, Reg: 0.037958
Iter 170 of 180 Loss: 0.491401, L1(Flow): 0.452611, Reg: 0.038790
Iter 180 of 180 Loss: 0.486884, L1(Flow): 0.450623, Reg: 0.036260
Epoch 275 Loss: 0.483758
Epoch 275 Validation: Mean EPE: 2.4060, Mean SSIM: 0.4397, Mean ZNCC: 0.6033
Epoch 276 starts
Iter 10 of 180 Loss: 0.503019, L1(Flow): 0.465375, Reg: 0.037644
Iter 20 of 180 Loss: 0.466216, L1(Flow): 0.426964, Reg: 0.039252
Iter 30 of 180 Loss: 0.501892, L1(Flow): 0.464135, Reg: 0.037757
Iter 40 of 180 Loss: 0.484281, L1(Flow): 0.444470, Reg: 0.039811
Iter 50 of 180 Loss: 0.456099, L1(Flow): 0.417319, Reg: 0.038780
Iter 60 of 180 Loss: 0.493871, L1(Flow): 0.455829, Reg: 0.038043
Iter 70 of 180 Loss: 0.472005, L1(Flow): 0.436791, Reg: 0.035214
Iter 80 of 180 Loss: 0.442262, L1(Flow): 0.408102, Reg: 0.034160
Iter 90 of 180 Loss: 0.468526, L1(Flow): 0.431977, Reg: 0.036548
Iter 100 of 180 Loss: 0.467356, L1(Flow): 0.429403, Reg: 0.037953
Iter 110 of 180 Loss: 0.481028, L1(Flow): 0.443976, Reg: 0.037052
Iter 120 of 180 Loss: 0.466818, L1(Flow): 0.428388, Reg: 0.038429
Iter 130 of 180 Loss: 0.465564, L1(Flow): 0.428258, Reg: 0.037306
Iter 140 of 180 Loss: 0.507832, L1(Flow): 0.470179, Reg: 0.037653
Iter 150 of 180 Loss: 0.472521, L1(Flow): 0.438892, Reg: 0.033629
Iter 160 of 180 Loss: 0.444662, L1(Flow): 0.408843, Reg: 0.035819
Iter 170 of 180 Loss: 0.496104, L1(Flow): 0.457711, Reg: 0.038393
Iter 180 of 180 Loss: 0.485474, L1(Flow): 0.449440, Reg: 0.036033
Epoch 276 Loss: 0.478736
Epoch 276 Validation: Mean EPE: 2.4096, Mean SSIM: 0.4387, Mean ZNCC: 0.6030
Epoch 277 starts
Iter 10 of 180 Loss: 0.489131, L1(Flow): 0.451417, Reg: 0.037714
Iter 20 of 180 Loss: 0.478697, L1(Flow): 0.443104, Reg: 0.035593
Iter 30 of 180 Loss: 0.486779, L1(Flow): 0.450324, Reg: 0.036455
Iter 40 of 180 Loss: 0.492413, L1(Flow): 0.452243, Reg: 0.040171
Iter 50 of 180 Loss: 0.494278, L1(Flow): 0.451961, Reg: 0.042317
Iter 60 of 180 Loss: 0.452482, L1(Flow): 0.415373, Reg: 0.037108
Iter 70 of 180 Loss: 0.464528, L1(Flow): 0.428679, Reg: 0.035848
Iter 80 of 180 Loss: 0.483421, L1(Flow): 0.444767, Reg: 0.038654
Iter 90 of 180 Loss: 0.454609, L1(Flow): 0.417481, Reg: 0.037128
Iter 100 of 180 Loss: 0.485054, L1(Flow): 0.449415, Reg: 0.035639
Iter 110 of 180 Loss: 0.496682, L1(Flow): 0.456216, Reg: 0.040466
Iter 120 of 180 Loss: 0.467912, L1(Flow): 0.427655, Reg: 0.040257
Iter 130 of 180 Loss: 0.458527, L1(Flow): 0.420495, Reg: 0.038032
Iter 140 of 180 Loss: 0.458342, L1(Flow): 0.423016, Reg: 0.035326
Iter 150 of 180 Loss: 0.463422, L1(Flow): 0.427241, Reg: 0.036180
Iter 160 of 180 Loss: 0.482505, L1(Flow): 0.446876, Reg: 0.035628
Iter 170 of 180 Loss: 0.470042, L1(Flow): 0.432967, Reg: 0.037075
Iter 180 of 180 Loss: 0.465752, L1(Flow): 0.431143, Reg: 0.034609
Epoch 277 Loss: 0.476361
Epoch 277 Validation: Mean EPE: 2.3995, Mean SSIM: 0.4394, Mean ZNCC: 0.6031
Epoch 278 starts
Iter 10 of 180 Loss: 0.456305, L1(Flow): 0.418532, Reg: 0.037773
Iter 20 of 180 Loss: 0.475569, L1(Flow): 0.441634, Reg: 0.033935
Iter 30 of 180 Loss: 0.446355, L1(Flow): 0.411489, Reg: 0.034866
Iter 40 of 180 Loss: 0.491361, L1(Flow): 0.452552, Reg: 0.038809
Iter 50 of 180 Loss: 0.489297, L1(Flow): 0.451716, Reg: 0.037581
Iter 60 of 180 Loss: 0.470952, L1(Flow): 0.433053, Reg: 0.037899
Iter 70 of 180 Loss: 0.499281, L1(Flow): 0.458039, Reg: 0.041242
Iter 80 of 180 Loss: 0.492801, L1(Flow): 0.456696, Reg: 0.036105
Iter 90 of 180 Loss: 0.459622, L1(Flow): 0.422862, Reg: 0.036760
Iter 100 of 180 Loss: 0.495950, L1(Flow): 0.457467, Reg: 0.038483
Iter 110 of 180 Loss: 0.520213, L1(Flow): 0.480099, Reg: 0.040114
Iter 120 of 180 Loss: 0.460298, L1(Flow): 0.423235, Reg: 0.037063
Iter 130 of 180 Loss: 0.486910, L1(Flow): 0.445432, Reg: 0.041478
Iter 140 of 180 Loss: 0.472081, L1(Flow): 0.435987, Reg: 0.036094
Iter 150 of 180 Loss: 0.523268, L1(Flow): 0.483350, Reg: 0.039918
Iter 160 of 180 Loss: 0.449072, L1(Flow): 0.415202, Reg: 0.033870
Iter 170 of 180 Loss: 0.446778, L1(Flow): 0.409426, Reg: 0.037352
Iter 180 of 180 Loss: 0.493501, L1(Flow): 0.454469, Reg: 0.039032
Epoch 278 Loss: 0.477668
Epoch 278 Validation: Mean EPE: 2.4056, Mean SSIM: 0.4397, Mean ZNCC: 0.6033
Epoch 279 starts
Iter 10 of 180 Loss: 0.485903, L1(Flow): 0.449751, Reg: 0.036152
Iter 20 of 180 Loss: 0.451498, L1(Flow): 0.414686, Reg: 0.036812
Iter 30 of 180 Loss: 0.481726, L1(Flow): 0.444096, Reg: 0.037629
Iter 40 of 180 Loss: 0.476938, L1(Flow): 0.440272, Reg: 0.036666
Iter 50 of 180 Loss: 0.500917, L1(Flow): 0.460467, Reg: 0.040451
Iter 60 of 180 Loss: 0.497644, L1(Flow): 0.457161, Reg: 0.040483
Iter 70 of 180 Loss: 0.507571, L1(Flow): 0.470641, Reg: 0.036930
Iter 80 of 180 Loss: 0.456869, L1(Flow): 0.419134, Reg: 0.037735
Iter 90 of 180 Loss: 0.450626, L1(Flow): 0.416186, Reg: 0.034440
Iter 100 of 180 Loss: 0.469165, L1(Flow): 0.432673, Reg: 0.036492
Iter 110 of 180 Loss: 0.486402, L1(Flow): 0.449841, Reg: 0.036561
Iter 120 of 180 Loss: 0.491730, L1(Flow): 0.455043, Reg: 0.036687
Iter 130 of 180 Loss: 0.507208, L1(Flow): 0.466603, Reg: 0.040606
Iter 140 of 180 Loss: 0.434979, L1(Flow): 0.401979, Reg: 0.033000
Iter 150 of 180 Loss: 0.473006, L1(Flow): 0.435091, Reg: 0.037914
Iter 160 of 180 Loss: 0.494139, L1(Flow): 0.458948, Reg: 0.035191
Iter 170 of 180 Loss: 0.473062, L1(Flow): 0.434439, Reg: 0.038623
Iter 180 of 180 Loss: 0.450262, L1(Flow): 0.411637, Reg: 0.038625
Epoch 279 Loss: 0.477587
Epoch 279 Validation: Mean EPE: 2.4074, Mean SSIM: 0.4393, Mean ZNCC: 0.6032
Epoch 280 starts
Iter 10 of 180 Loss: 0.487390, L1(Flow): 0.451142, Reg: 0.036248
Iter 20 of 180 Loss: 0.442660, L1(Flow): 0.405884, Reg: 0.036777
Iter 30 of 180 Loss: 0.484654, L1(Flow): 0.448560, Reg: 0.036094
Iter 40 of 180 Loss: 0.469208, L1(Flow): 0.430999, Reg: 0.038209
Iter 50 of 180 Loss: 0.454339, L1(Flow): 0.416049, Reg: 0.038290
Iter 60 of 180 Loss: 0.456971, L1(Flow): 0.419466, Reg: 0.037506
Iter 70 of 180 Loss: 0.488367, L1(Flow): 0.448521, Reg: 0.039846
Iter 80 of 180 Loss: 0.509652, L1(Flow): 0.470677, Reg: 0.038975
Iter 90 of 180 Loss: 0.439921, L1(Flow): 0.402960, Reg: 0.036961
Iter 100 of 180 Loss: 0.476797, L1(Flow): 0.440824, Reg: 0.035974
Iter 110 of 180 Loss: 0.468499, L1(Flow): 0.429581, Reg: 0.038918
Iter 120 of 180 Loss: 0.463346, L1(Flow): 0.427144, Reg: 0.036201
Iter 130 of 180 Loss: 0.454847, L1(Flow): 0.419315, Reg: 0.035532
Iter 140 of 180 Loss: 0.506688, L1(Flow): 0.467496, Reg: 0.039193
Iter 150 of 180 Loss: 0.431492, L1(Flow): 0.397876, Reg: 0.033616
Iter 160 of 180 Loss: 0.496672, L1(Flow): 0.456128, Reg: 0.040544
Iter 170 of 180 Loss: 0.492270, L1(Flow): 0.450698, Reg: 0.041572
Iter 180 of 180 Loss: 0.527861, L1(Flow): 0.486874, Reg: 0.040988
Epoch 280 Loss: 0.478789
Epoch 280 Validation: Mean EPE: 2.4118, Mean SSIM: 0.4395, Mean ZNCC: 0.6034
Epoch 281 starts
Iter 10 of 180 Loss: 0.509104, L1(Flow): 0.470795, Reg: 0.038308
Iter 20 of 180 Loss: 0.452914, L1(Flow): 0.417520, Reg: 0.035394
Iter 30 of 180 Loss: 0.455589, L1(Flow): 0.418777, Reg: 0.036813
Iter 40 of 180 Loss: 0.470949, L1(Flow): 0.434094, Reg: 0.036856
Iter 50 of 180 Loss: 0.471027, L1(Flow): 0.432876, Reg: 0.038150
Iter 60 of 180 Loss: 0.475476, L1(Flow): 0.438201, Reg: 0.037275
Iter 70 of 180 Loss: 0.499413, L1(Flow): 0.460725, Reg: 0.038688
Iter 80 of 180 Loss: 0.464492, L1(Flow): 0.425982, Reg: 0.038510
Iter 90 of 180 Loss: 0.457436, L1(Flow): 0.421404, Reg: 0.036032
Iter 100 of 180 Loss: 0.522008, L1(Flow): 0.483851, Reg: 0.038158
Iter 110 of 180 Loss: 0.489363, L1(Flow): 0.454280, Reg: 0.035083
Iter 120 of 180 Loss: 0.495256, L1(Flow): 0.456485, Reg: 0.038771
Iter 130 of 180 Loss: 0.503143, L1(Flow): 0.464141, Reg: 0.039001
Iter 140 of 180 Loss: 0.490470, L1(Flow): 0.451459, Reg: 0.039011
Iter 150 of 180 Loss: 0.469457, L1(Flow): 0.432322, Reg: 0.037135
Iter 160 of 180 Loss: 0.466723, L1(Flow): 0.428566, Reg: 0.038157
Iter 170 of 180 Loss: 0.502226, L1(Flow): 0.463437, Reg: 0.038789
Iter 180 of 180 Loss: 0.471814, L1(Flow): 0.433456, Reg: 0.038358
Epoch 281 Loss: 0.482573
Epoch 281 Validation: Mean EPE: 2.3995, Mean SSIM: 0.4401, Mean ZNCC: 0.6034
Epoch 282 starts
Iter 10 of 180 Loss: 0.484892, L1(Flow): 0.446637, Reg: 0.038255
Iter 20 of 180 Loss: 0.482546, L1(Flow): 0.442902, Reg: 0.039644
Iter 30 of 180 Loss: 0.455357, L1(Flow): 0.415930, Reg: 0.039427
Iter 40 of 180 Loss: 0.462412, L1(Flow): 0.422594, Reg: 0.039819
Iter 50 of 180 Loss: 0.492102, L1(Flow): 0.454486, Reg: 0.037616
Iter 60 of 180 Loss: 0.499151, L1(Flow): 0.459230, Reg: 0.039922
Iter 70 of 180 Loss: 0.472968, L1(Flow): 0.432827, Reg: 0.040141
Iter 80 of 180 Loss: 0.488289, L1(Flow): 0.446209, Reg: 0.042081
Iter 90 of 180 Loss: 0.441407, L1(Flow): 0.407534, Reg: 0.033873
Iter 100 of 180 Loss: 0.483598, L1(Flow): 0.443708, Reg: 0.039890
Iter 110 of 180 Loss: 0.455357, L1(Flow): 0.420021, Reg: 0.035336
Iter 120 of 180 Loss: 0.475608, L1(Flow): 0.436553, Reg: 0.039055
Iter 130 of 180 Loss: 0.471705, L1(Flow): 0.437580, Reg: 0.034126
Iter 140 of 180 Loss: 0.459334, L1(Flow): 0.424473, Reg: 0.034861
Iter 150 of 180 Loss: 0.452513, L1(Flow): 0.418525, Reg: 0.033987
Iter 160 of 180 Loss: 0.489965, L1(Flow): 0.454103, Reg: 0.035862
Iter 170 of 180 Loss: 0.461783, L1(Flow): 0.424882, Reg: 0.036901
Iter 180 of 180 Loss: 0.462488, L1(Flow): 0.427773, Reg: 0.034715
Epoch 282 Loss: 0.476682
Epoch 282 Validation: Mean EPE: 2.3975, Mean SSIM: 0.4399, Mean ZNCC: 0.6035
--> Saved to Top 5 best models (EPE: 2.3975)
Epoch 283 starts
Iter 10 of 180 Loss: 0.480644, L1(Flow): 0.439334, Reg: 0.041310
Iter 20 of 180 Loss: 0.478002, L1(Flow): 0.442878, Reg: 0.035124
Iter 30 of 180 Loss: 0.480194, L1(Flow): 0.441522, Reg: 0.038671
Iter 40 of 180 Loss: 0.468056, L1(Flow): 0.432066, Reg: 0.035990
Iter 50 of 180 Loss: 0.519022, L1(Flow): 0.477053, Reg: 0.041969
Iter 60 of 180 Loss: 0.439365, L1(Flow): 0.403095, Reg: 0.036270
Iter 70 of 180 Loss: 0.512816, L1(Flow): 0.472817, Reg: 0.039999
Iter 80 of 180 Loss: 0.436686, L1(Flow): 0.399139, Reg: 0.037547
Iter 90 of 180 Loss: 0.481728, L1(Flow): 0.442499, Reg: 0.039229
Iter 100 of 180 Loss: 0.442355, L1(Flow): 0.405173, Reg: 0.037182
Iter 110 of 180 Loss: 0.458461, L1(Flow): 0.423702, Reg: 0.034760
Iter 120 of 180 Loss: 0.458068, L1(Flow): 0.420556, Reg: 0.037512
Iter 130 of 180 Loss: 0.484527, L1(Flow): 0.446541, Reg: 0.037986
Iter 140 of 180 Loss: 0.512199, L1(Flow): 0.472232, Reg: 0.039966
Iter 150 of 180 Loss: 0.465735, L1(Flow): 0.431594, Reg: 0.034141
Iter 160 of 180 Loss: 0.489977, L1(Flow): 0.451877, Reg: 0.038101
Iter 170 of 180 Loss: 0.493972, L1(Flow): 0.454433, Reg: 0.039539
Iter 180 of 180 Loss: 0.488993, L1(Flow): 0.449014, Reg: 0.039979
Epoch 283 Loss: 0.476463
Epoch 283 Validation: Mean EPE: 2.3964, Mean SSIM: 0.4395, Mean ZNCC: 0.6033
--> Saved to Top 5 best models (EPE: 2.3964)
Epoch 284 starts
Iter 10 of 180 Loss: 0.456320, L1(Flow): 0.421002, Reg: 0.035318
Iter 20 of 180 Loss: 0.473921, L1(Flow): 0.438860, Reg: 0.035060
Iter 30 of 180 Loss: 0.468691, L1(Flow): 0.432322, Reg: 0.036369
Iter 40 of 180 Loss: 0.480430, L1(Flow): 0.447128, Reg: 0.033302
Iter 50 of 180 Loss: 0.482868, L1(Flow): 0.445129, Reg: 0.037739
Iter 60 of 180 Loss: 0.483868, L1(Flow): 0.441290, Reg: 0.042578
Iter 70 of 180 Loss: 0.494776, L1(Flow): 0.453348, Reg: 0.041428
Iter 80 of 180 Loss: 0.457327, L1(Flow): 0.419422, Reg: 0.037905
Iter 90 of 180 Loss: 0.473390, L1(Flow): 0.434591, Reg: 0.038799
Iter 100 of 180 Loss: 0.494000, L1(Flow): 0.452527, Reg: 0.041474
Iter 110 of 180 Loss: 0.488931, L1(Flow): 0.452570, Reg: 0.036361
Iter 120 of 180 Loss: 0.511651, L1(Flow): 0.473938, Reg: 0.037712
Iter 130 of 180 Loss: 0.459144, L1(Flow): 0.420503, Reg: 0.038641
Iter 140 of 180 Loss: 0.450897, L1(Flow): 0.411364, Reg: 0.039533
Iter 150 of 180 Loss: 0.507439, L1(Flow): 0.469493, Reg: 0.037946
Iter 160 of 180 Loss: 0.469907, L1(Flow): 0.433092, Reg: 0.036815
Iter 170 of 180 Loss: 0.469520, L1(Flow): 0.429861, Reg: 0.039659
Iter 180 of 180 Loss: 0.488747, L1(Flow): 0.450237, Reg: 0.038510
Epoch 284 Loss: 0.475780
Epoch 284 Validation: Mean EPE: 2.3986, Mean SSIM: 0.4400, Mean ZNCC: 0.6035
--> Saved to Top 5 best models (EPE: 2.3986)
Epoch 285 starts
Iter 10 of 180 Loss: 0.468910, L1(Flow): 0.427819, Reg: 0.041091
Iter 20 of 180 Loss: 0.460579, L1(Flow): 0.421553, Reg: 0.039026
Iter 30 of 180 Loss: 0.435906, L1(Flow): 0.398930, Reg: 0.036976
Iter 40 of 180 Loss: 0.455430, L1(Flow): 0.414704, Reg: 0.040726
Iter 50 of 180 Loss: 0.481384, L1(Flow): 0.444965, Reg: 0.036419
Iter 60 of 180 Loss: 0.466503, L1(Flow): 0.431175, Reg: 0.035327
Iter 70 of 180 Loss: 0.483027, L1(Flow): 0.445451, Reg: 0.037576
Iter 80 of 180 Loss: 0.456454, L1(Flow): 0.420408, Reg: 0.036047
Iter 90 of 180 Loss: 0.463584, L1(Flow): 0.427185, Reg: 0.036400
Iter 100 of 180 Loss: 0.489828, L1(Flow): 0.453534, Reg: 0.036293
Iter 110 of 180 Loss: 0.492712, L1(Flow): 0.452538, Reg: 0.040174
Iter 120 of 180 Loss: 0.503869, L1(Flow): 0.463620, Reg: 0.040250
Iter 130 of 180 Loss: 0.489560, L1(Flow): 0.447965, Reg: 0.041595
Iter 140 of 180 Loss: 0.464416, L1(Flow): 0.426087, Reg: 0.038330
Iter 150 of 180 Loss: 0.479672, L1(Flow): 0.444897, Reg: 0.034775
Iter 160 of 180 Loss: 0.490929, L1(Flow): 0.451595, Reg: 0.039334
Iter 170 of 180 Loss: 0.492545, L1(Flow): 0.455481, Reg: 0.037063
Iter 180 of 180 Loss: 0.460374, L1(Flow): 0.424705, Reg: 0.035669
Epoch 285 Loss: 0.474441
Epoch 285 Validation: Mean EPE: 2.4020, Mean SSIM: 0.4396, Mean ZNCC: 0.6033
Epoch 286 starts
Iter 10 of 180 Loss: 0.473483, L1(Flow): 0.435449, Reg: 0.038033
Iter 20 of 180 Loss: 0.498521, L1(Flow): 0.461127, Reg: 0.037394
Iter 30 of 180 Loss: 0.463776, L1(Flow): 0.428199, Reg: 0.035577
Iter 40 of 180 Loss: 0.469728, L1(Flow): 0.430775, Reg: 0.038953
Iter 50 of 180 Loss: 0.470563, L1(Flow): 0.432621, Reg: 0.037942
Iter 60 of 180 Loss: 0.461063, L1(Flow): 0.426778, Reg: 0.034284
Iter 70 of 180 Loss: 0.474267, L1(Flow): 0.437567, Reg: 0.036699
Iter 80 of 180 Loss: 0.507882, L1(Flow): 0.464757, Reg: 0.043125
Iter 90 of 180 Loss: 0.475229, L1(Flow): 0.436696, Reg: 0.038533
Iter 100 of 180 Loss: 0.464814, L1(Flow): 0.430460, Reg: 0.034354
Iter 110 of 180 Loss: 0.438225, L1(Flow): 0.404445, Reg: 0.033780
Iter 120 of 180 Loss: 0.445326, L1(Flow): 0.407939, Reg: 0.037387
Iter 130 of 180 Loss: 0.426515, L1(Flow): 0.392225, Reg: 0.034289
Iter 140 of 180 Loss: 0.475567, L1(Flow): 0.437998, Reg: 0.037569
Iter 150 of 180 Loss: 0.506903, L1(Flow): 0.466657, Reg: 0.040246
Iter 160 of 180 Loss: 0.495011, L1(Flow): 0.454945, Reg: 0.040066
Iter 170 of 180 Loss: 0.454332, L1(Flow): 0.419157, Reg: 0.035175
Iter 180 of 180 Loss: 0.488885, L1(Flow): 0.450536, Reg: 0.038349
Epoch 286 Loss: 0.474724
Epoch 286 Validation: Mean EPE: 2.4001, Mean SSIM: 0.4397, Mean ZNCC: 0.6033
Epoch 287 starts
Iter 10 of 180 Loss: 0.510167, L1(Flow): 0.469993, Reg: 0.040174
Iter 20 of 180 Loss: 0.491370, L1(Flow): 0.453115, Reg: 0.038254
Iter 30 of 180 Loss: 0.464943, L1(Flow): 0.427921, Reg: 0.037022
Iter 40 of 180 Loss: 0.498921, L1(Flow): 0.457265, Reg: 0.041656
Iter 50 of 180 Loss: 0.468502, L1(Flow): 0.431969, Reg: 0.036533
Iter 60 of 180 Loss: 0.456207, L1(Flow): 0.419281, Reg: 0.036926
Iter 70 of 180 Loss: 0.477912, L1(Flow): 0.439156, Reg: 0.038756
Iter 80 of 180 Loss: 0.472356, L1(Flow): 0.435579, Reg: 0.036777
Iter 90 of 180 Loss: 0.512834, L1(Flow): 0.474927, Reg: 0.037907
Iter 100 of 180 Loss: 0.456289, L1(Flow): 0.421158, Reg: 0.035131
Iter 110 of 180 Loss: 0.496740, L1(Flow): 0.455156, Reg: 0.041584
Iter 120 of 180 Loss: 0.456370, L1(Flow): 0.421065, Reg: 0.035305
Iter 130 of 180 Loss: 0.483345, L1(Flow): 0.446776, Reg: 0.036569
Iter 140 of 180 Loss: 0.493521, L1(Flow): 0.454514, Reg: 0.039007
Iter 150 of 180 Loss: 0.479013, L1(Flow): 0.438162, Reg: 0.040851
Iter 160 of 180 Loss: 0.459450, L1(Flow): 0.423095, Reg: 0.036355
Iter 170 of 180 Loss: 0.452110, L1(Flow): 0.414037, Reg: 0.038073
Iter 180 of 180 Loss: 0.485025, L1(Flow): 0.444703, Reg: 0.040322
Epoch 287 Loss: 0.471111
Epoch 287 Validation: Mean EPE: 2.4095, Mean SSIM: 0.4397, Mean ZNCC: 0.6034
Epoch 288 starts
Iter 10 of 180 Loss: 0.465921, L1(Flow): 0.431505, Reg: 0.034416
Iter 20 of 180 Loss: 0.473945, L1(Flow): 0.438058, Reg: 0.035886
Iter 30 of 180 Loss: 0.473048, L1(Flow): 0.437145, Reg: 0.035903
Iter 40 of 180 Loss: 0.442286, L1(Flow): 0.405360, Reg: 0.036927
Iter 50 of 180 Loss: 0.455005, L1(Flow): 0.419110, Reg: 0.035896
Iter 60 of 180 Loss: 0.485402, L1(Flow): 0.447477, Reg: 0.037925
Iter 70 of 180 Loss: 0.450506, L1(Flow): 0.413729, Reg: 0.036777
Iter 80 of 180 Loss: 0.474784, L1(Flow): 0.435511, Reg: 0.039273
Iter 90 of 180 Loss: 0.469455, L1(Flow): 0.431007, Reg: 0.038448
Iter 100 of 180 Loss: 0.474715, L1(Flow): 0.436344, Reg: 0.038371
Iter 110 of 180 Loss: 0.476602, L1(Flow): 0.435852, Reg: 0.040750
Iter 120 of 180 Loss: 0.486188, L1(Flow): 0.449007, Reg: 0.037181
Iter 130 of 180 Loss: 0.430310, L1(Flow): 0.393753, Reg: 0.036557
Iter 140 of 180 Loss: 0.452446, L1(Flow): 0.414102, Reg: 0.038343
Iter 150 of 180 Loss: 0.471480, L1(Flow): 0.435050, Reg: 0.036430
Iter 160 of 180 Loss: 0.449182, L1(Flow): 0.414118, Reg: 0.035064
Iter 170 of 180 Loss: 0.465729, L1(Flow): 0.428898, Reg: 0.036831
Iter 180 of 180 Loss: 0.467128, L1(Flow): 0.428457, Reg: 0.038671
Epoch 288 Loss: 0.471813
Epoch 288 Validation: Mean EPE: 2.4044, Mean SSIM: 0.4396, Mean ZNCC: 0.6033
Epoch 289 starts
Iter 10 of 180 Loss: 0.461501, L1(Flow): 0.423545, Reg: 0.037956
Iter 20 of 180 Loss: 0.461557, L1(Flow): 0.426208, Reg: 0.035349
Iter 30 of 180 Loss: 0.506226, L1(Flow): 0.466977, Reg: 0.039249
Iter 40 of 180 Loss: 0.482107, L1(Flow): 0.443847, Reg: 0.038259
Iter 50 of 180 Loss: 0.461726, L1(Flow): 0.421825, Reg: 0.039901
Iter 60 of 180 Loss: 0.460981, L1(Flow): 0.424445, Reg: 0.036535
Iter 70 of 180 Loss: 0.452337, L1(Flow): 0.417185, Reg: 0.035153
Iter 80 of 180 Loss: 0.478408, L1(Flow): 0.440862, Reg: 0.037546
Iter 90 of 180 Loss: 0.505824, L1(Flow): 0.467192, Reg: 0.038632
Iter 100 of 180 Loss: 0.489591, L1(Flow): 0.447372, Reg: 0.042219
Iter 110 of 180 Loss: 0.477579, L1(Flow): 0.441682, Reg: 0.035897
Iter 120 of 180 Loss: 0.469833, L1(Flow): 0.432547, Reg: 0.037286
Iter 130 of 180 Loss: 0.482466, L1(Flow): 0.447360, Reg: 0.035106
Iter 140 of 180 Loss: 0.456056, L1(Flow): 0.420503, Reg: 0.035553
Iter 150 of 180 Loss: 0.465064, L1(Flow): 0.428549, Reg: 0.036515
Iter 160 of 180 Loss: 0.455514, L1(Flow): 0.417352, Reg: 0.038162
Iter 170 of 180 Loss: 0.476014, L1(Flow): 0.438998, Reg: 0.037016
Iter 180 of 180 Loss: 0.427866, L1(Flow): 0.395279, Reg: 0.032587
Epoch 289 Loss: 0.466570
Epoch 289 Validation: Mean EPE: 2.3967, Mean SSIM: 0.4397, Mean ZNCC: 0.6032
--> Saved to Top 5 best models (EPE: 2.3967)
Epoch 290 starts
Iter 10 of 180 Loss: 0.447006, L1(Flow): 0.413127, Reg: 0.033879
Iter 20 of 180 Loss: 0.460774, L1(Flow): 0.419076, Reg: 0.041698
Iter 30 of 180 Loss: 0.444214, L1(Flow): 0.407863, Reg: 0.036350
Iter 40 of 180 Loss: 0.456286, L1(Flow): 0.420313, Reg: 0.035973
Iter 50 of 180 Loss: 0.450697, L1(Flow): 0.415760, Reg: 0.034937
Iter 60 of 180 Loss: 0.475041, L1(Flow): 0.437349, Reg: 0.037692
Iter 70 of 180 Loss: 0.494868, L1(Flow): 0.459937, Reg: 0.034931
Iter 80 of 180 Loss: 0.444548, L1(Flow): 0.407896, Reg: 0.036652
Iter 90 of 180 Loss: 0.438898, L1(Flow): 0.404944, Reg: 0.033954
Iter 100 of 180 Loss: 0.482420, L1(Flow): 0.442123, Reg: 0.040297
Iter 110 of 180 Loss: 0.484496, L1(Flow): 0.443743, Reg: 0.040753
Iter 120 of 180 Loss: 0.512187, L1(Flow): 0.472170, Reg: 0.040018
Iter 130 of 180 Loss: 0.460318, L1(Flow): 0.424169, Reg: 0.036148
Iter 140 of 180 Loss: 0.487316, L1(Flow): 0.445964, Reg: 0.041353
Iter 150 of 180 Loss: 0.477679, L1(Flow): 0.440752, Reg: 0.036928
Iter 160 of 180 Loss: 0.481934, L1(Flow): 0.441903, Reg: 0.040031
Iter 170 of 180 Loss: 0.460317, L1(Flow): 0.421942, Reg: 0.038375
Iter 180 of 180 Loss: 0.508353, L1(Flow): 0.467533, Reg: 0.040819
Epoch 290 Loss: 0.469423
Epoch 290 Validation: Mean EPE: 2.4111, Mean SSIM: 0.4393, Mean ZNCC: 0.6032
Epoch 291 starts
Iter 10 of 180 Loss: 0.503496, L1(Flow): 0.466933, Reg: 0.036563
Iter 20 of 180 Loss: 0.458659, L1(Flow): 0.419993, Reg: 0.038665
Iter 30 of 180 Loss: 0.468320, L1(Flow): 0.430131, Reg: 0.038188
Iter 40 of 180 Loss: 0.473248, L1(Flow): 0.433899, Reg: 0.039349
Iter 50 of 180 Loss: 0.458380, L1(Flow): 0.418519, Reg: 0.039861
Iter 60 of 180 Loss: 0.487417, L1(Flow): 0.447664, Reg: 0.039753
Iter 70 of 180 Loss: 0.452736, L1(Flow): 0.417666, Reg: 0.035071
Iter 80 of 180 Loss: 0.508108, L1(Flow): 0.469291, Reg: 0.038817
Iter 90 of 180 Loss: 0.461533, L1(Flow): 0.423464, Reg: 0.038069
Iter 100 of 180 Loss: 0.440894, L1(Flow): 0.406018, Reg: 0.034877
Iter 110 of 180 Loss: 0.451943, L1(Flow): 0.414227, Reg: 0.037716
Iter 120 of 180 Loss: 0.467798, L1(Flow): 0.431157, Reg: 0.036641
Iter 130 of 180 Loss: 0.488298, L1(Flow): 0.449997, Reg: 0.038301
Iter 140 of 180 Loss: 0.486863, L1(Flow): 0.448209, Reg: 0.038655
Iter 150 of 180 Loss: 0.454688, L1(Flow): 0.421342, Reg: 0.033346
Iter 160 of 180 Loss: 0.465692, L1(Flow): 0.428868, Reg: 0.036824
Iter 170 of 180 Loss: 0.453478, L1(Flow): 0.415264, Reg: 0.038213
Iter 180 of 180 Loss: 0.430266, L1(Flow): 0.395798, Reg: 0.034468
Epoch 291 Loss: 0.469892
Epoch 291 Validation: Mean EPE: 2.4005, Mean SSIM: 0.4394, Mean ZNCC: 0.6031
Epoch 292 starts
Iter 10 of 180 Loss: 0.493281, L1(Flow): 0.454016, Reg: 0.039265
Iter 20 of 180 Loss: 0.460523, L1(Flow): 0.424267, Reg: 0.036256
Iter 30 of 180 Loss: 0.458133, L1(Flow): 0.421262, Reg: 0.036871
Iter 40 of 180 Loss: 0.469055, L1(Flow): 0.430410, Reg: 0.038645
Iter 50 of 180 Loss: 0.502756, L1(Flow): 0.464503, Reg: 0.038253
Iter 60 of 180 Loss: 0.492035, L1(Flow): 0.450873, Reg: 0.041162
Iter 70 of 180 Loss: 0.476540, L1(Flow): 0.436699, Reg: 0.039841
Iter 80 of 180 Loss: 0.466606, L1(Flow): 0.429857, Reg: 0.036749
Iter 90 of 180 Loss: 0.476140, L1(Flow): 0.438433, Reg: 0.037707
Iter 100 of 180 Loss: 0.466658, L1(Flow): 0.428161, Reg: 0.038496
Iter 110 of 180 Loss: 0.484807, L1(Flow): 0.447893, Reg: 0.036914
Iter 120 of 180 Loss: 0.473507, L1(Flow): 0.435128, Reg: 0.038379
Iter 130 of 180 Loss: 0.479069, L1(Flow): 0.440425, Reg: 0.038644
Iter 140 of 180 Loss: 0.448513, L1(Flow): 0.411626, Reg: 0.036887
Iter 150 of 180 Loss: 0.460875, L1(Flow): 0.423553, Reg: 0.037322
Iter 160 of 180 Loss: 0.461436, L1(Flow): 0.424383, Reg: 0.037053
Iter 170 of 180 Loss: 0.480668, L1(Flow): 0.443209, Reg: 0.037459
Iter 180 of 180 Loss: 0.463133, L1(Flow): 0.424018, Reg: 0.039116
Epoch 292 Loss: 0.470434
Epoch 292 Validation: Mean EPE: 2.3965, Mean SSIM: 0.4399, Mean ZNCC: 0.6035
--> Saved to Top 5 best models (EPE: 2.3965)
Epoch 293 starts
Iter 10 of 180 Loss: 0.441270, L1(Flow): 0.407149, Reg: 0.034121
Iter 20 of 180 Loss: 0.460597, L1(Flow): 0.420514, Reg: 0.040083
Iter 30 of 180 Loss: 0.452536, L1(Flow): 0.414433, Reg: 0.038102
Iter 40 of 180 Loss: 0.474233, L1(Flow): 0.436462, Reg: 0.037770
Iter 50 of 180 Loss: 0.494070, L1(Flow): 0.451254, Reg: 0.042815
Iter 60 of 180 Loss: 0.447306, L1(Flow): 0.412403, Reg: 0.034903
Iter 70 of 180 Loss: 0.470193, L1(Flow): 0.431905, Reg: 0.038287
Iter 80 of 180 Loss: 0.448605, L1(Flow): 0.414542, Reg: 0.034063
Iter 90 of 180 Loss: 0.482368, L1(Flow): 0.444400, Reg: 0.037969
Iter 100 of 180 Loss: 0.457438, L1(Flow): 0.423197, Reg: 0.034241
Iter 110 of 180 Loss: 0.478757, L1(Flow): 0.440481, Reg: 0.038276
Iter 120 of 180 Loss: 0.479655, L1(Flow): 0.443218, Reg: 0.036437
Iter 130 of 180 Loss: 0.492521, L1(Flow): 0.453027, Reg: 0.039495
Iter 140 of 180 Loss: 0.451055, L1(Flow): 0.410652, Reg: 0.040404
Iter 150 of 180 Loss: 0.461118, L1(Flow): 0.425232, Reg: 0.035886
Iter 160 of 180 Loss: 0.493625, L1(Flow): 0.452623, Reg: 0.041002
Iter 170 of 180 Loss: 0.447597, L1(Flow): 0.408116, Reg: 0.039481
Iter 180 of 180 Loss: 0.430841, L1(Flow): 0.395035, Reg: 0.035807
Epoch 293 Loss: 0.469036
Epoch 293 Validation: Mean EPE: 2.3987, Mean SSIM: 0.4398, Mean ZNCC: 0.6032
Epoch 294 starts
Iter 10 of 180 Loss: 0.463557, L1(Flow): 0.426457, Reg: 0.037101
Iter 20 of 180 Loss: 0.447129, L1(Flow): 0.407359, Reg: 0.039770
Iter 30 of 180 Loss: 0.488459, L1(Flow): 0.450915, Reg: 0.037544
Iter 40 of 180 Loss: 0.443690, L1(Flow): 0.409219, Reg: 0.034471
Iter 50 of 180 Loss: 0.519367, L1(Flow): 0.479029, Reg: 0.040337
Iter 60 of 180 Loss: 0.483144, L1(Flow): 0.446134, Reg: 0.037010
Iter 70 of 180 Loss: 0.483086, L1(Flow): 0.443205, Reg: 0.039881
Iter 80 of 180 Loss: 0.541949, L1(Flow): 0.497135, Reg: 0.044814
Iter 90 of 180 Loss: 0.488925, L1(Flow): 0.453053, Reg: 0.035872
Iter 100 of 180 Loss: 0.472733, L1(Flow): 0.434322, Reg: 0.038411
Iter 110 of 180 Loss: 0.461787, L1(Flow): 0.424245, Reg: 0.037542
Iter 120 of 180 Loss: 0.503269, L1(Flow): 0.465493, Reg: 0.037776
Iter 130 of 180 Loss: 0.478042, L1(Flow): 0.439233, Reg: 0.038810
Iter 140 of 180 Loss: 0.461677, L1(Flow): 0.424480, Reg: 0.037197
Iter 150 of 180 Loss: 0.486289, L1(Flow): 0.448975, Reg: 0.037314
Iter 160 of 180 Loss: 0.461127, L1(Flow): 0.425877, Reg: 0.035250
Iter 170 of 180 Loss: 0.481388, L1(Flow): 0.442138, Reg: 0.039250
Iter 180 of 180 Loss: 0.487779, L1(Flow): 0.450385, Reg: 0.037394
Epoch 294 Loss: 0.467859
Epoch 294 Validation: Mean EPE: 2.4023, Mean SSIM: 0.4402, Mean ZNCC: 0.6034
Epoch 295 starts
Iter 10 of 180 Loss: 0.487052, L1(Flow): 0.451258, Reg: 0.035794
Iter 20 of 180 Loss: 0.479764, L1(Flow): 0.442361, Reg: 0.037403
Iter 30 of 180 Loss: 0.467147, L1(Flow): 0.427861, Reg: 0.039286
Iter 40 of 180 Loss: 0.446550, L1(Flow): 0.411374, Reg: 0.035176
Iter 50 of 180 Loss: 0.460188, L1(Flow): 0.425803, Reg: 0.034385
Iter 60 of 180 Loss: 0.470746, L1(Flow): 0.432422, Reg: 0.038324
Iter 70 of 180 Loss: 0.464236, L1(Flow): 0.426859, Reg: 0.037377
Iter 80 of 180 Loss: 0.499788, L1(Flow): 0.458692, Reg: 0.041096
Iter 90 of 180 Loss: 0.457370, L1(Flow): 0.419713, Reg: 0.037657
Iter 100 of 180 Loss: 0.509154, L1(Flow): 0.467499, Reg: 0.041655
Iter 110 of 180 Loss: 0.478777, L1(Flow): 0.440519, Reg: 0.038257
Iter 120 of 180 Loss: 0.479307, L1(Flow): 0.442358, Reg: 0.036950
Iter 130 of 180 Loss: 0.461819, L1(Flow): 0.423816, Reg: 0.038004
Iter 140 of 180 Loss: 0.447383, L1(Flow): 0.414037, Reg: 0.033346
Iter 150 of 180 Loss: 0.465303, L1(Flow): 0.430310, Reg: 0.034993
Iter 160 of 180 Loss: 0.479497, L1(Flow): 0.439936, Reg: 0.039561
Iter 170 of 180 Loss: 0.475129, L1(Flow): 0.434340, Reg: 0.040789
Iter 180 of 180 Loss: 0.457664, L1(Flow): 0.421357, Reg: 0.036307
Epoch 295 Loss: 0.467873
Epoch 295 Validation: Mean EPE: 2.4013, Mean SSIM: 0.4399, Mean ZNCC: 0.6032
Epoch 296 starts
Iter 10 of 180 Loss: 0.465652, L1(Flow): 0.425398, Reg: 0.040254
Iter 20 of 180 Loss: 0.465245, L1(Flow): 0.426768, Reg: 0.038477
Iter 30 of 180 Loss: 0.491907, L1(Flow): 0.451457, Reg: 0.040450
Iter 40 of 180 Loss: 0.477321, L1(Flow): 0.439347, Reg: 0.037974
Iter 50 of 180 Loss: 0.452044, L1(Flow): 0.415253, Reg: 0.036791
Iter 60 of 180 Loss: 0.450267, L1(Flow): 0.414148, Reg: 0.036120
Iter 70 of 180 Loss: 0.461416, L1(Flow): 0.427301, Reg: 0.034115
Iter 80 of 180 Loss: 0.448817, L1(Flow): 0.413442, Reg: 0.035376
Iter 90 of 180 Loss: 0.464386, L1(Flow): 0.426217, Reg: 0.038169
Iter 100 of 180 Loss: 0.475040, L1(Flow): 0.438584, Reg: 0.036456
Iter 110 of 180 Loss: 0.470945, L1(Flow): 0.432243, Reg: 0.038702
Iter 120 of 180 Loss: 0.474062, L1(Flow): 0.435427, Reg: 0.038635
Iter 130 of 180 Loss: 0.479248, L1(Flow): 0.443215, Reg: 0.036033
Iter 140 of 180 Loss: 0.448703, L1(Flow): 0.412767, Reg: 0.035937
Iter 150 of 180 Loss: 0.475559, L1(Flow): 0.437764, Reg: 0.037795
Iter 160 of 180 Loss: 0.440454, L1(Flow): 0.405965, Reg: 0.034488
Iter 170 of 180 Loss: 0.476880, L1(Flow): 0.439482, Reg: 0.037399
Iter 180 of 180 Loss: 0.494620, L1(Flow): 0.453464, Reg: 0.041156
Epoch 296 Loss: 0.467257
Epoch 296 Validation: Mean EPE: 2.3946, Mean SSIM: 0.4401, Mean ZNCC: 0.6035
--> Saved to Top 5 best models (EPE: 2.3946)
--> New absolute BEST model updated with EPE: 2.3946
Epoch 297 starts
Iter 10 of 180 Loss: 0.457921, L1(Flow): 0.421868, Reg: 0.036052
Iter 20 of 180 Loss: 0.490269, L1(Flow): 0.446917, Reg: 0.043352
Iter 30 of 180 Loss: 0.453484, L1(Flow): 0.416639, Reg: 0.036845
Iter 40 of 180 Loss: 0.452736, L1(Flow): 0.415608, Reg: 0.037129
Iter 50 of 180 Loss: 0.431450, L1(Flow): 0.400381, Reg: 0.031069
Iter 60 of 180 Loss: 0.474421, L1(Flow): 0.432300, Reg: 0.042121
Iter 70 of 180 Loss: 0.471675, L1(Flow): 0.432250, Reg: 0.039425
Iter 80 of 180 Loss: 0.464441, L1(Flow): 0.425216, Reg: 0.039225
Iter 90 of 180 Loss: 0.459702, L1(Flow): 0.424039, Reg: 0.035664
Iter 100 of 180 Loss: 0.445657, L1(Flow): 0.406449, Reg: 0.039208
Iter 110 of 180 Loss: 0.467707, L1(Flow): 0.431603, Reg: 0.036105
Iter 120 of 180 Loss: 0.457248, L1(Flow): 0.418662, Reg: 0.038586
Iter 130 of 180 Loss: 0.476015, L1(Flow): 0.437118, Reg: 0.038897
Iter 140 of 180 Loss: 0.464291, L1(Flow): 0.430427, Reg: 0.033864
Iter 150 of 180 Loss: 0.489367, L1(Flow): 0.446525, Reg: 0.042842
Iter 160 of 180 Loss: 0.447892, L1(Flow): 0.414560, Reg: 0.033332
Iter 170 of 180 Loss: 0.461436, L1(Flow): 0.422697, Reg: 0.038739
Iter 180 of 180 Loss: 0.451507, L1(Flow): 0.413048, Reg: 0.038459
Epoch 297 Loss: 0.463135
Epoch 297 Validation: Mean EPE: 2.4034, Mean SSIM: 0.4397, Mean ZNCC: 0.6033
Epoch 298 starts
Iter 10 of 180 Loss: 0.482801, L1(Flow): 0.441656, Reg: 0.041145
Iter 20 of 180 Loss: 0.460756, L1(Flow): 0.425761, Reg: 0.034995
Iter 30 of 180 Loss: 0.477176, L1(Flow): 0.439313, Reg: 0.037863
Iter 40 of 180 Loss: 0.465985, L1(Flow): 0.426804, Reg: 0.039181
Iter 50 of 180 Loss: 0.440608, L1(Flow): 0.404867, Reg: 0.035742
Iter 60 of 180 Loss: 0.451885, L1(Flow): 0.414502, Reg: 0.037383
Iter 70 of 180 Loss: 0.449588, L1(Flow): 0.412928, Reg: 0.036659
Iter 80 of 180 Loss: 0.467473, L1(Flow): 0.428244, Reg: 0.039230
Iter 90 of 180 Loss: 0.459801, L1(Flow): 0.424651, Reg: 0.035150
Iter 100 of 180 Loss: 0.449327, L1(Flow): 0.417426, Reg: 0.031901
Iter 110 of 180 Loss: 0.449925, L1(Flow): 0.415850, Reg: 0.034075
Iter 120 of 180 Loss: 0.459072, L1(Flow): 0.424326, Reg: 0.034746
Iter 130 of 180 Loss: 0.490466, L1(Flow): 0.450448, Reg: 0.040018
Iter 140 of 180 Loss: 0.457735, L1(Flow): 0.422821, Reg: 0.034914
Iter 150 of 180 Loss: 0.488400, L1(Flow): 0.450766, Reg: 0.037633
Iter 160 of 180 Loss: 0.468824, L1(Flow): 0.434054, Reg: 0.034771
Iter 170 of 180 Loss: 0.471025, L1(Flow): 0.435004, Reg: 0.036021
Iter 180 of 180 Loss: 0.464273, L1(Flow): 0.427757, Reg: 0.036516
Epoch 298 Loss: 0.467283
Epoch 298 Validation: Mean EPE: 2.4019, Mean SSIM: 0.4405, Mean ZNCC: 0.6036
Epoch 299 starts
Iter 10 of 180 Loss: 0.446826, L1(Flow): 0.413015, Reg: 0.033811
Iter 20 of 180 Loss: 0.473575, L1(Flow): 0.437984, Reg: 0.035591
Iter 30 of 180 Loss: 0.483946, L1(Flow): 0.446350, Reg: 0.037596
Iter 40 of 180 Loss: 0.438817, L1(Flow): 0.406062, Reg: 0.032756
Iter 50 of 180 Loss: 0.473615, L1(Flow): 0.436616, Reg: 0.037000
Iter 60 of 180 Loss: 0.482485, L1(Flow): 0.441459, Reg: 0.041026
Iter 70 of 180 Loss: 0.494979, L1(Flow): 0.452743, Reg: 0.042236
Iter 80 of 180 Loss: 0.465454, L1(Flow): 0.428956, Reg: 0.036498
Iter 90 of 180 Loss: 0.460146, L1(Flow): 0.422231, Reg: 0.037915
Iter 100 of 180 Loss: 0.463040, L1(Flow): 0.424275, Reg: 0.038765
Iter 110 of 180 Loss: 0.453100, L1(Flow): 0.420437, Reg: 0.032663
Iter 120 of 180 Loss: 0.462171, L1(Flow): 0.427125, Reg: 0.035047
Iter 130 of 180 Loss: 0.451832, L1(Flow): 0.413161, Reg: 0.038671
Iter 140 of 180 Loss: 0.460269, L1(Flow): 0.423828, Reg: 0.036442
Iter 150 of 180 Loss: 0.425985, L1(Flow): 0.394605, Reg: 0.031381
Iter 160 of 180 Loss: 0.459291, L1(Flow): 0.423787, Reg: 0.035504
Iter 170 of 180 Loss: 0.487506, L1(Flow): 0.449913, Reg: 0.037593
Iter 180 of 180 Loss: 0.482104, L1(Flow): 0.444311, Reg: 0.037793
Epoch 299 Loss: 0.465076
Epoch 299 Validation: Mean EPE: 2.4119, Mean SSIM: 0.4386, Mean ZNCC: 0.6028
Epoch 300 starts
Iter 10 of 180 Loss: 0.482577, L1(Flow): 0.445981, Reg: 0.036596
Iter 20 of 180 Loss: 0.455113, L1(Flow): 0.418266, Reg: 0.036846
Iter 30 of 180 Loss: 0.493886, L1(Flow): 0.459736, Reg: 0.034150
Iter 40 of 180 Loss: 0.488697, L1(Flow): 0.448236, Reg: 0.040461
Iter 50 of 180 Loss: 0.473864, L1(Flow): 0.435901, Reg: 0.037964
Iter 60 of 180 Loss: 0.486068, L1(Flow): 0.447070, Reg: 0.038998
Iter 70 of 180 Loss: 0.450881, L1(Flow): 0.417401, Reg: 0.033480
Iter 80 of 180 Loss: 0.460255, L1(Flow): 0.420368, Reg: 0.039887
Iter 90 of 180 Loss: 0.481427, L1(Flow): 0.448974, Reg: 0.032453
Iter 100 of 180 Loss: 0.479473, L1(Flow): 0.439439, Reg: 0.040033
Iter 110 of 180 Loss: 0.474755, L1(Flow): 0.435281, Reg: 0.039474
Iter 120 of 180 Loss: 0.457918, L1(Flow): 0.421501, Reg: 0.036418
Iter 130 of 180 Loss: 0.463713, L1(Flow): 0.427273, Reg: 0.036440
Iter 140 of 180 Loss: 0.464018, L1(Flow): 0.424004, Reg: 0.040015
Iter 150 of 180 Loss: 0.441273, L1(Flow): 0.408395, Reg: 0.032879
Iter 160 of 180 Loss: 0.471618, L1(Flow): 0.431932, Reg: 0.039686
Iter 170 of 180 Loss: 0.454277, L1(Flow): 0.419705, Reg: 0.034572
Iter 180 of 180 Loss: 0.449565, L1(Flow): 0.407481, Reg: 0.042084
Epoch 300 Loss: 0.467164
Epoch 300 Validation: Mean EPE: 2.4049, Mean SSIM: 0.4394, Mean ZNCC: 0.6031
Epoch 301 starts
Iter 10 of 180 Loss: 0.472631, L1(Flow): 0.436270, Reg: 0.036361
Iter 20 of 180 Loss: 0.485918, L1(Flow): 0.446987, Reg: 0.038931
Iter 30 of 180 Loss: 0.490492, L1(Flow): 0.452965, Reg: 0.037527
Iter 40 of 180 Loss: 0.469257, L1(Flow): 0.432887, Reg: 0.036369
Iter 50 of 180 Loss: 0.458108, L1(Flow): 0.420164, Reg: 0.037944
Iter 60 of 180 Loss: 0.468805, L1(Flow): 0.432931, Reg: 0.035874
Iter 70 of 180 Loss: 0.460367, L1(Flow): 0.423835, Reg: 0.036533
Iter 80 of 180 Loss: 0.457468, L1(Flow): 0.421195, Reg: 0.036274
Iter 90 of 180 Loss: 0.442476, L1(Flow): 0.404665, Reg: 0.037811
Iter 100 of 180 Loss: 0.479314, L1(Flow): 0.446859, Reg: 0.032455
Iter 110 of 180 Loss: 0.467979, L1(Flow): 0.430082, Reg: 0.037896
Iter 120 of 180 Loss: 0.466651, L1(Flow): 0.431282, Reg: 0.035370
Iter 130 of 180 Loss: 0.484645, L1(Flow): 0.445627, Reg: 0.039018
Iter 140 of 180 Loss: 0.433833, L1(Flow): 0.399653, Reg: 0.034180
Iter 150 of 180 Loss: 0.484062, L1(Flow): 0.447419, Reg: 0.036644
Iter 160 of 180 Loss: 0.445142, L1(Flow): 0.407527, Reg: 0.037615
Iter 170 of 180 Loss: 0.481427, L1(Flow): 0.441483, Reg: 0.039944
Iter 180 of 180 Loss: 0.469861, L1(Flow): 0.432697, Reg: 0.037165
Epoch 301 Loss: 0.467361
Epoch 301 Validation: Mean EPE: 2.4090, Mean SSIM: 0.4399, Mean ZNCC: 0.6032
Epoch 302 starts
Iter 10 of 180 Loss: 0.483903, L1(Flow): 0.446958, Reg: 0.036946
Iter 20 of 180 Loss: 0.467620, L1(Flow): 0.431637, Reg: 0.035983
Iter 30 of 180 Loss: 0.478283, L1(Flow): 0.440832, Reg: 0.037451
Iter 40 of 180 Loss: 0.463344, L1(Flow): 0.424942, Reg: 0.038402
Iter 50 of 180 Loss: 0.454503, L1(Flow): 0.416682, Reg: 0.037821
Iter 60 of 180 Loss: 0.452322, L1(Flow): 0.417476, Reg: 0.034846
Iter 70 of 180 Loss: 0.490487, L1(Flow): 0.451666, Reg: 0.038821
Iter 80 of 180 Loss: 0.477390, L1(Flow): 0.444265, Reg: 0.033125
Iter 90 of 180 Loss: 0.461551, L1(Flow): 0.422674, Reg: 0.038878
Iter 100 of 180 Loss: 0.447410, L1(Flow): 0.412301, Reg: 0.035109
Iter 110 of 180 Loss: 0.441489, L1(Flow): 0.407497, Reg: 0.033993
Iter 120 of 180 Loss: 0.432236, L1(Flow): 0.397760, Reg: 0.034476
Iter 130 of 180 Loss: 0.438604, L1(Flow): 0.400903, Reg: 0.037701
Iter 140 of 180 Loss: 0.505673, L1(Flow): 0.463112, Reg: 0.042561
Iter 150 of 180 Loss: 0.433085, L1(Flow): 0.397347, Reg: 0.035738
Iter 160 of 180 Loss: 0.455856, L1(Flow): 0.419405, Reg: 0.036451
Iter 170 of 180 Loss: 0.486473, L1(Flow): 0.446510, Reg: 0.039964
Iter 180 of 180 Loss: 0.433177, L1(Flow): 0.397000, Reg: 0.036178
Epoch 302 Loss: 0.465040
Epoch 302 Validation: Mean EPE: 2.4007, Mean SSIM: 0.4401, Mean ZNCC: 0.6033
Epoch 303 starts
Iter 10 of 180 Loss: 0.475416, L1(Flow): 0.437827, Reg: 0.037590
Iter 20 of 180 Loss: 0.487793, L1(Flow): 0.445529, Reg: 0.042264
Iter 30 of 180 Loss: 0.458965, L1(Flow): 0.423354, Reg: 0.035611
Iter 40 of 180 Loss: 0.505633, L1(Flow): 0.469382, Reg: 0.036251
Iter 50 of 180 Loss: 0.457555, L1(Flow): 0.418033, Reg: 0.039522
Iter 60 of 180 Loss: 0.443103, L1(Flow): 0.408138, Reg: 0.034965
Iter 70 of 180 Loss: 0.503074, L1(Flow): 0.462614, Reg: 0.040461
Iter 80 of 180 Loss: 0.441105, L1(Flow): 0.408121, Reg: 0.032984
Iter 90 of 180 Loss: 0.486195, L1(Flow): 0.449141, Reg: 0.037054
Iter 100 of 180 Loss: 0.454765, L1(Flow): 0.419078, Reg: 0.035687
Iter 110 of 180 Loss: 0.496826, L1(Flow): 0.457106, Reg: 0.039720
Iter 120 of 180 Loss: 0.461032, L1(Flow): 0.427092, Reg: 0.033940
Iter 130 of 180 Loss: 0.455181, L1(Flow): 0.419594, Reg: 0.035587
Iter 140 of 180 Loss: 0.508762, L1(Flow): 0.476004, Reg: 0.032758
Iter 150 of 180 Loss: 0.477396, L1(Flow): 0.439530, Reg: 0.037866
Iter 160 of 180 Loss: 0.492806, L1(Flow): 0.453452, Reg: 0.039355
Iter 170 of 180 Loss: 0.478399, L1(Flow): 0.439273, Reg: 0.039126
Iter 180 of 180 Loss: 0.471098, L1(Flow): 0.434075, Reg: 0.037023
Epoch 303 Loss: 0.470766
Epoch 303 Validation: Mean EPE: 2.4225, Mean SSIM: 0.4385, Mean ZNCC: 0.6028
Epoch 304 starts
Iter 10 of 180 Loss: 0.474741, L1(Flow): 0.437122, Reg: 0.037618
Iter 20 of 180 Loss: 0.444967, L1(Flow): 0.410406, Reg: 0.034561
Iter 30 of 180 Loss: 0.465666, L1(Flow): 0.428292, Reg: 0.037373
Iter 40 of 180 Loss: 0.465122, L1(Flow): 0.428582, Reg: 0.036539
Iter 50 of 180 Loss: 0.459442, L1(Flow): 0.417238, Reg: 0.042204
Iter 60 of 180 Loss: 0.451134, L1(Flow): 0.417356, Reg: 0.033778
Iter 70 of 180 Loss: 0.461606, L1(Flow): 0.425201, Reg: 0.036406
Iter 80 of 180 Loss: 0.478803, L1(Flow): 0.443615, Reg: 0.035187
Iter 90 of 180 Loss: 0.444920, L1(Flow): 0.407782, Reg: 0.037138
Iter 100 of 180 Loss: 0.448680, L1(Flow): 0.407598, Reg: 0.041082
Iter 110 of 180 Loss: 0.454980, L1(Flow): 0.415897, Reg: 0.039084
Iter 120 of 180 Loss: 0.442968, L1(Flow): 0.406993, Reg: 0.035975
Iter 130 of 180 Loss: 0.466318, L1(Flow): 0.425403, Reg: 0.040914
Iter 140 of 180 Loss: 0.477941, L1(Flow): 0.437301, Reg: 0.040640
Iter 150 of 180 Loss: 0.478261, L1(Flow): 0.441810, Reg: 0.036451
Iter 160 of 180 Loss: 0.458471, L1(Flow): 0.422404, Reg: 0.036067
Iter 170 of 180 Loss: 0.515465, L1(Flow): 0.472382, Reg: 0.043083
Iter 180 of 180 Loss: 0.460533, L1(Flow): 0.426325, Reg: 0.034208
Epoch 304 Loss: 0.465781
Epoch 304 Validation: Mean EPE: 2.4141, Mean SSIM: 0.4399, Mean ZNCC: 0.6033
Epoch 305 starts
Iter 10 of 180 Loss: 0.485214, L1(Flow): 0.446445, Reg: 0.038770
Iter 20 of 180 Loss: 0.459274, L1(Flow): 0.420457, Reg: 0.038817
Iter 30 of 180 Loss: 0.446507, L1(Flow): 0.408775, Reg: 0.037732
Iter 40 of 180 Loss: 0.490768, L1(Flow): 0.452951, Reg: 0.037817
Iter 50 of 180 Loss: 0.481354, L1(Flow): 0.443128, Reg: 0.038226
Iter 60 of 180 Loss: 0.474583, L1(Flow): 0.434397, Reg: 0.040186
Iter 70 of 180 Loss: 0.473990, L1(Flow): 0.439769, Reg: 0.034221
Iter 80 of 180 Loss: 0.454514, L1(Flow): 0.416105, Reg: 0.038409
Iter 90 of 180 Loss: 0.439024, L1(Flow): 0.403548, Reg: 0.035476
Iter 100 of 180 Loss: 0.474496, L1(Flow): 0.436104, Reg: 0.038392
Iter 110 of 180 Loss: 0.460287, L1(Flow): 0.423659, Reg: 0.036629
Iter 120 of 180 Loss: 0.463475, L1(Flow): 0.426903, Reg: 0.036572
Iter 130 of 180 Loss: 0.455239, L1(Flow): 0.420191, Reg: 0.035048
Iter 140 of 180 Loss: 0.452340, L1(Flow): 0.417557, Reg: 0.034783
Iter 150 of 180 Loss: 0.460673, L1(Flow): 0.423195, Reg: 0.037478
Iter 160 of 180 Loss: 0.434181, L1(Flow): 0.398382, Reg: 0.035799
Iter 170 of 180 Loss: 0.444714, L1(Flow): 0.407675, Reg: 0.037039
Iter 180 of 180 Loss: 0.480220, L1(Flow): 0.444231, Reg: 0.035989
Epoch 305 Loss: 0.461506
Epoch 305 Validation: Mean EPE: 2.3957, Mean SSIM: 0.4399, Mean ZNCC: 0.6034
--> Saved to Top 5 best models (EPE: 2.3957)
Epoch 306 starts
Iter 10 of 180 Loss: 0.470599, L1(Flow): 0.432362, Reg: 0.038236
Iter 20 of 180 Loss: 0.460107, L1(Flow): 0.421586, Reg: 0.038521
Iter 30 of 180 Loss: 0.464737, L1(Flow): 0.433877, Reg: 0.030860
Iter 40 of 180 Loss: 0.464195, L1(Flow): 0.428802, Reg: 0.035393
Iter 50 of 180 Loss: 0.451667, L1(Flow): 0.414535, Reg: 0.037132
Iter 60 of 180 Loss: 0.449510, L1(Flow): 0.415557, Reg: 0.033952
Iter 70 of 180 Loss: 0.454532, L1(Flow): 0.419318, Reg: 0.035214
Iter 80 of 180 Loss: 0.474562, L1(Flow): 0.434787, Reg: 0.039775
Iter 90 of 180 Loss: 0.430835, L1(Flow): 0.394083, Reg: 0.036752
Iter 100 of 180 Loss: 0.455434, L1(Flow): 0.418131, Reg: 0.037303
Iter 110 of 180 Loss: 0.438909, L1(Flow): 0.405936, Reg: 0.032972
Iter 120 of 180 Loss: 0.459015, L1(Flow): 0.421318, Reg: 0.037696
Iter 130 of 180 Loss: 0.467799, L1(Flow): 0.430224, Reg: 0.037575
Iter 140 of 180 Loss: 0.473213, L1(Flow): 0.433276, Reg: 0.039937
Iter 150 of 180 Loss: 0.454639, L1(Flow): 0.418176, Reg: 0.036463
Iter 160 of 180 Loss: 0.469660, L1(Flow): 0.431477, Reg: 0.038183
Iter 170 of 180 Loss: 0.458725, L1(Flow): 0.417604, Reg: 0.041121
Iter 180 of 180 Loss: 0.470677, L1(Flow): 0.430702, Reg: 0.039974
Epoch 306 Loss: 0.458986
Epoch 306 Validation: Mean EPE: 2.3961, Mean SSIM: 0.4399, Mean ZNCC: 0.6033
--> Saved to Top 5 best models (EPE: 2.3961)
Epoch 307 starts
Iter 10 of 180 Loss: 0.489381, L1(Flow): 0.451136, Reg: 0.038245
Iter 20 of 180 Loss: 0.446023, L1(Flow): 0.407253, Reg: 0.038770
Iter 30 of 180 Loss: 0.457232, L1(Flow): 0.419716, Reg: 0.037515
Iter 40 of 180 Loss: 0.481346, L1(Flow): 0.442289, Reg: 0.039057
Iter 50 of 180 Loss: 0.459390, L1(Flow): 0.419656, Reg: 0.039734
Iter 60 of 180 Loss: 0.463671, L1(Flow): 0.426861, Reg: 0.036810
Iter 70 of 180 Loss: 0.451315, L1(Flow): 0.413932, Reg: 0.037382
Iter 80 of 180 Loss: 0.466345, L1(Flow): 0.427047, Reg: 0.039298
Iter 90 of 180 Loss: 0.456926, L1(Flow): 0.419217, Reg: 0.037710
Iter 100 of 180 Loss: 0.472943, L1(Flow): 0.431282, Reg: 0.041660
Iter 110 of 180 Loss: 0.476461, L1(Flow): 0.437123, Reg: 0.039338
Iter 120 of 180 Loss: 0.449324, L1(Flow): 0.414805, Reg: 0.034519
Iter 130 of 180 Loss: 0.440332, L1(Flow): 0.404918, Reg: 0.035414
Iter 140 of 180 Loss: 0.485143, L1(Flow): 0.445108, Reg: 0.040036
Iter 150 of 180 Loss: 0.490372, L1(Flow): 0.453097, Reg: 0.037276
Iter 160 of 180 Loss: 0.462112, L1(Flow): 0.423927, Reg: 0.038185
Iter 170 of 180 Loss: 0.462123, L1(Flow): 0.427326, Reg: 0.034797
Iter 180 of 180 Loss: 0.406802, L1(Flow): 0.375609, Reg: 0.031193
Epoch 307 Loss: 0.458818
Epoch 307 Validation: Mean EPE: 2.3966, Mean SSIM: 0.4403, Mean ZNCC: 0.6034
Epoch 308 starts
Iter 10 of 180 Loss: 0.466862, L1(Flow): 0.431096, Reg: 0.035766
Iter 20 of 180 Loss: 0.492395, L1(Flow): 0.454568, Reg: 0.037827
Iter 30 of 180 Loss: 0.468058, L1(Flow): 0.430905, Reg: 0.037153
Iter 40 of 180 Loss: 0.466164, L1(Flow): 0.428901, Reg: 0.037263
Iter 50 of 180 Loss: 0.438365, L1(Flow): 0.402426, Reg: 0.035939
Iter 60 of 180 Loss: 0.457545, L1(Flow): 0.419391, Reg: 0.038154
Iter 70 of 180 Loss: 0.460929, L1(Flow): 0.422843, Reg: 0.038086
Iter 80 of 180 Loss: 0.473296, L1(Flow): 0.437106, Reg: 0.036190
Iter 90 of 180 Loss: 0.470547, L1(Flow): 0.432781, Reg: 0.037766
Iter 100 of 180 Loss: 0.447610, L1(Flow): 0.408805, Reg: 0.038805
Iter 110 of 180 Loss: 0.434715, L1(Flow): 0.398337, Reg: 0.036377
Iter 120 of 180 Loss: 0.463981, L1(Flow): 0.428452, Reg: 0.035529
Iter 130 of 180 Loss: 0.455013, L1(Flow): 0.419920, Reg: 0.035093
Iter 140 of 180 Loss: 0.461039, L1(Flow): 0.419936, Reg: 0.041103
Iter 150 of 180 Loss: 0.459702, L1(Flow): 0.423538, Reg: 0.036164
Iter 160 of 180 Loss: 0.436023, L1(Flow): 0.399898, Reg: 0.036125
Iter 170 of 180 Loss: 0.460874, L1(Flow): 0.421800, Reg: 0.039075
Iter 180 of 180 Loss: 0.447839, L1(Flow): 0.416166, Reg: 0.031672
Epoch 308 Loss: 0.454818
Epoch 308 Validation: Mean EPE: 2.3946, Mean SSIM: 0.4403, Mean ZNCC: 0.6035
--> Saved to Top 5 best models (EPE: 2.3946)
Epoch 309 starts
Iter 10 of 180 Loss: 0.461140, L1(Flow): 0.427220, Reg: 0.033920
Iter 20 of 180 Loss: 0.491463, L1(Flow): 0.451191, Reg: 0.040272
Iter 30 of 180 Loss: 0.466825, L1(Flow): 0.430185, Reg: 0.036640
Iter 40 of 180 Loss: 0.482224, L1(Flow): 0.439532, Reg: 0.042692
Iter 50 of 180 Loss: 0.439323, L1(Flow): 0.403913, Reg: 0.035410
Iter 60 of 180 Loss: 0.432346, L1(Flow): 0.395851, Reg: 0.036494
Iter 70 of 180 Loss: 0.440630, L1(Flow): 0.404006, Reg: 0.036624
Iter 80 of 180 Loss: 0.467716, L1(Flow): 0.430111, Reg: 0.037605
Iter 90 of 180 Loss: 0.464608, L1(Flow): 0.429549, Reg: 0.035060
Iter 100 of 180 Loss: 0.466984, L1(Flow): 0.429273, Reg: 0.037711
Iter 110 of 180 Loss: 0.445116, L1(Flow): 0.407862, Reg: 0.037254
Iter 120 of 180 Loss: 0.466267, L1(Flow): 0.427614, Reg: 0.038653
Iter 130 of 180 Loss: 0.466856, L1(Flow): 0.430533, Reg: 0.036323
Iter 140 of 180 Loss: 0.485550, L1(Flow): 0.445402, Reg: 0.040148
Iter 150 of 180 Loss: 0.450781, L1(Flow): 0.413226, Reg: 0.037555
Iter 160 of 180 Loss: 0.436330, L1(Flow): 0.399348, Reg: 0.036983
Iter 170 of 180 Loss: 0.423441, L1(Flow): 0.387554, Reg: 0.035887
Iter 180 of 180 Loss: 0.424280, L1(Flow): 0.388698, Reg: 0.035582
Epoch 309 Loss: 0.457143
Epoch 309 Validation: Mean EPE: 2.3965, Mean SSIM: 0.4401, Mean ZNCC: 0.6033
Epoch 310 starts
Iter 10 of 180 Loss: 0.440964, L1(Flow): 0.403884, Reg: 0.037081
Iter 20 of 180 Loss: 0.449713, L1(Flow): 0.412294, Reg: 0.037420
Iter 30 of 180 Loss: 0.456482, L1(Flow): 0.418549, Reg: 0.037933
Iter 40 of 180 Loss: 0.459970, L1(Flow): 0.422843, Reg: 0.037127
Iter 50 of 180 Loss: 0.472461, L1(Flow): 0.435140, Reg: 0.037320
Iter 60 of 180 Loss: 0.469330, L1(Flow): 0.432578, Reg: 0.036752
Iter 70 of 180 Loss: 0.510135, L1(Flow): 0.468182, Reg: 0.041952
Iter 80 of 180 Loss: 0.448198, L1(Flow): 0.409934, Reg: 0.038264
Iter 90 of 180 Loss: 0.449344, L1(Flow): 0.410106, Reg: 0.039238
Iter 100 of 180 Loss: 0.495060, L1(Flow): 0.455046, Reg: 0.040015
Iter 110 of 180 Loss: 0.494628, L1(Flow): 0.457986, Reg: 0.036642
Iter 120 of 180 Loss: 0.459072, L1(Flow): 0.419653, Reg: 0.039419
Iter 130 of 180 Loss: 0.436531, L1(Flow): 0.400165, Reg: 0.036366
Iter 140 of 180 Loss: 0.460228, L1(Flow): 0.425925, Reg: 0.034303
Iter 150 of 180 Loss: 0.432866, L1(Flow): 0.398627, Reg: 0.034239
Iter 160 of 180 Loss: 0.453218, L1(Flow): 0.415320, Reg: 0.037898
Iter 170 of 180 Loss: 0.433730, L1(Flow): 0.396644, Reg: 0.037086
Iter 180 of 180 Loss: 0.443913, L1(Flow): 0.406389, Reg: 0.037525
Epoch 310 Loss: 0.455110
Epoch 310 Validation: Mean EPE: 2.3945, Mean SSIM: 0.4401, Mean ZNCC: 0.6034
--> Saved to Top 5 best models (EPE: 2.3945)
--> New absolute BEST model updated with EPE: 2.3945
Epoch 311 starts
Iter 10 of 180 Loss: 0.434582, L1(Flow): 0.400485, Reg: 0.034098
Iter 20 of 180 Loss: 0.438712, L1(Flow): 0.402144, Reg: 0.036569
Iter 30 of 180 Loss: 0.435726, L1(Flow): 0.402374, Reg: 0.033352
Iter 40 of 180 Loss: 0.427687, L1(Flow): 0.392006, Reg: 0.035681
Iter 50 of 180 Loss: 0.455499, L1(Flow): 0.415853, Reg: 0.039646
Iter 60 of 180 Loss: 0.451283, L1(Flow): 0.414484, Reg: 0.036799
Iter 70 of 180 Loss: 0.467524, L1(Flow): 0.430946, Reg: 0.036578
Iter 80 of 180 Loss: 0.460163, L1(Flow): 0.425281, Reg: 0.034882
Iter 90 of 180 Loss: 0.456062, L1(Flow): 0.419221, Reg: 0.036841
Iter 100 of 180 Loss: 0.475267, L1(Flow): 0.436062, Reg: 0.039205
Iter 110 of 180 Loss: 0.459812, L1(Flow): 0.424231, Reg: 0.035580
Iter 120 of 180 Loss: 0.439553, L1(Flow): 0.402521, Reg: 0.037032
Iter 130 of 180 Loss: 0.469614, L1(Flow): 0.431556, Reg: 0.038057
Iter 140 of 180 Loss: 0.439202, L1(Flow): 0.404561, Reg: 0.034641
Iter 150 of 180 Loss: 0.446315, L1(Flow): 0.412031, Reg: 0.034284
Iter 160 of 180 Loss: 0.433783, L1(Flow): 0.395801, Reg: 0.037982
Iter 170 of 180 Loss: 0.470387, L1(Flow): 0.428150, Reg: 0.042237
Iter 180 of 180 Loss: 0.487631, L1(Flow): 0.447489, Reg: 0.040141
Epoch 311 Loss: 0.451786
Epoch 311 Validation: Mean EPE: 2.3953, Mean SSIM: 0.4404, Mean ZNCC: 0.6034
--> Saved to Top 5 best models (EPE: 2.3953)
Epoch 312 starts
Iter 10 of 180 Loss: 0.464581, L1(Flow): 0.424839, Reg: 0.039742
Iter 20 of 180 Loss: 0.473455, L1(Flow): 0.435805, Reg: 0.037650
Iter 30 of 180 Loss: 0.431569, L1(Flow): 0.396326, Reg: 0.035244
Iter 40 of 180 Loss: 0.448241, L1(Flow): 0.407472, Reg: 0.040769
Iter 50 of 180 Loss: 0.440533, L1(Flow): 0.406209, Reg: 0.034324
Iter 60 of 180 Loss: 0.439594, L1(Flow): 0.403159, Reg: 0.036435
Iter 70 of 180 Loss: 0.428466, L1(Flow): 0.393229, Reg: 0.035237
Iter 80 of 180 Loss: 0.439260, L1(Flow): 0.403932, Reg: 0.035328
Iter 90 of 180 Loss: 0.451843, L1(Flow): 0.411903, Reg: 0.039941
Iter 100 of 180 Loss: 0.474635, L1(Flow): 0.437011, Reg: 0.037625
Iter 110 of 180 Loss: 0.464348, L1(Flow): 0.428185, Reg: 0.036162
Iter 120 of 180 Loss: 0.425542, L1(Flow): 0.389651, Reg: 0.035890
Iter 130 of 180 Loss: 0.456687, L1(Flow): 0.417464, Reg: 0.039224
Iter 140 of 180 Loss: 0.452404, L1(Flow): 0.417595, Reg: 0.034809
Iter 150 of 180 Loss: 0.466268, L1(Flow): 0.428133, Reg: 0.038135
Iter 160 of 180 Loss: 0.437585, L1(Flow): 0.400433, Reg: 0.037151
Iter 170 of 180 Loss: 0.501985, L1(Flow): 0.462749, Reg: 0.039236
Iter 180 of 180 Loss: 0.439301, L1(Flow): 0.407625, Reg: 0.031676
Epoch 312 Loss: 0.455116
Epoch 312 Validation: Mean EPE: 2.3966, Mean SSIM: 0.4404, Mean ZNCC: 0.6034
Epoch 313 starts
Iter 10 of 180 Loss: 0.455166, L1(Flow): 0.414917, Reg: 0.040249
Iter 20 of 180 Loss: 0.451770, L1(Flow): 0.417995, Reg: 0.033775
Iter 30 of 180 Loss: 0.437225, L1(Flow): 0.403239, Reg: 0.033986
Iter 40 of 180 Loss: 0.443390, L1(Flow): 0.408684, Reg: 0.034706
Iter 50 of 180 Loss: 0.446109, L1(Flow): 0.406791, Reg: 0.039318
Iter 60 of 180 Loss: 0.414465, L1(Flow): 0.381265, Reg: 0.033201
Iter 70 of 180 Loss: 0.481304, L1(Flow): 0.442009, Reg: 0.039295
Iter 80 of 180 Loss: 0.441156, L1(Flow): 0.407367, Reg: 0.033790
Iter 90 of 180 Loss: 0.468001, L1(Flow): 0.430687, Reg: 0.037314
Iter 100 of 180 Loss: 0.432631, L1(Flow): 0.396827, Reg: 0.035804
Iter 110 of 180 Loss: 0.436357, L1(Flow): 0.402126, Reg: 0.034231
Iter 120 of 180 Loss: 0.435284, L1(Flow): 0.399376, Reg: 0.035908
Iter 130 of 180 Loss: 0.449490, L1(Flow): 0.409673, Reg: 0.039818
Iter 140 of 180 Loss: 0.465827, L1(Flow): 0.426480, Reg: 0.039347
Iter 150 of 180 Loss: 0.466027, L1(Flow): 0.427502, Reg: 0.038525
Iter 160 of 180 Loss: 0.427172, L1(Flow): 0.391428, Reg: 0.035744
Iter 170 of 180 Loss: 0.458387, L1(Flow): 0.418606, Reg: 0.039782
Iter 180 of 180 Loss: 0.469299, L1(Flow): 0.431517, Reg: 0.037783
Epoch 313 Loss: 0.454511
Epoch 313 Validation: Mean EPE: 2.4037, Mean SSIM: 0.4399, Mean ZNCC: 0.6032
Epoch 314 starts
Iter 10 of 180 Loss: 0.435904, L1(Flow): 0.397955, Reg: 0.037949
Iter 20 of 180 Loss: 0.442000, L1(Flow): 0.407282, Reg: 0.034718
Iter 30 of 180 Loss: 0.462239, L1(Flow): 0.423487, Reg: 0.038753
Iter 40 of 180 Loss: 0.458798, L1(Flow): 0.420939, Reg: 0.037859
Iter 50 of 180 Loss: 0.425324, L1(Flow): 0.391699, Reg: 0.033625
Iter 60 of 180 Loss: 0.446150, L1(Flow): 0.412748, Reg: 0.033402
Iter 70 of 180 Loss: 0.451728, L1(Flow): 0.412789, Reg: 0.038939
Iter 80 of 180 Loss: 0.410164, L1(Flow): 0.377702, Reg: 0.032462
Iter 90 of 180 Loss: 0.422258, L1(Flow): 0.387054, Reg: 0.035204
Iter 100 of 180 Loss: 0.450005, L1(Flow): 0.412737, Reg: 0.037269
Iter 110 of 180 Loss: 0.449761, L1(Flow): 0.410944, Reg: 0.038817
Iter 120 of 180 Loss: 0.450506, L1(Flow): 0.412024, Reg: 0.038482
Iter 130 of 180 Loss: 0.444854, L1(Flow): 0.409312, Reg: 0.035542
Iter 140 of 180 Loss: 0.466071, L1(Flow): 0.428697, Reg: 0.037374
Iter 150 of 180 Loss: 0.418240, L1(Flow): 0.383236, Reg: 0.035004
Iter 160 of 180 Loss: 0.462534, L1(Flow): 0.429186, Reg: 0.033348
Iter 170 of 180 Loss: 0.495197, L1(Flow): 0.452961, Reg: 0.042236
Iter 180 of 180 Loss: 0.462159, L1(Flow): 0.426881, Reg: 0.035277
Epoch 314 Loss: 0.454014
Epoch 314 Validation: Mean EPE: 2.3952, Mean SSIM: 0.4405, Mean ZNCC: 0.6035
--> Saved to Top 5 best models (EPE: 2.3952)
Epoch 315 starts
Iter 10 of 180 Loss: 0.447743, L1(Flow): 0.409169, Reg: 0.038573
Iter 20 of 180 Loss: 0.463902, L1(Flow): 0.427184, Reg: 0.036719
Iter 30 of 180 Loss: 0.478811, L1(Flow): 0.438763, Reg: 0.040048
Iter 40 of 180 Loss: 0.482382, L1(Flow): 0.441862, Reg: 0.040521
Iter 50 of 180 Loss: 0.434465, L1(Flow): 0.394098, Reg: 0.040367
Iter 60 of 180 Loss: 0.459467, L1(Flow): 0.423489, Reg: 0.035978
Iter 70 of 180 Loss: 0.487728, L1(Flow): 0.449403, Reg: 0.038325
Iter 80 of 180 Loss: 0.467638, L1(Flow): 0.427583, Reg: 0.040056
Iter 90 of 180 Loss: 0.471415, L1(Flow): 0.436305, Reg: 0.035110
Iter 100 of 180 Loss: 0.457220, L1(Flow): 0.419102, Reg: 0.038119
Iter 110 of 180 Loss: 0.437258, L1(Flow): 0.402339, Reg: 0.034918
Iter 120 of 180 Loss: 0.444500, L1(Flow): 0.408155, Reg: 0.036345
Iter 130 of 180 Loss: 0.434723, L1(Flow): 0.399175, Reg: 0.035548
Iter 140 of 180 Loss: 0.453460, L1(Flow): 0.415889, Reg: 0.037571
Iter 150 of 180 Loss: 0.440875, L1(Flow): 0.404545, Reg: 0.036330
Iter 160 of 180 Loss: 0.460018, L1(Flow): 0.422090, Reg: 0.037928
Iter 170 of 180 Loss: 0.451395, L1(Flow): 0.412006, Reg: 0.039389
Iter 180 of 180 Loss: 0.470854, L1(Flow): 0.433809, Reg: 0.037045
Epoch 315 Loss: 0.452258
Epoch 315 Validation: Mean EPE: 2.3990, Mean SSIM: 0.4403, Mean ZNCC: 0.6034
Epoch 316 starts
Iter 10 of 180 Loss: 0.444554, L1(Flow): 0.407951, Reg: 0.036603
Iter 20 of 180 Loss: 0.504691, L1(Flow): 0.467612, Reg: 0.037080
Iter 30 of 180 Loss: 0.472968, L1(Flow): 0.436258, Reg: 0.036710
Iter 40 of 180 Loss: 0.465975, L1(Flow): 0.427774, Reg: 0.038200
Iter 50 of 180 Loss: 0.471545, L1(Flow): 0.434001, Reg: 0.037544
Iter 60 of 180 Loss: 0.466249, L1(Flow): 0.427273, Reg: 0.038976
Iter 70 of 180 Loss: 0.464298, L1(Flow): 0.427150, Reg: 0.037149
Iter 80 of 180 Loss: 0.454074, L1(Flow): 0.416658, Reg: 0.037415
Iter 90 of 180 Loss: 0.471716, L1(Flow): 0.436100, Reg: 0.035616
Iter 100 of 180 Loss: 0.489887, L1(Flow): 0.448166, Reg: 0.041721
Iter 110 of 180 Loss: 0.453229, L1(Flow): 0.417464, Reg: 0.035765
Iter 120 of 180 Loss: 0.454268, L1(Flow): 0.416560, Reg: 0.037708
Iter 130 of 180 Loss: 0.467416, L1(Flow): 0.427069, Reg: 0.040347
Iter 140 of 180 Loss: 0.452948, L1(Flow): 0.414640, Reg: 0.038308
Iter 150 of 180 Loss: 0.440084, L1(Flow): 0.406761, Reg: 0.033323
Iter 160 of 180 Loss: 0.473903, L1(Flow): 0.436339, Reg: 0.037564
Iter 170 of 180 Loss: 0.458018, L1(Flow): 0.423941, Reg: 0.034078
Iter 180 of 180 Loss: 0.479345, L1(Flow): 0.442676, Reg: 0.036669
Epoch 316 Loss: 0.459609
Epoch 316 Validation: Mean EPE: 2.3904, Mean SSIM: 0.4410, Mean ZNCC: 0.6037
--> Saved to Top 5 best models (EPE: 2.3904)
--> New absolute BEST model updated with EPE: 2.3904
Epoch 317 starts
Iter 10 of 180 Loss: 0.457710, L1(Flow): 0.417684, Reg: 0.040026
Iter 20 of 180 Loss: 0.446678, L1(Flow): 0.413788, Reg: 0.032891
Iter 30 of 180 Loss: 0.458797, L1(Flow): 0.420743, Reg: 0.038054
Iter 40 of 180 Loss: 0.458256, L1(Flow): 0.424035, Reg: 0.034221
Iter 50 of 180 Loss: 0.451978, L1(Flow): 0.414395, Reg: 0.037583
Iter 60 of 180 Loss: 0.437065, L1(Flow): 0.398818, Reg: 0.038247
Iter 70 of 180 Loss: 0.431356, L1(Flow): 0.398278, Reg: 0.033078
Iter 80 of 180 Loss: 0.452887, L1(Flow): 0.414784, Reg: 0.038103
Iter 90 of 180 Loss: 0.453714, L1(Flow): 0.418706, Reg: 0.035008
Iter 100 of 180 Loss: 0.477285, L1(Flow): 0.437026, Reg: 0.040259
Iter 110 of 180 Loss: 0.465056, L1(Flow): 0.427238, Reg: 0.037819
Iter 120 of 180 Loss: 0.466893, L1(Flow): 0.430943, Reg: 0.035950
Iter 130 of 180 Loss: 0.458101, L1(Flow): 0.420842, Reg: 0.037259
Iter 140 of 180 Loss: 0.465928, L1(Flow): 0.430304, Reg: 0.035624
Iter 150 of 180 Loss: 0.456539, L1(Flow): 0.418241, Reg: 0.038299
Iter 160 of 180 Loss: 0.459899, L1(Flow): 0.418820, Reg: 0.041080
Iter 170 of 180 Loss: 0.465564, L1(Flow): 0.427048, Reg: 0.038516
Iter 180 of 180 Loss: 0.446920, L1(Flow): 0.409548, Reg: 0.037372
Epoch 317 Loss: 0.456799
Epoch 317 Validation: Mean EPE: 2.3932, Mean SSIM: 0.4408, Mean ZNCC: 0.6035
--> Saved to Top 5 best models (EPE: 2.3932)
Epoch 318 starts
Iter 10 of 180 Loss: 0.431087, L1(Flow): 0.392416, Reg: 0.038671
Iter 20 of 180 Loss: 0.454341, L1(Flow): 0.420667, Reg: 0.033674
Iter 30 of 180 Loss: 0.466860, L1(Flow): 0.427832, Reg: 0.039027
Iter 40 of 180 Loss: 0.479506, L1(Flow): 0.444011, Reg: 0.035495
Iter 50 of 180 Loss: 0.432314, L1(Flow): 0.396972, Reg: 0.035342
Iter 60 of 180 Loss: 0.446813, L1(Flow): 0.410181, Reg: 0.036632
Iter 70 of 180 Loss: 0.453661, L1(Flow): 0.417070, Reg: 0.036591
Iter 80 of 180 Loss: 0.462247, L1(Flow): 0.424256, Reg: 0.037991
Iter 90 of 180 Loss: 0.446948, L1(Flow): 0.412094, Reg: 0.034855
Iter 100 of 180 Loss: 0.458367, L1(Flow): 0.420079, Reg: 0.038288
Iter 110 of 180 Loss: 0.461398, L1(Flow): 0.421733, Reg: 0.039665
Iter 120 of 180 Loss: 0.436853, L1(Flow): 0.402379, Reg: 0.034474
Iter 130 of 180 Loss: 0.449934, L1(Flow): 0.413464, Reg: 0.036470
Iter 140 of 180 Loss: 0.449795, L1(Flow): 0.411022, Reg: 0.038773
Iter 150 of 180 Loss: 0.452250, L1(Flow): 0.414154, Reg: 0.038096
Iter 160 of 180 Loss: 0.472648, L1(Flow): 0.435809, Reg: 0.036839
Iter 170 of 180 Loss: 0.465298, L1(Flow): 0.427147, Reg: 0.038151
Iter 180 of 180 Loss: 0.448805, L1(Flow): 0.413113, Reg: 0.035692
Epoch 318 Loss: 0.452364
Epoch 318 Validation: Mean EPE: 2.3994, Mean SSIM: 0.4400, Mean ZNCC: 0.6033
Epoch 319 starts
Iter 10 of 180 Loss: 0.459476, L1(Flow): 0.423905, Reg: 0.035571
Iter 20 of 180 Loss: 0.426987, L1(Flow): 0.392741, Reg: 0.034246
Iter 30 of 180 Loss: 0.447896, L1(Flow): 0.410376, Reg: 0.037520
Iter 40 of 180 Loss: 0.471438, L1(Flow): 0.431361, Reg: 0.040076
Iter 50 of 180 Loss: 0.445621, L1(Flow): 0.410978, Reg: 0.034643
Iter 60 of 180 Loss: 0.456332, L1(Flow): 0.415563, Reg: 0.040769
Iter 70 of 180 Loss: 0.464793, L1(Flow): 0.427686, Reg: 0.037107
Iter 80 of 180 Loss: 0.470788, L1(Flow): 0.429574, Reg: 0.041213
Iter 90 of 180 Loss: 0.459071, L1(Flow): 0.424145, Reg: 0.034926
Iter 100 of 180 Loss: 0.505851, L1(Flow): 0.465127, Reg: 0.040725
Iter 110 of 180 Loss: 0.470707, L1(Flow): 0.433366, Reg: 0.037342
Iter 120 of 180 Loss: 0.460445, L1(Flow): 0.425065, Reg: 0.035380
Iter 130 of 180 Loss: 0.432834, L1(Flow): 0.397597, Reg: 0.035236
Iter 140 of 180 Loss: 0.447869, L1(Flow): 0.410488, Reg: 0.037381
Iter 150 of 180 Loss: 0.457507, L1(Flow): 0.420793, Reg: 0.036714
Iter 160 of 180 Loss: 0.445848, L1(Flow): 0.406162, Reg: 0.039686
Iter 170 of 180 Loss: 0.450188, L1(Flow): 0.412204, Reg: 0.037984
Iter 180 of 180 Loss: 0.471352, L1(Flow): 0.434326, Reg: 0.037026
Epoch 319 Loss: 0.453689
Epoch 319 Validation: Mean EPE: 2.3968, Mean SSIM: 0.4404, Mean ZNCC: 0.6035
Epoch 320 starts
Iter 10 of 180 Loss: 0.475238, L1(Flow): 0.436468, Reg: 0.038770
Iter 20 of 180 Loss: 0.460414, L1(Flow): 0.422041, Reg: 0.038373
Iter 30 of 180 Loss: 0.438471, L1(Flow): 0.400992, Reg: 0.037479
Iter 40 of 180 Loss: 0.436453, L1(Flow): 0.402355, Reg: 0.034099
Iter 50 of 180 Loss: 0.448345, L1(Flow): 0.410657, Reg: 0.037688
Iter 60 of 180 Loss: 0.454602, L1(Flow): 0.417349, Reg: 0.037254
Iter 70 of 180 Loss: 0.474033, L1(Flow): 0.437552, Reg: 0.036481
Iter 80 of 180 Loss: 0.461397, L1(Flow): 0.421554, Reg: 0.039843
Iter 90 of 180 Loss: 0.446219, L1(Flow): 0.406957, Reg: 0.039262
Iter 100 of 180 Loss: 0.419511, L1(Flow): 0.384025, Reg: 0.035486
Iter 110 of 180 Loss: 0.472127, L1(Flow): 0.433155, Reg: 0.038972
Iter 120 of 180 Loss: 0.471633, L1(Flow): 0.433529, Reg: 0.038104
Iter 130 of 180 Loss: 0.460980, L1(Flow): 0.419658, Reg: 0.041322
Iter 140 of 180 Loss: 0.412961, L1(Flow): 0.379645, Reg: 0.033316
Iter 150 of 180 Loss: 0.446621, L1(Flow): 0.410167, Reg: 0.036454
Iter 160 of 180 Loss: 0.486842, L1(Flow): 0.447101, Reg: 0.039741
Iter 170 of 180 Loss: 0.428620, L1(Flow): 0.390991, Reg: 0.037629
Iter 180 of 180 Loss: 0.443208, L1(Flow): 0.405608, Reg: 0.037600
Epoch 320 Loss: 0.449843
Epoch 320 Validation: Mean EPE: 2.3962, Mean SSIM: 0.4404, Mean ZNCC: 0.6033
Epoch 321 starts
Iter 10 of 180 Loss: 0.446669, L1(Flow): 0.410836, Reg: 0.035833
Iter 20 of 180 Loss: 0.443513, L1(Flow): 0.407067, Reg: 0.036447
Iter 30 of 180 Loss: 0.474188, L1(Flow): 0.438952, Reg: 0.035236
Iter 40 of 180 Loss: 0.443129, L1(Flow): 0.407013, Reg: 0.036116
Iter 50 of 180 Loss: 0.427205, L1(Flow): 0.390218, Reg: 0.036988
Iter 60 of 180 Loss: 0.459340, L1(Flow): 0.422996, Reg: 0.036344
Iter 70 of 180 Loss: 0.419108, L1(Flow): 0.385318, Reg: 0.033791
Iter 80 of 180 Loss: 0.435535, L1(Flow): 0.397209, Reg: 0.038326
Iter 90 of 180 Loss: 0.423044, L1(Flow): 0.387254, Reg: 0.035790
Iter 100 of 180 Loss: 0.437326, L1(Flow): 0.398350, Reg: 0.038976
Iter 110 of 180 Loss: 0.414338, L1(Flow): 0.380645, Reg: 0.033693
Iter 120 of 180 Loss: 0.461648, L1(Flow): 0.423100, Reg: 0.038548
Iter 130 of 180 Loss: 0.450866, L1(Flow): 0.415758, Reg: 0.035108
Iter 140 of 180 Loss: 0.443616, L1(Flow): 0.408148, Reg: 0.035468
Iter 150 of 180 Loss: 0.451717, L1(Flow): 0.413099, Reg: 0.038618
Iter 160 of 180 Loss: 0.457866, L1(Flow): 0.419598, Reg: 0.038268
Iter 170 of 180 Loss: 0.453916, L1(Flow): 0.417065, Reg: 0.036851
Iter 180 of 180 Loss: 0.489992, L1(Flow): 0.454639, Reg: 0.035353
Epoch 321 Loss: 0.448583
Epoch 321 Validation: Mean EPE: 2.3936, Mean SSIM: 0.4406, Mean ZNCC: 0.6035
--> Saved to Top 5 best models (EPE: 2.3936)
Epoch 322 starts
Iter 10 of 180 Loss: 0.411757, L1(Flow): 0.377128, Reg: 0.034629
Iter 20 of 180 Loss: 0.463347, L1(Flow): 0.423632, Reg: 0.039716
Iter 30 of 180 Loss: 0.440091, L1(Flow): 0.401875, Reg: 0.038216
Iter 40 of 180 Loss: 0.459112, L1(Flow): 0.424337, Reg: 0.034775
Iter 50 of 180 Loss: 0.419101, L1(Flow): 0.384481, Reg: 0.034619
Iter 60 of 180 Loss: 0.460150, L1(Flow): 0.420560, Reg: 0.039590
Iter 70 of 180 Loss: 0.468291, L1(Flow): 0.430997, Reg: 0.037294
Iter 80 of 180 Loss: 0.459749, L1(Flow): 0.424918, Reg: 0.034831
Iter 90 of 180 Loss: 0.467308, L1(Flow): 0.431177, Reg: 0.036131
Iter 100 of 180 Loss: 0.436533, L1(Flow): 0.402627, Reg: 0.033906
Iter 110 of 180 Loss: 0.441381, L1(Flow): 0.405022, Reg: 0.036360
Iter 120 of 180 Loss: 0.438805, L1(Flow): 0.400067, Reg: 0.038738
Iter 130 of 180 Loss: 0.439971, L1(Flow): 0.403032, Reg: 0.036939
Iter 140 of 180 Loss: 0.432629, L1(Flow): 0.395164, Reg: 0.037465
Iter 150 of 180 Loss: 0.491662, L1(Flow): 0.452586, Reg: 0.039076
Iter 160 of 180 Loss: 0.455156, L1(Flow): 0.417702, Reg: 0.037454
Iter 170 of 180 Loss: 0.485443, L1(Flow): 0.448095, Reg: 0.037348
Iter 180 of 180 Loss: 0.432137, L1(Flow): 0.399510, Reg: 0.032627
Epoch 322 Loss: 0.447034
Epoch 322 Validation: Mean EPE: 2.3881, Mean SSIM: 0.4412, Mean ZNCC: 0.6036
--> Saved to Top 5 best models (EPE: 2.3881)
--> New absolute BEST model updated with EPE: 2.3881
Epoch 323 starts
Iter 10 of 180 Loss: 0.449929, L1(Flow): 0.414809, Reg: 0.035120
Iter 20 of 180 Loss: 0.441635, L1(Flow): 0.405514, Reg: 0.036120
Iter 30 of 180 Loss: 0.452888, L1(Flow): 0.417191, Reg: 0.035697
Iter 40 of 180 Loss: 0.442526, L1(Flow): 0.408880, Reg: 0.033646
Iter 50 of 180 Loss: 0.408521, L1(Flow): 0.377052, Reg: 0.031469
Iter 60 of 180 Loss: 0.457639, L1(Flow): 0.421139, Reg: 0.036499
Iter 70 of 180 Loss: 0.447596, L1(Flow): 0.408437, Reg: 0.039159
Iter 80 of 180 Loss: 0.442314, L1(Flow): 0.405538, Reg: 0.036776
Iter 90 of 180 Loss: 0.435571, L1(Flow): 0.399670, Reg: 0.035901
Iter 100 of 180 Loss: 0.437393, L1(Flow): 0.398428, Reg: 0.038964
Iter 110 of 180 Loss: 0.461363, L1(Flow): 0.424136, Reg: 0.037226
Iter 120 of 180 Loss: 0.433661, L1(Flow): 0.398084, Reg: 0.035577
Iter 130 of 180 Loss: 0.443835, L1(Flow): 0.406998, Reg: 0.036836
Iter 140 of 180 Loss: 0.459412, L1(Flow): 0.422077, Reg: 0.037335
Iter 150 of 180 Loss: 0.428207, L1(Flow): 0.392502, Reg: 0.035705
Iter 160 of 180 Loss: 0.455826, L1(Flow): 0.416533, Reg: 0.039293
Iter 170 of 180 Loss: 0.467564, L1(Flow): 0.431652, Reg: 0.035912
Iter 180 of 180 Loss: 0.450511, L1(Flow): 0.410462, Reg: 0.040050
Epoch 323 Loss: 0.447363
Epoch 323 Validation: Mean EPE: 2.3914, Mean SSIM: 0.4400, Mean ZNCC: 0.6033
--> Saved to Top 5 best models (EPE: 2.3914)
Epoch 324 starts
Iter 10 of 180 Loss: 0.454932, L1(Flow): 0.416574, Reg: 0.038358
Iter 20 of 180 Loss: 0.417983, L1(Flow): 0.384450, Reg: 0.033532
Iter 30 of 180 Loss: 0.444066, L1(Flow): 0.405308, Reg: 0.038758
Iter 40 of 180 Loss: 0.425730, L1(Flow): 0.389803, Reg: 0.035927
Iter 50 of 180 Loss: 0.461393, L1(Flow): 0.420995, Reg: 0.040398
Iter 60 of 180 Loss: 0.413539, L1(Flow): 0.374845, Reg: 0.038695
Iter 70 of 180 Loss: 0.423829, L1(Flow): 0.387560, Reg: 0.036269
Iter 80 of 180 Loss: 0.460074, L1(Flow): 0.421397, Reg: 0.038677
Iter 90 of 180 Loss: 0.439051, L1(Flow): 0.400357, Reg: 0.038694
Iter 100 of 180 Loss: 0.450198, L1(Flow): 0.413910, Reg: 0.036288
Iter 110 of 180 Loss: 0.474294, L1(Flow): 0.435369, Reg: 0.038925
Iter 120 of 180 Loss: 0.452812, L1(Flow): 0.418405, Reg: 0.034407
Iter 130 of 180 Loss: 0.437105, L1(Flow): 0.399989, Reg: 0.037117
Iter 140 of 180 Loss: 0.438193, L1(Flow): 0.402881, Reg: 0.035312
Iter 150 of 180 Loss: 0.463011, L1(Flow): 0.424594, Reg: 0.038417
Iter 160 of 180 Loss: 0.445431, L1(Flow): 0.408736, Reg: 0.036695
Iter 170 of 180 Loss: 0.467715, L1(Flow): 0.431847, Reg: 0.035869
Iter 180 of 180 Loss: 0.439943, L1(Flow): 0.402377, Reg: 0.037566
Epoch 324 Loss: 0.448396
Epoch 324 Validation: Mean EPE: 2.3948, Mean SSIM: 0.4406, Mean ZNCC: 0.6035
Epoch 325 starts
Iter 10 of 180 Loss: 0.418927, L1(Flow): 0.384982, Reg: 0.033945
Iter 20 of 180 Loss: 0.471184, L1(Flow): 0.435629, Reg: 0.035555
Iter 30 of 180 Loss: 0.468641, L1(Flow): 0.432966, Reg: 0.035675
Iter 40 of 180 Loss: 0.442049, L1(Flow): 0.403473, Reg: 0.038576
Iter 50 of 180 Loss: 0.443026, L1(Flow): 0.407410, Reg: 0.035616
Iter 60 of 180 Loss: 0.436896, L1(Flow): 0.401378, Reg: 0.035518
Iter 70 of 180 Loss: 0.456744, L1(Flow): 0.420600, Reg: 0.036144
Iter 80 of 180 Loss: 0.467980, L1(Flow): 0.429887, Reg: 0.038093
Iter 90 of 180 Loss: 0.464541, L1(Flow): 0.427969, Reg: 0.036571
Iter 100 of 180 Loss: 0.447206, L1(Flow): 0.410248, Reg: 0.036958
Iter 110 of 180 Loss: 0.447106, L1(Flow): 0.412598, Reg: 0.034509
Iter 120 of 180 Loss: 0.459796, L1(Flow): 0.420754, Reg: 0.039042
Iter 130 of 180 Loss: 0.439434, L1(Flow): 0.399333, Reg: 0.040101
Iter 140 of 180 Loss: 0.451452, L1(Flow): 0.413060, Reg: 0.038392
Iter 150 of 180 Loss: 0.454596, L1(Flow): 0.419775, Reg: 0.034821
Iter 160 of 180 Loss: 0.441884, L1(Flow): 0.407113, Reg: 0.034771
Iter 170 of 180 Loss: 0.426231, L1(Flow): 0.393057, Reg: 0.033174
Iter 180 of 180 Loss: 0.417090, L1(Flow): 0.384363, Reg: 0.032728
Epoch 325 Loss: 0.451487
Epoch 325 Validation: Mean EPE: 2.4099, Mean SSIM: 0.4399, Mean ZNCC: 0.6033
Epoch 326 starts
Iter 10 of 180 Loss: 0.459337, L1(Flow): 0.420574, Reg: 0.038763
Iter 20 of 180 Loss: 0.432279, L1(Flow): 0.396288, Reg: 0.035991
Iter 30 of 180 Loss: 0.427081, L1(Flow): 0.394039, Reg: 0.033042
Iter 40 of 180 Loss: 0.420791, L1(Flow): 0.388499, Reg: 0.032292
Iter 50 of 180 Loss: 0.467351, L1(Flow): 0.428822, Reg: 0.038529
Iter 60 of 180 Loss: 0.471907, L1(Flow): 0.435828, Reg: 0.036079
Iter 70 of 180 Loss: 0.474491, L1(Flow): 0.435243, Reg: 0.039248
Iter 80 of 180 Loss: 0.489952, L1(Flow): 0.453042, Reg: 0.036910
Iter 90 of 180 Loss: 0.455219, L1(Flow): 0.421198, Reg: 0.034021
Iter 100 of 180 Loss: 0.458792, L1(Flow): 0.419275, Reg: 0.039517
Iter 110 of 180 Loss: 0.462782, L1(Flow): 0.424553, Reg: 0.038228
Iter 120 of 180 Loss: 0.474373, L1(Flow): 0.437837, Reg: 0.036536
Iter 130 of 180 Loss: 0.449425, L1(Flow): 0.410924, Reg: 0.038501
Iter 140 of 180 Loss: 0.474084, L1(Flow): 0.438358, Reg: 0.035725
Iter 150 of 180 Loss: 0.492845, L1(Flow): 0.449340, Reg: 0.043506
Iter 160 of 180 Loss: 0.461059, L1(Flow): 0.423347, Reg: 0.037712
Iter 170 of 180 Loss: 0.426947, L1(Flow): 0.392907, Reg: 0.034040
Iter 180 of 180 Loss: 0.423653, L1(Flow): 0.387875, Reg: 0.035777
Epoch 326 Loss: 0.452081
Epoch 326 Validation: Mean EPE: 2.3962, Mean SSIM: 0.4405, Mean ZNCC: 0.6035
Epoch 327 starts
Iter 10 of 180 Loss: 0.442283, L1(Flow): 0.405239, Reg: 0.037044
Iter 20 of 180 Loss: 0.424312, L1(Flow): 0.392339, Reg: 0.031973
Iter 30 of 180 Loss: 0.454974, L1(Flow): 0.419282, Reg: 0.035692
Iter 40 of 180 Loss: 0.447873, L1(Flow): 0.409050, Reg: 0.038823
Iter 50 of 180 Loss: 0.442417, L1(Flow): 0.407615, Reg: 0.034802
Iter 60 of 180 Loss: 0.450887, L1(Flow): 0.412520, Reg: 0.038367
Iter 70 of 180 Loss: 0.448458, L1(Flow): 0.410106, Reg: 0.038352
Iter 80 of 180 Loss: 0.440968, L1(Flow): 0.404668, Reg: 0.036301
Iter 90 of 180 Loss: 0.448511, L1(Flow): 0.411294, Reg: 0.037217
Iter 100 of 180 Loss: 0.452622, L1(Flow): 0.418154, Reg: 0.034468
Iter 110 of 180 Loss: 0.430396, L1(Flow): 0.393455, Reg: 0.036941
Iter 120 of 180 Loss: 0.422308, L1(Flow): 0.385868, Reg: 0.036440
Iter 130 of 180 Loss: 0.471249, L1(Flow): 0.434028, Reg: 0.037221
Iter 140 of 180 Loss: 0.482531, L1(Flow): 0.444838, Reg: 0.037694
Iter 150 of 180 Loss: 0.413522, L1(Flow): 0.377279, Reg: 0.036244
Iter 160 of 180 Loss: 0.441163, L1(Flow): 0.403827, Reg: 0.037336
Iter 170 of 180 Loss: 0.456463, L1(Flow): 0.419301, Reg: 0.037162
Iter 180 of 180 Loss: 0.415510, L1(Flow): 0.382660, Reg: 0.032850
Epoch 327 Loss: 0.446616
Epoch 327 Validation: Mean EPE: 2.4011, Mean SSIM: 0.4407, Mean ZNCC: 0.6033
Epoch 328 starts
Iter 10 of 180 Loss: 0.459672, L1(Flow): 0.423688, Reg: 0.035985
Iter 20 of 180 Loss: 0.439066, L1(Flow): 0.404001, Reg: 0.035065
Iter 30 of 180 Loss: 0.454773, L1(Flow): 0.419270, Reg: 0.035503
Iter 40 of 180 Loss: 0.444420, L1(Flow): 0.408988, Reg: 0.035432
Iter 50 of 180 Loss: 0.471635, L1(Flow): 0.434768, Reg: 0.036866
Iter 60 of 180 Loss: 0.464447, L1(Flow): 0.425542, Reg: 0.038906
Iter 70 of 180 Loss: 0.451189, L1(Flow): 0.412022, Reg: 0.039168
Iter 80 of 180 Loss: 0.417350, L1(Flow): 0.382446, Reg: 0.034904
Iter 90 of 180 Loss: 0.412967, L1(Flow): 0.380799, Reg: 0.032168
Iter 100 of 180 Loss: 0.435640, L1(Flow): 0.400400, Reg: 0.035240
Iter 110 of 180 Loss: 0.447613, L1(Flow): 0.408968, Reg: 0.038645
Iter 120 of 180 Loss: 0.462033, L1(Flow): 0.423217, Reg: 0.038817
Iter 130 of 180 Loss: 0.445678, L1(Flow): 0.408293, Reg: 0.037385
Iter 140 of 180 Loss: 0.432630, L1(Flow): 0.399697, Reg: 0.032933
Iter 150 of 180 Loss: 0.461601, L1(Flow): 0.422372, Reg: 0.039229
Iter 160 of 180 Loss: 0.449197, L1(Flow): 0.416057, Reg: 0.033140
Iter 170 of 180 Loss: 0.482938, L1(Flow): 0.444841, Reg: 0.038098
Iter 180 of 180 Loss: 0.427299, L1(Flow): 0.395679, Reg: 0.031620
Epoch 328 Loss: 0.444804
Epoch 328 Validation: Mean EPE: 2.4022, Mean SSIM: 0.4399, Mean ZNCC: 0.6033
Epoch 329 starts
Iter 10 of 180 Loss: 0.448856, L1(Flow): 0.411678, Reg: 0.037178
Iter 20 of 180 Loss: 0.466130, L1(Flow): 0.428242, Reg: 0.037888
Iter 30 of 180 Loss: 0.463421, L1(Flow): 0.423970, Reg: 0.039451
Iter 40 of 180 Loss: 0.426062, L1(Flow): 0.392036, Reg: 0.034025
Iter 50 of 180 Loss: 0.439216, L1(Flow): 0.402705, Reg: 0.036511
Iter 60 of 180 Loss: 0.426593, L1(Flow): 0.390994, Reg: 0.035599
Iter 70 of 180 Loss: 0.432242, L1(Flow): 0.396072, Reg: 0.036170
Iter 80 of 180 Loss: 0.450710, L1(Flow): 0.413243, Reg: 0.037467
Iter 90 of 180 Loss: 0.426291, L1(Flow): 0.391439, Reg: 0.034852
Iter 100 of 180 Loss: 0.459659, L1(Flow): 0.423077, Reg: 0.036582
Iter 110 of 180 Loss: 0.466767, L1(Flow): 0.432205, Reg: 0.034562
Iter 120 of 180 Loss: 0.426599, L1(Flow): 0.392573, Reg: 0.034025
Iter 130 of 180 Loss: 0.442110, L1(Flow): 0.403846, Reg: 0.038264
Iter 140 of 180 Loss: 0.461036, L1(Flow): 0.423854, Reg: 0.037182
Iter 150 of 180 Loss: 0.449062, L1(Flow): 0.413201, Reg: 0.035861
Iter 160 of 180 Loss: 0.445404, L1(Flow): 0.407240, Reg: 0.038164
Iter 170 of 180 Loss: 0.418108, L1(Flow): 0.384276, Reg: 0.033832
Iter 180 of 180 Loss: 0.462789, L1(Flow): 0.422041, Reg: 0.040748
Epoch 329 Loss: 0.445416
Epoch 329 Validation: Mean EPE: 2.3993, Mean SSIM: 0.4401, Mean ZNCC: 0.6032
Epoch 330 starts
Iter 10 of 180 Loss: 0.402546, L1(Flow): 0.368908, Reg: 0.033638
Iter 20 of 180 Loss: 0.455236, L1(Flow): 0.419977, Reg: 0.035259
Iter 30 of 180 Loss: 0.429081, L1(Flow): 0.394856, Reg: 0.034225
Iter 40 of 180 Loss: 0.463449, L1(Flow): 0.424193, Reg: 0.039257
Iter 50 of 180 Loss: 0.469331, L1(Flow): 0.427084, Reg: 0.042246
Iter 60 of 180 Loss: 0.412836, L1(Flow): 0.377191, Reg: 0.035645
Iter 70 of 180 Loss: 0.460983, L1(Flow): 0.422648, Reg: 0.038334
Iter 80 of 180 Loss: 0.435290, L1(Flow): 0.398005, Reg: 0.037285
Iter 90 of 180 Loss: 0.438029, L1(Flow): 0.401472, Reg: 0.036556
Iter 100 of 180 Loss: 0.423089, L1(Flow): 0.387309, Reg: 0.035780
Iter 110 of 180 Loss: 0.442863, L1(Flow): 0.402166, Reg: 0.040697
Iter 120 of 180 Loss: 0.423604, L1(Flow): 0.390644, Reg: 0.032960
Iter 130 of 180 Loss: 0.425698, L1(Flow): 0.389142, Reg: 0.036556
Iter 140 of 180 Loss: 0.451588, L1(Flow): 0.416074, Reg: 0.035514
Iter 150 of 180 Loss: 0.435005, L1(Flow): 0.398868, Reg: 0.036137
Iter 160 of 180 Loss: 0.439746, L1(Flow): 0.405399, Reg: 0.034347
Iter 170 of 180 Loss: 0.414489, L1(Flow): 0.379497, Reg: 0.034991
Iter 180 of 180 Loss: 0.490783, L1(Flow): 0.449269, Reg: 0.041515
Epoch 330 Loss: 0.444944
Epoch 330 Validation: Mean EPE: 2.3975, Mean SSIM: 0.4404, Mean ZNCC: 0.6034
Epoch 331 starts
Iter 10 of 180 Loss: 0.438104, L1(Flow): 0.401785, Reg: 0.036319
Iter 20 of 180 Loss: 0.455428, L1(Flow): 0.420758, Reg: 0.034670
Iter 30 of 180 Loss: 0.472901, L1(Flow): 0.434393, Reg: 0.038507
Iter 40 of 180 Loss: 0.462393, L1(Flow): 0.423511, Reg: 0.038882
Iter 50 of 180 Loss: 0.463166, L1(Flow): 0.426268, Reg: 0.036899
Iter 60 of 180 Loss: 0.437952, L1(Flow): 0.399337, Reg: 0.038615
Iter 70 of 180 Loss: 0.429902, L1(Flow): 0.393661, Reg: 0.036240
Iter 80 of 180 Loss: 0.406066, L1(Flow): 0.371225, Reg: 0.034841
Iter 90 of 180 Loss: 0.457101, L1(Flow): 0.419290, Reg: 0.037811
Iter 100 of 180 Loss: 0.445292, L1(Flow): 0.409587, Reg: 0.035705
Iter 110 of 180 Loss: 0.436563, L1(Flow): 0.397730, Reg: 0.038832
Iter 120 of 180 Loss: 0.450756, L1(Flow): 0.414173, Reg: 0.036582
Iter 130 of 180 Loss: 0.465450, L1(Flow): 0.425836, Reg: 0.039613
Iter 140 of 180 Loss: 0.459933, L1(Flow): 0.422047, Reg: 0.037886
Iter 150 of 180 Loss: 0.434427, L1(Flow): 0.399109, Reg: 0.035318
Iter 160 of 180 Loss: 0.436048, L1(Flow): 0.400126, Reg: 0.035922
Iter 170 of 180 Loss: 0.443312, L1(Flow): 0.407054, Reg: 0.036258
Iter 180 of 180 Loss: 0.443140, L1(Flow): 0.408748, Reg: 0.034392
Epoch 331 Loss: 0.445138
Epoch 331 Validation: Mean EPE: 2.3962, Mean SSIM: 0.4408, Mean ZNCC: 0.6036
Epoch 332 starts
Iter 10 of 180 Loss: 0.462501, L1(Flow): 0.426209, Reg: 0.036293
Iter 20 of 180 Loss: 0.451064, L1(Flow): 0.413335, Reg: 0.037728
Iter 30 of 180 Loss: 0.470291, L1(Flow): 0.435198, Reg: 0.035094
Iter 40 of 180 Loss: 0.420745, L1(Flow): 0.386913, Reg: 0.033832
Iter 50 of 180 Loss: 0.475196, L1(Flow): 0.436185, Reg: 0.039011
Iter 60 of 180 Loss: 0.473317, L1(Flow): 0.434823, Reg: 0.038494
Iter 70 of 180 Loss: 0.455064, L1(Flow): 0.418684, Reg: 0.036380
Iter 80 of 180 Loss: 0.433411, L1(Flow): 0.399374, Reg: 0.034036
Iter 90 of 180 Loss: 0.455731, L1(Flow): 0.415461, Reg: 0.040270
Iter 100 of 180 Loss: 0.437635, L1(Flow): 0.399712, Reg: 0.037923
Iter 110 of 180 Loss: 0.480451, L1(Flow): 0.444808, Reg: 0.035643
Iter 120 of 180 Loss: 0.441021, L1(Flow): 0.403370, Reg: 0.037651
Iter 130 of 180 Loss: 0.437809, L1(Flow): 0.401983, Reg: 0.035826
Iter 140 of 180 Loss: 0.427151, L1(Flow): 0.390736, Reg: 0.036415
Iter 150 of 180 Loss: 0.466703, L1(Flow): 0.427802, Reg: 0.038901
Iter 160 of 180 Loss: 0.451968, L1(Flow): 0.417348, Reg: 0.034620
Iter 170 of 180 Loss: 0.427611, L1(Flow): 0.390850, Reg: 0.036760
Iter 180 of 180 Loss: 0.424685, L1(Flow): 0.390450, Reg: 0.034235
Epoch 332 Loss: 0.445491
Epoch 332 Validation: Mean EPE: 2.3979, Mean SSIM: 0.4406, Mean ZNCC: 0.6036
Epoch 333 starts
Iter 10 of 180 Loss: 0.488402, L1(Flow): 0.449741, Reg: 0.038661
Iter 20 of 180 Loss: 0.433916, L1(Flow): 0.397191, Reg: 0.036725
Iter 30 of 180 Loss: 0.471422, L1(Flow): 0.432450, Reg: 0.038972
Iter 40 of 180 Loss: 0.456721, L1(Flow): 0.417719, Reg: 0.039002
Iter 50 of 180 Loss: 0.446832, L1(Flow): 0.409060, Reg: 0.037772
Iter 60 of 180 Loss: 0.469743, L1(Flow): 0.432678, Reg: 0.037064
Iter 70 of 180 Loss: 0.470531, L1(Flow): 0.429636, Reg: 0.040895
Iter 80 of 180 Loss: 0.439584, L1(Flow): 0.400740, Reg: 0.038843
Iter 90 of 180 Loss: 0.446287, L1(Flow): 0.412704, Reg: 0.033583
Iter 100 of 180 Loss: 0.445874, L1(Flow): 0.410249, Reg: 0.035625
Iter 110 of 180 Loss: 0.425247, L1(Flow): 0.392782, Reg: 0.032465
Iter 120 of 180 Loss: 0.440578, L1(Flow): 0.404662, Reg: 0.035916
Iter 130 of 180 Loss: 0.423388, L1(Flow): 0.388756, Reg: 0.034632
Iter 140 of 180 Loss: 0.447651, L1(Flow): 0.412001, Reg: 0.035650
Iter 150 of 180 Loss: 0.435145, L1(Flow): 0.395669, Reg: 0.039476
Iter 160 of 180 Loss: 0.440975, L1(Flow): 0.407162, Reg: 0.033813
Iter 170 of 180 Loss: 0.455254, L1(Flow): 0.415551, Reg: 0.039703
Iter 180 of 180 Loss: 0.433906, L1(Flow): 0.393125, Reg: 0.040781
Epoch 333 Loss: 0.446218
Epoch 333 Validation: Mean EPE: 2.3973, Mean SSIM: 0.4405, Mean ZNCC: 0.6034
Epoch 334 starts
Iter 10 of 180 Loss: 0.440147, L1(Flow): 0.403106, Reg: 0.037041
Iter 20 of 180 Loss: 0.437843, L1(Flow): 0.400398, Reg: 0.037445
Iter 30 of 180 Loss: 0.409518, L1(Flow): 0.374722, Reg: 0.034796
Iter 40 of 180 Loss: 0.450698, L1(Flow): 0.415315, Reg: 0.035383
Iter 50 of 180 Loss: 0.442868, L1(Flow): 0.407489, Reg: 0.035379
Iter 60 of 180 Loss: 0.459234, L1(Flow): 0.419717, Reg: 0.039518
Iter 70 of 180 Loss: 0.452269, L1(Flow): 0.414886, Reg: 0.037383
Iter 80 of 180 Loss: 0.441765, L1(Flow): 0.406701, Reg: 0.035064
Iter 90 of 180 Loss: 0.408461, L1(Flow): 0.375144, Reg: 0.033317
Iter 100 of 180 Loss: 0.442334, L1(Flow): 0.405270, Reg: 0.037065
Iter 110 of 180 Loss: 0.406774, L1(Flow): 0.373709, Reg: 0.033065
Iter 120 of 180 Loss: 0.420542, L1(Flow): 0.385449, Reg: 0.035092
Iter 130 of 180 Loss: 0.446348, L1(Flow): 0.411743, Reg: 0.034605
Iter 140 of 180 Loss: 0.438437, L1(Flow): 0.401830, Reg: 0.036607
Iter 150 of 180 Loss: 0.434428, L1(Flow): 0.400026, Reg: 0.034402
Iter 160 of 180 Loss: 0.436143, L1(Flow): 0.397095, Reg: 0.039048
Iter 170 of 180 Loss: 0.434146, L1(Flow): 0.398486, Reg: 0.035660
Iter 180 of 180 Loss: 0.428618, L1(Flow): 0.389577, Reg: 0.039041
Epoch 334 Loss: 0.443904
Epoch 334 Validation: Mean EPE: 2.3901, Mean SSIM: 0.4408, Mean ZNCC: 0.6036
--> Saved to Top 5 best models (EPE: 2.3901)
Epoch 335 starts
Iter 10 of 180 Loss: 0.447376, L1(Flow): 0.413856, Reg: 0.033520
Iter 20 of 180 Loss: 0.421776, L1(Flow): 0.388342, Reg: 0.033434
Iter 30 of 180 Loss: 0.446529, L1(Flow): 0.409771, Reg: 0.036758
Iter 40 of 180 Loss: 0.463486, L1(Flow): 0.425146, Reg: 0.038340
Iter 50 of 180 Loss: 0.433441, L1(Flow): 0.395459, Reg: 0.037982
Iter 60 of 180 Loss: 0.447917, L1(Flow): 0.410925, Reg: 0.036992
Iter 70 of 180 Loss: 0.454560, L1(Flow): 0.416603, Reg: 0.037957
Iter 80 of 180 Loss: 0.467794, L1(Flow): 0.427543, Reg: 0.040251
Iter 90 of 180 Loss: 0.448595, L1(Flow): 0.413831, Reg: 0.034764
Iter 100 of 180 Loss: 0.435102, L1(Flow): 0.398044, Reg: 0.037057
Iter 110 of 180 Loss: 0.420388, L1(Flow): 0.387215, Reg: 0.033173
Iter 120 of 180 Loss: 0.451476, L1(Flow): 0.412982, Reg: 0.038494
Iter 130 of 180 Loss: 0.451674, L1(Flow): 0.415022, Reg: 0.036653
Iter 140 of 180 Loss: 0.452322, L1(Flow): 0.414554, Reg: 0.037769
Iter 150 of 180 Loss: 0.426201, L1(Flow): 0.390917, Reg: 0.035285
Iter 160 of 180 Loss: 0.453603, L1(Flow): 0.417228, Reg: 0.036375
Iter 170 of 180 Loss: 0.449584, L1(Flow): 0.411673, Reg: 0.037911
Iter 180 of 180 Loss: 0.452266, L1(Flow): 0.414972, Reg: 0.037294
Epoch 335 Loss: 0.445586
Epoch 335 Validation: Mean EPE: 2.3935, Mean SSIM: 0.4410, Mean ZNCC: 0.6036
Epoch 336 starts
Iter 10 of 180 Loss: 0.452883, L1(Flow): 0.416412, Reg: 0.036471
Iter 20 of 180 Loss: 0.453226, L1(Flow): 0.414817, Reg: 0.038409
Iter 30 of 180 Loss: 0.428978, L1(Flow): 0.393451, Reg: 0.035526
Iter 40 of 180 Loss: 0.426920, L1(Flow): 0.397658, Reg: 0.029262
Iter 50 of 180 Loss: 0.469511, L1(Flow): 0.431114, Reg: 0.038397
Iter 60 of 180 Loss: 0.442514, L1(Flow): 0.404611, Reg: 0.037903
Iter 70 of 180 Loss: 0.435493, L1(Flow): 0.400691, Reg: 0.034802
Iter 80 of 180 Loss: 0.425664, L1(Flow): 0.389015, Reg: 0.036648
Iter 90 of 180 Loss: 0.443675, L1(Flow): 0.406199, Reg: 0.037476
Iter 100 of 180 Loss: 0.438864, L1(Flow): 0.403242, Reg: 0.035622
Iter 110 of 180 Loss: 0.452885, L1(Flow): 0.413741, Reg: 0.039144
Iter 120 of 180 Loss: 0.429405, L1(Flow): 0.395018, Reg: 0.034386
Iter 130 of 180 Loss: 0.442130, L1(Flow): 0.402844, Reg: 0.039286
Iter 140 of 180 Loss: 0.445202, L1(Flow): 0.407711, Reg: 0.037491
Iter 150 of 180 Loss: 0.424984, L1(Flow): 0.391237, Reg: 0.033748
Iter 160 of 180 Loss: 0.452570, L1(Flow): 0.413652, Reg: 0.038918
Iter 170 of 180 Loss: 0.429940, L1(Flow): 0.394930, Reg: 0.035010
Iter 180 of 180 Loss: 0.441226, L1(Flow): 0.404702, Reg: 0.036524
Epoch 336 Loss: 0.442629
Epoch 336 Validation: Mean EPE: 2.4020, Mean SSIM: 0.4403, Mean ZNCC: 0.6033
Epoch 337 starts
Iter 10 of 180 Loss: 0.412068, L1(Flow): 0.375777, Reg: 0.036291
Iter 20 of 180 Loss: 0.421123, L1(Flow): 0.384899, Reg: 0.036224
Iter 30 of 180 Loss: 0.464617, L1(Flow): 0.427348, Reg: 0.037269
Iter 40 of 180 Loss: 0.443461, L1(Flow): 0.405868, Reg: 0.037593
Iter 50 of 180 Loss: 0.457097, L1(Flow): 0.419366, Reg: 0.037730
Iter 60 of 180 Loss: 0.439464, L1(Flow): 0.404043, Reg: 0.035421
Iter 70 of 180 Loss: 0.436669, L1(Flow): 0.401052, Reg: 0.035617
Iter 80 of 180 Loss: 0.448663, L1(Flow): 0.412592, Reg: 0.036072
Iter 90 of 180 Loss: 0.450162, L1(Flow): 0.413274, Reg: 0.036888
Iter 100 of 180 Loss: 0.447181, L1(Flow): 0.407496, Reg: 0.039684
Iter 110 of 180 Loss: 0.431921, L1(Flow): 0.396881, Reg: 0.035040
Iter 120 of 180 Loss: 0.442052, L1(Flow): 0.404187, Reg: 0.037865
Iter 130 of 180 Loss: 0.444255, L1(Flow): 0.405764, Reg: 0.038491
Iter 140 of 180 Loss: 0.428168, L1(Flow): 0.394838, Reg: 0.033330
Iter 150 of 180 Loss: 0.442028, L1(Flow): 0.403878, Reg: 0.038150
Iter 160 of 180 Loss: 0.453744, L1(Flow): 0.418338, Reg: 0.035406
Iter 170 of 180 Loss: 0.445593, L1(Flow): 0.411298, Reg: 0.034295
Iter 180 of 180 Loss: 0.450187, L1(Flow): 0.413146, Reg: 0.037041
Epoch 337 Loss: 0.441975
Epoch 337 Validation: Mean EPE: 2.3955, Mean SSIM: 0.4406, Mean ZNCC: 0.6035
Epoch 338 starts
Iter 10 of 180 Loss: 0.407640, L1(Flow): 0.376078, Reg: 0.031562
Iter 20 of 180 Loss: 0.446923, L1(Flow): 0.407442, Reg: 0.039482
Iter 30 of 180 Loss: 0.470833, L1(Flow): 0.432751, Reg: 0.038082
Iter 40 of 180 Loss: 0.431547, L1(Flow): 0.395014, Reg: 0.036532
Iter 50 of 180 Loss: 0.431978, L1(Flow): 0.394865, Reg: 0.037112
Iter 60 of 180 Loss: 0.444767, L1(Flow): 0.409034, Reg: 0.035734
Iter 70 of 180 Loss: 0.439204, L1(Flow): 0.402596, Reg: 0.036609
Iter 80 of 180 Loss: 0.448546, L1(Flow): 0.410367, Reg: 0.038179
Iter 90 of 180 Loss: 0.470516, L1(Flow): 0.431760, Reg: 0.038756
Iter 100 of 180 Loss: 0.420362, L1(Flow): 0.384548, Reg: 0.035814
Iter 110 of 180 Loss: 0.433258, L1(Flow): 0.396941, Reg: 0.036316
Iter 120 of 180 Loss: 0.435143, L1(Flow): 0.400239, Reg: 0.034904
Iter 130 of 180 Loss: 0.466657, L1(Flow): 0.429306, Reg: 0.037351
Iter 140 of 180 Loss: 0.420973, L1(Flow): 0.387251, Reg: 0.033721
Iter 150 of 180 Loss: 0.461101, L1(Flow): 0.424402, Reg: 0.036699
Iter 160 of 180 Loss: 0.429324, L1(Flow): 0.394022, Reg: 0.035302
Iter 170 of 180 Loss: 0.467566, L1(Flow): 0.429439, Reg: 0.038126
Iter 180 of 180 Loss: 0.437947, L1(Flow): 0.402861, Reg: 0.035086
Epoch 338 Loss: 0.442250
Epoch 338 Validation: Mean EPE: 2.3979, Mean SSIM: 0.4405, Mean ZNCC: 0.6034
Epoch 339 starts
Iter 10 of 180 Loss: 0.446181, L1(Flow): 0.408931, Reg: 0.037250
Iter 20 of 180 Loss: 0.427227, L1(Flow): 0.390839, Reg: 0.036389
Iter 30 of 180 Loss: 0.445737, L1(Flow): 0.411547, Reg: 0.034190
Iter 40 of 180 Loss: 0.456743, L1(Flow): 0.419216, Reg: 0.037527
Iter 50 of 180 Loss: 0.462763, L1(Flow): 0.426248, Reg: 0.036515
Iter 60 of 180 Loss: 0.454942, L1(Flow): 0.417078, Reg: 0.037864
Iter 70 of 180 Loss: 0.443578, L1(Flow): 0.406389, Reg: 0.037189
Iter 80 of 180 Loss: 0.430524, L1(Flow): 0.393922, Reg: 0.036602
Iter 90 of 180 Loss: 0.464633, L1(Flow): 0.427854, Reg: 0.036779
Iter 100 of 180 Loss: 0.457006, L1(Flow): 0.415982, Reg: 0.041025
Iter 110 of 180 Loss: 0.473607, L1(Flow): 0.438171, Reg: 0.035436
Iter 120 of 180 Loss: 0.480166, L1(Flow): 0.440601, Reg: 0.039565
Iter 130 of 180 Loss: 0.414313, L1(Flow): 0.380316, Reg: 0.033998
Iter 140 of 180 Loss: 0.433740, L1(Flow): 0.399281, Reg: 0.034460
Iter 150 of 180 Loss: 0.435566, L1(Flow): 0.400264, Reg: 0.035303
Iter 160 of 180 Loss: 0.443804, L1(Flow): 0.408943, Reg: 0.034860
Iter 170 of 180 Loss: 0.468334, L1(Flow): 0.429223, Reg: 0.039111
Iter 180 of 180 Loss: 0.442250, L1(Flow): 0.401252, Reg: 0.040998
Epoch 339 Loss: 0.441561
Epoch 339 Validation: Mean EPE: 2.3998, Mean SSIM: 0.4403, Mean ZNCC: 0.6033
Epoch 340 starts
Iter 10 of 180 Loss: 0.418487, L1(Flow): 0.382913, Reg: 0.035574
Iter 20 of 180 Loss: 0.417630, L1(Flow): 0.382249, Reg: 0.035381
Iter 30 of 180 Loss: 0.422052, L1(Flow): 0.385851, Reg: 0.036202
Iter 40 of 180 Loss: 0.431627, L1(Flow): 0.393963, Reg: 0.037663
Iter 50 of 180 Loss: 0.436668, L1(Flow): 0.400642, Reg: 0.036025
Iter 60 of 180 Loss: 0.422170, L1(Flow): 0.386016, Reg: 0.036154
Iter 70 of 180 Loss: 0.444406, L1(Flow): 0.408410, Reg: 0.035996
Iter 80 of 180 Loss: 0.468940, L1(Flow): 0.432661, Reg: 0.036278
Iter 90 of 180 Loss: 0.415469, L1(Flow): 0.381157, Reg: 0.034312
Iter 100 of 180 Loss: 0.453121, L1(Flow): 0.419095, Reg: 0.034026
Iter 110 of 180 Loss: 0.467304, L1(Flow): 0.425159, Reg: 0.042145
Iter 120 of 180 Loss: 0.435784, L1(Flow): 0.396029, Reg: 0.039755
Iter 130 of 180 Loss: 0.445406, L1(Flow): 0.408389, Reg: 0.037017
Iter 140 of 180 Loss: 0.439663, L1(Flow): 0.402356, Reg: 0.037307
Iter 150 of 180 Loss: 0.448665, L1(Flow): 0.410160, Reg: 0.038505
Iter 160 of 180 Loss: 0.431013, L1(Flow): 0.396109, Reg: 0.034904
Iter 170 of 180 Loss: 0.405360, L1(Flow): 0.372924, Reg: 0.032436
Iter 180 of 180 Loss: 0.417672, L1(Flow): 0.380512, Reg: 0.037160
Epoch 340 Loss: 0.439696
Epoch 340 Validation: Mean EPE: 2.4059, Mean SSIM: 0.4402, Mean ZNCC: 0.6033
Epoch 341 starts
Iter 10 of 180 Loss: 0.429020, L1(Flow): 0.392971, Reg: 0.036049
Iter 20 of 180 Loss: 0.456217, L1(Flow): 0.419390, Reg: 0.036827
Iter 30 of 180 Loss: 0.440063, L1(Flow): 0.408354, Reg: 0.031709
Iter 40 of 180 Loss: 0.445591, L1(Flow): 0.410181, Reg: 0.035410
Iter 50 of 180 Loss: 0.452278, L1(Flow): 0.415490, Reg: 0.036787
Iter 60 of 180 Loss: 0.451678, L1(Flow): 0.411240, Reg: 0.040438
Iter 70 of 180 Loss: 0.432215, L1(Flow): 0.397161, Reg: 0.035054
Iter 80 of 180 Loss: 0.466102, L1(Flow): 0.430579, Reg: 0.035523
Iter 90 of 180 Loss: 0.452080, L1(Flow): 0.415513, Reg: 0.036567
Iter 100 of 180 Loss: 0.468358, L1(Flow): 0.430406, Reg: 0.037952
Iter 110 of 180 Loss: 0.451544, L1(Flow): 0.414555, Reg: 0.036989
Iter 120 of 180 Loss: 0.444929, L1(Flow): 0.406766, Reg: 0.038163
Iter 130 of 180 Loss: 0.433825, L1(Flow): 0.399756, Reg: 0.034069
Iter 140 of 180 Loss: 0.445578, L1(Flow): 0.404271, Reg: 0.041308
Iter 150 of 180 Loss: 0.428600, L1(Flow): 0.395917, Reg: 0.032683
Iter 160 of 180 Loss: 0.442688, L1(Flow): 0.405475, Reg: 0.037213
Iter 170 of 180 Loss: 0.434154, L1(Flow): 0.397697, Reg: 0.036457
Iter 180 of 180 Loss: 0.426880, L1(Flow): 0.392236, Reg: 0.034645
Epoch 341 Loss: 0.443972
Epoch 341 Validation: Mean EPE: 2.4041, Mean SSIM: 0.4407, Mean ZNCC: 0.6035
Epoch 342 starts
Iter 10 of 180 Loss: 0.459649, L1(Flow): 0.423288, Reg: 0.036361
Iter 20 of 180 Loss: 0.463780, L1(Flow): 0.424476, Reg: 0.039304
Iter 30 of 180 Loss: 0.459146, L1(Flow): 0.421676, Reg: 0.037471
Iter 40 of 180 Loss: 0.462002, L1(Flow): 0.424227, Reg: 0.037775
Iter 50 of 180 Loss: 0.427874, L1(Flow): 0.393812, Reg: 0.034062
Iter 60 of 180 Loss: 0.472195, L1(Flow): 0.431938, Reg: 0.040256
Iter 70 of 180 Loss: 0.447375, L1(Flow): 0.412112, Reg: 0.035263
Iter 80 of 180 Loss: 0.451929, L1(Flow): 0.418757, Reg: 0.033172
Iter 90 of 180 Loss: 0.467229, L1(Flow): 0.426138, Reg: 0.041092
Iter 100 of 180 Loss: 0.462982, L1(Flow): 0.424223, Reg: 0.038759
Iter 110 of 180 Loss: 0.449188, L1(Flow): 0.409395, Reg: 0.039794
Iter 120 of 180 Loss: 0.480584, L1(Flow): 0.443655, Reg: 0.036929
Iter 130 of 180 Loss: 0.422420, L1(Flow): 0.389822, Reg: 0.032598
Iter 140 of 180 Loss: 0.453621, L1(Flow): 0.417107, Reg: 0.036514
Iter 150 of 180 Loss: 0.443206, L1(Flow): 0.407303, Reg: 0.035903
Iter 160 of 180 Loss: 0.466738, L1(Flow): 0.429490, Reg: 0.037248
Iter 170 of 180 Loss: 0.429625, L1(Flow): 0.393542, Reg: 0.036082
Iter 180 of 180 Loss: 0.473166, L1(Flow): 0.430937, Reg: 0.042229
Epoch 342 Loss: 0.444505
Epoch 342 Validation: Mean EPE: 2.3981, Mean SSIM: 0.4405, Mean ZNCC: 0.6035
Epoch 343 starts
Iter 10 of 180 Loss: 0.422657, L1(Flow): 0.387191, Reg: 0.035466
Iter 20 of 180 Loss: 0.419008, L1(Flow): 0.384345, Reg: 0.034663
Iter 30 of 180 Loss: 0.446874, L1(Flow): 0.406031, Reg: 0.040844
Iter 40 of 180 Loss: 0.434742, L1(Flow): 0.399269, Reg: 0.035473
Iter 50 of 180 Loss: 0.430547, L1(Flow): 0.393999, Reg: 0.036547
Iter 60 of 180 Loss: 0.445433, L1(Flow): 0.406574, Reg: 0.038859
Iter 70 of 180 Loss: 0.438281, L1(Flow): 0.402233, Reg: 0.036048
Iter 80 of 180 Loss: 0.427148, L1(Flow): 0.390997, Reg: 0.036151
Iter 90 of 180 Loss: 0.444495, L1(Flow): 0.407007, Reg: 0.037488
Iter 100 of 180 Loss: 0.456681, L1(Flow): 0.419626, Reg: 0.037055
Iter 110 of 180 Loss: 0.445398, L1(Flow): 0.409063, Reg: 0.036334
Iter 120 of 180 Loss: 0.429033, L1(Flow): 0.393768, Reg: 0.035265
Iter 130 of 180 Loss: 0.447797, L1(Flow): 0.406707, Reg: 0.041090
Iter 140 of 180 Loss: 0.452239, L1(Flow): 0.416985, Reg: 0.035254
Iter 150 of 180 Loss: 0.422437, L1(Flow): 0.390723, Reg: 0.031714
Iter 160 of 180 Loss: 0.463167, L1(Flow): 0.424247, Reg: 0.038920
Iter 170 of 180 Loss: 0.438829, L1(Flow): 0.403104, Reg: 0.035725
Iter 180 of 180 Loss: 0.471095, L1(Flow): 0.430415, Reg: 0.040679
Epoch 343 Loss: 0.440019
Epoch 343 Validation: Mean EPE: 2.3965, Mean SSIM: 0.4407, Mean ZNCC: 0.6035
Epoch 344 starts
Iter 10 of 180 Loss: 0.419398, L1(Flow): 0.384793, Reg: 0.034606
Iter 20 of 180 Loss: 0.469008, L1(Flow): 0.430266, Reg: 0.038742
Iter 30 of 180 Loss: 0.439089, L1(Flow): 0.404882, Reg: 0.034207
Iter 40 of 180 Loss: 0.441473, L1(Flow): 0.406843, Reg: 0.034630
Iter 50 of 180 Loss: 0.424928, L1(Flow): 0.388160, Reg: 0.036767
Iter 60 of 180 Loss: 0.423981, L1(Flow): 0.389755, Reg: 0.034226
Iter 70 of 180 Loss: 0.433644, L1(Flow): 0.395201, Reg: 0.038443
Iter 80 of 180 Loss: 0.437779, L1(Flow): 0.401704, Reg: 0.036075
Iter 90 of 180 Loss: 0.422480, L1(Flow): 0.386249, Reg: 0.036231
Iter 100 of 180 Loss: 0.443112, L1(Flow): 0.406569, Reg: 0.036543
Iter 110 of 180 Loss: 0.435414, L1(Flow): 0.400300, Reg: 0.035114
Iter 120 of 180 Loss: 0.453760, L1(Flow): 0.414421, Reg: 0.039338
Iter 130 of 180 Loss: 0.420421, L1(Flow): 0.385760, Reg: 0.034661
Iter 140 of 180 Loss: 0.428828, L1(Flow): 0.395031, Reg: 0.033797
Iter 150 of 180 Loss: 0.431173, L1(Flow): 0.398894, Reg: 0.032279
Iter 160 of 180 Loss: 0.431050, L1(Flow): 0.395059, Reg: 0.035991
Iter 170 of 180 Loss: 0.456514, L1(Flow): 0.421888, Reg: 0.034627
Iter 180 of 180 Loss: 0.464304, L1(Flow): 0.426554, Reg: 0.037750
Epoch 344 Loss: 0.439610
Epoch 344 Validation: Mean EPE: 2.3971, Mean SSIM: 0.4410, Mean ZNCC: 0.6036
Epoch 345 starts
Iter 10 of 180 Loss: 0.416268, L1(Flow): 0.382966, Reg: 0.033302
Iter 20 of 180 Loss: 0.418864, L1(Flow): 0.382000, Reg: 0.036864
Iter 30 of 180 Loss: 0.414002, L1(Flow): 0.378794, Reg: 0.035208
Iter 40 of 180 Loss: 0.427920, L1(Flow): 0.391312, Reg: 0.036608
Iter 50 of 180 Loss: 0.430555, L1(Flow): 0.394859, Reg: 0.035696
Iter 60 of 180 Loss: 0.417698, L1(Flow): 0.384930, Reg: 0.032767
Iter 70 of 180 Loss: 0.410516, L1(Flow): 0.377331, Reg: 0.033185
Iter 80 of 180 Loss: 0.436884, L1(Flow): 0.404796, Reg: 0.032088
Iter 90 of 180 Loss: 0.472896, L1(Flow): 0.431700, Reg: 0.041196
Iter 100 of 180 Loss: 0.420242, L1(Flow): 0.387256, Reg: 0.032986
Iter 110 of 180 Loss: 0.397538, L1(Flow): 0.364008, Reg: 0.033530
Iter 120 of 180 Loss: 0.460029, L1(Flow): 0.417779, Reg: 0.042250
Iter 130 of 180 Loss: 0.444659, L1(Flow): 0.411258, Reg: 0.033401
Iter 140 of 180 Loss: 0.400871, L1(Flow): 0.366031, Reg: 0.034840
Iter 150 of 180 Loss: 0.482122, L1(Flow): 0.445024, Reg: 0.037098
Iter 160 of 180 Loss: 0.464193, L1(Flow): 0.425163, Reg: 0.039030
Iter 170 of 180 Loss: 0.460247, L1(Flow): 0.422595, Reg: 0.037652
Iter 180 of 180 Loss: 0.448973, L1(Flow): 0.415475, Reg: 0.033498
Epoch 345 Loss: 0.435940
Epoch 345 Validation: Mean EPE: 2.3943, Mean SSIM: 0.4410, Mean ZNCC: 0.6035
Epoch 346 starts
Iter 10 of 180 Loss: 0.469578, L1(Flow): 0.430528, Reg: 0.039051
Iter 20 of 180 Loss: 0.455775, L1(Flow): 0.417889, Reg: 0.037886
Iter 30 of 180 Loss: 0.431262, L1(Flow): 0.397520, Reg: 0.033742
Iter 40 of 180 Loss: 0.424143, L1(Flow): 0.387210, Reg: 0.036933
Iter 50 of 180 Loss: 0.432033, L1(Flow): 0.397130, Reg: 0.034903
Iter 60 of 180 Loss: 0.398319, L1(Flow): 0.361865, Reg: 0.036454
Iter 70 of 180 Loss: 0.463887, L1(Flow): 0.427323, Reg: 0.036564
Iter 80 of 180 Loss: 0.443753, L1(Flow): 0.406587, Reg: 0.037166
Iter 90 of 180 Loss: 0.435192, L1(Flow): 0.399038, Reg: 0.036154
Iter 100 of 180 Loss: 0.431169, L1(Flow): 0.393981, Reg: 0.037188
Iter 110 of 180 Loss: 0.430555, L1(Flow): 0.395496, Reg: 0.035058
Iter 120 of 180 Loss: 0.437713, L1(Flow): 0.398717, Reg: 0.038996
Iter 130 of 180 Loss: 0.428775, L1(Flow): 0.389013, Reg: 0.039762
Iter 140 of 180 Loss: 0.426318, L1(Flow): 0.390760, Reg: 0.035558
Iter 150 of 180 Loss: 0.416305, L1(Flow): 0.381717, Reg: 0.034588
Iter 160 of 180 Loss: 0.441584, L1(Flow): 0.403498, Reg: 0.038087
Iter 170 of 180 Loss: 0.418098, L1(Flow): 0.381694, Reg: 0.036404
Iter 180 of 180 Loss: 0.459785, L1(Flow): 0.423519, Reg: 0.036266
Epoch 346 Loss: 0.434277
Epoch 346 Validation: Mean EPE: 2.3939, Mean SSIM: 0.4408, Mean ZNCC: 0.6034
Epoch 347 starts
Iter 10 of 180 Loss: 0.434756, L1(Flow): 0.397981, Reg: 0.036775
Iter 20 of 180 Loss: 0.427391, L1(Flow): 0.392745, Reg: 0.034646
Iter 30 of 180 Loss: 0.416885, L1(Flow): 0.383766, Reg: 0.033119
Iter 40 of 180 Loss: 0.430565, L1(Flow): 0.395071, Reg: 0.035494
Iter 50 of 180 Loss: 0.416623, L1(Flow): 0.380775, Reg: 0.035848
Iter 60 of 180 Loss: 0.440787, L1(Flow): 0.403679, Reg: 0.037108
Iter 70 of 180 Loss: 0.456786, L1(Flow): 0.417505, Reg: 0.039281
Iter 80 of 180 Loss: 0.423958, L1(Flow): 0.390087, Reg: 0.033871
Iter 90 of 180 Loss: 0.426291, L1(Flow): 0.391044, Reg: 0.035247
Iter 100 of 180 Loss: 0.436651, L1(Flow): 0.400035, Reg: 0.036616
Iter 110 of 180 Loss: 0.431549, L1(Flow): 0.394328, Reg: 0.037221
Iter 120 of 180 Loss: 0.426854, L1(Flow): 0.391277, Reg: 0.035577
Iter 130 of 180 Loss: 0.437397, L1(Flow): 0.401066, Reg: 0.036332
Iter 140 of 180 Loss: 0.447794, L1(Flow): 0.407213, Reg: 0.040581
Iter 150 of 180 Loss: 0.445868, L1(Flow): 0.408029, Reg: 0.037839
Iter 160 of 180 Loss: 0.460743, L1(Flow): 0.422776, Reg: 0.037967
Iter 170 of 180 Loss: 0.471510, L1(Flow): 0.432712, Reg: 0.038799
Iter 180 of 180 Loss: 0.432807, L1(Flow): 0.397999, Reg: 0.034808
Epoch 347 Loss: 0.434951
Epoch 347 Validation: Mean EPE: 2.3964, Mean SSIM: 0.4405, Mean ZNCC: 0.6034
Epoch 348 starts
Iter 10 of 180 Loss: 0.435363, L1(Flow): 0.397238, Reg: 0.038125
Iter 20 of 180 Loss: 0.420286, L1(Flow): 0.384308, Reg: 0.035977
Iter 30 of 180 Loss: 0.444212, L1(Flow): 0.408234, Reg: 0.035979
Iter 40 of 180 Loss: 0.435384, L1(Flow): 0.398989, Reg: 0.036395
Iter 50 of 180 Loss: 0.463220, L1(Flow): 0.427743, Reg: 0.035477
Iter 60 of 180 Loss: 0.437199, L1(Flow): 0.403040, Reg: 0.034159
Iter 70 of 180 Loss: 0.431597, L1(Flow): 0.398866, Reg: 0.032731
Iter 80 of 180 Loss: 0.438088, L1(Flow): 0.399436, Reg: 0.038652
Iter 90 of 180 Loss: 0.451071, L1(Flow): 0.411831, Reg: 0.039240
Iter 100 of 180 Loss: 0.430444, L1(Flow): 0.396249, Reg: 0.034195
Iter 110 of 180 Loss: 0.453965, L1(Flow): 0.414905, Reg: 0.039060
Iter 120 of 180 Loss: 0.430750, L1(Flow): 0.391893, Reg: 0.038858
Iter 130 of 180 Loss: 0.433252, L1(Flow): 0.396655, Reg: 0.036596
Iter 140 of 180 Loss: 0.423243, L1(Flow): 0.392352, Reg: 0.030891
Iter 150 of 180 Loss: 0.430789, L1(Flow): 0.392367, Reg: 0.038422
Iter 160 of 180 Loss: 0.442889, L1(Flow): 0.408628, Reg: 0.034262
Iter 170 of 180 Loss: 0.440166, L1(Flow): 0.403087, Reg: 0.037079
Iter 180 of 180 Loss: 0.442582, L1(Flow): 0.406313, Reg: 0.036269
Epoch 348 Loss: 0.435646
Epoch 348 Validation: Mean EPE: 2.3987, Mean SSIM: 0.4407, Mean ZNCC: 0.6036
Epoch 349 starts
Iter 10 of 180 Loss: 0.438352, L1(Flow): 0.400741, Reg: 0.037611
Iter 20 of 180 Loss: 0.428953, L1(Flow): 0.391702, Reg: 0.037250
Iter 30 of 180 Loss: 0.443134, L1(Flow): 0.403996, Reg: 0.039138
Iter 40 of 180 Loss: 0.418491, L1(Flow): 0.382731, Reg: 0.035759
Iter 50 of 180 Loss: 0.440511, L1(Flow): 0.406295, Reg: 0.034216
Iter 60 of 180 Loss: 0.444634, L1(Flow): 0.407071, Reg: 0.037563
Iter 70 of 180 Loss: 0.428855, L1(Flow): 0.389528, Reg: 0.039326
Iter 80 of 180 Loss: 0.441662, L1(Flow): 0.405649, Reg: 0.036013
Iter 90 of 180 Loss: 0.436137, L1(Flow): 0.401457, Reg: 0.034680
Iter 100 of 180 Loss: 0.451385, L1(Flow): 0.412249, Reg: 0.039136
Iter 110 of 180 Loss: 0.415353, L1(Flow): 0.379802, Reg: 0.035552
Iter 120 of 180 Loss: 0.420649, L1(Flow): 0.386068, Reg: 0.034581
Iter 130 of 180 Loss: 0.414581, L1(Flow): 0.380981, Reg: 0.033600
Iter 140 of 180 Loss: 0.441155, L1(Flow): 0.406015, Reg: 0.035139
Iter 150 of 180 Loss: 0.437145, L1(Flow): 0.402570, Reg: 0.034575
Iter 160 of 180 Loss: 0.436799, L1(Flow): 0.400899, Reg: 0.035901
Iter 170 of 180 Loss: 0.416949, L1(Flow): 0.379533, Reg: 0.037416
Iter 180 of 180 Loss: 0.463433, L1(Flow): 0.426356, Reg: 0.037076
Epoch 349 Loss: 0.438227
Epoch 349 Validation: Mean EPE: 2.3952, Mean SSIM: 0.4407, Mean ZNCC: 0.6035
Epoch 350 starts
Iter 10 of 180 Loss: 0.436660, L1(Flow): 0.399911, Reg: 0.036749
Iter 20 of 180 Loss: 0.458919, L1(Flow): 0.423354, Reg: 0.035565
Iter 30 of 180 Loss: 0.456628, L1(Flow): 0.417902, Reg: 0.038726
Iter 40 of 180 Loss: 0.437849, L1(Flow): 0.400826, Reg: 0.037023
Iter 50 of 180 Loss: 0.446771, L1(Flow): 0.410552, Reg: 0.036219
Iter 60 of 180 Loss: 0.433460, L1(Flow): 0.398104, Reg: 0.035356
Iter 70 of 180 Loss: 0.448124, L1(Flow): 0.407502, Reg: 0.040623
Iter 80 of 180 Loss: 0.435823, L1(Flow): 0.403493, Reg: 0.032330
Iter 90 of 180 Loss: 0.411020, L1(Flow): 0.374403, Reg: 0.036617
Iter 100 of 180 Loss: 0.426462, L1(Flow): 0.393401, Reg: 0.033061
Iter 110 of 180 Loss: 0.429884, L1(Flow): 0.393155, Reg: 0.036729
Iter 120 of 180 Loss: 0.417830, L1(Flow): 0.384903, Reg: 0.032927
Iter 130 of 180 Loss: 0.433210, L1(Flow): 0.396866, Reg: 0.036344
Iter 140 of 180 Loss: 0.438115, L1(Flow): 0.401396, Reg: 0.036718
Iter 150 of 180 Loss: 0.435315, L1(Flow): 0.400885, Reg: 0.034430
Iter 160 of 180 Loss: 0.455746, L1(Flow): 0.417710, Reg: 0.038035
Iter 170 of 180 Loss: 0.426655, L1(Flow): 0.391719, Reg: 0.034936
Iter 180 of 180 Loss: 0.404547, L1(Flow): 0.367681, Reg: 0.036867
Epoch 350 Loss: 0.435285
Epoch 350 Validation: Mean EPE: 2.3931, Mean SSIM: 0.4411, Mean ZNCC: 0.6037
--> Saved to Top 5 best models (EPE: 2.3931)
Epoch 351 starts
Iter 10 of 180 Loss: 0.404078, L1(Flow): 0.371945, Reg: 0.032133
Iter 20 of 180 Loss: 0.426532, L1(Flow): 0.388212, Reg: 0.038319
Iter 30 of 180 Loss: 0.458696, L1(Flow): 0.419082, Reg: 0.039614
Iter 40 of 180 Loss: 0.438760, L1(Flow): 0.402710, Reg: 0.036051
Iter 50 of 180 Loss: 0.444367, L1(Flow): 0.409112, Reg: 0.035256
Iter 60 of 180 Loss: 0.453300, L1(Flow): 0.415649, Reg: 0.037651
Iter 70 of 180 Loss: 0.472118, L1(Flow): 0.429508, Reg: 0.042610
Iter 80 of 180 Loss: 0.436036, L1(Flow): 0.400331, Reg: 0.035706
Iter 90 of 180 Loss: 0.406274, L1(Flow): 0.371300, Reg: 0.034974
Iter 100 of 180 Loss: 0.416846, L1(Flow): 0.382959, Reg: 0.033887
Iter 110 of 180 Loss: 0.471303, L1(Flow): 0.431632, Reg: 0.039671
Iter 120 of 180 Loss: 0.457286, L1(Flow): 0.418939, Reg: 0.038347
Iter 130 of 180 Loss: 0.442681, L1(Flow): 0.407283, Reg: 0.035399
Iter 140 of 180 Loss: 0.461916, L1(Flow): 0.424934, Reg: 0.036981
Iter 150 of 180 Loss: 0.439165, L1(Flow): 0.403172, Reg: 0.035992
Iter 160 of 180 Loss: 0.414208, L1(Flow): 0.380213, Reg: 0.033996
Iter 170 of 180 Loss: 0.402187, L1(Flow): 0.366581, Reg: 0.035606
Iter 180 of 180 Loss: 0.427268, L1(Flow): 0.391138, Reg: 0.036130
Epoch 351 Loss: 0.435618
Epoch 351 Validation: Mean EPE: 2.4006, Mean SSIM: 0.4410, Mean ZNCC: 0.6035
Epoch 352 starts
Iter 10 of 180 Loss: 0.446197, L1(Flow): 0.409930, Reg: 0.036266
Iter 20 of 180 Loss: 0.427793, L1(Flow): 0.389578, Reg: 0.038215
Iter 30 of 180 Loss: 0.440419, L1(Flow): 0.403686, Reg: 0.036733
Iter 40 of 180 Loss: 0.445150, L1(Flow): 0.408302, Reg: 0.036848
Iter 50 of 180 Loss: 0.406689, L1(Flow): 0.372006, Reg: 0.034683
Iter 60 of 180 Loss: 0.440906, L1(Flow): 0.405239, Reg: 0.035667
Iter 70 of 180 Loss: 0.442184, L1(Flow): 0.402837, Reg: 0.039347
Iter 80 of 180 Loss: 0.456091, L1(Flow): 0.417866, Reg: 0.038225
Iter 90 of 180 Loss: 0.399925, L1(Flow): 0.366523, Reg: 0.033402
Iter 100 of 180 Loss: 0.424556, L1(Flow): 0.387340, Reg: 0.037216
Iter 110 of 180 Loss: 0.405936, L1(Flow): 0.368115, Reg: 0.037822
Iter 120 of 180 Loss: 0.465583, L1(Flow): 0.428414, Reg: 0.037169
Iter 130 of 180 Loss: 0.418639, L1(Flow): 0.380391, Reg: 0.038248
Iter 140 of 180 Loss: 0.430555, L1(Flow): 0.395840, Reg: 0.034716
Iter 150 of 180 Loss: 0.420753, L1(Flow): 0.382635, Reg: 0.038118
Iter 160 of 180 Loss: 0.437388, L1(Flow): 0.395363, Reg: 0.042025
Iter 170 of 180 Loss: 0.418860, L1(Flow): 0.382329, Reg: 0.036531
Iter 180 of 180 Loss: 0.480656, L1(Flow): 0.439088, Reg: 0.041568
Epoch 352 Loss: 0.432205
Epoch 352 Validation: Mean EPE: 2.3998, Mean SSIM: 0.4409, Mean ZNCC: 0.6036
Epoch 353 starts
Iter 10 of 180 Loss: 0.428501, L1(Flow): 0.390075, Reg: 0.038426
Iter 20 of 180 Loss: 0.456989, L1(Flow): 0.419890, Reg: 0.037099
Iter 30 of 180 Loss: 0.403660, L1(Flow): 0.367492, Reg: 0.036167
Iter 40 of 180 Loss: 0.413623, L1(Flow): 0.375484, Reg: 0.038139
Iter 50 of 180 Loss: 0.428579, L1(Flow): 0.393077, Reg: 0.035502
Iter 60 of 180 Loss: 0.441969, L1(Flow): 0.406716, Reg: 0.035254
Iter 70 of 180 Loss: 0.422287, L1(Flow): 0.383993, Reg: 0.038294
Iter 80 of 180 Loss: 0.419438, L1(Flow): 0.385289, Reg: 0.034148
Iter 90 of 180 Loss: 0.427137, L1(Flow): 0.392374, Reg: 0.034763
Iter 100 of 180 Loss: 0.442496, L1(Flow): 0.409986, Reg: 0.032510
Iter 110 of 180 Loss: 0.434471, L1(Flow): 0.402124, Reg: 0.032347
Iter 120 of 180 Loss: 0.467809, L1(Flow): 0.433093, Reg: 0.034717
Iter 130 of 180 Loss: 0.422328, L1(Flow): 0.388246, Reg: 0.034082
Iter 140 of 180 Loss: 0.413433, L1(Flow): 0.377485, Reg: 0.035948
Iter 150 of 180 Loss: 0.443248, L1(Flow): 0.406205, Reg: 0.037044
Iter 160 of 180 Loss: 0.437488, L1(Flow): 0.398573, Reg: 0.038915
Iter 170 of 180 Loss: 0.410776, L1(Flow): 0.378640, Reg: 0.032135
Iter 180 of 180 Loss: 0.452945, L1(Flow): 0.416930, Reg: 0.036015
Epoch 353 Loss: 0.433067
Epoch 353 Validation: Mean EPE: 2.4023, Mean SSIM: 0.4405, Mean ZNCC: 0.6034
Epoch 354 starts
Iter 10 of 180 Loss: 0.450483, L1(Flow): 0.412521, Reg: 0.037963
Iter 20 of 180 Loss: 0.448520, L1(Flow): 0.410517, Reg: 0.038004
Iter 30 of 180 Loss: 0.431242, L1(Flow): 0.396262, Reg: 0.034980
Iter 40 of 180 Loss: 0.442293, L1(Flow): 0.405612, Reg: 0.036681
Iter 50 of 180 Loss: 0.449884, L1(Flow): 0.414124, Reg: 0.035760
Iter 60 of 180 Loss: 0.442431, L1(Flow): 0.404655, Reg: 0.037776
Iter 70 of 180 Loss: 0.432500, L1(Flow): 0.393480, Reg: 0.039020
Iter 80 of 180 Loss: 0.449408, L1(Flow): 0.413327, Reg: 0.036081
Iter 90 of 180 Loss: 0.388120, L1(Flow): 0.353747, Reg: 0.034373
Iter 100 of 180 Loss: 0.421814, L1(Flow): 0.385135, Reg: 0.036679
Iter 110 of 180 Loss: 0.422311, L1(Flow): 0.385096, Reg: 0.037215
Iter 120 of 180 Loss: 0.434130, L1(Flow): 0.395854, Reg: 0.038276
Iter 130 of 180 Loss: 0.424208, L1(Flow): 0.388097, Reg: 0.036110
Iter 140 of 180 Loss: 0.431245, L1(Flow): 0.397244, Reg: 0.034001
Iter 150 of 180 Loss: 0.418706, L1(Flow): 0.383407, Reg: 0.035299
Iter 160 of 180 Loss: 0.413741, L1(Flow): 0.379353, Reg: 0.034388
Iter 170 of 180 Loss: 0.438834, L1(Flow): 0.401439, Reg: 0.037395
Iter 180 of 180 Loss: 0.446923, L1(Flow): 0.406256, Reg: 0.040667
Epoch 354 Loss: 0.430645
Epoch 354 Validation: Mean EPE: 2.3933, Mean SSIM: 0.4413, Mean ZNCC: 0.6036
Epoch 355 starts
Iter 10 of 180 Loss: 0.474662, L1(Flow): 0.439195, Reg: 0.035467
Iter 20 of 180 Loss: 0.450266, L1(Flow): 0.415418, Reg: 0.034848
Iter 30 of 180 Loss: 0.437234, L1(Flow): 0.399574, Reg: 0.037660
Iter 40 of 180 Loss: 0.446622, L1(Flow): 0.410941, Reg: 0.035682
Iter 50 of 180 Loss: 0.422296, L1(Flow): 0.384985, Reg: 0.037311
Iter 60 of 180 Loss: 0.435566, L1(Flow): 0.398577, Reg: 0.036989
Iter 70 of 180 Loss: 0.442572, L1(Flow): 0.404101, Reg: 0.038470
Iter 80 of 180 Loss: 0.455330, L1(Flow): 0.415886, Reg: 0.039444
Iter 90 of 180 Loss: 0.444954, L1(Flow): 0.405665, Reg: 0.039289
Iter 100 of 180 Loss: 0.422449, L1(Flow): 0.388457, Reg: 0.033992
Iter 110 of 180 Loss: 0.427667, L1(Flow): 0.390113, Reg: 0.037555
Iter 120 of 180 Loss: 0.427636, L1(Flow): 0.394517, Reg: 0.033119
Iter 130 of 180 Loss: 0.436502, L1(Flow): 0.397955, Reg: 0.038547
Iter 140 of 180 Loss: 0.442895, L1(Flow): 0.403598, Reg: 0.039297
Iter 150 of 180 Loss: 0.419575, L1(Flow): 0.385586, Reg: 0.033989
Iter 160 of 180 Loss: 0.419120, L1(Flow): 0.386615, Reg: 0.032506
Iter 170 of 180 Loss: 0.414794, L1(Flow): 0.380563, Reg: 0.034231
Iter 180 of 180 Loss: 0.516502, L1(Flow): 0.470324, Reg: 0.046177
Epoch 355 Loss: 0.436599
Epoch 355 Validation: Mean EPE: 2.4018, Mean SSIM: 0.4406, Mean ZNCC: 0.6033
Epoch 356 starts
Iter 10 of 180 Loss: 0.434576, L1(Flow): 0.401375, Reg: 0.033201
Iter 20 of 180 Loss: 0.426150, L1(Flow): 0.389638, Reg: 0.036512
Iter 30 of 180 Loss: 0.453957, L1(Flow): 0.413544, Reg: 0.040412
Iter 40 of 180 Loss: 0.435379, L1(Flow): 0.398029, Reg: 0.037350
Iter 50 of 180 Loss: 0.430975, L1(Flow): 0.396376, Reg: 0.034599
Iter 60 of 180 Loss: 0.457311, L1(Flow): 0.422102, Reg: 0.035209
Iter 70 of 180 Loss: 0.439893, L1(Flow): 0.399096, Reg: 0.040797
Iter 80 of 180 Loss: 0.441486, L1(Flow): 0.404771, Reg: 0.036715
Iter 90 of 180 Loss: 0.457233, L1(Flow): 0.422613, Reg: 0.034620
Iter 100 of 180 Loss: 0.400960, L1(Flow): 0.369521, Reg: 0.031438
Iter 110 of 180 Loss: 0.473150, L1(Flow): 0.434971, Reg: 0.038179
Iter 120 of 180 Loss: 0.473557, L1(Flow): 0.436955, Reg: 0.036603
Iter 130 of 180 Loss: 0.443915, L1(Flow): 0.408704, Reg: 0.035210
Iter 140 of 180 Loss: 0.462187, L1(Flow): 0.428511, Reg: 0.033676
Iter 150 of 180 Loss: 0.444676, L1(Flow): 0.410187, Reg: 0.034489
Iter 160 of 180 Loss: 0.410638, L1(Flow): 0.375200, Reg: 0.035438
Iter 170 of 180 Loss: 0.427385, L1(Flow): 0.393443, Reg: 0.033942
Iter 180 of 180 Loss: 0.421096, L1(Flow): 0.386858, Reg: 0.034239
Epoch 356 Loss: 0.436802
Epoch 356 Validation: Mean EPE: 2.3965, Mean SSIM: 0.4410, Mean ZNCC: 0.6036
Epoch 357 starts
Iter 10 of 180 Loss: 0.401517, L1(Flow): 0.369036, Reg: 0.032481
Iter 20 of 180 Loss: 0.423510, L1(Flow): 0.389392, Reg: 0.034118
Iter 30 of 180 Loss: 0.438813, L1(Flow): 0.401626, Reg: 0.037187
Iter 40 of 180 Loss: 0.416643, L1(Flow): 0.380947, Reg: 0.035696
Iter 50 of 180 Loss: 0.418437, L1(Flow): 0.381364, Reg: 0.037073
Iter 60 of 180 Loss: 0.419265, L1(Flow): 0.379673, Reg: 0.039593
Iter 70 of 180 Loss: 0.415914, L1(Flow): 0.384260, Reg: 0.031654
Iter 80 of 180 Loss: 0.408596, L1(Flow): 0.376369, Reg: 0.032227
Iter 90 of 180 Loss: 0.446398, L1(Flow): 0.413620, Reg: 0.032777
Iter 100 of 180 Loss: 0.460806, L1(Flow): 0.423497, Reg: 0.037309
Iter 110 of 180 Loss: 0.442652, L1(Flow): 0.405146, Reg: 0.037506
Iter 120 of 180 Loss: 0.427540, L1(Flow): 0.392641, Reg: 0.034899
Iter 130 of 180 Loss: 0.427298, L1(Flow): 0.392806, Reg: 0.034493
Iter 140 of 180 Loss: 0.436482, L1(Flow): 0.402057, Reg: 0.034425
Iter 150 of 180 Loss: 0.415951, L1(Flow): 0.378933, Reg: 0.037018
Iter 160 of 180 Loss: 0.445507, L1(Flow): 0.408069, Reg: 0.037439
Iter 170 of 180 Loss: 0.435591, L1(Flow): 0.400631, Reg: 0.034960
Iter 180 of 180 Loss: 0.439370, L1(Flow): 0.402432, Reg: 0.036938
Epoch 357 Loss: 0.430684
Epoch 357 Validation: Mean EPE: 2.3978, Mean SSIM: 0.4408, Mean ZNCC: 0.6035
Epoch 358 starts
Iter 10 of 180 Loss: 0.453549, L1(Flow): 0.418511, Reg: 0.035038
Iter 20 of 180 Loss: 0.426100, L1(Flow): 0.390550, Reg: 0.035551
Iter 30 of 180 Loss: 0.450976, L1(Flow): 0.412883, Reg: 0.038093
Iter 40 of 180 Loss: 0.456068, L1(Flow): 0.420514, Reg: 0.035554
Iter 50 of 180 Loss: 0.419172, L1(Flow): 0.382946, Reg: 0.036226
Iter 60 of 180 Loss: 0.403886, L1(Flow): 0.372120, Reg: 0.031766
Iter 70 of 180 Loss: 0.403602, L1(Flow): 0.368922, Reg: 0.034679
Iter 80 of 180 Loss: 0.434816, L1(Flow): 0.397694, Reg: 0.037122
Iter 90 of 180 Loss: 0.430135, L1(Flow): 0.394533, Reg: 0.035602
Iter 100 of 180 Loss: 0.445002, L1(Flow): 0.409761, Reg: 0.035242
Iter 110 of 180 Loss: 0.427975, L1(Flow): 0.393079, Reg: 0.034896
Iter 120 of 180 Loss: 0.450461, L1(Flow): 0.409925, Reg: 0.040536
Iter 130 of 180 Loss: 0.465563, L1(Flow): 0.425555, Reg: 0.040008
Iter 140 of 180 Loss: 0.428335, L1(Flow): 0.390734, Reg: 0.037601
Iter 150 of 180 Loss: 0.438720, L1(Flow): 0.401466, Reg: 0.037254
Iter 160 of 180 Loss: 0.419164, L1(Flow): 0.382794, Reg: 0.036370
Iter 170 of 180 Loss: 0.444072, L1(Flow): 0.405705, Reg: 0.038367
Iter 180 of 180 Loss: 0.436737, L1(Flow): 0.401235, Reg: 0.035502
Epoch 358 Loss: 0.430121
Epoch 358 Validation: Mean EPE: 2.3957, Mean SSIM: 0.4408, Mean ZNCC: 0.6036
Epoch 359 starts
Iter 10 of 180 Loss: 0.422345, L1(Flow): 0.385858, Reg: 0.036488
Iter 20 of 180 Loss: 0.425886, L1(Flow): 0.389721, Reg: 0.036165
Iter 30 of 180 Loss: 0.445307, L1(Flow): 0.409567, Reg: 0.035741
Iter 40 of 180 Loss: 0.426794, L1(Flow): 0.389726, Reg: 0.037068
Iter 50 of 180 Loss: 0.409838, L1(Flow): 0.375211, Reg: 0.034627
Iter 60 of 180 Loss: 0.412888, L1(Flow): 0.379767, Reg: 0.033121
Iter 70 of 180 Loss: 0.445334, L1(Flow): 0.406641, Reg: 0.038693
Iter 80 of 180 Loss: 0.457802, L1(Flow): 0.419948, Reg: 0.037854
Iter 90 of 180 Loss: 0.466797, L1(Flow): 0.430850, Reg: 0.035947
Iter 100 of 180 Loss: 0.448236, L1(Flow): 0.412976, Reg: 0.035260
Iter 110 of 180 Loss: 0.464864, L1(Flow): 0.425913, Reg: 0.038950
Iter 120 of 180 Loss: 0.452630, L1(Flow): 0.412388, Reg: 0.040242
Iter 130 of 180 Loss: 0.437183, L1(Flow): 0.401204, Reg: 0.035979
Iter 140 of 180 Loss: 0.428396, L1(Flow): 0.392271, Reg: 0.036125
Iter 150 of 180 Loss: 0.446630, L1(Flow): 0.412171, Reg: 0.034459
Iter 160 of 180 Loss: 0.407704, L1(Flow): 0.374231, Reg: 0.033473
Iter 170 of 180 Loss: 0.416779, L1(Flow): 0.382769, Reg: 0.034011
Iter 180 of 180 Loss: 0.465152, L1(Flow): 0.426145, Reg: 0.039007
Epoch 359 Loss: 0.428385
Epoch 359 Validation: Mean EPE: 2.3949, Mean SSIM: 0.4413, Mean ZNCC: 0.6036
Epoch 360 starts
Iter 10 of 180 Loss: 0.409903, L1(Flow): 0.374651, Reg: 0.035253
Iter 20 of 180 Loss: 0.437823, L1(Flow): 0.403066, Reg: 0.034757
Iter 30 of 180 Loss: 0.482828, L1(Flow): 0.442331, Reg: 0.040497
Iter 40 of 180 Loss: 0.434354, L1(Flow): 0.399480, Reg: 0.034874
Iter 50 of 180 Loss: 0.435659, L1(Flow): 0.399902, Reg: 0.035757
Iter 60 of 180 Loss: 0.443207, L1(Flow): 0.406921, Reg: 0.036286
Iter 70 of 180 Loss: 0.426134, L1(Flow): 0.391040, Reg: 0.035093
Iter 80 of 180 Loss: 0.440931, L1(Flow): 0.405521, Reg: 0.035410
Iter 90 of 180 Loss: 0.408084, L1(Flow): 0.374933, Reg: 0.033151
Iter 100 of 180 Loss: 0.474019, L1(Flow): 0.435153, Reg: 0.038866
Iter 110 of 180 Loss: 0.416095, L1(Flow): 0.380757, Reg: 0.035338
Iter 120 of 180 Loss: 0.437265, L1(Flow): 0.398071, Reg: 0.039194
Iter 130 of 180 Loss: 0.435558, L1(Flow): 0.397326, Reg: 0.038232
Iter 140 of 180 Loss: 0.423678, L1(Flow): 0.389497, Reg: 0.034182
Iter 150 of 180 Loss: 0.414743, L1(Flow): 0.377397, Reg: 0.037346
Iter 160 of 180 Loss: 0.420367, L1(Flow): 0.383647, Reg: 0.036720
Iter 170 of 180 Loss: 0.440645, L1(Flow): 0.404711, Reg: 0.035935
Iter 180 of 180 Loss: 0.418531, L1(Flow): 0.382276, Reg: 0.036255
Epoch 360 Loss: 0.429557
Epoch 360 Validation: Mean EPE: 2.4041, Mean SSIM: 0.4404, Mean ZNCC: 0.6034
Epoch 361 starts
Iter 10 of 180 Loss: 0.418756, L1(Flow): 0.384019, Reg: 0.034737
Iter 20 of 180 Loss: 0.389845, L1(Flow): 0.355863, Reg: 0.033982
Iter 30 of 180 Loss: 0.420631, L1(Flow): 0.382359, Reg: 0.038272
Iter 40 of 180 Loss: 0.409600, L1(Flow): 0.374657, Reg: 0.034942
Iter 50 of 180 Loss: 0.455417, L1(Flow): 0.417046, Reg: 0.038372
Iter 60 of 180 Loss: 0.405063, L1(Flow): 0.369296, Reg: 0.035767
Iter 70 of 180 Loss: 0.432888, L1(Flow): 0.395468, Reg: 0.037420
Iter 80 of 180 Loss: 0.434016, L1(Flow): 0.395288, Reg: 0.038728
Iter 90 of 180 Loss: 0.419947, L1(Flow): 0.382773, Reg: 0.037175
Iter 100 of 180 Loss: 0.427699, L1(Flow): 0.394715, Reg: 0.032984
Iter 110 of 180 Loss: 0.407426, L1(Flow): 0.371568, Reg: 0.035858
Iter 120 of 180 Loss: 0.416842, L1(Flow): 0.381340, Reg: 0.035502
Iter 130 of 180 Loss: 0.433089, L1(Flow): 0.396219, Reg: 0.036870
Iter 140 of 180 Loss: 0.423487, L1(Flow): 0.385557, Reg: 0.037930
Iter 150 of 180 Loss: 0.415212, L1(Flow): 0.379525, Reg: 0.035687
Iter 160 of 180 Loss: 0.448395, L1(Flow): 0.411559, Reg: 0.036836
Iter 170 of 180 Loss: 0.426037, L1(Flow): 0.395122, Reg: 0.030916
Iter 180 of 180 Loss: 0.411812, L1(Flow): 0.375143, Reg: 0.036669
Epoch 361 Loss: 0.428960
Epoch 361 Validation: Mean EPE: 2.3986, Mean SSIM: 0.4410, Mean ZNCC: 0.6034
Epoch 362 starts
Iter 10 of 180 Loss: 0.431939, L1(Flow): 0.397393, Reg: 0.034546
Iter 20 of 180 Loss: 0.460001, L1(Flow): 0.423359, Reg: 0.036642
Iter 30 of 180 Loss: 0.415247, L1(Flow): 0.380396, Reg: 0.034850
Iter 40 of 180 Loss: 0.443705, L1(Flow): 0.410564, Reg: 0.033141
Iter 50 of 180 Loss: 0.433873, L1(Flow): 0.397534, Reg: 0.036339
Iter 60 of 180 Loss: 0.483246, L1(Flow): 0.446218, Reg: 0.037029
Iter 70 of 180 Loss: 0.439606, L1(Flow): 0.403153, Reg: 0.036453
Iter 80 of 180 Loss: 0.466345, L1(Flow): 0.429559, Reg: 0.036786
Iter 90 of 180 Loss: 0.440505, L1(Flow): 0.404509, Reg: 0.035996
Iter 100 of 180 Loss: 0.423978, L1(Flow): 0.386764, Reg: 0.037215
Iter 110 of 180 Loss: 0.442033, L1(Flow): 0.407772, Reg: 0.034261
Iter 120 of 180 Loss: 0.418116, L1(Flow): 0.384379, Reg: 0.033737
Iter 130 of 180 Loss: 0.461541, L1(Flow): 0.422022, Reg: 0.039518
Iter 140 of 180 Loss: 0.461154, L1(Flow): 0.424477, Reg: 0.036677
Iter 150 of 180 Loss: 0.420465, L1(Flow): 0.386093, Reg: 0.034371
Iter 160 of 180 Loss: 0.405754, L1(Flow): 0.371099, Reg: 0.034655
Iter 170 of 180 Loss: 0.421661, L1(Flow): 0.386884, Reg: 0.034777
Iter 180 of 180 Loss: 0.444324, L1(Flow): 0.403064, Reg: 0.041260
Epoch 362 Loss: 0.431289
Epoch 362 Validation: Mean EPE: 2.3932, Mean SSIM: 0.4409, Mean ZNCC: 0.6036
Epoch 363 starts
Iter 10 of 180 Loss: 0.408612, L1(Flow): 0.373894, Reg: 0.034718
Iter 20 of 180 Loss: 0.432346, L1(Flow): 0.395606, Reg: 0.036740
Iter 30 of 180 Loss: 0.420117, L1(Flow): 0.386386, Reg: 0.033731
Iter 40 of 180 Loss: 0.458053, L1(Flow): 0.421888, Reg: 0.036165
Iter 50 of 180 Loss: 0.430901, L1(Flow): 0.396769, Reg: 0.034132
Iter 60 of 180 Loss: 0.435008, L1(Flow): 0.398733, Reg: 0.036275
Iter 70 of 180 Loss: 0.439778, L1(Flow): 0.404856, Reg: 0.034922
Iter 80 of 180 Loss: 0.432613, L1(Flow): 0.395433, Reg: 0.037179
Iter 90 of 180 Loss: 0.422576, L1(Flow): 0.386049, Reg: 0.036526
Iter 100 of 180 Loss: 0.445550, L1(Flow): 0.410007, Reg: 0.035543
Iter 110 of 180 Loss: 0.432112, L1(Flow): 0.393648, Reg: 0.038464
Iter 120 of 180 Loss: 0.424650, L1(Flow): 0.389466, Reg: 0.035184
Iter 130 of 180 Loss: 0.433255, L1(Flow): 0.398811, Reg: 0.034444
Iter 140 of 180 Loss: 0.427631, L1(Flow): 0.390503, Reg: 0.037128
Iter 150 of 180 Loss: 0.412983, L1(Flow): 0.379666, Reg: 0.033317
Iter 160 of 180 Loss: 0.448372, L1(Flow): 0.409443, Reg: 0.038928
Iter 170 of 180 Loss: 0.444161, L1(Flow): 0.408774, Reg: 0.035387
Iter 180 of 180 Loss: 0.423729, L1(Flow): 0.387632, Reg: 0.036097
Epoch 363 Loss: 0.430578
Epoch 363 Validation: Mean EPE: 2.3958, Mean SSIM: 0.4415, Mean ZNCC: 0.6036
Epoch 364 starts
Iter 10 of 180 Loss: 0.450133, L1(Flow): 0.409100, Reg: 0.041034
Iter 20 of 180 Loss: 0.406704, L1(Flow): 0.370229, Reg: 0.036475
Iter 30 of 180 Loss: 0.421339, L1(Flow): 0.389947, Reg: 0.031392
Iter 40 of 180 Loss: 0.421873, L1(Flow): 0.384795, Reg: 0.037078
Iter 50 of 180 Loss: 0.424530, L1(Flow): 0.387368, Reg: 0.037162
Iter 60 of 180 Loss: 0.430122, L1(Flow): 0.394454, Reg: 0.035668
Iter 70 of 180 Loss: 0.454173, L1(Flow): 0.415103, Reg: 0.039070
Iter 80 of 180 Loss: 0.436483, L1(Flow): 0.399644, Reg: 0.036839
Iter 90 of 180 Loss: 0.427836, L1(Flow): 0.387108, Reg: 0.040728
Iter 100 of 180 Loss: 0.442749, L1(Flow): 0.407748, Reg: 0.035001
Iter 110 of 180 Loss: 0.458854, L1(Flow): 0.420736, Reg: 0.038118
Iter 120 of 180 Loss: 0.412397, L1(Flow): 0.379081, Reg: 0.033316
Iter 130 of 180 Loss: 0.415499, L1(Flow): 0.379846, Reg: 0.035654
Iter 140 of 180 Loss: 0.429577, L1(Flow): 0.392288, Reg: 0.037289
Iter 150 of 180 Loss: 0.437160, L1(Flow): 0.403312, Reg: 0.033848
Iter 160 of 180 Loss: 0.411618, L1(Flow): 0.379105, Reg: 0.032513
Iter 170 of 180 Loss: 0.422984, L1(Flow): 0.387431, Reg: 0.035553
Iter 180 of 180 Loss: 0.411841, L1(Flow): 0.377732, Reg: 0.034109
Epoch 364 Loss: 0.429033
Epoch 364 Validation: Mean EPE: 2.3997, Mean SSIM: 0.4410, Mean ZNCC: 0.6034
Epoch 365 starts
Iter 10 of 180 Loss: 0.419172, L1(Flow): 0.382087, Reg: 0.037084
Iter 20 of 180 Loss: 0.419046, L1(Flow): 0.387965, Reg: 0.031081
Iter 30 of 180 Loss: 0.407562, L1(Flow): 0.377061, Reg: 0.030502
Iter 40 of 180 Loss: 0.420606, L1(Flow): 0.384117, Reg: 0.036489
Iter 50 of 180 Loss: 0.406645, L1(Flow): 0.371529, Reg: 0.035116
Iter 60 of 180 Loss: 0.447489, L1(Flow): 0.410051, Reg: 0.037438
Iter 70 of 180 Loss: 0.422251, L1(Flow): 0.388650, Reg: 0.033601
Iter 80 of 180 Loss: 0.397720, L1(Flow): 0.362853, Reg: 0.034867
Iter 90 of 180 Loss: 0.393454, L1(Flow): 0.358738, Reg: 0.034717
Iter 100 of 180 Loss: 0.419036, L1(Flow): 0.383724, Reg: 0.035312
Iter 110 of 180 Loss: 0.419455, L1(Flow): 0.384154, Reg: 0.035300
Iter 120 of 180 Loss: 0.407125, L1(Flow): 0.371808, Reg: 0.035318
Iter 130 of 180 Loss: 0.444676, L1(Flow): 0.408573, Reg: 0.036103
Iter 140 of 180 Loss: 0.436729, L1(Flow): 0.398940, Reg: 0.037788
Iter 150 of 180 Loss: 0.451612, L1(Flow): 0.414500, Reg: 0.037112
Iter 160 of 180 Loss: 0.416452, L1(Flow): 0.382630, Reg: 0.033821
Iter 170 of 180 Loss: 0.422807, L1(Flow): 0.387102, Reg: 0.035705
Iter 180 of 180 Loss: 0.426844, L1(Flow): 0.391704, Reg: 0.035141
Epoch 365 Loss: 0.429088
Epoch 365 Validation: Mean EPE: 2.3956, Mean SSIM: 0.4407, Mean ZNCC: 0.6033
Epoch 366 starts
Iter 10 of 180 Loss: 0.427997, L1(Flow): 0.394084, Reg: 0.033913
Iter 20 of 180 Loss: 0.413049, L1(Flow): 0.378323, Reg: 0.034726
Iter 30 of 180 Loss: 0.425185, L1(Flow): 0.389936, Reg: 0.035249
Iter 40 of 180 Loss: 0.424833, L1(Flow): 0.388672, Reg: 0.036162
Iter 50 of 180 Loss: 0.401220, L1(Flow): 0.365421, Reg: 0.035798
Iter 60 of 180 Loss: 0.450433, L1(Flow): 0.411207, Reg: 0.039226
Iter 70 of 180 Loss: 0.405702, L1(Flow): 0.368828, Reg: 0.036875
Iter 80 of 180 Loss: 0.414422, L1(Flow): 0.379309, Reg: 0.035113
Iter 90 of 180 Loss: 0.442323, L1(Flow): 0.400849, Reg: 0.041475
Iter 100 of 180 Loss: 0.433841, L1(Flow): 0.398047, Reg: 0.035794
Iter 110 of 180 Loss: 0.429929, L1(Flow): 0.395259, Reg: 0.034669
Iter 120 of 180 Loss: 0.432594, L1(Flow): 0.397863, Reg: 0.034730
Iter 130 of 180 Loss: 0.429825, L1(Flow): 0.393745, Reg: 0.036080
Iter 140 of 180 Loss: 0.447668, L1(Flow): 0.410100, Reg: 0.037568
Iter 150 of 180 Loss: 0.442011, L1(Flow): 0.405316, Reg: 0.036695
Iter 160 of 180 Loss: 0.429995, L1(Flow): 0.394335, Reg: 0.035660
Iter 170 of 180 Loss: 0.460210, L1(Flow): 0.420387, Reg: 0.039823
Iter 180 of 180 Loss: 0.445482, L1(Flow): 0.408633, Reg: 0.036848
Epoch 366 Loss: 0.430839
Epoch 366 Validation: Mean EPE: 2.3984, Mean SSIM: 0.4411, Mean ZNCC: 0.6036
Epoch 367 starts
Iter 10 of 180 Loss: 0.425369, L1(Flow): 0.387969, Reg: 0.037400
Iter 20 of 180 Loss: 0.406059, L1(Flow): 0.373417, Reg: 0.032641
Iter 30 of 180 Loss: 0.458621, L1(Flow): 0.420569, Reg: 0.038052
Iter 40 of 180 Loss: 0.445071, L1(Flow): 0.411636, Reg: 0.033435
Iter 50 of 180 Loss: 0.452997, L1(Flow): 0.415363, Reg: 0.037634
Iter 60 of 180 Loss: 0.432998, L1(Flow): 0.395251, Reg: 0.037747
Iter 70 of 180 Loss: 0.429907, L1(Flow): 0.394593, Reg: 0.035314
Iter 80 of 180 Loss: 0.441934, L1(Flow): 0.404430, Reg: 0.037504
Iter 90 of 180 Loss: 0.415285, L1(Flow): 0.380905, Reg: 0.034379
Iter 100 of 180 Loss: 0.447165, L1(Flow): 0.412368, Reg: 0.034797
Iter 110 of 180 Loss: 0.420638, L1(Flow): 0.383484, Reg: 0.037154
Iter 120 of 180 Loss: 0.434897, L1(Flow): 0.397767, Reg: 0.037130
Iter 130 of 180 Loss: 0.436425, L1(Flow): 0.398621, Reg: 0.037804
Iter 140 of 180 Loss: 0.427584, L1(Flow): 0.390792, Reg: 0.036792
Iter 150 of 180 Loss: 0.412797, L1(Flow): 0.376329, Reg: 0.036469
Iter 160 of 180 Loss: 0.432471, L1(Flow): 0.394765, Reg: 0.037707
Iter 170 of 180 Loss: 0.426797, L1(Flow): 0.391075, Reg: 0.035722
Iter 180 of 180 Loss: 0.428641, L1(Flow): 0.396152, Reg: 0.032488
Epoch 367 Loss: 0.429849
Epoch 367 Validation: Mean EPE: 2.3955, Mean SSIM: 0.4407, Mean ZNCC: 0.6035
Epoch 368 starts
Iter 10 of 180 Loss: 0.397979, L1(Flow): 0.362675, Reg: 0.035304
Iter 20 of 180 Loss: 0.417462, L1(Flow): 0.384170, Reg: 0.033292
Iter 30 of 180 Loss: 0.405279, L1(Flow): 0.366872, Reg: 0.038407
Iter 40 of 180 Loss: 0.447169, L1(Flow): 0.411340, Reg: 0.035829
Iter 50 of 180 Loss: 0.436534, L1(Flow): 0.401292, Reg: 0.035243
Iter 60 of 180 Loss: 0.408203, L1(Flow): 0.375202, Reg: 0.033001
Iter 70 of 180 Loss: 0.423226, L1(Flow): 0.389800, Reg: 0.033426
Iter 80 of 180 Loss: 0.410799, L1(Flow): 0.374352, Reg: 0.036447
Iter 90 of 180 Loss: 0.437860, L1(Flow): 0.402552, Reg: 0.035308
Iter 100 of 180 Loss: 0.419315, L1(Flow): 0.384448, Reg: 0.034867
Iter 110 of 180 Loss: 0.430542, L1(Flow): 0.395019, Reg: 0.035523
Iter 120 of 180 Loss: 0.455087, L1(Flow): 0.418579, Reg: 0.036508
Iter 130 of 180 Loss: 0.410372, L1(Flow): 0.375908, Reg: 0.034464
Iter 140 of 180 Loss: 0.425990, L1(Flow): 0.391655, Reg: 0.034335
Iter 150 of 180 Loss: 0.409330, L1(Flow): 0.375108, Reg: 0.034222
Iter 160 of 180 Loss: 0.410206, L1(Flow): 0.376842, Reg: 0.033364
Iter 170 of 180 Loss: 0.428435, L1(Flow): 0.395028, Reg: 0.033407
Iter 180 of 180 Loss: 0.444680, L1(Flow): 0.410134, Reg: 0.034546
Epoch 368 Loss: 0.428565
Epoch 368 Validation: Mean EPE: 2.3971, Mean SSIM: 0.4410, Mean ZNCC: 0.6035
Epoch 369 starts
Iter 10 of 180 Loss: 0.443280, L1(Flow): 0.407707, Reg: 0.035574
Iter 20 of 180 Loss: 0.432167, L1(Flow): 0.397764, Reg: 0.034403
Iter 30 of 180 Loss: 0.421970, L1(Flow): 0.387088, Reg: 0.034882
Iter 40 of 180 Loss: 0.429366, L1(Flow): 0.394500, Reg: 0.034867
Iter 50 of 180 Loss: 0.426391, L1(Flow): 0.390579, Reg: 0.035812
Iter 60 of 180 Loss: 0.434728, L1(Flow): 0.398916, Reg: 0.035812
Iter 70 of 180 Loss: 0.387800, L1(Flow): 0.353944, Reg: 0.033856
Iter 80 of 180 Loss: 0.430588, L1(Flow): 0.393305, Reg: 0.037283
Iter 90 of 180 Loss: 0.415573, L1(Flow): 0.379747, Reg: 0.035825
Iter 100 of 180 Loss: 0.409382, L1(Flow): 0.372100, Reg: 0.037282
Iter 110 of 180 Loss: 0.428491, L1(Flow): 0.393413, Reg: 0.035077
Iter 120 of 180 Loss: 0.423311, L1(Flow): 0.388995, Reg: 0.034316
Iter 130 of 180 Loss: 0.396404, L1(Flow): 0.360425, Reg: 0.035979
Iter 140 of 180 Loss: 0.410915, L1(Flow): 0.373389, Reg: 0.037526
Iter 150 of 180 Loss: 0.436341, L1(Flow): 0.400116, Reg: 0.036225
Iter 160 of 180 Loss: 0.426861, L1(Flow): 0.390562, Reg: 0.036299
Iter 170 of 180 Loss: 0.425465, L1(Flow): 0.387173, Reg: 0.038292
Iter 180 of 180 Loss: 0.443974, L1(Flow): 0.407303, Reg: 0.036672
Epoch 369 Loss: 0.426356
Epoch 369 Validation: Mean EPE: 2.4009, Mean SSIM: 0.4405, Mean ZNCC: 0.6031
Epoch 370 starts
Iter 10 of 180 Loss: 0.473428, L1(Flow): 0.437267, Reg: 0.036161
Iter 20 of 180 Loss: 0.388739, L1(Flow): 0.357797, Reg: 0.030942
Iter 30 of 180 Loss: 0.439848, L1(Flow): 0.400826, Reg: 0.039022
Iter 40 of 180 Loss: 0.453295, L1(Flow): 0.416330, Reg: 0.036965
Iter 50 of 180 Loss: 0.422077, L1(Flow): 0.384625, Reg: 0.037452
Iter 60 of 180 Loss: 0.406312, L1(Flow): 0.373125, Reg: 0.033187
Iter 70 of 180 Loss: 0.446560, L1(Flow): 0.410973, Reg: 0.035587
Iter 80 of 180 Loss: 0.437946, L1(Flow): 0.401748, Reg: 0.036198
Iter 90 of 180 Loss: 0.429887, L1(Flow): 0.394897, Reg: 0.034990
Iter 100 of 180 Loss: 0.442997, L1(Flow): 0.405670, Reg: 0.037327
Iter 110 of 180 Loss: 0.422841, L1(Flow): 0.387527, Reg: 0.035314
Iter 120 of 180 Loss: 0.430199, L1(Flow): 0.393082, Reg: 0.037118
Iter 130 of 180 Loss: 0.420475, L1(Flow): 0.385605, Reg: 0.034869
Iter 140 of 180 Loss: 0.441456, L1(Flow): 0.404979, Reg: 0.036477
Iter 150 of 180 Loss: 0.440739, L1(Flow): 0.404123, Reg: 0.036616
Iter 160 of 180 Loss: 0.395026, L1(Flow): 0.362250, Reg: 0.032776
Iter 170 of 180 Loss: 0.419746, L1(Flow): 0.382764, Reg: 0.036982
Iter 180 of 180 Loss: 0.428068, L1(Flow): 0.393530, Reg: 0.034538
Epoch 370 Loss: 0.427279
Epoch 370 Validation: Mean EPE: 2.3957, Mean SSIM: 0.4412, Mean ZNCC: 0.6036
Epoch 371 starts
Iter 10 of 180 Loss: 0.411117, L1(Flow): 0.376508, Reg: 0.034609
Iter 20 of 180 Loss: 0.432712, L1(Flow): 0.398466, Reg: 0.034246
Iter 30 of 180 Loss: 0.433260, L1(Flow): 0.397894, Reg: 0.035366
Iter 40 of 180 Loss: 0.425639, L1(Flow): 0.389589, Reg: 0.036049
Iter 50 of 180 Loss: 0.403481, L1(Flow): 0.370893, Reg: 0.032588
Iter 60 of 180 Loss: 0.412786, L1(Flow): 0.375869, Reg: 0.036918
Iter 70 of 180 Loss: 0.407731, L1(Flow): 0.373848, Reg: 0.033883
Iter 80 of 180 Loss: 0.421092, L1(Flow): 0.386743, Reg: 0.034349
Iter 90 of 180 Loss: 0.388914, L1(Flow): 0.355255, Reg: 0.033659
Iter 100 of 180 Loss: 0.417353, L1(Flow): 0.380540, Reg: 0.036813
Iter 110 of 180 Loss: 0.406914, L1(Flow): 0.371987, Reg: 0.034927
Iter 120 of 180 Loss: 0.428299, L1(Flow): 0.392935, Reg: 0.035363
Iter 130 of 180 Loss: 0.417075, L1(Flow): 0.380015, Reg: 0.037060
Iter 140 of 180 Loss: 0.422318, L1(Flow): 0.384943, Reg: 0.037376
Iter 150 of 180 Loss: 0.458987, L1(Flow): 0.420095, Reg: 0.038892
Iter 160 of 180 Loss: 0.398603, L1(Flow): 0.366297, Reg: 0.032307
Iter 170 of 180 Loss: 0.417895, L1(Flow): 0.382243, Reg: 0.035651
Iter 180 of 180 Loss: 0.409561, L1(Flow): 0.376024, Reg: 0.033538
Epoch 371 Loss: 0.423297
Epoch 371 Validation: Mean EPE: 2.3927, Mean SSIM: 0.4411, Mean ZNCC: 0.6036
--> Saved to Top 5 best models (EPE: 2.3927)
Epoch 372 starts
Iter 10 of 180 Loss: 0.420148, L1(Flow): 0.384775, Reg: 0.035373
Iter 20 of 180 Loss: 0.428601, L1(Flow): 0.395045, Reg: 0.033556
Iter 30 of 180 Loss: 0.392997, L1(Flow): 0.355659, Reg: 0.037338
Iter 40 of 180 Loss: 0.408335, L1(Flow): 0.374772, Reg: 0.033563
Iter 50 of 180 Loss: 0.402888, L1(Flow): 0.369322, Reg: 0.033566
Iter 60 of 180 Loss: 0.433734, L1(Flow): 0.397007, Reg: 0.036727
Iter 70 of 180 Loss: 0.448208, L1(Flow): 0.407860, Reg: 0.040348
Iter 80 of 180 Loss: 0.410966, L1(Flow): 0.374380, Reg: 0.036586
Iter 90 of 180 Loss: 0.419094, L1(Flow): 0.383845, Reg: 0.035249
Iter 100 of 180 Loss: 0.411254, L1(Flow): 0.377877, Reg: 0.033378
Iter 110 of 180 Loss: 0.407648, L1(Flow): 0.371841, Reg: 0.035807
Iter 120 of 180 Loss: 0.405252, L1(Flow): 0.369142, Reg: 0.036110
Iter 130 of 180 Loss: 0.448114, L1(Flow): 0.412241, Reg: 0.035874
Iter 140 of 180 Loss: 0.432532, L1(Flow): 0.397394, Reg: 0.035138
Iter 150 of 180 Loss: 0.407179, L1(Flow): 0.373130, Reg: 0.034050
Iter 160 of 180 Loss: 0.446174, L1(Flow): 0.404211, Reg: 0.041963
Iter 170 of 180 Loss: 0.458327, L1(Flow): 0.418335, Reg: 0.039993
Iter 180 of 180 Loss: 0.426953, L1(Flow): 0.396159, Reg: 0.030794
Epoch 372 Loss: 0.424865
Epoch 372 Validation: Mean EPE: 2.3986, Mean SSIM: 0.4408, Mean ZNCC: 0.6035
Epoch 373 starts
Iter 10 of 180 Loss: 0.440676, L1(Flow): 0.406068, Reg: 0.034608
Iter 20 of 180 Loss: 0.409993, L1(Flow): 0.374880, Reg: 0.035112
Iter 30 of 180 Loss: 0.416509, L1(Flow): 0.379278, Reg: 0.037231
Iter 40 of 180 Loss: 0.459673, L1(Flow): 0.422437, Reg: 0.037235
Iter 50 of 180 Loss: 0.435813, L1(Flow): 0.400286, Reg: 0.035527
Iter 60 of 180 Loss: 0.462081, L1(Flow): 0.421127, Reg: 0.040954
Iter 70 of 180 Loss: 0.409628, L1(Flow): 0.374531, Reg: 0.035097
Iter 80 of 180 Loss: 0.454560, L1(Flow): 0.418430, Reg: 0.036130
Iter 90 of 180 Loss: 0.447948, L1(Flow): 0.410898, Reg: 0.037049
Iter 100 of 180 Loss: 0.399987, L1(Flow): 0.366196, Reg: 0.033792
Iter 110 of 180 Loss: 0.425012, L1(Flow): 0.391214, Reg: 0.033798
Iter 120 of 180 Loss: 0.407150, L1(Flow): 0.372559, Reg: 0.034592
Iter 130 of 180 Loss: 0.426373, L1(Flow): 0.390475, Reg: 0.035898
Iter 140 of 180 Loss: 0.410230, L1(Flow): 0.373754, Reg: 0.036475
Iter 150 of 180 Loss: 0.442415, L1(Flow): 0.407778, Reg: 0.034638
Iter 160 of 180 Loss: 0.415653, L1(Flow): 0.380074, Reg: 0.035579
Iter 170 of 180 Loss: 0.391964, L1(Flow): 0.357302, Reg: 0.034662
Iter 180 of 180 Loss: 0.432664, L1(Flow): 0.398445, Reg: 0.034219
Epoch 373 Loss: 0.427258
Epoch 373 Validation: Mean EPE: 2.3882, Mean SSIM: 0.4414, Mean ZNCC: 0.6036
--> Saved to Top 5 best models (EPE: 2.3882)
Epoch 374 starts
Iter 10 of 180 Loss: 0.419152, L1(Flow): 0.383179, Reg: 0.035973
Iter 20 of 180 Loss: 0.422998, L1(Flow): 0.386830, Reg: 0.036168
Iter 30 of 180 Loss: 0.395543, L1(Flow): 0.361741, Reg: 0.033802
Iter 40 of 180 Loss: 0.397564, L1(Flow): 0.363492, Reg: 0.034072
Iter 50 of 180 Loss: 0.402584, L1(Flow): 0.367033, Reg: 0.035551
Iter 60 of 180 Loss: 0.430140, L1(Flow): 0.393438, Reg: 0.036703
Iter 70 of 180 Loss: 0.434505, L1(Flow): 0.398968, Reg: 0.035538
Iter 80 of 180 Loss: 0.421630, L1(Flow): 0.386057, Reg: 0.035573
Iter 90 of 180 Loss: 0.472657, L1(Flow): 0.434465, Reg: 0.038192
Iter 100 of 180 Loss: 0.410199, L1(Flow): 0.380230, Reg: 0.029969
Iter 110 of 180 Loss: 0.410618, L1(Flow): 0.376639, Reg: 0.033979
Iter 120 of 180 Loss: 0.411252, L1(Flow): 0.375323, Reg: 0.035930
Iter 130 of 180 Loss: 0.416627, L1(Flow): 0.378000, Reg: 0.038627
Iter 140 of 180 Loss: 0.441237, L1(Flow): 0.405185, Reg: 0.036052
Iter 150 of 180 Loss: 0.431293, L1(Flow): 0.395850, Reg: 0.035443
Iter 160 of 180 Loss: 0.441664, L1(Flow): 0.407814, Reg: 0.033849
Iter 170 of 180 Loss: 0.426403, L1(Flow): 0.390462, Reg: 0.035941
Iter 180 of 180 Loss: 0.443967, L1(Flow): 0.403628, Reg: 0.040339
Epoch 374 Loss: 0.427240
Epoch 374 Validation: Mean EPE: 2.3961, Mean SSIM: 0.4413, Mean ZNCC: 0.6037
Epoch 375 starts
Iter 10 of 180 Loss: 0.429710, L1(Flow): 0.394285, Reg: 0.035424
Iter 20 of 180 Loss: 0.422513, L1(Flow): 0.387935, Reg: 0.034578
Iter 30 of 180 Loss: 0.425433, L1(Flow): 0.394273, Reg: 0.031160
Iter 40 of 180 Loss: 0.416499, L1(Flow): 0.376149, Reg: 0.040350
Iter 50 of 180 Loss: 0.451593, L1(Flow): 0.414106, Reg: 0.037488
Iter 60 of 180 Loss: 0.403002, L1(Flow): 0.371700, Reg: 0.031302
Iter 70 of 180 Loss: 0.449446, L1(Flow): 0.411460, Reg: 0.037986
Iter 80 of 180 Loss: 0.390423, L1(Flow): 0.358465, Reg: 0.031958
Iter 90 of 180 Loss: 0.440760, L1(Flow): 0.406599, Reg: 0.034161
Iter 100 of 180 Loss: 0.432834, L1(Flow): 0.393843, Reg: 0.038992
Iter 110 of 180 Loss: 0.409842, L1(Flow): 0.373271, Reg: 0.036570
Iter 120 of 180 Loss: 0.435517, L1(Flow): 0.397224, Reg: 0.038293
Iter 130 of 180 Loss: 0.407237, L1(Flow): 0.371291, Reg: 0.035946
Iter 140 of 180 Loss: 0.476629, L1(Flow): 0.438144, Reg: 0.038485
Iter 150 of 180 Loss: 0.419974, L1(Flow): 0.386809, Reg: 0.033164
Iter 160 of 180 Loss: 0.399616, L1(Flow): 0.365413, Reg: 0.034203
Iter 170 of 180 Loss: 0.426461, L1(Flow): 0.389310, Reg: 0.037151
Iter 180 of 180 Loss: 0.434678, L1(Flow): 0.397400, Reg: 0.037278
Epoch 375 Loss: 0.425204
Epoch 375 Validation: Mean EPE: 2.3962, Mean SSIM: 0.4410, Mean ZNCC: 0.6035
Epoch 376 starts
Iter 10 of 180 Loss: 0.433746, L1(Flow): 0.397475, Reg: 0.036271
Iter 20 of 180 Loss: 0.419194, L1(Flow): 0.381284, Reg: 0.037909
Iter 30 of 180 Loss: 0.412404, L1(Flow): 0.375932, Reg: 0.036472
Iter 40 of 180 Loss: 0.405436, L1(Flow): 0.371325, Reg: 0.034111
Iter 50 of 180 Loss: 0.448386, L1(Flow): 0.409598, Reg: 0.038788
Iter 60 of 180 Loss: 0.407273, L1(Flow): 0.373862, Reg: 0.033411
Iter 70 of 180 Loss: 0.463754, L1(Flow): 0.426195, Reg: 0.037559
Iter 80 of 180 Loss: 0.438463, L1(Flow): 0.401235, Reg: 0.037228
Iter 90 of 180 Loss: 0.434675, L1(Flow): 0.400451, Reg: 0.034225
Iter 100 of 180 Loss: 0.471844, L1(Flow): 0.429337, Reg: 0.042507
Iter 110 of 180 Loss: 0.419246, L1(Flow): 0.389252, Reg: 0.029994
Iter 120 of 180 Loss: 0.429556, L1(Flow): 0.392838, Reg: 0.036718
Iter 130 of 180 Loss: 0.397450, L1(Flow): 0.363846, Reg: 0.033604
Iter 140 of 180 Loss: 0.447118, L1(Flow): 0.411031, Reg: 0.036087
Iter 150 of 180 Loss: 0.398055, L1(Flow): 0.362829, Reg: 0.035226
Iter 160 of 180 Loss: 0.411285, L1(Flow): 0.378903, Reg: 0.032383
Iter 170 of 180 Loss: 0.419165, L1(Flow): 0.386849, Reg: 0.032316
Iter 180 of 180 Loss: 0.406902, L1(Flow): 0.372438, Reg: 0.034464
Epoch 376 Loss: 0.426786
Epoch 376 Validation: Mean EPE: 2.3889, Mean SSIM: 0.4414, Mean ZNCC: 0.6037
--> Saved to Top 5 best models (EPE: 2.3889)
Epoch 377 starts
Iter 10 of 180 Loss: 0.418313, L1(Flow): 0.383534, Reg: 0.034780
Iter 20 of 180 Loss: 0.411962, L1(Flow): 0.376212, Reg: 0.035751
Iter 30 of 180 Loss: 0.407250, L1(Flow): 0.373818, Reg: 0.033432
Iter 40 of 180 Loss: 0.426554, L1(Flow): 0.392862, Reg: 0.033692
Iter 50 of 180 Loss: 0.416881, L1(Flow): 0.378717, Reg: 0.038164
Iter 60 of 180 Loss: 0.393927, L1(Flow): 0.360970, Reg: 0.032957
Iter 70 of 180 Loss: 0.421229, L1(Flow): 0.383071, Reg: 0.038158
Iter 80 of 180 Loss: 0.408735, L1(Flow): 0.375640, Reg: 0.033095
Iter 90 of 180 Loss: 0.428801, L1(Flow): 0.391985, Reg: 0.036816
Iter 100 of 180 Loss: 0.402195, L1(Flow): 0.369213, Reg: 0.032982
Iter 110 of 180 Loss: 0.415636, L1(Flow): 0.379897, Reg: 0.035739
Iter 120 of 180 Loss: 0.415731, L1(Flow): 0.380194, Reg: 0.035537
Iter 130 of 180 Loss: 0.408447, L1(Flow): 0.368925, Reg: 0.039521
Iter 140 of 180 Loss: 0.426928, L1(Flow): 0.392297, Reg: 0.034632
Iter 150 of 180 Loss: 0.413973, L1(Flow): 0.378097, Reg: 0.035876
Iter 160 of 180 Loss: 0.446921, L1(Flow): 0.409656, Reg: 0.037265
Iter 170 of 180 Loss: 0.428969, L1(Flow): 0.393571, Reg: 0.035399
Iter 180 of 180 Loss: 0.392513, L1(Flow): 0.356060, Reg: 0.036453
Epoch 377 Loss: 0.424066
Epoch 377 Validation: Mean EPE: 2.3955, Mean SSIM: 0.4409, Mean ZNCC: 0.6034
Epoch 378 starts
Iter 10 of 180 Loss: 0.429079, L1(Flow): 0.392363, Reg: 0.036716
Iter 20 of 180 Loss: 0.410312, L1(Flow): 0.378211, Reg: 0.032101
Iter 30 of 180 Loss: 0.408305, L1(Flow): 0.371463, Reg: 0.036842
Iter 40 of 180 Loss: 0.414956, L1(Flow): 0.381110, Reg: 0.033846
Iter 50 of 180 Loss: 0.420229, L1(Flow): 0.386826, Reg: 0.033403
Iter 60 of 180 Loss: 0.412752, L1(Flow): 0.376759, Reg: 0.035993
Iter 70 of 180 Loss: 0.417400, L1(Flow): 0.381852, Reg: 0.035547
Iter 80 of 180 Loss: 0.385401, L1(Flow): 0.352794, Reg: 0.032607
Iter 90 of 180 Loss: 0.407351, L1(Flow): 0.372921, Reg: 0.034430
Iter 100 of 180 Loss: 0.424894, L1(Flow): 0.390752, Reg: 0.034142
Iter 110 of 180 Loss: 0.398093, L1(Flow): 0.361867, Reg: 0.036225
Iter 120 of 180 Loss: 0.407384, L1(Flow): 0.372935, Reg: 0.034449
Iter 130 of 180 Loss: 0.425488, L1(Flow): 0.390155, Reg: 0.035333
Iter 140 of 180 Loss: 0.467434, L1(Flow): 0.427241, Reg: 0.040193
Iter 150 of 180 Loss: 0.431452, L1(Flow): 0.395455, Reg: 0.035997
Iter 160 of 180 Loss: 0.458221, L1(Flow): 0.420148, Reg: 0.038074
Iter 170 of 180 Loss: 0.428178, L1(Flow): 0.389347, Reg: 0.038831
Iter 180 of 180 Loss: 0.383581, L1(Flow): 0.350192, Reg: 0.033389
Epoch 378 Loss: 0.419729
Epoch 378 Validation: Mean EPE: 2.3946, Mean SSIM: 0.4413, Mean ZNCC: 0.6037
Epoch 379 starts
Iter 10 of 180 Loss: 0.426259, L1(Flow): 0.390012, Reg: 0.036246
Iter 20 of 180 Loss: 0.419750, L1(Flow): 0.382171, Reg: 0.037578
Iter 30 of 180 Loss: 0.429874, L1(Flow): 0.392987, Reg: 0.036888
Iter 40 of 180 Loss: 0.458802, L1(Flow): 0.421042, Reg: 0.037760
Iter 50 of 180 Loss: 0.425448, L1(Flow): 0.390604, Reg: 0.034845
Iter 60 of 180 Loss: 0.415886, L1(Flow): 0.379831, Reg: 0.036056
Iter 70 of 180 Loss: 0.399732, L1(Flow): 0.364707, Reg: 0.035025
Iter 80 of 180 Loss: 0.422214, L1(Flow): 0.384404, Reg: 0.037810
Iter 90 of 180 Loss: 0.437640, L1(Flow): 0.402004, Reg: 0.035636
Iter 100 of 180 Loss: 0.385545, L1(Flow): 0.351276, Reg: 0.034269
Iter 110 of 180 Loss: 0.409004, L1(Flow): 0.374843, Reg: 0.034162
Iter 120 of 180 Loss: 0.396914, L1(Flow): 0.359668, Reg: 0.037247
Iter 130 of 180 Loss: 0.446420, L1(Flow): 0.411331, Reg: 0.035089
Iter 140 of 180 Loss: 0.411040, L1(Flow): 0.378241, Reg: 0.032799
Iter 150 of 180 Loss: 0.437347, L1(Flow): 0.402863, Reg: 0.034484
Iter 160 of 180 Loss: 0.403500, L1(Flow): 0.369279, Reg: 0.034221
Iter 170 of 180 Loss: 0.394111, L1(Flow): 0.358536, Reg: 0.035576
Iter 180 of 180 Loss: 0.423568, L1(Flow): 0.384054, Reg: 0.039514
Epoch 379 Loss: 0.420962
Epoch 379 Validation: Mean EPE: 2.3943, Mean SSIM: 0.4417, Mean ZNCC: 0.6038
Epoch 380 starts
Iter 10 of 180 Loss: 0.465255, L1(Flow): 0.426932, Reg: 0.038323
Iter 20 of 180 Loss: 0.414620, L1(Flow): 0.381092, Reg: 0.033528
Iter 30 of 180 Loss: 0.395939, L1(Flow): 0.362245, Reg: 0.033694
Iter 40 of 180 Loss: 0.435342, L1(Flow): 0.396696, Reg: 0.038646
Iter 50 of 180 Loss: 0.439615, L1(Flow): 0.402607, Reg: 0.037009
Iter 60 of 180 Loss: 0.417872, L1(Flow): 0.380449, Reg: 0.037423
Iter 70 of 180 Loss: 0.437721, L1(Flow): 0.399646, Reg: 0.038075
Iter 80 of 180 Loss: 0.408716, L1(Flow): 0.376157, Reg: 0.032559
Iter 90 of 180 Loss: 0.407663, L1(Flow): 0.374974, Reg: 0.032689
Iter 100 of 180 Loss: 0.431360, L1(Flow): 0.395274, Reg: 0.036086
Iter 110 of 180 Loss: 0.425173, L1(Flow): 0.387843, Reg: 0.037330
Iter 120 of 180 Loss: 0.448182, L1(Flow): 0.409251, Reg: 0.038931
Iter 130 of 180 Loss: 0.436797, L1(Flow): 0.401813, Reg: 0.034984
Iter 140 of 180 Loss: 0.414720, L1(Flow): 0.380280, Reg: 0.034440
Iter 150 of 180 Loss: 0.456357, L1(Flow): 0.419988, Reg: 0.036369
Iter 160 of 180 Loss: 0.431298, L1(Flow): 0.394325, Reg: 0.036973
Iter 170 of 180 Loss: 0.426855, L1(Flow): 0.391980, Reg: 0.034875
Iter 180 of 180 Loss: 0.415891, L1(Flow): 0.383444, Reg: 0.032447
Epoch 380 Loss: 0.420725
Epoch 380 Validation: Mean EPE: 2.3971, Mean SSIM: 0.4412, Mean ZNCC: 0.6036
Epoch 381 starts
Iter 10 of 180 Loss: 0.424690, L1(Flow): 0.387933, Reg: 0.036758
Iter 20 of 180 Loss: 0.402486, L1(Flow): 0.364939, Reg: 0.037547
Iter 30 of 180 Loss: 0.418827, L1(Flow): 0.384970, Reg: 0.033857
Iter 40 of 180 Loss: 0.416737, L1(Flow): 0.380737, Reg: 0.036000
Iter 50 of 180 Loss: 0.423723, L1(Flow): 0.386757, Reg: 0.036965
Iter 60 of 180 Loss: 0.417292, L1(Flow): 0.382127, Reg: 0.035165
Iter 70 of 180 Loss: 0.393465, L1(Flow): 0.358461, Reg: 0.035004
Iter 80 of 180 Loss: 0.412685, L1(Flow): 0.378175, Reg: 0.034510
Iter 90 of 180 Loss: 0.438112, L1(Flow): 0.401507, Reg: 0.036605
Iter 100 of 180 Loss: 0.426971, L1(Flow): 0.389982, Reg: 0.036989
Iter 110 of 180 Loss: 0.425532, L1(Flow): 0.390120, Reg: 0.035413
Iter 120 of 180 Loss: 0.405516, L1(Flow): 0.372007, Reg: 0.033508
Iter 130 of 180 Loss: 0.407269, L1(Flow): 0.370192, Reg: 0.037078
Iter 140 of 180 Loss: 0.418284, L1(Flow): 0.384079, Reg: 0.034204
Iter 150 of 180 Loss: 0.404043, L1(Flow): 0.370477, Reg: 0.033566
Iter 160 of 180 Loss: 0.459707, L1(Flow): 0.418436, Reg: 0.041271
Iter 170 of 180 Loss: 0.442982, L1(Flow): 0.407369, Reg: 0.035614
Iter 180 of 180 Loss: 0.402554, L1(Flow): 0.366877, Reg: 0.035677
Epoch 381 Loss: 0.420268
Epoch 381 Validation: Mean EPE: 2.4036, Mean SSIM: 0.4409, Mean ZNCC: 0.6034
Epoch 382 starts
Iter 10 of 180 Loss: 0.414769, L1(Flow): 0.382777, Reg: 0.031991
Iter 20 of 180 Loss: 0.406284, L1(Flow): 0.373439, Reg: 0.032845
Iter 30 of 180 Loss: 0.409274, L1(Flow): 0.374727, Reg: 0.034547
Iter 40 of 180 Loss: 0.463698, L1(Flow): 0.428845, Reg: 0.034853
Iter 50 of 180 Loss: 0.410174, L1(Flow): 0.376879, Reg: 0.033295
Iter 60 of 180 Loss: 0.435370, L1(Flow): 0.397921, Reg: 0.037449
Iter 70 of 180 Loss: 0.400688, L1(Flow): 0.366303, Reg: 0.034385
Iter 80 of 180 Loss: 0.429936, L1(Flow): 0.394530, Reg: 0.035406
Iter 90 of 180 Loss: 0.406567, L1(Flow): 0.369644, Reg: 0.036922
Iter 100 of 180 Loss: 0.386649, L1(Flow): 0.353236, Reg: 0.033413
Iter 110 of 180 Loss: 0.390148, L1(Flow): 0.356664, Reg: 0.033485
Iter 120 of 180 Loss: 0.423242, L1(Flow): 0.387735, Reg: 0.035507
Iter 130 of 180 Loss: 0.409537, L1(Flow): 0.375836, Reg: 0.033700
Iter 140 of 180 Loss: 0.399784, L1(Flow): 0.367420, Reg: 0.032365
Iter 150 of 180 Loss: 0.393689, L1(Flow): 0.359272, Reg: 0.034417
Iter 160 of 180 Loss: 0.411779, L1(Flow): 0.379196, Reg: 0.032583
Iter 170 of 180 Loss: 0.434670, L1(Flow): 0.395781, Reg: 0.038889
Iter 180 of 180 Loss: 0.399117, L1(Flow): 0.364614, Reg: 0.034503
Epoch 382 Loss: 0.419498
Epoch 382 Validation: Mean EPE: 2.3970, Mean SSIM: 0.4415, Mean ZNCC: 0.6036
Epoch 383 starts
Iter 10 of 180 Loss: 0.410199, L1(Flow): 0.376080, Reg: 0.034119
Iter 20 of 180 Loss: 0.444398, L1(Flow): 0.404682, Reg: 0.039716
Iter 30 of 180 Loss: 0.419295, L1(Flow): 0.382097, Reg: 0.037198
Iter 40 of 180 Loss: 0.397788, L1(Flow): 0.364369, Reg: 0.033419
Iter 50 of 180 Loss: 0.426000, L1(Flow): 0.392004, Reg: 0.033996
Iter 60 of 180 Loss: 0.408729, L1(Flow): 0.370696, Reg: 0.038034
Iter 70 of 180 Loss: 0.420391, L1(Flow): 0.384626, Reg: 0.035765
Iter 80 of 180 Loss: 0.435769, L1(Flow): 0.399316, Reg: 0.036453
Iter 90 of 180 Loss: 0.416121, L1(Flow): 0.381370, Reg: 0.034751
Iter 100 of 180 Loss: 0.421766, L1(Flow): 0.385867, Reg: 0.035899
Iter 110 of 180 Loss: 0.432912, L1(Flow): 0.399293, Reg: 0.033619
Iter 120 of 180 Loss: 0.428812, L1(Flow): 0.393975, Reg: 0.034837
Iter 130 of 180 Loss: 0.388829, L1(Flow): 0.354759, Reg: 0.034071
Iter 140 of 180 Loss: 0.428466, L1(Flow): 0.392916, Reg: 0.035549
Iter 150 of 180 Loss: 0.430630, L1(Flow): 0.393970, Reg: 0.036659
Iter 160 of 180 Loss: 0.406087, L1(Flow): 0.373306, Reg: 0.032781
Iter 170 of 180 Loss: 0.407435, L1(Flow): 0.373459, Reg: 0.033976
Iter 180 of 180 Loss: 0.433615, L1(Flow): 0.396179, Reg: 0.037437
Epoch 383 Loss: 0.420087
Epoch 383 Validation: Mean EPE: 2.3944, Mean SSIM: 0.4412, Mean ZNCC: 0.6035
Epoch 384 starts
Iter 10 of 180 Loss: 0.390332, L1(Flow): 0.356646, Reg: 0.033685
Iter 20 of 180 Loss: 0.423333, L1(Flow): 0.388774, Reg: 0.034559
Iter 30 of 180 Loss: 0.436864, L1(Flow): 0.400787, Reg: 0.036076
Iter 40 of 180 Loss: 0.421463, L1(Flow): 0.386973, Reg: 0.034490
Iter 50 of 180 Loss: 0.414459, L1(Flow): 0.378405, Reg: 0.036055
Iter 60 of 180 Loss: 0.406574, L1(Flow): 0.372084, Reg: 0.034490
Iter 70 of 180 Loss: 0.402529, L1(Flow): 0.366860, Reg: 0.035669
Iter 80 of 180 Loss: 0.405997, L1(Flow): 0.374255, Reg: 0.031742
Iter 90 of 180 Loss: 0.424260, L1(Flow): 0.388911, Reg: 0.035349
Iter 100 of 180 Loss: 0.428265, L1(Flow): 0.392059, Reg: 0.036206
Iter 110 of 180 Loss: 0.449749, L1(Flow): 0.410010, Reg: 0.039740
Iter 120 of 180 Loss: 0.431789, L1(Flow): 0.400652, Reg: 0.031137
Iter 130 of 180 Loss: 0.437947, L1(Flow): 0.399402, Reg: 0.038546
Iter 140 of 180 Loss: 0.404095, L1(Flow): 0.367435, Reg: 0.036660
Iter 150 of 180 Loss: 0.419315, L1(Flow): 0.384918, Reg: 0.034397
Iter 160 of 180 Loss: 0.442010, L1(Flow): 0.403294, Reg: 0.038716
Iter 170 of 180 Loss: 0.439634, L1(Flow): 0.404522, Reg: 0.035112
Iter 180 of 180 Loss: 0.434760, L1(Flow): 0.396480, Reg: 0.038280
Epoch 384 Loss: 0.421311
Epoch 384 Validation: Mean EPE: 2.3985, Mean SSIM: 0.4411, Mean ZNCC: 0.6036
Epoch 385 starts
Iter 10 of 180 Loss: 0.429249, L1(Flow): 0.392734, Reg: 0.036516
Iter 20 of 180 Loss: 0.425297, L1(Flow): 0.392762, Reg: 0.032535
Iter 30 of 180 Loss: 0.413681, L1(Flow): 0.376126, Reg: 0.037556
Iter 40 of 180 Loss: 0.370894, L1(Flow): 0.339878, Reg: 0.031017
Iter 50 of 180 Loss: 0.423124, L1(Flow): 0.386210, Reg: 0.036914
Iter 60 of 180 Loss: 0.407057, L1(Flow): 0.371429, Reg: 0.035628
Iter 70 of 180 Loss: 0.438707, L1(Flow): 0.403391, Reg: 0.035316
Iter 80 of 180 Loss: 0.433655, L1(Flow): 0.395428, Reg: 0.038227
Iter 90 of 180 Loss: 0.422841, L1(Flow): 0.386190, Reg: 0.036650
Iter 100 of 180 Loss: 0.400924, L1(Flow): 0.366973, Reg: 0.033951
Iter 110 of 180 Loss: 0.413395, L1(Flow): 0.379588, Reg: 0.033807
Iter 120 of 180 Loss: 0.444313, L1(Flow): 0.410038, Reg: 0.034275
Iter 130 of 180 Loss: 0.429205, L1(Flow): 0.392047, Reg: 0.037158
Iter 140 of 180 Loss: 0.418447, L1(Flow): 0.385052, Reg: 0.033395
Iter 150 of 180 Loss: 0.404150, L1(Flow): 0.368350, Reg: 0.035801
Iter 160 of 180 Loss: 0.415404, L1(Flow): 0.379836, Reg: 0.035568
Iter 170 of 180 Loss: 0.395767, L1(Flow): 0.361721, Reg: 0.034046
Iter 180 of 180 Loss: 0.437131, L1(Flow): 0.403783, Reg: 0.033348
Epoch 385 Loss: 0.417351
Epoch 385 Validation: Mean EPE: 2.3974, Mean SSIM: 0.4413, Mean ZNCC: 0.6036
Epoch 386 starts
Iter 10 of 180 Loss: 0.413383, L1(Flow): 0.377546, Reg: 0.035837
Iter 20 of 180 Loss: 0.419491, L1(Flow): 0.382067, Reg: 0.037424
Iter 30 of 180 Loss: 0.415831, L1(Flow): 0.381570, Reg: 0.034261
Iter 40 of 180 Loss: 0.443802, L1(Flow): 0.406190, Reg: 0.037612
Iter 50 of 180 Loss: 0.418896, L1(Flow): 0.382295, Reg: 0.036601
Iter 60 of 180 Loss: 0.391832, L1(Flow): 0.357581, Reg: 0.034251
Iter 70 of 180 Loss: 0.430349, L1(Flow): 0.394289, Reg: 0.036060
Iter 80 of 180 Loss: 0.406520, L1(Flow): 0.373506, Reg: 0.033014
Iter 90 of 180 Loss: 0.402201, L1(Flow): 0.367130, Reg: 0.035071
Iter 100 of 180 Loss: 0.396531, L1(Flow): 0.361488, Reg: 0.035043
Iter 110 of 180 Loss: 0.436065, L1(Flow): 0.398893, Reg: 0.037172
Iter 120 of 180 Loss: 0.429503, L1(Flow): 0.391130, Reg: 0.038373
Iter 130 of 180 Loss: 0.390905, L1(Flow): 0.357257, Reg: 0.033647
Iter 140 of 180 Loss: 0.404008, L1(Flow): 0.369529, Reg: 0.034479
Iter 150 of 180 Loss: 0.411457, L1(Flow): 0.377524, Reg: 0.033933
Iter 160 of 180 Loss: 0.437599, L1(Flow): 0.404492, Reg: 0.033108
Iter 170 of 180 Loss: 0.408396, L1(Flow): 0.372896, Reg: 0.035499
Iter 180 of 180 Loss: 0.420776, L1(Flow): 0.384656, Reg: 0.036120
Epoch 386 Loss: 0.417282
Epoch 386 Validation: Mean EPE: 2.4035, Mean SSIM: 0.4410, Mean ZNCC: 0.6034
Epoch 387 starts
Iter 10 of 180 Loss: 0.418438, L1(Flow): 0.383108, Reg: 0.035331
Iter 20 of 180 Loss: 0.408840, L1(Flow): 0.375289, Reg: 0.033551
Iter 30 of 180 Loss: 0.431924, L1(Flow): 0.398999, Reg: 0.032925
Iter 40 of 180 Loss: 0.431073, L1(Flow): 0.395377, Reg: 0.035696
Iter 50 of 180 Loss: 0.453438, L1(Flow): 0.418397, Reg: 0.035040
Iter 60 of 180 Loss: 0.424739, L1(Flow): 0.387328, Reg: 0.037410
Iter 70 of 180 Loss: 0.424392, L1(Flow): 0.389497, Reg: 0.034895
Iter 80 of 180 Loss: 0.418733, L1(Flow): 0.382877, Reg: 0.035855
Iter 90 of 180 Loss: 0.421010, L1(Flow): 0.384926, Reg: 0.036084
Iter 100 of 180 Loss: 0.397975, L1(Flow): 0.366047, Reg: 0.031929
Iter 110 of 180 Loss: 0.402005, L1(Flow): 0.366983, Reg: 0.035022
Iter 120 of 180 Loss: 0.405019, L1(Flow): 0.370442, Reg: 0.034578
Iter 130 of 180 Loss: 0.424148, L1(Flow): 0.390194, Reg: 0.033954
Iter 140 of 180 Loss: 0.415325, L1(Flow): 0.381773, Reg: 0.033553
Iter 150 of 180 Loss: 0.401805, L1(Flow): 0.366759, Reg: 0.035046
Iter 160 of 180 Loss: 0.417781, L1(Flow): 0.379283, Reg: 0.038498
Iter 170 of 180 Loss: 0.406062, L1(Flow): 0.367569, Reg: 0.038493
Iter 180 of 180 Loss: 0.426337, L1(Flow): 0.388065, Reg: 0.038272
Epoch 387 Loss: 0.418104
Epoch 387 Validation: Mean EPE: 2.3929, Mean SSIM: 0.4413, Mean ZNCC: 0.6035
Epoch 388 starts
Iter 10 of 180 Loss: 0.432777, L1(Flow): 0.395224, Reg: 0.037553
Iter 20 of 180 Loss: 0.425757, L1(Flow): 0.388825, Reg: 0.036932
Iter 30 of 180 Loss: 0.406900, L1(Flow): 0.373894, Reg: 0.033006
Iter 40 of 180 Loss: 0.406221, L1(Flow): 0.371877, Reg: 0.034344
Iter 50 of 180 Loss: 0.399280, L1(Flow): 0.367230, Reg: 0.032050
Iter 60 of 180 Loss: 0.417468, L1(Flow): 0.381301, Reg: 0.036167
Iter 70 of 180 Loss: 0.408798, L1(Flow): 0.374283, Reg: 0.034514
Iter 80 of 180 Loss: 0.435539, L1(Flow): 0.399207, Reg: 0.036332
Iter 90 of 180 Loss: 0.425328, L1(Flow): 0.391536, Reg: 0.033792
Iter 100 of 180 Loss: 0.433139, L1(Flow): 0.394422, Reg: 0.038717
Iter 110 of 180 Loss: 0.407256, L1(Flow): 0.375258, Reg: 0.031998
Iter 120 of 180 Loss: 0.397807, L1(Flow): 0.360936, Reg: 0.036871
Iter 130 of 180 Loss: 0.419862, L1(Flow): 0.383331, Reg: 0.036530
Iter 140 of 180 Loss: 0.395352, L1(Flow): 0.359534, Reg: 0.035818
Iter 150 of 180 Loss: 0.413403, L1(Flow): 0.377249, Reg: 0.036154
Iter 160 of 180 Loss: 0.434835, L1(Flow): 0.397582, Reg: 0.037253
Iter 170 of 180 Loss: 0.434786, L1(Flow): 0.398254, Reg: 0.036533
Iter 180 of 180 Loss: 0.451557, L1(Flow): 0.412260, Reg: 0.039296
Epoch 388 Loss: 0.418543
Epoch 388 Validation: Mean EPE: 2.3958, Mean SSIM: 0.4409, Mean ZNCC: 0.6037
Epoch 389 starts
Iter 10 of 180 Loss: 0.412994, L1(Flow): 0.378555, Reg: 0.034439
Iter 20 of 180 Loss: 0.426711, L1(Flow): 0.393972, Reg: 0.032739
Iter 30 of 180 Loss: 0.435480, L1(Flow): 0.399831, Reg: 0.035650
Iter 40 of 180 Loss: 0.411032, L1(Flow): 0.378412, Reg: 0.032619
Iter 50 of 180 Loss: 0.413188, L1(Flow): 0.378330, Reg: 0.034858
Iter 60 of 180 Loss: 0.378220, L1(Flow): 0.345707, Reg: 0.032512
Iter 70 of 180 Loss: 0.427380, L1(Flow): 0.391100, Reg: 0.036281
Iter 80 of 180 Loss: 0.442042, L1(Flow): 0.404157, Reg: 0.037885
Iter 90 of 180 Loss: 0.413893, L1(Flow): 0.378649, Reg: 0.035244
Iter 100 of 180 Loss: 0.421290, L1(Flow): 0.386298, Reg: 0.034991
Iter 110 of 180 Loss: 0.415216, L1(Flow): 0.377406, Reg: 0.037810
Iter 120 of 180 Loss: 0.426579, L1(Flow): 0.392048, Reg: 0.034531
Iter 130 of 180 Loss: 0.423151, L1(Flow): 0.387176, Reg: 0.035975
Iter 140 of 180 Loss: 0.435846, L1(Flow): 0.395800, Reg: 0.040046
Iter 150 of 180 Loss: 0.451865, L1(Flow): 0.408316, Reg: 0.043549
Iter 160 of 180 Loss: 0.415760, L1(Flow): 0.380971, Reg: 0.034789
Iter 170 of 180 Loss: 0.420455, L1(Flow): 0.383565, Reg: 0.036890
Iter 180 of 180 Loss: 0.436313, L1(Flow): 0.396470, Reg: 0.039843
Epoch 389 Loss: 0.418482
Epoch 389 Validation: Mean EPE: 2.4002, Mean SSIM: 0.4411, Mean ZNCC: 0.6035
Epoch 390 starts
Iter 10 of 180 Loss: 0.417351, L1(Flow): 0.382915, Reg: 0.034436
Iter 20 of 180 Loss: 0.441099, L1(Flow): 0.404082, Reg: 0.037017
Iter 30 of 180 Loss: 0.419207, L1(Flow): 0.382530, Reg: 0.036677
Iter 40 of 180 Loss: 0.421882, L1(Flow): 0.388316, Reg: 0.033566
Iter 50 of 180 Loss: 0.437928, L1(Flow): 0.403449, Reg: 0.034478
Iter 60 of 180 Loss: 0.399147, L1(Flow): 0.363811, Reg: 0.035336
Iter 70 of 180 Loss: 0.400458, L1(Flow): 0.367483, Reg: 0.032975
Iter 80 of 180 Loss: 0.404577, L1(Flow): 0.368276, Reg: 0.036301
Iter 90 of 180 Loss: 0.393065, L1(Flow): 0.358308, Reg: 0.034757
Iter 100 of 180 Loss: 0.419733, L1(Flow): 0.384969, Reg: 0.034764
Iter 110 of 180 Loss: 0.388583, L1(Flow): 0.355120, Reg: 0.033462
Iter 120 of 180 Loss: 0.410228, L1(Flow): 0.376757, Reg: 0.033471
Iter 130 of 180 Loss: 0.395678, L1(Flow): 0.360175, Reg: 0.035503
Iter 140 of 180 Loss: 0.414208, L1(Flow): 0.375364, Reg: 0.038844
Iter 150 of 180 Loss: 0.407670, L1(Flow): 0.373875, Reg: 0.033796
Iter 160 of 180 Loss: 0.431805, L1(Flow): 0.397888, Reg: 0.033917
Iter 170 of 180 Loss: 0.406363, L1(Flow): 0.372566, Reg: 0.033798
Iter 180 of 180 Loss: 0.415892, L1(Flow): 0.383212, Reg: 0.032679
Epoch 390 Loss: 0.415594
Epoch 390 Validation: Mean EPE: 2.3924, Mean SSIM: 0.4413, Mean ZNCC: 0.6036
Epoch 391 starts
Iter 10 of 180 Loss: 0.421085, L1(Flow): 0.384743, Reg: 0.036342
Iter 20 of 180 Loss: 0.395580, L1(Flow): 0.362334, Reg: 0.033246
Iter 30 of 180 Loss: 0.411153, L1(Flow): 0.375313, Reg: 0.035841
Iter 40 of 180 Loss: 0.407443, L1(Flow): 0.374051, Reg: 0.033392
Iter 50 of 180 Loss: 0.395477, L1(Flow): 0.363201, Reg: 0.032276
Iter 60 of 180 Loss: 0.423085, L1(Flow): 0.387040, Reg: 0.036045
Iter 70 of 180 Loss: 0.435620, L1(Flow): 0.396762, Reg: 0.038858
Iter 80 of 180 Loss: 0.422575, L1(Flow): 0.386542, Reg: 0.036033
Iter 90 of 180 Loss: 0.411532, L1(Flow): 0.376449, Reg: 0.035082
Iter 100 of 180 Loss: 0.443087, L1(Flow): 0.405033, Reg: 0.038054
Iter 110 of 180 Loss: 0.433282, L1(Flow): 0.394659, Reg: 0.038623
Iter 120 of 180 Loss: 0.405578, L1(Flow): 0.372276, Reg: 0.033302
Iter 130 of 180 Loss: 0.411596, L1(Flow): 0.375940, Reg: 0.035656
Iter 140 of 180 Loss: 0.452817, L1(Flow): 0.414907, Reg: 0.037910
Iter 150 of 180 Loss: 0.408009, L1(Flow): 0.373055, Reg: 0.034954
Iter 160 of 180 Loss: 0.463487, L1(Flow): 0.427438, Reg: 0.036049
Iter 170 of 180 Loss: 0.417853, L1(Flow): 0.377550, Reg: 0.040303
Iter 180 of 180 Loss: 0.399549, L1(Flow): 0.364877, Reg: 0.034672
Epoch 391 Loss: 0.418210
Epoch 391 Validation: Mean EPE: 2.3947, Mean SSIM: 0.4411, Mean ZNCC: 0.6035
Epoch 392 starts
Iter 10 of 180 Loss: 0.440032, L1(Flow): 0.403887, Reg: 0.036146
Iter 20 of 180 Loss: 0.423245, L1(Flow): 0.385513, Reg: 0.037732
Iter 30 of 180 Loss: 0.400312, L1(Flow): 0.365669, Reg: 0.034644
Iter 40 of 180 Loss: 0.427841, L1(Flow): 0.392120, Reg: 0.035721
Iter 50 of 180 Loss: 0.406481, L1(Flow): 0.370563, Reg: 0.035918
Iter 60 of 180 Loss: 0.407107, L1(Flow): 0.367546, Reg: 0.039561
Iter 70 of 180 Loss: 0.445690, L1(Flow): 0.410254, Reg: 0.035435
Iter 80 of 180 Loss: 0.387747, L1(Flow): 0.354696, Reg: 0.033051
Iter 90 of 180 Loss: 0.398355, L1(Flow): 0.361028, Reg: 0.037327
Iter 100 of 180 Loss: 0.418951, L1(Flow): 0.384456, Reg: 0.034496
Iter 110 of 180 Loss: 0.410049, L1(Flow): 0.377018, Reg: 0.033031
Iter 120 of 180 Loss: 0.435083, L1(Flow): 0.397655, Reg: 0.037428
Iter 130 of 180 Loss: 0.408620, L1(Flow): 0.374766, Reg: 0.033855
Iter 140 of 180 Loss: 0.426161, L1(Flow): 0.387485, Reg: 0.038675
Iter 150 of 180 Loss: 0.420115, L1(Flow): 0.384843, Reg: 0.035273
Iter 160 of 180 Loss: 0.407077, L1(Flow): 0.372089, Reg: 0.034988
Iter 170 of 180 Loss: 0.418737, L1(Flow): 0.380140, Reg: 0.038596
Iter 180 of 180 Loss: 0.444612, L1(Flow): 0.410346, Reg: 0.034266
Epoch 392 Loss: 0.415404
Epoch 392 Validation: Mean EPE: 2.3908, Mean SSIM: 0.4409, Mean ZNCC: 0.6035
Epoch 393 starts
Iter 10 of 180 Loss: 0.418399, L1(Flow): 0.385174, Reg: 0.033225
Iter 20 of 180 Loss: 0.441683, L1(Flow): 0.402629, Reg: 0.039054
Iter 30 of 180 Loss: 0.404286, L1(Flow): 0.371095, Reg: 0.033191
Iter 40 of 180 Loss: 0.412164, L1(Flow): 0.375525, Reg: 0.036640
Iter 50 of 180 Loss: 0.439206, L1(Flow): 0.400298, Reg: 0.038909
Iter 60 of 180 Loss: 0.408511, L1(Flow): 0.376433, Reg: 0.032079
Iter 70 of 180 Loss: 0.407279, L1(Flow): 0.372209, Reg: 0.035070
Iter 80 of 180 Loss: 0.417375, L1(Flow): 0.382271, Reg: 0.035105
Iter 90 of 180 Loss: 0.399756, L1(Flow): 0.367899, Reg: 0.031858
Iter 100 of 180 Loss: 0.414452, L1(Flow): 0.375189, Reg: 0.039264
Iter 110 of 180 Loss: 0.413764, L1(Flow): 0.379501, Reg: 0.034263
Iter 120 of 180 Loss: 0.435923, L1(Flow): 0.396995, Reg: 0.038928
Iter 130 of 180 Loss: 0.454091, L1(Flow): 0.413771, Reg: 0.040321
Iter 140 of 180 Loss: 0.423853, L1(Flow): 0.388234, Reg: 0.035619
Iter 150 of 180 Loss: 0.381912, L1(Flow): 0.346673, Reg: 0.035239
Iter 160 of 180 Loss: 0.422476, L1(Flow): 0.382979, Reg: 0.039497
Iter 170 of 180 Loss: 0.416129, L1(Flow): 0.379664, Reg: 0.036466
Iter 180 of 180 Loss: 0.426962, L1(Flow): 0.389459, Reg: 0.037503
Epoch 393 Loss: 0.415838
Epoch 393 Validation: Mean EPE: 2.3920, Mean SSIM: 0.4415, Mean ZNCC: 0.6035
Epoch 394 starts
Iter 10 of 180 Loss: 0.432945, L1(Flow): 0.395124, Reg: 0.037822
Iter 20 of 180 Loss: 0.423937, L1(Flow): 0.387067, Reg: 0.036871
Iter 30 of 180 Loss: 0.411437, L1(Flow): 0.376396, Reg: 0.035041
Iter 40 of 180 Loss: 0.394164, L1(Flow): 0.363027, Reg: 0.031137
Iter 50 of 180 Loss: 0.430579, L1(Flow): 0.390425, Reg: 0.040153
Iter 60 of 180 Loss: 0.407978, L1(Flow): 0.373327, Reg: 0.034651
Iter 70 of 180 Loss: 0.401861, L1(Flow): 0.366387, Reg: 0.035474
Iter 80 of 180 Loss: 0.420512, L1(Flow): 0.384610, Reg: 0.035901
Iter 90 of 180 Loss: 0.425792, L1(Flow): 0.388242, Reg: 0.037550
Iter 100 of 180 Loss: 0.467844, L1(Flow): 0.428787, Reg: 0.039057
Iter 110 of 180 Loss: 0.407862, L1(Flow): 0.373105, Reg: 0.034757
Iter 120 of 180 Loss: 0.395800, L1(Flow): 0.361999, Reg: 0.033801
Iter 130 of 180 Loss: 0.425305, L1(Flow): 0.386475, Reg: 0.038830
Iter 140 of 180 Loss: 0.393490, L1(Flow): 0.359425, Reg: 0.034065
Iter 150 of 180 Loss: 0.438733, L1(Flow): 0.405139, Reg: 0.033594
Iter 160 of 180 Loss: 0.415729, L1(Flow): 0.380212, Reg: 0.035517
Iter 170 of 180 Loss: 0.451064, L1(Flow): 0.410097, Reg: 0.040968
Iter 180 of 180 Loss: 0.451756, L1(Flow): 0.412841, Reg: 0.038915
Epoch 394 Loss: 0.415261
Epoch 394 Validation: Mean EPE: 2.3933, Mean SSIM: 0.4411, Mean ZNCC: 0.6036
Epoch 395 starts
Iter 10 of 180 Loss: 0.443138, L1(Flow): 0.406326, Reg: 0.036812
Iter 20 of 180 Loss: 0.413396, L1(Flow): 0.377613, Reg: 0.035782
Iter 30 of 180 Loss: 0.431830, L1(Flow): 0.394194, Reg: 0.037636
Iter 40 of 180 Loss: 0.414441, L1(Flow): 0.382403, Reg: 0.032038
Iter 50 of 180 Loss: 0.407056, L1(Flow): 0.370238, Reg: 0.036817
Iter 60 of 180 Loss: 0.424626, L1(Flow): 0.386109, Reg: 0.038517
Iter 70 of 180 Loss: 0.399341, L1(Flow): 0.365743, Reg: 0.033597
Iter 80 of 180 Loss: 0.394144, L1(Flow): 0.359121, Reg: 0.035023
Iter 90 of 180 Loss: 0.398087, L1(Flow): 0.365491, Reg: 0.032597
Iter 100 of 180 Loss: 0.422218, L1(Flow): 0.386433, Reg: 0.035785
Iter 110 of 180 Loss: 0.429605, L1(Flow): 0.393957, Reg: 0.035648
Iter 120 of 180 Loss: 0.432362, L1(Flow): 0.394344, Reg: 0.038018
Iter 130 of 180 Loss: 0.418663, L1(Flow): 0.382247, Reg: 0.036416
Iter 140 of 180 Loss: 0.420547, L1(Flow): 0.382984, Reg: 0.037564
Iter 150 of 180 Loss: 0.427091, L1(Flow): 0.392231, Reg: 0.034860
Iter 160 of 180 Loss: 0.400024, L1(Flow): 0.366432, Reg: 0.033592
Iter 170 of 180 Loss: 0.404953, L1(Flow): 0.370297, Reg: 0.034656
Iter 180 of 180 Loss: 0.422783, L1(Flow): 0.389539, Reg: 0.033244
Epoch 395 Loss: 0.416681
Epoch 395 Validation: Mean EPE: 2.3933, Mean SSIM: 0.4412, Mean ZNCC: 0.6036
Epoch 396 starts
Iter 10 of 180 Loss: 0.412607, L1(Flow): 0.376140, Reg: 0.036468
Iter 20 of 180 Loss: 0.445770, L1(Flow): 0.409650, Reg: 0.036119
Iter 30 of 180 Loss: 0.420501, L1(Flow): 0.384846, Reg: 0.035655
Iter 40 of 180 Loss: 0.413252, L1(Flow): 0.374883, Reg: 0.038369
Iter 50 of 180 Loss: 0.388042, L1(Flow): 0.354513, Reg: 0.033529
Iter 60 of 180 Loss: 0.429791, L1(Flow): 0.390688, Reg: 0.039103
Iter 70 of 180 Loss: 0.399561, L1(Flow): 0.366032, Reg: 0.033529
Iter 80 of 180 Loss: 0.441674, L1(Flow): 0.406964, Reg: 0.034710
Iter 90 of 180 Loss: 0.432417, L1(Flow): 0.394617, Reg: 0.037800
Iter 100 of 180 Loss: 0.423795, L1(Flow): 0.386702, Reg: 0.037094
Iter 110 of 180 Loss: 0.387215, L1(Flow): 0.353962, Reg: 0.033253
Iter 120 of 180 Loss: 0.397110, L1(Flow): 0.362629, Reg: 0.034480
Iter 130 of 180 Loss: 0.411377, L1(Flow): 0.377439, Reg: 0.033938
Iter 140 of 180 Loss: 0.439070, L1(Flow): 0.405290, Reg: 0.033780
Iter 150 of 180 Loss: 0.411317, L1(Flow): 0.377087, Reg: 0.034230
Iter 160 of 180 Loss: 0.406585, L1(Flow): 0.372305, Reg: 0.034280
Iter 170 of 180 Loss: 0.414315, L1(Flow): 0.379945, Reg: 0.034371
Iter 180 of 180 Loss: 0.405915, L1(Flow): 0.371210, Reg: 0.034705
Epoch 396 Loss: 0.416799
Epoch 396 Validation: Mean EPE: 2.3994, Mean SSIM: 0.4409, Mean ZNCC: 0.6036
Epoch 397 starts
Iter 10 of 180 Loss: 0.413428, L1(Flow): 0.378154, Reg: 0.035273
Iter 20 of 180 Loss: 0.414126, L1(Flow): 0.375304, Reg: 0.038822
Iter 30 of 180 Loss: 0.403292, L1(Flow): 0.369071, Reg: 0.034220
Iter 40 of 180 Loss: 0.441837, L1(Flow): 0.404395, Reg: 0.037442
Iter 50 of 180 Loss: 0.406010, L1(Flow): 0.368977, Reg: 0.037033
Iter 60 of 180 Loss: 0.433978, L1(Flow): 0.396462, Reg: 0.037516
Iter 70 of 180 Loss: 0.399636, L1(Flow): 0.366673, Reg: 0.032963
Iter 80 of 180 Loss: 0.400413, L1(Flow): 0.364943, Reg: 0.035470
Iter 90 of 180 Loss: 0.421965, L1(Flow): 0.382771, Reg: 0.039194
Iter 100 of 180 Loss: 0.446642, L1(Flow): 0.411663, Reg: 0.034980
Iter 110 of 180 Loss: 0.420379, L1(Flow): 0.384581, Reg: 0.035799
Iter 120 of 180 Loss: 0.408682, L1(Flow): 0.372420, Reg: 0.036261
Iter 130 of 180 Loss: 0.394934, L1(Flow): 0.361600, Reg: 0.033334
Iter 140 of 180 Loss: 0.407177, L1(Flow): 0.371129, Reg: 0.036049
Iter 150 of 180 Loss: 0.390871, L1(Flow): 0.356154, Reg: 0.034717
Iter 160 of 180 Loss: 0.388841, L1(Flow): 0.353334, Reg: 0.035507
Iter 170 of 180 Loss: 0.410570, L1(Flow): 0.375379, Reg: 0.035192
Iter 180 of 180 Loss: 0.418810, L1(Flow): 0.383375, Reg: 0.035435
Epoch 397 Loss: 0.413233
Epoch 397 Validation: Mean EPE: 2.3961, Mean SSIM: 0.4415, Mean ZNCC: 0.6037
Epoch 398 starts
Iter 10 of 180 Loss: 0.416273, L1(Flow): 0.381381, Reg: 0.034892
Iter 20 of 180 Loss: 0.394165, L1(Flow): 0.359451, Reg: 0.034714
Iter 30 of 180 Loss: 0.397718, L1(Flow): 0.361507, Reg: 0.036211
Iter 40 of 180 Loss: 0.419270, L1(Flow): 0.381645, Reg: 0.037625
Iter 50 of 180 Loss: 0.387008, L1(Flow): 0.352987, Reg: 0.034021
Iter 60 of 180 Loss: 0.374459, L1(Flow): 0.343369, Reg: 0.031090
Iter 70 of 180 Loss: 0.425456, L1(Flow): 0.390600, Reg: 0.034856
Iter 80 of 180 Loss: 0.464548, L1(Flow): 0.428177, Reg: 0.036371
Iter 90 of 180 Loss: 0.396117, L1(Flow): 0.363027, Reg: 0.033091
Iter 100 of 180 Loss: 0.414381, L1(Flow): 0.378771, Reg: 0.035609
Iter 110 of 180 Loss: 0.408811, L1(Flow): 0.372800, Reg: 0.036011
Iter 120 of 180 Loss: 0.405971, L1(Flow): 0.366818, Reg: 0.039153
Iter 130 of 180 Loss: 0.441748, L1(Flow): 0.403317, Reg: 0.038431
Iter 140 of 180 Loss: 0.399699, L1(Flow): 0.361323, Reg: 0.038376
Iter 150 of 180 Loss: 0.392779, L1(Flow): 0.355927, Reg: 0.036853
Iter 160 of 180 Loss: 0.394836, L1(Flow): 0.360850, Reg: 0.033986
Iter 170 of 180 Loss: 0.417729, L1(Flow): 0.382784, Reg: 0.034945
Iter 180 of 180 Loss: 0.409607, L1(Flow): 0.370301, Reg: 0.039307
Epoch 398 Loss: 0.414008
Epoch 398 Validation: Mean EPE: 2.3935, Mean SSIM: 0.4414, Mean ZNCC: 0.6035
Epoch 399 starts
Iter 10 of 180 Loss: 0.422399, L1(Flow): 0.386464, Reg: 0.035935
Iter 20 of 180 Loss: 0.396500, L1(Flow): 0.360151, Reg: 0.036350
Iter 30 of 180 Loss: 0.412856, L1(Flow): 0.377053, Reg: 0.035802
Iter 40 of 180 Loss: 0.412467, L1(Flow): 0.379412, Reg: 0.033055
Iter 50 of 180 Loss: 0.434317, L1(Flow): 0.401876, Reg: 0.032441
Iter 60 of 180 Loss: 0.399966, L1(Flow): 0.364429, Reg: 0.035537
Iter 70 of 180 Loss: 0.421552, L1(Flow): 0.382134, Reg: 0.039417
Iter 80 of 180 Loss: 0.426156, L1(Flow): 0.390948, Reg: 0.035208
Iter 90 of 180 Loss: 0.407334, L1(Flow): 0.372931, Reg: 0.034403
Iter 100 of 180 Loss: 0.409910, L1(Flow): 0.373926, Reg: 0.035984
Iter 110 of 180 Loss: 0.401563, L1(Flow): 0.365336, Reg: 0.036226
Iter 120 of 180 Loss: 0.434085, L1(Flow): 0.397363, Reg: 0.036723
Iter 130 of 180 Loss: 0.418551, L1(Flow): 0.380794, Reg: 0.037757
Iter 140 of 180 Loss: 0.397289, L1(Flow): 0.361805, Reg: 0.035484
Iter 150 of 180 Loss: 0.421159, L1(Flow): 0.384734, Reg: 0.036425
Iter 160 of 180 Loss: 0.403873, L1(Flow): 0.370256, Reg: 0.033616
Iter 170 of 180 Loss: 0.403315, L1(Flow): 0.370462, Reg: 0.032853
Iter 180 of 180 Loss: 0.422054, L1(Flow): 0.384469, Reg: 0.037585
Epoch 399 Loss: 0.413984
Epoch 399 Validation: Mean EPE: 2.3925, Mean SSIM: 0.4410, Mean ZNCC: 0.6036
